sample_time,epoch,run_id,host,level_id,phase_state,clients,rows_per_commit,row_bytes,target_wal_mbps,network_latency_ms,wal_records,wal_fpi,wal_bytes,wal_buffers_full,wal_stats_reset,wal_write_time_ms,wal_sync_time_ms,xact_commit,xact_rollback,tup_inserted,tup_updated,tup_deleted,blks_read,blks_hit,blk_read_time_ms,blk_write_time_ms,current_wal_lsn,insert_lsn,active_backends,interval_sec,wal_bytes_delta,wal_bytes_per_sec,wal_mb_per_sec,commits_delta,commits_per_sec,rows_inserted_delta,rows_inserted_per_sec,rows_updated_per_sec,rows_deleted_per_sec,lsn_bytes_per_sec,wal_sync_time_delta_ms,repl_state,sent_lsn,write_lsn,replay_lsn,send_lag_bytes,write_lag_bytes,flush_lag_bytes,replay_lag_bytes,write_lag_sec,flush_lag_sec,replay_lag_sec,d_replay_lag_bytes_per_sec,slot_active,retained_wal_bytes,wal_status,cpu_pct,mem_used_pct,disk_read_bytes_per_sec,disk_write_bytes_per_sec,disk_read_iops,disk_write_iops,net_sent_bytes_per_sec,net_recv_bytes_per_sec,data_volume_free_gb,db_connected
2026-09-13T22:20:10.235115+00:00,1789338010.235115,F_lat_centralindia_rep2,r3-pub,idle,idle,0,0,0,0,0,2318836665,22057649,810378670308,61127,1789156079.537691,6007943.464,192964.18600000002,91020573,89338889,433563879,8329,22890,16055216,4885209554,11084516.811,798577.434,17B/35122370,17B/35122370,1,1.0068771839141846,0,0.0,0.0,204,202.60663689583293,0,0.0,0.0,0.0,55.61750816748355,0.0,streaming,17B/35122370,17B/35122370,17B/35122370,0,0,0,0,0.210130,0.210130,0.210130,0.0,True,56,reserved,1.2,35.9,0.0,244081.4072721564,0.0,27.808754083741775,1215.6398213749976,387.33621759497476,1003.27,1
2026-09-13T22:20:11.243048+00:00,1789338011.2430482,F_lat_centralindia_rep2,r3-pub,idle,idle,0,0,0,0,0,2318836665,22057649,810378670308,61127,1789156079.537691,6007943.464,192964.18600000002,91020576,89338889,433563879,8329,22890,16055216,4885209554,11084516.811,798577.434,17B/35122370,17B/35122370,1,1.0079331398010254,0,0.0,0.0,3,2.9763878986975523,0,0.0,0.0,0.0,0.0,0.0,streaming,17B/35122370,17B/35122370,17B/35122370,0,0,0,0,0.210130,0.210130,0.210130,0.0,True,56,reserved,0.2,35.9,0.0,0.0,0.0,0.0,6276.209949053572,16866.198092619463,1003.27,1
2026-09-13T22:20:12.248314+00:00,1789338012.2483146,F_lat_centralindia_rep2,r3-pub,idle,idle,0,0,0,0,0,2318836665,22057649,810378670308,61127,1789156079.537691,6007943.464,192964.18600000002,91020579,89338889,433563879,8329,22890,16055216,4885209554,11084516.811,798577.434,17B/35122370,17B/35122370,1,1.0052664279937744,0,0.0,0.0,3,2.984283485908453,0,0.0,0.0,0.0,0.0,0.0,streaming,17B/35122370,17B/35122370,17B/35122370,0,0,0,0,0.210130,0.210130,0.210130,0.0,True,56,reserved,0.0,35.9,0.0,32596.333755416064,0.0,4.973805809847422,0.0,0.0,1003.27,1
2026-09-13T22:20:13.253983+00:00,1789338013.253984,F_lat_centralindia_rep2,r3-pub,idle,idle,0,0,0,0,0,2318836665,22057649,810378670308,61127,1789156079.537691,6007943.464,192964.18600000002,91020584,89338889,433563879,8329,22890,16055216,4885209609,11084516.811,798577.434,17B/35122370,17B/35122370,1,1.005669355392456,0,0.0,0.0,5,4.97181302501634,0,0.0,0.0,0.0,0.0,0.0,streaming,17B/35122370,17B/35122370,17B/35122370,0,0,0,0,0.210130,0.210130,0.210130,0.0,True,56,reserved,0.4,35.9,0.0,77385.27537177433,0.0,8.949263445029413,1581.0365419551963,2769.2998549341014,1003.27,1
2026-09-13T22:20:14.255916+00:00,1789338014.2559164,F_lat_centralindia_rep2,r3-pub,idle,idle,0,0,0,0,0,2318836665,22057649,810378670308,61127,1789156079.537691,6007943.464,192964.18600000002,91020592,89338889,433563879,8329,22890,16055216,4885210401,11084516.811,798577.434,17B/35122370,17B/35122370,1,1.0019323825836182,0,0.0,0.0,8,7.984570754536267,0,0.0,0.0,0.0,0.0,0.0,streaming,17B/35122370,17B/35122370,17B/35122370,0,0,0,0,0.210130,0.210130,0.210130,0.0,True,56,reserved,2.3,35.9,4088.1002263225687,28616.701584257982,0.9980713443170334,3.9922853772681335,4003.264162055621,2018.1002582090416,1003.27,1
2026-09-13T22:20:15.259353+00:00,1789338015.2593536,F_lat_centralindia_rep2,r3-pub,idle,idle,0,0,0,0,0,2318836665,22057649,810378670308,61127,1789156079.537691,6007943.464,192964.18600000002,91020595,89338889,433563879,8329,22890,16055216,4885210401,11084516.811,798577.434,17B/35122370,17B/35122370,1,1.0034372806549072,0,0.0,0.0,3,2.989723481314157,0,0.0,0.0,0.0,0.0,0.0,streaming,17B/35122370,17B/35122370,17B/35122370,0,0,0,0,0.210130,0.210130,0.210130,0.0,True,56,reserved,0.2,35.9,0.0,0.0,0.0,0.0,476.3626080227223,469.38658656632265,1003.27,1
2026-09-13T22:20:16.263855+00:00,1789338016.263856,F_lat_centralindia_rep2,r3-pub,idle,idle,0,0,0,0,0,2318836665,22057649,810378670308,61127,1789156079.537691,6007943.464,192964.18600000002,91020598,89338889,433563879,8329,22890,16055216,4885210401,11084516.811,798577.434,17B/35122370,17B/35122370,1,1.004502296447754,0,0.0,0.0,3,2.986553650110083,0,0.0,0.0,0.0,0.0,0.0,streaming,17B/35122370,17B/35122370,17B/35122370,0,0,0,0,0.210130,0.210130,0.210130,0.0,True,56,reserved,0.0,35.9,0.0,77475.18375538904,0.0,3.9820715334801107,1065.2041352059296,2083.618929893468,1003.27,1
2026-09-13T22:20:17.271462+00:00,1789338017.270919,F_lat_centralindia_rep2,r3-pub,F01,drain,0,0,0,0,0,2318836747,22057654,810378676635,61127,1789156079.537691,6007948.083,192964.18600000002,91020610,89338889,433563879,8336,22890,16055216,4885211565,11084516.811,798577.434,17B/35124660,17B/35124660,1,1.0070631504058838,6327,6282.624875560172,0.005991577983436748,12,11.915836653504355,0,0.0,6.950904714544207,0.0,8881.270252411914,0.0,streaming,17B/35124660,17B/35123FF8,17B/35123FF8,0,1640,1640,1640,0.407640,0.407640,0.407640,1628.4976759789286,True,9000,reserved,7.3,35.9,4067.2722443961534,793118.0876572499,0.9929863877920296,92.34773406465875,8466.201942314845,2017.7483399934042,1005.2,1
2026-09-13T22:20:18.277437+00:00,1789338018.2774372,F_lat_centralindia_rep2,r3-pub,F01,drain,0,0,0,0,0,2318836759,22057654,810378678975,61127,1789156079.537691,6007948.083,192964.18600000002,91020620,89338889,433563879,8336,22890,16055221,4885212085,11084516.901,798577.434,17B/35124660,17B/35124660,1,1.0065181255340576,2340,2324.8463595808553,0.002217146262722831,10,9.935240852909637,0,0.0,0.0,0.0,0.0,0.0,streaming,17B/35124660,17B/35124660,17B/35124660,0,0,0,0,0.407640,0.407640,0.407640,-1629.3794998771805,True,9000,reserved,0.0,35.9,0.0,85458.96772038753,0.0,5.961144511745783,3199.1475546369034,2780.8739147294073,1005.2,1
2026-09-13T22:20:19.284720+00:00,1789338019.2847204,F_lat_centralindia_rep2,r3-pub,F01,drain,0,0,0,0,0,2318836759,22057654,810378678975,61127,1789156079.537691,6007948.083,192964.18600000002,91020623,89338889,433563879,8336,22890,16055221,4885212085,11084516.901,798577.434,17B/35124660,17B/35124660,1,1.0072832107543945,0,0.0,0.0,3,2.9783083525766108,0,0.0,0.0,0.0,0.0,0.0,streaming,17B/35124660,17B/35124660,17B/35124660,0,0,0,0,0.407640,0.407640,0.407640,0.0,True,9000,reserved,0.0,35.9,0.0,4066.383670717933,0.0,0.9927694508588704,0.0,0.0,1005.2,1
2026-09-13T22:20:20.292114+00:00,1789338020.292114,F_lat_centralindia_rep2,r3-pub,F01,drain,0,0,0,0,0,2318836759,22057654,810378678975,61127,1789156079.537691,6007948.083,192964.18600000002,91020626,89338889,433563879,8336,22890,16055221,4885212085,11084516.901,798577.434,17B/35124660,17B/35124660,1,1.0073935985565186,0,0.0,0.0,3,2.977981996608537,0,0.0,0.0,0.0,0.0,0.0,streaming,17B/35124660,17B/35124660,17B/35124660,0,0,0,0,0.407640,0.407640,0.407640,0.0,True,9000,reserved,0.2,35.9,0.0,4065.938086036189,0.0,0.9926606655361789,3254.9343222931307,824.9010130605648,1005.2,1
2026-09-13T22:20:21.295640+00:00,1789338021.2956402,F_lat_centralindia_rep2,r3-pub,F01,drain,0,0,0,0,0,2318836759,22057654,810378678975,61127,1789156079.537691,6007948.083,192964.18600000002,91020629,89338889,433563879,8336,22890,16055221,4885212085,11084516.901,798577.434,17B/35124660,17B/35124660,1,1.003526210784912,0,0.0,0.0,3,2.9894585390585244,0,0.0,0.0,0.0,0.0,0.0,streaming,17B/35124660,17B/35124660,17B/35124660,0,0,0,0,0.407640,0.407640,0.407640,0.0,True,9000,reserved,0.0,35.9,0.0,0.0,0.0,0.0,1089.159394396989,355.7455661479644,1005.2,1
2026-09-13T22:20:22.302065+00:00,1789338022.3020651,F_lat_centralindia_rep2,r3-pub,F01,drain,0,0,0,0,0,2318836759,22057654,810378678975,61127,1789156079.537691,6007948.083,192964.18600000002,91020632,89338889,433563879,8336,22890,16055221,4885212085,11084516.901,798577.434,17B/35124660,17B/35124660,1,1.006424903869629,0,0.0,0.0,3,2.9808483359913125,0,0.0,0.0,0.0,0.0,0.0,streaming,17B/35124660,17B/35124660,17B/35124660,0,0,0,0,0.407640,0.407640,0.407640,0.0,True,9000,reserved,0.0,35.9,0.0,8139.703189480278,0.0,1.9872322239942084,322.92523639905886,209.65299963138898,1005.2,1
2026-09-13T22:20:23.307073+00:00,1789338023.307073,F_lat_centralindia_rep2,r3-pub,F01,drain,0,0,0,0,0,2318836759,22057654,810378678975,61127,1789156079.537691,6007948.083,192964.18600000002,91020635,89338889,433563879,8336,22890,16055221,4885212085,11084516.901,798577.434,17B/35124660,17B/35124660,1,1.0050079822540283,0,0.0,0.0,3,2.9850509179754083,0,0.0,0.0,0.0,0.0,0.0,streaming,17B/35124660,17B/35124660,17B/35124660,0,0,0,0,0.407640,0.407640,0.407640,0.0,True,9000,reserved,0.0,35.9,0.0,12226.768560027273,0.0,2.9850509179754083,2175.107102231414,591.0400817591308,1005.2,1
2026-09-13T22:20:24.313268+00:00,1789338024.3132687,F_lat_centralindia_rep2,r3-pub,F01,drain,0,0,0,0,0,2318836759,22057654,810378678975,61127,1789156079.537691,6007948.083,192964.18600000002,91020638,89338889,433563879,8336,22890,16055221,4885212085,11084516.901,798577.434,17B/35124660,17B/35124660,1,1.0061955451965332,0,0.0,0.0,3,2.9815278097002813,0,0.0,0.0,0.0,0.0,0.0,streaming,17B/35124660,17B/35124660,17B/35124660,0,0,0,0,0.407640,0.407640,0.407640,0.0,True,9000,reserved,0.0,35.9,0.0,8141.558605688235,0.0,0.9938426032334271,2172.5399306682716,590.3425063206557,1005.2,1
2026-09-13T22:20:25.319987+00:00,1789338025.3199878,F_lat_centralindia_rep2,r3-pub,F01,drain,0,0,0,0,0,2318836759,22057654,810378678975,61127,1789156079.537691,6007948.083,192964.18600000002,91020641,89338889,433563879,8336,22890,16055221,4885212085,11084516.901,798577.434,17B/35124660,17B/35124660,1,1.0067191123962402,0,0.0,0.0,3,2.9799771982666137,0,0.0,0.0,0.0,0.0,0.0,streaming,17B/35124660,17B/35124660,17B/35124660,0,0,0,0,0.407640,0.407640,0.407640,0.0,True,9000,reserved,0.2,35.9,0.0,4068.662201366683,0.0,0.9933257327555378,2973.023918137325,16001.48422895896,1005.2,1
2026-09-13T22:20:26.326259+00:00,1789338026.3262596,F_lat_centralindia_rep2,r3-pub,F01,drain,0,0,0,0,0,2318836759,22057654,810378678975,61127,1789156079.537691,6007948.083,192964.18600000002,91020644,89338889,433563879,8336,22890,16055221,4885212085,11084516.901,798577.434,17B/35124660,17B/35124660,1,1.0062718391418457,0,0.0,0.0,3,2.981301754959591,0,0.0,0.0,0.0,0.0,0.0,streaming,17B/35124660,17B/35124660,17B/35124660,0,0,0,0,0.407640,0.407640,0.407640,0.0,True,9000,reserved,0.2,35.9,0.0,0.0,0.0,0.0,2417.8357232722283,1128.919597878032,1005.2,1
2026-09-13T22:20:27.333164+00:00,1789338027.333164,F_lat_centralindia_rep2,r3-pub,F01,drain,0,0,0,0,0,2318836759,22057654,810378678975,61127,1789156079.537691,6007948.083,192964.18600000002,91020647,89338889,433563879,8336,22890,16055221,4885212085,11084516.901,798577.434,17B/35124660,17B/35124660,1,1.0069043636322021,0,0.0,0.0,3,2.979428939187543,0,0.0,0.0,0.0,0.0,0.0,streaming,17B/35124660,17B/35124660,17B/35124660,0,0,0,0,0.407640,0.407640,0.407640,0.0,True,9000,reserved,0.0,35.9,0.0,12203.740934912175,0.0,2.979428939187543,2171.0105536879896,589.9269299591335,1005.2,1
2026-09-13T22:20:28.336088+00:00,1789338028.336089,F_lat_centralindia_rep2,r3-pub,F01,drain,0,0,0,0,0,2318836759,22057654,810378678975,61127,1789156079.537691,6007949.504,192964.18600000002,91020650,89338889,433563879,8336,22890,16055221,4885212085,11084516.901,798577.434,17B/35124698,17B/35124698,1,1.002924919128418,0,0.0,0.0,3,2.9912508332200187,0,0.0,0.0,0.0,55.836682220107015,0.0,streaming,17B/35124698,17B/35124698,17B/35124698,0,0,0,0,,,,0.0,True,56,reserved,0.0,35.9,0.0,134773.79754156116,0.0,23.93000666576015,621.1830896986905,2657.22782351045,1005.2,1
2026-09-13T22:20:29.341151+00:00,1789338029.3411515,F_lat_centralindia_rep2,r3-pub,F01,drain,0,0,0,0,0,2318836759,22057654,810378678975,61127,1789156079.537691,6007949.504,192964.18600000002,91020653,89338889,433563879,8336,22890,16055221,4885212085,11084516.901,798577.434,17B/35124698,17B/35124698,1,1.0050625801086426,0,0.0,0.0,3,2.9848887615293704,0,0.0,0.0,0.0,0.0,0.0,streaming,17B/35124698,17B/35124698,17B/35124698,0,0,0,0,,,,0.0,True,56,reserved,0.0,35.9,32602.944979264805,52979.785591305306,0.9949629205097902,5.969777523058741,2174.9889442344015,591.0079747828154,1005.2,1
2026-09-13T22:20:30.347823+00:00,1789338030.3478231,F_lat_centralindia_rep2,r3-pub,F01,drain,0,0,0,0,0,2318836759,22057654,810378678975,61127,1789156079.537691,6007949.504,192964.18600000002,91020656,89338889,433563879,8336,22890,16055221,4885212085,11084516.901,798577.434,17B/35124698,17B/35124698,1,1.006671667098999,0,0.0,0.0,3,2.980117647142414,0,0.0,0.0,0.0,0.0,0.0,streaming,17B/35124698,17B/35124698,17B/35124698,0,0,0,0,,,,0.0,True,56,reserved,0.2,35.9,0.0,0.0,0.0,0.0,1957.9372941725658,354.6340000099472,1005.2,1
2026-09-13T22:20:31.351890+00:00,1789338031.3518903,F_lat_centralindia_rep2,r3-pub,F01,drain,0,0,0,0,0,2318836759,22057654,810378678975,61127,1789156079.537691,6007949.504,192964.18600000002,91020659,89338889,433563879,8336,22890,16055221,4885212085,11084516.901,798577.434,17B/35124698,17B/35124698,1,1.0040671825408936,0,0.0,0.0,3,2.987847877278686,0,0.0,0.0,0.0,0.0,0.0,streaming,17B/35124698,17B/35124698,17B/35124698,0,0,0,0,,,,0.0,True,56,reserved,0.0,35.9,0.0,28555.858112444832,0.0,2.987847877278686,212.1371992867867,236.03998230501622,1005.2,1
2026-09-13T22:20:32.358845+00:00,1789338032.358845,F_lat_centralindia_rep2,r3-pub,F01,drain,0,0,0,0,0,2318836759,22057654,810378678975,61127,1789156079.537691,6007949.504,192964.18600000002,91020662,89338889,433563879,8336,22890,16055221,4885212085,11084516.901,798577.434,17B/35124698,17B/35124698,1,1.0069546699523926,0,0.0,0.0,3,2.979280090276393,0,0.0,0.0,0.0,0.0,0.0,streaming,17B/35124698,17B/35124698,17B/35124698,0,0,0,0,,,,0.0,True,56,reserved,0.0,35.9,0.0,0.0,0.0,0.0,5319.008054506788,915.6320810782782,1005.2,1
2026-09-13T22:20:33.361204+00:00,1789338033.3612041,F_lat_centralindia_rep2,r3-pub,F01,drain,0,0,0,0,0,2318836759,22057654,810378678975,61127,1789156079.537691,6007949.504,192964.18600000002,91020665,89338889,433563879,8336,22890,16055221,4885212085,11084516.901,798577.434,17B/35124698,17B/35124698,1,1.00235915184021,0,0.0,0.0,3,2.9929392019740266,0,0.0,0.0,0.0,0.0,0.0,streaming,17B/35124698,17B/35124698,17B/35124698,0,0,0,0,,,,0.0,True,56,reserved,0.0,35.9,0.0,36777.23691385684,0.0,6.983524804606062,876.9311861783898,119.71756807896105,1005.2,1
2026-09-13T22:20:34.368024+00:00,1789338034.368024,F_lat_centralindia_rep2,r3-pub,F01,drain,0,0,0,0,0,2318836759,22057654,810378678975,61127,1789156079.537691,6007949.504,192964.18600000002,91020668,89338889,433563879,8336,22890,16055221,4885212085,11084516.901,798577.434,17B/35124698,17B/35124698,1,1.0068199634552002,0,0.0,0.0,3,2.979678700156693,0,0.0,0.0,0.0,0.0,0.0,streaming,17B/35124698,17B/35124698,17B/35124698,0,0,0,0,,,,0.0,True,56,reserved,0.0,35.9,0.0,142388.9128181545,0.0,30.790013234952493,1296.1602345681615,470.7892346247575,1005.2,1
2026-09-13T22:20:35.374967+00:00,1789338035.3749676,F_lat_centralindia_rep2,r3-pub,F01,drain,0,0,0,0,0,2318836759,22057654,810378678975,61127,1789156079.537691,6007949.504,192964.18600000002,91020671,89338889,433563879,8336,22890,16055221,4885212085,11084516.901,798577.434,17B/35124698,17B/35124698,1,1.0069434642791748,0,0.0,0.0,3,2.9793132449075124,0,0.0,0.0,0.0,0.0,0.0,streaming,17B/35124698,17B/35124698,17B/35124698,0,0,0,0,,,,0.0,True,56,reserved,0.4,35.9,0.0,4067.7556837137236,0.0,0.9931044149691708,2168.9400422926687,589.9040224916874,1005.2,1
2026-09-13T22:20:36.382391+00:00,1789338036.3823917,F_lat_centralindia_rep2,r3-pub,F01,drain,0,0,0,0,0,2318836759,22057654,810378678975,61127,1789156079.537691,6007949.504,192964.18600000002,91020674,89338889,433563879,8336,22890,16055221,4885212085,11084516.901,798577.434,17B/35124698,17B/35124698,1,1.0074241161346436,0,0.0,0.0,3,2.9778917855476927,0,0.0,0.0,0.0,0.0,0.0,streaming,17B/35124698,17B/35124698,17B/35124698,0,0,0,0,,,,0.0,True,56,reserved,0.0,35.9,0.0,0.0,0.0,0.0,0.0,0.0,1005.2,1
2026-09-13T22:20:37.389086+00:00,1789338037.3890867,F_lat_centralindia_rep2,r3-pub,F01,drain,0,0,0,0,0,2318836759,22057654,810378678975,61127,1789156079.537691,6007949.504,192964.18600000002,91020677,89338889,433563879,8336,22890,16055221,4885212085,11084516.901,798577.434,17B/35124698,17B/35124698,1,1.006695032119751,0,0.0,0.0,3,2.980048479709927,0,0.0,0.0,0.0,0.0,0.0,streaming,17B/35124698,17B/35124698,17B/35124698,0,0,0,0,,,,0.0,True,56,reserved,0.0,35.9,0.0,8137.519048594574,0.0,1.9866989864732847,2169.475293228827,530.448629388367,1005.2,1
2026-09-13T22:20:38.395310+00:00,1789338038.3953102,F_lat_centralindia_rep2,r3-pub,F01,drain,0,0,0,0,0,2318836760,22057654,810378679025,61127,1789156079.537691,6007949.504,192964.18600000002,91020680,89338889,433563879,8336,22890,16055221,4885212085,11084516.901,798577.434,17B/35124698,17B/35124698,1,1.006223440170288,50,49.690752574337026,4.738879449304297e-05,3,2.9814451544602214,0,0.0,0.0,0.0,0.0,0.0,streaming,17B/35124698,17B/35124698,17B/35124698,0,0,0,0,,,,0.0,True,56,reserved,0.4,35.9,0.0,4070.6664508896893,0.0,0.9938150514867405,2224.158085227325,742.3798434605951,1005.2,1
2026-09-13T22:20:39.401572+00:00,1789338039.401572,F_lat_centralindia_rep2,r3-pub,F01,drain,0,0,0,0,0,2318836760,22057654,810378679025,61127,1789156079.537691,6007949.504,192964.18600000002,91020683,89338889,433563879,8336,22890,16055221,4885212085,11084516.901,798577.434,17B/35124698,17B/35124698,1,1.0062618255615234,0,0.0,0.0,3,2.9813314226900265,0,0.0,0.0,0.0,0.0,0.0,streaming,17B/35124698,17B/35124698,17B/35124698,0,0,0,0,,,,0.0,True,56,reserved,0.0,35.9,0.0,52916.645198466176,0.0,5.962662845380053,0.0,0.0,1005.2,1
2026-09-13T22:20:40.407593+00:00,1789338040.4075933,F_lat_centralindia_rep2,r3-pub,F01,drain,0,0,0,0,0,2318836760,22057654,810378679025,61127,1789156079.537691,6007949.504,192964.18600000002,91020686,89338889,433563879,8336,22890,16055221,4885212085,11084516.901,798577.434,17B/35124698,17B/35124698,1,1.00602126121521,0,0.0,0.0,3,2.9820443321209633,0,0.0,0.0,0.0,0.0,0.0,streaming,17B/35124698,17B/35124698,17B/35124698,0,0,0,0,,,,0.0,True,56,reserved,0.2,35.9,0.0,4071.4845281224884,0.0,0.9940147773736544,4114.227163549555,16307.806437592175,1005.2,1
2026-09-13T22:20:41.413812+00:00,1789338041.4138122,F_lat_centralindia_rep2,r3-pub,F01,drain,0,0,0,0,0,2318836760,22057654,810378679025,61127,1789156079.537691,6007949.504,192964.18600000002,91020689,89338889,433563879,8336,22890,16055221,4885212085,11084516.901,798577.434,17B/35124698,17B/35124698,1,1.0062189102172852,0,0.0,0.0,3,2.981458576794361,0,0.0,0.0,0.0,0.0,0.0,streaming,17B/35124698,17B/35124698,17B/35124698,0,0,0,0,,,,0.0,True,56,reserved,0.0,35.9,0.0,0.0,0.0,0.0,3255.752765859442,885.4931973079252,1005.2,1
2026-09-13T22:20:42.420117+00:00,1789338042.4201171,F_lat_centralindia_rep2,r3-pub,F01,drain,0,0,0,0,0,2318836760,22057654,810378679025,61127,1789156079.537691,6007949.504,192964.18600000002,91020692,89338889,433563879,8336,22890,16055221,4885212085,11084516.901,798577.434,17B/35124698,17B/35124698,1,1.0063049793243408,0,0.0,0.0,3,2.9812035731098914,0,0.0,0.0,0.0,0.0,0.0,streaming,17B/35124698,17B/35124698,17B/35124698,0,0,0,0,,,,0.0,True,56,reserved,0.0,35.9,0.0,12211.009835458115,0.0,2.9812035731098914,0.0,0.0,1005.2,1
2026-09-13T22:20:43.426410+00:00,1789338043.42641,F_lat_centralindia_rep2,r3-pub,F01,drain,0,0,0,0,0,2318836760,22057654,810378679025,61127,1789156079.537691,6007949.504,192964.18600000002,91020695,89338889,433563879,8336,22890,16055221,4885212085,11084516.901,798577.434,17B/35124698,17B/35124698,1,1.0062928199768066,0,0.0,0.0,3,2.981239595915178,0,0.0,0.0,0.0,0.0,0.0,streaming,17B/35124698,17B/35124698,17B/35124698,0,0,0,0,,,,0.0,True,56,reserved,0.0,35.9,0.0,0.0,0.0,0.0,1520.4321939167407,2758.640372753511,1005.2,1
2026-09-13T22:20:44.432548+00:00,1789338044.4325488,F_lat_centralindia_rep2,r3-pub,F01,drain,0,0,0,0,0,2318836760,22057654,810378679025,61127,1789156079.537691,6007949.504,192964.18600000002,91020698,89338889,433563879,8336,22890,16055221,4885212085,11084516.901,798577.434,17B/35124698,17B/35124698,1,1.006138801574707,0,0.0,0.0,3,2.9816959601445667,0,0.0,0.0,0.0,0.0,0.0,streaming,17B/35124698,17B/35124698,17B/35124698,0,0,0,0,,,,0.0,True,56,reserved,0.2,35.9,0.0,24426.05330550429,0.0,3.975594613526089,3256.011988477867,885.5637001629364,1005.2,1
2026-09-13T22:20:45.437733+00:00,1789338045.437734,F_lat_centralindia_rep2,r3-pub,F01,drain,0,0,0,0,0,2318836760,22057654,810378679025,61127,1789156079.537691,6007949.504,192964.18600000002,91020701,89338889,433563879,8336,22890,16055221,4885212085,11084516.901,798577.434,17B/35124698,17B/35124698,1,1.0051851272583008,0,0.0,0.0,3,2.9845248588015516,0,0.0,0.0,0.0,0.0,0.0,streaming,17B/35124698,17B/35124698,17B/35124698,0,0,0,0,,,,0.0,True,56,reserved,0.0,35.9,0.0,77422.55420379066,0.0,5.969049717603103,0.0,0.0,1005.2,1
2026-09-13T22:20:46.444030+00:00,1789338046.44403,F_lat_centralindia_rep2,r3-pub,F01,drain,0,0,0,0,0,2318836760,22057654,810378679025,61127,1789156079.537691,6007949.504,192964.18600000002,91020704,89338889,433563879,8336,22890,16055221,4885212085,11084516.901,798577.434,17B/35124698,17B/35124698,1,1.006296157836914,0,0.0,0.0,3,2.9812297072152756,0,0.0,0.0,0.0,0.0,0.0,streaming,17B/35124698,17B/35124698,17B/35124698,0,0,0,0,,,,0.0,True,56,reserved,0.0,35.9,0.0,4070.3722935845894,0.0,0.9937432357384252,4184.652765694508,433.2720507819534,1005.2,1
2026-09-13T22:20:47.450304+00:00,1789338047.4503045,F_lat_centralindia_rep2,r3-pub,F01,drain,0,0,0,0,0,2318836760,22057654,810378679025,61127,1789156079.537691,6007949.504,192964.18600000002,91020727,89338889,433563879,8336,22890,16055221,4885212130,11084516.901,798577.434,17B/35124698,17B/35124698,1,1.0062744617462158,0,0.0,0.0,23,22.85658721785254,0,0.0,0.0,0.0,0.0,0.0,streaming,17B/35124698,17B/35124698,17B/35124698,0,0,0,0,,,,0.0,True,56,reserved,0.0,35.9,0.0,0.0,0.0,0.0,3650.097602224886,1138.854302246044,1005.2,1
2026-09-13T22:20:48.479036+00:00,1789338048.4563866,F_lat_centralindia_rep2,r3-pub,F01,load,16,1,1000,6,207.0,2318836760,22057654,810378679025,61127,1789156079.537691,6007949.504,192964.18600000002,91020733,89338889,433563879,8336,22890,16055221,4885212273,11084516.901,798577.434,17B/35124698,17B/35124698,1,1.0060820579528809,0,0.0,0.0,6,5.963728259112842,0,0.0,0.0,0.0,0.0,0.0,streaming,17B/35124698,17B/35124698,17B/35124698,0,0,0,0,,,,0.0,True,56,reserved,26.7,36.5,32569.907932434937,77353.53133953297,0.9939547098521404,5.963728259112842,527.7899509314866,1171.8726029156735,1005.2,1
2026-09-13T22:20:49.461199+00:00,1789338049.4611995,F_lat_centralindia_rep2,r3-pub,F01,load,16,1,1000,6,207.0,2318836761,22057654,810378679083,61127,1789156079.537691,6007982.541,192964.18600000002,91020753,89338889,433563879,8336,22890,16055221,4885212800,11084516.901,798577.434,17B/3563BA20,17B/35689920,1,1.0048129558563232,58,57.72218566844727,5.504816595883109e-05,20,19.90420195463699,0,0.0,0.0,0.0,5312423.540011831,0.0,streaming,17B/35639B90,17B/35431FF8,17B/35431AE8,7824,2136616,2229328,2137912,0.225605,0.365809,0.225605,2127671.6104620937,True,5338048,reserved,28.4,36.9,0.0,8205754.067903336,0.0,43.789244300201375,5299086.729492126,127032.59771488419,1005.2,1
2026-09-13T22:20:50.461727+00:00,1789338050.461727,F_lat_centralindia_rep2,r3-pub,F01,load,16,1,1000,6,207.0,2318863200,22057657,810385496530,61127,1789156079.537691,6008016.652,192964.18600000002,91025106,89338889,433568232,8336,22890,16055221,4885260686,11084516.901,798587.492,17B/35C51BA0,17B/35D0BC30,1,1.0005273818969727,6817447,6813853.497017049,6.4981970758600704,4353,4350.705516671448,4353,4350.705516671448,0.0,0.0,6378588.048135167,0.0,streaming,17B/35C4FC30,17B/35B49B98,17B/35B49B98,8048,1081352,2389408,1081352,0.224259,0.279167,0.224259,-1056003.0830908306,True,11720000,reserved,1.8,36.8,0.0,14770578.264415529,0.0,67.96415693399001,6394786.505362067,303439.9712523436,1005.19,1
2026-09-13T22:20:51.462228+00:00,1789338051.462228,F_lat_centralindia_rep2,r3-pub,F01,load,16,1,1000,6,207.0,2318889928,22057657,810392366041,61127,1789156079.537691,6008062.323,192964.18600000002,91029515,89338889,433572633,8336,22890,16055221,4885307689,11084516.901,798596.943,17B/36407B90,17B/364ECC60,1,1.0005011558532715,6869511,6866070.028816087,6.547994641128623,4409,4406.791510640295,4401,4398.795517878871,0.0,0.0,8081437.940073482,0.0,streaming,17B/36405D00,17B/36301C70,17B/36301B68,7824,1072928,2481464,1073192,0.210123,0.300164,0.210123,-8155.912616653393,True,19805488,reserved,5.2,36.9,0.0,8106017.621822102,0.0,16.991484618027904,8129952.6266543325,319139.06159127597,1005.19,1
2026-09-13T22:20:52.462444+00:00,1789338052.4624443,F_lat_centralindia_rep2,r3-pub,F01,load,16,1,1000,6,207.0,2318922861,22057657,810400822788,61127,1789156079.537691,6008105.507,192964.18600000002,91034938,89338889,433578053,8336,22890,16055221,4885365102,11084516.901,798607.973,17B/36C30000,17B/36D13318,1,1.0002162456512451,8456747,8454918.660608012,8.063238773925793,5423,5421.827553369782,5420,5418.82820196648,0.0,0.0,8551734.724555213,0.0,streaming,17B/36C2DFF0,17B/36B2BFE8,17B/36B2B4D0,8208,1064984,1748208,1067824,0.224873,0.224873,0.224873,-5366.8394443092375,True,28359072,reserved,2.5,36.9,0.0,18026693.805858158,0.0,45.990054850638025,8518037.011539109,339136.6631714114,1005.18,1
2026-09-13T22:20:53.462611+00:00,1789338053.4626112,F_lat_centralindia_rep2,r3-pub,F01,load,16,1,1000,6,207.0,2318955868,22057657,810409319645,61127,1789156079.537691,6008149.908,192964.18600000002,91040366,89338889,433583478,8336,22890,16055221,4885422565,11084516.901,798619.222,17B/37427F38,17B/3752B8E8,1,1.000166893005371,8496857,8495439.170624867,8.10188214361655,5428,5427.094255929196,5425,5424.094756524666,0.0,0.0,8354245.734821707,0.0,streaming,17B/37425FF0,17B/3731FC80,17B/3731FB78,8008,1082040,1906768,1082304,0.224295,0.224295,0.224295,14477.583792530353,True,36714712,reserved,6.6,36.9,0.0,16782607.100263074,0.0,39.99332539373026,8525067.225909676,338315.53750318236,1005.17,1
2026-09-13T22:20:54.463170+00:00,1789338054.4631705,F_lat_centralindia_rep2,r3-pub,F01,load,16,1,1000,6,207.0,2318988994,22057658,810417795575,61127,1789156079.537691,6008195.052,192964.18600000002,91045842,89338889,433588951,8336,22890,16055221,4885480894,11084516.901,798630.223,17B/37C58000,17B/37D5CBA8,1,1.0005593299865723,8475930,8471191.808399556,8.078758057021671,5476,5472.938821202626,5473,5469.94049825456,0.0,0.0,8580616.603830198,0.0,streaming,17B/37C53B50,17B/37B4DFB8,17B/37B4CE80,17584,1089608,2248472,1094016,0.224409,0.309333,0.224409,11705.452789248568,True,46356896,reserved,7.5,36.9,0.0,9706187.03853407,0.0,20.988260636460033,8672345.297221355,348111.2909163261,1005.16,1
2026-09-13T22:20:55.463633+00:00,1789338055.463634,F_lat_centralindia_rep2,r3-pub,F01,load,16,1,1000,6,207.0,2319022131,22057658,810426338648,61127,1789156079.537691,6008236.973,192964.18600000002,91051292,89338889,433594398,8336,22890,16055221,4885538549,11084516.901,798641.358,17B/38437BA0,17B/384EC0B0,1,1.0004634857177734,8543073,8539115.242042892,8.143534891169445,5450,5447.475173059362,5447,5444.476562872356,0.0,0.0,8252591.041917446,0.0,streaming,17B/38435D28,17B/38329FE8,17B/38329FE8,7800,1104824,2273824,1104824,0.224974,0.293353,0.224974,10802.992967050564,True,53556544,reserved,4.4,36.9,0.0,13232139.092515027,0.0,24.988418225042942,8112839.814615342,347277.04205089883,1005.16,1
2026-09-13T22:20:56.464356+00:00,1789338056.4643157,F_lat_centralindia_rep2,r3-pub,F01,load,16,1,1000,6,207.0,2319052346,22057658,810434110782,61127,1789156079.537691,6008276.1,192964.18600000002,91056269,89338889,433599372,8336,22890,16055221,4885591483,11084516.901,798652.24,17B/38B7E000,17B/38C4EAF0,1,1.0006816387176514,7772134,7766839.82126403,7.407035657180815,4977,4973.60979499724,4974,4970.611838520448,0.0,0.0,7622676.088845727,0.0,streaming,17B/38B7BE40,17B/38A71F78,17B/38A71A70,8640,1097864,1664640,1099152,0.224891,0.224891,0.224891,-5668.136378787291,True,61184416,reserved,3.1,36.9,32745.67927716889,16037196.425993463,0.9993188255971951,25.98228946552707,7693979.485689739,307857.1526452511,1005.15,1
2026-09-13T22:20:57.464538+00:00,1789338057.4645383,F_lat_centralindia_rep2,r3-pub,F01,load,16,1,1000,6,207.0,2319082289,22057658,810441785968,61127,1789156079.537691,6008315.055,192964.18600000002,91061220,89338889,433604320,8336,22890,16055221,4885644380,11084516.901,798662.471,17B/3921A000,17B/392EA8B8,1,1.0002226829528809,7675186,7673477.247427679,7.317998168399504,4951,4949.897742154319,4948,4946.898410054448,0.0,0.0,6928889.054525155,0.0,streaming,17B/39215ED0,17B/3910BFC8,17B/3910B428,16688,1105976,2419536,1108952,0.067697,0.067697,0.067697,9797.818192913011,True,68114848,reserved,1.9,36.9,0.0,15336104.910872756,0.0,25.994211532218195,7001167.959245221,273383.122239072,1005.14,1
2026-09-13T22:20:58.465065+00:00,1789338058.465044,F_lat_centralindia_rep2,r3-pub,F01,load,16,1,1000,6,207.0,2319108861,22057658,810448578676,61127,1789156079.537691,6008358.712,192964.18600000002,91065619,89338889,433608441,8336,22890,16055221,4885689126,11084516.901,798671.133,17B/39932000,17B/39969488,1,1.0005056858062744,6792708,6789274.760118911,6.474756965750609,4399,4396.776612473713,4121,4118.917122074146,0.0,0.0,7434576.440218519,0.0,streaming,17B/3992FC80,17B/39727FF0,17B/39727AE8,9088,2138128,2644696,2139416,0.224719,0.253665,0.224719,1029943.1723564701,True,75553184,reserved,3.7,36.9,0.0,7442764.299734179,0.0,13.992923976956575,7554413.840146315,256956.06096713274,1005.14,1
2026-09-13T22:20:59.465504+00:00,1789338059.465504,F_lat_centralindia_rep2,r3-pub,F01,load,16,1,1000,6,207.0,2319135338,22057659,810455354403,61127,1789156079.537691,6008394.848,192964.18600000002,91069999,89338889,433613093,8336,22890,16055221,4885737777,11084516.901,798680.776,17B/39F62000,17B/39F7AE58,1,1.000459909439087,6775727,6772612.211716556,6.458866321293407,4380,4377.986522674027,4652,4649.861484812688,0.0,0.0,6485081.4498279765,0.0,streaming,17B/39F5FD38,17B/39D4FE80,17B/39D4F8B0,8904,2171264,2962736,2172752,0.224483,0.224483,0.224483,33320.675506817664,True,82041248,reserved,3.7,36.9,0.0,14898492.042881317,0.0,24.988507549509286,6533996.953126292,264427.38734860526,1005.13,1
2026-09-13T22:21:00.466816+00:00,1789338060.4668074,F_lat_centralindia_rep2,r3-pub,F01,load,16,1,1000,6,207.0,2319159805,22057659,810461628248,61127,1789156079.537691,6008430.558999999,192964.18600000002,91074041,89338889,433617132,8336,22890,16055221,4885780910,11084516.901,798690.379,17B/3A536A50,17B/3A581D88,1,1.0013034343719482,6273845,6265678.099801156,5.975416278649479,4042,4036.738376449573,4039,4033.7422816625003,0.0,0.0,6105913.342677018,0.0,streaming,17B/3A535D60,17B/3A323FF8,17B/3A323FF8,3312,2173528,2898720,2173528,0.225375,0.225375,0.225375,774.9898515895271,True,88155120,reserved,4.8,36.9,0.0,14534143.697537795,0.0,25.96615482129859,6138394.006263675,297116.7278444468,1005.13,1
2026-09-13T22:21:01.466907+00:00,1789338061.466907,F_lat_centralindia_rep2,r3-pub,F01,load,16,1,1000,6,207.0,2319184221,22057659,810467919680,61127,1789156079.537691,6008460.928,192964.18600000002,91078063,89338889,433621151,8336,22890,16055221,4885823581,11084516.901,798700.807,17B/3AA62000,17B/3AB4CA00,1,1.0000996589660645,6291432,6290805.064871522,5.999379219886324,4022,4021.5992115806484,4019,4018.599510527754,0.0,0.0,5419923.855992364,0.0,streaming,17B/3AA5FC70,17B/3A94DE70,17B/3A94DE70,9104,1130896,2128544,1130896,0.225991,0.225991,0.225991,-1042528.1027271891,True,93575584,reserved,6.7,36.9,0.0,13826718.043575713,0.0,17.998206317367398,5391573.681341457,213948.6780959501,1005.12,1
2026-09-13T22:21:02.468155+00:00,1789338062.4681242,F_lat_centralindia_rep2,r3-pub,F01,load,16,1,1000,6,207.0,2319207505,22057659,810473932185,61127,1789156079.537691,6008501.574,192964.18600000002,91081890,89338889,433624973,8336,22890,16055221,4885864276,11084516.901,798709.448,17B/3B102000,17B/3B1035C0,1,1.0012171268463135,6012505,6005195.914834683,5.727001108965571,3827,3822.347717976506,3822,3817.353796212753,0.0,0.0,6938371.122237438,0.0,streaming,17B/3B0AC620,17B/3AF93D88,17B/3AF93D88,350688,1499768,1881592,1499768,0.225297,0.247546,0.225297,368423.5817678154,True,100522400,reserved,5.3,36.9,0.0,6967008.267199503,0.0,15.98054964400943,6826892.8054895345,253065.98659382784,1005.12,1
2026-09-13T22:21:03.468834+00:00,1789338063.4688346,F_lat_centralindia_rep2,r3-pub,F01,load,16,1,1000,6,207.0,2319230769,22057659,810479909422,61127,1789156079.537691,6008531.516,192964.18600000002,91085708,89338889,433628789,8336,22890,16055221,4885904819,11084516.901,798717.63,17B/3B636000,17B/3B6C2318,1,1.0007104873657227,5977237,5972993.263750559,5.69629026770645,3818,3815.2892851663123,3816,3813.290705132176,0.0,0.0,5451998.424001807,0.0,streaming,17B/3B61FF48,17B/3B51FDB0,17B/3B51F210,90296,1139280,1606336,1142256,0.224662,0.265411,0.224662,-357258.17258207925,True,105978272,reserved,2.5,36.9,0.0,13842836.839319903,0.0,18.986510324295427,5461270.836070183,225083.08131448814,1005.11,1
2026-09-13T22:21:04.469670+00:00,1789338064.4696698,F_lat_centralindia_rep2,r3-pub,F01,load,16,1,1000,6,207.0,2319254041,22057659,810485924910,61127,1789156079.537691,6008566.76,192964.18600000002,91089547,89338889,433632625,8336,22890,16055221,4885945941,11084516.901,798725.399,17B/3BC72000,17B/3BC72148,1,1.0008351802825928,6015488,6010468.175490679,5.732029128542594,3839,3835.7964184632597,3836,3832.798921913275,0.0,0.0,6531760.8021674175,0.0,streaming,17B/3BC07F60,17B/3BA4DFF8,17B/3BA4D3C8,434336,2244616,2336664,2247736,0.225382,0.225382,0.225382,1104557.4953588862,True,112512760,reserved,1.9,36.9,0.0,15052516.435070027,0.0,37.96828963313463,6489486.109157472,203191.29863378665,1005.11,1
2026-09-13T22:21:05.470029+00:00,1789338065.470011,F_lat_centralindia_rep2,r3-pub,F01,load,16,1,1000,6,207.0,2319277248,22057659,810491872767,61127,1789156079.537691,6008604.879,192964.18600000002,91093383,89338889,433636459,8336,22890,16055221,4885986907,11084516.901,798733.131,17B/3C218000,17B/3C26A760,2,1.0003411769866943,5947857,5945828.420176202,5.670383854080393,3836,3834.6916914438116,3834,3832.6923735650607,0.0,0.0,5920795.960675305,0.0,streaming,17B/3C211C88,17B/3BFFFF00,17B/3BFFFE40,25464,2195712,2197472,2195904,0.225160,0.262860,0.225160,-51814.32214570272,True,118435576,reserved,6.0,36.9,0.0,14331110.554884901,0.0,20.99283772688218,5968795.584308351,238385.66829601963,1005.1,1
2026-09-13T22:21:06.470950+00:00,1789338066.4709504,F_lat_centralindia_rep2,r3-pub,F01,load,16,1,1000,6,207.0,2319300762,22057660,810497911287,61127,1789156079.537691,6008642.177,192964.18600000002,91097272,89338889,433640345,8336,22890,16055221,4886028816,11084516.901,798742.379,17B/3C832E88,17B/3C8BDDF8,2,1.0009393692016602,6038520,6032852.923765269,5.75337688805129,3889,3885.3502216641054,3886,3882.353037126951,0.0,0.0,6395664.110110799,0.0,streaming,17B/3C831FD0,17B/3C725F70,17B/3C725F70,3768,1101592,2016032,1101592,0.223532,0.223532,0.223532,-1093285.0017407278,True,124837248,reserved,8.0,37.1,0.0,6400131.913194183,0.0,12.987799661001123,5823108.950793712,254374.04885280607,1005.1,1
2026-09-13T22:21:07.471371+00:00,1789338067.471372,F_lat_centralindia_rep2,r3-pub,F01,load,16,1,1000,6,207.0,2319324376,22057660,810503958938,61127,1789156079.537691,6008674.289,192964.18600000002,91101176,89338889,433644246,8336,22890,16055221,4886071021,11084516.901,798751.585,17B/3CE58000,17B/3CE9ED28,5,1.0004215240478516,6047651,6045102.843779611,5.765059322146999,3904,3902.3550634974804,3901,3899.356327536801,0.0,0.0,6440669.103088793,0.0,streaming,17B/3CE55F68,17B/3CD53C70,17B/3CD53C70,8344,1065872,2810720,1065872,0.225921,0.225921,0.225921,-35704.94950515625,True,131280632,reserved,15.8,37.1,0.0,14829461.025561048,0.0,45.98061806375105,6489424.551494827,258149.18391104823,1005.09,1
2026-09-13T22:21:08.472157+00:00,1789338068.4721575,F_lat_centralindia_rep2,r3-pub,F01,load,16,1,1000,6,207.0,2319361275,22057663,810511025677,61127,1789156079.537691,6008710.971000001,192964.18600000002,91105159,89338889,433648270,8349,22941,16055221,4886154855,11084516.901,798760.404,17B/3D41A000,17B/3D4AD5F0,3,1.0007855892181396,7066739,7061191.803851678,6.734077266551664,3983,3979.8734543247224,4024,4020.8412704500834,12.98979535682184,50.95996639983953,6032764.725076407,0.0,streaming,17B/3D417C58,17B/3D315E98,17B/3D315840,9128,1065320,1472256,1066944,0.225770,0.263242,0.225770,1071.158509424078,True,137318136,reserved,4.7,36.9,0.0,14553942.57962802,0.0,36.970956015569854,5938779.558809691,232485.3620062326,1005.09,1
2026-09-13T22:21:09.472803+00:00,1789338069.4728036,F_lat_centralindia_rep2,r3-pub,F01,load,16,1,1000,6,207.0,2319385299,22057663,810517178283,61127,1789156079.537691,6008743.692000001,192964.18600000002,91109127,89338889,433652235,8349,22941,16055221,4886197497,11084516.901,798769.686,17B/3DA20000,17B/3DA8FAE0,2,1.0006461143493652,6152606,6148633.279808931,5.863793639954501,3968,3965.4378736882936,3965,3962.4398107797592,0.0,0.0,6311953.75610565,0.0,streaming,17B/3DA1DE60,17B/3D91DBD0,17B/3D91DBD0,8608,1057840,1612872,1057840,0.226157,0.226157,0.226157,-9098.121573099352,True,143634168,reserved,4.8,36.9,0.0,6340607.242676818,0.0,15.989668845517313,6396916.860224912,246221.91248921255,1005.08,1
2026-09-13T22:21:10.472877+00:00,1789338070.472877,F_lat_centralindia_rep2,r3-pub,F01,load,16,1,1000,6,207.0,2319409189,22057663,810523262970,61127,1789156079.537691,6008778.177,192964.18600000002,91113070,89338889,433656175,8349,22941,16055221,4886239640,11084516.901,798778.762,17B/3E026000,17B/3E0655C0,3,1.0000734329223633,6084687,6084240.216460546,5.802383629284425,3943,3942.7104752477703,3940,3939.710695530361,0.0,0.0,6315568.229368533,0.0,streaming,17B/3DFFFEE8,17B/3DE23FE0,17B/3DE23FE0,155928,2105376,2794000,2105376,0.054066,0.054066,0.054066,1047459.0820185514,True,149950200,reserved,5.6,36.9,0.0,14494679.613317275,0.0,30.99772374655868,6241719.652285361,262074.75508485647,1005.07,1
2026-09-13T22:21:11.475698+00:00,1789338071.4756982,F_lat_centralindia_rep2,r3-pub,F01,load,16,1,1000,6,207.0,2319433208,22057663,810529381818,61127,1789156079.537691,6008813.146000001,192964.18600000002,91117026,89338889,433660127,8349,22941,16055221,4886281956,11084516.901,798787.415,17B/3E620000,17B/3E64EA48,1,1.0028212070465088,6118848,6101634.027087563,5.818971659743846,3956,3944.8707029752004,3952,3940.881956056115,0.0,0.0,6249249.573069066,0.0,streaming,17B/3E61BD38,17B/3E417BE8,17B/3E417BE8,17096,2130968,2882096,2130968,0.052565,0.052565,0.052565,25520.002788306705,True,156217080,reserved,3.3,36.9,0.0,8528387.65265896,0.0,73.79181800307504,6459005.807302996,214536.7474164536,1005.07,1
2026-09-13T22:21:12.476315+00:00,1789338072.4763155,F_lat_centralindia_rep2,r3-pub,F01,load,16,1,1000,6,207.0,2319457208,22057664,810535528118,61127,1789156079.537691,6008840.609,192964.18600000002,91120995,89338889,433664094,8349,22941,16055221,4886324107,11084516.901,798796.191,17B/3EB2A000,17B/3EC2F800,1,1.000617265701294,6146300,6142508.440219943,5.8579525377463755,3969,3966.551583754935,3967,3964.5528175247737,0.0,0.0,5280580.478787522,0.0,streaming,17B/3EB27D98,17B/3EA25BC0,17B/3EA25020,8808,1066048,1983576,1069024,0.051642,0.051642,0.051642,-1061288.9027611616,True,161500920,reserved,2.9,36.9,0.0,9177567.002667926,0.0,45.971623293707985,5453201.925489166,246103.08900417524,1005.06,1
2026-09-13T22:21:13.476591+00:00,1789338073.476591,F_lat_centralindia_rep2,r3-pub,F01,load,16,1,1000,6,207.0,2319481245,22057664,810541677441,61127,1789156079.537691,6008873.154,192964.18600000002,91124969,89338889,433668064,8349,22941,16055221,4886366692,11084516.901,798804.264,17B/3F116000,17B/3F21B7F8,1,1.0002756118774414,6149323,6147628.640528572,5.86283554127557,3974,3972.9050201884893,3970,3968.906122332235,0.0,0.0,6207825.049683229,0.0,streaming,17B/3F113FD8,17B/3EFFFC38,17B/3EFFF730,8232,1139656,1145616,1140944,0.122478,0.122478,0.122478,71900.18345544946,True,167710456,reserved,6.9,36.9,0.0,6236489.149516859,0.0,13.996142496889496,6283468.201532132,247960.6590972146,1005.06,1
2026-09-13T22:21:14.476796+00:00,1789338074.4767962,F_lat_centralindia_rep2,r3-pub,F01,load,16,1,1000,6,207.0,2319505518,22057664,810547889707,61127,1789156079.537691,6008906.289000001,192964.18600000002,91128983,89338889,433672075,8349,22941,16055221,4886409219,11084516.901,798812.227,17B/3F73A000,17B/3F80DED0,1,1.0002050399780273,6212266,6210992.498234634,5.923264024958262,4014,4013.1771382477536,4011,4010.1777532415895,0.0,0.0,6437592.036270334,0.0,streaming,17B/3F737C28,17B/3F62DFE8,17B/3F62DAE0,9176,1097752,1370400,1099040,0.091522,0.091522,0.091522,-41895.409766102115,True,174149368,reserved,4.4,36.9,0.0,15602560.851265887,0.0,31.993440065751898,6383947.035640084,243643.04343572742,1005.05,1
2026-09-13T22:21:15.477265+00:00,1789338075.4772651,F_lat_centralindia_rep2,r3-pub,F01,load,16,1,1000,6,207.0,2319529839,22057664,810554124254,61127,1789156079.537691,6008965.7870000005,192964.18600000002,91132997,89338889,433676086,8349,22941,16055221,4886452052,11084516.901,798820.442,17B/3FD66000,17B/3FE0E868,1,1.0004689693450928,6234547,6231624.559111649,5.942940291511201,4014,4012.1184394430197,4011,4009.1198456915677,0.0,0.0,6468646.403132686,0.0,streaming,17B/3FD63F58,17B/3FC5BE48,17B/3FC5B830,8360,1089976,2579112,1091536,0.053294,0.053294,0.053294,-7500.482503632392,True,180621048,reserved,6.0,36.9,0.0,15090778.887308279,0.0,21.989687510649336,6526435.301910672,247364.99340104582,1005.05,1
2026-09-13T22:21:16.477934+00:00,1789338076.4779344,F_lat_centralindia_rep2,r3-pub,F01,load,16,1,1000,6,207.0,2319554389,22057664,810560419985,61127,1789156079.537691,6008999.44,192964.18600000002,91137047,89338889,433680134,8349,22941,16055221,4886495592,11084516.901,798828.471,17B/40412000,17B/40417C88,1,1.000669240951538,6295731,6291520.456862828,6.000061470854595,4050,4047.2913868611054,4048,4045.2927244478406,0.0,0.0,6991289.14300146,0.0,streaming,17B/4031BC10,17B/40201E70,17B/40200D00,1008624,2163088,2363328,2167552,0.225184,0.225184,0.225184,1075296.367635738,True,187617016,reserved,4.1,36.9,0.0,7081340.876693516,0.0,17.98796171938269,6186637.648733141,219936.8092804789,1005.04,1
2026-09-13T22:21:17.478764+00:00,1789338077.478764,F_lat_centralindia_rep2,r3-pub,F01,load,16,1,1000,6,207.0,2319578927,22057664,810566725175,61127,1789156079.537691,6009035.224,192964.18600000002,91141088,89338889,433684172,8349,22941,16055221,4886538616,11084516.901,798837.368,17B/4094C000,17B/40A27430,1,1.0008296966552734,6305190,6299962.941818826,6.0081128519237765,4041,4037.649975320312,4038,4034.6524623468003,0.0,0.0,5475904.66021882,0.0,streaming,17B/40949ED8,17B/4083FFE0,17B/4083F478,8488,1097760,1657480,1100680,0.225848,0.265055,0.225848,-1065987.5536921385,True,193097464,reserved,3.1,36.9,0.0,13857558.430120273,0.0,19.98341982341159,6324120.898043348,264878.2314173383,1005.04,1
2026-09-13T22:21:18.479020+00:00,1789338078.4790206,F_lat_centralindia_rep2,r3-pub,F01,load,16,1,1000,6,207.0,2319603629,22057665,810573068569,61127,1789156079.537691,6009069.659,192964.18600000002,91145147,89338889,433688228,8349,22941,16055221,4886581706,11084516.901,798846.742,17B/40F92000,17B/4103FED0,1,1.0002565383911133,6343394,6341767.093273076,6.047980397484852,4059,4057.9589777326487,4056,4054.959747150437,0.0,0.0,6576488.878124031,0.0,streaming,17B/40F8FB40,17B/40E85DF0,17B/40E85DF0,9408,1098256,2063144,1098256,0.226240,0.226240,0.226240,-2423.3783104271843,True,199675640,reserved,2.3,36.9,0.0,14979325.228006044,0.0,21.994357602886986,6575003.259242309,259082.53538320723,1005.03,1
2026-09-13T22:21:19.479387+00:00,1789338079.4793248,F_lat_centralindia_rep2,r3-pub,F01,load,16,1,1000,6,207.0,2319628421,22057665,810579446131,61127,1789156079.537691,6009111.369,192964.18600000002,91149211,89338889,433692289,8349,22941,16055221,4886625136,11084516.901,798856.79,17B/41636000,17B/4164D2B8,1,1.0003042221069336,6377562,6375622.394722065,6.080267328950944,4064,4062.7640173706613,4061,4059.7649297594135,0.0,0.0,6961082.2848807555,0.0,streaming,17B/41633FF8,17B/41421D68,17B/41421D68,8200,2179736,2838928,2179736,0.216970,0.261517,0.216970,1081151.0899375055,True,5148472,reserved,4.2,36.9,0.0,15437223.655294381,0.0,37.98844307580835,6983443.482110221,236325.10467873333,1005.03,1
2026-09-13T22:21:20.479916+00:00,1789338080.4798815,F_lat_centralindia_rep2,r3-pub,F01,load,16,1,1000,6,207.0,2319653042,22057665,810585766548,61127,1789156079.537691,6009138.275,192964.18600000002,91153272,89338889,433696347,8349,22941,16055221,4886668723,11084516.901,798865.609,17B/41B6BDB0,17B/41C60BE8,1,1.0005567073822021,6320417,6316900.334950898,6.024265608740709,4061,4058.7404692183436,4058,4055.742138411238,0.0,0.0,5460432.137119252,0.0,streaming,17B/41B69EB8,17B/41A5DFD8,17B/41A5D9C0,7928,1105368,2126288,1106928,0.225320,0.225320,0.225320,-1072211.0921697102,True,10611944,reserved,2.9,36.9,0.0,5469211.249722457,0.0,10.993879626053134,5476892.973250261,252174.6125315997,1005.02,1
2026-09-13T22:21:21.480232+00:00,1789338081.480232,F_lat_centralindia_rep2,r3-pub,F01,load,16,1,1000,6,207.0,2319677736,22057665,810592141958,61127,1789156079.537691,6009177.541,192964.18600000002,91157338,89338889,433700409,8349,22941,16055221,4886711634,11084516.901,798874.702,17B/4221A000,17B/4227C148,1,1.0003504753112793,6375410,6373176.35903173,6.077934607536059,4066,4064.5754666481084,4062,4060.5768680581937,0.0,0.0,7002297.8674752265,0.0,streaming,17B/42215FE8,17B/42109F10,17B/42109900,16408,1114352,1867632,1115904,0.225438,0.247692,0.225438,8972.85523576818,True,17616696,reserved,4.8,36.9,0.0,15424226.189524984,0.0,24.99124118696574,6940798.421512693,269460.56072610203,1005.02,1
2026-09-13T22:21:22.481130+00:00,1789338082.4811306,F_lat_centralindia_rep2,r3-pub,F01,load,16,1,1000,6,207.0,2319702353,22057665,810598503472,61127,1789156079.537691,6009214.225000001,192964.18600000002,91161390,89338889,433704458,8349,22941,16055221,4886758191,11084516.901,798883.24,17B/42858000,17B/42889420,1,1.0008985996246338,6361514,6355802.678099213,6.06136577424928,4052,4048.362143297651,4049,4045.364836676256,0.0,0.0,6539531.579377491,0.0,streaming,17B/42855DA8,17B/4263FCC0,17B/4263FCC0,8792,2196288,2236368,2196288,0.225336,0.225336,0.225336,1079414.0389497753,True,24162104,reserved,4.6,36.9,0.0,14928792.992220955,0.0,20.981146349765712,6556778.081676998,214410.33095708437,1005.01,1
2026-09-13T22:21:23.481599+00:00,1789338083.4815996,F_lat_centralindia_rep2,r3-pub,F01,load,16,1,1000,6,207.0,2319726891,22057665,810604815926,61127,1789156079.537691,6009245.316000001,192964.18600000002,91165434,89338889,433708500,8349,22941,16055221,4886805239,11084516.901,798891.449,17B/42E8C000,17B/42E8C348,1,1.0004689693450928,6312454,6309495.040243112,6.017203369372474,4044,4042.1043769575417,4042,4040.1053144565735,0.0,0.0,6501399.043148547,0.0,streaming,17B/42DEAEF0,17B/42C75BC0,17B/42C75BC0,659728,2188352,2635896,2188352,0.225082,0.264283,0.225082,-7932.280003841506,True,30666552,reserved,4.1,36.9,0.0,14894263.04721311,0.0,21.989687510649336,6096192.072796061,257699.14699980055,1005.0,1
2026-09-13T22:21:24.482234+00:00,1789338084.4822347,F_lat_centralindia_rep2,r3-pub,F01,load,16,1,1000,6,207.0,2319751324,22057666,810611105437,61127,1789156079.537691,6009282.693,192964.18600000002,91169462,89338889,433712525,8349,22941,16055221,4886852323,11084516.901,798899.635,17B/43428000,17B/43487290,1,1.0006351470947266,6289511,6285518.771013741,5.994337817205182,4028,4025.443251413878,4025,4022.4451556456947,0.0,0.0,5878122.527554177,0.0,streaming,17B/43425FE0,17B/43319CA8,17B/43319CA8,8224,1106776,2309896,1106776,0.217246,0.265065,0.217246,-1080889.4761894778,True,36548408,reserved,3.5,36.9,0.0,6025484.930751914,0.0,19.987305121220842,6340193.044807585,266737.5823994846,1005.0,1
2026-09-13T22:21:25.482512+00:00,1789338085.4825122,F_lat_centralindia_rep2,r3-pub,F01,load,16,1,1000,6,207.0,2319775717,22057666,810617372633,61127,1789156079.537691,6009316.734,192964.18600000002,91173481,89338889,433716541,8349,22941,16055221,4886895276,11084516.901,798908.391,17B/43A4F708,17B/43A7E178,1,1.0002775192260742,6267196,6265457.215162647,5.975205626642844,4019,4017.884959675536,4016,4014.8857920022274,0.0,0.0,6451209.665286447,0.0,streaming,17B/43A4DCA0,17B/4383DBE8,17B/4383DBE8,6760,2169632,2565624,2169632,0.225491,0.262458,0.225491,1062561.1188606373,True,43001408,reserved,3.9,36.9,0.0,14839785.674164599,0.0,20.994173713159057,6485848.052468044,227809.77840660446,1004.99,1
2026-09-13T22:21:26.482889+00:00,1789338086.4828897,F_lat_centralindia_rep2,r3-pub,F01,load,16,1,1000,6,207.0,2319800034,22057666,810623589222,61127,1789156079.537691,6009349.388,192964.18600000002,91177484,89338889,433720540,8349,22941,16055221,4886935608,11084516.901,798916.821,17B/44074000,17B/440740F0,1,1.0003774166107178,6216589,6214243.641226754,5.92636455652881,4003,4001.489771292697,3999,3997.4912803895813,0.0,0.0,6438777.898268471,0.0,streaming,17B/43FEC330,17B/43E63D58,17B/43E63300,556240,2163368,2851816,2166016,0.224962,0.224962,0.224962,-3614.635776416286,True,49442616,reserved,4.3,36.9,0.0,14862870.505788168,0.0,22.99132269291332,6012973.603882087,245955.17243243204,1004.99,1
2026-09-13T22:21:27.484195+00:00,1789338087.4841855,F_lat_centralindia_rep2,r3-pub,F01,load,16,1,1000,6,207.0,2319824395,22057666,810629832420,61127,1789156079.537691,6009379.376,192964.18600000002,91181488,89338889,433724542,8349,22941,16055221,4886975958,11084516.901,798925.43,17B/44622000,17B/44669268,1,1.001295804977417,6243198,6235118.5024097925,5.94627237549762,4004,3998.8183113283944,4002,3996.8208995844743,0.0,0.0,5947876.711751849,0.0,streaming,17B/4461FFF8,17B/44517FF8,17B/44517FF8,8200,1089544,2599520,1089544,0.224909,0.224909,0.224909,-1075078.9074006742,True,55398200,reserved,5.5,36.9,0.0,5972420.907261142,0.0,12.9831763354818,6446473.627386845,273272.8916268368,1004.98,1
2026-09-13T22:21:28.484998+00:00,1789338088.4849715,F_lat_centralindia_rep2,r3-pub,F01,load,16,1,1000,6,207.0,2319848642,22057666,810636043053,61127,1789156079.537691,6009412.946,192964.18600000002,91185490,89338889,433728541,8349,22941,16055221,4887016374,11084516.901,798933.599,17B/44C42000,17B/44C59A68,1,1.0007860660552979,6210633,6205754.866751747,5.918269030334232,4002,3998.8566345395857,3999,3995.8589908855083,0.0,0.0,6417483.434112009,0.0,streaming,17B/44C3BC68,17B/44A31BA8,17B/44A31518,25496,2163800,2896008,2165480,0.226017,0.226017,0.226017,1075090.9075312302,True,61820728,reserved,1.9,36.9,0.0,14815873.744569816,0.0,19.984291027184337,6466672.7680463195,211664.61762897426,1004.98,1
2026-09-13T22:21:29.485393+00:00,1789338089.4853935,F_lat_centralindia_rep2,r3-pub,F01,load,16,1,1000,6,207.0,2319872853,22057666,810642249191,61127,1789156079.537691,6009447.181000001,192964.18600000002,91189491,89338889,433732539,8349,22941,16055221,4887056601,11084516.901,798942.269,17B/45206000,17B/4524F128,1,1.0004220008850098,6206138,6203520.109023816,5.916137799285713,4001,3999.3122866755925,3998,3996.3135521442186,0.0,0.0,6043145.787129588,0.0,streaming,17B/45203C08,17B/44FFFED8,17B/44FFF328,9208,2122024,2768976,2125016,0.210340,0.221373,0.210340,-40446.9313591705,True,67866424,reserved,2.3,36.9,0.0,14477346.546944596,0.0,25.98903260524004,6113695.015292866,268914.51783548144,1004.97,1
2026-09-13T22:21:30.485781+00:00,1789338090.4857817,F_lat_centralindia_rep2,r3-pub,F01,load,16,1,1000,6,207.0,2319897216,22057667,810648493072,61127,1789156079.537691,6009481.029,192964.18600000002,91193517,89338889,433736562,8349,22941,16055221,4887097095,11084516.901,798950.299,17B/4582E000,17B/45845FA0,1,1.0003881454467773,6243881,6241458.406338329,5.952318579042749,4026,4024.4379327405686,4023,4021.439096725114,0.0,0.0,6452791.378407467,0.0,streaming,17B/4582BD60,17B/45621BA8,17B/45621B60,8864,2147416,3030376,2147488,0.054218,0.054218,0.054218,22463.280979768024,True,74321720,reserved,4.1,36.9,0.0,14870899.927903503,0.0,21.99146411333644,6515086.198956513,214131.88568356208,1004.97,1
2026-09-13T22:21:31.486389+00:00,1789338091.486389,F_lat_centralindia_rep2,r3-pub,F01,load,16,1,1000,6,207.0,2319921582,22057667,810654729956,61127,1789156079.537691,6009506.996,192964.18600000002,91197545,89338889,433740587,8349,22941,16055221,4887137781,11084516.901,798958.269,17B/45D52000,17B/45E41BE8,1,1.0006072521209717,6236884,6233098.937450008,5.944346368265159,4028,4025.555472900992,4025,4022.5572935517607,0.0,0.0,5387064.693539036,0.0,streaming,17B/45D4FFC8,17B/45C47C68,17B/45C47C68,8248,1090456,1198368,1090456,0.076113,0.076113,0.076113,-1056390.5046254918,True,79712056,reserved,5.0,36.9,0.0,5395251.72194867,0.0,9.993931164103753,5444469.834145648,242247.8944522929,1004.96,1
2026-09-13T22:21:32.486736+00:00,1789338092.486737,F_lat_centralindia_rep2,r3-pub,F01,load,16,1,1000,6,207.0,2319946059,22057667,810660998500,61127,1789156079.537691,6009547.856000001,192964.18600000002,91201588,89338889,433744627,8349,22941,16055221,4887178745,11084516.901,798966.103,17B/46426000,17B/4643E2C0,7,1.0003480911254883,6268544,6266362.734742945,5.976069197409577,4043,4041.5931572891136,4040,4038.594201199114,0.0,0.0,7157316.60160867,0.0,streaming,17B/46423FB8,17B/46215FE0,17B/46215448,8264,2162720,2278520,2165688,0.225429,0.259259,0.225429,1074857.8515207241,True,86871864,reserved,3.1,36.9,0.0,15571667.640685225,0.0,25.9909527799943,7248428.88623097,243278.31697683665,1004.95,1
2026-09-13T22:21:33.487245+00:00,1789338093.4872458,F_lat_centralindia_rep2,r3-pub,F01,load,16,1,1000,6,207.0,2319970591,22057667,810667264771,61127,1789156079.537691,6009578.6110000005,192964.18600000002,91205639,89338889,433748675,8349,22941,16055221,4887219805,11084516.901,798974.131,17B/46950000,17B/46A48678,2,1.0005087852478027,6266271,6263084.435033712,5.972942767175399,4051,4048.9399590795815,4048,4045.941484659132,0.0,0.0,5412158.37366071,0.0,streaming,17B/4694DC40,17B/46845E78,17B/46844E00,9152,1089928,1491096,1094144,0.225320,0.263174,0.225320,-1070999.091461854,True,92286776,reserved,4.4,36.9,0.0,13804688.378202656,0.0,19.989829469659746,5460307.875904279,253191.18006271034,1004.95,1
2026-09-13T22:21:34.487544+00:00,1789338094.4875445,F_lat_centralindia_rep2,r3-pub,F01,load,16,1,1000,6,207.0,2319995227,22057667,810673549016,61127,1789156079.537691,6009610.858,192964.18600000002,91209696,89338889,433752729,8349,22941,16055221,4887260834,11084516.901,798982.696,17B/46F85DD0,17B/4704C9E0,3,1.0002987384796143,6284245,6282368.214871112,5.991333212729561,4057,4055.7883799457377,4054,4052.7892758935227,0.0,0.0,6510135.172116599,0.0,streaming,17B/46F83EF0,17B/46E77D70,17B/46E77D70,7904,1106016,1777136,1106016,0.226294,0.381170,0.226294,11868.454435966429,True,98798856,reserved,4.1,36.9,0.0,9790611.167705266,0.0,25.992235119198714,6580750.076727357,263192.3743102525,1004.95,1
2026-09-13T22:21:35.488185+00:00,1789338095.488149,F_lat_centralindia_rep2,r3-pub,F01,load,16,1,1000,6,207.0,2320019838,22057667,810679836535,61127,1789156079.537691,6009648.279,192964.18600000002,91213751,89338889,433756780,8349,22941,16055221,4887301957,11084516.901,798991.575,17B/47636000,17B/4765DAA8,5,1.0006043910980225,6287519,6283721.1748594595,5.992623495921573,4055,4052.5506744480786,4051,4048.553090552199,0.0,0.0,7008676.018605432,0.0,streaming,17B/47633E28,17B/4741FBB0,17B/4741F050,8664,2188368,2612208,2191280,0.210403,0.263781,0.210403,1084608.4722945055,True,105811768,reserved,4.6,36.9,0.0,12276484.202233156,0.0,21.986711427338527,7078189.00557491,226719.9724668971,1004.94,1
2026-09-13T22:21:36.488483+00:00,1789338096.4884832,F_lat_centralindia_rep2,r3-pub,F01,load,16,1,1000,6,207.0,2320044472,22057668,810686145673,61127,1789156079.537691,6009674.601000001,192964.18600000002,91217821,89338889,433760848,8349,22941,16055221,4887342793,11084516.901,799001.129,17B/47B64000,17B/47C6A3B8,3,1.0003342628479004,6309138,6307029.794259178,6.014852327593974,4070,4068.6400048049127,4068,4066.6406731072198,0.0,0.0,5429481.126176143,0.0,streaming,17B/47B61B50,17B/47A55FE8,17B/47A555D8,9392,1105944,1874960,1108520,0.225441,0.225441,0.225441,-1082398.1944969452,True,111243064,reserved,5.0,36.9,0.0,7837124.3404985955,0.0,47.98396074462796,5489301.130571112,255109.7262963611,1004.93,1
2026-09-13T22:21:37.492328+00:00,1789338097.491299,F_lat_centralindia_rep2,r3-pub,F01,load,16,1,1000,6,207.0,2320069124,22057668,810692452516,61127,1789156079.537691,6009713.794000001,192964.18600000002,91221893,89338889,433764917,8349,22941,16055221,4887383847,11084516.901,799009.244,17B/48216000,17B/48277948,1,1.0028157234191895,6306843,6289134.536598865,5.99778607997786,4072,4060.5665676203735,4069,4057.57499107252,0.0,0.0,7000831.594525493,0.0,streaming,17B/48213FF8,17B/48109DF8,17B/48109818,8200,1098248,2195856,1099752,0.224954,0.224954,0.224954,-8743.38105719436,True,118263608,reserved,2.3,36.9,0.0,11506034.190069027,0.0,39.887687304718796,7065466.600226242,271153.5067209305,1004.93,1
2026-09-13T22:21:38.492212+00:00,1789338098.491705,F_lat_centralindia_rep2,r3-pub,F01,load,16,1,1000,6,207.0,2320093791,22057668,810698772348,61127,1789156079.537691,6009746.247,192964.18600000002,91225971,89338889,433768992,8349,22941,16055221,4887425123,11084516.901,799017.803,17B/48850000,17B/488821D0,1,1.00040602684021,6319832,6317267.020033093,6.024615306885808,4078,4076.3448945628547,4075,4073.3461121490027,0.0,0.0,6526374.116939271,0.0,streaming,17B/4884DBE8,17B/48639FE0,17B/48639F20,9240,2187296,2541272,2187488,0.225163,0.262445,0.225163,1087294.529237916,True,124792632,reserved,4.3,37.0,0.0,6534562.792117363,0.0,12.994723793358782,6590001.282602245,215309.57853216166,1004.92,1
2026-09-13T22:21:39.492243+00:00,1789338099.4922438,F_lat_centralindia_rep2,r3-pub,F01,load,16,1,1000,6,207.0,2320118429,22057668,810705080566,61127,1789156079.537691,6009773.539000001,192964.18600000002,91230042,89338889,433773060,8349,22941,16055221,4887466129,11084516.901,799028.314,17B/48D7C000,17B/48E85648,1,1.0005388259887695,6308218,6304820.798699127,6.012745665263297,4071,4068.8076207106574,4068,4065.8092363180926,0.0,0.0,5420183.464285544,0.0,streaming,17B/48D79F80,17B/48C71D08,17B/48C71160,1089664,2171640,2329344,2174624,0.224908,0.262751,0.224908,-12857.072275318571,True,131297080,reserved,3.9,36.9,0.0,15609637.121843489,0.0,37.979535639156225,5740649.788701423,259744.0431591178,1004.92,1
2026-09-13T22:21:40.493015+00:00,1789338100.4930158,F_lat_centralindia_rep2,r3-pub,F01,load,16,1,1000,6,207.0,2320143013,22057668,810711367602,61127,1789156079.537691,6009812.5540000005,192964.18600000002,91234105,89338889,433777120,8349,22941,16055221,4887507221,11084516.901,799039.313,17B/49428000,17B/4948A290,1,1.0007719993591309,6287036,6282186.156313385,5.9911595881589745,4063,4059.865786214885,4060,4056.868100426392,0.0,0.0,6990571.283449219,0.0,streaming,17B/49423ED8,17B/4931DFE8,17B/4931DAA0,16680,1089560,2062216,1090912,0.210282,0.304839,0.210282,-1082876.0204062283,True,137211704,reserved,1.9,36.9,0.0,14329033.994938944,0.0,22.98225771177513,6824259.67590366,295663.74777619855,1004.91,1
2026-09-13T22:21:41.493833+00:00,1789338101.4938176,F_lat_centralindia_rep2,r3-pub,F01,load,16,1,1000,6,207.0,2320167696,22057668,810717663138,61127,1789156079.537691,6009843.258,192964.18600000002,91238181,89338889,433781192,8349,22941,16055221,4887548508,11084516.901,799049.005,17B/49A5E000,17B/49A8F8D8,1,1.0008018016815186,6295536,6290492.272718155,5.999080918043284,4076,4072.734474649847,4072,4068.7376792870896,0.0,0.0,6507422.337827179,0.0,streaming,17B/49A59FE8,17B/49849CB8,17B/49849108,16408,2179912,2439960,2182904,0.224901,0.263953,0.224901,1091117.1404420598,True,143724344,reserved,6.0,36.9,0.0,14897495.163327629,0.0,21.982374495166006,6578052.706278988,210602.13885093792,1004.91,1
2026-09-13T22:21:42.493995+00:00,1789338102.4939694,F_lat_centralindia_rep2,r3-pub,F01,load,16,1,1000,6,207.0,2320192342,22057669,810723952192,61127,1789156079.537691,6009873.072000001,192964.18600000002,91242241,89338889,433785250,8349,22941,16055221,4887589526,11084516.901,799058.16,17B/4A000000,17B/4A094810,1,1.0001518726348877,6289054,6288099.0098349415,5.996798524699155,4060,4059.3834907332425,4058,4057.383794432389,0.0,0.0,5905535.110822298,0.0,streaming,17B/49F87FB8,17B/49E7DB68,17B/49E7CFC0,491592,1582232,2147120,1585216,0.224779,0.224779,0.224779,-597597.2413323573,True,149630776,reserved,4.8,36.9,0.0,5991538.049329419,0.0,11.998177805122886,5540247.588000881,251166.85462799118,1004.9,1
2026-09-13T22:21:43.494245+00:00,1789338103.494245,F_lat_centralindia_rep2,r3-pub,F01,load,16,1,1000,6,207.0,2320217016,22057669,810730255701,61127,1789156079.537691,6009914.544000001,192964.18600000002,91246308,89338889,433789314,8349,22941,16055221,4887630835,11084516.901,799067.639,17B/4A637108,17B/4A698138,1,1.0002756118774414,6303509,6301772.156744672,6.009838253731415,4067,4065.8793953463983,4064,4062.8802219542076,0.0,0.0,6515204.33230206,0.0,streaming,17B/4A635E80,17B/4A52BE50,17B/4A52BE50,4744,1094328,2472400,1094328,0.225412,0.257953,0.225412,-490752.7427152207,True,156147776,reserved,5.6,36.9,0.0,14925806.270511458,0.0,23.99338713752485,7029671.539029332,267881.1687681446,1004.9,1
2026-09-13T22:21:44.495199+00:00,1789338104.495199,F_lat_centralindia_rep2,r3-pub,F01,load,16,1,1000,6,207.0,2320241608,22057669,810736540559,61127,1789156079.537691,6009946.134000001,192964.18600000002,91250374,89338889,433793376,8349,22941,16055221,4887672011,11084516.901,799076.755,17B/4AC6A000,17B/4AC9A2A8,1,1.0009539127349854,6284858,6278868.507369522,5.98799563157036,4066,4062.1250871482657,4062,4058.128899162876,0.0,0.0,6493893.392393359,0.0,streaming,17B/4AC67DC0,17B/4AA51D28,17B/4AA516D8,8768,2196184,2828000,2197800,0.224767,0.224767,0.224767,1102420.3871533868,True,162647864,reserved,4.6,36.9,0.0,14977073.17916159,0.0,25.975221905030722,6567615.068347821,207866.71329500835,1004.89,1
2026-09-13T22:21:45.495979+00:00,1789338105.4959793,F_lat_centralindia_rep2,r3-pub,F01,load,16,1,1000,6,207.0,2320266185,22057669,810742825830,61127,1789156079.537691,6009976.6850000005,192964.18600000002,91254437,89338889,433797437,8349,22941,16055221,4887712799,11084516.901,799085.671,17B/4B20A000,17B/4B29A2D0,1,1.0007803440093994,6285271,6280370.150776031,5.989427710319549,4063,4059.8319344707675,4061,4057.8334939418623,0.0,0.0,5893640.932604691,0.0,streaming,17B/4B207FE8,17B/4B0FFF28,17B/4B0FF388,8216,1089752,2550856,1092728,0.210515,0.218747,0.210515,-1104210.3360791237,True,168546104,reserved,3.9,36.9,0.0,14296172.067769572,0.0,21.982845817956406,5972868.10815287,261713.77322488665,1004.89,1
2026-09-13T22:21:46.496561+00:00,1789338106.4965618,F_lat_centralindia_rep2,r3-pub,F01,load,16,1,1000,6,207.0,2320290737,22057669,810749104653,61127,1789156079.537691,6010007.782000001,192964.18600000002,91258495,89338889,433801492,8349,22941,16055221,4887753788,11084516.901,799094.84,17B/4B83B990,17B/4B89C910,1,1.0005824565887451,6278823,6275167.987060454,5.984466540394262,4058,4055.637767061012,4055,4052.6395134136033,0.0,0.0,6490827.374829124,0.0,streaming,17B/4B839FD8,17B/4B72FFE8,17B/4B72FF20,6584,1096104,1814368,1096304,0.225016,0.225016,0.225016,3573.918347710739,True,175040712,reserved,7.1,36.9,0.0,6508848.878085813,0.0,11.993014589633352,6562438.664361707,249773.51776888146,1004.88,1
2026-09-13T22:21:47.497305+00:00,1789338107.4973056,F_lat_centralindia_rep2,r3-pub,F01,load,16,1,1000,6,207.0,2320315333,22057669,810755393463,61127,1789156079.537691,6010039.757,192964.18600000002,91262558,89338889,433805552,8349,22941,16055221,4887795090,11084516.901,799104.188,17B/4BE70000,17B/4BEA0028,1,1.0007438659667969,6288810,6284135.445511342,5.993018575202314,4063,4059.979919112294,4060,4056.982149051418,0.0,0.0,6501259.9339938015,0.0,streaming,17B/4BE6DD80,17B/4BC59F50,17B/4BC59980,8832,2187440,3196792,2188928,0.052697,0.052697,0.052697,1091811.8383313194,True,181546808,reserved,4.6,36.9,0.0,14898357.618806202,0.0,20.984390426128027,6565433.197686962,213480.19934512215,1004.88,1
2026-09-13T22:21:48.497842+00:00,1789338108.4978368,F_lat_centralindia_rep2,r3-pub,F01,load,16,1,1000,6,207.0,2320339908,22057670,810761677627,61127,1789156079.537691,6010071.273,192964.18600000002,91266613,89338889,433809604,8349,22941,16055221,4887836057,11084516.901,799113.432,17B/4C42A000,17B/4C4A1A30,1,1.0005311965942383,6284164,6280827.645745582,5.989864011521894,4055,4052.8471414015194,4052,4049.848734145242,0.0,0.0,6001547.998143229,0.0,streaming,17B/4C425E70,17B/4C31FF40,17B/4C31FF40,16784,1089728,1980064,1089728,0.055327,0.055327,0.055327,-1098616.4187000124,True,187551544,reserved,6.7,36.9,0.0,14422546.792263707,0.0,21.988319879367058,6061152.3365216805,269359.91692950274,1004.87,1
2026-09-13T22:21:49.498129+00:00,1789338109.4981291,F_lat_centralindia_rep2,r3-pub,F01,load,16,1,1000,6,207.0,2320364461,22057670,810767949083,61127,1789156079.537691,6010104.119,192964.18600000002,91270665,89338889,433813653,8349,22941,16055221,4887876916,11084516.901,799122.289,17B/4CA5D7A0,17B/4CAA6728,1,1.0002923011779785,6271456,6269623.381700047,5.979178792667434,4052,4050.8159417284587,4049,4047.8168183757475,0.0,0.0,6500403.9242755985,0.0,streaming,17B/4CA5BE48,17B/4C847C00,17B/4C847C00,6488,2186144,2326288,2186144,0.224925,0.224925,0.224925,1096095.609962031,True,4633656,reserved,3.9,36.9,0.0,6625391.390292048,0.0,25.992402390162862,6572315.904319121,245581.21632117993,1004.87,1
2026-09-13T22:21:50.498354+00:00,1789338110.498354,F_lat_centralindia_rep2,r3-pub,F01,load,16,1,1000,6,207.0,2320389166,22057670,810774256033,61127,1789156079.537691,6010136.765000001,192964.18600000002,91274730,89338889,433817714,8349,22941,16055221,4887917883,11084516.901,799131.755,17B/4D092000,17B/4D0AAFE8,1,1.0002248287200928,6306950,6305532.335235565,6.013424239383283,4065,4064.0862766840664,4061,4060.0871757968007,0.0,0.0,6505129.460069455,0.0,streaming,17B/4CFFFEC8,17B/4CE7FD70,17B/4CE7F718,598328,2171536,2624584,2173160,0.225813,0.262625,0.225813,-12981.081480065417,True,11140248,reserved,5.1,36.9,0.0,15000275.507256664,0.0,22.994830101779467,5976218.374471872,212616.19777238384,1004.86,1
2026-09-13T22:21:51.498433+00:00,1789338111.4984334,F_lat_centralindia_rep2,r3-pub,F01,load,16,1,1000,6,207.0,2320413765,22057670,810780541034,61127,1789156079.537691,6010168.738000001,192964.18600000002,91278787,89338889,433821768,8349,22941,16055221,4887960110,11084516.901,799141.224,17B/4D636000,17B/4D6AFC18,1,1.0000793933868408,6285001,6284502.052097476,5.993368198487736,4057,4056.677926600085,4054,4053.678164761337,0.0,0.0,5914154.455247498,0.0,streaming,17B/4D633FE8,17B/4D529C80,17B/4D5297B8,8216,1098624,2395432,1099848,0.217476,0.261428,0.217476,-1073226.7928900642,True,17054872,reserved,5.4,36.9,0.0,14310287.857780304,0.0,20.99833287123534,6565417.749248862,263052.11540164263,1004.85,1
2026-09-13T22:21:52.498632+00:00,1789338112.4986327,F_lat_centralindia_rep2,r3-pub,F01,load,16,1,1000,6,207.0,2320438382,22057670,810786836593,61127,1789156079.537691,6010199.428,192964.18600000002,91282852,89338889,433825831,8349,22941,16055221,4888005178,11084516.901,799150.79,17B/4DC6A000,17B/4DCB2518,1,1.000199317932129,6295559,6294304.432256373,6.002716476684926,4065,4064.1899340665627,4063,4062.1903326229876,0.0,0.0,6503151.805229861,0.0,streaming,17B/4DC67EA0,17B/4DA55C68,17B/4DA55C68,8544,2179992,2715544,2179992,0.225208,0.225208,0.225208,1079928.7508345372,True,23559320,reserved,4.8,36.9,0.0,14890088.138423033,0.0,19.996014435751846,6569661.548645337,256382.89829087944,1004.85,1
2026-09-13T22:21:53.498960+00:00,1789338113.49896,F_lat_centralindia_rep2,r3-pub,F01,load,16,1,1000,6,207.0,2320462964,22057670,810793126552,61127,1789156079.537691,6010231.295,192964.18600000002,91286911,89338889,433829886,8349,22941,16055221,4888050588,11084516.901,799159.44,17B/4E20BFF8,17B/4E2B5450,1,1.0003273487091064,6289959,6287900.663834704,5.996609367212967,4059,4057.6717263983855,4055,4053.6730353647336,0.0,0.0,5904491.172436773,0.0,streaming,17B/4E209FD0,17B/4E0FFBE8,17B/4E0FF048,8232,1098768,2434424,1101744,0.225224,0.225224,0.225224,-1077895.1524133054,True,29465744,reserved,4.7,36.9,0.0,5933161.7871480575,0.0,13.995418617782065,5970260.642885522,225427.20669489095,1004.84,1
2026-09-13T22:21:54.499403+00:00,1789338114.499387,F_lat_centralindia_rep2,r3-pub,F01,load,16,1,1000,6,207.0,2320487556,22057671,810799422471,61127,1789156079.537691,6010265.946,192964.18600000002,91290968,89338889,433833943,8349,22941,16055221,4888096025,11084516.901,799168.728,17B/4E840000,17B/4E8B8CE0,1,1.000427007675171,6295919,6293231.741744646,6.001693479294439,4057,4055.268369281439,4057,4055.268369281439,0.0,0.0,6501679.732852569,0.0,streaming,17B/4E83DBA0,17B/4E733FE0,17B/4E733A10,9312,1097760,1741264,1099248,0.225308,0.225308,0.225308,-2494.9346437580657,True,35970200,reserved,3.7,36.9,0.0,14939924.537555989,0.0,22.99018301539884,6567211.750178201,258687.53843561694,1004.84,1
2026-09-13T22:21:55.499852+00:00,1789338115.4998522,F_lat_centralindia_rep2,r3-pub,F01,load,16,1,1000,6,207.0,2320512132,22057671,810805698930,61127,1789156079.537691,6010298.1620000005,192964.18600000002,91295026,89338889,433837996,8349,22941,16055221,4888141361,11084516.901,799177.436,17B/4EE70000,17B/4EEB8118,1,1.0004651546478271,6276459,6273540.833323047,5.982914765666052,4058,4056.113280055669,4053,4051.1156047475665,0.0,0.0,6485047.450037235,0.0,streaming,17B/4EE6BFD8,17B/4EC5DBD8,17B/4EC5CFD0,16424,2171944,3090544,2175024,0.226350,0.226350,0.226350,1075275.8304497702,True,42458264,reserved,3.5,36.9,0.0,14877943.455451587,0.0,19.990701232408423,6551627.480026834,285634.1359540829,1004.83,1
2026-09-13T22:21:56.500627+00:00,1789338116.5006275,F_lat_centralindia_rep2,r3-pub,F01,load,16,1,1000,6,207.0,2320536699,22057671,810811972248,61127,1789156079.537691,6010335.672,192964.18600000002,91299082,89338889,433842048,8349,22941,16055221,4888186480,11084516.901,799186.935,17B/4F42A000,17B/4F4BB920,1,1.0007753372192383,6273318,6268457.83133614,5.978067237220897,4056,4052.857668605255,4052,4048.8607675514036,0.0,0.0,6000083.911624764,0.0,streaming,17B/4F423FD8,17B/4F31FFF8,17B/4F31FE20,24616,1089544,1257480,1090016,0.210384,0.267149,0.210384,-1084167.4046592826,True,48463000,reserved,3.5,36.9,0.0,14410842.737265209,0.0,24.98063158657085,6055662.819229094,231510.50129170404,1004.83,1
2026-09-13T22:21:57.500798+00:00,1789338117.500798,F_lat_centralindia_rep2,r3-pub,F01,load,16,1,1000,6,207.0,2320561370,22057671,810818275488,61127,1789156079.537691,6010368.831,192964.18600000002,91303143,89338889,433846107,8349,22941,16055221,4888231512,11084516.901,799196.785,17B/4FA62000,17B/4FAC56D0,2,1.0001704692840576,6303240,6302165.674329485,6.010213541345105,4061,4060.307842229082,4059,4058.30818310954,0.0,0.0,6519720.587899125,0.0,streaming,17B/4FA5FD48,17B/4F955D38,17B/4F955198,8888,1098440,2221336,1101416,0.227103,0.227103,0.227103,11398.056981386735,True,54983832,reserved,3.5,36.9,0.0,6519720.587899125,0.0,12.997784277019962,6588720.825478026,260559.58259450077,1004.82,1
2026-09-13T22:21:58.501002+00:00,1789338118.5010023,F_lat_centralindia_rep2,r3-pub,F01,load,16,1,1000,6,207.0,2320586122,22057671,810824593294,61127,1789156079.537691,6010402.502,192964.18600000002,91307209,89338889,433850170,8349,22941,16055221,4888276536,11084516.901,799207.499,17B/5009C000,17B/500CC7A8,1,1.00020432472229,6317806,6316515.379749192,6.023898486851875,4066,4065.1693853942675,4063,4062.169998243214,0.0,0.0,6527690.231506252,0.0,streaming,17B/4FFFFBF0,17B/4FE89FF8,17B/4FE89A90,640016,2170888,2576904,2172272,0.226315,0.264676,0.226315,1070637.242342785,True,61512856,reserved,2.7,36.9,0.0,14976012.030500855,0.0,22.995301491408792,5935086.315136892,233101.37162697688,1004.82,1
2026-09-13T22:21:59.501129+00:00,1789338119.5011296,F_lat_centralindia_rep2,r3-pub,F01,load,16,1,1000,6,207.0,2320610743,22057671,810830894776,61127,1789156079.537691,6010437.063,192964.18600000002,91311264,89338889,433854225,8349,22941,16055221,4888321606,11084516.901,799216.953,17B/5063FD08,17B/506D1678,1,1.0001273155212402,6301482,6300679.825663827,6.008796525634601,4055,4054.48380128148,4055,4054.48380128148,0.0,0.0,5913111.169169346,0.0,streaming,17B/5063DE18,17B/50535FF0,17B/50535AA8,7920,1088792,1413488,1090144,0.225550,0.261697,0.225550,-1081990.245847873,True,67426720,reserved,4.8,36.9,0.0,14321888.601287583,0.0,21.99719941509064,6609851.463315628,255303.49590234473,1004.81,1
2026-09-13T22:22:00.501409+00:00,1789338120.501409,F_lat_centralindia_rep2,r3-pub,F01,load,16,1,1000,6,207.0,2320635346,22057672,810837192284,61127,1789156079.537691,6010474.892,192964.18600000002,91315326,89338889,433858281,8349,22941,16055221,4888366759,11084516.901,799225.164,17B/50C74000,17B/50CD5410,1,1.000279426574707,6297508,6295748.800477467,6.004093933560816,4062,4060.865286322696,4056,4054.8669624138,0.0,0.0,6503390.779790422,0.0,streaming,17B/50C6FF58,17B/50B69BC8,17B/50B69B80,16552,1090616,1620864,1090688,0.225446,0.225446,0.225446,543.8480344065846,True,73931928,reserved,3.5,36.9,0.0,8816224.5125826,0.0,27.992178241515386,6546992.596284188,266256.6008300369,1004.8,1
2026-09-13T22:22:01.501694+00:00,1789338121.5016847,F_lat_centralindia_rep2,r3-pub,F01,load,16,1,1000,6,207.0,2320659921,22057672,810843483350,61127,1789156079.537691,6010508.828000001,192964.18600000002,91319379,89338889,433862331,8349,22941,16055221,4888411626,11084516.901,799234.447,17B/51218E68,17B/512D9618,1,1.0002756118774414,6291066,6289332.585238329,5.997974953878717,4053,4051.8832528495086,4050,4048.884079457318,0.0,0.0,5916681.29236079,0.0,streaming,17B/51217C18,17B/5110BF20,17B/5110B8C0,4688,1101640,2380456,1103272,0.217286,0.263120,0.217286,12580.532655775529,True,79850240,reserved,2.9,36.9,0.0,5945753.279775757,0.0,14.99586696095303,5982260.218029966,227628.26294709044,1004.8,1
2026-09-13T22:22:02.501786+00:00,1789338122.501787,F_lat_centralindia_rep2,r3-pub,F01,load,16,1,1000,6,207.0,2320684508,22057672,810849781948,61127,1789156079.537691,6010540.014,192964.18600000002,91323436,89338889,433866384,8349,22941,16055221,4888456871,11084516.901,799244.732,17B/5184D758,17B/518DC5D8,1,1.0001022815704346,6298598,6297953.835391192,6.006196818724815,4057,4056.5850861067916,4053,4052.5854951912315,0.0,0.0,6506070.548886902,0.0,streaming,17B/5184BE80,17B/5173FFD8,17B/5173FA50,6360,1103744,1689240,1105160,0.225899,0.225899,0.225899,1887.8069121443486,True,86356976,reserved,4.0,37.0,0.0,9473079.07859499,0.0,42.99560234227065,6566910.326098944,265164.8785198009,1004.79,1
2026-09-13T22:22:03.502378+00:00,1789338123.5023785,F_lat_centralindia_rep2,r3-pub,F01,load,16,1,1000,6,207.0,2320709104,22057672,810856065398,61127,1789156079.537691,6010572.334000001,192964.18600000002,91327487,89338889,433870432,8349,22941,16055221,4888502104,11084516.901,799253.482,17B/51E80000,17B/51EE5268,4,1.000591516494751,6283450,6279735.432908762,5.98882239619137,4051,4048.6051832533713,4048,4045.6069567538007,0.0,0.0,6494630.319038979,0.0,streaming,17B/51E7DF78,17B/51D71BC8,17B/51D71BC8,8328,1107000,2243944,1107000,0.225645,0.225645,0.225645,1838.9122530699094,True,92855448,reserved,5.4,36.9,0.0,15666125.228518497,0.0,29.982264995705044,6540019.470607143,240775.57727450895,1004.79,1
2026-09-13T22:22:04.502740+00:00,1789338124.5027401,F_lat_centralindia_rep2,r3-pub,F01,load,16,1,1000,6,207.0,2320733692,22057672,810862352267,61127,1789156079.537691,6010612.369,192964.18600000002,91331535,89338889,433874478,8349,22941,16055221,4888547448,11084516.901,799261.291,17B/52425718,17B/524E9DE8,3,1.000361680984497,6286869,6284595.981138376,5.993457776201606,4048,4046.5364447148722,4046,4044.5371678153097,0.0,0.0,5918395.428914627,0.0,streaming,17B/52423ED0,17B/52315F70,17B/52315F70,6216,1111976,1422200,1111976,0.091824,0.091824,0.091824,4974.200926111957,True,3947088,reserved,4.8,37.0,0.0,6129495.078185651,0.0,31.988430393002943,5963553.0962450495,223761.06987595515,1004.78,1
2026-09-13T22:22:05.503371+00:00,1789338125.5033712,F_lat_centralindia_rep2,r3-pub,F01,load,16,1,1000,6,207.0,2320758359,22057672,810868654387,61127,1789156079.537691,6010653.635000001,192964.18600000002,91335590,89338889,433878530,8349,22941,16055221,4888592798,11084516.901,799269.401,17B/52A58000,17B/52B1EA70,4,1.0006310939788818,6302120,6298145.278436655,6.006379393040328,4055,4052.4425279208644,4052,4049.444420008716,0.0,0.0,6494437.399660849,0.0,streaming,17B/52A53FF0,17B/5294BEA0,17B/5294BD98,16400,1098080,1115184,1098344,0.110387,0.110387,0.110387,-13623.402352803261,True,10445624,reserved,4.1,37.0,0.0,14900036.6765683,0.0,22.985493993139304,6442710.044483245,256686.00700651496,1004.78,1
2026-09-13T22:22:06.503806+00:00,1789338126.5038059,F_lat_centralindia_rep2,r3-pub,F01,load,16,1,1000,6,207.0,2320782963,22057673,810874939597,61127,1789156079.537691,6010698.7700000005,192964.18600000002,91339632,89338889,433882569,8349,22941,16055221,4888637969,11084516.901,799279.226,17B/5310E000,17B/531DA9F0,3,1.0004346370697021,6285210,6282479.401562441,5.991439248621408,4042,4040.243960204255,4039,4037.245263548982,0.0,0.0,7033870.818998567,0.0,streaming,17B/53109BD0,17B/52F93FF0,17B/52F92D50,17456,1548304,1718496,1553072,0.059429,0.059429,0.059429,454530.44421963394,True,17482552,reserved,2.3,37.0,0.0,15443399.725996854,0.0,29.986966552728266,6354250.207309741,240438.49651643052,1004.77,1
2026-09-13T22:22:07.506460+00:00,1789338127.5064604,F_lat_centralindia_rep2,r3-pub,F01,load,16,1,1000,6,207.0,2320807536,22057673,810881234233,61127,1789156079.537691,6010743.8440000005,192964.18600000002,91343675,89338889,433886609,8349,22941,16055221,4888682917,11084516.901,799288.154,17B/53856000,17B/5388B0A0,2,1.0026545524597168,6294636,6277970.79717832,5.987139508417434,4043,4032.2960585793917,4040,4029.3040011527933,0.0,0.0,7614730.29895483,0.0,streaming,17B/53853DB0,17B/53639B78,17B/53639B78,8784,2213000,4044576,2213000,0.223938,0.389394,0.223938,658180.8244734555,True,25117496,reserved,1.6,37.0,0.0,15981129.254029663,0.0,27.925869314920348,6936450.827394435,244053.14811536873,1004.77,1
2026-09-13T22:22:08.507017+00:00,1789338128.5070176,F_lat_centralindia_rep2,r3-pub,F01,load,16,1,1000,6,207.0,2320832145,22057673,810887536807,61127,1789156079.537691,6010777.8440000005,192964.18600000002,91347727,89338889,433890658,8349,22941,16055221,4888728676,11084516.901,799298.694,17B/53EA2000,17B/53F416D8,2,1.0005571842193604,6302574,6299064.260797147,6.007255802914759,4052,4049.743546803265,4049,4046.745217425079,0.0,0.0,6599075.0994921895,0.0,streaming,17B/53E9DFD8,17B/53D8FFF8,17B/53D8EEC0,16424,1122312,2039976,1126720,0.224322,0.224322,0.224322,-1085675.0789786403,True,31720248,reserved,5.8,37.0,0.0,6599075.0994921895,0.0,17.98997626911618,5944429.857490312,265882.8542694026,1004.76,1
2026-09-13T22:22:09.507639+00:00,1789338129.5076396,F_lat_centralindia_rep2,r3-pub,F01,load,16,1,1000,6,207.0,2320856714,22057673,810893823642,61127,1789156079.537691,6010814.3610000005,192964.18600000002,91351776,89338889,433894704,8349,22941,16055221,4888773605,11084516.901,799307.38,17B/5452F390,17B/5458F548,2,1.000622034072876,6286835,6282926.805449625,5.991865926217675,4049,4046.482949729956,4046,4043.4848146721174,0.0,0.0,6865633.342129322,0.0,streaming,17B/5452DFD8,17B/54421F20,17B/54421F20,5048,1102960,2363216,1102960,0.224300,0.224300,0.224300,-23745.229658084405,True,38590152,reserved,3.7,37.2,0.0,15383199.125993796,0.0,36.97699904668026,6553885.260058524,254610.6235168563,1004.76,1
2026-09-13T22:22:10.508240+00:00,1789338130.508241,F_lat_centralindia_rep2,r3-pub,F01,load,16,1,1000,6,207.0,2320881329,22057673,810900128870,61127,1789156079.537691,6010848.237000001,192964.18600000002,91355825,89338889,433898750,8349,22941,16055221,4888819381,11084516.901,799318.375,17B/54B66AF8,17B/54B95AC8,2,1.0006012916564941,6305228,6301438.997307013,6.009520528132451,4049,4046.5668331257957,4046,4043.5686359167617,0.0,0.0,6514714.756372554,0.0,streaming,17B/54B65E48,17B/5494FB48,17B/5494EFA0,3248,2191280,2681680,2194264,0.225524,0.265594,0.225524,1090648.2023357651,True,45108784,reserved,5.8,37.2,0.0,14925041.696954794,0.0,24.984976741947367,6551399.6980232205,233159.80295585282,1004.75,1
2026-09-13T22:22:11.508762+00:00,1789338131.5087621,F_lat_centralindia_rep2,r3-pub,F01,load,16,1,1000,6,207.0,2320946469,22057674,810908915821,61127,1789156079.537691,6010883.2870000005,192964.18600000002,91359867,89338889,433902833,8362,22992,16055221,4888976028,11084516.901,799328.639,17B/55118000,17B/551BDA58,1,1.000521183013916,8786951,8782373.775966104,8.375524307218651,4042,4039.894475621293,4083,4080.8731182488223,12.993228150192184,50.97343351229242,5966050.595769322,0.0,streaming,17B/550FFBE0,17B/54F91BB8,17B/54F91B78,99360,1598536,2337568,1598600,0.225138,0.225138,0.225138,-595353.7117581598,True,51077944,reserved,10.1,37.0,0.0,13395130.685417576,0.0,33.98228900819495,5756797.654847742,261817.54514272642,1004.75,1
2026-09-13T22:22:12.509153+00:00,1789338132.509124,F_lat_centralindia_rep2,r3-pub,F01,load,16,1,1000,6,207.0,2320971123,22057675,810915246513,61127,1789156079.537691,6010918.445,192964.18600000002,91363916,89338889,433906879,8362,22992,16055221,4889022865,11084516.901,799339.409,17B/55736000,17B/557C5750,1,1.0003619194030762,6330692,6328401.628660129,6.035234097156648,4049,4047.5351185059803,4046,4044.5362038713747,0.0,0.0,6412015.367225778,0.0,streaming,17B/55729FD0,17B/55629D30,17B/55629CE8,49200,1098448,1697152,1098520,0.226835,0.226835,0.226835,-499899.07682451734,True,57492280,reserved,4.3,37.0,0.0,7476590.076982293,0.0,17.993487807633404,6487582.01818857,267806.07578491175,1004.74,1
2026-09-13T22:22:13.509843+00:00,1789338133.509843,F_lat_centralindia_rep2,r3-pub,F01,load,16,1,1000,6,207.0,2320995422,22057675,810921461019,61127,1789156079.537691,6010952.57,192964.18600000002,91367906,89338889,433910866,8362,22992,16055221,4889067019,11084516.901,799347.922,17B/55D7A000,17B/55D7BEB8,1,1.0007190704345703,6214506,6210040.543447724,5.922356170127605,3990,3987.1329705621683,3987,3984.1351262233998,0.0,0.0,6565263.113399979,0.0,streaming,17B/55CB1230,17B/55B57DB8,17B/55B57DB8,822736,2237000,3121784,2237000,0.225797,0.225797,0.225797,1137661.9409337386,True,64062264,reserved,4.4,37.0,0.0,14956029.561323892,0.0,30.977724833941657,6068782.118204949,201929.79825221808,1004.74,1
2026-09-13T22:22:14.510136+00:00,1789338134.5101368,F_lat_centralindia_rep2,r3-pub,F01,load,16,1,1000,6,207.0,2321018659,22057675,810927407638,61127,1789156079.537691,6010990.358,192964.18600000002,91371720,89338889,433914677,8362,22992,16055221,4889108978,11084516.901,799356.254,17B/56313A20,17B/56328FB8,1,1.0002937316894531,5946619,5944872.802468147,5.669472506015918,3814,3812.880036305254,3811,3809.8809172415636,0.0,0.0,5870435.667013702,0.0,streaming,17B/56311FF0,17B/56103D50,17B/561037C8,6704,2161872,2198784,2163288,0.224943,0.262599,0.224943,-73690.35480758597,True,69934424,reserved,2.3,36.9,0.0,14307221.515652828,0.0,36.98913511885013,6462191.849470485,221961.802784674,1004.73,1
2026-09-13T22:22:15.510484+00:00,1789338135.5104847,F_lat_centralindia_rep2,r3-pub,F01,load,16,1,1000,6,207.0,2321041696,22057675,810933309689,61127,1789156079.537691,6011021.723,192964.18600000002,91375510,89338889,433918464,8362,22992,16055221,4889150965,11084516.901,799364.327,17B/56846000,17B/568B6060,1,1.0003478527069092,5902051,5899998.669492057,5.626677197925622,3790,3788.6820966770524,3787,3785.6831398722948,0.0,0.0,5447289.145725342,0.0,streaming,17B/56843FA8,17B/56739E18,17B/56739910,8280,1098216,2088560,1099504,0.226280,0.244944,0.226280,-1063414.0885307393,True,75383608,reserved,6.2,37.0,0.0,5535866.333910662,0.0,20.992697633302928,5494711.6496789735,249363.25831559123,1004.73,1
2026-09-13T22:22:16.511185+00:00,1789338136.5111744,F_lat_centralindia_rep2,r3-pub,F01,load,16,1,1000,6,207.0,2321064343,22057675,810939119843,61127,1789156079.537691,6011056.596000001,192964.18600000002,91379236,89338889,433922187,8362,22992,16055221,4889192335,11084516.901,799372.499,17B/56D7C000,17B/56E43DB8,1,1.0006897449493408,5810154,5806149.2378880475,5.537175405395553,3726,3723.4317817343335,3723,3720.433849542921,0.0,0.0,5460297.7871793965,0.0,streaming,17B/56D77F60,17B/56C6FFF0,17B/56C6FFA8,16544,1097744,1330784,1097816,0.226736,0.245960,0.226736,-1686.8365130347706,True,80847672,reserved,5.0,37.0,0.0,13843123.775292892,0.0,22.98414680082922,5469986.104711311,216473.68836678384,1004.72,1
2026-09-13T22:22:17.511444+00:00,1789338137.5114448,F_lat_centralindia_rep2,r3-pub,F01,load,16,1,1000,6,207.0,2321087011,22057675,810944922946,61127,1789156079.537691,6011093.661,192964.18600000002,91382970,89338889,433925918,8362,22992,16055221,4889234236,11084516.901,799380.374,17B/57310000,17B/573D8220,1,1.0002703666687012,5803103,5801534.458455113,5.5327744087744835,3734,3732.9907237337316,3731,3729.9915346145026,0.0,0.0,5847507.0290043615,0.0,streaming,17B/5730DFD8,17B/57201CB0,17B/57201150,8232,1106768,2019712,1109680,0.224423,0.224423,0.224423,11860.793236844402,True,86696760,reserved,3.5,36.9,0.0,14258416.999294948,0.0,26.992702073061263,5900199.782640096,218909.81408282043,1004.72,1
2026-09-13T22:22:18.511936+00:00,1789338138.5119362,F_lat_centralindia_rep2,r3-pub,F01,load,16,1,1000,6,207.0,2321109876,22057675,810950772464,61127,1789156079.537691,6011127.721000001,192964.18600000002,91386740,89338889,433929685,8362,22992,16055221,4889276190,11084516.901,799388.612,17B/57944000,17B/57971218,1,1.0004913806915283,5849518,5846645.071501645,5.575795241834302,3770,3768.148404631151,3767,3765.1498780492166,0.0,0.0,6501253.409603788,0.0,streaming,17B/57941D00,17B/5773FF58,17B/5773FE90,8960,2113704,2392696,2113904,0.234119,0.247674,0.234119,1003730.7860722316,True,93201208,reserved,4.8,36.9,0.0,14885741.43408021,0.0,22.988703794831956,6552683.13802827,213791.94676535524,1004.71,1
2026-09-13T22:22:19.512509+00:00,1789338139.512509,F_lat_centralindia_rep2,r3-pub,F01,load,16,1,1000,6,207.0,2321132884,22057676,810956664164,61127,1789156079.537691,6011162.54,192964.18600000002,91390528,89338889,433933470,8362,22992,16055221,4889318639,11084516.901,799398.376,17B/57E78000,17B/57F2F3E8,1,1.000572919845581,5891700,5888326.460913283,5.615545712388308,3788,3785.831022275322,3785,3782.832740050711,0.0,0.0,5452748.012450715,0.0,streaming,17B/57E75FC0,17B/57D65F20,17B/57D636F0,8256,1122528,1647944,1132816,0.225027,0.225027,0.225027,-980526.2370596756,True,3688384,reserved,3.3,37.0,0.0,5538714.760394757,0.0,22.986830388683316,5479463.706499405,245970.07886040173,1004.71,1
2026-09-13T22:22:20.512601+00:00,1789338140.5126011,F_lat_centralindia_rep2,r3-pub,F01,load,16,1,1000,6,207.0,2321156406,22057676,810962677111,61127,1789156079.537691,6011197.205,192964.18600000002,91394396,89338889,433937334,8362,22992,16055221,4889361793,11084516.901,799407.729,17B/58425EB0,17B/584F2B78,1,1.0000920295715332,6012947,6012393.681985558,5.7338654346328335,3868,3867.644062374097,3864,3863.6444304585084,0.0,0.0,5954699.991511173,0.0,streaming,17B/58423FB8,17B/58321FB8,17B/58321460,7928,1064696,1406368,1067600,0.213777,0.234783,0.213777,-65209.99875175519,True,9643632,reserved,7.0,37.0,0.0,14371541.393203313,0.0,26.997515430222496,5988239.904847319,237335.15814708595,1004.7,1
2026-09-13T22:22:21.512933+00:00,1789338141.512934,F_lat_centralindia_rep2,r3-pub,F01,load,16,1,1000,6,207.0,2321180178,22057676,810968760116,61127,1789156079.537691,6011233.072000001,192964.18600000002,91398298,89338889,433941234,8362,22992,16055221,4889405326,11084516.901,799417.947,17B/58A54000,17B/58AE66B0,1,1.0003328323364258,6083005,6080981.052868413,5.799275448673642,3902,3900.7017203327214,3900,3898.7023857759136,0.0,0.0,6478051.894852349,0.0,streaming,17B/58A51FF0,17B/58949D68,17B/58949D68,8208,1090200,1755208,1090200,0.226498,0.226498,0.226498,22592.480491932216,True,16123840,reserved,5.1,36.9,0.0,14871722.209950186,0.0,22.99234740329385,6504432.114662154,261291.03389470172,1004.7,1
2026-09-13T22:22:22.513660+00:00,1789338142.513661,F_lat_centralindia_rep2,r3-pub,F01,load,16,1,1000,6,207.0,2321204502,22057676,810974989556,61127,1789156079.537691,6011266.119,192964.18600000002,91402292,89338889,433945224,8362,22992,16055221,4889449451,11084516.901,799428.34,17B/59076000,17B/590D5108,1,1.0007269382476807,6229440,6224914.871291502,5.936541434566023,3994,3991.0987176918406,3990,3987.10162333261,0.0,0.0,6426048.65944799,0.0,streaming,17B/58FFFD28,17B/58F6DD80,17B/58F6DD80,484056,1081984,2009688,1081984,0.226228,0.226228,0.226228,-8210.03181385983,True,22554560,reserved,3.5,36.9,0.0,14902702.655445945,0.0,24.98183974519179,5990745.098255972,246643.70525709895,1004.69,1
2026-09-13T22:22:23.514678+00:00,1789338143.5146782,F_lat_centralindia_rep2,r3-pub,F01,load,16,1,1000,6,207.0,2321228998,22057676,810981258863,61127,1789156079.537691,6011298.428,192964.18600000002,91406320,89338889,433949249,8362,22992,16055221,4889494172,11084516.901,799436.365,17B/5962A000,17B/596EC4E8,1,1.0010173320770264,6269307,6262935.5148044415,5.972800745777551,4028,4023.9063509941834,4025,4020.9093998886765,0.0,0.0,5974082.374369755,0.0,streaming,17B/59627B70,17B/5951DC18,17B/5951DC18,9360,1098728,1820864,1098728,0.054212,0.054212,0.054212,16726.983103536895,True,28534720,reserved,6.5,37.0,0.0,5982266.048855194,0.0,15.983739229371135,6471249.590213432,219481.7142118116,1004.68,1
2026-09-13T22:22:24.514970+00:00,1789338144.51497,F_lat_centralindia_rep2,r3-pub,F01,load,16,1,1000,6,207.0,2321253873,22057676,810987625595,61127,1789156079.537691,6011330.838,192964.18600000002,91410414,89338889,433953341,8362,22992,16055221,4889539475,11084516.901,799444.555,17B/59C71E40,17B/59D04D10,1,1.0002918243408203,6366732,6364874.574672842,6.070017409012644,4094,4092.805619697926,4092,4090.8062031763343,0.0,0.0,6583998.628940147,0.0,streaming,17B/59C6FF88,17B/59B63E78,17B/59B63E78,7864,1105864,1197264,1105864,0.092031,0.092031,0.092031,7133.918149038691,True,35120640,reserved,4.3,36.9,0.0,14995176.042635873,0.0,23.992998259098737,6640242.215692518,246971.92758003285,1004.68,1
2026-09-13T22:22:25.515406+00:00,1789338145.5153892,F_lat_centralindia_rep2,r3-pub,F01,load,16,1,1000,6,207.0,2321278824,22057677,810994025235,61127,1789156079.537691,6011374.586,192964.18600000002,91414525,89338889,433957449,8362,22992,16055221,4889585211,11084516.901,799452.812,17B/5A330000,17B/5A331480,1,1.0004191398620605,6399640,6396958.77957952,6.100615291194458,4111,4109.277637937666,4108,4106.278894830439,0.0,0.0,7067181.86236905,0.0,streaming,17B/5A2884B8,17B/5A113CB0,17B/5A113C70,686920,2212688,3108440,2212752,0.226521,0.268973,0.226521,1106424.2534910114,True,42190784,reserved,3.1,37.0,0.0,9965487.067125319,0.0,105.95558978871142,6786107.671766528,220833.43990246093,1004.67,1
2026-09-13T22:22:26.515709+00:00,1789338146.5157096,F_lat_centralindia_rep2,r3-pub,F01,load,16,1,1000,6,207.0,2321303973,22057677,811000465895,61127,1789156079.537691,6011406.455,192964.18600000002,91418669,89338889,433961590,8362,22992,16055221,4889631310,11084516.901,799461.182,17B/5A87A000,17B/5A956478,1,1.0003204345703125,6440660,6438596.8509846395,6.14032445047821,4144,4142.672544503257,4141,4139.673505499031,0.0,0.0,5544207.444269872,0.0,streaming,17B/5A877C58,17B/5A767F18,17B/5A767480,9128,1122536,1457368,1125248,0.226616,0.226616,0.226616,-1087155.6377503546,True,47736768,reserved,2.7,37.0,0.0,5552396.820110743,0.0,14.995195021126653,5912028.58166176,281926.66095153836,1004.67,1
2026-09-13T22:22:27.516217+00:00,1789338147.5162172,F_lat_centralindia_rep2,r3-pub,F01,load,16,1,1000,6,207.0,2321329128,22057677,811006899758,61127,1789156079.537691,6011450.898,192964.18600000002,91422814,89338889,433965732,8362,22992,16055221,4889677086,11084516.901,799470.285,17B/5AEB8000,17B/5AF7D380,1,1.0005075931549072,6433863,6430598.872030603,6.132696983366587,4145,4142.897093793706,4142,4139.89861580061,0.0,0.0,6542087.281277218,0.0,streaming,17B/5AEB5E58,17B/5ADA7CD8,17B/5ADA7C10,8616,1114920,1814464,1115120,0.225694,0.225694,0.225694,-10122.861704690627,True,54282176,reserved,4.7,37.0,0.0,10480440.200293917,0.0,45.97666256079866,6594441.706529331,260165.94154892978,1004.66,1
2026-09-13T22:22:28.516728+00:00,1789338148.5167122,F_lat_centralindia_rep2,r3-pub,F01,load,16,1,1000,6,207.0,2321354328,22057677,811013343835,61127,1789156079.537691,6011502.771000001,192964.18600000002,91426959,89338889,433969874,8362,22992,16055221,4889722879,11084516.901,799478.685,17B/5B545A18,17B/5B5A8C58,1,1.0004949569702148,6444077,6440889.037076718,6.142510449482649,4145,4142.949418308161,4142,4139.950902444488,0.0,0.0,6868176.548144829,0.0,streaming,17B/5B543B98,17B/5B433B60,17B/5B433090,7808,1121976,1481440,1124744,0.226633,0.226633,0.226633,9619.238890662904,True,61153752,reserved,6.0,37.0,0.0,15950121.376249053,0.0,39.980211515639674,6917426.1717003705,277441.6783074936,1004.66,1
2026-09-13T22:22:29.517316+00:00,1789338149.5173008,F_lat_centralindia_rep2,r3-pub,F01,load,16,1,1000,6,207.0,2321379471,22057677,811019765322,61127,1789156079.537691,6011547.643,192964.18600000002,91431094,89338889,433974006,8362,22992,16055221,4889768577,11084516.901,799487.085,17B/5BB7D8E0,17B/5BBC8260,2,1.0005886554718018,6421487,6417709.18037454,6.120404415487805,4135,4132.567341621765,4132,4129.5691065492465,0.0,0.0,6516683.918353459,0.0,streaming,17B/5BB7BFD0,17B/5B975C40,17B/5B975C40,6416,2129056,2855520,2129056,0.225437,0.266956,0.225437,1003721.154050505,True,67674272,reserved,1.8,37.0,0.0,14917043.00101435,0.0,26.984115652669324,6566820.4052361185,248058.97872484406,1004.65,1
2026-09-13T22:22:30.517593+00:00,1789338150.517555,F_lat_centralindia_rep2,r3-pub,F01,load,16,1,1000,6,207.0,2321404500,22057677,811026161134,61127,1789156079.537691,6011591.355,192964.18600000002,91435208,89338889,433978117,8362,22992,16055221,4889814246,11084516.901,799495.867,17B/5C10A000,17B/5C1E61B0,4,1.0002541542053223,6395812,6394186.89051216,6.0979718117829895,4114,4112.954675272979,4111,4109.955437541862,0.0,0.0,5816665.669959026,0.0,streaming,17B/5C103CC8,17B/5BF95FA0,17B/5BF95ED8,25400,1523808,2483136,1524008,0.225266,0.225266,0.225266,-604894.263579136,True,73492416,reserved,3.9,37.0,0.0,5945880.829382868,0.0,25.993393669688253,5834445.151229093,244932.74931174127,1004.65,1
2026-09-13T22:22:31.518206+00:00,1789338151.518206,F_lat_centralindia_rep2,r3-pub,F01,load,16,1,1000,6,207.0,2321429473,22057678,811032557123,61127,1789156079.537691,6011639.143,192964.18600000002,91439315,89338889,433982220,8362,22992,16055221,4889859676,11084516.901,799504.631,17B/5C750000,17B/5C7FF3B0,8,1.0006508827209473,6395989,6391828.669163986,6.095722836650835,4107,4104.328563456956,4103,4100.3311652943485,0.0,0.0,6573897.163926716,0.0,streaming,17B/5C74DDB8,17B/5C643CF8,17B/5C643720,8776,1098504,1855376,1100000,0.225779,0.225779,0.225779,-423732.2000326897,True,80070592,reserved,3.9,37.0,0.0,14957048.715434756,0.0,23.984388975643277,6617154.008793829,248739.10001777444,1004.64,1
2026-09-13T22:22:32.518898+00:00,1789338152.5188982,F_lat_centralindia_rep2,r3-pub,F01,load,16,1,1000,6,207.0,2321454257,22057678,811038902186,61127,1789156079.537691,6011677.901000001,192964.18600000002,91443398,89338889,433986301,8362,22992,16055221,4889904900,11084516.901,799512.776,17B/5CD8E000,17B/5CE18378,3,1.000692367553711,6345063,6340672.923798868,6.046936916159504,4083,4080.175019203242,4081,4078.176402980267,0.0,0.0,6540879.30739482,0.0,streaming,17B/5CD8BBC0,17B/5CC81FC8,17B/5CC81A80,9280,1097784,2220424,1099136,0.225606,0.225606,0.225606,-863.4022083251533,True,86616000,reserved,2.3,37.0,0.0,14923683.325883301,0.0,24.98270278718615,6595828.26252118,256335.5216019792,1004.64,1
2026-09-13T22:22:33.519488+00:00,1789338153.5194883,F_lat_centralindia_rep2,r3-pub,F01,load,16,1,1000,6,207.0,2321478890,22057678,811045213633,61127,1789156079.537691,6011717.416,192964.18600000002,91447462,89338889,433990362,8362,22992,16055221,4889949975,11084516.901,799521.4,17B/5D318000,17B/5D418028,3,1.0005900859832764,6311447,6307724.8999501765,6.015515232038666,4064,4061.6033048201966,4061,4058.605074034158,0.0,0.0,5804702.726284133,0.0,streaming,17B/5D315FF8,17B/5D20DF08,17B/5D20DF08,8200,1089784,1189872,1089784,0.225851,0.260117,0.225851,-9346.484770344114,True,92424128,reserved,1.0,37.0,0.0,5829264.232883361,0.0,18.98879497824403,5862662.525019307,222714.57924851417,1004.63,1
2026-09-13T22:22:34.522521+00:00,1789338154.521494,F_lat_centralindia_rep2,r3-pub,F01,load,16,1,1000,6,207.0,2321503437,22057678,811051483731,61127,1789156079.537691,6011758.088,192964.18600000002,91451506,89338889,433994403,8362,22992,16055221,4889994710,11084516.901,799529.842,17B/5D94C000,17B/5DA24E70,1,1.0020055770874023,6270098,6257548.005097656,5.9676628161408,4044,4035.905680041192,4041,4032.911684729589,0.0,0.0,6491428.93885573,0.0,streaming,17B/5D949BE8,17B/5D83BE38,17B/5D83BE38,9240,1114568,1161072,1114568,0.220138,0.220138,0.220138,24734.39326759172,True,3655672,reserved,8.2,37.0,0.0,14928651.43872867,0.0,33.93194686483693,6530164.252198816,250863.87316392543,1004.62,1
2026-09-13T22:22:35.522064+00:00,1789338155.5220642,F_lat_centralindia_rep2,r3-pub,F01,load,16,1,1000,6,207.0,2321527928,22057678,811057762296,61127,1789156079.537691,6011801.617000001,192964.18600000002,91455540,89338889,433998434,8362,22992,16055221,4890039614,11084516.901,799537.646,17B/5DF78000,17B/5E01F390,1,1.000570297241211,6278565,6274986.39257168,5.984293358394318,4034,4031.700732195041,4031,4028.702442111604,0.0,0.0,6467991.322392663,0.0,streaming,17B/5DF75FF8,17B/5DE6BB68,17B/5DE6BB68,8200,1098904,1442552,1098904,0.225310,0.264900,0.225310,-15655.071955652733,True,10127352,reserved,6.4,37.0,0.0,14872286.376109205,0.0,26.98461075093359,6523078.906095653,251793.40291696135,1004.62,1
2026-09-13T22:22:36.522518+00:00,1789338156.5225182,F_lat_centralindia_rep2,r3-pub,F01,load,16,1,1000,6,207.0,2321552380,22057678,811064012950,61127,1789156079.537691,6011840.868000001,192964.18600000002,91459565,89338889,434002456,8362,22992,16055221,4890084186,11084516.901,799546.234,17B/5E52A000,17B/5E619EF0,1,1.0004539489746094,6250654,6247817.809511826,5.958383378516985,4025,4023.173684431277,4022,4020.175045660272,0.0,0.0,5969258.261333089,0.0,streaming,17B/5E527C00,17B/5E421DC8,17B/5E4217F8,9216,1081912,1253264,1083400,0.225045,0.380089,0.225045,-15496.965168552179,True,16099320,reserved,6.7,37.0,0.0,14390907.262404533,0.0,28.986841453045226,6018917.718473441,229644.7529998513,1004.61,1
2026-09-13T22:22:37.522975+00:00,1789338157.522975,F_lat_centralindia_rep2,r3-pub,F01,load,16,1,1000,6,207.0,2321576885,22057679,811070286209,61127,1789156079.537691,6011882.155,192964.18600000002,91463594,89338889,434006482,8362,22992,16055221,4890129202,11084516.901,799554.485,17B/5EB52000,17B/5EC12F98,1,1.0004568099975586,6273259,6270394.621048467,5.979914303825824,4029,4027.1603528890287,4026,4024.1617226932813,0.0,0.0,6452348.502696237,0.0,streaming,17B/5EB50000,17B/5EA49D18,17B/5EA49740,8192,1082088,1499248,1083584,0.224869,0.260009,0.224869,183.91598533918622,True,22554616,reserved,3.3,37.0,0.0,6460536.762217424,0.0,16.992237775903074,6500665.431040317,247770.8158142328,1004.61,1
2026-09-13T22:22:38.523363+00:00,1789338158.523363,F_lat_centralindia_rep2,r3-pub,F01,load,16,1,1000,6,207.0,2321601289,22057679,811076513644,61127,1789156079.537691,6011923.008,192964.18600000002,91467610,89338889,434010495,8362,22992,16055221,4890174357,11084516.901,799562.597,17B/5F103CD8,17B/5F20B060,1,1.0003881454467773,6227435,6225018.787301606,5.936640536595922,4016,4014.4418126890523,4013,4011.442976673597,0.0,0.0,5968843.220681365,0.0,streaming,17B/5F101D60,17B/5EFFFE00,17B/5EFFE240,8056,1064664,2308528,1071768,0.226362,0.226362,0.226362,-11811.415452871972,True,29599736,reserved,3.1,37.0,0.0,15530100.062372794,0.0,26.989524139094723,6170203.0637751045,230061.70259765888,1004.6,1
2026-09-13T22:22:39.523436+00:00,1789338159.5234368,F_lat_centralindia_rep2,r3-pub,F01,load,16,1,1000,6,207.0,2321625703,22057679,811082758602,61127,1789156079.537691,6011962.258,192964.18600000002,91471635,89338889,434014517,8362,22992,16055221,4890219316,11084516.901,799570.712,17B/5F72A000,17B/5F8024C8,1,1.0000736713409424,6244958,6244497.959461815,5.955217322789969,4025,4024.70349469665,4022,4021.703715694392,0.0,0.0,6447437.00866993,0.0,streaming,17B/5F727D50,17B/5F623E40,17B/5F623830,8880,1073600,1590232,1075152,0.225401,0.225401,0.225401,3383.7507145474447,True,34973688,reserved,2.7,37.0,0.0,13769737.564969163,0.0,22.99830568398086,6359844.461730319,253124.35198956376,1004.6,1
2026-09-13T22:22:40.524365+00:00,1789338160.5243504,F_lat_centralindia_rep2,r3-pub,F01,load,16,1,1000,6,207.0,2321650152,22057679,811089005286,61127,1789156079.537691,6012004.6450000005,192964.18600000002,91475666,89338889,434018545,8362,22992,16055221,4890263663,11084516.901,799579.225,17B/5FD54000,17B/5FDFB860,1,1.0009136199951172,6246684,6240982.113951525,5.951864351226353,4031,4027.3205594101764,4028,4024.323297768343,0.0,0.0,6457588.218283543,0.0,streaming,17B/5FD51BC8,17B/5FC45EB8,17B/5FC45DF0,9272,1106248,1860528,1106448,0.224789,0.224789,0.224789,31267.433447606272,True,41437176,reserved,4.3,37.0,0.0,14891738.609843988,0.0,29.972616418334233,6512490.05886422,266708.32993690536,1004.59,1
2026-09-13T22:22:41.524884+00:00,1789338161.5248618,F_lat_centralindia_rep2,r3-pub,F01,load,16,1,1000,6,207.0,2321674565,22057679,811095258725,61127,1789156079.537691,6012044.351000001,192964.18600000002,91479691,89338889,434022567,8362,22992,16055221,4890308039,11084516.901,799587.417,17B/60322000,17B/603FCAF0,1,1.0005114078521729,6253439,6250242.576868204,5.960695816868023,4025,4022.94263554734,4022,4019.944168986684,0.0,0.0,6083544.827406219,0.0,streaming,17B/6031FE90,17B/60219FE8,17B/60219488,8560,1081368,1794720,1084280,0.050908,0.050908,0.050908,-22156.66890554371,True,47523832,reserved,4.4,37.0,0.0,6104014.359126966,0.0,18.99028821749055,6136581.703931109,250568.8571189594,1004.59,1
2026-09-13T22:22:42.525115+00:00,1789338162.5251038,F_lat_centralindia_rep2,r3-pub,F01,load,16,1,1000,6,207.0,2321699087,22057679,811101536359,61127,1789156079.537691,6012084.36,192964.18600000002,91483733,89338889,434026606,8362,22992,16055221,4890352766,11084516.901,799595.62,17B/609595E0,17B/609FEC68,1,1.000241994857788,6277634,6276115.2123917155,5.985369884864536,4042,4041.022093433181,4039,4038.0228192421123,0.0,0.0,6516663.001063805,0.0,streaming,17B/60957D58,17B/6084DFE0,17B/6084D500,6280,1095168,1106968,1097952,0.090155,0.090155,0.090155,13668.692246763596,True,54042072,reserved,2.3,37.0,0.0,14914022.883153344,0.0,21.994677401170208,6550275.8669231115,241129.64786515638,1004.58,1
2026-09-13T22:22:43.525292+00:00,1789338163.5252924,F_lat_centralindia_rep2,r3-pub,F01,load,16,1,1000,6,207.0,2321723607,22057680,811107819852,61127,1789156079.537691,6012123.156,192964.18600000002,91487774,89338889,434030644,8362,22992,16055221,4890397731,11084516.901,799603.954,17B/60F8A8B8,17B/61001690,1,1.0001885890960693,6283493,6282308.225170586,5.9912760020929205,4041,4040.238055157273,4038,4037.2386208178837,0.0,0.0,6491663.743002721,0.0,streaming,17B/60F89FF8,17B/60E7FFE0,17B/60E7DBB0,2240,1091800,2448952,1101064,0.050704,0.050704,0.050704,3111.4132213930793,True,60534960,reserved,3.3,37.0,0.0,14898438.316984955,0.0,23.995474715113723,6549784.782008512,260786.81844964178,1004.58,1
2026-09-13T22:22:44.525987+00:00,1789338164.5259879,F_lat_centralindia_rep2,r3-pub,F01,load,16,1,1000,6,207.0,2321748206,22057680,811114101821,61127,1789156079.537691,6012161.741,192964.18600000002,91491826,89338889,434034692,8362,22992,16055221,4890442598,11084516.901,799611.884,17B/6152D850,17B/61607058,1,1.0006954669952393,6281969,6277603.134210946,5.986788877688356,4052,4049.1839262216595,4048,4045.1867061562875,0.0,0.0,5906316.351913802,0.0,streaming,17B/6152BFF8,17B/61423EB8,17B/61423EB8,6232,1087896,1142120,1087896,0.225681,0.260772,0.225681,-13158.84845520405,True,66445384,reserved,7.5,36.9,0.0,14330129.867639564,0.0,25.981930424916868,5952475.2499237,229621.30596030087,1004.57,1
2026-09-13T22:22:45.526141+00:00,1789338165.526141,F_lat_centralindia_rep2,r3-pub,F01,load,16,1,1000,6,207.0,2321772860,22057680,811120406784,61127,1789156079.537691,6012202.377,192964.18600000002,91495882,89338889,434038746,8362,22992,16055221,4890487606,11084516.901,799620.42,17B/61B62000,17B/61C0BD60,1,1.0001530647277832,6304963,6303998.080249901,6.011961059808637,4056,4055.379264476825,4054,4053.3795705594302,0.0,0.0,6505420.249620376,0.0,streaming,17B/61B5FF88,17B/61A57D98,17B/61A571F0,8312,1090152,1473776,1093136,0.225427,0.265845,0.225427,5239.198063574597,True,72951800,reserved,5.8,37.0,0.0,6519834.043376959,0.0,17.99724525655396,6563759.319966455,246562.26001478924,1004.56,1
2026-09-13T22:22:46.526588+00:00,1789338166.5265882,F_lat_centralindia_rep2,r3-pub,F01,load,16,1,1000,6,207.0,2321797465,22057680,811126690321,61127,1789156079.537691,6012247.684,192964.18600000002,91499936,89338889,434042797,8362,22992,16055221,4890532715,11084516.901,799629.237,17B/6220E000,17B/6220E060,1,1.0004472732543945,6283537,6280727.798437627,5.9897687897087355,4054,4052.187564880439,4051,4049.1889061003103,0.0,0.0,6992840.289566224,0.0,streaming,17B/62148830,17B/61FFFFE8,17B/61FFFA38,808912,2154520,3317032,2155976,0.225458,0.268895,0.225458,1062364.832623958,True,79947768,reserved,4.5,37.0,0.0,15414545.486075431,0.0,25.98837609444781,6524221.890042849,235415.70485155546,1004.56,1
2026-09-13T22:22:47.527116+00:00,1789338167.527116,F_lat_centralindia_rep2,r3-pub,F01,load,16,1,1000,6,207.0,2321822060,22057680,811132968166,61127,1789156079.537691,6012282.035,192964.18600000002,91503996,89338889,434046854,8362,22992,16055221,4890577437,11084516.901,799637.483,17B/62736000,17B/6280FD08,1,1.0005278587341309,6277845,6274532.93298873,5.98386090563653,4060,4057.858024200063,4057,4054.8596069408018,0.0,0.0,5403867.521330779,0.0,streaming,17B/62731FE0,17B/6262DE90,17B/6262DE90,16416,1081712,1536032,1081712,0.226081,0.261518,0.226081,-1073697.2395342996,True,85354488,reserved,2.3,37.0,32750.712250489574,13788049.85745611,0.9994724197537102,19.989448395074202,6008817.193362688,251652.1632076879,1004.55,1
2026-09-13T22:22:48.527247+00:00,1789338168.5272222,F_lat_centralindia_rep2,r3-pub,F01,load,16,1,1000,6,207.0,2321846688,22057680,811139256468,61127,1789156079.537691,6012331.708000001,192964.18600000002,91508062,89338889,434050917,8362,22992,16055221,4890622884,11084516.901,799646.381,17B/62D6A000,17B/62E15060,1,1.0001060962677002,6288302,6287634.905403875,5.996355920223117,4066,4065.568658339271,4063,4062.568976594309,0.0,0.0,6503757.975552768,0.0,streaming,17B/62D67FE0,17B/62C61FF8,17B/62C61FF8,8224,1081352,1865992,1081352,0.227546,0.227546,0.227546,-359.9618093955085,True,91858936,reserved,2.1,37.0,0.0,6511949.106504346,0.0,16.998196554787903,6583948.467640853,273106.0244701173,1004.55,1
2026-09-13T22:22:49.527575+00:00,1789338169.5275755,F_lat_centralindia_rep2,r3-pub,F01,load,16,1,1000,6,207.0,2321871322,22057681,811145570124,61127,1789156079.537691,6012372.163000001,192964.18600000002,91512128,89338889,434054979,8362,22992,16055221,4890668061,11084516.901,799655.279,17B/6332C000,17B/6341D4F0,1,1.0003533363342285,6313656,6311425.94389323,6.019044822591047,4066,4064.563841911861,4062,4060.565254757988,0.0,0.0,6035371.483964149,0.0,streaming,17B/63329FE8,17B/6321DD88,17B/6321D2A8,8216,1106552,1726464,1109336,0.225365,0.225365,0.225365,27974.11572849521,True,3364656,reserved,2.7,37.0,0.0,14560231.34123237,0.0,37.986577961793095,6085439.793011369,235683.7243767914,1004.54,1
2026-09-13T22:22:50.527888+00:00,1789338170.527889,F_lat_centralindia_rep2,r3-pub,F01,load,16,1,1000,6,207.0,2321895964,22057681,811151863100,61127,1789156079.537691,6012413.521000001,192964.18600000002,91516190,89338889,434059038,8362,22992,16055221,4890712917,11084516.901,799663.638,17B/639632E8,17B/63A25300,1,1.0003135204315186,6292976,6291003.641823531,5.999568597625285,4062,4060.726879156568,4059,4057.72781942307,0.0,0.0,6515437.277293291,0.0,streaming,17B/63961FC8,17B/63853B50,17B/63853AE8,4896,1111960,2059280,1112064,0.225160,0.225160,0.225160,2727.1449843277,True,9882136,reserved,3.5,37.0,0.0,9352331.85288178,0.0,67.97868729262595,6577946.679318594,262069.83575200703,1004.54,1
2026-09-13T22:22:51.528920+00:00,1789338171.5289009,F_lat_centralindia_rep2,r3-pub,F01,load,16,1,1000,6,207.0,2321920650,22057681,811158183521,61127,1789156079.537691,6012453.242000001,192964.18600000002,91520257,89338889,434063102,8362,22992,16055221,4890757870,11084516.901,799672.022,17B/63F9C000,17B/6402F6A8,1,1.001011848449707,6320421,6314032.156351196,6.021530300475307,4067,4062.8889720922566,4064,4059.892004569199,0.0,0.0,6517589.187484816,0.0,streaming,17B/63F9A000,17B/63E8DFE8,17B/63E8DAA0,8192,1105944,1342488,1107296,0.225683,0.266371,0.225683,-4763.180383313469,True,16406320,reserved,7.6,37.0,0.0,10184638.689131577,0.0,29.969675230579714,6569381.78122913,266070.7766970867,1004.53,1
2026-09-13T22:22:52.531522+00:00,1789338172.5315065,F_lat_centralindia_rep2,r3-pub,F01,load,16,1,1000,6,207.0,2321945308,22057681,811164483905,61127,1789156079.537691,6012501.5430000005,192964.18600000002,91524319,89338889,434067162,8362,22992,16055221,4890803331,11084516.901,799682.032,17B/64634000,17B/64637398,1,1.002605676651001,6300384,6284009.902123379,5.992898847697619,4062,4051.4432489234246,4060,4049.4484467329157,0.0,0.0,6896079.047841582,0.0,streaming,17B/645FE330,17B/6441FD68,17B/6441FD68,220368,2179736,3134808,2179736,0.226175,0.226175,0.226175,1069652.8305946426,True,23320368,reserved,2.7,37.0,0.0,6912420.467386231,0.0,19.948021905088254,6958211.151669361,239519.8886187757,1004.53,1
2026-09-13T22:22:53.532247+00:00,1789338173.5322473,F_lat_centralindia_rep2,r3-pub,F01,load,16,1,1000,6,207.0,2321969995,22057681,811170790449,61127,1789156079.537691,6012538.859,192964.18600000002,91528383,89338889,434071223,8362,22992,16055221,4890848523,11084516.901,799692.412,17B/64B61B10,17B/64C3B818,1,1.0007407665252686,6306544,6301875.781374757,6.009937077879674,4064,4060.9917532498007,4061,4057.9939739043903,0.0,0.0,5426012.591506526,0.0,streaming,17B/64B5FC88,17B/64A57E80,17B/64A57E80,7816,1088656,1338976,1088656,0.226284,0.262780,0.226284,-1090272.362730264,True,28750400,reserved,4.5,37.0,0.0,14886124.857014956,0.0,40.9696510539473,5486406.853458954,269200.5852178879,1004.52,1
2026-09-13T22:22:54.532706+00:00,1789338174.5327065,F_lat_centralindia_rep2,r3-pub,F01,load,16,1,1000,6,207.0,2321994633,22057681,811177085085,61127,1789156079.537691,6012586.4120000005,192964.18600000002,91532447,89338889,434075282,8362,22992,16055221,4890893655,11084516.901,799701.744,17B/65210000,17B/65242560,1,1.0004591941833496,6294636,6291746.866435825,6.000277391849351,4064,4062.1346913777365,4059,4057.136986294841,0.0,0.0,7002208.626528098,0.0,streaming,17B/6520DC88,17B/64FFFFC8,17B/64FFFAC0,9080,2162744,2201624,2164032,0.225719,0.225719,0.225719,1074882.4202448388,True,35755824,reserved,1.9,37.0,0.0,15422550.054722453,0.0,27.98714846421669,7062761.82085348,252960.84185280598,1004.52,1
2026-09-13T22:22:55.533253+00:00,1789338175.5332284,F_lat_centralindia_rep2,r3-pub,F01,load,16,1,1000,6,207.0,2322019261,22057682,811183381062,61127,1789156079.537691,6012627.7020000005,192964.18600000002,91536514,89338889,434079347,8362,22992,16055221,4890938811,11084516.901,799710.322,17B/65840000,17B/65845DF0,6,1.0005218982696533,6295977,6292692.854487783,6.001179556358131,4067,4064.8785469200116,4065,4062.8795901720796,0.0,0.0,6484679.656907803,0.0,streaming,17B/65820878,17B/6562BB78,17B/6562B5A8,128904,2180232,2492944,2181720,0.225306,0.266475,0.225306,17678.773478711868,True,42243888,reserved,4.3,37.0,0.0,6505148.974006629,0.0,17.990610731389282,6550388.363647455,233371.20397245986,1004.51,1
2026-09-13T22:22:56.533610+00:00,1789338176.5335832,F_lat_centralindia_rep2,r3-pub,F01,load,16,1,1000,6,207.0,2322043838,22057682,811189661956,61127,1789156079.537691,6012665.567000001,192964.18600000002,91540570,89338889,434083400,8362,22992,16055221,4890983847,11084516.901,799719.107,17B/65D6A000,17B/65E49748,3,1.0003547668457031,6280894,6278666.537277348,5.987803017880772,4056,4054.5615759789807,4053,4051.5626399020734,0.0,0.0,5412991.650026503,0.0,streaming,17B/65D65B70,17B/65C5FD78,17B/65C5F830,17552,1090184,1736160,1091536,0.226255,0.226255,0.226255,-1089797.376022453,True,47658800,reserved,3.9,37.0,0.0,13798624.70543821,0.0,19.992907179383536,5476778.020736967,265362.85805588076,1004.51,1
2026-09-13T22:22:57.534118+00:00,1789338177.534108,F_lat_centralindia_rep2,r3-pub,F01,load,16,1,1000,6,207.0,2322068415,22057682,811195947204,61127,1789156079.537691,6012712.613000001,192964.18600000002,91544628,89338889,434087455,8362,22992,16055221,4891029373,11084516.901,799726.844,17B/6642DBF0,17B/66452F18,2,1.0005247592926025,6285248,6281951.487581213,5.990935790616239,4058,4055.8716436653835,4055,4052.8732171175775,0.0,0.0,7089511.712848668,0.0,streaming,17B/6642BC60,17B/6621BBD0,17B/6621B688,8080,2170912,2665008,2172264,0.050379,0.050379,0.050379,1080161.1753857078,True,54752032,reserved,2.3,37.0,0.0,15515697.993296802,0.0,26.985838930252676,7174926.890440498,235364.49029656823,1004.5,1
2026-09-13T22:22:58.534418+00:00,1789338178.5344186,F_lat_centralindia_rep2,r3-pub,F01,load,16,1,1000,6,207.0,2322092966,22057682,811202227729,61127,1789156079.537691,6012748.034,192964.18600000002,91548682,89338889,434091506,8362,22992,16055221,4891074388,11084516.901,799734.933,17B/66956000,17B/66A55320,2,1.0003106594085693,6280525,6278574.501758625,5.987715245970368,4054,4052.7409778847255,4051,4049.7419095735136,0.0,0.0,5406080.550213592,0.0,streaming,17B/6694FB80,17B/66849FF8,17B/66849FF8,25728,1097736,1894704,1097736,0.052095,0.052095,0.052095,-1074194.2914367337,True,60159792,reserved,5.0,37.0,0.0,13799233.138394516,0.0,20.993478178485258,5453058.955929857,262752.37350304733,1004.49,1
2026-09-13T22:22:59.537673+00:00,1789338179.5376732,F_lat_centralindia_rep2,r3-pub,F01,load,16,1,1000,6,207.0,2322117567,22057682,811208499688,61127,1789156079.537691,6012798.83,192964.18600000002,91552740,89338889,434095561,8362,22992,16055221,4891118988,11084516.901,799743.693,17B/66F86000,17B/6705E7C8,1,1.0032546520233154,6271959,6251612.177776616,5.962001970078102,4058,4044.835468059901,4055,4041.8452003407833,0.0,0.0,6467016.112923261,0.0,streaming,17B/66F83FE8,17B/66E79C10,17B/66E79C10,8216,1098736,1177808,1098736,0.098547,0.098547,0.098547,996.7559063725729,True,66647856,reserved,2.1,37.0,0.0,6483346.961693269,0.0,15.948094501961167,6561162.698547869,265015.46687452693,1004.49,1
2026-09-13T22:23:00.538272+00:00,1789338180.538273,F_lat_centralindia_rep2,r3-pub,F01,load,16,1,1000,6,207.0,2322142201,22057682,811214786989,61127,1789156079.537691,6012845.427,192964.18600000002,91556801,89338889,434099620,8362,22992,16055221,4891164141,11084516.901,799752.137,17B/67632000,17B/67662CB8,1,1.0005998611450195,6287301,6283531.75344761,5.992442849586115,4061,4058.565424297444,4059,4056.566623300499,0.0,0.0,6991773.90649873,0.0,streaming,17B/6762BFF8,17B/6741BD18,17B/6741B7C8,24584,2188008,3016424,2189368,0.225361,0.259975,0.225361,1089978.1644502266,True,73643824,reserved,5.0,37.0,0.0,15485878.623117503,0.0,28.98261445570694,7043353.9656254025,228696.8136674911,1004.48,1
2026-09-13T22:23:01.538601+00:00,1789338181.5386014,F_lat_centralindia_rep2,r3-pub,F01,load,16,1,1000,6,207.0,2322166843,22057683,811221086013,61127,1789156079.537691,6012887.349,192964.18600000002,91560857,89338889,434103673,8362,22992,16055221,4891209181,11084516.901,799760.47,17B/67B60000,17B/67C67E50,1,1.0003283023834229,6299024,6296956.694109013,6.005245870694173,4056,4054.6688425549987,4053,4051.6698271389077,0.0,0.0,5429513.477784417,0.0,streaming,17B/67B5BFD8,17B/67A53CC8,17B/67A530E0,16424,1098552,1235264,1101600,0.225324,0.225324,0.225324,-1087411.0003768161,True,79075120,reserved,2.9,37.0,0.0,13823557.693061985,0.0,20.993107912636827,5550766.670072391,255510.11542011893,1004.48,1
2026-09-13T22:23:02.538905+00:00,1789338182.5389051,F_lat_centralindia_rep2,r3-pub,F01,load,16,1,1000,6,207.0,2322191440,22057683,811227372859,61127,1789156079.537691,6012929.799000001,192964.18600000002,91564913,89338889,434107726,8362,22992,16055221,4891254306,11084516.901,799769.117,17B/6820A000,17B/6826C990,1,1.0003037452697754,6286846,6284936.980121451,5.993782978173686,4056,4054.768383283543,4053,4051.7692942426524,0.0,0.0,6985654.140598507,0.0,streaming,17B/68207DD8,17B/680FFBA0,17B/680FEFF8,8744,1090656,2062456,1093640,0.226584,0.265912,0.226584,-7957.582921828649,True,86062896,reserved,7.7,37.0,0.0,7014317.434258641,0.0,16.994837898377767,7011399.320621855,284191.6781220609,1004.47,1
2026-09-13T22:23:03.539725+00:00,1789338183.5397003,F_lat_centralindia_rep2,r3-pub,F01,load,16,1,1000,6,207.0,2322216035,22057683,811233645629,61127,1789156079.537691,6012968.2,192964.18600000002,91568973,89338889,434111783,8362,22992,16055221,4891299163,11084516.901,799777.322,17B/68840000,17B/68871A80,1,1.0007951259613037,6272770,6267786.320376764,5.9774268344657555,4060,4056.7743533924668,4057,4053.7767368751815,0.0,0.0,6507465.745043821,0.0,streaming,17B/6883DFC8,17B/6862BCB8,17B/6862BCB8,8248,2179912,2577816,2179912,0.225452,0.225452,0.225452,1085408.963154764,True,92575536,reserved,7.7,37.0,0.0,14905780.02732679,0.0,22.9817266325189,6570847.348685296,215192.8945428609,1004.47,1
2026-09-13T22:23:04.540193+00:00,1789338184.5401933,F_lat_centralindia_rep2,r3-pub,F01,load,16,1,1000,6,207.0,2322240635,22057683,811239942844,61127,1789156079.537691,6013005.972,192964.18600000002,91573032,89338889,434115839,8362,22992,16055221,4891343891,11084516.901,799785.657,17B/68E72000,17B/68E74B70,1,1.000493049621582,6297215,6294111.690612748,6.002532663929699,4059,4056.999697834224,4056,4054.001176254155,0.0,0.0,6493054.601885629,0.0,streaming,17B/68D73D60,17B/68C5FFB8,17B/68C5FFB8,1041056,2170952,2228224,2170952,0.226487,0.226487,0.226487,-8955.58445247466,True,99071792,reserved,4.2,37.0,0.0,14922562.436237779,0.0,27.986201413983316,5691390.86188927,259662.9732692907,1004.46,1
2026-09-13T22:23:05.540778+00:00,1789338185.5407786,F_lat_centralindia_rep2,r3-pub,F01,load,16,1,1000,6,207.0,2322265286,22057683,811246244157,61127,1789156079.537691,6013048.924000001,192964.18600000002,91577100,89338889,434119904,8362,22992,16055221,4891389024,11084516.901,799793.719,17B/69416000,17B/6949E190,2,1.0005853176116943,6301313,6297626.888070532,6.005885017462284,4068,4065.6203208237594,4065,4062.6220757494057,0.0,0.0,5911164.0915516,0.0,streaming,17B/69411FF0,17B/6930BE28,17B/6930BE28,16400,1090008,2402376,1090008,0.226798,0.226798,0.226798,-1080311.6745507664,True,104986416,reserved,2.9,37.0,0.0,14298958.567721425,0.0,25.98479064439964,6765423.078721461,277187.75712400925,1004.46,1
2026-09-13T22:23:06.541235+00:00,1789338186.5412352,F_lat_centralindia_rep2,r3-pub,F01,load,16,1,1000,6,207.0,2322289923,22057683,811252543260,61127,1789156079.537691,6013090.701,192964.18600000002,91581166,89338889,434123967,8362,22992,16055221,4891433933,11084516.901,799802.518,17B/69A7C000,17B/69B6BC70,2,1.0004565715789795,6299103,6296228.321093823,6.004551240056823,4066,4064.14442716169,4063,4061.1457962513396,0.0,0.0,6706186.1460023895,0.0,streaming,17B/69A77FE0,17B/69963FE8,17B/699635D0,16416,1146904,1645184,1149488,0.210278,0.224413,0.210278,59452.85551588227,True,111695664,reserved,2.1,37.0,0.0,6706186.1460023895,0.0,15.992698188535918,5957944.77174809,248703.44907355885,1004.45,1
2026-09-13T22:23:07.541975+00:00,1789338187.5419495,F_lat_centralindia_rep2,r3-pub,F01,load,16,1,1000,6,207.0,2322314506,22057684,811258823782,61127,1789156079.537691,6013145.2190000005,192964.18600000002,91585225,89338889,434128023,8362,22992,16055221,4891479189,11084516.901,799811.886,17B/6A20C000,17B/6A20D530,2,1.0007143020629883,6280522,6276039.0123860575,5.98529721487623,4059,4056.102717461225,4056,4053.1048588378244,0.0,0.0,7924195.730642079,0.0,streaming,17B/6A13ABA8,17B/69FA3D10,17B/69FA3D10,857176,2523888,3158488,2523888,0.216208,0.225866,0.216208,1373418.964000667,True,119625520,reserved,3.1,37.0,0.0,16380491.381213637,0.0,28.979300026207323,6637771.626033879,246837.6833335716,1004.45,1
2026-09-13T22:23:08.542190+00:00,1789338188.54219,F_lat_centralindia_rep2,r3-pub,F01,load,16,1,1000,6,207.0,2322339200,22057684,811265117895,61127,1789156079.537691,6013185.857000001,192964.18600000002,91589293,89338889,434132088,8362,22992,16055221,4891524303,11084516.901,799820.935,17B/6A836000,17B/6A8BD198,2,1.0002405643463135,6294113,6292599.22498083,6.001090264302092,4068,4067.0216196026377,4065,4064.0223411221045,0.0,0.0,6461933.489194251,0.0,streaming,17B/6A82FFE8,17B/6A621C38,17B/6A621C38,24600,2180040,3228616,2180040,0.224558,0.377747,0.224558,-343765.302324761,True,126089008,reserved,5.4,37.0,0.0,14848523.974536346,0.0,22.994468350752374,6526375.986626981,291094.9729281224,1004.44,1
2026-09-13T22:23:09.542721+00:00,1789338189.5427217,F_lat_centralindia_rep2,r3-pub,F01,load,16,1,1000,6,207.0,2322363858,22057684,811271418826,61127,1789156079.537691,6013226.882,192964.18600000002,91593355,89338889,434136146,8362,22992,16055221,4891570032,11084516.901,799829.389,17B/6AE76000,17B/6AF07D50,2,1.0005316734313965,6300931,6297582.742573752,6.00584291703582,4062,4059.841490144009,4058,4055.8436157076294,0.0,0.0,6550117.476565184,0.0,streaming,17B/6AE73FE8,17B/6AD69FD8,17B/6AD69988,8216,1097768,1175072,1099384,0.226184,0.226184,0.226184,-1080081.749230198,True,132642608,reserved,3.9,37.2,0.0,14934267.84656862,0.0,24.986715227375733,6279110.563740458,236751.12571660327,1004.44,1
2026-09-13T22:23:10.543128+00:00,1789338190.5431283,F_lat_centralindia_rep2,r3-pub,F01,load,16,1,1000,6,207.0,2322388546,22057684,811277728352,61127,1789156079.537691,6013263.425000001,192964.18600000002,91597425,89338889,434140213,8362,22992,16055221,4891615303,11084516.901,799839.18,17B/6B41B450,17B/6B50C848,2,1.0004065036773682,6309526,6306962.19667403,6.014787861513167,4070,4068.346202307955,4067,4065.3474213234526,0.0,0.0,5917418.547599874,0.0,streaming,17B/6B419C28,17B/6B313FE8,17B/6B3124F0,6184,1078376,1216248,1085280,0.225851,0.260322,0.225851,-14098.26900180624,True,138562432,reserved,9.3,37.2,0.0,6030956.3940477725,0.0,20.99146689151525,5978423.748761264,225334.40073746268,1004.43,1
2026-09-13T22:23:11.543889+00:00,1789338191.5438895,F_lat_centralindia_rep2,r3-pub,F01,load,16,1,1000,6,207.0,2322453741,22057685,811286532439,61127,1789156079.537691,6013301.824,192964.18600000002,91601495,89338889,434144324,8375,23043,16055221,4891773056,11084516.901,799848.481,17B/6BA58000,17B/6BB30CE0,1,1.0007612705230713,8804087,8797389.806460373,8.389844709835408,4070,4066.9039858753918,4111,4107.872797526717,12.990111011395602,50.96120473701351,6535232.919816738,0.0,streaming,17B/6BA55B88,17B/6B94DF30,17B/6B94D8C0,9336,1089744,1421576,1091392,0.226364,0.260948,0.226364,6107.35065397307,True,145102640,reserved,7.4,37.0,0.0,14939027.358828368,0.0,20.98402547994674,6471167.690787152,276087.82247896784,1004.43,1
2026-09-13T22:23:12.544367+00:00,1789338192.5443673,F_lat_centralindia_rep2,r3-pub,F01,load,16,1,1000,6,207.0,2322478339,22057685,811292824990,61127,1789156079.537691,6013351.5370000005,192964.18600000002,91605555,89338889,434148382,8375,23043,16055221,4891818522,11084516.901,799857.574,17B/6C104000,17B/6C135BC0,1,1.0004777908325195,6292551,6289545.9126222385,5.998178398725737,4060,4058.061095610713,4058,4056.062050736028,0.0,0.0,6992626.986930416,0.0,streaming,17B/6C101E60,17B/6BF81C10,17B/6BF81BC8,8608,1582064,2180136,1582136,0.225740,0.225740,0.225740,490509.63899122755,True,152098608,reserved,11.9,37.0,0.0,15455015.735165292,0.0,26.987105808248586,7063931.918087996,244530.16572854042,1004.42,1
2026-09-13T22:23:13.544863+00:00,1789338193.5448635,F_lat_centralindia_rep2,r3-pub,F01,load,16,1,1000,6,207.0,2322502451,22057686,811298990285,61127,1789156079.537691,6013383.567000001,192964.18600000002,91609539,89338889,434152363,8375,23043,16055221,4891862780,11084516.901,799865.873,17B/6C618000,17B/6C6E6BF0,1,1.0004961490631104,6165295,6162237.61158235,5.87676774175868,3984,3982.024322363177,3981,3979.025810072241,0.0,0.0,5322159.41559223,0.0,streaming,17B/6C615FF8,17B/6C50BFD8,17B/6C50B508,8200,1097768,1296280,1100536,0.075888,0.075888,0.075888,-481361.17310494627,True,157423408,reserved,3.5,37.0,0.0,5322159.41559223,0.0,12.993553260723218,5387762.866501524,229953.90858369763,1004.41,1
2026-09-13T22:23:14.545962+00:00,1789338194.5459623,F_lat_centralindia_rep2,r3-pub,F01,load,16,1,1000,6,207.0,2322525640,22057686,811304918827,61127,1789156079.537691,6013427.267,192964.18600000002,91613365,89338889,434156186,8375,23043,16055221,4891905368,11084516.901,799873.558,17B/6CC4E000,17B/6CC93408,1,1.001098871231079,5928542,5922034.446717043,5.647692152707141,3826,3821.8003335625194,3823,3818.803626557635,0.0,0.0,6505491.302763358,0.0,streaming,17B/6CC39FF0,17B/6CB39D10,17B/6CB39230,81936,1131248,1602120,1134032,0.044848,0.044848,0.044848,33459.232611868836,True,163936048,reserved,3.8,37.0,0.0,14893074.428967688,0.0,23.973656039074875,6492217.88853639,249463.8713286034,1004.41,1
2026-09-13T22:23:15.546811+00:00,1789338195.5468109,F_lat_centralindia_rep2,r3-pub,F01,load,16,1,1000,6,207.0,2322548696,22057686,811310807596,61127,1789156079.537691,6013463.217,192964.18600000002,91617169,89338889,434159987,8375,23043,16055221,4891947471,11084516.901,799881.449,17B/6D20DCB8,17B/6D2241B0,1,1.0008485317230225,5888769,5883776.42904878,5.611206463860302,3804,3800.774921906694,3801,3797.777465343676,0.0,0.0,6023360.98712321,0.0,streaming,17B/6D20BD20,17B/6CFFFCC0,17B/6CFFFC58,8088,2154488,2543416,2154592,0.225508,0.225508,0.225508,1019694.7566511818,True,169964520,reserved,3.7,37.0,0.0,9744307.645843612,0.0,103.91182751795378,6171143.588897494,209000.65631298593,1004.4,1
2026-09-13T22:23:16.547241+00:00,1789338196.5472414,F_lat_centralindia_rep2,r3-pub,F01,load,16,1,1000,6,207.0,2322571500,22057686,811316623252,61127,1789156079.537691,6013495.934,192964.18600000002,91620928,89338889,434163743,8375,23043,16055221,4891989431,11084516.901,799889.893,17B/6D72A000,17B/6D7B1888,1,1.0004305839538574,5815656,5813152.949618575,5.5438546653924705,3759,3757.3821315456457,3756,3754.383422741539,0.0,0.0,5356101.748531855,0.0,streaming,17B/6D727F98,17B/6D61DCC8,17B/6D61DCC8,8296,1098552,1717368,1098552,0.227185,0.227185,0.227185,-1055585.4818295992,True,175322928,reserved,6.2,37.0,0.0,16839597.13968223,0.0,44.98063206159991,5413821.895162901,237908.56039141014,1004.4,1
2026-09-13T22:23:17.547887+00:00,1789338197.5478876,F_lat_centralindia_rep2,r3-pub,F01,load,16,1,1000,6,207.0,2322594361,22057686,811322451834,61127,1789156079.537691,6013528.275,192964.18600000002,91624698,89338889,434167509,8375,23043,16055221,4892031612,11084516.901,799897.544,17B/6DC6C000,17B/6DD50258,1,1.0006461143493652,5828582,5824818.501183937,5.554979802307069,3770,3767.565721725017,3766,3763.5683045136375,0.0,0.0,5509656.132112973,0.0,streaming,17B/6DC67FF8,17B/6DB5BFD8,17B/6DB5B988,16392,1114152,2084624,1115768,0.226168,0.226168,0.226168,17204.88367777663,True,180836144,reserved,4.3,37.0,0.0,5509656.132112973,0.0,12.991605936982817,5575381.665902473,212287.83778181346,1004.39,1
2026-09-13T22:23:18.548384+00:00,1789338198.5483844,F_lat_centralindia_rep2,r3-pub,F01,load,16,1,1000,6,207.0,2322617417,22057686,811328339583,61127,1789156079.537691,6013564.356000001,192964.18600000002,91628499,89338889,434171308,8375,23043,16055221,4892073968,11084516.901,799905.95,17B/6E212000,17B/6E2F6A10,1,1.0004968643188477,5887749,5884825.040414757,5.612206497587926,3801,3799.112356626699,3799,3797.1133498618337,0.0,0.0,5919874.625526524,0.0,streaming,17B/6E20FF28,17B/6E0FFE78,17B/6E0FF2B8,8408,1122696,2176344,1125704,0.225774,0.251637,0.225774,9931.065607851324,True,186758960,reserved,3.5,37.0,0.0,14328880.49055521,0.0,21.989074413519436,5983181.1707630465,233892.78701969408,1004.39,1
2026-09-13T22:23:19.549195+00:00,1789338199.5491958,F_lat_centralindia_rep2,r3-pub,F01,load,16,1,1000,6,207.0,2322640709,22057687,811334307161,61127,1789156079.537691,6013604.75,192964.18600000002,91632342,89338889,434175148,8375,23043,16055221,4892116668,11084516.901,799914.225,17B/6E82FBF0,17B/6E8C6FB8,3,1.0008113384246826,5967578,5962740.1997595355,5.686512183913742,3843,3839.884554114901,3840,3836.886986156966,0.0,0.0,6408096.864784512,0.0,streaming,17B/6E82DD48,17B/6E72DB80,17B/6E72DB80,7848,1056880,1373448,1056880,0.231539,0.261664,0.231539,-68768.20571230912,True,3314560,reserved,4.1,37.0,0.0,14868704.448755475,0.0,31.97405821797472,6478296.908791395,257107.39888801196,1004.38,1
2026-09-13T22:23:20.549404+00:00,1789338200.5494046,F_lat_centralindia_rep2,r3-pub,F01,load,16,1,1000,6,207.0,2322664400,22057687,811340360978,61127,1789156079.537691,6013643.738000001,192964.18600000002,91636254,89338889,434179057,8375,23043,16055221,4892160047,11084516.901,799922.086,17B/6EE56000,17B/6EE924A8,3,1.000208854675293,6053817,6052552.896030206,5.772164245634276,3912,3911.183131117139,3909,3908.1837575503314,0.0,0.0,6446797.556189722,0.0,streaming,17B/6EE41CB8,17B/6ED41F88,17B/6ED41F40,82760,1130616,1648056,1130688,0.224853,0.224853,0.224853,73792.588072979,True,9762704,reserved,3.3,37.0,0.0,6486709.220452042,0.0,16.99645021190986,6447777.35155488,258320.0486501175,1004.38,1
2026-09-13T22:23:21.549663+00:00,1789338201.5496633,F_lat_centralindia_rep2,r3-pub,F01,load,16,1,1000,6,207.0,2322688329,22057687,811346472616,61127,1789156079.537691,6013679.847,192964.18600000002,91640207,89338889,434183007,8375,23043,16055221,4892204194,11084516.901,799930.546,17B/6F418000,17B/6F4896F8,3,1.0002586841583252,6111638,6110057.424937711,5.827004837930404,3953,3951.9776859785825,3950,3948.978461830357,0.0,0.0,6035942.597269526,0.0,streaming,17B/6F415B88,17B/6F30DD98,17B/6F30DD18,9336,1090152,2237136,1090280,0.221617,0.292401,0.221617,-40397.54979383318,True,15800208,reserved,2.5,37.0,0.0,14434665.980580108,0.0,22.99405180306284,6179496.462158813,232712.80088497157,1004.37,1
2026-09-13T22:23:22.552192+00:00,1789338202.552192,F_lat_centralindia_rep2,r3-pub,F01,load,16,1,1000,6,207.0,2322712714,22057687,811352700816,61127,1789156079.537691,6013725.743000001,192964.18600000002,91644233,89338889,434187030,8375,23043,16055221,4892248925,11084516.901,799938.473,17B/6FA3C000,17B/6FA84638,1,1.0025286674499512,6228200,6212490.677041839,5.924692799608077,4026,4015.8452627999172,4023,4012.852829668174,0.0,0.0,6422671.200393826,0.0,streaming,17B/6FA39F68,17B/6F82FCC8,17B/6F82F7C0,8344,2147128,2501616,2148416,0.225555,0.262015,0.225555,1055467.0747635502,True,22239120,reserved,3.5,37.0,0.0,14806463.37800714,0.0,22.941987343367636,6492343.023522501,221381.20056410244,1004.37,1
2026-09-13T22:23:23.552803+00:00,1789338203.552803,F_lat_centralindia_rep2,r3-pub,F01,load,16,1,1000,6,207.0,2322737316,22057687,811358988175,61127,1789156079.537691,6013767.885000001,192964.18600000002,91648291,89338889,434191085,8375,23043,16055221,4892294219,11084516.901,799946.633,17B/70068000,17B/70098D78,1,1.0006110668182373,6287359,6283519.349823571,5.992431020568438,4058,4055.521805194208,4055,4052.5236372751388,0.0,0.0,6467727.786160486,0.0,streaming,17B/6FFFFC38,17B/6FE4DEE8,17B/6FE4DDF0,426952,2203928,3798736,2204176,0.226219,0.226219,0.226219,55725.94772243199,True,28710800,reserved,3.7,37.0,0.0,14924895.891355146,0.0,25.984121965265995,6124264.665077068,239562.61123738255,1004.36,1
2026-09-13T22:23:24.553320+00:00,1789338204.5533206,F_lat_centralindia_rep2,r3-pub,F01,load,16,1,1000,6,207.0,2322762312,22057687,811365364398,61127,1789156079.537691,6013806.891000001,192964.18600000002,91652409,89338889,434195200,8375,23043,16055221,4892340389,11084516.901,799954.719,17B/70638000,17B/706B2B98,1,1.0005176067352295,6376223,6372924.331442937,6.077694255297601,4118,4115.869598174659,4115,4112.8711501915295,0.0,0.0,6091694.897691991,0.0,streaming,17B/70633D08,17B/70529FD8,17B/70529A88,17144,1105960,1642336,1107320,0.225471,0.225471,0.225471,-1096288.55366087,True,34805648,reserved,8.0,37.0,0.0,6099882.659651255,0.0,15.991722576686385,6555070.051591395,279008.5832781084,1004.36,1
2026-09-13T22:23:25.554014+00:00,1789338205.5540142,F_lat_centralindia_rep2,r3-pub,F01,load,16,1,1000,6,207.0,2322787359,22057688,811371764659,61127,1789156079.537691,6013844.899,192964.18600000002,91656534,89338889,434199322,8375,23043,16055221,4892386303,11084516.901,799964.248,17B/70C8C000,17B/70CD6F58,1,1.0006935596466064,6400261,6395825.11379432,6.0995341432517245,4125,4122.141049310579,4122,4119.143128547444,0.0,0.0,6630921.060732443,0.0,streaming,17B/70C85ED8,17B/70A6FD48,17B/70A6F730,24872,2212536,3127464,2214096,0.225615,0.225615,0.225615,1106008.9168464884,True,41441168,reserved,6.6,37.0,0.0,15062833.026849007,0.0,28.979900710304673,6698426.2418628745,249471.9763042762,1004.35,1
2026-09-13T22:23:26.554622+00:00,1789338206.5546222,F_lat_centralindia_rep2,r3-pub,F01,load,16,1,1000,6,207.0,2322812500,22057688,811378177404,61127,1789156079.537691,6013884.682,192964.18600000002,91660685,89338889,434203470,8375,23043,16055221,4892432195,11084516.901,799972.72,17B/7121C000,17B/712F9110,1,1.000607967376709,6412745,6408848.629111234,6.111954335318789,4151,4148.477860797636,4148,4145.479683591567,0.0,0.0,5829160.060849389,0.0,streaming,17B/71219B88,17B/71109FF0,17B/711093D0,9336,1122320,1766080,1125424,0.210246,0.293178,0.210246,-1088010.525095226,True,47273872,reserved,3.5,37.0,0.0,14224951.69343513,0.0,23.98541764855294,5923335.805069226,249324.41888709972,1004.35,1
2026-09-13T22:23:27.554855+00:00,1789338207.5548549,F_lat_centralindia_rep2,r3-pub,F01,load,16,1,1000,6,207.0,2322837636,22057688,811384606010,61127,1789156079.537691,6013923.390000001,192964.18600000002,91664833,89338889,434207615,8375,23043,16055221,4892478300,11084516.901,799982.562,17B/71872000,17B/7191E280,1,1.0002326965332031,6428606,6427110.433683569,6.129370149310654,4148,4147.0349993325835,4145,4144.035697259777,0.0,0.0,6642166.390907877,0.0,streaming,17B/7186FD98,17B/71761EB0,17B/717618E0,8808,1114448,1185856,1115936,0.225902,0.225902,0.225902,-9485.792688926604,True,53917584,reserved,4.6,37.0,0.0,6642166.390907877,0.0,15.996277721630022,6698896.19008028,263029.7938788353,1004.34,1
2026-09-13T22:23:28.555110+00:00,1789338208.5551105,F_lat_centralindia_rep2,r3-pub,F01,load,16,1,1000,6,207.0,2322862714,22057688,811391021543,61127,1789156079.537691,6013964.028,192964.18600000002,91668975,89338889,434211754,8375,23043,16055221,4892524480,11084516.901,799991.487,17B/71EAE000,17B/71F41B90,1,1.0002555847167969,6415533,6413893.706793384,6.116765696328529,4142,4140.941638604025,4139,4137.9424051622545,0.0,0.0,6535545.614425024,0.0,streaming,17B/71EA9FF0,17B/71D9DF90,17B/71D9DF10,16400,1114224,1563152,1114352,0.225714,0.225714,0.225714,-1583.5952572546537,True,60454800,reserved,3.5,37.0,0.0,14922010.16225864,0.0,21.9943785729813,6602902.399060299,253274.266968205,1004.34,1
2026-09-13T22:23:29.555750+00:00,1789338209.55575,F_lat_centralindia_rep2,r3-pub,F01,load,16,1,1000,6,207.0,2322887742,22057688,811397422506,61127,1789156079.537691,6014011.001,192964.18600000002,91673107,89338889,434215883,8375,23043,16055221,4892570522,11084516.901,800000.783,17B/72540000,17B/725581F0,1,1.0006394386291504,6400963,6396872.592558565,6.100533096846165,4132,4129.359528004144,4129,4126.3614450941695,0.0,0.0,6885069.420648055,0.0,streaming,17B/7253DFE0,17B/72325F90,17B/72325F90,8224,2203760,2415832,2203760,0.072052,0.072052,0.072052,1088711.8355963065,True,67344272,reserved,5.6,37.0,0.0,15305157.291202782,0.0,25.98338521977438,6975382.670867141,238371.57600621018,1004.33,1
2026-09-13T22:23:30.555962+00:00,1789338210.5559628,F_lat_centralindia_rep2,r3-pub,F01,load,16,1,1000,6,207.0,2322912696,22057688,811403796114,61127,1789156079.537691,6014042.954000001,192964.18600000002,91677227,89338889,434220000,8375,23043,16055221,4892616366,11084516.901,800009.684,17B/72A7C000,17B/72B71E60,1,1.0002129077911377,6373608,6372251.2980515575,6.077052400638158,4120,4119.123006619237,4117,4116.12364520665,0.0,0.0,5487471.674526846,0.0,streaming,17B/72A79E90,17B/7296E000,17B/7296E000,8560,1105920,1702952,1105920,0.055863,0.055863,0.055863,-1097606.3110647723,True,72832912,reserved,3.9,37.0,0.0,13935720.976428997,0.0,23.99489130069458,5551612.018547878,259678.7123789419,1004.32,1
2026-09-13T22:23:31.556041+00:00,1789338211.556042,F_lat_centralindia_rep2,r3-pub,F01,load,16,1,1000,6,207.0,2322937567,22057689,811410153590,61127,1789156079.537691,6014089.276000001,192964.18600000002,91681330,89338889,434224100,8375,23043,16055221,4892662077,11084516.901,800019.535,17B/73104000,17B/7317D5F0,1,1.0000791549682617,6357476,6356972.814018666,6.0624817028223665,4103,4102.675252870571,4100,4099.67549031668,0.0,0.0,6847969.949156017,0.0,streaming,17B/730FFF68,17B/72FB1F88,17B/72FB1F88,16536,1384568,2245552,1384568,0.057697,0.057697,0.057697,278625.9453721372,True,79681424,reserved,3.9,37.0,0.0,6921692.113680424,0.0,20.99833787723178,6910245.019774779,262287.23866194824,1004.32,1
2026-09-13T22:23:32.556287+00:00,1789338212.5562873,F_lat_centralindia_rep2,r3-pub,F01,load,16,1,1000,6,207.0,2322962375,22057689,811416479034,61127,1789156079.537691,6014128.082,192964.18600000002,91685420,89338889,434228187,8375,23043,16055221,4892707499,11084516.901,800030.364,17B/73741D68,17B/7378AA40,1,1.0002453327178955,6325444,6323892.542254929,6.030933897261552,4090,4088.9968352929313,4087,4085.997571110565,0.0,0.0,6543138.753985917,0.0,streaming,17B/7373FED8,17B/73527FC8,17B/73527FC8,7824,2203040,2594472,2203040,0.210341,0.256519,0.210341,818271.2512899453,True,86226168,reserved,6.7,37.0,0.0,14946733.077350475,0.0,22.994358731476144,6627774.989948116,273170.9822204817,1004.31,1
2026-09-13T22:23:33.556528+00:00,1789338213.5565288,F_lat_centralindia_rep2,r3-pub,F01,load,16,1,1000,6,207.0,2322987090,22057689,811422783256,61127,1789156079.537691,6014168.155,192964.18600000002,91689491,89338889,434232255,8375,23043,16055221,4892752653,11084516.901,800039.762,17B/73D74000,17B/73D8C038,1,1.0002415180206299,6304222,6302699.784423442,6.010722908423845,4071,4070.0170175459925,4068,4067.0177419251036,0.0,0.0,6495351.255621446,0.0,streaming,17B/73D71F80,17B/73B61FE0,17B/73B61E90,8320,2170912,2889448,2171248,0.225742,0.225742,0.225742,-31784.323513098057,True,92723088,reserved,4.1,37.0,0.0,14914029.992996477,0.0,21.994687886517276,6571153.947905248,221481.5082245275,1004.31,1
2026-09-13T22:23:34.556874+00:00,1789338214.5568748,F_lat_centralindia_rep2,r3-pub,F01,load,16,1,1000,6,207.0,2323011656,22057689,811429058434,61127,1789156079.537691,6014207.119,192964.18600000002,91693546,89338889,434236306,8375,23043,16055221,4892797580,11084516.901,800048.984,17B/74316000,17B/7438D330,1,1.0003459453582764,6275178,6273007.882040777,5.982406503716256,4055,4053.597676699426,4051,4049.599060002312,0.0,0.0,5904389.4038922675,0.0,streaming,17B/74313C58,17B/74207E20,17B/74207E20,9128,1106400,1624960,1106400,0.225501,0.225501,0.225501,-1064479.7481721407,True,3450752,reserved,3.3,37.0,0.0,5994470.240844854,0.0,26.990662705520222,5964357.658153062,270770.32826177886,1004.3,1
2026-09-13T22:23:35.557294+00:00,1789338215.5572941,F_lat_centralindia_rep2,r3-pub,F01,load,16,1,1000,6,207.0,2323036207,22057689,811435336475,61127,1789156079.537691,6014247.78,192964.18600000002,91697601,89338889,434240358,8375,23043,16055221,4892842862,11084516.901,800057.871,17B/74942000,17B/749895A0,1,1.0004193782806396,6278041,6275409.229666952,5.984696607272102,4055,4053.3001339589036,4052,4050.3013915663323,0.0,0.0,6468967.0557186585,0.0,streaming,17B/7493FE18,17B/7472FCC0,17B/7472F6E8,8680,2171712,2956440,2173208,0.225704,0.225704,0.225704,1066360.7914447424,True,9922432,reserved,7.7,37.0,0.0,15017829.848339265,0.0,35.98490871085587,6544215.498156248,261706.24608448445,1004.3,1
2026-09-13T22:23:36.557906+00:00,1789338216.557906,F_lat_centralindia_rep2,r3-pub,F01,load,16,1,1000,6,207.0,2323060735,22057689,811441605299,61127,1789156079.537691,6014288.475000001,192964.18600000002,91701651,89338889,434244406,8375,23043,16055221,4892887554,11084516.901,800066.929,17B/74F6FBA0,17B/74F85A18,1,1.0006117820739746,6268824,6264991.190695924,5.974761191078113,4050,4047.523797496706,4048,4045.525020312757,0.0,0.0,6474790.839031945,0.0,streaming,17B/74F6DD10,17B/74D5BE50,17B/74D5B830,7824,2178384,2243400,2179952,0.225046,0.225046,0.225046,6739.8766642759965,True,16401184,reserved,9.2,37.0,0.0,14871669.779019127,0.0,22.98593761541339,6549370.212708042,204762.7298324704,1004.29,1
2026-09-13T22:23:37.558623+00:00,1789338217.5585952,F_lat_centralindia_rep2,r3-pub,F01,load,16,1,1000,6,207.0,2323085143,22057690,811447847773,61127,1789156079.537691,6014323.278,192964.18600000002,91705683,89338889,434248435,8375,23043,16055221,4892932394,11084516.901,800076.59,17B/75522000,17B/75580460,1,1.0006892681121826,6242474,6238174.225428173,5.949186540058301,4032,4029.22278521727,4029,4026.224851597317,0.0,0.0,5968973.776713258,0.0,streaming,17B/7551FBF8,17B/75419B78,17B/75419B78,9224,1082504,2271936,1082504,0.210619,0.266819,0.210619,-1096692.0851168458,True,22374272,reserved,7.1,36.9,0.0,14387523.139086938,0.0,23.98346895962661,6037090.825803423,267757.44333251135,1004.29,1
2026-09-13T22:23:38.559571+00:00,1789338218.5595713,F_lat_centralindia_rep2,r3-pub,F01,load,16,1,1000,6,207.0,2323109629,22057690,811454102546,61127,1789156079.537691,6014363.607000001,192964.18600000002,91709725,89338889,434252474,8375,23043,16055221,4892977361,11084516.901,800086.382,17B/75B4C000,17B/75B7C240,1,1.0009760856628418,6254773,6248673.759131935,5.959199675685821,4042,4038.0585089836645,4039,4035.0614343852108,0.0,0.0,6457185.23407071,0.0,streaming,17B/75B49FE0,17B/75939CB8,17B/75939CB8,8224,2171720,2510224,2171720,0.225281,0.261493,0.225281,1088153.868609884,True,28837760,reserved,5.8,37.0,0.0,6457185.23407071,0.0,14.985372992269909,6531095.091718317,205985.94007714372,1004.28,1
2026-09-13T22:23:39.559890+00:00,1789338219.5598903,F_lat_centralindia_rep2,r3-pub,F01,load,16,1,1000,6,207.0,2323134155,22057690,811460360440,61127,1789156079.537691,6014399.909,192964.18600000002,91713773,89338889,434256519,8375,23043,16055221,4893021939,11084516.901,800095.678,17B/76100E70,17B/76177670,1,1.000319004058838,6257894,6255898.343036894,5.966089575802702,4048,4046.7090833774664,4045,4043.7100400844497,0.0,0.0,5981947.734392973,0.0,streaming,17B/760FFBF0,17B/75F67D98,17B/75F67810,4736,1675480,2108696,1676896,0.225378,0.225378,0.225378,-494666.1994745977,True,34821616,reserved,2.9,37.0,0.0,8353175.303174103,0.0,56.981822567321046,6061112.480517642,258333.5905360848,1004.28,1
2026-09-13T22:23:40.561238+00:00,1789338220.561205,F_lat_centralindia_rep2,r3-pub,F01,load,16,1,1000,6,207.0,2323158687,22057690,811466611315,61127,1789156079.537691,6014436.855,192964.18600000002,91717815,89338889,434260558,8375,23043,16055221,4893066723,11084516.901,800105.046,17B/7672E000,17B/76775480,1,1.001314640045166,6250875,6242668.138476477,5.953472269512631,4042,4036.6932014673016,4039,4033.697140209409,0.0,0.0,6467673.337631297,0.0,streaming,17B/7672BFF0,17B/76623FD0,17B/76623B08,8208,1089584,2376376,1090808,0.225475,0.265095,0.225475,-585318.5168385868,True,41297792,reserved,5.5,37.0,0.0,9625234.281569345,0.0,40.946170524532256,6536500.854221778,270526.3552201548,1004.27,1
2026-09-13T22:23:41.561695+00:00,1789338221.5616956,F_lat_centralindia_rep2,r3-pub,F01,load,16,1,1000,6,207.0,2323183231,22057690,811472878568,61127,1789156079.537691,6014475.754000001,192964.18600000002,91721860,89338889,434264600,8375,23043,16055221,4893111681,11084516.901,800114.95,17B/76D62000,17B/76D78070,1,1.000490665435791,6267253,6264179.383692827,5.973986991589381,4045,4043.0162316787732,4042,4040.017702953177,0.0,0.0,6501258.057382084,0.0,streaming,17B/76D5DBC8,17B/76B4DD00,17B/76B4C310,17464,2179840,2758136,2186480,0.225686,0.264483,0.225686,1095134.6552771186,True,47802240,reserved,3.1,37.0,0.0,15286963.21553193,0.0,37.981363857550896,6560582.948708429,224906.64608248763,1004.26,1
2026-09-13T22:23:42.562459+00:00,1789338222.5624597,F_lat_centralindia_rep2,r3-pub,F01,load,16,1,1000,6,207.0,2323207866,22057690,811479172450,61127,1789156079.537691,6014507.23,192964.18600000002,91725926,89338889,434268663,8375,23043,16055221,4893156816,11084516.901,800124.276,17B/772BC000,17B/7737A958,1,1.0007641315460205,6293882,6289076.318389788,5.997730558767117,4066,4062.8954134464034,4063,4059.897704090688,0.0,0.0,5607235.334594876,0.0,streaming,17B/772B9D60,17B/771AFFE0,17B/771AFAD8,8864,1097760,1156816,1099048,0.219070,0.219070,0.219070,-1086601.693368138,True,2071672,reserved,4.1,36.9,0.0,31073088.073171016,0.0,293.7755168601187,5678957.529403272,265291.28256211005,1004.26,1
2026-09-13T22:23:43.562968+00:00,1789338223.5629685,F_lat_centralindia_rep2,r3-pub,F01,load,16,1,1000,6,207.0,2323232448,22057691,811485458778,61127,1789156079.537691,6014549.259,192964.18600000002,91729986,89338889,434272720,8375,23043,16055221,4893202158,11084516.901,800133.541,17B/778EE000,17B/779800F8,1,1.0005087852478027,6286328,6283131.23551736,5.9920608859227755,4060,4057.9353823409283,4057,4054.9369079204794,0.0,0.0,6492952.481562696,0.0,streaming,17B/778EBFF0,17B/777E3CF0,17B/777E3CF0,8208,1090320,1446848,1090320,0.225534,0.272981,0.225534,-8723.561580559513,True,8567928,reserved,6.8,36.9,0.0,12203966.801726608,0.0,98.94965587481573,6570178.190261359,250487.55562693885,1004.26,1
2026-09-13T22:23:44.563449+00:00,1789338224.5634499,F_lat_centralindia_rep2,r3-pub,F01,load,16,1,1000,6,207.0,2323257082,22057691,811491751663,61127,1789156079.537691,6014588.671999999,192964.18600000002,91734056,89338889,434276787,8375,23043,16055221,4893246945,11084516.901,800142.02,17B/77F08000,17B/77F847A0,1,1.000481367111206,6292885,6289857.269576246,5.9984753318560085,4070,4068.0417784808274,4067,4065.0432218873525,0.0,0.0,6394873.718111785,0.0,streaming,17B/77EFFFD8,17B/77DFFE98,17B/77DFFD90,32808,1081704,1703352,1081968,0.224891,0.224891,0.224891,-8347.981556233874,True,14965880,reserved,3.7,36.9,0.0,6820652.762083377,0.0,21.989415018815283,6446177.02238841,236957.93624275347,1004.25,1
2026-09-13T22:23:45.564031+00:00,1789338225.5640316,F_lat_centralindia_rep2,r3-pub,F01,load,16,1,1000,6,207.0,2323281693,22057691,811498038621,61127,1789156079.537691,6014625.632999999,192964.18600000002,91738120,89338889,434280848,8375,23043,16055221,4893292312,11084516.901,800150.67,17B/7852A000,17B/78594048,3,1.0005817413330078,6286958,6283302.743086545,5.992224448286576,4064,4061.637177774008,4061,4058.638921983328,0.0,0.0,6426981.159413107,0.0,streaming,17B/78527F10,17B/7841DFE0,17B/7841DA90,8432,1097760,1952920,1099120,0.225682,0.225682,0.225682,17142.02777391235,True,21396600,reserved,3.7,37.0,0.0,6435168.396558856,0.0,15.990697550291369,6527831.490607004,242367.0050953787,1004.25,1
2026-09-13T22:23:46.564647+00:00,1789338226.564647,F_lat_centralindia_rep2,r3-pub,F01,load,16,1,1000,6,207.0,2323306398,22057691,811504348328,61127,1789156079.537691,6014664.2979999995,192964.18600000002,91742196,89338889,434284921,8375,23043,16055221,4893337303,11084516.901,800160.062,17B/78B5E000,17B/78B98130,5,1.0006153583526611,6309707,6305826.656896246,6.013704926391836,4076,4073.4933418475844,4073,4070.4951867873433,0.0,0.0,6500447.895091717,0.0,streaming,17B/78B5BC98,17B/78949BE8,17B/78949BE8,9064,2180120,2265624,2180120,0.226439,0.262183,0.226439,1080335.206706879,True,27901048,reserved,2.9,37.0,0.0,6557756.629683206,0.0,18.988315381527013,6579252.402080114,249014.76668338542,1004.24,1
2026-09-13T22:23:47.564948+00:00,1789338227.564936,F_lat_centralindia_rep2,r3-pub,F01,load,16,1,1000,6,207.0,2323331085,22057691,811510641401,61127,1789156079.537691,6014700.04,192964.18600000002,91746267,89338889,434288989,8375,23043,16055221,4893382542,11084516.901,800169.03,17B/79107770,17B/791A59F8,2,1.000288963317871,6293073,6291255.058064848,5.999808366837357,4071,4069.8239701624307,4068,4066.824836801957,0.0,0.0,5935292.918065859,0.0,streaming,17B/79105E58,17B/78F82000,17B/78F81AF8,6424,1595248,2048592,1596536,0.225707,0.225707,0.225707,-583415.4143461734,True,33838056,reserved,2.9,37.0,0.0,6072613.237530735,0.0,27.991911364418584,6005861.526326679,224027.26433840318,1004.23,1
2026-09-13T22:23:48.565387+00:00,1789338228.5653877,F_lat_centralindia_rep2,r3-pub,F01,load,16,1,1000,6,207.0,2323355801,22057691,811516952397,61127,1789156079.537691,6014739.762,192964.18600000002,91750340,89338889,434293059,8375,23043,16055221,4893428110,11084516.901,800177.085,17B/7973E000,17B/797B06C0,2,1.0004518032073975,6310996,6308145.959422802,6.015916785643388,4073,4071.160636566569,4070,4068.1619913640893,0.0,0.0,6511889.907253684,0.0,streaming,17B/79739CD0,17B/79631FA0,17B/79631FA0,17200,1097824,2376992,1097824,0.225851,0.225851,0.225851,-498486.7820730142,True,40352888,reserved,4.8,37.0,0.0,12986644.59231986,0.0,20.990516417357707,6571394.023103289,273236.5508499478,1004.23,1
2026-09-13T22:23:49.568259+00:00,1789338229.56826,F_lat_centralindia_rep2,r3-pub,F01,load,16,1,1000,6,207.0,2323380518,22057692,811523273140,61127,1789156079.537691,6014776.566,192964.18600000002,91754418,89338889,434297134,8375,23043,16055221,4893473465,11084516.901,800185.423,17B/79D77408,17B/79DC07E8,1,1.0028722286224365,6320743,6302640.375915372,6.010666252055523,4078,4066.3205975915944,4075,4063.329189599251,0.0,0.0,6507269.63390359,0.0,streaming,17B/79D75B88,17B/79B61F28,17B/79B61F28,6272,2184416,2731624,2184416,0.055222,0.055222,0.055222,1083479.9977386575,True,46878848,reserved,6.2,37.0,0.0,6551167.549055226,0.0,20.93985594640105,6586515.023028749,236129.7812835876,1004.22,1
2026-09-13T22:23:50.568582+00:00,1789338230.568582,F_lat_centralindia_rep2,r3-pub,F01,load,16,1,1000,6,207.0,2323405183,22057692,811529568359,61127,1789156079.537691,6014814.148999999,192964.18600000002,91758488,89338889,434301201,8375,23043,16055221,4893518147,11084516.901,800194.151,17B/7A31E000,17B/7A3C5C58,1,1.0003221035003662,6295219,6293191.940847376,6.001655522200943,4070,4068.6894608827465,4067,4065.690426882096,0.0,0.0,5923971.86792527,0.0,streaming,17B/7A31BFC8,17B/7A20D168,17B/7A20D0E8,8248,1117848,1447120,1117976,0.053190,0.053190,0.053190,-1066096.6065513012,True,52804728,reserved,2.5,37.0,0.0,14331383.81110935,0.0,22.992594004988494,5984851.258460479,240192.6331121124,1004.22,1
2026-09-13T22:23:51.568853+00:00,1789338231.5688536,F_lat_centralindia_rep2,r3-pub,F01,load,16,1,1000,6,207.0,2323429809,22057692,811535863481,61127,1789156079.537691,6014854.124,192964.18600000002,91762553,89338889,434305262,8375,23043,16055221,4893562897,11084516.901,800202.761,17B/7A952000,17B/7A9CCED8,1,1.0002715587615967,6295122,6293412.968568039,6.001866310661353,4065,4063.896413322741,4061,4059.8974992628905,0.0,0.0,6502682.139691088,0.0,streaming,17B/7A94FE28,17B/7A847D30,17B/7A847CA8,8664,1090256,1764864,1090392,0.051991,0.051991,0.051991,-27576.51135672681,True,59309176,reserved,4.3,37.0,0.0,15007764.510055315,0.0,28.992126933913774,6576468.102466414,250509.9718222843,1004.21,1
2026-09-13T22:23:52.569136+00:00,1789338232.5691361,F_lat_centralindia_rep2,r3-pub,F01,load,16,1,1000,6,207.0,2323454445,22057692,811542163498,61127,1789156079.537691,6014892.727,192964.18600000002,91766621,89338889,434309327,8375,23043,16055221,4893608071,11084516.901,800211.222,17B/7AF87988,17B/7AFD0260,1,1.0002825260162354,6300017,6298237.5840260815,6.006467422510225,4068,4066.851008785865,4065,4063.8518561245187,0.0,0.0,6509144.997194844,0.0,streaming,17B/7AF85B68,17B/7AD73ED8,17B/7AD73ED8,7712,2177712,3148928,2177712,0.225365,0.225365,0.225365,1087012.8905784285,True,65820160,reserved,6.2,37.0,0.0,6510800.529463908,0.0,15.99548086051471,6586526.135010245,249208.5920892654,1004.21,1
2026-09-13T22:23:53.569977+00:00,1789338233.5699778,F_lat_centralindia_rep2,r3-pub,F01,load,16,1,1000,6,207.0,2323479019,22057692,811548436958,61127,1789156079.537691,6014931.085,192964.18600000002,91770681,89338889,434313384,8375,23043,16055221,4893653459,11084516.901,800220.812,17B/7B52B7E0,17B/7B5D2930,1,1.0008416175842285,6273460,6268184.585631542,5.977806649810354,4060,4056.585905969602,4057,4053.5884286991813,0.0,0.0,5909226.690907739,0.0,streaming,17B/7B529ED0,17B/7B41FD70,17B/7B41FD70,6416,1096304,1835528,1096304,0.225335,0.225335,0.225335,-1080498.6333504375,True,71734360,reserved,3.1,37.0,0.0,14315759.604984857,0.0,22.98065907322681,5976062.440765404,237154.40668115986,1004.2,1
2026-09-13T22:23:54.570232+00:00,1789338234.5702322,F_lat_centralindia_rep2,r3-pub,F01,load,16,1,1000,6,207.0,2323503635,22057692,811554719391,61127,1789156079.537691,6014968.845,192964.18600000002,91774744,89338889,434317445,8375,23043,16055221,4893698675,11084516.901,800228.807,17B/7BB5C000,17B/7BBD5468,1,1.0002543926239014,6282433,6280835.201852709,5.9898712175871935,4063,4061.9666656417276,4061,4059.967174297577,0.0,0.0,6488493.37514513,0.0,streaming,17B/7BB57FC0,17B/7BA51E40,17B/7BA518B8,16448,1089984,2166400,1091400,0.225142,0.225142,0.225142,-4902.75277585701,True,78224504,reserved,3.9,37.0,0.0,14905648.113065567,0.0,21.99440478565543,6568948.907851058,261248.5402983431,1004.2,1
2026-09-13T22:23:55.570511+00:00,1789338235.5705113,F_lat_centralindia_rep2,r3-pub,F01,load,16,1,1000,6,207.0,2323528327,22057693,811561019625,61127,1789156079.537691,6015012.1559999995,192964.18600000002,91778813,89338889,434321511,8375,23043,16055221,4893744002,11084516.901,800237.096,17B/7C118000,17B/7C1D99F0,1,1.000279188156128,6300234,6298475.540227507,6.006694355227954,4069,4067.864300466574,4066,4064.8651377972697,0.0,0.0,6011249.730271781,0.0,streaming,17B/7C0FFD40,17B/7BFFFB80,17B/7BFFFA78,99008,1148032,1958976,1148296,0.225081,0.249174,0.225081,56880.119744248266,True,84237432,reserved,4.3,37.0,0.0,14422085.524534887,0.0,20.994138685131006,5994555.391133543,236184.06020772379,1004.19,1
2026-09-13T22:23:56.570761+00:00,1789338236.5707202,F_lat_centralindia_rep2,r3-pub,F01,load,16,1,1000,6,207.0,2323553048,22057693,811567320951,61127,1789156079.537691,6015050.063,192964.18600000002,91782886,89338889,434325581,8375,23043,16055221,4893789351,11084516.901,800246.191,17B/7C738000,17B/7C7DFB20,1,1.000208854675293,6301326,6300010.213412535,6.008157933628593,4073,4072.149512535815,4070,4069.1501389690075,0.0,0.0,6421186.905093941,0.0,streaming,17B/7C735C08,17B/7C62BFE0,17B/7C62BA50,9208,1097760,1170736,1099184,0.226184,0.262027,0.226184,-49101.74487101864,True,90659960,reserved,2.9,37.0,0.0,6458043.207482873,0.0,20.995614967653356,6577538.250384489,277345.07518437825,1004.19,1
2026-09-13T22:23:57.570920+00:00,1789338237.570921,F_lat_centralindia_rep2,r3-pub,F01,load,16,1,1000,6,207.0,2323577680,22057693,811573623316,61127,1789156079.537691,6015086.54,192964.18600000002,91786951,89338889,434329643,8375,23043,16055221,4893834643,11084516.901,800255.977,17B/7CD6C000,17B/7CDE3ED0,1,1.0002007484436035,6302365,6301100.063969168,6.009197296113174,4065,4064.1841213631183,4062,4061.1847234875736,0.0,0.0,6503142.504263737,0.0,streaming,17B/7CD69FF8,17B/7CC5FEF8,17B/7CC5FEF8,8200,1097992,2568784,1097992,0.225551,0.262313,0.225551,-1191.7607558831087,True,97164408,reserved,5.8,37.0,0.0,14898257.198055085,0.0,23.995183004357894,6575726.933052628,257495.3082176401,1004.18,1
2026-09-13T22:23:58.571268+00:00,1789338238.5712686,F_lat_centralindia_rep2,r3-pub,F01,load,16,1,1000,6,207.0,2323602252,22057693,811579896905,61127,1789156079.537691,6015123.066,192964.18600000002,91791006,89338889,434333695,8375,23043,16055221,4893879903,11084516.901,800265.173,17B/7D30DA28,17B/7D3E7A30,1,1.00034761428833,6273589,6271408.968634541,5.980881661066571,4055,4053.5909138792904,4052,4050.5919563597745,0.0,0.0,5902884.073153815,0.0,streaming,17B/7D30BFD8,17B/7D203DA0,17B/7D203D58,6736,1088648,1217896,1088720,0.225044,0.225044,0.225044,-9268.778040317826,True,103069344,reserved,3.7,37.0,0.0,14318734.6032611,0.0,21.99235514311822,5975421.857983365,221042.16258596175,1004.18,1
2026-09-13T22:23:59.571768+00:00,1789338239.571768,F_lat_centralindia_rep2,r3-pub,F01,load,16,1,1000,6,207.0,2323626896,22057693,811586194188,61127,1789156079.537691,6015160.131999999,192964.18600000002,91795076,89338889,434337762,8375,23043,16055221,4893925091,11084516.901,800273.437,17B/7D942000,17B/7D9EA3E0,1,1.0004994869232178,6297283,6294139.159796769,6.002558860584992,4070,4067.9681031284204,4067,4064.969600841102,0.0,0.0,6502695.98838814,0.0,streaming,17B/7D93FC98,17B/7D835FE0,17B/7D835AD8,9064,1097760,1517072,1099048,0.225406,0.264864,0.225406,10322.843874474282,True,109575288,reserved,8.3,37.0,0.0,14910184.55779062,0.0,22.988517536106553,6575839.454183456,257388.43784111092,1004.17,1
2026-09-13T22:24:00.572310+00:00,1789338240.5723102,F_lat_centralindia_rep2,r3-pub,F01,load,16,1,1000,6,207.0,2323651509,22057693,811592481154,61127,1789156079.537691,6015200.128,192964.18600000002,91799140,89338889,434341823,8375,23043,16055221,4893970129,11084516.901,800282.592,17B/7DF74000,17B/7DFEBDA8,1,1.000542163848877,6286966,6283559.281315396,5.9924691022066074,4064,4061.7978400496786,4061,4058.799465659878,0.0,0.0,6492735.873329175,0.0,streaming,17B/7DF71B90,17B/7DE69BC0,17B/7DE69B30,9328,1090624,2932696,1090768,0.226027,0.226027,0.226027,-8275.513315849246,True,116071544,reserved,4.6,37.0,0.0,6509110.995330005,0.0,15.991330078935743,6573864.888110265,251518.6356884109,1004.17,1
2026-09-13T22:24:01.572397+00:00,1789338241.5723977,F_lat_centralindia_rep2,r3-pub,F01,load,16,1,1000,6,207.0,2323676147,22057694,811598778698,61127,1789156079.537691,6015238.362,192964.18600000002,91803207,89338889,434345887,8375,23043,16055221,4894015106,11084516.901,800290.681,17B/7E533568,17B/7E5F33A8,1,1.0000874996185303,6297544,6296993.015513254,6.005280509484534,4067,4066.6441701864105,4064,4063.6444326622996,0.0,0.0,6026072.720935683,0.0,streaming,17B/7E531CB8,17B/7E426000,17B/7E425B38,6320,1103208,1725104,1104432,0.233958,0.233958,0.233958,13662.804509817337,True,122098144,reserved,1.4,37.0,0.0,14560006.005028762,0.0,30.997287749146476,6081247.893129163,235929.35627132616,1004.16,1
2026-09-13T22:24:02.572461+00:00,1789338242.5724614,F_lat_centralindia_rep2,r3-pub,F01,load,16,1,1000,6,207.0,2323700762,22057694,811605066871,61127,1789156079.537691,6015275.151,192964.18600000002,91807272,89338889,434349948,8375,23043,16055221,4894060500,11084516.901,800299.82,17B/7EB64000,17B/7EBF72C8,1,1.0000636577606201,6288173,6287772.734468436,5.996487364262043,4065,4064.7412476746726,4061,4060.741502289507,0.0,0.0,6490362.838036119,0.0,streaming,17B/7EB61CB8,17B/7EA59BC8,17B/7EA595F8,9032,1090616,2082048,1092104,0.226453,0.226453,0.226453,-12327.215277080779,True,128588920,reserved,5.0,37.0,0.0,14883916.523204876,0.0,22.998535964702945,6576111.379475994,265340.1090428556,1004.15,1
2026-09-13T22:24:03.572716+00:00,1789338243.5727162,F_lat_centralindia_rep2,r3-pub,F01,load,16,1,1000,6,207.0,2323725349,22057694,811611337940,61127,1789156079.537691,6015313.092999999,192964.18600000002,91811328,89338889,434354001,8375,23043,16055221,4894105775,11084516.901,800308.431,17B/7F106000,17B/7F1F7EC8,1,1.0002548694610596,6271069,6269471.1032787785,5.979033568648127,4056,4054.96651287025,4053,4051.9672772838076,0.0,0.0,5904927.014434235,0.0,streaming,17B/7F101C80,17B/7EFFFF90,17B/7EFFF480,17280,1073264,1938040,1076096,0.226300,0.263483,0.226300,-16003.921089257141,True,134495352,reserved,1.6,37.0,0.0,5941781.62132044,0.0,15.995923127693294,5970001.428953278,235832.89339755964,1004.15,1
2026-09-13T22:24:04.573332+00:00,1789338244.5733323,F_lat_centralindia_rep2,r3-pub,F01,load,16,1,1000,6,207.0,2323750031,22057694,811617629067,61127,1789156079.537691,6015352.01,192964.18600000002,91815393,89338889,434358063,8375,23043,16055221,4894150792,11084516.901,800316.725,17B/7F73A000,17B/7F7FAD78,1,1.0006160736083984,6291127,6287253.588994512,5.9959922685570834,4065,4062.4972026892306,4062,4059.499049772117,0.0,0.0,6500443.248471725,0.0,streaming,17B/7F736000,17B/7F62FE10,17B/7F62F268,16384,1090032,1649224,1093016,0.225316,0.225316,0.225316,16909.582452521965,True,2851904,reserved,3.9,37.0,0.0,14949382.0802385,0.0,31.98029778254745,6570839.878965558,242100.84805694123,1004.14,1
2026-09-13T22:24:05.574101+00:00,1789338245.5740924,F_lat_centralindia_rep2,r3-pub,F01,load,16,1,1000,6,207.0,2323774679,22057694,811623920866,61127,1789156079.537691,6015392.392,192964.18600000002,91819459,89338889,434362127,8375,23043,16055221,4894195891,11084516.901,800325.038,17B/7FD57420,17B/7FE13D60,2,1.0007600784301758,6291799,6287020.3714256035,5.99576985495148,4066,4062.911868325181,4064,4060.9133873274805,0.0,0.0,6406426.613316714,0.0,streaming,17B/7FD55BC8,17B/7FC49E20,17B/7FC49280,6232,1103360,1320664,1106336,0.225710,0.266012,0.225710,13309.883444685542,True,9263200,reserved,3.3,37.0,0.0,14808072.703345712,0.0,21.98329097470585,6499406.94097523,256892.74136841713,1004.14,1
2026-09-13T22:24:06.574544+00:00,1789338246.5745354,F_lat_centralindia_rep2,r3-pub,F01,load,16,1,1000,6,207.0,2323799298,22057694,811630205463,61127,1789156079.537691,6015435.551,192964.18600000002,91823519,89338889,434366184,8375,23043,16055221,4894240735,11084516.901,800333.469,17B/8042C000,17B/804CE168,2,1.0004429817199707,6284597,6281814.271109647,5.990804930791518,4060,4058.2022905693348,4057,4055.2036189260566,0.0,0.0,7159676.394236447,0.0,streaming,17B/80427F80,17B/80321F98,17B/80321F98,16512,1089640,2189352,1089640,0.224959,0.224959,0.224959,-16688.607252055568,True,16426048,reserved,3.7,37.0,0.0,11422779.917305386,0.0,36.98361693375995,6464696.257732661,255132.98075336462,1004.13,1
2026-09-13T22:24:07.575293+00:00,1789338247.5752544,F_lat_centralindia_rep2,r3-pub,F01,load,16,1,1000,6,207.0,2323823947,22057695,811636515755,61127,1789156079.537691,6015481.642,192964.18600000002,91827588,89338889,434370250,8375,23043,16055221,4894286154,11084516.901,800341.925,17B/80B7E000,17B/80B991F8,2,1.0007190704345703,6310292,6305757.716058819,6.01363917928583,4069,4066.0762048164065,4066,4063.078360477638,0.0,0.0,7670388.450443616,0.0,streaming,17B/80B77FF8,17B/8095BC88,17B/8095B270,24584,2237304,3363168,2239888,0.070568,0.070568,0.070568,1149421.4849932815,True,24101952,reserved,4.7,37.1,0.0,7670388.450443616,0.0,18.98634747886747,6870050.949478239,227190.6339321281,1004.13,1
2026-09-13T22:24:08.575360+00:00,1789338248.5753608,F_lat_centralindia_rep2,r3-pub,F01,load,16,1,1000,6,207.0,2323848592,22057695,811642810786,61127,1789156079.537691,6015528.926,192964.18600000002,91831657,89338889,434374316,8375,23043,16055221,4894331129,11084516.901,800350.168,17B/81224000,17B/8125B320,2,1.0001063346862793,6295031,6294361.691024257,6.002771082901246,4069,4068.567370165087,4066,4065.5676891352286,0.0,0.0,6970650.778036355,0.0,streaming,17B/8121FFC8,17B/80FFFE30,17B/80FFFD68,16440,2245072,2508632,2245272,0.123134,0.123134,0.123134,5383.42755491984,True,31073344,reserved,6.9,37.1,0.0,16566558.400209786,0.0,86.99074986590381,6298801.218948447,239119.5732951904,1004.12,1
2026-09-13T22:24:09.576234+00:00,1789338249.576234,F_lat_centralindia_rep2,r3-pub,F01,load,16,1,1000,6,207.0,2323873228,22057695,811649102034,61127,1789156079.537691,6015568.17,192964.18600000002,91835721,89338889,434378377,8375,23043,16055221,4894376830,11084516.901,800359.564,17B/81860000,17B/81891920,2,1.000873327255249,6291248,6285758.4758031685,5.994566417506379,4064,4060.4538949448624,4061,4057.456512640523,0.0,0.0,6531511.8526810715,0.0,streaming,17B/8185BFE0,17B/8164DB48,17B/8164D5C0,16416,2172088,2689664,2173504,0.211095,0.405310,0.211095,-71705.37773927237,True,37610560,reserved,3.1,37.2,0.0,14912800.245093875,0.0,22.979930999934016,6358652.815189829,248381.08203137375,1004.12,1
2026-09-13T22:24:10.578565+00:00,1789338250.5785654,F_lat_centralindia_rep2,r3-pub,F01,load,16,1,1000,6,207.0,2323897872,22057695,811655389412,61127,1789156079.537691,6015608.51,192964.18600000002,91839788,89338889,434382441,8375,23043,16055221,4894421982,11084516.901,800368.3,17B/81E95478,17B/81E95478,2,1.002331256866455,6287378,6272754.597772355,5.9821649530147125,4067,4057.540830078957,4064,4054.547807583201,0.0,0.0,6494547.541449477,0.0,streaming,17B/81E33558,17B/81C7FFB8,17B/81C7EE58,401184,2184384,3211096,2188832,0.225923,0.225923,0.225923,15292.349604979161,True,44120248,reserved,9.5,37.2,0.0,14874763.106371379,0.0,21.948831635538983,6512295.167175141,252629.05677672318,1004.11,1
2026-09-13T22:24:11.579107+00:00,1789338251.5791075,F_lat_centralindia_rep2,r3-pub,F01,load,16,1,1000,6,207.0,2323963324,22057699,811664246795,61127,1789156079.537691,6015646.365,192964.18600000002,91843868,89338889,434386562,8388,23094,16055221,4894580180,11084516.901,800377.494,17B/82432000,17B/824C40B8,6,1.000542163848877,8857383,8852583.449284632,8.442481469425804,4080,4077.7891701286144,4121,4118.766953455887,12.992955689135291,50.97236462660768,5881619.198697605,0.0,streaming,17B/8242FD28,17B/82325FF0,17B/82325520,8920,1097744,1292968,1100512,0.226130,0.267620,0.226130,-1087730.2719692092,True,50005056,reserved,7.4,37.1,0.0,6054701.359806967,0.0,26.985369508204066,5867266.979951761,292286.5328083977,1004.11,1
2026-09-13T22:24:12.579293+00:00,1789338252.5792935,F_lat_centralindia_rep2,r3-pub,F01,load,16,1,1000,6,207.0,2323988055,22057699,811670557943,61127,1789156079.537691,6015686.933,192964.18600000002,91847943,89338889,434390634,8388,23094,16055221,4894625228,11084516.901,800386.02,17B/82A6C000,17B/82AD4530,4,1.0001859664916992,6311148,6309974.556169078,6.017660671395376,4075,4074.242327448032,4072,4071.2428852437756,0.0,0.0,6527810.046067254,0.0,streaming,17B/82A69C38,17B/82961F98,17B/829613F8,9160,1089640,2091192,1092616,0.225494,0.260192,0.225494,-7894.531881602371,True,56534080,reserved,3.7,37.0,0.0,14914858.336121041,0.0,22.99572356596435,6599512.711774067,249217.6538672408,1004.1,1
2026-09-13T22:24:13.579819+00:00,1789338253.5798194,F_lat_centralindia_rep2,r3-pub,F01,load,16,1,1000,6,207.0,2324012146,22057700,811676724105,61127,1789156079.537691,6015719.9860000005,192964.18600000002,91851915,89338889,434394603,8388,23094,16055221,4894669636,11084516.901,800394.096,17B/82F8F1E0,17B/830930E8,3,1.000525951385498,6166162,6162920.603369943,5.877419093484824,3972,3969.912019273158,3969,3966.913596297876,0.0,0.0,5383888.336470067,0.0,streaming,17B/82F8DF68,17B/82E8DE28,17B/82E8CE00,4728,1053624,1396216,1057760,0.226579,0.262279,0.226579,-34837.67707547462,True,61920800,reserved,3.3,37.0,0.0,13779888.448578462,0.0,19.989486501878943,5429703.240058049,210451.3128404317,1004.1,1
2026-09-13T22:24:14.580328+00:00,1789338254.580328,F_lat_centralindia_rep2,r3-pub,F01,load,16,1,1000,6,207.0,2324035451,22057700,811682676500,61127,1789156079.537691,6015758.201,192964.18600000002,91855759,89338889,434398444,8388,23094,16055221,4894712280,11084516.901,800402.194,17B/8353C000,17B/83645818,3,1.0005085468292236,5952395,5949369.4670216665,5.673760859510104,3844,3842.046139617966,3841,3839.0476644829887,0.0,0.0,5947983.172017595,0.0,streaming,17B/83539FD0,17B/83427F30,17B/834279A8,8240,1130704,1348440,1132120,0.225683,0.250386,0.225683,74322.20367897814,True,67871808,reserved,2.7,37.0,0.0,14357370.60470299,0.0,24.98729279148001,6012405.410292589,228216.94099828022,1004.09,1
2026-09-13T22:24:15.580584+00:00,1789338255.5805843,F_lat_centralindia_rep2,r3-pub,F01,load,16,1,1000,6,207.0,2324058504,22057700,811688565089,61127,1789156079.537691,6015798.19,192964.18600000002,91859563,89338889,434402245,8388,23094,16055221,4894754901,11084516.901,800409.416,17B/83B8A000,17B/83BDE7E8,3,1.0002562999725342,5888589,5887080.141521421,5.614357129594251,3804,3803.0252847239785,3801,3800.0260534268773,0.0,0.0,6609250.049393869,0.0,streaming,17B/83B87FF8,17B/83A7DE98,17B/83A7DDD0,8200,1098088,1631104,1098288,0.225624,0.400135,0.225624,-33823.33108117288,True,74482752,reserved,6.0,37.0,0.0,6625629.851251103,0.0,15.995900251204956,6671754.029625452,258548.73396658563,1004.09,1
2026-09-13T22:24:16.584046+00:00,1789338256.5835211,F_lat_centralindia_rep2,r3-pub,F01,load,16,1,1000,6,207.0,2324081320,22057700,811694391901,61127,1789156079.537691,6015839.931,192964.18600000002,91863329,89338889,434406008,8388,23094,16055221,4894796833,11084516.901,800417.535,17B/84106000,17B/84175FA0,1,1.002936840057373,5826812,5809749.694374251,5.540609068273784,3766,3754.9722470904208,3763,3751.9810318112727,0.0,0.0,5733944.322626564,0.0,streaming,17B/84103C68,17B/83FB3E68,17B/83FB3350,9112,1384856,2234720,1387696,0.225418,0.225418,0.225418,288560.5438358854,True,80233536,reserved,6.2,37.0,0.0,14183752.587237932,0.0,26.920937512331747,5804679.584476095,223937.3318734129,1004.08,1
2026-09-13T22:24:17.584278+00:00,1789338257.5842788,F_lat_centralindia_rep2,r3-pub,F01,load,16,1,1000,6,207.0,2324104251,22057700,811700247883,61127,1789156079.537691,6015872.688,192964.18600000002,91867109,89338889,434409785,8388,23094,16055221,4894838627,11084516.901,800425.731,17B/84633B80,17B/847159E0,1,1.0007576942443848,5855982,5851548.315520591,5.580471339722243,3780,3777.138084213345,3777,3774.1403555750803,0.0,0.0,5426032.72623349,0.0,streaming,17B/84631C10,17B/84523FF0,17B/84523A68,8048,1112976,1470136,1114392,0.225956,0.225956,0.225956,-273097.07591741905,True,85663680,reserved,7.7,37.0,0.0,13817626.463957202,0.0,18.98561470900888,5494601.771862274,220995.5529415016,1004.08,1
2026-09-13T22:24:18.584506+00:00,1789338258.5845063,F_lat_centralindia_rep2,r3-pub,F01,load,16,1,1000,6,207.0,2324127307,22057700,811706128771,61127,1789156079.537691,6015916.127,192964.18600000002,91870911,89338889,434413584,8388,23094,16055221,4894880650,11084516.901,800434.234,17B/84C88000,17B/84CB6698,1,1.000227451324463,5880888,5879550.688408675,5.607176483544039,3802,3801.1354267127313,3799,3798.1361089115376,0.0,0.0,6635162.823427784,0.0,streaming,17B/84C83FB0,17B/84A69FE8,17B/84A69488,16464,2220056,2979536,2222968,0.031925,0.031925,0.031925,1108323.9102586778,True,92300352,reserved,4.4,37.0,0.0,6642201.222534586,0.0,15.996361606366044,6700985.85189278,230419.5907588997,1004.07,1
2026-09-13T22:24:19.585270+00:00,1789338259.585271,F_lat_centralindia_rep2,r3-pub,F01,load,16,1,1000,6,207.0,2324150708,22057700,811712098225,61127,1789156079.537691,6015955.773,192964.18600000002,91874764,89338889,434417434,8388,23094,16055221,4894923344,11084516.901,800443.84,17B/8520C000,17B/85281AD0,1,1.0007646083831787,5969454,5964893.192660127,5.6885654379464405,3853,3850.0562147424985,3850,3847.0585068151104,0.0,0.0,5779133.226287674,0.0,streaming,17B/85209B88,17B/85109B80,17B/85109630,9336,1057920,1555936,1059280,0.054622,0.054622,0.054622,-1162798.9142022498,True,98083904,reserved,4.1,37.0,0.0,14214539.44397811,0.0,28.977843298087844,5825414.838978623,261160.3146340772,1004.07,1
2026-09-13T22:24:20.585459+00:00,1789338260.5854592,F_lat_centralindia_rep2,r3-pub,F01,load,16,1,1000,6,207.0,2324174439,22057701,811718170840,61127,1789156079.537691,6015998.105,192964.18600000002,91878668,89338889,434421335,8388,23094,16055221,4894966462,11084516.901,800453.241,17B/8581BD38,17B/8584B4D8,1,1.0001883506774902,6072615,6071471.434241998,5.790206369630812,3904,3903.264817427214,3901,3900.2653823728383,0.0,0.0,6355083.015808466,0.0,streaming,17B/85819EB0,17B/85609EB8,17B/856099B0,7816,2170496,2768984,2171784,0.231371,0.231371,0.231371,1112294.4985776243,True,104440184,reserved,5.1,37.0,3248028.231682055,16917901.501790423,11.997740217501681,30.99416222854601,6421752.458573753,203463.67747850227,1004.06,1
2026-09-13T22:24:21.586080+00:00,1789338261.5860806,F_lat_centralindia_rep2,r3-pub,F01,load,16,1,1000,6,207.0,2324198432,22057701,811724298092,61127,1789156079.537691,6016035.458,192964.18600000002,91882626,89338889,434425290,8388,23094,16055221,4895010220,11084516.901,800462.155,17B/85D34000,17B/85E39FF0,1,1.0006213188171387,6127252,6123447.386912753,5.8397745007636574,3958,3955.542347107753,3955,3952.5442099068123,0.0,0.0,5338579.040385426,0.0,streaming,17B/85D38B90,17B/85C2DDB0,17B/85C2CC38,1045616,2138704,2996968,2143176,0.225074,0.225074,0.225074,-28590.23634817044,True,110847040,reserved,3.3,37.0,0.0,14965677.542931346,0.0,26.98323480846623,5640024.746495875,259530.74866223006,1004.06,1
2026-09-13T22:24:22.586394+00:00,1789338262.5863945,F_lat_centralindia_rep2,r3-pub,F01,load,16,1,1000,6,207.0,2324222770,22057701,811730505103,61127,1789156079.537691,6016078.0770000005,192964.18600000002,91886640,89338889,434429301,8388,23094,16055221,4895054519,11084516.901,800470.476,17B/86412000,17B/8642B420,1,1.0003139972686768,6207011,6205062.627283065,5.917608859332146,4014,4012.7400105967627,4011,4009.740952292879,0.0,0.0,7198507.688247342,0.0,streaming,17B/8640FFD0,17B/86203BA0,17B/86203BA0,8240,2155616,2952136,2155616,0.225559,0.225559,0.225559,12436.095100105562,True,116982848,reserved,6.0,37.0,0.0,6158450.2634379985,0.0,16.99466372200921,7031818.028345267,237124.5435409919,1004.05,1
2026-09-13T22:24:23.586905+00:00,1789338263.5868876,F_lat_centralindia_rep2,r3-pub,F01,load,16,1,1000,6,207.0,2324247314,22057701,811736776385,61127,1789156079.537691,6016114.979,192964.18600000002,91890690,89338889,434433348,8388,23094,16055221,4895099673,11084516.901,800479.061,17B/86942000,17B/86A363F0,1,1.000493049621582,6271282,6268191.470567433,5.977813215796884,4050,4048.0041330940153,4047,4045.005611513946,0.0,0.0,5436807.3841766175,0.0,streaming,17B/8693FF78,17B/8682DBD0,17B/8682DAC8,8328,1131568,1151624,1131832,0.225386,0.225386,0.225386,-1023279.4724433392,True,122422336,reserved,2.7,37.0,0.0,13837657.348280849,0.0,19.99014386713094,5506230.155305583,251177.15719769362,1004.05,1
2026-09-13T22:24:24.587814+00:00,1789338264.5878143,F_lat_centralindia_rep2,r3-pub,F01,load,16,1,1000,6,207.0,2324272146,22057701,811743121925,61127,1789156079.537691,6016152.885,192964.18600000002,91894529,89338889,434437184,8388,23094,16055221,4895141560,11084516.901,800486.517,17B/86F86000,17B/870489F8,1,1.0009267330169678,6345540,6339664.823291746,6.0459755165975055,3839,3835.445565959243,3836,3832.448343584177,0.0,0.0,6563901.016208172,0.0,streaming,17B/86F84000,17B/86E77FF0,17B/86E76F40,8192,1105936,1509000,1110208,0.226668,0.261494,0.226668,-21603.978879474518,True,128992320,reserved,3.5,37.0,0.0,14944742.21396025,0.0,21.979630750482766,6629734.006602367,256858.96032076672,1004.04,1
2026-09-13T22:24:25.588012+00:00,1789338265.588012,F_lat_centralindia_rep2,r3-pub,F01,load,16,1,1000,6,207.0,2324297107,22057701,811749485878,61127,1789156079.537691,6016198.2190000005,192964.18600000002,91898900,89338889,434441552,8388,23094,16055221,4895190895,11084516.901,800495.394,17B/8764E000,17B/876675E0,1,1.0001976490020752,6363953,6362695.419599808,6.067939204788025,4371,4370.136246931861,4368,4367.136839761695,0.0,0.0,7109250.863661295,0.0,streaming,17B/8764BC30,17B/87429E80,17B/87429E80,9168,2244992,2492048,2244992,0.225532,0.265748,0.225532,1134559.7553965512,True,136102976,reserved,4.2,37.0,0.0,15533057.906605583,0.0,24.99505975138333,7197341.45264429,223745.776870483,1004.03,1
2026-09-13T22:24:26.588680+00:00,1789338266.588681,F_lat_centralindia_rep2,r3-pub,F01,load,16,1,1000,6,207.0,2324322169,22057702,811755891498,61127,1789156079.537691,6016231.726,192964.18600000002,91903031,89338889,434445680,8388,23094,16055221,4895236623,11084516.901,800504.019,17B/87B8E000,17B/87C86FE8,1,1.000669002532959,6405620,6401337.48900553,6.10479115391305,4131,4128.238198188754,4128,4125.240203854557,0.0,0.0,5501343.587205482,0.0,streaming,17B/87B8BE90,17B/87A7DD30,17B/87A7DD30,8560,1114832,1845056,1114832,0.226280,0.226280,0.226280,-1129404.4255785528,True,141608000,reserved,7.7,37.0,0.0,5534089.679986467,0.0,15.989303115715337,5568058.954455804,276548.98802652303,1004.03,1
2026-09-13T22:24:27.589380+00:00,1789338267.5893803,F_lat_centralindia_rep2,r3-pub,F01,load,16,1,1000,6,207.0,2324347287,22057702,811762321543,61127,1789156079.537691,6016275.637,192964.18600000002,91907162,89338889,434449808,8388,23094,16055221,4895282170,11084516.901,800512.779,17B/8821A000,17B/882AFF50,1,1.0006992816925049,6430045,6425551.729311449,6.127883652984094,4131,4128.113285954546,4128,4125.115382333664,0.0,0.0,6860098.858459505,0.0,streaming,17B/88217FE0,17B/88109DF8,17B/881098E0,8224,1114632,2505992,1115936,0.225464,0.225464,0.225464,1103.2285324845845,True,148472896,reserved,3.5,37.0,0.0,15279683.197272873,0.0,24.98253017401686,6896657.293814955,258764.05103643183,1004.02,1
2026-09-13T22:24:28.590010+00:00,1789338268.5900042,F_lat_centralindia_rep2,r3-pub,F01,load,16,1,1000,6,207.0,2324372405,22057702,811768745739,61127,1789156079.537691,6016315.339,192964.18600000002,91911294,89338889,434453937,8388,23094,16055221,4895327679,11084516.901,800521.482,17B/88870000,17B/888D3D40,1,1.0006239414215088,6424196,6420190.177414347,6.122770478643749,4132,4129.423481642852,4129,4126.425352299936,0.0,0.0,6639569.29769419,0.0,streaming,17B/8886BCE0,17B/8875DD18,17B/8875DD18,17184,1123048,1967688,1123048,0.226507,0.261176,0.226507,7107.565295605993,True,155116608,reserved,2.9,37.0,0.0,15031133.453226306,0.0,21.986281848050034,6673024.423655341,251978.7800018156,1004.02,1
2026-09-13T22:24:29.590330+00:00,1789338269.5903301,F_lat_centralindia_rep2,r3-pub,F01,load,16,1,1000,6,207.0,2324397423,22057702,811775128992,61127,1789156079.537691,6016355.372,192964.18600000002,91915416,89338889,434458056,8388,23094,16055221,4895373326,11084516.901,800529.737,17B/88EB8000,17B/88EEAC50,1,1.0003259181976318,6383253,6381173.259512483,6.0855610461354095,4122,4120.657002896557,4119,4117.657980332586,0.0,0.0,6584222.08220616,0.0,streaming,17B/88EB5E68,17B/88C9E000,17B/88C9E000,8600,2203648,2377504,2203648,0.225771,0.261817,0.225771,1080247.92754246,True,161702976,reserved,6.6,37.0,0.0,9757587.824562984,0.0,99.9674187990431,6663051.390300145,222185.58567437725,1004.01,1
2026-09-13T22:24:30.590978+00:00,1789338270.5909786,F_lat_centralindia_rep2,r3-pub,F01,load,16,1,1000,6,207.0,2324422339,22057702,811781493110,61127,1789156079.537691,6016395.767,192964.18600000002,91919522,89338889,434462159,8388,23094,16055221,4895418996,11084516.901,800538.219,17B/89422000,17B/894FE130,1,1.0006484985351562,6364118,6359993.553496954,6.065362504479364,4106,4103.338990675297,4103,4100.340934910069,0.0,0.0,5673376.8234406095,0.0,streaming,17B/8941FE48,17B/89313D20,17B/893137F0,8632,1106656,1870800,1107984,0.220363,0.220554,0.220363,-1094953.9239842326,True,167380032,reserved,2.5,37.0,0.0,6729459.95507674,0.0,16.988982669624953,5754547.184580312,292922.04048583,1004.01,1
2026-09-13T22:24:31.591234+00:00,1789338271.591234,F_lat_centralindia_rep2,r3-pub,F01,load,16,1,1000,6,207.0,2324447165,22057702,811787824969,61127,1789156079.537691,6016434.407,192964.18600000002,91923618,89338889,434466252,8388,23094,16055221,4895464141,11084516.901,800546.628,17B/89A5E000,17B/89B08F18,1,1.0002553462982178,6331859,6330242.595986295,6.036989780412955,4096,4094.9543685606172,4093,4091.955134403957,0.0,0.0,6535547.172222746,0.0,streaming,17B/89A5BE68,17B/8994FEF0,17B/8994FEF0,8600,1106192,1211344,1106192,0.225453,0.225453,0.225453,-1791.5425362452702,True,173917248,reserved,3.3,37.0,0.0,17952279.951769747,0.0,57.985193695438426,6601305.381107529,252016.64848172094,1004.0,1
2026-09-13T22:24:32.591706+00:00,1789338272.591706,F_lat_centralindia_rep2,r3-pub,F01,load,16,1,1000,6,207.0,2324471942,22057703,811794165972,61127,1789156079.537691,6016480.314,192964.18600000002,91927702,89338889,434470332,8388,23094,16055221,4895509539,11084516.901,800555.198,17B/8A104000,17B/8A1167F8,1,1.000472068786621,6341003,6338011.022826863,6.044398329569686,4084,4082.0729807610733,4080,4078.0748681452446,0.0,0.0,6968102.576271768,0.0,streaming,17B/8A0C63E0,17B/89F8FBD0,17B/89F8FBD0,326688,1598512,2077800,1598512,0.225558,0.225558,0.225558,492087.70075619285,True,180962368,reserved,3.9,37.0,0.0,15459198.19506592,0.0,28.986316464757866,7006801.307808528,252952.5889782484,1004.0,1
2026-09-13T22:24:33.592350+00:00,1789338273.5923324,F_lat_centralindia_rep2,r3-pub,F01,load,16,1,1000,6,207.0,2324496585,22057703,811800461306,61127,1789156079.537691,6016521.558,192964.18600000002,91931763,89338889,434474390,8388,23094,16055221,4895554485,11084516.901,800563.454,17B/8A628000,17B/8A719F78,1,1.0006263256072998,6295334,6291393.539120848,5.999940432663773,4061,4058.458083775978,4058,4055.4599615766856,0.0,0.0,5386962.007748996,0.0,streaming,17B/8A625BD0,17B/8A51BE68,17B/8A51BE68,9264,1098136,1216712,1098136,0.225234,0.264153,0.225234,-500062.7978644395,True,186278976,reserved,2.1,37.0,0.0,5321467.028931378,0.0,12.991862863601998,5461658.223596242,224325.49919548357,1003.99,1
2026-09-13T22:24:34.592655+00:00,1789338274.592656,F_lat_centralindia_rep2,r3-pub,F01,load,16,1,1000,6,207.0,2324521230,22057703,811806758376,61127,1789156079.537691,6016561.041,192964.18600000002,91935820,89338889,434478445,8388,23094,16055221,4895599590,11084516.901,800571.698,17B/8AC5E000,17B/8AD20898,1,1.0003235340118408,6297070,6295033.342607995,6.00341161976623,4057,4055.687847040073,4055,4053.688493898816,0.0,0.0,6510533.620938393,0.0,streaming,17B/8AC5DD68,17B/8AB51B40,17B/8AB51528,664,1098944,1546240,1100504,0.225267,0.225267,0.225267,2367.234119248433,True,97659256,reserved,3.9,37.0,0.0,14949659.276758537,0.0,28.990620548228275,6572063.713860582,248021.7565260873,1003.99,1
2026-09-13T22:24:35.593604+00:00,1789338275.593604,F_lat_centralindia_rep2,r3-pub,F01,load,16,1,1000,6,207.0,2324545823,22057703,811813040084,61127,1789156079.537691,6016606.28,192964.18600000002,91939867,89338889,434482489,8388,23094,16055221,4895644497,11084516.901,800579.504,17B/8B320000,17B/8B320D10,1,1.000948190689087,6281708,6275757.385280308,5.985028634338673,4047,4043.166307352938,4044,4040.1691492303635,0.0,0.0,7079367.409737461,0.0,streaming,17B/8B2A42E8,17B/8B10BFD8,17B/8B10BFD8,507160,2179112,2419984,2179112,0.153800,0.153800,0.153800,1077586.2427579288,True,104745336,reserved,3.9,37.0,0.0,15476397.424061896,0.0,26.974423103170082,6983309.490961658,234131.99821927116,1003.98,1
2026-09-13T22:24:36.593878+00:00,1789338276.5938783,F_lat_centralindia_rep2,r3-pub,F01,load,16,1,1000,6,207.0,2324570345,22057703,811819298833,61127,1789156079.537691,6016636.862,192964.18600000002,91943908,89338889,434486527,8388,23094,16055221,4895689447,11084516.901,800587.212,17B/8B842000,17B/8B91A8D8,1,1.0002741813659668,6258749,6257033.438025062,5.967172086739599,4041,4039.892336800737,4038,4036.8931591193705,0.0,0.0,5380668.720900289,0.0,streaming,17B/8B83FFF8,17B/8B739BF8,17B/8B739BF8,8200,1082376,1658128,1082376,0.057222,0.057222,0.057222,-1096435.3778504066,True,110127480,reserved,3.1,37.0,0.0,13783356.860388411,0.0,20.99424376956582,5596590.519166698,252428.78872989668,1003.98,1
2026-09-13T22:24:37.594482+00:00,1789338277.594482,F_lat_centralindia_rep2,r3-pub,F01,load,16,1,1000,6,207.0,2324594872,22057703,811825545175,61127,1789156079.537691,6016678.184,192964.18600000002,91947946,89338889,434490562,8388,23094,16055221,4895734254,11084516.901,800595.202,17B/8BE6E000,17B/8BF19AD8,3,1.0006036758422852,6246342,6242573.509178819,5.9533820239818755,4038,4035.5638276072737,4035,4032.5656375421863,0.0,0.0,6467775.56014102,0.0,streaming,17B/8BE6BC00,17B/8BD61FC0,17B/8BD619F0,9216,1097792,1913496,1099280,0.057421,0.057421,0.057421,16893.8016200776,True,116599160,reserved,3.9,37.0,0.0,6475962.617812085,0.0,14.990950325435637,6538382.936173823,254381.43607231733,1003.97,1
2026-09-13T22:24:38.594848+00:00,1789338278.5948482,F_lat_centralindia_rep2,r3-pub,F01,load,16,1,1000,6,207.0,2324619423,22057704,811831830108,61127,1789156079.537691,6016719.838,192964.18600000002,91951987,89338889,434494600,8388,23094,16055221,4895778920,11084516.901,800603.722,17B/8C426000,17B/8C51D470,3,1.0003662109375,6284933,6282632.231360585,5.991584998474679,4041,4039.5206833435022,4038,4036.5217815741307,0.0,0.0,5994348.80390482,0.0,streaming,17B/8C423F20,17B/8C31BE70,17B/8C31BE70,8416,1089936,1721464,1089936,0.226574,0.226574,0.226574,-9340.57937766931,True,122595704,reserved,2.9,37.0,0.0,14408547.43233679,0.0,22.991580231848687,6040151.030628432,244011.64026845637,1003.96,1
2026-09-13T22:24:39.595395+00:00,1789338279.5953956,F_lat_centralindia_rep2,r3-pub,F01,load,16,1,1000,6,207.0,2324643996,22057704,811838109683,61127,1789156079.537691,6016758.207,192964.18600000002,91956034,89338889,434498644,8388,23094,16055221,4895823649,11084516.901,800612.326,17B/8CA58000,17B/8CB22DD0,4,1.0005474090576172,6279575,6276139.384454082,5.985392937139589,4047,4044.785847590907,4044,4041.7874889196014,0.0,0.0,6492701.836206453,0.0,streaming,17B/8CA55C58,17B/8C94DFF0,17B/8C94D550,9128,1089552,2096536,1092272,0.226808,0.226808,0.226808,2334.7219520564267,True,129091960,reserved,4.4,37.0,0.0,14901282.902768908,0.0,19.989057808702285,6549604.687070485,254632.6118019349,1003.96,1
2026-09-13T22:24:40.595676+00:00,1789338280.5956764,F_lat_centralindia_rep2,r3-pub,F01,load,16,1,1000,6,207.0,2324668554,22057704,811844372243,61127,1789156079.537691,6016804.343,192964.18600000002,91960078,89338889,434502685,8388,23094,16055221,4895868464,11084516.901,800620.492,17B/8D112000,17B/8D124B38,4,1.0002808570861816,6262560,6260801.609502793,5.970765695097726,4044,4042.864532847477,4041,4039.8653751821603,0.0,0.0,7051331.583557742,0.0,streaming,17B/8D0FFBF8,17B/8CF73D40,17B/8CF72CD8,74760,1696448,1920312,1700648,0.225764,0.262824,0.225764,608205.1812649893,True,136145272,reserved,6.9,37.0,0.0,15462153.344665524,0.0,23.99326132253696,7049654.054703607,251662.31885442484,1003.95,1
2026-09-13T22:24:41.599315+00:00,1789338281.5982962,F_lat_centralindia_rep2,r3-pub,F01,load,16,1,1000,6,207.0,2324693141,22057704,811850654263,61127,1789156079.537691,6016835.71,192964.18600000002,91964126,89338889,434506730,8388,23094,16055221,4895913233,11084516.901,800628.565,17B/8D628000,17B/8D72FCA0,1,1.002619743347168,6282020,6265605.72109618,5.975347252937489,4048,4037.4229879875165,4045,4034.43082668219,0.0,0.0,5319057.434672313,0.0,streaming,17B/8D625D60,17B/8D51BD98,17B/8D51BD98,8864,1098344,2131312,1098344,0.225260,0.274874,0.225260,-600730.2409478343,True,141478264,reserved,1.9,37.0,0.0,5433445.766600749,0.0,18.950354933735873,5442654.641711444,248411.2263424276,1003.95,1
2026-09-13T22:24:42.599288+00:00,1789338282.5987601,F_lat_centralindia_rep2,r3-pub,F01,load,16,1,1000,6,207.0,2324717762,22057704,811856940833,61127,1789156079.537691,6016873.873,192964.18600000002,91968175,89338889,434510776,8388,23094,16055221,4895958128,11084516.901,800637.486,17B/8DC5E000,17B/8DD37438,1,1.0004639625549316,6286570,6283654.619548406,5.992560023830801,4049,4047.122286803694,4046,4044.1236780458744,0.0,0.0,6509619.780175156,0.0,streaming,17B/8DC5BFD8,17B/8DB53C88,17B/8DB53700,8232,1090424,1428840,1091840,0.224890,0.268522,0.224890,-6500.983786952636,True,147990904,reserved,3.9,37.0,0.0,14918902.188024068,0.0,20.99026130473637,6551097.536049568,250689.68937122432,1003.94,1
2026-09-13T22:24:43.599495+00:00,1789338283.5994954,F_lat_centralindia_rep2,r3-pub,F01,load,16,1,1000,6,207.0,2324742484,22057704,811863279954,61127,1789156079.537691,6016926.328,192964.18600000002,91972235,89338889,434514833,8388,23094,16055221,4896003437,11084516.901,800646.905,17B/8E312000,17B/8E342F00,1,1.0007352828979492,6339121,6334463.3774109045,6.04101503125277,4060,4057.0169448237807,4057,4054.0191490517436,0.0,0.0,7023571.687855399,0.0,streaming,17B/8E30FC98,17B/8E0FFD58,17B/8E0FFB80,9064,2171560,2282088,2172032,0.226549,0.226549,0.226549,1079398.33686283,True,155019640,reserved,6.3,37.0,0.0,15451039.115183061,0.0,25.98089669098973,7049161.871830767,238607.55594479234,1003.94,1
2026-09-13T22:24:44.600225+00:00,1789338284.6002254,F_lat_centralindia_rep2,r3-pub,F01,load,16,1,1000,6,207.0,2324767079,22057705,811869573320,61127,1789156079.537691,6016957.588,192964.18600000002,91976283,89338889,434518877,8388,23094,16055221,4896048265,11084516.901,800655.545,17B/8E83FD78,17B/8E949330,1,1.000730037689209,6293366,6288774.957262245,5.997443158399816,4048,4045.0469632621985,4044,4041.04988128269,0.0,0.0,5426686.314462927,0.0,streaming,17B/8E83DDE0,17B/8E735D20,17B/8E7357D0,8088,1089624,1539712,1090984,0.226047,0.226047,0.226047,-1080259.3699458183,True,160450288,reserved,4.6,37.0,0.0,6229564.1833588015,0.0,12.990516433401329,5478128.759539196,259484.56648669665,1003.93,1
2026-09-13T22:24:45.600342+00:00,1789338285.6003425,F_lat_centralindia_rep2,r3-pub,F01,load,16,1,1000,6,207.0,2324791755,22057705,811875870397,61127,1789156079.537691,6016997.603,192964.18600000002,91980341,89338889,434522933,8388,23094,16055221,4896093019,11084516.901,800664.65,17B/8EE73C28,17B/8EF4C2F8,1,1.0001170635223389,6297077,6296339.928270154,6.004657676954416,4058,4057.525011830137,4056,4055.525245929777,0.0,0.0,6503350.694860655,0.0,streaming,17B/8EE71D88,17B/8ED69FC0,17B/8ED69FC0,7840,1088616,1864256,1088616,0.227237,0.227237,0.227237,-2367.722826026063,True,166954400,reserved,3.1,37.0,0.0,14121354.904454688,0.0,20.997541953778434,6555252.619038594,267346.7034532081,1003.93,1
2026-09-13T22:24:46.600841+00:00,1789338286.600842,F_lat_centralindia_rep2,r3-pub,F01,load,16,1,1000,6,207.0,2324816404,22057705,811882171852,61127,1789156079.537691,6017046.2360000005,192964.18600000002,91984396,89338889,434526984,8388,23094,16055221,4896137765,11084516.901,800673.11,17B/8F53BBF8,17B/8F5533C0,1,1.0004994869232178,6301455,6298309.076977666,6.006535603501955,4055,4052.9755916918293,4051,4048.9775886420716,0.0,0.0,7107058.117407806,0.0,streaming,17B/8F518B58,17B/8F323C08,17B/8F323C08,143520,2195440,2792064,2195440,0.225677,0.225677,0.225677,1106271.4318862434,True,174065008,reserved,2.7,37.0,0.0,15536559.691602252,0.0,27.98602134830363,7152311.513928013,235454.39360937793,1003.92,1
2026-09-13T22:24:47.601168+00:00,1789338287.6011682,F_lat_centralindia_rep2,r3-pub,F01,load,16,1,1000,6,207.0,2324841017,22057705,811888461953,61127,1789156079.537691,6017078.288,192964.18600000002,91988446,89338889,434531031,8388,23094,16055221,4896182613,11084516.901,800682.342,17B/8FA68000,17B/8FB56FF0,1,1.000326156616211,6290101,6288050.110853279,5.996751890996245,4050,4048.679496395333,4047,4045.6804745461513,0.0,0.0,5422367.458977727,0.0,streaming,17B/8FA65FD8,17B/8F95BFB0,17B/8F95BFB0,8232,1097808,2023120,1097808,0.225737,0.225737,0.225737,-1097274.116787013,True,179489144,reserved,3.7,37.0,0.0,13819492.681029404,0.0,19.993478994544855,5458337.727036813,271271.5229979846,1003.91,1
2026-09-13T22:24:48.602165+00:00,1789338288.6021652,F_lat_centralindia_rep2,r3-pub,F01,load,16,1,1000,6,207.0,2324865656,22057705,811894772079,61127,1789156079.537691,6017124.814,192964.18600000002,91992501,89338889,434535084,8388,23094,16055221,4896227605,11084516.901,800691.681,17B/90114000,17B/9015C870,1,1.0009970664978027,6310126,6303840.651678724,6.011810924223637,4055,4050.9609225801873,4053,4048.96291472688,0.0,0.0,6988999.502742656,0.0,streaming,17B/90111CC0,17B/8FF91EA8,17B/8FF91EA8,9024,1581400,1805256,1581400,0.226662,0.267792,0.226662,483110.30689824856,True,186485112,reserved,5.0,37.0,0.0,7013551.023244093,0.0,18.981074606417646,7040072.579488892,261102.6632819545,1003.91,1
2026-09-13T22:24:49.602707+00:00,1789338289.6027071,F_lat_centralindia_rep2,r3-pub,F01,load,16,1,1000,6,207.0,2324890190,22057705,811901043753,61127,1789156079.537691,6017164.53,192964.18600000002,91996543,89338889,434539123,8388,23094,16055221,4896272450,11084516.901,800701.0,17B/90747870,17B/9075D138,1,1.0005419254302979,6271674,6268277.061256353,5.97789484143863,4042,4039.8107238351636,4039,4036.812348730882,0.0,0.0,6498990.032030391,0.0,streaming,17B/90745F08,17B/90531D60,17B/90531D60,6504,2186000,3190528,2186000,0.210663,0.235012,0.210663,604272.5293495151,True,3252488,reserved,5.0,37.0,0.0,14942302.386349637,0.0,32.9821261470956,6556043.113514657,230248.22263287436,1003.9,1
2026-09-13T22:24:50.603266+00:00,1789338290.6032667,F_lat_centralindia_rep2,r3-pub,F01,load,16,1,1000,6,207.0,2324914828,22057706,811907338189,61127,1789156079.537691,6017197.129,192964.18600000002,92000597,89338889,434543174,8388,23094,16055221,4896317406,11084516.901,800709.818,17B/90C6F3A0,17B/90D600A0,1,1.0005595684051514,6294436,6290915.802277578,5.999484827306345,4054,4051.7327783511187,4051,4048.734456117509,0.0,0.0,5402464.9513033135,0.0,streaming,17B/90C6DFF8,17B/90B61FF8,17B/90B60D78,5032,1102760,1369048,1107496,0.226494,0.261443,0.226494,-1077900.8407456325,True,8657976,reserved,5.4,37.0,0.0,13795800.30602497,0.0,17.989933401657655,5450179.251888231,269723.0714910532,1003.9,1
2026-09-13T22:24:51.603459+00:00,1789338291.6034596,F_lat_centralindia_rep2,r3-pub,F01,load,16,1,1000,6,207.0,2324939410,22057706,811913603651,61127,1789156079.537691,6017241.427,192964.18600000002,92004642,89338889,434547216,8388,23094,16055221,4896362318,11084516.901,800718.169,17B/91315FA0,17B/9135F350,1,1.0001928806304932,6265462,6264253.74678775,5.974057909763098,4045,4044.2199483065174,4042,4041.2205268368216,0.0,0.0,6973119.02040684,0.0,streaming,17B/91313FE0,17B/91103E20,17B/91102CB0,8128,2171264,2215864,2175728,0.177326,0.177326,0.177326,1068025.9984720317,True,15632440,reserved,3.3,37.0,0.0,6998714.083614911,0.0,18.99633597474013,7039349.245879193,268271.255671063,1003.89,1
2026-09-13T22:24:52.603996+00:00,1789338292.6039882,F_lat_centralindia_rep2,r3-pub,F01,load,16,1,1000,6,207.0,2324964013,22057706,811919877890,61127,1789156079.537691,6017281.3270000005,192964.18600000002,92008690,89338889,434551260,8388,23094,16055221,4896406949,11084516.901,800726.146,17B/91946000,17B/9195DD70,1,1.0005285739898682,6274239,6270924.3524948405,5.980419495100823,4048,4045.86146286412,4044,4041.863576043108,0.0,0.0,6484732.339154266,0.0,streaming,17B/91943B60,17B/91733D98,17B/91731A58,9376,2171496,2489152,2180520,0.093846,0.093846,0.093846,4789.468411572348,True,22120600,reserved,6.9,37.0,0.0,14971158.634947376,0.0,24.986792631324853,6547088.379373295,209022.5161346744,1003.89,1
2026-09-13T22:24:53.604200+00:00,1789338293.604201,F_lat_centralindia_rep2,r3-pub,F01,load,16,1,1000,6,207.0,2324988599,22057706,811926167634,61127,1789156079.537691,6017310.894,192964.18600000002,92012735,89338889,434555303,8388,23094,16055221,4896451813,11084516.901,800734.508,17B/91E75E28,17B/91F650F8,1,1.0002129077911377,6289744,6288405.149549831,5.997090482282477,4045,4044.1389713045655,4043,4042.139397029508,0.0,0.0,5437858.23761411,0.0,streaming,17B/91E73F60,17B/91D67E28,17B/91D67920,7880,1105920,1730888,1107208,0.054616,0.054616,0.054616,-1073083.5321554625,True,27559616,reserved,4.4,37.0,0.0,7772553.1628745925,0.0,39.991485501157634,5467474.93198913,247849.2309676995,1003.88,1
2026-09-13T22:24:54.604495+00:00,1789338294.604475,F_lat_centralindia_rep2,r3-pub,F01,load,16,1,1000,6,207.0,2325013227,22057706,811932467959,61127,1789156079.537691,6017356.199,192964.18600000002,92016786,89338889,434559351,8388,23094,16055221,4896496522,11084516.901,800743.917,17B/92522000,17B/9256BB58,1,1.0002739429473877,6300325,6298599.543076755,6.0068126135604425,4051,4049.89056104311,4048,4046.8913826468797,0.0,0.0,6994523.899507395,0.0,streaming,17B/9251DD90,17B/92310000,17B/9230FF80,17008,2170880,2579656,2171008,0.226275,0.226275,0.226275,1063508.6593032982,True,34556056,reserved,4.8,37.0,0.0,10196246.810096549,0.0,35.990140754764745,7040268.368132833,275654.4863975356,1003.88,1
2026-09-13T22:24:55.604967+00:00,1789338295.604948,F_lat_centralindia_rep2,r3-pub,F01,load,16,1,1000,6,207.0,2325037907,22057706,811938782257,61127,1789156079.537691,6017396.079,192964.18600000002,92020844,89338889,434563406,8388,23094,16055221,4896541624,11084516.901,800753.266,17B/92B5E000,17B/92B76C48,1,1.0004730224609375,6314298,6311312.607378712,6.01893673646804,4058,4056.081382402733,4055,4053.0828007991827,0.0,0.0,6534125.21201214,0.0,streaming,17B/92B5C000,17B/92947F28,17B/92947F28,8192,2187480,2914968,2187480,0.226294,0.226294,0.226294,16464.212057894976,True,41093272,reserved,2.9,37.0,0.0,6542313.338844236,0.0,14.992908017752834,6578722.116674547,217532.10242957584,1003.87,1
2026-09-13T22:24:56.605481+00:00,1789338296.6054814,F_lat_centralindia_rep2,r3-pub,F01,load,16,1,1000,6,207.0,2325062644,22057707,811945111893,61127,1789156079.537691,6017437.241,192964.18600000002,92024912,89338889,434567471,8388,23094,16055221,4896586512,11084516.901,800762.691,17B/931073D8,17B/93180B50,1,1.0005333423614502,6329636,6326261.936519624,6.0331935277172315,4068,4065.8315198159626,4065,4062.8331189901396,0.0,0.0,5932923.72045263,0.0,streaming,17B/93105FD0,17B/92F75D48,17B/92F75D48,5128,1644176,2673280,1644176,0.226978,0.226978,0.226978,-543014.3874243097,True,47029360,reserved,3.5,37.0,0.0,15102089.415968055,0.0,37.97974379375776,5981612.752529286,276310.63183512323,1003.87,1
2026-09-13T22:24:57.606241+00:00,1789338297.6061895,F_lat_centralindia_rep2,r3-pub,F01,load,16,1,1000,6,207.0,2325087337,22057707,811951432043,61127,1789156079.537691,6017476.774,192964.18600000002,92028975,89338889,434571531,8388,23094,16055221,4896632139,11084516.901,800772.809,17B/93742000,17B/9378CF38,1,1.0007081031799316,6320150,6315677.848432101,6.02309975474558,4063,4060.1250125676806,4060,4057.127135374055,0.0,0.0,6527513.846688112,0.0,streaming,17B/9373FFF0,17B/9352FD10,17B/9352F230,8208,2171632,3054344,2174416,0.225523,0.225523,0.225523,529864.8010494431,True,53561496,reserved,2.3,37.0,0.0,14952100.370181218,0.0,21.984432753258424,6563305.502502815,275076.21765555453,1003.86,1
2026-09-13T22:24:58.608373+00:00,1789338298.6083732,F_lat_centralindia_rep2,r3-pub,F01,load,16,1,1000,6,207.0,2325112047,22057707,811957750890,61127,1789156079.537691,6017514.0,192964.18600000002,92033039,89338889,434575592,8388,23094,16055221,4896677367,11084516.901,800781.918,17B/93D7E000,17B/93D96230,1,1.0021836757659912,6318847,6305078.75232588,6.012991669011956,4064,4055.1448784014515,4061,4052.1514151546,0.0,0.0,6522971.944243115,0.0,streaming,17B/93D7BFE0,17B/93B67C90,17B/93B676C0,8224,2188144,2381720,2189632,0.225670,0.225670,0.225670,15182.84558803063,True,60098712,reserved,5.5,37.0,0.0,14893301.85765784,0.0,20.954242727960256,6562098.504521629,216200.8873616825,1003.86,1
2026-09-13T22:24:59.608706+00:00,1789338299.6086807,F_lat_centralindia_rep2,r3-pub,F01,load,16,1,1000,6,207.0,2325136734,22057707,811964063534,61127,1789156079.537691,6017558.289,192964.18600000002,92037099,89338889,434579649,8388,23094,16055221,4896722538,11084516.901,800790.443,17B/94324000,17B/9439CFB0,1,1.000307559967041,6312644,6310703.080368596,6.018355446213337,4060,4058.7516904638533,4057,4055.752612860062,0.0,0.0,5920994.938991713,0.0,streaming,17B/94321CB0,17B/9421BFD0,17B/9421BA88,9040,1081392,2273200,1082744,0.226069,0.226069,0.226069,-1106547.6702350131,True,66021528,reserved,3.3,37.0,0.0,5941468.642100261,0.0,15.995080553552132,5966478.9499308085,267307.786825894,1003.85,1
2026-09-13T22:25:00.609036+00:00,1789338300.609036,F_lat_centralindia_rep2,r3-pub,F01,load,16,1,1000,6,207.0,2325161412,22057707,811970359330,61127,1789156079.537691,6017601.977,192964.18600000002,92041158,89338889,434583705,8388,23094,16055221,4896767388,11084516.901,800799.011,17B/9495A000,17B/949A4108,1,1.0003552436828613,6295796,6293560.2524776,6.002006771543122,4059,4057.5585779473445,4056,4054.559643299933,0.0,0.0,6510327.247372011,0.0,streaming,17B/94957DA0,17B/9484DE80,17B/9484D820,8800,1098112,2444760,1099744,0.225428,0.247787,0.225428,16993.963001996763,True,72534168,reserved,6.4,37.0,0.0,14895956.30562225,0.0,21.99218741434875,6569348.280522828,259080.96312450038,1003.85,1
2026-09-13T22:25:01.609416+00:00,1789338301.609379,F_lat_centralindia_rep2,r3-pub,F01,load,16,1,1000,6,207.0,2325186055,22057707,811976647653,61127,1789156079.537691,6017641.55,192964.18600000002,92045209,89338889,434587753,8388,23094,16055221,4896811766,11084516.901,800807.137,17B/94F8C000,17B/94FA6BF8,1,1.0003430843353271,6288323,6286166.314808128,5.994955363090638,4051,4049.6106420245474,4048,4046.611670924554,0.0,0.0,6494028.000719777,0.0,streaming,17B/94F89E28,17B/94D79FF0,17B/94D79FB0,8664,2170896,2750560,2170960,0.225865,0.225865,0.225865,1070848.6086168766,True,79030424,reserved,2.3,37.0,0.0,14896137.368611949,0.0,21.99245473328562,6551514.278078519,206017.31868515303,1003.84,1
2026-09-13T22:25:02.609940+00:00,1789338302.6099403,F_lat_centralindia_rep2,r3-pub,F01,load,16,1,1000,6,207.0,2325210670,22057708,811982951984,61127,1789156079.537691,6017680.034,192964.18600000002,92049258,89338889,434591799,8388,23094,16055221,4896856550,11084516.901,800814.968,17B/95536000,17B/955B8800,3,1.000561237335205,6304331,6300794.758739931,6.008906134357386,4049,4046.728824698129,4046,4043.7305074657024,0.0,0.0,5935868.5689422395,0.0,streaming,17B/95533C58,17B/95427F50,17B/95427478,9128,1106096,1510288,1108872,0.225581,0.265091,0.225581,-1061492.2509177541,True,84969624,reserved,7.5,37.0,0.0,14397551.556530936,0.0,26.98485509183736,5962818.443666365,259891.13938948564,1003.83,1
2026-09-13T22:25:03.610666+00:00,1789338303.6106665,F_lat_centralindia_rep2,r3-pub,F01,load,16,1,1000,6,207.0,2325235289,22057708,811989247537,61127,1789156079.537691,6017721.592,192964.18600000002,92053310,89338889,434595848,8388,23094,16055221,4896901881,11084516.901,800823.073,17B/95B6C000,17B/95BC0118,3,1.0007262229919434,6295553,6290984.3425285,5.999550192383289,4052,4049.059479909943,4049,4046.061656997868,0.0,0.0,6507913.80336641,0.0,streaming,17B/95B69F78,17B/95A5FD70,17B/95A5FD70,8328,1098384,2103352,1098384,0.226191,0.226191,0.226191,-10480.388900615864,True,91482264,reserved,3.3,37.1,0.0,6507913.80336641,0.0,14.98911456037738,6549258.777695451,251649.24653126378,1003.83,1
2026-09-13T22:25:04.610841+00:00,1789338304.6108415,F_lat_centralindia_rep2,r3-pub,F01,load,16,1,1000,6,207.0,2325259916,22057708,811995552493,61127,1789156079.537691,6017764.624,192964.18600000002,92057358,89338889,434599893,8388,23094,16055221,4896946762,11084516.901,800831.845,17B/96112000,17B/961C54B0,4,1.0001749992370605,6304956,6303852.83056411,6.011822538913831,4048,4047.2917270356074,4045,4044.2922519414606,0.0,0.0,5921779.693071672,0.0,streaming,17B/9610FE98,17B/95F8DFA0,17B/95F8DFA0,8552,1589344,2161688,1589344,0.225450,0.225450,0.225450,490874.0974074609,True,97405080,reserved,3.5,37.1,0.0,14353968.066539563,0.0,27.995100878704793,5959503.091505727,208277.55158737538,1003.82,1
2026-09-13T22:25:05.611430+00:00,1789338305.6114302,F_lat_centralindia_rep2,r3-pub,F01,load,16,1,1000,6,207.0,2325284518,22057708,812001840399,61127,1789156079.537691,6017804.065,192964.18600000002,92061408,89338889,434603940,8388,23094,16055221,4896991599,11084516.901,800840.357,17B/9673E000,17B/967F6F60,4,1.0005886554718018,6287906,6284206.767300495,5.99308659296083,4050,4047.6173479003987,4047,4044.6191128278797,0.0,0.0,6467872.651372853,0.0,streaming,17B/96739BC8,17B/96637FC8,17B/96636D78,17464,1073208,1898328,1077896,0.221571,0.221571,0.221571,-511147.1104565341,True,103876760,reserved,5.6,37.1,0.0,14859732.737014845,0.0,21.9870571984713,6428795.654261024,274845.21086272714,1003.82,1
2026-09-13T22:25:06.615668+00:00,1789338306.614637,F_lat_centralindia_rep2,r3-pub,F01,load,16,1,1000,6,207.0,2325309114,22057708,812008137529,61127,1789156079.537691,6017849.616,192964.18600000002,92065452,89338889,434607981,8388,23094,16055221,4897036109,11084516.901,800848.39,17B/96E90000,17B/96EAB618,2,1.003206729888916,6297130,6277001.3521512905,5.986214973593989,4044,4031.0734363273136,4041,4028.08302576624,0.0,0.0,7651368.129129222,0.0,streaming,17B/96E8BFE0,17B/96C73C80,17B/96C72D28,16416,2212736,3218208,2216664,0.219562,0.219562,0.219562,1135127.9512709156,True,111552664,reserved,4.6,37.1,0.0,7651368.129129222,0.0,17.94246336644205,6924095.296658502,237851.27520667796,1003.81,1
2026-09-13T22:25:07.614729+00:00,1789338307.6147294,F_lat_centralindia_rep2,r3-pub,F01,load,16,1,1000,6,207.0,2325333733,22057708,812014423435,61127,1789156079.537691,6017891.0,192964.18600000002,92069496,89338889,434612022,8388,23094,16055221,4897081035,11084516.901,800856.889,17B/97524000,17B/9755AED8,2,1.0000925064086914,6285906,6285324.567196828,5.994152610012844,4044,4043.6259386863208,4041,4040.626216179877,0.0,0.0,6897025.980895856,0.0,streaming,17B/9750BDC0,17B/97309CF8,17B/97309CF8,98880,2204424,2593936,2204424,0.067385,0.067385,0.067385,-12238.867826290942,True,118450328,reserved,4.5,37.1,0.0,15301240.537189381,0.0,22.997872549402913,6176088.6722171735,271138.9179124474,1003.81,1
2026-09-13T22:25:08.615252+00:00,1789338308.6152525,F_lat_centralindia_rep2,r3-pub,F01,load,16,1,1000,6,207.0,2325358282,22057709,812020712975,61127,1789156079.537691,6017927.528,192964.18600000002,92073531,89338889,434616057,8388,23094,16055221,4897125875,11084516.901,800864.995,17B/97B40000,17B/97C19B90,2,1.0005230903625488,6289540,6286251.722307505,5.995036814029222,4035,4032.8904338808215,4035,4032.8904338808215,0.0,0.0,6402794.7597677875,0.0,streaming,17B/97B3BC40,17B/97A29FF0,17B/97A29A68,17344,1138704,1472376,1140120,0.111793,0.111793,0.111793,-1063747.5639011385,True,124856472,reserved,3.3,37.1,0.0,14787017.053888265,0.0,18.990066479240546,5819387.934255658,262995.42962536856,1003.8,1
2026-09-13T22:25:09.615610+00:00,1789338309.6156101,F_lat_centralindia_rep2,r3-pub,F01,load,16,1,1000,6,207.0,2325382842,22057709,812026987478,61127,1789156079.537691,6017967.788,192964.18600000002,92077574,89338889,434620094,8388,23094,16055221,4897171400,11084516.901,800874.718,17B/98210000,17B/98257E78,2,1.0003576278686523,6274503,6272259.86507282,5.98169313914568,4043,4041.5546274325493,4037,4035.5567724326493,0.0,0.0,7140870.225800823,0.0,streaming,17B/9820DFD0,17B/97FFFF78,17B/97FFFAB0,8240,2162824,2165880,2164048,0.205063,0.269692,0.205063,1023561.9457229174,True,131999896,reserved,5.8,37.2,0.0,15596086.404859712,0.0,23.9914199995996,6841650.235208318,268137.10669802496,1003.8,1
2026-09-13T22:25:10.616162+00:00,1789338310.6161625,F_lat_centralindia_rep2,r3-pub,F01,load,16,1,1000,6,207.0,2325407399,22057709,812033282299,61127,1789156079.537691,6018001.8440000005,192964.18600000002,92081616,89338889,434624133,8388,23094,16055221,4897216242,11084516.901,800883.735,17B/98843FD0,17B/9885C3C0,2,1.0005524158477783,6294821,6291345.561008249,5.999894677170038,4042,4039.768367932201,4039,4036.7700242647597,0.0,0.0,6500808.8501677895,0.0,streaming,17B/98841FF8,17B/98631CE8,17B/98631138,8152,2171624,2485912,2174616,0.221819,0.252585,0.221819,10562.165292505566,True,138504296,reserved,7.8,37.3,0.0,6509044.300774361,0.0,11.99337466976408,6535940.442919197,214198.673258319,1003.79,1
2026-09-13T22:25:11.617096+00:00,1789338311.6170964,F_lat_centralindia_rep2,r3-pub,F01,load,16,1,1000,6,207.0,2325472500,22057710,812042072725,61127,1789156079.537691,6018030.743,192964.18600000002,92085665,89338889,434628223,8401,23145,16055221,4897374372,11084516.901,800893.832,17B/98E78000,17B/98E7D470,1,1.0009338855743408,8790426,8782224.407315385,8.375381858172783,4049,4045.222225318772,4090,4086.1839717346943,12.987870814804651,50.9524162734644,6498427.212570277,0.0,streaming,17B/98D8D5A0,17B/98C69D40,17B/98C69198,961120,2155200,2675320,2158184,0.220499,0.220499,0.220499,-16416.66870991308,True,145008792,reserved,10.2,37.1,0.0,14920082.350325054,0.0,18.982272729329875,5679437.055663339,278037.3449344377,1003.79,1
2026-09-13T22:25:12.617782+00:00,1789338312.6177824,F_lat_centralindia_rep2,r3-pub,F01,load,16,1,1000,6,207.0,2325497072,22057710,812048342101,61127,1789156079.537691,6018070.122,192964.18600000002,92089709,89338889,434632264,8401,23145,16055221,4897419482,11084516.901,800903.393,17B/9941C000,17B/9947F1E8,1,1.0006859302520752,6269376,6265078.59306139,5.974844544469252,4044,4041.2279994596374,4041,4038.23005583986,0.0,0.0,5910569.761393659,0.0,streaming,17B/99417FE8,17B/99311FB0,17B/99311FB0,16408,1089616,1528128,1089616,0.220346,0.220346,0.220346,-1067835.5392993535,True,150923416,reserved,2.7,37.1,0.0,14375291.552641641,0.0,25.982178038068884,6695497.35581096,263120.51767698367,1003.78,1
2026-09-13T22:25:13.618248+00:00,1789338313.6182432,F_lat_centralindia_rep2,r3-pub,F01,load,16,1,1000,6,207.0,2325520846,22058830,812061813147,61127,1789156079.537691,6018154.694,192964.18600000002,92093616,89338889,434636168,8401,23145,16055221,4897463193,11084516.901,800911.941,17B/9A234000,17B/9A2B6FC8,1,1.0004608631134033,13471046,13464840.551661883,12.8410726086253,3907,3905.200237260193,3904,3902.201619212642,0.0,0.0,14771560.33271524,0.0,streaming,17B/9A22BCA8,17B/99FF1FF0,17B/99FF1FF0,33624,2367504,2399664,2367504,0.221425,0.221425,0.221425,1277299.339849489,True,165701784,reserved,3.1,37.1,98258.71618214129,14923042.520162707,2.9986180475506985,35.983416570608384,6032550.819847401,240939.9596600478,1003.77,1
2026-09-13T22:25:14.618784+00:00,1789338314.6187847,F_lat_centralindia_rep2,r3-pub,F01,load,16,1,1000,6,207.0,2325544099,22059224,812070224083,61127,1789156079.537691,6018197.874,192964.18600000002,92097434,89338889,434639983,8401,23145,16055221,4897505719,11084516.901,800920.356,17B/9A970000,17B/9A9713D0,1,1.0005414485931396,8410936,8406384.375006761,8.016952872282754,3818,3815.9338679756706,3815,3812.935491442426,0.0,0.0,7581686.906290963,0.0,streaming,17B/9A8DB430,17B/9A757E28,17B/9A755D98,609232,2195928,3264384,2204264,0.217395,0.279782,0.217395,-163151.66176227044,True,173287576,reserved,4.8,37.1,0.0,15973942.931073077,0.0,23.987012265954974,6047127.791164938,213970.14616538488,1003.77,1
2026-09-13T22:25:15.619809+00:00,1789338315.6198099,F_lat_centralindia_rep2,r3-pub,F01,load,16,1,1000,6,207.0,2325564770,22059268,812075776313,61127,1789156079.537691,6018221.372,192964.18600000002,92100833,89338889,434643379,8401,23145,16055221,4897543513,11084516.901,800927.64,17B/9AD73160,17B/9AE444E8,1,1.0010251998901367,5552230,5546543.6840245,5.289596256279468,3399,3395.5189143820185,3396,3392.5219868318136,0.0,0.0,4202635.45858957,0.0,streaming,17B/9AD71EE0,17B/9AC6DF68,17B/9AC6DF68,4736,1069560,2137848,1069560,0.220689,0.220689,0.220689,-1133541.8929758559,True,177494520,reserved,3.9,37.1,0.0,12586392.431861637,0.0,13.985661900955652,4401187.902645737,187454.82133775894,1003.76,1
2026-09-13T22:25:16.620236+00:00,1789338316.6202366,F_lat_centralindia_rep2,r3-pub,F01,load,16,1,1000,6,207.0,2325583542,22059283,812080660445,61127,1789156079.537691,6018245.897,192964.18600000002,92103923,89338889,434646466,8401,23145,16055221,4897577813,11084516.901,800935.149,17B/9B206000,17B/9B2E41E0,1,1.0004267692565918,4884132,4882048.491794512,4.655884258074295,3090,3088.6818455449284,3087,3085.683125306535,0.0,0.0,4794018.060476243,0.0,streaming,17B/9B203F18,17B/9B101BE8,17B/9B101618,8424,1066008,1776048,1067496,0.205101,0.360664,0.205101,-2063.119524014476,True,182290584,reserved,4.8,37.1,0.0,13343169.54545251,0.0,18.991894843156516,4763659.01678275,182975.91150627227,1003.76,1
2026-09-13T22:25:17.620959+00:00,1789338317.6209595,F_lat_centralindia_rep2,r3-pub,F01,load,16,1,1000,6,207.0,2325601525,22059287,812085290692,61127,1789156079.537691,6018268.703000001,192964.18600000002,92106881,89338889,434649421,8401,23145,16055221,4897610740,11084516.901,800942.8,17B/9B692000,17B/9B731740,1,1.000722885131836,4630247,4626902.28113451,4.412557870039473,2958,2955.863250404542,2955,2952.8654174933813,0.0,0.0,4764299.958396468,0.0,streaming,17B/9B691F10,17B/9B5B75E8,17B/9B5B7518,240,895512,1827432,895720,0.220238,0.422510,0.220238,-171651.9153825188,True,187058328,reserved,9.2,37.1,0.0,4776579.082000583,0.0,7.994221096428783,4793305.9903672235,194348.50835291718,1003.76,1
2026-09-13T22:25:18.621668+00:00,1789338318.6216688,F_lat_centralindia_rep2,r3-pub,F01,load,16,1,1000,6,207.0,2325619030,22059291,812089811965,61127,1789156079.537691,6018288.771000001,192964.18600000002,92109755,89338889,434652292,8401,23145,16055221,4897642714,11084516.901,800950.026,17B/9BB1A000,17B/9BB83390,1,1.0007092952728271,4521273,4518068.355473153,4.30876575038257,2874,2871.962930269825,2871,2868.965056647414,0.0,0.0,4747992.271526387,0.0,streaming,17B/9BB19B88,17B/9BA25FC0,17B/9BA25FC0,1144,999488,1912144,999488,0.218416,0.408384,0.218416,103694.45001678469,True,191809688,reserved,6.4,37.1,0.0,8857461.44446819,0.0,92.9340822947438,4699048.986766903,174979.88759289053,1003.75,1
2026-09-13T22:25:19.622227+00:00,1789338319.6222203,F_lat_centralindia_rep2,r3-pub,F01,load,16,1,1000,6,207.0,2325636889,22059294,812094401352,61127,1789156079.537691,6018310.975000001,192964.18600000002,92112695,89338889,434655229,8401,23145,16055221,4897675515,11084516.901,800956.979,17B/9BFA6000,17B/9BFED4A0,1,1.000551462173462,4589387,4586857.521581789,4.374368211347378,2940,2938.3795948021943,2937,2935.381248276886,0.0,0.0,4765116.218653263,0.0,streaming,17B/9BFA6000,17B/9BEBFD00,17B/9BEBFB70,0,942848,1169520,943248,0.217472,0.223717,0.217472,-56209.00286111408,True,2024752,reserved,5.0,37.1,0.0,9141326.903997196,0.0,54.96968629731996,4801724.0308295945,185507.69952082832,1003.75,1
2026-09-13T22:25:20.622784+00:00,1789338320.6227689,F_lat_centralindia_rep2,r3-pub,F01,load,16,1,1000,6,207.0,2325655065,22059295,812099050277,61127,1789156079.537691,6018332.15,192964.18600000002,92115687,89338889,434658217,8401,23145,16055221,4897708775,11084516.901,800963.004,17B/9C3C0000,17B/9C45F5C0,1,1.0005486011505127,4648925,4646375.992784644,4.431129448685306,2992,2990.3594853458926,2988,2986.361678547302,0.0,0.0,4298441.8698447915,0.0,streaming,17B/9C3BFEC0,17B/9C2D5FE0,17B/9C2D5B18,320,958496,1868648,959720,0.218897,0.218897,0.218897,16462.968396596774,True,6325552,reserved,7.0,37.1,0.0,13685420.162753465,0.0,54.96984348062303,4324901.354141264,181877.22194678793,1003.74,1
2026-09-13T22:25:21.623314+00:00,1789338321.6233149,F_lat_centralindia_rep2,r3-pub,F01,load,16,1,1000,6,207.0,2325674583,22059296,812104055630,61127,1789156079.537691,6018359.855,192964.18600000002,92118899,89338889,434661427,8401,23145,16055221,4897744793,11084516.901,800969.626,17B/9C8CC000,17B/9C957A00,1,1.0005459785461426,5005353,5002621.675890496,4.7708718069939575,3212,3210.2472738606593,3210,3208.248365221892,0.0,0.0,5289144.240717115,0.0,streaming,17B/9C8C9B98,17B/9C7C3EF8,17B/9C7C3EF8,9320,1081608,2237808,1081608,0.220648,0.220648,0.220648,121821.48808104858,True,11617584,reserved,1.9,37.1,0.0,5313706.830070291,0.0,9.99454319383767,5299465.605473391,197855.97488248802,1003.74,1
2026-09-13T22:25:22.623354+00:00,1789338322.6233542,F_lat_centralindia_rep2,r3-pub,F01,load,16,1,1000,6,207.0,2325694936,22059300,812109283146,61127,1789156079.537691,6018385.502,192964.18600000002,92122251,89338889,434664776,8401,23145,16055221,4897782191,11084516.901,800976.146,17B/9CDDA000,17B/9CE525F0,1,1.0000393390655518,5227516,5227310.36249499,4.985151636595717,3352,3351.8681406394944,3349,3348.8682586520486,0.0,0.0,5300015.502342728,0.0,streaming,17B/9CDD7F58,17B/9CCD7FD8,17B/9CCD7FD8,8360,1056808,2284880,1056808,0.220129,0.220129,0.220129,-24799.024429552348,True,16917808,reserved,4.1,37.1,0.0,13790689.48716226,0.0,31.998741199422383,5338759.978171254,212551.63841716317,1003.74,1
2026-09-13T22:25:23.623524+00:00,1789338323.6235242,F_lat_centralindia_rep2,r3-pub,F01,load,16,1,1000,6,207.0,2325716949,22059300,812114900690,61127,1789156079.537691,6018425.8610000005,192964.18600000002,92125874,89338889,434668396,8401,23145,16055221,4897822368,11084516.901,800983.799,17B/9D320000,17B/9D3EB920,1,1.0001699924468994,5617544,5616589.22225488,5.356396887068634,3623,3622.3842220424854,3620,3619.3847319331485,0.0,0.0,5528660.169529706,0.0,streaming,17B/9D30FFC8,17B/9D20FD98,17B/9D20F7C8,65592,1114728,1610560,1116216,0.037425,0.037425,0.037425,59397.90280516146,True,22447408,reserved,4.3,37.1,0.0,13936318.93104414,0.0,19.996600728912423,5512218.964410394,210204.26686232738,1003.73,1
2026-09-13T22:25:24.624397+00:00,1789338324.624397,F_lat_centralindia_rep2,r3-pub,F01,load,16,1,1000,6,207.0,2325740044,22059300,812120796107,61127,1789156079.537691,6018458.751,192964.18600000002,92129670,89338889,434672189,8401,23145,16055221,4897864644,11084516.901,800991.549,17B/9D94C000,17B/9D98FB18,1,1.0008728504180908,5895417,5890275.670418405,5.617404623430638,3796,3792.689549341169,3793,3789.692165608813,0.0,0.0,6466036.117671301,0.0,streaming,17B/9D949FF0,17B/9D837FB8,17B/9D837A28,8208,1130568,1908112,1131992,0.032902,0.032902,0.032902,15762.241920549599,True,28919088,reserved,4.6,37.1,0.0,14855513.358953683,0.0,18.98343030492155,6570451.978243744,244661.4471535613,1003.73,1
2026-09-13T22:25:25.625755+00:00,1789338325.6252246,F_lat_centralindia_rep2,r3-pub,F01,load,16,1,1000,6,207.0,2325764451,22059300,812127028254,61127,1789156079.537691,6018492.142,192964.18600000002,92133681,89338889,434676197,8401,23145,16055221,4897908996,11084516.901,800999.416,17B/9DF80000,17B/9DFB6630,5,1.0008275508880615,6232147,6226993.845713027,5.938524099076297,4011,4007.683438011804,4008,4004.6859186116453,0.0,0.0,6499069.689107206,0.0,streaming,17B/9DF7DFE8,17B/9DD73B58,17B/9DD73B58,8216,2147496,2262712,2147496,0.222625,0.222625,0.222625,1014664.3136461577,True,35423536,reserved,6.3,37.1,0.0,6507254.9154159045,0.0,12.989250734019809,6542980.350800126,240146.2667436916,1003.72,1
2026-09-13T22:25:26.625759+00:00,1789338326.6257598,F_lat_centralindia_rep2,r3-pub,F01,load,16,1,1000,6,207.0,2325789711,22059300,812133489092,61127,1789156079.537691,6018529.072000001,192964.18600000002,92137834,89338889,434680347,8401,23145,16055221,4897955029,11084516.901,801007.727,17B/9E52C000,17B/9E5E3C28,2,1.000535249710083,6460838,6457381.68832343,6.158239067386083,4153,4150.778297119848,4150,4147.779902009961,0.0,0.0,5944210.363126464,0.0,streaming,17B/9E529FC8,17B/9E41DFE8,17B/9E41D608,8248,1105944,1319560,1108472,0.221963,0.255397,0.221963,-1038468.1602183128,True,41370928,reserved,3.9,37.1,0.0,14348799.80906216,0.0,19.989300732578126,6003255.75909539,269056.9873255382,1003.72,1
2026-09-13T22:25:27.626466+00:00,1789338327.626466,F_lat_centralindia_rep2,r3-pub,F01,load,16,1,1000,6,207.0,2325815550,22059300,812140110116,61127,1789156079.537691,6018566.072000001,192964.18600000002,92142081,89338889,434684591,8401,23145,16055221,4898002285,11084516.901,801016.331,17B/9EC4C000,17B/9EC5AB28,2,1.0007061958312988,6621024,6616351.560109843,6.30984455119118,4247,4244.002902841993,4244,4241.005019934405,0.0,0.0,7465831.660803962,0.0,streaming,17B/9EC40648,17B/9EA45EE0,17B/9EA45EA0,47544,2122016,3324808,2122080,0.222433,0.222433,0.222433,1012892.699398132,True,48842032,reserved,4.9,37.1,0.0,15885357.826524219,0.0,23.983063260703513,7474144.790106703,250426.15009675347,1003.71,1
2026-09-13T22:25:28.627340+00:00,1789338328.626834,F_lat_centralindia_rep2,r3-pub,F01,load,16,1,1000,6,207.0,2325841809,22059301,812146850375,61127,1789156079.537691,6018600.919000001,192964.18600000002,92146406,89338889,434688913,8401,23145,16055221,4898050129,11084516.901,801024.79,17B/9F205290,17B/9F2CB2C8,4,1.0003678798675537,6740259,6737780.306273323,6.425648027680705,4325,4323.409504684037,4322,4320.410607917782,0.0,0.0,5999089.055912668,0.0,streaming,17B/9F203FC8,17B/9F103D00,17B/9F103730,4808,1054096,2122928,1055584,0.220710,0.269662,0.220710,-1066103.801874568,True,54843328,reserved,4.4,37.2,0.0,6023000.259462273,0.0,13.99485157585584,6050166.26563552,279285.25657680084,1003.7,1
2026-09-13T22:25:29.629532+00:00,1789338329.6295323,F_lat_centralindia_rep2,r3-pub,F01,load,16,1,1000,6,207.0,2325868023,22059301,812153534413,61127,1789156079.537691,6018641.076,192964.18600000002,92150723,89338889,434693227,8401,23145,16055221,4898097637,11084516.901,801033.526,17B/9F907690,17B/9F939B28,1,1.0026984214782715,6684038,6666050.187000163,6.357240855217135,4317,4305.382264026582,4314,4302.390337505368,0.0,0.0,7329470.000725695,0.0,streaming,17B/9F905D68,17B/9F703FF0,17B/9F703AE8,6440,2111136,2258864,2112424,0.220092,0.269173,0.220092,1053995.8748931787,True,62192576,reserved,2.7,37.2,0.0,15735331.443664694,0.0,20.943485648496228,7402896.864100482,251449.48331352652,1003.7,1
2026-09-13T22:25:30.630038+00:00,1789338330.6300385,F_lat_centralindia_rep2,r3-pub,F01,load,16,1,1000,6,207.0,2325894303,22059301,812160241647,61127,1789156079.537691,6018676.089000001,192964.18600000002,92155049,89338889,434697550,8401,23145,16055221,4898145387,11084516.901,801042.205,17B/9FF0C000,17B/9FFA68A8,1,1.0005061626434326,6707234,6703840.766236611,6.393280760037051,4326,4323.811448167691,4323,4320.812965887409,0.0,0.0,6307063.600015919,0.0,streaming,17B/9FF07FE8,17B/9FE07DE8,17B/9FE07DE8,16408,1065496,1381296,1065496,0.220704,0.269234,0.220704,-1046398.3522439447,True,68502832,reserved,2.1,37.2,0.0,14713576.53720558,0.0,18.99038777512393,6352548.57721962,286480.99402277224,1003.69,1
2026-09-13T22:25:31.630226+00:00,1789338331.6302266,F_lat_centralindia_rep2,r3-pub,F01,load,16,1,1000,6,207.0,2325920319,22059301,812166905521,61127,1789156079.537691,6018712.399,192964.18600000002,92159325,89338889,434701822,8401,23145,16055221,4898192550,11084516.901,801051.054,17B/A052F440,17B/A05F94F8,1,1.0001881122589111,6663874,6662620.679373735,6.353970221875891,4276,4275.195783263923,4272,4271.19653557144,0.0,0.0,6434693.555259919,0.0,streaming,17B/A052DB68,17B/A0419DD0,17B/A0419220,6360,1136240,1632416,1139232,0.220201,0.254171,0.220201,73722.13196322466,True,74938736,reserved,4.4,37.2,0.0,14841112.20485839,0.0,19.99623846241311,6478378.33761683,244777.95426609137,1003.69,1
2026-09-13T22:25:32.630883+00:00,1789338332.630884,F_lat_centralindia_rep2,r3-pub,F01,load,16,1,1000,6,207.0,2325946147,22059301,812173518314,61127,1789156079.537691,6018750.708000001,192964.18600000002,92163572,89338889,434706066,8401,23145,16055221,4898239238,11084516.901,801059.674,17B/A0B82000,17B/A0C4B940,1,1.000657320022583,6612793,6608449.134065957,6.302308210435826,4247,4244.210195658343,4244,4241.212166323053,0.0,0.0,6625980.610275619,0.0,streaming,17B/A0B6C000,17B/A0A6BB98,17B/A0A6BB98,90112,1139816,2094720,1139816,0.220068,0.220068,0.220068,583.6163772697132,True,81569072,reserved,4.8,37.2,0.0,6786706.96162672,0.0,20.98620534702736,6578535.796701549,257873.4945887134,1003.68,1
2026-09-13T22:25:33.631363+00:00,1789338333.6313632,F_lat_centralindia_rep2,r3-pub,F01,load,16,1,1000,6,207.0,2325971547,22059301,812179987322,61127,1789156079.537691,6018791.1620000005,192964.18600000002,92167750,89338889,434710242,8401,23145,16055221,4898285358,11084516.901,801067.656,17B/A120D488,17B/A1271218,1,1.0004792213439941,6469008,6465909.398208046,6.166371725280806,4178,4175.998772255842,4176,4173.999730239443,0.0,0.0,6858673.1774218995,0.0,streaming,17B/A120BBF8,17B/A0FFFD28,17B/A0FFFC60,6288,2152288,2155408,2152488,0.221399,0.253504,0.221399,1012186.9384149994,True,88431032,reserved,4.3,37.2,32752.304396668125,15254385.772748178,0.9995210081991005,21.989462180380208,7015630.959902429,262530.18992954295,1003.68,1
2026-09-13T22:25:34.631853+00:00,1789338334.6318538,F_lat_centralindia_rep2,r3-pub,F01,load,16,1,1000,6,207.0,2325996700,22059302,812186428089,61127,1789156079.537691,6018824.235,192964.18600000002,92171885,89338889,434714374,8401,23145,16055221,4898330900,11084516.901,801076.428,17B/A1868000,17B/A1898D80,1,1.000490665435791,6440767,6437608.288123856,6.139381683467728,4135,4132.972093446657,4132,4129.973564721061,0.0,0.0,6659764.283855396,0.0,streaming,17B/A1865BD8,17B/A1647FE0,17B/A1647A10,9256,2228256,2634656,2229744,0.211453,0.231298,0.211453,77218.11174155137,True,2922664,reserved,3.1,37.2,0.0,15106827.601851318,0.0,28.985777680762528,6693025.96349886,216370.83431029067,1003.67,1
2026-09-13T22:25:35.632331+00:00,1789338335.6323247,F_lat_centralindia_rep2,r3-pub,F01,load,16,1,1000,6,207.0,2326021579,22059302,812192803564,61127,1789156079.537691,6018857.135000001,192964.18600000002,92175978,89338889,434718464,8401,23145,16055221,4898376077,11084516.901,801085.155,17B/A1EA2000,17B/A1EA4CA8,1,1.0004708766937256,6375475,6372474.350347058,6.0772651198835925,4093,4091.073608785307,4090,4088.0750207505266,0.0,0.0,6525951.08173122,0.0,streaming,17B/A1DB55A8,17B/A1C8FFE8,17B/A1C8FF68,977496,2179096,2572800,2179224,0.221854,0.221854,0.221854,-50496.22250570088,True,9459880,reserved,3.1,37.2,0.0,14943363.51839332,0.0,18.991057553608805,5833658.066377379,260841.175969472,1003.66,1
2026-09-13T22:25:36.632535+00:00,1789338336.6325357,F_lat_centralindia_rep2,r3-pub,F01,load,16,1,1000,6,207.0,2326046198,22059302,812199097565,61127,1789156079.537691,6018891.527000001,192964.18600000002,92180032,89338889,434722515,8401,23145,16055221,4898420921,11084516.901,801093.553,17B/A2430000,17B/A24A8C28,1,1.0002110004425049,6294001,6292673.243161154,6.001160853539614,4054,4053.144784656901,4051,4050.145417524693,0.0,0.0,5823283.284650108,0.0,streaming,17B/A242BC50,17B/A2323D58,17B/A2323778,17328,1098408,2330400,1099912,0.221800,0.221800,0.221800,-1079084.3127325133,True,15276200,reserved,4.8,37.2,0.0,5827378.420574616,0.0,12.997257572900768,6584189.73305279,263827.3323161364,1003.66,1
2026-09-13T22:25:37.633153+00:00,1789338337.6331532,F_lat_centralindia_rep2,r3-pub,F01,load,16,1,1000,6,207.0,2326070592,22059302,812205339054,61127,1789156079.537691,6018924.42,192964.18600000002,92184049,89338889,434726528,8401,23145,16055221,4898465586,11084516.901,801101.853,17B/A2A54000,17B/A2A9A940,1,1.000617504119873,6241489,6237637.233310157,5.948674424467237,4017,4014.5210167328505,4013,4010.523485225026,0.0,0.0,6434938.399027471,0.0,streaming,17B/A2A51C18,17B/A2845DA0,17B/A28457D0,9192,2155104,2491520,2156592,0.081914,0.081914,0.081914,1056027.8984220235,True,21715112,reserved,3.9,37.2,0.0,14842930.429308914,0.0,20.98704041607913,6494342.716616622,242514.24645368694,1003.65,1
2026-09-13T22:25:38.633722+00:00,1789338338.633722,F_lat_centralindia_rep2,r3-pub,F01,load,16,1,1000,6,207.0,2326094916,22059302,812211554796,61127,1789156079.537691,6018957.732,192964.18600000002,92188052,89338889,434730529,8401,23145,16055221,4898510111,11084516.901,801110.375,17B/A3074000,17B/A308BD08,1,1.0005688667297363,6215742,6212208.081504233,5.924423295501931,4003,4000.7241211526225,4001,3998.7252582392316,0.0,0.0,6418876.514708497,0.0,streaming,17B/A2FFFD60,17B/A2E67FB8,17B/A2E66F50,475808,2146376,2707416,2150576,0.048773,0.048773,0.048773,-6012.579643480934,True,28137640,reserved,5.8,37.2,0.0,14835464.597770147,0.0,21.987492047303945,5998899.425701684,206027.79764052146,1003.65,1
2026-09-13T22:25:39.634245+00:00,1789338339.6342459,F_lat_centralindia_rep2,r3-pub,F01,load,16,1,1000,6,207.0,2326119187,22059302,812217758866,61127,1789156079.537691,6018992.201,192964.18600000002,92192043,89338889,434734517,8401,23145,16055221,4898554421,11084516.901,801118.659,17B/A361C000,17B/A367ADB8,1,1.0005238056182861,6204070,6200821.974611706,5.913564657794672,3991,3988.910586224095,3988,3985.9121568182636,0.0,0.0,5927902.931140014,0.0,streaming,17B/A3617FC0,17B/A3515CD8,17B/A3515138,16448,1073960,2432944,1076936,0.048662,0.048662,0.048662,-1073077.9157588668,True,34068648,reserved,2.5,37.2,0.0,5944278.353601727,0.0,11.993717623324764,6421899.173133045,280781.92485025025,1003.64,1
2026-09-13T22:25:40.634799+00:00,1789338340.634778,F_lat_centralindia_rep2,r3-pub,F01,load,16,1,1000,6,207.0,2326143441,22059303,812223980558,61127,1789156079.537691,6019026.402000001,192964.18600000002,92196030,89338889,434738501,8401,23145,16055221,4898598456,11084516.901,801126.754,17B/A3C3A000,17B/A3C69C38,1,1.0005321502685547,6221692,6218382.885877305,5.930312047841363,3987,3984.879445333008,3984,3981.881040934714,0.0,0.0,6410924.424845635,0.0,streaming,17B/A3C37D78,17B/A3A2DEA0,17B/A3A2CDF8,8840,2146656,2713528,2150920,0.220314,0.220314,0.220314,1073412.7830992038,True,40482984,reserved,5.6,37.2,0.0,14795070.799100973,0.0,19.989362655294748,6454665.14820795,225435.03468575035,1003.64,1
2026-09-13T22:25:41.635225+00:00,1789338341.6352258,F_lat_centralindia_rep2,r3-pub,F01,load,16,1,1000,6,207.0,2326167733,22059303,812230179083,61127,1789156079.537691,6019061.403,192964.18600000002,92200032,89338889,434742500,8401,23145,16055221,4898642757,11084516.901,801135.3,17B/A420FDC0,17B/A42557F8,1,1.0004477500915527,6198525,6195750.851988784,5.908728458393845,4002,4000.208906096065,3999,3997.210248745169,0.0,0.0,6116109.511406321,0.0,streaming,17B/A420DF40,17B/A4107B80,17B/A4107B80,7808,1081920,1633872,1081920,0.220744,0.220744,0.220744,-1068521.5693694886,True,46601832,reserved,7.3,37.2,0.0,14534292.269305764,0.0,19.991049005977338,6190348.270994918,266804.53824357473,1003.63,1
2026-09-13T22:25:42.636088+00:00,1789338342.6360888,F_lat_centralindia_rep2,r3-pub,F01,load,16,1,1000,6,207.0,2326192053,22059303,812236399976,61127,1789156079.537691,6019097.456,192964.18600000002,92204032,89338889,434746496,8401,23145,16055221,4898687353,11084516.901,801144.398,17B/A4832000,17B/A48499F0,1,1.0008630752563477,6220893,6215528.531119668,5.9275899230190925,4000,3996.5506760008043,3996,3992.5541253248034,0.0,0.0,6425750.094090317,0.0,streaming,17B/A482FCC8,17B/A4625D20,17B/A4625D20,9016,2147040,2916904,2147040,0.220080,0.220080,0.220080,1064201.514005494,True,53033128,reserved,2.7,37.2,0.0,23306604.64622037,0.0,30.973267739006232,6461726.044138007,211215.7049513045,1003.63,1
2026-09-13T22:25:43.636733+00:00,1789338343.636734,F_lat_centralindia_rep2,r3-pub,F01,load,16,1,1000,6,207.0,2326216466,22059303,812242627461,61127,1789156079.537691,6019126.431,192964.18600000002,92208049,89338889,434750511,8401,23145,16055221,4898731766,11084516.901,801154.074,17B/A4D52000,17B/A4E40860,1,1.0006451606750488,6227485,6223469.861982698,5.935163366301248,4017,4014.410060495448,4015,4012.41134998487,0.0,0.0,5370487.17287021,0.0,streaming,17B/A4D4FFE0,17B/A4C49F30,17B/A4C49F30,8224,1081552,1089416,1081552,0.221454,0.221454,0.221454,-1064801.0322472428,True,58407080,reserved,4.1,37.2,0.0,5378673.8911215365,0.0,9.993552552888842,5422189.816357836,265908.44632726634,1003.62,1
2026-09-13T22:25:44.636884+00:00,1789338344.6368845,F_lat_centralindia_rep2,r3-pub,F01,load,16,1,1000,6,207.0,2326240902,22059303,812248877066,61127,1789156079.537691,6019168.014,192964.18600000002,92212067,89338889,434754526,8401,23145,16055221,4898776812,11084516.901,801163.028,17B/A542A000,17B/A5441928,1,1.000150442123413,6249605,6248664.9375782935,5.959191262796682,4018,4017.3956144731683,4015,4014.39606573165,0.0,0.0,7175112.560830621,0.0,streaming,17B/A5427E90,17B/A5217C20,17B/A5217608,8560,2171872,2317616,2173432,0.220746,0.253938,0.220746,1091715.7599629078,True,65583272,reserved,7.3,37.2,0.0,15578840.286187032,0.0,21.99669077113233,7218010.107232651,233304.90111527353,1003.62,1
2026-09-13T22:25:45.637160+00:00,1789338345.637161,F_lat_centralindia_rep2,r3-pub,F01,load,16,1,1000,6,207.0,2326265498,22059304,812255188507,61127,1789156079.537691,6019195.8040000005,192964.18600000002,92216118,89338889,434758574,8401,23145,16055221,4898821896,11084516.901,801171.696,17B/A595A000,17B/A5A4B290,1,1.0002765655517578,6311441,6309695.9554566555,6.017394977051406,4051,4049.879942719089,4048,4046.8807721863423,0.0,0.0,5437984.040943266,0.0,streaming,17B/A594BFA8,17B/A584BE20,17B/A584B270,57432,1106400,2370224,1109392,0.220652,0.220652,0.220652,-1063745.8045546333,True,71022760,reserved,3.0,37.2,0.0,21547192.78873755,0.0,126.964885886281,5391339.941094478,241043.33571685993,1003.61,1
2026-09-13T22:25:46.638921+00:00,1789338346.6389217,F_lat_centralindia_rep2,r3-pub,F01,load,16,1,1000,6,207.0,2326290120,22059305,812261495219,61127,1789156079.537691,6019230.8950000005,192964.18600000002,92220171,89338889,434762623,8401,23145,16055221,4898866809,11084516.901,801179.682,17B/A5F76000,17B/A6050500,1,1.001760721206665,6306712,6295627.155757601,6.0039779241157545,4053,4045.8763397290945,4049,4041.8833702351603,0.0,0.0,6394884.391437824,0.0,streaming,17B/A5F71DD8,17B/A5E6BD78,17B/A5E6BD78,16936,1090184,1546592,1090184,0.225371,0.254718,0.225371,-19174.239509873292,True,77428904,reserved,3.3,37.2,0.0,14776925.95310505,0.0,20.96308984315593,6500213.935475948,238832.48258307553,1003.6,1
2026-09-13T22:25:47.639383+00:00,1789338347.639383,F_lat_centralindia_rep2,r3-pub,F01,load,16,1,1000,6,207.0,2326314756,22059305,812267783613,61127,1789156079.537691,6019267.482,192964.18600000002,92224221,89338889,434766671,8401,23145,16055221,4898911996,11084516.901,801187.624,17B/A663E000,17B/A66547B0,1,1.0004613399505615,6288394,6285494.250393269,5.994314432519215,4050,4048.1324347826708,4048,4046.1333570370994,0.0,0.0,7107377.083007903,0.0,streaming,17B/A663BC80,17B/A6427C08,17B/A6427678,9088,2188280,2470296,2189704,0.222109,0.252906,0.222109,1099012.981405492,True,84539560,reserved,6.8,37.2,0.0,7213823.974804104,0.0,20.990316328502736,7179498.810373765,229449.14594235457,1003.6,1
2026-09-13T22:25:48.639834+00:00,1789338348.6398144,F_lat_centralindia_rep2,r3-pub,F01,load,16,1,1000,6,207.0,2326339451,22059305,812274096037,61127,1789156079.537691,6019296.761,192964.18600000002,92228281,89338889,434770728,8401,23145,16055221,4898957279,11084516.901,801195.247,17B/A6B6E000,17B/A6C61268,1,1.0004312992095947,6312424,6309702.6302427985,6.0174013426235184,4060,4058.2496801206257,4057,4055.250973460438,0.0,0.0,5437142.964536942,0.0,streaming,17B/A6B67FE0,17B/A6A5FB90,17B/A6A5EFF0,24608,1107056,1757680,1110032,0.221537,0.221537,0.221537,-1079206.5390727085,True,89979048,reserved,6.3,37.2,0.0,13822134.524304755,0.0,21.9905155080428,5443665.15152285,242439.4360628515,1003.59,1
2026-09-13T22:25:49.640263+00:00,1789338349.6402633,F_lat_centralindia_rep2,r3-pub,F01,load,16,1,1000,6,207.0,2326364124,22059305,812280397539,61127,1789156079.537691,6019333.930000001,192964.18600000002,92232342,89338889,434774786,8401,23145,16055221,4899002303,11084516.901,801204.092,17B/A721E000,17B/A7267410,3,1.0004489421844482,6301502,6298674.259418849,6.006883868616914,4061,4059.1776639124996,4058,4056.179010134677,0.0,0.0,7009205.272073909,0.0,streaming,17B/A7219FF8,17B/A7111EB8,17B/A7111EB8,16392,1098056,1583056,1098056,0.221172,0.221172,0.221172,-11970.625881067741,True,2577848,reserved,5.6,37.2,0.0,15480026.36314921,0.0,33.984742815322576,7079744.603992148,254729.64111847256,1003.59,1
2026-09-13T22:25:50.640870+00:00,1789338350.6408699,F_lat_centralindia_rep2,r3-pub,F01,load,16,1,1000,6,207.0,2326388806,22059305,812286741549,61127,1789156079.537691,6019365.649,192964.18600000002,92236399,89338889,434778840,8401,23145,16055221,4899047214,11084516.901,801212.919,17B/A785E000,17B/A787A530,4,1.0006065368652344,6344010,6340164.456525468,6.0464520039801295,4057,4054.540771550459,4054,4051.5425900580626,0.0,0.0,6549627.409522575,0.0,streaming,17B/A7857FE8,17B/A7647DE0,17B/A7647D18,24600,2187808,2976152,2188008,0.220418,0.220418,0.220418,1089291.3046667404,True,9131448,reserved,5.0,37.2,0.0,6549627.409522575,0.0,11.992725969584793,6554382.525369516,209671.82630774332,1003.58,1
2026-09-13T22:25:51.641534+00:00,1789338351.641521,F_lat_centralindia_rep2,r3-pub,F01,load,16,1,1000,6,207.0,2326413455,22059305,812293054903,61127,1789156079.537691,6019391.096,192964.18600000002,92240458,89338889,434782896,8401,23145,16055221,4899092055,11084516.901,801220.731,17B/A7D8C000,17B/A7E88230,4,1.0006511211395264,6313354,6309245.916609225,6.016965786561227,4059,4056.3588190234295,4056,4053.3607711157997,0.0,0.0,5427761.869506449,0.0,streaming,17B/A7D87E08,17B/A7C81E70,17B/A7C81E70,16888,1089936,1201536,1089936,0.221209,0.254424,0.221209,-1097357.487342374,True,14562744,reserved,4.8,37.2,0.0,13819098.093102392,0.0,19.98698605086686,5478176.043771854,251407.30339013136,1003.58,1
2026-09-13T22:25:52.641597+00:00,1789338352.641586,F_lat_centralindia_rep2,r3-pub,F01,load,16,1,1000,6,207.0,2326438050,22059306,812299338882,61127,1789156079.537691,6019431.984,192964.18600000002,92244511,89338889,434786946,8401,23145,16055221,4899136731,11084516.901,801228.851,17B/A8420AB0,17B/A848B430,3,1.0000650882720947,6283979,6283570.0132852495,5.9924793370106215,4053,4052.7362144025487,4050,4049.7364096546567,0.0,0.0,6899950.8941187635,0.0,streaming,17B/A841FDC0,17B/A8317B70,17B/A8317B70,3312,1085248,1918104,1085248,0.221475,0.221475,0.221475,-4687.694886039761,True,21463144,reserved,3.5,37.2,0.0,15326234.44188246,0.0,28.998112562959268,6977313.858697074,264432.7885267096,1003.57,1
2026-09-13T22:25:53.641918+00:00,1789338353.6419184,F_lat_centralindia_rep2,r3-pub,F01,load,16,1,1000,6,207.0,2326462673,22059306,812305636137,61127,1789156079.537691,6019471.258,192964.18600000002,92248567,89338889,434790998,8401,23145,16055221,4899181782,11084516.901,801237.156,17B/A8A3FF50,17B/A8A95C98,4,1.0003323554992676,6297255,6295162.768035259,6.003535049472102,4056,4054.6524139725975,4052,4050.6537429529008,0.0,0.0,6417483.114195541,0.0,streaming,17B/A8A3DFE8,17B/A883DFD0,17B/A883DB08,8040,2105216,2145288,2106440,0.090765,0.090765,0.090765,1020852.7139865643,True,27882760,reserved,2.3,37.2,0.0,23261644.864407305,0.0,29.990032647726313,6455103.6108166035,243084.20962614563,1003.57,1
2026-09-13T22:25:54.644709+00:00,1789338354.6447093,F_lat_centralindia_rep2,r3-pub,F01,load,16,1,1000,6,207.0,2326487265,22059306,812311923495,61127,1789156079.537691,6019505.2020000005,192964.18600000002,92252617,89338889,434795045,8401,23145,16055221,4899226839,11084516.901,801244.792,17B/A9076000,17B/A90A5430,1,1.002790927886963,6287358,6269859.274902342,5.979403757955877,4050,4038.7282008364223,4047,4035.736550317284,0.0,0.0,6494689.789150287,0.0,streaming,17B/A8FFFD90,17B/A8E5BFA8,17B/A8E5BA20,483952,2203736,2468952,2205152,0.081370,0.081370,0.081370,98437.26868171972,True,34395576,reserved,3.9,37.2,0.0,6531275.680565666,0.0,13.961035755977756,6061325.278248982,199752.5051628503,1003.56,1
2026-09-13T22:25:55.646052+00:00,1789338355.6450257,F_lat_centralindia_rep2,r3-pub,F01,load,16,1,1000,6,207.0,2326511911,22059306,812318246142,61127,1789156079.537691,6019537.011,192964.18600000002,92256671,89338889,434799097,8401,23145,16055221,4899271654,11084516.901,801252.86,17B/A9633C40,17B/A96AD678,1,1.0003163814544678,6322647,6320647.264425304,6.027838959145836,4054,4052.7177952493917,4052,4050.7184278121695,0.0,0.0,6018255.935433788,0.0,streaming,17B/A9631D78,17B/A952A000,17B/A9529460,7880,1088576,2392800,1091552,0.049008,0.049008,0.049008,-1113247.7890453187,True,40415736,reserved,6.2,37.2,0.0,14413359.880237322,0.0,19.99367437222196,6527220.908355382,268457.0651632615,1003.56,1
2026-09-13T22:25:56.646157+00:00,1789338356.6456358,F_lat_centralindia_rep2,r3-pub,F01,load,16,1,1000,6,207.0,2326536473,22059306,812324520935,61127,1789156079.537691,6019570.201,192964.18600000002,92260718,89338889,434803141,8401,23145,16055221,4899316666,11084516.901,801260.678,17B/A9C62DD8,17B/A9CAB1A8,1,1.000610113143921,6274793,6270967.000607835,5.980460167510829,4047,4044.532377635391,4044,4041.5342068587897,0.0,0.0,6480422.20923199,0.0,streaming,17B/A9C61BB8,17B/A9A51D20,17B/A9A50BA8,4640,2166968,2625368,2171440,0.220281,0.220281,0.220281,1079229.5478675382,True,46900112,reserved,4.5,37.2,0.0,14883975.09116309,0.0,20.98719543621033,6560490.358601651,260321.17462971748,1003.55,1
2026-09-13T22:25:57.646149+00:00,1789338357.6461499,F_lat_centralindia_rep2,r3-pub,F01,load,16,1,1000,6,207.0,2326560995,22059306,812330776002,61127,1789156079.537691,6019606.683,192964.18600000002,92264761,89338889,434807181,8401,23145,16055221,4899361449,11084516.901,801269.237,17B/AA217C68,17B/AA2A9248,1,1.000514030456543,6255067,6251853.356964679,5.96223197647541,4043,4040.9228425863703,4040,4037.9243838854654,0.0,0.0,5980813.67961377,0.0,streaming,17B/AA215DB0,17B/AA10DB58,17B/AA10DA98,7864,1089808,2421776,1090000,0.221071,0.221071,0.221071,-1080884.392502252,True,52884000,reserved,2.9,37.2,0.0,22868500.89404498,0.0,31.98355947632052,6045044.66293209,238406.45182272678,1003.55,1
2026-09-13T22:25:58.647021+00:00,1789338358.6470213,F_lat_centralindia_rep2,r3-pub,F01,load,16,1,1000,6,207.0,2326585600,22059307,812337069828,61127,1789156079.537691,6019644.704,192964.18600000002,92268815,89338889,434811232,8401,23145,16055221,4899406302,11084516.901,801277.417,17B/AA84C000,17B/AA8AA1E8,1,1.0008714199066162,6293826,6288346.20993297,5.997034273083658,4054,4050.470339514988,4051,4047.4729514985734,0.0,0.0,6499704.028522432,0.0,streaming,17B/AA849F48,17B/AA73FFE8,17B/AA73FFE8,8376,1097752,1755664,1097752,0.222039,0.222039,0.222039,7745.250634415439,True,59389368,reserved,4.4,37.2,0.0,6515154.564617711,0.0,12.988681404463454,6550786.5142275095,251008.26639993387,1003.54,1
2026-09-13T22:25:59.647590+00:00,1789338359.6475902,F_lat_centralindia_rep2,r3-pub,F01,load,16,1,1000,6,207.0,2326610122,22059307,812343328704,61127,1789156079.537691,6019683.559,192964.18600000002,92272854,89338889,434815268,8401,23145,16055221,4899451138,11084516.901,801285.646,17B/AAE7A000,17B/AAEA8EA0,1,1.0005688667297363,6258876,6255317.557957343,5.965535695988982,4039,4036.7036535936654,4036,4033.7053592235784,0.0,0.0,6476187.912161251,0.0,streaming,17B/AAE77FE8,17B/AAC69C40,17B/AAC696B8,8216,2163648,3084256,2165064,0.221280,0.221280,0.221280,1066705.1869087305,True,65869240,reserved,4.5,37.2,0.0,14868213.96774315,0.0,17.98976622052141,6542883.970992377,209259.95897147513,1003.54,1
2026-09-13T22:26:00.647754+00:00,1789338360.6477246,F_lat_centralindia_rep2,r3-pub,F01,load,16,1,1000,6,207.0,2326634704,22059307,812349597773,61127,1789156079.537691,6019734.8950000005,192964.18600000002,92276908,89338889,434819319,8401,23145,16055221,4899496312,11084516.901,801293.493,17B/AB416000,17B/AB4A9720,1,1.0001344680786133,6269069,6268226.123676836,5.977846263577304,4054,4053.4549397025125,4051,4050.4553430525107,0.0,0.0,5881065.184464445,0.0,streaming,17B/AB413BB0,17B/AB309DD0,17B/AB309848,9296,1098288,1202200,1099704,0.221675,0.221675,0.221675,-1065216.7623486603,True,71751096,reserved,2.9,37.2,0.0,14301308.930466466,0.0,18.997445450011778,5945879.469012136,264690.4075894641,1003.53,1
2026-09-13T22:26:01.648118+00:00,1789338361.6481183,F_lat_centralindia_rep2,r3-pub,F01,load,16,1,1000,6,207.0,2326659319,22059307,812355898520,61127,1789156079.537691,6019769.868000001,192964.18600000002,92280964,89338889,434823372,8401,23145,16055221,4899541458,11084516.901,801301.718,17B/ABA52000,17B/ABAB0BF8,1,1.0003936290740967,6300747,6298267.818670124,6.006496256513714,4056,4054.4040686804315,4053,4051.405249103005,0.0,0.0,6534643.774221602,0.0,streaming,17B/ABA4FF18,17B/AB943F90,17B/AB943F90,8424,1106032,2130736,1106032,0.220519,0.220519,0.220519,6325.510095317991,True,78288312,reserved,5.0,37.2,0.0,6559210.104199878,0.0,11.99527830970542,6571487.271549862,250722.30840988524,1003.52,1
2026-09-13T22:26:02.648402+00:00,1789338362.648403,F_lat_centralindia_rep2,r3-pub,F01,load,16,1,1000,6,207.0,2326683927,22059307,812362204296,61127,1789156079.537691,6019803.156,192964.18600000002,92285016,89338889,434827421,8401,23145,16055221,4899586324,11084516.901,801310.446,17B/AC084000,17B/AC0B4940,1,1.0002846717834473,6305776,6303981.434362262,6.011945185053121,4052,4050.846838206096,4049,4047.8476919784016,0.0,0.0,6494407.225512681,0.0,streaming,17B/ABFFFDB8,17B/ABE6FD00,17B/ABE6F778,541256,2179840,2432952,2181256,0.220632,0.255098,0.220632,1074918.0011755459,True,84784568,reserved,4.8,37.2,0.0,14958429.757123468,0.0,21.993739003093317,6018189.791179021,221029.07925781398,1003.52,1
2026-09-13T22:26:03.648868+00:00,1789338363.6488628,F_lat_centralindia_rep2,r3-pub,F01,load,16,1,1000,6,207.0,2326708545,22059307,812368480613,61127,1789156079.537691,6019835.482,192964.18600000002,92289068,89338889,434831470,8401,23145,16055221,4899631415,11084516.901,801318.044,17B/AC63EE98,17B/AC6B74E0,1,1.000459909439087,6276317,6273431.789504539,5.982810773376979,4052,4050.137303624465,4049,4047.138682718524,0.0,0.0,6005709.917320606,0.0,streaming,17B/AC63E000,17B/AC533E00,17B/AC533830,3736,1093784,2412976,1095272,0.220553,0.254717,0.220553,-1085484.7753058516,True,90793040,reserved,4.1,37.2,0.0,22796043.884243798,0.0,23.988967247528915,6607702.055454022,272193.81549499277,1003.51,1
2026-09-13T22:26:04.649396+00:00,1789338364.6493964,F_lat_centralindia_rep2,r3-pub,F01,load,16,1,1000,6,207.0,2326733207,22059308,812374800272,61127,1789156079.537691,6019874.3100000005,192964.18600000002,92293128,89338889,434835527,8401,23145,16055221,4899676273,11084516.901,801329.892,17B/ACC7A000,17B/ACCC19B8,1,1.0005335807800293,6319659,6316288.749722033,6.023682355615647,4060,4057.8348173329373,4057,4054.836417221608,0.0,0.0,6529995.719790246,0.0,streaming,17B/ACC77FC8,17B/ACB6BCB0,17B/ACB6BCB0,8248,1106768,1595752,1106768,0.229102,0.229102,0.229102,11489.869226615629,True,2473424,reserved,1.9,37.2,0.0,14971083.717472147,0.0,24.98666759441464,6559180.147540523,244459.56107671506,1003.51,1
2026-09-13T22:26:05.649939+00:00,1789338365.6499393,F_lat_centralindia_rep2,r3-pub,F01,load,16,1,1000,6,207.0,2326757761,22059308,812381064588,61127,1789156079.537691,6019965.441000001,192964.18600000002,92297178,89338889,434839574,8401,23145,16055221,4899721057,11084516.901,801337.717,17B/ADF0A000,17B/AE00F678,2,1.0005428791046143,6264316,6260917.07894212,5.970875815336342,4050,4047.8025325854546,4047,4044.8041603390952,0.0,0.0,19453631.030204825,0.0,streaming,17B/ADF092A8,17B/AD10DF68,17B/AD10D8D8,3416,14663832,15907296,14665512,0.221464,0.221464,0.221464,13551387.235031566,True,21937616,reserved,4.2,37.2,61406.663605444526,19494568.80594179,1.9989148309063973,31.982637294502357,6674196.718061679,220482.30476380655,1003.5,1
2026-09-13T22:26:06.650539+00:00,1789338366.6505396,F_lat_centralindia_rep2,r3-pub,F01,load,16,1,1000,6,207.0,2326782388,22059308,812387364643,61127,1789156079.537691,6020099.472,192964.18600000002,92301234,89338889,434843627,8401,23145,16055221,4899765786,11084516.901,801346.184,17B/AFB5C000,17B/AFBAD108,2,1.0006003379821777,6300055,6296275.106907084,6.004595858485302,4056,4053.5664900727265,4053,4050.5682900061047,0.0,0.0,29678183.05946738,0.0,streaming,17B/AFB57FC8,17B/AF947F20,17B/AF947F20,16440,2179296,2188624,2179296,0.219498,0.226408,0.219498,-12478724.547684891,True,51633616,reserved,6.9,37.2,0.0,38069945.16593746,0.0,46.97180104374215,6050286.783041072,252739.27101602117,1003.5,1
2026-09-13T22:26:07.651024+00:00,1789338367.6510243,F_lat_centralindia_rep2,r3-pub,F01,load,16,1,1000,6,207.0,2326807020,22059308,812393675645,61127,1789156079.537691,6020140.937,192964.18600000002,92305293,89338889,434847683,8401,23145,16055221,4899810623,11084516.901,801353.985,17B/B0210000,17B/B02626C8,2,1.0004847049713135,6311002,6307944.507938233,6.015724666536554,4059,4057.033535676472,4056,4054.0349890869106,0.0,0.0,7025330.787242302,0.0,streaming,17B/B0209DD8,17B/AFFFFFA8,17B/AFFFD1C0,25128,2162776,2467184,2174528,0.219503,0.219503,0.219503,-4765.690046342798,True,58662352,reserved,4.6,37.2,0.0,15544977.272237191,0.0,28.98595036575947,6372677.131713683,254030.8699744563,1003.49,1
2026-09-13T22:26:08.652372+00:00,1789338368.6523728,F_lat_centralindia_rep2,r3-pub,F01,load,16,1,1000,6,207.0,2326831615,22059308,812399952524,61127,1789156079.537691,6020175.978,192964.18600000002,92309348,89338889,434851735,8401,23145,16055221,4899855487,11084516.901,801364.267,17B/B0852000,17B/B0909008,2,1.0013484954833984,6276879,6268426.055775769,5.9780369336850825,4055,4049.539214659187,4052,4046.543254697664,0.0,0.0,6552955.369281612,0.0,streaming,17B/B084DCD8,17B/B0743CF0,17B/B07437E0,17192,1106704,2172992,1108000,0.220122,0.220122,0.220122,-1065091.7286145582,True,65224144,reserved,4.2,37.2,0.0,23307577.836558443,0.0,25.964986333203175,5963057.84343089,248059.49289421804,1003.49,1
2026-09-13T22:26:09.652649+00:00,1789338369.6526282,F_lat_centralindia_rep2,r3-pub,F01,load,16,1,1000,6,207.0,2326856242,22059318,812406325925,61127,1789156079.537691,6020208.575,192964.18600000002,92313409,89338889,434855793,8401,23145,16055221,4899900995,11084516.901,801373.643,17B/B0E88000,17B/B0F76F28,2,1.0002553462982178,6373401,6371773.991098293,6.076597205255788,4061,4059.963303399577,4058,4056.964069242916,0.0,0.0,6510977.446011381,0.0,streaming,17B/B0E85E68,17B/B0D79FC8,17B/B0D77998,8600,1105976,1771984,1115752,0.205294,0.221210,0.205294,7750.021060811012,True,71736784,reserved,2.7,37.4,0.0,6510977.446011381,0.0,13.996426064416173,6068412.45334398,231804.8094999851,1003.48,1
2026-09-13T22:26:10.654886+00:00,1789338370.654887,F_lat_centralindia_rep2,r3-pub,F01,load,16,1,1000,6,207.0,2326880888,22059319,812412628452,61127,1789156079.537691,6020246.141,192964.18600000002,92317469,89338889,434859850,8401,23145,16055221,4899946487,11084516.901,801383.6,17B/B1538000,17B/B15808B0,2,1.0022587776184082,6302527,6288323.076577308,5.997012211396511,4060,4050.850030615318,4057,4047.8567916764396,0.0,0.0,6996548.35317374,0.0,streaming,17B/B1535B58,17B/B1429FF0,17B/B1429FF0,9384,1105936,2514880,1105936,0.222286,0.222286,0.222286,-9793.877808009842,True,78749136,reserved,3.7,37.4,0.0,15423465.820606131,0.0,21.950418885107634,7042959.520667362,277892.30308546266,1003.48,1
2026-09-13T22:26:11.655046+00:00,1789338371.6550167,F_lat_centralindia_rep2,r3-pub,F01,load,16,1,1000,6,207.0,2326945111,22064350,812457399486,61127,1789156079.537691,6020278.932,192964.18600000002,92321519,89338889,434863941,8414,23196,16055221,4900102178,11084516.901,801393.215,17B/B1B72000,17B/B1BEAD68,1,1.0001296997070312,44771034,44765227.963048,42.69144817642975,4050,4049.474784306845,4091,4090.46946730847,12.998314122466416,50.993386172752864,6528177.2973170895,0.0,streaming,17B/B1B6DED8,17B/B1A65DD8,17B/B1A65DD8,16680,1098280,1459384,1098280,0.043286,0.043286,0.043286,-7655.007147815606,True,85278160,reserved,13.5,37.2,0.0,14923888.37604986,0.0,19.997406342256024,6148365.558788304,269196.0853465966,1003.47,1
2026-09-13T22:26:12.655217+00:00,1789338372.6552176,F_lat_centralindia_rep2,r3-pub,F01,load,16,1,1000,6,207.0,2326969716,22064350,812463683831,61127,1789156079.537691,6020311.403,192964.18600000002,92325574,89338889,434867993,8414,23196,16055221,4900147721,11084516.901,801403.654,17B/B2112000,17B/B21E8628,1,1.0002009868621826,6284345,6283082.183027198,5.992014105822752,4055,4054.185162045573,4052,4051.185764884997,0.0,0.0,5897054.769465766,0.0,streaming,17B/B210BB80,17B/B1FFFF40,17B/B1FFF970,25728,1122496,2140064,1123984,0.220645,0.220645,0.220645,25698.834871817366,True,91176400,reserved,5.8,37.3,0.0,6019910.07716297,0.0,15.9967848564067,5946799.771373923,225872.60257435555,1003.47,1
2026-09-13T22:26:13.655624+00:00,1789338373.6556242,F_lat_centralindia_rep2,r3-pub,F01,load,16,1,1000,6,207.0,2326988642,22064350,812468515989,61127,1789156079.537691,6020339.837,192964.18600000002,92328699,89338889,434871114,8414,23196,16055221,4900182537,11084516.901,801410.923,17B/B258C000,17B/B261D838,3,1.0004065036773682,4832158,4830194.508170025,4.606432445688272,3125,3123.730192189769,3121,3119.731817543766,0.0,0.0,4692108.640582992,0.0,streaming,17B/B258BF90,17B/B24A9FD8,17B/B24A9ED0,112,925736,1812184,926000,0.220588,0.252683,0.220588,-197903.55147855973,True,95870416,reserved,3.9,37.2,0.0,13077308.026197275,0.0,17.99268590701307,4771924.195266502,191008.35440152773,1003.46,1
2026-09-13T22:26:14.656260+00:00,1789338374.6562061,F_lat_centralindia_rep2,r3-pub,F01,load,16,1,1000,6,207.0,2327005532,22064350,812472834279,61127,1789156079.537691,6020360.468,192964.18600000002,92331484,89338889,434873897,8414,23196,16055221,4900213763,11084516.901,801418.204,17B/B29CE000,17B/B2A42FE0,3,1.000581979751587,4318290,4315778.304414493,4.115846924223416,2785,2783.3801291238806,2783,2781.381292406377,0.0,0.0,4462043.181217825,0.0,streaming,17B/B29CDE48,17B/B28E9B48,17B/B28E9680,440,935096,1814536,936320,0.219855,0.404909,0.219855,10313.997462319012,True,100335056,reserved,3.9,37.2,0.0,12845772.020790398,0.0,12.992438663773948,4505041.157266405,182683.68179624924,1003.46,1
2026-09-13T22:26:15.656341+00:00,1789338375.6563318,F_lat_centralindia_rep2,r3-pub,F01,load,16,1,1000,6,207.0,2327019440,22064350,812476381660,61127,1789156079.537691,6020380.657000001,192964.18600000002,92333777,89338889,434876187,8414,23196,16055221,4900239697,11084516.901,801423.197,17B/B2D2C000,17B/B2D62C08,2,1.0001256465911865,3547381,3546935.339665412,3.382621135392582,2293,2292.7119285616036,2290,2289.712305454022,0.0,0.0,3530308.428780087,0.0,streaming,17B/B2D2BB40,17B/B2C85E68,17B/B2C84EC0,1216,680344,1348000,684352,0.216853,0.398805,0.216853,-251936.34505704758,True,103865808,reserved,2.7,37.2,0.0,12306933.675735686,0.0,45.99422098291922,3574062.9311760115,144368.86054479907,1003.46,1
2026-09-13T22:26:16.657118+00:00,1789338376.6571124,F_lat_centralindia_rep2,r3-pub,F01,load,16,1,1000,6,207.0,2327032317,22064350,812479673715,61127,1789156079.537691,6020397.403,192964.18600000002,92335899,89338889,434878309,8414,23196,16055221,4900263649,11084516.901,801427.696,17B/B3000000,17B/B3089100,1,1.0007805824279785,3292055,3289487.2840290284,3.1370995369234356,2122,2120.344896032903,2122,2120.344896032903,0.0,0.0,2963190.985186219,0.0,streaming,17B/B2FFFCE8,17B/B2F27B90,17B/B2F27B90,792,885872,887552,885872,0.215645,0.372181,0.215645,201362.81972127737,True,106831312,reserved,3.5,37.2,0.0,2963190.985186219,0.0,5.995320158434221,2996300.1407611724,133842.52487696477,1003.45,1
2026-09-13T22:26:17.657431+00:00,1789338377.6574314,F_lat_centralindia_rep2,r3-pub,F01,load,16,1,1000,6,207.0,2327044698,22064350,812482834613,61127,1789156079.537691,6020416.387,192964.18600000002,92337943,89338889,434880347,8414,23196,16055221,4900286655,11084516.901,801431.945,17B/B3378000,17B/B33853F8,1,1.000319004058838,3160898,3159889.9822701747,3.0135059187604663,2044,2043.348163642179,2038,2037.3500770561454,0.0,0.0,3636088.0731463744,0.0,streaming,17B/B335AC00,17B/B3233D50,17B/B3233380,119808,1327792,1334920,1330304,0.220028,0.238640,0.220028,444290.2696006952,True,110468560,reserved,1.4,37.2,0.0,12067062.558065725,0.0,18.99394085577368,3672609.422687636,113706.72709254031,1003.45,1
2026-09-13T22:26:18.658404+00:00,1789338378.6584044,F_lat_centralindia_rep2,r3-pub,F01,load,16,1,1000,6,207.0,2327056887,22064350,812485952175,61127,1789156079.537691,6020430.007,192964.18600000002,92339955,89338889,434882356,8414,23196,16055221,4900309302,11084516.901,801435.872,17B/B35FC000,17B/B3681290,1,1.0009729862213135,3117562,3114531.6036637896,2.970248798049726,2012,2010.0442546360089,2009,2007.047170757327,0.0,0.0,2635259.928400087,0.0,streaming,17B/B35FBB50,17B/B355FD20,17B/B355FD20,1200,639712,1287160,639712,0.214928,0.402377,0.214928,-689920.7166489019,True,113106384,reserved,3.7,37.2,0.0,11015713.862194153,0.0,13.986391433848969,2657393.392844153,101415.32428683886,1003.45,1
2026-09-13T22:26:19.659223+00:00,1789338379.659223,F_lat_centralindia_rep2,r3-pub,F01,load,16,1,1000,6,207.0,2327070609,22064351,812489469350,61127,1789156079.537691,6020447.723,192964.18600000002,92342217,89338889,434884615,8414,23196,16055221,4900334948,11084516.901,801440.513,17B/B3976000,17B/B39F5E08,1,1.0008187294006348,3517175,3514297.7411167636,3.351495495907558,2262,2260.1495491143087,2259,2257.152003293202,0.0,0.0,3642457.8126981724,0.0,streaming,17B/B3975FE0,17B/B38C3C20,17B/B38C3B50,32,730080,1537752,730288,0.216031,0.396646,0.216031,90501.90343084776,True,116751824,reserved,0.6,37.2,0.0,12052851.975725975,0.0,17.98527492663906,3672552.173560141,132131.81979437498,1003.44,1
2026-09-13T22:26:20.660181+00:00,1789338380.6601818,F_lat_centralindia_rep2,r3-pub,F01,load,16,1,1000,6,207.0,2327084805,22064351,812493100151,61127,1789156079.537691,6020467.288000001,192964.18600000002,92344561,89338889,434886956,8414,23196,16055221,4900361327,11084516.901,801445.391,17B/B3CFA000,17B/B3D68B30,1,1.0009586811065674,3630801,3627323.553441908,3.4592853102130015,2344,2341.7550037217225,2341,2338.757877010474,0.0,0.0,3682869.3027814664,0.0,streaming,17B/B3CF9E38,17B/B3C43ED0,17B/B3C43ED0,456,745776,869096,745776,0.216207,0.216207,0.216207,15473.166167936022,True,4530104,reserved,6.2,37.2,0.0,3711513.8418031,0.0,9.99042237082646,3716781.7915192368,151579.68342136446,1003.44,1
2026-09-13T22:26:21.660510+00:00,1789338381.6605103,F_lat_centralindia_rep2,r3-pub,F01,load,16,1,1000,6,207.0,2327102141,22064351,812497527255,61127,1789156079.537691,6020486.521000001,192964.18600000002,92347421,89338889,434889813,8414,23196,16055221,4900393036,11084516.901,801451.259,17B/B4103400,17B/B41D9B30,1,1.000328540802002,4427104,4425649.993401788,4.220628732110775,2860,2859.060681910593,2857,2856.061667209288,0.0,0.0,4230802.0089148795,0.0,streaming,17B/B4101B70,17B/B3FFFCC8,17B/B3FFF1A8,6288,1062712,1467152,1065560,0.220518,0.422353,0.220518,319678.9724140199,True,8762296,reserved,1.4,37.2,0.0,12627915.21460778,0.0,40.98653425116584,4279986.849687845,150871.43257854145,1003.44,1
2026-09-13T22:26:22.661281+00:00,1789338382.6612816,F_lat_centralindia_rep2,r3-pub,F01,load,16,1,1000,6,207.0,2327120394,22064351,812502179140,61127,1789156079.537691,6020508.5600000005,192964.18600000002,92350430,89338889,434892819,8414,23196,16055221,4900426326,11084516.901,801458.26,17B/B45AC000,17B/B464F350,1,1.0007712841033936,4651885,4648299.840225427,4.432964172578266,3009,3006.6809947447778,3006,3003.6833068138258,0.0,0.0,4881738.792472446,0.0,streaming,17B/B45ABCC8,17B/B44C3BF0,17B/B44C3B28,824,951312,1903680,951512,0.220964,0.409997,0.220964,-113960.10438306828,True,13647800,reserved,4.6,37.2,0.0,13273090.676158577,0.0,26.9791913785673,4942155.194262162,201643.4755927223,1003.43,1
2026-09-13T22:26:23.661556+00:00,1789338383.661557,F_lat_centralindia_rep2,r3-pub,F01,load,16,1,1000,6,207.0,2327142545,22064351,812507833977,61127,1789156079.537691,6020542.28,192964.18600000002,92354077,89338889,434896463,8414,23196,16055221,4900466755,11084516.901,801467.245,17B/B4BE4000,17B/B4BF8948,1,1.0002753734588623,5654837,5653280.236667311,5.391388165156661,3647,3645.9959894733806,3644,3642.996815366328,0.0,0.0,6519036.830279595,0.0,streaming,17B/B4B0CF50,17B/B49D3B70,17B/B49D2AF8,962736,2245776,2883176,2249992,0.221499,0.221499,0.221499,1298122.5315084714,True,20250552,reserved,5.8,37.2,0.0,6609124.022657831,0.0,11.996696428209642,5852526.369570528,212209.56311860037,1003.43,1
2026-09-13T22:26:24.661974+00:00,1789338384.6619742,F_lat_centralindia_rep2,r3-pub,F01,load,16,1,1000,6,207.0,2327165738,22064351,812513782101,61127,1789156079.537691,6020580.184,192964.18600000002,92357898,89338889,434900281,8414,23196,16055221,4900508851,11084516.901,801475.218,17B/B5106000,17B/B51A6FD8,1,1.0004172325134277,5948124,5945643.284308543,5.670207294758361,3821,3819.406419459807,3818,3816.4076706353158,0.0,0.0,5379899.331080105,0.0,streaming,17B/B5103B68,17B/B4FFFD08,17B/B4FFFD08,9368,1073912,2006408,1073912,0.205362,0.221252,0.205362,-1175589.5058357208,True,25550776,reserved,6.0,37.2,0.0,13707688.706587665,0.0,29.987488244908192,6126102.990651693,251498.06682945453,1003.42,1
2026-09-13T22:26:25.662521+00:00,1789338385.6625216,F_lat_centralindia_rep2,r3-pub,F01,load,16,1,1000,6,207.0,2327191679,22064351,812520411933,61127,1789156079.537691,6020618.557,192964.18600000002,92362176,89338889,434904556,8414,23196,16055221,4900556002,11084516.901,801485.206,17B/B5722000,17B/B582AEA8,1,1.0005474090576172,6629832,6626204.755499214,6.319241290568556,4278,4275.659465281418,4275,4272.661106610113,0.0,0.0,6402639.137343564,0.0,streaming,17B/B57200A0,17B/B561DB98,17B/B561DAD0,1081184,2139240,2261888,2139440,0.113091,0.113091,0.113091,1064945.0394395464,True,33030072,reserved,2.5,37.2,0.0,15859222.51794691,0.0,23.98686937044274,6641018.646241243,246791.90387647142,1003.42,1
2026-09-13T22:26:26.662634+00:00,1789338386.662634,F_lat_centralindia_rep2,r3-pub,F01,load,16,1,1000,6,207.0,2327218368,22064352,812527228943,61127,1789156079.537691,6020658.1680000005,192964.18600000002,92366577,89338889,434908954,8414,23196,16055221,4900604500,11084516.901,801495.526,17B/B5E48000,17B/B5EB2890,1,1.0001122951507568,6817010,6816244.568788553,6.500477379597237,4401,4400.505844532782,4398,4397.506181380408,0.0,0.0,7494838.365995793,0.0,streaming,17B/B5E45D58,17B/B5C3E000,17B/B5C3DF80,8872,2138112,2515104,2138240,0.222271,0.273586,0.222271,-1199.8652609496337,True,39452600,reserved,4.3,37.2,0.0,15210835.89688982,0.0,61.99303848239774,7405216.430104595,319934.07295504527,1003.41,1
2026-09-13T22:26:27.663282+00:00,1789338387.6632826,F_lat_centralindia_rep2,r3-pub,F01,load,16,1,1000,6,207.0,2327246131,22064352,812534308199,61127,1789156079.537691,6020704.855,192964.18600000002,92371155,89338889,434913529,8414,23196,16055221,4900655052,11084516.901,801505.851,17B/B651A000,17B/B658AA28,1,1.0006487369537354,7079256,7074666.402469368,6.746927645177238,4578,4575.032007672101,4575,4572.033952621202,0.0,0.0,7146979.490297056,0.0,streaming,17B/B6517FE0,17B/B630DC90,17B/B630DC90,8224,2147184,2473032,2147184,0.220316,0.220316,0.220316,8938.201458413996,True,46604216,reserved,7.3,37.3,0.0,7232939.724716436,0.0,18.98768198902794,7234385.786602653,236576.52406645182,1003.41,1
2026-09-13T22:26:28.663823+00:00,1789338388.6638238,F_lat_centralindia_rep2,r3-pub,F01,load,16,1,1000,6,207.0,2327274311,22064352,812541515176,61127,1789156079.537691,6020738.8610000005,192964.18600000002,92375800,89338889,434918170,8414,23196,16055221,4900706355,11084516.901,801515.996,17B/B6B72000,17B/B6C6C360,1,1.0005412101745605,7206977,7203078.620562392,6.869391079485314,4645,4642.48743856298,4641,4638.489602232678,0.0,0.0,6648305.869219988,0.0,streaming,17B/B6B70000,17B/B6A5FFB0,17B/B6A5FAE8,8192,1122384,1912912,1123608,0.219453,0.219453,0.219453,-1023022.3299062521,True,53256120,reserved,1.6,37.2,32750.27521783245,24448080.450111926,0.9994590825754532,36.97998605529177,6712841.9416409675,289890.1085237625,1003.4,1
2026-09-13T22:26:29.664623+00:00,1789338389.664624,F_lat_centralindia_rep2,r3-pub,F01,load,16,1,1000,6,207.0,2327302179,22064352,812548635802,61127,1789156079.537691,6020781.928,192964.18600000002,92380393,89338889,434922761,8414,23196,16055221,4900756819,11084516.901,801526.201,17B/B731A000,17B/B7336B70,1,1.0008001327514648,7120626,7114933.108995011,6.785328968997012,4593,4589.327928417261,4591,4587.329527403363,0.0,0.0,8021741.541868565,0.0,streaming,17B/B7317E98,17B/B70FFD98,17B/B70FE248,8552,2204264,2711984,2211256,0.221811,0.221811,0.221811,1086778.4329821854,True,61284280,reserved,4.1,37.2,0.0,16440477.435554095,0.0,24.980012673727742,8100114.832831625,270317.70994697046,1003.39,1
2026-09-13T22:26:30.665172+00:00,1789338390.6651723,F_lat_centralindia_rep2,r3-pub,F01,load,16,1,1000,6,207.0,2327329923,22064352,812555713656,61127,1789156079.537691,6020815.519,192964.18600000002,92384967,89338889,434927332,8414,23196,16055221,4900807343,11084516.901,801534.816,17B/B797A000,17B/B7A04370,1,1.0005483627319336,7077854,7073974.8958005095,6.7462681730275245,4574,4571.493163519836,4571,4568.494807706422,0.0,0.0,6681008.383990483,0.0,streaming,17B/B7977EE0,17B/B7865B48,17B/B7865B48,8480,1131704,2215232,1131704,0.220680,0.220680,0.220680,-1078960.3383612083,True,67968952,reserved,5.6,37.2,0.0,15081393.925625578,0.0,17.99013488048908,6732742.015195143,300126.42185538594,1003.39,1
2026-09-13T22:26:31.665607+00:00,1789338391.6656077,F_lat_centralindia_rep2,r3-pub,F01,load,16,1,1000,6,207.0,2327356918,22064354,812562627868,61127,1789156079.537691,6020850.874,192964.18600000002,92389416,89338889,434931778,8414,23196,16055221,4900856629,11084516.901,801544.594,17B/B7FA0000,17B/B808AE08,1,1.0004353523254395,6914212,6911203.1916189445,6.59103697931189,4449,4447.063960363478,4446,4444.065265852107,0.0,0.0,6444298.459679753,0.0,streaming,17B/B7F9BDA8,17B/B7E99C98,17B/B7E99C98,16984,1074024,1356616,1074024,0.221346,0.270163,0.221346,-57654.89980529679,True,74416056,reserved,3.9,37.2,0.0,6444298.459679753,0.0,12.994342882608498,6499565.39908916,257956.69795168407,1003.38,1
2026-09-13T22:26:32.665955+00:00,1789338392.6659424,F_lat_centralindia_rep2,r3-pub,F01,load,16,1,1000,6,207.0,2327383579,22064354,812569453870,61127,1789156079.537691,6020891.062,192964.18600000002,92393816,89338889,434936174,8414,23196,16055221,4900905205,11084516.901,801553.484,17B/B8628000,17B/B8713B00,1,1.0003347396850586,6826002,6823717.830842375,6.507604437677741,4400,4398.527638243653,4396,4394.52897675434,0.0,0.0,6846220.29837348,0.0,streaming,17B/B8625FC0,17B/B8521F18,17B/B8521F18,8256,1073384,1139696,1073384,0.220227,0.220227,0.220227,-639.7858382899859,True,81264568,reserved,1.8,37.2,0.0,23666957.730023157,0.0,29.989961169843088,6920561.413452032,263777.7031347272,1003.38,1
2026-09-13T22:26:33.666708+00:00,1789338393.6666963,F_lat_centralindia_rep2,r3-pub,F01,load,16,1,1000,6,207.0,2327409355,22064354,812576029961,61127,1789156079.537691,6020931.357,192964.18600000002,92398067,89338889,434940422,8414,23196,16055221,4900952067,11084516.901,801562.31,17B/B8C6E000,17B/B8D4EE28,1,1.0007538795471191,6576091,6571137.154098211,6.266724733446322,4251,4247.797672214617,4248,4244.79993214954,0.0,0.0,6573220.58344344,0.0,streaming,17B/B8C6BFB0,17B/B8B5BB88,17B/B8B5BB88,8272,1123448,1489672,1123448,0.221045,0.256159,0.221045,50026.28620601096,True,87842744,reserved,3.7,37.2,0.0,14963695.176257294,0.0,18.985687078823272,6654770.104927115,253045.23437331,1003.37,1
2026-09-13T22:26:34.668080+00:00,1789338394.6680806,F_lat_centralindia_rep2,r3-pub,F01,load,16,1,1000,6,207.0,2327434867,22064354,812582542887,61127,1789156079.537691,6020968.445,192964.18600000002,92402274,89338889,434944627,8414,23196,16055221,4900998187,11084516.901,801571.243,17B/B9326000,17B/B938C3E0,1,1.0013842582702637,6512926,6503922.890949046,6.202624216984793,4207,4201.184475644685,4205,4199.187240334181,0.0,0.0,7035381.215368169,0.0,streaming,17B/B9315F70,17B/B9211FD8,17B/B9211200,65680,1130536,1329512,1134080,0.221321,0.221321,0.221321,10617.302910638055,True,1832816,reserved,4.0,37.2,0.0,7092645.946190933,0.0,22.968206070793386,7040337.354791184,286646.2076164672,1003.36,1
2026-09-13T22:26:35.668526+00:00,1789338395.6685262,F_lat_centralindia_rep2,r3-pub,F01,load,16,1,1000,6,207.0,2327459723,22064354,812588892297,61127,1789156079.537691,6021001.985,192964.18600000002,92406376,89338889,434948726,8414,23196,16055221,4901043729,11084516.901,801580.198,17B/B994E000,17B/B9995AC0,1,1.0004456043243408,6349410,6346581.935644694,6.052572188992208,4102,4100.172945205071,4099,4097.17428142262,0.0,0.0,6452420.7734009065,0.0,streaming,17B/B994BEF8,17B/B983FCA0,17B/B983FC50,8456,1106784,1613752,1106864,0.220927,0.252932,0.220927,-27203.877834398154,True,8288112,reserved,3.7,37.2,0.0,14865951.667651452,0.0,20.990646477159068,6594185.602380074,272116.74360232527,1003.36,1
2026-09-13T22:26:36.669020+00:00,1789338396.6690207,F_lat_centralindia_rep2,r3-pub,F01,load,16,1,1000,6,207.0,2327484441,22064354,812595198855,61127,1789156079.537691,6021033.917,192964.18600000002,92410453,89338889,434952800,8414,23196,16055221,4901089022,11084516.901,801588.595,17B/B9F80000,17B/B9F9AC90,1,1.0004944801330566,6306558,6303441.073619202,6.011429856890871,4077,4074.985000874564,4074,4071.9864835817934,0.0,0.0,6493045.31808717,0.0,streaming,17B/B9F7BFE0,17B/B9D6DCF8,17B/B9D6DCF8,16416,2171656,2957040,2171656,0.220408,0.220408,0.220408,1064265.7417344195,True,14784368,reserved,3.9,37.2,0.0,14992138.685268106,0.0,21.98912681364739,6566537.9774272,212939.70554606855,1003.35,1
2026-09-13T22:26:37.669408+00:00,1789338397.669408,F_lat_centralindia_rep2,r3-pub,F01,load,16,1,1000,6,207.0,2327508846,22064355,812601438499,61127,1789156079.537691,6021068.711,192964.18600000002,92414473,89338889,434956816,8414,23196,16055221,4901133609,11084516.901,801597.134,17B/BA518000,17B/BA58DC90,1,1.00038743019104,6239644,6237227.5097543355,5.948283681635223,4020,4018.443133808985,4016,4014.444682929573,0.0,0.0,5863200.419141506,0.0,streaming,17B/BA515D10,17B/BA411BF8,17B/BA4105B0,8944,1074184,1597712,1079888,0.226743,0.226743,0.226743,-1091345.1799284497,True,20649840,reserved,4.3,37.2,0.0,22732184.865274888,0.0,31.9876070352954,5915871.012963279,271271.9010755425,1003.35,1
2026-09-13T22:26:38.670041+00:00,1789338398.670041,F_lat_centralindia_rep2,r3-pub,F01,load,16,1,1000,6,207.0,2327533161,22064355,812607638632,61127,1789156079.537691,6021105.235,192964.18600000002,92418476,89338889,434960816,8414,23196,16055221,4901178012,11084516.901,801605.261,17B/BAB35FF8,17B/BAB7E370,1,1.0006330013275146,6200133,6196210.790344152,5.909167089790489,4003,4000.4676986360837,4000,3997.4695964387547,0.0,0.0,6410270.290396451,0.0,streaming,17B/BAB33B50,17B/BAA2FFD0,17B/BAA2FFD0,9384,1073192,1852544,1073192,0.205043,0.221654,0.205043,-6691.764104438475,True,27064168,reserved,5.8,37.2,0.0,6418465.103069151,0.0,12.991776188425954,6477650.638546624,248707.5677794327,1003.34,1
2026-09-13T22:26:39.670266+00:00,1789338399.6702666,F_lat_centralindia_rep2,r3-pub,F01,load,16,1,1000,6,207.0,2327557390,22064355,812613837230,61127,1789156079.537691,6021138.707,192964.18600000002,92422471,89338889,434964809,8414,23196,16055221,4901222298,11084516.901,801613.373,17B/BB10C000,17B/BB16ADE8,1,1.00022554397583,6198598,6197200.2588146115,5.91011072045766,3995,3994.0991549967225,3993,3992.0996059829567,0.0,0.0,6118052.11020273,0.0,streaming,17B/BB109F00,17B/BAF45FF0,17B/BAF44F08,8448,1859600,2796096,1863928,0.221512,0.221512,0.221512,790557.6944744652,True,33183600,reserved,2.9,37.2,0.0,14549806.378821762,0.0,19.995490137655683,6168463.74016328,204832.80119563793,1003.34,1
2026-09-13T22:26:40.670502+00:00,1789338400.6705027,F_lat_centralindia_rep2,r3-pub,F01,load,16,1,1000,6,207.0,2327581607,22064355,812620046568,61127,1789156079.537691,6021173.42,192964.18600000002,92426461,89338889,434968795,8414,23196,16055221,4901266404,11084516.901,801621.566,17B/BB729E00,17B/BB759830,1,1.0002360343933105,6209338,6207872.728526773,5.920288780714772,3990,3989.058445010052,3986,3985.0593889248285,0.0,0.0,6412310.474187506,0.0,streaming,17B/BB727EB8,17B/BB51BBA0,17B/BB51B000,8008,2155104,3027752,2158080,0.050962,0.050962,0.050962,294082.586395137,True,39597424,reserved,2.1,37.2,0.0,14807640.887466766,0.0,18.99551640480977,6453491.753989113,280964.6826715839,1003.33,1
2026-09-13T22:26:41.672219+00:00,1789338401.6716664,F_lat_centralindia_rep2,r3-pub,F01,load,16,1,1000,6,207.0,2327605840,22064355,812626244384,61127,1789156079.537691,6021208.9180000005,192964.18600000002,92430457,89338889,434972789,8414,23196,16055221,4901310278,11084516.901,801629.838,17B/BBD49F08,17B/BBD59090,3,1.0011637210845947,6197816,6190611.854458424,5.903827528437065,3996,3991.3551758257854,3994,3989.357500562609,0.0,0.0,6415326.349462574,0.0,streaming,17B/BBCE32B8,17B/BBB3BDE0,17B/BBB3B808,420944,2154792,2283432,2156288,0.082480,0.082480,0.082480,-1789.9170358057575,True,46020216,reserved,4.4,37.2,0.0,14810284.959124211,0.0,17.97907736858462,6250264.435492125,224971.19627546775,1003.33,1
2026-09-13T22:26:42.672111+00:00,1789338402.6720855,F_lat_centralindia_rep2,r3-pub,F01,load,16,1,1000,6,207.0,2327630090,22064355,812632434847,61127,1789156079.537691,6021242.946,192964.18600000002,92434458,89338889,434976787,8414,23196,16055221,4901354902,11084516.901,801638.673,17B/BC31C000,17B/BC346428,2,1.0004191398620605,6190463,6187869.417265998,5.901212136522291,4001,3999.323724005985,3998,3996.324980898757,0.0,0.0,6100730.940475141,0.0,streaming,17B/BC317FF0,17B/BC112000,17B/BC111AB0,16400,2138112,2208000,2139472,0.221105,0.253707,0.221105,-16808.9546970469,True,52123504,reserved,5.6,37.3,0.0,6153708.735369496,0.0,14.993715536138408,6397075.730560702,251990.38078655655,1003.32,1
2026-09-13T22:26:43.672587+00:00,1789338403.672587,F_lat_centralindia_rep2,r3-pub,F01,load,16,1,1000,6,207.0,2327654558,22064356,812638697678,61127,1789156079.537691,6021273.694,192964.18600000002,92438495,89338889,434980820,8414,23196,16055221,4901399296,11084516.901,801647.294,17B/BC842000,17B/BC942378,3,1.0005013942718506,6262831,6259692.42607402,5.969707895349521,4037,4034.976885702459,4033,4030.978890274466,0.0,0.0,5395822.565473749,0.0,streaming,17B/BC83BF78,17B/BC739F08,17B/BC739F08,24712,1081592,1430728,1081592,0.220347,0.254329,0.220347,-1057349.850841446,True,57522032,reserved,5.0,37.2,0.0,22164630.78108868,0.0,21.988974853964354,5428545.158553019,257325.97822851787,1003.32,1
2026-09-13T22:26:44.676116+00:00,1789338404.6750877,F_lat_centralindia_rep2,r3-pub,F01,load,16,1,1000,6,207.0,2327678954,22064356,812644923910,61127,1789156079.537691,6021308.277000001,192964.18600000002,92442525,89338889,434984846,8414,23196,16055221,4901443934,11084516.901,801655.178,17B/BCE6A000,17B/BCF42D80,1,1.0025007724761963,6226232,6210700.451253605,5.92298550725327,4030,4019.9470271188143,4026,4015.957005255669,0.0,0.0,6439193.043268479,0.0,streaming,17B/BCE67DA0,17B/BCD61E18,17B/BCD61E18,8800,1081832,1689176,1081832,0.220714,0.220714,0.220714,239.40131178871349,True,63977328,reserved,4.3,37.2,0.0,14806875.373607215,0.0,17.955098384153512,6541784.48541367,253119.0069542068,1003.31,1
2026-09-13T22:26:45.676510+00:00,1789338405.6759877,F_lat_centralindia_rep2,r3-pub,F01,load,16,1,1000,6,207.0,2327703642,22064356,812651217099,61127,1789156079.537691,6021350.277000001,192964.18600000002,92446589,89338889,434988909,8414,23196,16055221,4901489085,11084516.901,801663.316,17B/BD52E000,17B/BD5465B0,1,1.0009000301361084,6293189,6287530.033488174,5.9962559065706005,4064,4060.3455666270215,4063,4059.346465847832,0.0,0.0,7087892.682983812,0.0,streaming,17B/BD52BFD0,17B/BD319DD8,17B/BD319D98,8240,2179624,2577496,2179688,0.220535,0.220535,0.220535,1096868.7850381092,True,71071600,reserved,9.8,37.3,0.0,7108354.266941618,0.0,14.986511687845798,7166802.661624996,232308.91497563527,1003.3,1
2026-09-13T22:26:46.676799+00:00,1789338406.676784,F_lat_centralindia_rep2,r3-pub,F01,load,16,1,1000,6,207.0,2327728323,22064356,812657527031,61127,1789156079.537691,6021391.376,192964.18600000002,92450657,89338889,434992974,8414,23196,16055221,4901533961,11084516.901,801671.532,17B/BDA72000,17B/BDB4EE78,1,1.0007963180541992,6309932,6304911.285313381,6.01283196002329,4068,4064.7631557130617,4065,4061.765542766371,0.0,0.0,5517014.701587843,0.0,streaming,17B/BDA5BFF8,17B/BD94DE30,17B/BD94DE30,90120,1196496,1968928,1196496,0.221689,0.221689,0.221689,-982409.6894276885,True,76593008,reserved,2.9,37.3,0.0,13907133.498512976,0.0,18.984881995709973,5488301.566375805,250258.71446744888,1003.3,1
2026-09-13T22:26:47.677266+00:00,1789338407.6772668,F_lat_centralindia_rep2,r3-pub,F01,load,16,1,1000,6,207.0,2327753040,22064356,812663844545,61127,1789156079.537691,6021429.456,192964.18600000002,92454739,89338889,434997053,8414,23196,16055221,4901578914,11084516.901,801680.052,17B/BE111F70,17B/BE159F90,1,1.0004827976226807,6317514,6314465.391120668,6.021943465347927,4082,4080.0301711329116,4079,4077.0316188268366,0.0,0.0,6943319.7817158755,0.0,streaming,17B/BE110000,17B/BDF8DD28,17B/BDF8DCD8,8048,1589832,1702912,1589912,0.221475,0.221475,0.221475,393226.15134895284,True,83539680,reserved,6.7,37.3,0.0,15397622.064672241,0.0,24.987935883959526,7102270.040908613,253276.71860237842,1003.29,1
2026-09-13T22:26:48.677447+00:00,1789338408.6774478,F_lat_centralindia_rep2,r3-pub,F01,load,16,1,1000,6,207.0,2327777172,22064356,812670016166,61127,1789156079.537691,6021456.838,192964.18600000002,92458722,89338889,435001033,8414,23196,16055221,4901622955,11084516.901,801689.519,17B/BE62E000,17B/BE6468B8,1,1.000180959701538,6171621,6170504.387367723,5.884651553504679,3983,3982.279367914141,3980,3979.2799106950242,0.0,0.0,5356742.6454496635,0.0,streaming,17B/BE62BE28,17B/BE521FD0,17B/BE521A08,8664,1097776,1308872,1099256,0.221075,0.254981,0.221075,-490567.22710099944,True,88897392,reserved,15.7,36.2,0.0,20836677.401076455,0.0,20.996200533817966,5411941.656653071,237170.08177278863,1003.29,1
2026-09-13T22:26:49.684302+00:00,1789338409.6843028,F_lat_centralindia_rep2,r3-pub,F01,drain,0,0,0,0,0,2327777172,22064356,812670016166,61127,1789156079.537691,6021461.191000001,192964.18600000002,92458907,89338889,435001033,8414,23196,16055221,4901623032,11084516.901,801689.519,17B/BE6468B8,17B/BE6468B8,1,1.0068550109863281,0,0.0,0.0,185,183.7404571476201,0,0.0,0.0,0.0,99851.51675563857,0.0,streaming,17B/BE6468B8,17B/BE6468B8,17B/BE6468B8,0,0,0,0,0.221075,0.254981,0.221075,-1091771.8916879152,True,88997928,reserved,1.0,36.1,0.0,105770.93905077271,0.0,1.986383320514812,114296.49626242228,49204.701232472406,1003.29,1
2026-09-13T22:26:50.690636+00:00,1789338410.6906369,F_lat_centralindia_rep2,r3-pub,F01,drain,0,0,0,0,0,2327777172,22064356,812670016166,61127,1789156079.537691,6021461.191000001,192964.18600000002,92458909,89338889,435001033,8414,23196,16055221,4901623032,11084516.901,801689.519,17B/BE6468B8,17B/BE6468B8,1,1.0063340663909912,0,0.0,0.0,2,1.9874116029606212,0,0.0,0.0,0.0,0.0,0.0,streaming,17B/BE6468B8,17B/BE6468B8,17B/BE6468B8,0,0,0,0,0.221075,0.254981,0.221075,0.0,True,88997928,reserved,0.0,36.1,0.0,8873077.339042109,0.0,72.54052350806268,2172.2408820359587,590.2612460793044,1003.29,1
2026-09-13T22:26:51.693513+00:00,1789338411.6935132,F_lat_centralindia_rep2,r3-pub,F01,drain,0,0,0,0,0,2327777172,22064356,812670016166,61127,1789156079.537691,6021461.191000001,192964.18600000002,92458912,89338889,435001033,8414,23196,16055221,4901623032,11084516.901,801689.519,17B/BE6468B8,17B/BE6468B8,1,1.0028762817382812,0,0.0,0.0,3,2.991395902593401,0,0.0,0.0,0.0,0.0,0.0,streaming,17B/BE6468B8,17B/BE6468B8,17B/BE6468B8,0,0,0,0,0.221075,0.254981,0.221075,0.0,True,88997928,reserved,1.6,36.0,0.0,8364549.199887409,0.0,9.971319675311337,1089.8652405115292,236.3202763048787,1003.29,1
2026-09-13T22:26:52.698020+00:00,1789338412.69802,F_lat_centralindia_rep2,r3-pub,F01,drain,0,0,0,0,0,2327777172,22064356,812670016166,61127,1789156079.537691,6021461.191000001,192964.18600000002,92458915,89338889,435001033,8414,23196,16055221,4901623032,11084516.901,801689.519,17B/BE6468B8,17B/BE6468B8,1,1.0045068264007568,0,0.0,0.0,3,2.9865401818614656,0,0.0,0.0,0.0,0.0,0.0,streaming,17B/BE6468B8,17B/BE6468B8,17B/BE6468B8,0,0,0,0,0.221075,0.254981,0.221075,0.0,True,88997928,reserved,0.0,36.0,0.0,73397.21150942738,0.0,5.973080363722931,1280.230224624615,894.9665411644859,1003.29,1
2026-09-13T22:26:53.704402+00:00,1789338413.704403,F_lat_centralindia_rep2,r3-pub,F01,drain,0,0,0,0,0,2327777172,22064356,812670016166,61127,1789156079.537691,6021461.191000001,192964.18600000002,92458918,89338889,435001033,8414,23196,16055221,4901623032,11084516.901,801689.519,17B/BE6468B8,17B/BE6468B8,1,1.006382942199707,0,0.0,0.0,3,2.980972624041832,0,0.0,0.0,0.0,0.0,0.0,streaming,17B/BE6468B8,17B/BE6468B8,17B/BE6468B8,0,0,0,0,0.221075,0.254981,0.221075,0.0,True,88997928,reserved,0.0,36.0,0.0,8335403.600606102,0.0,9.936575413472774,2172.1353853851483,530.6131270794461,1003.29,1
2026-09-13T22:26:54.710787+00:00,1789338414.7107873,F_lat_centralindia_rep2,r3-pub,F01,drain,0,0,0,0,0,2327777172,22064356,812670016166,61127,1789156079.537691,6021461.191000001,192964.18600000002,92458921,89338889,435001033,8414,23196,16055221,4901623032,11084516.901,801689.519,17B/BE6468B8,17B/BE6468B8,1,1.0063843727111816,0,0.0,0.0,3,2.9809683867785557,0,0.0,0.0,0.0,0.0,0.0,streaming,17B/BE6468B8,17B/BE6468B8,17B/BE6468B8,0,0,0,0,0.221075,0.254981,0.221075,0.0,True,88997928,reserved,0.0,36.0,0.0,8335391.752359229,0.0,10.930217418188038,0.0,59.61936773557112,1003.29,1
2026-09-13T22:26:55.714774+00:00,1789338415.7147741,F_lat_centralindia_rep2,r3-pub,F01,drain,0,0,0,0,0,2327777172,22064356,812670016166,61127,1789156079.537691,6021461.191000001,192964.18600000002,92458924,89338889,435001033,8414,23196,16055221,4901623032,11084516.901,801689.519,17B/BE6468B8,17B/BE6468B8,1,1.0039868354797363,0,0.0,0.0,3,2.988086988776607,0,0.0,0.0,0.0,0.0,0.0,streaming,17B/BE6468B8,17B/BE6468B8,17B/BE6468B8,0,0,0,0,0.221075,0.254981,0.221075,0.0,True,88997928,reserved,0.0,36.0,0.0,8355296.806249118,0.0,8.964260966329821,1965.1652096187486,415.3440914399484,1003.29,1
2026-09-13T22:26:56.715648+00:00,1789338416.7156482,F_lat_centralindia_rep2,r3-pub,F01,drain,0,0,0,0,0,2327777172,22064356,812670016166,61127,1789156079.537691,6021461.191000001,192964.18600000002,92458927,89338889,435001033,8414,23196,16055221,4901623032,11084516.901,801689.519,17B/BE6468B8,17B/BE6468B8,1,1.0008740425109863,0,0.0,0.0,3,2.9973801623165484,0,0.0,0.0,0.0,0.0,0.0,streaming,17B/BE6468B8,17B/BE6468B8,17B/BE6468B8,0,0,0,0,0.221075,0.254981,0.221075,0.0,True,88997928,reserved,0.2,36.0,0.0,0.0,0.0,0.0,5441.244121325307,16805.311443388113,1003.29,1
2026-09-13T22:26:57.716557+00:00,1789338417.7165577,F_lat_centralindia_rep2,r3-pub,F01,drain,0,0,0,0,0,2327777172,22064356,812670016166,61127,1789156079.537691,6021461.191000001,192964.18600000002,92458930,89338889,435001033,8414,23196,16055221,4901623032,11084516.901,801689.519,17B/BE6468B8,17B/BE6468B8,1,1.0009095668792725,0,0.0,0.0,3,2.9972737790424713,0,0.0,0.0,0.0,0.0,0.0,streaming,17B/BE6468B8,17B/BE6468B8,17B/BE6468B8,0,0,0,0,0.221075,0.254981,0.221075,0.0,True,88997928,reserved,0.2,36.0,0.0,8380984.933688635,0.0,7.9927300774465895,0.0,59.945475580849426,1003.29,1
2026-09-13T22:26:58.722936+00:00,1789338418.7229366,F_lat_centralindia_rep2,r3-pub,F01,drain,0,0,0,0,0,2327777172,22064356,812670016166,61127,1789156079.537691,6021461.191000001,192964.18600000002,92458933,89338889,435001033,8414,23196,16055221,4901623032,11084516.901,801689.519,17B/BE6468B8,17B/BE6468B8,1,1.0063788890838623,0,0.0,0.0,3,2.980984629686531,0,0.0,0.0,0.0,0.0,0.0,streaming,17B/BE6468B8,17B/BE6468B8,17B/BE6468B8,0,0,0,0,0.221075,0.254981,0.221075,0.0,True,88997928,reserved,0.0,35.9,0.0,8335437.170821824,0.0,8.942953889059593,1521.2958226833598,2758.4044440032703,1003.29,1
