sample_time,epoch,run_id,host,level_id,phase_state,clients,rows_per_commit,row_bytes,target_wal_mbps,network_latency_ms,wal_records,wal_fpi,wal_bytes,wal_buffers_full,wal_stats_reset,wal_write_time_ms,wal_sync_time_ms,xact_commit,xact_rollback,tup_inserted,tup_updated,tup_deleted,blks_read,blks_hit,blk_read_time_ms,blk_write_time_ms,current_wal_lsn,insert_lsn,active_backends,interval_sec,wal_bytes_delta,wal_bytes_per_sec,wal_mb_per_sec,commits_delta,commits_per_sec,rows_inserted_delta,rows_inserted_per_sec,rows_updated_per_sec,rows_deleted_per_sec,lsn_bytes_per_sec,wal_sync_time_delta_ms,repl_state,sent_lsn,write_lsn,replay_lsn,send_lag_bytes,write_lag_bytes,flush_lag_bytes,replay_lag_bytes,write_lag_sec,flush_lag_sec,replay_lag_sec,d_replay_lag_bytes_per_sec,slot_active,retained_wal_bytes,wal_status,cpu_pct,mem_used_pct,disk_read_bytes_per_sec,disk_write_bytes_per_sec,disk_read_iops,disk_write_iops,net_sent_bytes_per_sec,net_recv_bytes_per_sec,data_volume_free_gb,db_connected
2026-09-13T21:43:40.050951+00:00,1789335820.0499523,F_lat_eastus_rep3,r3-pub,idle,idle,0,0,0,0,0,2273736380,22042517,798957165924,60320,1789156079.537691,5940997.316000001,192964.18600000002,83770982,80667596,426317331,7816,21258,16055174,4802337701,11084509.822,782361.708,178/888BF7A0,178/888BF7A0,1,1.0007853507995605,0,0.0,0.0,204,203.83991416043176,0,0.0,0.0,0.0,0.0,0.0,streaming,178/888BF7A0,178/888BF7A0,178/888BF7A0,0,0,0,0,0.041229,0.041229,0.041229,0.0,True,178578680,reserved,2.3,36.5,0.0,3454311.1539732963,0.0,14.988228982384687,8737.13828146478,950.2537174831892,1002.12,1
2026-09-13T21:43:41.051446+00:00,1789335821.0514464,F_lat_eastus_rep3,r3-pub,idle,idle,0,0,0,0,0,2273736380,22042517,798957165924,60320,1789156079.537691,5940998.764,192964.18600000002,83770985,80667596,426317331,7816,21258,16055174,4802337701,11084509.822,782361.708,178/888BF7D8,178/888BF7D8,1,1.0014941692352295,0,0.0,0.0,3,2.995524179926967,0,0.0,0.0,0.0,55.91645135863672,0.0,streaming,178/888BF7D8,178/888BF7D8,178/888BF7D8,0,0,0,0,0.041229,0.041229,0.041229,0.0,True,56,reserved,0.2,36.5,0.0,81797.78027320572,0.0,15.976128959610492,6279.617189186899,3248.146719100808,1002.12,1
2026-09-13T21:43:42.052956+00:00,1789335822.0529559,F_lat_eastus_rep3,r3-pub,idle,idle,0,0,0,0,0,2273736380,22042517,798957165924,60320,1789156079.537691,5940998.764,192964.18600000002,83770988,80667596,426317331,7816,21258,16055174,4802337701,11084509.822,782361.708,178/888BF7D8,178/888BF7D8,1,1.001509428024292,0,0.0,0.0,3,2.995478540744435,0,0.0,0.0,0.0,0.0,0.0,streaming,178/888BF7D8,178/888BF7D8,178/888BF7D8,0,0,0,0,0.041229,0.041229,0.041229,0.0,True,56,reserved,0.6,36.5,0.0,2061272.6572853867,0.0,18.97136409138142,1574.623219584658,422.36247424496537,1002.12,1
2026-09-13T21:43:43.054555+00:00,1789335823.054556,F_lat_eastus_rep3,r3-pub,idle,idle,0,0,0,0,0,2273736380,22042517,798957165924,60320,1789156079.537691,5940998.764,192964.18600000002,83770991,80667596,426317331,7816,21258,16055174,4802337701,11084509.822,782361.708,178/888BF7D8,178/888BF7D8,1,1.0016000270843506,0,0.0,0.0,3,2.995207586737967,0,0.0,0.0,0.0,0.0,0.0,streaming,178/888BF7D8,178/888BF7D8,178/888BF7D8,0,0,0,0,0.041229,0.041229,0.041229,0.0,True,56,reserved,0.2,36.5,0.0,4706964.7289486,0.0,18.969648049340456,4175.319375912726,889.5766532611761,1002.12,1
2026-09-13T21:43:44.055209+00:00,1789335824.0552096,F_lat_eastus_rep3,r3-pub,idle,idle,0,0,0,0,0,2273736380,22042517,798957165924,60320,1789156079.537691,5940998.764,192964.18600000002,83771001,80667596,426317331,7816,21258,16055174,4802338548,11084509.822,782361.708,178/888BF7D8,178/888BF7D8,1,1.0006537437438965,0,0.0,0.0,10,9.993466833577711,0,0.0,0.0,0.0,0.0,0.0,streaming,178/888BF7D8,178/888BF7D8,178/888BF7D8,0,0,0,0,0.041229,0.041229,0.041229,0.0,True,56,reserved,4.5,36.6,0.0,5239454.739242791,0.0,4.996733416788856,8322.559179003518,4709.920918665175,1002.12,1
2026-09-13T21:43:45.056500+00:00,1789335825.0564175,F_lat_eastus_rep3,r3-pub,F01,drain,0,0,0,0,0,2273736381,22042517,798957165974,60320,1789156079.537691,5941001.9399999995,192964.18600000002,83771004,80667596,426317331,7816,21258,16055174,4802338548,11084509.822,782361.708,178/888C5428,178/888C5428,1,1.0012078285217285,50,49.93968142840474,4.762619154777979e-05,3,2.9963808857042844,0,0.0,0.0,0.0,23603.491030321216,0.0,streaming,178/888C5428,178/888C5428,178/888C5428,0,0,0,0,0.242619,0.242619,0.242619,0.0,True,23688,reserved,5.6,36.5,0.0,278191.9917778143,0.0,31.96139611417903,3126.2240574181365,1107.662134082017,1004.03,1
2026-09-13T21:43:46.057040+00:00,1789335826.0570407,F_lat_eastus_rep3,r3-pub,F01,drain,0,0,0,0,0,2273736471,22042526,798957189227,60320,1789156079.537691,5941001.9399999995,192964.18600000002,83771023,80667596,426317331,7823,21258,16055179,4802340230,11084509.907,782361.708,178/888C5428,178/888C5428,1,1.0006232261657715,23253,23238.5171480596,0.022161976955470657,19,18.98816607806014,0,0.0,6.995640134022156,0.0,0.0,0.0,streaming,178/888C5428,178/888C5428,178/888C5428,0,0,0,0,0.242619,0.242619,0.242619,0.0,True,23688,reserved,1.9,36.5,0.0,859624.2596686425,0.0,94.94083039030069,4179.395291497237,890.4450513448202,1004.03,1
2026-09-13T21:43:47.057420+00:00,1789335827.05742,F_lat_eastus_rep3,r3-pub,F01,drain,0,0,0,0,0,2273736471,22042526,798957189227,60320,1789156079.537691,5941001.9399999995,192964.18600000002,83771026,80667596,426317331,7823,21258,16055179,4802340230,11084509.907,782361.708,178/888C5428,178/888C5428,1,1.0003793239593506,0,0.0,0.0,3,2.9988624596182696,0,0.0,0.0,0.0,0.0,0.0,streaming,178/888C5428,178/888C5428,178/888C5428,0,0,0,0,0.242619,0.242619,0.242619,0.0,True,23688,reserved,0.2,36.5,0.0,32755.57502559049,0.0,5.997724919236539,395.8498446696116,302.88510842144524,1004.03,1
2026-09-13T21:43:48.058664+00:00,1789335828.0586648,F_lat_eastus_rep3,r3-pub,F01,drain,0,0,0,0,0,2273736471,22042526,798957189227,60320,1789156079.537691,5941001.9399999995,192964.18600000002,83771029,80667596,426317331,7823,21258,16055179,4802340230,11084509.907,782361.708,178/888C5428,178/888C5428,1,1.0012447834014893,0,0.0,0.0,3,2.9962702924735534,0,0.0,0.0,0.0,0.0,0.0,streaming,178/888C5428,178/888C5428,178/888C5428,0,0,0,0,0.242619,0.242619,0.242619,0.0,True,23688,reserved,0.8,36.5,0.0,81818.15411981117,0.0,12.983837934052065,0.0,0.0,1004.03,1
2026-09-13T21:43:49.059833+00:00,1789335829.0598335,F_lat_eastus_rep3,r3-pub,F01,drain,0,0,0,0,0,2273736471,22042526,798957189227,60320,1789156079.537691,5941001.9399999995,192964.18600000002,83771032,80667596,426317331,7823,21258,16055179,4802340230,11084509.907,782361.708,178/888C5428,178/888C5428,1,1.0011687278747559,0,0.0,0.0,3,2.9964979093666755,0,0.0,0.0,0.0,0.0,0.0,streaming,178/888C5428,178/888C5428,178/888C5428,0,0,0,0,0.242619,0.242619,0.242619,0.0,True,23688,reserved,0.4,36.5,0.0,20456.092394609837,0.0,3.995330545822234,4293.981504122446,955.8828330879695,1004.03,1
2026-09-13T21:43:50.060182+00:00,1789335830.0601826,F_lat_eastus_rep3,r3-pub,F01,drain,0,0,0,0,0,2273736471,22042526,798957189227,60320,1789156079.537691,5941001.9399999995,192964.18600000002,83771035,80667596,426317331,7823,21258,16055179,4802340230,11084509.907,782361.708,178/888C5428,178/888C5428,1,1.0003490447998047,0,0.0,0.0,3,2.9989532309698723,0,0.0,0.0,0.0,0.0,0.0,streaming,178/888C5428,178/888C5428,178/888C5428,0,0,0,0,0.242619,0.242619,0.242619,0.0,True,23688,reserved,8.1,36.5,0.0,0.0,0.0,0.0,1652.4232302643998,898.6863182139718,1004.03,1
2026-09-13T21:43:51.061355+00:00,1789335831.0613558,F_lat_eastus_rep3,r3-pub,F01,drain,0,0,0,0,0,2273736471,22042526,798957189227,60320,1789156079.537691,5941001.9399999995,192964.18600000002,83771038,80667596,426317331,7823,21258,16055179,4802340230,11084509.907,782361.708,178/888C5428,178/888C5428,1,1.0011732578277588,0,0.0,0.0,3,2.996484351279105,0,0.0,0.0,0.0,0.0,0.0,streaming,178/888C5428,178/888C5428,178/888C5428,0,0,0,0,0.242619,0.242619,0.242619,0.0,True,23688,reserved,0.0,36.5,0.0,49094.39961135686,0.0,4.994140585465175,182.78554542802542,125.85234275372241,1004.03,1
2026-09-13T21:43:52.062474+00:00,1789335832.062474,F_lat_eastus_rep3,r3-pub,F01,drain,0,0,0,0,0,2273736471,22042526,798957189227,60320,1789156079.537691,5941001.9399999995,192964.18600000002,83771041,80667596,426317331,7823,21258,16055179,4802340230,11084509.907,782361.708,178/888C5428,178/888C5428,1,1.0011181831359863,0,0.0,0.0,3,2.996649197402997,0,0.0,0.0,0.0,0.0,0.0,streaming,178/888C5428,178/888C5428,178/888C5428,0,0,0,0,0.242619,0.242619,0.242619,0.0,True,23688,reserved,2.4,36.5,0.0,36822.825337688024,0.0,4.994415329004995,7220.925682675422,16981.01211861698,1004.03,1
2026-09-13T21:43:53.063875+00:00,1789335833.0638757,F_lat_eastus_rep3,r3-pub,F01,drain,0,0,0,0,0,2273736471,22042526,798957189227,60320,1789156079.537691,5941001.9399999995,192964.18600000002,83771044,80667596,426317331,7823,21258,16055179,4802340230,11084509.907,782361.708,178/888C5428,178/888C5428,1,1.001401662826538,0,0.0,0.0,3,2.99580089724662,0,0.0,0.0,0.0,0.0,0.0,streaming,178/888C5428,178/888C5428,178/888C5428,0,0,0,0,0.242619,0.242619,0.242619,0.0,True,23688,reserved,0.0,36.5,0.0,0.0,0.0,0.0,1574.79267165264,362.491908566841,1004.03,1
2026-09-13T21:43:54.064386+00:00,1789335834.0643868,F_lat_eastus_rep3,r3-pub,F01,drain,0,0,0,0,0,2273736471,22042526,798957189227,60320,1789156079.537691,5941001.9399999995,192964.18600000002,83771047,80667596,426317331,7823,21258,16055179,4802340230,11084509.907,782361.708,178/888C5428,178/888C5428,1,1.0005111694335938,0,0.0,0.0,3,2.998467275181296,0,0.0,0.0,0.0,0.0,0.0,streaming,178/888C5428,178/888C5428,178/888C5428,0,0,0,0,0.242619,0.242619,0.242619,0.0,True,23688,reserved,0.6,36.5,0.0,90065.96103371232,0.0,14.992336375906481,0.0,59.969345503625924,1004.03,1
2026-09-13T21:43:55.065103+00:00,1789335835.0651038,F_lat_eastus_rep3,r3-pub,F01,drain,0,0,0,0,0,2273736471,22042526,798957189227,60320,1789156079.537691,5941001.9399999995,192964.18600000002,83771050,80667596,426317331,7823,21258,16055179,4802340230,11084509.907,782361.708,178/888C5428,178/888C5428,1,1.0007169246673584,0,0.0,0.0,3,2.997850766836196,0,0.0,0.0,0.0,0.0,0.0,streaming,178/888C5428,178/888C5428,178/888C5428,0,0,0,0,,,,0.0,True,23688,reserved,0.0,36.5,0.0,36837.59022288318,0.0,6.99498512261779,4626.6830168171955,1254.1009041264754,1004.03,1
2026-09-13T21:43:56.065493+00:00,1789335836.065494,F_lat_eastus_rep3,r3-pub,F01,drain,0,0,0,0,0,2273736471,22042526,798957189227,60320,1789156079.537691,5941001.9399999995,192964.18600000002,83771053,80667596,426317331,7823,21258,16055179,4802340230,11084509.907,782361.708,178/888C5428,178/888C5428,1,1.0003902912139893,0,0.0,0.0,3,2.998829583161441,0,0.0,0.0,0.0,0.0,0.0,streaming,178/888C5428,178/888C5428,178/888C5428,0,0,0,0,,,,0.0,True,23688,reserved,0.6,36.5,0.0,77793.63782665199,0.0,11.995318332645764,554.7834728848666,2544.0070963819558,1004.03,1
2026-09-13T21:43:57.066513+00:00,1789335837.066513,F_lat_eastus_rep3,r3-pub,F01,drain,0,0,0,0,0,2273736471,22042526,798957189227,60320,1789156079.537691,5941001.9399999995,192964.18600000002,83771056,80667596,426317331,7823,21258,16055179,4802340230,11084509.907,782361.708,178/888C5428,178/888C5428,1,1.00101900100708,0,0.0,0.0,3,2.996946108896869,0,0.0,0.0,0.0,0.0,0.0,streaming,178/888C5428,178/888C5428,178/888C5428,0,0,0,0,,,,0.0,True,23688,reserved,0.0,36.5,0.0,77744.77799292999,0.0,2.996946108896869,1458.5137729964765,356.63658695872743,1004.03,1
2026-09-13T21:43:58.067769+00:00,1789335838.0677698,F_lat_eastus_rep3,r3-pub,F01,drain,0,0,0,0,0,2273736471,22042526,798957189227,60320,1789156079.537691,5941001.9399999995,192964.18600000002,83771059,80667596,426317331,7823,21258,16055179,4802340230,11084509.907,782361.708,178/888C5428,178/888C5428,1,1.0012567043304443,0,0.0,0.0,3,2.9962346189793014,0,0.0,0.0,0.0,0.0,0.0,streaming,178/888C5428,178/888C5428,178/888C5428,0,0,0,0,,,,0.0,True,23688,reserved,0.6,36.5,0.0,73635.46199603532,0.0,11.984938475917206,4359.521370614883,1015.7235358339832,1004.03,1
2026-09-13T21:43:59.068894+00:00,1789335839.068894,F_lat_eastus_rep3,r3-pub,F01,drain,0,0,0,0,0,2273736471,22042526,798957189227,60320,1789156079.537691,5941001.9399999995,192964.18600000002,83771062,80667596,426317331,7823,21258,16055179,4802340230,11084509.907,782361.708,178/888C5428,178/888C5428,1,1.0011241436004639,0,0.0,0.0,3,2.9966313560381606,0,0.0,0.0,0.0,0.0,0.0,streaming,178/888C5428,178/888C5428,178/888C5428,0,0,0,0,,,,0.0,True,23688,reserved,0.0,36.5,0.0,0.0,0.0,0.0,3168.438220451015,327.63169492683886,1004.03,1
2026-09-13T21:44:00.070039+00:00,1789335840.0700397,F_lat_eastus_rep3,r3-pub,F01,drain,0,0,0,0,0,2273736471,22042526,798957189227,60320,1789156079.537691,5941001.9399999995,192964.18600000002,83771065,80667596,426317331,7823,21258,16055179,4802340230,11084509.907,782361.708,178/888C5428,178/888C5428,1,1.001145839691162,0,0.0,0.0,3,2.996566415264187,0,0.0,0.0,0.0,0.0,0.0,streaming,178/888C5428,178/888C5428,178/888C5428,0,0,0,0,,,,0.0,True,23688,reserved,1.0,36.5,0.0,81826.2402461474,0.0,6.991988302283103,1575.1950789572077,422.5158645522504,1004.03,1
2026-09-13T21:44:01.071044+00:00,1789335841.0710442,F_lat_eastus_rep3,r3-pub,F01,drain,0,0,0,0,0,2273736471,22042526,798957189227,60320,1789156079.537691,5941001.9399999995,192964.18600000002,83771068,80667596,426317331,7823,21258,16055179,4802340230,11084509.907,782361.708,178/888C5428,178/888C5428,1,1.0010044574737549,0,0.0,0.0,3,2.9969896513459395,0,0.0,0.0,0.0,0.0,0.0,streaming,178/888C5428,178/888C5428,178/888C5428,0,0,0,0,,,,0.0,True,23688,reserved,0.6,36.5,0.0,81837.79741275312,0.0,4.994982752243232,3965.017308730678,713.2835370203336,1004.03,1
2026-09-13T21:44:02.072361+00:00,1789335842.072362,F_lat_eastus_rep3,r3-pub,F01,drain,0,0,0,0,0,2273736471,22042526,798957189227,60320,1789156079.537691,5941001.9399999995,192964.18600000002,83771071,80667596,426317331,7823,21258,16055179,4802340230,11084509.907,782361.708,178/888C5428,178/888C5428,1,1.0013177394866943,0,0.0,0.0,3,2.996051983996499,0,0.0,0.0,0.0,0.0,0.0,streaming,178/888C5428,178/888C5428,178/888C5428,0,0,0,0,,,,0.0,True,23688,reserved,0.6,36.5,0.0,24543.65785289932,0.0,1.9973679893309992,792.9550917644067,381.4972859622209,1004.03,1
2026-09-13T21:44:03.073473+00:00,1789335843.073473,F_lat_eastus_rep3,r3-pub,F01,drain,0,0,0,0,0,2273736531,22042526,798957193412,60320,1789156079.537691,5941004.593,192964.18600000002,83771078,80667596,426317331,7823,21258,16055179,4802340470,11084509.907,782361.708,178/888C65A0,178/888C65A0,1,1.0011110305786133,4185,4180.355497213122,0.003986697671139834,7,6.9922314170828805,0,0.0,0.0,0.0,4467.03698531352,0.0,streaming,178/888C65A0,178/888C65A0,178/888C65A0,0,0,0,0,,,,0.0,True,28160,reserved,0.6,36.5,65463.26830713481,278218.89030532294,1.997780404880823,43.951168907378104,1558.2687158070419,305.66040194676594,1004.03,1
2026-09-13T21:44:04.074806+00:00,1789335844.0748062,F_lat_eastus_rep3,r3-pub,F01,drain,0,0,0,0,0,2273736531,22042526,798957193412,60320,1789156079.537691,5941004.593,192964.18600000002,83771081,80667596,426317331,7823,21258,16055179,4802340470,11084509.907,782361.708,178/888C65A0,178/888C65A0,1,1.001333236694336,0,0.0,0.0,3,2.996005615377143,0,0.0,0.0,0.0,0.0,0.0,streaming,178/888C65A0,178/888C65A0,178/888C65A0,0,0,0,0,,,,0.0,True,28160,reserved,0.6,36.5,0.0,40905.46333528259,0.0,4.993342692295238,3062.916407453899,895.8056789977657,1004.03,1
2026-09-13T21:44:05.075820+00:00,1789335845.0758207,F_lat_eastus_rep3,r3-pub,F01,drain,0,0,0,0,0,2273736531,22042526,798957193412,60320,1789156079.537691,5941004.593,192964.18600000002,83771084,80667596,426317331,7823,21258,16055179,4802340470,11084509.907,782361.708,178/888C65A0,178/888C65A0,1,1.0010144710540771,0,0.0,0.0,3,2.9969596711633684,0,0.0,0.0,0.0,0.0,0.0,streaming,178/888C65A0,178/888C65A0,178/888C65A0,0,0,0,0,,,,0.0,True,28160,reserved,0.2,36.5,0.0,20459.24468847526,0.0,2.9969596711633684,1509.4686877092831,296.69900744517344,1004.03,1
2026-09-13T21:44:06.076937+00:00,1789335846.0769372,F_lat_eastus_rep3,r3-pub,F01,drain,0,0,0,0,0,2273736531,22042526,798957193412,60320,1789156079.537691,5941006.089,192964.18600000002,83771087,80667596,426317331,7823,21258,16055179,4802340470,11084509.907,782361.708,178/888C65D8,178/888C65D8,1,1.0011165142059326,0,0.0,0.0,3,2.9966541930232222,0,0.0,0.0,0.0,55.937544936433476,0.0,streaming,178/888C65D8,178/888C65D8,178/888C65D8,0,0,0,0,,,,0.0,True,56,reserved,0.4,36.5,0.0,81828.63716415412,0.0,15.98215569612385,196.78029200852492,218.7557560906952,1004.03,1
2026-09-13T21:44:07.077219+00:00,1789335847.0772195,F_lat_eastus_rep3,r3-pub,F01,drain,0,0,0,0,0,2273736531,22042526,798957193412,60320,1789156079.537691,5941006.089,192964.18600000002,83771090,80667596,426317331,7823,21258,16055179,4802340470,11084509.907,782361.708,178/888C65D8,178/888C65D8,1,1.0002822875976562,0,0.0,0.0,3,2.9991533761984304,0,0.0,0.0,0.0,0.0,0.0,streaming,178/888C65D8,178/888C65D8,178/888C65D8,0,0,0,0,,,,0.0,True,56,reserved,0.6,36.5,0.0,155604.0748995111,0.0,16.99520246512444,7343.926900517889,16995.20246512444,1004.03,1
2026-09-13T21:44:08.078453+00:00,1789335848.0784533,F_lat_eastus_rep3,r3-pub,F01,drain,0,0,0,0,0,2273736531,22042526,798957193412,60320,1789156079.537691,5941006.089,192964.18600000002,83771093,80667596,426317331,7823,21258,16055179,4802340470,11084509.907,782361.708,178/888C65D8,178/888C65D8,1,1.0012338161468506,0,0.0,0.0,3,2.9963031128385214,0,0.0,0.0,0.0,0.0,0.0,streaming,178/888C65D8,178/888C65D8,178/888C65D8,0,0,0,0,,,,0.0,True,56,reserved,6.6,36.5,0.0,36818.57265055975,0.0,5.992606225677043,1458.2008482480803,422.47873891023147,1004.03,1
2026-09-13T21:44:09.079566+00:00,1789335849.079566,F_lat_eastus_rep3,r3-pub,F01,drain,0,0,0,0,0,2273736531,22042526,798957193412,60320,1789156079.537691,5941006.089,192964.18600000002,83771096,80667596,426317331,7823,21258,16055179,4802340470,11084509.907,782361.708,178/888C65D8,178/888C65D8,1,1.001112699508667,0,0.0,0.0,3,2.9966656116462818,0,0.0,0.0,0.0,0.0,0.0,streaming,178/888C65D8,178/888C65D8,178/888C65D8,0,0,0,0,,,,0.0,True,56,reserved,0.2,36.5,0.0,0.0,0.0,0.0,116.869958854205,0.0,1004.03,1
2026-09-13T21:44:10.080696+00:00,1789335850.0806966,F_lat_eastus_rep3,r3-pub,F01,drain,0,0,0,0,0,2273736531,22042526,798957193412,60320,1789156079.537691,5941006.089,192964.18600000002,83771099,80667596,426317331,7823,21258,16055179,4802340470,11084509.907,782361.708,178/888C65D8,178/888C65D8,1,1.0011305809020996,0,0.0,0.0,3,2.9966120876027555,0,0.0,0.0,0.0,0.0,0.0,streaming,178/888C65D8,178/888C65D8,178/888C65D8,0,0,0,0,,,,0.0,True,56,reserved,0.6,36.5,0.0,28639.6205919154,0.0,3.9954827834703406,4243.202716045502,955.919255945279,1004.03,1
2026-09-13T21:44:11.081845+00:00,1789335851.0818453,F_lat_eastus_rep3,r3-pub,F01,drain,0,0,0,0,0,2273736531,22042526,798957193412,60320,1789156079.537691,5941006.089,192964.18600000002,83771102,80667596,426317331,7823,21258,16055179,4802340470,11084509.907,782361.708,178/888C65D8,178/888C65D8,1,1.0011487007141113,0,0.0,0.0,3,2.9965578518556977,0,0.0,0.0,0.0,0.0,0.0,streaming,178/888C65D8,178/888C65D8,178/888C65D8,0,0,0,0,,,,0.0,True,56,reserved,0.2,36.5,0.0,85917.30672840656,0.0,14.982789259278487,1946.763751088918,2832.746022620919,1004.03,1
2026-09-13T21:44:12.083109+00:00,1789335852.0831091,F_lat_eastus_rep3,r3-pub,F01,drain,0,0,0,0,0,2273736531,22042526,798957193412,60320,1789156079.537691,5941006.089,192964.18600000002,83771105,80667596,426317331,7823,21258,16055179,4802340470,11084509.907,782361.708,178/888C65D8,178/888C65D8,1,1.0012638568878174,0,0.0,0.0,3,2.9962132152904855,0,0.0,0.0,0.0,0.0,0.0,streaming,178/888C65D8,178/888C65D8,178/888C65D8,0,0,0,0,,,,0.0,True,56,reserved,0.4,36.5,0.0,28635.808436269603,0.0,4.993688692150809,65.91669073639068,125.84095504220039,1004.03,1
2026-09-13T21:44:13.084251+00:00,1789335853.0842516,F_lat_eastus_rep3,r3-pub,F01,drain,0,0,0,0,0,2273736531,22042526,798957193412,60320,1789156079.537691,5941006.089,192964.18600000002,83771108,80667596,426317331,7823,21258,16055179,4802340470,11084509.907,782361.708,178/888C65D8,178/888C65D8,1,1.0011425018310547,0,0.0,0.0,3,2.996576405969285,0,0.0,0.0,0.0,0.0,0.0,streaming,178/888C65D8,178/888C65D8,178/888C65D8,0,0,0,0,,,,0.0,True,56,reserved,0.4,36.5,0.0,0.0,0.0,0.0,2901.6848197802574,593.3221283819184,1004.03,1
2026-09-13T21:44:14.085262+00:00,1789335854.0852628,F_lat_eastus_rep3,r3-pub,F01,drain,0,0,0,0,0,2273736531,22042526,798957193412,60320,1789156079.537691,5941006.089,192964.18600000002,83771111,80667596,426317331,7823,21258,16055179,4802340470,11084509.907,782361.708,178/888C65D8,178/888C65D8,1,1.0010111331939697,0,0.0,0.0,3,2.996969664490913,0,0.0,0.0,0.0,0.0,0.0,streaming,178/888C65D8,178/888C65D8,178/888C65D8,0,0,0,0,,,,0.0,True,56,reserved,0.8,36.5,0.0,32734.90065534608,0.0,4.994949440818188,6019.91306607408,1046.9414027954922,1004.03,1
2026-09-13T21:44:15.099844+00:00,1789335855.0911388,F_lat_eastus_rep3,r3-pub,F01,load,16,1,1000,6,23.2,2273736532,22042526,798957193462,60320,1789156079.537691,5941008.401,192964.18600000002,83771149,80667596,426317331,7823,21258,16055179,4802341012,11084509.907,782361.708,178/888D2000,178/8894DAC8,3,1.005876064300537,50,49.70791310634163,4.740516005167163e-05,38,37.778013960819635,0,0.0,0.0,0.0,47377.60613991633,0.0,streaming,178/888D1E70,178/888D1E70,178/888D1E70,400,400,47656,400,0.025989,0.025989,0.025989,397.663304850733,True,47712,reserved,48.9,37.4,65153.1558667441,219891.9010502613,1.9883165242536651,13.918215669775655,41053.76543452755,3292.6521641640693,1004.03,1
2026-09-13T21:44:16.095056+00:00,1789335856.095057,F_lat_eastus_rep3,r3-pub,F01,load,16,1,1000,6,23.2,2273757916,22042529,798962701575,60320,1789156079.537691,5941043.927,192964.18600000002,83774677,80667596,426320852,7823,21258,16055179,4802379212,11084509.907,782370.252,178/88ECA000,178/88FB48A0,1,1.003918170928955,5508113,5486615.502639205,5.232444288863378,3528,3514.2306436543904,3521,3507.2579638058696,0.0,0.0,6234261.099396828,0.0,streaming,178/88EC7CA0,178/88EC7CA0,178/88EC76C8,9056,9056,1009896,10552,0.029729,0.029729,0.029729,10112.377974597328,True,6306400,reserved,6.3,37.5,0.0,12493002.28164469,0.0,60.76192439425108,6233660.452832734,174558.05171634996,1004.03,1
2026-09-13T21:44:17.095972+00:00,1789335857.0959725,F_lat_eastus_rep3,r3-pub,F01,load,16,1,1000,6,23.2,2273784307,22042529,798969498599,60320,1789156079.537691,5941088.2979999995,192964.18600000002,83779027,80667596,426325199,7823,21258,16055179,4802426732,11084509.907,782379.945,178/8961A000,178/89634D90,1,1.00091552734375,6797024,6790806.8306604065,6.476218062076956,4350,4346.021098847491,4347,4343.023842917251,0.0,0.0,7660698.421123239,0.0,streaming,178/895F8A00,178/89513FC8,178/89513B00,136704,1073208,1462848,1074432,0.029729,0.187085,0.029729,1062906.8796877859,True,13974112,reserved,5.6,37.5,0.0,7861218.839197512,0.0,33.96890054271602,7677178.333313007,191991.22678212085,1004.02,1
2026-09-13T21:44:18.096591+00:00,1789335858.096591,F_lat_eastus_rep3,r3-pub,F01,load,16,1,1000,6,23.2,2273810602,22042529,798976229637,60320,1789156079.537691,5941123.466,192964.18600000002,83783361,80667596,426329525,7823,21258,16055179,4802472820,11084509.907,782390.142,178/89C22000,178/89CA6D30,1,1.0006184577941895,6731038,6726877.710049661,6.415250501680051,4334,4331.321260607239,4326,4323.326205211563,0.0,0.0,6320315.151832615,0.0,streaming,178/89C1FCC8,178/89C1FCC8,178/89C1F6F0,9016,9016,585496,10512,0.025551,0.040489,0.025551,-1063262.4170708938,True,20298336,reserved,3.9,37.5,0.0,14425382.50975268,0.0,26.983311960405043,6362423.10983779,213641.8715193936,1004.01,1
2026-09-13T21:44:19.098197+00:00,1789335859.0976717,F_lat_eastus_rep3,r3-pub,F01,load,16,1,1000,6,23.2,2273836931,22042529,798983027965,60320,1789156079.537691,5941165.849,192964.18600000002,83787684,80667596,426333844,7823,21258,16055179,4802519050,11084509.907,782400.19,178/8A307FB8,178/8A323450,1,1.0010807514190674,6798328,6790988.629401904,6.476391438867477,4323,4318.332955530305,4319,4314.33727386893,0.0,0.0,7225654.863252848,0.0,streaming,178/8A2D8850,178/8A205D88,178/8A205D88,194408,1057328,1638552,1057328,0.037647,0.037647,0.037647,1045685.8735083072,True,27531800,reserved,4.8,37.5,0.0,8416375.98970572,0.0,67.92658824336358,7186690.973531957,174327.59520410057,1004.01,1
2026-09-13T21:44:20.098314+00:00,1789335860.0983145,F_lat_eastus_rep3,r3-pub,F01,load,16,1,1000,6,23.2,2273862628,22042529,798989605800,60320,1789156079.537691,5941200.486,192964.18600000002,83791927,80667596,426338085,7823,21258,16055179,4802563803,11084509.907,782409.416,178/8A92A000,178/8A95D4D0,1,1.0006427764892578,6577835,6573609.638274958,6.269082678103407,4243,4240.27445127472,4241,4238.275736001906,0.0,0.0,6426661.09334477,0.0,streaming,178/8A927FE0,178/8A817B68,178/8A817B68,8224,1123480,1891616,1123480,0.037578,0.037578,0.037578,66109.50636359304,True,33962592,reserved,3.1,37.5,3246553.191937098,16754670.491722658,11.992291636883488,31.979444365022637,6521811.932622349,214647.02993566834,1004.0,1
2026-09-13T21:44:21.099037+00:00,1789335861.099031,F_lat_eastus_rep3,r3-pub,F01,load,16,1,1000,6,23.2,2273888110,22042530,798996145542,60320,1789156079.537691,5941234.004,192964.18600000002,83796133,80667596,426342291,7823,21258,16055179,4802608678,11084509.907,782417.677,178/8AF88000,178/8AFA28B8,1,1.0007164478302002,6539742,6535059.970463933,6.23231885000604,4206,4202.988777809783,4206,4202.988777809783,0.0,0.0,6671700.0749575505,0.0,streaming,178/8AF85E50,178/8AE73C40,178/8AE73660,8624,1131456,2393280,1132960,0.039356,0.039356,0.039356,9473.212937146158,True,40639072,reserved,3.9,37.5,0.0,6712630.750264038,0.0,17.9871131717965,6711194.77906249,162507.5718027908,1004.0,1
2026-09-13T21:44:22.099928+00:00,1789335862.0999284,F_lat_eastus_rep3,r3-pub,F01,load,16,1,1000,6,23.2,2273910106,22042530,799001807856,60320,1789156079.537691,5941268.044,192964.18600000002,83799759,80667596,426345911,7823,21258,16055179,4802647276,11084509.907,782425.365,178/8B54E000,178/8B5C98D0,1,1.0008974075317383,5662314,5657237.152770274,5.3951617744162315,3626,3622.7489178355377,3620,3616.754297453019,0.0,0.0,6048460.066381011,0.0,streaming,178/8B549C98,178/8B549C98,178/8B549B90,17256,17256,1446832,17520,0.023153,0.118330,0.023153,-1114439.8932461313,True,46692960,reserved,5.8,37.5,0.0,14454100.781094542,0.0,32.970412103853484,6040048.614880941,217301.99155611583,1003.99,1
2026-09-13T21:44:23.100873+00:00,1789335863.10086,F_lat_eastus_rep3,r3-pub,F01,load,16,1,1000,6,23.2,2273935086,22042530,799008239518,60320,1789156079.537691,5941300.285,192964.18600000002,83803866,80667596,426350015,7823,21258,16055179,4802691092,11084509.907,782434.219,178/8BB9E000,178/8BBE8F18,1,1.000931739807129,6431662,6425674.9428680595,6.128001158588466,4107,4103.176906740298,4104,4100.179699357726,0.0,0.0,6612974.428481459,0.0,streaming,178/8BB9BBE8,178/8BB9BBE8,178/8BB9BBE8,9240,9240,912192,9240,0.041209,0.209917,0.041209,-8272.292375897168,True,53312096,reserved,4.1,37.5,0.0,9690299.162527286,0.0,33.968350335809625,6630267.316009768,178777.42595562112,1003.99,1
2026-09-13T21:44:24.101155+00:00,1789335864.1011553,F_lat_eastus_rep3,r3-pub,F01,load,16,1,1000,6,23.2,2273959588,22042530,799014527596,60320,1789156079.537691,5941331.753,192964.18600000002,83807913,80667596,426354059,7823,21258,16055179,4802734323,11084509.907,782443.611,178/8C106000,178/8C1DD9B0,1,1.0002951622009277,6288078,6286222.54471818,5.9950089881116675,4047,4045.805831046382,4044,4042.8067162716998,0.0,0.0,5667191.25935481,0.0,streaming,178/8C103C10,178/8C103C10,178/8C103B90,9200,9200,617248,9328,0.038684,0.038684,0.038684,87.97403339067992,True,58980960,reserved,2.7,37.5,0.0,5683570.424844275,0.0,16.994983723199528,5720735.455132138,163289.80302235085,1003.98,1
2026-09-13T21:44:25.101529+00:00,1789335865.1015291,F_lat_eastus_rep3,r3-pub,F01,load,16,1,1000,6,23.2,2273983838,22042530,799020732643,60320,1789156079.537691,5941363.653,192964.18600000002,83811927,80667596,426358070,7823,21258,16055179,4802777329,11084509.907,782452.821,178/8C724000,178/8C7CA888,1,1.0003738403320312,6205047,6202728.170041412,5.915382547418034,4014,4012.4999656805544,4011,4009.5010867824376,0.0,0.0,6411938.958610749,0.0,streaming,178/8C71FFF0,178/8C71FFF0,178/8C71FAE8,16400,16400,1080200,17688,0.038624,0.038624,0.038624,8356.875862752724,True,65395296,reserved,5.1,37.5,0.0,14805601.069180375,0.0,23.991031184936052,6512823.243996004,187677.83845455723,1003.97,1
2026-09-13T21:44:26.101955+00:00,1789335866.1019554,F_lat_eastus_rep3,r3-pub,F01,load,16,1,1000,6,23.2,2274007932,22042530,799026881506,60320,1789156079.537691,5941400.85,192964.18600000002,83815910,80667596,426362053,7823,21258,16055179,4802819809,11084509.907,782462.553,178/8CD352F8,178/8CDAAE78,1,1.0004262924194336,6148863,6146242.903242351,5.861513999216414,3983,3981.302800796551,3983,3981.302800796551,0.0,0.0,6359137.148039652,0.0,streaming,178/8CD33FB8,178/8CD33FB8,178/8CD33FB8,4928,4928,234256,4928,0.038134,0.211139,0.038134,-12754.56282655385,True,71757144,reserved,11.4,37.5,0.0,14755693.759606795,0.0,20.99105167379552,6463787.536372415,189250.32402149428,1003.97,1
2026-09-13T21:44:27.102534+00:00,1789335867.1025343,F_lat_eastus_rep3,r3-pub,F01,load,16,1,1000,6,23.2,2274030575,22042531,799032698632,60320,1789156079.537691,5941446.119,192964.18600000002,83819656,80667596,426365793,7823,21258,16055179,4802859714,11084509.907,782470.336,178/8D321438,178/8D399FD8,1,1.0005788803100586,5817126,5813760.528502654,5.5444340977694075,3746,3743.8327689259168,3740,3737.836240198326,0.0,0.0,6206263.316367116,0.0,streaming,178/8D31FFD0,178/8D31FFD0,178/8D31F558,5224,5224,2168968,7904,0.074039,0.222624,0.074039,2974.278248885085,True,77967000,reserved,3.9,37.5,0.0,14700226.32842507,0.0,32.98090800174993,6241430.958511528,176615.7606137347,1003.96,1
2026-09-13T21:44:28.103890+00:00,1789335868.1038902,F_lat_eastus_rep3,r3-pub,F01,load,16,1,1000,6,23.2,2274054701,22042531,799038913427,60320,1789156079.537691,5941488.756,192964.18600000002,83823638,80667596,426369772,7823,21258,16055179,4802902010,11084509.907,782478.525,178/8D948000,178/8D990EF0,1,1.0013558864593506,6214795,6206379.853594924,5.918865064234661,3982,3976.6081708270326,3979,3973.6122329785944,0.0,0.0,6441386.211656168,0.0,streaming,178/8D945D18,178/8D945D18,178/8D945D18,8936,8936,666408,8936,0.036613,0.208675,0.036613,1030.602619862757,True,84417120,reserved,5.6,37.5,0.0,6683801.524016599,0.0,29.959378484382466,6432739.935025575,176868.18682040033,1003.96,1
2026-09-13T21:44:29.104946+00:00,1789335869.1049366,F_lat_eastus_rep3,r3-pub,F01,load,16,1,1000,6,23.2,2274078874,22042531,799045153383,60320,1789156079.537691,5941532.0,192964.18600000002,83827618,80667596,426373749,7823,21258,16055179,4802944329,11084509.907,782487.675,178/8DF6F438,178/8DF87748,1,1.0010464191436768,6239956,6233433.216151788,5.944665161277569,3980,3975.8396053248,3977,3972.8427413006857,0.0,0.0,6445535.2685037935,0.0,streaming,178/8DF6DB68,178/8DE67DF8,178/8DE67828,6352,1078848,1974296,1080336,0.040065,0.040065,0.040065,1070280.0384786408,True,90869400,reserved,4.9,37.5,0.0,14828387.291668145,0.0,20.978048168799194,6449214.418570732,156272.47349210814,1003.95,1
2026-09-13T21:44:30.106002+00:00,1789335870.1059928,F_lat_eastus_rep3,r3-pub,F01,load,16,1,1000,6,23.2,2274103115,22042531,799051376774,60320,1789156079.537691,5941565.2299999995,192964.18600000002,83831610,80667596,426377738,7823,21258,16055179,4802986781,11084509.907,782497.121,178/8E520000,178/8E590CA8,2,1.00105619430542,6223391,6216824.8250220185,5.928826165220278,3992,3987.788120895489,3989,3984.791286135297,0.0,0.0,5960496.557478516,0.0,streaming,178/8E51C000,178/8E51C000,178/8E51B520,16384,16384,830280,19168,0.039377,0.039377,0.039377,-1060048.382934475,True,96836192,reserved,2.5,37.5,0.0,15409260.826464359,0.0,24.973623001600007,5958051.140314199,198087.78081393105,1003.95,1
2026-09-13T21:44:31.110237+00:00,1789335871.1102376,F_lat_eastus_rep3,r3-pub,F01,load,16,1,1000,6,23.2,2274128944,22042531,799058026570,60320,1789156079.537691,5941599.974,192964.18600000002,83835856,80667596,426381981,7823,21258,16055179,4803031887,11084509.907,782507.515,178/8EB45EA0,178/8EB8E280,1,1.0042448043823242,6649796,6621688.2287880555,6.314933995044761,4246,4228.052743187021,4243,4225.06542377356,0.0,0.0,6419502.467792374,0.0,streaming,178/8EB43FD0,178/8EB43FD0,178/8EB43F50,7888,7888,1202696,8016,0.039218,0.211653,0.039218,-11104.862032977311,True,103282944,reserved,4.5,37.5,0.0,14789318.23713542,0.0,21.907009032057108,6452117.025375417,176090.53014595067,1003.94,1
2026-09-13T21:44:32.110645+00:00,1789335872.110646,F_lat_eastus_rep3,r3-pub,F01,load,16,1,1000,6,23.2,2274153198,22042531,799064245187,60320,1789156079.537691,5941635.234,192964.18600000002,83839860,80667596,426385982,7823,21258,16055179,4803074570,11084509.907,782516.27,178/8F10B960,178/8F184178,1,1.000408411026001,6218617,6216078.285089884,5.92811420926083,4004,4002.365389844703,4001,3999.3666145775865,0.0,0.0,6050073.083444609,0.0,streaming,178/8F10A000,178/8F10A000,178/8F109A30,6496,6496,1179976,7984,0.039486,0.039486,0.039486,-31.986936182575047,True,109335488,reserved,3.9,37.6,0.0,6088265.485246604,0.0,14.993876335582053,6088315.464834389,168912.01447086607,1003.94,1
2026-09-13T21:44:33.111571+00:00,1789335873.1115716,F_lat_eastus_rep3,r3-pub,F01,load,16,1,1000,6,23.2,2274177423,22042532,799070481417,60320,1789156079.537691,5941697.483,192964.18600000002,83843864,80667596,426389983,7823,21258,16055179,4803117352,11084509.907,782524.555,178/8F731DD8,178/8F778628,1,1.0009255409240723,6236230,6230463.45110007,5.9418329726219845,4004,4000.297560898922,4001,3997.3003349541923,0.0,0.0,6442285.401216621,0.0,streaming,178/8F72FF28,178/8F72FF28,178/8F72FF28,7856,7856,419408,7856,0.039359,0.039359,0.039359,-127.88164030845704,True,115783736,reserved,1.9,37.5,0.0,14924298.950558169,0.0,26.975033502565154,6490577.704713416,180855.61073092045,1003.93,1
2026-09-13T21:44:34.112257+00:00,1789335874.1122577,F_lat_eastus_rep3,r3-pub,F01,load,16,1,1000,6,23.2,2274200245,22042532,799076337429,60320,1789156079.537691,5941729.66,192964.18600000002,83847636,80667596,426393752,7823,21258,16055179,4803157659,11084509.907,782532.559,178/8FD5A000,178/8FD72DC0,1,1.0006861686706543,5856012,5851996.543311203,5.580898803054049,3772,3769.4135465176396,3769,3766.415603612138,0.0,0.0,6451421.236866069,0.0,streaming,178/8FD57F98,178/8FC4FE98,178/8FC4FE98,8296,1089896,1725720,1089896,0.039263,0.039263,0.039263,1081298.0471564017,True,122239584,reserved,2.5,37.5,0.0,14886937.050194154,0.0,23.983543244014676,6508436.1150429025,150623.64677252498,1003.93,1
2026-09-13T21:44:35.113220+00:00,1789335875.1132205,F_lat_eastus_rep3,r3-pub,F01,load,16,1,1000,6,23.2,2274224611,22042532,799082574122,60320,1789156079.537691,5941767.676,192964.18600000002,83851665,80667596,426397778,7823,21258,16055179,4803200382,11084509.907,782541.637,178/9031E000,178/90366678,1,1.000962734222412,6236693,6230694.497178172,5.9420533153325765,4029,4025.124874533804,4026,4022.127759958574,0.0,0.0,6039881.199669775,0.0,streaming,178/9031BE80,178/9031BE80,178/9031B9B8,8576,8576,563040,9800,0.039928,0.039928,0.039928,-1079057.1547491844,True,128285280,reserved,6.9,37.5,0.0,6060341.501836677,0.0,12.987496492663055,6117949.041087172,209045.7445077128,1003.92,1
2026-09-13T21:44:36.113950+00:00,1789335876.1139503,F_lat_eastus_rep3,r3-pub,F01,load,16,1,1000,6,23.2,2274249009,22042532,799088811113,60320,1789156079.537691,5941800.641,192964.18600000002,83855702,80667596,426401812,7823,21258,16055179,4803243745,11084509.907,782550.694,178/90948000,178/90961258,1,1.0007297992706299,6236991,6232442.567959661,5.943720405540143,4037,4034.0559489108045,4034,4031.0581367119607,0.0,0.0,6458774.391160169,0.0,streaming,178/90945F28,178/9083FE28,178/9083FE28,8408,1081816,1887592,1081816,0.039928,0.039928,0.039928,1071234.2140519111,True,98749664,reserved,5.4,37.5,0.0,14898567.036643228,0.0,29.978121988437984,6536355.77232478,162379.4955625732,1003.92,1
2026-09-13T21:44:37.114782+00:00,1789335877.1147819,F_lat_eastus_rep3,r3-pub,F01,load,16,1,1000,6,23.2,2274273479,22042532,799095064401,60320,1789156079.537691,5941828.272,192964.18600000002,83859746,80667596,426405853,7823,21258,16055179,4803287255,11084509.907,782559.081,178/90E6C000,178/90F5D3F0,1,1.0008316040039062,6253288,6248092.061624778,5.958644925713328,4044,4040.639787774144,4041,4037.6422805131842,0.0,0.0,5385857.099671447,0.0,streaming,178/90E69FD8,178/90E69FD8,178/90E69F08,8232,8232,1099728,8440,0.038281,0.038281,0.038281,-1072484.1179134173,True,104140000,reserved,3.1,37.5,0.0,13775680.089281222,0.0,18.98421265274697,5459630.749209108,189309.56940410577,1003.91,1
2026-09-13T21:44:38.115431+00:00,1789335878.115432,F_lat_eastus_rep3,r3-pub,F01,load,16,1,1000,6,23.2,2274298162,22042532,799101359849,60320,1789156079.537691,5941868.015,192964.18600000002,83863817,80667596,426409921,7823,21258,16055179,4803330302,11084509.907,782567.905,178/91530000,178/91563868,1,1.00065016746521,6295448,6291357.563999885,5.99990612411488,4071,4068.3548880148846,4068,4065.3568372499512,0.0,0.0,7089662.532082322,0.0,streaming,178/9152DFD0,178/91423C30,178/91423C30,8240,1098704,1324488,1098704,0.040234,0.194381,0.040234,1089555.6063931861,True,111234272,reserved,5.2,37.5,0.0,15599713.573767742,0.0,28.98115739435806,7175233.896365312,195191.09310176646,1003.9,1
2026-09-13T21:44:39.116211+00:00,1789335879.1162112,F_lat_eastus_rep3,r3-pub,F01,load,16,1,1000,6,23.2,2274322858,22042533,799107664867,60320,1789156079.537691,5941899.05,192964.18600000002,83867883,80667596,426413984,7823,21258,16055179,4803373575,11084509.907,782576.284,178/91B6E000,178/91B6E2C0,1,1.000779151916504,6305018,6300109.257797603,6.008252389714816,4066,4062.8344347637158,4063,4059.83677039965,0.0,0.0,6540312.103290188,0.0,streaming,178/91AB7820,178/91A5DC70,178/91A5DC70,747488,1115024,1694248,1115024,0.039700,0.039700,0.039700,16307.294140517422,True,117779680,reserved,3.9,37.5,0.0,6548497.725446996,0.0,11.990657456262811,6015052.360425503,152790.95263642888,1003.9,1
2026-09-13T21:44:40.116812+00:00,1789335880.1168125,F_lat_eastus_rep3,r3-pub,F01,load,16,1,1000,6,23.2,2274347582,22042533,799113999425,60320,1789156079.537691,5941934.928,192964.18600000002,83871966,80667596,426418064,7823,21258,16055179,4803417168,11084509.907,782585.153,178/92104000,178/9217FEF8,1,1.0006012916564941,6334558,6330751.372020666,6.0374749870497375,4083,4080.546401494844,4080,4077.5482042858102,0.0,0.0,5853760.182842939,0.0,streaming,178/92101FD8,178/92101FD8,178/92101F98,8232,8232,1075384,8296,0.039914,0.039914,0.039914,-1106062.933586477,True,123636960,reserved,6.0,37.5,0.0,9599347.99214454,0.0,52.96815069292842,6476865.514805713,201405.8963149771,1003.89,1
2026-09-13T21:44:41.117990+00:00,1789335881.1179903,F_lat_eastus_rep3,r3-pub,F01,load,16,1,1000,6,23.2,2274372348,22042533,799120362926,60320,1789156079.537691,5941970.393,192964.18600000002,83876054,80667596,426422149,7823,21258,16055179,4803460951,11084509.907,782594.312,178/9274A000,178/92794410,1,1.0011777877807617,6363501,6356014.963241955,6.061568225137668,4088,4083.1908676895173,4085,4080.194396896203,0.0,0.0,6570437.4190935325,0.0,streaming,178/92747FC0,178/92747FC0,178/92747468,8256,8256,446360,11160,0.039381,0.209680,0.039381,2860.6307840173135,True,130215136,reserved,4.0,37.5,0.0,9278799.54327779,0.0,39.952943910856334,6605540.07561361,186657.15748072747,1003.89,1
2026-09-13T21:44:42.118815+00:00,1789335882.1188152,F_lat_eastus_rep3,r3-pub,F01,load,16,1,1000,6,23.2,2274397089,22042533,799126710542,60320,1789156079.537691,5942006.866,192964.18600000002,83880133,80667596,426426225,7823,21258,16055179,4803504582,11084509.907,782604.213,178/92D8E000,178/92DA8F78,1,1.0008249282836914,6347616,6342383.988062216,6.0485687142011795,4079,4075.6378910296053,4076,4072.640363774619,0.0,0.0,6564568.7016078085,0.0,streaming,178/92D8BC70,178/92C81CB8,178/92C81CB8,9104,1098568,1866632,1098568,0.038574,0.038574,0.038574,1086511.705763354,True,136785120,reserved,5.2,37.5,0.0,15089504.241164582,0.0,30.974448301524337,6594847.723586176,171443.5713489372,1003.88,1
2026-09-13T21:44:43.119255+00:00,1789335883.1192558,F_lat_eastus_rep3,r3-pub,F01,load,16,1,1000,6,23.2,2274421823,22042533,799133085617,60320,1789156079.537691,5942043.885,192964.18600000002,83884209,80667596,426430298,7823,21258,16055179,4803547955,11084509.907,782613.161,178/93330000,178/933C3178,1,1.0004405975341797,6375075,6372267.394698762,6.077067751597178,4076,4074.2049153605494,4073,4071.20623657103,0.0,0.0,5903830.78671316,0.0,streaming,178/9332DBD0,178/9332DBD0,178/9332CFC8,9264,9264,530488,12344,0.039266,0.039266,0.039266,-1085745.6231556912,True,142691552,reserved,5.2,37.6,0.0,5940678.551678776,0.0,14.993393947597704,5902684.291855967,173974.34733155518,1003.88,1
2026-09-13T21:44:44.120247+00:00,1789335884.1202476,F_lat_eastus_rep3,r3-pub,F01,load,16,1,1000,6,23.2,2274443460,22042533,799138659687,60320,1789156079.537691,5942112.772,192964.18600000002,83887777,80667596,426433863,7823,21258,16055179,4803585732,11084509.907,782620.598,178/9396E000,178/939D0F70,1,1.0009918212890625,5574070,5568546.996539687,5.310580250301062,3568,3564.464688038292,3565,3561.467660553955,0.0,0.0,6538922.557400039,0.0,streaming,178/9396BF98,178/9396BF98,178/9396BF10,8296,8296,898488,8432,0.038712,0.038712,0.038712,-3908.1238395756163,True,149236960,reserved,13.5,37.6,0.0,14927402.684227375,0.0,19.980183228914193,6563914.769591927,179801.66887699882,1003.87,1
2026-09-13T21:44:45.120869+00:00,1789335885.1208694,F_lat_eastus_rep3,r3-pub,F01,load,16,1,1000,6,23.2,2274468091,22042534,799144976172,60320,1789156079.537691,5942147.375,192964.18600000002,83891836,80667596,426437919,7823,21258,16055179,4803628875,11084509.907,782629.599,178/93FAAB50,178/93FE0390,2,1.0006217956542969,6316485,6312559.877700557,6.0201262261396,4059,4056.4776997945155,4056,4053.4795640223097,0.0,0.0,6536047.913810916,0.0,streaming,178/93FA9F28,178/93E9BD40,178/93E9BD40,3112,1109520,2278168,1109520,0.039075,0.039075,0.039075,1100403.7737155317,True,155777072,reserved,3.5,37.6,0.0,14932922.77351348,0.0,21.986328996176237,6574862.778896484,171269.50536584994,1003.87,1
2026-09-13T21:44:46.121817+00:00,1789335886.1218064,F_lat_eastus_rep3,r3-pub,F01,load,16,1,1000,6,23.2,2274494272,22042534,799151700770,60320,1789156079.537691,5942185.886,192964.18600000002,83896391,80667596,426442471,7823,21258,16055179,4803677756,11084509.907,782639.742,178/94523908,178/945F44D8,1,1.0009369850158691,6724598,6718303.050709417,6.407073069295327,4555,4550.736028530091,4552,4547.738836853782,0.0,0.0,5732540.695265676,0.0,streaming,178/94521FC8,178/94521FC8,178/94521F40,6464,6464,897032,6600,0.039668,0.039668,0.039668,-1101887.5478784651,True,161514984,reserved,6.4,37.6,32737.325616437767,9043686.201540934,0.9990638921032033,17.98315005785766,5740705.045391943,161959.2466127424,1003.86,1
2026-09-13T21:44:47.122242+00:00,1789335887.122243,F_lat_eastus_rep3,r3-pub,F01,load,16,1,1000,6,23.2,2274518828,22042534,799158006556,60320,1789156079.537691,5942219.686,192964.18600000002,83900175,80667596,426446252,7823,21258,16055179,4803718203,11084509.907,782648.528,178/94B5FE38,178/94C012B0,3,1.000436544418335,6305786,6303034.445494247,6.011042066091773,3784,3782.348836727131,3781,3779.3501457889224,0.0,0.0,6535690.8806261,0.0,streaming,178/94B5DF58,178/94B5DF58,178/94B5C810,7904,7904,224016,13864,0.040248,0.210147,0.040248,7260.830325049123,True,168053528,reserved,5.4,37.6,0.0,11819992.048446488,0.0,26.98821844387752,6529922.398824633,180122.36858537677,1003.86,1
2026-09-13T21:44:48.122743+00:00,1789335888.1227438,F_lat_eastus_rep3,r3-pub,F01,load,16,1,1000,6,23.2,2274543443,22042534,799164347083,60320,1789156079.537691,5942256.715,192964.18600000002,83904480,80667596,426450554,7823,21258,16055179,4803765426,11084509.907,782657.888,178/9510F708,178/95212B58,2,1.0005009174346924,6340527,6337352.509638131,6.043770322454577,4305,4302.844630106008,4302,4299.846132105934,0.0,0.0,5958951.057522808,0.0,streaming,178/9510DD60,178/9510DD60,178/9510D858,6568,6568,1120496,7856,0.040438,0.040438,0.040438,-6004.991994814609,True,174015464,reserved,3.5,37.6,0.0,14451640.921102706,0.0,26.986482000664854,5968128.460401701,167013.34010611463,1003.85,1
2026-09-13T21:44:49.125775+00:00,1789335889.1247785,F_lat_eastus_rep3,r3-pub,F01,load,16,1,1000,6,23.2,2274568005,22042534,799170655257,60320,1789156079.537691,5942289.839,192964.18600000002,83908280,80667596,426454351,7823,21258,16055179,4803809358,11084509.907,782666.271,178/9574E000,178/95827678,1,1.0020346641540527,6308174,6295365.046403406,6.003727957156569,3800,3792.2839757325883,3797,3789.290067330694,0.0,0.0,6534408.672905308,0.0,streaming,178/95749E40,178/95749E40,178/95749E40,16832,16832,455560,16832,0.039984,0.039984,0.039984,8957.773938467293,True,180563168,reserved,3.9,37.6,0.0,14920042.72389276,0.0,20.95735881325904,6558146.37465446,176302.28406234074,1003.85,1
2026-09-13T21:44:50.125987+00:00,1789335890.1249883,F_lat_eastus_rep3,r3-pub,F01,load,16,1,1000,6,23.2,2274592706,22042534,799177024781,60320,1789156079.537691,5942324.169,192964.18600000002,83912353,80667596,426458421,7823,21258,16055179,4803857057,11084509.907,782675.081,178/95D76000,178/95E36FB0,1,1.0002098083496094,6369524,6368187.901006487,6.073177243238914,4073,4072.145629846033,4070,4069.146259139051,0.0,0.0,6453941.909099577,0.0,streaming,178/95D73DB8,178/95D73DB8,178/95D73DB8,8776,8776,1606640,8776,0.039964,0.039964,0.039964,-8054.310138482603,True,187018464,reserved,7.3,37.6,0.0,6462132.19071011,0.0,11.997482827928405,6484550.48716433,189398.26266309177,1003.84,1
2026-09-13T21:44:51.126246+00:00,1789335891.1262462,F_lat_eastus_rep3,r3-pub,F01,load,16,1,1000,6,23.2,2274617355,22042534,799183361261,60320,1789156079.537691,5942372.333,192964.18600000002,83916164,80667596,426462229,7823,21258,16055179,4803900458,11084509.907,782683.477,178/96418000,178/964472C0,1,1.0012578964233398,6336480,6328519.378109239,6.035346391782035,3811,3806.2121793131696,3808,3803.215948261493,0.0,0.0,6946270.311419713,0.0,streaming,178/96415FC8,178/9630BFD0,178/9630AAE8,8248,1097776,2380152,1103128,0.039492,0.039492,0.039492,1092977.1479547955,True,3889040,reserved,6.7,37.5,0.0,15410247.504780954,0.0,34.95602893622696,6981009.612976536,177856.27522752274,1003.83,1
2026-09-13T21:44:52.127275+00:00,1789335892.1272755,F_lat_eastus_rep3,r3-pub,F01,load,16,1,1000,6,23.2,2274640577,22042535,799189306519,60320,1789156079.537691,5942399.9229999995,192964.18600000002,83920254,80667596,426466316,7823,21258,16055179,4803949074,11084509.907,782692.229,178/9694E000,178/96A5B030,1,1.0010292530059814,5945258,5939145.117035331,5.664010159526187,4090,4085.7946835401435,4087,4082.7977681243437,0.0,0.0,5458445.878171905,0.0,streaming,178/9694BC10,178/9694BC10,178/9694B100,9200,9200,643352,12032,0.038945,0.038945,0.038945,-1089974.1408390994,True,10442640,reserved,5.8,37.5,0.0,14935028.07745686,0.0,19.979436105330773,5677016.913277002,180104.62677150426,1003.83,1
2026-09-13T21:44:53.127611+00:00,1789335893.1276112,F_lat_eastus_rep3,r3-pub,F01,load,16,1,1000,6,23.2,2274663885,22042535,799195271614,60320,1789156079.537691,5942436.706,192964.18600000002,83924095,80667596,426470154,7823,21258,16055179,4803990837,11084509.907,782700.024,178/96F95AE0,178/9706FCA8,1,1.000335693359375,5965095,5963093.229201623,5.686848859025596,3841,3839.711034503798,3838,3836.71204124592,0.0,0.0,6582846.182250831,0.0,streaming,178/96F93CB8,178/96F93CB8,178/96F93CB8,7720,7720,1053784,7720,0.039661,0.039661,0.039661,-4310.552975990726,True,15938160,reserved,5.6,37.5,0.0,13983145.950761158,0.0,31.989261417370876,6483217.626895268,175812.98074987033,1003.82,1
2026-09-13T21:44:54.127847+00:00,1789335894.127848,F_lat_eastus_rep3,r3-pub,F01,load,16,1,1000,6,23.2,2274688824,22042535,799201669549,60320,1789156079.537691,5942476.1899999995,192964.18600000002,83928200,80667596,426474256,7823,21258,16055179,4804032241,11084509.907,782708.528,178/97645FD8,178/9768ECE8,1,1.0002367496490479,6397935,6396420.649656031,6.100102090507537,4105,4104.028372723075,4102,4101.0290828039115,0.0,0.0,7011963.920002803,0.0,streaming,178/97643FF0,178/97643FF0,178/97642F40,8168,8168,1436312,12440,0.040215,0.040215,0.040215,4718.882806151746,True,22951784,reserved,7.9,37.6,0.0,7072117.678621561,0.0,14.996449595821225,7029974.655967385,193691.1436897078,1003.82,1
2026-09-13T21:44:55.128718+00:00,1789335895.1287186,F_lat_eastus_rep3,r3-pub,F01,load,16,1,1000,6,23.2,2274713739,22042535,799208036962,60320,1789156079.537691,5942509.195,192964.18600000002,83932300,80667596,426478353,7823,21258,16055179,4804073560,11084509.907,782718.3,178/97C8C000,178/97CA4348,1,1.000870704650879,6367413,6361873.686992432,6.067155539505417,4100,4096.433216546338,4097,4093.43582638789,0.0,0.0,6572493.299516241,0.0,streaming,178/97C89E90,178/97B7DFF0,178/97B7DAA8,8560,1105936,1834384,1107288,0.040215,0.209681,0.040215,1093895.540065689,True,29530000,reserved,4.1,37.5,0.0,14970133.435193699,0.0,19.982601056323603,6635740.23011961,154524.4548384976,1003.81,1
2026-09-13T21:44:56.129356+00:00,1789335896.1293569,F_lat_eastus_rep3,r3-pub,F01,load,16,1,1000,6,23.2,2274738643,22042535,799214406006,60320,1789156079.537691,5942544.996,192964.18600000002,83936415,80667596,426482465,7823,21258,16055179,4804114857,11084509.907,782726.769,178/98213FE8,178/982BFF70,1,1.0006382465362549,6369044,6364981.572557989,6.070119450147618,4115,4112.375290714921,4112,4109.377204233233,0.0,0.0,5796212.5873927,0.0,streaming,178/98211B60,178/98211B60,178/98211B60,9352,9352,735264,9352,0.039407,0.193552,0.039407,-1097235.6931194114,True,35329912,reserved,4.9,37.5,0.0,14204054.311534887,0.0,21.98596753237625,5864451.034440232,200653.93332207127,1003.81,1
2026-09-13T21:44:57.130179+00:00,1789335897.1301796,F_lat_eastus_rep3,r3-pub,F01,load,16,1,1000,6,23.2,2274763606,22042536,799220803974,60320,1789156079.537691,5942580.583,192964.18600000002,83940541,80667596,426486588,7823,21258,16055179,4804156400,11084509.907,782735.671,178/98866000,178/988DFB10,1,1.0008227825164795,6397968,6392708.191467105,6.0965616144820265,4126,4122.607990223346,4123,4119.610456541652,0.0,0.0,6621903.613481016,0.0,streaming,178/98863B60,178/98863B60,178/98863B60,9376,9376,1181504,9376,0.039823,0.039823,0.039823,23.98026945355315,True,41957264,reserved,4.5,37.5,0.0,15130462.919643477,0.0,31.973692604737533,6668778.046017455,178730.943304695,1003.8,1
2026-09-13T21:44:58.131285+00:00,1789335898.1312854,F_lat_eastus_rep3,r3-pub,F01,load,16,1,1000,6,23.2,2274788639,22042536,799227227251,60320,1789156079.537691,5942618.608,192964.18600000002,83944677,80667596,426490721,7823,21258,16055179,4804198050,11084509.907,782744.805,178/98EA6000,178/98F09900,1,1.001105785369873,6423277,6416182.079725797,6.118948058820531,4136,4131.43152346472,4133,4128.434837156598,0.0,0.0,6546361.1296369415,0.0,streaming,178/98EA3F00,178/98EA3F00,178/98EA3930,8448,8448,674552,9936,0.040089,0.211975,0.040089,559.3814441828441,True,48510864,reserved,2.5,37.6,0.0,6730477.536407981,0.0,27.969072209142208,6612325.187546767,192824.77718244263,1003.79,1
2026-09-13T21:44:59.131774+00:00,1789335899.1317742,F_lat_eastus_rep3,r3-pub,F01,load,16,1,1000,6,23.2,2274813801,22042536,799233662910,60320,1789156079.537691,5942653.2069999995,192964.18600000002,83948836,80667596,426494877,7823,21258,16055179,4804239841,11084509.907,782753.508,178/99438000,178/9952DC00,1,1.0004887580871582,6435659,6432515.056245493,6.134524399037831,4159,4156.968248150656,4156,4153.969713708615,0.0,0.0,5838042.609461452,0.0,streaming,178/99435EB0,178/99435EB0,178/99435EB0,8528,8528,1373616,8528,0.040445,0.040445,0.040445,-1407.3121647982987,True,54351760,reserved,4.0,37.5,0.0,14247116.606539868,0.0,21.989252574973417,5920665.226988953,171316.26778865652,1003.79,1
2026-09-13T21:45:00.132414+00:00,1789335900.1323502,F_lat_eastus_rep3,r3-pub,F01,load,16,1,1000,6,23.2,2274838899,22042536,799240081290,60320,1789156079.537691,5942688.787,192964.18600000002,83952984,80667596,426499022,7823,21258,16055179,4804281360,11084509.907,782763.522,178/99A8D9F0,178/99B52320,1,1.0005760192871094,6418380,6414685.017709068,6.117520349225109,4148,4145.612047503765,4145,4142.613774566805,0.0,0.0,6638336.19032006,0.0,streaming,178/99A8BFD0,178/99A8BFD0,178/99A8BAB8,6688,6688,802920,7992,0.040047,0.193364,0.040047,-535.6914314035723,True,60993920,reserved,5.1,37.5,0.0,15040040.646508701,0.0,20.98791055872205,6707088.587613184,190447.29868278085,1003.78,1
2026-09-13T21:45:01.183297+00:00,1789335901.1827688,F_lat_eastus_rep3,r3-pub,F01,load,16,1,1000,6,23.2,2274868729,22042536,799247698625,60320,1789156079.537691,5942732.653,192964.18600000002,83958162,80667596,426504197,7823,21258,16055179,4804333454,11084509.907,782776.514,178/9A112000,178/9A1C68F0,2,1.0504186153411865,7617335,7251713.639448225,6.915773047874665,5178,4929.463286708922,5175,4926.60728248719,0.0,0.0,6505672.976654504,0.0,streaming,178/9A10FFE8,178/9A10FFE8,178/9A10F4D8,8216,8216,435816,11048,0.039710,0.039710,0.039710,2909.316300537363,True,67827600,reserved,13.3,37.6,0.0,9549625.12420993,0.0,17.136025330390225,6581791.201172098,187197.7487148118,1003.78,1
2026-09-13T21:45:02.183718+00:00,1789335902.1837077,F_lat_eastus_rep3,r3-pub,F01,load,16,1,1000,6,23.2,2274893862,22042536,799254096785,60320,1789156079.537691,5942771.187,192964.18600000002,83962043,80667596,426508075,7823,21258,16055179,4804372439,11084509.907,782786.354,178/9A743AA0,178/9A7DBFD8,2,1.000938892364502,6398160,6392158.451237447,6.096037341344306,3881,3877.359576699009,3878,3874.362390734026,0.0,0.0,6488787.726748482,0.0,streaming,178/9A741C18,178/9A741C18,178/9A741640,7816,7816,751992,9312,0.040331,0.040331,0.040331,-1734.3716117365316,True,74322480,reserved,5.8,37.6,0.0,11744493.185023636,0.0,16.984053801567416,6564431.705194698,188954.59197635582,1003.77,1
2026-09-13T21:45:03.184074+00:00,1789335903.1840746,F_lat_eastus_rep3,r3-pub,F01,load,16,1,1000,6,23.2,2274918788,22042537,799260473904,60320,1789156079.537691,5942817.746,192964.18600000002,83966160,80667596,426512187,7823,21258,16055179,4804414016,11084509.907,782795.914,178/9AFBA000,178/9AFF5DA0,4,1.0003669261932373,6377119,6374779.926268929,6.079463888424805,4117,4115.489918950733,4112,4110.491752908772,0.0,0.0,8870057.343625108,0.0,streaming,178/9AFB7F10,178/9AEA9CA8,178/9AEA9CA8,8432,1114968,1414872,1114968,0.036686,0.148051,0.036686,1105250.4546580985,True,83195792,reserved,10.8,37.8,511.81220269681205,17377559.71816486,0.999633208392211,30.988629460158542,6856702.096401605,195945.10260941603,1003.77,1
2026-09-13T21:45:04.184590+00:00,1789335904.18459,F_lat_eastus_rep3,r3-pub,F01,load,16,1,1000,6,23.2,2274976146,22042538,799268916670,60320,1789156079.537691,5942851.607,192964.18600000002,83970289,80667596,426516360,7836,21309,16055179,4804551201,11084509.907,782806.423,178/9B542000,178/9B636C48,2,1.0005154609680176,8442766,8438416.325752193,8.047500921013063,4129,4126.872758173186,4173,4170.850089575371,12.993302459736359,50.97372503435033,5796947.899624112,0.0,streaming,178/9B53FFD0,178/9B53FFD0,178/9B53FAC8,8240,8240,1007128,9528,0.039963,0.213573,0.039963,-1104870.4823916124,True,88995728,reserved,12.1,37.7,0.0,10349353.312323274,0.0,49.974240229755225,5860833.968849027,163430.75782336853,1003.76,1
2026-09-13T21:45:05.188119+00:00,1789335905.18812,F_lat_eastus_rep3,r3-pub,F01,load,16,1,1000,6,23.2,2275002615,22042538,799275683273,60320,1789156079.537691,5942884.817,192964.18600000002,83974666,80667596,426520734,7836,21309,16055179,4804595531,11084509.907,782816.442,178/9BB92000,178/9BC55190,1,1.0035297870635986,6766603,6742802.343515457,6.430437415614564,4377,4361.604464982969,4374,4358.615017097442,0.0,0.0,6595854.039737151,0.0,streaming,178/9BB8FEF8,178/9BB8FEF8,178/9BB8FA30,8456,8456,1312600,9680,0.039671,0.212712,0.039671,151.4653595333359,True,95614864,reserved,15.4,37.7,4081.5928463719993,6604017.225429895,0.9964826285087889,11.957791542105467,6541770.941557465,189730.2924680734,1003.76,1
2026-09-13T21:45:06.189172+00:00,1789335906.1891727,F_lat_eastus_rep3,r3-pub,F01,load,16,1,1000,6,23.2,2275026699,22042538,799281838127,60320,1789156079.537691,5942928.632,192964.18600000002,83978648,80667596,426524714,7836,21309,16055179,4804635777,11084509.907,782825.863,178/9C205530,178/9C21C958,1,1.0010528564453125,6154854,6148380.637817239,5.863552701775779,3982,3977.811935065925,3980,3975.8140385641336,0.0,0.0,6756710.154165079,0.0,streaming,178/9C203D18,178/9C103B88,178/9C103B88,6168,1055144,1096248,1055144,0.038751,0.212564,0.038751,1044364.4341742245,True,3503064,reserved,4.3,37.7,0.0,15667088.804572823,0.0,89.90534258059598,6853628.113466961,156042.7094276351,1003.75,1
2026-09-13T21:45:07.190108+00:00,1789335907.190094,F_lat_eastus_rep3,r3-pub,F01,load,16,1,1000,6,23.2,2275048917,22042538,799287514929,60320,1789156079.537691,5942961.1729999995,192964.18600000002,83982320,80667596,426528383,7836,21309,16055179,4804673091,11084509.907,782833.608,178/9C715DA8,178/9C7E5708,1,1.0009212493896484,5676802,5671577.063092282,5.408837378589899,3672,3668.620285800854,3669,3665.623047005265,0.0,0.0,5305696.130677952,0.0,streaming,178/9C713EF0,178/9C713EF0,178/9C713EA8,7864,7864,1260504,7936,0.041238,0.211647,0.041238,-1046244.1482170318,True,8813648,reserved,4.8,37.7,0.0,13692601.699042058,0.0,34.96778594853755,5363363.005105084,203862.19207997393,1003.75,1
2026-09-13T21:45:08.190945+00:00,1789335908.1909156,F_lat_eastus_rep3,r3-pub,F01,load,16,1,1000,6,23.2,2275072381,22042538,799293503906,60320,1789156079.537691,5942998.027,192964.18600000002,83986193,80667596,426532253,7836,21309,16055179,4804712120,11084509.907,782841.356,178/9CD3C000,178/9CD97A60,1,1.000821590423584,5988977,5984060.553155381,5.706844857364064,3873,3869.8205924602466,3870,3866.8230552081473,0.0,0.0,6442410.9768366385,0.0,streaming,178/9CD39CB0,178/9CD39CB0,178/9CD39CB0,9040,9040,1307704,9040,0.040527,0.040527,0.040527,1103.0937087725567,True,15261352,reserved,3.9,37.6,0.0,14966775.44062605,0.0,38.96798427729141,6516700.940913585,173449.49555547614,1003.74,1
2026-09-13T21:45:09.191551+00:00,1789335909.1915088,F_lat_eastus_rep3,r3-pub,F01,load,16,1,1000,6,23.2,2275095690,22042538,799299458615,60320,1789156079.537691,5943037.512,192964.18600000002,83990037,80667596,426536094,7836,21309,16055179,4804750615,11084509.907,782849.874,178/9D334000,178/9D34C2D0,1,1.0005931854248047,5954709,5951178.847447288,5.675486419150627,3844,3841.72114700943,3841,3838.7229255107236,0.0,0.0,6254977.638432403,0.0,streaming,178/9D31DDC0,178/9D21DFE0,178/9D21DFA0,90688,1138720,2411904,1138784,0.040339,0.228329,0.040339,1129074.2496116082,True,21520040,reserved,6.8,37.6,0.0,6271351.925444006,0.0,19.988143324710876,6230323.263048538,147746.35901326538,1003.74,1
2026-09-13T21:45:10.191779+00:00,1789335910.1917791,F_lat_eastus_rep3,r3-pub,F01,load,16,1,1000,6,23.2,2275117677,22042539,799305076987,60320,1789156079.537691,5943073.797,192964.18600000002,83993657,80667596,426539711,7836,21309,16055179,4804787260,11084509.907,782858.57,178/9D864000,178/9D9059D0,1,1.0002703666687012,5618372,5616853.390060347,5.356648817119929,3620,3619.0215372030284,3617,3616.0223480837994,0.0,0.0,5438017.741258958,0.0,streaming,178/9D84FC38,178/9D84FC38,178/9D84EAB8,82888,82888,649760,87368,0.040519,0.040519,0.040519,-1051131.8089944364,True,26959528,reserved,5.4,37.7,0.0,13832548.140039729,0.0,25.992972366651586,5502311.358407871,175686.50022619808,1003.73,1
2026-09-13T21:45:11.192086+00:00,1789335911.1920865,F_lat_eastus_rep3,r3-pub,F01,load,16,1,1000,6,23.2,2275141110,22042539,799311060673,60320,1789156079.537691,5943108.0139999995,192964.18600000002,83997523,80667596,426543574,7836,21309,16055179,4804826443,11084509.907,782867.68,178/9DE7A000,178/9DEBF738,1,1.000307321548462,5983686,5981847.649317749,5.704734467809438,3866,3864.812259911769,3863,3861.813181593162,0.0,0.0,6379607.409172434,0.0,streaming,178/9DE77C30,178/9DE77C30,178/9DE77660,9168,9168,852920,10656,0.040811,0.040811,0.040811,-76688.431992331,True,33341096,reserved,4.3,37.6,0.0,14859817.257950425,0.0,35.988939823286,6529478.3506026445,189167.86463891994,1003.72,1
2026-09-13T21:45:12.192323+00:00,1789335912.1923237,F_lat_eastus_rep3,r3-pub,F01,load,16,1,1000,6,23.2,2275164903,22042539,799317146735,60320,1789156079.537691,5943140.2129999995,192964.18600000002,84001455,80667596,426547503,7836,21309,16055179,4804866360,11084509.907,782876.316,178/9E415368,178/9E4A4098,1,1.000237226486206,6086062,6084618.567317371,5.80274445277917,3932,3931.0674466825844,3929,3928.068158193254,0.0,0.0,5877237.763536759,0.0,streaming,178/9E413FE8,178/9E413FE8,178/9E412F40,4992,4992,554280,9256,0.039423,0.039423,0.039423,-1399.6679616875936,True,39219728,reserved,2.7,37.6,0.0,14299839.69927483,0.0,22.99454508486761,5948013.973545152,167078.36458664807,1003.72,1
2026-09-13T21:45:13.192635+00:00,1789335913.1926353,F_lat_eastus_rep3,r3-pub,F01,load,16,1,1000,6,23.2,2275189003,22042539,799323308044,60320,1789156079.537691,5943176.295,192964.18600000002,84005437,80667596,426551482,7836,21309,16055179,4804906651,11084509.907,782884.71,178/9EA28000,178/9EA874C0,1,1.0003116130828857,6161309,6159389.653601347,5.874051717377993,3982,3980.7595432465023,3979,3977.7604777945335,0.0,0.0,6366424.138947104,0.0,streaming,178/9EA25CD0,178/9EA25CD0,178/9EA25CD0,9008,9008,746424,9008,0.039161,0.039161,0.039161,-247.9227440294155,True,45588136,reserved,3.7,37.7,0.0,6379580.039396407,0.0,13.9956387758541,6436254.378930745,182544.11686498104,1003.71,1
2026-09-13T21:45:14.193143+00:00,1789335914.1931436,F_lat_eastus_rep3,r3-pub,F01,load,16,1,1000,6,23.2,2275211759,22042539,799329122696,60320,1789156079.537691,5943211.273,192964.18600000002,84009197,80667596,426555239,7836,21309,16055179,4804944604,11084509.907,782892.961,178/9F04C000,178/9F07EF08,1,1.0005083084106445,5814652,5811697.865095047,5.542466988654182,3760,3758.0897313815817,3757,3755.091255532075,0.0,0.0,6435640.709699374,0.0,streaming,178/9EFFFFD0,178/9EFFFFD0,178/9EFFFF08,311344,311344,1007568,311544,0.023069,0.035665,0.023069,302382.296535441,True,52027048,reserved,4.8,37.6,0.0,14852738.228237486,0.0,21.988822896381595,6205491.696378546,173327.89597267777,1003.71,1
2026-09-13T21:45:15.193832+00:00,1789335915.1938322,F_lat_eastus_rep3,r3-pub,F01,load,16,1,1000,6,23.2,2275236187,22042539,799335367411,60320,1789156079.537691,5943246.994,192964.18600000002,84013228,80667596,426559267,7836,21309,16055179,4804985311,11084509.907,782903.137,178/9F62E000,178/9F676C80,1,1.0006885528564453,6244715,6240418.142262732,5.951326505911571,4031,4028.22635323807,4028,4025.2284174753026,0.0,0.0,6164331.531915624,0.0,streaming,178/9F625FF8,178/9F625FF8,178/9F625AE8,32776,32776,1002032,34072,0.023069,0.035665,0.023069,-277281.0773221716,True,58195624,reserved,6.0,37.6,0.0,14555353.869516572,0.0,18.986926497525012,6511437.531088403,189866.26703948734,1003.7,1
2026-09-13T21:45:16.194580+00:00,1789335916.1945803,F_lat_eastus_rep3,r3-pub,F01,load,16,1,1000,6,23.2,2275260834,22042540,799341679848,60320,1789156079.537691,5943283.236,192964.18600000002,84017295,80667596,426563331,7836,21309,16055179,4805026507,11084509.907,782911.82,178/9FC78000,178/9FC92690,1,1.0007481575012207,6312437,6307717.833587218,6.015508493029802,4067,4063.9595182018,4064,4060.96176099634,0.0,0.0,6589629.918945872,0.0,streaming,178/9FC75DF0,178/9FB69D40,178/9FB68BC8,8720,1106624,2446888,1111096,0.046184,0.046184,0.046184,1076218.8188177466,True,64790184,reserved,6.3,37.7,0.0,6589629.918945872,0.0,12.990281223659553,6669347.277805864,160242.11366065333,1003.7,1
2026-09-13T21:45:17.195491+00:00,1789335917.195491,F_lat_eastus_rep3,r3-pub,F01,load,16,1,1000,6,23.2,2275284264,22042540,799347667841,60320,1789156079.537691,5943319.164,192964.18600000002,84021151,80667596,426567184,7836,21309,16055179,4805065467,11084509.907,782920.968,178/A021A000,178/A02ADF50,1,1.000910758972168,5987993,5982544.344062253,5.705398887693646,3856,3852.4913089751517,3853,3849.4940387658867,0.0,0.0,5901057.558882968,0.0,streaming,178/A0217DD8,178/A0217DD8,178/A0217DD8,8744,8744,1172912,8744,0.039268,0.039268,0.039268,-1101348.936574527,True,70696616,reserved,5.2,37.6,0.0,14372062.5151158,0.0,20.980891464854302,5945793.8149363855,197663.97576060164,1003.69,1
2026-09-13T21:45:18.195998+00:00,1789335918.195999,F_lat_eastus_rep3,r3-pub,F01,load,16,1,1000,6,23.2,2275309514,22042540,799354113172,60320,1789156079.537691,5943360.526,192964.18600000002,84025298,80667596,426571328,7836,21309,16055179,4805107513,11084509.907,782930.769,178/A0884000,178/A08E9620,1,1.0005078315734863,6445331,6442059.518778087,6.143626707819068,4147,4144.895091403797,4144,4141.896614125231,0.0,0.0,6722218.245331155,0.0,streaming,178/A0873B60,178/A0873B60,178/A0873650,66720,66720,695384,68016,0.040665,0.214233,0.040665,59241.91508504602,True,77422248,reserved,4.6,37.6,0.0,15339921.903322678,0.0,34.98223491659824,6684668.314371678,199113.8836831462,1003.69,1
2026-09-13T21:45:19.196819+00:00,1789335919.1968195,F_lat_eastus_rep3,r3-pub,F01,load,16,1,1000,6,23.2,2275334910,22042540,799360626004,60320,1789156079.537691,5943396.632,192964.18600000002,84029483,80667596,426575509,7836,21309,16055179,4805152034,11084509.907,782941.102,178/A0EEB8C8,178/A0F1E948,1,1.0008206367492676,6512832,6507491.713154631,6.206027711062079,4185,4181.568451259319,4181,4177.5717311147455,0.0,0.0,6710085.4572830275,0.0,streaming,178/A0EE9FC8,178/A0E34748,178/A0E34748,6400,749952,1200608,749952,0.040988,0.040988,0.040988,681376.8371273535,True,84137840,reserved,12.0,37.6,0.0,15101846.869477095,0.0,20.982780759007333,6841503.610716799,182385.3278974002,1003.68,1
2026-09-13T21:45:20.197190+00:00,1789335920.1971903,F_lat_eastus_rep3,r3-pub,F01,load,16,1,1000,6,23.2,2275360242,22042540,799367096360,60320,1789156079.537691,5943434.79,192964.18600000002,84033663,80667596,426579687,7836,21309,16055179,4805198728,11084509.907,782951.386,178/A1536000,178/A1550180,1,1.000370740890503,6470356,6467958.063467815,6.168325484721961,4180,4178.45087740079,4178,4176.451618607775,0.0,0.0,6593963.348156361,0.0,streaming,178/A1533B60,178/A142FCF8,178/A142FCF8,9376,1073928,1625960,1073928,0.023174,0.045953,0.023174,323855.9333628704,True,90734248,reserved,6.0,37.7,0.0,6624871.889096369,0.0,12.995182154595758,6663444.588619398,186593.82204025445,1003.68,1
2026-09-13T21:45:21.197928+00:00,1789335921.1979284,F_lat_eastus_rep3,r3-pub,F01,load,16,1,1000,6,23.2,2275385606,22042540,799373577722,60320,1789156079.537691,5943468.621,192964.18600000002,84037848,80667596,426583869,7836,21309,16055179,4805245353,11084509.907,782960.994,178/A1A8E000,178/A1B8C2A0,3,1.0007381439208984,6481362,6476581.350847668,6.176549292419117,4185,4181.913146233383,4182,4178.915359031782,0.0,0.0,5599194.988257493,0.0,streaming,178/A1A8BDD8,178/A1A8BDD8,178/A1A8B8C0,8744,8744,1044928,10048,0.040738,0.040738,0.040738,-1063095.282679754,True,2337608,reserved,8.1,37.6,0.0,14043010.237362176,0.0,28.97860961547625,5631414.2058379,175307.59776242435,1003.67,1
2026-09-13T21:45:22.198469+00:00,1789335922.1984694,F_lat_eastus_rep3,r3-pub,F01,load,16,1,1000,6,23.2,2275410857,22042541,799380064040,60320,1789156079.537691,5943511.284,192964.18600000002,84042014,80667596,426588032,7836,21309,16055179,4805291864,11084509.907,782971.481,178/A2100790,178/A21B5990,4,1.0005409717559814,6486318,6482810.982359177,6.182490331992319,4166,4163.747530187131,4163,4160.749152224923,0.0,0.0,6756680.826508678,0.0,streaming,178/A20FFB78,178/A20FFB78,178/A20FFB78,3096,3096,598120,3096,0.040491,0.214391,0.040491,-6948.241197758266,True,9097944,reserved,2.7,37.6,0.0,15175662.395265851,0.0,23.987023697669503,6836521.63488637,207169.9269208471,1003.67,1
2026-09-13T21:45:23.199437+00:00,1789335923.1994371,F_lat_eastus_rep3,r3-pub,F01,load,16,1,1000,6,23.2,2275435997,22042541,799386479780,60320,1789156079.537691,5943546.024,192964.18600000002,84046153,80667596,426592168,7836,21309,16055179,4805337822,11084509.907,782982.203,178/A275A000,178/A27E7300,3,1.0009677410125732,6415740,6409537.227952895,6.1126110343483875,4139,4134.998392468684,4136,4132.00129288487,0.0,0.0,6651722.854988957,0.0,streaming,178/A2757B60,178/A2757B60,178/A2757590,9376,9376,1067320,10864,0.039420,0.039420,0.039420,7760.489855688991,True,15756104,reserved,6.0,37.6,0.0,15054615.031605413,0.0,22.977763475907157,6691767.102528295,193579.66501896095,1003.66,1
2026-09-13T21:45:24.203388+00:00,1789335924.1998699,F_lat_eastus_rep3,r3-pub,F01,load,16,1,1000,6,23.2,2275461091,22042541,799392910963,60320,1789156079.537691,5943580.523,192964.18600000002,84050282,80667596,426596294,7836,21309,16055179,4805383533,11084509.907,782993.035,178/A2DA6000,178/A2E08FD8,1,1.0004327297210693,6431183,6428401.239724612,6.130601157879459,4129,4127.214031823216,4126,4124.215329450857,0.0,0.0,6599896.028832356,0.0,streaming,178/A2DA3BF0,178/A2DA3BF0,178/A2DA3620,9232,9232,474464,10720,0.039068,0.195532,0.039068,-143.93771387322428,True,22358856,reserved,5.0,37.6,0.0,6726817.106309902,0.0,22.99005152141777,6624586.344598902,180965.69076711123,1003.66,1
2026-09-13T21:45:25.200138+00:00,1789335925.2001383,F_lat_eastus_rep3,r3-pub,F01,load,16,1,1000,6,23.2,2275485981,22042541,799399281057,60320,1789156079.537691,5943612.277,192964.18600000002,84054373,80667596,426600382,7836,21309,16055179,4805429088,11084509.907,783002.496,178/A332E000,178/A341C660,5,1.0002684593200684,6370094,6368384.347868037,6.073364589565313,4091,4089.902027682502,4088,4086.902832844309,0.0,0.0,5798379.371016558,0.0,streaming,178/A332BEA0,178/A332BEA0,178/A332B300,8544,8544,1126320,11520,0.027259,0.084538,0.027259,799.7852901847963,True,28158792,reserved,3.1,37.6,0.0,14299393.19462558,0.0,23.99355870554389,5824471.366377225,156033.1114569901,1003.65,1
2026-09-13T21:45:26.200791+00:00,1789335926.2002852,F_lat_eastus_rep3,r3-pub,F01,load,16,1,1000,6,23.2,2275510787,22042541,799405630380,60320,1789156079.537691,5943644.004,192964.18600000002,84058448,80667596,426604457,7836,21309,16055179,4805474688,11084509.907,783011.806,178/A3964000,178/A3A1FAD0,4,1.0001468658447266,6349323,6348390.63824626,6.054297102209339,4075,4074.401609565856,4075,4074.401609565856,0.0,0.0,6511683.656079258,0.0,streaming,178/A3961BF0,178/A3961BF0,178/A39616E8,9232,9232,437040,10520,0.039821,0.212499,0.039821,-999.8531557216825,True,34671432,reserved,6.3,37.6,0.0,14243796.072857646,0.0,19.997063114433647,6557442.935604016,189192.21412565676,1003.65,1
2026-09-13T21:45:27.203699+00:00,1789335927.2007053,F_lat_eastus_rep3,r3-pub,F01,load,16,1,1000,6,23.2,2275535348,22042542,799411921860,60320,1789156079.537691,5943679.067,192964.18600000002,84062494,80667596,426608497,7836,21309,16055179,4805519743,11084509.907,783021.477,178/A3F99ED0,178/A40290D8,1,1.000420093536377,6291480,6288838.099762969,5.997503375781029,4046,4044.3010152843162,4040,4038.3035347871078,0.0,0.0,6509601.358544884,0.0,streaming,178/A3F97F60,178/A3F97F60,178/A3F96DE8,8048,8048,469968,12520,0.040154,0.040154,0.040154,1999.1601657361919,True,41183768,reserved,6.4,37.6,0.0,6518093.790928932,0.0,11.994960994417152,6552308.417585424,180929.99247962257,1003.64,1
2026-09-13T21:45:28.203138+00:00,1789335928.203138,F_lat_eastus_rep3,r3-pub,F01,load,16,1,1000,6,23.2,2275559847,22042542,799418192117,60320,1789156079.537691,5943715.295,192964.18600000002,84066531,80667596,426612531,7836,21309,16055179,4805564881,11084509.907,783031.104,178/A4532000,178/A46222B0,1,1.0024328231811523,6270257,6255039.594675049,5.965270609545755,4037,4027.202528333874,4034,4024.209809090624,0.0,0.0,5851540.237265335,0.0,streaming,178/A452FE58,178/A452FE58,178/A452F888,8616,8616,1538960,10104,0.039759,0.039759,0.039759,-2410.136563897607,True,47049544,reserved,3.1,37.6,0.0,8355991.350540896,0.0,39.90292324333787,5898424.176930095,166739.35263769267,1003.63,1
2026-09-13T21:45:29.205148+00:00,1789335929.2046273,F_lat_eastus_rep3,r3-pub,F01,load,16,1,1000,6,23.2,2275584132,22042542,799424428001,60320,1789156079.537691,5943752.228,192964.18600000002,84070532,80667596,426616529,7836,21309,16055179,4805609585,11084509.907,783041.254,178/A4B5ECC0,178/A4C1E908,1,1.0014891624450684,6235884,6226611.563899013,5.938159526728643,4001,3995.0507205008867,3998,3992.0551813453,0.0,0.0,6465316.094077204,0.0,streaming,178/A4B5DFF8,178/A4B5DFF8,178/A4B5DFB8,3272,3272,1187768,3336,0.040543,0.216213,0.040543,-6757.936335003749,True,53524488,reserved,5.4,37.7,0.0,10895518.802579662,0.0,38.94200902262799,6500001.441959743,196825.89427003608,1003.63,1
2026-09-13T21:45:30.204753+00:00,1789335930.2047539,F_lat_eastus_rep3,r3-pub,F01,load,16,1,1000,6,23.2,2275608567,22042542,799430687802,60320,1789156079.537691,5943786.784,192964.18600000002,84074551,80667596,426620545,7836,21309,16055179,4805654494,11084509.907,783050.931,178/A510E000,178/A5214B88,1,1.000126600265503,6259801,6259008.607848462,5.969055755470716,4019,4018.4912579398238,4016,4015.4916376925435,0.0,0.0,5959757.493119038,0.0,streaming,178/A50FFFE8,178/A50FFFE8,178/A50FFB20,57368,57368,1106688,58592,0.023076,0.131048,0.023076,55249.00546123983,True,59485000,reserved,4.8,37.6,0.0,18392807.4656915,0.0,120.98468330697155,6051936.823191377,166638.9034705775,1003.62,1
2026-09-13T21:45:31.205147+00:00,1789335931.2051477,F_lat_eastus_rep3,r3-pub,F01,load,16,1,1000,6,23.2,2275632880,22042542,799436906833,60320,1789156079.537691,5943822.329,192964.18600000002,84078560,80667596,426624549,7836,21309,16055179,4805699032,11084509.907,783059.481,178/A5732000,178/A5808108,1,1.0003938674926758,6219031,6216582.490241556,5.92859505676418,4009,4007.4216068995956,4004,4002.4235754617066,0.0,0.0,6436376.920360462,0.0,streaming,178/A572FE58,178/A572FE58,178/A572F258,8616,8616,421280,11688,0.040209,0.040209,0.040209,-46885.533312551415,True,65923912,reserved,3.5,37.6,0.0,5380024.983049394,0.0,10.995669163356336,6423303.06972523,188242.85725779773,1003.62,1
2026-09-13T21:45:32.205730+00:00,1789335932.2057302,F_lat_eastus_rep3,r3-pub,F01,load,16,1,1000,6,23.2,2275657292,22042542,799443156035,60320,1789156079.537691,5943855.651,192964.18600000002,84082578,80667596,426628564,7836,21309,16055179,4805743700,11084509.907,783068.694,178/A5D5A000,178/A5E021E8,1,1.0005824565887451,6249202,6245564.229963827,5.95623419758208,4018,4015.661051762234,4015,4012.662798114826,0.0,0.0,6451538.259033484,0.0,streaming,178/A5D57B90,178/A5D57B90,178/A5D57B90,9328,9328,1729408,9328,0.039875,0.039875,0.039875,-2358.6262026278923,True,72379208,reserved,6.0,37.7,0.0,15498428.838008106,0.0,20.987775531858365,6492804.223400648,185783.78900801027,1003.61,1
2026-09-13T21:45:33.206400+00:00,1789335933.2063854,F_lat_eastus_rep3,r3-pub,F01,load,16,1,1000,6,23.2,2275681672,22042542,799449388677,60320,1789156079.537691,5943889.986,192964.18600000002,84086582,80667596,426632567,7836,21309,16055179,4805788339,11084509.907,783078.788,178/A6322000,178/A63F9F90,1,1.000655174255371,6232642,6228561.207049138,5.940018851327074,4004,4001.3783998863964,4003,4000.3790546316795,0.0,0.0,6058110.881714118,0.0,streaming,178/A631FE08,178/A631FE08,178/A631F838,8696,8696,578056,10184,0.039875,0.210958,0.039875,855.4395380376512,True,78441288,reserved,6.2,37.6,0.0,14613145.843053648,0.0,28.981012386789583,6096279.874372774,168666.49405535124,1003.61,1
2026-09-13T21:45:34.207010+00:00,1789335934.2069633,F_lat_eastus_rep3,r3-pub,F01,load,16,1,1000,6,23.2,2275706245,22042543,799455672141,60320,1789156079.537691,5943924.641,192964.18600000002,84090618,80667596,426636600,7836,21309,16055179,4805833240,11084509.907,783087.595,178/A6960000,178/A6A08A68,1,1.0005779266357422,6283464,6279834.716249421,5.988917080163404,4036,4033.6688353402938,4033,4030.6705681187823,0.0,0.0,6541627.4192733,0.0,streaming,178/A695BE50,178/A695BE50,178/A695B880,16816,16816,940064,18304,0.039749,0.039749,0.039749,8115.309946224773,True,84986696,reserved,5.4,37.6,0.0,14925390.219443338,0.0,18.989025736240233,6555804.226119014,185664.6994248853,1003.6,1
2026-09-13T21:45:35.207804+00:00,1789335935.2077622,F_lat_eastus_rep3,r3-pub,F01,load,16,1,1000,6,23.2,2275730917,22042543,799461996818,60320,1789156079.537691,5943958.439,192964.18600000002,84094678,80667596,426640657,7836,21309,16055179,4805878702,11084509.907,783097.062,178/A6F9BE38,178/A7014D88,1,1.0007989406585693,6324677,6319627.992249958,6.026866905450781,4060,4056.7588903804626,4057,4053.7612852890484,0.0,0.0,6531541.685784087,0.0,streaming,178/A6F99E20,178/A6F99E20,178/A6F99958,8216,8216,1298072,9440,0.039574,0.039574,0.039574,-8856.92384343163,True,91523456,reserved,4.1,37.7,0.0,6540182.782060936,0.0,12.989622062794584,6589922.043342771,188450.4392819324,1003.6,1
2026-09-13T21:45:36.208296+00:00,1789335936.208297,F_lat_eastus_rep3,r3-pub,F01,load,16,1,1000,6,23.2,2275755745,22042543,799468350001,60320,1789156079.537691,5943993.369,192964.18600000002,84098765,80667596,426644741,7836,21309,16055179,4805924281,11084509.907,783106.158,178/A7538000,178/A7629190,1,1.0005347728729248,6353183,6349787.305999909,6.055629068374547,4087,4084.815551452182,4084,4081.817154913313,0.0,0.0,5879167.980448688,0.0,streaming,178/A7535B60,178/A7535B60,178/A7535590,9376,9376,1366544,10864,0.029516,0.085038,0.029516,1423.2388904496959,True,2000920,reserved,5.4,37.7,32750.485928550304,14352900.458187172,0.9994655129562471,32.982361927556155,5911822.517687994,163565.5295918287,1003.59,1
2026-09-13T21:45:37.209018+00:00,1789335937.2090187,F_lat_eastus_rep3,r3-pub,F01,load,16,1,1000,6,23.2,2275780559,22042543,799474712921,60320,1789156079.537691,5944035.179,192964.18600000002,84102848,80667596,426648821,7836,21309,16055179,4805969687,11084509.907,783115.805,178/A7B6A000,178/A7C43950,1,1.0007216930389404,6362920,6358331.236607263,6.063777195555938,4083,4080.0554523815254,4080,4077.0576158992462,0.0,0.0,6491571.078340975,0.0,streaming,178/A7B67C88,178/A7B67C88,178/A7B67C88,9080,9080,1312504,9080,0.039515,0.211041,0.039515,-1782.7134281284941,True,8497176,reserved,5.0,37.6,0.0,14890501.628628287,0.0,19.985576548525717,6524302.456333322,188613.87867671147,1003.59,1
2026-09-13T21:45:38.210077+00:00,1789335938.2100303,F_lat_eastus_rep3,r3-pub,F01,load,16,1,1000,6,23.2,2275803831,22042543,799480657768,60320,1789156079.537691,5944074.044,192964.18600000002,84106680,80667596,426652650,7836,21309,16055179,4806012099,11084509.907,783124.62,178/A8210000,178/A825BB78,1,1.001011610031128,5944847,5938839.210681219,5.6637184244930445,3832,3828.127427893507,3829,3825.1304596566383,0.0,0.0,6964346.796919982,0.0,streaming,178/A820BD38,178/A820BD38,178/A820B768,17096,17096,1138856,18584,0.040127,0.040127,0.040127,9494.395374399763,True,15468568,reserved,1.9,37.7,0.0,7062551.452105693,0.0,19.979788245790747,6988642.219426864,197461.24622256224,1003.58,1
2026-09-13T21:45:39.211567+00:00,1789335939.2114036,F_lat_eastus_rep3,r3-pub,F01,load,16,1,1000,6,23.2,2275828686,22042543,799487042024,60320,1789156079.537691,5944106.496,192964.18600000002,84110771,80667596,426656738,7836,21309,16055179,4806057550,11084509.907,783134.351,178/A8856000,178/A886E1E0,1,1.001373291015625,6384256,6375500.582330174,6.080151159601377,4091,4085.389571206534,4088,4082.3936854295553,0.0,0.0,6569154.638954073,0.0,streaming,178/A8853F28,178/A8745E08,178/A8745E08,8408,1114616,2511136,1114616,0.040575,0.212453,0.040575,1094528.893304483,True,22046744,reserved,12.7,37.7,0.0,14962619.968427148,0.0,19.972571846524243,6619837.037271813,168353.80123731447,1003.57,1
2026-09-13T21:45:40.212056+00:00,1789335940.2120566,F_lat_eastus_rep3,r3-pub,F01,load,16,1,1000,6,23.2,2275853562,22042544,799493406354,60320,1789156079.537691,5944133.644,192964.18600000002,84114865,80667596,426660829,7836,21309,16055179,4806103026,11084509.907,783143.771,178/A8D8BB90,178/A8E7DB60,1,1.0006530284881592,6364330,6360176.6234751465,6.065537093615672,4094,4091.3282461008857,4091,4088.3302039078467,0.0,0.0,5459362.880511827,0.0,streaming,178/A8D89C60,178/A8D89C60,178/A8D89C18,7984,7984,771512,8056,0.040833,0.040833,0.040833,-1105837.8563765013,True,27509672,reserved,3.3,37.6,0.0,13860005.021874687,0.0,18.9876005559152,5499699.5395243745,177439.12719502754,1003.57,1
2026-09-13T21:45:41.213117+00:00,1789335941.2130995,F_lat_eastus_rep3,r3-pub,F01,load,16,1,1000,6,23.2,2275878368,22042544,799499737022,60320,1789156079.537691,5944174.625,192964.18600000002,84118938,80667596,426664899,7836,21309,16055179,4806148275,11084509.907,783153.749,178/A9430000,178/A9490B70,6,1.0010428428649902,6330668,6324072.98560928,6.0311059814541625,4073,4068.756925870476,4070,4065.7600511399064,0.0,0.0,6957080.857866214,0.0,streaming,178/A942DE30,178/A942DE30,178/A942D860,8656,8656,529000,10144,0.029889,0.099814,0.029889,2085.824812476689,True,34474008,reserved,3.7,37.6,0.0,15442200.211689489,0.0,22.976039601036327,6987381.259308764,199844.59349157044,1003.56,1
2026-09-13T21:45:42.213760+00:00,1789335942.2137606,F_lat_eastus_rep3,r3-pub,F01,load,16,1,1000,6,23.2,2275903155,22042544,799506085094,60320,1789156079.537691,5944210.56,192964.18600000002,84123008,80667596,426668966,7836,21309,16055179,4806193802,11084509.907,783165.035,178/A9A6C000,178/A9AA9C48,2,1.0006611347198486,6348072,6343877.842100109,6.049993364429578,4070,4067.3109595082483,4067,4064.312941601977,0.0,0.0,6532896.875054711,0.0,streaming,178/A9A67B48,178/A9A67B48,178/A9A67B48,17592,17592,895904,17592,0.040533,0.040533,0.040533,7443.079121969885,True,41011224,reserved,6.2,37.7,0.0,6655695.6884955885,0.0,22.98480394808101,6559865.0454609245,195482.7595605227,1003.56,1
2026-09-13T21:45:43.214092+00:00,1789335943.2140925,F_lat_eastus_rep3,r3-pub,F01,load,16,1,1000,6,23.2,2275927779,22042544,799512398491,60320,1789156079.537691,5944245.784,192964.18600000002,84127067,80667596,426673022,7836,21309,16055179,4806239150,11084509.907,783176.019,178/AA09E000,178/AA0A0840,1,1.0003318786621094,6313397,6311302.413398873,6.018927014731286,4059,4057.6533514344223,4056,4054.654346740088,0.0,0.0,6494100.746532638,0.0,streaming,178/A9FFFC90,178/A9F91ED0,178/A9F91D50,648048,1098032,1213496,1098416,0.040151,0.040151,0.040151,1080465.416583089,True,47507480,reserved,7.3,37.7,0.0,14957723.850620255,0.0,29.990046943343845,5921849.664456148,150424.07745842406,1003.55,1
2026-09-13T21:45:44.214572+00:00,1789335944.214572,F_lat_eastus_rep3,r3-pub,F01,load,16,1,1000,6,23.2,2275952320,22042544,799518663444,60320,1789156079.537691,5944280.8549999995,192964.18600000002,84131108,80667596,426677063,7836,21309,16055179,4806284123,11084509.907,783184.695,178/AA624000,178/AA6A5DA8,1,1.0004794597625732,6264953,6261950.646629722,5.971861502294275,4041,4039.063431606064,4041,4039.063431606064,0.0,0.0,5788968.422574569,0.0,streaming,178/AA61FCA8,178/AA61FCA8,178/AA61FCA8,17240,17240,1300344,17240,0.040212,0.210423,0.040212,-1080657.8680351689,True,53299224,reserved,3.9,37.6,0.0,14173556.350037593,0.0,20.989936170187413,6476004.016651752,197441.3348244829,1003.55,1
2026-09-13T21:45:45.215072+00:00,1789335945.2150729,F_lat_eastus_rep3,r3-pub,F01,load,16,1,1000,6,23.2,2275976773,22042544,799524917517,60320,1789156079.537691,5944319.299,192964.18600000002,84135143,80667596,426681092,7836,21309,16055179,4806329221,11084509.907,783193.0,178/AAC52000,178/AACAE920,2,1.0005009174346924,6254073,6250941.794272002,5.961362642547609,4035,4032.979810099359,4029,4026.9828140992113,0.0,0.0,6476627.744244895,0.0,streaming,178/AAC4FFC0,178/AAC4FFC0,178/AAC4F9F0,8256,8256,1133664,9744,0.040048,0.040048,0.040048,-7492.24700285125,True,59779096,reserved,3.5,37.6,0.0,14869223.746584993,0.0,17.990988000443238,6542387.803884516,182648.50817783317,1003.54,1
2026-09-13T21:45:46.215741+00:00,1789335946.2152338,F_lat_eastus_rep3,r3-pub,F01,load,16,1,1000,6,23.2,2276001306,22042545,799531203370,60320,1789156079.537691,5944352.78,192964.18600000002,84139187,80667596,426685133,7836,21309,16055179,4806374208,11084509.907,783202.252,178/AB20C000,178/AB2ABAF0,5,1.0001609325408936,6285853,6284841.564477915,5.993691982725062,4044,4043.349293524473,4041,4040.3497762444104,0.0,0.0,6003769.798071456,0.0,streaming,178/AB209BD0,178/AB209BD0,178/AB209700,9264,9264,1118120,10496,0.023102,0.116688,0.023102,751.8789982023748,True,65783832,reserved,5.4,37.6,0.0,6024246.502703351,0.0,16.99726458702177,6052646.932150077,177718.39932643287,1003.54,1
2026-09-13T21:45:47.216149+00:00,1789335947.2156403,F_lat_eastus_rep3,r3-pub,F01,load,16,1,1000,6,23.2,2276025799,22042545,799537460036,60320,1789156079.537691,5944386.834,192964.18600000002,84143219,80667596,426689162,7836,21309,16055179,4806419025,11084509.907,783213.449,178/AB838000,178/AB8AE488,3,1.0004065036773682,6256666,6254123.675727102,5.9643971211691875,4032,4030.3616431709274,4029,4027.3628621864254,0.0,0.0,6469050.307261019,0.0,streaming,178/AB834000,178/AB834000,178/AB833A68,16384,16384,1253296,17816,0.041279,0.213225,0.041279,7317.025602185315,True,72255512,reserved,6.8,37.6,0.0,14862438.364150316,0.0,19.99187323001452,6515827.292244607,189657.90336484025,1003.53,1
2026-09-13T21:45:48.218349+00:00,1789335948.2183495,F_lat_eastus_rep3,r3-pub,F01,load,16,1,1000,6,23.2,2276050540,22042545,799543797126,60320,1789156079.537691,5944421.24,192964.18600000002,84147287,80667596,426693227,7836,21309,16055179,4806464406,11084509.907,783223.874,178/ABE80000,178/ABEC91A8,1,1.002709150314331,6337090,6319968.256012661,6.027191406262075,4068,4057.008952919953,4065,4054.0170584119,0.0,0.0,6568572.749072145,0.0,streaming,178/ABE7DB60,178/ABE7DB60,178/ABE7DB60,9376,9376,636688,9376,0.039896,0.039896,0.039896,-8417.196549322616,True,78841880,reserved,3.7,37.6,0.0,15106083.349545268,0.0,34.90543592728573,6589341.48344888,188570.1351590604,1003.53,1
2026-09-13T21:45:49.219915+00:00,1789335949.219915,F_lat_eastus_rep3,r3-pub,F01,load,16,1,1000,6,23.2,2276075413,22042545,799550175549,60320,1789156079.537691,5944455.348,192964.18600000002,84151371,80667596,426697308,7836,21309,16055179,4806509905,11084509.907,783233.107,178/AC435248,178/AC4DE448,1,1.0015654563903809,6378423,6368453.463828207,6.07343050368138,4084,4077.616668928103,4081,4074.6213579568043,0.0,0.0,5975485.637822641,0.0,streaming,178/AC433FC8,178/AC433FC8,178/AC433EF8,4736,4736,444400,4944,0.039891,0.039891,0.039891,-4425.072741598764,True,84826720,reserved,3.7,37.6,0.0,5995350.540184295,0.0,13.978117866061078,6001147.465350749,166018.1058952074,1003.52,1
2026-09-13T21:45:50.220280+00:00,1789335950.2202804,F_lat_eastus_rep3,r3-pub,F01,load,16,1,1000,6,23.2,2276100175,22042545,799556514682,60320,1789156079.537691,5944487.236,192964.18600000002,84155445,80667596,426701379,7836,21309,16055179,4806555124,11084509.907,783242.726,178/ACA69F90,178/ACAE2DA8,1,1.0003654956817627,6339133,6336816.920779334,6.04325954511579,4074,4072.5115146274748,4071,4069.5126107139054,0.0,0.0,6505470.278705298,0.0,streaming,178/ACA67FF8,178/ACA67FF8,178/ACA67528,8088,8088,776048,10856,0.039558,0.039558,0.039558,5909.839979007764,True,91334568,reserved,5.2,37.6,0.0,14912181.661996879,0.0,20.992327394986983,6561924.644878245,178635.7094195985,1003.51,1
2026-09-13T21:45:51.220431+00:00,1789335951.2204313,F_lat_eastus_rep3,r3-pub,F01,load,16,1,1000,6,23.2,2276124709,22042545,799562775295,60320,1789156079.537691,5944527.881,192964.18600000002,84159490,80667596,426705421,7836,21309,16055179,4806599841,11084509.907,783251.046,178/AD0A0000,178/AD0E8F38,1,1.0001509189605713,6260613,6259668.29736704,5.969684884421387,4045,4044.3896249216614,4042,4041.390077610224,0.0,0.0,6511769.250553226,0.0,streaming,178/ACFFFDB0,178/ACFFFDB0,178/ACFFF100,655952,655952,1109312,659200,0.023165,0.030988,0.023165,648246.1673622273,True,2370744,reserved,5.6,37.6,0.0,15042337.826010736,0.0,30.99532221818826,5913318.568108174,154677.65620890135,1003.51,1
2026-09-13T21:45:52.221111+00:00,1789335952.2211115,F_lat_eastus_rep3,r3-pub,F01,load,16,1,1000,6,23.2,2276149408,22042546,799569119889,60320,1789156079.537691,5944560.931,192964.18600000002,84163559,80667596,426709487,7836,21309,16055179,4806645358,11084509.907,783260.814,178/AD63A000,178/AD6FCEE0,1,1.0006802082061768,6344594,6340281.288637999,6.046563423765182,4069,4066.234114187294,4066,4063.236153424806,0.0,0.0,5869671.401345244,0.0,streaming,178/AD635E38,178/AD635E38,178/AD635E38,16840,16840,801088,16840,0.023165,0.100533,0.023165,-641923.3584638364,True,8244408,reserved,2.9,37.6,0.0,8194617.953621463,0.0,23.98368609990048,6554593.511705185,196392.41226954342,1003.5,1
2026-09-13T21:45:53.221469+00:00,1789335953.2214692,F_lat_eastus_rep3,r3-pub,F01,load,16,1,1000,6,23.2,2276174186,22042546,799575450455,60320,1789156079.537691,5944594.903,192964.18600000002,84167647,80667596,426713572,7836,21309,16055179,4806691031,11084509.907,783269.356,178/ADC78000,178/ADD0A5D8,1,1.0003576278686523,6330566,6328302.822549385,6.035139868306527,4088,4086.5385399317984,4085,4083.5396124318486,0.0,0.0,6543068.016530801,0.0,streaming,178/ADC71C08,178/ADC71C08,178/ADC71740,25592,25592,1166176,26816,0.040304,0.040304,0.040304,9972.433579833567,True,14789816,reserved,4.4,37.6,0.0,6641336.872849161,0.0,17.9935649996997,6593299.052512462,182049.89388446172,1003.5,1
2026-09-13T21:45:54.221501+00:00,1789335954.2214897,F_lat_eastus_rep3,r3-pub,F01,load,16,1,1000,6,23.2,2276198999,22042546,799581806173,60320,1789156079.537691,5944641.804,192964.18600000002,84171741,80667596,426717663,7836,21309,16055179,4806736770,11084509.907,783279.048,178/AE318000,178/AE31B2D0,1,1.0000205039978027,6355718,6355587.685044071,6.061160740894385,4094,4093.9160583541347,4091,4090.916119864867,0.0,0.0,6946673.565420479,0.0,streaming,178/AE21F988,178/AE20DBC0,178/AE20D530,1025656,1098816,2227144,1100496,0.040693,0.193568,0.040693,1073657.98571902,True,21744824,reserved,1.8,37.7,0.0,11153179.315235827,0.0,73.99848273527259,6193662.005167855,168926.53633067026,1003.49,1
2026-09-13T21:45:55.221758+00:00,1789335955.221758,F_lat_eastus_rep3,r3-pub,F01,load,16,1,1000,6,23.2,2276223766,22042546,799588122853,60320,1789156079.537691,5944672.428,192964.18600000002,84175826,80667596,426721745,7836,21309,16055179,4806782561,11084509.907,783288.259,178/AE84BDA0,178/AE927988,1,1.0002682209014893,6316680,6314986.1887115715,6.022440136634418,4085,4083.904611423528,4082,4080.905415870463,0.0,0.0,5453801.176531888,0.0,streaming,178/AE849F40,178/AE849F40,178/AE849EF8,7776,7776,1215480,7848,0.039870,0.214815,0.039870,-1092355.0075551271,True,27191896,reserved,4.3,37.7,0.0,14602419.325924477,0.0,31.991419232693485,6364090.018038203,187404.73413326743,1003.49,1
2026-09-13T21:45:56.222137+00:00,1789335956.2221377,F_lat_eastus_rep3,r3-pub,F01,load,16,1,1000,6,23.2,2276248626,22042546,799594480337,60320,1789156079.537691,5944708.128,192964.18600000002,84179917,80667596,426725833,7836,21309,16055179,4806828329,11084509.907,783297.278,178/AEE90000,178/AEF3A818,1,1.0003798007965088,6357484,6355070.339223294,6.06066736147241,4091,4089.446824838646,4088,4086.447963808454,0.0,0.0,6568097.43136402,0.0,streaming,178/AEE8BFE0,178/AEE8BFE0,178/AEE8BD88,16416,16416,571800,17016,0.040355,0.207709,0.040355,9164.5193082671,True,33762488,reserved,12.7,37.7,0.0,14969290.651487393,0.0,20.992027211344798,6597133.403478684,195507.74600234468,1003.48,1
2026-09-13T21:45:57.222256+00:00,1789335957.2222562,F_lat_eastus_rep3,r3-pub,F01,load,16,1,1000,6,23.2,2276271947,22042546,799600427399,60320,1789156079.537691,5944751.902,192964.18600000002,84183750,80667596,426729663,7836,21309,16055179,4806870898,11084509.907,783305.711,178/AF533810,178/AF54BE70,1,1.0001184940338135,5947062,5946357.39212611,5.67088832104312,3833,3832.545866180541,3830,3829.546221620525,0.0,0.0,6960343.240852665,0.0,streaming,178/AF531ED0,178/AF421B90,178/AF421B90,6464,1121408,1357560,1121408,0.023064,0.045851,0.023064,1104261.1516417584,True,40723656,reserved,5.4,37.7,0.0,6982852.573631026,0.0,14.998222800080386,7020276.139161786,167290.17711209663,1003.48,1
2026-09-13T21:45:58.223085+00:00,1789335958.2230854,F_lat_eastus_rep3,r3-pub,F01,load,16,1,1000,6,23.2,2276296700,22042547,799606761741,60320,1789156079.537691,5944780.966,192964.18600000002,84187825,80667596,426733735,7836,21309,16055179,4806916418,11084509.907,783314.703,178/AFA659F8,178/AFB57000,1,1.0008292198181152,6334342,6329093.789998624,6.035894193647979,4075,4071.6237289120777,4072,4068.6262145104247,0.0,0.0,5443654.014208456,0.0,streaming,178/AFA63FE8,178/AFA63FE8,178/AFA63530,6672,6672,631088,9416,0.040457,0.040457,0.040457,-1111070.678174331,True,46171824,reserved,5.6,37.7,0.0,14025361.891962945,0.0,32.9726584181837,5483620.872897163,186886.03039986355,1003.47,1
2026-09-13T21:45:59.223893+00:00,1789335959.2238836,F_lat_eastus_rep3,r3-pub,F01,load,16,1,1000,6,23.2,2276321348,22042547,799613073115,60320,1789156079.537691,5944820.113,192964.18600000002,84191891,80667596,426737798,7836,21309,16055179,4806962026,11084509.907,783324.957,178/B0116000,178/B015E200,1,1.000798225402832,6311374,6306340.119118021,6.014194602125188,4066,4062.7570041537506,4063,4059.7593969199925,0.0,0.0,7008301.795476138,0.0,streaming,178/B0113D78,178/B0113D78,178/B0113D38,8840,8840,438232,8904,0.040446,0.040446,0.040446,-511.5916345614167,True,53185720,reserved,5.0,37.7,0.0,15515551.092978647,0.0,31.974477160088544,7078046.1237815805,195040.3138668951,1003.47,1
2026-09-13T21:46:00.225119+00:00,1789335960.2251189,F_lat_eastus_rep3,r3-pub,F01,load,16,1,1000,6,23.2,2276346009,22042547,799619385776,60320,1789156079.537691,5944853.818,192964.18600000002,84195960,80667596,426741864,7836,21309,16055179,4807007412,11084509.907,783335.102,178/B0749B20,178/B0761E48,1,1.0012352466583252,6312661,6304872.926786022,6.0127953784809325,4069,4063.9799823073545,4066,4060.9836834754738,0.0,0.0,6495176.854495253,0.0,streaming,178/B0747CE8,178/B063DFD8,178/B063DFD8,7736,1096520,1796024,1096520,0.040112,0.040112,0.040112,1086274.1834448748,True,59688920,reserved,6.5,37.6,0.0,14882863.99198759,0.0,17.977792991283454,6558094.136133359,169061.16775747502,1003.46,1
2026-09-13T21:46:01.225255+00:00,1789335961.2252557,F_lat_eastus_rep3,r3-pub,F01,load,16,1,1000,6,23.2,2276370577,22042547,799625663239,60320,1789156079.537691,5944881.187,192964.18600000002,84200014,80667596,426745915,7836,21309,16055179,4807052703,11084509.907,783346.03,178/B0C72000,178/B0D626D8,1,1.0001368522644043,6277463,6276604.03252538,5.985836060071354,4054,4053.445276835226,4051,4050.4456873358413,0.0,0.0,5407228.0086028725,0.0,streaming,178/B0C6FEA8,178/B0C6FEA8,178/B0C6FDE0,8536,8536,1025136,8736,0.040696,0.040696,0.040696,-1087635.1546662382,True,65096888,reserved,2.8,37.7,0.0,5414171.058430782,0.0,10.998494831077329,5462080.501914955,184075.80880874247,1003.46,1
2026-09-13T21:46:02.225787+00:00,1789335962.2257414,F_lat_eastus_rep3,r3-pub,F01,load,16,1,1000,6,23.2,2276395237,22042547,799631969383,60320,1789156079.537691,5944921.432,192964.18600000002,84204078,80667596,426749979,7836,21309,16055179,4807097982,11084509.907,783356.375,178/B130E000,178/B13704A0,1,1.0004856586456299,6306144,6303082.853318164,6.011088231390156,4064,4062.0272413514535,4064,4062.0272413514535,0.0,0.0,6927067.809629389,0.0,streaming,178/B1309FE0,178/B1309FE0,178/B1309FE0,16416,16416,1152336,16416,0.023072,0.116117,0.023072,7676.271952160228,True,72027320,reserved,7.0,37.7,0.0,15344355.880904816,0.0,21.989320696292317,6990725.893530578,200266.73872690517,1003.45,1
2026-09-13T21:46:03.226259+00:00,1789335963.2262597,F_lat_eastus_rep3,r3-pub,F01,load,16,1,1000,6,23.2,2276420034,22042547,799638300567,60320,1789156079.537691,5944967.9,192964.18600000002,84208167,80667596,426754062,7836,21309,16055179,4807143246,11084509.907,783365.939,178/B1B96000,178/B1BDEB48,2,1.0005183219909668,6331184,6327904.10814402,6.034759624618549,4089,4086.881679351113,4083,4080.884787671948,0.0,0.0,8941029.667701343,0.0,streaming,178/B1B91F60,178/B1B50128,178/B1B50128,16544,286424,1888200,286424,0.023214,0.148998,0.023214,269868.1214180082,True,80972984,reserved,9.5,37.7,0.0,17423544.993469287,0.0,31.983422288881297,6636192.315586546,205576.4452076241,1003.44,1
2026-09-13T21:46:04.226732+00:00,1789335964.2267325,F_lat_eastus_rep3,r3-pub,F01,load,16,1,1000,6,23.2,2276444942,22042547,799644660266,60320,1789156079.537691,5945008.676,192964.18600000002,84212272,80667596,426758164,7836,21309,16055179,4807189582,11084509.907,783376.63,178/B2224000,178/B2224C48,2,1.0004727840423584,6359699,6356693.656676962,6.062215477635347,4105,4103.060138641614,4102,4100.061556323483,0.0,0.0,6869840.04925116,0.0,streaming,178/B218FC58,178/B2115F38,178/B21159B0,607144,1106120,2013144,1107536,0.040961,0.040962,0.040961,820723.9748015329,True,87846072,reserved,8.2,37.9,0.0,6964003.530259966,0.0,17.991493908781738,6545834.234030227,172721.34010662284,1003.44,1
2026-09-13T21:46:05.227512+00:00,1789335965.2275124,F_lat_eastus_rep3,r3-pub,F01,load,16,1,1000,6,23.2,2276510913,22042550,799653624431,60320,1789156079.537691,5945039.061,192964.18600000002,84216411,80667596,426762346,7849,21360,16055179,4807348277,11084509.907,783389.346,178/B2774000,178/B286A728,1,1.0007798671722412,8964165,8957179.589682138,8.542232122118127,4139,4135.774645122481,4182,4178.741136965987,12.989869627106128,50.960257767877884,5566219.088459408,0.0,streaming,178/B2771FD8,178/B2771FD8,178/B2771A90,8232,8232,856504,9584,0.040709,0.214395,0.040709,-1097096.4105246481,True,93416632,reserved,12.5,37.7,0.0,13964661.418987868,0.0,18.985194070385877,5618940.97239287,191334.78428282996,1003.43,1
2026-09-13T21:46:06.228183+00:00,1789335966.2281833,F_lat_eastus_rep3,r3-pub,F01,load,16,1,1000,6,23.2,2276535555,22042550,799659926600,60320,1789156079.537691,5945074.836,192964.18600000002,84220465,80667596,426766397,7849,21360,16055179,4807394048,11084509.907,783399.805,178/B2DA8000,178/B2E360F8,1,1.0006709098815918,6302169,6297943.647373269,6.006187102673787,4054,4051.2819549033406,4051,4048.283966283531,0.0,0.0,6500087.027382122,0.0,streaming,178/B2DA6000,178/B2DA6000,178/B2DA5F38,8192,8192,1178440,8392,0.033857,0.056727,0.033857,-1191.2008116045342,True,1524832,reserved,4.7,37.6,0.0,15083640.236714812,0.0,38.973852057530905,6559916.886938132,193445.21569324474,1003.43,1
2026-09-13T21:46:07.229321+00:00,1789335967.2293212,F_lat_eastus_rep3,r3-pub,F01,load,16,1,1000,6,23.2,2276557731,22042550,799665595709,60320,1789156079.537691,5945108.274,192964.18600000002,84224127,80667596,426770056,7849,21360,16055179,4807434958,11084509.907,783410.603,178/B3301338,178/B3401838,1,1.0011379718780518,5669109,5662665.046422345,5.400338217184395,3662,3657.8374838089417,3659,3654.840893844052,0.0,0.0,5601873.225804623,0.0,streaming,178/B32FFFE8,178/B32FFFE8,178/B32FF9D8,4944,4944,1093184,6496,0.040025,0.040025,0.040025,-1893.8448578104187,True,7133080,reserved,4.8,37.6,0.0,14000579.733986301,0.0,29.965899648899033,5653108.92102431,178952.3572499385,1003.42,1
2026-09-13T21:46:08.229894+00:00,1789335968.2298949,F_lat_eastus_rep3,r3-pub,F01,load,16,1,1000,6,23.2,2276579763,22042550,799671236833,60320,1789156079.537691,5945144.706,192964.18600000002,84227999,80667596,426773925,7849,21360,16055179,4807478087,11084509.907,783418.92,178/B3934000,178/B39AE370,3,1.0005736351013184,5641124,5637889.908451144,5.37671080441584,3872,3869.780158266833,3869,3866.7818781855312,0.0,0.0,6495801.7800877355,0.0,streaming,178/B3931E00,178/B3931E00,178/B3931E00,8704,8704,943184,8704,0.041069,0.041069,0.041069,2206.7341398381113,True,13632608,reserved,4.5,37.6,0.0,6598966.601125167,0.0,17.98968048781069,6540224.297772302,185071.83629843377,1003.42,1
2026-09-13T21:46:09.230562+00:00,1789335969.2305331,F_lat_eastus_rep3,r3-pub,F01,load,16,1,1000,6,23.2,2276604315,22042550,799677526656,60320,1789156079.537691,5945174.357,192964.18600000002,84231811,80667596,426777734,7849,21360,16055179,4807520546,11084509.907,783427.222,178/B3E66000,178/B3F53B18,2,1.0006382465362549,6289823,6285811.102836062,5.994616606555998,3812,3809.5685560644665,3809,3806.5704695827785,0.0,0.0,5444205.254853429,0.0,streaming,178/B3E63DF8,178/B3E63DF8,178/B3E63758,8712,8712,1244432,10408,0.041069,0.041069,0.041069,1702.9131215985967,True,19080288,reserved,4.3,37.6,0.0,13827462.669845777,0.0,18.98788105068858,5510457.969287924,154875.15147102167,1003.41,1
2026-09-13T21:46:10.230951+00:00,1789335970.2309513,F_lat_eastus_rep3,r3-pub,F01,load,16,1,1000,6,23.2,2276627408,22042550,799683425659,60320,1789156079.537691,5945208.975,192964.18600000002,84235623,80667596,426781543,7849,21360,16055179,4807562988,11084509.907,783435.424,178/B4423798,178/B44FF068,3,1.0004181861877441,5899003,5896537.149608513,5.623376035316957,3812,3810.406540615025,3809,3807.4077946491684,0.0,0.0,6016452.002873173,0.0,streaming,178/B4421E78,178/B4421E78,178/B4421970,6432,6432,1255072,7720,0.040286,0.209803,0.040286,-2686.876385407447,True,25099256,reserved,6.2,37.6,0.0,14411893.145347372,0.0,21.990803749614518,6073318.2222056985,174482.03402336192,1003.41,1
2026-09-13T21:46:11.233873+00:00,1789335971.2338734,F_lat_eastus_rep3,r3-pub,F01,load,16,1,1000,6,23.2,2276651985,22042551,799689707396,60320,1789156079.537691,5945249.26,192964.18600000002,84239672,80667596,426785589,7849,21360,16055179,4807608398,11084509.907,783444.664,178/B4A69AE8,178/B4AAF6A8,1,1.0029220581054688,6281737,6263434.87934274,5.973276976912251,4049,4037.2030580807123,4046,4034.211798714389,0.0,0.0,6559855.720421437,0.0,streaming,178/B4A67168,178/B4A67168,178/B4A66600,10624,10624,454416,13544,0.040317,0.045510,0.040317,5807.031516488532,True,31678280,reserved,4.5,37.6,0.0,14939513.872397399,0.0,19.94172910882051,6610003.186611388,196042.15343653722,1003.4,1
2026-09-13T21:46:12.234131+00:00,1789335972.2341316,F_lat_eastus_rep3,r3-pub,F01,load,16,1,1000,6,23.2,2276673924,22042551,799695324450,60320,1789156079.537691,5945284.001,192964.18600000002,84243286,80667596,426789200,7849,21360,16055179,4807648850,11084509.907,783452.961,178/B4F81C10,178/B5081170,1,1.000258207321167,5617054,5615604.0099318605,5.355457315379963,3614,3613.0670796281725,3611,3610.0678540501744,0.0,0.0,5340101.146788127,0.0,streaming,178/B4F7FD88,178/B4F7FD88,178/B4F7FD38,524920,524920,1168016,525000,0.040296,0.040296,0.040296,511323.97240683634,True,37536864,reserved,5.4,37.6,0.0,5970426.392195047,0.0,19.994837186652862,5551148.652776967,157321.3784683034,1003.4,1
2026-09-13T21:46:13.234705+00:00,1789335973.2347057,F_lat_eastus_rep3,r3-pub,F01,load,16,1,1000,6,23.2,2276696293,22042551,799701034716,60320,1789156079.537691,5945320.708,192964.18600000002,84246965,80667596,426792875,7849,21360,16055179,4807689808,11084509.907,783461.254,178/B5613F58,178/B565C198,1,1.0005741119384766,5710266,5706989.549167062,5.442609357039511,3679,3676.889054097589,3675,3672.891349227681,0.0,0.0,6886358.459395831,0.0,streaming,178/B5612000,178/B5612000,178/B5611B38,8024,8024,1359912,9248,0.039039,0.212238,0.039039,-515456.07051615644,True,43910072,reserved,10.1,37.6,0.0,14798543.979229454,0.0,25.98508165439992,6771281.526436887,198114.2602380149,1003.39,1
2026-09-13T21:46:14.236558+00:00,1789335974.2355607,F_lat_eastus_rep3,r3-pub,F01,load,16,1,1000,6,23.2,2276720351,22042551,799707192578,60320,1789156079.537691,5945356.717,192964.18600000002,84250924,80667596,426796831,7849,21360,16055179,4807733365,11084509.907,783470.671,178/B5C40710,178/B5C589C8,1,1.0008549690246582,6157862,6152601.716111666,5.867578235732713,3959,3955.6180690775604,3956,3952.6206317935917,0.0,0.0,6468125.952662885,0.0,streaming,178/B5C39878,178/B5B35FE8,178/B5B349D0,28312,1091368,1660376,1097024,0.039721,0.039721,0.039721,1086846.7796688336,True,50383728,reserved,5.8,37.6,0.0,14872148.773468576,0.0,18.983769465136056,6530307.789118819,157438.39504894125,1003.39,1
2026-09-13T21:46:15.236301+00:00,1789335975.236302,F_lat_eastus_rep3,r3-pub,F01,load,16,1,1000,6,23.2,2276744807,22042551,799713444726,60320,1789156079.537691,5945391.564,192964.18600000002,84254962,80667596,426800867,7849,21360,16055179,4807778224,11084509.907,783480.308,178/B620C000,178/B6255480,1,1.0007412433624268,6252148,6247517.069440629,5.9580965704351705,4038,4035.0090763048574,4036,4033.0105576935125,0.0,0.0,6072155.055369581,0.0,streaming,178/B6209EC8,178/B6209EC8,178/B6208D98,8504,8504,519904,12904,0.040243,0.040243,0.040243,-1083316.9984654833,True,56460384,reserved,2.7,37.7,0.0,6102612.479006474,0.0,12.990370973740253,6130510.79956154,218197.2627273037,1003.38,1
2026-09-13T21:46:16.236651+00:00,1789335976.236651,F_lat_eastus_rep3,r3-pub,F01,load,16,1,1000,6,23.2,2276769491,22042551,799719758610,60320,1789156079.537691,5945426.704,192964.18600000002,84259034,80667596,426804936,7849,21360,16055179,4807823593,11084509.907,783490.708,178/B6856000,178/B686F670,1,1.0003490447998047,6313884,6311680.940589661,6.019288006391202,4072,4070.579185503107,4069,4067.580232272137,0.0,0.0,6592259.006274894,0.0,streaming,178/B6853C48,178/B6743B88,178/B6743B88,9144,1123448,1977768,1123448,0.040160,0.040160,0.040160,1110156.5056447354,True,63054944,reserved,3.9,37.6,0.0,14986129.16954417,0.0,19.99302153979915,6659525.527245549,167290.6080831924,1003.38,1
2026-09-13T21:46:17.237181+00:00,1789335977.237164,F_lat_eastus_rep3,r3-pub,F01,load,16,1,1000,6,23.2,2276794417,22042552,799726142466,60320,1789156079.537691,5945454.277,192964.18600000002,84263154,80667596,426809052,7849,21360,16055179,4807869312,11084509.907,783499.86,178/B6D92000,178/B6E8A388,1,1.0005130767822266,6383856,6380582.271379469,6.084997435931653,4120,4117.887207681911,4116,4113.889258936589,0.0,0.0,5485825.35038137,0.0,streaming,178/B6D8FD18,178/B6D8FD18,178/B6D8FD18,8936,8936,1285688,8936,0.040662,0.212704,0.040662,-1113940.463011646,True,68543584,reserved,4.7,37.7,0.0,8531686.589697592,0.0,102.94718019204777,5550505.164670379,196097.38698368336,1003.37,1
2026-09-13T21:46:18.237658+00:00,1789335978.2376583,F_lat_eastus_rep3,r3-pub,F01,load,16,1,1000,6,23.2,2276819522,22042552,799732560096,60320,1789156079.537691,5945499.308,192964.18600000002,84267297,80667596,426813192,7849,21360,16055179,4807915480,11084509.907,783510.427,178/B7424000,178/B74BA060,1,1.0004942417144775,6417630,6414459.706437243,6.117305475651973,4143,4140.953368107775,4140,4137.954850100456,0.0,0.0,6886068.617640408,0.0,streaming,178/B7421FD0,178/B7421FD0,178/B7421A38,8240,8240,1037016,9672,0.039872,0.039872,0.039872,735.6364177956366,True,75433056,reserved,3.1,37.7,0.0,10202189.652294824,0.0,48.97579411954646,6966750.7411693465,208957.72437605105,1003.37,1
2026-09-13T21:46:19.238299+00:00,1789335979.238299,F_lat_eastus_rep3,r3-pub,F01,load,16,1,1000,6,23.2,2276844853,22042552,799739019862,60320,1789156079.537691,5945542.331,192964.18600000002,84271477,80667596,426817372,7849,21360,16055179,4807962053,11084509.907,783519.746,178/B7A56000,178/B7AEB2E8,1,1.000640630722046,6459766,6455630.324883709,6.1565688370549285,4180,4177.323877987825,4180,4177.323877987825,0.0,0.0,6492096.963234851,0.0,streaming,178/B7A51FF0,178/B7A51FF0,178/B7A51F60,16400,16400,1292608,16544,0.040955,0.209835,0.040955,6867.600404194338,True,81929312,reserved,3.7,37.7,0.0,6557591.005739111,0.0,20.98655536788142,6563111.469160644,185425.21091324714,1003.36,1
2026-09-13T21:46:20.238965+00:00,1789335980.2389653,F_lat_eastus_rep3,r3-pub,F01,load,16,1,1000,6,23.2,2276870238,22042552,799745492518,60320,1789156079.537691,5945585.4059999995,192964.18600000002,84275665,80667596,426821555,7849,21360,16055179,4808008398,11084509.907,783528.789,178/B8107BE0,178/B8121298,1,1.0006663799285889,6472656,6468345.624304787,6.168695091538226,4188,4185.211059353139,4183,4180.214389033949,0.0,0.0,7014813.469101396,0.0,streaming,178/B8105D88,178/B7FFFFA0,178/B7FFFA98,7768,1080384,1102096,1081672,0.035614,0.035614,0.035614,1064418.6927475382,True,88948800,reserved,5.0,37.7,0.0,16156145.868669765,0.0,37.974694425840326,7110121.957437744,168688.5893099019,1003.35,1
2026-09-13T21:46:21.239305+00:00,1789335981.2393057,F_lat_eastus_rep3,r3-pub,F01,load,16,1,1000,6,23.2,2276895734,22042552,799752005469,60320,1789156079.537691,5945617.28,192964.18600000002,84279867,80667596,426825754,7849,21360,16055179,4808055080,11084509.907,783538.133,178/B875C000,178/B875C480,1,1.000340461730957,6512951,6510734.344115401,6.209120124926949,4202,4200.569866712173,4199,4197.570887749742,0.0,0.0,6634317.268858926,0.0,streaming,178/B86EDF08,178/B8648000,178/B8647F80,450808,1130496,1560416,1130624,0.039646,0.039646,0.039646,48935.33938964643,True,1734768,reserved,7.1,37.7,0.0,15084528.295385882,0.0,27.990470316025906,6463187.53198536,184944.03363417872,1003.35,1
2026-09-13T21:46:22.239832+00:00,1789335982.2397847,F_lat_eastus_rep3,r3-pub,F01,load,16,1,1000,6,23.2,2276921187,22042552,799758502341,60320,1789156079.537691,5945657.147,192964.18600000002,84284058,80667596,426829942,7849,21360,16055179,4808101937,11084509.907,783546.86,178/B8D96000,178/B8D960E0,1,1.000478982925415,6496872,6493761.599072329,6.19293365390046,4191,4188.993543617933,4188,4185.994979878765,0.0,0.0,6525898.206186241,0.0,streaming,178/B8CCC2D8,178/B8C7FFF8,178/B8C7FF78,826664,1138696,1905040,1138824,0.040112,0.040112,0.040112,8196.074220392997,True,8263792,reserved,5.6,37.6,0.0,14910490.129818248,0.0,19.9904249277878,6187195.4390285,199658.3670512662,1003.34,1
2026-09-13T21:46:23.240037+00:00,1789335983.2400231,F_lat_eastus_rep3,r3-pub,F01,load,16,1,1000,6,23.2,2276946629,22042553,799765018316,60320,1789156079.537691,5945689.162,192964.18600000002,84288264,80667596,426834144,7849,21360,16055179,4808148769,11084509.907,783555.756,178/B933A000,178/B93D07C0,1,1.0002384185791016,6515975,6514421.840801048,6.212636795807884,4206,4204.9974504827305,4202,4200.998403929727,0.0,0.0,5913214.17987731,0.0,streaming,178/B9337FF0,178/B9337FF0,178/B93375E0,8208,8208,958232,10784,0.040502,0.040502,0.040502,-1127771.1184123964,True,14178416,reserved,5.8,37.7,0.0,5945974.369239512,0.0,14.99642457376152,6604371.395156108,203165.56155549156,1003.34,1
2026-09-13T21:46:24.240855+00:00,1789335984.2408555,F_lat_eastus_rep3,r3-pub,F01,load,16,1,1000,6,23.2,2276970471,22042553,799771112736,60320,1789156079.537691,5945729.508,192964.18600000002,84292198,80667596,426838075,7849,21360,16055179,4808192448,11084509.907,783564.288,178/B9996000,178/B99F9998,1,1.0008323192596436,6094420,6089351.715288621,5.807258334435102,3934,3930.728379065676,3931,3927.730873946917,0.0,0.0,6662742.471119243,0.0,streaming,178/B998FFC8,178/B998FFC8,178/B998FA30,24632,24632,1114608,26064,0.040433,0.040433,0.040433,15267.29273821137,True,20846704,reserved,5.6,37.7,0.0,15052559.464850474,0.0,18.984199085472255,6717585.823940426,190896.1134881527,1003.33,1
2026-09-13T21:46:25.241502+00:00,1789335985.2415028,F_lat_eastus_rep3,r3-pub,F01,load,16,1,1000,6,23.2,2276995669,22042553,799777560019,60320,1789156079.537691,5945761.525,192964.18600000002,84296362,80667596,426842237,7849,21360,16055179,4808238590,11084509.907,783573.076,178/B9FEE000,178/BA020CC0,1,1.0006473064422607,6447283,6443112.331879365,6.144630748633733,4164,4161.30635958522,4162,4159.307653360635,0.0,0.0,6647600.965069732,0.0,streaming,178/B9FEBFD8,178/B9EDDFF8,178/B9EDDB28,8232,1114120,1573840,1115352,0.040520,0.040520,0.040520,1088583.3529826766,True,27498608,reserved,4.5,37.7,0.0,15129022.886020768,0.0,28.981240256477275,6746875.703891738,192103.65006972806,1003.33,1
2026-09-13T21:46:26.242237+00:00,1789335986.2421758,F_lat_eastus_rep3,r3-pub,F01,load,16,1,1000,6,23.2,2277020760,22042553,799783966532,60320,1789156079.537691,5945804.481,192964.18600000002,84300503,80667596,426846375,7849,21360,16055179,4808284662,11084509.907,783582.189,178/BA636000,178/BA636D30,1,1.0006730556488037,6406513,6402203.960459619,6.105617485484713,4141,4138.214751185752,4138,4135.2167689946,0.0,0.0,6581937.989456121,0.0,streaming,178/BA5AF5A0,178/BA531F10,178/BA531E80,551520,1065200,1991872,1065344,0.039059,0.039059,0.039059,-49974.36447169695,True,34084976,reserved,2.7,37.6,0.0,15071328.157448655,0.0,22.984530132159453,6344828.577285367,157041.30246428092,1003.32,1
2026-09-13T21:46:27.242349+00:00,1789335987.2423117,F_lat_eastus_rep3,r3-pub,F01,load,16,1,1000,6,23.2,2277045669,22042553,799790336373,60320,1789156079.537691,5945837.243,192964.18600000002,84304613,80667596,426850482,7849,21360,16055179,4808329899,11084509.907,783590.957,178/BAB6F578,178/BAC49B28,1,1.000135898590088,6369841,6368975.465213973,6.073928322996114,4110,4109.441532689659,4107,4106.441940330032,0.0,0.0,5477007.682378064,0.0,streaming,178/BAB6DCC8,178/BAB6DCC8,178/BAB6DC80,6320,6320,1112688,6392,0.043597,0.043597,0.043597,-1058808.1094707493,True,39562728,reserved,9.7,37.7,0.0,5479703.31604525,0.0,9.998641198758294,5843222.9142443845,190885.05898961448,1003.32,1
2026-09-13T21:46:28.242523+00:00,1789335988.242523,F_lat_eastus_rep3,r3-pub,F01,load,16,1,1000,6,23.2,2277068910,22042553,799796265072,60320,1789156079.537691,5945876.8889999995,192964.18600000002,84308445,80667596,426854311,7849,21360,16055179,4808372352,11084509.907,783598.977,178/BB21A000,178/BB24BD70,1,1.000211238861084,5928699,5927446.8928692145,5.652853863591399,3832,3831.1907036391676,3829,3828.1913372219137,0.0,0.0,6988995.652518241,0.0,streaming,178/BB217D30,178/BB10FC30,178/BB10F550,8912,1090512,2295240,1092272,0.043597,0.209822,0.043597,1085650.6683892743,True,46553200,reserved,4.5,37.7,0.0,15541037.129016802,0.0,28.99387536678911,7058536.962691082,211482.3267141655,1003.31,1
2026-09-13T21:46:29.243028+00:00,1789335989.2430284,F_lat_eastus_rep3,r3-pub,F01,load,16,1,1000,6,23.2,2277093571,22042554,799802563844,60320,1789156079.537691,5945910.547,192964.18600000002,84312505,80667596,426858368,7849,21360,16055179,4808417726,11084509.907,783607.478,178/BB84CDC0,178/BB84CDC0,1,1.0005054473876953,6298772,6295589.910525723,6.003942404294704,4060,4057.9489203188236,4057,4054.950435894943,0.0,0.0,6496492.364904976,0.0,streaming,178/BB7D8D30,178/BB743BF0,178/BB743620,475280,1085904,2049384,1087392,0.040165,0.040165,0.040165,-4877.534662846271,True,53052976,reserved,3.3,37.7,0.0,14991974.345730556,0.0,28.985349430848743,6447675.03949458,154410.953386979,1003.31,1
2026-09-13T21:46:30.243152+00:00,1789335990.2431524,F_lat_eastus_rep3,r3-pub,F01,load,16,1,1000,6,23.2,2277118070,22042554,799808815555,60320,1789156079.537691,5945941.479,192964.18600000002,84316547,80667596,426862407,7849,21360,16055179,4808462477,11084509.907,783615.927,178/BBD6A000,178/BBE40D58,1,1.0001239776611328,6251711,6250936.023571907,5.961357139179141,4042,4041.4989444134007,4039,4038.4993163002787,0.0,0.0,5361575.284436248,0.0,streaming,178/BBD67B60,178/BBD67B60,178/BBD67B60,9376,9376,1237848,9376,0.040219,0.040219,0.040219,-1077882.3666652045,True,58415216,reserved,2.7,37.7,0.0,5365094.848088978,0.0,10.998636414781645,5548748.079190927,190488.38369571645,1003.3,1
2026-09-13T21:46:31.243733+00:00,1789335991.2437332,F_lat_eastus_rep3,r3-pub,F01,load,16,1,1000,6,23.2,2277142488,22042554,799815060982,60320,1789156079.537691,5945991.523,192964.18600000002,84320583,80667596,426866440,7849,21360,16055179,4808507042,11084509.907,783624.428,178/BC41C000,178/BC435210,4,1.0005807876586914,6245427,6241801.838524188,5.952646101497829,4036,4033.6573016198286,4033,4030.6590429714493,0.0,0.0,7016468.921442835,0.0,streaming,178/BC419EB8,178/BC313FA0,178/BC313988,8520,1081440,2081472,1083000,0.039926,0.209966,0.039926,1073000.8143692485,True,65435760,reserved,5.8,37.7,0.0,15412488.616821628,0.0,21.987230088116014,7106965.362226872,183553.39445379033,1003.3,1
2026-09-13T21:46:32.244855+00:00,1789335992.244855,F_lat_eastus_rep3,r3-pub,F01,load,16,1,1000,6,23.2,2277166764,22042554,799821254765,60320,1789156079.537691,5946030.562,192964.18600000002,84324594,80667596,426870448,7849,21360,16055179,4808551570,11084509.907,783633.237,178/BC968000,178/BCA2AA10,4,1.0011217594146729,6193783,6186842.85078503,5.9002331264353085,4011,4006.50566455085,4008,4003.5090260582915,0.0,0.0,5547952.5320150545,0.0,streaming,178/BC963C18,178/BC963C18,178/BC963C18,17384,17384,843632,17384,0.042477,0.042477,0.042477,-1064421.9746287756,True,70989936,reserved,13.3,37.7,0.0,13935343.896787075,0.0,15.98207196031254,5603160.6018429585,180652.35152389528,1003.29,1
2026-09-13T21:46:33.245617+00:00,1789335993.245617,F_lat_eastus_rep3,r3-pub,F01,load,16,1,1000,6,23.2,2277191203,22042554,799827508230,60320,1789156079.537691,5946065.386,192964.18600000002,84328628,80667596,426874479,7849,21360,16055179,4808596338,11084509.907,783642.295,178/BCF8A000,178/BD0300C8,2,1.0007619857788086,6253465,6248703.5767385345,5.959228111971411,4034,4030.9284898153664,4031,4027.930774032162,0.0,0.0,6425823.61378916,0.0,streaming,178/BCF87F38,178/BCF87F38,178/BCF87F38,8392,8392,1095584,8392,0.039500,0.039500,0.039500,-8985.153440857654,True,77420656,reserved,5.6,37.6,0.0,14861251.937368434,0.0,23.981726265634308,6510630.991773198,189809.3679609291,1003.28,1
2026-09-13T21:46:34.246130+00:00,1789335994.2461302,F_lat_eastus_rep3,r3-pub,F01,load,16,1,1000,6,23.2,2277215602,22042554,799833740256,60320,1789156079.537691,5946098.4229999995,192964.18600000002,84332655,80667596,426878503,7849,21360,16055179,4808640994,11084509.907,783652.542,178/BD522000,178/BD622120,1,1.0005133152008057,6232026,6228828.6475719875,5.940273902484882,4027,4024.933940226243,4024,4021.935479381774,0.0,0.0,5862462.708777429,0.0,streaming,178/BD51DC30,178/BD51DC30,178/BD51CAB8,17360,17360,371568,21832,0.040242,0.045541,0.040242,13433.10458322342,True,83286128,reserved,2.3,37.6,0.0,5960716.273729005,0.0,16.991278118660574,5905622.554172723,167311.11666055437,1003.28,1
2026-09-13T21:46:35.249285+00:00,1789335995.2492852,F_lat_eastus_rep3,r3-pub,F01,load,16,1,1000,6,23.2,2277240041,22042555,799839986500,60320,1789156079.537691,5946141.184,192964.18600000002,84336692,80667596,426882535,7849,21360,16055179,4808685626,11084509.907,783660.927,178/BDB4B230,178/BDC206A0,1,1.003154993057251,6246244,6226599.122996661,5.938147662159596,4037,4024.3033508677404,4032,4019.3190762196505,0.0,0.0,6439634.996295458,0.0,streaming,178/BDB49E20,178/BDB49E20,178/BDB492B0,5136,5136,657656,8064,0.039721,0.039721,0.039721,-13724.698670980195,True,89746080,reserved,7.7,37.6,0.0,14813551.348342748,0.0,19.937098592359376,6516635.061623938,189506.10954009436,1003.27,1
2026-09-13T21:46:36.249779+00:00,1789335996.2497795,F_lat_eastus_rep3,r3-pub,F01,load,16,1,1000,6,23.2,2277264485,22042555,799846230961,60320,1789156079.537691,5946183.712,192964.18600000002,84340721,80667596,426886563,7849,21360,16055179,4808730543,11084509.907,783669.49,178/BE20A000,178/BE222FE0,1,1.0004942417144775,6244461,6241376.251500759,5.95224023008419,4029,4027.0096838296463,4028,4026.0101778272065,0.0,0.0,7069737.840648731,0.0,streaming,178/BE203EF8,178/BE0FFFF0,178/BE0FF010,24840,1089552,1553472,1093616,0.040560,0.040560,0.040560,1085015.7399604467,True,96819312,reserved,3.3,37.6,2046.988292996554,15600097.780926738,3.9980240097588946,30.98468607563143,7122696.666188,171416.27892441503,1003.27,1
2026-09-13T21:46:37.250701+00:00,1789335997.250702,F_lat_eastus_rep3,r3-pub,F01,load,16,1,1000,6,23.2,2277289126,22042555,799852518267,60320,1789156079.537691,5946224.655,192964.18600000002,84344774,80667596,426890613,7849,21360,16055179,4808775485,11084509.907,783677.953,178/BE732000,178/BE823678,1,1.000922441482544,6287306,6281511.673059686,5.990516350803076,4053,4049.26479018373,4050,4046.2675549578353,0.0,0.0,5401737.213516451,0.0,streaming,178/BE71E380,178/BE719FF8,178/BE7195E0,1055872,1073160,1757912,1075744,0.039944,0.039944,0.039944,-17855.529319063317,True,7661688,reserved,3.5,37.6,0.0,6412516.828469908,0.0,15.985254538105028,5619540.302911767,197804.5368897375,1003.26,1
2026-09-13T21:46:38.251674+00:00,1789335998.2516747,F_lat_eastus_rep3,r3-pub,F01,load,16,1,1000,6,23.2,2277313696,22042555,799858789768,60320,1789156079.537691,5946259.07,192964.18600000002,84348826,80667596,426894662,7849,21360,16055179,4808820314,11084509.907,783686.969,178/BED50000,178/BEE29308,1,1.0009727478027344,6271501,6265406.33974977,5.975157108068247,4052,4048.0622563348184,4049,4045.06517174227,0.0,0.0,6408102.532341967,0.0,streaming,178/BED4BF28,178/BED4BF28,178/BED4B900,16600,16600,1021872,18176,0.040387,0.040387,0.040387,-1056540.2527905975,True,13101176,reserved,2.5,37.6,0.0,13941510.426365955,0.0,24.975704937899916,6336191.483656568,182237.72864988053,1003.26,1
2026-09-13T21:46:39.252104+00:00,1789335999.2520823,F_lat_eastus_rep3,r3-pub,F01,load,16,1,1000,6,23.2,2277338330,22042555,799865087284,60320,1789156079.537691,5946296.552,192964.18600000002,84352900,80667596,426898733,7849,21360,16055179,4808865537,11084509.907,783696.421,178/BF42C000,178/BF42E588,1,1.0004076957702637,6297516,6294949.575683971,6.0033317334022245,4074,4072.339724319318,4071,4069.340946908185,0.0,0.0,7189644.812220359,0.0,streaming,178/BF33A6E8,178/BF323FE0,178/BF323A48,997656,1089568,2046152,1091000,0.039879,0.039879,0.039879,1072386.7924406354,True,20301944,reserved,5.4,37.6,0.0,15599400.190523673,0.0,24.98981175944599,6523891.237136959,176541.02497084136,1003.25,1
2026-09-13T21:46:40.252893+00:00,1789336000.2528934,F_lat_eastus_rep3,r3-pub,F01,load,16,1,1000,6,23.2,2277362983,22042555,799871386515,60320,1789156079.537691,5946328.515,192964.18600000002,84356971,80667596,426902801,7849,21360,16055179,4808910774,11084509.907,783704.959,178/BF962000,178/BFA3B460,1,1.0008111000061035,6299231,6294125.834497223,6.002546152589057,4071,4067.7006879471787,4068,4064.703119275147,0.0,0.0,5459635.689458957,0.0,streaming,178/BF95DCA8,178/BF95DCA8,178/BF95DCA8,17240,17240,1322672,17240,0.039846,0.211398,0.039846,-1072889.7790936287,True,25757816,reserved,4.1,37.6,0.0,13841445.203710789,0.0,16.986222474846976,6269881.4990778295,183043.533388951,1003.25,1
2026-09-13T21:46:41.253290+00:00,1789336001.25329,F_lat_eastus_rep3,r3-pub,F01,load,16,1,1000,6,23.2,2277387701,22042556,799877713586,60320,1789156079.537691,5946362.008,192964.18600000002,84361054,80667596,426906881,7849,21360,16055179,4808955664,11084509.907,783713.146,178/BFF9C000,178/C0044F40,1,1.000396490097046,6327071,6324563.373254365,6.031573651556363,4083,4081.381772544922,4080,4078.382961543787,0.0,0.0,6526436.332625113,0.0,streaming,178/BFF99FA0,178/BFF99FA0,178/BFF99FA0,8288,8288,644240,8288,0.039016,0.039016,0.039016,-8948.452027387251,True,32286840,reserved,10.0,37.6,0.0,6534625.085865547,0.0,11.99524400454055,6609779.287968662,192119.82639138962,1003.24,1
2026-09-13T21:46:42.254095+00:00,1789336002.254095,F_lat_eastus_rep3,r3-pub,F01,load,16,1,1000,6,23.2,2277412403,22042556,799884030451,60320,1789156079.537691,5946399.003,192964.18600000002,84365131,80667596,426910955,7849,21360,16055179,4809000809,11084509.907,783721.709,178/C063A000,178/C0652628,1,1.000805139541626,6316865,6311783.133820793,6.019385465451043,4077,4073.72008687654,4074,4070.72250035198,0.0,0.0,6933041.933795351,0.0,streaming,178/C0637E48,178/C052C000,178/C052B3C0,8632,1105920,2439720,1109056,0.040532,0.040532,0.040532,1099882.4411554856,True,39225464,reserved,4.1,37.6,0.0,9429591.862729922,0.0,58.952534983006096,7003922.8647550875,169135.82206175267,1003.24,1
2026-09-13T21:46:43.254944+00:00,1789336003.254945,F_lat_eastus_rep3,r3-pub,F01,load,16,1,1000,6,23.2,2277437198,22042556,799890360179,60320,1789156079.537691,5946437.942,192964.18600000002,84369219,80667596,426915040,7849,21360,16055179,4809046361,11084509.907,783730.012,178/C0B6BFC8,178/C0C5CFF0,1,1.000849962234497,6329728,6324352.539184048,6.031372584518478,4088,4084.52830519485,4085,4081.5308529160866,0.0,0.0,5442997.657548628,0.0,streaming,178/C0B69FF8,178/C0B69FF8,178/C0B69940,8144,8144,673920,9864,0.040417,0.040417,0.040417,-1098258.5217328125,True,44673088,reserved,5.2,37.6,0.0,8991269.760263601,0.0,46.960085700625726,5501924.571896836,178789.0360713972,1003.23,1
2026-09-13T21:46:44.255502+00:00,1789336004.255502,F_lat_eastus_rep3,r3-pub,F01,load,16,1,1000,6,23.2,2277461958,22042556,799896676143,60320,1789156079.537691,5946475.539,192964.18600000002,84373302,80667596,426919120,7849,21360,16055179,4809091599,11084509.907,783738.571,178/C121C000,178/C1265998,1,1.0005569458007812,6315964,6312448.308421976,6.020019825384117,4083,4080.7272560905867,4080,4077.728925997941,0.0,0.0,7008504.642769454,0.0,streaming,178/C1219FF0,178/C1219FF0,178/C1219A68,8208,8208,488840,9624,0.040050,0.040050,0.040050,-239.8664074116436,True,51685496,reserved,3.7,37.6,0.0,15466074.234900301,0.0,28.983857562240267,7093881.092714171,202823.0385603721,1003.23,1
2026-09-13T21:46:45.255985+00:00,1789336005.2559848,F_lat_eastus_rep3,r3-pub,F01,load,16,1,1000,6,23.2,2277486686,22042556,799902979948,60320,1789156079.537691,5946508.942,192964.18600000002,84377373,80667596,426923188,7849,21360,16055179,4809136719,11084509.907,783747.848,178/C1856000,178/C186EA38,1,1.0004827976226807,6303805,6300763.00659934,6.008875853156414,4071,4069.0354793439697,4068,4066.036927037894,0.0,0.0,6525873.323873319,0.0,streaming,178/C1853F98,178/C174A000,178/C1749AB8,8296,1097728,1868888,1099080,0.040050,0.040050,0.040050,1088930.2670558004,True,58214520,reserved,7.1,37.6,0.0,6534061.3707037745,0.0,11.994209224300572,6597261.857658921,157317.04770336166,1003.22,1
2026-09-13T21:46:46.256745+00:00,1789336006.2567115,F_lat_eastus_rep3,r3-pub,F01,load,16,1,1000,6,23.2,2277509845,22042557,799908908468,60320,1789156079.537691,5946536.975,192964.18600000002,84381197,80667596,426927009,7849,21360,16055179,4809178818,11084509.907,783756.205,178/C1D84000,178/C1E757C8,1,1.0007266998291016,5928520,5924214.874063457,5.649771570266206,3824,3821.223117813326,3821,3818.225296329686,0.0,0.0,5427351.9442696255,0.0,streaming,178/C1D81BA8,178/C1D81BA8,178/C1D81BA8,9304,9304,1123096,9304,0.039151,0.039151,0.039151,-1088984.6350518137,True,63645816,reserved,6.1,37.6,0.0,13818054.422212861,0.0,17.98692890184097,5484272.580053329,189120.56611692323,1003.21,1
2026-09-13T21:46:47.257746+00:00,1789336007.2577467,F_lat_eastus_rep3,r3-pub,F01,load,16,1,1000,6,23.2,2277534511,22042557,799915204378,60320,1789156079.537691,5946581.181,192964.18600000002,84385273,80667596,426931082,7849,21360,16055179,4809224013,11084509.907,783764.837,178/C2433E50,178/C247C640,1,1.001035213470459,6295910,6289399.129300255,5.998038415241485,4076,4071.784833491559,4073,4068.7879359202943,0.0,0.0,7004668.672633987,0.0,streaming,178/C2431E08,178/C2431E08,178/C2430DE0,8264,8264,1322160,12400,0.040103,0.194237,0.040103,3092.7982935451096,True,70657736,reserved,5.8,37.6,0.0,15413675.555435728,0.0,24.97414642720534,7084146.396223926,201805.08865381838,1003.21,1
2026-09-13T21:46:48.258208+00:00,1789336008.2582083,F_lat_eastus_rep3,r3-pub,F01,load,16,1,1000,6,23.2,2277559131,22042557,799921498059,60320,1789156079.537691,5946613.391,192964.18600000002,84389339,80667596,426935145,7849,21360,16055179,4809269370,11084509.907,783774.525,178/C2A67DE0,178/C2A7EF10,1,1.0004615783691406,6293681,6290777.3132671155,5.999352753893962,4066,4064.124088231369,4063,4061.1254723276074,0.0,0.0,6501335.124336072,0.0,streaming,178/C2A65EF8,178/C295BDF0,178/C295AC78,7912,1097712,1641560,1102184,0.039520,0.211074,0.039520,1089281.2113549272,True,77162072,reserved,4.8,37.6,0.0,6517823.513652222,0.0,11.99446361504585,6581732.0148704555,157415.34048386174,1003.2,1
2026-09-13T21:46:49.259254+00:00,1789336009.2592542,F_lat_eastus_rep3,r3-pub,F01,load,16,1,1000,6,23.2,2277583725,22042557,799927780160,60320,1789156079.537691,5946712.991,192964.18600000002,84393401,80667596,426939204,7849,21360,16055179,4809314713,11084509.907,783783.526,178/C3000000,178/C3082910,1,1.0010459423065186,6282101,6275537.150198478,5.98481860179756,4062,4057.7558215167537,4059,4054.7589560651163,0.0,0.0,5859886.896383659,0.0,streaming,178/C2FFFB80,178/C2FFFB80,178/C2FFFB80,1152,1152,1976400,1152,0.040208,0.040208,0.040208,-1099881.5873156658,True,83028088,reserved,16.8,37.6,0.0,14443772.647122638,0.0,29.96865451637189,5938467.705391037,197240.69760980268,1003.2,1
2026-09-13T21:46:50.259575+00:00,1789336010.2595756,F_lat_eastus_rep3,r3-pub,F01,load,16,1,1000,6,23.2,2277608320,22042557,799934066485,60320,1789156079.537691,5946746.688,192964.18600000002,84397462,80667596,426943262,7849,21360,16055179,4809359399,11084509.907,783793.988,178/C363C000,178/C36869A0,1,1.000321388244629,6286325,6284305.2981515145,5.993180559302821,4061,4059.6952616661247,4058,4056.696225521087,0.0,0.0,6535115.690639739,0.0,streaming,178/C3639D40,178/C3639D40,178/C3639230,8896,8896,362296,11728,0.040084,0.210473,0.040084,10572.602089973143,True,89565304,reserved,3.3,37.6,0.0,14945596.660924213,0.0,19.993574300251783,6601359.400690048,189428.12002902053,1003.19,1
2026-09-13T21:46:51.259762+00:00,1789336011.2597558,F_lat_eastus_rep3,r3-pub,F01,load,16,1,1000,6,23.2,2277632958,22042557,799940353771,60320,1789156079.537691,5946782.55,192964.18600000002,84401527,80667596,426947324,7849,21360,16055179,4809404862,11084509.907,783804.515,178/C3C6E000,178/C3C89EB0,5,1.0001802444458008,6287286,6286152.955844255,5.994942622989898,4065,4064.267438367985,4062,4061.267979003876,0.0,0.0,6495085.296950222,0.0,streaming,178/C3C6BFD8,178/C3B63C98,178/C3B63C98,8232,1090408,1712016,1090408,0.040114,0.040114,0.040114,1078485.608959109,True,96061560,reserved,6.4,37.6,0.0,14919038.926096885,0.0,24.99549470091012,6574321.015152108,174127.6144646322,1003.19,1
2026-09-13T21:46:52.260829+00:00,1789336012.2608294,F_lat_eastus_rep3,r3-pub,F01,load,16,1,1000,6,23.2,2277657618,22042557,799946647439,60320,1789156079.537691,5946816.272,192964.18600000002,84405592,80667596,426951386,7849,21360,16055179,4809450158,11084509.907,783815.298,178/C4214000,178/C4292500,3,1.0010735988616943,6293668,6286918.371592693,5.995672580330556,4065,4060.6405009803975,4062,4057.6437183228472,0.0,0.0,5916464.090886769,0.0,streaming,178/C4211FE8,178/C4211FE8,178/C4211558,8216,8216,1372016,10920,0.039835,0.039835,0.039835,-1078330.3058111507,True,6303600,reserved,8.3,37.6,0.0,5957380.163437853,0.0,18.979623497817357,5972511.918003376,208089.59524741195,1003.18,1
2026-09-13T21:46:53.261230+00:00,1789336013.261206,F_lat_eastus_rep3,r3-pub,F01,load,16,1,1000,6,23.2,2277682299,22042558,799952951634,60320,1789156079.537691,5946848.556,192964.18600000002,84409656,80667596,426955447,7849,21360,16055179,4809494951,11084509.907,783824.083,178/C4846000,178/C489A888,4,1.0003764629364014,6304195,6301822.597360318,6.00988635765106,4064,4062.4706303774437,4061,4059.47175934124,0.0,0.0,6493811.320721765,0.0,streaming,178/C4841C30,178/C4841C30,178/C4841C30,17360,17360,655232,17360,0.039788,0.039788,0.039788,6437.576491050871,True,12799856,reserved,7.2,37.6,0.0,14887451.426320516,0.0,18.992849895957537,6555432.122773681,182289.37480668552,1003.18,1
2026-09-13T21:46:54.262359+00:00,1789336014.2623599,F_lat_eastus_rep3,r3-pub,F01,load,16,1,1000,6,23.2,2277706850,22042558,799959219567,60320,1789156079.537691,5946880.778,192964.18600000002,84413709,80667596,426959497,7849,21360,16055179,4809539671,11084509.907,783833.317,178/C4E79B50,178/C4E9A138,4,1.0011539459228516,6267933,6260708.480974218,5.970676880811899,4053,4048.3284478931896,4050,4045.331905740789,0.0,0.0,6495752.253171599,0.0,streaming,178/C4E77D00,178/C4D6DFE8,178/C4D6DA58,7760,1096552,2015704,1097976,0.039421,0.039421,0.039421,1079370.4648528367,True,19303104,reserved,6.7,37.6,32730.23108328745,14933167.931749899,0.9988473841335281,21.97464245093762,6578578.675958719,173245.0845410398,1003.17,1
2026-09-13T21:46:55.265156+00:00,1789336015.265156,F_lat_eastus_rep3,r3-pub,F01,load,16,1,1000,6,23.2,2277731406,22042558,799965498704,60320,1789156079.537691,5946911.26,192964.18600000002,84417766,80667596,426963551,7849,21360,16055179,4809584798,11084509.907,783842.533,178/C5419CB8,178/C54AA6F8,1,1.0027961730957031,6279137,6261628.403123895,5.971554186939139,4057,4045.6875572986605,4054,4042.6959224275993,0.0,0.0,5882152.483480868,0.0,streaming,178/C5417E00,178/C5417E00,178/C5417E00,7864,7864,705464,7864,0.040023,0.040023,0.040023,-1087072.3575208178,True,25201704,reserved,4.3,37.6,0.0,14361379.098148564,0.0,31.910771957987958,5954438.3596586995,186516.46767119222,1003.17,1
2026-09-13T21:46:56.266506+00:00,1789336016.2665064,F_lat_eastus_rep3,r3-pub,F01,load,16,1,1000,6,23.2,2277755975,22042558,799971778818,60320,1789156079.537691,5946945.732,192964.18600000002,84421826,80667596,426967608,7849,21360,16055179,4809629839,11084509.907,783851.163,178/C5A4A000,178/C5AAA920,1,1.0013504028320312,6280114,6271644.753163833,5.981106522716363,4060,4054.5247582838724,4057,4051.528804028983,0.0,0.0,6480153.182789964,0.0,streaming,178/C5A48000,178/C5A48000,178/C5A48000,8192,8192,1016392,8192,0.040380,0.040380,0.040380,327.55766520125866,True,31690608,reserved,6.7,37.6,0.0,6495676.220435965,0.0,11.983817019558245,6560448.751426677,192413.16471744547,1003.16,1
2026-09-13T21:46:57.267171+00:00,1789336017.2671719,F_lat_eastus_rep3,r3-pub,F01,load,16,1,1000,6,23.2,2277780597,22042558,799978065357,60320,1789156079.537691,5946990.401,192964.18600000002,84425894,80667596,426971673,7849,21360,16055179,4809675111,11084509.907,783860.814,178/C607A000,178/C60AB148,1,1.0006654262542725,6286539,6282358.553679628,5.991323999099377,4068,4065.2948460780613,4065,4062.296841029331,0.0,0.0,6483749.542828076,0.0,streaming,178/C5FFFB40,178/C5F6FFD0,178/C5F6FFD0,500928,1089584,2360824,1089584,0.040011,0.212366,0.040011,1080672.891885459,True,38178672,reserved,3.7,37.6,0.0,14895432.188353134,0.0,19.986700324867556,6070882.275547254,169468.23138956827,1003.16,1
2026-09-13T21:46:58.267707+00:00,1789336018.2677076,F_lat_eastus_rep3,r3-pub,F01,load,16,1,1000,6,23.2,2277805149,22042559,799984336645,60320,1789156079.537691,5947020.314,192964.18600000002,84429948,80667596,426975724,7849,21360,16055179,4809720081,11084509.907,783869.088,178/C6637D48,178/C66AF510,1,1.0005357265472412,6271288,6267930.103447331,5.977563956687289,4054,4051.829327464387,4051,4048.8309337834808,0.0,0.0,6017200.425991725,0.0,streaming,178/C6635B90,178/C6635B90,178/C6635B50,8632,8632,1370816,8696,0.039598,0.211422,0.039598,-1080309.2496557292,True,44199096,reserved,4.8,37.6,0.0,14402012.459591698,0.0,18.98982664573837,6581316.21418827,182949.98883416405,1003.15,1
2026-09-13T21:46:59.267950+00:00,1789336019.2679503,F_lat_eastus_rep3,r3-pub,F01,load,16,1,1000,6,23.2,2277829803,22042559,799990627473,60320,1789156079.537691,5947055.429,192964.18600000002,84434015,80667596,426979788,7849,21360,16055179,4809765318,11084509.907,783877.071,178/C6C6A000,178/C6CB5300,1,1.0002427101135254,6290828,6289301.522913379,5.9979453305372035,4067,4066.013137489804,4064,4063.013865443463,0.0,0.0,6495375.506673385,0.0,streaming,178/C6C63CC0,178/C6C63CC0,178/C6C63CC0,25408,25408,662320,25408,0.040148,0.210722,0.040148,16707.944812817706,True,50696048,reserved,4.6,37.6,0.0,15057337.431922508,0.0,30.99247781219177,6551682.840314045,180122.2825003659,1003.14,1
2026-09-13T21:47:00.269243+00:00,1789336020.2692432,F_lat_eastus_rep3,r3-pub,F01,load,16,1,1000,6,23.2,2277854464,22042559,799996925189,60320,1789156079.537691,5947097.8719999995,192964.18600000002,84438077,80667596,426983847,7849,21360,16055179,4809810524,11084509.907,783885.642,178/C7210000,178/C72B9E08,1,1.0012929439544678,6297716,6289583.920493879,5.998214645856742,4062,4056.754843350532,4059,4053.758717173759,0.0,0.0,5915168.019269824,0.0,streaming,178/C720DD60,178/C720DD60,178/C720DD60,8864,8864,1238160,8864,0.040161,0.040161,0.040161,-16522.637156177057,True,56618864,reserved,6.0,37.6,0.0,5939712.284909948,0.0,13.98192215827362,5995234.497800453,169309.09283198646,1003.14,1
2026-09-13T21:47:01.270519+00:00,1789336021.270519,F_lat_eastus_rep3,r3-pub,F01,load,16,1,1000,6,23.2,2277879185,22042559,800003227701,60320,1789156079.537691,5947129.482,192964.18600000002,84442152,80667596,426987919,7849,21360,16055179,4809855781,11084509.907,783893.574,178/C7846000,178/C78BF8D8,1,1.0012757778167725,6302512,6294481.639955663,6.0028854751164085,4075,4069.8078294526576,4072,4066.811651909502,0.0,0.0,6504341.904885044,0.0,streaming,178/C7843FF8,178/C7843FF8,178/C78434D0,8200,8200,548720,11056,0.040108,0.040108,0.040108,2189.2070581988282,True,63131504,reserved,7.9,37.6,0.0,14882261.540862761,0.0,18.975791106650426,6581471.5046526445,190002.5988991953,1003.13,1
2026-09-13T21:47:02.270962+00:00,1789336022.2709622,F_lat_eastus_rep3,r3-pub,F01,load,16,1,1000,6,23.2,2277903769,22042559,800009510006,60320,1789156079.537691,5947160.592,192964.18600000002,84446213,80667596,426991977,7849,21360,16055179,4809900714,11084509.907,783902.138,178/C7E79640,178/C7EC2428,1,1.0004432201385498,6282305,6279521.789482439,5.988618649942817,4061,4059.2008804233774,4058,4056.2022094947215,0.0,0.0,6499071.480637906,0.0,streaming,178/C7E77D60,178/C7E77D60,178/C7E76600,6368,6368,865696,12352,0.040010,0.040010,0.040010,1295.4258411791916,True,69633456,reserved,5.2,37.6,0.0,14894646.392762149,0.0,18.99158254815173,6578796.145061095,185695.69592792273,1003.13,1
2026-09-13T21:47:03.271408+00:00,1789336023.271408,F_lat_eastus_rep3,r3-pub,F01,load,16,1,1000,6,23.2,2277928403,22042559,800015802075,60320,1789156079.537691,5947204.936,192964.18600000002,84450283,80667596,426996044,7849,21360,16055179,4809946068,11084509.907,783910.591,178/C8664000,178/C86D3910,2,1.00044584274292,6292069,6289264.976851771,5.997910477496882,4070,4068.1862286930905,4067,4065.187565625258,0.0,0.0,8297292.712258358,0.0,streaming,178/C8649E20,178/C8649E20,178/C86416F0,106976,106976,1484352,141584,0.031619,0.031619,0.031619,129174.40852738709,True,77934448,reserved,5.4,37.7,0.0,8323457.047079554,0.0,17.99197840699647,6296403.794061924,190867.90293062205,1003.12,1
2026-09-13T21:47:04.272039+00:00,1789336024.2720394,F_lat_eastus_rep3,r3-pub,F01,load,16,1,1000,6,23.2,2277953005,22042559,800022094342,60320,1789156079.537691,5947237.001,192964.18600000002,84454345,80667596,427000103,7849,21360,16055179,4809991075,11084509.907,783919.663,178/C8C8C000,178/C8D4DCD0,2,1.000631332397461,6292267,6288296.99438259,5.996987337477293,4062,4059.437145814391,4059,4056.439038616596,0.0,0.0,6451223.1338323625,0.0,streaming,178/C8C89DE0,178/C8C89DE0,178/C8C89DE0,8736,8736,775104,8736,0.031619,0.143102,0.031619,-132764.1816708888,True,84389744,reserved,13.0,37.8,0.0,14936873.86761059,0.0,22.985488516428113,5975574.426271256,172924.82695441836,1003.12,1
2026-09-13T21:47:05.273050+00:00,1789336025.273035,F_lat_eastus_rep3,r3-pub,F01,load,16,1,1000,6,23.2,2278018682,22042561,800030943444,60320,1789156079.537691,5947274.934,192964.18600000002,84458426,80667596,427004225,7862,21411,16055179,4810149240,11084509.907,783929.604,178/C9314000,178/C93709F0,1,1.0009956359863281,8849102,8840300.27891237,8.430767325317735,4081,4076.9408509746386,4122,4117.900070501705,12.987069606143175,50.949273070253994,6841700.157115908,0.0,streaming,178/C930FF48,178/C930FF48,178/C930FF00,16568,16568,1147648,16640,0.039344,0.039344,0.039344,7896.138320535051,True,91238256,reserved,13.4,37.6,0.0,15966694.983891314,0.0,101.89854614050799,6772270.283996113,195941.913180008,1003.11,1
2026-09-13T21:47:06.274124+00:00,1789336026.2741246,F_lat_eastus_rep3,r3-pub,F01,load,16,1,1000,6,23.2,2278043022,22042561,800037163800,60320,1789156079.537691,5947302.91,192964.18600000002,84462444,80667596,427008240,7862,21411,16055179,4810194495,11084509.907,783939.777,178/C984E000,178/C991C050,1,1.0010895729064941,6220356,6213585.845210883,5.92573723336304,4018,4013.626860915569,4015,4010.6301260766577,0.0,0.0,5474483.151481087,0.0,streaming,178/C984BB58,178/C984BB58,178/C984BAD8,9384,9384,1483848,9512,0.039524,0.045509,0.039524,-7120.2419772539015,True,96718704,reserved,5.0,37.6,0.0,13853961.099338537,0.0,21.976055485351548,5543273.1997083025,160855.7359482566,1003.11,1
2026-09-13T21:47:07.274420+00:00,1789336027.2744205,F_lat_eastus_rep3,r3-pub,F01,load,16,1,1000,6,23.2,2278066276,22042561,800043098949,60320,1789156079.537691,5947334.866,192964.18600000002,84466280,80667596,427012073,7862,21411,16055179,4810237222,11084509.907,783948.452,178/C9E98000,178/C9EC6038,1,1.000295877456665,5935149,5933393.442638799,5.658524935377883,3836,3834.8653497936502,3833,3831.8662371634673,0.0,0.0,6592609.395499273,0.0,streaming,178/C9E95E20,178/C9D85FD8,178/C9D859C8,8672,1122344,1898240,1123896,0.040236,0.040236,0.040236,1114054.376424517,True,5847024,reserved,6.0,37.6,0.0,6707263.47194274,0.0,22.993196831400926,6682952.664962478,199278.03812091157,1003.1,1
2026-09-13T21:47:08.274969+00:00,1789336028.2749698,F_lat_eastus_rep3,r3-pub,F01,load,16,1,1000,6,23.2,2278089461,22042561,800049007957,60320,1789156079.537691,5947368.75,192964.18600000002,84470103,80667596,427015893,7862,21411,16055179,4810279882,11084509.907,783956.002,178/CA428000,178/CA4541D0,1,1.00054931640625,5909008,5905763.8670164095,5.632175318733606,3823,3820.901116330141,3820,3817.902763374611,0.0,0.0,5829501.759043494,0.0,streaming,178/CA425B58,178/CA319DD8,178/CA319DD8,9384,1106472,2625528,1106472,0.029662,0.101911,0.029662,-17414.433965717075,True,11679728,reserved,2.3,37.6,0.0,14307660.567315318,0.0,24.986274629414993,5886119.657902763,165404.1407918014,1003.1,1
2026-09-13T21:47:09.275440+00:00,1789336029.2754407,F_lat_eastus_rep3,r3-pub,F01,load,16,1,1000,6,23.2,2278112234,22042561,800054817721,60320,1789156079.537691,5947396.916,192964.18600000002,84473852,80667596,427019639,7862,21411,16055179,4810321324,11084509.907,783963.773,178/CA95A000,178/CA9E4370,3,1.0004708766937256,5809764,5807029.605099184,5.538014988993821,3749,3747.235514130495,3746,3744.236926095715,0.0,0.0,5445116.021770717,0.0,streaming,178/CA957FB0,178/CA957FB0,178/CA957FB0,8272,8272,869048,8272,0.040438,0.040438,0.040438,-1097683.126598589,True,17127408,reserved,5.8,37.6,0.0,13878904.747220097,0.0,23.9887042782427,5509127.880078517,158676.2830364711,1003.09,1
2026-09-13T21:47:10.275912+00:00,1789336030.2759128,F_lat_eastus_rep3,r3-pub,F01,load,16,1,1000,6,23.2,2278135008,22042561,800060632158,60320,1789156079.537691,5947424.331,192964.18600000002,84477614,80667596,427023398,7862,21411,16055179,4810362923,11084509.907,783971.858,178/CAE9C000,178/CAF851B8,1,1.000472068786621,5814437,5811693.480910253,5.542462807569745,3762,3760.2249151868655,3759,3757.2263307249937,0.0,0.0,5510614.610847121,0.0,streaming,178/CAE8BFD0,178/CAE8BFD0,178/CAE87B58,65584,65584,1236776,83112,0.039680,0.039680,0.039680,74804.68704215444,True,22640624,reserved,5.2,37.6,0.0,13895264.479357451,0.0,15.992450463314684,5497748.684449384,157941.44077569584,1003.09,1
2026-09-13T21:47:11.276309+00:00,1789336031.2762997,F_lat_eastus_rep3,r3-pub,F01,load,16,1,1000,6,23.2,2278157934,22042562,800066502361,60320,1789156079.537691,5947458.914,192964.18600000002,84481402,80667596,427027183,7862,21411,16055179,4810404831,11084509.907,783980.14,178/CB436000,178/CB5258C8,4,1.0003869533538818,5870203,5867932.383883704,5.596096404918389,3788,3786.534787664323,3785,3783.5359480753596,0.0,0.0,5871392.045156172,0.0,streaming,178/CB431FE8,178/CB431FE8,178/CB431F28,16408,16408,1331680,16600,0.040065,0.227616,0.040065,-66486.27291370893,True,28514288,reserved,6.6,37.6,0.0,5891864.123416828,0.0,13.994584748495386,6007069.544292835,175685.0180930221,1003.08,1
2026-09-13T21:47:12.276784+00:00,1789336032.2767844,F_lat_eastus_rep3,r3-pub,F01,load,16,1,1000,6,23.2,2278181025,22042562,800072397845,60320,1789156079.537691,5947500.7469999995,192964.18600000002,84485216,80667596,427030994,7862,21411,16055179,4810447321,11084509.907,783988.938,178/CBA66000,178/CBAEC3C0,2,1.0004847049713135,5895484,5892627.814004452,5.619647802357151,3814,3812.152230862297,3811,3809.153684272736,0.0,0.0,6484920.726685202,0.0,streaming,178/CBA4FE58,178/CBA4FE58,178/CBA4ECE8,90536,90536,1644712,95000,0.040822,0.211395,0.040822,78362.01754053595,True,35002352,reserved,5.6,37.6,0.0,14885840.758981941,0.0,19.990310597075496,6484019.163677273,178911.280812766,1003.08,1
2026-09-13T21:47:13.277321+00:00,1789336033.277321,F_lat_eastus_rep3,r3-pub,F01,load,16,1,1000,6,23.2,2278204609,22042562,800078416467,60320,1789156079.537691,5947542.291,192964.18600000002,84489108,80667596,427034883,7862,21411,16055179,4810490886,11084509.907,783997.893,178/CC06E000,178/CC0AFAA0,2,1.0005366802215576,6018622,6015393.657199298,5.736726433944033,3892,3889.9123609722737,3889,3886.913970149325,0.0,0.0,6320831.734624233,0.0,streaming,178/CBFFFC58,178/CBFFFC58,178/CBFFFC58,451496,451496,1388600,451496,0.041070,0.041070,0.041070,356304.77827265457,True,41326576,reserved,5.8,37.6,0.0,14823660.434633646,0.0,28.984444621838627,6032345.559448643,172884.21646040623,1003.07,1
2026-09-13T21:47:14.280624+00:00,1789336034.2796998,F_lat_eastus_rep3,r3-pub,F01,load,16,1,1000,6,23.2,2278228397,22042562,800084489925,60320,1789156079.537691,5947574.083,192964.18600000002,84493032,80667596,427038803,7862,21411,16055179,4810534352,11084509.907,784006.709,178/CC62E000,178/CC6A4B40,1,1.0023787021636963,6073458,6059045.335749918,5.77835591864578,3924,3914.688122891881,3920,3910.697615121349,0.0,0.0,6015004.096740441,0.0,streaming,178/CC627FF0,178/CC627FF0,178/CC627AE0,24592,24592,1240128,25888,0.039835,0.210984,0.039835,-424598.00780014467,True,47355888,reserved,6.2,37.6,0.0,6039521.77648259,0.0,15.962031082127956,6521976.161193793,183922.50314381937,1003.07,1
2026-09-13T21:47:15.280568+00:00,1789336035.2805686,F_lat_eastus_rep3,r3-pub,F01,load,16,1,1000,6,23.2,2278252708,22042562,800090687139,60320,1789156079.537691,5947607.498,192964.18600000002,84497039,80667596,427042808,7862,21411,16055179,4810578574,11084509.907,784015.2,178/CCC50000,178/CCC998D8,1,1.000868797302246,6197214,6191834.55084627,5.904993582578917,4007,4003.521751103158,4005,4001.5234871894554,0.0,0.0,6425137.857562791,0.0,streaming,178/CCC4DF08,178/CCC4DF08,178/CCC4CEE8,8440,8440,467016,12568,0.040266,0.040266,0.040266,-13308.437665259313,True,53786608,reserved,3.3,37.6,0.0,14708245.515974948,0.0,17.984375223323394,6505749.822105466,181637.19409578203,1003.06,1
2026-09-13T21:47:16.281948+00:00,1789336036.281949,F_lat_eastus_rep3,r3-pub,F01,load,16,1,1000,6,23.2,2278277249,22042562,800096949372,60320,1789156079.537691,5947642.327,192964.18600000002,84501082,80667596,427046848,7862,21411,16055179,4810623397,11084509.907,784023.975,178/CD206000,178/CD2B2E78,1,1.001380443572998,6262233,6253600.257716137,5.963897950855386,4043,4037.4265604531706,4040,4034.4306960748972,0.0,0.0,5980096.813787501,0.0,streaming,178/CD203C18,178/CD203C18,178/CD2036A8,9192,9192,1305784,10584,0.039846,0.039846,0.039846,-1981.2649754981674,True,59774960,reserved,1.8,37.6,0.0,9072404.058126317,0.0,26.96277940446095,6045928.936257141,170898.0848371489,1003.06,1
2026-09-13T21:47:17.282568+00:00,1789336037.2825687,F_lat_eastus_rep3,r3-pub,F01,load,16,1,1000,6,23.2,2278302211,22042563,800103320474,60320,1789156079.537691,5947675.75,192964.18600000002,84505190,80667596,427050953,7862,21411,16055179,4810669013,11084509.907,784032.158,178/CD850000,178/CD8CC3F8,1,1.000619649887085,6371102,6367156.59213663,6.072193710457449,4108,4105.4560546193225,4105,4102.4579124178,0.0,0.0,6590476.212159299,0.0,streaming,178/CD84DFD0,178/CD84DFD0,178/CD84DA40,8240,8240,690456,9664,0.040407,0.040407,0.040407,-919.4302751338308,True,66369520,reserved,3.9,37.6,0.0,10037172.467214039,0.0,31.980183482915855,6642640.888323604,189107.81936108603,1003.05,1
2026-09-13T21:47:18.283118+00:00,1789336038.283118,F_lat_eastus_rep3,r3-pub,F01,load,16,1,1000,6,23.2,2278327223,22042563,800109717834,60320,1789156079.537691,5947711.817,192964.18600000002,84509314,80667596,427055074,7862,21411,16055179,4810714576,11084509.907,784041.173,178/CDEAB910,178/CDEF3AC8,1,1.00054931640625,6397360,6393847.754529372,6.097648386506435,4124,4121.735862868298,4121,4118.737509912768,0.0,0.0,6662851.986091624,0.0,streaming,178/CDEA9F88,178/CDEA9F88,178/CDEA9A78,6536,6536,1183424,7832,0.040564,0.040564,0.040564,-1830.9942048435307,True,73036032,reserved,5.8,37.6,0.0,6672814.5135118645,0.0,11.993411822119198,6736921.2986030625,192869.05386445433,1003.04,1
2026-09-13T21:47:19.283701+00:00,1789336039.2836463,F_lat_eastus_rep3,r3-pub,F01,load,16,1,1000,6,23.2,2278352369,22042563,800116143649,60320,1789156079.537691,5947743.4799999995,192964.18600000002,84513465,80667596,427059222,7862,21411,16055179,4810760352,11084509.907,784049.705,178/CE43C000,178/CE51A488,1,1.000528335571289,6425815,6422421.806106011,6.124898725610744,4151,4148.808037135532,4148,4145.809621305272,0.0,0.0,5831399.064443872,0.0,streaming,178/CE439BB0,178/CE439BB0,178/CE439BB0,9296,9296,1026072,9296,0.040564,0.212224,0.040564,1463.2269251665666,True,78870512,reserved,6.3,37.6,0.0,15589331.601582263,0.0,57.969372718347586,5903601.917108461,169608.38985445083,1003.04,1
2026-09-13T21:47:20.284543+00:00,1789336040.2845225,F_lat_eastus_rep3,r3-pub,F01,load,16,1,1000,6,23.2,2278377556,22042563,800122577158,60320,1789156079.537691,5947777.079,192964.18600000002,84517622,80667596,427063376,7862,21411,16055179,4810806466,11084509.907,784058.536,178/CEA62000,178/CEB3F290,1,1.0008761882781982,6433509,6427876.969545584,6.130101174874863,4157,4153.360873887173,4154,4150.363500150906,0.0,0.0,6441460.068193766,0.0,streaming,178/CEA5FCE8,178/CEA5FCE8,178/CEA5FCE8,8984,8984,1292192,8984,0.039205,0.039205,0.039205,-311.72686857175796,True,85317616,reserved,2.7,37.6,12277.242823749237,14830909.33108908,0.9991245787556345,20.981616153868327,6512855.5123424865,186751.37063810942,1003.03,1
2026-09-13T21:47:21.285058+00:00,1789336041.2850497,F_lat_eastus_rep3,r3-pub,F01,load,16,1,1000,6,23.2,2278402736,22042563,800129007062,60320,1789156079.537691,5947820.072,192964.18600000002,84521778,80667596,427067529,7862,21411,16055179,4810852292,11084509.907,784067.674,178/CF105AF8,178/CF167060,1,1.0005271434783936,6429904,6426516.30384164,6.128803542939797,4156,4153.81034596564,4153,4150.811926562874,0.0,0.0,6958244.007050612,0.0,streaming,178/CF103CD8,178/CF103CD8,178/CF103CD8,7712,7712,1066640,7712,0.040411,0.211962,0.040411,-1271.3298267729294,True,92279528,reserved,3.3,37.6,0.0,7000469.748026636,0.0,14.992097013831716,7034433.844074905,204672.10843283057,1003.03,1
2026-09-13T21:47:22.285874+00:00,1789336042.285874,F_lat_eastus_rep3,r3-pub,F01,load,16,1,1000,6,23.2,2278427890,22042563,800135427549,60320,1789156079.537691,5947851.796,192964.18600000002,84525925,80667596,427071673,7862,21411,16055179,4810897991,11084509.907,784076.019,178/CF758000,178/CF788B58,1,1.000824213027954,6420487,6415199.508987768,6.11801100634362,4147,4143.584803422586,4144,4140.587274025367,0.0,0.0,6623157.107625708,0.0,streaming,178/CF755FC8,178/CF645BC0,178/CF645BC0,8248,1123392,1520144,1123392,0.031189,0.053968,0.031189,1114761.1992964821,True,6138736,reserved,2.5,37.6,0.0,15175460.188007845,0.0,29.975293972191366,6689562.375538769,207447.01946394757,1003.02,1
2026-09-13T21:47:23.287048+00:00,1789336043.2870488,F_lat_eastus_rep3,r3-pub,F01,load,16,1,1000,6,23.2,2278452994,22042564,800141839978,60320,1789156079.537691,5947886.111,192964.18600000002,84530062,80667596,427075807,7862,21411,16055179,4810943741,11084509.907,784084.396,178/CFDA8000,178/CFDA9090,1,1.0011749267578125,6412429,6404903.707253136,6.108192164662491,4137,4132.145032234465,4134,4129.1485528782405,0.0,0.0,6611368.126682213,0.0,streaming,178/CFD19EF0,178/CFC99C98,178/CFC99C98,581904,1106792,1963912,1106792,0.040102,0.040102,0.040102,-16580.519104445764,True,12757872,reserved,3.5,37.6,0.0,14990131.69317056,0.0,18.977702589425878,6339437.625104781,161471.28306890404,1003.02,1
2026-09-13T21:47:24.287722+00:00,1789336044.2876756,F_lat_eastus_rep3,r3-pub,F01,load,16,1,1000,6,23.2,2278478085,22042564,800148234554,60320,1789156079.537691,5947919.195,192964.18600000002,84534190,80667596,427079932,7862,21411,16055179,4810989307,11084509.907,784093.095,178/D032D8B8,178/D03BFE18,1,1.000626802444458,6394576,6390570.374867552,6.094522833697845,4128,4125.414180307382,4125,4122.416059536809,0.0,0.0,5786253.162373572,0.0,streaming,178/D032BFC8,178/D032BFC8,178/D032BFC8,6384,6384,1380384,6384,0.039641,0.211884,0.039641,-1099718.6936346136,True,18547752,reserved,3.9,37.6,0.0,14208310.196437256,0.0,21.986218984196316,6182269.938090506,198586.52548039248,1003.01,1
2026-09-13T21:47:25.288392+00:00,1789336045.288393,F_lat_eastus_rep3,r3-pub,F01,load,16,1,1000,6,23.2,2278503060,22042564,800154621524,60320,1789156079.537691,5947952.144,192964.18600000002,84538300,80667596,427084039,7862,21411,16055179,4811035118,11084509.907,784101.191,178/D095C000,178/D09D5CC0,1,1.0007174015045166,6386970,6382391.262905578,6.0867226246887,4110,4107.05359357284,4107,4104.055744234466,0.0,0.0,6477089.326372372,0.0,streaming,178/D0959C60,178/D0959C60,178/D0959C60,9120,9120,645648,9120,0.040282,0.040282,0.040282,2734.0385965973946,True,25029488,reserved,11.8,37.6,0.0,6573460.189769979,0.0,21.984228481411797,6531849.04167023,188160.0137230652,1003.01,1
2026-09-13T21:47:26.288612+00:00,1789336046.2886124,F_lat_eastus_rep3,r3-pub,F01,load,16,1,1000,6,23.2,2278527863,22042564,800160961233,60320,1789156079.537691,5947988.757,192964.18600000002,84542391,80667596,427088127,7862,21411,16055179,4811080718,11084509.907,784109.24,178/D0F92000,178/D0FDBAB0,1,1.0002193450927734,6339709,6338318.720892138,6.0446917733117465,4091,4090.1028560095956,4088,4087.103513900569,0.0,0.0,6511211.797644178,0.0,streaming,178/D0F8BC18,178/D0F8BC18,178/D0F8BC18,25576,25576,991192,25576,0.040066,0.040066,0.040066,16452.391248715205,True,31542128,reserved,2.9,37.6,0.0,14906170.40466969,0.0,18.995833357169964,6567899.363504785,190912.12436237017,1003.0,1
2026-09-13T21:47:27.290100+00:00,1789336047.2901006,F_lat_eastus_rep3,r3-pub,F01,load,16,1,1000,6,23.2,2278552486,22042564,800167250041,60320,1789156079.537691,5948023.695,192964.18600000002,84546454,80667596,427092187,7862,21411,16055179,4811125775,11084509.907,784117.604,178/D1520000,178/D15E2F90,1,1.001488208770752,6288808,6279462.848313529,5.988562439263848,4063,4056.96239298415,4060,4053.96685097604,0.0,0.0,5815856.790914324,0.0,streaming,178/D151BBA0,178/D151BBA0,178/D151BBA0,17504,17504,558104,17504,0.038604,0.194828,0.038604,-8060.005029822313,True,37366640,reserved,6.2,37.6,0.0,14236988.389010381,0.0,19.97028005406916,5875971.327933083,161995.91625660093,1003.0,1
2026-09-13T21:47:28.290610+00:00,1789336048.2906108,F_lat_eastus_rep3,r3-pub,F01,load,16,1,1000,6,23.2,2278577179,22042564,800173569317,60320,1789156079.537691,5948056.54,192964.18600000002,84550523,80667596,427096253,7862,21411,16055179,4811170916,11084509.907,784126.639,178/D1B54E38,178/D1BE4BB8,1,1.0005102157592773,6319276,6316053.449993376,6.0234579563077695,4069,4066.9249907779063,4066,4063.926520644622,0.0,0.0,6504769.1642619325,0.0,streaming,178/D1B53BB0,178/D1B53BB0,178/D1B53B68,4744,4744,423744,4816,0.039505,0.039505,0.039505,-12681.529683703631,True,43874728,reserved,1.8,37.6,0.0,14893649.025554016,0.0,19.989800888561838,6569979.892720599,183635.3063727289,1002.99,1
2026-09-13T21:47:29.291638+00:00,1789336049.2916384,F_lat_eastus_rep3,r3-pub,F01,load,16,1,1000,6,23.2,2278601699,22042565,800179838456,60320,1789156079.537691,5948089.387,192964.18600000002,84554566,80667596,427100293,7862,21411,16055179,4811215667,11084509.907,784134.558,178/D210A000,178/D21E3488,1,1.0010275840759277,6269139,6262703.545564322,5.972579522671053,4043,4038.8497423197273,4040,4035.85282190742,0.0,0.0,5978568.5181938615,0.0,streaming,178/D2105C08,178/D2105C08,178/D2105C08,17400,17400,1390736,17400,0.039761,0.039761,0.039761,12571.082156159151,True,49859440,reserved,6.0,37.6,0.0,6207253.525122338,0.0,20.97844288615243,6025110.692196997,166746.65379384722,1002.99,1
2026-09-13T21:47:30.295926+00:00,1789336050.295486,F_lat_eastus_rep3,r3-pub,F01,load,16,1,1000,6,23.2,2278626220,22042565,800186099039,60320,1789156079.537691,5948122.413,192964.18600000002,84558605,80667596,427104329,7862,21411,16055179,4811260374,11084509.907,784143.269,178/D2736000,178/D27F5258,1,1.003847599029541,6260583,6236587.113474547,5.947672952150866,4039,4023.5191117702134,4036,4020.5306103254716,0.0,0.0,6446875.009968075,0.0,streaming,178/D272FFE0,178/D272FFE0,178/D272FED0,24608,24608,651384,24880,0.039128,0.039128,0.039128,7451.330268888634,True,56331120,reserved,4.5,37.6,0.0,14884936.731875656,0.0,26.89651300267288,6498360.91285808,191637.65514404426,1002.98,1
2026-09-13T21:47:31.296204+00:00,1789336051.2962046,F_lat_eastus_rep3,r3-pub,F01,load,16,1,1000,6,23.2,2278650683,22042565,800192350455,60320,1789156079.537691,5948154.062,192964.18600000002,84562633,80667596,427108354,7862,21411,16055179,4811305151,11084509.907,784151.633,178/D2D5E000,178/D2DEEA78,1,1.000718593597412,6251416,6246926.998255553,5.9575338347011115,4028,4025.1075834616295,4025,4022.109737694404,0.0,0.0,6450660.5965962075,0.0,streaming,178/D2D5BF90,178/D2D5BF90,178/D2D5B928,8304,8304,932736,9944,0.039876,0.039876,0.039876,-14925.274793094066,True,62786416,reserved,5.2,37.6,0.0,9127521.021833466,0.0,26.980611905030784,6537513.184882347,188039.87574922843,1002.98,1
2026-09-13T21:47:32.296813+00:00,1789336052.296813,F_lat_eastus_rep3,r3-pub,F01,load,16,1,1000,6,23.2,2278675237,22042565,800198604702,60320,1789156079.537691,5948188.489,192964.18600000002,84566674,80667596,427112392,7862,21411,16055179,4811349866,11084509.907,784159.887,178/D3312000,178/D33EAC78,1,1.0006084442138672,6254247,6250443.953542366,5.960887864630094,4041,4038.5427720179105,4038,4035.5445962406143,0.0,0.0,5976523.618785109,0.0,streaming,178/D330FFE8,178/D330FFE8,178/D330F920,8216,8216,739056,9952,0.039862,0.039862,0.039862,7.99513540612306,True,68766576,reserved,3.1,37.7,0.0,6009271.69340859,0.0,12.992095034949973,6024058.696342214,174664.72625794166,1002.97,1
2026-09-13T21:47:33.297185+00:00,1789336053.297185,F_lat_eastus_rep3,r3-pub,F01,load,16,1,1000,6,23.2,2278699679,22042565,800204852057,60320,1789156079.537691,5948220.219,192964.18600000002,84570700,80667596,427116415,7862,21411,16055179,4811394546,11084509.907,784167.804,178/D393A000,178/D39E2C18,1,1.0003719329833984,6247355,6245032.266517694,5.955726877706236,4026,4024.5031545350375,4023,4021.5042699191395,0.0,0.0,6452895.955155839,0.0,streaming,178/D3937FD8,178/D3937FD8,178/D39374F0,8232,8232,1005968,11024,0.039751,0.039751,0.039751,1071.6014360808645,True,75221872,reserved,6.9,37.6,0.0,16107673.025116162,0.0,107.9598461723259,6527171.329694194,194288.73761017993,1002.96,1
2026-09-13T21:47:34.297713+00:00,1789336054.2977135,F_lat_eastus_rep3,r3-pub,F01,load,16,1,1000,6,23.2,2278724182,22042565,800211104434,60320,1789156079.537691,5948254.994,192964.18600000002,84574739,80667596,427120451,7862,21411,16055179,4811438979,11084509.907,784175.846,178/D3F6A000,178/D3FE2D08,1,1.0005285739898682,6252377,6249073.9020746,5.959581281733131,4039,4036.8662175168433,4036,4033.867802401084,0.0,0.0,6484636.389870562,0.0,streaming,178/D3F67FA0,178/D3F67FA0,178/D3F67FA0,8288,8288,1302776,8288,0.040376,0.211886,0.040376,-2734.5545855721916,True,81709936,reserved,7.5,37.6,0.0,15003909.323785108,0.0,25.986264336577847,6540244.9966074275,190444.33607743177,1002.96,1
2026-09-13T21:47:35.298136+00:00,1789336055.2981362,F_lat_eastus_rep3,r3-pub,F01,load,16,1,1000,6,23.2,2278748675,22042566,800217378804,60320,1789156079.537691,5948288.532,192964.18600000002,84578777,80667596,427124486,7862,21411,16055179,4811483781,11084509.907,784184.02,178/D451E000,178/D45DE058,1,1.000422716140747,6274370,6271718.843214746,5.98117718049502,4038,4036.2937934647052,4035,4033.2950610772873,0.0,0.0,5977633.157980656,0.0,streaming,178/D451BE98,178/D451BE98,178/D451BE98,8552,8552,1257256,8552,0.040062,0.040062,0.040062,263.88845009278907,True,87690096,reserved,3.1,37.6,0.0,14387262.272016456,0.0,20.991126711926402,6042596.696844219,174193.36565272755,1002.95,1
2026-09-13T21:47:36.298716+00:00,1789336056.298695,F_lat_eastus_rep3,r3-pub,F01,load,16,1,1000,6,23.2,2278773272,22042566,800223652459,60320,1789156079.537691,5948321.903,192964.18600000002,84582828,80667596,427128534,7862,21411,16055179,4811528853,11084509.907,784191.907,178/D4B52000,178/D4BE3008,1,1.000558853149414,6273655,6270150.906418647,5.979681879442832,4051,4048.7373503805893,4048,4045.7390260036104,0.0,0.0,6500814.999064015,0.0,streaming,178/D4B4DCB0,178/D4B4DCB0,178/D4B4D6E0,17232,17232,1452288,18720,0.039852,0.039852,0.039852,10162.32075504069,True,94194544,reserved,4.1,37.6,0.0,6525377.272360226,0.0,12.992738966908828,6535197.784136292,186750.63382013454,1002.95,1
2026-09-13T21:47:37.299287+00:00,1789336057.299287,F_lat_eastus_rep3,r3-pub,F01,load,16,1,1000,6,23.2,2278797921,22042566,800229962980,60320,1789156079.537691,5948358.2129999995,192964.18600000002,84586883,80667596,427132586,7862,21411,16055179,4811573500,11084509.907,784200.26,178/D5110000,178/D51EA2A0,1,1.0005919933319092,6310521,6306787.423899283,6.014621185206683,4055,4052.6008872978305,4052,4049.6026622270797,0.0,0.0,6017557.6459991895,0.0,streaming,178/D510DBF0,178/D510DBF0,178/D510DBF0,9232,9232,1301464,9232,0.039852,0.214303,0.039852,-9482.386490427081,True,4929960,reserved,4.5,37.6,0.0,14474886.963437505,0.0,30.981659064422377,6070003.598345115,182656.86835190826,1002.94,1
2026-09-13T21:47:38.300452+00:00,1789336058.300453,F_lat_eastus_rep3,r3-pub,F01,load,16,1,1000,6,23.2,2278822512,22042566,800236244174,60320,1789156079.537691,5948392.158,192964.18600000002,84590931,80667596,427136631,7862,21411,16055179,4811618001,11084509.907,784208.934,178/D5746000,178/D57EDE60,1,1.0011658668518066,6281194,6273879.491868202,5.983237735622598,4048,4043.2860668023436,4045,4040.2895603299107,0.0,0.0,6505055.970874411,0.0,streaming,178/D5743BF8,178/D5743BF8,178/D5743BF8,9224,9224,606160,9224,0.039652,0.212600,0.039652,-7.990683926486845,True,11442600,reserved,2.9,37.6,0.0,14892077.820115004,0.0,20.975545307027968,6561651.987454736,191192.09547355992,1002.94,1
2026-09-13T21:47:39.301156+00:00,1789336059.3011568,F_lat_eastus_rep3,r3-pub,F01,load,16,1,1000,6,23.2,2278847175,22042566,800242541888,60320,1789156079.537691,5948430.519,192964.18600000002,84594990,80667596,427140687,7862,21411,16055179,4811663211,11084509.907,784217.318,178/D5D7A000,178/D5DF3D38,1,1.0007038116455078,6297714,6293284.712930543,6.001743996553939,4059,4056.1452377458036,4056,4053.1473476957326,0.0,0.0,6499873.313467656,0.0,streaming,178/D5D75DC8,178/D5D75DC8,178/D5D75DC8,16952,16952,932752,16952,0.039074,0.039074,0.039074,7722.564768982402,True,17947048,reserved,5.4,37.6,0.0,14939885.134859538,0.0,21.984527033852594,6542467.335299062,185770.25273273778,1002.93,1
2026-09-13T21:47:40.301789+00:00,1789336060.30179,F_lat_eastus_rep3,r3-pub,F01,load,16,1,1000,6,23.2,2278871875,22042566,800248851497,60320,1789156079.537691,5948464.373,192964.18600000002,84599049,80667596,427144743,7862,21411,16055179,4811708453,11084509.907,784225.784,178/D6320000,178/D63FD218,1,1.0006332397460938,6309609,6305616.0333041055,6.013504060081583,4059,4056.4313064694447,4056,4053.4332049864665,0.0,0.0,5919067.811002249,0.0,streaming,178/D631E000,178/D631E000,178/D631CFE0,8192,8192,191760,12320,0.040138,0.040138,0.040138,-4629.068689718272,True,23869864,reserved,5.4,37.6,0.0,5927254.626785101,0.0,12.99177309290534,5970494.245739774,168697.17424421487,1002.93,1
2026-09-13T21:47:41.302728+00:00,1789336061.3027282,F_lat_eastus_rep3,r3-pub,F01,load,16,1,1000,6,23.2,2278896531,22042567,800255161921,60320,1789156079.537691,5948496.528,192964.18600000002,84603106,80667596,427148797,7862,21411,16055179,4811753542,11084509.907,784233.892,178/D695C000,178/D6A05378,1,1.0009381771087646,6310424,6304509.2537361495,6.0124485528337,4057,4053.1973829979665,4054,4050.200194891239,0.0,0.0,6531088.682103139,0.0,streaming,178/D6959B90,178/D6959B90,178/D6959B90,9328,9328,1033840,9328,0.040883,0.040883,0.040883,-2989.1956051096663,True,30407080,reserved,5.9,37.6,0.0,14928202.701950032,0.0,19.98125404485071,6579034.700246461,192947.98062139863,1002.92,1
2026-09-13T21:47:42.303572+00:00,1789336062.30351,F_lat_eastus_rep3,r3-pub,F01,load,16,1,1000,6,23.2,2278921175,22042567,800261465681,60320,1789156079.537691,5948529.335,192964.18600000002,84607167,80667596,427152855,7862,21411,16055179,4811798367,11084509.907,784243.014,178/D6F90000,178/D7008978,1,1.000781774520874,6303760,6298835.730714557,6.007037859644467,4061,4057.827693698969,4058,4054.8300371904497,0.0,0.0,6499366.960508464,0.0,streaming,178/D6F8E000,178/D6F8E000,178/D6F8D528,8192,8192,1347152,10968,0.039417,0.194794,0.039417,1638.718891323888,True,36911528,reserved,4.5,37.6,0.0,14889607.684086772,0.0,18.985157887288945,6553630.538625681,188499.63578754727,1002.91,1
2026-09-13T21:47:43.304154+00:00,1789336063.3040743,F_lat_eastus_rep3,r3-pub,F01,load,16,1,1000,6,23.2,2278945820,22042567,800267767103,60320,1789156079.537691,5948562.927,192964.18600000002,84611230,80667596,427156915,7862,21411,16055179,4811843385,11084509.907,784251.792,178/D7534000,178/D760C9C0,1,1.0005643367767334,6301422,6297867.881539439,6.006114846744002,4063,4060.7083929142887,4060,4057.7100849697295,0.0,0.0,5911288.042759607,0.0,streaming,178/D7531D58,178/D7531D58,178/D7530C88,8872,8872,1339376,13176,0.040833,0.210687,0.040833,2206.75464719536,True,42826152,reserved,5.2,37.6,0.0,14438443.855133748,0.0,29.983079445589134,5964687.907252201,168694.79932069968,1002.91,1
2026-09-13T21:47:44.304603+00:00,1789336064.3046036,F_lat_eastus_rep3,r3-pub,F01,load,16,1,1000,6,23.2,2278970457,22042567,800274066019,60320,1789156079.537691,5948596.131,192964.18600000002,84615288,80667596,427160970,7862,21411,16055179,4811888420,11084509.907,784260.572,178/D7B68000,178/D7C0F700,1,1.0005292892456055,6298916,6295583.815191811,6.003936591331302,4058,4055.8532804768897,4055,4052.85486750463,0.0,0.0,6501007.086863318,0.0,streaming,178/D7B65D38,178/D7B65D38,178/D7B65C30,8904,8904,389360,9168,0.039467,0.039467,0.039467,-4005.879730939225,True,49330600,reserved,3.9,37.6,0.0,6681135.746700841,0.0,18.989948824312695,6562481.549091581,178064.7522416171,1002.9,1
2026-09-13T21:47:45.305324+00:00,1789336065.3053248,F_lat_eastus_rep3,r3-pub,F01,load,16,1,1000,6,23.2,2278995024,22042567,800280339362,60320,1789156079.537691,5948634.929,192964.18600000002,84619336,80667596,427165015,7862,21411,16055179,4811933304,11084509.907,784268.599,178/D820E000,178/D820F238,1,1.0007212162017822,6273343,6268821.824134348,5.9784143678039054,4048,4045.0826208762765,4045,4042.0847829655477,0.0,0.0,6966367.742716379,0.0,streaming,178/D81AFFA8,178/D8103FF0,178/D8103520,385112,1089552,2222112,1092320,0.039878,0.039878,0.039878,1082371.3762271197,True,56301992,reserved,3.9,37.6,0.0,15365302.295039536,0.0,21.984144678675413,6827898.608899136,158937.37179239464,1002.9,1
2026-09-13T21:47:46.306079+00:00,1789336066.3060796,F_lat_eastus_rep3,r3-pub,F01,load,16,1,1000,6,23.2,2279019669,22042567,800286627074,60320,1789156079.537691,5948665.287,192964.18600000002,84623392,80667596,427169068,7862,21411,16055179,4811977986,11084509.907,784276.816,178/D873E000,178/D8818A30,1,1.0007548332214355,6287712,6282969.405963116,5.991906553233258,4056,4052.940705710821,4053,4049.942968502455,0.0,0.0,5435385.190686771,0.0,streaming,178/D8739C88,178/D8739C88,178/D87397C0,17272,17272,454128,18496,0.040294,0.040294,0.040294,-1073014.0533454677,True,61741480,reserved,8.7,37.6,0.0,13130056.996779488,0.0,16.987177514073956,5672030.562898126,179393.58776024604,1002.89,1
2026-09-13T21:47:47.306257+00:00,1789336067.3062572,F_lat_eastus_rep3,r3-pub,F01,load,16,1,1000,6,23.2,2279044289,22042568,800292934715,60320,1789156079.537691,5948699.694,192964.18600000002,84627444,80667596,427173117,7862,21411,16055179,4812022706,11084509.907,784285.108,178/D8D72000,178/D8E1AD50,1,1.0001776218414307,6307641,6306520.824158193,6.014366935880845,4052,4051.280404114469,4049,4048.280936885362,0.0,0.0,6503292.873144509,0.0,streaming,178/D8D6FBB0,178/D8D6FBB0,178/D8D6F5E0,9296,9296,775040,10784,0.039955,0.039955,0.039955,-7710.630423625565,True,68245928,reserved,5.6,37.7,0.0,6503292.873144509,0.0,12.997691326132305,6567978.383585031,175432.83929603684,1002.89,1
2026-09-13T21:47:48.306375+00:00,1789336068.306376,F_lat_eastus_rep3,r3-pub,F01,load,16,1,1000,6,23.2,2279068930,22042568,800299217010,60320,1789156079.537691,5948748.572,192964.18600000002,84631493,80667596,427177163,7862,21411,16055179,4812067211,11084509.907,784293.4,178/D9420000,178/D94239F8,3,1.0001187324523926,6282295,6281549.176261478,5.990552116643408,4049,4048.5193093738394,4046,4045.519665528909,0.0,0.0,7003328.477634939,0.0,streaming,178/D93CC490,178/D9313FE0,178/D9313F18,342896,1097760,1609616,1097960,0.040078,0.040078,0.040078,1087046.9322518678,True,75250088,reserved,8.3,37.7,0.0,15415513.678256089,0.0,23.997150759439897,6934931.598564127,169134.91819637732,1002.88,1
2026-09-13T21:47:49.306497+00:00,1789336069.3064978,F_lat_eastus_rep3,r3-pub,F01,load,16,1,1000,6,23.2,2279093580,22042568,800305515251,60320,1789156079.537691,5948776.197,192964.18600000002,84635550,80667596,427181217,7862,21411,16055179,4812112171,11084509.907,784301.509,178/D994A000,178/D9A270D0,1,1.000121831893921,6298241,6297473.766844069,6.005738989681309,4057,4056.5057882171204,4054,4053.506153668279,0.0,0.0,5414252.3713794295,0.0,streaming,178/D9945ED8,178/D9945ED8,178/D99458C0,16680,16680,849568,18240,0.039588,0.039588,0.039588,-1079588.4716918387,True,80665000,reserved,5.8,37.7,0.0,8645602.689850207,0.0,26.996710939576598,5569196.494243489,177413.38539125086,1002.88,1
2026-09-13T21:47:50.306627+00:00,1789336070.3066275,F_lat_eastus_rep3,r3-pub,F01,load,16,1,1000,6,23.2,2279118135,22042568,800311799296,60320,1789156079.537691,5948811.294,192964.18600000002,84639598,80667596,427185261,7862,21411,16055179,4812157120,11084509.907,784309.542,178/D9F7E000,178/DA02D1C8,5,1.0001296997070312,6284045,6283230.066901113,5.992155138875115,4048,4047.4750436726194,4044,4043.475562404168,0.0,0.0,6503604.484403726,0.0,streaming,178/D9F75C28,178/D9F75C28,178/D9F75658,33752,33752,1174048,35240,0.040490,0.210033,0.040490,16997.79539091762,True,87169448,reserved,2.9,37.7,0.0,16660367.15526093,0.0,95.98755044282892,6542991.375935433,175435.24609997787,1002.87,1
2026-09-13T21:47:51.307170+00:00,1789336071.3071706,F_lat_eastus_rep3,r3-pub,F01,load,16,1,1000,6,23.2,2279142764,22042568,800318099213,60320,1789156079.537691,5948847.759,192964.18600000002,84643655,80667596,427189315,7862,21411,16055179,4812201715,11084509.907,784317.49,178/DA53A000,178/DA633168,3,1.0005431175231934,6299917,6296497.262002268,6.004807722093838,4057,4054.7977682790424,4054,4051.7993967471625,0.0,0.0,6009664.046148032,0.0,streaming,178/DA537F18,178/DA537F18,178/DA537F18,8424,8424,344144,8424,0.040095,0.045538,0.040095,-26801.443666297953,True,93182376,reserved,4.3,37.7,0.0,6026039.152540806,0.0,12.992943304813299,6075360.365325877,168784.3302725885,1002.87,1
2026-09-13T21:47:52.307304+00:00,1789336072.3073041,F_lat_eastus_rep3,r3-pub,F01,load,16,1,1000,6,23.2,2279167333,22042568,800324384604,60320,1789156079.537691,5948883.515,192964.18600000002,84647700,80667596,427193357,7862,21411,16055179,4812246421,11084509.907,784326.109,178/DAB54000,178/DAC3B2B8,2,1.0001335144042969,6285391,6284551.921793889,5.993415757936372,4045,4044.460006331552,4042,4041.460406821294,0.0,0.0,6397097.895285282,0.0,streaming,178/DAB51CB8,178/DAB51CB8,178/DAB516E8,9032,9032,1109360,10520,0.039736,0.039736,0.039736,2095.720191167103,True,4522472,reserved,5.4,37.7,0.0,15611867.590798654,0.0,32.99559461284085,6454588.219498892,187123.01638193754,1002.86,1
2026-09-13T21:47:53.311511+00:00,1789336073.3115118,F_lat_eastus_rep3,r3-pub,F01,load,16,1,1000,6,23.2,2279191879,22042569,800330671628,60320,1789156079.537691,5948923.591,192964.18600000002,84651742,80667596,427197396,7862,21411,16055179,4812291256,11084509.907,784334.144,178/DB21C000,178/DB24EDE8,1,1.0042076110839844,6287024,6260681.487181241,5.970651137524834,4042,4025.064095697197,4039,4022.0766656410137,0.0,0.0,7080862.484525939,0.0,streaming,178/DB219FC8,178/DB111C98,178/DB1116C0,8248,1090408,2213504,1091904,0.039736,0.218098,0.039736,1076853.0212917905,True,11633128,reserved,5.0,37.7,0.0,15454716.56328847,0.0,19.916200374553178,7116639.946878787,194870.06256481554,1002.86,1
2026-09-13T21:47:54.312190+00:00,1789336074.312191,F_lat_eastus_rep3,r3-pub,F01,load,16,1,1000,6,23.2,2279216539,22042569,800336978570,60320,1789156079.537691,5948952.177,192964.18600000002,84655798,80667596,427201450,7862,21411,16055179,4812336383,11084509.907,784341.95,178/DB74A000,178/DB8547B0,1,1.0006792545318604,6306942,6302660.889028349,6.010685814884519,4056,4053.2468137330234,4054,4051.24817131994,0.0,0.0,5427609.2718049595,0.0,streaming,178/DB747E20,178/DB747E20,178/DB747E20,8672,8672,429920,8672,0.039883,0.211175,0.039883,-1082496.709204549,True,17064424,reserved,5.8,37.6,0.0,13933319.729429925,0.0,23.98370895700014,5551802.912711545,154805.847426577,1002.85,1
2026-09-13T21:47:55.312922+00:00,1789336075.312923,F_lat_eastus_rep3,r3-pub,F01,load,16,1,1000,6,23.2,2279241228,22042569,800343279474,60320,1789156079.537691,5948985.478,192964.18600000002,84659854,80667596,427205503,7862,21411,16055179,4812381633,11084509.907,784349.6,178/DBD7C000,178/DBE54838,1,1.0007319450378418,6300904,6296295.45778289,6.004615266592874,4056,4053.03340231297,4053,4050.0355965420285,0.0,0.0,6491504.575437881,0.0,streaming,178/DBD79D98,178/DBD79D98,178/DBD79388,8808,8808,714152,11384,0.040563,0.211594,0.040563,2710.0164169311574,True,23560680,reserved,3.1,37.6,0.0,6552899.637626763,0.0,20.98464039659082,6468249.596804097,186478.50798141886,1002.85,1
2026-09-13T21:47:56.313839+00:00,1789336076.313819,F_lat_eastus_rep3,r3-pub,F01,load,16,1,1000,6,23.2,2279265858,22042569,800349564198,60320,1789156079.537691,5949022.202,192964.18600000002,84663901,80667596,427209547,7862,21411,16055179,4812426633,11084509.907,784357.73,178/DC426000,178/DC458868,1,1.0008959770202637,6284724,6279098.07241913,5.988214561862116,4047,4043.377226920422,4044,4040.379912445314,0.0,0.0,6981520.717870293,0.0,streaming,178/DC421F40,178/DC31DF80,178/DC31DDE8,16576,1081472,1524424,1081880,0.041163,0.041163,0.041163,1069537.7187816664,True,30548456,reserved,3.9,37.6,0.0,15383081.11282206,0.0,24.977620625898332,7027294.705429315,202151.8765639955,1002.84,1
2026-09-13T21:47:57.314316+00:00,1789336077.3143163,F_lat_eastus_rep3,r3-pub,F01,load,16,1,1000,6,23.2,2279290418,22042569,800355831001,60320,1789156079.537691,5949051.334,192964.18600000002,84667946,80667596,427213589,7862,21411,16055179,4812471460,11084509.907,784365.413,178/DCA5A000,178/DCA5A800,1,1.0004973411560059,6266803,6263687.810263583,5.973518190635284,4045,4042.989255050174,4042,4039.9907463319664,0.0,0.0,6501214.678376414,0.0,streaming,178/DC974750,178/DC94DF00,178/DC94DF00,940208,1097984,1854672,1097984,0.040153,0.040153,0.040153,16095.994799339433,True,37052904,reserved,3.7,37.6,0.0,17014513.98194734,0.0,40.97961914883984,5804667.10015418,153127.84322143556,1002.84,1
2026-09-13T21:47:58.314883+00:00,1789336078.314883,F_lat_eastus_rep3,r3-pub,F01,load,16,1,1000,6,23.2,2279314981,22042569,800362119039,60320,1789156079.537691,5949079.023,192964.18600000002,84671992,80667596,427217632,7862,21411,16055179,4812516251,11084509.907,784374.181,178/DCF86000,178/DD060420,1,1.0005667209625244,6288038,6284476.455454203,5.99334378762646,4046,4043.708345714149,4043,4040.7100449140644,0.0,0.0,5420032.354047401,0.0,streaming,178/DCF83C30,178/DCF83C30,178/DCF83660,9168,9168,1103232,10656,0.039343,0.039343,0.039343,-1086712.1374514767,True,42476008,reserved,5.2,37.6,0.0,5420032.354047401,0.0,9.994336000282127,6220524.698255598,191303.58424860027,1002.83,1
2026-09-13T21:47:59.315618+00:00,1789336079.3150902,F_lat_eastus_rep3,r3-pub,F01,load,16,1,1000,6,23.2,2279339621,22042570,800368435540,60320,1789156079.537691,5949117.241,192964.18600000002,84676049,80667596,427221685,7862,21411,16055179,4812561351,11084509.907,784382.204,178/DD636000,178/DD6681F8,1,1.0002071857452393,6316501,6315192.582118545,6.022636968725724,4057,4056.1596215460004,4053,4052.1604501173133,0.0,0.0,7010899.4415744,0.0,streaming,178/DD631E28,178/DD52BE70,178/DD52BE20,16856,1089936,2400408,1090016,0.040123,0.212508,0.040123,1079136.4183169561,True,49488360,reserved,2.7,37.6,0.0,15442816.468561368,0.0,22.995235714951445,7041476.106525285,195698.45406995135,1002.82,1
2026-09-13T21:48:00.315678+00:00,1789336080.3156781,F_lat_eastus_rep3,r3-pub,F01,load,16,1,1000,6,23.2,2279364234,22042570,800374733094,60320,1789156079.537691,5949149.049,192964.18600000002,84680096,80667596,427225730,7862,21411,16055179,4812606156,11084509.907,784390.671,178/DDC52000,178/DDC6B408,1,1.0005879402160645,6297554,6293853.590360206,6.002286520347791,4047,4044.622004065031,4045,4042.623179254522,0.0,0.0,6402379.783446793,0.0,streaming,178/DDC4FC08,178/DDB45B48,178/DDB44FA8,9208,1098936,2175904,1101912,0.039024,0.039024,0.039024,11889.009972907736,True,55894504,reserved,6.6,37.6,0.0,14794245.867887923,0.0,18.988835699835825,6460512.604823234,151277.05813375526,1002.82,1
2026-09-13T21:48:01.315991+00:00,1789336081.3159692,F_lat_eastus_rep3,r3-pub,F01,load,16,1,1000,6,23.2,2279388818,22042570,800381010674,60320,1789156079.537691,5949182.86,192964.18600000002,84684148,80667596,427229778,7862,21411,16055179,4812651118,11084509.907,784399.392,178/DE20A000,178/DE26B648,1,1.000291109085083,6277580,6275753.071265217,5.98502452017328,4052,4050.820769272022,4048,4046.821933369483,0.0,0.0,5994798.859588728,0.0,streaming,178/DE207D98,178/DE207D98,178/DE207868,8808,8808,1126592,10136,0.039849,0.209197,0.039849,-1091458.266582609,True,61891048,reserved,4.5,37.6,0.0,14548852.696802426,0.0,28.991560293407858,6053922.648116743,196409.82331603314,1002.81,1
2026-09-13T21:48:02.316285+00:00,1789336082.316223,F_lat_eastus_rep3,r3-pub,F01,load,16,1,1000,6,23.2,2279413404,22042570,800387284924,60320,1789156079.537691,5949214.746,192964.18600000002,84688194,80667596,427233821,7862,21411,16055179,4812696230,11084509.907,784407.64,178/DE83E000,178/DE86F020,1,1.000253677368164,6274250,6272658.768432233,5.982073563034279,4046,4044.9738816714053,4043,4041.9746425105022,0.0,0.0,6502798.387219429,0.0,streaming,178/DE83BDF8,178/DE733BB0,178/DE7335D0,8712,1090640,2322120,1092144,0.039603,0.213560,0.039603,1081733.5886701716,True,68395496,reserved,4.4,37.6,0.0,6519178.232023508,0.0,12.996703030580392,6554632.238144544,178556.7042052092,1002.81,1
2026-09-13T21:48:03.317045+00:00,1789336083.3170373,F_lat_eastus_rep3,r3-pub,F01,load,16,1,1000,6,23.2,2279438033,22042570,800393576877,60320,1789156079.537691,5949257.232,192964.18600000002,84692245,80667596,427237869,7862,21411,16055179,4812741038,11084509.907,784416.346,178/DEF9E000,178/DF06B260,2,1.000814437866211,6291953,6286832.765337374,5.9955909398435345,4051,4047.7033970822254,4048,4044.7058384075162,0.0,0.0,7726954.875359004,0.0,streaming,178/DEF99F08,178/DEF99F08,178/DEF99A00,16632,16632,81248,17920,0.023186,0.161821,0.023186,-1073349.823260246,True,76128744,reserved,5.2,37.6,0.0,16108736.435070466,0.0,20.982910722963894,5964974.898571606,186145.39614076214,1002.8,1
2026-09-13T21:48:04.317480+00:00,1789336084.31748,F_lat_eastus_rep3,r3-pub,F01,load,16,1,1000,6,23.2,2279462598,22042570,800399841868,60320,1789156079.537691,5949293.442,192964.18600000002,84696285,80667596,427241907,7862,21411,16055179,4812786372,11084509.907,784426.793,178/DF62E000,178/DF6EDD48,2,1.0004427433013916,6264991,6262218.444731744,5.972116894466156,4040,4038.2121086393013,4038,4036.2129937340346,0.0,0.0,6878234.707657785,0.0,streaming,178/DF62BDF0,178/DF62BDF0,178/DF62B820,8720,8720,1212752,10208,0.042453,0.210625,0.042453,-7708.587074709479,True,83010024,reserved,9.5,37.8,0.0,15422803.65699219,0.0,29.986723579004714,6155598.649931688,185521.86143858638,1002.8,1
2026-09-13T21:48:05.318125+00:00,1789336085.3181255,F_lat_eastus_rep3,r3-pub,F01,load,16,1,1000,6,23.2,2279527803,22042572,800408669737,60320,1789156079.537691,5949326.033,192964.18600000002,84700341,80667596,427246004,7875,21462,16055179,4812943279,11084509.907,784437.128,178/DFC6C000,178/DFD10038,1,1.000645399093628,8827869,8822175.176137494,8.413481880319113,4056,4053.383949672755,4097,4094.357505377041,12.991615223310113,50.96710587606275,6541186.3242750615,0.0,streaming,178/DFC69B60,178/DFC69B60,178/DFC69B18,9376,9376,1182064,9448,0.038593,0.045660,0.038593,-759.5098130550527,True,89555432,reserved,20.0,37.6,0.0,14940757.2488135,0.0,18.98774532637632,6453244.082118441,183439.60824310445,1002.79,1
2026-09-13T21:48:06.318659+00:00,1789336086.3186598,F_lat_eastus_rep3,r3-pub,F01,load,16,1,1000,6,23.2,2279552017,22042572,800414850073,60320,1789156079.537691,5949360.185,192964.18600000002,84704333,80667596,427249992,7875,21462,16055179,4812988171,11084509.907,784445.882,178/E021E000,178/E02BF8C8,1,1.0005342960357666,6180336,6177035.634347779,5.890880236003665,3992,3989.8682292218955,3988,3985.8703652647596,0.0,0.0,5968778.905092642,0.0,streaming,178/E020FE10,178/E020FE10,178/E020F888,57840,57840,1193976,59256,0.032420,0.132934,0.032420,49781.40199425956,True,95527400,reserved,3.8,37.7,0.0,6026092.282782146,0.0,13.992523849976587,5968231.197730514,158156.4976102961,1002.79,1
2026-09-13T21:48:07.319373+00:00,1789336087.3193736,F_lat_eastus_rep3,r3-pub,F01,load,16,1,1000,6,23.2,2279575309,22042572,800420815930,60320,1789156079.537691,5949397.786,192964.18600000002,84708167,80667596,427253823,7875,21462,16055179,4813031108,11084509.907,784453.887,178/E08548C8,178/E086C028,1,1.00071382522583,5965857,5961601.458492583,5.685426195614417,3834,3831.2651462917333,3831,3828.2672862398617,0.0,0.0,6510240.825872264,0.0,streaming,178/E0853FF0,178/E0753FE0,178/E0753A10,2264,1050856,1532968,1052344,0.040791,0.040791,0.040791,992379.6143976435,True,4450824,reserved,4.5,37.7,0.0,15013411.048467848,0.0,30.977887202671813,6631844.02244301,176504.00698735233,1002.78,1
2026-09-13T21:48:08.320628+00:00,1789336088.3206284,F_lat_eastus_rep3,r3-pub,F01,load,16,1,1000,6,23.2,2279598415,22042572,800426713878,60320,1789156079.537691,5949425.075,192964.18600000002,84711974,80667596,427257628,7875,21462,16055179,4813073468,11084509.907,784461.65,178/E0D8E000,178/E0DFE0B0,1,1.0012547969818115,5897948,5890556.547423104,5.617672488616089,3807,3802.2289745585676,3805,3800.2314810074467,0.0,0.0,5471334.585875163,0.0,streaming,178/E0D8BBF8,178/E0D8BBF8,178/E0D8BBF8,9224,9224,604272,9224,0.039862,0.039862,0.039862,-1041812.7365225987,True,9929024,reserved,3.1,37.6,0.0,13859856.693652464,0.0,19.974935511208656,5515295.423948231,175058.33732668153,1002.78,1
2026-09-13T21:48:09.321264+00:00,1789336089.321264,F_lat_eastus_rep3,r3-pub,F01,load,16,1,1000,6,23.2,2279621197,22042572,800432545662,60320,1789156079.537691,5949457.55,192964.18600000002,84715725,80667596,427261376,7875,21462,16055179,4813115658,11084509.907,784469.136,178/E1324000,178/E1394B50,1,1.0006356239318848,5831784,5828079.533171788,5.558089764758861,3751,3748.617289139546,3748,3745.6191948000583,0.0,0.0,5853559.337598315,0.0,streaming,178/E1321EF8,178/E1321EF8,178/E1321E28,8456,8456,1306664,8664,0.040134,0.227848,0.040134,-559.6442767043843,True,15786304,reserved,2.9,37.6,0.0,14269585.90969771,0.0,22.985389936072927,5885860.806011956,167130.76768430558,1002.77,1
2026-09-13T21:48:10.321617+00:00,1789336090.3216178,F_lat_eastus_rep3,r3-pub,F01,load,16,1,1000,6,23.2,2279644084,22042572,800438385867,60320,1789156079.537691,5949487.6899999995,192964.18600000002,84719494,80667596,427265142,7875,21462,16055179,4813157234,11084509.907,784476.568,178/E1852000,178/E1936B28,2,1.0003538131713867,5840205,5838139.389387643,5.567683591258662,3769,3767.6669498077595,3766,3764.668010871855,0.0,0.0,5429375.01560708,0.0,streaming,178/E1843FD8,178/E1843FD8,178/E1843A50,57384,57384,562616,58800,0.039452,0.039452,0.039452,50118.26749683254,True,21217600,reserved,5.4,37.6,0.0,5429375.01560708,0.0,10.996109431649073,5427426.704945055,153293.76264768382,1002.77,1
2026-09-13T21:48:11.321935+00:00,1789336091.3219352,F_lat_eastus_rep3,r3-pub,F01,load,16,1,1000,6,23.2,2279667172,22042572,800444274375,60320,1789156079.537691,5949522.745,192964.18600000002,84723290,80667596,427268935,7875,21462,16055179,4813199313,11084509.907,784484.58,178/E1E98000,178/E1EDFF60,1,1.0003173351287842,5888508,5886639.962349442,5.613937342023317,3796,3794.7957779930807,3793,3791.7967296964584,0.0,0.0,6576089.175894471,0.0,streaming,178/E1E95E48,178/E1E95E48,178/E1E95E48,8632,8632,955648,8632,0.040768,0.040768,0.040768,-50152.08498165355,True,27795776,reserved,5.6,37.6,0.0,14110338.293980291,0.0,18.993972545276222,6675640.5847353265,192389.94791110285,1002.76,1
2026-09-13T21:48:12.322097+00:00,1789336092.322097,F_lat_eastus_rep3,r3-pub,F01,load,16,1,1000,6,23.2,2279690542,22042573,800450249978,60320,1789156079.537691,5949557.104,192964.18600000002,84727129,80667596,427272771,7875,21462,16055179,4813241697,11084509.907,784492.478,178/E241BE48,178/E24B0DD0,1,1.00016188621521,5975603,5974635.788824889,5.697856701683892,3839,3838.3786194127606,3836,3835.3791049927972,0.0,0.0,5782175.945420518,0.0,streaming,178/E2419DC8,178/E2419DC8,178/E2419378,8320,8320,1601424,10960,0.040768,0.040768,0.040768,2327.6231898913534,True,33578888,reserved,6.7,37.6,0.0,7641898.88191299,0.0,91.98510887886792,5835336.339485523,170933.3282504363,1002.76,1
2026-09-13T21:48:13.322471+00:00,1789336093.3224711,F_lat_eastus_rep3,r3-pub,F01,load,16,1,1000,6,23.2,2279714205,22042573,800456300804,60320,1789156079.537691,5949588.9059999995,192964.18600000002,84731025,80667596,427276664,7875,21462,16055179,4813284766,11084509.907,784501.504,178/E2A2BE18,178/E2A7F358,3,1.0003740787506104,6050826,6048563.360974939,5.7683595285176645,3896,3894.5431341701715,3893,3891.5442559867756,0.0,0.0,6354566.891556537,0.0,streaming,178/E2A29E20,178/E2A29E20,178/E2A29C90,8184,8184,749448,8584,0.040051,0.040051,0.040051,-2375.1115212495706,True,39935832,reserved,5.8,37.7,0.0,6379181.68368585,0.0,11.995512733583691,6406056.630339383,177308.67259328393,1002.75,1
2026-09-13T21:48:14.323180+00:00,1789336094.3231804,F_lat_eastus_rep3,r3-pub,F01,load,16,1,1000,6,23.2,2279738147,22042573,800462414162,60320,1789156079.537691,5949620.943,192964.18600000002,84734970,80667596,427280606,7875,21462,16055179,4813328369,11084509.907,784509.903,178/E304A000,178/E3072998,2,1.0007092952728271,6113358,6109024.897518607,5.826020143049819,3945,3942.203813470584,3942,3939.205939848173,0.0,0.0,6410277.2206698675,0.0,streaming,178/E2FFFC58,178/E2F438C0,178/E2F438C0,304040,1075008,2017944,1075008,0.039859,0.039859,0.039859,1065668.126635375,True,46350656,reserved,3.3,37.7,0.0,8902485.509111974,0.0,50.96385158098854,6188656.415259505,174522.2122198691,1002.75,1
2026-09-13T21:48:15.326823+00:00,1789336095.326039,F_lat_eastus_rep3,r3-pub,F01,load,16,1,1000,6,23.2,2279762433,22042573,800468610872,60320,1789156079.537691,5949657.907,192964.18600000002,84738973,80667596,427284606,7875,21462,16055179,4813372330,11084509.907,784518.062,178/E3627D18,178/E36717F8,1,1.0028586387634277,6196710,6179046.3386154175,5.8927977930216,4003,3991.589487563161,4000,3988.598039033886,0.0,0.0,6133913.35750473,0.0,streaming,178/E3625EB8,178/E3625EB8,178/E3625E50,7776,7776,951544,7880,0.040540,0.040540,0.040540,-1064086.1620495382,True,52502104,reserved,6.0,37.6,0.0,14981301.869748525,0.0,31.908784312271088,6479729.793236516,192212.5338000625,1002.74,1
2026-09-13T21:48:16.327032+00:00,1789336096.3270323,F_lat_eastus_rep3,r3-pub,F01,load,16,1,1000,6,23.2,2279787007,22042573,800474904174,60320,1789156079.537691,5949690.475,192964.18600000002,84743015,80667596,427288645,7875,21462,16055179,4813416991,11084509.907,784526.386,178/E3C70000,178/E3C89760,1,1.000993251800537,6293302,6287057.368948212,5.995805138538563,4042,4037.9892598970578,4039,4034.9922366957485,0.0,0.0,6580575.831207083,0.0,streaming,178/E3C65E10,178/E3B63FC8,178/E3B62618,41456,1097784,2339688,1104360,0.040542,0.040542,0.040542,1095391.9999237817,True,59089216,reserved,5.6,37.6,0.0,15827607.20064976,0.0,20.979162409163337,6617457.198722391,154451.5906794618,1002.74,1
2026-09-13T21:48:17.327410+00:00,1789336097.3274102,F_lat_eastus_rep3,r3-pub,F01,load,16,1,1000,6,23.2,2279811897,22042573,800481266077,60320,1789156079.537691,5949723.88,192964.18600000002,84747111,80667596,427292738,7875,21462,16055179,4813462697,11084509.907,784534.733,178/E420E000,178/E42A1CC8,1,1.000377893447876,6361903,6359499.786698838,6.064891611765707,4096,4094.452733139509,4093,4091.4538663916037,0.0,0.0,5887823.030254614,0.0,streaming,178/E420BFE0,178/E420BFE0,178/E420B548,8224,8224,1130952,10936,0.040382,0.211829,0.040382,-1093010.9583203942,True,64979264,reserved,6.3,37.6,0.0,5916484.19938659,0.0,12.995089240921292,5920590.647586721,198929.82572227245,1002.73,1
2026-09-13T21:48:18.327757+00:00,1789336098.3277574,F_lat_eastus_rep3,r3-pub,F01,load,16,1,1000,6,23.2,2279836833,22042574,800487657152,60320,1789156079.537691,5949757.398,192964.18600000002,84751211,80667596,427296835,7875,21462,16055179,4813508287,11084509.907,784543.92,178/E4866000,178/E48C6E20,1,1.0003471374511719,6391075,6388857.188399718,6.092889011764258,4100,4098.577230346827,4097,4095.578271397792,0.0,0.0,6649595.676305604,0.0,streaming,178/E4863C00,178/E4863C00,178/E4863060,9216,9216,1563760,12192,0.039438,0.211857,0.039438,1255.564146662345,True,71631168,reserved,6.2,37.6,0.0,15035292.686819075,0.0,18.993406677217,6691084.274059527,185296.67658398,1002.72,1
2026-09-13T21:48:19.328588+00:00,1789336099.3285887,F_lat_eastus_rep3,r3-pub,F01,load,16,1,1000,6,23.2,2279862036,22042574,800494101324,60320,1789156079.537691,5949790.859,192964.18600000002,84755351,80667596,427300971,7875,21462,16055179,4813554629,11084509.907,784552.723,178/E4EBA000,178/E4EEAE28,1,1.0008313655853271,6444172,6438818.987483655,6.1405362963520576,4140,4136.5610055383895,4136,4132.564328238352,0.0,0.0,6630008.039485529,0.0,streaming,178/E4EB6000,178/E4DA9F10,178/E4DA9F10,16384,1114352,2021648,1114352,0.040236,0.040236,0.040236,1101244.46325222,True,78266688,reserved,2.9,37.6,0.0,15068944.198386246,0.0,21.981725150204,6671770.319762942,182587.20328286948,1002.72,1
2026-09-13T21:48:20.328959+00:00,1789336100.3289597,F_lat_eastus_rep3,r3-pub,F01,load,16,1,1000,6,23.2,2279887174,22042574,800500502437,60320,1789156079.537691,5949824.06,192964.18600000002,84759483,80667596,427305101,7875,21462,16055179,4813600124,11084509.907,784561.37,178/E5430000,178/E550DD70,1,1.000370979309082,6401113,6398739.200152531,6.10231323256734,4132,4130.467681953163,4130,4128.468423636632,0.0,0.0,5724084.483093335,0.0,streaming,178/E542DB90,178/E542DB90,178/E542DB90,9328,9328,542952,9328,0.040672,0.040672,0.040672,-1104614.2109832072,True,83992896,reserved,6.9,37.6,0.0,14216038.14399146,0.0,30.98850390623138,5772332.5840461785,170030.92204601679,1002.71,1
2026-09-13T21:48:21.329090+00:00,1789336101.3290908,F_lat_eastus_rep3,r3-pub,F01,load,16,1,1000,6,23.2,2279912213,22042574,800506921904,60320,1789156079.537691,5949860.686,192964.18600000002,84763603,80667596,427309218,7875,21462,16055179,4813645600,11084509.907,784570.03,178/E5A68D28,178/E5B2B560,1,1.0001311302185059,6419467,6418625.324258722,6.121278118380282,4120,4119.45981433442,4117,4116.460207673497,0.0,0.0,6523344.5923982095,0.0,streaming,178/E5A67FD0,178/E5A67FD0,178/E5A67B08,3416,3416,885952,4640,0.040626,0.040626,0.040626,-4687.385342135864,True,90517096,reserved,5.2,37.7,0.0,6528167.959908974,0.0,12.99829553066686,6582084.88977018,184010.8706143289,1002.71,1
2026-09-13T21:48:22.329480+00:00,1789336102.32948,F_lat_eastus_rep3,r3-pub,F01,load,16,1,1000,6,23.2,2279937194,22042574,800513300327,60320,1789156079.537691,5949905.914,192964.18600000002,84767721,80667596,427313333,7875,21462,16055179,4813691480,11084509.907,784579.326,178/E6112000,178/E6143EF8,1,1.0003890991210938,6378423,6375942.126522426,6.080572248957086,4118,4116.398313034327,4115,4113.399479877672,0.0,0.0,6981691.430000839,0.0,streaming,178/E610FFC8,178/E5FFFF08,178/E5FFFE48,8248,1122552,1127136,1122744,0.041235,0.052793,0.041235,1117669.1159293184,True,4486960,reserved,4.3,37.6,0.0,17814764.29087193,0.0,62.97549628974322,7032803.542322857,207885.11208559902,1002.7,1
2026-09-13T21:48:23.329757+00:00,1789336103.3297203,F_lat_eastus_rep3,r3-pub,F01,load,16,1,1000,6,23.2,2279962065,22042574,800519664978,60320,1789156079.537691,5949939.858,192964.18600000002,84771817,80667596,427317425,7875,21462,16055179,4813736784,11084509.907,784588.613,178/E6741BF0,178/E6759938,1,1.0002403259277344,6364651,6363121.77685569,6.068345810752573,4096,4095.015861513995,4092,4091.016822586735,0.0,0.0,6485465.37451708,0.0,streaming,178/E673FBC8,178/E6633FE8,178/E6633F68,8232,1104904,2471432,1105032,0.045555,0.204607,0.045555,-17707.74436990622,True,10973984,reserved,10.4,37.6,0.0,14873097.609018829,0.0,15.996155709039042,6534807.516321074,151688.54530962178,1002.7,1
2026-09-13T21:48:24.329971+00:00,1789336104.3299716,F_lat_eastus_rep3,r3-pub,F01,load,16,1,1000,6,23.2,2279986950,22042575,800526030117,60320,1789156079.537691,5949969.179,192964.18600000002,84775908,80667596,427321516,7875,21462,16055179,4813782090,11084509.907,784596.455,178/E6C72000,178/E6D62768,1,1.000251293182373,6365139,6363539.885810937,6.068744550524651,4091,4089.972217865555,4091,4089.972217865555,0.0,0.0,5439161.175878674,0.0,streaming,178/E6C6FFD8,178/E6C6FFD8,178/E6C6EE58,8232,8232,1259640,12712,0.040107,0.213123,0.040107,-1092045.5763918122,True,16414512,reserved,2.9,37.7,0.0,5577350.449856246,0.0,16.995729089150437,5486793.206274172,181955.27587967462,1002.69,1
2026-09-13T21:48:25.330589+00:00,1789336105.3305895,F_lat_eastus_rep3,r3-pub,F01,load,16,1,1000,6,23.2,2280011635,22042575,800532338145,60320,1789156079.537691,5950014.096,192964.18600000002,84779973,80667596,427325576,7875,21462,16055179,4813826940,11084509.907,784604.883,178/E7328000,178/E7371850,1,1.0006179809570312,6308028,6304132.166370574,6.012088934298109,4065,4062.489458876274,4060,4057.4925468727365,0.0,0.0,7032581.998246323,0.0,streaming,178/E7325FE0,178/E7325FE0,178/E7325F18,8224,8224,1258096,8424,0.040790,0.210960,0.040790,-4285.351734234063,True,23451440,reserved,2.7,37.6,0.0,15436476.551447546,0.0,24.984560017689265,7072833.123817221,201715.34375881605,1002.69,1
2026-09-13T21:48:26.330705+00:00,1789336106.330705,F_lat_eastus_rep3,r3-pub,F01,load,16,1,1000,6,23.2,2280036301,22042575,800538643095,60320,1789156079.537691,5950046.475,192964.18600000002,84784032,80667596,427329632,7875,21462,16055179,4813872084,11084509.907,784612.897,178/E795C000,178/E79731D8,1,1.0001153945922852,6304950,6304222.526811844,6.012175108730167,4059,4058.5316673929647,4056,4055.5320135367983,0.0,0.0,6503697.508477664,0.0,streaming,178/E7959FD0,178/E7851FC8,178/E78514F0,8240,1089592,2437832,1092368,0.040260,0.040260,0.040260,1083818.9331560975,True,29955888,reserved,6.5,37.6,0.0,14960961.585937597,0.0,32.99619241782898,6552991.820180662,154606.1592852845,1002.68,1
2026-09-13T21:48:27.331070+00:00,1789336107.33107,F_lat_eastus_rep3,r3-pub,F01,load,16,1,1000,6,23.2,2280060963,22042575,800544934069,60320,1789156079.537691,5950082.0649999995,192964.18600000002,84788083,80667596,427333680,7875,21462,16055179,4813917031,11084509.907,784620.861,178/E7E88000,178/E7F78A08,1,1.0003650188446045,6290974,6288678.513834791,5.997351182780067,4051,4049.5218482137643,4048,4046.5229428707275,0.0,0.0,5421125.187147731,0.0,streaming,178/E7E85D08,178/E7E85D08,178/E7E85338,8952,8952,1098728,11464,0.040525,0.040525,0.040525,-1080509.5936365467,True,35378992,reserved,2.5,37.6,0.0,13806672.304427605,0.0,20.992337401256247,5457612.868456458,183428.04530683404,1002.68,1
2026-09-13T21:48:28.331440+00:00,1789336108.3314164,F_lat_eastus_rep3,r3-pub,F01,load,16,1,1000,6,23.2,2280085572,22042575,800551221392,60320,1789156079.537691,5950121.046,192964.18600000002,84792127,80667596,427337721,7875,21462,16055179,4813961935,11084509.907,784629.312,178/E852E000,178/E8577348,1,1.0003464221954346,6287323,6285145.686032819,5.9939820156410395,4044,4042.599553787314,4041,4039.600592694,0.0,0.0,6968977.791413563,0.0,streaming,178/E852BBF8,178/E852BBF8,178/E852BBF8,9224,9224,915800,9224,0.039699,0.039699,0.039699,-2239.22428300781,True,42350384,reserved,4.5,37.7,0.0,7034491.0961507065,0.0,24.991342444283593,7021710.5236247,199850.76725844704,1002.67,1
2026-09-13T21:48:29.331866+00:00,1789336109.3318038,F_lat_eastus_rep3,r3-pub,F01,load,16,1,1000,6,23.2,2280110090,22042575,800557497887,60320,1789156079.537691,5950151.806,192964.18600000002,84796160,80667596,427341751,7875,21462,16055179,4814006717,11084509.907,784637.632,178/E8B62000,178/E8B79DB0,1,1.00038743019104,6276495,6274064.238093638,5.98341392335285,4033,4031.4380991670737,4030,4028.4392610075147,0.0,0.0,6501928.956422284,0.0,streaming,178/E8B5FB48,178/E8A59BA0,178/E8A58F90,9400,1082464,2234328,1085552,0.039699,0.039699,0.039699,1075911.1595339198,True,48854832,reserved,7.3,37.6,0.0,14911854.69728587,0.0,25.989930716177515,6537851.039122921,151328.37082038328,1002.66,1
2026-09-13T21:48:30.332100+00:00,1789336110.3320723,F_lat_eastus_rep3,r3-pub,F01,load,16,1,1000,6,23.2,2280134578,22042576,800563773727,60320,1789156079.537691,5950185.867,192964.18600000002,84800194,80667596,427345782,7875,21462,16055179,4814051584,11084509.907,784646.197,178/E9110D68,178/E916FB10,1,1.0002684593200684,6275840,6274155.64444169,5.983501095239344,4034,4032.9173257568355,4031,4029.9181309186424,0.0,0.0,5957416.675969806,0.0,streaming,178/E910FFE8,178/E910FFE8,178/E910FAD0,3456,3456,87832,4760,0.040037,0.211948,0.040037,-1080501.929186758,True,54813848,reserved,5.8,37.6,0.0,14356721.804226028,0.0,25.99302193100588,6029744.258956054,203678.3206565239,1002.66,1
2026-09-13T21:48:31.332668+00:00,1789336111.3326688,F_lat_eastus_rep3,r3-pub,F01,load,16,1,1000,6,23.2,2280159027,22042576,800570010171,60320,1789156079.537691,5950218.054,192964.18600000002,84804223,80667596,427349808,7875,21462,16055179,4814096060,11084509.907,784654.527,178/E973C000,178/E976D710,1,1.000596523284912,6236444,6232726.033792365,5.943990739624372,4029,4026.5980405098544,4026,4023.5998290128255,0.0,0.0,6464391.839744796,0.0,streaming,178/E9739C90,178/E9631FE0,178/E9631FE0,9072,1089568,1480288,1089568,0.039780,0.194872,0.039780,1084161.2725563203,True,61282096,reserved,2.5,37.6,0.0,14994703.310325043,0.0,32.98032646731824,6502249.256913949,192865.95096938004,1002.65,1
2026-09-13T21:48:32.332946+00:00,1789336112.3329465,F_lat_eastus_rep3,r3-pub,F01,load,16,1,1000,6,23.2,2280183506,22042576,800576269895,60320,1789156079.537691,5950252.467,192964.18600000002,84808251,80667596,427353833,7875,21462,16055179,4814140705,11084509.907,784662.976,178/E9D6A000,178/E9D6AF18,1,1.0002777576446533,6259724,6257985.7966048615,5.968080326657163,4028,4026.8815028784625,4025,4023.882335920013,0.0,0.0,6478072.665794455,0.0,streaming,178/E9CB96F8,178/E9C60000,178/E9C5F9E8,723208,1089536,1783128,1091096,0.039537,0.039537,0.039537,1527.57570417038,True,67761968,reserved,4.7,37.6,0.0,6486262.391035663,0.0,17.995001750698194,5996138.5266858125,148479.75861196924,1002.65,1
2026-09-13T21:48:33.333702+00:00,1789336113.3337026,F_lat_eastus_rep3,r3-pub,F01,load,16,1,1000,6,23.2,2280208039,22042576,800582550115,60320,1789156079.537691,5950285.137,192964.18600000002,84812285,80667596,427357864,7875,21462,16055179,4814185389,11084509.907,784671.184,178/EA324000,178/EA36C098,1,1.000756025314331,6280220,6275475.581600843,5.984759885407298,4034,4030.9524978707436,4031,4027.954764233259,0.0,0.0,6000199.697137922,0.0,streaming,178/EA321F98,178/EA321F98,178/EA321ED0,8296,8296,584104,8496,0.039666,0.039666,0.039666,-1081782.1453135516,True,73766704,reserved,6.3,37.6,0.0,14419306.639165688,0.0,24.981113645703665,6564332.1986861145,191036.57151597092,1002.64,1
2026-09-13T21:48:34.334391+00:00,1789336114.3343215,F_lat_eastus_rep3,r3-pub,F01,load,16,1,1000,6,23.2,2280232613,22042576,800588829852,60320,1789156079.537691,5950317.676,192964.18600000002,84816327,80667596,427361903,7875,21462,16055179,4814230217,11084509.907,784679.812,178/EA953F68,178/EA96C460,1,1.0006189346313477,6279737,6275852.657449069,5.985119492959089,4042,4039.499813671996,4039,4036.5016693273606,0.0,0.0,6483898.890430556,0.0,streaming,178/EA951FD8,178/EA849FC0,178/EA849FC0,8080,1089448,2952648,1089448,0.039497,0.039497,0.039497,1080283.375207415,True,80254616,reserved,2.7,37.6,0.0,15055769.462877838,0.0,33.97896923920036,6540021.154417785,159546.2512997689,1002.64,1
2026-09-13T21:48:35.335453+00:00,1789336115.3354535,F_lat_eastus_rep3,r3-pub,F01,load,16,1,1000,6,23.2,2280257189,22042576,800595109670,60320,1789156079.537691,5950345.28,192964.18600000002,84820363,80667596,427365936,7875,21462,16055179,4814275235,11084509.907,784687.947,178/EAE80000,178/EAF70AF0,1,1.0011320114135742,6279818,6272717.2125213025,5.982129299660971,4036,4031.436368018305,4033,4028.439760212543,0.0,0.0,5417123.754081636,0.0,streaming,178/EAE7DDE8,178/EAE7DDE8,178/EAE7DDE8,8728,8728,1152648,8728,0.040677,0.040677,0.040677,-1079497.9959476567,True,85677872,reserved,6.4,37.6,0.0,13812460.137474839,0.0,21.975123908920395,5439755.135100018,174603.34701832698,1002.63,1
2026-09-13T21:48:36.335713+00:00,1789336116.3357134,F_lat_eastus_rep3,r3-pub,F01,load,16,1,1000,6,23.2,2280281840,22042577,800601413088,60320,1789156079.537691,5950389.267,192964.18600000002,84824412,80667596,427369982,7875,21462,16055179,4814320030,11084509.907,784696.344,178/EB530000,178/EB577D78,1,1.0002598762512207,6303418,6301780.316955213,6.009846035914625,4049,4047.9480344396734,4046,4044.948813865873,0.0,0.0,7010530.1297108205,0.0,streaming,178/EB523C50,178/EB523C50,178/EB523C50,50096,50096,971440,50096,0.040070,0.213006,0.040070,41357.252232329076,True,92690224,reserved,4.1,37.6,0.0,7039194.680474825,0.0,20.994544016604877,6997449.5290482845,192078.08346772674,1002.63,1
2026-09-13T21:48:37.335964+00:00,1789336117.3359642,F_lat_eastus_rep3,r3-pub,F01,load,16,1,1000,6,23.2,2280306402,22042577,800607699937,60320,1789156079.537691,5950427.034,192964.18600000002,84828454,80667596,427374021,7875,21462,16055179,4814365108,11084509.907,784705.152,178/EBB4E000,178/EBB7EC08,1,1.0002508163452148,6286849,6285272.550910101,5.994103003416158,4042,4040.986454546408,4039,4037.9872068067643,0.0,0.0,6412727.583104747,0.0,streaming,178/EBB4BBB8,178/EBB4BBB8,178/EBB4B630,9288,9288,1208792,10704,0.027824,0.048020,0.027824,-39382.12232001289,True,4056608,reserved,3.7,37.6,0.0,14316025.306854531,0.0,32.99172513607903,6496352.608581489,191006.09254995285,1002.62,1
2026-09-13T21:48:38.336460+00:00,1789336118.3364427,F_lat_eastus_rep3,r3-pub,F01,load,16,1,1000,6,23.2,2280330976,22042577,800614003113,60320,1789156079.537691,5950465.084,192964.18600000002,84832500,80667596,427378064,7875,21462,16055179,4814409793,11084509.907,784713.729,178/EC10A000,178/EC183748,1,1.0004785060882568,6303176,6300161.334444468,6.008302053875416,4046,4044.064890328672,4043,4041.066325160361,0.0,0.0,6010052.153453832,0.0,streaming,178/EC107C18,178/EC107C18,178/EC107C18,9192,9192,63376,9192,0.039523,0.193340,0.039523,-1511.276844828708,True,10069536,reserved,3.5,37.7,0.0,7913781.207511073,0.0,84.9593464354763,6051976.092593709,175542.00208325835,1002.62,1
2026-09-13T21:48:39.337477+00:00,1789336119.3374772,F_lat_eastus_rep3,r3-pub,F01,load,16,1,1000,6,23.2,2280355514,22042577,800620289117,60320,1789156079.537691,5950499.693,192964.18600000002,84836541,80667596,427382102,7875,21462,16055179,4814454300,11084509.907,784722.266,178/EC73C000,178/EC784FC0,1,1.0010344982147217,6286004,6279507.860329159,5.988605366067084,4041,4036.823912868991,4038,4033.8270131563936,0.0,0.0,6489542.57978685,0.0,streaming,178/EC73A000,178/EC73A000,178/EC739F30,8192,8192,1367960,8400,0.039214,0.212253,0.039214,-791.1815241257711,True,16565792,reserved,6.4,37.7,0.0,6616387.359089116,0.0,22.97623112991507,6539711.679942305,178965.86013719195,1002.61,1
2026-09-13T21:48:40.337997+00:00,1789336120.337997,F_lat_eastus_rep3,r3-pub,F01,load,16,1,1000,6,23.2,2280380140,22042577,800626590109,60320,1789156079.537691,5950536.866,192964.18600000002,84840594,80667596,427386152,7875,21462,16055179,4814498985,11084509.907,784730.992,178/ECD72000,178/ECDA2DC8,1,1.0005197525024414,6300992,6297718.744922655,6.005972618982939,4053,4050.894537427046,4050,4047.8960958745465,0.0,0.0,6509256.797490471,0.0,streaming,178/ECD70000,178/ECC65FA8,178/ECC65ED8,8192,1097816,1691920,1098024,0.040617,0.040617,0.040617,1089057.959400298,True,23078432,reserved,2.9,37.7,0.0,9276714.404473841,0.0,30.98389604249653,6552159.498704153,177429.78042761513,1002.61,1
2026-09-13T21:48:41.343020+00:00,1789336121.3425949,F_lat_eastus_rep3,r3-pub,F01,load,16,1,1000,6,23.2,2280404691,22042577,800632861924,60320,1789156079.537691,5950574.768,192964.18600000002,84844637,80667596,427390192,7875,21462,16055179,4814543590,11084509.907,784740.67,178/ED316000,178/ED3A8580,1,1.0045979022979736,6271815,6243109.791144794,5.9538934623191775,4043,4024.4957616891443,4040,4021.5094922641956,0.0,0.0,5887553.6037558485,0.0,streaming,178/ED311E90,178/ED311E90,178/ED311E40,16752,16752,410976,16832,0.023021,0.047156,0.023021,-1076243.537366364,True,28993056,reserved,3.7,37.7,0.0,15359012.759936482,0.0,33.844386816084814,5925534.969148628,193317.14664719318,1002.6,1
2026-09-13T21:48:42.343062+00:00,1789336122.3430622,F_lat_eastus_rep3,r3-pub,F01,load,16,1,1000,6,23.2,2280429370,22042578,800639181444,60320,1789156079.537691,5950611.136,192964.18600000002,84848697,80667596,427394249,7875,21462,16055179,4814588476,11084509.907,784750.428,178/ED94B740,178/ED9AC098,1,1.000467300415039,6319520,6316568.265028129,6.023948922184114,4060,4058.1036464817275,4057,4055.1050477281697,0.0,0.0,6507359.108387842,0.0,streaming,178/ED949D90,178/ED949D90,178/ED948710,6576,6576,632520,12336,0.040313,0.040313,0.040313,-4493.89999866548,True,35503456,reserved,4.8,37.7,0.0,14894287.89308585,0.0,21.98972419275813,6556430.1774569,188995.682239249,1002.6,1
2026-09-13T21:48:43.343632+00:00,1789336123.343632,F_lat_eastus_rep3,r3-pub,F01,load,16,1,1000,6,23.2,2280453981,22042578,800645465583,60320,1789156079.537691,5950649.058,192964.18600000002,84852744,80667596,427398291,7875,21462,16055179,4814633225,11084509.907,784758.614,178/EDF80000,178/EDFB0E78,1,1.0005698204040527,6284139,6280560.208644233,5.9896089636270835,4047,4044.6952501183073,4042,4039.698097597776,0.0,0.0,6502982.467902591,0.0,streaming,178/EDF7DBC8,178/EDE6FC28,178/EDE6FC28,9272,1115096,1988128,1115096,0.042068,0.042068,0.042068,1102131.9827082937,True,42010144,reserved,12.7,37.7,0.0,6517118.412952672,0.0,15.99088806570124,6555280.667321468,174656.47717560537,1002.59,1
2026-09-13T21:48:44.344821+00:00,1789336124.3448217,F_lat_eastus_rep3,r3-pub,F01,load,16,1,1000,6,23.2,2280478603,22042578,800651754920,60320,1789156079.537691,5950686.617,192964.18600000002,84856791,80667596,427402336,7875,21462,16055179,4814677958,11084509.907,784766.753,178/EE524000,178/EE5B5AB8,1,1.0011897087097168,6289337,6281863.412385034,5.990851795563731,4047,4042.1909701964187,4045,4040.1933467863882,0.0,0.0,5907595.681963682,0.0,streaming,178/EE521BE0,178/EE521BE0,178/EE520FB0,9248,9248,808200,12368,0.040181,0.040181,0.040181,-1101417.6338479754,True,47924768,reserved,2.1,37.7,0.0,14384422.726997443,0.0,29.96435115045529,5946671.193487287,185267.58553985503,1002.58,1
2026-09-13T21:48:45.345381+00:00,1789336125.3453736,F_lat_eastus_rep3,r3-pub,F01,load,16,1,1000,6,23.2,2280503218,22042578,800658055166,60320,1789156079.537691,5950724.858,192964.18600000002,84860844,80667596,427406387,7875,21462,16055179,4814722864,11084509.907,784775.087,178/EEB54000,178/EEBB6328,1,1.0005519390106201,6300246,6296770.566683323,6.005068365748714,4053,4050.764225201287,4051,4048.765328470371,0.0,0.0,6484484.959786914,0.0,streaming,178/EEB51C38,178/EEB51C38,178/EEB51C38,9160,9160,1116672,9160,0.040140,0.040140,0.040140,-3206.230356389274,True,54412832,reserved,7.2,37.7,0.0,14942152.842943331,0.0,32.98179606011411,6548496.629249403,186480.07437225062,1002.58,1
2026-09-13T21:48:46.346150+00:00,1789336126.3461354,F_lat_eastus_rep3,r3-pub,F01,load,16,1,1000,6,23.2,2280527730,22042578,800664317240,60320,1789156079.537691,5950761.817,192964.18600000002,84864887,80667596,427410427,7875,21462,16055179,4814767597,11084509.907,784782.978,178/EF10A000,178/EF1B2560,1,1.0007617473602295,6262074,6257307.512520193,5.967433464546388,4043,4039.922599624205,4040,4036.9248831268333,0.0,0.0,5983793.860822361,0.0,streaming,178/EF107D58,178/EF107D58,178/EF107D58,8872,8872,1095352,8872,0.040140,0.213827,0.040140,-287.78078374765545,True,60401184,reserved,3.7,37.7,0.0,16338785.972915776,0.0,41.96803096319975,6055993.862661552,174584.0110904136,1002.57,1
2026-09-13T21:48:47.346935+00:00,1789336127.346935,F_lat_eastus_rep3,r3-pub,F01,load,16,1,1000,6,23.2,2280552322,22042578,800670594439,60320,1789156079.537691,5950798.063,192964.18600000002,84868938,80667596,427414475,7875,21462,16055179,4814812433,11084509.907,784790.776,178/EF744000,178/EF7BB978,1,1.0007996559143066,6277199,6272183.411439426,5.981620227279116,4051,4047.7631822316157,4048,4044.7655792825426,0.0,0.0,6523807.198989532,0.0,streaming,178/EF741BC8,178/EF741BC8,178/EF7409F0,9272,9272,1283992,13840,0.040313,0.045554,0.040313,4964.030483664939,True,66930208,reserved,2.9,37.7,0.0,6540178.107895402,0.0,15.987215728389497,6546860.764069869,180773.4434467982,1002.57,1
2026-09-13T21:48:48.347898+00:00,1789336128.347899,F_lat_eastus_rep3,r3-pub,F01,load,16,1,1000,6,23.2,2280576881,22042579,800676888635,60320,1789156079.537691,5950833.699,192964.18600000002,84872981,80667596,427418515,7875,21462,16055179,4814857403,11084509.907,784799.49,178/EFD78000,178/EFDC2EC0,1,1.0009639263153076,6294196,6288134.701487037,5.996832562911069,4043,4039.106598859027,4040,4036.1094878531953,0.0,0.0,6498184.229219738,0.0,streaming,178/EFD75E78,178/EFD75E78,178/EFD75E28,8584,8584,586512,8664,0.040620,0.212723,0.040620,-5171.015522061421,True,73434656,reserved,6.2,37.7,0.0,14878714.016022021,0.0,21.978814042764927,6540766.183353592,179970.52167817476,1002.56,1
2026-09-13T21:48:49.348273+00:00,1789336129.3482735,F_lat_eastus_rep3,r3-pub,F01,load,16,1,1000,6,23.2,2280601552,22042579,800683211835,60320,1789156079.537691,5950886.517,192964.18600000002,84877039,80667596,427422570,7875,21462,16055179,4814902424,11084509.907,784807.6,178/F031F5F0,178/F03C6798,1,1.0003745555877686,6323200,6320832.496868948,6.028015610569905,4058,4056.480622516162,4055,4053.481745762207,0.0,0.0,5926212.304067208,0.0,streaming,178/F031DC98,178/F031DC98,178/F031DC98,6488,6488,1363736,6488,0.040048,0.040048,0.040048,-2175.185272201865,True,79363088,reserved,6.5,37.7,0.0,14457560.839801949,0.0,28.989141954896176,5975187.959961629,164233.48543033336,1002.56,1
2026-09-13T21:48:50.348385+00:00,1789336130.3483853,F_lat_eastus_rep3,r3-pub,F01,load,16,1,1000,6,23.2,2280626161,22042579,800689485427,60320,1789156079.537691,5950921.792,192964.18600000002,84881090,80667596,427426618,7875,21462,16055179,4814947459,11084509.907,784816.787,178/F094FC10,178/F09C7678,1,1.0001118183135986,6273592,6272890.575954408,5.982294631914528,4051,4050.54707465696,4048,4047.547410074395,0.0,0.0,6488906.421426857,0.0,streaming,178/F094DB90,178/F094DB90,178/F094D1C0,8320,8320,648120,10832,0.039142,0.039142,0.039142,4343.514315554144,True,85852720,reserved,4.3,37.6,0.0,14891390.869785802,0.0,21.99754027214345,6549339.663883599,180687.7957953863,1002.55,1
2026-09-13T21:48:51.349246+00:00,1789336131.3492467,F_lat_eastus_rep3,r3-pub,F01,load,16,1,1000,6,23.2,2280650768,22042579,800695764958,60320,1789156079.537691,5950955.86,192964.18600000002,84885135,80667596,427430663,7875,21462,16055179,4814992431,11084509.907,784825.333,178/F0F84000,178/F0FCC810,1,1.000861406326294,6279531,6274126.427803122,5.98347323208153,4045,4041.518610301252,4045,4041.518610301252,0.0,0.0,6499856.982075634,0.0,streaming,178/F0F7FF90,178/F0F7FF90,178/F0F7F9B8,16496,16496,2009608,17992,0.040463,0.040463,0.040463,7153.837639000485,True,92358176,reserved,3.1,37.7,0.0,6621624.091117571,0.0,26.97676204651021,6539423.898883184,174887.35092952053,1002.55,1
2026-09-13T21:48:52.349569+00:00,1789336132.3495696,F_lat_eastus_rep3,r3-pub,F01,load,16,1,1000,6,23.2,2280675425,22042579,800702076406,60320,1789156079.537691,5950994.708,192964.18600000002,84889195,80667596,427434717,7875,21462,16055179,4815037058,11084509.907,784834.225,178/F152A000,178/F15D2EE0,1,1.0003228187561035,6311448,6309411.203723469,6.017123416636914,4060,4058.6897788141932,4054,4052.69171510166,0.0,0.0,5920904.620935262,0.0,streaming,178/F1527E40,178/F1527E40,178/F1527E40,8640,8640,724160,8640,0.038819,0.038819,0.038819,-9348.981973268556,True,3352848,reserved,3.8,37.6,0.0,14380509.701745948,0.0,35.98838227519974,5989469.486910515,182037.23496624368,1002.54,1
2026-09-13T21:48:53.350189+00:00,1789336133.3501892,F_lat_eastus_rep3,r3-pub,F01,load,16,1,1000,6,23.2,2280700036,22042579,800708356546,60320,1789156079.537691,5951027.759,192964.18600000002,84893251,80667596,427438770,7875,21462,16055179,4815082098,11084509.907,784842.104,178/F1B62000,178/F1BDC148,1,1.000619649887085,6280140,6276250.921824974,5.9854993074655285,4056,4053.4882564595846,4053,4050.490114258061,0.0,0.0,6516793.869414661,0.0,streaming,178/F1B5DE20,178/F1B5DE20,178/F1B5D230,16864,16864,1056768,19920,0.040034,0.040034,0.040034,11273.014677727839,True,9873680,reserved,5.4,37.6,0.0,14916580.942303408,0.0,23.98513761218689,6556984.965006816,183855.0742240171,1002.54,1
2026-09-13T21:48:54.350885+00:00,1789336134.3508856,F_lat_eastus_rep3,r3-pub,F01,load,16,1,1000,6,23.2,2280724703,22042580,800714670233,60320,1789156079.537691,5951061.55,192964.18600000002,84897315,80667596,427442831,7875,21462,16055179,4815127549,11084509.907,784850.737,178/F2108000,178/F21E4870,1,1.0006964206695557,6313687,6309293.077890273,6.017010763063691,4064,4061.171716074311,4061,4058.173803882327,0.0,0.0,5918694.099092615,0.0,streaming,178/F2105FF8,178/F2105FF8,178/F2105978,8200,8200,1089040,9864,0.039478,0.211544,0.039478,-10049.001667530332,True,15796496,reserved,3.9,37.7,0.0,5943252.995769348,0.0,16.988169087909274,5987676.058630167,168386.7319993567,1002.53,1
2026-09-13T21:48:55.351601+00:00,1789336135.3516016,F_lat_eastus_rep3,r3-pub,F01,load,16,1,1000,6,23.2,2280749434,22042580,800720997025,60320,1789156079.537691,5951099.063,192964.18600000002,84901389,80667596,427446902,7875,21462,16055179,4815173019,11084509.907,784858.587,178/F2746000,178/F27EFA20,1,1.000715970993042,6326792,6322265.441333693,6.029382172902769,4074,4071.0852210715107,4071,4068.087367447747,0.0,0.0,6540725.030604623,0.0,streaming,178/F2743EB8,178/F2743EB8,178/F2743EB8,8520,8520,1182016,8520,0.040316,0.040316,0.040316,-1343.0384234462715,True,22341904,reserved,3.9,37.7,0.0,14931517.466611806,0.0,18.98640628383866,6583282.560647577,184802.68663693173,1002.52,1
2026-09-13T21:48:56.352275+00:00,1789336136.3522573,F_lat_eastus_rep3,r3-pub,F01,load,16,1,1000,6,23.2,2280774150,22042580,800727326561,60320,1789156079.537691,5951134.243,192964.18600000002,84905458,80667596,427450968,7875,21462,16055179,4815217907,11084509.907,784867.252,178/F2D80000,178/F2DFB760,1,1.0006556510925293,6329536,6325388.7519541085,6.032360794023617,4069,4066.333903733428,4066,4063.3358693979158,0.0,0.0,6524746.043128347,0.0,streaming,178/F2D79BF0,178/F2D79BF0,178/F2D79BA0,25616,25616,513624,25696,0.040358,0.040358,0.040358,17164.745915587457,True,28870928,reserved,7.5,37.6,0.0,14907857.646846574,0.0,18.987550791579046,6558365.000822005,180698.52481478674,1002.52,1
2026-09-13T21:48:57.352832+00:00,1789336137.352832,F_lat_eastus_rep3,r3-pub,F01,load,16,1,1000,6,23.2,2280798854,22042580,800733628569,60320,1789156079.537691,5951166.5,192964.18600000002,84909524,80667596,427455031,7875,21462,16055179,4815262898,11084509.907,784875.674,178/F3326000,178/F3409ED8,3,1.0005748271942139,6302008,6298387.51557635,6.0066104083789345,4066,4063.664095369831,4063,4060.6658188607043,0.0,0.0,5919413.3602267485,0.0,streaming,178/F3323FC0,178/F3323FC0,178/F3323FC0,8256,8256,1291600,8256,0.040203,0.212976,0.040203,-17429.98077305702,True,34793744,reserved,7.2,37.6,0.0,14421917.889404451,0.0,28.98333958822555,5993142.9784371825,160902.50886228873,1002.51,1
2026-09-13T21:48:58.353511+00:00,1789336138.3535116,F_lat_eastus_rep3,r3-pub,F01,load,16,1,1000,6,23.2,2280823561,22042580,800739943176,60320,1789156079.537691,5951198.726,192964.18600000002,84913586,80667596,427459090,7875,21462,16055179,4815307898,11084509.907,784884.03,178/F3963330,178/F3A173D8,3,1.0006794929504395,6314607,6310319.1826004,6.017989332771683,4062,4059.2417738305526,4059,4056.2438109252125,0.0,0.0,6537685.688662365,0.0,streaming,178/F3961FA0,178/F3961FA0,178/F3961A50,5008,5008,625136,6368,0.040406,0.040406,0.040406,-1886.7179884273962,True,41335872,reserved,5.8,37.7,0.0,6549149.898812385,0.0,11.991851621360569,6572730.875704823,179598.9637702119,1002.51,1
2026-09-13T21:48:59.357785+00:00,1789336139.357786,F_lat_eastus_rep3,r3-pub,F01,load,16,1,1000,6,23.2,2280848209,22042580,800746249015,60320,1789156079.537691,5951232.643,192964.18600000002,84917641,80667596,427463141,7875,21462,16055179,4815353077,11084509.907,784892.468,178/F3F9E000,178/F402EC48,1,1.0042743682861328,6305839,6279000.240503372,5.988121262076732,4055,4037.741207037029,4051,4033.758231740322,0.0,0.0,6504501.365645577,0.0,streaming,178/F3F9BC28,178/F3F9BC28,178/F3F9B658,9176,9176,977200,10664,0.040788,0.040788,0.040788,4277.715468663644,True,47868176,reserved,5.0,37.7,0.0,15086618.237460805,0.0,23.897851780243823,6539341.4463097,183336.3529074372,1002.5,1
2026-09-13T21:49:00.359708+00:00,1789336140.35871,F_lat_eastus_rep3,r3-pub,F01,load,16,1,1000,6,23.2,2280872863,22042581,800752569868,60320,1789156079.537691,5951265.637,192964.18600000002,84921694,80667596,427467192,7875,21462,16055179,4815398185,11084509.907,784901.558,178/F452E000,178/F46365D0,1,1.0009241104125977,6320853,6315017.226824958,6.022469736885984,4053,4049.2580384833427,4051,4047.259884997785,0.0,0.0,5827318.9139141245,0.0,streaming,178/F452BB78,178/F452BB78,178/F452B020,9352,9352,1280176,12256,0.040270,0.040270,0.040270,1590.53017450419,True,53700880,reserved,2.1,37.6,0.0,14212274.289342524,0.0,18.98245811280126,5929471.513633051,173046.08630978185,1002.5,1
2026-09-13T21:49:01.359547+00:00,1789336141.3595474,F_lat_eastus_rep3,r3-pub,F01,load,16,1,1000,6,23.2,2280897465,22042581,800758870855,60320,1789156079.537691,5951299.8149999995,192964.18600000002,84925750,80667596,427471245,7875,21462,16055179,4815443316,11084509.907,784909.452,178/F4B5FEC0,178/F4C395A8,1,1.0008373260498047,6300987,6295715.433465402,6.004062112298395,4056,4052.6066468849517,4053,4049.609156761516,0.0,0.0,6490501.334156618,0.0,streaming,178/F4B5DF50,178/F4B5DF50,178/F4B5DA08,8048,8048,560856,9400,0.039927,0.039927,0.039927,-2853.6105975107057,True,60196816,reserved,10.7,37.7,0.0,6560394.810528141,0.0,20.982430864049306,6480647.584957511,173096.06215803645,1002.49,1
2026-09-13T21:49:02.360008+00:00,1789336142.3599901,F_lat_eastus_rep3,r3-pub,F01,load,16,1,1000,6,23.2,2280922057,22042581,800765165687,60320,1789156079.537691,5951336.77,192964.18600000002,84929805,80667596,427475297,7875,21462,16055179,4815488419,11084509.907,784918.054,178/F520A000,178/F523C730,1,1.0004427433013916,6294832,6292046.23867578,6.000562895465641,4055,4053.205470428804,4052,4050.2067980709035,0.0,0.0,6985003.4365182845,0.0,streaming,178/F5205C08,178/F50FFE70,178/F50FFE20,17400,1089936,1094544,1090016,0.022797,0.022797,0.022797,1080137.7762349918,True,67184912,reserved,5.2,37.7,0.0,15402332.720362255,0.0,21.99026395793679,7024797.817822529,202614.29387861906,1002.49,1
2026-09-13T21:49:03.360723+00:00,1789336143.3606918,F_lat_eastus_rep3,r3-pub,F01,load,16,1,1000,6,23.2,2280946561,22042581,800771433506,60320,1789156079.537691,5951374.626,192964.18600000002,84933844,80667596,427479333,7875,21462,16055179,4815533118,11084509.907,784926.467,178/F595E000,178/F5A30EB0,2,1.000701665878296,6267819,6263424.168979334,5.973266762713751,4039,4036.167958664334,4036,4033.1700621859995,0.0,0.0,7678708.112528045,0.0,streaming,178/F5959B60,178/F5959B60,178/F59589F0,17568,17568,1461416,22032,0.039828,0.045600,0.039828,-1067235.1575058603,True,74869008,reserved,5.6,37.7,0.0,16061434.239637554,0.0,20.985275348341425,5960784.520893814,178514.74229655773,1002.48,1
2026-09-13T21:49:04.361406+00:00,1789336144.3614068,F_lat_eastus_rep3,r3-pub,F01,load,16,1,1000,6,23.2,2280971103,22042581,800777708876,60320,1789156079.537691,5951413.751,192964.18600000002,84937888,80667596,427483374,7875,21462,16055179,4815578695,11084509.907,784936.627,178/F6080000,178/F60B1640,2,1.0007150173187256,6275370,6270886.207757696,5.980383117444702,4044,4041.11053597989,4041,4038.112679499193,0.0,0.0,7473951.9948843345,0.0,streaming,178/F5FFFC10,178/F5F76558,178/F5F76558,525296,1088168,1544000,1088168,0.023111,0.277360,0.023111,1065374.2389682136,True,82348304,reserved,8.3,37.9,0.0,15913869.307836961,0.0,22.983566352012232,6217872.113753046,180848.69005454215,1002.48,1
2026-09-13T21:49:05.361739+00:00,1789336145.361739,F_lat_eastus_rep3,r3-pub,F01,load,16,1,1000,6,23.2,2281036197,22042584,800786497365,60320,1789156079.537691,5951444.285,192964.18600000002,84941931,80667596,427487458,7888,21513,16055179,4815735791,11084509.907,784946.168,178/F6648000,178/F66D0360,1,1.0003321170806885,8788489,8785571.161753578,8.378573571923807,4043,4041.6576964447145,4084,4082.644084165277,12.995683911397796,50.98306765240674,6060067.348123565,0.0,streaming,178/F6645E50,178/F6645E50,178/F6645248,8624,8624,669984,11704,0.041214,0.212877,0.041214,-1076106.6066153015,True,88410384,reserved,9.0,37.7,0.0,6170622.630825819,0.0,13.995351904582241,6472565.350491229,184546.70888579419,1002.47,1
2026-09-13T21:49:06.362362+00:00,1789336146.3623629,F_lat_eastus_rep3,r3-pub,F01,load,16,1,1000,6,23.2,2281060194,22042585,800792629688,60320,1789156079.537691,5951477.901,192964.18600000002,84945880,80667596,427491404,7888,21513,16055179,4815780401,11084509.907,784956.845,178/F6B7C000,178/F6C77E30,1,1.0006239414215088,6132323,6128499.175512715,5.8445922618033554,3949,3946.537591724981,3946,3943.5394623820653,0.0,0.0,5452469.978131111,0.0,streaming,178/F6B79C68,178/F6B79C68,178/F6B790A8,9112,9112,970520,12120,0.040864,0.040864,0.040864,415.74060221767337,True,93866256,reserved,8.4,37.7,0.0,13008971.164039543,0.0,17.988776057495482,5509418.445623351,153962.9361467609,1002.47,1
2026-09-13T21:49:07.362871+00:00,1789336147.3628716,F_lat_eastus_rep3,r3-pub,F01,load,16,1,1000,6,23.2,2281083416,22042585,800798555319,60320,1789156079.537691,5951519.049,192964.18600000002,84949703,80667596,427495224,7888,21513,16055179,4815823058,11084509.907,784965.461,178/F7220000,178/F7220468,1,1.0005087852478027,5925631,5922617.659506467,5.648248347765414,3823,3821.05590312546,3820,3818.0574287050113,0.0,0.0,6959659.028156737,0.0,streaming,178/F71567D0,178/F710FEA0,178/F710F9D8,825392,1114464,2240560,1115688,0.039803,0.039803,0.039803,1103006.8064086733,True,3439320,reserved,8.1,37.7,0.0,9391445.770936208,0.0,108.94457060964561,6358320.980084538,180660.08281499692,1002.46,1
2026-09-13T21:49:08.363523+00:00,1789336148.3635232,F_lat_eastus_rep3,r3-pub,F01,load,16,1,1000,6,23.2,2281106365,22042585,800804436889,60320,1789156079.537691,5951547.015,192964.18600000002,84953479,80667596,427498997,7888,21513,16055179,4815864857,11084509.907,784974.053,178/F773E000,178/F77AFE28,1,1.0006515979766846,5881570,5877740.076458702,5.605449749430372,3776,3773.5411682098584,3773,3770.5431217308783,0.0,0.0,5362265.958351094,0.0,streaming,178/F773BC38,178/F773BC38,178/F773B090,9160,9160,944424,12144,0.039609,0.039609,0.039609,-1102825.4011999418,True,8805080,reserved,6.6,37.7,0.0,8604185.530117556,0.0,31.979162442456428,6053575.5024508955,184817.57324321897,1002.46,1
2026-09-13T21:49:09.364085+00:00,1789336149.364085,F_lat_eastus_rep3,r3-pub,F01,load,16,1,1000,6,23.2,2281129076,22042585,800810245590,60320,1789156079.537691,5951577.1559999995,192964.18600000002,84957223,80667596,427502738,7888,21513,16055179,4815906302,11084509.907,784982.057,178/F7C76000,178/F7D3F7B0,1,1.0005617141723633,5808701,5805440.00207403,5.536499025415449,3744,3741.8981227928875,3741,3738.899806989368,0.0,0.0,5469183.881902275,0.0,streaming,178/F7C73D58,178/F7C73D58,178/F7C73D58,8872,8872,228056,8872,0.040009,0.040009,0.040009,-3270.1631030390836,True,14277336,reserved,3.9,37.7,0.0,5628838.201808104,0.0,15.991017618773025,5511215.272274618,157348.61505292304,1002.45,1
2026-09-13T21:49:10.365461+00:00,1789336150.3654025,F_lat_eastus_rep3,r3-pub,F01,load,16,1,1000,6,23.2,2281151894,22042585,800816087427,60320,1789156079.537691,5951614.05,192964.18600000002,84960986,80667596,427506498,7888,21513,16055179,4815947789,11084509.907,784990.013,178/F8212000,178/F82DD468,1,1.0013175010681152,5841837,5834150.500484067,5.563879490360324,3763,3758.0487667357966,3760,3755.052714038425,0.0,0.0,5874116.844782765,0.0,streaming,178/F81FFB80,178/F81FFB80,178/F81FE180,74880,74880,1137696,81536,0.039649,0.209556,0.039649,72568.39106725749,True,20159192,reserved,4.8,37.7,0.0,14881641.421531824,0.0,25.965790043882727,5863018.4669074705,154740.12971382175,1002.45,1
2026-09-13T21:49:11.366202+00:00,1789336151.366202,F_lat_eastus_rep3,r3-pub,F01,load,16,1,1000,6,23.2,2281174852,22042585,800821949397,60320,1789156079.537691,5951647.492,192964.18600000002,84964774,80667596,427510283,7888,21513,16055179,4815989642,11084509.907,784997.83,178/F8850000,178/F887FDB0,1,1.0007996559143066,5861970,5857286.186459212,5.58594339986726,3788,3784.9733236962134,3785,3781.9757207471403,0.0,0.0,6540178.107895402,0.0,streaming,178/F884BB60,178/F873BE10,178/F873B8A0,17568,1130992,2364304,1132384,0.039515,0.039515,0.039515,1050008.3546091653,True,26704600,reserved,3.9,37.7,0.0,15756999.821900688,0.0,21.982421626535558,6657018.675644372,185294.82789498335,1002.44,1
2026-09-13T21:49:12.366558+00:00,1789336152.3665583,F_lat_eastus_rep3,r3-pub,F01,load,16,1,1000,6,23.2,2281198167,22042585,800827913873,60320,1789156079.537691,5951673.625,192964.18600000002,84968618,80667596,427514124,7888,21513,16055179,4816032307,11084509.907,785006.376,178/F8D75F10,178/F8E45F08,1,1.0003561973571777,5964476,5962352.225894573,5.68614218320329,3844,3842.6312648988346,3841,3839.6323331104118,0.0,0.0,5396365.828753434,0.0,streaming,178/F8D73FD0,178/F8D73FD0,178/F8D734F8,8000,8000,555064,10776,0.047123,0.047123,0.047123,-1121208.6284497012,True,32102888,reserved,3.5,37.7,0.0,13790415.890305491,0.0,15.99430287158724,5463527.905799087,150465.4046205275,1002.44,1
2026-09-13T21:49:13.367264+00:00,1789336153.367209,F_lat_eastus_rep3,r3-pub,F01,load,16,1,1000,6,23.2,2281221836,22042586,800833954578,60320,1789156079.537691,5951712.621,192964.18600000002,84972519,80667596,427518022,7888,21513,16055179,4816075848,11084509.907,785014.351,178/F9414000,178/F94140F0,1,1.0006506443023682,6040705,6036777.205306701,5.757119374567701,3901,3898.4634869442293,3898,3895.4654376079484,0.0,0.0,6934352.2032483425,0.0,streaming,178/F93A4090,178/F930DB48,178/F930CC28,458608,1074360,1324040,1078232,0.039153,0.195102,0.039153,1066761.9174364367,True,39041752,reserved,4.1,37.7,0.0,6995512.409708478,0.0,14.990246681405651,6709644.408094957,164718.82663395785,1002.43,1
2026-09-13T21:49:14.367766+00:00,1789336154.3677666,F_lat_eastus_rep3,r3-pub,F01,load,16,1,1000,6,23.2,2281245817,22042586,800840090100,60320,1789156079.537691,5951739.751,192964.18600000002,84976469,80667596,427521969,7888,21513,16055179,4816119674,11084509.907,785022.308,178/F992E000,178/F9A100F8,2,1.0005576610565186,6135522,6132102.365316277,5.8480285313761495,3950,3947.798466536229,3947,3944.800138586961,0.0,0.0,5346394.523981191,0.0,streaming,178/F992BDF0,178/F992BDF0,178/F992BDF0,8720,8720,495224,8720,0.039667,0.039667,0.039667,-1068915.907225847,True,44391128,reserved,3.5,37.7,0.0,13844951.20988085,0.0,23.986623594144177,5694301.509803908,181003.06164141194,1002.43,1
2026-09-13T21:49:15.368300+00:00,1789336155.3683002,F_lat_eastus_rep3,r3-pub,F01,load,16,1,1000,6,23.2,2281270195,22042586,800846314817,60320,1789156079.537691,5951772.484,192964.18600000002,84980483,80667596,427525980,7888,21513,16055179,4816163688,11084509.907,785031.351,178/F9F4E000,178/F9FFD060,2,1.0005335807800293,6224717,6221397.381932076,5.933186895305706,4014,4011.8593489592145,4011,4008.8609488478846,0.0,0.0,6419102.890072826,0.0,streaming,178/F9F4BF70,178/F9F4BF70,178/F9F4BF70,8336,8336,742688,8336,0.039855,0.039855,0.039855,-383.79521425020886,True,50813656,reserved,7.1,37.7,0.0,14868738.327005425,0.0,26.98560100196781,6485658.377344013,184618.49112149957,1002.42,1
2026-09-13T21:49:16.368583+00:00,1789336156.368583,F_lat_eastus_rep3,r3-pub,F01,load,16,1,1000,6,23.2,2281294738,22042586,800852575340,60320,1789156079.537691,5951806.516,192964.18600000002,84984531,80667596,427530024,7888,21513,16055179,4816208723,11084509.907,785039.436,178/FA52F6F0,178/FA611FF0,3,1.0002827644348145,6260523,6258753.24717542,5.968812224555416,4048,4046.8556931371545,4044,4042.8568238751614,0.0,0.0,6164512.89499534,0.0,streaming,178/FA52DE28,178/FA52DE28,178/FA52D8A0,6344,6344,732904,7760,0.040254,0.040254,0.040254,-575.837173727026,True,56979912,reserved,3.9,37.7,0.0,6187306.449788702,0.0,12.996325101478016,6230455.248842924,178377.56116973225,1002.41,1
2026-09-13T21:49:17.408560+00:00,1789336157.3808692,F_lat_eastus_rep3,r3-pub,F01,load,16,1,1000,6,23.2,2281319610,22042586,800858937240,60320,1789156079.537691,5951840.894,192964.18600000002,84988635,80667596,427534125,7888,21513,16055179,4816254114,11084509.907,785048.638,178/FAB6E000,178/FAC62088,1,1.0122861862182617,6361900,6284685.18746367,5.993542849982901,4104,4054.189473168535,4101,4051.2258843723594,0.0,0.0,6468257.780402258,0.0,streaming,178/FAB6BC38,178/FAB6BC38,178/FAB6BB30,9160,9160,1106624,9424,0.039959,0.039959,0.039959,1643.803918945527,True,63527640,reserved,9.0,37.7,0.0,14760853.406309618,0.0,18.76939570911359,6542052.129289968,183511.34543679972,1002.41,1
2026-09-13T21:49:18.381906+00:00,1789336158.3819063,F_lat_eastus_rep3,r3-pub,F01,load,16,1,1000,6,23.2,2281344528,22042587,800865304810,60320,1789156079.537691,5951893.005,192964.18600000002,84992746,80667596,427538234,7888,21513,16055179,4816299512,11084509.907,785057.181,178/FB222000,178/FB2545B0,1,1.0010371208190918,6367570,6360972.902573063,6.066296484540046,4111,4106.740813603597,4109,4104.742885696225,0.0,0.0,7021453.903975893,0.0,streaming,178/FB20BE28,178/FB20BE28,178/FB20A6D0,90584,90584,930176,96560,0.039023,0.039023,0.039023,87045.72306839286,True,70556376,reserved,3.4,37.7,0.0,15434104.968413211,0.0,20.978243027408308,7001901.182510395,199047.56362777215,1002.4,1
2026-09-13T21:49:19.382552+00:00,1789336159.3825529,F_lat_eastus_rep3,r3-pub,F01,load,16,1,1000,6,23.2,2281369565,22042587,800871705642,60320,1789156079.537691,5951926.044,192964.18600000002,84996873,80667596,427542361,7888,21513,16055179,4816345346,11084509.907,785066.609,178/FB85BC80,178/FB873CE8,1,1.0006465911865234,6400832,6396695.9527740665,6.100364640020434,4127,4124.33324247513,4127,4124.33324247513,0.0,0.0,6523909.69748793,0.0,streaming,178/FB859D78,178/FB74BB98,178/FB74AFF8,7944,1114344,2213320,1117320,0.039023,0.039023,0.039023,1020100.4120641904,True,77084504,reserved,9.6,37.7,0.0,15075820.10758882,0.0,23.984491838963685,6679974.7871764125,165058.27477426818,1002.4,1
2026-09-13T21:49:20.383537+00:00,1789336160.3835378,F_lat_eastus_rep3,r3-pub,F01,load,16,1,1000,6,23.2,2281394646,22042587,800878103820,60320,1789156079.537691,5951954.132,192964.18600000002,85001010,80667596,427546492,7888,21513,16055179,4816391057,11084509.907,785075.311,178/FBDA0000,178/FBE98130,1,1.0009849071502686,6398178,6391882.589134284,6.09577425874165,4137,4132.929448234878,4131,4126.935351863254,0.0,0.0,5516870.394900957,0.0,streaming,178/FBD99DE0,178/FBD99DE0,178/FBD99918,25120,25120,1554736,26344,0.039715,0.194230,0.039715,-1089902.5471881784,True,82606808,reserved,4.3,37.7,3253627.4790315917,7677046.821692369,13.986224867123106,17.982289114872565,5551185.597612443,175264.38085810546,1002.39,1
2026-09-13T21:49:21.383872+00:00,1789336161.383872,F_lat_eastus_rep3,r3-pub,F01,load,16,1,1000,6,23.2,2281419747,22042587,800884523728,60320,1789156079.537691,5951993.928,192964.18600000002,85005142,80667596,427550621,7888,21513,16055179,4816436683,11084509.907,785084.285,178/FC426000,178/FC4C14B8,2,1.0003342628479004,6419908,6417762.780335896,6.12045553239431,4132,4130.61928743339,4129,4127.620289886851,0.0,0.0,6838034.299181115,0.0,streaming,178/FC424000,178/FC424000,178/FC424000,8192,8192,1248528,8192,0.040580,0.040580,0.040580,-18145.93448826014,True,89447128,reserved,3.7,37.7,0.0,15322110.387745949,0.0,31.989307163085307,6908451.761239706,188900.85746141413,1002.39,1
2026-09-13T21:49:22.384457+00:00,1789336162.3844576,F_lat_eastus_rep3,r3-pub,F01,load,16,1,1000,6,23.2,2281444791,22042587,800890923100,60320,1789156079.537691,5952025.692,192964.18600000002,85009266,80667596,427554742,7888,21513,16055179,4816482257,11084509.907,785092.777,178/FCA70000,178/FCADEB28,2,1.0005855560302734,6399372,6395627.002041575,6.099345209161353,4124,4121.586580123714,4121,4118.5883357637795,0.0,0.0,6590700.775417226,0.0,streaming,178/FCA6DD38,178/FCA6DD38,178/FCA6DCB0,8904,8904,639888,9040,0.039851,0.213339,0.039851,847.5037390749054,True,2988640,reserved,4.1,37.7,0.0,15027616.488544496,0.0,28.983028812703132,6656158.446283324,203985.55502816458,1002.38,1
2026-09-13T21:49:23.388506+00:00,1789336163.3878093,F_lat_eastus_rep3,r3-pub,F01,load,16,1,1000,6,23.2,2281469758,22042587,800897293456,60320,1789156079.537691,5952075.388,192964.18600000002,85013384,80667596,427558857,7888,21513,16055179,4816527838,11084509.907,785101.043,178/FD0B6000,178/FD0FFF00,1,1.0033516883850098,6370356,6349075.876130428,6.054950595980099,4118,4104.243853546819,4115,4101.253875023109,0.0,0.0,6556201.655062944,0.0,streaming,178/FCFFFFE8,178/FCFFFFE8,178/FCFFEE68,745496,745496,1086360,749976,0.040325,0.040325,0.040325,738460.9091480249,True,9566816,reserved,2.9,37.7,0.0,14937199.163060592,0.0,20.92984966597455,5890153.042461651,164771.7364846465,1002.38,1
2026-09-13T21:49:24.389220+00:00,1789336164.38922,F_lat_eastus_rep3,r3-pub,F01,load,16,1,1000,6,23.2,2281494614,22042588,800903643802,60320,1789156079.537691,5952105.731,192964.18600000002,85017481,80667596,427562951,7888,21513,16055179,4816573323,11084509.907,785110.081,178/FD64C000,178/FD70E598,1,1.001410722732544,6350346,6341400.042803462,6.047630350879156,4097,4091.228411076465,4094,4088.2326372826574,0.0,0.0,5849028.642330963,0.0,streaming,178/FD649DA0,178/FD649DA0,178/FD649C98,8800,8800,1355456,9064,0.039953,0.217962,0.039953,-739868.2510391715,True,15424096,reserved,5.4,37.7,0.0,5865389.561610211,0.0,13.980277704435077,6647913.6371081425,190063.87257432408,1002.37,1
2026-09-13T21:49:25.389966+00:00,1789336165.389967,F_lat_eastus_rep3,r3-pub,F01,load,16,1,1000,6,23.2,2281519423,22042588,800909979745,60320,1789156079.537691,5952139.329,192964.18600000002,85021574,80667596,427567041,7888,21513,16055179,4816618550,11084509.907,785118.495,178/FDC70728,178/FDD19DC0,1,1.0007469654083252,6335943,6331213.802296973,6.03791599492738,4093,4089.9449525984546,4090,4086.947191822057,0.0,0.0,6435936.578006054,0.0,streaming,178/FDC6FFD8,178/FDC6FFD8,178/FDC6FB10,1872,1872,591616,3096,0.040703,0.040703,0.040703,-5963.545437846953,True,21864840,reserved,4.7,37.7,0.0,14824638.507843714,0.0,19.985071842650648,6538830.719641534,186759.49711597816,1002.37,1
2026-09-13T21:49:26.390202+00:00,1789336166.390203,F_lat_eastus_rep3,r3-pub,F01,load,16,1,1000,6,23.2,2281544103,22042588,800916289757,60320,1789156079.537691,5952174.074,192964.18600000002,85025646,80667596,427571110,7888,21513,16055179,4816663638,11084509.907,785127.127,178/FE211338,178/FE318D30,1,1.0002360343933105,6310012,6308522.971607711,6.016276332481109,4072,4071.0390947571254,4069,4068.039802693208,0.0,0.0,5899935.412324381,0.0,streaming,178/FE210030,178/FE20FFD8,178/FE20FB10,1073104,1073192,2170248,1074416,0.040583,0.040583,0.040583,1071067.1913053053,True,28834400,reserved,2.7,37.7,0.0,15380945.567844352,0.0,19.99528042611555,6177755.837148958,167277.51675281874,1002.36,1
2026-09-13T21:49:27.390729+00:00,1789336167.3907294,F_lat_eastus_rep3,r3-pub,F01,load,16,1,1000,6,23.2,2281568663,22042588,800922562295,60320,1789156079.537691,5952205.989,192964.18600000002,85029700,80667596,427575161,7888,21513,16055179,4816708361,11084509.907,785135.161,178/FE844000,178/FE91D068,1,1.0005264282226562,6272538,6269237.696342105,5.9788109744473505,4054,4051.8669828657703,4051,4048.8685613194957,0.0,0.0,6496108.265271731,0.0,streaming,178/FE841FB0,178/FE841FB0,178/FE841FB0,8272,8272,1090752,8272,0.038956,0.045525,0.038956,-1065583.0470104697,True,34265696,reserved,4.7,37.7,0.0,5567629.0429385165,0.0,20.988950823922345,6353280.453862636,184786.7230538123,1002.36,1
2026-09-13T21:49:28.391138+00:00,1789336168.3911388,F_lat_eastus_rep3,r3-pub,F01,load,16,1,1000,6,23.2,2281593339,22042588,800928859503,60320,1789156079.537691,5952241.05,192964.18600000002,85033765,80667596,427579223,7888,21513,16055179,4816753623,11084509.907,785144.726,178/FEE74000,178/FEF1E690,1,1.0004093647003174,6297208,6294631.200185128,6.0030281068660045,4065,4063.336613424957,4062,4060.337841016525,0.0,0.0,6485409.102446342,0.0,streaming,178/FEE71FF0,178/FEE71FF0,178/FEE70928,8208,8208,1862040,14040,0.039806,0.223496,0.039806,5765.639750611353,True,40753760,reserved,3.3,37.7,0.0,14878773.155486114,0.0,17.992634450590213,6541209.259831635,189114.58316533687,1002.35,1
2026-09-13T21:49:29.391288+00:00,1789336169.3912594,F_lat_eastus_rep3,r3-pub,F01,load,16,1,1000,6,23.2,2281617906,22042588,800935134522,60320,1789156079.537691,5952289.16,192964.18600000002,85037809,80667596,427583264,7888,21513,16055179,4816798830,11084509.907,785155.208,178/FF430000,178/FF51EBB8,1,1.0001206398010254,6275019,6274262.074271779,5.983602594634799,4044,4043.5121914937745,4041,4040.512553369521,0.0,0.0,6012202.689063867,0.0,streaming,178/FF42DD28,178/FF42DD28,178/FF42D688,8920,8920,800544,10616,0.040822,0.040822,0.040822,-3423.5869791480422,True,46766688,reserved,6.2,37.7,0.0,14489899.941354197,0.0,24.996984368779515,6064786.345382032,179529.34161594923,1002.34,1
2026-09-13T21:49:30.391513+00:00,1789336170.391513,F_lat_eastus_rep3,r3-pub,F01,load,16,1,1000,6,23.2,2281642517,22042589,800941420078,60320,1789156079.537691,5952323.931,192964.18600000002,85041859,80667596,427587314,7888,21513,16055179,4816843563,11084509.907,785163.989,178/FFA5DDB8,178/FFB1D6C8,1,1.000253677368164,6285556,6283961.90108329,5.992853070338525,4050,4048.972867219276,4050,4048.972867219276,0.0,0.0,6477644.76812332,0.0,streaming,178/FFA5BF08,178/FFA5BF08,178/FFA5B368,7856,7856,1103408,10832,0.039908,0.039908,0.039908,215.94521958502807,True,53245976,reserved,6.0,37.7,0.0,9987610.369287271,0.0,78.97996457045008,6537745.521922273,181884.85992742472,1002.34,1
2026-09-13T21:49:31.392764+00:00,1789336171.3927643,F_lat_eastus_rep3,r3-pub,F01,load,16,1,1000,6,23.2,2281667010,22042589,800947678760,60320,1789156079.537691,5952363.8149999995,192964.18600000002,85045898,80667596,427591347,7888,21513,16055179,4816888511,11084509.907,785172.303,179/100958,179/118C10,1,1.001251220703125,6258682,6250860.793562742,5.961285394251577,4039,4033.952634947728,4033,4027.9601328903655,0.0,0.0,6949288.905849005,0.0,streaming,179/FFD08,178/FFFFFF98,178/FFFFFF98,3152,1051072,1883440,1051072,0.039156,0.216280,0.039156,1038940.0566917614,True,60203960,reserved,6.0,37.7,0.0,7036316.0157273915,0.0,23.97000822944924,7038973.6903898325,158789.31951598646,1002.33,1
2026-09-13T21:49:32.393085+00:00,1789336172.393085,F_lat_eastus_rep3,r3-pub,F01,load,16,1,1000,6,23.2,2281691532,22042589,800953935160,60320,1789156079.537691,5952392.487,192964.18600000002,85049943,80667596,427595389,7888,21513,16055179,4816933561,11084509.907,785180.58,179/626000,179/7147A0,1,1.0003206729888916,6256400,6254394.384658964,5.964655289324726,4045,4043.7032935786574,4042,4040.7042552892294,0.0,0.0,5394406.159653489,0.0,streaming,179/623C10,179/623C10,179/6235B0,9200,9200,1304624,10832,0.039232,0.211502,0.039232,-1039906.5300648363,True,65600096,reserved,3.5,37.7,0.0,8332687.932055327,0.0,40.98685662218169,5441860.942186536,178286.8282299115,1002.33,1
2026-09-13T21:49:33.393501+00:00,1789336173.393502,F_lat_eastus_rep3,r3-pub,F01,load,16,1,1000,6,23.2,2281716074,22042589,800960208970,60320,1789156079.537691,5952424.17,192964.18600000002,85053992,80667596,427599435,7888,21513,16055179,4816978637,11084509.907,785188.623,179/C55F80,179/D15990,1,1.0004169940948486,6273810,6271194.948738731,5.980677555788738,4049,4047.3122946731132,4046,4044.3135451339626,0.0,0.0,6485231.6966787595,0.0,streaming,179/C53FF0,179/C53FF0,179/C53B28,8080,8080,577600,9304,0.040405,0.040405,0.040405,-1527.3630986071912,True,72088032,reserved,7.5,37.7,0.0,15611538.080808798,0.0,32.98624493065269,6546122.305654385,185883.4876833062,1002.32,1
2026-09-13T21:49:34.394841+00:00,1789336174.394842,F_lat_eastus_rep3,r3-pub,F01,load,16,1,1000,6,23.2,2281740616,22042589,800966488759,60320,1789156079.537691,5952459.547,192964.18600000002,85058037,80667596,427603477,7888,21513,16055179,4817023121,11084509.907,785196.653,179/1314000,179/1314998,1,1.0013399124145508,6279789,6271385.89218662,5.980859653650875,4045,4039.587306817933,4042,4036.591321176288,0.0,0.0,7060363.730985608,0.0,streaming,179/1270590,179/120BFD8,179/120BB10,670320,1081384,1277640,1082608,0.039799,0.045579,0.039799,1071867.7910400284,True,79157856,reserved,3.5,37.7,0.0,15568515.552734764,0.0,25.965208894256183,6633861.207012317,172739.54414032254,1002.32,1
2026-09-13T21:49:35.395981+00:00,1789336175.3959818,F_lat_eastus_rep3,r3-pub,F01,load,16,1,1000,6,23.2,2281765144,22042589,800972741342,60320,1789156079.537691,5952508.5309999995,192964.18600000002,85062082,80667596,427607519,7888,21513,16055179,4817068248,11084509.907,785205.655,179/183BB08,179/19185C8,1,1.0011398792266846,6252583,6245463.925410417,5.956138539705674,4045,4040.394438312156,4042,4037.3978540563003,0.0,0.0,5399293.457548966,0.0,streaming,179/1839C60,179/1839C60,179/1838AF0,7848,7848,1533296,12312,0.039728,0.039728,0.039728,-1069077.3809017916,True,84563304,reserved,12.5,37.7,0.0,5408746.682014773,0.0,9.9886141861858,5958178.396217271,186161.79803361924,1002.31,1
2026-09-13T21:49:36.397225+00:00,1789336176.3972251,F_lat_eastus_rep3,r3-pub,F01,load,16,1,1000,6,23.2,2281789779,22042590,800979057570,60320,1789156079.537691,5952546.079,192964.18600000002,85066139,80667596,427611573,7888,21513,16055179,4817113171,11084509.907,785215.112,179/1E772F8,179/1F204C8,1,1.0012433528900146,6316228,6308384.451960332,6.016144229851085,4057,4051.961981360246,4054,4048.965706786896,0.0,0.0,6527036.590192353,0.0,streaming,179/1E75FF0,179/1E75FF0,179/1E75EE8,4872,4872,860872,5136,0.039946,0.039946,0.039946,-7167.088779453075,True,91098456,reserved,4.7,37.7,0.0,16024108.378537638,0.0,30.961503924616128,6560678.761101926,183087.35780454858,1002.31,1
2026-09-13T21:49:37.397803+00:00,1789336177.3977597,F_lat_eastus_rep3,r3-pub,F01,load,16,1,1000,6,23.2,2281814410,22042590,800985358343,60320,1789156079.537691,5952584.621,192964.18600000002,85070192,80667596,427615623,7888,21513,16055179,4817158276,11084509.907,785223.331,179/2528000,179/2528D88,1,1.0005345344543457,6300773,6297406.819082169,6.005675143320245,4053,4050.8346892897157,4050,4047.8362920363556,0.0,0.0,7011939.876544187,0.0,streaming,179/24C8B68,179/2419FF8,179/2419FF8,390296,1105928,1706088,1105928,0.039946,0.039946,0.039946,1100203.9031069838,True,98114144,reserved,4.9,37.7,0.0,15470514.476985598,0.0,26.985575280242372,7004190.019110002,183084.13522167993,1002.3,1
2026-09-13T21:49:38.398462+00:00,1789336178.398463,F_lat_eastus_rep3,r3-pub,F01,load,16,1,1000,6,23.2,2281839080,22042590,800991657652,60320,1789156079.537691,5952610.754,192964.18600000002,85074254,80667596,427619682,7888,21513,16055179,4817203114,11084509.907,785232.35,179/2A56000,179/2B30198,1,1.0007033348083496,6299309,6294881.590662847,6.0032668978336785,4062,4059.145061985765,4059,4056.1471705071936,0.0,0.0,5427478.665333096,0.0,streaming,179/2A51F20,179/2A51F20,179/2A51950,16608,16608,953360,18096,0.039410,0.039410,0.039410,-1087067.4276391184,True,103545440,reserved,5.2,37.7,0.0,13810190.812091906,0.0,16.988051711904973,5532961.475600952,191697.17270577382,1002.3,1
2026-09-13T21:49:39.398708+00:00,1789336179.3987088,F_lat_eastus_rep3,r3-pub,F01,load,16,1,1000,6,23.2,2281863774,22042590,800997974285,60320,1789156079.537691,5952647.066,192964.18600000002,85078321,80667596,427623746,7888,21513,16055179,4817248329,11084509.907,785241.498,179/310A000,179/313F3A0,3,1.0002458095550537,6316633,6315080.692824769,6.022530262779969,4067,4066.000538216853,4064,4063.0012754642953,0.0,0.0,7027008.69411954,0.0,streaming,179/3107C80,179/3107C80,179/3107C30,9088,9088,1094496,9168,0.039826,0.039826,0.039826,-8925.805951610539,True,110574176,reserved,3.5,37.7,0.0,7055673.6479999805,0.0,14.996313762786524,7088392.605367629,204789.66074461277,1002.29,1
2026-09-13T21:49:40.400118+00:00,1789336180.3995802,F_lat_eastus_rep3,r3-pub,F01,load,16,1,1000,6,23.2,2281888420,22042590,801004280374,60320,1789156079.537691,5952678.171,192964.18600000002,85082388,80667596,427627810,7888,21513,16055179,4817292937,11084509.907,785249.981,179/3740000,179/3749F60,1,1.0008714199066162,6306089,6300598.533014734,6.008718998923048,4067,4063.4590209194516,4064,4060.461632903037,0.0,0.0,6506969.697074221,0.0,streaming,179/3732540,179/3633BE8,179/3633BE8,56000,1098776,2468272,1098776,0.039068,0.210428,0.039068,1088659.320596509,True,117086816,reserved,3.1,37.7,0.0,15015139.508531647,0.0,23.979104131317147,6579322.647273115,154620.26082674938,1002.28,1
2026-09-13T21:49:41.400437+00:00,1789336181.4004369,F_lat_eastus_rep3,r3-pub,F01,load,16,1,1000,6,23.2,2281913112,22042590,801010587537,60320,1789156079.537691,5952704.9399999995,192964.18600000002,85086460,80667596,427631879,7888,21513,16055179,4817337934,11084509.907,785258.645,179/3C70000,179/3D5F740,3,1.000856637954712,6307163,6301764.669202698,6.0098311130549416,4072,4068.514755840841,4069,4065.5173235551038,0.0,0.0,5434832.316360311,0.0,streaming,179/3C6DCA8,179/3C6DCA8,179/3C6DCA8,9048,9048,1405328,9048,0.040027,0.040027,0.040027,-1088795.296624,True,122526304,reserved,4.7,37.7,0.0,13824445.455320127,0.0,15.986305523932579,5489925.121772164,187916.02400154172,1002.28,1
2026-09-13T21:49:42.400684+00:00,1789336182.4006848,F_lat_eastus_rep3,r3-pub,F01,load,16,1,1000,6,23.2,2281937785,22042590,801016902589,60320,1789156079.537691,5952742.024,192964.18600000002,85090531,80667596,427635947,7888,21513,16055179,4817383228,11084509.907,785267.621,179/4322000,179/43639F8,4,1.0002479553222656,6315052,6313486.537410997,6.021009957705495,4071,4069.9908241135886,4068,4066.991567795156,0.0,0.0,7018803.650278976,0.0,streaming,179/431FDB8,179/431FDB8,179/431FD70,8776,8776,1233176,8848,0.040194,0.040194,0.040194,-199.95042122886704,True,129546848,reserved,3.7,37.7,0.0,7039278.573412812,0.0,14.996281592165028,7081899.005449851,209462.06276672427,1002.27,1
2026-09-13T21:49:43.403875+00:00,1789336183.403875,F_lat_eastus_rep3,r3-pub,F01,load,16,1,1000,6,23.2,2281962410,22042591,801023203268,60320,1789156079.537691,5952773.369,192964.18600000002,85094595,80667596,427640007,7888,21513,16055179,4817428134,11084509.907,785275.568,179/4956000,179/496F378,1,1.003190279006958,6300679,6280641.999678208,5.989686965635498,4064,4051.0759374810614,4060,4047.088658015037,0.0,0.0,6483762.987056303,0.0,streaming,179/4953B58,179/484BFD0,179/484A2F8,9384,1089584,1553832,1096968,0.040347,0.195022,0.040347,1084659.6331426902,True,136051296,reserved,8.1,37.7,0.0,14845694.093788864,0.0,17.942757597111,6553183.516199525,155112.14896742508,1002.27,1
2026-09-13T21:49:44.405096+00:00,1789336184.405097,F_lat_eastus_rep3,r3-pub,F01,load,16,1,1000,6,23.2,2281987058,22042591,801029496329,60320,1789156079.537691,5952800.933,192964.18600000002,85098659,80667596,427644069,7888,21513,16055179,4817473083,11084509.907,785283.764,179/4E82EE8,179/4F75088,1,1.0012218952178955,6293061,6285380.923107403,5.9942063551973375,4064,4059.0402780949507,4062,4057.0427189029747,0.0,0.0,5420296.965058821,0.0,streaming,179/4E81B40,179/4E81B40,179/4E80980,5032,5032,803672,9576,0.040422,0.040422,0.040422,-1086064.942440508,True,141478216,reserved,5.6,37.7,0.0,13811220.136162322,0.0,16.979253131794824,5485370.452076223,188030.24674068784,1002.26,1
2026-09-13T21:49:45.406007+00:00,1789336185.405988,F_lat_eastus_rep3,r3-pub,F01,load,16,1,1000,6,23.2,2282011745,22042591,801035798044,60320,1789156079.537691,5952837.518,192964.18600000002,85102724,80667596,427648131,7888,21513,16055179,4817518099,11084509.907,785292.191,179/5534000,179/557C0F0,1,1.0008909702301025,6301715,6296105.357560825,6.004433972893548,4065,4061.381430052732,4062,4058.384100584058,0.0,0.0,7010481.869355731,0.0,streaming,179/5531C90,179/5531C90,179/55316B8,9072,9072,615904,10568,0.039868,0.212080,0.039868,991.1169443080713,True,148494944,reserved,5.0,37.7,0.0,15632791.648028212,0.0,33.96973397830083,7069907.922511476,209178.62806961627,1002.26,1
2026-09-13T21:49:46.406302+00:00,1789336186.4063022,F_lat_eastus_rep3,r3-pub,F01,load,16,1,1000,6,23.2,2282036409,22042591,801042096223,60320,1789156079.537691,5952869.534,192964.18600000002,85106789,80667596,427652193,7888,21513,16055179,4817563232,11084509.907,785300.444,179/5B68000,179/5B805B8,1,1.0003142356872559,6298179,6296200.509105921,6.004524716478272,4065,4063.723033199845,4062,4060.7239756107674,0.0,0.0,6502404.712386387,0.0,streaming,179/5B65F70,179/5A5FFF8,179/5A5F628,8336,1081352,1972408,1083864,0.040277,0.040277,0.040277,1072958.8380421307,True,154999392,reserved,5.4,37.7,0.0,6510594.138976295,0.0,11.996230356309505,6572010.839657147,159411.90708981885,1002.25,1
2026-09-13T21:49:47.406867+00:00,1789336187.4068675,F_lat_eastus_rep3,r3-pub,F01,load,16,1,1000,6,23.2,2282061003,22042591,801048377123,60320,1789156079.537691,5952901.367,192964.18600000002,85110848,80667596,427656249,7888,21513,16055179,4817608673,11084509.907,785309.22,179/6107EF0,179/617FF00,1,1.0005652904510498,6280900,6277351.473154343,5.986548875002234,4059,4056.7067823932043,4056,4053.708477306439,0.0,0.0,5894635.818659295,0.0,streaming,179/6105FB8,179/6105FB8,179/6105460,7992,7992,1084048,10896,0.040355,0.213834,0.040355,-1072361.804112065,True,160897360,reserved,4.3,37.7,0.0,14307432.14522926,0.0,18.98926554951241,5969160.690460901,195396.54419939595,1002.25,1
2026-09-13T21:49:48.407460+00:00,1789336188.407461,F_lat_eastus_rep3,r3-pub,F01,load,16,1,1000,6,23.2,2282085625,22042592,801054675271,60320,1789156079.537691,5952934.399,192964.18600000002,85114914,80667596,427660312,7888,21513,16055179,4817653754,11084509.907,785317.942,179/673DD78,179/6784E80,1,1.0005934238433838,6298148,6294412.745396783,6.002819772145064,4066,4063.588569653066,4063,4060.5903488687673,0.0,0.0,6508401.759213761,0.0,streaming,179/673BE68,179/673BE68,179/673B818,7952,7952,389864,9568,0.045664,0.212339,0.045664,-1327.2124005162989,True,167409624,reserved,3.9,37.7,0.0,14933346.196305608,0.0,21.9869524181917,6571716.186922729,186573.28296534996,1002.24,1
2026-09-13T21:49:49.408857+00:00,1789336189.4088576,F_lat_eastus_rep3,r3-pub,F01,load,16,1,1000,6,23.2,2282110205,22042592,801060960817,60320,1789156079.537691,5952967.237,192964.18600000002,85118971,80667596,427664366,7888,21513,16055179,4817698634,11084509.907,785326.181,179/6D72000,179/6D89C68,1,1.001396656036377,6285546,6276779.498025076,5.98600339701183,4057,4051.3416692022834,4054,4048.34585332661,0.0,0.0,6496023.289859772,0.0,streaming,179/6D6BE28,179/6C65DF8,179/6C65DF8,25048,1098248,2351960,1098248,0.040662,0.211592,0.040662,1087161.6091760271,True,173914720,reserved,6.0,37.7,0.0,14888645.683133174,0.0,17.974895254040202,6541177.225343213,157687.76443194333,1002.24,1
2026-09-13T21:49:50.409407+00:00,1789336190.409379,F_lat_eastus_rep3,r3-pub,F01,load,16,1,1000,6,23.2,2282134808,22042592,801067249965,60320,1789156079.537691,5953002.488,192964.18600000002,85123032,80667596,427668424,7888,21513,16055179,4817743348,11084509.907,785334.609,179/7312000,179/738A850,1,1.0005214214324951,6289148,6285870.412445065,5.99467316860682,4061,4058.883611093173,4058,4055.8851745422544,0.0,0.0,5895166.134029598,0.0,streaming,179/730DBD8,179/730DBD8,179/730CB18,17448,17448,1166120,21736,0.040523,0.208808,0.040523,-1075950.976100747,True,179812960,reserved,3.7,37.7,0.0,5989325.037559237,0.0,16.99114045520412,5968838.719564512,188445.740352118,1002.23,1
2026-09-13T21:49:51.410028+00:00,1789336191.4100285,F_lat_eastus_rep3,r3-pub,F01,load,16,1,1000,6,23.2,2282159386,22042592,801073526917,60320,1789156079.537691,5953036.753,192964.18600000002,85127091,80667596,427672480,7888,21513,16055179,4817788210,11084509.907,785342.714,179/7943400,179/798A8E0,1,1.0006494522094727,6276952,6272878.065480621,5.982282700996991,4059,4056.365584408777,4056,4053.3675315008622,0.0,0.0,6488969.724275368,0.0,streaming,179/7941BB0,179/7941BB0,179/7941B68,6224,6224,460616,6296,0.039889,0.039889,0.039889,-15429.978966068371,True,186306144,reserved,12.2,37.7,0.0,15026656.904472403,0.0,28.98117810984344,6592081.757937283,197538.7080496008,1002.23,1
2026-09-13T21:49:52.410339+00:00,1789336192.4103396,F_lat_eastus_rep3,r3-pub,F01,load,16,1,1000,6,23.2,2282183966,22042592,801079795473,60320,1789156079.537691,5953069.458,192964.18600000002,85131145,80667596,427676531,7888,21513,16055179,4817832997,11084509.907,785351.441,179/7F73960,179/7F8A1D0,1,1.0003111362457275,6268556,6266606.231663628,5.976301414168956,4054,4052.7390459883177,4051,4049.739979106728,0.0,0.0,6487421.52802132,0.0,streaming,179/7F71F40,179/7E67BC0,179/7E67528,6688,1097120,1677392,1098808,0.040490,0.040490,0.040490,1092172.18564647,True,2556136,reserved,6.4,37.7,0.0,14949844.561488928,0.0,28.990979855367836,6569923.858555933,169404.29218451958,1002.22,1
2026-09-13T21:49:53.410888+00:00,1789336193.4108887,F_lat_eastus_rep3,r3-pub,F01,load,16,1,1000,6,23.2,2282208617,22042592,801086074109,60320,1789156079.537691,5953103.1049999995,192964.18600000002,85135205,80667596,427680588,7888,21513,16055179,4817878089,11084509.907,785359.356,179/8530000,179/858F3D8,1,1.000549077987671,6278636,6275190.431065858,5.984487944665774,4060,4057.7719667340784,4057,4054.773613064078,0.0,0.0,6011323.31469113,0.0,streaming,179/852DE80,179/852DE80,179/852DE80,8576,8576,1514680,8576,0.040430,0.040430,0.040430,-1089633.7061173466,True,8570760,reserved,6.6,37.7,0.0,14426382.790767875,0.0,19.989024466670337,6065406.618739377,205989.89548270783,1002.21,1
2026-09-13T21:49:54.411613+00:00,1789336194.4115777,F_lat_eastus_rep3,r3-pub,F01,load,16,1,1000,6,23.2,2282233281,22042592,801092377403,60320,1789156079.537691,5953137.501,192964.18600000002,85139268,80667596,427684648,7888,21513,16055179,4817922894,11084509.907,785367.431,179/8B66000,179/8B97E10,1,1.0006890296936035,6303294,6298953.833769895,6.007150491495032,4063,4060.2023999843705,4060,4057.204465650146,0.0,0.0,6508155.687480731,0.0,streaming,179/8B63B78,179/8A59BA0,179/8A59BA0,9352,1098848,1847144,1098848,0.040430,0.209993,0.040430,1089521.2874811124,True,15083400,reserved,3.4,37.7,0.0,6524528.406191374,0.0,11.991737336896984,6567076.089574129,180934.33087343592,1002.21,1
2026-09-13T21:49:55.412949+00:00,1789336195.4129496,F_lat_eastus_rep3,r3-pub,F01,load,16,1,1000,6,23.2,2282257952,22042593,801098676554,60320,1789156079.537691,5953172.807,192964.18600000002,85143336,80667596,427688713,7888,21513,16055179,4817968032,11084509.907,785375.429,179/9108000,179/9198D50,1,1.0013718605041504,6299151,6290521.282302292,5.999108583738606,4068,4062.4269169616227,4065,4059.4310269048665,0.0,0.0,5898340.299902525,0.0,streaming,179/9103FD8,179/9103FD8,179/9103608,16424,16424,545336,18936,0.040225,0.040225,0.040225,-1078432.5409906243,True,20989832,reserved,4.5,37.7,0.0,14304088.785547247,0.0,18.973970359456942,5964851.056422554,162101.61919097308,1002.2,1
2026-09-13T21:49:56.413732+00:00,1789336196.413732,F_lat_eastus_rep3,r3-pub,F01,load,16,1,1000,6,23.2,2282282561,22042593,801104965015,60320,1789156079.537691,5953205.002,192964.18600000002,85147399,80667596,427692773,7888,21513,16055179,4818012777,11084509.907,785383.496,179/9744000,179/97A34A8,1,1.0007824897766113,6288461,6283544.1909097275,5.992454710874298,4063,4059.8232298278103,4060,4056.8255754617057,0.0,0.0,6532104.69485652,0.0,streaming,179/9741C70,179/9741C70,179/9741C70,9104,9104,902360,9104,0.040395,0.040395,0.040395,-9824.312575847165,True,27527048,reserved,7.3,37.7,0.0,14914153.827103483,0.0,17.985926196628252,6591060.562492823,183656.29083001515,1002.2,1
2026-09-13T21:49:57.414462+00:00,1789336197.414462,F_lat_eastus_rep3,r3-pub,F01,load,16,1,1000,6,23.2,2282307196,22042593,801111270956,60320,1789156079.537691,5953243.729,192964.18600000002,85151463,80667596,427696834,7888,21513,16055179,4818057568,11084509.907,785391.873,179/9D75F98,179/9DA8508,3,1.000730037689209,6305941,6301340.783735324,6.0094268643716084,4064,4061.0352911802306,4061,4058.0374796955994,0.0,0.0,6491413.023836377,0.0,streaming,179/9D73FD0,179/9C69BC8,179/9C69BC8,8136,1098704,2234784,1098704,0.040163,0.040163,0.040163,1088805.1312180068,True,34023200,reserved,3.9,37.7,0.0,6581563.210802203,0.0,21.983950887294554,6568883.467492709,189798.43998545755,1002.19,1
2026-09-13T21:49:58.415335+00:00,1789336198.4153082,F_lat_eastus_rep3,r3-pub,F01,load,16,1,1000,6,23.2,2282331839,22042593,801117557124,60320,1789156079.537691,5953280.054,192964.18600000002,85155532,80667596,427700900,7888,21513,16055179,4818102552,11084509.907,785399.816,179/A318000,179/A3B16C8,2,1.0008461475372314,6286168,6280853.471303545,5.989888640693231,4069,4065.559936472287,4066,4062.5624727688178,0.0,0.0,5901542.424411717,0.0,streaming,179/A315F68,179/A315F68,179/A3158D0,8344,8344,1197824,10032,0.038992,0.194925,0.038992,-1087751.601661135,True,39929736,reserved,5.4,37.7,0.0,9011766.715787333,0.0,103.91207505360478,5981987.35613086,164099.14791013405,1002.19,1
2026-09-13T21:49:59.416650+00:00,1789336199.4161253,F_lat_eastus_rep3,r3-pub,F01,load,16,1,1000,6,23.2,2282356436,22042593,801123838308,60320,1789156079.537691,5953314.669,192964.18600000002,85159590,80667596,427704955,7888,21513,16055179,4818147626,11084509.907,785408.465,179/A94C000,179/A9C4828,1,1.000817060470581,6281184,6276056.082663706,5.985313494361597,4058,4054.6870754700576,4055,4051.689524650341,0.0,0.0,6499137.811401445,0.0,streaming,179/A949F28,179/A949F28,179/A949F28,8408,8408,493544,8408,0.040490,0.193703,0.040490,-1622.6741770732808,True,46434184,reserved,5.0,37.7,0.0,9421294.232900584,0.0,28.9763245905943,6571833.414697607,182428.94452074228,1002.18,1
2026-09-13T21:50:00.419734+00:00,1789336200.418735,F_lat_eastus_rep3,r3-pub,F01,load,16,1,1000,6,23.2,2282381085,22042593,801130135402,60320,1789156079.537691,5953428.227,192964.18600000002,85163655,80667596,427709017,7888,21513,16055179,4818192333,11084509.907,785418.254,179/AF84000,179/AFCD520,1,1.0026097297668457,6297094,6280703.062261697,5.989745199453065,4065,4054.419061886927,4062,4051.4268706973426,0.0,0.0,6503858.686386778,0.0,streaming,179/AF7DD08,179/AF7DD08,179/AF7D158,25336,25336,598152,28328,0.040703,0.045594,0.040703,19868.149498840736,True,52955016,reserved,4.3,37.7,0.0,15164776.032580227,0.0,32.91410308542893,6547981.537668391,190857.9124247072,1002.18,1
2026-09-13T21:50:01.419567+00:00,1789336201.419567,F_lat_eastus_rep3,r3-pub,F01,load,16,1,1000,6,23.2,2282405818,22042594,801136458411,60320,1789156079.537691,5953463.268,192964.18600000002,85167727,80667596,427713086,7888,21513,16055179,4818237904,11084509.907,785427.385,179/B52CBC0,179/B5D4BD8,1,1.0008320808410645,6323009,6317752.119502767,6.025077933790938,4072,4068.6145837551817,4069,4065.617077922356,0.0,0.0,5929082.524026668,0.0,streaming,179/B52BF18,179/B52BF18,179/B52BF18,3240,3240,1382984,3240,0.040260,0.212441,0.040260,-25067.14211130894,True,58889032,reserved,2.9,37.8,0.0,6028391.890605399,0.0,21.981709440720532,6002155.721219288,165774.06257858293,1002.17,1
2026-09-13T21:50:02.419988+00:00,1789336202.4199882,F_lat_eastus_rep3,r3-pub,F01,load,16,1,1000,6,23.2,2282430483,22042594,801142760865,60320,1789156079.537691,5953502.05,192964.18600000002,85171792,80667596,427717148,7888,21513,16055179,4818282915,11084509.907,785435.545,179/BB62000,179/BBD9B18,1,1.0004210472106934,6302454,6299801.486156332,6.007958875805218,4065,4063.2891634314965,4062,4060.2904260415103,0.0,0.0,6506892.291150529,0.0,streaming,179/BB5FFD0,179/BB5FFD0,179/BB5FF90,8240,8240,681464,8304,0.039536,0.039536,0.039536,5061.868714296949,True,65398664,reserved,4.3,37.7,0.0,14894976.51168641,0.0,17.992424339918067,6564893.869747645,175603.06282021033,1002.17,1
2026-09-13T21:50:03.420763+00:00,1789336203.4207633,F_lat_eastus_rep3,r3-pub,F01,load,16,1,1000,6,23.2,2282455071,22042594,801149044714,60320,1789156079.537691,5953553.393,192964.18600000002,85175850,80667596,427721203,7888,21513,16055179,4818327985,11084509.907,785443.584,179/C33A000,179/C3C5978,2,1.0007750988006592,6283849,6278982.168451873,5.988104027225373,4058,4054.857085136466,4055,4051.85940863193,0.0,0.0,8218397.929621411,0.0,streaming,179/C335F70,179/C335F70,179/C335758,16528,16528,1330000,18600,0.022939,0.036923,0.022939,10288.025763569507,True,73623432,reserved,7.1,37.8,0.0,16629158.758989936,0.0,23.981412036292557,6478456.5560932495,197034.27896668419,1002.16,1
2026-09-13T21:50:04.421203+00:00,1789336204.4212034,F_lat_eastus_rep3,r3-pub,F01,load,16,1,1000,6,23.2,2282479646,22042594,801155316716,60320,1789156079.537691,5953594.194,192964.18600000002,85179906,80667596,427725256,7888,21513,16055179,4818373456,11084509.907,785453.614,179/C950000,179/CA58BC0,2,1.0004401206970215,6272002,6269242.77649941,5.978815819262896,4056,4054.215655779703,4053,4051.2169755609307,0.0,0.0,6378760.5754494,0.0,streaming,179/C94DC10,179/C94DC10,179/C94DBC0,9200,9200,467520,9280,0.040342,0.040342,0.040342,-9315.899879651586,True,81078152,reserved,7.2,37.9,0.0,15836358.09103869,0.0,17.992081312631818,5880262.974560967,164405.641674392,1002.15,1
2026-09-13T21:50:05.421448+00:00,1789336205.421441,F_lat_eastus_rep3,r3-pub,F01,load,16,1,1000,6,23.2,2282544916,22042596,801164131657,60320,1789156079.537691,5953628.043,192964.18600000002,85183976,80667596,427729367,7901,21564,16055179,4818531257,11084509.907,785462.794,179/CF8C000,179/D06FFC0,1,1.0002377033233643,8814941,8812846.15718014,8.404585034542217,4070,4069.032777385937,4111,4110.023033865747,12.996910591159013,50.987880011469976,6535662.451314935,0.0,streaming,179/CF89FC8,179/CF89FC8,179/CF89578,8248,8248,554584,10888,0.040746,0.209971,0.040746,1607.6178638910533,True,86542216,reserved,12.5,37.8,0.0,5606091.413439942,0.0,14.99643529749117,6261421.639267362,176133.13256903377,1002.15,1
2026-09-13T21:50:06.422208+00:00,1789336206.4221985,F_lat_eastus_rep3,r3-pub,F01,load,16,1,1000,6,23.2,2282568761,22042596,801170219793,60320,1789156079.537691,5953664.624,192964.18600000002,85187911,80667596,427733299,7901,21564,16055179,4818575023,11084509.907,785471.569,179/D53A000,179/D61E360,1,1.0007574558258057,6088136,6083527.996277767,5.8017044031884835,3935,3932.021667280924,3932,3929.0239379284862,0.0,0.0,5951076.322569655,0.0,streaming,179/D535FF8,179/D535FF8,179/D5359A8,16392,16392,1366920,18008,0.042279,0.213644,0.042279,7114.610996452396,True,92497800,reserved,3.9,37.7,0.0,14341520.931419583,0.0,19.98486234958538,6000701.733513028,175807.8333324201,1002.15,1
2026-09-13T21:50:07.422533+00:00,1789336207.4225338,F_lat_eastus_rep3,r3-pub,F01,load,16,1,1000,6,23.2,2282591942,22042597,801176162876,60320,1789156079.537691,5953702.2809999995,192964.18600000002,85191738,80667596,427737123,7901,21564,16055179,4818617663,11084509.907,785479.374,179/DB56000,179/DBC60B8,1,1.0003352165222168,5943083,5941091.4479866335,5.665866325365671,3827,3825.717556265805,3824,3822.718561578374,0.0,0.0,6403997.274305422,0.0,streaming,179/DB51E68,179/DB51E68,179/DB51E68,16792,16792,567016,16792,0.028945,0.050543,0.028945,-1215.592513305257,True,1842024,reserved,12.8,37.7,0.0,14916727.666428804,0.0,32.98894156173806,6474311.703746922,207103.57545969574,1002.14,1
2026-09-13T21:50:08.423668+00:00,1789336208.4236474,F_lat_eastus_rep3,r3-pub,F01,load,16,1,1000,6,23.2,2282614941,22042597,801182034776,60320,1789156079.537691,5953741.061,192964.18600000002,85195532,80667596,427740914,7901,21564,16055179,4818659669,11084509.907,785486.801,179/E114000,179/E157BC0,1,1.0011136531829834,5871900,5865368.014241571,5.593650831452914,3794,3789.779499997023,3791,3786.782837240041,0.0,0.0,6014422.0197738735,0.0,streaming,179/E0FFFE8,179/E0FFFE8,179/E0FF050,81944,81944,1440632,85936,0.022986,0.045775,0.022986,69067.0832229294,True,7863144,reserved,7.9,37.8,0.0,6026696.350426473,0.0,12.985538613590222,6008759.326050762,172484.9116291476,1002.14,1
2026-09-13T21:50:09.424359+00:00,1789336209.4243588,F_lat_eastus_rep3,r3-pub,F01,load,16,1,1000,6,23.2,2282637760,22042597,801187856697,60320,1789156079.537691,5953767.67,192964.18600000002,85199293,80667596,427744672,7901,21564,16055179,4818701866,11084509.907,785495.02,179/E634000,179/E6E9A90,1,1.000711441040039,5821921,5817781.99112951,5.5482692633910276,3761,3758.326172519017,3758,3755.3283053247715,0.0,0.0,5370131.4680832,0.0,streaming,179/E62FE90,179/E62FE90,179/E62FE48,16752,16752,640888,16824,0.039229,0.039229,0.039229,-69062.86584289664,True,13237096,reserved,5.4,37.8,0.0,13769148.06298162,0.0,18.98649223022104,5499591.3649994945,156650.55236810056,1002.13,1
2026-09-13T21:50:10.424987+00:00,1789336210.4249873,F_lat_eastus_rep3,r3-pub,F01,load,16,1,1000,6,23.2,2282660705,22042597,801193710047,60320,1789156079.537691,5953804.325,192964.18600000002,85203077,80667596,427748453,7901,21564,16055179,4818744029,11084509.907,785503.031,179/EC74000,179/EC8BA30,1,1.0006284713745117,5853350,5849673.647562272,5.578683517038605,3784,3781.6233579703307,3781,3778.62524220027,0.0,0.0,6549483.836890687,0.0,streaming,179/EC71FF0,179/EB67D68,179/EB67CA0,8208,1098392,2044016,1098592,0.039229,0.039229,0.039229,1081088.5667824652,True,19790696,reserved,3.5,37.7,0.0,15063812.82484858,0.0,22.985554237134675,6630658.820737014,163442.28120487783,1002.13,1
2026-09-13T21:50:11.425446+00:00,1789336211.4254422,F_lat_eastus_rep3,r3-pub,F01,load,16,1,1000,6,23.2,2282683770,22042597,801199599444,60320,1789156079.537691,5953838.945,192964.18600000002,85206883,80667596,427752256,7901,21564,16055179,4818786363,11084509.907,785511.601,179/F202C38,179/F230460,1,1.0004549026489258,5889397,5886719.115880704,5.614012828713134,3806,3804.2694277600845,3803,3801.2707918475044,0.0,0.0,5824990.1965296315,0.0,streaming,179/F201FC0,179/F102000,179/F100438,3192,1051704,2111120,1058816,0.040078,0.040078,0.040078,-39757.91401959672,True,25618336,reserved,3.1,37.7,0.0,14227128.041767193,0.0,20.990451388061423,5905792.439375322,205716.41905604387,1002.12,1
2026-09-13T21:50:12.425852+00:00,1789336212.4258523,F_lat_eastus_rep3,r3-pub,F01,load,16,1,1000,6,23.2,2282707234,22042597,801205589960,60320,1789156079.537691,5953866.063,192964.18600000002,85210758,80667596,427756128,7901,21564,16055179,4818829251,11084509.907,785519.351,179/F72A000,179/F7FC258,1,1.0004100799560547,5990516,5988060.416447571,5.7106594242549615,3875,3873.411591544758,3872,3870.4128212803357,0.0,0.0,5401377.003555747,0.0,streaming,179/F727FD0,179/F727FD0,179/F726EE8,8240,8240,1335616,12568,0.041810,0.212487,0.041810,-1045819.1305369083,True,31021928,reserved,3.5,37.8,0.0,5412692.363353498,0.0,8.996310793265243,5452483.045992111,158356.06135331924,1002.12,1
2026-09-13T21:50:13.426522+00:00,1789336213.426522,F_lat_eastus_rep3,r3-pub,F01,load,16,1,1000,6,23.2,2282730943,22042598,801211659027,60320,1789156079.537691,5953900.259,192964.18600000002,85214670,80667596,427760037,7901,21564,16055179,4818872699,11084509.907,785527.811,179/FD3C000,179/FDCD1D8,1,1.0006697177886963,6069067,6065005.158157048,5.784039648205803,3912,3909.381817454045,3909,3906.383825262746,0.0,0.0,6360923.976060688,0.0,streaming,179/FD27BF0,179/FD27BF0,179/FD26430,82960,82960,1105504,89040,0.039911,0.039911,0.039911,76420.8196176753,True,37387112,reserved,5.2,37.7,0.0,14752104.253360823,0.0,17.987953147794688,6349604.556877072,187863.1846833764,1002.11,1
2026-09-13T21:50:14.427558+00:00,1789336214.4274664,F_lat_eastus_rep3,r3-pub,F01,load,16,1,1000,6,23.2,2282755028,22042598,801217817710,60320,1789156079.537691,5953936.302,192964.18600000002,85218648,80667596,427764012,7901,21564,16055179,4818917117,11084509.907,785537.485,179/1031A000,179/103BF3B8,1,1.0009443759918213,6158683,6152872.375048264,5.867836356209053,3978,3974.2468167207167,3975,3971.2496471756785,0.0,0.0,6146387.499209316,0.0,streaming,179/10317BB0,179/10317BB0,179/10317AE8,9296,9296,1189048,9496,0.039574,0.195720,0.039574,-79468.95143017413,True,43539304,reserved,6.6,37.7,0.0,14547541.650924847,0.0,25.975469390331483,6292645.376781123,179108.85389845568,1002.1,1
2026-09-13T21:50:15.428039+00:00,1789336215.428007,F_lat_eastus_rep3,r3-pub,F01,drain,0,0,0,0,0,2282779319,22042598,801224017994,60320,1789156079.537691,5953964.115,192964.18600000002,85222841,80667596,427768021,7901,21564,16055179,4818961732,11084509.907,785545.85,179/1069E3E0,179/1069E3E0,1,1.0005404949188232,6200284,6196934.588342721,5.90985735735199,4193,4190.734929064705,4009,4006.834326406011,0.0,0.0,3685400.0599937425,0.0,streaming,179/1069E3E0,179/1069E3E0,179/1069E3E0,0,0,4952,0,0.039408,0.045533,0.039408,-9490.870232863927,True,47226696,reserved,14.9,36.6,0.0,6361745.508877605,0.0,116.93679625580027,3750303.9797549,105741.84706895225,1002.1,1
2026-09-13T21:50:16.429187+00:00,1789336216.429187,F_lat_eastus_rep3,r3-pub,F01,drain,0,0,0,0,0,2282779319,22042598,801224017994,60320,1789156079.537691,5953964.115,192964.18600000002,85222844,80667596,427768021,7901,21564,16055179,4818961732,11084509.907,785545.85,179/1069E3E0,179/1069E3E0,1,1.0011801719665527,0,0.0,0.0,3,2.9964636575925154,0,0.0,0.0,0.0,0.0,0.0,streaming,179/1069E3E0,179/1069E3E0,179/1069E3E0,0,0,0,0,0.039408,0.045533,0.039408,0.0,True,47226696,reserved,0.8,36.6,0.0,0.0,0.0,0.0,4296.928884987667,1121.6762291587982,1002.1,1
2026-09-13T21:50:17.430292+00:00,1789336217.4302921,F_lat_eastus_rep3,r3-pub,F01,drain,0,0,0,0,0,2282779319,22042598,801224017994,60320,1789156079.537691,5953964.115,192964.18600000002,85222847,80667596,427768021,7901,21564,16055179,4818961732,11084509.907,785545.85,179/1069E3E0,179/1069E3E0,1,1.0011050701141357,0,0.0,0.0,3,2.996688449153465,0,0.0,0.0,0.0,0.0,0.0,streaming,179/1069E3E0,179/1069E3E0,179/1069E3E0,0,0,0,0,0.039408,0.045533,0.039408,0.0,True,47226696,reserved,0.6,36.6,0.0,8890783.061347641,0.0,20.976819144074252,707.2184740002177,329.6357294068811,1002.1,1
2026-09-13T21:50:18.431474+00:00,1789336218.4314747,F_lat_eastus_rep3,r3-pub,F01,drain,0,0,0,0,0,2282779319,22042598,801224017994,60320,1789156079.537691,5953964.115,192964.18600000002,85222850,80667596,427768021,7901,21564,16055179,4818961732,11084509.907,785545.85,179/1069E3E0,179/1069E3E0,1,1.0011825561523438,0,0.0,0.0,3,2.9964565219047907,0,0.0,0.0,0.0,0.0,0.0,streaming,179/1069E3E0,179/1069E3E0,179/1069E3E0,0,0,0,0,0.039408,0.045533,0.039408,0.0,True,47226696,reserved,0.2,36.6,0.0,2700166.9010188454,0.0,28.96574637841298,1458.2755073269982,296.6491956685743,1002.1,1
2026-09-13T21:50:19.432560+00:00,1789336219.4325602,F_lat_eastus_rep3,r3-pub,F01,drain,0,0,0,0,0,2282779319,22042598,801224017994,60320,1789156079.537691,5953964.115,192964.18600000002,85222853,80667596,427768021,7901,21564,16055179,4818961732,11084509.907,785545.85,179/1069E3E0,179/1069E3E0,1,1.0010855197906494,0,0.0,0.0,3,2.9967469718544835,0,0.0,0.0,0.0,0.0,0.0,streaming,179/1069E3E0,179/1069E3E0,179/1069E3E0,0,0,0,0,0.039408,0.045533,0.039408,0.0,True,47226696,reserved,0.6,36.6,0.0,0.0,0.0,0.0,4294.338410667475,955.9622840215801,1002.1,1
2026-09-13T21:50:20.432953+00:00,1789336220.4329534,F_lat_eastus_rep3,r3-pub,F01,drain,0,0,0,0,0,2282779319,22042598,801224017994,60320,1789156079.537691,5953964.115,192964.18600000002,85222856,80667596,427768021,7901,21564,16055179,4818961732,11084509.907,785545.85,179/1069E3E0,179/1069E3E0,1,1.0003931522369385,0,0.0,0.0,3,2.9988210068129932,0,0.0,0.0,0.0,0.0,0.0,streaming,179/1069E3E0,179/1069E3E0,179/1069E3E0,0,0,0,0,0.039408,0.045533,0.039408,0.0,True,47226696,reserved,0.0,36.6,0.0,176058.7820959863,0.0,9.996070022709977,65.97406214988585,119.95284027251974,1002.1,1
2026-09-13T21:50:21.433743+00:00,1789336221.433744,F_lat_eastus_rep3,r3-pub,F01,drain,0,0,0,0,0,2282779319,22042598,801224017994,60320,1789156079.537691,5953964.115,192964.18600000002,85222859,80667596,427768021,7901,21564,16055179,4818961732,11084509.907,785545.85,179/1069E3E0,179/1069E3E0,1,1.0007905960083008,0,0.0,0.0,3,2.9976300856199467,0,0.0,0.0,0.0,0.0,0.0,streaming,179/1069E3E0,179/1069E3E0,179/1069E3E0,0,0,0,0,0.039408,0.045533,0.039408,0.0,True,47226696,reserved,0.6,36.6,0.0,0.0,0.0,0.0,116.90757333917792,65.94786188363882,1002.1,1
2026-09-13T21:50:22.435237+00:00,1789336222.4352372,F_lat_eastus_rep3,r3-pub,F01,drain,0,0,0,0,0,2282779319,22042598,801224017994,60320,1789156079.537691,5953964.115,192964.18600000002,85222862,80667596,427768021,7901,21564,16055179,4818961732,11084509.907,785545.85,179/1069E3E0,179/1069E3E0,1,1.001493215560913,0,0.0,0.0,3,2.9955270324220518,0,0.0,0.0,0.0,0.0,0.0,streaming,179/1069E3E0,179/1069E3E0,179/1069E3E0,0,0,0,0,0.039408,0.045533,0.039408,0.0,True,47226696,reserved,0.2,36.6,0.0,36809.03617440217,0.0,4.992545054036753,5745.420848185495,1280.0885518550233,1002.1,1
2026-09-13T21:50:23.436553+00:00,1789336223.4365535,F_lat_eastus_rep3,r3-pub,F01,drain,0,0,0,0,0,2282779319,22042598,801224017994,60320,1789156079.537691,5953964.115,192964.18600000002,85222865,80667596,427768021,7901,21564,16055179,4818961732,11084509.907,785545.85,179/1069E3E0,179/1069E3E0,1,1.0013163089752197,0,0.0,0.0,3,2.9960562642491055,0,0.0,0.0,0.0,0.0,0.0,streaming,179/1069E3E0,179/1069E3E0,179/1069E3E0,0,0,0,0,0.039408,0.045533,0.039408,0.0,True,47226696,reserved,1.0,36.6,0.0,94084.15618079324,0.0,14.980281321245528,3565.3069544564355,16805.87827159465,1002.1,1
2026-09-13T21:50:24.437619+00:00,1789336224.4376194,F_lat_eastus_rep3,r3-pub,F01,drain,0,0,0,0,0,2282779319,22042598,801224017994,60320,1789156079.537691,5953964.115,192964.18600000002,85222868,80667596,427768021,7901,21564,16055179,4818961732,11084509.907,785545.85,179/1069E3E0,179/1069E3E0,1,1.001065969467163,0,0.0,0.0,3,2.9968054968413407,0,0.0,0.0,0.0,0.0,0.0,streaming,179/1069E3E0,179/1069E3E0,179/1069E3E0,0,0,0,0,0.039408,0.045533,0.039408,0.0,True,47226696,reserved,0.0,36.6,0.0,0.0,0.0,0.0,65.92972093050949,125.8658308673363,1002.1,1
2026-09-13T21:50:25.437928+00:00,1789336225.4379284,F_lat_eastus_rep3,r3-pub,idle,idle,0,0,0,0,0,2282779319,22042598,801224017994,60320,1789156079.537691,5953964.115,192964.18600000002,85223072,80667596,427768021,7901,21564,16055179,4818961732,11084509.907,785545.85,179/1069E3E0,179/1069E3E0,1,1.0003089904785156,0,0.0,0.0,204,203.9369854132901,0,0.0,0.0,0.0,0.0,0.0,streaming,179/1069E3E0,179/1069E3E0,179/1069E3E0,0,0,0,0,0.039408,0.045533,0.039408,0.0,True,47226696,reserved,5.8,36.6,0.0,40947.34765945276,0.0,5.99814662980265,7607.649308799695,830.7433082276671,1002.1,1
