sample_time,epoch,run_id,host,level_id,phase_state,clients,rows_per_commit,row_bytes,target_wal_mbps,network_latency_ms,wal_records,wal_fpi,wal_bytes,wal_buffers_full,wal_stats_reset,wal_write_time_ms,wal_sync_time_ms,xact_commit,xact_rollback,tup_inserted,tup_updated,tup_deleted,blks_read,blks_hit,blk_read_time_ms,blk_write_time_ms,current_wal_lsn,insert_lsn,active_backends,interval_sec,wal_bytes_delta,wal_bytes_per_sec,wal_mb_per_sec,commits_delta,commits_per_sec,rows_inserted_delta,rows_inserted_per_sec,rows_updated_per_sec,rows_deleted_per_sec,lsn_bytes_per_sec,wal_sync_time_delta_ms,repl_state,sent_lsn,write_lsn,replay_lsn,send_lag_bytes,write_lag_bytes,flush_lag_bytes,replay_lag_bytes,write_lag_sec,flush_lag_sec,replay_lag_sec,d_replay_lag_bytes_per_sec,slot_active,retained_wal_bytes,wal_status,cpu_pct,mem_used_pct,disk_read_bytes_per_sec,disk_write_bytes_per_sec,disk_read_iops,disk_write_iops,net_sent_bytes_per_sec,net_recv_bytes_per_sec,data_volume_free_gb,db_connected
2026-09-13T21:58:12.656641+00:00,1789336692.6556401,F_lat_northeurope_rep2,r3-pub,idle,idle,0,0,0,0,0,2291724940,22050216,803525090640,60320,1789156079.537691,5966946.836999999,192964.18600000002,86662606,85002632,429208141,8047,21921,16055193,4835452671,11084516.363,788761.533,179/9A5016E0,179/9A5016E0,1,1.0015690326690674,0,0.0,0.0,205,204.67885219424002,0,0.0,0.0,0.0,55.91227181891435,0.0,streaming,179/9A5016E0,179/9A5016E0,179/9A5016E0,0,0,0,0,0.094673,0.094673,0.094673,0.0,True,56,reserved,1.9,36.6,0.0,2654139.568309059,0.0,25.95926905878166,27239.260710064664,1189.1342095772677,1002.37,1
2026-09-13T21:58:13.656774+00:00,1789336693.656774,F_lat_northeurope_rep2,r3-pub,idle,idle,0,0,0,0,0,2291724940,22050216,803525090640,60320,1789156079.537691,5966946.836999999,192964.18600000002,86662609,85002632,429208141,8047,21921,16055193,4835452671,11084516.363,788761.533,179/9A5016E0,179/9A5016E0,1,1.001133918762207,0,0.0,0.0,3,2.9966020966597284,0,0.0,0.0,0.0,0.0,0.0,streaming,179/9A5016E0,179/9A5016E0,179/9A5016E0,0,0,0,0,0.094673,0.094673,0.094673,0.0,True,56,reserved,1.0,36.6,0.0,28639.52510514258,0.0,3.9954694622129714,2075.6463856196387,542.3849794954109,1002.37,1
2026-09-13T21:58:14.657751+00:00,1789336694.6577513,F_lat_northeurope_rep2,r3-pub,idle,idle,0,0,0,0,0,2291724940,22050216,803525090640,60320,1789156079.537691,5966946.836999999,192964.18600000002,86662612,85002632,429208141,8047,21921,16055193,4835452671,11084516.363,788761.533,179/9A5016E0,179/9A5016E0,1,1.0009772777557373,0,0.0,0.0,3,2.997071029150846,0,0.0,0.0,0.0,0.0,0.0,streaming,179/9A5016E0,179/9A5016E0,179/9A5016E0,0,0,0,0,0.094673,0.094673,0.094673,0.0,True,56,reserved,0.4,36.6,0.0,8830538.111532409,0.0,14.98535514575423,1364.6663419400186,533.4786431888506,1002.37,1
2026-09-13T21:58:15.658266+00:00,1789336695.658266,F_lat_northeurope_rep2,r3-pub,idle,idle,0,0,0,0,0,2291724940,22050216,803525090640,60320,1789156079.537691,5966946.836999999,192964.18600000002,86662622,85002632,429208141,8047,21921,16055193,4835453518,11084516.363,788761.533,179/9A5016E0,179/9A5016E0,1,1.0005147457122803,0,0.0,0.0,10,9.994855191145495,0,0.0,0.0,0.0,0.0,0.0,streaming,179/9A5016E0,179/9A5016E0,179/9A5016E0,0,0,0,0,0.094673,0.094673,0.094673,0.0,True,56,reserved,8.5,36.6,0.0,0.0,0.0,0.0,4786.536151039578,1738.1053177402016,1002.37,1
2026-09-13T21:58:16.659856+00:00,1789336696.659856,F_lat_northeurope_rep2,r3-pub,idle,idle,0,0,0,0,0,2291724940,22050216,803525090640,60320,1789156079.537691,5966946.836999999,192964.18600000002,86662625,85002632,429208141,8047,21921,16055193,4835453518,11084516.363,788761.533,179/9A5016E0,179/9A5016E0,1,1.0015900135040283,0,0.0,0.0,3,2.9952375318765436,0,0.0,0.0,0.0,0.0,0.0,streaming,179/9A5016E0,179/9A5016E0,179/9A5016E0,0,0,0,0,0.094673,0.094673,0.094673,0.0,True,56,reserved,0.2,36.6,0.0,7949983.419006977,0.0,9.984125106255146,5359.478357037762,3442.5263366367744,1002.37,1
2026-09-13T21:58:17.660531+00:00,1789336697.660532,F_lat_northeurope_rep2,r3-pub,F01,drain,0,0,0,0,0,2291725021,22050225,803525113887,60320,1789156079.537691,5966950.138,192964.18600000002,86662637,85002632,429208141,8054,21921,16055193,4835454681,11084516.363,788761.533,179/9A507C20,179/9A507C20,1,1.000675916671753,23247,23231.29757866013,0.02215509183755887,12,11.991894478596015,0,0.0,6.995271779181008,0.0,25902.492073767393,0.0,streaming,179/9A507C20,179/9A507C20,179/9A507C20,0,0,0,0,0.305186,0.305186,0.305186,0.0,True,25976,reserved,6.5,36.6,0.0,499374.4644740143,0.0,45.968928834618055,5887.02086445076,3024.955382225845,1004.28,1
2026-09-13T21:58:18.661663+00:00,1789336698.6616635,F_lat_northeurope_rep2,r3-pub,F01,drain,0,0,0,0,0,2291725033,22050225,803525116227,60320,1789156079.537691,5966950.138,192964.18600000002,86662647,85002632,429208141,8054,21921,16055198,4835455201,11084516.447,788761.533,179/9A507C20,179/9A507C20,1,1.001131534576416,2340,2337.3552017718293,0.002229075624248342,10,9.988697443469356,0,0.0,0.0,0.0,0.0,0.0,streaming,179/9A507C20,179/9A507C20,179/9A507C20,0,0,0,0,0.305186,0.305186,0.305186,0.0,True,25976,reserved,0.0,36.6,0.0,200477.15316940736,0.0,7.990957954775485,182.79316321548922,125.85758778771388,1004.28,1
2026-09-13T21:58:19.661767+00:00,1789336699.661767,F_lat_northeurope_rep2,r3-pub,F01,drain,0,0,0,0,0,2291725033,22050225,803525116227,60320,1789156079.537691,5966950.138,192964.18600000002,86662650,85002632,429208141,8054,21921,16055198,4835455201,11084516.447,788761.533,179/9A507C20,179/9A507C20,1,1.00010347366333,0,0.0,0.0,3,2.9996896111270837,0,0.0,0.0,0.0,0.0,0.0,streaming,179/9A507C20,179/9A507C20,179/9A507C20,0,0,0,0,0.305186,0.305186,0.305186,0.0,True,25976,reserved,0.6,36.6,0.0,0.0,0.0,0.0,2173.775071530093,593.9385430031625,1004.28,1
2026-09-13T21:58:20.661884+00:00,1789336700.661884,F_lat_northeurope_rep2,r3-pub,F01,drain,0,0,0,0,0,2291725033,22050225,803525116227,60320,1789156079.537691,5966950.138,192964.18600000002,86662653,85002632,429208141,8054,21921,16055198,4835455201,11084516.447,788761.533,179/9A507C20,179/9A507C20,1,1.0001170635223389,0,0.0,0.0,3,2.999648850539776,0,0.0,0.0,0.0,0.0,0.0,streaming,179/9A507C20,179/9A507C20,179/9A507C20,0,0,0,0,0.305186,0.305186,0.305186,0.0,True,25976,reserved,0.2,36.6,0.0,622519.1257184201,0.0,88.98958256601335,2356.724113574084,719.9157241295462,1004.28,1
2026-09-13T21:58:21.662059+00:00,1789336701.6620593,F_lat_northeurope_rep2,r3-pub,F01,drain,0,0,0,0,0,2291725033,22050225,803525116227,60320,1789156079.537691,5966950.138,192964.18600000002,86662656,85002632,429208141,8054,21921,16055198,4835455201,11084516.447,788761.533,179/9A507C20,179/9A507C20,1,1.0001752376556396,0,0.0,0.0,3,2.999474379141648,0,0.0,0.0,0.0,0.0,0.0,streaming,179/9A507C20,179/9A507C20,179/9A507C20,0,0,0,0,0.305186,0.305186,0.305186,0.0,True,25976,reserved,0.6,36.6,0.0,32762.258818571176,0.0,4.99912396523608,0.0,0.0,1004.28,1
2026-09-13T21:58:22.662930+00:00,1789336702.6629303,F_lat_northeurope_rep2,r3-pub,F01,drain,0,0,0,0,0,2291725033,22050225,803525116227,60320,1789156079.537691,5966950.138,192964.18600000002,86662659,85002632,429208141,8054,21921,16055198,4835455201,11084516.447,788761.533,179/9A507C20,179/9A507C20,1,1.000870943069458,0,0.0,0.0,3,2.997389444436901,0,0.0,0.0,0.0,0.0,0.0,streaming,179/9A507C20,179/9A507C20,179/9A507C20,0,0,0,0,0.305186,0.305186,0.305186,0.0,True,25976,reserved,0.0,36.6,0.0,24554.614328827094,0.0,4.995649074061502,2466.8515127715696,753.3438803684745,1004.28,1
2026-09-13T21:58:23.664264+00:00,1789336703.6642647,F_lat_northeurope_rep2,r3-pub,F01,drain,0,0,0,0,0,2291725033,22050225,803525116227,60320,1789156079.537691,5966950.138,192964.18600000002,86662662,85002632,429208141,8054,21921,16055198,4835455201,11084516.447,788761.533,179/9A507C20,179/9A507C20,1,1.0013344287872314,0,0.0,0.0,3,2.9960020486197174,0,0.0,0.0,0.0,0.0,0.0,streaming,179/9A507C20,179/9A507C20,179/9A507C20,0,0,0,0,0.305186,0.305186,0.305186,0.0,True,25976,reserved,0.4,36.6,0.0,147259.49269375636,0.0,13.981342893558681,5426.7583773998485,16857.50486023361,1004.28,1
2026-09-13T21:58:24.664713+00:00,1789336704.6647131,F_lat_northeurope_rep2,r3-pub,F01,drain,0,0,0,0,0,2291725033,22050225,803525116227,60320,1789156079.537691,5966950.138,192964.18600000002,86662665,85002632,429208141,8054,21921,16055198,4835455201,11084516.447,788761.533,179/9A507C20,179/9A507C20,1,1.00044846534729,0,0.0,0.0,3,2.9986552070511667,0,0.0,0.0,0.0,0.0,0.0,streaming,179/9A507C20,179/9A507C20,179/9A507C20,0,0,0,0,0.305186,0.305186,0.305186,0.0,True,25976,reserved,0.0,36.6,0.0,32753.31127488421,0.0,5.9973104141023335,182.91796763012118,125.943518696149,1004.28,1
2026-09-13T21:58:25.665840+00:00,1789336705.6658401,F_lat_northeurope_rep2,r3-pub,F01,drain,0,0,0,0,0,2291725033,22050225,803525116227,60320,1789156079.537691,5966950.138,192964.18600000002,86662668,85002632,429208141,8054,21921,16055198,4835455201,11084516.447,788761.533,179/9A507C20,179/9A507C20,1,1.001127004623413,0,0.0,0.0,3,2.9966227922584996,0,0.0,0.0,0.0,0.0,0.0,streaming,179/9A507C20,179/9A507C20,179/9A507C20,0,0,0,0,0.305186,0.305186,0.305186,0.0,True,25976,reserved,2.0,36.6,0.0,0.0,0.0,0.0,1085.776325061663,296.66565643359144,1004.28,1
2026-09-13T21:58:26.665862+00:00,1789336706.665862,F_lat_northeurope_rep2,r3-pub,F01,drain,0,0,0,0,0,2291725033,22050225,803525116227,60320,1789156079.537691,5966950.138,192964.18600000002,86662671,85002632,429208141,8054,21921,16055198,4835455201,11084516.447,788761.533,179/9A507C20,179/9A507C20,1,1.0000219345092773,0,0.0,0.0,3,2.9999341979155045,0,0.0,0.0,0.0,0.0,0.0,streaming,179/9A507C20,179/9A507C20,179/9A507C20,0,0,0,0,0.305186,0.305186,0.305186,0.0,True,25976,reserved,0.0,36.6,0.0,32767.281265765083,0.0,3.9999122638873392,3881.9148521026627,3495.9233186375345,1004.28,1
2026-09-13T21:58:27.666280+00:00,1789336707.6662805,F_lat_northeurope_rep2,r3-pub,F01,drain,0,0,0,0,0,2291725033,22050225,803525116227,60320,1789156079.537691,5966950.138,192964.18600000002,86662674,85002632,429208141,8054,21921,16055198,4835455201,11084516.447,788761.533,179/9A507C20,179/9A507C20,1,1.0004184246063232,0,0.0,0.0,3,2.9987452511988035,0,0.0,0.0,0.0,0.0,0.0,streaming,179/9A507C20,179/9A507C20,179/9A507C20,0,0,0,0,,,,0.0,True,25976,reserved,0.6,36.6,0.0,77791.45014309855,0.0,11.994981004795214,635.7339932541463,520.7820919581922,1004.28,1
2026-09-13T21:58:28.667353+00:00,1789336708.6673536,F_lat_northeurope_rep2,r3-pub,F01,drain,0,0,0,0,0,2291725033,22050225,803525116227,60320,1789156079.537691,5966951.518,192964.18600000002,86662677,85002632,429208141,8054,21921,16055198,4835455201,11084516.447,788761.533,179/9A507C58,179/9A507C58,1,1.0010731220245361,0,0.0,0.0,3,2.9967840849956118,0,0.0,0.0,0.0,55.93996958658475,0.0,streaming,179/9A507C58,179/9A507C58,179/9A507C58,0,0,0,0,,,,0.0,True,56,reserved,0.2,36.6,0.0,110473.44850927824,0.0,20.977488594969284,1270.6364520381394,708.2399720872962,1004.28,1
2026-09-13T21:58:29.668584+00:00,1789336709.6685839,F_lat_northeurope_rep2,r3-pub,F01,drain,0,0,0,0,0,2291725033,22050225,803525116227,60320,1789156079.537691,5966951.518,192964.18600000002,86662680,85002632,429208141,8054,21921,16055198,4835455201,11084516.447,788761.533,179/9A507C58,179/9A507C58,1,1.001230239868164,0,0.0,0.0,3,2.996313815286903,0,0.0,0.0,0.0,0.0,0.0,streaming,179/9A507C58,179/9A507C58,179/9A507C58,0,0,0,0,,,,0.0,True,56,reserved,0.6,36.6,0.0,77728.37545362933,0.0,10.986483989385311,3161.111075127683,719.1153156688567,1004.28,1
2026-09-13T21:58:30.669593+00:00,1789336710.669593,F_lat_northeurope_rep2,r3-pub,F01,drain,0,0,0,0,0,2291725033,22050225,803525116227,60320,1789156079.537691,5966951.518,192964.18600000002,86662683,85002632,429208141,8054,21921,16055198,4835455201,11084516.447,788761.533,179/9A507C58,179/9A507C58,1,1.001009225845337,0,0.0,0.0,3,2.9969753749937182,0,0.0,0.0,0.0,0.0,0.0,streaming,179/9A507C58,179/9A507C58,179/9A507C58,0,0,0,0,,,,0.0,True,56,reserved,0.0,36.6,0.0,20459.351893290448,0.0,3.9959671666582905,3447.5206730344403,624.3698697903579,1004.28,1
2026-09-13T21:58:31.670872+00:00,1789336711.670873,F_lat_northeurope_rep2,r3-pub,F01,drain,0,0,0,0,0,2291725033,22050225,803525116227,60320,1789156079.537691,5966951.518,192964.18600000002,86662686,85002632,429208141,8054,21921,16055198,4835455201,11084516.447,788761.533,179/9A507C58,179/9A507C58,1,1.0012798309326172,0,0.0,0.0,3,2.996165414822872,0,0.0,0.0,0.0,0.0,0.0,streaming,179/9A507C58,179/9A507C58,179/9A507C58,0,0,0,0,,,,0.0,True,56,reserved,6.5,36.6,0.0,0.0,0.0,0.0,1268.3766922750158,422.45932349002493,1004.28,1
2026-09-13T21:58:32.671567+00:00,1789336712.671568,F_lat_northeurope_rep2,r3-pub,F01,drain,0,0,0,0,0,2291725033,22050225,803525116227,60320,1789156079.537691,5966951.518,192964.18600000002,86662689,85002632,429208141,8054,21921,16055198,4835455201,11084516.447,788761.533,179/9A507C58,179/9A507C58,1,1.000694990158081,0,0.0,0.0,3,2.9979164775533516,0,0.0,0.0,0.0,0.0,0.0,streaming,179/9A507C58,179/9A507C58,179/9A507C58,0,0,0,0,,,,0.0,True,56,reserved,0.4,36.6,0.0,176005.67778617222,0.0,9.993054925177837,1086.245070366831,296.7937312777818,1004.28,1
2026-09-13T21:58:33.673061+00:00,1789336713.6730611,F_lat_northeurope_rep2,r3-pub,F01,drain,0,0,0,0,0,2291725033,22050225,803525116227,60320,1789156079.537691,5966951.518,192964.18600000002,86662692,85002632,429208141,8054,21921,16055198,4835455201,11084516.447,788761.533,179/9A507C58,179/9A507C58,1,1.001493215560913,0,0.0,0.0,3,2.9955270324220518,0,0.0,0.0,0.0,0.0,0.0,streaming,179/9A507C58,179/9A507C58,179/9A507C58,0,0,0,0,,,,0.0,True,56,reserved,2.1,36.6,0.0,73618.07234880434,0.0,9.985090108073505,2353.4857384729253,718.9264877812924,1004.28,1
2026-09-13T21:58:34.673553+00:00,1789336714.6735535,F_lat_northeurope_rep2,r3-pub,F01,drain,0,0,0,0,0,2291725033,22050225,803525116227,60320,1789156079.537691,5966951.518,192964.18600000002,86662695,85002632,429208141,8054,21921,16055198,4835455201,11084516.447,788761.533,179/9A507C58,179/9A507C58,1,1.0004923343658447,0,0.0,0.0,3,2.99852372372401,0,0.0,0.0,0.0,0.0,0.0,streaming,179/9A507C58,179/9A507C58,179/9A507C58,0,0,0,0,,,,0.0,True,56,reserved,0.2,36.6,0.0,0.0,0.0,0.0,1086.4650958959996,296.853848648677,1004.28,1
2026-09-13T21:58:35.673789+00:00,1789336715.673789,F_lat_northeurope_rep2,r3-pub,F01,drain,0,0,0,0,0,2291725033,22050225,803525116227,60320,1789156079.537691,5966951.518,192964.18600000002,86662698,85002632,429208141,8054,21921,16055198,4835455201,11084516.447,788761.533,179/9A507C58,179/9A507C58,1,1.0002355575561523,0,0.0,0.0,3,2.9992934937544278,0,0.0,0.0,0.0,0.0,0.0,streaming,179/9A507C58,179/9A507C58,179/9A507C58,0,0,0,0,,,,0.0,True,56,reserved,1.0,36.6,0.0,85995.74305292695,0.0,12.996938472935852,1269.700912356041,422.9003826193743,1004.28,1
2026-09-13T21:58:36.674047+00:00,1789336716.674047,F_lat_northeurope_rep2,r3-pub,F01,drain,0,0,0,0,0,2291725033,22050225,803525116227,60320,1789156079.537691,5966951.518,192964.18600000002,86662701,85002632,429208141,8054,21921,16055198,4835455201,11084516.447,788761.533,179/9A507C58,179/9A507C58,1,1.000257968902588,0,0.0,0.0,3,2.999226292884612,0,0.0,0.0,0.0,0.0,0.0,streaming,179/9A507C58,179/9A507C58,179/9A507C58,0,0,0,0,,,,0.0,True,56,reserved,0.2,36.6,0.0,249791.56154499252,0.0,45.98813649089738,2173.4393202437154,533.8622801334609,1004.28,1
2026-09-13T21:58:37.674814+00:00,1789336717.6748147,F_lat_northeurope_rep2,r3-pub,F01,drain,0,0,0,0,0,2291725033,22050225,803525116227,60320,1789156079.537691,5966951.518,192964.18600000002,86662704,85002632,429208141,8054,21921,16055198,4835455201,11084516.447,788761.533,179/9A507C58,179/9A507C58,1,1.000767707824707,0,0.0,0.0,3,2.9976986432954282,0,0.0,0.0,0.0,0.0,0.0,streaming,179/9A507C58,179/9A507C58,179/9A507C58,0,0,0,0,,,,0.0,True,56,reserved,0.8,36.6,0.0,40928.57880979358,0.0,4.99616440549238,1269.0257589950647,482.629481570564,1004.28,1
2026-09-13T21:58:38.674950+00:00,1789336718.6749504,F_lat_northeurope_rep2,r3-pub,F01,drain,0,0,0,0,0,2291725034,22050225,803525116277,60320,1789156079.537691,5966951.518,192964.18600000002,86662707,85002632,429208141,8054,21921,16055198,4835455201,11084516.447,788761.533,179/9A507C58,179/9A507C58,1,1.0001356601715088,50,49.99321791148385,4.767724791668306e-05,3,2.999593074689031,0,0.0,0.0,0.0,0.0,0.0,streaming,179/9A507C58,179/9A507C58,179/9A507C58,0,0,0,0,,,,0.0,True,56,reserved,0.2,36.6,0.0,65527.11058094011,0.0,5.999186149378062,4187.431932265888,16496.762046431442,1004.28,1
2026-09-13T21:58:39.676251+00:00,1789336719.6762514,F_lat_northeurope_rep2,r3-pub,F01,drain,0,0,0,0,0,2291725034,22050225,803525116277,60320,1789156079.537691,5966951.518,192964.18600000002,86662710,85002632,429208141,8054,21921,16055198,4835455201,11084516.447,788761.533,179/9A507C58,179/9A507C58,1,1.0013010501861572,0,0.0,0.0,3,2.9961019210378876,0,0.0,0.0,0.0,0.0,0.0,streaming,179/9A507C58,179/9A507C58,179/9A507C58,0,0,0,0,,,,0.0,True,56,reserved,0.6,36.6,0.0,73632.20081142713,0.0,11.98440768415155,2141.2141729017435,542.2944477078577,1004.28,1
2026-09-13T21:58:40.677380+00:00,1789336720.6773808,F_lat_northeurope_rep2,r3-pub,F01,drain,0,0,0,0,0,2291725034,22050225,803525116277,60320,1789156079.537691,5966951.518,192964.18600000002,86662713,85002632,429208141,8054,21921,16055198,4835455201,11084516.447,788761.533,179/9A507C58,179/9A507C58,1,1.001129388809204,0,0.0,0.0,3,2.996615655812839,0,0.0,0.0,0.0,0.0,0.0,streaming,179/9A507C58,179/9A507C58,179/9A507C58,0,0,0,0,,,,0.0,True,56,reserved,0.0,36.6,0.0,0.0,0.0,0.0,1388.4319205266154,563.3637432928138,1004.28,1
2026-09-13T21:58:41.677998+00:00,1789336721.677998,F_lat_northeurope_rep2,r3-pub,F01,drain,0,0,0,0,0,2291725034,22050225,803525116277,60320,1789156079.537691,5966951.518,192964.18600000002,86662716,85002632,429208141,8054,21921,16055198,4835455201,11084516.447,788761.533,179/9A507C58,179/9A507C58,1,1.000617265701294,0,0.0,0.0,3,2.9981493452418255,0,0.0,0.0,0.0,0.0,0.0,streaming,179/9A507C58,179/9A507C58,179/9A507C58,0,0,0,0,,,,0.0,True,56,reserved,0.6,36.6,0.0,40934.73239370172,0.0,5.996298690483651,1706.9463605576793,2900.209799963926,1004.28,1
2026-09-13T21:58:42.678861+00:00,1789336722.6788611,F_lat_northeurope_rep2,r3-pub,F01,drain,0,0,0,0,0,2291725034,22050225,803525116277,60320,1789156079.537691,5966951.518,192964.18600000002,86662719,85002632,429208141,8054,21921,16055198,4835455201,11084516.447,788761.533,179/9A507C58,179/9A507C58,1,1.0008630752563477,0,0.0,0.0,3,2.997413007000603,0,0.0,0.0,0.0,0.0,0.0,streaming,179/9A507C58,179/9A507C58,179/9A507C58,0,0,0,0,,,,0.0,True,56,reserved,0.0,36.6,0.0,28647.275245573765,0.0,3.9965506760008043,1086.0626462032185,296.7438876930597,1004.28,1
2026-09-13T21:58:43.680032+00:00,1789336723.6800327,F_lat_northeurope_rep2,r3-pub,F01,drain,0,0,0,0,0,2291725034,22050225,803525116277,60320,1789156079.537691,5966951.518,192964.18600000002,86662722,85002632,429208141,8054,21921,16055198,4835455201,11084516.447,788761.533,179/9A507C58,179/9A507C58,1,1.001171588897705,0,0.0,0.0,3,2.9964893463497253,0,0.0,0.0,0.0,0.0,0.0,streaming,179/9A507C58,179/9A507C58,179/9A507C58,0,0,0,0,,,,0.0,True,56,reserved,0.6,36.6,0.0,20456.033937747456,0.0,1.99765956423315,2354.241796448767,719.1574431239341,1004.28,1
2026-09-13T21:58:44.681263+00:00,1789336724.6812637,F_lat_northeurope_rep2,r3-pub,F01,drain,0,0,0,0,0,2291725034,22050225,803525116277,60320,1789156079.537691,5966951.518,192964.18600000002,86662725,85002632,429208141,8054,21921,16055198,4835455201,11084516.447,788761.533,179/9A507C58,179/9A507C58,1,1.0012309551239014,0,0.0,0.0,3,2.9963116747911105,0,0.0,0.0,0.0,0.0,0.0,streaming,179/9A507C58,179/9A507C58,179/9A507C58,0,0,0,0,,,,0.0,True,56,reserved,0.0,36.6,0.0,12272.892619944389,0.0,2.9963116747911105,1085.6635968326457,296.63485580431995,1004.28,1
2026-09-13T21:58:45.681504+00:00,1789336725.6815045,F_lat_northeurope_rep2,r3-pub,F01,drain,0,0,0,0,0,2291725034,22050225,803525116277,60320,1789156079.537691,5966951.518,192964.18600000002,86662728,85002632,429208141,8054,21921,16055198,4835455201,11084516.447,788761.533,179/9A507C58,179/9A507C58,1,1.0002408027648926,0,0.0,0.0,3,2.9992777656213576,0,0.0,0.0,0.0,0.0,0.0,streaming,179/9A507C58,179/9A507C58,179/9A507C58,0,0,0,0,,,,0.0,True,56,reserved,0.6,36.6,0.0,32760.11127462688,0.0,3.9990370208284767,4227.981890270907,573.8618124888864,1004.28,1
2026-09-13T21:58:46.681541+00:00,1789336726.6815414,F_lat_northeurope_rep2,r3-pub,F01,drain,0,0,0,0,0,2291725034,22050225,803525116277,60320,1789156079.537691,5966951.518,192964.18600000002,86662731,85002632,429208141,8054,21921,16055198,4835455201,11084516.447,788761.533,179/9A507C58,179/9A507C58,1,1.0000369548797607,0,0.0,0.0,3,2.9998891394575558,0,0.0,0.0,0.0,0.0,0.0,streaming,179/9A507C58,179/9A507C58,179/9A507C58,0,0,0,0,,,,0.0,True,56,reserved,0.0,36.6,0.0,0.0,0.0,0.0,2173.919663060242,593.978049612596,1004.28,1
2026-09-13T21:58:47.681766+00:00,1789336727.6817667,F_lat_northeurope_rep2,r3-pub,F01,drain,0,0,0,0,0,2291725034,22050225,803525116277,60320,1789156079.537691,5966951.518,192964.18600000002,86662754,85002632,429208141,8054,21921,16055198,4835455246,11084516.447,788761.533,179/9A507C58,179/9A507C58,1,1.000225305557251,0,0.0,0.0,23,22.9948191394599,0,0.0,0.0,0.0,0.0,0.0,streaming,179/9A507C58,179/9A507C58,179/9A507C58,0,0,0,0,,,,0.0,True,56,reserved,1.0,36.6,0.0,110567.08862048475,0.0,5.998648471163452,2186.5073677390783,1514.6587389687716,1004.28,1
2026-09-13T21:58:48.682895+00:00,1789336728.6823812,F_lat_northeurope_rep2,r3-pub,F01,load,16,1,1000,6,99.5,2291725035,22050225,803525116331,60320,1789156079.537691,5966964.597,192964.18600000002,86662778,85002632,429208141,8054,21921,16055198,4835455916,11084516.447,788761.533,179/9A6C2000,179/9A75F610,1,1.0006144046783447,54,53.96684251948054,5.146679164836935e-05,24,23.98526334199135,0,0.0,0.0,0.0,1810255.7703856744,0.0,streaming,179/9A6BFB90,179/9A5ABFC8,179/9A5ABA80,9328,1138744,1811368,1140096,0.106767,0.106767,0.106767,1139395.9497979572,True,1811424,reserved,52.6,37.5,98243.63864879656,1977153.227807031,2.9981579177489186,23.98526334199135,1790656.8120773498,38764.183104548356,1004.28,1
2026-09-13T21:58:49.683027+00:00,1789336729.6830277,F_lat_northeurope_rep2,r3-pub,F01,load,16,1,1000,6,99.5,2291751394,22050228,803531919047,60320,1789156079.537691,5967005.084,192964.18600000002,86667122,85002632,429212482,8054,21921,16055198,4835503058,11084516.447,788772.005,179/9ADDA000,179/9ADDB058,1,1.0006465911865234,6802716,6798320.26603282,6.483383432419605,4344,4341.193022852427,4341,4338.1949613725565,0.0,0.0,7433529.5453112405,0.0,streaming,179/9AD0A580,179/9ACD5F68,179/9ACD48C8,850560,1065112,2133912,1070904,0.111344,0.111344,0.111344,-69147.2899717323,True,9249760,reserved,8.8,37.5,0.0,14830218.911157832,0.0,63.958644903903156,6790823.11362549,262920.9976001998,1004.27,1
2026-09-13T21:58:50.683779+00:00,1789336730.683745,F_lat_northeurope_rep2,r3-pub,F01,load,16,1,1000,6,99.5,2291777856,22050228,803538725014,60320,1789156079.537691,5967040.958,192964.18600000002,86671485,85002632,429216839,8054,21921,16055198,4835549656,11084516.447,788781.098,179/9B432000,179/9B486918,1,1.0007171630859375,6805967,6801089.509659516,6.486024388942257,4363,4359.873259838678,4357,4353.877559733468,0.0,0.0,6647136.918774682,0.0,streaming,179/9B41C000,179/9B317E00,179/9B317E00,90112,1155584,1572368,1155584,0.111344,0.268150,0.111344,84619.31415153317,True,15901664,reserved,3.7,37.5,0.0,6671695.306405623,0.0,14.989250263025479,7238454.84738423,242996.73171401126,1004.27,1
2026-09-13T21:58:51.684233+00:00,1789336731.684234,F_lat_northeurope_rep2,r3-pub,F01,load,16,1,1000,6,99.5,2291806366,22050228,803546021049,60320,1789156079.537691,5967086.191,192964.18600000002,86676180,85002632,429221532,8054,21921,16055198,4835599944,11084516.447,788790.488,179/9BB5E000,179/9BB96DB0,1,1.0004889965057373,7296035,7292469.008136824,6.954640396248649,4695,4692.705283513907,4693,4690.706261028917,0.0,0.0,7516580.418440289,0.0,streaming,179/9BB59FD8,179/9BA57D58,179/9BA57C50,16424,1073832,1878776,1074096,0.110585,0.110585,0.110585,-81448.17212843051,True,23421920,reserved,4.5,37.5,0.0,15831490.456486166,0.0,29.985337274849243,7611799.856467815,277421.3419331777,1004.26,1
2026-09-13T21:58:52.684681+00:00,1789336732.6846812,F_lat_northeurope_rep2,r3-pub,F01,load,16,1,1000,6,99.5,2291835154,22050228,803553471925,60320,1789156079.537691,5967125.419,192964.18600000002,86680903,85002632,429226252,8054,21921,16055198,4835650377,11084516.447,788800.484,179/9C21A000,179/9C2A58A8,1,1.0004472732543945,7450876,7447544.912349804,7.102532303190045,4723,4720.888472849115,4720,4717.889814068986,0.0,0.0,7058346.99017106,0.0,streaming,179/9C215E48,179/9C101D78,179/9C1017A8,16824,1147528,1175400,1149016,0.111252,0.111252,0.111252,74886.50526907807,True,30483424,reserved,2.1,37.6,0.0,8433987.702872613,0.0,66.97004608953858,7051414.091071403,248192.98991368338,1004.26,1
2026-09-13T21:58:53.685058+00:00,1789336733.6850588,F_lat_northeurope_rep2,r3-pub,F01,load,16,1,1000,6,99.5,2291863451,22050228,803560694862,60320,1789156079.537691,5967165.76,192964.18600000002,86685585,85002632,429230931,8054,21921,16055198,4835700083,11084516.447,788809.621,179/9C98E000,179/9C98FBB8,1,1.0003776550292969,7222937,7220210.251286021,6.885729075704595,4682,4680.232486663133,4679,4677.233619200512,0.0,0.0,7812217.676704431,0.0,streaming,179/9C8FFC28,179/9C871FD8,179/9C871A50,582616,1163304,1777776,1164720,0.112870,0.268366,0.112870,15698.071544331022,True,38298592,reserved,5.0,37.5,0.0,16332775.845059734,0.0,42.98376696422783,7520563.821249757,305877.483829883,1004.25,1
2026-09-13T21:58:54.685402+00:00,1789336734.6854022,F_lat_northeurope_rep2,r3-pub,F01,load,16,1,1000,6,99.5,2291891721,22050229,803567928565,60320,1789156079.537691,5967197.009,192964.18600000002,86690254,85002632,429235597,8054,21921,16055198,4835749626,11084516.447,788819.038,179/9CFE4000,179/9D06EC30,1,1.0003433227539062,7233703,7231220.357512755,6.896229131233936,4669,4667.39757621056,4666,4664.398605825331,0.0,0.0,6641431.845328981,0.0,streaming,179/9CFE1BF0,179/9CED5DF8,179/9CED5DF8,9232,1106440,1995664,1106440,0.118703,0.118703,0.118703,-58259.99801703822,True,44942304,reserved,3.9,37.5,61418.913489478866,6649621.033794245,1.9993135901523067,12.995538335989993,7094098.434588955,250594.9650464852,1004.24,1
2026-09-13T21:58:55.686230+00:00,1789336735.686231,F_lat_northeurope_rep2,r3-pub,F01,load,16,1,1000,6,99.5,2291919193,22050229,803575046793,60320,1789156079.537691,5967236.268,192964.18600000002,86694755,85002632,429240095,8054,21921,16055198,4835797707,11084516.447,788828.578,179/9D660000,179/9D739528,1,1.000828742980957,7118228,7112333.703365112,6.782849982609855,4501,4497.272916636889,4498,4494.275400807093,0.0,0.0,6793729.744160009,0.0,streaming,179/9D65BFF0,179/9D65BFF0,179/9D65AE68,16400,16400,553776,20888,0.113096,0.270853,0.113096,-1084653.1013554784,True,51741664,reserved,5.7,37.6,0.0,15187669.325649273,0.0,25.978470524896494,6712735.867266984,294464.96422775846,1004.24,1
2026-09-13T21:58:56.687113+00:00,1789336736.6871135,F_lat_northeurope_rep2,r3-pub,F01,load,16,1,1000,6,99.5,2291946389,22050229,803582049756,60320,1789156079.537691,5967274.242,192964.18600000002,86699244,85002632,429244581,8054,21921,16055198,4835845336,11084516.447,788838.148,179/9DDA8000,179/9DDC2990,1,1.000882625579834,7002963,6996787.4564143075,6.672656494535739,4489,4485.041387744563,4486,4482.044033286279,0.0,0.0,7628211.145714418,0.0,streaming,179/9DDA5DA0,179/9DC95FC0,179/9DC95970,8800,1122368,2187344,1123984,0.125613,0.125613,0.125613,1102123.2378381547,True,59376608,reserved,3.1,37.5,0.0,17613637.75276548,0.0,27.975308277310702,7689224.29394908,245097.67052643566,1004.23,1
2026-09-13T21:58:57.687807+00:00,1789336737.687807,F_lat_northeurope_rep2,r3-pub,F01,load,16,1,1000,6,99.5,2291972057,22050229,803588614372,60320,1789156079.537691,5967306.395,192964.18600000002,86703492,85002632,429248826,8054,21921,16055198,4835890301,11084516.447,788847.287,179/9E33A000,179/9E403060,1,1.0006935596466064,6564616,6560066.202802669,6.25616665153758,4248,4245.0558005991115,4245,4242.057879835977,0.0,0.0,5836847.79790399,0.0,streaming,179/9E337FF0,179/9E337FF0,179/9E337AE8,8208,8208,1035280,9496,0.098159,0.298478,0.098159,-1113715.5718215874,True,65217504,reserved,4.3,37.6,0.0,5857313.603646992,0.0,14.98960381567483,5915073.543683392,267108.7441537992,1004.23,1
2026-09-13T21:58:58.688914+00:00,1789336738.6889033,F_lat_northeurope_rep2,r3-pub,F01,load,16,1,1000,6,99.5,2291997583,22050229,803595135969,60320,1789156079.537691,5967341.557,192964.18600000002,86707718,85002632,429253049,8054,21921,16055198,4835934820,11084516.447,788856.836,179/9E999FB8,179/9EA2E1C0,4,1.001096248626709,6521597,6514455.537063737,6.21266893106817,4226,4221.372326384374,4223,4218.375611528919,0.0,0.0,6677280.040924985,0.0,streaming,179/9E997B60,179/9E891F68,179/9E891E60,9304,1081424,1675376,1081688,0.114401,0.114401,0.114401,1071017.898100027,True,71902104,reserved,4.8,37.6,32732.1174611839,15101780.693653721,0.9989049518183564,24.972623795458908,6773279.801319487,240195.68580929015,1004.22,1
2026-09-13T21:58:59.689367+00:00,1789336739.6893678,F_lat_northeurope_rep2,r3-pub,F01,load,16,1,1000,6,99.5,2292022015,22050230,803601389646,60320,1789156079.537691,5967374.219,192964.18600000002,86711760,85002632,429257088,8054,21921,16055198,4835977804,11084516.447,788866.66,179/9EFBF690,179/9F0230C0,1,1.0004644393920898,6253677,6250773.894372406,5.961202520725638,4042,4040.1236074477893,4039,4037.125000119154,0.0,0.0,6441768.189098272,0.0,streaming,179/9EFBDD80,179/9EEB7EB8,179/9EEB78E0,6416,1079256,1941048,1080752,0.113383,0.113383,0.113383,-935.5654865341738,True,78346864,reserved,6.6,37.6,0.0,14837013.106652318,0.0,21.989787076657933,6513769.7487376835,211722.66765294364,1004.21,1
2026-09-13T21:59:00.690142+00:00,1789336740.6901422,F_lat_northeurope_rep2,r3-pub,F01,load,16,1,1000,6,99.5,2292046355,22050230,803607611391,60320,1789156079.537691,5967407.726,192964.18600000002,86715787,85002632,429261111,8054,21921,16055198,4836020368,11084516.447,788875.333,179/9F521438,179/9F617318,4,1.0007743835449219,6221745,6216930.71115736,5.928927146108017,4027,4023.8839704665957,4023,4019.887065603952,0.0,0.0,5639321.002611046,0.0,streaming,179/9F51FC18,179/9F51FC18,179/9F51FC18,6176,6176,352256,6176,0.112272,0.263927,0.112272,-1073744.5099200676,True,83990552,reserved,4.6,37.5,0.0,14042501.717740245,0.0,20.98375052887969,5713850.288358548,254435.96897239154,1004.21,1
2026-09-13T21:59:01.690480+00:00,1789336741.6904807,F_lat_northeurope_rep2,r3-pub,F01,load,16,1,1000,6,99.5,2292070160,22050230,803613712890,60320,1789156079.537691,5967439.118,192964.18600000002,86719716,85002632,429265038,8054,21921,16055198,4836062403,11084516.447,788883.376,179/9FB24000,179/9FBEEC50,4,1.0003385543823242,6101499,6099434.0098862555,5.816873559843307,3929,3927.670270017761,3927,3925.670946897365,0.0,0.0,6300530.927643477,0.0,streaming,179/9FB21FE8,179/9FB21FE8,179/9FB214D8,8216,8216,510760,11048,0.111634,0.283582,0.111634,4870.351121284431,True,90293216,reserved,3.7,37.6,0.0,6461300.498400752,0.0,22.99221588455294,6340601.361622452,237234.68315837745,1004.2,1
2026-09-13T21:59:02.691941+00:00,1789336742.691433,F_lat_northeurope_rep2,r3-pub,F01,load,16,1,1000,6,99.5,2292094015,22050230,803619887195,60320,1789156079.537691,5967473.073,192964.18600000002,86723631,85002632,429268950,8054,21921,16055198,4836104112,11084516.447,788891.826,179/A010E000,179/A01DEA98,5,1.0009522438049316,6174305,6168431.149651597,5.882674359943006,3915,3911.275512124199,3912,3908.2783661378967,0.0,0.0,6195444.426426138,0.0,streaming,179/A010BFE8,179/A010BFE8,179/A010BAA0,8216,8216,526656,9568,0.112268,0.112268,0.112268,-1478.5920199090203,True,96494560,reserved,3.7,37.6,0.0,14596532.542313099,0.0,20.980021904114476,6145060.404299076,225676.10133058683,1004.2,1
2026-09-13T21:59:03.694661+00:00,1789336743.6946611,F_lat_northeurope_rep2,r3-pub,F01,load,16,1,1000,6,99.5,2292117816,22050230,803626020171,60320,1789156079.537691,5967504.595,192964.18600000002,86727530,85002632,429272846,8054,21921,16055198,4836145747,11084516.447,788901.989,179/A07195F8,179/A07F0E28,2,1.0032281875610352,6132976,6113241.310444019,5.830041227764148,3899,3886.4537981921385,3896,3883.4634515918365,0.0,0.0,6317645.455525442,0.0,streaming,179/A0717D30,179/A0613DD0,179/A06131E0,6344,1071144,1715024,1074200,0.111257,0.111257,0.111257,1061206.2272574743,True,1733600,reserved,4.7,37.6,0.0,14779808.007635264,0.0,31.89703040321837,6280865.189123931,235956.2888434077,1004.19,1
2026-09-13T21:59:04.695603+00:00,1789336744.6956034,F_lat_northeurope_rep2,r3-pub,F01,load,16,1,1000,6,99.5,2292141368,22050230,803632122764,60320,1789156079.537691,5967535.765,192964.18600000002,86731409,85002632,429276722,8054,21921,16055198,4836187870,11084516.447,788914.168,179/A0D44000,179/A0E45578,2,1.0009422302246094,6102593,6096848.365195452,5.814407696910336,3879,3875.348529484624,3876,3872.3513535144116,0.0,0.0,6459969.221749222,0.0,streaming,179/A0D439A8,179/A0D41BD8,179/A0D415E8,1042008,1049640,2318184,1051160,0.112967,0.283579,0.112967,-23018.311451231177,True,9240040,reserved,12.0,37.8,0.0,15885704.009543011,0.0,35.96611164254872,5905589.575008289,217582.98673353888,1004.19,1
2026-09-13T21:59:05.696368+00:00,1789336745.6963599,F_lat_northeurope_rep2,r3-pub,F01,load,16,1,1000,6,99.5,2292176359,22050233,803639034970,60320,1789156079.537691,5967580.467,192964.18600000002,86735327,85002632,429280681,8067,21972,16055198,4836265317,11084516.447,788925.312,179/A140AD28,179/A1438EA0,1,1.0007565021514893,6912206,6906980.854123561,6.5870102444873435,3918,3915.038265129267,3959,3956.0072719874343,12.990172906248207,50.961447555281424,7100460.4863655,0.0,streaming,179/A140A000,179/A1309BE8,179/A1309720,3368,1052992,1162440,1054216,0.111677,0.189019,0.111677,3053.68987703804,True,15305488,reserved,8.7,37.6,0.0,6303071.71268836,0.0,25.980345812496413,6789579.6683731675,233493.36176946294,1004.18,1
2026-09-13T21:59:06.697255+00:00,1789336746.6972551,F_lat_northeurope_rep2,r3-pub,F01,load,16,1,1000,6,99.5,2292199936,22050234,803645098452,60320,1789156079.537691,5967607.53,192964.18600000002,86739225,85002632,429284576,8067,21972,16055198,4836307124,11084516.447,788935.381,179/A191A000,179/A1A00A78,1,1.0008952617645264,6063482,6058058.451900748,5.777414752865551,3898,3894.5133910695395,3895,3891.516074452503,0.0,0.0,5300302.841525571,0.0,streaming,179/A1917C78,179/A1917C78,179/A1917B68,9096,9096,1311400,9368,0.111356,0.111356,0.111356,-1043913.4242258149,True,20610536,reserved,2.3,37.6,0.0,13692957.218958572,0.0,43.960643716536616,5344644.144452472,237144.69342331777,1004.18,1
2026-09-13T21:59:07.697471+00:00,1789336747.6974711,F_lat_northeurope_rep2,r3-pub,F01,load,16,1,1000,6,99.5,2292223507,22050234,803651133470,60320,1789156079.537691,5967660.083,192964.18600000002,86743123,85002632,429288471,8067,21972,16055198,4836348459,11084516.447,788944.756,179/A1F3B590,179/A1FC3AF0,1,1.000216007232666,6035018,6033714.673990575,5.754198717108321,3898,3897.158185645057,3895,3894.158833526808,0.0,0.0,6426659.795002395,0.0,streaming,179/A1F39D40,179/A1E39E40,179/A1E39E40,6224,1054544,2448048,1054544,0.111356,0.299747,0.111356,1044950.2831810565,True,27038584,reserved,9.3,37.6,0.0,14816127.609276293,0.0,27.993953103658697,6506899.462653836,214912.57732890607,1004.17,1
2026-09-13T21:59:08.698162+00:00,1789336748.698163,F_lat_northeurope_rep2,r3-pub,F01,load,16,1,1000,6,99.5,2292247099,22050234,803657155280,60320,1789156079.537691,5967697.557,192964.18600000002,86747027,85002632,429292372,8067,21972,16055198,4836390073,11084516.447,788953.911,179/A252DD00,179/A2589FC0,1,1.0006918907165527,6021810,6017646.4462883165,5.73887486103851,3904,3901.3007262450305,3901,3898.302800482035,0.0,0.0,6231704.341617733,0.0,streaming,179/A252BE58,179/A2427E98,179/A24268B0,7848,1072744,2482512,1078352,0.111929,0.111929,0.111929,23791.53885513363,True,33274600,reserved,5.8,37.6,0.0,13945423.291086499,0.0,25.9820232792958,6318473.306976117,247747.5857453744,1004.17,1
2026-09-13T21:59:09.698833+00:00,1789336749.698834,F_lat_northeurope_rep2,r3-pub,F01,load,16,1,1000,6,99.5,2292270925,22050234,803663243656,60320,1789156079.537691,5967730.364,192964.18600000002,86750966,85002632,429296308,8067,21972,16055198,4836432039,11084516.447,788963.019,179/A2B2E000,179/A2B5E5D0,1,1.0006709098815918,6088376,6084293.987041584,5.80243490890654,3939,3936.3590578106214,3936,3933.3610691908116,0.0,0.0,6288005.315098599,0.0,streaming,179/A2B2BCB0,179/A2A2BDD0,179/A2A2BD08,9040,1057328,1629352,1057528,0.112388,0.112388,0.112388,-20810.03833964163,True,39566824,reserved,5.2,37.6,0.0,6467340.997017478,0.0,21.985249878607178,6364953.689673724,242615.2270467497,1004.16,1
2026-09-13T21:59:10.699749+00:00,1789336750.6997423,F_lat_northeurope_rep2,r3-pub,F01,load,16,1,1000,6,99.5,2292294825,22050234,803669341204,60320,1789156079.537691,5967765.239,192964.18600000002,86754913,85002632,429300252,8067,21972,16055198,4836474343,11084516.447,788972.738,179/A3109B78,179/A31396F8,1,1.000908374786377,6097548,6092014.1679316,5.809797447139358,3947,3943.4178986087563,3944,3940.420621259928,0.0,0.0,6137265.063159314,0.0,streaming,179/A3107CD8,179/A2FFFDF0,179/A2FFF928,7840,1088904,1581096,1090128,0.112522,0.112522,0.112522,32570.413857270192,True,45709664,reserved,3.5,37.6,0.0,8245949.5873051565,0.0,95.91287516251346,6224426.887555698,237408.34424601143,1004.16,1
2026-09-13T21:59:11.700047+00:00,1789336751.7000477,F_lat_northeurope_rep2,r3-pub,F01,load,16,1,1000,6,99.5,2292319204,22050234,803675552557,60320,1789156079.537691,5967801.059,192964.18600000002,86758926,85002632,429304261,8067,21972,16055198,4836517457,11084516.447,788981.369,179/A372A000,179/A372A328,1,1.000305414199829,6211353,6209456.543798302,5.921799224661162,4013,4011.7747470257427,4009,4007.7759683095446,0.0,0.0,6421726.713474283,0.0,streaming,179/A365F9F0,179/A3621E30,179/A3621288,828944,1081808,1802128,1084792,0.112172,0.112172,0.112172,-5334.370807408263,True,52133352,reserved,4.4,37.6,0.0,10007567.546765469,0.0,38.988092482931464,5847185.186614977,244939.19209264024,1004.15,1
2026-09-13T21:59:12.701379+00:00,1789336752.7013645,F_lat_northeurope_rep2,r3-pub,F01,load,16,1,1000,6,99.5,2292343496,22050235,803681768421,60320,1789156079.537691,5967828.328,192964.18600000002,86762944,85002632,429308276,8067,21972,16055198,4836560314,11084516.447,788990.017,179/A3C4A000,179/A3D21688,1,1.001316785812378,6215864,6207689.802140898,5.92011432851877,4018,4012.716112354152,4015,4009.720057516655,0.0,0.0,5366884.962025341,0.0,streaming,179/A3C47C58,179/A3C47C58,179/A3C47C58,9128,9128,1041584,9128,0.112201,0.112201,0.112201,-1074249.4435737473,True,57507304,reserved,2.3,37.6,0.0,5366884.962025341,0.0,10.985534404155219,6071951.54035821,236889.06783636563,1004.15,1
2026-09-13T21:59:13.701874+00:00,1789336753.7018144,F_lat_northeurope_rep2,r3-pub,F01,load,16,1,1000,6,99.5,2292368099,22050235,803688055591,60320,1789156079.537691,5967868.958,192964.18600000002,86767014,85002632,429312344,8067,21972,16055198,4836603636,11084516.447,788998.479,179/A4324000,179/A4325A30,1,1.0004498958587646,6287170,6284342.700244103,5.993216228717902,4070,4068.169747277948,4068,4066.170646665035,0.0,0.0,7181153.228901163,0.0,streaming,179/A4297810,179/A421BBA8,179/A421BB60,575472,1082456,2047072,1082528,0.112499,0.284054,0.112499,1072917.2989504053,True,64691688,reserved,4.8,37.6,0.0,16311125.692099335,0.0,36.98336133889044,6888174.039025392,227705.55621324197,1004.14,1
2026-09-13T21:59:14.702250+00:00,1789336754.7022507,F_lat_northeurope_rep2,r3-pub,F01,load,16,1,1000,6,99.5,2292392756,22050235,803694364804,60320,1789156079.537691,5967897.153,192964.18600000002,86771092,85002632,429316419,8067,21972,16055198,4836647459,11084516.447,789006.943,179/A4858000,179/A4935920,1,1.0004363059997559,6309213,6306461.4530308135,6.014310315161527,4078,4076.221520094449,4075,4073.2228284416083,0.0,0.0,5453492.608455307,0.0,streaming,179/A4855DC8,179/A4855DC8,179/A4855DC8,8760,8760,1325280,8760,0.113496,0.113496,0.113496,-1073299.7128957273,True,70147560,reserved,2.3,37.6,0.0,13846630.631978864,0.0,19.991277685602984,5904562.803822757,245071.07402003845,1004.13,1
2026-09-13T21:59:15.702746+00:00,1789336755.7027462,F_lat_northeurope_rep2,r3-pub,F01,load,16,1,1000,6,99.5,2292417759,22050235,803700760112,60320,1789156079.537691,5967933.105,192964.18600000002,86775224,85002632,429320548,8067,21972,16055198,4836691600,11084516.447,789016.506,179/A4EADE28,179/A4F5B980,1,1.000495433807373,6395308,6392141.117189045,6.096020810307546,4132,4129.95388122435,4129,4126.955366789773,0.0,0.0,6639950.3441202445,0.0,streaming,179/A4EABFD8,179/A4EABFD8,179/A4EABF08,7760,7760,758080,7968,0.113475,0.113475,0.113475,-791.6078107283846,True,76790800,reserved,3.3,37.6,0.0,16916291.097494937,0.0,50.974745387812646,6717990.680299363,255036.64622334193,1004.13,1
2026-09-13T21:59:16.703342+00:00,1789336756.7033424,F_lat_northeurope_rep2,r3-pub,F01,load,16,1,1000,6,99.5,2292442926,22050235,803707204571,60320,1789156079.537691,5967981.25,192964.18600000002,86779380,85002632,429324701,8067,21972,16055198,4836735959,11084516.447,789025.605,179/A5536000,179/A5581E58,1,1.000596284866333,6444459,6440618.556624861,6.142252499222623,4156,4153.5233169041685,4153,4150.525104692737,0.0,0.0,6844902.488234741,0.0,streaming,179/A5533D08,179/A5427D88,179/A5427168,8952,1106552,2449160,1109656,0.094949,0.138356,0.094949,1101031.4715961309,True,83639784,reserved,2.9,37.6,0.0,6864898.564876853,0.0,15.990465127638764,6903376.620994304,213925.43949790378,1004.12,1
2026-09-13T21:59:17.703687+00:00,1789336757.7036874,F_lat_northeurope_rep2,r3-pub,F01,load,16,1,1000,6,99.5,2292468147,22050235,803713657476,60320,1789156079.537691,5968020.66,192964.18600000002,86783539,85002632,429328856,8067,21972,16055198,4836780527,11084516.447,789034.37,179/A5B80000,179/A5BB4758,1,1.00034499168396,6452905,6450679.569192738,6.151847428505648,4159,4157.565674416809,4155,4153.567053907632,0.0,0.0,6592285.716249606,0.0,streaming,179/A5B7DB70,179/A5A6DC00,179/A5A6D5E8,9360,1123328,1850344,1124888,0.112830,0.112830,0.112830,15226.746898946101,True,90234344,reserved,8.7,37.6,0.0,14986189.889114011,0.0,21.992412800473623,6634354.20297153,249117.05668711037,1004.12,1
2026-09-13T21:59:18.704492+00:00,1789336758.7044847,F_lat_northeurope_rep2,r3-pub,F01,load,16,1,1000,6,99.5,2292493507,22050236,803720169304,60320,1789156079.537691,5968053.876,192964.18600000002,86787705,85002632,429333019,8067,21972,16055198,4836824944,11084516.447,789043.107,179/A610A000,179/A61EAC00,1,1.0007972717285156,6511828,6506640.439529946,6.205215873269983,4166,4162.681211954885,4163,4159.683601864664,0.0,0.0,5803501.032700217,0.0,streaming,179/A6107C20,179/A6107C20,179/A6107B50,9184,9184,1460144,9392,0.112947,0.112947,0.112947,-1114607.355067409,True,96042472,reserved,3.3,37.6,0.0,14308208.46990124,0.0,29.976100902219528,5821217.907536792,254300.25359725257,1004.11,1
2026-09-13T21:59:19.704799+00:00,1789336759.7047994,F_lat_northeurope_rep2,r3-pub,F01,load,16,1,1000,6,99.5,2292518988,22050236,803726724596,60320,1789156079.537691,5968094.504,192964.18600000002,86791880,85002632,429337192,8067,21972,16055198,4836869409,11084516.447,789052.564,179/A6769498,179/A68381B8,3,1.000314712524414,6555292,6553229.616564306,6.249646774830157,4175,4173.686488589064,4173,4171.687117816086,0.0,0.0,6679649.830539629,0.0,streaming,179/A6767B40,179/A6767B40,179/A6767678,6488,6488,916624,7712,0.113459,0.113459,0.113459,-1679.4714493005092,True,7801304,reserved,5.0,37.6,0.0,15109484.85587841,0.0,26.991505435186756,6659504.170631114,250229.249721138,1004.11,1
2026-09-13T21:59:20.705193+00:00,1789336760.7051935,F_lat_northeurope_rep2,r3-pub,F01,load,16,1,1000,6,99.5,2292544291,22050236,803733238955,60320,1789156079.537691,5968129.099,192964.18600000002,86796051,85002632,429341360,8067,21972,16055198,4836913741,11084516.447,789062.352,179/A6DBC000,179/A6E79A20,3,1.0003941059112549,6514359,6511792.6640182445,6.210129417436833,4171,4169.356831826446,4168,4166.358013678405,0.0,0.0,6627636.009471022,0.0,streaming,179/A6DB9BC0,179/A6DB9BC0,179/A6DB9BC0,9280,9280,361448,9280,0.111678,0.270280,0.111678,1567.3822853761371,True,14431552,reserved,3.5,37.6,3247360.1961507234,8782970.57937629,11.995272592164314,17.992908888246472,6635106.065477792,256722.82401750065,1004.1,1
2026-09-13T21:59:21.705590+00:00,1789336761.70559,F_lat_northeurope_rep2,r3-pub,F01,load,16,1,1000,6,99.5,2292569419,22050236,803739713317,60320,1789156079.537691,5968171.3,192964.18600000002,86800188,85002632,429345494,8067,21972,16055198,4836957705,11084516.447,789072.513,179/A7436000,179/A74A4200,2,1.000396490097046,6474362,6471795.996977097,6.1719856233378385,4137,4135.360370565355,4134,4132.3615595642195,0.0,0.0,6788476.43631897,0.0,streaming,179/A7423FE8,179/A7323B80,179/A7323B80,73752,1123456,1995104,1123456,0.094956,0.141450,0.094956,1113734.415333581,True,21222720,reserved,5.6,37.6,0.0,15190137.261003245,0.0,23.9904880090811,6722142.736973861,213832.21764327507,1004.1,1
2026-09-13T21:59:22.706150+00:00,1789336762.706151,F_lat_northeurope_rep2,r3-pub,F01,load,16,1,1000,6,99.5,2292594553,22050236,803746183779,60320,1789156079.537691,5968208.647,192964.18600000002,86804324,85002632,429349626,8067,21972,16055198,4837001720,11084516.447,789082.014,179/A7A7E000,179/A7ADFF20,3,1.000560998916626,6470462,6466834.1130685685,6.167253602093285,4136,4133.681009432031,4132,4129.683252169524,0.0,0.0,6582675.126385597,0.0,streaming,179/A7A6FC18,179/A796DD10,179/A796D738,58344,1114864,1392392,1116360,0.113625,0.113625,0.113625,-7092.0213836870635,True,27809088,reserved,1.9,37.6,0.0,14974767.171839872,0.0,21.9876649437874,6586000.260988687,247473.16782095845,1004.09,1
2026-09-13T21:59:23.706701+00:00,1789336763.7067013,F_lat_northeurope_rep2,r3-pub,F01,load,16,1,1000,6,99.5,2292619587,22050236,803752659811,60320,1789156079.537691,5968243.045,192964.18600000002,86808440,85002632,429353740,8067,21972,16055198,4837049590,11084516.447,789091.053,179/A80C6000,179/A810D0B0,4,1.0005502700805664,6476032,6472470.393195272,6.172628777690194,4116,4113.736333976074,4114,4111.737433910974,0.0,0.0,6582745.711986717,0.0,streaming,179/A7FFFD08,179/A7FB1F10,179/A7FB1E00,811768,1130736,1770552,1131008,0.112911,0.112911,0.112911,14639.944076793376,True,34395456,reserved,8.1,37.6,0.0,15220552.585302621,0.0,36.979651204352464,5821187.774534315,256106.07249085692,1004.08,1
2026-09-13T21:59:24.709903+00:00,1789336764.7099037,F_lat_northeurope_rep2,r3-pub,F01,load,16,1,1000,6,99.5,2292644615,22050237,803759130233,60320,1789156079.537691,5968274.566,192964.18600000002,86812554,85002632,429357851,8067,21972,16055198,4837097455,11084516.447,789102.214,179/A8648000,179/A8739AB0,1,1.0032024383544922,6470422,6449767.018721707,6.150977152559001,4114,4100.867225510346,4111,4097.876802156789,0.0,0.0,5756923.806398501,0.0,streaming,179/A8645CB8,179/A8645CB8,179/A8645CB8,9032,9032,406672,9032,0.111854,0.285064,0.111854,-1118394.410843266,True,40170816,reserved,4.6,37.6,0.0,5789587.203881612,0.0,14.952116767782009,6512776.235588925,251369.00625324404,1004.08,1
2026-09-13T21:59:25.710883+00:00,1789336765.7108834,F_lat_northeurope_rep2,r3-pub,F01,load,16,1,1000,6,99.5,2292669223,22050237,803765458374,60320,1789156079.537691,5968321.983,192964.18600000002,86816604,85002632,429361898,8067,21972,16055198,4837139194,11084516.447,789111.906,179/A8C894C0,179/A8D4CE08,1,1.0009796619415283,6328141,6321947.628512012,6.029079082977306,4050,4046.0362522696078,4047,4043.0391883790376,0.0,0.0,6552492.772208927,0.0,streaming,179/A8C87C68,179/A8C87C68,179/A8C87B20,6232,6232,742432,6560,0.112984,0.112984,0.112984,-2469.5806458297457,True,46729728,reserved,12.0,37.6,0.0,14943951.978990156,0.0,20.97944723399056,6595052.078476319,256397.81681697347,1004.07,1
2026-09-13T21:59:26.711349+00:00,1789336766.71135,F_lat_northeurope_rep2,r3-pub,F01,load,16,1,1000,6,99.5,2292694041,22050237,803771814373,60320,1789156079.537691,5968362.084,192964.18600000002,86820684,85002632,429365975,8067,21972,16055198,4837180625,11084516.447,789122.187,179/A9320000,179/A9351F50,1,1.0004665851593018,6355999,6353034.768260602,6.058726089726068,4080,4078.0972203587908,4077,4075.0986194614684,0.0,0.0,6905513.9896550765,0.0,streaming,179/A931A000,179/A9217BD8,179/A9217BD8,24576,1082408,2492992,1082408,0.095001,0.157041,0.095001,1075346.259394256,True,53638464,reserved,4.1,37.6,0.0,15324177.965982573,0.0,23.988807178581123,6928935.061730431,228422.4214880819,1004.07,1
2026-09-13T21:59:27.711717+00:00,1789336767.7117178,F_lat_northeurope_rep2,r3-pub,F01,load,16,1,1000,6,99.5,2292718461,22050237,803778072385,60320,1789156079.537691,5968394.671,192964.18600000002,86824704,85002632,429369992,8067,21972,16055198,4837220868,11084516.447,789132.054,179/A9934000,179/A994EDB0,1,1.0003678798675537,6258012,6255710.649994626,5.9659105777689225,4020,4018.5216667814625,4017,4015.5227700152077,0.0,0.0,6371032.225508699,0.0,streaming,179/A992FE80,179/A982BD78,179/A982B1D8,16768,1081992,1684944,1084968,0.112717,0.112717,0.112717,2559.0585738707823,True,60011840,reserved,4.7,37.6,0.0,6379221.212945086,0.0,11.995587065019292,6409734.987541729,230804.09182126995,1004.06,1
2026-09-13T21:59:28.712547+00:00,1789336768.7125475,F_lat_northeurope_rep2,r3-pub,F01,load,16,1,1000,6,99.5,2292742819,22050237,803784325516,60320,1789156079.537691,5968421.763,192964.18600000002,86828721,85002632,429374005,8067,21972,16055198,4837261214,11084516.447,789141.127,179/A9E5E000,179/A9F4C3F0,1,1.0008296966552734,6253131,6247947.099189477,5.958506678761937,4017,4013.669871532218,4013,4009.6731875675355,0.0,0.0,5410422.990141465,0.0,streaming,179/A9E59BA0,179/A9E59BA0,179/A9E58A90,17504,17504,922128,21872,0.112524,0.112524,0.112524,-1062214.6840294783,True,65426752,reserved,2.5,37.6,0.0,13800261.968802588,0.0,21.98176180575275,5431256.704478363,235745.4028277777,1004.06,1
2026-09-13T21:59:29.713683+00:00,1789336769.7136831,F_lat_northeurope_rep2,r3-pub,F01,load,16,1,1000,6,99.5,2292767307,22050237,803790606135,60320,1789156079.537691,5968462.954,192964.18600000002,86832763,85002632,429378045,8067,21972,16055198,4837301918,11084516.447,789150.064,179/AA536000,179/AA54EAF8,1,1.0011355876922607,6280619,6273494.896408178,5.982870956810167,4042,4037.415161034582,4040,4035.4174296337733,0.0,0.0,7168052.048316447,0.0,streaming,179/AA533FC0,179/AA427BA0,179/AA4274C8,8256,1107040,1919640,1108792,0.112200,0.112200,0.112200,1085687.1070835497,True,72602944,reserved,4.1,37.6,0.0,15575784.33101639,0.0,23.972776809705586,7226777.360574623,219941.2374377451,1004.05,1
2026-09-13T21:59:30.714693+00:00,1789336770.7146938,F_lat_northeurope_rep2,r3-pub,F01,load,16,1,1000,6,99.5,2292791805,22050238,803796904688,60320,1789156079.537691,5968491.121,192964.18600000002,86836808,85002632,429382087,8067,21972,16055198,4837342753,11084516.447,789159.068,179/AAA5F778,179/AAB4F138,1,1.0010106563568115,6298553,6292193.754383842,6.000703577407687,4045,4040.916022534484,4042,4037.9190514423694,0.0,0.0,5407263.115159712,0.0,streaming,179/AAA5DF18,179/AAA5DF18,179/AAA5D940,6240,6240,1152576,7736,0.112492,0.112492,0.112492,-1099944.334266435,True,78015672,reserved,4.6,37.6,0.0,14853468.247894567,0.0,22.9767783728784,5453830.051988987,247236.12923435582,1004.05,1
2026-09-13T21:59:31.715324+00:00,1789336771.7152925,F_lat_northeurope_rep2,r3-pub,F01,load,16,1,1000,6,99.5,2292816248,22050238,803803161038,60320,1789156079.537691,5968533.663,192964.18600000002,86840847,85002632,429386123,8067,21972,16055198,4837383251,11084516.447,789168.68,179/AB108000,179/AB1534F0,1,1.000598669052124,6256350,6252606.75783898,5.962950475539189,4039,4036.583422428675,4036,4033.5852173612607,0.0,0.0,6977590.732370143,0.0,streaming,179/AB105D48,179/AAFFFE10,179/AAFFFC30,8888,1081840,1955248,1082320,0.094757,0.104256,0.094757,1073941.0647207466,True,84997440,reserved,5.1,37.6,0.0,7167804.857060414,0.0,24.985042228451814,7038131.48849306,224256.74442738123,1004.04,1
2026-09-13T21:59:32.715764+00:00,1789336772.715765,F_lat_northeurope_rep2,r3-pub,F01,load,16,1,1000,6,99.5,2292840806,22050238,803809447915,60320,1789156079.537691,5968566.903,192964.18600000002,86844903,85002632,429390176,8067,21972,16055198,4837424299,11084516.447,789178.909,179/AB735870,179/AB74DBF8,1,1.0004725456237793,6286877,6283907.56697899,5.99280125329875,4056,4054.0842602243983,4053,4051.085677191688,0.0,0.0,6474876.32552786,0.0,streaming,179/AB733FF0,179/AB62BC38,179/AB62B730,6272,1088568,2425864,1089856,0.094757,0.173022,0.094757,7532.440578168409,True,91475376,reserved,3.3,37.6,0.0,14861457.283397747,0.0,21.989608906542596,6553886.989384422,239442.85232798717,1004.04,1
2026-09-13T21:59:33.716346+00:00,1789336773.716346,F_lat_northeurope_rep2,r3-pub,F01,load,16,1,1000,6,99.5,2292865373,22050238,803815716926,60320,1789156079.537691,5968595.738,192964.18600000002,86848959,85002632,429394228,8067,21972,16055198,4837465116,11084516.447,789188.04,179/ABC5E000,179/ABD4CB88,1,1.0005810260772705,6269011,6265370.656264945,5.975123077645249,4056,4053.644726705794,4052,4049.647049460522,0.0,0.0,5405515.25467595,0.0,streaming,179/ABC5BE18,179/ABC5BE18,179/ABC5BE18,8680,8680,431136,8680,0.112246,0.284034,0.112246,-1080548.1733335461,True,96884032,reserved,3.9,37.6,0.0,13967436.555128848,0.0,29.982579339539896,5467951.9773119185,231333.58915215402,1004.03,1
2026-09-13T21:59:34.717056+00:00,1789336774.7170563,F_lat_northeurope_rep2,r3-pub,F01,load,16,1,1000,6,99.5,2292890008,22050238,803822001339,60320,1789156079.537691,5968633.532,192964.18600000002,86853017,85002632,429398283,8067,21972,16055198,4837505813,11084516.447,789196.83,179/AC320000,179/AC351EC0,1,1.0007102489471436,6284413,6279952.670227859,5.989029569843158,4058,4055.1198553921668,4055,4052.1219846267218,0.0,0.0,7081050.691201904,0.0,streaming,179/AC31DE20,179/AC215BC8,179/AC2156B8,8672,1090616,2368664,1091912,0.112234,0.112234,0.112234,1082463.1816649009,True,103970112,reserved,3.1,37.6,0.0,15508728.941597695,0.0,26.980836889006532,7157074.695233083,230077.58763562047,1004.02,1
2026-09-13T21:59:35.717940+00:00,1789336775.7179403,F_lat_northeurope_rep2,r3-pub,F01,load,16,1,1000,6,99.5,2292914613,22050238,803828285735,60320,1789156079.537691,5968670.059,192964.18600000002,86857076,85002632,429402340,8067,21972,16055198,4837546611,11084516.447,789205.616,179/AC954000,179/AC954428,1,1.0008840560913086,6284396,6278845.1486999085,5.987973355007084,4059,4055.4147858557812,4057,4053.416552406234,0.0,0.0,6498702.782219774,0.0,streaming,179/AC8E3D58,179/AC847D50,179/AC847640,459432,1098416,1699272,1100224,0.112105,0.112106,0.112105,8304.658216317628,True,110474560,reserved,7.0,37.6,0.0,6568273.2779992055,0.0,20.98145122024425,6486153.876156619,241157.80297531307,1004.02,1
2026-09-13T21:59:36.718014+00:00,1789336776.7180147,F_lat_northeurope_rep2,r3-pub,F01,load,16,1,1000,6,99.5,2292939206,22050239,803834579124,60320,1789156079.537691,5968708.684,192964.18600000002,86861144,85002632,429406405,8067,21972,16055198,4837587580,11084516.447,789214.517,179/ACE7A000,179/ACF56C78,1,1.0000743865966797,6293389,6292920.891031742,6.001397028953306,4068,4067.6974178327646,4065,4064.697640975956,0.0,0.0,5398126.451744808,0.0,streaming,179/ACE75BC8,179/ACE75BC8,179/ACE75BC8,17464,17464,923184,17464,0.119875,0.119875,0.119875,-1082679.4631594406,True,115873088,reserved,2.5,37.6,0.0,13761536.326147614,0.0,18.998586759789216,5539200.957692432,243542.88367373796,1004.01,1
2026-09-13T21:59:37.718318+00:00,1789336777.718319,F_lat_northeurope_rep2,r3-pub,F01,load,16,1,1000,6,99.5,2292963806,22050239,803840875861,60320,1789156079.537691,5968747.066,192964.18600000002,86865214,85002632,429410471,8067,21972,16055198,4837628399,11084516.447,789225.321,179/AD528000,179/AD558708,1,1.0003042221069336,6296737,6294821.975995691,6.00321004485673,4070,4068.7621925931576,4066,4064.7634091114937,0.0,0.0,7002029.827732995,0.0,streaming,179/AD525FC8,179/AD419C00,179/AD419B38,8248,1106944,1750840,1107144,0.094713,0.105023,0.094713,1089348.596074917,True,122877248,reserved,5.2,37.6,0.0,9458882.39886738,0.0,88.97293246702482,7092900.182962069,217991.68211117413,1004.01,1
2026-09-13T21:59:38.718743+00:00,1789336778.7187438,F_lat_northeurope_rep2,r3-pub,F01,load,16,1,1000,6,99.5,2292988399,22050239,803847164220,60320,1789156079.537691,5968778.533,192964.18600000002,86869281,85002632,429414535,8067,21972,16055198,4837669827,11084516.447,789233.742,179/ADB5DFA8,179/ADB5DFA8,1,1.000424861907959,6288359,6285688.4504121225,5.994499636089442,4067,4065.272820433137,4064,4062.274094477568,0.0,0.0,6509786.239797754,0.0,streaming,179/ADADEC50,179/ADA52000,179/ADA51420,521048,1097640,2061936,1100680,0.111969,0.111969,0.111969,-6461.254858932824,True,129389800,reserved,2.1,37.6,0.0,6632702.017565894,0.0,18.99193105193745,6415575.266451641,258720.0796933142,1004.0,1
2026-09-13T21:59:39.719681+00:00,1789336779.7196817,F_lat_northeurope_rep2,r3-pub,F01,load,16,1,1000,6,99.5,2293012937,22050239,803853435335,60320,1789156079.537691,5968809.297,192964.18600000002,86873339,85002632,429418590,8067,21972,16055198,4837710597,11084516.447,789243.026,179/AE114000,179/AE15CB60,1,1.0009379386901855,6271115,6265238.590322892,5.974997129748242,4058,4054.197411390207,4055,4051.2002225695637,0.0,0.0,5982828.473697775,0.0,streaming,179/AE111E68,179/ADFFFE50,179/ADFFFE50,8600,1130928,1873024,1130928,0.112903,0.283700,0.112903,30219.655815606453,True,135378240,reserved,4.5,37.6,0.0,10471842.054179873,0.0,47.95502113029323,6237084.99666765,225856.16076839855,1004.0,1
2026-09-13T21:59:40.719857+00:00,1789336780.7198246,F_lat_northeurope_rep2,r3-pub,F01,load,16,1,1000,6,99.5,2293037529,22050239,803859712579,60320,1789156079.537691,5968844.512,192964.18600000002,86877403,85002632,429422652,8067,21972,16055198,4837751847,11084516.447,789252.991,179/AE744000,179/AE75DD50,1,1.0001428127288818,6277244,6276347.657663598,5.9855915619503,4064,4063.419691945201,4062,4061.419977529874,0.0,0.0,6487137.554183255,0.0,streaming,179/AE741D68,179/AE63BFE8,179/AE63AF88,8856,1081368,2206520,1085560,0.112618,0.285213,0.112618,-45361.521797285895,True,141866304,reserved,4.6,37.6,0.0,15673153.67415361,0.0,40.994145514210935,6577040.7148675425,236570.21476205767,1003.99,1
2026-09-13T21:59:41.720340+00:00,1789336781.7203405,F_lat_northeurope_rep2,r3-pub,F01,load,16,1,1000,6,99.5,2293062207,22050239,803866005389,60320,1789156079.537691,5968874.131,192964.18600000002,86881477,85002632,429426723,8067,21972,16055198,4837792640,11084516.447,789262.179,179/AEC70000,179/AED63348,1,1.0005159378051758,6292810,6289564.975650952,5.998196578646614,4074,4071.8991532879554,4071,4068.9007003032075,0.0,0.0,5420307.458466501,0.0,streaming,179/AEC6BC58,179/AEC6BC58,179/AEC6BC58,17320,17320,1446360,17320,0.105589,0.200054,0.105589,-1067689.1388091128,True,147289408,reserved,5.2,37.6,0.0,13812777.465910856,0.0,17.990717908488758,5483825.687011077,240276.03251114985,1003.99,1
2026-09-13T21:59:42.721229+00:00,1789336782.7212298,F_lat_northeurope_rep2,r3-pub,F01,load,16,1,1000,6,99.5,2293086880,22050240,803872308849,60320,1789156079.537691,5968911.583,192964.18600000002,86885543,85002632,429430786,8067,21972,16055198,4837833763,11084516.447,789271.83,179/AF31E000,179/AF3742E8,4,1.0008893013000488,6303460,6297859.305532066,6.0061066680260335,4066,4062.387313680642,4063,4059.3899792140796,0.0,0.0,6997936.725772112,0.0,streaming,179/AF319FF8,179/AF211CA8,179/AF211B90,16392,1098584,2268032,1098864,0.095034,0.172422,0.095034,1080583.0361011846,True,154293568,reserved,3.3,37.6,0.0,7051137.414330613,0.0,17.98400679937323,7062935.921902491,215208.61469916633,1003.98,1
2026-09-13T21:59:43.724892+00:00,1789336783.7248924,F_lat_northeurope_rep2,r3-pub,F01,load,16,1,1000,6,99.5,2293111513,22050240,803878592790,60320,1789156079.537691,5968942.758,192964.18600000002,86889610,85002632,429434850,8067,21972,16055198,4837874674,11084516.447,789280.745,179/AF952770,179/AF983D08,1,1.0036625862121582,6283941,6261009.51288392,5.970963967212601,4067,4052.1586197099723,4064,4049.169567371853,0.0,0.0,6482608.886075047,0.0,streaming,179/AF951FE8,179/AF845CD0,179/AF845130,1928,1100448,1559000,1103424,0.112269,0.112269,0.112269,4543.359553940859,True,160799920,reserved,10.7,37.6,0.0,14855032.164014913,0.0,22.916067925578893,6586616.947583015,238538.33279124758,1003.98,1
2026-09-13T21:59:44.725997+00:00,1789336784.7259977,F_lat_northeurope_rep2,r3-pub,F01,load,16,1,1000,6,99.5,2293136093,22050240,803884879368,60320,1789156079.537691,5968978.951,192964.18600000002,86893676,85002632,429438913,8067,21972,16055198,4837915521,11084516.447,789290.145,179/AFF6E000,179/AFF87428,1,1.0011053085327148,6286578,6279637.063571283,5.988728583880694,4066,4061.5107774819357,4063,4058.51408974646,0.0,0.0,6397169.154348479,0.0,streaming,179/AFF67DB0,179/AFE63B60,179/AFE63B60,25168,1090720,1755320,1090720,0.112324,0.112324,0.112324,-12689.973663829443,True,167204160,reserved,2.3,37.6,0.0,14786600.244579822,0.0,19.97791823650731,6448685.213209048,240445.23383139554,1003.97,1
2026-09-13T21:59:45.726428+00:00,1789336785.726429,F_lat_northeurope_rep2,r3-pub,F01,load,16,1,1000,6,99.5,2293160721,22050240,803891175827,60320,1789156079.537691,5969013.599,192964.18600000002,86897748,85002632,429442982,8067,21972,16055198,4837956419,11084516.447,789299.185,179/B052A000,179/B058B8D8,1,1.0004312992095947,6296459,6293744.512966166,6.002182496038595,4072,4070.2445067613767,4069,4067.2458001011887,0.0,0.0,6010335.746942945,0.0,streaming,179/B0527D08,179/B041DBB8,179/B041DBB8,8952,1098824,1587896,1098824,0.112866,0.112866,0.112866,8100.506258053584,True,173217088,reserved,3.7,37.6,0.0,14464929.287431488,0.0,21.9905155080428,6107695.755648144,234343.92764923157,1003.97,1
2026-09-13T21:59:46.727381+00:00,1789336786.727382,F_lat_northeurope_rep2,r3-pub,F01,load,16,1,1000,6,99.5,2293185345,22050240,803897470317,60320,1789156079.537691,5969046.707,192964.18600000002,86901818,85002632,429447049,8067,21972,16055198,4837997627,11084516.447,789309.532,179/B0B5E000,179/B0B8FA18,1,1.000952959060669,6294490,6288497.319501389,5.9971783823980225,4070,4066.1251491972585,4067,4063.1280053526416,0.0,0.0,6498255.428610764,0.0,streaming,179/B0B51CA8,179/B0A51B60,179/B0A51B60,50008,1098912,1976184,1098912,0.094800,0.112970,0.094800,87.91621944210289,True,179721536,reserved,1.6,37.6,0.0,6522808.030985868,0.0,12.98762332667429,6533949.413704258,242939.48861313183,1003.96,1
2026-09-13T21:59:47.727652+00:00,1789336787.7276373,F_lat_northeurope_rep2,r3-pub,F01,load,16,1,1000,6,99.5,2293209925,22050240,803903750503,60320,1789156079.537691,5969084.671,192964.18600000002,86905881,85002632,429451109,8067,21972,16055198,4838038776,11084516.447,789320.326,179/B1102E28,179/B1193B60,1,1.0002553462982178,6280186,6278582.787127254,5.987723147513631,4063,4061.9627928373507,4060,4058.96355868069,0.0,0.0,5916737.183062778,0.0,streaming,179/B1101FF0,179/B0FFFF80,179/B0FFFF80,3640,1060520,1069688,1060520,0.094971,0.188070,0.094971,-38382.19924750469,True,185639784,reserved,3.9,37.6,0.0,14344625.153067842,0.0,20.994639096624258,6030726.07642082,242722.02183022973,1003.95,1
2026-09-13T21:59:48.728532+00:00,1789336788.7285326,F_lat_northeurope_rep2,r3-pub,F01,load,16,1,1000,6,99.5,2293234632,22050241,803910066685,60320,1789156079.537691,5969118.428,192964.18600000002,86909961,85002632,429455186,8067,21972,16055198,4838080030,11084516.447,789331.284,179/B173C000,179/B179F428,1,1.0008952617645264,6316182,6310532.42160913,6.018192693337564,4080,4076.3505991697593,4077,4073.3532825527227,0.0,0.0,6519563.284270183,0.0,streaming,179/B1739B58,179/B162FBF0,179/B162F050,9384,1098768,2059944,1101744,0.094971,0.188070,0.094971,41187.12674023876,True,192165184,reserved,3.1,37.6,0.0,15112997.910823073,0.0,29.973166170365875,6591161.185406875,242860.57621200656,1003.95,1
2026-09-13T21:59:49.728975+00:00,1789336789.7289672,F_lat_northeurope_rep2,r3-pub,F01,load,16,1,1000,6,99.5,2293259576,22050241,803916429541,60320,1789156079.537691,5969154.584,192964.18600000002,86914073,85002632,429459294,8067,21972,16055198,4838121740,11084516.447,789341.645,179/B1D82000,179/B1DB3AD8,1,1.0004346370697021,6362856,6360091.668394212,6.065456074136936,4112,4110.213548827288,4108,4106.215286620257,0.0,0.0,6575318.12299866,0.0,streaming,179/B1D7FCE0,179/B1C74000,179/B1C73AF8,8992,1105920,2453664,1107208,0.096961,0.121967,0.096961,5461.626174803575,True,7568720,reserved,2.5,37.6,0.0,15001223.911996944,0.0,26.98826989745544,6650300.532863758,251224.80838544687,1003.94,1
2026-09-13T21:59:50.729351+00:00,1789336790.7293515,F_lat_northeurope_rep2,r3-pub,F01,load,16,1,1000,6,99.5,2293284547,22050241,803922801422,60320,1789156079.537691,5969190.005,192964.18600000002,86918185,85002632,429463403,8067,21972,16055198,4838163512,11084516.447,789351.379,179/B231FC70,179/B23CC5D8,1,1.0003843307495117,6371881,6369433.03102922,6.07436469176218,4112,4110.420239108696,4109,4107.421391657984,0.0,0.0,5886873.493497963,0.0,streaming,179/B231DDF8,179/B231DDF8,179/B231DD30,7800,7800,1227600,8000,0.112874,0.284376,0.112874,-1098785.7028672642,True,13457856,reserved,1.9,37.6,0.0,5916446.127825247,0.0,13.994621436654118,5947216.301901182,257774.92916826744,1003.94,1
2026-09-13T21:59:51.730309+00:00,1789336791.7303095,F_lat_northeurope_rep2,r3-pub,F01,load,16,1,1000,6,99.5,2293309441,22050241,803929162543,60320,1789156079.537691,5969223.926,192964.18600000002,86922293,85002632,429467508,8067,21972,16055198,4838207531,11084516.447,789361.522,179/B296A000,179/B29E5EA8,1,1.00095796585083,6361121,6355033.095313794,6.0606318429124775,4108,4104.068442582537,4105,4101.071313729628,0.0,0.0,6589159.809916438,0.0,streaming,179/B2963FD8,179/B285BE48,179/B285B260,24616,1106360,1553400,1109408,0.112646,0.285439,0.112646,1100353.8985413697,True,20053328,reserved,3.3,37.6,0.0,14977012.533445505,0.0,19.980859019389175,6641927.260500743,212361.564872823,1003.93,1
2026-09-13T21:59:52.730439+00:00,1789336792.7304397,F_lat_northeurope_rep2,r3-pub,F01,load,16,1,1000,6,99.5,2293334391,22050241,803935553525,60320,1789156079.537691,5969262.896,192964.18600000002,86926412,85002632,429471625,8067,21972,16055198,4838253189,11084516.447,789371.72,179/B2FB6000,179/B3000B80,1,1.0001301765441895,6390982,6390150.152336317,6.0941220782626315,4119,4118.463872605695,4117,4116.464132924896,0.0,0.0,6601892.588437728,0.0,streaming,179/B2FB3D18,179/B2EA7F18,179/B2EA7F18,8936,1106152,1956296,1106152,0.113552,0.113552,0.113552,-3255.576200340894,True,26656080,reserved,3.3,37.6,0.0,14997599.664304564,0.0,19.99739680799075,6676148.922004839,249402.53364005865,1003.93,1
2026-09-13T21:59:53.731588+00:00,1789336793.7315888,F_lat_northeurope_rep2,r3-pub,F01,load,16,1,1000,6,99.5,2293359268,22050241,803941918125,60320,1789156079.537691,5969297.157,192964.18600000002,86930522,85002632,429475732,8067,21972,16055198,4838298919,11084516.447,789381.216,179/B3538000,179/B3616408,1,1.0011491775512695,6364600,6357294.340057593,6.062788333947747,4110,4105.282301737219,4107,4102.2857453125935,0.0,0.0,5768730.704175442,0.0,streaming,179/B3535F20,179/B3535F20,179/B3535A50,8416,8416,560104,9648,0.100451,0.139826,0.100451,-1095245.3686092624,True,32431440,reserved,3.1,37.6,0.0,5924200.042302157,0.0,24.971303538547563,5833811.914309747,264570.96099091147,1003.92,1
2026-09-13T21:59:54.732380+00:00,1789336794.7323806,F_lat_northeurope_rep2,r3-pub,F01,load,16,1,1000,6,99.5,2293384118,22050242,803948276275,60320,1789156079.537691,5969330.493,192964.18600000002,86934626,85002632,429479833,8067,21972,16055198,4838345063,11084516.447,789390.646,179/B3B7E000,179/B3C2A068,1,1.0007917881011963,6358150,6353119.675435514,6.058807063518061,4104,4100.753072511241,4101,4097.7554459962475,0.0,0.0,6572971.5992981745,0.0,streaming,179/B3B77DF8,179/B3B77DF8,179/B3B77930,25096,25096,953224,26320,0.112231,0.112231,0.112231,16658.80975265775,True,39009616,reserved,3.1,37.6,0.0,14971313.891801197,0.0,20.98338560495518,6630707.884394628,241503.7801804592,1003.92,1
2026-09-13T21:59:55.732858+00:00,1789336795.7327936,F_lat_northeurope_rep2,r3-pub,F01,load,16,1,1000,6,99.5,2293408898,22050242,803954616788,60320,1789156079.537691,5969368.715,192964.18600000002,86938712,85002632,429483916,8067,21972,16055198,4838390631,11084516.447,789399.543,179/B420BB08,179/B423CB60,1,1.000412940979004,6340513,6337895.823093987,6.044288466543185,4086,4084.313419617944,4083,4081.3146579295317,0.0,0.0,6868979.516873544,0.0,streaming,179/B4209CD8,179/B40FFC80,179/B40FFC80,7728,1097352,1763560,1097352,0.113027,0.113027,0.113027,1070589.9095546368,True,45881432,reserved,6.4,37.6,0.0,15333188.298212884,0.0,23.9900935073007,6944314.408009846,220459.9630470282,1003.91,1
2026-09-13T21:59:56.733846+00:00,1789336796.733847,F_lat_northeurope_rep2,r3-pub,F01,load,16,1,1000,6,99.5,2293433720,22050242,803960961781,60320,1789156079.537691,5969404.489,192964.18600000002,86942807,85002632,429488008,8067,21972,16055198,4838436360,11084516.447,789410.182,179/B4846000,179/B4846058,1,1.0010533332824707,6344993,6338316.640128115,6.0446897889405395,4095,4090.691138875115,4092,4087.6942955499317,0.0,0.0,6523424.659690258,0.0,streaming,179/B47CD578,179/B473DEF8,179/B473D928,494216,1081608,2172544,1083096,0.112616,0.112616,0.112616,-14240.99948127073,True,52411728,reserved,3.1,37.6,0.0,14910118.675753241,0.0,19.978955501221563,6405145.247331927,250749.87680918147,1003.91,1
2026-09-13T21:59:57.734517+00:00,1789336797.7345178,F_lat_northeurope_rep2,r3-pub,F01,load,16,1,1000,6,99.5,2293458254,22050242,803967217207,60320,1789156079.537691,5969431.472,192964.18600000002,86946846,85002632,429492044,8067,21972,16055198,4838481467,11084516.447,789421.335,179/B4D68000,179/B4E417E8,1,1.0006709098815918,6255426,6251231.9866880085,5.961639391601571,4039,4036.2920118042903,4036,4033.2940231844805,0.0,0.0,5378535.487393016,0.0,streaming,179/B4D65FD0,179/B4D65FD0,179/B4D65FD0,8240,8240,749280,8240,0.112595,0.112595,0.112595,-1074135.3519781907,True,57793872,reserved,6.9,37.6,0.0,5378535.487393016,0.0,9.993295399366898,5620925.86529328,245736.13319997198,1003.9,1
2026-09-13T21:59:58.735042+00:00,1789336798.735042,F_lat_northeurope_rep2,r3-pub,F01,load,16,1,1000,6,99.5,2293482796,22050242,803973481405,60320,1789156079.537691,5969472.581,192964.18600000002,86950890,85002632,429496084,8067,21972,16055198,4838526295,11084516.447,789431.795,179/B5425AA0,179/B543E708,2,1.0005242824554443,6264198,6260915.511842122,5.970874320833323,4044,4041.8809127504496,4040,4037.883008781359,0.0,0.0,7064616.145700361,0.0,streaming,179/B5423FF8,179/B5319F68,179/B5319880,6824,1096504,2034576,1098272,0.094592,0.205526,0.094592,1089460.8148089016,True,64862192,reserved,3.9,37.6,0.0,15618051.729490006,0.0,29.98427976817841,7133119.230734733,224387.35764516314,1003.89,1
2026-09-13T21:59:59.735720+00:00,1789336799.7357204,F_lat_northeurope_rep2,r3-pub,F01,load,16,1,1000,6,99.5,2293507347,22050242,803979753643,60320,1789156079.537691,5969511.197,192964.18600000002,86954938,85002632,429500130,8067,21972,16055198,4838571093,11084516.447,789441.691,179/B594C000,179/B5A40A70,6,1.000678300857544,6272238,6267986.419436622,5.9776176637998795,4048,4045.256099318847,4046,4043.2574550010017,0.0,0.0,5396243.723255,0.0,streaming,179/B5949FE0,179/B5949FE0,179/B5949B18,8224,8224,636976,9448,0.112361,0.112361,0.112361,-1088085.9503667846,True,70262096,reserved,2.3,37.6,0.0,13794163.407131841,0.0,17.987798860607523,5454287.352211704,241690.0614240762,1003.89,1
2026-09-13T22:00:00.736112+00:00,1789336800.736112,F_lat_northeurope_rep2,r3-pub,F01,load,16,1,1000,6,99.5,2293531884,22050243,803986045960,60320,1789156079.537691,5969639.855,192964.18600000002,86958990,85002632,429504179,8067,21972,16055198,4838615811,11084516.447,789450.544,179/B5F7E000,179/B6049870,3,1.0003917217254639,6292317,6289853.127879833,5.998471382026513,4052,4050.4133650877857,4049,4047.414539792805,0.0,0.0,6493712.271824216,0.0,streaming,179/B5F77F78,179/B5F77F78,179/B5F77958,24712,24712,1257464,26280,0.113575,0.113575,0.113575,16825.40912170721,True,76758352,reserved,3.9,37.6,0.0,14879035.558517778,0.0,20.9917770648676,6534575.264902059,246010.63229063665,1003.88,1
2026-09-13T22:00:01.736645+00:00,1789336801.7366257,F_lat_northeurope_rep2,r3-pub,F01,load,16,1,1000,6,99.5,2293556408,22050243,803992313522,60320,1789156079.537691,5969712.643,192964.18600000002,86963040,85002632,429508226,8067,21972,16055198,4838660509,11084516.447,789460.07,179/B6628000,179/B664EA50,3,1.0005135536193848,6267562,6264344.922991723,5.974144862167094,4050,4047.921175429374,4047,4044.9227152994263,0.0,0.0,6984189.244335104,0.0,streaming,179/B6625B70,179/B651BBD8,179/B651BBD8,9360,1098792,2507632,1098792,0.113830,0.113830,0.113830,1071961.490296817,True,83746128,reserved,11.0,37.6,0.0,7123381.761514115,0.0,23.987681039581474,7080514.776009673,220500.76103609282,1003.88,1
2026-09-13T22:00:02.737393+00:00,1789336802.7373936,F_lat_northeurope_rep2,r3-pub,F01,load,16,1,1000,6,99.5,2293580993,22050243,803998592260,60320,1789156079.537691,5969747.16,192964.18600000002,86967097,85002632,429512280,8067,21972,16055198,4838705605,11084516.447,789471.523,179/B6B50000,179/B6C59048,1,1.0007679462432861,6278738,6273919.966730871,5.983276335459586,4057,4053.8868328360163,4054,4050.8891349068795,0.0,0.0,5402571.11580753,0.0,streaming,179/B6B4E000,179/B6B4E000,179/B6B4DF80,8192,8192,1099168,8320,0.113727,0.113727,0.113727,-1089635.2187272261,True,89152848,reserved,1.8,37.6,0.0,7841913.831732747,0.0,34.97314250659615,5471202.410662474,242112.0709446638,1003.87,1
2026-09-13T22:00:03.739744+00:00,1789336803.7397444,F_lat_northeurope_rep2,r3-pub,F01,load,16,1,1000,6,99.5,2293605701,22050243,804004904321,60320,1789156079.537691,5969789.632,192964.18600000002,86971169,85002632,429516349,8067,21972,16055198,4838751095,11084516.447,789482.802,179/B7216000,179/B725F718,1,1.0023508071899414,6312061,6297257.362116226,6.005532610050417,4072,4062.4499634172216,4069,4059.4569992987904,0.0,0.0,7085806.634816339,0.0,streaming,179/B7213FD8,179/B710BEB0,179/B710BEB0,8232,1089872,2095568,1089872,0.094850,0.188188,0.094850,1079015.442739151,True,96255312,reserved,7.5,37.6,0.0,10077046.805915277,0.0,77.81706707921003,7142119.254704622,231595.5634842028,1003.87,1
2026-09-13T22:00:04.740297+00:00,1789336804.7402973,F_lat_northeurope_rep2,r3-pub,F01,load,16,1,1000,6,99.5,2293630377,22050243,804011208426,60320,1789156079.537691,5969838.399,192964.18600000002,86975232,85002632,429520409,8067,21972,16055198,4838796246,11084516.447,789492.88,179/B7A5A000,179/B7ABF3B8,2,1.0005528926849365,6304105,6300621.432499417,6.008740837573449,4063,4060.754838354553,4060,4057.7564961160438,0.0,0.0,8662346.65190178,0.0,streaming,179/B7A53E40,179/B794FE40,179/B794FE40,25024,1089984,1731360,1089984,0.094838,0.220681,0.094838,111.93811023768397,True,9350904,reserved,5.6,37.7,0.0,8695096.544725604,0.0,22.98729049523867,6379334.912392179,245624.1961786894,1003.86,1
2026-09-13T22:00:05.742192+00:00,1789336805.7411714,F_lat_northeurope_rep2,r3-pub,F01,load,16,1,1000,6,99.5,2293655105,22050243,804017521376,60320,1789156079.537691,5969870.877,192964.18600000002,86979297,85002632,429524471,8067,21972,16055198,4838842070,11084516.447,789504.544,179/B8090000,179/B80F1818,2,1.0008740425109863,6312950,6307437.031898751,6.015240699671508,4065,4061.450119938923,4062,4058.4527397766064,0.0,0.0,6506952.646769748,0.0,streaming,179/B7FFFCD0,179/B7F85FE0,179/B7F85FE0,590640,1089568,1496664,1089568,0.115879,0.115879,0.115879,-415.636715841228,True,15863544,reserved,8.8,37.8,0.0,15731274.197599316,0.0,42.96244899320386,5690246.48267615,219893.80346786662,1003.86,1
2026-09-13T22:00:06.741851+00:00,1789336806.7418516,F_lat_northeurope_rep2,r3-pub,F01,load,16,1,1000,6,99.5,2293720698,22050245,804026357331,60320,1789156079.537691,5969906.483,192964.18600000002,86983348,85002632,429528563,8080,22023,16055198,4839001525,11084516.447,789517.513,179/B8648000,179/B86FE178,1,1.0006802082061768,8835955,8829948.79636859,8.420895382279005,4051,4048.2463496123687,4092,4089.218480033032,12.99116330411276,50.96533296228852,5992467.874176734,0.0,streaming,179/B8635C48,179/B8635C48,179/B8635780,74680,74680,1098312,75904,0.112124,0.112124,0.112124,-1012974.9661153967,True,21860088,reserved,5.4,37.6,0.0,14383560.184328582,0.0,18.98708482908788,6409053.50920921,255063.5037116791,1003.85,1
2026-09-13T22:00:07.742786+00:00,1789336807.742787,F_lat_northeurope_rep2,r3-pub,F01,load,16,1,1000,6,99.5,2293743936,22050245,804032310269,60320,1789156079.537691,5969942.186,192964.18600000002,86987175,85002632,429532387,8080,22023,16055198,4839044043,11084516.447,789527.14,179/B8C99C88,179/B8CAE920,1,1.0009353160858154,5952938,5947375.3241909025,5.671859096709158,3827,3823.423890132668,3824,3820.426693458929,0.0,0.0,6620247.975576356,0.0,streaming,179/B8C97E08,179/B8B85F20,179/B8B858E8,7808,1129832,1529440,1131424,0.112124,0.112124,0.112124,1054533.677688224,True,28486528,reserved,4.2,37.6,0.0,15010088.82247482,0.0,23.977573389909598,6735337.330651249,210265.33544946474,1003.85,1
2026-09-13T22:00:08.743710+00:00,1789336808.7436967,F_lat_northeurope_rep2,r3-pub,F01,load,16,1,1000,6,99.5,2293767146,22050245,804038246073,60320,1789156079.537691,5969976.99,192964.18600000002,86991002,85002632,429536211,8080,22023,16055198,4839086444,11084516.447,789537.577,179/B9212000,179/B92587E8,1,1.0009098052978516,5935804,5930408.482943794,5.655678255981249,3827,3823.5213400283938,3824,3820.524066963307,0.0,0.0,5730074.747637514,0.0,streaming,179/B920DD90,179/B9103DE8,179/B9103418,17008,1106456,2093480,1108968,0.113996,0.113996,0.113996,-22435.587983192476,True,34221816,reserved,2.7,37.6,0.0,5880601.797330233,0.0,15.985456347126808,5773382.346154946,231652.24156336646,1003.84,1
2026-09-13T22:00:09.744294+00:00,1789336809.7442946,F_lat_northeurope_rep2,r3-pub,F01,load,16,1,1000,6,99.5,2293790091,22050245,804044122505,60320,1789156079.537691,5970004.847,192964.18600000002,86994780,85002632,429539986,8080,22023,16055198,4839128399,11084516.447,789546.796,179/B9740000,179/B97F3108,1,1.0005979537963867,5876432,5872920.265031648,5.600853219062469,3778,3775.742280569156,3775,3772.74407335854,0.0,0.0,5428050.276730051,0.0,streaming,179/B973DFD8,179/B973DFD8,179/B973CF30,8232,8232,1390192,12496,0.113176,0.301729,0.113176,-1095816.7522128702,True,39653112,reserved,2.9,37.6,0.0,13819832.37876369,0.0,25.984462492005836,5468170.286817708,234231.94012216892,1003.84,1
2026-09-13T22:00:10.744832+00:00,1789336810.7448235,F_lat_northeurope_rep2,r3-pub,F01,load,16,1,1000,6,99.5,2293813013,22050245,804049979883,60320,1789156079.537691,5970046.539,192964.18600000002,86998559,85002632,429543761,8080,22023,16055198,4839170755,11084516.447,789554.504,179/B9D92000,179/B9D92E18,1,1.0005288124084473,5857378,5854282.18293911,5.583078558863745,3779,3777.0026741191873,3775,3773.004788250842,0.0,0.0,6623825.239022219,0.0,streaming,179/B9CD4798,179/B9C81F40,179/B9C81F40,776296,1114304,1812592,1114304,0.113088,0.292987,0.113088,1101225.6582074394,True,46280440,reserved,4.2,37.6,0.0,15007999.583594223,0.0,27.985201078416843,6075841.019876936,201721.32725909693,1003.83,1
2026-09-13T22:00:11.745715+00:00,1789336811.7457156,F_lat_northeurope_rep2,r3-pub,F01,load,16,1,1000,6,99.5,2293836275,22050245,804055936677,60320,1789156079.537691,5970083.383,192964.18600000002,87002383,85002632,429547582,8080,22023,16055198,4839213292,11084516.447,789563.531,179/BA32C000,179/BA3438C0,1,1.000892162322998,5956794,5951484.309932764,5.675777730877651,3824,3820.5914122903846,3821,3817.594086391621,0.0,0.0,5868428.4092780305,0.0,streaming,179/BA329FC8,179/BA21BFE0,179/BA21BFA0,8248,1114144,2534792,1114208,0.113296,0.113296,0.113296,-95.91442876042807,True,52154104,reserved,3.7,37.6,0.0,14372329.549082598,0.0,30.972367620554895,6505528.013015579,204040.96234105105,1003.83,1
2026-09-13T22:00:12.746124+00:00,1789336812.7461243,F_lat_northeurope_rep2,r3-pub,F01,load,16,1,1000,6,99.5,2293859603,22050246,804061912103,60320,1789156079.537691,5970110.605,192964.18600000002,87006216,85002632,429551413,8080,22023,16055198,4839256095,11084516.447,789571.731,179/BA84C000,179/BA905ED0,1,1.00040864944458,5975426,5972985.142938853,5.696282523096898,3833,3831.434286506874,3831,3829.4351034719107,0.0,0.0,5371756.83455314,0.0,streaming,179/BA849E20,179/BA849E20,179/BA849DD0,8672,8672,733328,8752,0.120857,0.120857,0.120857,-1105004.440549111,True,57528056,reserved,6.0,37.6,0.0,5379945.488264349,0.0,9.995915174815742,5377750.38529196,230380.8549915658,1003.82,1
2026-09-13T22:00:13.747026+00:00,1789336813.747027,F_lat_northeurope_rep2,r3-pub,F01,load,16,1,1000,6,99.5,2293883463,22050246,804068025954,60320,1789156079.537691,5970143.655,192964.18600000002,87010134,85002632,429555328,8080,22023,16055198,4839299692,11084516.447,789580.243,179/BAE66000,179/BAEDD660,1,1.0009026527404785,6113851,6108337.292603064,5.825364391902031,3918,3914.466595999609,3915,3911.4693015156895,0.0,0.0,6392182.079328457,0.0,streaming,179/BAE63F60,179/BAD4FD88,179/BAD4F7F8,8352,1139320,1975736,1140744,0.111971,0.111971,0.111971,1130971.125813882,True,63926008,reserved,5.0,37.6,0.0,14781409.520188468,0.0,19.98196322613379,6429081.771719997,185814.2742361407,1003.82,1
2026-09-13T22:00:14.748168+00:00,1789336814.748169,F_lat_northeurope_rep2,r3-pub,F01,load,16,1,1000,6,99.5,2293907336,22050246,804074128467,60320,1789156079.537691,5970178.086,192964.18600000002,87014056,85002632,429559247,8080,22023,16055198,4839343367,11084516.447,789588.531,179/BB4159F8,179/BB4BE718,1,1.0011420249938965,6102513,6095551.72757552,5.81317112691452,3922,3917.5260872940685,3919,3914.5295094608505,0.0,0.0,5955430.749234954,0.0,streaming,179/BB413B80,179/BB30BFD8,179/BB30BA08,7800,1088032,1769480,1089520,0.112441,0.112441,0.112441,-51165.56764292488,True,69888240,reserved,4.6,37.6,0.0,14528304.313355215,0.0,26.969200498964778,5989644.676075363,256596.95985848375,1003.81,1
2026-09-13T22:00:15.748309+00:00,1789336815.7483096,F_lat_northeurope_rep2,r3-pub,F01,load,16,1,1000,6,99.5,2293931776,22050246,804080384805,60320,1789156079.537691,5970210.36,192964.18600000002,87018081,85002632,429563269,8080,22023,16055198,4839388332,11084516.447,789596.661,179/BBA3C000,179/BBAB3E50,1,1.00014066696167,6256338,6255458.063720323,5.965669692726443,4025,4024.4338951115333,4022,4021.434317053065,0.0,0.0,6447741.015861664,0.0,streaming,179/BBA39E28,179/BB931CE8,179/BB931CE8,8664,1090328,2013504,1090328,0.112320,0.112320,0.112320,807.8863570807748,True,76336888,reserved,5.0,37.6,0.0,14841816.246802898,0.0,19.997187056454823,6496217.19686457,195878.44637409193,1003.81,1
2026-09-13T22:00:16.748723+00:00,1789336816.7487237,F_lat_northeurope_rep2,r3-pub,F01,load,16,1,1000,6,99.5,2293956198,22050246,804086642328,60320,1789156079.537691,5970242.966,192964.18600000002,87022102,85002632,429567287,8080,22023,16055198,4839432930,11084516.447,789605.256,179/BC070000,179/BC0B8E30,1,1.0004141330718994,6257523,6254932.625537262,5.965168595826399,4021,4019.335460258849,4018,4016.336702143759,0.0,0.0,6501755.408060121,0.0,streaming,179/BBFFFF98,179/BBF61FB8,179/BBF619E8,458856,1105992,2341152,1107480,0.112140,0.112140,0.112140,17144.899730007404,True,82841336,reserved,2.7,37.6,0.0,6538604.147778346,0.0,13.994204537086267,6081990.246695873,237282.73337271967,1003.8,1
2026-09-13T22:00:17.749221+00:00,1789336817.7492213,F_lat_northeurope_rep2,r3-pub,F01,load,16,1,1000,6,99.5,2293981039,22050246,804092996880,60320,1789156079.537691,5970274.535,192964.18600000002,87026196,85002632,429571378,8080,22023,16055198,4839478004,11084516.447,789614.269,179/BC636000,179/BC6C85E0,1,1.000497579574585,6354552,6351391.6772312205,6.05715911601183,4094,4091.963922332309,4091,4088.9654143286457,0.0,0.0,6050877.207093429,0.0,streaming,179/BC633FE8,179/BC529D90,179/BC529D10,8216,1098352,2250464,1098480,0.112140,0.265774,0.112140,-8995.524010989444,True,88895224,reserved,8.1,37.6,0.0,14443501.208813002,0.0,19.990053357754316,6557104.318822531,250576.31834211826,1003.8,1
2026-09-13T22:00:18.749993+00:00,1789336818.7499533,F_lat_northeurope_rep2,r3-pub,F01,load,16,1,1000,6,99.5,2294005835,22050247,804099345960,60320,1789156079.537691,5970308.78,192964.18600000002,87030283,85002632,429575462,8080,22023,16055198,4839523015,11084516.447,789622.516,179/BCC7E000,179/BCCDEE80,1,1.0007319450378418,6349080,6344436.22138985,6.050525876417017,4087,4084.0107286126995,4084,4081.0129228417577,0.0,0.0,6581550.666648243,0.0,streaming,179/BCC79E90,179/BCB6BD88,179/BCB6BD88,16752,1122936,2651080,1122936,0.112931,0.285087,0.112931,24438.112644715482,True,95481592,reserved,5.0,37.6,0.0,15000860.194817046,0.0,24.981714757846216,6629623.479991061,210602.85028877578,1003.79,1
2026-09-13T22:00:19.750463+00:00,1789336819.7504637,F_lat_northeurope_rep2,r3-pub,F01,load,16,1,1000,6,99.5,2294030869,22050247,804105733597,60320,1789156079.537691,5970342.337,192964.18600000002,87034403,85002632,429579579,8080,22023,16055198,4839569181,11084516.447,789630.343,179/BD222000,179/BD2FF7B8,1,1.0005104541778564,6387637,6384378.067542408,6.088617389242561,4120,4117.898001761015,4117,4114.899532342256,0.0,0.0,5911606.395817412,0.0,streaming,179/BD21FFE0,179/BD21FFE0,179/BD21FAD0,8224,8224,1361424,9520,0.110073,0.116690,0.110073,-1112847.9421186266,True,6116176,reserved,6.2,37.6,0.0,5948451.58803511,0.0,19.989796125053466,5968358.4265062455,254294.19446603017,1003.78,1
2026-09-13T22:00:20.751218+00:00,1789336820.751218,F_lat_northeurope_rep2,r3-pub,F01,load,16,1,1000,6,99.5,2294055950,22050247,804112152038,60320,1789156079.537691,5970380.737,192964.18600000002,87038524,85002632,429583697,8080,22023,16055198,4839615121,11084516.447,789639.361,179/BD85F3C8,179/BD924CD8,3,1.0007543563842773,6418441,6413602.857738046,6.1164883210545025,4121,4117.893640642406,4118,4114.8959020056855,0.0,0.0,6537348.509415676,0.0,streaming,179/BD85DFC8,179/BD85DFC8,179/BD85C990,5120,5120,690248,10808,0.112377,0.112377,0.112377,1287.029121365547,True,12658456,reserved,1.8,37.6,0.0,14922758.921536507,0.0,19.98492424480663,6573185.475571464,243020.6758016976,1003.78,1
2026-09-13T22:00:21.751982+00:00,1789336821.751922,F_lat_northeurope_rep2,r3-pub,F01,load,16,1,1000,6,99.5,2294081342,22050247,804118629852,60320,1789156079.537691,5970413.149,192964.18600000002,87042691,85002632,429587861,8080,22023,16055198,4839661309,11084516.447,789648.153,179/BDEC18F8,179/BDF6AA38,2,1.0007038116455078,6477814,6473258.045603127,6.17337994156182,4167,4164.069279548353,4164,4161.071389498282,0.0,0.0,6689483.863354535,0.0,streaming,179/BDEBFED0,179/BDDB1FF0,179/BDDB1A68,6696,1112328,2215056,1113744,0.113369,0.113369,0.113369,1102160.2867549655,True,19352648,reserved,12.4,37.6,0.0,15095423.665030677,0.0,19.98593366713872,6729666.582289,245962.88845474282,1003.77,1
2026-09-13T22:00:22.752779+00:00,1789336822.7522717,F_lat_northeurope_rep2,r3-pub,F01,load,16,1,1000,6,99.5,2294106707,22050247,804125126255,60320,1789156079.537691,5970454.068,192964.18600000002,87046855,85002632,429592022,8080,22023,16055198,4839707839,11084516.447,789657.455,179/BE5411A8,179/BE59FED0,2,1.000349760055542,6496403,6494131.612166632,6.193286525885231,4164,4162.544108341471,4161,4159.545157254769,0.0,0.0,6811489.613014628,0.0,streaming,179/BE53FF28,179/BE42BBA8,179/BE42B008,4736,1136128,1854592,1139104,0.113124,0.267760,0.113124,25351.133186248724,True,26166520,reserved,2.7,37.6,0.0,15244076.23105074,0.0,22.991958331377,6842903.625647825,216629.23174787185,1003.77,1
2026-09-13T22:00:23.756132+00:00,1789336823.7561321,F_lat_northeurope_rep2,r3-pub,F01,load,16,1,1000,6,99.5,2294131946,22050247,804131572872,60320,1789156079.537691,5970497.837,192964.18600000002,87051006,85002632,429596169,8080,22023,16055198,4839753971,11084516.447,789667.265,179/BEB86000,179/BEBD26B0,1,1.0038604736328125,6446617,6421825.711167521,6.124330245177766,4151,4135.036799464956,4147,4131.0521819757105,0.0,0.0,6548376.166471599,0.0,streaming,179/BEB83B50,179/BEA71E38,179/BEA71428,9392,1130952,2236496,1133528,0.113237,0.113237,0.113237,-5554.556780008816,True,32740176,reserved,4.6,37.6,0.0,6552878.7842344465,0.0,11.953852467737768,6587464.267886729,255440.87722871604,1003.76,1
2026-09-13T22:00:24.757237+00:00,1789336824.7572374,F_lat_northeurope_rep2,r3-pub,F01,load,16,1,1000,6,99.5,2294157179,22050248,804138059577,60320,1789156079.537691,5970532.749,192964.18600000002,87055151,85002632,429600312,8080,22023,16055198,4839799976,11084516.447,789677.867,179/BF10A000,179/BF1FF230,1,1.0011053085327148,6486705,6479543.105717157,6.17937384196964,4145,4140.42355451614,4143,4138.425762692489,0.0,0.0,5777166.448629416,0.0,streaming,179/BF107CB8,179/BF107CB8,179/BF107CB8,9032,9032,825280,9032,0.112354,0.272890,0.112354,-1123254.457263976,True,38523728,reserved,4.0,37.6,0.0,14389726.912060663,0.0,27.96908553111023,5785763.945742497,261979.43189852676,1003.76,1
2026-09-13T22:00:25.757667+00:00,1789336825.7576673,F_lat_northeurope_rep2,r3-pub,F01,load,16,1,1000,6,99.5,2294182136,22050248,804144450498,60320,1789156079.537691,5970568.203,192964.18600000002,87059259,85002632,429604417,8080,22023,16055198,4839845745,11084516.447,789687.068,179/BF75C000,179/BF81F9E0,1,1.0004298686981201,6390921,6388174.9235622445,6.092238353311772,4108,4106.234858167344,4105,4103.236147219315,0.0,0.0,6624480.343259121,0.0,streaming,179/BF759CB0,179/BF759CB0,179/BF759BE0,9040,9040,1257544,9248,0.113589,0.113589,0.113589,215.90718825806874,True,45151056,reserved,3.9,37.6,0.0,15066803.252900844,0.0,27.987968848268167,6654764.3251232635,247579.5732911482,1003.75,1
2026-09-13T22:00:26.758023+00:00,1789336826.7580233,F_lat_northeurope_rep2,r3-pub,F01,load,16,1,1000,6,99.5,2294207103,22050248,804150832637,60320,1789156079.537691,5970602.587,192964.18600000002,87063365,85002632,429608519,8080,22023,16055198,4839891509,11084516.447,789695.88,179/BFDA3CE8,179/BFE36350,1,1.0003559589385986,6382139,6379868.028948016,6.084316281269089,4106,4104.5389526709705,4102,4100.540376000078,0.0,0.0,6583232.639497097,0.0,streaming,179/BFDA1D68,179/BFC95C30,179/BFC95C30,8064,1106104,1648192,1106104,0.112636,0.283417,0.112636,1096465.7032320676,True,51736632,reserved,3.3,37.6,0.0,9380596.892686658,0.0,92.96690759824654,6631710.383410827,212934.20416669347,1003.75,1
2026-09-13T22:00:27.758610+00:00,1789336827.75861,F_lat_northeurope_rep2,r3-pub,F01,load,16,1,1000,6,99.5,2294231817,22050248,804157168924,60320,1789156079.537691,5970639.449,192964.18600000002,87067426,85002632,429612577,8080,22023,16055198,4839936958,11084516.447,789705.008,179/C042A000,179/C0443270,1,1.000586748123169,6336287,6332571.375630516,6.039210677748218,4061,4058.618613146078,4058,4055.620372358233,0.0,0.0,6837100.34420512,0.0,streaming,179/C0427C40,179/C031BC88,179/C031A4F8,9152,1106808,2242136,1112840,0.113088,0.113088,0.113088,6732.049982307802,True,58577744,reserved,4.2,37.6,0.0,6856776.79908215,0.0,15.990617535172925,6862669.3416438615,249030.8815976115,1003.74,1
2026-09-13T22:00:28.759057+00:00,1789336828.7590487,F_lat_northeurope_rep2,r3-pub,F01,load,16,1,1000,6,99.5,2294256552,22050248,804163501698,60320,1789156079.537691,5970678.984,192964.18600000002,87071236,85002632,429616384,8080,22023,16055198,4839979617,11084516.447,789713.28,179/C095DA98,179/C0A4C4F8,1,1.0004386901855469,6332774,6329997.092401023,6.036755649949096,3810,3808.329323302537,3807,3805.330638795999,0.0,0.0,5452096.218898112,0.0,streaming,179/C095BC80,179/C095BC80,179/C095BC80,7704,7704,1504296,7704,0.112403,0.112404,0.112403,-1104651.40027225,True,64032232,reserved,1.9,37.6,0.0,9318408.105819056,0.0,42.98114459370317,5478331.709645808,244260.84516451295,1003.73,1
2026-09-13T22:00:29.759898+00:00,1789336829.759899,F_lat_northeurope_rep2,r3-pub,F01,load,16,1,1000,6,99.5,2294281105,22050248,804169768063,60320,1789156079.537691,5970724.651,192964.18600000002,87075511,85002632,429620657,8080,22023,16055198,4840027114,11084516.447,789723.465,179/C0FA2000,179/C104A078,1,1.0008502006530762,6266365,6261041.858123287,5.970994814036643,4275,4271.368479729005,4273,4269.370178685857,0.0,0.0,6565785.764654933,0.0,streaming,179/C0F89E20,179/C0F89E20,179/C0F89778,98784,98784,834336,100488,0.112773,0.112773,0.112773,92705.18199372539,True,70603600,reserved,5.6,37.6,0.0,15752111.544477556,0.0,39.96602086296146,6504844.576892567,234895.2918694481,1003.73,1
2026-09-13T22:00:30.761086+00:00,1789336830.7610862,F_lat_northeurope_rep2,r3-pub,F01,load,16,1,1000,6,99.5,2294305584,22050249,804176039397,60320,1789156079.537691,5970765.845,192964.18600000002,87079532,85002632,429624675,8080,22023,16055198,4840071811,11084516.447,789733.625,179/C1630000,179/C1649588,1,1.0011873245239258,6271334,6263896.7218068605,5.973717424208508,4021,4016.231429929483,4018,4013.234987678852,0.0,0.0,6864937.091835656,0.0,streaming,179/C162BFE8,179/C1527FD0,179/C15273F0,16408,1081392,2312984,1084432,0.119379,0.119379,0.119379,982777.1246183873,True,77476688,reserved,6.2,37.6,0.0,15268143.758480731,0.0,24.97035208859415,6975111.279320951,229019.08002983365,1003.72,1
2026-09-13T22:00:31.761476+00:00,1789336831.761476,F_lat_northeurope_rep2,r3-pub,F01,load,16,1,1000,6,99.5,2294329937,22050249,804182285050,60320,1789156079.537691,5970792.231,192964.18600000002,87083533,85002632,429628673,8080,22023,16055198,4840116358,11084516.447,789743.315,179/C1B54000,179/C1C43D80,1,1.000389814376831,6245653,6243219.303357842,5.953997901304095,4001,3999.4409604143434,3998,3996.4421294017857,0.0,0.0,5388235.588301927,0.0,streaming,179/C1B51CA8,179/C1B51CA8,179/C1B50B10,9048,9048,1500896,13552,0.113098,0.284795,0.113098,-1070462.7182425675,True,82867024,reserved,4.3,37.6,0.0,5543822.938116116,0.0,20.99181708790333,5409442.321612397,243574.0513329674,1003.72,1
2026-09-13T22:00:32.762639+00:00,1789336832.7626395,F_lat_northeurope_rep2,r3-pub,F01,load,16,1,1000,6,99.5,2294354339,22050249,804188530847,60320,1789156079.537691,5970834.947,192964.18600000002,87087548,85002632,429632684,8080,22023,16055198,4840160876,11084516.447,789752.167,179/C220C000,179/C223BE70,1,1.0011634826660156,6245797,6238538.568514264,5.949534004701866,4015,4010.334045852718,4011,4006.338694374907,0.0,0.0,7036932.65083883,0.0,streaming,179/C2209F58,179/C2101C20,179/C2101C20,8360,1090528,1765536,1090528,0.112881,0.112881,0.112881,1075724.4132917253,True,89912144,reserved,1.8,37.6,0.0,15440339.43271264,0.0,21.9744331279601,7065719.158236457,221076.78099745093,1003.71,1
2026-09-13T22:00:33.763106+00:00,1789336833.7631068,F_lat_northeurope_rep2,r3-pub,F01,load,16,1,1000,6,99.5,2294378674,22050249,804194766755,60320,1789156079.537691,5970866.502,192964.18600000002,87091549,85002632,429636683,8080,22023,16055198,4840205489,11084516.447,789761.151,179/C2834000,179/C2834DC0,1,1.000467300415039,6235908,6232995.318700635,5.944247549725184,4001,3999.1312043284215,3999,3997.1321384927164,0.0,0.0,6452280.84648249,0.0,streaming,179/C279D7C0,179/C272BC30,179/C272AAC8,616512,1082320,1999704,1086776,0.112223,0.112223,0.112223,-3750.2475077831136,True,96367440,reserved,6.8,37.6,0.0,14845158.851107556,0.0,19.990658357052844,6081174.264742161,242184.82692985953,1003.71,1
2026-09-13T22:00:34.764451+00:00,1789336834.764395,F_lat_northeurope_rep2,r3-pub,F01,load,16,1,1000,6,99.5,2294403110,22050249,804201042128,60320,1789156079.537691,5970893.093,192964.18600000002,87095565,85002632,429640696,8080,22023,16055198,4840250660,11084516.447,789770.023,179/C2D5A000,179/C2E31260,1,1.0012881755828857,6275373,6267299.617661899,5.9769626785868635,4016,4010.8333424212688,4013,4007.8372019762332,0.0,0.0,5391582.694819424,0.0,streaming,179/C2D55D98,179/C2D55D98,179/C2D556F0,17000,17000,1203448,18704,0.112896,0.284336,0.112896,-1066697.9058034287,True,101765968,reserved,3.3,37.6,0.0,5457034.3815547135,0.0,18.975556151893453,5797705.537290102,242196.0090149146,1003.7,1
2026-09-13T22:00:35.764671+00:00,1789336835.7646716,F_lat_northeurope_rep2,r3-pub,F01,load,16,1,1000,6,99.5,2294427535,22050249,804207289515,60320,1789156079.537691,5970929.539,192964.18600000002,87099583,85002632,429644711,8080,22023,16055198,4840295228,11084516.447,789780.22,179/C3416000,179/C342EC98,1,1.0002765655517578,6247387,6245659.665688467,5.956325212181537,4018,4016.8890668588742,4015,4013.8898963261277,0.0,0.0,7059551.571224541,0.0,streaming,179/C3413FD8,179/C330BFB0,179/C330BFB0,8232,1089616,2149232,1089616,0.113336,0.113336,0.113336,1070615.9045216453,True,108827472,reserved,5.4,37.6,0.0,15544117.032696264,0.0,30.99142883838355,7110016.61433205,231697.9203368209,1003.7,1
2026-09-13T22:00:36.765278+00:00,1789336836.765278,F_lat_northeurope_rep2,r3-pub,F01,load,16,1,1000,6,99.5,2294452027,22050250,804213568961,60320,1789156079.537691,5970956.475,192964.18600000002,87103607,85002632,429648732,8080,22023,16055198,4840340001,11084516.447,789790.101,179/C3940000,179/C3A2FF28,1,1.0006065368652344,6279446,6275639.593233779,5.984916299089221,4024,4021.560775134101,4021,4018.5625936417046,0.0,0.0,5411629.647118027,0.0,streaming,179/C393DDC8,179/C393DDC8,179/C393DDC8,8760,8760,1386368,8760,0.112506,0.112506,0.112506,-1080200.8183817952,True,114242384,reserved,3.9,37.6,0.0,13811526.799830731,0.0,15.990301292779725,5428207.591983317,237237.10694883397,1003.69,1
2026-09-13T22:00:37.765983+00:00,1789336837.7659838,F_lat_northeurope_rep2,r3-pub,F01,load,16,1,1000,6,99.5,2294476611,22050250,804219839546,60320,1789156079.537691,5970992.61,192964.18600000002,87107646,85002632,429652767,8080,22023,16055198,4840384583,11084516.447,789799.017,179/C3F6C000,179/C402EF60,3,1.0007057189941406,6270585,6266162.849856478,5.975878572327116,4039,4036.151611144784,4035,4032.154432030008,0.0,0.0,6467116.033377934,0.0,streaming,179/C3F65FE8,179/C3F65FE8,179/C3F65FE8,24600,24600,648880,24600,0.112520,0.112520,0.112520,15828.829294511854,True,120714064,reserved,7.9,37.6,0.0,14866180.653942186,0.0,18.98660079518467,6503649.251192206,237564.3463284654,1003.69,1
2026-09-13T22:00:38.767151+00:00,1789336838.7671516,F_lat_northeurope_rep2,r3-pub,F01,load,16,1,1000,6,99.5,2294501176,22050250,804226133124,60320,1789156079.537691,5971035.303,192964.18600000002,87111685,85002632,429656804,8080,22023,16055198,4840429495,11084516.447,789808.247,179/C4630000,179/C4637A18,3,1.0011677742004395,6293578,6286237.094503194,5.995022863867945,4039,4034.288861550361,4037,4032.2911943745503,0.0,0.0,7085997.155337609,0.0,streaming,179/C4609CC0,179/C4527B68,179/C4526FF8,156480,1082520,1559776,1085448,0.112520,0.112520,0.112520,1059610.614062386,True,127808336,reserved,1.9,37.6,0.0,7126909.379098219,0.0,15.981337406488185,7138229.160149952,238910.00705753142,1003.68,1
2026-09-13T22:00:39.767456+00:00,1789336839.767456,F_lat_northeurope_rep2,r3-pub,F01,load,16,1,1000,6,99.5,2294525712,22050250,804232416216,60320,1789156079.537691,5971062.357,192964.18600000002,87115722,85002632,429660838,8080,22023,16055198,4840473951,11084516.447,789817.124,179/C4B5C000,179/C4C45AF8,3,1.0003044605255127,6283092,6281179.628749391,5.990199688672439,4037,4035.7712669592124,4034,4032.772180062785,0.0,0.0,5421453.38145444,0.0,streaming,179/C4B59FD0,179/C4B59FD0,179/C4B59FD0,8240,8240,802464,8240,0.112990,0.112990,0.112990,-1076880.1325089422,True,133231440,reserved,11.3,37.6,0.0,13922161.251469105,0.0,21.993303907134674,5446490.758561448,238742.3123901076,1003.68,1
2026-09-13T22:00:40.767971+00:00,1789336840.7679715,F_lat_northeurope_rep2,r3-pub,F01,load,16,1,1000,6,99.5,2294550283,22050250,804238724729,60320,1789156079.537691,5971100.153,192964.18600000002,87119766,85002632,429664879,8080,22023,16055198,4840519003,11084516.447,789826.275,179/C520D7E0,179/C5250D90,5,1.0005154609680176,6308513,6305262.883090677,6.013167269793202,4044,4041.916549782603,4041,4038.9180953688174,0.0,0.0,7014848.119597776,0.0,streaming,179/C520BD50,179/C5101DD0,179/C5101D08,6800,1096208,1646176,1096408,0.112465,0.112465,0.112465,1087607.3808466457,True,140249904,reserved,5.8,37.6,0.0,15421682.724494372,0.0,23.98763531028251,7052657.630270804,213540.9279865487,1003.67,1
2026-09-13T22:00:41.771356+00:00,1789336841.7713563,F_lat_northeurope_rep2,r3-pub,F01,load,16,1,1000,6,99.5,2294574805,22050250,804244995826,60320,1789156079.537691,5971133.707,192964.18600000002,87123812,85002632,429668922,8080,22023,16055198,4840564271,11084516.447,789834.852,179/C583E000,179/C5856AD0,1,1.0033848285675049,6271097,6249942.017713196,5.960409181321331,4046,4032.3511825231835,4043,4029.3613027536408,0.0,0.0,6468250.082339532,0.0,streaming,179/C5839E08,179/C5735C20,179/C5735BE0,16888,1082336,1942808,1082400,0.112555,0.112555,0.112555,-13960.745270584466,True,146740048,reserved,4.4,37.6,0.0,14908130.533880828,0.0,26.908917925883824,6510956.528341088,247117.54945905917,1003.67,1
2026-09-13T22:00:42.771483+00:00,1789336842.7714832,F_lat_northeurope_rep2,r3-pub,F01,load,16,1,1000,6,99.5,2294599413,22050251,804251300910,60320,1789156079.537691,5971163.51,192964.18600000002,87127868,85002632,429672975,8080,22023,16055198,4840609207,11084516.447,789843.716,179/C5D6A000,179/C5E5B288,1,1.000126838684082,6305084,6304284.372866067,6.012234089723651,4056,4055.485607542226,4053,4052.48598801002,0.0,0.0,5422416.227861113,0.0,streaming,179/C5D67F68,179/C5D67F68,179/C5D67F68,8344,8344,1172976,8344,0.113300,0.113300,0.113300,-1073919.7854276067,True,152163152,reserved,1.6,37.6,0.0,5430607.1889303895,0.0,10.998604951421223,5471215.038284214,231473.64018807886,1003.66,1
2026-09-13T22:00:43.772583+00:00,1789336843.7725832,F_lat_northeurope_rep2,r3-pub,F01,load,16,1,1000,6,99.5,2294624040,22050251,804257610322,60320,1789156079.537691,5971204.342,192964.18600000002,87131922,85002632,429677025,8080,22023,16055198,4840654329,11084516.447,789852.482,179/C641C000,179/C6463748,1,1.0011000633239746,6309412,6302478.874140433,6.01051223196071,4054,4049.5452437985214,4050,4045.549639216579,0.0,0.0,7012829.443531881,0.0,streaming,179/C6419CA0,179/C6311FE0,179/C6311B18,9056,1089568,2028776,1090792,0.112815,0.277143,0.112815,1081258.5471285698,True,159183696,reserved,7.3,37.6,0.0,15416768.578312794,0.0,21.975825200682653,7056364.552155579,219071.00801873245,1003.65,1
2026-09-13T22:00:44.772922+00:00,1789336844.7729223,F_lat_northeurope_rep2,r3-pub,F01,load,16,1,1000,6,99.5,2294648665,22050251,804263905963,60320,1789156079.537691,5971235.878,192964.18600000002,87135975,85002632,429681076,8080,22023,16055198,4840699444,11084516.447,789861.901,179/C6A50C40,179/C6A67680,1,1.0003390312194824,6295641,6293507.304543719,6.001956276458472,4053,4051.626372170156,4051,4049.6270500027886,0.0,0.0,6505378.473602899,0.0,streaming,179/C6A4FF00,179/C6946000,179/C6945AC0,3392,1092672,2358584,1094016,0.112364,0.284677,0.112364,3222.907333796344,True,165691280,reserved,2.7,37.6,0.0,15027225.301480602,0.0,27.99051034314443,6557462.81538499,244618.06683849232,1003.65,1
2026-09-13T22:00:45.773406+00:00,1789336845.7734063,F_lat_northeurope_rep2,r3-pub,F01,load,16,1,1000,6,99.5,2294673300,22050251,804270187402,60320,1789156079.537691,5971263.08,192964.18600000002,87140028,85002632,429685125,8080,22023,16055198,4840744459,11084516.447,789871.715,179/C6F78000,179/C70696D0,1,1.0004839897155762,6281439,6278400.318815423,5.987549132171081,4053,4051.039338622712,4049,4047.0412736450435,0.0,0.0,5400969.9860726055,0.0,streaming,179/C6F75E40,179/C6F75E40,179/C6F75238,8640,8640,1610880,11720,0.112538,0.112538,0.112538,-1081772.4332677047,True,171094864,reserved,6.0,37.6,0.0,5412292.506089362,0.0,9.995162444171507,5450297.112250836,247186.3643418279,1003.64,1
2026-09-13T22:00:46.774244+00:00,1789336846.7742448,F_lat_northeurope_rep2,r3-pub,F01,load,16,1,1000,6,99.5,2294697892,22050251,804276469903,60320,1789156079.537691,5971300.833,192964.18600000002,87144079,85002632,429689174,8080,22023,16055198,4840789168,11084516.447,789882.541,179/C7638000,179/C7669A00,1,1.0008385181427002,6282501,6277237.422535168,5.986440107855957,4051,4047.606008927012,4049,4045.6076845582506,0.0,0.0,7071958.034883336,0.0,streaming,179/C7635FF0,179/C752DFB8,179/C752D460,8208,1089608,2493376,1092512,0.113724,0.283788,0.113724,1079886.495581398,True,178172752,reserved,6.4,37.6,0.0,15478093.337921746,0.0,23.97989242514152,7144839.922098632,231999.46424013792,1003.64,1
2026-09-13T22:00:47.774861+00:00,1789336847.774844,F_lat_northeurope_rep2,r3-pub,F01,load,16,1,1000,6,99.5,2294722455,22050251,804282751898,60320,1789156079.537691,5971346.25,192964.18600000002,87148132,85002632,429693224,8080,22023,16055198,4840834172,11084516.447,789891.518,179/C7C68000,179/C7C69498,1,1.0005991458892822,6281995,6278233.422253103,5.9873899672060995,4053,4050.5731157684504,4050,4047.5749121298354,0.0,0.0,6484179.030788333,0.0,streaming,179/C7B91798,179/C7B5FE38,179/C7B5F328,878696,1081800,2798328,1084632,0.113107,0.113107,0.113107,-7875.281557427927,True,184660816,reserved,5.0,37.6,0.0,14875951.135028284,0.0,20.987425470302853,5834607.219069119,244368.58756529054,1003.63,1
2026-09-13T22:00:48.775553+00:00,1789336848.7755532,F_lat_northeurope_rep2,r3-pub,F01,load,16,1,1000,6,99.5,2294747049,22050252,804289056501,60320,1789156079.537691,5971382.802,192964.18600000002,87152191,85002632,429697280,8080,22023,16055198,4840879409,11084516.447,789900.107,179/C8214000,179/C8274AA8,1,1.0007092952728271,6304603,6300134.344491276,6.0082763142502555,4059,4056.1230111222058,4056,4053.1251374997946,0.0,0.0,5943176.532979581,0.0,streaming,179/C8211FD8,179/C8101C38,179/C8101660,8232,1123272,1556328,1124768,0.112311,0.112311,0.112311,40107.55190303051,True,190608208,reserved,1.9,37.6,0.0,14399514.492439507,0.0,20.985115356877635,6693922.0327455,210316.82327145754,1003.63,1
2026-09-13T22:00:49.775990+00:00,1789336849.7759907,F_lat_northeurope_rep2,r3-pub,F01,load,16,1,1000,6,99.5,2294771847,22050252,804295394678,60320,1789156079.537691,5971419.966,192964.18600000002,87156282,85002632,429701368,8080,22023,16055198,4840924846,11084516.447,789909.792,179/C8852000,179/C8883298,1,1.0004374980926514,6338177,6335405.272277205,6.041913292195516,4091,4089.2109779966772,4088,4086.2122899169926,0.0,0.0,6542545.648757584,0.0,streaming,179/C884FE20,179/C8747BC8,179/C8747BC8,8672,1090616,1907848,1090616,0.112785,0.112785,0.112785,-34137.065099130414,True,5750024,reserved,4.3,37.6,0.0,6628524.033378303,0.0,26.988192717162136,6619616.930218946,243055.6636107622,1003.62,1
2026-09-13T22:00:50.776346+00:00,1789336850.7763464,F_lat_northeurope_rep2,r3-pub,F01,load,16,1,1000,6,99.5,2294796678,22050252,804301738910,60320,1789156079.537691,5971454.122,192964.18600000002,87160378,85002632,429705461,8080,22023,16055198,4840970456,11084516.447,789918.984,179/C8E95610,179/C8E95610,1,1.0003557205200195,6344232,6341976.028989017,6.048179654110925,4096,4094.543486861611,4093,4091.5445536436946,0.0,0.0,6565104.657557231,0.0,streaming,179/C8DCBBA8,179/C8D83FE8,179/C8D83550,825960,1119784,2300656,1122496,0.113660,0.284148,0.113660,31868.66366238969,True,12317464,reserved,5.4,37.6,0.0,14961461.900992326,0.0,17.993599307497313,5968790.7786403345,247972.7909898384,1003.62,1
2026-09-13T22:00:51.776709+00:00,1789336851.776709,F_lat_northeurope_rep2,r3-pub,F01,load,16,1,1000,6,99.5,2294821632,22050252,804308117130,60320,1789156079.537691,5971486.534,192964.18600000002,87164491,85002632,429709571,8080,22023,16055198,4841016186,11084516.447,789929.1,179/C9433D48,179/C94AD2F0,1,1.0003626346588135,6378220,6375907.8748231875,6.0805395839912295,4113,4111.509024327755,4110,4108.510111837362,0.0,0.0,5889760.1688306825,0.0,streaming,179/C9431EE8,179/C9325D38,179/C9324C10,7776,1105936,2353272,1110328,0.113220,0.113220,0.113220,-12163.589061030905,True,18209360,reserved,4.1,37.6,0.0,8361000.011613449,0.0,47.98259984627576,6604703.905452682,222183.42858817993,1003.61,1
2026-09-13T22:00:52.777215+00:00,1789336852.777216,F_lat_northeurope_rep2,r3-pub,F01,load,16,1,1000,6,99.5,2294846606,22050252,804314493968,60320,1789156079.537691,5971519.529,192964.18600000002,87168600,85002632,429713677,8080,22023,16055198,4841061992,11084516.447,789937.991,179/C9A7C000,179/C9AC5968,1,1.00050687789917,6376838,6373607.359291588,6.078345641414249,4109,4106.918293883134,4106,4103.919813746446,0.0,0.0,6583726.854363352,0.0,streaming,179/C9A79CE0,179/C9969D90,179/C99691E8,8992,1122928,1716736,1125912,0.113423,0.113423,0.113423,15576.104816713254,True,24796424,reserved,2.5,37.6,0.0,10664674.312289255,0.0,33.982774882459616,6635088.820118053,241395.64188417298,1003.61,1
2026-09-13T22:00:53.778114+00:00,1789336853.778114,F_lat_northeurope_rep2,r3-pub,F01,load,16,1,1000,6,99.5,2294871506,22050252,804320851477,60320,1789156079.537691,5971553.666,192964.18600000002,87172698,85002632,429717772,8080,22023,16055198,4841107292,11084516.447,789948.0,179/CA0C4000,179/CA0DB780,1,1.0008981227874756,6357509,6351804.299816749,6.057552623574018,4098,4094.3227953981723,4095,4091.325487348832,0.0,0.0,6580457.940771368,0.0,streaming,179/C9FFFFF8,179/C9FB3C98,179/C9FB36C8,802824,1114984,1826208,1116472,0.113162,0.113162,0.113162,-9431.52932858925,True,31382792,reserved,5.1,37.7,0.0,6625473.51126172,0.0,13.987437563585752,5844747.698904568,260390.13768371235,1003.6,1
2026-09-13T22:00:54.778689+00:00,1789336854.7786894,F_lat_northeurope_rep2,r3-pub,F01,load,16,1,1000,6,99.5,2294896409,22050253,804327226229,60320,1789156079.537691,5971588.629,192964.18600000002,87176803,85002632,429721874,8080,22023,16055198,4841152640,11084516.447,789957.575,179/CA646000,179/CA6EFFB8,1,1.000575304031372,6374752,6371086.68814409,6.075941742080774,4105,4102.63973482129,4102,4099.641459741031,0.0,0.0,5772039.322508522,0.0,streaming,179/CA643F58,179/CA643F58,179/CA643988,8360,8360,389208,9848,0.113549,0.113549,0.113549,-1105987.7208055726,True,37158152,reserved,3.7,37.6,0.0,14962272.144516774,0.0,31.981600856097753,6614055.906972998,251855.10674176982,1003.59,1
2026-09-13T22:00:55.778820+00:00,1789336855.7788203,F_lat_northeurope_rep2,r3-pub,F01,load,16,1,1000,6,99.5,2294921167,22050253,804333574469,60320,1789156079.537691,5971626.716,192964.18600000002,87180883,85002632,429725951,8080,22023,16055198,4841197694,11084516.447,789966.508,179/CAC8B6E0,179/CAD03E40,1,1.0001308917999268,6348240,6347409.176188057,6.053361107051904,4080,4079.466031348417,4077,4076.466423972425,0.0,0.0,6574979.389113277,0.0,streaming,179/CAC89D20,179/CAB7BBF0,179/CAB7BB28,6592,1112816,1816688,1113016,0.113549,0.113549,0.113549,1103023.6232525907,True,43733992,reserved,4.8,37.6,0.0,15132739.248521939,0.0,34.9954193865673,6614365.233829171,199212.92466172235,1003.59,1
2026-09-13T22:00:56.778928+00:00,1789336856.7788932,F_lat_northeurope_rep2,r3-pub,F01,load,16,1,1000,6,99.5,2294945852,22050253,804339888143,60320,1789156079.537691,5971666.483,192964.18600000002,87184958,85002632,429730023,8080,22023,16055198,4841242900,11084516.447,789975.984,179/CB30E000,179/CB30E1B8,1,1.000072956085205,6313674,6313213.412664348,6.020749485649441,4075,4074.7027256407628,4072,4071.7029444930517,0.0,0.0,6825774.018249134,0.0,streaming,179/CB2A4A88,179/CB203D78,179/CB2037A8,431480,1090184,2580600,1091672,0.113141,0.113141,0.113141,-21342.442938914464,True,50560264,reserved,3.7,37.6,0.0,15231912.739276357,0.0,22.99832213245093,6683702.383239443,260573.98954181676,1003.58,1
2026-09-13T22:00:57.779359+00:00,1789336857.7793598,F_lat_northeurope_rep2,r3-pub,F01,load,16,1,1000,6,99.5,2294970457,22050253,804346182526,60320,1789156079.537691,5971707.07,192964.18600000002,87189022,85002632,429734084,8080,22023,16055198,4841287993,11084516.447,789985.44,179/CB838000,179/CB911B08,1,1.0004665851593018,6294383,6291447.503964124,5.999991897548794,4064,4062.1046822397366,4061,4059.106081342414,0.0,0.0,5412386.660707711,0.0,streaming,179/CB835B80,179/CB835B80,179/CB835B80,9344,9344,1150904,9344,0.112414,0.112414,0.112414,-1081823.2373324728,True,55975176,reserved,10.3,37.7,0.0,5412386.660707711,0.0,9.9953363244088,5683488.168767386,229347.98963172216,1003.58,1
2026-09-13T22:00:58.780036+00:00,1789336858.7800364,F_lat_northeurope_rep2,r3-pub,F01,load,16,1,1000,6,99.5,2294995074,22050253,804352475101,60320,1789156079.537691,5971750.493,192964.18600000002,87193084,85002632,429738143,8080,22023,16055198,4841333379,11084516.447,789995.289,179/CBE6A000,179/CBF12808,1,1.0006766319274902,6292575,6288320.121835287,5.997009393534934,4062,4059.253379561616,4059,4056.255408084835,0.0,0.0,6491863.397956038,0.0,streaming,179/CBE67DA8,179/CBE67DA8,179/CBE67758,8792,8792,989328,10408,0.113012,0.283654,0.113012,1063.2805504316984,True,62471432,reserved,5.2,37.7,0.0,14874799.235921968,0.0,19.98647651187403,6565886.31168924,243453.2717434864,1003.57,1
2026-09-13T22:00:59.781175+00:00,1789336859.7811759,F_lat_northeurope_rep2,r3-pub,F01,load,16,1,1000,6,99.5,2295019602,22050253,804358729721,60320,1789156079.537691,5971782.736,192964.18600000002,87197131,85002632,429742187,8080,22023,16055198,4841378651,11084516.447,790005.46,179/CC41E000,179/CC512928,4,1.0011394023895264,6254620,6247501.581769163,5.958081800240672,4047,4042.3940865184136,4044,4039.3975008353013,0.0,0.0,5973353.946240167,0.0,streaming,179/CC41BCB0,179/CC41BCB0,179/CC41B6E0,9040,9040,448008,10528,0.113513,0.264528,0.113513,119.86342732448966,True,68451592,reserved,5.6,37.6,0.0,14397419.54576654,0.0,19.977237887414944,6044283.129359434,230677.16588598036,1003.57,1
2026-09-13T22:01:00.781632+00:00,1789336860.7816324,F_lat_northeurope_rep2,r3-pub,F01,load,16,1,1000,6,99.5,2295044142,22050254,804365003596,60320,1789156079.537691,5971815.439,192964.18600000002,87201170,85002632,429746223,8080,22023,16055198,4841423715,11084516.447,790014.505,179/CCA4E000,179/CCB13440,4,1.0004565715789795,6273875,6271011.834225049,5.980502924180078,4039,4037.156748968536,4036,4034.158118058185,0.0,0.0,6485103.086244069,0.0,streaming,179/CCA4BC00,179/CCA4BC00,179/CCA4BC00,9216,9216,1113944,9216,0.114153,0.114153,0.114153,-1311.4012514599453,True,74939656,reserved,4.6,37.7,0.0,6505573.739925395,0.0,15.992698188535918,6540874.622545677,248600.49607897014,1003.56,1
2026-09-13T22:01:01.782791+00:00,1789336861.7827609,F_lat_northeurope_rep2,r3-pub,F01,load,16,1,1000,6,99.5,2295068708,22050254,804371271718,60320,1789156079.537691,5971854.322,192964.18600000002,87205220,85002632,429750269,8080,22023,16055198,4841468309,11084516.447,790022.975,179/CD10C000,179/CD118298,3,1.0011284351348877,6268122,6261056.803521379,5.971009067078952,4050,4045.434989022483,4046,4041.4394976753,0.0,0.0,7061727.298803035,0.0,streaming,179/CD0B94E0,179/CCFFFD90,179/CCFFFD90,338720,1098352,2089784,1098352,0.112723,0.285512,0.112723,1087908.365976294,True,82009352,reserved,3.9,37.7,0.0,15465428.267367018,0.0,21.975202409504845,6971151.507708077,220901.7267302003,1003.56,1
2026-09-13T22:01:02.783082+00:00,1789336862.7830825,F_lat_northeurope_rep2,r3-pub,F01,load,16,1,1000,6,99.5,2295093178,22050254,804377533326,60320,1789156079.537691,5971883.508,192964.18600000002,87209258,85002632,429754305,8080,22023,16055198,4841513162,11084516.447,790032.131,179/CD632000,179/CD71A208,2,1.000321626663208,6261608,6259594.74742835,5.969614741733885,4038,4036.7016891053668,4036,4034.7023321518723,0.0,0.0,5396792.24771734,0.0,streaming,179/CD62FF90,179/CD62FF90,179/CD62F890,8304,8304,595848,10096,0.112925,0.285218,0.112925,-1087906.1003910475,True,87407880,reserved,1.8,37.6,0.0,13782703.115187075,0.0,17.994212581450373,5610896.3861177275,242046.15150394946,1003.55,1
2026-09-13T22:01:03.786125+00:00,1789336863.7861254,F_lat_northeurope_rep2,r3-pub,F01,load,16,1,1000,6,99.5,2295117723,22050254,804383801006,60320,1789156079.537691,5971918.898,192964.18600000002,87213311,85002632,429758355,8080,22023,16055198,4841557848,11084516.447,790042.246,179/CDC5E000,179/CDD1E780,1,1.0030429363250732,6267680,6248665.708133481,5.959191997655374,4053,4040.7043938211586,4050,4037.7134949360207,0.0,0.0,6452046.832322851,0.0,streaming,179/CDC5BBD8,179/CDC5BBD8,179/CDC5AA60,9256,9256,980224,13728,0.112875,0.286932,0.112875,3620.9815836068215,True,93879560,reserved,6.0,37.6,0.0,14974465.654511325,0.0,26.91808996624014,6531206.953115793,252629.26523204884,1003.54,1
2026-09-13T22:01:04.786880+00:00,1789336864.786881,F_lat_northeurope_rep2,r3-pub,F01,load,16,1,1000,6,99.5,2295142159,22050254,804390047782,60320,1789156079.537691,5971968.498,192964.18600000002,87217347,85002632,429762388,8080,22023,16055198,4841603485,11084516.447,790052.695,179/CE53C000,179/CE57E2A0,2,1.0007555484771729,6246776,6242059.821207665,5.952892132957139,4036,4032.952908571419,4033,4029.955173505583,0.0,0.0,9290900.274446078,0.0,streaming,179/CE539FD8,179/CE433FD8,179/CE4338D0,8232,1081384,2278920,1083184,0.094701,0.154698,0.094701,1068648.5841895826,True,7611280,reserved,5.8,37.7,0.0,9417780.41035261,0.0,30.976595680305746,6951748.616918799,230660.72464075408,1003.54,1
2026-09-13T22:01:05.787728+00:00,1789336865.7877285,F_lat_northeurope_rep2,r3-pub,F01,load,16,1,1000,6,99.5,2295166672,22050254,804396324648,60320,1789156079.537691,5972002.423,192964.18600000002,87221397,85002632,429766435,8080,22023,16055198,4841649168,11084516.447,790063.853,179/CEB65F98,179/CEB952E0,2,1.000847578048706,6276866,6271550.3715737,5.981016513417911,4050,4046.570215912445,4047,4043.5727564932504,0.0,0.0,6457910.416890134,0.0,streaming,179/CEB63B80,179/CEA5BCE8,179/CEA5B718,9240,1090224,2070584,1091712,0.112496,0.112496,0.112496,8520.777975629959,True,14074664,reserved,11.8,37.9,0.0,14970479.350324059,0.0,24.9788284932867,6352362.876668321,217165.93492063455,1003.54,1
2026-09-13T22:01:06.788212+00:00,1789336866.7882125,F_lat_northeurope_rep2,r3-pub,F01,load,16,1,1000,6,99.5,2295231558,22050256,804405048093,60320,1789156079.537691,5972035.775,192964.18600000002,87225411,85002632,429770489,8093,22074,16055198,4841806364,11084516.447,790073.893,179/CF10E000,179/CF196678,1,1.0004839897155762,8723445,8719224.984779572,8.315300926951954,4014,4012.058205090443,4054,4052.0388548671294,12.993711177422961,50.97532846527469,5928242.791457496,0.0,streaming,179/CF10BBA0,179/CEFFFEC8,179/CEFFFEC8,9312,1106232,1536432,1106232,0.113045,0.113045,0.113045,14512.97586893703,True,20005776,reserved,9.2,37.7,0.0,14386381.13948413,0.0,21.989357377177317,5850130.596956296,216027.44493836764,1003.53,1
2026-09-13T22:01:07.788474+00:00,1789336867.788474,F_lat_northeurope_rep2,r3-pub,F01,load,16,1,1000,6,99.5,2295254761,22050256,804410965623,60320,1789156079.537691,5972063.452,192964.18600000002,87229240,85002632,429774315,8093,22074,16055198,4841848747,11084516.447,790082.533,179/CF65E000,179/CF73F918,1,1.0002615451812744,5917530,5915982.703231467,5.641920760375468,3829,3827.9988053585344,3826,3824.999589788914,0.0,0.0,5569103.427834431,0.0,streaming,179/CF65BF28,179/CF65BF28,179/CF65BF28,8408,8408,914784,8408,0.112910,0.112910,0.112910,-1097536.9445008952,True,25576336,reserved,5.0,37.6,0.0,14037416.58133561,0.0,27.992678649788186,5641618.461876707,235876.30768834733,1003.53,1
2026-09-13T22:01:08.788861+00:00,1789336868.7888613,F_lat_northeurope_rep2,r3-pub,F01,load,16,1,1000,6,99.5,2295276451,22050256,804416497119,60320,1789156079.537691,5972105.118,192964.18600000002,87232817,85002632,429777889,8093,22074,16055198,4841888516,11084516.447,790090.393,179/CFC9A000,179/CFCDE5D8,1,1.000387191772461,5531496,5529355.079206316,5.2732039253295095,3577,3575.6155510771396,3574,3572.6167122028787,0.0,0.0,6534685.823413557,0.0,streaming,179/CFC97BE0,179/CFB8FFD8,179/CFB8EEB0,9248,1089576,2309888,1093968,0.114306,0.295645,0.114306,1085139.8427809058,True,32113552,reserved,9.4,37.6,0.0,6542874.652766205,0.0,11.9953554970438,6614898.765622289,217189.90585539123,1003.52,1
2026-09-13T22:01:09.789766+00:00,1789336869.7897663,F_lat_northeurope_rep2,r3-pub,F01,load,16,1,1000,6,99.5,2295299273,22050256,804422327920,60320,1789156079.537691,5972143.984,192964.18600000002,87236576,85002632,429781645,8093,22074,16055198,4841930449,11084516.447,790099.772,179/D0217AE8,179/D026F5E8,1,1.0009050369262695,5830801,5825528.681428265,5.555657082966103,3759,3755.601042376313,3756,3752.6037550320384,0.0,0.0,5752465.8060284415,0.0,streaming,179/D0215C90,179/D0107CA0,179/D0106748,7768,1113672,1162096,1119136,0.101568,0.153385,0.101568,25145.242626902647,True,37871224,reserved,2.3,37.6,0.0,14208452.825527739,0.0,21.980107191348466,5801709.238903313,211704.39970081704,1003.51,1
2026-09-13T22:01:10.790092+00:00,1789336870.790069,F_lat_northeurope_rep2,r3-pub,F01,load,16,1,1000,6,99.5,2295322061,22050256,804428152908,60320,1789156079.537691,5972173.026,192964.18600000002,87240337,85002632,429785404,8093,22074,16055198,4841972226,11084516.447,790108.88,179/D074FBC8,179/D0801DA8,1,1.000302791595459,5824988,5823224.7764792135,5.553459907988752,3761,3759.861545523926,3759,3757.862150923807,0.0,0.0,5470823.480629826,0.0,streaming,179/D074DC80,179/D074DC80,179/D074DC80,8008,8008,427040,8008,0.112186,0.112186,0.112186,-1110791.6616205554,True,43343704,reserved,3.9,37.6,0.0,13889426.398420813,0.0,19.99394600119078,5531308.166375328,250666.10041152893,1003.51,1
2026-09-13T22:01:11.790634+00:00,1789336871.790634,F_lat_northeurope_rep2,r3-pub,F01,load,16,1,1000,6,99.5,2295345027,22050256,804434015054,60320,1789156079.537691,5972207.907,192964.18600000002,87244132,85002632,429789196,8093,22074,16055198,4842014797,11084516.447,790117.954,179/D0D86000,179/D0D9D0B0,1,1.0005648136138916,5862146,5858836.84918601,5.5874222270832155,3795,3792.857742311588,3792,3789.859435795927,0.0,0.0,6510043.039064516,0.0,streaming,179/D0D83FE0,179/D0C75F90,179/D0C75AC8,8224,1114224,2560448,1115448,0.113682,0.113682,0.113682,1106814.8559013295,True,49857424,reserved,5.0,37.6,0.0,6603118.468794686,0.0,21.987581114849785,6592814.288735863,217327.25061018573,1003.51,1
2026-09-13T22:01:12.790923+00:00,1789336872.7909234,F_lat_northeurope_rep2,r3-pub,F01,load,16,1,1000,6,99.5,2295365282,22050256,804439188360,60320,1789156079.537691,5972253.388,192964.18600000002,87247478,85002632,429792537,8093,22074,16055198,4842051663,11084516.447,790125.561,179/D131A000,179/D1349450,1,1.0002894401550293,5173306,5171809.070780771,4.932221480160495,3346,3345.03181347333,3341,3340.0332602553485,0.0,0.0,5847395.528931589,0.0,streaming,179/D1309FE8,179/D1205F90,179/D12054C0,65560,1130608,2217504,1133376,0.109840,0.109840,0.109840,17922.81241839506,True,55706512,reserved,1.4,37.6,0.0,14249955.490673618,0.0,20.993923515522994,5846806.69936251,215928.50162101557,1003.5,1
2026-09-13T22:01:13.791306+00:00,1789336873.7913067,F_lat_northeurope_rep2,r3-pub,F01,load,16,1,1000,6,99.5,2295388877,22050257,804445229091,60320,1789156079.537691,5972286.118,192964.18600000002,87251372,85002632,429796429,8093,22074,16055198,4842094471,11084516.447,790134.217,179/D182E000,179/D1917648,1,1.0003833770751953,6040731,6038416.009731377,5.758682260257126,3894,3892.5077017821154,3892,3890.5084682424226,0.0,0.0,5322759.376078431,0.0,streaming,179/D182BCE0,179/D182BCE0,179/D182B758,8992,8992,1357856,10408,0.112400,0.112400,0.112400,-1122537.6448009396,True,61031312,reserved,10.3,37.6,65510.88462865761,13708152.608546605,1.9992335396929202,16.99348508738982,5445104.471773478,239560.15812724386,1003.49,1
2026-09-13T22:01:14.791819+00:00,1789336874.7918198,F_lat_northeurope_rep2,r3-pub,F01,load,16,1,1000,6,99.5,2295412708,22050257,804451326558,60320,1789156079.537691,5972329.009,192964.18600000002,87255307,85002632,429800361,8093,22074,16055198,4842138122,11084516.447,790142.726,179/D1E4BFD8,179/D1EF2C30,1,1.0005130767822266,6097467,6094340.135573446,5.812015662740179,3935,3932.9820782107568,3932,3929.9836166517653,0.0,0.0,6411006.661331371,0.0,streaming,179/D1E49B78,179/D1D43F98,179/D1D43EC8,9312,1081408,1609304,1081616,0.112400,0.284307,0.112400,1070658.6698947875,True,67445608,reserved,1.8,37.6,0.0,14819916.245060118,0.0,18.990256540280654,6476268.177162825,244452.5770583559,1003.49,1
2026-09-13T22:01:15.792320+00:00,1789336875.7923205,F_lat_northeurope_rep2,r3-pub,F01,load,16,1,1000,6,99.5,2295437089,22050257,804457550362,60320,1789156079.537691,5972362.93,192964.18600000002,87259330,85002632,429804381,8093,22074,16055198,4842182625,11084516.447,790151.755,179/D2412000,179/D24EBEF0,1,1.0005006790161133,6223804,6220689.431335973,5.932511741004918,4023,4020.986776297039,4020,4017.9882775824253,0.0,0.0,6050898.442121398,0.0,streaming,179/D240FFD0,179/D240FFD0,179/D240EE18,8240,8240,445624,12776,0.113114,0.113114,0.113114,-1068305.122042587,True,73499536,reserved,5.2,37.6,0.0,6214616.471939308,0.0,18.99049185922042,6114833.431213963,230702.49210323888,1003.49,1
2026-09-13T22:01:16.793651+00:00,1789336876.793651,F_lat_northeurope_rep2,r3-pub,F01,load,16,1,1000,6,99.5,2295461613,22050257,804463807117,60320,1789156079.537691,5972398.073,192964.18600000002,87263375,85002632,429808423,8093,22074,16055198,4842227425,11084516.447,790161.658,179/D2A42000,179/D2AECBD8,1,1.0013306140899658,6256755,6248440.73671541,5.958977448192034,4045,4039.6248182985964,4042,4036.628804836323,0.0,0.0,6479442.362697074,0.0,streaming,179/D2A3FFC8,179/D2A3FFC8,179/D2A3FAC0,8248,8248,761648,9536,0.112514,0.112514,0.112514,-3235.6945392552416,True,79987600,reserved,5.7,37.6,0.0,9306017.282282729,0.0,98.86844425502127,6565009.505850756,244603.5271003849,1003.48,1
2026-09-13T22:01:17.794098+00:00,1789336877.7940981,F_lat_northeurope_rep2,r3-pub,F01,load,16,1,1000,6,99.5,2295486532,22050257,804470162244,60320,1789156079.537691,5972437.159,192964.18600000002,87267486,85002632,429812532,8093,22074,16055198,4842273235,11084516.447,790170.854,179/D3108000,179/D31086F0,1,1.0004470348358154,6355127,6352287.306286981,6.058013254439336,4111,4109.163060965702,4109,4107.163954635872,0.0,0.0,7099290.369895088,0.0,streaming,179/D30699A8,179/D2F70D68,179/D2F70D68,648792,1667736,1692848,1667736,0.112685,0.112685,0.112685,1657459.0580621085,True,87090064,reserved,5.4,37.7,0.0,10055280.939136295,0.0,37.98302026677127,6695256.986892123,226693.660036905,1003.47,1
2026-09-13T22:01:18.794240+00:00,1789336878.7941918,F_lat_northeurope_rep2,r3-pub,F01,load,16,1,1000,6,99.5,2295511559,22050257,804476560970,60320,1789156079.537691,5972467.079,192964.18600000002,87271614,85002632,429816657,8093,22074,16055198,4842319071,11084516.447,790182.598,179/D3646000,179/D3727118,1,1.000093698501587,6398726,6398126.505133506,6.101728921063906,4128,4127.613248823455,4125,4124.613529892624,0.0,0.0,5496317.003332541,0.0,streaming,179/D3643D70,179/D3643D70,179/D3643D70,8848,8848,1426608,8848,0.112758,0.266386,0.112758,-1658732.5792427915,True,92586896,reserved,4.1,37.6,0.0,14547628.908969587,0.0,29.99718930830999,6046417.459744053,248104.7529564114,1003.47,1
2026-09-13T22:01:19.795033+00:00,1789336879.7950337,F_lat_northeurope_rep2,r3-pub,F01,load,16,1,1000,6,99.5,2295536728,22050258,804483005270,60320,1789156079.537691,5972504.257,192964.18600000002,87275770,85002632,429820810,8093,22074,16055198,4842364741,11084516.447,790192.233,179/D3C8A000,179/D3D503E0,1,1.0008418560028076,6444300,6438879.390733557,6.140593901380116,4156,4152.504189421452,4153,4149.506712865084,0.0,0.0,6564457.671903731,0.0,streaming,179/D3C87DB0,179/D3C87DB0,179/D3C87DB0,8784,8784,1133976,8784,0.109478,0.124718,0.109478,-63.946166535845265,True,4645848,reserved,5.0,37.7,0.0,6629938.5464364365,0.0,21.98149474669681,6622449.850839778,246260.6839649486,1003.46,1
2026-09-13T22:01:20.795604+00:00,1789336880.7956045,F_lat_northeurope_rep2,r3-pub,F01,load,16,1,1000,6,99.5,2295561848,22050258,804489422187,60320,1789156079.537691,5972545.683,192964.18600000002,87279922,85002632,429824959,8093,22074,16055198,4842410794,11084516.447,790203.231,179/D4329D68,179/D4373738,1,1.0005707740783691,6416917,6413256.4794436,6.116157988971329,4152,4149.631497906211,4149,4146.633209251654,0.0,0.0,6942189.578141673,0.0,streaming,179/D4327EA8,179/D4219E40,179/D4219788,7872,1113896,1888056,1115616,0.114124,0.285606,0.114124,1106200.6093666973,True,11592000,reserved,3.3,37.7,0.0,15490422.468392055,0.0,27.984027442527434,7032263.166472307,233015.0010775138,1003.46,1
2026-09-13T22:01:21.796870+00:00,1789336881.7968702,F_lat_northeurope_rep2,r3-pub,F01,load,16,1,1000,6,99.5,2295586957,22050258,804495836532,60320,1789156079.537691,5972584.392,192964.18600000002,87284073,85002632,429829107,8093,22074,16055198,4842456960,11084516.447,790213.17,179/D497D3C8,179/D4996260,1,1.0012657642364502,6414345,6406236.21530841,6.10946294337121,4151,4145.752454809526,4148,4142.756247301834,0.0,0.0,6624670.728713336,0.0,streaming,179/D497BEF0,179/D486DB80,179/D486DB80,5336,1112136,1293248,1112136,0.113864,0.113864,0.113864,-3475.600708922465,True,18225056,reserved,5.8,37.6,0.0,15013316.6806751,0.0,19.974716717945203,6709007.977639845,252041.97428286844,1003.45,1
2026-09-13T22:01:22.797357+00:00,1789336882.7973573,F_lat_northeurope_rep2,r3-pub,F01,load,16,1,1000,6,99.5,2295612077,22050258,804502248241,60320,1789156079.537691,5972618.21,192964.18600000002,87288220,85002632,429833251,8093,22074,16055198,4842503260,11084516.447,790222.45,179/D4EC2000,179/D4FBE0C8,5,1.0004870891571045,6411709,6408587.446542433,6.1117052522110304,4147,4144.981024686472,4144,4141.982485242522,0.0,0.0,5521846.3685067035,0.0,streaming,179/D4EBFC10,179/D4EBFC10,179/D4EBF560,9200,9200,944376,10912,0.112723,0.112723,0.112723,-1100687.8668746888,True,23749592,reserved,2.1,37.7,0.0,5535095.914796369,0.0,9.99513147983234,5584605.799068571,238452.85220121214,1003.45,1
2026-09-13T22:01:23.798286+00:00,1789336883.7982726,F_lat_northeurope_rep2,r3-pub,F01,load,16,1,1000,6,99.5,2295637063,22050258,804508636469,60320,1789156079.537691,5972659.002,192964.18600000002,87292343,85002632,429837371,8093,22074,16055198,4842549221,11084516.447,790231.821,179/D553E000,179/D55E92A0,3,1.000915288925171,6388228,6382386.272528592,6.086717865494339,4123,4119.229714661935,4120,4116.232458017747,0.0,0.0,6793142.312074648,0.0,streaming,179/D553BB58,179/D542FF88,179/D542FF88,9384,1106040,1562872,1106040,0.113252,0.285598,0.113252,1094126.5580786553,True,30548952,reserved,3.9,37.7,0.0,15198632.85966581,0.0,22.978967605438882,6874386.949757547,269389.4308373964,1003.44,1
2026-09-13T22:01:24.802001+00:00,1789336884.8020017,F_lat_northeurope_rep2,r3-pub,F01,load,16,1,1000,6,99.5,2295662125,22050258,804515033002,60320,1789156079.537691,5972710.376,192964.18600000002,87296474,85002632,429841499,8093,22074,16055198,4842595191,11084516.447,790241.997,179/D5B8A000,179/D5C048B8,1,1.0037291049957275,6396533,6372768.277977978,6.077545431116083,4131,4115.65230044573,4128,4112.663446197041,0.0,0.0,6578221.12274816,0.0,streaming,179/D5B87CA8,179/D5A7DF60,179/D5A7DF60,9048,1097888,2010160,1097888,0.113548,0.113548,0.113548,-8121.713278439504,True,37151704,reserved,5.0,37.7,0.0,14935663.343212321,0.0,17.93312549213826,6641772.134353299,188674.41330278662,1003.44,1
2026-09-13T22:01:25.803040+00:00,1789336885.8030405,F_lat_northeurope_rep2,r3-pub,F01,load,16,1,1000,6,99.5,2295686930,22050259,804521372899,60320,1789156079.537691,5972746.398,192964.18600000002,87300568,85002632,429845590,8093,22074,16055198,4842640814,11084516.447,790251.914,179/D6109590,179/D62139D8,1,1.0010387897491455,6339897,6333318.014168803,6.039922727745822,4094,4089.751607953107,4091,4086.7547210884613,0.0,0.0,5758514.114567477,0.0,streaming,179/D6107CD8,179/D6107CD8,179/D6107C08,6328,6328,18728,6536,0.113418,0.284742,0.113418,-1090219.4911682557,True,42916200,reserved,4.3,37.6,0.0,15368611.244180942,0.0,35.96264237574789,5940705.855654458,258235.747352787,1003.43,1
2026-09-13T22:01:26.803588+00:00,1789336886.8035886,F_lat_northeurope_rep2,r3-pub,F01,load,16,1,1000,6,99.5,2295711680,22050259,804527690593,60320,1789156079.537691,5972782.809,192964.18600000002,87304654,85002632,429849673,8093,22074,16055198,4842686242,11084516.447,790262.352,179/D6728000,179/D681A7C8,1,1.0005481243133545,6317694,6314233.015364094,6.021721854557127,4086,4083.7615909820397,4083,4080.7632344541526,0.0,0.0,6413492.608767615,0.0,streaming,179/D6725C30,179/D6725C30,179/D6725C30,9168,9168,1283088,9168,0.112695,0.272044,0.112695,2630.558127132826,True,49333208,reserved,2.5,37.7,0.0,5346445.483240612,0.0,10.99397393558552,6375290.548245807,248118.00049134978,1003.42,1
2026-09-13T22:01:27.804694+00:00,1789336887.8046944,F_lat_northeurope_rep2,r3-pub,F01,load,16,1,1000,6,99.5,2295736309,22050259,804533981066,60320,1789156079.537691,5972817.594,192964.18600000002,87308723,85002632,429853739,8093,22074,16055198,4842731318,11084516.447,790273.155,179/D6D5A000,179/D6E1B998,1,1.001105785369873,6290473,6283524.770237836,5.992436189878307,4069,4064.5055292499874,4066,4061.5088429418647,0.0,0.0,6489080.469752619,0.0,streaming,179/D6D57DE0,179/D6D57DE0,179/D6D57CD8,8736,8736,1124384,9000,0.113403,0.113403,0.113403,-167.81443325485324,True,55829464,reserved,4.5,37.7,0.0,14884788.618511997,0.0,18.97901328477507,6564721.826646808,250304.21725853797,1003.42,1
2026-09-13T22:01:28.805399+00:00,1789336888.8054,F_lat_northeurope_rep2,r3-pub,F01,load,16,1,1000,6,99.5,2295759305,22050259,804539859762,60320,1789156079.537691,5972856.998,192964.18600000002,87312523,85002632,429857536,8093,22074,16055198,4842773495,11084516.447,790282.163,179/D7418000,179/D7419D80,1,1.0007054805755615,5878696,5874551.617943407,5.602408998435409,3800,3797.3210637503535,3797,3794.323178700024,0.0,0.0,7064711.98292411,0.0,streaming,179/D7329E90,179/D7311FA8,179/D7311A58,982768,1080792,2253424,1082152,0.112950,0.283400,0.112950,1072395.4458436368,True,62906712,reserved,1.4,37.6,0.0,15492430.391290706,0.0,23.98308040263381,6352843.192528083,217460.58578078143,1003.41,1
2026-09-13T22:01:29.805758+00:00,1789336889.805758,F_lat_northeurope_rep2,r3-pub,F01,load,16,1,1000,6,99.5,2295783790,22050259,804546114940,60320,1789156079.537691,5972889.17,192964.18600000002,87316569,85002632,429861579,8093,22074,16055198,4842818336,11084516.447,790292.003,179/D793C000,179/D7A129F8,1,1.0003581047058105,6255178,6252938.7931930125,5.963267129128468,4046,4044.551627029467,4043,4041.552700959005,0.0,0.0,5388406.386316241,0.0,streaming,179/D7939EF0,179/D7939EF0,179/D7939E70,8464,8464,422480,8592,0.112984,0.112984,0.112984,-1073175.6907349862,True,68289496,reserved,3.7,37.6,0.0,13774011.461677685,0.0,16.993914399283476,6258112.9403065825,236633.26051585798,1003.41,1
2026-09-13T22:01:30.806220+00:00,1789336890.8062208,F_lat_northeurope_rep2,r3-pub,F01,load,16,1,1000,6,99.5,2295808281,22050259,804552365170,60320,1789156079.537691,5972932.617,192964.18600000002,87320614,85002632,429865621,8093,22074,16055198,4842863616,11084516.447,790302.774,179/D7F64000,179/D800C0F0,1,1.0004627704620361,6250230,6247338.916083308,5.9579266701539115,4045,4043.128959343413,4042,4040.1303470126268,0.0,0.0,6452310.061491643,0.0,streaming,179/D7F5FFF0,179/D7E5BFD8,179/D7E5BFD8,16400,1081384,1515368,1081384,0.113004,0.113004,0.113004,1072295.7731896017,True,74744792,reserved,4.1,37.6,0.0,6640638.908464115,0.0,18.991211428312695,6525021.4128259905,231835.713279849,1003.4,1
2026-09-13T22:01:31.806523+00:00,1789336891.8065238,F_lat_northeurope_rep2,r3-pub,F01,load,16,1,1000,6,99.5,2295832719,22050259,804558600562,60320,1789156079.537691,5972967.762,192964.18600000002,87324649,85002632,429869653,8093,22074,16055198,4842908954,11084516.447,790312.76,179/D852E000,179/D8608630,1,1.000303030014038,6235392,6233503.061479773,5.944731770972989,4035,4033.77764430382,4032,4030.778553118464,0.0,0.0,6068433.082637779,0.0,streaming,179/D852BFF0,179/D852BFF0,179/D852BA60,8208,8208,372800,9632,0.113453,0.113453,0.113453,-1071427.3253625545,True,80815064,reserved,2.9,37.6,0.0,14483163.16686223,0.0,18.994244173921334,6148431.840613027,230870.0394487049,1003.4,1
2026-09-13T22:01:32.807089+00:00,1789336892.807089,F_lat_northeurope_rep2,r3-pub,F01,load,16,1,1000,6,99.5,2295857217,22050260,804564858435,60320,1789156079.537691,5972999.438,192964.18600000002,87328686,85002632,429873687,8093,22074,16055198,4842953991,11084516.447,790322.195,179/D8B5A000,179/D8C02890,1,1.0005652904510498,6257873,6254337.482743362,5.964601023429262,4037,4034.7192117569266,4034,4031.7209066701616,0.0,0.0,6468023.687972025,0.0,streaming,179/D8B57BE0,179/D8B57BE0,179/D8B57BE0,9248,9248,654184,9248,0.112733,0.112733,0.112733,-383.78305110593504,True,87286744,reserved,1.8,37.6,0.0,14860079.738821805,0.0,18.98926554951241,6542621.518530741,244766.6357580704,1003.39,1
2026-09-13T22:01:33.808043+00:00,1789336893.8080437,F_lat_northeurope_rep2,r3-pub,F01,load,16,1,1000,6,99.5,2295881768,22050260,804571121107,60320,1789156079.537691,5973034.543,192964.18600000002,87332739,85002632,429877736,8093,22074,16055198,4842999112,11084516.447,790331.876,179/D910E000,179/D91FF7E8,1,1.0009546279907227,6262672,6256699.179833399,5.966853313287162,4053,4049.1345827890664,4049,4045.1383976592474,0.0,0.0,5974456.616484546,0.0,streaming,179/D910BC98,179/D910BC98,179/D910B790,9064,9064,440760,10352,0.112733,0.112733,0.112733,1102.9470958300344,True,93266904,reserved,4.8,37.7,0.0,6117679.8915372575,0.0,21.97901821400431,6040951.138952169,218521.39336132555,1003.39,1
2026-09-13T22:01:34.808621+00:00,1789336894.8086214,F_lat_northeurope_rep2,r3-pub,F01,load,16,1,1000,6,99.5,2295906280,22050260,804577377335,60320,1789156079.537691,5973066.753,192964.18600000002,87336783,85002632,429881778,8093,22074,16055198,4843044223,11084516.447,790341.071,179/D973C000,179/D97FBCB0,1,1.000577688217163,6256228,6252615.937446491,5.962959229895106,4044,4041.6651776491535,4042,4039.6663323585262,0.0,0.0,6476130.815535058,0.0,streaming,179/D9739FC8,179/D9739FC8,179/D9738F98,8248,8248,752816,12392,0.112686,0.112686,0.112686,2038.822196440226,True,99746776,reserved,3.7,37.7,0.0,14978611.032896826,0.0,27.983834068787413,6557461.831565408,244283.8800808344,1003.38,1
2026-09-13T22:01:35.809774+00:00,1789336895.8097742,F_lat_northeurope_rep2,r3-pub,F01,load,16,1,1000,6,99.5,2295930841,22050260,804583659229,60320,1789156079.537691,5973099.453,192964.18600000002,87340842,85002632,429885834,8093,22074,16055198,4843089237,11084516.447,790350.745,179/D9D6C000,179/D9DFE430,1,1.001152753829956,6281894,6274660.860661197,5.98398290697212,4059,4054.326359760894,4056,4051.32981404045,0.0,0.0,6480593.471055852,0.0,streaming,179/D9D69E28,179/D9C61DE0,179/D9C61348,8664,1090080,2109088,1092792,0.113000,0.113000,0.113000,1079155.9987892755,True,106234840,reserved,14.0,37.7,0.0,14892272.875406126,0.0,21.97466861659021,6554446.336881918,236831.991015301,1003.38,1
2026-09-13T22:01:36.810935+00:00,1789336896.8109353,F_lat_northeurope_rep2,r3-pub,F01,load,16,1,1000,6,99.5,2295955447,22050260,804589951145,60320,1789156079.537691,5973141.347,192964.18600000002,87344903,85002632,429889892,8093,22074,16055198,4843134224,11084516.447,790360.203,179/DA30E000,179/DA4011F8,1,1.0011610984802246,6291916,6284618.938501715,5.993479670049395,4061,4056.2902475582105,4058,4053.2937268138926,0.0,0.0,5899582.004300846,0.0,streaming,179/DA30BFD0,179/DA30BFD0,179/DA30BB08,8240,8240,1146880,9464,0.113144,0.287788,0.113144,-1082071.6083001085,True,112141272,reserved,3.3,37.7,0.0,14331647.545815438,0.0,19.97680496211874,5964365.783952748,228185.0546798013,1003.37,1
2026-09-13T22:01:37.811531+00:00,1789336897.8115315,F_lat_northeurope_rep2,r3-pub,F01,load,16,1,1000,6,99.5,2295980025,22050260,804596226224,60320,1789156079.537691,5973175.768,192964.18600000002,87348964,85002632,429893950,8093,22074,16055198,4843179150,11084516.447,790370.124,179/DA945CB0,179/DAA07FB8,3,1.000596284866333,6275079,6271339.495167395,5.9808154060052825,4061,4058.5799302088135,4058,4055.5817179973815,0.0,0.0,6516098.549047668,0.0,streaming,179/DA943E60,179/DA943E60,179/DA943E60,7760,7760,1156712,7760,0.121192,0.121192,0.121192,-1702.9845360935283,True,118661256,reserved,5.8,37.7,0.0,6590630.107007593,0.0,21.9868895505033,6592832.793578925,251336.13206808513,1003.37,1
2026-09-13T22:01:38.812744+00:00,1789336898.8127441,F_lat_northeurope_rep2,r3-pub,F01,load,16,1,1000,6,99.5,2296004667,22050261,804602525337,60320,1789156079.537691,5973206.875,192964.18600000002,87353035,85002632,429898018,8093,22074,16055198,4843223979,11084516.447,790379.276,179/DAF78000,179/DB00BF70,1,1.0012125968933105,6299113,6291483.966088408,6.000026670540245,4071,4066.069496760244,4068,4063.0731301450924,0.0,0.0,6489235.173588545,0.0,streaming,179/DAF71FE0,179/DAE6FCC8,179/DAE6FCC8,24608,1082168,1457736,1082168,0.113284,0.284376,0.113284,1073106.7540838073,True,125158360,reserved,5.4,37.7,0.0,14899564.833970647,0.0,17.978199690907488,6553976.668253247,258115.01054010226,1003.36,1
2026-09-13T22:01:39.813408+00:00,1789336899.8134086,F_lat_northeurope_rep2,r3-pub,F01,load,16,1,1000,6,99.5,2296029383,22050261,804608829325,60320,1789156079.537691,5973240.259,192964.18600000002,87357112,85002632,429902092,8093,22074,16055198,4843269182,11084516.447,790387.685,179/DB536000,179/DB61BC58,4,1.000664472579956,6303988,6299801.954342186,6.007959322302042,4077,4074.2927441887728,4074,4071.294736282821,0.0,0.0,6017121.787561909,0.0,streaming,179/DB533EF8,179/DB533EF8,179/DB533E90,8456,8456,319776,8560,0.113250,0.284510,0.113250,-1072895.0906311062,True,131179480,reserved,6.4,37.7,0.0,14424719.169638209,0.0,20.986055341664024,6110454.770354038,230642.74422069953,1003.36,1
2026-09-13T22:01:40.813879+00:00,1789336900.813879,F_lat_northeurope_rep2,r3-pub,F01,load,16,1,1000,6,99.5,2296054057,22050261,804615128473,60320,1789156079.537691,5973273.955,192964.18600000002,87361180,85002632,429906157,8093,22074,16055198,4843314283,11084516.447,790396.021,179/DBB70000,179/DBC274A8,2,1.0004703998565674,6299148,6296186.2748793755,6.004511141662002,4068,4066.087313111122,4065,4063.088723647176,0.0,0.0,6525954.192084079,0.0,streaming,179/DBB6DCB0,179/DBB6DCB0,179/DBB6DCB0,9040,9040,631656,9040,0.113009,0.113009,0.113009,479.7743142314008,True,137708504,reserved,2.7,37.7,0.0,9240325.352279652,0.0,63.96990856418678,6592202.029111043,240199.01041995082,1003.35,1
2026-09-13T22:01:41.817817+00:00,1789336901.8168175,F_lat_northeurope_rep2,r3-pub,F01,load,16,1,1000,6,99.5,2296078819,22050261,804621449775,60320,1789156079.537691,5973314.616,192964.18600000002,87365266,85002632,429910240,8093,22074,16055198,4843359873,11084516.447,790404.505,179/DC206000,179/DC236DC0,1,1.0029385089874268,6321302,6302781.220737079,6.010800572144584,4086,4074.028430840942,4083,4071.0372205392964,0.0,0.0,6885622.5362930745,0.0,streaming,179/DC203D00,179/DC103B48,179/DC103B48,8960,1057976,1359472,1057976,0.112475,0.112475,0.112475,1045862.7229888826,True,144614360,reserved,5.0,37.7,0.0,6963218.519798157,0.0,23.929682413162652,6969094.253900689,212242.32402334505,1003.35,1
2026-09-13T22:01:42.817669+00:00,1789336902.8176694,F_lat_northeurope_rep2,r3-pub,F01,load,16,1,1000,6,99.5,2296103476,22050261,804627742712,60320,1789156079.537691,5973341.4459999995,192964.18600000002,87369337,85002632,429914308,8093,22074,16055198,4843405241,11084516.447,790412.751,179/DC734000,179/DC83C2F8,1,1.0008518695831299,6292937,6287580.801164017,5.996304322399156,4071,4067.5349906631377,4068,4064.5375440966945,0.0,0.0,5426673.182178515,0.0,streaming,179/DC72FED8,179/DC72FED8,179/DC72FE08,16680,16680,555936,16888,0.112657,0.112657,0.112657,-1040201.8836549999,True,150045656,reserved,3.5,37.7,0.0,17033042.069552775,0.0,46.95999620760684,5565985.506247086,239570.91682295597,1003.34,1
2026-09-13T22:01:43.818628+00:00,1789336903.8186285,F_lat_northeurope_rep2,r3-pub,F01,load,16,1,1000,6,99.5,2296128103,22050262,804634043219,60320,1789156079.537691,5973372.323,192964.18600000002,87373407,85002632,429918375,8093,22074,16055198,4843450116,11084516.447,790421.246,179/DCD6C000,179/DCE43798,1,1.0009591579437256,6300507,6294469.609472536,6.002874001953636,4070,4066.0999679157912,4067,4063.102842632315,0.0,0.0,6514583.48549982,0.0,streaming,179/DCD69DB8,179/DCD69DB8,179/DCD69830,8776,8776,967984,10192,0.113106,0.113106,0.113106,-6689.583632718462,True,156566488,reserved,2.3,37.7,0.0,14903337.345596949,0.0,17.982751700856078,6516976.190517794,241948.93275916812,1003.33,1
2026-09-13T22:01:44.818877+00:00,1789336904.8188772,F_lat_northeurope_rep2,r3-pub,F01,load,16,1,1000,6,99.5,2296152718,22050262,804640326436,60320,1789156079.537691,5973410.646,192964.18600000002,87377473,85002632,429922438,8093,22074,16055198,4843495194,11084516.447,790429.333,179/DD430000,179/DD447E90,1,1.000248670578003,6283217,6281654.937235943,5.990652978168433,4066,4064.989156796804,4063,4061.989902623073,0.0,0.0,7092508.301861086,0.0,streaming,179/DD419098,179/DD323DE8,179/DD323DE8,94056,1098264,2335480,1098264,0.113184,0.285855,0.113184,1087801.4957732935,True,163660760,reserved,3.3,37.7,0.0,7133458.118846427,0.0,15.996022259898883,7182069.030742868,218696.6165859463,1003.33,1
2026-09-13T22:01:45.819460+00:00,1789336905.8194604,F_lat_northeurope_rep2,r3-pub,F01,load,16,1,1000,6,99.5,2296177397,22050262,804646626012,60320,1789156079.537691,5973439.763,192964.18600000002,87381550,85002632,429926512,8093,22074,16055198,4843540704,11084516.447,790437.776,179/DD95BD98,179/DDA4D940,1,1.0005831718444824,6299576,6295904.4058149755,6.004242330374694,4077,4074.623794126407,4074,4071.6255426222674,0.0,0.0,5419327.600727229,0.0,streaming,179/DD959F20,179/DD959F20,179/DD959ED8,7800,7800,1116424,7872,0.113238,0.113238,0.113238,-1089756.4847007804,True,169083248,reserved,3.9,37.7,0.0,13820036.543797938,0.0,19.988343360934056,5492539.90537249,249743.35670602252,1003.32,1
2026-09-13T22:01:46.820142+00:00,1789336906.8201425,F_lat_northeurope_rep2,r3-pub,F01,load,16,1,1000,6,99.5,2296202067,22050262,804652924935,60320,1789156079.537691,5973471.76,192964.18600000002,87385624,85002632,429930583,8093,22074,16055198,4843585819,11084516.447,790446.978,179/DDF8E000,179/DE04F940,1,1.0006821155548096,6298923,6294629.33541855,6.003026328486014,4074,4071.222955494959,4071,4068.22500044673,0.0,0.0,6492443.403365843,0.0,streaming,179/DDF8BCB0,179/DDF8BCB0,179/DDF8BCB0,9040,9040,404544,9040,0.113374,0.285508,0.113374,1167.2038321104842,True,175580120,reserved,2.9,37.7,0.0,14899276.971422376,0.0,17.9877302893739,6573443.1521772435,251423.50011972367,1003.32,1
2026-09-13T22:01:47.821210+00:00,1789336907.8212101,F_lat_northeurope_rep2,r3-pub,F01,load,16,1,1000,6,99.5,2296226666,22050262,804659198655,60320,1789156079.537691,5973509.369,192964.18600000002,87389682,85002632,429934638,8093,22074,16055198,4843630874,11084516.447,790457.485,179/DE63E000,179/DE655360,1,1.0010676383972168,6273720,6267029.079118659,5.976704672926577,4058,4053.67214396937,4055,4050.6753434686534,0.0,0.0,7004873.328267102,0.0,streaming,179/DE63BCF0,179/DE531FD8,179/DE531AD0,8976,1097768,2436984,1099056,0.114826,0.114826,0.114826,1088853.4981963816,True,182592472,reserved,6.0,37.7,0.0,15400901.406306876,0.0,20.977603505016454,7086791.868887692,220981.07212234405,1003.31,1
2026-09-13T22:01:48.821841+00:00,1789336908.8218415,F_lat_northeurope_rep2,r3-pub,F01,load,16,1,1000,6,99.5,2296249881,22050262,804665122525,60320,1789156079.537691,5973536.059,192964.18600000002,87393513,85002632,429938466,8093,22074,16055198,4843673032,11084516.447,790467.513,179/DEB68000,179/DEC598C8,1,1.000631332397461,5923870,5920132.4286005655,5.645878246880117,3831,3828.582891584178,3828,3825.584784386383,0.0,0.0,5411495.547542121,0.0,streaming,179/DEB65B68,179/DEB65B68,179/DEB65B68,9368,9368,504168,9368,0.113124,0.113124,0.113124,-1089000.4787169355,True,188007384,reserved,1.8,37.7,0.0,5419682.378930233,0.0,9.99369065931657,5478385.317863058,236470.7083807487,1003.31,1
2026-09-13T22:01:49.822329+00:00,1789336909.8223293,F_lat_northeurope_rep2,r3-pub,F01,load,16,1,1000,6,99.5,2296274515,22050263,804671421223,60320,1789156079.537691,5973574.039,192964.18600000002,87397577,85002632,429942527,8093,22074,16055198,4843718053,11084516.447,790476.972,179/DF218000,179/DF261750,1,1.0004878044128418,6298698,6295626.96538468,6.003977742561989,4064,4062.018529436296,4061,4059.019992136023,0.0,0.0,7008933.011547655,0.0,streaming,179/DF213F08,179/DF10BFC8,179/DF10BAC0,16632,1097784,1336592,1099072,0.113124,0.113124,0.113124,1089172.6967521776,True,4432392,reserved,3.7,37.7,0.0,15467143.059361588,0.0,32.983910303001416,7075300.637127027,220179.59542173555,1003.3,1
2026-09-13T22:01:50.822428+00:00,1789336910.8224285,F_lat_northeurope_rep2,r3-pub,F01,load,16,1,1000,6,99.5,2296297682,22050263,804677333224,60320,1789156079.537691,5973606.157,192964.18600000002,87401403,85002632,429946349,8093,22074,16055198,4843760526,11084516.447,790485.649,179/DF84A000,179/DF863300,1,1.0000991821289062,5912001,5911414.6933058705,5.637564366632338,3826,3825.6205668077964,3822,3821.6209634969678,0.0,0.0,6495611.751397948,0.0,streaming,179/DF847F58,179/DF742000,179/DF740E50,8360,1081344,1655120,1085872,0.112987,0.283943,0.112987,-13198.69092573521,True,10928648,reserved,3.5,37.6,0.0,15079976.335843155,0.0,23.99761986497311,6589263.462821833,235977.59523972994,1003.3,1
2026-09-13T22:01:51.823188+00:00,1789336911.8231883,F_lat_northeurope_rep2,r3-pub,F01,load,16,1,1000,6,99.5,2296322289,22050263,804683619554,60320,1789156079.537691,5973633.265,192964.18600000002,87405470,85002632,429950413,8093,22074,16055198,4843805585,11084516.447,790494.52,179/DFD75C80,179/DFE65818,1,1.0007598400115967,6286330,6281557.021639832,5.990559598579247,4067,4063.912077000284,4064,4060.9143547895637,0.0,0.0,5418091.1175823845,0.0,streaming,179/DFD73DA8,179/DFD73DA8,179/DFD73250,7896,7896,878728,10800,0.112397,0.112397,0.112397,-1074255.7375079542,True,16350856,reserved,3.1,37.6,0.0,13809411.05694235,0.0,15.987851790510092,5483565.367627471,235752.8655399142,1003.29,1
2026-09-13T22:01:52.823729+00:00,1789336912.8237298,F_lat_northeurope_rep2,r3-pub,F01,load,16,1,1000,6,99.5,2296346936,22050263,804689916093,60320,1789156079.537691,5973670.038,192964.18600000002,87409541,85002632,429954482,8093,22074,16055198,4843850505,11084516.447,790503.749,179/E0420000,179/E0469540,1,1.0005414485931396,6296539,6293131.592752662,6.00159796977297,4071,4068.7969556126127,4069,4066.798037923783,0.0,0.0,6984890.041114003,0.0,streaming,179/E041DFF0,179/E0315EA0,179/E03158D0,8208,1089888,1662880,1091376,0.112591,0.112591,0.112591,1079991.2402623568,True,23339528,reserved,2.1,37.7,0.0,7016744.7934031915,0.0,14.99188266622186,7070261.816686226,215247.45456854696,1003.29,1
2026-09-13T22:01:53.825006+00:00,1789336913.8249843,F_lat_northeurope_rep2,r3-pub,F01,load,16,1,1000,6,99.5,2296371483,22050263,804696184439,60320,1789156079.537691,5973707.111,192964.18600000002,87413596,85002632,429958534,8093,22074,16055198,4843895182,11084516.447,790513.587,179/E0A52000,179/E0A6B090,1,1.0012545585632324,6268346,6260491.846344123,5.970470281929133,4055,4049.919139263438,4052,4046.9228982232926,0.0,0.0,6488116.278163982,0.0,streaming,179/E0A4FF00,179/E0947CB8,179/E0947770,8448,1090376,2029088,1091728,0.112487,0.112487,0.112487,351.55894871041437,True,29835784,reserved,10.7,37.7,0.0,14874395.200128775,0.0,18.97619325425532,6568351.618231026,253406.0872232988,1003.28,1
2026-09-13T22:01:54.825349+00:00,1789336914.8252919,F_lat_northeurope_rep2,r3-pub,F01,load,16,1,1000,6,99.5,2296396145,22050263,804702483978,60320,1789156079.537691,5973732.198,192964.18600000002,87417665,85002632,429962600,8093,22074,16055198,4843940192,11084516.447,790522.491,179/E0F7C000,179/E106D118,1,1.000307559967041,6299539,6297602.109702703,6.005861386969283,4069,4067.7489232752264,4066,4064.749845671435,0.0,0.0,5413247.101899755,0.0,streaming,179/E0F79B90,179/E0F79B90,179/E0F79B90,9328,9328,1263856,9328,0.112613,0.112613,0.112613,-1082067.1994478016,True,35250696,reserved,5.8,37.7,0.0,13807465.376403913,0.0,15.995080553552132,5479202.816562327,236105.3834360522,1003.28,1
2026-09-13T22:01:55.825901+00:00,1789336915.8257012,F_lat_northeurope_rep2,r3-pub,F01,load,16,1,1000,6,99.5,2296420871,22050264,804708790799,60320,1789156079.537691,5973769.917,192964.18600000002,87421741,85002632,429966673,8093,22074,16055198,4843985709,11084516.447,790530.413,179/E1646000,179/E16761C0,1,1.0004093647003174,6306821,6304240.266572546,6.012192026684328,4076,4074.3321122558727,4073,4071.333339847441,0.0,0.0,7115934.987406403,0.0,streaming,179/E1641DB0,179/E1539D98,179/E15397C8,16976,1098344,1432408,1099832,0.120706,0.284392,0.120706,1090057.768828135,True,42369544,reserved,4.1,37.6,0.0,15640317.406152163,0.0,32.98649649274873,7182568.709912558,222922.74329799588,1003.27,1
2026-09-13T22:01:56.826721+00:00,1789336916.826722,F_lat_northeurope_rep2,r3-pub,F01,load,16,1,1000,6,99.5,2296445479,22050264,804715066410,60320,1789156079.537691,5973801.935,192964.18600000002,87425802,85002632,429970731,8093,22074,16055198,4844030995,11084516.447,790539.726,179/E1C7C000,179/E1C7C4A0,1,1.0010206699371338,6275611,6269212.2035743,5.978786662649441,4061,4056.8592856879163,4058,4053.862344575613,0.0,0.0,6505999.521877013,0.0,streaming,179/E1C0F7E8,179/E1B6FC70,179/E1B6FC70,444440,1098640,1708424,1098640,0.114475,0.284140,0.114475,-1190.7846019551826,True,48882184,reserved,3.3,37.7,0.0,6514183.169074343,0.0,11.987764449213246,6307845.771453002,240874.14699952485,1003.26,1
2026-09-13T22:01:57.827148+00:00,1789336917.8271482,F_lat_northeurope_rep2,r3-pub,F01,load,16,1,1000,6,99.5,2296470217,22050264,804721387579,60320,1789156079.537691,5973835.253,192964.18600000002,87429885,85002632,429974811,8093,22074,16055198,4844076546,11084516.447,790548.52,179/E220CD60,179/E2285078,1,1.0004262924194336,6321169,6318475.481799732,6.0257677858350105,4083,4081.2601897193863,4080,4078.2614680517013,0.0,0.0,5833641.16299452,0.0,streaming,179/E220BFE0,179/E20FFB58,179/E20FFB10,3456,1102344,1723936,1102416,0.112383,0.112383,0.112383,3774.3910057262806,True,54718312,reserved,2.9,37.7,0.0,14248006.182972156,0.0,19.991477784567163,6191277.705247644,208699.03318421045,1003.26,1
2026-09-13T22:01:58.827664+00:00,1789336918.8276649,F_lat_northeurope_rep2,r3-pub,F01,load,16,1,1000,6,99.5,2296493334,22050264,804727293233,60320,1789156079.537691,5973870.113,192964.18600000002,87433704,85002632,429978627,8093,22074,16055198,4844118734,11084516.447,790556.28,179/E2843ED8,179/E288E780,4,1.000516653060913,5905654,5902604.401368674,5.629162217491793,3819,3817.0279208411066,3816,3814.0294699999117,0.0,0.0,6513746.652853791,0.0,streaming,179/E2841FE0,179/E2739FF0,179/E2739B28,7928,1089256,1483152,1090480,0.113192,0.284938,0.113192,-11929.836413500772,True,61235424,reserved,3.1,37.6,0.0,14901740.96991496,0.0,17.990705047169396,6587006.802773092,247030.37100268298,1003.25,1
2026-09-13T22:01:59.828481+00:00,1789336919.8284814,F_lat_northeurope_rep2,r3-pub,F01,load,16,1,1000,6,99.5,2296518077,22050264,804733615105,60320,1789156079.537691,5973901.337,192964.18600000002,87437783,85002632,429982703,8093,22074,16055198,4844163852,11084516.447,790566.43,179/E2E7E000,179/E2E9CCC8,2,1.0008165836334229,6321872,6316713.874832797,6.024087786515042,4079,4075.671873053263,4076,4072.674320805369,0.0,0.0,6523992.614406504,0.0,streaming,179/E2E7BFE8,179/E2D71DE8,179/E2D71310,8216,1098264,2185304,1101040,0.112659,0.112659,0.112659,10551.38391258702,True,67764744,reserved,3.3,37.7,0.0,6540067.487927877,0.0,11.990208991576159,6595980.830007845,241437.84580662544,1003.25,1
2026-09-13T22:02:00.828865+00:00,1789336920.8288655,F_lat_northeurope_rep2,r3-pub,F01,load,16,1,1000,6,99.5,2296544309,22050264,804740317644,60320,1789156079.537691,5973934.987,192964.18600000002,87442118,85002632,429987035,8093,22074,16055198,4844211988,11084516.447,790575.012,179/E3426000,179/E34AB5B8,3,1.0003840923309326,6702539,6699965.594597602,6.389585108373263,4335,4333.335599029056,4332,4330.3367508636375,0.0,0.0,5928730.819959889,0.0,streaming,179/E3423CC8,179/E331C000,179/E331C000,9016,1089536,2395816,1089536,0.112264,0.283488,0.112264,-11499.583098323012,True,73695752,reserved,3.9,37.7,0.0,14400101.031629097,0.0,22.99116926820491,5995041.350593613,218099.22975846747,1003.24,1
2026-09-13T22:02:01.831043+00:00,1789336921.8300323,F_lat_northeurope_rep2,r3-pub,F01,load,16,1,1000,6,99.5,2296568902,22050265,804746608486,60320,1789156079.537691,5973980.85,192964.18600000002,87446178,85002632,429991092,8093,22074,16055198,4844257082,11084516.447,790584.488,179/E3A5E000,179/E3ABF6C0,1,1.001166820526123,6290842,6283510.271239413,5.992422362555898,4060,4055.268229790546,4057,4052.271726172474,0.0,0.0,6513232.226946193,0.0,streaming,179/E3A5BFE0,179/E3953EC0,179/E3953868,8224,1089856,2136616,1091480,0.113095,0.113095,0.113095,1941.734344510547,True,80216584,reserved,3.9,37.6,0.0,14900246.087021379,0.0,17.97902170843099,6585096.3743838705,246327.57992359492,1003.24,1
2026-09-13T22:02:02.833439+00:00,1789336922.8328612,F_lat_northeurope_rep2,r3-pub,F01,load,16,1,1000,6,99.5,2296593615,22050265,804752915152,60320,1789156079.537691,5974016.812,192964.18600000002,87450256,85002632,429995167,8093,22074,16055198,4844302522,11084516.447,790594.273,179/E4096000,179/E40C5CD8,1,1.00282883644104,6306666,6288875.798966709,5.997539328543385,4078,4066.4965463822305,4075,4063.505008952327,0.0,0.0,6502437.66737095,0.0,streaming,179/E3FFFBB0,179/E3F87E08,179/E3F87E08,615504,1106424,1762296,1106424,0.114242,0.114242,0.114242,14901.845117492901,True,86737416,reserved,3.1,37.6,0.0,14900058.172468105,0.0,19.94358286602369,5972954.488681744,252381.05527381328,1003.23,1
2026-09-13T22:02:03.833301+00:00,1789336923.8333015,F_lat_northeurope_rep2,r3-pub,F01,load,16,1,1000,6,99.5,2296618285,22050265,804759204468,60320,1789156079.537691,5974050.794,192964.18600000002,87454324,85002632,429999232,8093,22074,16055198,4844347555,11084516.447,790603.863,179/E4638000,179/E46C9EB0,1,1.0004403591156006,6289316,6286547.661431631,5.99531904357112,4068,4066.209407621413,4065,4063.2107281172675,0.0,0.0,5903832.193676539,0.0,streaming,179/E4633B90,179/E452DF60,179/E452D990,17520,1089696,1506888,1091184,0.113338,0.113338,0.113338,-15233.291881059571,True,92643848,reserved,7.2,37.7,0.0,6088071.062411243,0.0,21.990316363734287,6574113.029400514,236718.7587367566,1003.23,1
2026-09-13T22:02:04.834223+00:00,1789336924.834223,F_lat_northeurope_rep2,r3-pub,F01,load,16,1,1000,6,99.5,2296642942,22050265,804765494622,60320,1789156079.537691,5974094.163,192964.18600000002,87458392,85002632,430003296,8093,22074,16055198,4844392548,11084516.447,790613.703,179/E4EB0000,179/E4F14358,2,1.0009214878082275,6290154,6284363.0360797765,5.993235622482087,4068,4064.254838716593,4064,4060.258521274394,0.0,0.0,8871952.603840388,0.0,streaming,179/E4EABC08,179/E4DA1FC8,179/E4DA1F88,17400,1105976,1550592,1106040,0.094908,0.108813,0.094908,14842.322980327852,True,5577816,reserved,3.3,37.7,0.0,11184062.023199162,0.0,48.95488866694028,6700108.931306005,261238.27211720156,1003.22,1
2026-09-13T22:02:05.835138+00:00,1789336925.8351386,F_lat_northeurope_rep2,r3-pub,F01,load,16,1,1000,6,99.5,2296667585,22050265,804771787581,60320,1789156079.537691,5974137.153,192964.18600000002,87462456,85002632,430007358,8093,22074,16055198,4844437978,11084516.447,790623.075,179/E5537AC8,179/E554FD80,2,1.00091552734375,6292959,6287202.8938349895,5.99594392188548,4064,4060.282700164644,4062,4058.2845295444845,0.0,0.0,6840912.957131532,0.0,streaming,179/E5535BE0,179/E542BD18,179/E542B748,7912,1097136,2235744,1098624,0.094908,0.108813,0.094908,-7409.216659552411,True,12424992,reserved,8.8,37.9,0.0,9886884.287090676,0.0,70.93505701567169,6571780.355387524,218685.78718214526,1003.22,1
2026-09-13T22:02:06.835547+00:00,1789336926.835548,F_lat_northeurope_rep2,r3-pub,F01,load,16,1,1000,6,99.5,2296731191,22050269,804780174064,60320,1789156079.537691,5974164.845000001,192964.18600000002,87466238,85002632,430011181,8106,22125,16055198,4844592546,11084516.447,790631.169,179/E5AB8000,179/E5B56E48,1,1.0004093647003174,8386483,8383051.274727176,7.994700693823982,3782,3780.452416229566,3823,3821.435639144799,12.994680436537378,50.97913094333894,5766143.544375969,0.0,streaming,179/E5AB5DC0,179/E59A5D28,179/E59A5CE0,8768,1123032,2228680,1123104,0.113097,0.283775,0.113097,24469.982852802692,True,18193496,reserved,6.6,37.7,0.0,14358794.01659048,0.0,29.987724084317023,5681527.183327252,245530.4884851625,1003.21,1
2026-09-13T22:02:07.835974+00:00,1789336927.8359745,F_lat_northeurope_rep2,r3-pub,F01,load,16,1,1000,6,99.5,2296754770,22050269,804786199555,60320,1789156079.537691,5974196.882,192964.18600000002,87470132,85002632,430015072,8106,22125,16055198,4844636003,11084516.447,790639.609,179/E6000000,179/E6102208,1,1.0004265308380127,6025491,6022922.03801584,5.743906057372894,3894,3892.339797044536,3891,3889.3410760914976,0.0,0.0,5535430.967990462,0.0,streaming,179/E5FFFE20,179/E5FEFDE0,179/E5FEF190,480,66080,559688,69232,0.113142,0.301453,0.113142,-1053422.682740349,True,23731288,reserved,5.0,37.7,0.0,5625504.548830543,0.0,20.99104667127254,5649692.232037755,199073.08918844268,1003.21,1
2026-09-13T22:02:08.836545+00:00,1789336928.8365452,F_lat_northeurope_rep2,r3-pub,F01,load,16,1,1000,6,99.5,2296777867,22050270,804792106347,60320,1789156079.537691,5974227.588,192964.18600000002,87473946,85002632,430018883,8106,22125,16055198,4844678223,11084516.447,790647.928,179/E6646000,179/E669F920,1,1.0005707740783691,5906792,5903422.479475054,5.6299423975706615,3814,3811.8243094928443,3811,3808.8260208382876,0.0,0.0,6574423.489491977,0.0,streaming,179/E6643C60,179/E653BCC0,179/E653BCC0,9120,1090368,1626792,1090368,0.113276,0.113276,0.113276,1020553.4945197391,True,30309464,reserved,1.9,37.7,0.0,14966433.547685347,0.0,17.989731927339065,6604539.300167894,216070.67246106343,1003.2,1
2026-09-13T22:02:09.836783+00:00,1789336929.8367836,F_lat_northeurope_rep2,r3-pub,F01,load,16,1,1000,6,99.5,2296800733,22050270,804797944103,60320,1789156079.537691,5974254.6790000005,192964.18600000002,87477723,85002632,430022657,8106,22125,16055198,4844720088,11084516.447,790655.171,179/E6B7A000,179/E6C2C2C0,1,1.0002384185791016,5837756,5836364.50226825,5.565990926998377,3777,3776.0997076731505,3774,3773.1004227583985,0.0,0.0,5454571.528806495,0.0,streaming,179/E6B77FD0,179/E6B77FD0,179/E6B77F00,8240,8240,874920,8448,0.112404,0.112404,0.112404,-1081662.111656271,True,35765336,reserved,3.1,37.7,0.0,13841180.005529992,0.0,16.995947850263057,5519640.015270407,236487.61695838967,1003.2,1
2026-09-13T22:02:10.837273+00:00,1789336930.8372736,F_lat_northeurope_rep2,r3-pub,F01,load,16,1,1000,6,99.5,2296823552,22050270,804803761222,60320,1789156079.537691,5974290.965000001,192964.18600000002,87481485,85002632,430026416,8106,22125,16055198,4844762082,11084516.447,790662.514,179/E710A000,179/E71BF888,1,1.0004899501800537,5817119,5814270.297220996,5.544920251103397,3762,3760.1577100529294,3759,3757.1591791836686,0.0,0.0,5829847.665086805,0.0,streaming,179/E7105E48,179/E7105E48,179/E7105E00,16824,16824,532080,16896,0.112971,0.112971,0.112971,8443.862927838158,True,41598040,reserved,3.3,37.7,0.0,5911727.548023418,0.0,13.993144056549976,5893595.431856998,217948.21623221465,1003.19,1
2026-09-13T22:02:11.837843+00:00,1789336931.8378432,F_lat_northeurope_rep2,r3-pub,F01,load,16,1,1000,6,99.5,2296845072,22050270,804809255520,60320,1789156079.537691,5974329.397000001,192964.18600000002,87485034,85002632,430029962,8106,22125,16055198,4844801381,11084516.447,790669.97,179/E775C000,179/E775C730,1,1.0005695819854736,5494298,5491170.328301832,5.236788109113533,3549,3546.9797042576142,3546,3543.981412030854,0.0,0.0,6623555.342197297,0.0,streaming,179/E76B92A0,179/E764C000,179/E764B468,666976,1114112,2044560,1117080,0.112065,0.112065,0.112065,1099557.711735407,True,48225368,reserved,9.4,37.7,0.0,15113823.438437836,0.0,27.984060783097547,6208830.561961049,204004.80253952337,1003.18,1
2026-09-13T22:02:12.838033+00:00,1789336932.8380334,F_lat_northeurope_rep2,r3-pub,F01,load,16,1,1000,6,99.5,2296868178,22050270,804815140025,60320,1789156079.537691,5974357.274,192964.18600000002,87488842,85002632,430033767,8106,22125,16055198,4844843491,11084516.447,790677.566,179/E7C7E000,179/E7D0B620,1,1.000190258026123,5884505,5883385.6386614675,5.610833777104824,3808,3807.2756352527304,3805,3804.276205918235,0.0,0.0,5381120.198692665,0.0,streaming,179/E7C7BDE8,179/E7B6BFE8,179/E7B6B4C8,8728,1122328,2264928,1125176,0.113318,0.284526,0.113318,8094.4599640247125,True,53607512,reserved,5.2,37.7,0.0,13784513.385692172,0.0,16.996766228806834,5932205.350319492,214324.22309636333,1003.18,1
2026-09-13T22:02:13.838273+00:00,1789336933.8382733,F_lat_northeurope_rep2,r3-pub,F01,load,16,1,1000,6,99.5,2296890218,22050270,804820776237,60320,1789156079.537691,5974390.785,192964.18600000002,87492477,85002632,430037399,8106,22125,16055198,4844883661,11084516.447,790684.957,179/E8204000,179/E82D4D90,1,1.0002398490905762,5636212,5634860.483837428,5.37382171996825,3635,3634.1283576183882,3632,3631.1290769931184,0.0,0.0,5790355.188573907,0.0,streaming,179/E8201C80,179/E8201C80,179/E8201C80,9088,9088,1083080,9088,0.104407,0.170959,0.104407,-1115820.3714986497,True,59399256,reserved,3.3,37.7,0.0,14262947.045122292,0.0,30.99256646111968,5848693.196255819,239288.60684526293,1003.18,1
2026-09-13T22:02:14.838659+00:00,1789336934.838645,F_lat_northeurope_rep2,r3-pub,F01,load,16,1,1000,6,99.5,2296913935,22050271,804826835526,60320,1789156079.537691,5974433.459000001,192964.18600000002,87496387,85002632,430041306,8106,22125,16055198,4844927097,11084516.447,790693.235,179/E8834000,179/E88AB000,1,1.0003716945648193,6059289,6057037.632033267,5.776441223176257,3910,3908.547214244126,3907,3905.5483289135036,0.0,0.0,6485653.31791243,0.0,streaming,179/E8831E58,179/E872DFD0,179/E872CF00,8616,1073200,2191944,1077504,0.112884,0.112884,0.112884,1068019.0231339775,True,65887320,reserved,2.3,37.7,0.0,6510220.186540886,0.0,10.995912878947669,6562632.705092612,201621.05854838443,1003.17,1
2026-09-13T22:02:15.838910+00:00,1789336935.838911,F_lat_northeurope_rep2,r3-pub,F01,load,16,1,1000,6,99.5,2296938037,22050271,804832995021,60320,1789156079.537691,5974466.729,192964.18600000002,87500367,85002632,430045283,8106,22125,16055198,4844971391,11084516.447,790701.147,179/E8E56000,179/E8E9C9D8,1,1.0002660751342773,6159495,6157856.547492266,5.872589633457437,3980,3978.9413026586135,3977,3975.942100671685,0.0,0.0,6429009.400460502,0.0,streaming,179/E8E53ED0,179/E8D4DFE8,179/E8D4DAB8,8496,1081368,2425784,1082696,0.112483,0.112483,0.112483,5190.618905377769,True,72318040,reserved,7.3,37.7,0.0,14823575.815074533,0.0,17.99521192157162,6503224.65362705,243947.09174480743,1003.16,1
2026-09-13T22:02:16.840078+00:00,1789336936.8400784,F_lat_northeurope_rep2,r3-pub,F01,load,16,1,1000,6,99.5,2296962471,22050271,804839231793,60320,1789156079.537691,5974503.339000001,192964.18600000002,87504400,85002632,430049313,8106,22125,16055198,4845016076,11084516.447,790709.422,179/E9420000,179/E949AAD0,1,1.0011672973632812,6236772,6229500.320701086,5.940914459897123,4033,4028.2977786245,4030,4025.3012764336063,0.0,0.0,6063194.449106497,0.0,streaming,179/E941BDF8,179/E9313B40,179/E9313A78,16904,1098944,2298768,1099144,0.112483,0.284927,0.112483,16428.822678605447,True,78388312,reserved,2.1,37.7,0.0,14478842.88487712,0.0,22.97318346351686,6126848.1463135835,223113.56012954848,1003.16,1
2026-09-13T22:02:17.841101+00:00,1789336937.841102,F_lat_northeurope_rep2,r3-pub,F01,load,16,1,1000,6,99.5,2296985591,22050271,804845140862,60320,1789156079.537691,5974539.305000001,192964.18600000002,87508217,85002632,430053127,8106,22125,16055198,4845058414,11084516.447,790717.229,179/E9A66000,179/E9AAF6E0,1,1.001023530960083,5909069,5903027.069036633,5.6295653047911,3817,3813.09717698555,3814,3810.100244438797,0.0,0.0,6571449.917556746,0.0,streaming,179/E9A61F50,179/E9957C40,179/E9957128,16560,1106880,1702752,1109720,0.112233,0.284676,0.112233,10565.186204820324,True,84966488,reserved,3.7,37.7,0.0,14959664.320415605,0.0,17.981595280518707,6642734.955113815,240575.76325805977,1003.16,1
2026-09-13T22:02:18.841844+00:00,1789336938.8418448,F_lat_northeurope_rep2,r3-pub,F01,load,16,1,1000,6,99.5,2297010504,22050271,804851496879,60320,1789156079.537691,5974577.622,192964.18600000002,87512322,85002632,430057229,8106,22125,16055198,4845104001,11084516.447,790726.63,179/EA0AC000,179/EA0C6988,1,1.0007429122924805,6356017,6351298.542239757,6.057070295562513,4105,4101.952608983614,4102,4098.954836065965,0.0,0.0,6573292.620110448,0.0,streaming,179/E9FFFE50,179/E9F9BDC0,179/E9F9BDC0,704944,1114688,2088632,1114688,0.113766,0.113766,0.113766,4964.311951627428,True,91544664,reserved,2.9,37.7,0.0,6597850.375851832,0.0,12.990349309814125,5960212.085176132,250294.05347094167,1003.15,1
2026-09-13T22:02:19.842463+00:00,1789336939.8424637,F_lat_northeurope_rep2,r3-pub,F01,load,16,1,1000,6,99.5,2297035545,22050271,804857876230,60320,1789156079.537691,5974610.892000001,192964.18600000002,87516452,85002632,430061356,8106,22125,16055198,4845149737,11084516.447,790735.956,179/EA658000,179/EA6ED548,1,1.0006189346313477,6379351,6375405.041031238,6.080060044318426,4130,4127.445381114632,4127,4124.447236769997,0.0,0.0,5943713.230043127,0.0,streaming,179/EA655BF8,179/EA548000,179/EA547F80,9224,1114112,1881704,1114240,0.095126,0.103235,0.095126,-447.7228887988754,True,97492056,reserved,4.7,37.7,0.0,14351693.240035264,0.0,23.985154757082608,6701722.072119898,246834.22574948176,1003.14,1
2026-09-13T22:02:20.842914+00:00,1789336940.8429143,F_lat_northeurope_rep2,r3-pub,F01,load,16,1,1000,6,99.5,2297060764,22050272,804864326175,60320,1789156079.537691,5974647.172,192964.18600000002,87520605,85002632,430065506,8106,22125,16055198,4845195620,11084516.447,790744.976,179/EAC68000,179/EAD139E8,1,1.000450611114502,6449945,6447039.892168951,6.148376362008048,4153,4151.129454929872,4150,4148.130806154339,0.0,0.0,6354128.758958237,0.0,streaming,179/EAC65E48,179/EAC65E48,179/EAC65E00,8632,8632,991872,8704,0.113292,0.113292,0.113292,-1105038.0575693117,True,103849048,reserved,4.4,37.6,0.0,14747146.771757454,0.0,18.99144224504396,6408164.409893346,249652.5038070213,1003.14,1
2026-09-13T22:02:21.843382+00:00,1789336941.8433824,F_lat_northeurope_rep2,r3-pub,F01,load,16,1,1000,6,99.5,2297085942,22050272,804870760410,60320,1789156079.537691,5974688.731000001,192964.18600000002,87524755,85002632,430069652,8106,22125,16055198,4845241388,11084516.447,790755.13,179/EB320000,179/EB33C478,1,1.0004680156707764,6434235,6431225.085877519,6.1332941874289695,4150,4148.058643551519,4146,4144.060514738457,0.0,0.0,7041824.315869319,0.0,streaming,179/EB319FE8,179/EB20DEF0,179/EB20DE70,24600,1122576,2251560,1122704,0.112379,0.270565,0.112379,1113478.8744376847,True,110894168,reserved,5.8,37.7,0.0,7262904.846716379,0.0,21.989708471839375,7101026.60826873,221267.44336907065,1003.13,1
2026-09-13T22:02:22.844535+00:00,1789336942.8445358,F_lat_northeurope_rep2,r3-pub,F01,load,16,1,1000,6,99.5,2297111060,22050272,804877173977,60320,1789156079.537691,5974717.367000001,192964.18600000002,87528897,85002632,430073791,8106,22125,16055198,4845287247,11084516.447,790763.166,179/EB865578,179/EB965758,3,1.0011534690856934,6413567,6406177.672097776,6.109407112214829,4142,4137.227835591176,4139,4134.231292011558,0.0,0.0,5520536.2321198,0.0,streaming,179/EB863B88,179/EB863B88,179/EB863B88,6640,6640,1256272,6640,0.113518,0.113518,0.113518,-1114778.137880548,True,116421072,reserved,2.7,37.7,0.0,13910354.835725965,0.0,17.979261477701872,5597873.026518274,242681.07488244027,1003.13,1
2026-09-13T22:02:23.846623+00:00,1789336943.8456316,F_lat_northeurope_rep2,r3-pub,F01,load,16,1,1000,6,99.5,2297136103,22050272,804883577635,60320,1789156079.537691,5974748.343,192964.18600000002,87533024,85002632,430077916,8106,22125,16055198,4845333242,11084516.447,790771.712,179/EBEB0000,179/EBF8D118,2,1.0010957717895508,6403658,6396648.732770964,6.100319607516254,4127,4122.482699754698,4125,4120.484888899474,0.0,0.0,6590034.82574579,0.0,streaming,179/EBEA9DC8,179/EBEA9DC8,179/EBEA9DC8,25144,25144,624824,25144,0.113027,0.113027,0.113027,18483.74603253233,True,123018328,reserved,3.5,37.7,0.0,14983133.904548334,0.0,16.98139226940389,6638438.786051585,254048.6206882755,1003.12,1
2026-09-13T22:02:24.848377+00:00,1789336944.8483777,F_lat_northeurope_rep2,r3-pub,F01,load,16,1,1000,6,99.5,2297161010,22050272,804889941693,60320,1789156079.537691,5974787.815,192964.18600000002,87537133,85002632,430082022,8106,22125,16055198,4845378619,11084516.447,790779.817,179/EC52A000,179/EC5A3B00,1,1.0027461051940918,6364058,6346629.48779858,6.052617538260059,4109,4097.747155252885,4106,4094.755371007142,0.0,0.0,6772569.810865034,0.0,streaming,179/EC523BE8,179/EC41FCD0,179/EC41F4F8,25624,1090352,2291544,1092360,0.112702,0.284962,0.112702,1064293.3385350117,True,129809496,reserved,2.7,37.6,0.0,15166798.37620137,0.0,21.93975113544986,6837972.20899981,208697.8936303058,1003.12,1
2026-09-13T22:02:25.849537+00:00,1789336945.8495378,F_lat_northeurope_rep2,r3-pub,F01,load,16,1,1000,6,99.5,2297185910,22050272,804896303016,60320,1789156079.537691,5974827.466000001,192964.18600000002,87541239,85002632,430086125,8106,22125,16055198,4845424012,11084516.447,790788.37,179/ECB69EA8,179/ECBB29E8,1,1.0011601448059082,6361323,6353951.49617472,6.059600349592896,4106,4101.2419654360265,4103,4098.245441837315,0.0,0.0,6545662.084131864,0.0,streaming,179/ECB67FD8,179/ECA5BC88,179/ECA5BBC0,7888,1106464,1632304,1106664,0.113279,0.278472,0.113279,14287.424518654878,True,136362752,reserved,2.7,37.7,0.0,6640104.517233644,0.0,20.975665190978216,6627564.065973038,240518.96317415108,1003.11,1
2026-09-13T22:02:26.849622+00:00,1789336946.849622,F_lat_northeurope_rep2,r3-pub,F01,load,16,1,1000,6,99.5,2297210611,22050273,804902615171,60320,1789156079.537691,5974871.156,192964.18600000002,87545315,85002632,430090198,8106,22125,16055198,4845469316,11084516.447,790796.014,179/ED10E000,179/ED1B93F0,1,1.0000841617584229,6312155,6311623.802642266,6.019233515398279,4076,4075.6569855413686,4073,4072.657238005396,0.0,0.0,5914470.2277854895,0.0,streaming,179/ED0FFF58,179/ECFFFD00,179/ECFFF730,57512,1106688,1343632,1108176,0.112934,0.112934,0.112934,1511.8727581301641,True,142277720,reserved,3.3,37.7,0.0,14330697.903265035,0.0,18.99840106115947,5924404.391708786,253065.7015455614,1003.11,1
2026-09-13T22:02:27.849828+00:00,1789336947.8498282,F_lat_northeurope_rep2,r3-pub,F01,load,16,1,1000,6,99.5,2297233758,22050273,804908518251,60320,1789156079.537691,5974907.399,192964.18600000002,87549127,85002632,430094007,8106,22125,16055198,4845511667,11084516.447,790803.897,179/ED72A000,179/ED7BBB00,1,1.0002062320709229,5903080,5901862.846602842,5.62845501575741,3812,3811.2140054429274,3809,3808.2146240115712,0.0,0.0,6404823.120064055,0.0,streaming,179/ED727E08,179/ED621FB0,179/ED621FB0,8696,1081424,2616192,1081424,0.112825,0.112825,0.112825,-26746.484017211227,True,148683864,reserved,2.7,37.6,0.0,14816272.40945764,0.0,20.995670019491467,6524506.437525639,208211.06020186553,1003.1,1
2026-09-13T22:02:28.849931+00:00,1789336948.8499315,F_lat_northeurope_rep2,r3-pub,F01,load,16,1,1000,6,99.5,2297258395,22050273,804914811529,60320,1789156079.537691,5974941.267000001,192964.18600000002,87553185,85002632,430098062,8106,22125,16055198,4845556907,11084516.447,790812.387,179/EDD5C000,179/EDDBCD58,1,1.000103235244751,6293278,6292628.37896917,6.001118067711992,4058,4057.581114620535,4055,4054.5814242943,0.0,0.0,6495585.426648679,0.0,streaming,179/EDD59BA8,179/EDC4FF20,179/EDC4FF20,9304,1097952,1883040,1097952,0.112731,0.112731,0.112731,16526.293904003993,True,155180120,reserved,4.1,37.7,0.0,8748152.882296078,0.0,49.994838770583236,6562895.477879066,231828.06717274527,1003.09,1
2026-09-13T22:02:29.850491+00:00,1789336949.8504918,F_lat_northeurope_rep2,r3-pub,F01,load,16,1,1000,6,99.5,2297282904,22050273,804921070276,60320,1789156079.537691,5974975.540000001,192964.18600000002,87557230,85002632,430102104,8106,22125,16055198,4845601819,11084516.447,790821.157,179/EE30E000,179/EE3B6720,1,1.0005602836608887,6258747,6255242.289950041,5.965463914823571,4045,4042.73492167808,4042,4039.7366015878365,0.0,0.0,5968623.877563411,0.0,streaming,179/EE30C000,179/EE203C00,179/EE203678,8192,1090560,1656112,1091976,0.112456,0.112456,0.112456,-5972.653619764698,True,161152088,reserved,3.5,37.7,0.0,5989092.409379472,0.0,12.992720391054398,6040114.822355143,258482.17665978658,1003.09,1
2026-09-13T22:02:30.861021+00:00,1789336950.8560236,F_lat_northeurope_rep2,r3-pub,F01,load,16,1,1000,6,99.5,2297308953,22050273,804927721914,60320,1789156079.537691,5975012.510000001,192964.18600000002,87561523,85002632,430106394,8106,22125,16055198,4845649237,11084516.447,790831.005,179/EE938000,179/EE9B5D58,3,1.0055317878723145,6651638,6615044.974435602,6.3085984939914725,4293,4269.3826806648285,4290,4266.39918473145,0.0,0.0,6427930.054480539,0.0,streaming,179/EE935C28,179/EE82FFF0,179/EE82FFF0,9176,1081360,1994016,1081360,0.112667,0.112667,0.112667,-10557.597609582535,True,167615576,reserved,12.5,37.7,0.0,9279356.567874948,0.0,33.81295391162455,6502550.271270272,203186.01804952975,1003.08,1
2026-09-13T22:02:31.856272+00:00,1789336951.856143,F_lat_northeurope_rep2,r3-pub,F01,load,16,1,1000,6,99.5,2297331869,22050273,804933563088,60320,1789156079.537691,5975047.137,192964.18600000002,87565305,85002632,430110173,8106,22125,16055198,4845690985,11084516.447,790838.46,179/EEF65C88,179/EEFAE198,1,1.0001194477081299,5841174,5840476.368483398,5.569912308200262,3782,3781.5483027220575,3779,3778.548661022384,0.0,0.0,6478210.192639706,0.0,streaming,179/EEF63CC8,179/EEE5BF60,179/EEE5BF60,8128,1088808,2287872,1088808,0.119401,0.119401,0.119401,7447.110459723396,True,174094560,reserved,8.0,37.7,0.0,16066688.870837143,0.0,80.9903258911916,6545380.169339933,236749.72078845144,1003.08,1
2026-09-13T22:02:32.857163+00:00,1789336952.857163,F_lat_northeurope_rep2,r3-pub,F01,load,16,1,1000,6,99.5,2297356397,22050274,804939836396,60320,1789156079.537691,5975084.944,192964.18600000002,87569349,85002632,430114217,8106,22125,16055198,4845735813,11084516.447,790846.602,179/EF530000,179/EF5AA830,1,1.0010199546813965,6273308,6266916.029657632,5.976596860559113,4044,4039.8795059855925,4044,4039.8795059855925,0.0,0.0,6064974.0013747495,0.0,streaming,179/EF52BE00,179/EF427E98,179/EF427240,16896,1081704,2170344,1084864,0.119401,0.283415,0.119401,-3939.9813975289753,True,180165720,reserved,3.4,37.7,0.0,14558718.766638832,0.0,27.971470367852767,6127064.671704875,216315.36812762023,1003.07,1
2026-09-13T22:02:33.857873+00:00,1789336953.8578734,F_lat_northeurope_rep2,r3-pub,F01,load,16,1,1000,6,99.5,2297380927,22050274,804946102118,60320,1789156079.537691,5975119.673,192964.18600000002,87573398,85002632,430118260,8106,22125,16055198,4845780314,11084516.447,790855.88,179/EFB61510,179/EFBAB1F0,1,1.0007104873657227,6265722,6261273.444324473,5.971215671848748,4049,4046.125279109062,4043,4040.129539006653,0.0,0.0,6488845.757071477,0.0,streaming,179/EFB5FBB8,179/EFA58000,179/EFA574E8,6488,1086736,1433432,1089576,0.112658,0.284063,0.112658,4708.654560425265,True,186659176,reserved,3.5,37.7,0.0,6499829.952939091,0.0,11.991480204818163,6562510.419259693,245066.8830758176,1003.07,1
2026-09-13T22:02:34.858214+00:00,1789336954.8582144,F_lat_northeurope_rep2,r3-pub,F01,load,16,1,1000,6,99.5,2297405500,22050274,804952374406,60320,1789156079.537691,5975160.1620000005,192964.18600000002,87577446,85002632,430122305,8106,22125,16055198,4845825016,11084516.447,790865.561,179/F0100BB8,179/F01AB6A0,4,1.0003409385681152,6272288,6270150.263947142,5.979681266734259,4048,4046.620351051806,4045,4043.621373518912,0.0,0.0,5893838.5631195875,0.0,streaming,179/F00FFF30,179/F00FFF30,179/F00FFF30,3208,3208,124032,3208,0.113687,0.113687,0.113687,-1085997.7414850418,True,2758936,reserved,1.9,37.7,0.0,14359776.19846444,0.0,28.990116151309877,5959296.24607089,264869.69570520916,1003.06,1
2026-09-13T22:02:35.858668+00:00,1789336955.858668,F_lat_northeurope_rep2,r3-pub,F01,load,16,1,1000,6,99.5,2297428594,22050274,804958262411,60320,1789156079.537691,5975193.116,192964.18600000002,87581249,85002632,430126104,8106,22125,16055198,4845867098,11084516.447,790873.465,179/F0731ED0,179/F07AC9F8,1,1.0004537105560303,5888005,5885334.761492939,5.612692605488719,3803,3801.2753212603666,3799,3797.277135279551,0.0,0.0,6490007.415127042,0.0,streaming,179/F072FFE8,179/F0629BC0,179/F0629AF8,7912,1082128,1504552,1082328,0.112598,0.287342,0.112598,1078630.6139044142,True,9251888,reserved,7.9,37.7,0.0,14964090.634117907,0.0,26.98775537050484,6551612.464265943,198794.80469862427,1003.06,1
2026-09-13T22:02:36.859262+00:00,1789336956.859263,F_lat_northeurope_rep2,r3-pub,F01,load,16,1,1000,6,99.5,2297453277,22050274,804964567866,60320,1789156079.537691,5975226.6790000005,192964.18600000002,87585314,85002632,430130165,8106,22125,16055198,4845912164,11084516.447,790881.489,179/F0D68000,179/F0DB8658,4,1.0005948543548584,6305455,6301706.402503432,6.009775545600349,4065,4062.583354599541,4061,4058.585732602395,0.0,0.0,6509072.050144884,0.0,streaming,179/F0D65C20,179/F0C5DFD8,179/F0C5D8C8,9184,1089576,1825616,1091384,0.112638,0.112638,0.112638,9050.616201538363,True,15764832,reserved,3.5,37.7,0.0,6516955.360723256,0.0,11.99286599143776,6561646.775840349,241311.45483021703,1003.05,1
2026-09-13T22:02:37.860572+00:00,1789336957.8605723,F_lat_northeurope_rep2,r3-pub,F01,load,16,1,1000,6,99.5,2297479448,22050274,804971242314,60320,1789156079.537691,5975259.6280000005,192964.18600000002,87589621,85002632,430134470,8106,22125,16055198,4845959831,11084516.447,790889.748,179/F1326000,179/F13C8268,3,1.0013093948364258,6674448,6665719.94072855,6.356925907829809,4307,4301.367811198449,4305,4299.370426563576,0.0,0.0,6013246.28636248,0.0,streaming,179/F1323FE8,179/F121BD98,179/F121B6F8,8216,1090152,1701576,1091848,0.113252,0.113252,0.113252,463.393235290476,True,21785952,reserved,2.9,37.7,0.0,14489060.099521024,0.0,30.959461840527492,6066618.401190915,247922.37172662673,1003.05,1
2026-09-13T22:02:38.863878+00:00,1789336958.8633611,F_lat_northeurope_rep2,r3-pub,F01,load,16,1,1000,6,99.5,2297504072,22050275,804977537650,60320,1789156079.537691,5975298.550000001,192964.18600000002,87593679,85002632,430138526,8106,22125,16055198,4846004722,11084516.447,790897.851,179/F195C000,179/F19D54F0,1,1.002788782119751,6295336,6277828.504116856,5.987003807179313,4058,4046.7145946945802,4056,4044.7201567474663,0.0,0.0,6494528.175946701,0.0,streaming,179/F1959B90,179/F1851FD8,179/F1851B10,9328,1089576,2028320,1090800,0.113095,0.113095,0.113095,-1045.0854842878068,True,28298592,reserved,3.3,37.7,0.0,14867976.453110686,0.0,18.947160497584285,6560566.010813597,202638.88430269036,1003.04,1
2026-09-13T22:02:39.863784+00:00,1789336959.8637846,F_lat_northeurope_rep2,r3-pub,F01,load,16,1,1000,6,99.5,2297527195,22050275,804983449695,60320,1789156079.537691,5975333.4520000005,192964.18600000002,87597489,85002632,430142333,8106,22125,16055198,4846046776,11084516.447,790905.615,179/F1F92000,179/F1FDA660,1,1.0004234313964844,5912045,5909542.714075995,5.6357791081199595,3810,3808.3874092009687,3807,3805.388678957503,0.0,0.0,6509883.510934015,0.0,streaming,179/F1F7DBC0,179/F1E7DFF0,179/F1E7DAE8,83008,1130512,2364112,1131800,0.112863,0.285244,0.112863,40982.64666069284,True,34811232,reserved,4.6,37.7,0.0,14903129.547043908,0.0,17.99238146079198,6489317.219347581,238297.09752721587,1003.03,1
2026-09-13T22:02:40.864152+00:00,1789336960.864153,F_lat_northeurope_rep2,r3-pub,F01,load,16,1,1000,6,99.5,2297551854,22050275,804989745285,60320,1789156079.537691,5975366.661,192964.18600000002,87601551,85002632,430146391,8106,22125,16055198,4846091634,11084516.447,790913.958,179/F253C000,179/F25E4BF0,1,1.000368356704712,6295590,6293271.83112643,6.001731711508207,4062,4060.5042860217322,4058,4056.5057589060043,0.0,0.0,5937013.061432859,0.0,streaming,179/F2539C58,179/F242DB90,179/F242D640,9128,1107056,2119448,1108416,0.112873,0.285563,0.112873,-23375.38951854559,True,40750432,reserved,4.6,37.7,0.0,5994335.946163935,0.0,13.994844905047822,6060205.682604879,251481.36515303576,1003.03,1
2026-09-13T22:02:41.864353+00:00,1789336961.864354,F_lat_northeurope_rep2,r3-pub,F01,load,16,1,1000,6,99.5,2297576512,22050275,804996062990,60320,1789156079.537691,5975401.73,192964.18600000002,87605613,85002632,430150450,8106,22125,16055198,4846136494,11084516.447,790922.056,179/F2B71798,179/F2BEA480,1,1.0002009868621826,6317705,6316435.479452806,6.023822287991338,4062,4061.183755420251,4059,4058.184358259675,0.0,0.0,6509179.740388596,0.0,streaming,179/F2B6FF18,179/F2A67EA0,179/F2A67410,6272,1087736,2454304,1090440,0.112860,0.283305,0.112860,-17972.387786172927,True,47260920,reserved,4.3,37.7,0.0,14906444.00059402,0.0,17.99638296345754,6571604.193893563,202262.3479253528,1003.02,1
2026-09-13T22:02:42.865010+00:00,1789336962.8650105,F_lat_northeurope_rep2,r3-pub,F01,load,16,1,1000,6,99.5,2297601159,22050275,805002347506,60320,1789156079.537691,5975437.501,192964.18600000002,87609671,85002632,430154505,8106,22125,16055198,4846181063,11084516.447,790930.561,179/F31012E0,179/F31F1B88,1,1.0006566047668457,6284516,6280392.264501467,5.989448799611537,4058,4055.3372462329567,4055,4052.339214754716,0.0,0.0,5827669.524410671,0.0,streaming,179/F30FFFF0,179/F30FFFF0,179/F30FEEC8,4848,4848,64104,9240,0.113121,0.113121,0.113121,-1080490.5447577804,True,53092416,reserved,1.6,37.7,0.0,14351152.964553742,0.0,24.98359565200195,5881033.485379521,254376.97486572736,1003.02,1
2026-09-13T22:02:43.865565+00:00,1789336963.8655655,F_lat_northeurope_rep2,r3-pub,F01,load,16,1,1000,6,99.5,2297625832,22050275,805008647161,60320,1789156079.537691,5975473.091000001,192964.18600000002,87613731,85002632,430158562,8106,22125,16055198,4846225727,11084516.447,790938.962,179/F373A000,179/F37FBA60,1,1.0005550384521484,6299655,6296160.388883276,6.004486454852367,4060,4057.74779394524,4057,4054.749458136906,0.0,0.0,6520572.831348567,0.0,streaming,179/F3737FF0,179/F3737FF0,179/F3737AC0,8208,8208,404576,9536,0.112951,0.284298,0.112951,295.83579975561355,True,59616608,reserved,4.3,37.7,0.0,14974856.378894314,0.0,26.98502227500529,6570100.341675896,235027.55067206273,1003.01,1
2026-09-13T22:02:44.865761+00:00,1789336964.8657618,F_lat_northeurope_rep2,r3-pub,F01,load,16,1,1000,6,99.5,2297650562,22050276,805014973697,60320,1789156079.537691,5975507.328000001,192964.18600000002,87617805,85002632,430162633,8106,22125,16055198,4846270710,11084516.447,790947.39,179/F3D74000,179/F3E051B0,1,1.0001962184906006,6326536,6325294.86018993,6.032271251859598,4074,4073.200762694431,4071,4070.20135123442,0.0,0.0,6527743.136094807,0.0,streaming,179/F3D6FF80,179/F3C63FD8,179/F3C63A08,16512,1114152,1787640,1115640,0.113202,0.113202,0.113202,1105887.004521198,True,66145632,reserved,4.5,37.7,0.0,6527743.136094807,0.0,11.997645840042507,6581653.557873218,212583.28722825318,1003.01,1
2026-09-13T22:02:45.866356+00:00,1789336965.8663352,F_lat_northeurope_rep2,r3-pub,F01,load,16,1,1000,6,99.5,2297675292,22050276,805021283054,60320,1789156079.537691,5975541.089000001,192964.18600000002,87621874,85002632,430166699,8106,22125,16055198,4846315904,11084516.447,790955.535,179/F431C000,179/F440E8D8,1,1.0005733966827393,6309357,6305741.308851292,6.013623532153408,4069,4066.6681859523737,4066,4063.6699051566357,0.0,0.0,5927609.128589092,0.0,streaming,179/F4319F28,179/F4319F28,179/F4319840,8408,8408,520712,10176,0.113067,0.285819,0.113067,-1104830.4938598317,True,72076640,reserved,5.6,37.7,0.0,14327784.495899048,0.0,19.98853863825202,5993967.079160362,251547.7633469464,1003.0,1
2026-09-13T22:02:46.867037+00:00,1789336966.8670373,F_lat_northeurope_rep2,r3-pub,F01,load,16,1,1000,6,99.5,2297699981,22050276,805027598970,60320,1789156079.537691,5975576.211,192964.18600000002,87625939,85002632,430170761,8106,22125,16055198,4846360765,11084516.447,790964.037,179/F4956000,179/F4A17A20,1,1.000702142715454,6315916,6311484.437178733,6.0191006061351136,4065,4062.1477925183854,4062,4059.149897468556,0.0,0.0,6524442.90993839,0.0,streaming,179/F4953FF0,179/F4953FF0,179/F4953B28,8208,8208,847928,9432,0.112893,0.112893,0.112893,-743.4779723576086,True,78605664,reserved,4.2,37.7,0.0,14915351.29473996,0.0,17.9873702989744,6577622.570227308,242781.53271535714,1003.0,1
2026-09-13T22:02:47.868205+00:00,1789336967.8682055,F_lat_northeurope_rep2,r3-pub,F01,load,16,1,1000,6,99.5,2297724693,22050276,805033910764,60320,1789156079.537691,5975652.73,192964.18600000002,87630009,85002632,430174829,8106,22125,16055198,4846405579,11084516.447,790972.805,179/F4F8E000,179/F5020ED8,1,1.0011682510375977,6311794,6304428.844460998,6.012371868573187,4070,4065.2507665738553,4068,4063.2531003494946,0.0,0.0,6513222.920564945,0.0,streaming,179/F4F8BE08,179/F4E83DC8,179/F4E832B0,8696,1090104,2371416,1092944,0.113036,0.113036,0.113036,1082247.6630447104,True,85126496,reserved,10.9,37.7,0.0,6541861.463557379,0.0,14.982496682704626,6566096.15135821,216098.54265332193,1002.99,1
2026-09-13T22:02:48.868855+00:00,1789336968.8688552,F_lat_northeurope_rep2,r3-pub,F01,load,16,1,1000,6,99.5,2297749401,22050276,805040230198,60320,1789156079.537691,5975688.329000001,192964.18600000002,87634078,85002632,430178895,8106,22125,16055198,4846450633,11084516.447,790981.672,179/F5536000,179/F5627FD8,1,1.0006496906280518,6319434,6315330.988643633,6.022768963473924,4069,4066.358125235732,4066,4063.360073042145,0.0,0.0,5927157.1815281715,0.0,streaming,179/F5533DA8,179/F5533DA8,179/F55337D8,8792,8792,952112,10280,0.113272,0.113272,0.113272,-1081961.0600393754,True,91057504,reserved,2.1,37.7,0.0,14314412.060638132,0.0,18.987663892720303,5985648.180474331,246039.1506696761,1002.99,1
2026-09-13T22:02:49.869141+00:00,1789336969.8691416,F_lat_northeurope_rep2,r3-pub,F01,load,16,1,1000,6,99.5,2297774058,22050276,805046523359,60320,1789156079.537691,5975726.222,192964.18600000002,87638139,85002632,430182953,8106,22125,16055198,4846495654,11084516.447,790989.877,179/F5B6E000,179/F5C2EC40,1,1.000286340713501,6293161,6291359.527623969,5.999907996772737,4061,4059.837503232626,4058,4056.8383620088644,0.0,0.0,6518965.354809016,0.0,streaming,179/F5B69B48,179/F5B69B48,179/F5B69A80,17592,17592,1305752,17792,0.120019,0.120019,0.120019,7509.849624300293,True,2368856,reserved,4.9,37.7,0.0,14970689.282149348,0.0,28.991698496366944,6557646.278885617,242744.49236885668,1002.98,1
2026-09-13T22:02:50.870050+00:00,1789336970.870051,F_lat_northeurope_rep2,r3-pub,F01,load,16,1,1000,6,99.5,2297798729,22050277,805052833045,60320,1789156079.537691,5975764.279,192964.18600000002,87642198,85002632,430187009,8106,22125,16055198,4846540580,11084516.447,790999.693,179/F621C000,179/F6234A28,1,1.0009093284606934,6309686,6303953.635544308,6.011918674034413,4059,4055.3123890276547,4056,4052.3151145346555,0.0,0.0,6997796.704294639,0.0,streaming,179/F6219FE8,179/F6111FE8,179/F6111FE8,8216,1089560,2136200,1089560,0.120019,0.285190,0.120019,1070794.296270853,True,9373016,reserved,7.5,37.7,0.0,15386968.191899322,0.0,20.98092145099304,7069268.712763195,221195.86030883362,1002.98,1
2026-09-13T22:02:51.870635+00:00,1789336971.870635,F_lat_northeurope_rep2,r3-pub,F01,load,16,1,1000,6,99.5,2297823378,22050277,805059119488,60320,1789156079.537691,5975790.430000001,192964.18600000002,87646256,85002632,430191063,8106,22125,16055198,4846585208,11084516.447,791008.452,179/F6748000,179/F6838D48,1,1.0005841255187988,6286443,6282773.07191987,5.991719314498777,4058,4055.6310024366453,4054,4051.6333375747067,0.0,0.0,5419938.075859581,0.0,streaming,179/F6745CF8,179/F6745CF8,179/F6745CF8,8968,8968,1370784,8968,0.112710,0.266388,0.112710,-1079961.1671229717,True,14796120,reserved,2.9,37.7,0.0,5428125.293496831,0.0,9.994162154846341,5465806.283069248,234070.2735800097,1002.97,1
2026-09-13T22:02:52.871506+00:00,1789336972.8715067,F_lat_northeurope_rep2,r3-pub,F01,load,16,1,1000,6,99.5,2297848046,22050277,805065416222,60320,1789156079.537691,5975824.194,192964.18600000002,87650315,85002632,430195119,8106,22125,16055198,4846629887,11084516.447,791016.811,179/F6D7A000,179/F6E3A9F8,1,1.0008716583251953,6296734,6291250.179405235,5.999803714184985,4059,4055.4650201526456,4056,4052.4676328502414,0.0,0.0,6490598.41585532,0.0,streaming,179/F6D75E78,179/F6D75E78,179/F6D75E78,16776,16776,1680744,16776,0.112333,0.112333,0.112333,7801.200019056875,True,21292376,reserved,7.2,37.7,0.0,15096984.587698787,0.0,23.979098419232198,6543068.679713003,245315.1689906526,1002.97,1
2026-09-13T22:02:53.872705+00:00,1789336973.8727052,F_lat_northeurope_rep2,r3-pub,F01,load,16,1,1000,6,99.5,2297872696,22050277,805071710308,60320,1789156079.537691,5975863.507,192964.18600000002,87654367,85002632,430199169,8106,22125,16055198,4846674999,11084516.447,791025.643,179/F742A000,179/F7441140,1,1.0011985301971436,6294086,6286551.378337168,5.9953225882884675,4052,4047.1493692685813,4050,4045.151763459465,0.0,0.0,7003957.545382348,0.0,streaming,179/F7425D20,179/F731DD38,179/F731DD38,17120,1098440,1502528,1098440,0.112510,0.112510,0.112510,1080369.1449557084,True,28304728,reserved,3.3,37.7,0.0,9364520.339591235,0.0,40.9509190868736,7052124.8154546525,235543.6937702696,1002.96,1
2026-09-13T22:02:54.872849+00:00,1789336974.8728492,F_lat_northeurope_rep2,r3-pub,F01,load,16,1,1000,6,99.5,2297897323,22050277,805078000294,60320,1789156079.537691,5975890.376,192964.18600000002,87658417,85002632,430203216,8106,22125,16055198,4846719843,11084516.447,791033.482,179/F7954000,179/F7A45A40,1,1.0001440048217773,6289986,6289080.342106191,5.997734396082107,4050,4049.4168644461333,4047,4046.4172963983956,0.0,0.0,5414132.338837467,0.0,streaming,179/F7951BA0,179/F7951BA0,179/F7951A98,9312,9312,1747424,9576,0.112552,0.285388,0.112552,-1088707.2209106851,True,33719640,reserved,3.3,37.7,0.0,8493880.840203408,0.0,24.996400397815638,5464698.057130216,231521.659764648,1002.95,1
2026-09-13T22:02:55.873130+00:00,1789336975.8731308,F_lat_northeurope_rep2,r3-pub,F01,load,16,1,1000,6,99.5,2297921884,22050278,805084294566,60320,1789156079.537691,5975928.140000001,192964.18600000002,87662459,85002632,430207255,8106,22125,16055198,4846764665,11084516.447,791041.65,179/F7F8A000,179/F804D980,1,1.000281572341919,6294272,6292500.205980477,6.000995832424619,4042,4040.862204965576,4039,4037.86304944482,0.0,0.0,6510806.73689931,0.0,streaming,179/F7F87E50,179/F7F87E50,179/F7F87878,8624,8624,1050104,10120,0.113629,0.113629,0.113629,543.8468677637985,True,40232280,reserved,3.3,37.7,0.0,6510806.73689931,0.0,11.996622083024967,6550436.578232076,237848.02857357374,1002.95,1
2026-09-13T22:02:56.873749+00:00,1789336976.8737495,F_lat_northeurope_rep2,r3-pub,F01,load,16,1,1000,6,99.5,2297946524,22050278,805090601379,60320,1789156079.537691,5975965.229,192964.18600000002,87666512,85002632,430211305,8106,22125,16055198,4846809515,11084516.447,791050.037,179/F8638000,179/F864FAD0,1,1.0006186962127686,6306813,6302913.411342994,6.010926638930315,4053,4050.493974718,4050,4047.4958296589934,0.0,0.0,6999829.232164034,0.0,streaming,179/F8635FD8,179/F852DED8,179/F852DED8,8232,1089832,2038696,1089832,0.112867,0.112867,0.112867,1079044.3993167337,True,47236440,reserved,1.4,37.7,0.0,16402523.82063233,0.0,71.95548141615988,7046800.171421804,222649.24775363907,1002.94,1
2026-09-13T22:02:57.874110+00:00,1789336977.874111,F_lat_northeurope_rep2,r3-pub,F01,load,16,1,1000,6,99.5,2297971132,22050278,805096896570,60320,1789156079.537691,5975991.283000001,192964.18600000002,87670564,85002632,430215354,8106,22125,16055198,4846854281,11084516.447,791057.826,179/F8B65B30,179/F8C57290,2,1.000361442565918,6295191,6292916.472123208,6.001392814753731,4052,4050.5359638878695,4049,4047.5370478237865,0.0,0.0,5428102.052865948,0.0,streaming,179/F8B63CD0,179/F8B63CD0,179/F8B63BC8,7776,7776,666784,8040,0.112383,0.283486,0.112383,-1081401.1355987627,True,52666504,reserved,3.5,37.7,0.0,13880423.024286075,0.0,26.99024457674543,5455816.035852825,232796.85730655747,1002.94,1
2026-09-13T22:02:58.874983+00:00,1789336978.8749833,F_lat_northeurope_rep2,r3-pub,F01,load,16,1,1000,6,99.5,2297995708,22050278,805103182208,60320,1789156079.537691,5976028.626,192964.18600000002,87674604,85002632,430219391,8106,22125,16055198,4846898837,11084516.447,791066.334,179/F920C000,179/F925DBB8,2,1.0008723735809326,6285638,6280159.354894743,5.98922667970156,4040,4036.4786826372697,4037,4033.481297476895,0.0,0.0,6966546.568823022,0.0,streaming,179/F9209C40,179/F9101B98,179/F9101B98,9152,1090664,1146640,1090664,0.112950,0.112950,0.112950,1081680.3706216563,True,59639128,reserved,2.9,37.7,0.0,7006239.941373471,0.0,16.98518257545386,7024904.658767121,217571.19663608278,1002.93,1
2026-09-13T22:02:59.878686+00:00,1789336979.8786862,F_lat_northeurope_rep2,r3-pub,F01,load,16,1,1000,6,99.5,2298020291,22050278,805109454916,60320,1789156079.537691,5976060.205,192964.18600000002,87678648,85002632,430223432,8106,22125,16055198,4846943570,11084516.447,791074.82,179/F983E000,179/F986F6F8,1,1.0037028789520264,6272708,6249566.611335599,5.9600511659008015,4044,4029.080801504097,4041,4026.0918691587676,0.0,0.0,6472289.893980168,0.0,streaming,179/F983BCD0,179/F9733B90,179/F9733538,9008,1090672,1854088,1092296,0.113174,0.113174,0.113174,1625.9791958592202,True,66135384,reserved,5.6,37.7,0.0,14838112.266400939,0.0,17.933594071976692,6524992.74171458,237819.38361004647,1002.93,1
2026-09-13T22:03:00.879334+00:00,1789336980.879335,F_lat_northeurope_rep2,r3-pub,F01,load,16,1,1000,6,99.5,2298044880,22050278,805115740057,60320,1789156079.537691,5976088.748000001,192964.18600000002,87682691,85002632,430227472,8106,22125,16055198,4846988450,11084516.447,791083.495,179/F9D6B9D0,179/F9E74370,1,1.0006487369537354,6285141,6281066.240221109,5.990091552945241,4043,4040.3788569284197,4040,4037.3808018775203,0.0,0.0,5426191.828842573,0.0,streaming,179/F9D69B70,179/F9D69B70,179/F9D69538,7776,7776,444960,9368,0.113030,0.286280,0.113030,-1082225.9200533712,True,71565096,reserved,5.0,37.7,0.0,13819131.019039439,0.0,15.989626938128794,5607543.179519779,237034.22713755578,1002.92,1
2026-09-13T22:03:01.880257+00:00,1789336981.8802578,F_lat_northeurope_rep2,r3-pub,F01,load,16,1,1000,6,99.5,2298069514,22050278,805122044806,60320,1789156079.537691,5976128.739,192964.18600000002,87686742,85002632,430231520,8106,22125,16055198,4847033251,11084516.447,791091.999,179/FA418000,179/FA478910,1,1.0009229183197021,6304749,6298935.5969429575,6.007133099501569,4051,4047.2647052588327,4048,4044.2674714608133,0.0,0.0,6991099.785932697,0.0,streaming,179/FA415BE8,179/FA307C98,179/FA3070F8,9240,1114984,1433176,1117960,0.112199,0.124630,0.112199,1107569.803537966,True,78562648,reserved,6.4,37.7,0.0,15407220.39404265,0.0,22.978792451481894,6888472.502532648,216759.94827276136,1002.92,1
2026-09-13T22:03:02.880741+00:00,1789336982.8807414,F_lat_northeurope_rep2,r3-pub,F01,load,16,1,1000,6,99.5,2298094068,22050279,805128324942,60320,1789156079.537691,5976160.998000001,192964.18600000002,87690783,85002632,430235558,8106,22125,16055198,4847078125,11084516.447,791100.463,179/FAA4E000,179/FAA7E798,1,1.000483512878418,6280136,6277100.940855967,5.986309948783843,4041,4039.047068725735,4038,4036.0485185633547,0.0,0.0,6509492.576507293,0.0,streaming,179/FAA4BFE8,179/FA941D28,179/FA941CA8,8216,1098456,2119304,1098584,0.113898,0.113898,0.113898,-19366.635982091026,True,85075288,reserved,3.1,37.7,0.0,6509492.576507293,0.0,11.994200649519628,6550999.507371676,237143.33814197732,1002.91,1
2026-09-13T22:03:03.880867+00:00,1789336983.8808672,F_lat_northeurope_rep2,r3-pub,F01,load,16,1,1000,6,99.5,2298118668,22050279,805134626596,60320,1789156079.537691,5976190.891000001,192964.18600000002,87694831,85002632,430239603,8106,22125,16055198,4847123205,11084516.447,791108.423,179/FB000000,179/FB085630,1,1.0001258850097656,6301654,6300860.816074637,6.008969131540906,4048,4047.4904816211947,4045,4044.490859228689,0.0,0.0,5971216.313376078,0.0,streaming,179/FAF7CF90,179/FAF77B50,179/FAF77570,536688,558256,1945160,559760,0.112801,0.112801,0.112801,-538756.1786731865,True,91047256,reserved,12.4,37.7,0.0,14575829.121608684,0.0,23.99697914004661,5708880.337542958,233145.65045751535,1002.91,1
2026-09-13T22:03:04.881421+00:00,1789336984.881421,F_lat_northeurope_rep2,r3-pub,F01,load,16,1,1000,6,99.5,2298143200,22050279,805140901284,60320,1789156079.537691,5976236.109,192964.18600000002,87698870,85002632,430243639,8106,22125,16055198,4847168157,11084516.447,791117.422,179/FB86C000,179/FB8AE6E0,2,1.000553846359253,6274688,6271214.710564461,5.980696402134381,4039,4036.7642528154156,4036,4033.7659134347655,0.0,0.0,8826087.703458993,0.0,streaming,179/FB863D78,179/FB759EE0,179/FB759E20,33416,1122592,2210016,1122784,0.094872,0.217913,0.094872,562712.3438170702,True,3877448,reserved,6.6,37.7,0.0,17255083.33491635,0.0,32.98173318715244,6973393.811226016,233513.66930441995,1002.9,1
2026-09-13T22:03:05.882435+00:00,1789336985.882435,F_lat_northeurope_rep2,r3-pub,F01,load,16,1,1000,6,99.5,2298167763,22050279,805147179067,60320,1789156079.537691,5976269.247,192964.18600000002,87702913,85002632,430247679,8106,22125,16055198,4847213309,11084516.447,791126.965,179/FBE86000,179/FBEFEC10,2,1.001013994216919,6277783,6271423.812522255,5.98089581730104,4043,4038.9045741191558,4040,4035.907613020378,0.0,0.0,6391471.08528192,0.0,streaming,179/FBE83B60,179/FBD7BD70,179/FBD7BBD8,9376,1090192,1527736,1090600,0.116383,0.116383,0.116383,-32151.398667685113,True,10275400,reserved,12.4,37.9,0.0,14837051.31576968,0.0,26.972649888997577,6058964.2452947525,224466.39237623784,1002.9,1
2026-09-13T22:03:06.882879+00:00,1789336986.8828793,F_lat_northeurope_rep2,r3-pub,F01,load,16,1,1000,6,99.5,2298232948,22050280,805155960800,60320,1789156079.537691,5976302.663000001,192964.18600000002,87706953,85002632,430251760,8119,22176,16055198,4847370505,11084516.447,791138.023,179/FC42E000,179/FC4FCC18,1,1.0004441738128662,8781733,8777834.115952011,8.371194950057994,4040,4038.2063344952667,4081,4079.1881314542534,12.994228304068928,50.97735719288579,5928374.771173788,0.0,streaming,179/FC42BC20,179/FC42BC20,179/FC42B758,9184,9184,943200,10408,0.112652,0.112652,0.112652,-1079712.4200176017,True,16206408,reserved,9.5,37.7,0.0,5985693.3117790595,0.0,12.994228304068928,5848063.443362478,242316.36941427737,1002.89,1
2026-09-13T22:03:07.883505+00:00,1789336987.8834944,F_lat_northeurope_rep2,r3-pub,F01,load,16,1,1000,6,99.5,2298256686,22050280,805162009627,60320,1789156079.537691,5976334.735,192964.18600000002,87710857,85002632,430255661,8119,22176,16055198,4847414588,11084516.447,791147.15,179/FCA94000,179/FCAAB9C0,1,1.000615119934082,6048827,6045108.533237516,5.765064748036877,3904,3901.600048035638,3901,3898.60189226102,0.0,0.0,6705123.544847081,0.0,streaming,179/FCA8FE18,179/FC981FF0,179/FC981F28,16872,1122320,2507248,1122520,0.112652,0.112652,0.112652,1111428.3382738242,True,22915656,reserved,5.2,37.7,0.0,15096761.680949962,0.0,17.988934647705296,6731394.385129539,202837.2307759757,1002.89,1
2026-09-13T22:03:08.883972+00:00,1789336988.883973,F_lat_northeurope_rep2,r3-pub,F01,load,16,1,1000,6,99.5,2298279886,22050281,805167940970,60320,1789156079.537691,5976361.58,192964.18600000002,87714674,85002632,430259475,8119,22176,16055198,4847456975,11084516.447,791155.413,179/FCFDBA38,179/FD049540,1,1.0004785060882568,5931343,5928506.173701615,5.653864072515121,3817,3815.174415814271,3814,3812.17585064596,0.0,0.0,5533664.108033937,0.0,streaming,179/FCFD9C08,179/FCECDFD0,179/FCECCDF8,7728,1104488,2896128,1109056,0.112769,0.112769,0.112769,-13457.560475379447,True,28451968,reserved,3.3,37.7,0.0,13927927.401941372,0.0,18.99091273263588,5599856.434602679,218312.53612232266,1002.88,1
2026-09-13T22:03:09.884115+00:00,1789336989.8841157,F_lat_northeurope_rep2,r3-pub,F01,load,16,1,1000,6,99.5,2298302788,22050281,805173799480,60320,1789156079.537691,5976400.924000001,192964.18600000002,87718444,85002632,430263242,8119,22176,16055198,4847498947,11084516.447,791163.182,179/FD53E000,179/FD5DACB8,1,1.0001428127288818,5858510,5857673.449669754,5.586312722844843,3770,3769.4616728920787,3767,3766.4621012690877,0.0,0.0,5644961.827596967,0.0,streaming,179/FD539DC0,179/FD431FC8,179/FD431360,16960,1097784,1375016,1100960,0.098050,0.137995,0.098050,-8094.843953245165,True,34097736,reserved,4.1,37.7,0.0,5856443.625304327,0.0,22.996715776264672,5678250.073611714,240976.5854762315,1002.88,1
2026-09-13T22:03:10.885104+00:00,1789336990.8851047,F_lat_northeurope_rep2,r3-pub,F01,load,16,1,1000,6,99.5,2298325600,22050281,805179632337,60320,1789156079.537691,5976435.711,192964.18600000002,87722201,85002632,430266995,8119,22176,16055198,4847540624,11084516.447,791171.746,179/FDB70000,179/FDB71F50,1,1.0009889602661133,5832857,5827094.235334356,5.557150111517292,3757,3753.2881471551896,3753,3749.2920990879497,0.0,0.0,6489837.808274097,0.0,streaming,179/FDA83700,179/FDA61F18,179/FDA61F18,976976,1114168,1694504,1114168,0.112324,0.300212,0.112324,13194.950718026548,True,40602008,reserved,5.0,37.7,0.0,14878341.911024349,0.0,22.97727638663012,5810961.190274891,191111.9978277708,1002.87,1
2026-09-13T22:03:11.885881+00:00,1789336991.8858814,F_lat_northeurope_rep2,r3-pub,F01,load,16,1,1000,6,99.5,2298348513,22050281,805185480678,60320,1789156079.537691,5976470.142000001,192964.18600000002,87725972,85002632,430270764,8119,22176,16055198,4847582305,11084516.447,791179.445,179/FE10E000,179/FE10F7E0,1,1.000776767730713,5848341,5843801.723396582,5.573083613773901,3771,3768.073082422606,3769,3766.074634752268,0.0,0.0,5885476.351889978,0.0,streaming,179/FE0A6AD0,179/FDF8DD88,179/FDF8DCB8,423216,1573496,3417936,1573704,0.112740,0.112740,0.112740,459179.324318259,True,46484040,reserved,4.2,37.7,0.0,14288037.513524279,0.0,19.98447670338163,6441221.666862812,198746.62003896548,1002.86,1
2026-09-13T22:03:12.886585+00:00,1789336992.886586,F_lat_northeurope_rep2,r3-pub,F01,load,16,1,1000,6,99.5,2298371593,22050281,805191371679,60320,1789156079.537691,5976502.232000001,192964.18600000002,87729772,85002632,430274561,8119,22176,16055198,4847624360,11084516.447,791187.212,179/FE64A000,179/FE6BF328,1,1.0007045269012451,5891001,5886853.5533080045,5.614141038234715,3800,3797.3246826083405,3797,3794.326794701018,0.0,0.0,5484775.827881958,0.0,streaming,179/FE633D50,179/FE533FE0,179/FE533F60,90800,1138720,2716160,1138848,0.113508,0.113508,0.113508,-434549.84794219275,True,51972680,reserved,3.9,37.7,0.0,13883850.45386239,0.0,19.98591938214916,5702380.51952286,213200.79430504527,1002.86,1
2026-09-13T22:03:13.887616+00:00,1789336993.8875835,F_lat_northeurope_rep2,r3-pub,F01,load,16,1,1000,6,99.5,2298395034,22050281,805197349844,60320,1789156079.537691,5976541.709000001,192964.18600000002,87733631,85002632,430278417,8119,22176,16055198,4847667221,11084516.447,791195.079,179/FEC5A000,179/FEC88408,1,1.000997543334961,5978165,5972207.464249034,5.695540870904002,3859,3855.154316506323,3856,3852.157306154025,0.0,0.0,6350656.944492398,0.0,streaming,179/FEC43C78,179/FEB43BD8,179/FEB43B98,91016,1139752,1858416,1139816,0.112310,0.112310,0.112310,967.0353403415705,True,58329672,reserved,3.9,37.7,0.0,6551160.933074955,0.0,27.97209662145039,6398380.338338945,231384.18424918686,1002.85,1
2026-09-13T22:03:14.888180+00:00,1789336994.8881807,F_lat_northeurope_rep2,r3-pub,F01,load,16,1,1000,6,99.5,2298418812,22050282,805203432808,60320,1789156079.537691,5976573.863000001,192964.18600000002,87737544,85002632,430282327,8119,22176,16055198,4847710614,11084516.447,791203.555,179/FF206000,179/FF267970,1,1.0005972385406494,6082964,6079333.187918725,5.797703922194219,3913,3910.6644005004755,3910,3907.6661911466545,0.0,0.0,5943842.108413321,0.0,streaming,179/FF203B90,179/FF0FFEB0,179/FF0FD990,9328,1073488,1648768,1082992,0.118461,0.118461,0.118461,-56790.08277384079,True,64277064,reserved,4.1,37.7,0.0,14352004.429818941,0.0,18.988659240866095,6065974.166441218,218953.23269083726,1002.85,1
2026-09-13T22:03:15.888501+00:00,1789336995.8885014,F_lat_northeurope_rep2,r3-pub,F01,load,16,1,1000,6,99.5,2298443075,22050282,805209638079,60320,1789156079.537691,5976607.977000001,192964.18600000002,87741527,85002632,430286307,8119,22176,16055198,4847754552,11084516.447,791212.262,179/FF82C000,179/FF85DB08,1,1.0003206729888916,6205271,6203281.775092244,5.915910506336445,3983,3981.72316893048,3980,3978.7241306410524,0.0,0.0,6445037.250641319,0.0,streaming,179/FF827DE8,179/FF723E80,179/FF723E80,16920,1081728,1901072,1081728,0.112660,0.112660,0.112660,-1263.5947992789672,True,70724168,reserved,5.0,37.7,0.0,14839145.48686413,0.0,17.994229736567572,6483978.763150111,226527.35879478956,1002.84,1
2026-09-13T22:03:16.889318+00:00,1789336996.889319,F_lat_northeurope_rep2,r3-pub,F01,load,16,1,1000,6,99.5,2298465954,22050282,805215477701,60320,1789156079.537691,5976645.069,192964.18600000002,87745287,85002632,430290064,8119,22176,16055198,4847796000,11084516.447,791220.548,179/FFE63FF8,179/FFE63FF8,1,1.0008175373077393,5839622,5834851.790975749,5.5645482930905805,3760,3756.928570730916,3757,3753.9310213393755,0.0,0.0,6515497.3378478335,0.0,streaming,179/FFE06698,179/FFD54000,179/FFD53F80,383328,1114104,2243968,1114232,0.112390,0.112390,0.112390,32477.448474212153,True,77244992,reserved,1.4,37.7,0.0,14905446.241608983,0.0,17.985296349243747,6333646.008094369,243838.65280426363,1002.84,1
2026-09-13T22:03:17.889388+00:00,1789336997.8893883,F_lat_northeurope_rep2,r3-pub,F01,load,16,1,1000,6,99.5,2298490685,22050282,805221812087,60320,1789156079.537691,5976677.289000001,192964.18600000002,87749352,85002632,430294126,8119,22176,16055198,4847841006,11084516.447,791229.152,17A/430000,17A/47D928,3,1.0000693798065186,6334386,6333946.552013722,6.040522148145411,4065,4064.717990652256,4062,4061.718198777236,0.0,0.0,6078050.306045757,0.0,streaming,17A/42DDB8,17A/323B60,17A/323B60,8776,1098912,2332384,1098912,0.113350,0.113350,0.113350,-15318.937175102721,True,83323464,reserved,7.1,37.7,0.0,6114903.749161004,0.0,12.999098125087166,6327293.013634928,228785.12693215912,1002.83,1
2026-09-13T22:03:18.889611+00:00,1789336998.8896112,F_lat_northeurope_rep2,r3-pub,F01,load,16,1,1000,6,99.5,2298515579,22050282,805228168600,60320,1789156079.537691,5976713.301000001,192964.18600000002,87753441,85002632,430298212,8119,22176,16055198,4847886092,11084516.447,791237.485,17A/A76000,17A/A8F858,1,1.00022292137146,6356513,6355096.313214098,6.060692132200335,4089,4088.088677665325,4086,4085.0893462803906,0.0,0.0,6576709.910806988,0.0,streaming,17A/A73F78,17A/963FF8,17A/963520,8328,1122312,1671232,1125088,0.113226,0.113226,0.113226,26170.16611067927,True,89901640,reserved,5.8,37.7,0.0,9267182.147046212,0.0,95.97860431789464,6639967.809269507,243582.70021040516,1002.83,1
2026-09-13T22:03:19.890707+00:00,1789336999.8907077,F_lat_northeurope_rep2,r3-pub,F01,load,16,1,1000,6,99.5,2298540542,22050282,805234544538,60320,1789156079.537691,5976743.154,192964.18600000002,87757552,85002632,430302319,8119,22176,16055198,4847931648,11084516.447,791245.777,17A/FB8000,17A/10BA720,2,1.001096487045288,6375938,6368954.523872545,6.073908351776643,4111,4106.49727893214,4107,4102.501660076453,0.0,0.0,5507177.451268582,0.0,streaming,17A/FB5F68,17A/FB5F68,17A/FB5F68,8344,8344,872448,8344,0.113184,0.113184,0.113184,-1115520.8458437836,True,1698600,reserved,4.3,37.7,0.0,9164990.706420224,0.0,48.94633098216367,5550330.13491,239755.11162606042,1002.82,1
2026-09-13T22:03:20.890956+00:00,1789337000.8909569,F_lat_northeurope_rep2,r3-pub,F01,load,16,1,1000,6,99.5,2298565590,22050282,805240945969,60320,1789156079.537691,5976785.1450000005,192964.18600000002,87761666,85002632,430306431,8119,22176,16055198,4847977140,11084516.447,791254.409,17A/16593B0,17A/16E2A10,2,1.0002491474151611,6401431,6399836.497279249,6.103359696654557,4114,4112.97526284464,4112,4110.975761015353,0.0,0.0,6950124.394472069,0.0,streaming,17A/1657FF8,17A/1545F78,17A/1545F78,5048,1127480,1647280,1127480,0.113184,0.113184,0.113184,1118857.2396108166,True,8650456,reserved,4.7,37.7,0.0,16007275.828603532,0.0,32.99178018324578,6969131.658861277,210937.4454806978,1002.82,1
2026-09-13T22:03:21.891110+00:00,1789337001.891111,F_lat_northeurope_rep2,r3-pub,F01,load,16,1,1000,6,99.5,2298590662,22050283,805247381361,60320,1789156079.537691,5976817.694,192964.18600000002,87765786,85002632,430310548,8119,22176,16055198,4848022816,11084516.447,791263.633,17A/1CAE000,17A/1D02F90,2,1.0001540184020996,6435392,6434400.983842,6.136322959749222,4120,4119.365541901572,4117,4116.366003885624,0.0,0.0,6637649.67980262,0.0,streaming,17A/1CABEB8,17A/1B9DC00,17A/1B9DB80,8520,1115136,2099320,1115264,0.113255,0.113255,0.113255,-12214.118800939224,True,15289128,reserved,3.7,37.7,0.0,6650879.64214496,0.0,12.997998069106902,6659028.387088285,248884.66718125364,1002.81,1
2026-09-13T22:03:22.894822+00:00,1789337002.8948224,F_lat_northeurope_rep2,r3-pub,F01,load,16,1,1000,6,99.5,2298617270,22050283,805254195865,60320,1789156079.537691,5976849.983000001,192964.18600000002,87770162,85002632,430314921,8119,22176,16055198,4848071394,11084516.447,791273.417,17A/221FDC0,17A/23292F8,1,1.003711462020874,6814504,6789305.749562398,6.474786519586942,4376,4359.818698482685,4373,4356.829791696705,0.0,0.0,5688136.696680729,0.0,streaming,17A/2221E80,17A/221DE88,17A/221DE40,1065344,1081720,1628840,1081792,0.113227,0.113227,0.113227,-33348.22931343977,True,22072104,reserved,3.9,37.7,0.0,15144049.435677245,0.0,18.929742977872717,5995211.002058733,247116.8352512464,1002.81,1
2026-09-13T22:03:23.895220+00:00,1789337003.8952208,F_lat_northeurope_rep2,r3-pub,F01,load,16,1,1000,6,99.5,2298640614,22050283,805260147333,60320,1789156079.537691,5976882.732000001,192964.18600000002,87774000,85002632,430318756,8119,22176,16055198,4848113876,11084516.447,791282.53,17A/2860000,17A/29381E0,1,1.0003983974456787,5951468,5949097.894594701,5.673501867861463,3838,3836.471559530264,3835,3833.4727542466294,0.0,0.0,6551565.872891044,0.0,streaming,17A/285DE48,17A/285DE48,17A/285D1E0,8632,8632,898568,11808,0.112999,0.112999,0.112999,-1069557.8908682726,True,27552552,reserved,4.6,37.7,0.0,13998646.97480228,0.0,22.99084050786766,6346144.712156769,262559.39700689353,1002.8,1
2026-09-13T22:03:24.895804+00:00,1789337004.8958046,F_lat_northeurope_rep2,r3-pub,F01,load,16,1,1000,6,99.5,2298665488,22050283,805266498024,60320,1789156079.537691,5976915.53,192964.18600000002,87778093,85002632,430322844,8119,22176,16055198,4848159585,11084516.447,791291.4,17A/2EA0000,17A/2F4A5B0,1,1.0005838871002197,6350691,6346985.077288085,6.052956654823384,4093,4090.611544687047,4088,4085.6144624189224,0.0,0.0,6549775.670476676,0.0,streaming,17A/2E9DFB8,17A/2D8FF60,17A/2D8FF60,8264,1114272,2391056,1114272,0.112927,0.112927,0.112927,1101820.661129211,True,34106152,reserved,3.5,37.7,0.0,6570243.719446915,0.0,13.991830350749735,6599508.632041962,233848.4589014412,1002.79,1
2026-09-13T22:03:25.896225+00:00,1789337005.8962257,F_lat_northeurope_rep2,r3-pub,F01,load,16,1,1000,6,99.5,2298690247,22050283,805272832178,60320,1789156079.537691,5976956.809,192964.18600000002,87782160,85002632,430326909,8119,22176,16055198,4848204581,11084516.447,791299.615,17A/353E000,17A/3555ED0,1,1.0004210472106934,6334154,6331488.1445771875,6.038177628113925,4067,4065.2883216914875,4065,4063.2891634314965,0.0,0.0,6935703.741285536,0.0,streaming,17A/353BBB0,17A/342FFE0,17A/342F550,9296,1105952,2412736,1108656,0.113348,0.273478,0.113348,-5613.636394054437,True,41044776,reserved,9.7,37.8,0.0,15337158.332264237,0.0,20.99116172990441,6973783.707821843,208346.27638147122,1002.79,1
2026-09-13T22:03:26.896553+00:00,1789337006.8965535,F_lat_northeurope_rep2,r3-pub,F01,load,16,1,1000,6,99.5,2298714990,22050283,805279160783,60320,1789156079.537691,5976983.5600000005,192964.18600000002,87786225,85002632,430330971,8119,22176,16055198,4848249508,11084516.447,791308.109,17A/3A6E000,17A/3B5D9A0,1,1.0003278255462646,6328605,6326531.0015184665,6.033450128096072,4065,4063.6678258751444,4062,4060.66880902948,0.0,0.0,5437705.381262961,0.0,streaming,17A/3A69BB0,17A/3A69BB0,17A/3A69BB0,17488,17488,626928,17488,0.112900,0.112900,0.112900,-1090810.4044832792,True,46484264,reserved,1.9,37.8,0.0,13823564.282487769,0.0,14.995084228321566,5454864.75598157,230910.3017042057,1002.78,1
2026-09-13T22:03:27.897126+00:00,1789337007.8971267,F_lat_northeurope_rep2,r3-pub,F01,load,16,1,1000,6,99.5,2298739641,22050284,805285465426,60320,1789156079.537691,5977031.532000001,192964.18600000002,87790277,85002632,430335020,8119,22176,16055198,4848294449,11084516.447,791316.358,17A/4102000,17A/41629A8,1,1.0005731582641602,6304643,6301031.511716326,6.009131919590307,4052,4049.678893075239,4049,4046.6806115650647,0.0,0.0,6893712.811531324,0.0,streaming,17A/40FFF28,17A/3FFFFF0,17A/3FFF010,8408,1056784,2083424,1060848,0.113783,0.113783,0.113783,1042762.3321517723,True,53381928,reserved,4.3,37.7,0.0,15379856.90791163,0.0,29.98281510174165,6948634.332807524,210940.09793962314,1002.78,1
2026-09-13T22:03:28.897316+00:00,1789337008.8973165,F_lat_northeurope_rep2,r3-pub,F01,load,16,1,1000,6,99.5,2298764171,22050284,805291740788,60320,1789156079.537691,5977065.237000001,192964.18600000002,87794313,85002632,430339053,8119,22176,16055198,4848339345,11084516.447,791324.79,17A/4737840,17A/4766E60,1,1.0001897811889648,6275362,6274171.280314653,5.983516006769803,4036,4035.234188457963,4033,4032.2347576934994,0.0,0.0,6509420.634412529,0.0,streaming,17A/4735EC0,17A/462BFE8,17A/462BB20,6528,1095768,2423520,1096992,0.112936,0.285320,0.112936,36137.141850253865,True,59892584,reserved,2.3,37.8,0.0,6581023.0456217965,0.0,15.996964077137614,6534717.833480013,239321.58126576245,1002.77,1
2026-09-13T22:03:29.897893+00:00,1789337009.8978934,F_lat_northeurope_rep2,r3-pub,F01,load,16,1,1000,6,99.5,2298788721,22050284,805298024407,60320,1789156079.537691,5977100.403000001,192964.18600000002,87798346,85002632,430343083,8119,22176,16055198,4848384026,11084516.447,791332.956,17A/4D66000,17A/4D666A0,1,1.0005769729614258,6283619,6279995.612333811,5.9890705226266965,4033,4030.6744098492063,4030,4027.676139769973,0.0,0.0,6478118.300899464,0.0,streaming,17A/4C8CA88,17A/4C5BFF0,17A/4C5BA68,890232,1089552,1713184,1090968,0.113050,0.113050,0.113050,-6020.526319100327,True,66374440,reserved,2.5,37.7,0.0,14876280.78821862,0.0,17.989620475399384,5814571.149664357,239549.7862504182,1002.77,1
2026-09-13T22:03:30.898532+00:00,1789337010.8985329,F_lat_northeurope_rep2,r3-pub,F01,load,16,1,1000,6,99.5,2298813236,22050284,805304290471,60320,1789156079.537691,5977132.8440000005,192964.18600000002,87802376,85002632,430347111,8119,22176,16055198,4848428502,11084516.447,791341.653,17A/531BF60,17A/5363438,1,1.0006394386291504,6266064,6262059.797067706,5.971965596263605,4030,4027.424709065029,4028,4025.4259871250465,0.0,0.0,5984365.365614276,0.0,streaming,17A/5319FF8,17A/520FD10,17A/520FD10,8040,1098320,1512032,1098320,0.113126,0.113126,0.113126,7347.301851376202,True,72362632,reserved,6.9,37.7,0.0,14388239.603791865,0.0,20.98658036981777,6735022.366530648,229735.09850354516,1002.76,1
2026-09-13T22:03:31.898954+00:00,1789337011.8989544,F_lat_northeurope_rep2,r3-pub,F01,load,16,1,1000,6,99.5,2298837807,22050284,805310577043,60320,1789156079.537691,5977167.282000001,192964.18600000002,87806416,85002632,430351147,8119,22176,16055198,4848473227,11084516.447,791350.426,17A/594E000,17A/59666C8,1,1.0004215240478516,6286572,6283923.175266773,5.992816138521932,4040,4038.297760381614,4036,4034.299445767375,0.0,0.0,6493678.758244378,0.0,streaming,17A/5947DA0,17A/5841DC0,17A/58418F8,25184,1098304,1803840,1099528,0.113184,0.113184,0.113184,1207.491013500245,True,78859048,reserved,4.1,37.7,0.0,14903157.960530706,0.0,18.991994417636302,6514259.08314252,241050.3914632542,1002.76,1
2026-09-13T22:03:32.899529+00:00,1789337012.8995292,F_lat_northeurope_rep2,r3-pub,F01,load,16,1,1000,6,99.5,2298862400,22050284,805316859164,60320,1789156079.537691,5977194.720000001,192964.18600000002,87810456,85002632,430355184,8119,22176,16055198,4848518017,11084516.447,791358.828,17A/5E74000,17A/5F635E8,1,1.0005748271942139,6282121,6278511.940597348,5.987655582997654,4040,4037.6790322907323,4037,4034.6807557816055,0.0,0.0,5395426.562087728,0.0,streaming,17A/5E72000,17A/5E72000,17A/5E70848,8192,8192,1061712,14264,0.119044,0.119044,0.119044,-1084640.5191336558,True,84257576,reserved,3.5,37.7,0.0,5395426.562087728,0.0,9.994255030422604,5453790.013188887,238686.7963385648,1002.75,1
2026-09-13T22:03:33.899864+00:00,1789337013.899864,F_lat_northeurope_rep2,r3-pub,F01,load,16,1,1000,6,99.5,2298886997,22050285,805323151854,60320,1789156079.537691,5977235.322000001,192964.18600000002,87814495,85002632,430359221,8119,22176,16055198,4848562703,11084516.447,791367.589,17A/653C000,17A/656B9C8,1,1.0003347396850586,6292690,6290584.29179533,5.999168674273806,4039,4037.648438833208,4037,4035.6491080885517,0.0,0.0,7108276.5777370585,0.0,streaming,17A/6539E70,17A/642FFC8,17A/642EB28,8592,1097784,2408904,1103064,0.112759,0.286353,0.112759,1088435.6573908385,True,91368232,reserved,9.0,37.7,0.0,15645578.80387863,0.0,24.991634308202574,7138911.3230720535,215438.88405580178,1002.75,1
2026-09-13T22:03:34.900901+00:00,1789337014.9009016,F_lat_northeurope_rep2,r3-pub,F01,load,16,1,1000,6,99.5,2298911614,22050285,805329452034,60320,1789156079.537691,5977272.863000001,192964.18600000002,87818541,85002632,430363264,8119,22176,16055198,4848607396,11084516.447,791376.629,17A/6B739E8,17A/6B739E8,1,1.00103759765625,6300180,6293649.72379733,6.0020920980428025,4046,4041.806231327358,4043,4038.809340893848,0.0,0.0,6512514.630083531,0.0,streaming,17A/6AD7500,17A/6A69D48,17A/6A69778,640232,1088672,1707080,1090160,0.110408,0.115510,0.110408,-12890.624718005,True,97887504,reserved,3.8,37.7,0.0,14947178.842265716,0.0,23.975123468081215,6077319.187854399,242172.72215108835,1002.74,1
2026-09-13T22:03:35.902163+00:00,1789337015.9021633,F_lat_northeurope_rep2,r3-pub,F01,load,16,1,1000,6,99.5,2298936190,22050285,805335748737,60320,1789156079.537691,5977311.118000001,192964.18600000002,87822581,85002632,430367301,8119,22176,16055198,4848652090,11084516.447,791386.055,17A/7116000,17A/7177B10,1,1.0012617111206055,6296703,6288768.390986181,5.997436896310979,4040,4034.909110304896,4037,4031.912890668531,0.0,0.0,5900547.213962486,0.0,streaming,17A/7101FE0,17A/6FFFEC8,17A/6FFF400,81952,1139000,1751584,1141760,0.112886,0.274534,0.112886,51534.977745478376,True,103795496,reserved,6.8,37.7,0.0,14362934.126288338,0.0,26.965976727285195,6315838.23666086,220659.5913397384,1002.74,1
2026-09-13T22:03:36.902581+00:00,1789337016.902582,F_lat_northeurope_rep2,r3-pub,F01,load,16,1,1000,6,99.5,2298960810,22050285,805342047700,60320,1789156079.537691,5977343.181000001,192964.18600000002,87826630,85002632,430371347,8119,22176,16055198,4848697070,11084516.447,791394.546,17A/7735C40,17A/777B088,1,1.0004186630249023,6298963,6296326.960708856,6.00464531012426,4049,4047.3055428187395,4046,4044.306798282198,0.0,0.0,6418880.652009742,0.0,streaming,17A/7733DE8,17A/7627CA8,17A/7627CA8,7768,1105816,2417592,1105816,0.112836,0.112836,0.112836,-35928.95787381496,True,110217064,reserved,4.3,37.7,0.0,6419840.250261435,0.0,11.994978146165689,6540337.8023917675,233326.31489921498,1002.73,1
2026-09-13T22:03:37.902887+00:00,1789337017.9028873,F_lat_northeurope_rep2,r3-pub,F01,load,16,1,1000,6,99.5,2298985418,22050285,805348334706,60320,1789156079.537691,5977379.140000001,192964.18600000002,87830674,85002632,430375388,8119,22176,16055198,4848741950,11084516.447,791403.673,17A/7D64000,17A/7D7C910,1,1.000305414199829,6287006,6285086.445352436,5.993925519325672,4044,4042.765282076278,4041,4039.7661980391294,0.0,0.0,6478853.266213889,0.0,streaming,17A/7D61FA8,17A/7C59FA0,17A/7C59F58,8280,1089632,2614464,1089704,0.112822,0.112822,0.112822,-16107.080668845942,True,116697896,reserved,2.1,37.7,0.0,14888508.837986598,0.0,18.99419890194097,6531840.083287551,243417.65679112685,1002.72,1
2026-09-13T22:03:38.903760+00:00,1789337018.9037602,F_lat_northeurope_rep2,r3-pub,F01,load,16,1,1000,6,99.5,2299008485,22050285,805354210389,60320,1789156079.537691,5977412.384000001,192964.18600000002,87834467,85002632,430379178,8119,22176,16055198,4848783791,11084516.447,791411.449,17A/8322000,17A/8382528,1,1.0008728504180908,5875683,5870558.880226967,5.598601227023093,3793,3789.692165608813,3790,3786.694781876457,0.0,0.0,6015869.046187855,0.0,streaming,17A/831FEC8,17A/8217FD0,17A/8217FD0,8504,1089584,2460936,1089584,0.112822,0.285121,0.112822,-119.89534929424137,True,122719016,reserved,3.7,37.7,0.0,14499472.129689503,0.0,22.97994194806293,6053929.824821312,232748.84507326764,1002.72,1
2026-09-13T22:03:39.904997+00:00,1789337019.9049973,F_lat_northeurope_rep2,r3-pub,F01,load,16,1,1000,6,99.5,2299033123,22050286,805360527016,60320,1789156079.537691,5977447.643,192964.18600000002,87838512,85002632,430383220,8119,22176,16055198,4848828540,11084516.447,791420.05,17A/895CEE8,17A/898E020,1,1.001237154006958,6316627,6308822.01556426,6.016561523021946,4045,4040.0018954669054,4042,4037.0056023429497,0.0,0.0,6524767.857300869,0.0,streaming,17A/895BC58,17A/884FDF8,17A/884FDA8,4752,1102064,1770952,1102144,0.112827,0.112827,0.112827,12544.48054562777,True,129251856,reserved,5.4,37.7,0.0,6606866.288897255,0.0,20.97405186768974,6550236.348854492,234984.288246224,1002.71,1
2026-09-13T22:03:40.905428+00:00,1789337020.905429,F_lat_northeurope_rep2,r3-pub,F01,load,16,1,1000,6,99.5,2299057782,22050286,805366826943,60320,1789156079.537691,5977480.792,192964.18600000002,87842563,85002632,430387268,8119,22176,16055198,4848873281,11084516.447,791428.775,17A/8F94000,17A/8F94A30,1,1.0004315376281738,6299927,6297209.51714086,6.005486981526241,4051,4049.2525951392167,4048,4046.2538891936683,0.0,0.0,6514204.875478597,0.0,streaming,17A/8F55F68,17A/8E85CE8,17A/8E857A0,254104,1106712,2118392,1108064,0.113400,0.113400,0.113400,5917.446399216036,True,135768872,reserved,2.7,37.7,0.0,14911197.257302351,0.0,17.992235673292004,6540742.423528055,233374.29021232502,1002.71,1
2026-09-13T22:03:41.906338+00:00,1789337021.9063148,F_lat_northeurope_rep2,r3-pub,F01,load,16,1,1000,6,99.5,2299083897,22050286,805373523835,60320,1789156079.537691,5977523.3780000005,192964.18600000002,87846859,85002632,430391561,8119,22176,16055198,4848920815,11084516.447,791438.061,17A/953A000,17A/95A69A0,4,1.0008859634399414,6696892,6690964.050473318,6.381000566933936,4296,4292.197270141638,4293,4289.199925679249,0.0,0.0,5917573.24645047,0.0,streaming,17A/9535B80,17A/942DD40,17A/942D1A0,17536,1098432,1850744,1101408,0.112994,0.112994,0.112994,-6650.108247221309,True,141691688,reserved,5.2,37.7,0.0,14315125.32232624,0.0,18.983181595132944,5931955.504295834,223971.56937794483,1002.7,1
2026-09-13T22:03:42.909869+00:00,1789337022.9097095,F_lat_northeurope_rep2,r3-pub,F01,load,16,1,1000,6,99.5,2299108548,22050286,805379830877,60320,1789156079.537691,5977556.5030000005,192964.18600000002,87850912,85002632,430395611,8119,22176,16055198,4848965785,11084516.447,791446.507,17A/9B6F990,17A/9BB8488,1,1.003394603729248,6307042,6285704.52398194,5.99451496504015,4053,4039.2882171545393,4050,4036.298366512678,0.0,0.0,6488964.536784473,0.0,streaming,17A/9B6E000,17A/9A5FC58,17A/9A5FC58,6544,1113400,2158416,1113400,0.112913,0.112913,0.112913,11951.42963240001,True,148202680,reserved,5.8,37.7,0.0,9148081.887110548,0.0,76.7394998077719,6540224.529422304,236577.9117385546,1002.7,1
2026-09-13T22:03:43.910305+00:00,1789337023.9103057,F_lat_northeurope_rep2,r3-pub,F01,load,16,1,1000,6,99.5,2299133092,22050286,805386114024,60320,1789156079.537691,5977589.896000001,192964.18600000002,87854946,85002632,430399642,8119,22176,16055198,4849010375,11084516.447,791456.191,17A/A10E000,17A/A1B6728,1,1.000596284866333,6283147,6279402.687208007,5.9885050651626655,4034,4031.596020305923,4031,4028.597808094491,0.0,0.0,5888184.964415549,0.0,streaming,17A/A10BF08,17A/9FFFD78,17A/9FFFD78,8440,1106568,1114216,1106568,0.113007,0.283927,0.113007,-6827.928609501752,True,154094376,reserved,5.4,37.7,0.0,6050280.309414424,0.0,27.983313973367835,5942963.300922488,265416.73601704155,1002.69,1
2026-09-13T22:03:44.911118+00:00,1789337024.9111185,F_lat_northeurope_rep2,r3-pub,F01,load,16,1,1000,6,99.5,2299157672,22050286,805392392111,60320,1789156079.537691,5977623.726000001,192964.18600000002,87858989,85002632,430403682,8119,22176,16055198,4849055261,11084516.447,791465.941,17A/A742000,17A/A7BAFC8,1,1.0008127689361572,6278087,6272988.509802361,5.9823880289100275,4043,4039.7166438010413,4040,4036.7190801276793,0.0,0.0,6499165.680024337,0.0,streaming,17A/A73FFD8,17A/A639EE8,17A/A639EA0,8232,1081624,1433976,1081696,0.112556,0.286351,0.112556,-24851.801227954365,True,160598824,reserved,1.9,37.7,0.0,10583653.934850715,0.0,31.974012515862803,6523162.176417492,199394.93798837604,1002.69,1
2026-09-13T22:03:45.912010+00:00,1789337025.9120104,F_lat_northeurope_rep2,r3-pub,F01,load,16,1,1000,6,99.5,2299182196,22050287,805398674092,60320,1789156079.537691,5977679.839000001,192964.18600000002,87863022,85002632,430407711,8119,22176,16055198,4849099944,11084516.447,791474.932,17A/AD77328,17A/ADC09B0,1,1.000891923904419,6281981,6276382.944018942,5.985625213641112,4033,4029.406076399848,4029,4025.4096409161884,0.0,0.0,6503551.327107737,0.0,streaming,17A/AD75F30,17A/AC69FC8,17A/AC69F78,5112,1102688,2580720,1102768,0.113097,0.113097,0.113097,21053.222127919067,True,167108176,reserved,9.3,37.8,0.0,15636869.10265707,0.0,32.97059274019216,6541925.100621837,228741.9795604859,1002.68,1
2026-09-13T22:03:46.912113+00:00,1789337026.912114,F_lat_northeurope_rep2,r3-pub,F01,load,16,1,1000,6,99.5,2299206877,22050287,805404981953,60320,1789156079.537691,5977713.377,192964.18600000002,87867072,85002632,430411759,8119,22176,16055198,4849144843,11084516.447,791483.147,17A/B31A000,17A/B3C3CD8,1,1.00010347366333,6307861,6307208.370044566,6.0150226307340295,4050,4049.5809750215626,4048,4047.581181947478,0.0,0.0,5909108.562889983,0.0,streaming,17A/B317E90,17A/B20DFB8,17A/B20DA30,8560,1097800,2310792,1099216,0.113327,0.113327,0.113327,-3551.6324995744667,True,173017896,reserved,1.8,37.7,0.0,14318134.450176388,0.0,18.998034203804863,5941623.198481526,259620.13615343795,1002.68,1
2026-09-13T22:03:47.912865+00:00,1789337027.912865,F_lat_northeurope_rep2,r3-pub,F01,load,16,1,1000,6,99.5,2299231485,22050287,805411282165,60320,1789156079.537691,5977745.840000001,192964.18600000002,87871112,85002632,430415796,8119,22176,16055198,4849189623,11084516.447,791491.846,17A/B952000,17A/B9C98A0,1,1.00075101852417,6300212,6295483.974916223,6.003841376224731,4040,4036.9681621287573,4037,4033.9704134935128,0.0,0.0,6515938.409552076,0.0,streaming,17A/B94FB78,17A/B845D18,17A/B845CC8,9352,1098472,1622336,1098552,0.113452,0.113452,0.113452,-663.5016979340334,True,179538728,reserved,4.7,37.8,0.0,6540495.966371996,0.0,11.990994540976507,6544083.2722388385,207911.85434599165,1002.67,1
2026-09-13T22:03:48.913379+00:00,1789337028.913379,F_lat_northeurope_rep2,r3-pub,F01,load,16,1,1000,6,99.5,2299256030,22050287,805417571848,60320,1789156079.537691,5977789.050000001,192964.18600000002,87875146,85002632,430419827,8119,22176,16055198,4849234365,11084516.447,791500.595,17A/BF86000,17A/BFCEEE8,1,1.000514030456543,6289683,6286451.572428189,5.995227405956449,4034,4031.9274664836553,4031,4028.9290077827504,0.0,0.0,6501106.233394814,0.0,streaming,17A/BF83FC0,17A/BE79FE8,17A/BE79658,8256,1097752,1932344,1100200,0.112922,0.112922,0.112922,1647.1533130305068,True,186043176,reserved,5.0,37.8,0.0,14979564.047853667,0.0,21.988697139970355,6523866.53390715,232669.4008416618,1002.67,1
2026-09-13T22:03:49.914027+00:00,1789337029.9140172,F_lat_northeurope_rep2,r3-pub,F01,load,16,1,1000,6,99.5,2299279123,22050287,805423474158,60320,1789156079.537691,5977836.290000001,192964.18600000002,87878942,85002632,430423620,8119,22176,16055198,4849276513,11084516.447,791508.295,17A/C53C000,17A/C5CE8C8,1,1.0006382465362549,5902310,5898545.273909984,5.625291131887421,3796,3793.5787614954656,3793,3790.5806750137776,0.0,0.0,5984532.392929108,0.0,streaming,17A/C525B98,17A/C41BFC8,17A/C41A8E0,91240,1179704,1735024,1185568,0.113135,0.113135,0.113135,85313.54892290435,True,192031528,reserved,7.7,37.7,0.0,14400536.90719877,0.0,23.984691853501364,5951540.449922456,246460.69731361663,1002.66,1
2026-09-13T22:03:50.914074+00:00,1789337030.9140744,F_lat_northeurope_rep2,r3-pub,F01,load,16,1,1000,6,99.5,2299303700,22050287,805429748883,60320,1789156079.537691,5977868.154,192964.18600000002,87882983,85002632,430427658,8119,22176,16055198,4849321245,11084516.447,791517.575,17A/CB60000,17A/CBD8A08,1,1.0000572204589844,6274725,6274365.977898909,5.983701684855374,4041,4040.768785355452,4038,4037.768957007007,0.0,0.0,6438543.583580957,0.0,streaming,17A/CB5DC58,17A/CA4FBD0,17A/CA4FB68,9128,1115184,2019760,1115288,0.113152,0.113152,0.113152,-70275.97877623884,True,102912352,reserved,1.9,37.8,0.0,6463118.177411418,0.0,16.999027307855158,6532126.228739047,219185.4581074844,1002.66,1
2026-09-13T22:03:51.914164+00:00,1789337031.914164,F_lat_northeurope_rep2,r3-pub,F01,load,16,1,1000,6,99.5,2299328271,22050288,805436061198,60320,1789156079.537691,5977901.458000001,192964.18600000002,87887018,85002632,430431689,8119,22176,16055198,4849365994,11084516.447,791527.977,17A/D105B08,17A/D1DD638,1,1.0000896453857422,6312315,6311749.180809978,6.019353085336665,4035,4034.6383132920746,4031,4030.6386718414756,0.0,0.0,5921013.208486941,0.0,streaming,17A/D103B60,17A/D103B60,17A/D1030C0,8104,8104,49720,10824,0.113278,0.265449,0.113278,-1104364.9987736847,True,108833896,reserved,2.5,37.8,0.0,14334714.958948001,0.0,19.998207252996654,5947205.860436553,263946.3384286763,1002.65,1
2026-09-13T22:03:52.915027+00:00,1789337032.9150162,F_lat_northeurope_rep2,r3-pub,F01,load,16,1,1000,6,99.5,2299352850,22050288,805442356316,60320,1789156079.537691,5977934.365,192964.18600000002,87891062,85002632,430435730,8119,22176,16055198,4849410640,11084516.447,791537.717,17A/D73BEF0,17A/D7E3548,1,1.000852108001709,6295118,6289758.446498921,5.998381086825296,4044,4040.557009041235,4041,4037.55956318883,0.0,0.0,6508094.400685298,0.0,streaming,17A/D739FF8,17A/D739FF8,17A/D739F30,7928,7928,382104,8128,0.113453,0.285023,0.113453,-2693.704672694156,True,115347536,reserved,5.0,37.7,0.0,14904931.388698766,0.0,18.98382373189502,6540577.721387806,241851.9160471076,1002.64,1
2026-09-13T22:03:53.915256+00:00,1789337033.9152567,F_lat_northeurope_rep2,r3-pub,F01,load,16,1,1000,6,99.5,2299377476,22050288,805448661238,60320,1789156079.537691,5977967.942000001,192964.18600000002,87895109,85002632,430439773,8119,22176,16055198,4849455424,11084516.447,791546.027,17A/DD70000,17A/DDE8958,1,1.0002405643463135,6304922,6303405.62534619,6.011396050783339,4047,4046.026670238907,4043,4042.0276322648633,0.0,0.0,6503155.572630695,0.0,streaming,17A/DD6DFF8,17A/DC5DDC0,17A/DC5D7F0,8200,1122880,2427832,1124368,0.112275,0.112275,0.112275,1115971.5370366883,True,121852256,reserved,2.5,37.7,0.0,15077844.80811992,0.0,23.99422784426335,6532193.587119722,215896.06310470757,1002.64,1
2026-09-13T22:03:54.915822+00:00,1789337034.9158227,F_lat_northeurope_rep2,r3-pub,F01,load,16,1,1000,6,99.5,2299402039,22050288,805454945438,60320,1789156079.537691,5978007.864,192964.18600000002,87899141,85002632,430443803,8119,22176,16055198,4849500101,11084516.447,791554.662,17A/E314000,17A/E3EE3C0,1,1.000566005706787,6284200,6280645.11902033,5.989689940471964,4032,4029.719155960977,4030,4027.720287332028,0.0,0.0,5911278.182814121,0.0,streaming,17A/E30FCA0,17A/E30FCA0,17A/E30FC58,17248,17248,1174312,17320,0.113078,0.113078,0.113078,-1106421.7589703093,True,127766880,reserved,4.4,37.8,0.0,5927652.914622471,0.0,12.992646088167831,5930515.294499125,257832.0655794893,1002.63,1
2026-09-13T22:03:55.916343+00:00,1789337035.916343,F_lat_northeurope_rep2,r3-pub,F01,load,16,1,1000,6,99.5,2299426585,22050288,805461224724,60320,1789156079.537691,5978043.394,192964.18600000002,87903180,85002632,430447839,8119,22176,16055198,4849545172,11084516.447,791564.106,17A/E947268,17A/E9EE6D0,1,1.0005202293395996,6279286,6276021.029724393,5.98528006527366,4039,4036.8998862381527,4036,4033.901446114678,0.0,0.0,6497587.764208435,0.0,streaming,17A/E945EF0,17A/E83BC38,17A/E83B618,4984,1095216,1487160,1096784,0.113078,0.285211,0.113078,1078902.723148844,True,134267848,reserved,4.8,37.7,0.0,14893499.96434922,0.0,16.99116069969017,6553970.432290254,244177.9714551651,1002.63,1
2026-09-13T22:03:56.917490+00:00,1789337036.9174023,F_lat_northeurope_rep2,r3-pub,F01,load,16,1,1000,6,99.5,2299451170,22050288,805467529137,60320,1789156079.537691,5978078.021000001,192964.18600000002,87907227,85002632,430451883,8119,22176,16055198,4849589836,11084516.447,791572.679,17A/EF7A000,17A/EFF33B8,1,1.0010592937469482,6304413,6297741.84144746,6.005994645545445,4047,4042.7175745525988,4044,4039.720749071092,0.0,0.0,6492858.1559555745,0.0,streaming,17A/EF77E28,17A/EE6DE00,17A/EE6DE00,8664,1098240,1926696,1098240,0.113342,0.113342,0.113342,1454.45930035794,True,140767584,reserved,4.2,37.7,0.0,14877296.572768971,0.0,17.98095288904047,6518442.055091198,203970.93486413924,1002.62,1
2026-09-13T22:03:57.918135+00:00,1789337037.9181354,F_lat_northeurope_rep2,r3-pub,F01,load,16,1,1000,6,99.5,2299475678,22050289,805473807002,60320,1789156079.537691,5978110.137,192964.18600000002,87911255,85002632,430455909,8119,22176,16055198,4849634375,11084516.447,791581.784,17A/F5339E0,17A/F5F54A0,1,1.0007331371307373,6277865,6273265.835884728,5.98265250767205,4028,4025.0490870612352,4026,4023.050552261304,0.0,0.0,5998770.07891639,0.0,streaming,17A/F531D80,17A/F531D80,17A/F5318B8,7264,7264,1113832,8488,0.113757,0.113757,0.113757,-1088953.647647258,True,146770752,reserved,4.4,37.7,0.0,14501496.414527256,0.0,28.978754599000947,6040313.621802558,266825.3804062011,1002.62,1
2026-09-13T22:03:58.918879+00:00,1789337038.9188793,F_lat_northeurope_rep2,r3-pub,F01,load,16,1,1000,6,99.5,2299500256,22050289,805480091377,60320,1789156079.537691,5978145.405,192964.18600000002,87915299,85002632,430459950,8119,22176,16055198,4849678995,11084516.447,791591.713,17A/FB62000,17A/FBF36B0,1,1.0007438659667969,6284375,6279703.742104681,5.988792173485452,4044,4040.9940420600824,4041,4037.9962719992072,0.0,0.0,6476622.261120154,0.0,streaming,17A/FB5FD58,17A/FA55DD0,17A/FA55DD0,8872,1098288,1829840,1098288,0.113715,0.286474,0.113715,1088989.9374473486,True,153252192,reserved,1.4,37.7,32743.643118255386,6499613.158973695,0.9992566869584774,13.989593617418684,6521096.1784866145,235549.78253328707,1002.61,1
2026-09-13T22:03:59.919412+00:00,1789337039.9194129,F_lat_northeurope_rep2,r3-pub,F01,load,16,1,1000,6,99.5,2299524771,22050289,805486359797,60320,1789156079.537691,5978182.376,192964.18600000002,87919336,85002632,430463983,8119,22176,16055198,4849723646,11084516.447,791601.517,17A/10103708,17A/101F37C0,1,1.0005335807800293,6268420,6265077.075287225,5.974843097007012,4037,4034.847083146076,4033,4030.8492163309697,0.0,0.0,5900987.346568675,0.0,streaming,17A/10101E88,17A/10101E88,17A/10101E40,6272,6272,1062664,6344,0.113817,0.113817,0.113817,-1091361.6703886199,True,159156328,reserved,3.5,37.7,0.0,14303791.771629117,0.0,18.989867371755125,5947136.722148855,233176.5814577812,1002.61,1
2026-09-13T22:04:00.919885+00:00,1789337040.9198856,F_lat_northeurope_rep2,r3-pub,F01,load,16,1,1000,6,99.5,2299549319,22050289,805492644644,60320,1789156079.537691,5978216.937000001,192964.18600000002,87923379,85002632,430468023,8119,22176,16055198,4849768377,11084516.447,791609.962,17A/10718000,17A/107F0720,1,1.0004727840423584,6284847,6281877.028784732,5.9908647811744045,4043,4041.089437400254,4040,4038.0908550821237,0.0,0.0,6372659.108466127,0.0,streaming,17A/10713FF8,17A/10713FF8,17A/10713FB8,16392,16392,556840,16456,0.112988,0.112988,0.112988,10107.221466977831,True,165532000,reserved,3.3,37.7,0.0,14763196.196424125,0.0,18.991021348158505,6426153.817021572,239243.88930690393,1002.6,1
2026-09-13T22:04:01.920459+00:00,1789337041.9204593,F_lat_northeurope_rep2,r3-pub,F01,load,16,1,1000,6,99.5,2299573841,22050289,805498896063,60320,1789156079.537691,5978257.946,192964.18600000002,87927413,85002632,430472055,8119,22176,16055198,4849813213,11084516.447,791618.833,17A/10D4C000,17A/10DF5178,1,1.0005736351013184,6251419,6247835.022523834,5.958399794124445,4034,4031.687282657129,4032,4029.6884292695945,0.0,0.0,6500718.95942107,0.0,streaming,17A/10D49FE8,17A/10D49FE8,17A/10D49498,8216,8216,1151120,11112,0.113604,0.113604,0.113604,-5340.93625149224,True,172036448,reserved,12.5,37.8,0.0,6517093.566371753,0.0,11.993120325207126,6548780.389697644,243418.36668056645,1002.59,1
2026-09-13T22:04:02.921178+00:00,1789337042.9211786,F_lat_northeurope_rep2,r3-pub,F01,load,16,1,1000,6,99.5,2299598536,22050290,805505227632,60320,1789156079.537691,5978293.264,192964.18600000002,87931470,85002632,430476109,8119,22176,16055198,4849858234,11084516.447,791628.249,17A/1130D8C0,17A/11405C68,3,1.0007193088531494,6331569,6327017.919996112,6.0339144897423855,4057,4054.08386158695,4054,4051.0860179624096,0.0,0.0,6031309.625590228,0.0,streaming,17A/1130BFC0,17A/1130BFC0,17A/1130BFC0,6400,6400,1379960,6400,0.113155,0.265308,0.113155,-4708.613052944962,True,178072096,reserved,4.3,37.8,0.0,14456673.18698951,0.0,19.985624163603404,6046588.635263302,218180.06115043382,1002.59,1
2026-09-13T22:04:03.921413+00:00,1789337043.921414,F_lat_northeurope_rep2,r3-pub,F01,load,16,1,1000,6,99.5,2299623155,22050290,805511534752,60320,1789156079.537691,5978329.178,192964.18600000002,87935516,85002632,430480152,8119,22176,16055198,4849903110,11084516.447,791636.735,17A/11940000,17A/11A12058,2,1.0002353191375732,6307120,6305636.16313624,6.013523257385483,4046,4045.048122764309,4043,4042.0488285556353,0.0,0.0,6496583.229637229,0.0,streaming,17A/1193DB90,17A/1193DB90,17A/1193D620,9328,9328,756488,10720,0.113611,0.113611,0.113611,4318.983660489821,True,184570208,reserved,4.1,37.7,0.0,15086113.948676266,0.0,23.99435366938789,6541646.625357812,244223.529529656,1002.58,1
2026-09-13T22:04:04.922579+00:00,1789337044.9220715,F_lat_northeurope_rep2,r3-pub,F01,load,16,1,1000,6,99.5,2299647652,22050290,805517789511,60320,1789156079.537691,5978371.299000001,192964.18600000002,87939550,85002632,430484183,8119,22176,16055198,4849947959,11084516.447,791646.268,17A/12108000,17A/12211BE8,4,1.000657558441162,6254759,6250648.8330970565,5.96108325299936,4034,4031.34915233561,4031,4028.3511237146367,0.0,0.0,8153870.353720769,0.0,streaming,17A/12102000,17A/12102000,17A/12101F00,24576,24576,1343496,24832,0.095809,0.218499,0.095809,14102.72663305903,True,192729440,reserved,4.8,37.8,0.0,16586085.679355701,0.0,29.980286209734334,6444036.669292948,248428.64364834258,1002.58,1
2026-09-13T22:04:05.926619+00:00,1789337045.9266195,F_lat_northeurope_rep2,r3-pub,F01,load,16,1,1000,6,99.5,2299672244,22050290,805524077469,60320,1789156079.537691,5978409.832,192964.18600000002,87943597,85002632,430488227,8119,22176,16055198,4849993138,11084516.447,791657.894,17A/12850000,17A/12898758,2,1.0045480728149414,6287958,6259489.386485909,5.969514261709127,4047,4028.6772823718725,4044,4025.690864816371,0.0,0.0,7600376.93229094,0.0,streaming,17A/1284DCA0,17A/12745FD8,17A/12745540,9056,1089576,1726784,1092288,0.113713,0.113713,0.113713,1062623.1127085618,True,8757024,reserved,12.1,38.0,0.0,7702313.3181854,0.0,27.873230518016413,6815562.326265373,218423.59359184312,1002.57,1
2026-09-13T22:04:06.927369+00:00,1789337046.92737,F_lat_northeurope_rep2,r3-pub,F01,load,16,1,1000,6,99.5,2299737279,22050291,805532865953,60320,1789156079.537691,5978445.992000001,192964.18600000002,87947642,85002632,430492313,8132,22227,16055198,4850150364,11084516.447,791669.245,17A/12E7C000,17A/12E95718,1,1.0007505416870117,8788484,8781892.82334521,8.375065635056696,4045,4041.9663357675086,4086,4082.9355866368455,12.990250275643414,50.961751081370316,6466826.377221229,0.0,streaming,17A/12E79DE0,17A/12D73B68,17A/12D736A0,8736,1082520,1885272,1083744,0.112351,0.112351,0.112351,-8537.592181161333,True,15228704,reserved,8.6,37.8,0.0,14857328.95526143,0.0,19.98500042406679,6384996.793734866,231920.9336711891,1002.57,1
2026-09-13T22:04:07.927940+00:00,1789337047.9279401,F_lat_northeurope_rep2,r3-pub,F01,load,16,1,1000,6,99.5,2299760924,22050291,805538920966,60320,1789156079.537691,5978488.115,192964.18600000002,87951536,85002632,430496203,8132,22227,16055198,4850194210,11084516.447,791680.187,17A/13428000,17A/13440748,1,1.0005700588226318,6055013,6051563.252976926,5.7712204484719525,3894,3891.781455645454,3890,3887.7837345816174,0.0,0.0,5944003.568324122,0.0,streaming,17A/13425FD8,17A/13317FF0,17A/13317A20,8232,1114128,1633976,1115616,0.112820,0.112820,0.112820,31853.84143665432,True,21176096,reserved,4.8,37.7,0.0,14941882.24819769,0.0,88.94929367037633,5990554.031821707,218023.71365848603,1002.56,1
2026-09-13T22:04:08.928358+00:00,1789337048.9283586,F_lat_northeurope_rep2,r3-pub,F01,load,16,1,1000,6,99.5,2299784167,22050291,805544867438,60320,1789156079.537691,5978519.027000001,192964.18600000002,87955360,85002632,430500024,8132,22227,16055198,4850236557,11084516.447,791688.377,17A/1395E000,17A/139E4DD8,1,1.0004184246063232,5946472,5943984.890462217,5.6686257271406335,3824,3822.4006135280747,3821,3819.401868276876,0.0,0.0,5461778.657415446,0.0,streaming,17A/13959DC0,17A/1384BEF0,17A/1384BEF0,16960,1122576,1984976,1122576,0.112833,0.112833,0.112833,6957.088982781224,True,26640160,reserved,3.3,37.7,0.0,13932858.149313916,0.0,26.98870726078923,5475937.732909856,225579.6119396796,1002.56,1
2026-09-13T22:04:09.928864+00:00,1789337049.9288645,F_lat_northeurope_rep2,r3-pub,F01,load,16,1,1000,6,99.5,2299807053,22050292,805550727801,60320,1789156079.537691,5978555.761000001,192964.18600000002,87959125,85002632,430503786,8132,22227,16055198,4850278215,11084516.447,791696.905,17A/13E96000,17A/13F768D8,1,1.0005059242248535,5860363,5857399.599647891,5.586051559112445,3765,3763.096158492965,3762,3760.0976754981502,0.0,0.0,5469488.853091654,0.0,streaming,17A/13E89E70,17A/13E89E70,17A/13E89E70,49552,49552,1269280,49552,0.113040,0.113040,0.113040,-1072481.4056761635,True,32112416,reserved,5.6,37.8,0.0,5543179.571172231,0.0,19.989886632100745,5470549.316577488,222928.2152155191,1002.55,1
2026-09-13T22:04:10.929382+00:00,1789337050.929382,F_lat_northeurope_rep2,r3-pub,F01,load,16,1,1000,6,99.5,2299829827,22050292,805556563914,60320,1789156079.537691,5978602.278000001,192964.18600000002,87962876,85002632,430507534,8132,22227,16055198,4850319660,11084516.447,791705.634,17A/1442C000,17A/1450FC80,1,1.0005176067352295,5836113,5833093.751387057,5.56287169588762,3751,3749.0594615719147,3748,3746.061013588786,0.0,0.0,5854249.800873352,0.0,streaming,17A/14421F18,17A/14421F18,17A/1441F0B8,41192,41192,1295016,53064,0.113504,0.113504,0.113504,3510.1831055826615,True,37969696,reserved,4.1,37.7,0.0,14258987.452057263,0.0,18.990170559815084,5901212.492667775,214164.1471949672,1002.55,1
2026-09-13T22:04:11.929759+00:00,1789337051.9297593,F_lat_northeurope_rep2,r3-pub,F01,load,16,1,1000,6,99.5,2299851392,22050292,805562083690,60320,1789156079.537691,5978633.254000001,192964.18600000002,87966426,85002632,430511081,8132,22227,16055198,4850359020,11084516.447,791713.002,17A/14A6C000,17A/14AB1B78,1,1.0003771781921387,5519776,5517694.8458332755,5.262083860238338,3550,3548.661522262521,3547,3545.662653370468,0.0,0.0,6551129.056985819,0.0,streaming,17A/14A69D18,17A/14959E50,17A/14959D88,8936,1122736,2367664,1122936,0.113504,0.280345,0.113504,1069468.6197594502,True,44523296,reserved,4.1,37.7,0.0,14936574.249927668,0.0,19.992459280352232,6658312.629679644,204412.89991196137,1002.54,1
2026-09-13T22:04:12.930160+00:00,1789337052.9301603,F_lat_northeurope_rep2,r3-pub,F01,load,16,1,1000,6,99.5,2299874353,22050292,805567941460,60320,1789156079.537691,5978660.942000001,192964.18600000002,87970212,85002632,430514864,8132,22227,16055198,4850400684,11084516.447,791721.133,17A/14FAC000,17A/15064078,1,1.0004010200500488,5857770,5855421.858433274,5.584165438111566,3786,3784.4823466999173,3783,3781.4835492778097,0.0,0.0,5502817.259947007,0.0,streaming,17A/14FA9D70,17A/14FA9D70,17A/14FA9D70,8848,8848,651912,8848,0.114235,0.114235,0.114235,-1113641.4074670412,True,50028320,reserved,1.6,37.7,0.0,13896251.324598318,0.0,16.993185391943634,5541755.644873934,236860.01438517668,1002.54,1
2026-09-13T22:04:13.930334+00:00,1789337053.930334,F_lat_northeurope_rep2,r3-pub,F01,load,16,1,1000,6,99.5,2299897844,22050292,805573945281,60320,1789156079.537691,5978696.2530000005,192964.18600000002,87974081,85002632,430518730,8132,22227,16055198,4850443527,11084516.447,791729.248,17A/156171D8,17A/1562E5B8,1,1.000173807144165,6003821,6002777.674355363,5.7246948951295495,3869,3868.3276570172393,3866,3865.3281783480606,0.0,0.0,6729030.446435105,0.0,streaming,17A/15615F30,17A/154FFEF8,17A/154FF8C0,4776,1143520,2269440,1145112,0.101513,0.160380,0.101513,1136066.5435184897,True,56758520,reserved,3.1,37.8,0.0,6904655.9214728465,0.0,27.995134245666243,6790948.684602958,200029.23349017755,1002.53,1
2026-09-13T22:04:14.930832+00:00,1789337054.9308329,F_lat_northeurope_rep2,r3-pub,F01,load,16,1,1000,6,99.5,2299920056,22050292,805579621712,60320,1789156079.537691,5978727.142000001,192964.18600000002,87977740,85002632,430522386,8132,22227,16055198,4850483872,11084516.447,791737.61,17A/15B48000,17A/15C09490,1,1.0004987716674805,5676431,5673601.168484576,5.410767715916229,3659,3657.175904275955,3656,3654.17739984501,0.0,0.0,5440398.483376688,0.0,streaming,17A/15B45FD0,17A/15B45FD0,17A/15B45F90,8240,8240,485272,8304,0.112852,0.286394,0.112852,-1136241.2750445858,True,62201632,reserved,7.3,37.8,0.0,13329927.40987838,0.0,16.991525108688503,5495619.940478449,243433.58222627226,1002.53,1
2026-09-13T22:04:15.931071+00:00,1789337055.9310715,F_lat_northeurope_rep2,r3-pub,F01,load,16,1,1000,6,99.5,2299944154,22050292,805585778874,60320,1789156079.537691,5978766.98,192964.18600000002,87981708,85002632,430526352,8132,22227,16055198,4850527782,11084516.447,791745.973,17A/16110000,17A/161FE410,1,1.0002386569976807,6157162,6155692.900813648,5.870526219190261,3968,3967.0532349852992,3966,3965.053712185407,0.0,0.0,6060633.587383992,0.0,streaming,17A/1610DBE0,17A/1610DBE0,17A/1610DAD8,9248,9248,370048,9512,0.113596,0.113596,0.113596,1207.7117711346375,True,68263712,reserved,4.1,37.8,0.0,9013144.9498866,0.0,29.992841998376758,6103241.418726887,225088.281106618,1002.52,1
2026-09-13T22:04:16.931573+00:00,1789337056.9315739,F_lat_northeurope_rep2,r3-pub,F01,load,16,1,1000,6,99.5,2299968469,22050293,805592008020,60320,1789156079.537691,5978799.318000001,192964.18600000002,87985716,85002632,430530357,8132,22227,16055198,4850572205,11084516.447,791754.721,17A/1673A000,17A/167FCA10,1,1.000502347946167,6229146,6226018.372457798,5.937593815286443,4008,4005.9876003565905,4005,4002.9891066437485,0.0,0.0,6460242.710342719,0.0,streaming,17A/16737F70,17A/16737F70,17A/16737F70,8336,8336,653232,8336,0.113187,0.113187,0.113187,-1175.4095354339697,True,74727200,reserved,5.2,37.8,0.0,6484806.370838319,0.0,11.993974851367037,6523794.785088496,238032.42490023022,1002.52,1
2026-09-13T22:04:17.933276+00:00,1789337057.9327543,F_lat_northeurope_rep2,r3-pub,F01,load,16,1,1000,6,99.5,2299993119,22050293,805598305335,60320,1789156079.537691,5978833.476000001,192964.18600000002,87989777,85002632,430534415,8132,22227,16055198,4850616959,11084516.447,791763.85,17A/16D7E000,17A/16E0FF38,1,1.0011804103851318,6297315,6289890.348111749,5.998506878005742,4061,4056.2120052247365,4058,4053.215542280714,0.0,0.0,6562237.866272946,0.0,streaming,17A/16D7C000,17A/16C71CC0,17A/16C71120,8192,1098560,2073728,1101536,0.113814,0.113814,0.113814,1091911.0968016945,True,81297184,reserved,5.7,37.8,0.0,11864395.14475782,0.0,36.9563763096073,6609096.553791566,241118.38135859813,1002.51,1
2026-09-13T22:04:18.933091+00:00,1789337058.9330912,F_lat_northeurope_rep2,r3-pub,F01,load,16,1,1000,6,99.5,2300017885,22050293,805604643863,60320,1789156079.537691,5978865.836,192964.18600000002,87993856,85002632,430538491,8132,22227,16055198,4850662152,11084516.447,791773.011,17A/1732DC68,17A/174241D8,1,1.0003368854522705,6338528,6336393.361256729,6.042855607277612,4079,4077.6263070173704,4076,4074.6273173333666,0.0,0.0,5960847.877067018,0.0,streaming,17A/1732BDB8,17A/1732BDB8,17A/1732AC40,7856,7856,1280576,12328,0.094920,0.172535,0.094920,-1088841.185244858,True,87260040,reserved,3.7,37.8,0.0,15530895.867121639,0.0,51.98248785606846,6022659.053780796,245081.43562971478,1002.51,1
2026-09-13T22:04:19.934107+00:00,1789337059.9340878,F_lat_northeurope_rep2,r3-pub,F01,load,16,1,1000,6,99.5,2300042800,22050293,805611001049,60320,1789156079.537691,5978915.8610000005,192964.18600000002,87997958,85002632,430542590,8132,22227,16055198,4850707389,11084516.447,791783.284,17A/17992000,17A/17A412E8,1,1.0009965896606445,6357186,6350856.8017751165,6.056649019026867,4102,4097.916059225187,4099,4094.9190460175623,0.0,0.0,6695303.529727397,0.0,streaming,17A/17983E90,17A/17931D38,17A/17931D38,57712,393928,1182824,393928,0.113929,0.284294,0.113929,381220.0800098321,True,93962016,reserved,13.9,37.8,0.0,15123743.833265532,0.0,22.97710125845424,6705794.074958485,244011.82034277133,1002.5,1
2026-09-13T22:04:20.934252+00:00,1789337060.934252,F_lat_northeurope_rep2,r3-pub,F01,load,16,1,1000,6,99.5,2300067875,22050293,805617417991,60320,1789156079.537691,5978950.167,192964.18600000002,88002093,85002632,430546721,8132,22227,16055198,4850753224,11084516.447,791792.33,17A/17FC8000,17A/1805C100,1,1.000164270401001,6416942,6415888.059495689,6.118667659278573,4135,4134.320853455536,4131,4130.3215104292185,0.0,0.0,6511570.341728819,0.0,streaming,17A/17FC5EE0,17A/17EB7F68,17A/17EB7F68,8480,1114264,1518520,1114264,0.113457,0.286582,0.113457,720217.6895513294,True,6906568,reserved,4.1,37.8,3280869.0503254714,7634201.926588197,12.997864835531312,23.99605815790396,6623435.96551794,216975.35737103733,1002.5,1
2026-09-13T22:04:21.934640+00:00,1789337061.9346406,F_lat_northeurope_rep2,r3-pub,F01,load,16,1,1000,6,99.5,2300092834,22050293,805623787172,60320,1789156079.537691,5978985.472,192964.18600000002,88006208,85002632,430550833,8132,22227,16055198,4850798776,11084516.447,791801.357,17A/18647EF8,17A/18679190,1,1.0003886222839355,6369181,6366706.755879383,6.071764713172324,4115,4113.401440537435,4112,4110.402605951381,0.0,0.0,6812832.381519823,0.0,streaming,17A/18645FE8,17A/18539C80,17A/18539C80,7952,1106552,2132040,1106552,0.113929,0.113929,0.113929,-7709.004109216208,True,13722048,reserved,6.4,37.8,0.0,15730718.6921739,0.0,21.991453631062832,6868139.887790418,229898.65625913086,1002.49,1
2026-09-13T22:04:22.936044+00:00,1789337062.9360442,F_lat_northeurope_rep2,r3-pub,F01,load,16,1,1000,6,99.5,2300117833,22050294,805630189545,60320,1789156079.537691,5979017.728,192964.18600000002,88010329,85002632,430554951,8132,22227,16055198,4850844256,11084516.447,791810.181,17A/18C92000,17A/18C93D18,1,1.001403570175171,6402373,6393399.415262782,6.097220816862852,4121,4115.223994337401,4118,4112.228199146181,0.0,0.0,6585580.675377858,0.0,streaming,17A/18C31130,17A/18B83EB8,17A/18B83E70,397008,1106248,1701792,1106320,0.113938,0.113938,0.113938,-231.67482812091166,True,20316872,reserved,6.9,37.8,4090.259034410578,14978528.584011536,0.998598397072895,18.973369544385005,6434915.14502269,239871.32376408597,1002.48,1
2026-09-13T22:04:23.937316+00:00,1789337063.936811,F_lat_northeurope_rep2,r3-pub,F01,load,16,1,1000,6,99.5,2300142811,22050294,805636575419,60320,1789156079.537691,5979049.889,192964.18600000002,88014442,85002632,430559062,8132,22227,16055198,4850889849,11084516.447,791819.811,17A/19216000,17A/192BAB98,2,1.0007667541503906,6385874,6380981.356061675,6.085378032743144,4113,4109.848756408546,4111,4107.850288741924,0.0,0.0,5779120.835114067,0.0,streaming,17A/19213F88,17A/19107EB8,17A/19107EB8,8312,1106248,1298240,1106248,0.100765,0.140286,0.100765,-71.94483599839906,True,26100424,reserved,9.4,37.8,0.0,14251344.72228554,0.0,22.982378166155254,6056541.121957728,277825.9757799844,1002.48,1
2026-09-13T22:04:24.937631+00:00,1789337064.937631,F_lat_northeurope_rep2,r3-pub,F01,load,16,1,1000,6,99.5,2300167760,22050294,805642953615,60320,1789156079.537691,5979086.599,192964.18600000002,88018557,85002632,430563174,8132,22227,16055198,4850935475,11084516.447,791828.346,17A/19861EF8,17A/198D24E0,3,1.0008199214935303,6378196,6372970.664374641,6.077738441824571,4115,4111.62878718397,4112,4108.631244933289,0.0,0.0,6597078.913204548,0.0,streaming,17A/1985FFF8,17A/19754000,17A/19754000,7936,1105656,1741912,1105656,0.113673,0.113673,0.113673,-591.5150041343646,True,32702912,reserved,3.3,37.8,0.0,6605527.985628467,0.0,11.990169002723606,6634193.482171729,209063.58427373949,1002.47,1
2026-09-13T22:04:25.940355+00:00,1789337065.9403558,F_lat_northeurope_rep2,r3-pub,F01,load,16,1,1000,6,99.5,2300192620,22050294,805649317950,60320,1789156079.537691,5979119.414000001,192964.18600000002,88022653,85002632,430567267,8132,22227,16055198,4850980958,11084516.447,791837.148,17A/19EA2000,17A/19EEBF40,1,1.0027248859405518,6364335,6347040.039831344,6.053009071189255,4096,4084.869197355134,4093,4081.8773497984776,0.0,0.0,6536053.9983532,0.0,streaming,17A/19E9FFE8,17A/19D93F20,17A/19D93EB8,8216,1106144,2121976,1106248,0.113315,0.113315,0.113315,590.3912511802342,True,39256776,reserved,3.3,37.8,0.0,14909772.57034624,0.0,17.951085339939553,6616054.007453159,235514.2505299314,1002.47,1
2026-09-13T22:04:26.941353+00:00,1789337066.9413536,F_lat_northeurope_rep2,r3-pub,F01,load,16,1,1000,6,99.5,2300217446,22050294,805655656974,60320,1789156079.537691,5979152.363000001,192964.18600000002,88026739,85002632,430571350,8132,22227,16055198,4851026054,11084516.447,791847.334,17A/1A434000,17A/1A4F7498,1,1.00099778175354,6339024,6332705.342159048,6.039338438185737,4086,4081.9271275928077,4083,4078.9301179543404,0.0,0.0,5835073.869762193,0.0,streaming,17A/1A431D98,17A/1A431D98,17A/1A431240,8808,8808,1317432,11712,0.113795,0.113795,0.113795,-1093444.9805499073,True,45097672,reserved,4.6,37.8,0.0,14235779.798669474,0.0,19.980064256450355,5896599.4806302935,253443.11908022148,1002.46,1
2026-09-13T22:04:27.941864+00:00,1789337067.9418647,F_lat_northeurope_rep2,r3-pub,F01,load,16,1,1000,6,99.5,2300242138,22050295,805661973856,60320,1789156079.537691,5979184.133,192964.18600000002,88030812,85002632,430575420,8132,22227,16055198,4851071156,11084516.447,791856.217,17A/1AA6C000,17A/1AAFC4F8,1,1.0005111694335938,6316882,6313654.652727259,6.021170284964809,4073,4070.9190706044733,4070,4067.9206033292917,0.0,0.0,6517500.452985001,0.0,streaming,17A/1AA69E00,17A/1A961DE0,17A/1A961D90,8704,1090080,2115904,1090160,0.113795,0.285401,0.113795,1077897.0119949062,True,51618504,reserved,3.5,37.8,0.0,14991888.604793387,0.0,28.985183660085863,6576423.333409588,198246.6623658866,1002.46,1
2026-09-13T22:04:28.942309+00:00,1789337068.9423099,F_lat_northeurope_rep2,r3-pub,F01,load,16,1,1000,6,99.5,2300266769,22050295,805668266730,60320,1789156079.537691,5979220.898000001,192964.18600000002,88034875,85002632,430579480,8132,22227,16055198,4851115902,11084516.447,791865.529,17A/1B09E000,17A/1B0FF5C0,1,1.0004451274871826,6292874,6290074.115114947,5.998682131876895,4063,4061.192251698036,4060,4058.1935864863467,0.0,0.0,6493365.624476219,0.0,streaming,17A/1AFFFC08,17A/1AF95F48,17A/1AF953A8,648184,1081528,2437800,1084504,0.113608,0.285238,0.113608,-5653.483479105117,True,58114760,reserved,3.3,37.8,0.0,6587531.708563831,0.0,18.991546340699653,5915449.870663517,239122.55997574932,1002.45,1
2026-09-13T22:04:29.942609+00:00,1789337069.9426093,F_lat_northeurope_rep2,r3-pub,F01,load,16,1,1000,6,99.5,2300291389,22050295,805674547965,60320,1789156079.537691,5979253.883,192964.18600000002,88038934,85002632,430583536,8132,22227,16055198,4851160988,11084516.447,791875.257,17A/1B624000,17A/1B6FCB08,1,1.0002994537353516,6281235,6279354.623802305,5.9884592283270885,4059,4057.7848811600834,4056,4054.7857792523523,0.0,0.0,5790010.1598299155,0.0,streaming,17A/1B621B68,17A/1B621B68,17A/1B621B68,9368,9368,1045392,9368,0.094912,0.170041,0.094912,-1074814.142890103,True,63906504,reserved,2.5,37.8,0.0,14192486.007051263,0.0,18.994312082296524,6511052.2410853375,255619.45379973116,1002.45,1
2026-09-13T22:04:30.943121+00:00,1789337070.9431145,F_lat_northeurope_rep2,r3-pub,F01,load,16,1,1000,6,99.5,2300315950,22050295,805680819303,60320,1789156079.537691,5979290.23,192964.18600000002,88042983,85002632,430587582,8132,22227,16055198,4851206158,11084516.447,791886.22,17A/1BC55E60,17A/1BCFCE90,1,1.0005052089691162,6271338,6268171.263657643,5.977793944986003,4049,4046.9554418131825,4046,4043.956956674768,0.0,0.0,6492559.90050574,0.0,streaming,17A/1BC53FA8,17A/1BB4BDE8,17A/1BB4BDE8,7864,1089656,2391656,1089656,0.113498,0.285409,0.113498,1079742.5044024398,True,70402344,reserved,3.9,37.8,0.0,15933582.211356672,0.0,20.98939596890018,6554411.652445905,244509.47162190275,1002.44,1
2026-09-13T22:04:31.943931+00:00,1789337071.943931,F_lat_northeurope_rep2,r3-pub,F01,load,16,1,1000,6,99.5,2300340526,22050295,805687099579,60320,1789156079.537691,5979325.845000001,192964.18600000002,88047037,85002632,430591633,8132,22227,16055198,4851251134,11084516.447,791895.411,17A/1C20C000,17A/1C2FB218,1,1.0008165836334229,6280276,6275151.813731663,5.9844511163059835,4054,4050.6922709874793,4051,4047.6947187395854,0.0,0.0,5983881.660171964,0.0,streaming,17A/1C209BC8,17A/1C209BC8,17A/1C209BC8,9272,9272,1166768,9272,0.113295,0.285857,0.113295,-1079502.4959295848,True,76391112,reserved,2.1,37.8,0.0,6016207.263613254,0.0,12.989393074207506,6043965.596612835,223581.42706592064,1002.44,1
2026-09-13T22:04:32.944458+00:00,1789337072.9444587,F_lat_northeurope_rep2,r3-pub,F01,load,16,1,1000,6,99.5,2300365042,22050295,805693364304,60320,1789156079.537691,5979359.720000001,192964.18600000002,88051082,85002632,430595674,8132,22227,16055198,4851296298,11084516.447,791904.174,17A/1C838000,17A/1C8FA288,1,1.0005276203155518,6264725,6261421.346893149,5.971356722729825,4045,4042.8669012898076,4041,4038.8690106581244,0.0,0.0,6468267.210813157,0.0,streaming,17A/1C833F60,17A/1C833F60,17A/1C833F60,16544,16544,1449512,16544,0.113546,0.286108,0.113546,7268.165168400366,True,82862792,reserved,2.3,37.8,0.0,9395362.815706454,0.0,30.983652395546116,6535792.583054948,236833.042075607,1002.43,1
2026-09-13T22:04:33.945213+00:00,1789337073.9451988,F_lat_northeurope_rep2,r3-pub,F01,load,16,1,1000,6,99.5,2300389670,22050296,805699660878,60320,1789156079.537691,5979393.388,192964.18600000002,88055136,85002632,430599726,8132,22227,16055198,4851341199,11084516.447,791914.587,17A/1CE6E000,17A/1CEFFEB0,1,1.0007400512695312,6296574,6291917.658349153,6.000440271710541,4054,4051.0020507894396,4052,4049.003529797437,0.0,0.0,6507823.876678178,0.0,streaming,17A/1CE6C000,17A/1CD63FD0,17A/1CD63538,8192,1089584,1783896,1092296,0.113810,0.113810,0.113810,1074956.4770944354,True,89375432,reserved,2.0,37.8,0.0,16576532.516067058,0.0,64.95193224008722,6559489.641363432,204919.34917549117,1002.43,1
2026-09-13T22:04:34.945817+00:00,1789337074.9458172,F_lat_northeurope_rep2,r3-pub,F01,load,16,1,1000,6,99.5,2300414275,22050296,805705948897,60320,1789156079.537691,5979427.652000001,192964.18600000002,88059184,85002632,430603771,8132,22227,16055198,4851385952,11084516.447,791924.029,17A/1D42A000,17A/1D502BF0,1,1.0006184577941895,6288019,6284132.529257561,5.993015794045983,4048,4045.4980302118374,4045,4042.499884438459,0.0,0.0,6009211.556276088,0.0,streaming,17A/1D427FC8,17A/1D427FC8,17A/1D427F78,8248,8248,578144,8328,0.094657,0.189059,0.094657,-1083298.0258924568,True,95388360,reserved,6.0,37.8,0.0,14396728.231214577,0.0,19.98763848918892,6051416.454327934,247335.03372061937,1002.42,1
2026-09-13T22:04:35.946684+00:00,1789337075.9466844,F_lat_northeurope_rep2,r3-pub,F01,load,16,1,1000,6,99.5,2300438792,22050296,805712221706,60320,1789156079.537691,5979460.575,192964.18600000002,88062973,85002632,430607557,8132,22227,16055198,4851428262,11084516.447,791932.451,17A/1DA5C000,17A/1DB04D90,1,1.0008671283721924,6272809,6267374.381854342,5.9770339792769835,3789,3785.7172971225655,3786,3782.7198962539014,0.0,0.0,6490627.792487794,0.0,streaming,17A/1DA55E88,17A/1D951FC8,17A/1D951A70,24952,1089592,1938168,1090960,0.113682,0.113682,0.113682,1081694.0324144622,True,6491680,reserved,5.0,37.8,0.0,6617493.783387618,0.0,30.973142309527457,6533383.717612039,232832.1046760781,1002.41,1
2026-09-13T22:04:36.947511+00:00,1789337076.9475114,F_lat_northeurope_rep2,r3-pub,F01,load,16,1,1000,6,99.5,2300463346,22050296,805718506926,60320,1789156079.537691,5979503.681000001,192964.18600000002,88067276,85002632,430611857,8132,22227,16055198,4851476159,11084516.447,791942.553,17A/1E103D28,17A/1E103D28,1,1.0008270740509033,6285220,6280025.953494865,5.989099458212724,4303,4299.444041400047,4300,4296.4465205717415,0.0,0.0,6973088.7392491205,0.0,streaming,17A/1E077340,17A/1DF7FC18,17A/1DF7F710,575976,1589520,2748184,1590808,0.113511,0.113511,0.113511,499434.9303290102,True,13470536,reserved,3.3,37.8,0.0,15396418.022176998,0.0,20.98264579814106,6654070.590881403,199714.8210539255,1002.41,1
2026-09-13T22:04:37.948205+00:00,1789337077.9481838,F_lat_northeurope_rep2,r3-pub,F01,load,16,1,1000,6,99.5,2300487864,22050296,805724763557,60320,1789156079.537691,5979531.956,192964.18600000002,88071319,85002632,430615897,8132,22227,16055198,4851521299,11084516.447,791952.232,17A/1E62C000,17A/1E703260,1,1.0006723403930664,6256631,6252427.240611428,5.96277927456992,4043,4040.2835541670916,4040,4037.2855698330573,0.0,0.0,5403814.797035303,0.0,streaming,17A/1E629F08,17A/1E629F08,17A/1E629938,8440,8440,952192,9928,0.113432,0.113432,0.113432,-1579817.824662793,True,18877984,reserved,3.9,37.8,0.0,13802432.067398533,0.0,15.989249781517058,5873265.166589312,263040.14748384844,1002.4,1
2026-09-13T22:04:38.948649+00:00,1789337078.9485745,F_lat_northeurope_rep2,r3-pub,F01,load,16,1,1000,6,99.5,2300512492,22050296,805731050480,60320,1789156079.537691,5979570.791,192964.18600000002,88075379,85002632,430619954,8132,22227,16055198,4851566641,11084516.447,791962.441,17A/1EC60000,17A/1ED0AAA8,1,1.0003907680511475,6286923,6284467.230987647,5.993334990489623,4060,4058.4141014308343,4057,4055.415273277068,0.0,0.0,6501907.262370342,0.0,streaming,17A/1EC5DF30,17A/1EC5DF30,17A/1EC5DF30,8400,8400,1282632,8400,0.115622,0.266321,0.115622,-1527.4031396518017,True,25382432,reserved,2.7,37.8,0.0,14977315.343671732,0.0,22.991015845544137,6556929.761335652,259685.5231941902,1002.4,1
2026-09-13T22:04:39.950084+00:00,1789337079.9500842,F_lat_northeurope_rep2,r3-pub,F01,load,16,1,1000,6,99.5,2300537100,22050296,805737361025,60320,1789156079.537691,5979653.962,192964.18600000002,88079430,85002632,430624002,8132,22227,16055198,4851611863,11084516.447,791972.539,17A/1F311368,17A/1F311368,1,1.001509666442871,6310545,6301032.542614975,6.009132902731872,4051,4044.893559927592,4048,4041.8980820999486,0.0,0.0,7006742.156492493,0.0,streaming,17A/1F29F908,17A/1F203FE0,17A/1F203FE0,465504,1102728,1746256,1102728,0.094740,0.189692,0.094740,1092678.4200563915,True,32399752,reserved,8.3,37.8,0.0,7083578.159756761,0.0,23.96382262114594,6905705.687858696,214718.84616329527,1002.39,1
2026-09-13T22:04:40.950253+00:00,1789337080.9502532,F_lat_northeurope_rep2,r3-pub,F01,load,16,1,1000,6,99.5,2300561750,22050297,805743665084,60320,1789156079.537691,5979680.340000001,192964.18600000002,88083498,85002632,430628067,8132,22227,16055198,4851656901,11084516.447,791981.263,17A/1F83E000,17A/1F916B20,1,1.000169038772583,6304059,6302993.549706759,6.0110030648295965,4068,4067.3124664929524,4065,4064.3129735235625,0.0,0.0,5425410.895201516,0.0,streaming,17A/1F837FC0,17A/1F837FC0,17A/1F8374E8,24640,24640,1211392,27416,0.113478,0.284939,0.113478,-1075130.261300263,True,37826080,reserved,3.5,37.8,0.0,13833949.526152125,0.0,16.997126826543802,5599515.464778774,234212.40902185524,1002.39,1
2026-09-13T22:04:41.950581+00:00,1789337081.9505813,F_lat_northeurope_rep2,r3-pub,F01,load,16,1,1000,6,99.5,2300586318,22050297,805749944308,60320,1789156079.537691,5979714.824000001,192964.18600000002,88087547,85002632,430632113,8132,22227,16055198,4851701839,11084516.447,791990.352,17A/1FE71FA0,17A/1FF19448,1,1.0003280639648438,6279224,6277164.688464325,5.986370743240666,4049,4047.672104640964,4046,4044.6730885100865,0.0,0.0,6502218.85630172,0.0,streaming,17A/1FE6FFE8,17A/1FE6FFE8,17A/1FE6EF80,8120,8120,483928,12320,0.113693,0.113693,0.113693,-15091.049170575448,True,44330432,reserved,3.7,37.8,0.0,14888171.72735385,0.0,16.99442474163902,6590136.013850437,238218.84897990315,1002.38,1
2026-09-13T22:04:42.951364+00:00,1789337082.9513648,F_lat_northeurope_rep2,r3-pub,F01,load,16,1,1000,6,99.5,2300610992,22050297,805756246508,60320,1789156079.537691,5979748.734,192964.18600000002,88091612,85002632,430636175,8132,22227,16055198,4851747407,11084516.447,791998.901,17A/2042A000,17A/2051DE28,4,1.0007834434509277,6302200,6297266.447842691,6.005541274874393,4065,4061.8177954492935,4062,4058.8201439397367,0.0,0.0,5991945.649422645,0.0,streaming,17A/20427FD0,17A/20427FD0,17A/204274B8,8240,8240,496208,11080,0.113730,0.113730,0.113730,-1239.0292906167588,True,50327072,reserved,1.8,37.8,0.0,14406633.217555787,0.0,18.98512622719227,6057374.389704568,224940.77162562328,1002.38,1
2026-09-13T22:04:43.951462+00:00,1789337083.9514627,F_lat_northeurope_rep2,r3-pub,F01,load,16,1,1000,6,99.5,2300635582,22050297,805762529798,60320,1789156079.537691,5979783.300000001,192964.18600000002,88095669,85002632,430640229,8132,22227,16055198,4851792348,11084516.447,792008.122,17A/20A5E000,17A/20B1FCA8,1,1.0000979900360107,6283290,6282674.360513169,5.991625175965471,4057,4056.602493375593,4054,4053.602787316898,0.0,0.0,6503810.691356147,0.0,streaming,17A/20A5C000,17A/20A5C000,17A/20A5B9F0,8192,8192,822960,9744,0.113685,0.113685,0.113685,-1335.8690981389677,True,56831520,reserved,5.4,37.8,0.0,6626678.651520306,0.0,17.99823635217172,6561237.0641438095,239934.4888108012,1002.37,1
2026-09-13T22:04:44.952238+00:00,1789337084.9522386,F_lat_northeurope_rep2,r3-pub,F01,load,16,1,1000,6,99.5,2300660169,22050297,805768811236,60320,1789156079.537691,5979820.635000001,192964.18600000002,88099727,85002632,430644283,8132,22227,16055198,4851837172,11084516.447,792017.928,17A/2110A000,17A/21130EE8,3,1.0007758140563965,6281438,6276568.549893057,5.985802221196229,4058,4054.8541871249904,4054,4050.8572879755325,0.0,0.0,6990544.637208587,0.0,streaming,17A/21105E88,17A/20FFFD18,17A/20FFFD18,16760,1090280,1641864,1090280,0.095070,0.104827,0.095070,1079698.3548396472,True,63827488,reserved,4.2,37.8,0.0,15401299.455395732,0.0,20.98372053465372,7060341.487830781,220374.03072929545,1002.37,1
2026-09-13T22:04:45.956396+00:00,1789337085.9558053,F_lat_northeurope_rep2,r3-pub,F01,load,16,1,1000,6,99.5,2300684771,22050297,805775102794,60320,1789156079.537691,5979849.266000001,192964.18600000002,88103784,85002632,430648338,8132,22227,16055198,4851881867,11084516.447,792027.491,17A/21634000,17A/2173D8C0,1,1.0035667419433594,6291558,6269197.390715336,5.978772536006295,4057,4042.581156230638,4055,4040.5882643616555,0.0,0.0,5395667.048027399,0.0,streaming,17A/21631E38,17A/21631E38,17A/21631E38,8648,8648,881184,8648,0.095070,0.172822,0.095070,-1077787.809015543,True,69242400,reserved,7.9,37.8,0.0,13836090.236620938,0.0,24.91114836227901,5542561.114798216,244047.54538370605,1002.36,1
2026-09-13T22:04:46.956189+00:00,1789337086.9561896,F_lat_northeurope_rep2,r3-pub,F01,load,16,1,1000,6,99.5,2300709386,22050298,805781389084,60320,1789156079.537691,5979882.472,192964.18600000002,88107846,85002632,430652397,8132,22227,16055198,4851926743,11084516.447,792037.35,17A/21C66000,17A/21D40AC8,1,1.0003843307495117,6286290,6283874.913644601,5.992770112652398,4062,4060.439448263502,4059,4057.4406008127903,0.0,0.0,6493760.248256638,0.0,streaming,17A/21C63BD0,17A/21C63BD0,17A/21C63BD0,9264,9264,1189744,9264,0.113858,0.113858,0.113858,615.7633432127811,True,75738656,reserved,3.5,37.8,0.0,14895523.192407092,0.0,17.99308470426958,6486894.886826143,247542.86166643945,1002.36,1
2026-09-13T22:04:47.957452+00:00,1789337087.9574528,F_lat_northeurope_rep2,r3-pub,F01,load,16,1,1000,6,99.5,2300733996,22050298,805787677282,60320,1789156079.537691,5979919.9290000005,192964.18600000002,88111909,85002632,430656457,8132,22227,16055198,4851971798,11084516.447,792048.412,17A/22310000,17A/22341748,1,1.00126314163208,6288198,6280265.135646664,5.989327560087837,4063,4057.874329996033,4060,4054.878114640387,0.0,0.0,6978960.584337277,0.0,streaming,17A/2230DFD0,17A/22205ED8,17A/22205ED8,8240,1089832,2188136,1089832,0.114709,0.284836,0.114709,1079204.8114730872,True,82726432,reserved,2.1,37.8,0.0,7015778.078627451,0.0,14.981076778228033,7063947.234161713,230855.39693713834,1002.35,1
2026-09-13T22:04:48.958602+00:00,1789337088.958603,F_lat_northeurope_rep2,r3-pub,F01,drain,0,0,0,0,0,2300759168,22050298,805794111994,60320,1789156079.537691,5979930.943000001,192964.18600000002,88116244,85002632,430660608,8132,22227,16055198,4852018060,11084516.447,792057.875,17A/224DBDF0,17A/224DBDF0,1,1.001150131225586,6434712,6427319.738871499,6.129569758292674,4335,4330.0199088953705,4151,4146.2312899249555,0.0,0.0,1881468.0648286978,0.0,streaming,17A/224DBDF0,17A/224DBDF0,17A/224DBDF0,0,0,3128,0,0.113857,0.113857,0.113857,-1088579.990161767,True,84610064,reserved,11.4,36.7,0.0,4500423.921919027,0.0,100.88397019571683,1906975.7276691732,107461.40528223955,1002.35,1
2026-09-13T22:04:49.959838+00:00,1789337089.9598386,F_lat_northeurope_rep2,r3-pub,F01,drain,0,0,0,0,0,2300759168,22050298,805794111994,60320,1789156079.537691,5979930.943000001,192964.18600000002,88116247,85002632,430660608,8132,22227,16055198,4852018060,11084516.447,792057.875,17A/224DBDF0,17A/224DBDF0,1,1.0012357234954834,0,0.0,0.0,3,2.9962974048973123,0,0.0,0.0,0.0,0.0,0.0,streaming,17A/224DBDF0,17A/224DBDF0,17A/224DBDF0,0,0,0,0,0.113857,0.113857,0.113857,0.0,True,84610064,reserved,0.8,36.7,0.0,1881834.5728037735,0.0,4.993829008162187,2600.7861474508672,1353.3276612119528,1002.35,1
2026-09-13T22:04:50.960994+00:00,1789337090.9609947,F_lat_northeurope_rep2,r3-pub,F01,drain,0,0,0,0,0,2300759168,22050298,805794111994,60320,1789156079.537691,5979930.943000001,192964.18600000002,88116250,85002632,430660608,8132,22227,16055198,4852018060,11084516.447,792057.875,17A/224DBDF0,17A/224DBDF0,1,1.0011560916900635,0,0.0,0.0,3,2.9965357299436337,0,0.0,0.0,0.0,0.0,0.0,streaming,17A/224DBDF0,17A/224DBDF0,17A/224DBDF0,0,0,0,0,0.113857,0.113857,0.113857,0.0,True,84610064,reserved,0.0,36.7,0.0,0.0,0.0,0.0,0.0,0.0,1002.35,1
2026-09-13T22:04:51.962098+00:00,1789337091.9620981,F_lat_northeurope_rep2,r3-pub,F01,drain,0,0,0,0,0,2300759168,22050298,805794111994,60320,1789156079.537691,5979930.943000001,192964.18600000002,88116253,85002632,430660608,8132,22227,16055198,4852018060,11084516.447,792057.875,17A/224DBDF0,17A/224DBDF0,1,1.001103401184082,0,0.0,0.0,3,2.9966934449045612,0,0.0,0.0,0.0,0.0,0.0,streaming,17A/224DBDF0,17A/224DBDF0,17A/224DBDF0,0,0,0,0,0.113857,0.113857,0.113857,0.0,True,84610064,reserved,0.6,36.6,0.0,8993085.01934111,0.0,10.987875964650058,3093.586532956476,719.2064267770947,1002.35,1
2026-09-13T22:04:52.963374+00:00,1789337092.9633746,F_lat_northeurope_rep2,r3-pub,F01,drain,0,0,0,0,0,2300759168,22050298,805794111994,60320,1789156079.537691,5979930.943000001,192964.18600000002,88116256,85002632,430660608,8132,22227,16055198,4852018060,11084516.447,792057.875,17A/224DBDF0,17A/224DBDF0,1,1.0012764930725098,0,0.0,0.0,3,2.9961754028542322,0,0.0,0.0,0.0,0.0,0.0,streaming,17A/224DBDF0,17A/224DBDF0,17A/224DBDF0,0,0,0,0,0.113857,0.113857,0.113857,0.0,True,84610064,reserved,0.4,36.6,0.0,3456707.5367756137,0.0,36.95282996853553,2171.228441935034,533.3192217080534,1002.35,1
2026-09-13T22:04:53.964244+00:00,1789337093.9642444,F_lat_northeurope_rep2,r3-pub,F01,drain,0,0,0,0,0,2300759168,22050298,805794111994,60320,1789156079.537691,5979930.943000001,192964.18600000002,88116259,85002632,430660608,8132,22227,16055198,4852018060,11084516.447,792057.875,17A/224DBDF0,17A/224DBDF0,1,1.0008697509765625,0,0.0,0.0,3,2.997393014498498,0,0.0,0.0,0.0,0.0,0.0,streaming,17A/224DBDF0,17A/224DBDF0,17A/224DBDF0,0,0,0,0,0.113857,0.113857,0.113857,0.0,True,84610064,reserved,1.4,36.6,0.0,139142.98025703963,0.0,10.990441053161161,3227.1931456100497,16280.83972375101,1002.35,1
2026-09-13T22:04:54.964543+00:00,1789337094.9645438,F_lat_northeurope_rep2,r3-pub,F01,drain,0,0,0,0,0,2300759168,22050298,805794111994,60320,1789156079.537691,5979930.943000001,192964.18600000002,88116262,85002632,430660608,8132,22227,16055198,4852018060,11084516.447,792057.875,17A/224DBDF0,17A/224DBDF0,1,1.0002994537353516,0,0.0,0.0,3,2.99910190773103,0,0.0,0.0,0.0,0.0,0.0,streaming,17A/224DBDF0,17A/224DBDF0,17A/224DBDF0,0,0,0,0,0.113857,0.113857,0.113857,0.0,True,84610064,reserved,0.2,36.6,0.0,0.0,0.0,0.0,1960.4129470201833,416.8751651746132,1002.35,1
2026-09-13T22:04:55.964714+00:00,1789337095.964714,F_lat_northeurope_rep2,r3-pub,F01,drain,0,0,0,0,0,2300759168,22050298,805794111994,60320,1789156079.537691,5979930.943000001,192964.18600000002,88116262,85002632,430660608,8132,22227,16055198,4852018060,11084516.447,792057.875,17A/224DBDF0,17A/224DBDF0,1,1.0001702308654785,0,0.0,0.0,0,0.0,0,0.0,0.0,0.0,0.0,0.0,streaming,17A/224DBDF0,17A/224DBDF0,17A/224DBDF0,0,0,0,0,0.113857,0.113857,0.113857,0.0,True,84610064,reserved,0.8,36.6,0.0,98287.26847322228,0.0,8.998468182973232,1482.747590594367,599.8978788648822,1002.35,1
2026-09-13T22:04:56.965764+00:00,1789337096.965764,F_lat_northeurope_rep2,r3-pub,F01,drain,0,0,0,0,0,2300759168,22050298,805794111994,60320,1789156079.537691,5979930.943000001,192964.18600000002,88116268,85002632,430660608,8132,22227,16055198,4852018060,11084516.447,792057.875,17A/224DBDF0,17A/224DBDF0,1,1.0010499954223633,0,0.0,0.0,6,5.993706635469768,0,0.0,0.0,0.0,0.0,0.0,streaming,17A/224DBDF0,17A/224DBDF0,17A/224DBDF0,0,0,0,0,0.113857,0.113857,0.113857,0.0,True,84610064,reserved,0.2,36.6,0.0,0.0,0.0,0.0,1523.4004365152327,2773.0882700106795,1002.35,1
2026-09-13T22:04:57.967111+00:00,1789337097.9671113,F_lat_northeurope_rep2,r3-pub,F01,drain,0,0,0,0,0,2300759168,22050298,805794111994,60320,1789156079.537691,5979930.943000001,192964.18600000002,88116271,85002632,430660608,8132,22227,16055198,4852018060,11084516.447,792057.875,17A/224DBDF0,17A/224DBDF0,1,1.001347303390503,0,0.0,0.0,3,2.995963528180659,0,0.0,0.0,0.0,0.0,0.0,streaming,17A/224DBDF0,17A/224DBDF0,17A/224DBDF0,0,0,0,0,0.113857,0.113857,0.113857,0.0,True,84610064,reserved,0.8,36.6,0.0,81809.77740951987,0.0,3.994618037574212,1268.2912269298124,422.43085747347294,1002.35,1
