sample_time,epoch,run_id,host,level_id,phase_state,clients,rows_per_commit,row_bytes,target_wal_mbps,network_latency_ms,wal_records,wal_fpi,wal_bytes,wal_buffers_full,wal_stats_reset,wal_write_time_ms,wal_sync_time_ms,xact_commit,xact_rollback,tup_inserted,tup_updated,tup_deleted,blks_read,blks_hit,blk_read_time_ms,blk_write_time_ms,current_wal_lsn,insert_lsn,active_backends,interval_sec,wal_bytes_delta,wal_bytes_per_sec,wal_mb_per_sec,commits_delta,commits_per_sec,rows_inserted_delta,rows_inserted_per_sec,rows_updated_per_sec,rows_deleted_per_sec,lsn_bytes_per_sec,wal_sync_time_delta_ms,repl_state,sent_lsn,write_lsn,replay_lsn,send_lag_bytes,write_lag_bytes,flush_lag_bytes,replay_lag_bytes,write_lag_sec,flush_lag_sec,replay_lag_sec,d_replay_lag_bytes_per_sec,slot_active,retained_wal_bytes,wal_status,cpu_pct,mem_used_pct,disk_read_bytes_per_sec,disk_write_bytes_per_sec,disk_read_iops,disk_write_iops,net_sent_bytes_per_sec,net_recv_bytes_per_sec,data_volume_free_gb,db_connected
2026-09-13T21:22:17.844623+00:00,1789334537.8430686,F_lat_centralus_rep3,r3-pub,idle,idle,0,0,0,0,0,2246853920,22024777,792084155166,60320,1789156079.537691,5899449.307,192422.366,79447128,76342410,421995679,7534,20289,16055142,4752757346,11084497.213,772731.266,176/ECA48F00,176/ECA48F00,1,1.0007035732269287,0,0.0,0.0,204,203.85657197382574,0,0.0,0.0,0.0,55.96062760065805,0.0,streaming,176/ECA48F00,176/ECA48F00,176/ECA48F00,0,0,0,0,,,,0.0,True,56,reserved,2.0,36.4,73676.16342395208,392939.5382610778,3.9971876857612894,45.967658386254826,10754.433468540748,866.3904308887594,976.11,1
2026-09-13T21:22:18.843862+00:00,1789334538.8438625,F_lat_centralus_rep3,r3-pub,idle,idle,0,0,0,0,0,2246853920,22024777,792084155166,60320,1789156079.537691,5899449.307,192422.366,79447131,76342410,421995679,7534,20289,16055142,4752757346,11084497.213,772731.266,176/ECA48F00,176/ECA48F00,1,1.0007939338684082,0,0.0,0.0,3,2.997620087887605,0,0.0,0.0,0.0,0.0,0.0,streaming,176/ECA48F00,176/ECA48F00,176/ECA48F00,0,0,0,0,,,,0.0,True,56,reserved,0.0,36.4,0.0,0.0,0.0,0.0,2809.7692290466484,542.5692359076565,976.11,1
2026-09-13T21:22:19.844983+00:00,1789334539.8449833,F_lat_centralus_rep3,r3-pub,idle,idle,0,0,0,0,0,2246853920,22024777,792084155166,60320,1789156079.537691,5899449.307,192422.366,79447136,76342410,421995679,7534,20289,16055142,4752757346,11084497.213,772731.266,176/ECA48F00,176/ECA48F00,1,1.0011208057403564,0,0.0,0.0,5,4.994402245293825,0,0.0,0.0,0.0,0.0,0.0,streaming,176/ECA48F00,176/ECA48F00,176/ECA48F00,0,0,0,0,,,,0.0,True,56,reserved,0.6,36.4,0.0,24548.48591606821,0.0,2.996641347176295,3051.5797718745275,796.1077178998358,976.11,1
2026-09-13T21:22:20.845623+00:00,1789334540.8456237,F_lat_centralus_rep3,r3-pub,F01,drain,0,0,0,0,0,2246853921,22024777,792084155216,60320,1789156079.537691,5899451.063,192422.366,79447145,76342410,421995679,7534,20289,16055142,4752758193,11084497.213,772731.266,176/ECA4A7B0,176/ECA4B110,1,1.0006403923034668,50,49.96800087681886,4.765319907838713e-05,9,8.994240157827395,0,0.0,0.0,0.0,6315.955310829904,0.0,streaming,176/ECA4A7B0,176/ECA4A7B0,176/ECA4A7B0,0,0,0,0,0.185786,0.185786,0.185786,0.0,True,6376,reserved,12.1,36.5,8186.757263658003,81867.57263658002,1.9987200350727545,9.993600175363772,9929.641134241445,20870.6346062297,978.05,1
2026-09-13T21:22:21.847270+00:00,1789334541.847271,F_lat_centralus_rep3,r3-pub,F01,drain,0,0,0,0,0,2246854011,22024782,792084163611,60320,1789156079.537691,5899452.361,192422.366,79447163,76342410,421995679,7541,20289,16055147,4752759868,11084497.311,772731.266,176/ECA4B110,176/ECA4B110,1,1.0016472339630127,8395,8381.194212242988,0.00799292966102885,18,17.970398549180914,0,0.0,6.988488324681467,0.0,2396.0531398907888,0.0,streaming,176/ECA4B110,176/ECA4B110,176/ECA4B110,0,0,0,0,0.185786,0.185786,0.185786,0.0,True,8776,reserved,1.6,36.5,0.0,175838.35309278534,0.0,14.975332124317429,2056.6122784062604,804.6745128133232,978.05,1
2026-09-13T21:22:22.848400+00:00,1789334542.8484004,F_lat_centralus_rep3,r3-pub,F01,drain,0,0,0,0,0,2246854011,22024782,792084163611,60320,1789156079.537691,5899452.361,192422.366,79447166,76342410,421995679,7541,20289,16055147,4752759868,11084497.311,772731.266,176/ECA4B110,176/ECA4B110,1,1.001129388809204,0,0.0,0.0,3,2.996615655812839,0,0.0,0.0,0.0,0.0,0.0,streaming,176/ECA4B110,176/ECA4B110,176/ECA4B110,0,0,0,0,0.185786,0.185786,0.185786,0.0,True,8776,reserved,0.0,36.5,0.0,163655.16968279186,0.0,4.994359426354732,4111.3566797752155,779.1200705113382,978.05,1
2026-09-13T21:22:23.848955+00:00,1789334543.8489554,F_lat_centralus_rep3,r3-pub,F01,drain,0,0,0,0,0,2246854011,22024782,792084163611,60320,1789156079.537691,5899452.361,192422.366,79447169,76342410,421995679,7541,20289,16055147,4752759868,11084497.311,772731.266,176/ECA4B110,176/ECA4B110,1,1.0005550384521484,0,0.0,0.0,3,2.998335808333921,0,0.0,0.0,0.0,0.0,0.0,streaming,176/ECA4B110,176/ECA4B110,176/ECA4B110,0,0,0,0,0.185786,0.185786,0.185786,0.0,True,8776,reserved,0.8,36.5,0.0,40937.27823645247,0.0,6.996116886112483,329.8169389167313,236.86852885837976,978.05,1
2026-09-13T21:22:24.849771+00:00,1789334544.8497717,F_lat_centralus_rep3,r3-pub,F01,drain,0,0,0,0,0,2246854011,22024782,792084163611,60320,1789156079.537691,5899452.361,192422.366,79447172,76342410,421995679,7541,20289,16055147,4752759868,11084497.311,772731.266,176/ECA4B110,176/ECA4B110,1,1.0008163452148438,0,0.0,0.0,3,2.9975529619832444,0,0.0,0.0,0.0,0.0,0.0,streaming,176/ECA4B110,176/ECA4B110,176/ECA4B110,0,0,0,0,0.185786,0.185786,0.185786,0.0,True,8776,reserved,0.0,36.5,0.0,0.0,0.0,0.0,1575.7136736825255,512.5815564991348,978.05,1
2026-09-13T21:22:25.851022+00:00,1789334545.8510225,F_lat_centralus_rep3,r3-pub,F01,drain,0,0,0,0,0,2246854011,22024782,792084163611,60320,1789156079.537691,5899452.361,192422.366,79447175,76342410,421995679,7541,20289,16055147,4752759868,11084497.311,772731.266,176/ECA4B110,176/ECA4B110,1,1.0012507438659668,0,0.0,0.0,3,2.9962524556202452,0,0.0,0.0,0.0,0.0,0.0,streaming,176/ECA4B110,176/ECA4B110,176/ECA4B110,0,0,0,0,0.185786,0.185786,0.185786,0.0,True,8776,reserved,6.4,36.5,0.0,568632.7860308843,0.0,81.8975671202867,2967.2886818825828,2715.6034756104823,978.05,1
2026-09-13T21:22:26.852154+00:00,1789334546.8521547,F_lat_centralus_rep3,r3-pub,F01,drain,0,0,0,0,0,2246854011,22024782,792084163611,60320,1789156079.537691,5899452.361,192422.366,79447178,76342410,421995679,7541,20289,16055147,4752759868,11084497.311,772731.266,176/ECA4B110,176/ECA4B110,1,1.0011322498321533,0,0.0,0.0,3,2.996607092122914,0,0.0,0.0,0.0,0.0,0.0,streaming,176/ECA4B110,176/ECA4B110,176/ECA4B110,0,0,0,0,0.185786,0.185786,0.185786,0.0,True,8776,reserved,0.4,36.5,0.0,24548.205298670913,0.0,3.9954761228305524,1910.8364557437117,776.1212368598349,978.05,1
2026-09-13T21:22:27.852235+00:00,1789334547.8522356,F_lat_centralus_rep3,r3-pub,F01,drain,0,0,0,0,0,2246854011,22024782,792084163611,60320,1789156079.537691,5899452.361,192422.366,79447181,76342410,421995679,7541,20289,16055147,4752759868,11084497.311,772731.266,176/ECA4B110,176/ECA4B110,1,1.0000808238983154,0,0.0,0.0,3,2.9997575479009777,0,0.0,0.0,0.0,0.0,0.0,streaming,176/ECA4B110,176/ECA4B110,176/ECA4B110,0,0,0,0,0.185786,0.185786,0.185786,0.0,True,8776,reserved,1.2,36.5,0.0,94200.38635755176,0.0,9.999191826336592,4709.619350204534,624.949489146037,978.05,1
2026-09-13T21:22:28.852426+00:00,1789334548.8524263,F_lat_centralus_rep3,r3-pub,F01,drain,0,0,0,0,0,2246854011,22024782,792084163611,60320,1789156079.537691,5899452.361,192422.366,79447184,76342410,421995679,7541,20289,16055147,4752759868,11084497.311,772731.266,176/ECA4B110,176/ECA4B110,1,1.0001907348632812,0,0.0,0.0,3,2.9994279045287078,0,0.0,0.0,0.0,0.0,0.0,streaming,176/ECA4B110,176/ECA4B110,176/ECA4B110,0,0,0,0,0.185786,0.185786,0.185786,0.0,True,8776,reserved,0.2,36.4,0.0,0.0,0.0,0.0,65.98741389963158,125.97597199020572,978.05,1
2026-09-13T21:22:29.854351+00:00,1789334549.8543515,F_lat_centralus_rep3,r3-pub,F01,drain,0,0,0,0,0,2246854011,22024782,792084163611,60320,1789156079.537691,5899452.361,192422.366,79447187,76342410,421995679,7541,20289,16055147,4752759868,11084497.311,772731.266,176/ECA4B110,176/ECA4B110,1,1.0019252300262451,0,0.0,0.0,3,2.994235408086705,0,0.0,0.0,0.0,0.0,0.0,streaming,176/ECA4B110,176/ECA4B110,176/ECA4B110,0,0,0,0,0.185786,0.185786,0.185786,0.0,True,8776,reserved,0.8,36.5,0.0,85850.717620662,0.0,14.971177040433526,4371.583695806589,955.1610951796589,978.05,1
2026-09-13T21:22:30.855506+00:00,1789334550.8555067,F_lat_centralus_rep3,r3-pub,F01,drain,0,0,0,0,0,2246854011,22024782,792084163611,60320,1789156079.537691,5899452.361,192422.366,79447190,76342410,421995679,7541,20289,16055147,4752759868,11084497.311,772731.266,176/ECA4B110,176/ECA4B110,1,1.001155138015747,0,0.0,0.0,3,2.9965385843655463,0,0.0,0.0,0.0,0.0,0.0,streaming,176/ECA4B110,176/ECA4B110,176/ECA4B110,0,0,0,0,0.185786,0.185786,0.185786,0.0,True,8776,reserved,1.0,36.4,0.0,24547.644083122555,0.0,3.9953847791540618,1816.9012283203097,356.58809153950006,978.05,1
2026-09-13T21:22:31.856174+00:00,1789334551.856175,F_lat_centralus_rep3,r3-pub,F01,drain,0,0,0,0,0,2246854011,22024782,792084163611,60320,1789156079.537691,5899452.361,192422.366,79447193,76342410,421995679,7541,20289,16055147,4752759868,11084497.311,772731.266,176/ECA4B110,176/ECA4B110,1,1.0006682872772217,0,0.0,0.0,3,2.9979964770972005,0,0.0,0.0,0.0,0.0,0.0,streaming,176/ECA4B110,176/ECA4B110,176/ECA4B110,0,0,0,0,,,,0.0,True,8776,reserved,0.6,36.4,0.0,61398.96785095067,0.0,5.995992954194401,236.84172169067884,363.75690588779366,978.05,1
2026-09-13T21:22:32.856272+00:00,1789334552.8562725,F_lat_centralus_rep3,r3-pub,F01,drain,0,0,0,0,0,2246854011,22024782,792084163611,60320,1789156079.537691,5899452.361,192422.366,79447196,76342410,421995679,7541,20289,16055147,4752759868,11084497.311,772731.266,176/ECA4B110,176/ECA4B110,1,1.0000975131988525,0,0.0,0.0,3,2.999707488927133,0,0.0,0.0,0.0,0.0,0.0,streaming,176/ECA4B110,176/ECA4B110,176/ECA4B110,0,0,0,0,,,,0.0,True,8776,reserved,0.0,36.4,32764.804999054762,28669.204374172918,1.9998049926180885,5.999414977854266,4328.577906521853,890.9131242113584,978.05,1
2026-09-13T21:22:33.856362+00:00,1789334553.856363,F_lat_centralus_rep3,r3-pub,F01,drain,0,0,0,0,0,2246854011,22024782,792084163611,60320,1789156079.537691,5899452.361,192422.366,79447199,76342410,421995679,7541,20289,16055147,4752759868,11084497.311,772731.266,176/ECA4B110,176/ECA4B110,1,1.0000905990600586,0,0.0,0.0,3,2.9997282274421626,0,0.0,0.0,0.0,0.0,0.0,streaming,176/ECA4B110,176/ECA4B110,176/ECA4B110,0,0,0,0,,,,0.0,True,8776,reserved,0.4,36.4,0.0,86008.20773722169,0.0,13.998731728063426,1537.860671268682,422.96168006934494,978.05,1
2026-09-13T21:22:34.856681+00:00,1789334554.8566818,F_lat_centralus_rep3,r3-pub,F01,drain,0,0,0,0,0,2246854011,22024782,792084163611,60320,1789156079.537691,5899452.361,192422.366,79447202,76342410,421995679,7541,20289,16055147,4752759868,11084497.311,772731.266,176/ECA4B110,176/ECA4B110,1,1.0003187656402588,0,0.0,0.0,3,2.9990440078166842,0,0.0,0.0,0.0,0.0,0.0,streaming,176/ECA4B110,176/ECA4B110,176/ECA4B110,0,0,0,0,,,,0.0,True,8776,reserved,0.0,36.4,0.0,0.0,0.0,0.0,65.97896817196705,59.98088015633368,978.05,1
2026-09-13T21:22:35.857808+00:00,1789334555.8578084,F_lat_centralus_rep3,r3-pub,F01,drain,0,0,0,0,0,2246854011,22024782,792084163611,60320,1789156079.537691,5899452.361,192422.366,79447205,76342410,421995679,7541,20289,16055147,4752759868,11084497.311,772731.266,176/ECA4B110,176/ECA4B110,1,1.0011265277862549,0,0.0,0.0,3,2.9966242195517108,0,0.0,0.0,0.0,0.0,0.0,streaming,176/ECA4B110,176/ECA4B110,176/ECA4B110,0,0,0,0,,,,0.0,True,8776,reserved,1.0,36.4,0.0,257757.62886895993,0.0,15.981995837609123,5998.242812802674,16690.198028163177,978.05,1
2026-09-13T21:22:36.858053+00:00,1789334556.8580532,F_lat_centralus_rep3,r3-pub,F01,drain,0,0,0,0,0,2246854011,22024782,792084163611,60320,1789156079.537691,5899452.361,192422.366,79447208,76342410,421995679,7541,20289,16055147,4752759868,11084497.311,772731.266,176/ECA4B110,176/ECA4B110,1,1.0002448558807373,0,0.0,0.0,3,2.9992656121769654,0,0.0,0.0,0.0,0.0,0.0,streaming,176/ECA4B110,176/ECA4B110,176/ECA4B110,0,0,0,0,,,,0.0,True,8776,reserved,0.2,36.4,0.0,40949.973158256165,0.0,7.9980416324719075,2905.2886229954206,713.8252156981177,978.05,1
2026-09-13T21:22:37.858810+00:00,1789334557.8588104,F_lat_centralus_rep3,r3-pub,F01,drain,0,0,0,0,0,2246854011,22024782,792084163611,60320,1789156079.537691,5899452.361,192422.366,79447211,76342410,421995679,7541,20289,16055147,4752759868,11084497.311,772731.266,176/ECA4B110,176/ECA4B110,1,1.0007572174072266,0,0.0,0.0,3,2.9977300666113953,0,0.0,0.0,0.0,0.0,0.0,streaming,176/ECA4B110,176/ECA4B110,176/ECA4B110,0,0,0,0,,,,0.0,True,8776,reserved,0.6,36.4,0.0,40929.00784280092,0.0,2.9977300666113953,116.91147259784442,65.9500614654507,978.05,1
2026-09-13T21:22:38.859195+00:00,1789334558.8591955,F_lat_centralus_rep3,r3-pub,F01,drain,0,0,0,0,0,2246854011,22024782,792084163611,60320,1789156079.537691,5899452.361,192422.366,79447214,76342410,421995679,7541,20289,16055147,4752759868,11084497.311,772731.266,176/ECA4B110,176/ECA4B110,1,1.000385046005249,0,0.0,0.0,3,2.998845306594336,0,0.0,0.0,0.0,0.0,0.0,streaming,176/ECA4B110,176/ECA4B110,176/ECA4B110,0,0,0,0,,,,0.0,True,8776,reserved,0.0,36.4,0.0,16377.693834413867,0.0,2.998845306594336,1485.4280418663946,356.862591484726,978.05,1
2026-09-13T21:22:39.859420+00:00,1789334559.8594208,F_lat_centralus_rep3,r3-pub,F01,drain,0,0,0,0,0,2246854011,22024782,792084163611,60320,1789156079.537691,5899452.361,192422.366,79447217,76342410,421995679,7541,20289,16055147,4752759868,11084497.311,772731.266,176/ECA4B110,176/ECA4B110,1,1.000225305557251,0,0.0,0.0,3,2.999324235581726,0,0.0,0.0,0.0,0.0,0.0,streaming,176/ECA4B110,176/ECA4B110,176/ECA4B110,0,0,0,0,,,,0.0,True,8776,reserved,0.6,36.4,0.0,24570.464137885498,0.0,3.9990989807756345,4376.014059713738,956.7844311505705,978.05,1
2026-09-13T21:22:40.859574+00:00,1789334560.8595748,F_lat_centralus_rep3,r3-pub,F01,drain,0,0,0,0,0,2246854011,22024782,792084163611,60320,1789156079.537691,5899452.361,192422.366,79447220,76342410,421995679,7541,20289,16055147,4752759868,11084497.311,772731.266,176/ECA4B110,176/ECA4B110,1,1.0001540184020996,0,0.0,0.0,3,2.9995380159477465,0,0.0,0.0,0.0,0.0,0.0,streaming,176/ECA4B110,176/ECA4B110,176/ECA4B110,0,0,0,0,,,,0.0,True,8776,reserved,0.0,36.4,0.0,20476.84618886995,0.0,3.9993840212636624,503.92238667922146,2538.60900749711,978.05,1
2026-09-13T21:22:41.861449+00:00,1789334561.8614497,F_lat_centralus_rep3,r3-pub,F01,drain,0,0,0,0,0,2246854011,22024782,792084163611,60320,1789156079.537691,5899454.057999999,192422.366,79447224,76342410,421995679,7541,20289,16055147,4752759868,11084497.311,772731.266,176/ECA4B148,176/ECA4B148,1,1.0018749237060547,0,0.0,0.0,4,3.9925143402167644,0,0.0,0.0,0.0,55.8952007630347,0.0,streaming,176/ECA4B148,176/ECA4B148,176/ECA4B148,0,0,0,0,,,,0.0,True,56,reserved,0.8,36.4,0.0,143091.71395336883,0.0,24.953214626354775,1718.777423463317,547.9725931947509,978.05,1
2026-09-13T21:22:42.861977+00:00,1789334562.8619773,F_lat_centralus_rep3,r3-pub,F01,drain,0,0,0,0,0,2246854011,22024782,792084163611,60320,1789156079.537691,5899454.057999999,192422.366,79447226,76342410,421995679,7541,20289,16055147,4752759868,11084497.311,772731.266,176/ECA4B148,176/ECA4B148,1,1.0005276203155518,0,0.0,0.0,2,1.998945315841685,0,0.0,0.0,0.0,0.0,0.0,streaming,176/ECA4B148,176/ECA4B148,176/ECA4B148,0,0,0,0,,,,0.0,True,56,reserved,0.6,36.4,0.0,335694.8805611892,0.0,56.96994150148802,7281.158312953337,1101.4188690287683,978.05,1
2026-09-13T21:22:43.863004+00:00,1789334563.8630042,F_lat_centralus_rep3,r3-pub,F01,drain,0,0,0,0,0,2246854011,22024782,792084163611,60320,1789156079.537691,5899454.057999999,192422.366,79447229,76342410,421995679,7541,20289,16055147,4752759868,11084497.311,772731.266,176/ECA4B148,176/ECA4B148,1,1.0010268688201904,0,0.0,0.0,3,2.9969225536731074,0,0.0,0.0,0.0,0.0,0.0,streaming,176/ECA4B148,176/ECA4B148,176/ECA4B148,0,0,0,0,,,,0.0,True,56,reserved,0.4,36.4,0.0,28642.587819638447,0.0,3.99589673823081,329.6614809040418,242.75072684752172,978.05,1
2026-09-13T21:22:44.863955+00:00,1789334564.8639553,F_lat_centralus_rep3,r3-pub,F01,drain,0,0,0,0,0,2246854011,22024782,792084163611,60320,1789156079.537691,5899454.057999999,192422.366,79447232,76342410,421995679,7541,20289,16055147,4752759868,11084497.311,772731.266,176/ECA4B148,176/ECA4B148,1,1.0009510517120361,0,0.0,0.0,3,2.9971495557837438,0,0.0,0.0,0.0,0.0,0.0,streaming,176/ECA4B148,176/ECA4B148,176/ECA4B148,0,0,0,0,,,,0.0,True,56,reserved,0.0,36.4,0.0,0.0,0.0,0.0,1484.588079964881,356.6607971382655,978.05,1
2026-09-13T21:22:45.865481+00:00,1789334565.865481,F_lat_centralus_rep3,r3-pub,F01,drain,0,0,0,0,0,2246854011,22024782,792084163611,60320,1789156079.537691,5899454.057999999,192422.366,79447235,76342410,421995679,7541,20289,16055147,4752759868,11084497.311,772731.266,176/ECA4B148,176/ECA4B148,1,1.001525640487671,0,0.0,0.0,3,2.9954300506367626,0,0.0,0.0,0.0,0.0,0.0,streaming,176/ECA4B148,176/ECA4B148,176/ECA4B148,0,0,0,0,,,,0.0,True,56,reserved,7.4,36.4,0.0,44987.36545382999,0.0,4.992383417727938,2952.4955532443023,658.9946111400877,978.05,1
2026-09-13T21:22:46.865530+00:00,1789334566.865531,F_lat_centralus_rep3,r3-pub,F01,drain,0,0,0,0,0,2246854011,22024782,792084163611,60320,1789156079.537691,5899454.057999999,192422.366,79447238,76342410,421995679,7541,20289,16055147,4752759868,11084497.311,772731.266,176/ECA4B148,176/ECA4B148,1,1.0000500679016113,0,0.0,0.0,3,2.9998498038151737,0,0.0,0.0,0.0,0.0,0.0,streaming,176/ECA4B148,176/ECA4B148,176/ECA4B148,0,0,0,0,,,,0.0,True,56,reserved,0.2,36.4,0.0,32766.35945713854,0.0,3.999799738420232,1485.9256028231162,356.9821266540057,978.05,1
2026-09-13T21:22:47.866749+00:00,1789334567.8667498,F_lat_centralus_rep3,r3-pub,F01,drain,0,0,0,0,0,2246854011,22024782,792084163611,60320,1789156079.537691,5899454.057999999,192422.366,79447242,76342410,421995679,7541,20289,16055147,4752759868,11084497.311,772731.266,176/ECA4B148,176/ECA4B148,1,1.0012187957763672,0,0.0,0.0,4,3.99513075151402,0,0.0,0.0,0.0,0.0,0.0,streaming,176/ECA4B148,176/ECA4B148,176/ECA4B148,0,0,0,0,,,,0.0,True,56,reserved,2.9,36.4,0.0,36819.12500595321,0.0,5.99269612727103,1535.1289912692623,362.5581156998973,978.05,1
2026-09-13T21:22:48.868301+00:00,1789334568.8683019,F_lat_centralus_rep3,r3-pub,F01,drain,0,0,0,0,0,2246854011,22024782,792084163611,60320,1789156079.537691,5899454.057999999,192422.366,79447244,76342410,421995679,7541,20289,16055147,4752759868,11084497.311,772731.266,176/ECA4B148,176/ECA4B148,1,1.0015521049499512,0,0.0,0.0,2,1.9969006006931038,0,0.0,0.0,0.0,0.0,0.0,streaming,176/ECA4B148,176/ECA4B148,176/ECA4B148,0,0,0,0,,,,0.0,True,56,reserved,0.2,36.4,0.0,0.0,0.0,0.0,2901.4965728070797,652.986496426645,978.05,1
2026-09-13T21:22:49.868789+00:00,1789334569.8687894,F_lat_centralus_rep3,r3-pub,F01,drain,0,0,0,0,0,2246854011,22024782,792084163611,60320,1789156079.537691,5899454.057999999,192422.366,79447247,76342410,421995679,7541,20289,16055147,4752759868,11084497.311,772731.266,176/ECA4B148,176/ECA4B148,1,1.0004875659942627,0,0.0,0.0,3,2.9985380148314644,0,0.0,0.0,0.0,0.0,0.0,streaming,176/ECA4B148,176/ECA4B148,176/ECA4B148,0,0,0,0,,,,0.0,True,56,reserved,0.8,36.4,0.0,73692.07025249806,0.0,10.994639387715369,1536.25097626532,302.8523394979779,978.05,1
2026-09-13T21:22:50.869756+00:00,1789334570.8697565,F_lat_centralus_rep3,r3-pub,F01,load,16,1,1000,6,0.1,2246854011,22024782,792084163611,60320,1789156079.537691,5899454.057999999,192422.366,79447270,76342410,421995679,7541,20289,16055147,4752759913,11084497.311,772731.266,176/ECA4B148,176/ECA4B148,1,1.000967025756836,0,0.0,0.0,23,22.97777989500662,0,0.0,0.0,0.0,0.0,0.0,streaming,176/ECA4B148,176/ECA4B148,176/ECA4B148,0,0,0,0,,,,0.0,True,56,reserved,1.6,36.4,0.0,130945.37245210035,0.0,9.990339084785488,5345.830444268714,17660.921434083786,978.05,1
2026-09-13T21:22:51.870276+00:00,1789334571.8702579,F_lat_centralus_rep3,r3-pub,F01,load,16,1,1000,6,0.1,2246854012,22024782,792084163661,60320,1789156079.537691,5899479.154,192422.366,79447292,76342410,421995679,7541,20289,16055147,4752760534,11084497.311,772731.266,176/ECC9E000,176/ECD66240,2,1.0005013942718506,50,49.97494284991899,4.76598194598379e-05,22,21.988974853964354,0,0.0,0.0,0.0,2435570.818742796,0.0,streaming,176/ECC9BFF8,176/ECC9BFF8,176/ECC9BAB0,8200,8200,1183104,9552,0.003757,0.212735,0.003757,9547.213082048524,True,2436848,reserved,58.8,37.4,147382.10345755308,5215688.883470073,5.996993141990279,39.97995427993519,2415303.9804194397,116999.33720251634,978.05,1
2026-09-13T21:22:52.870636+00:00,1789334572.8706188,F_lat_centralus_rep3,r3-pub,F01,load,16,1,1000,6,0.1,2246880297,22024785,792090940149,60320,1789156079.537691,5899541.514,192448.983,79451624,76342410,422000008,7541,20289,16055147,4752807860,11084497.311,772742.789,176/ED318000,176/ED3DB498,2,1.0003609657287598,6776488,6774042.802703072,6.46023063917453,4332,4330.436860702728,4329,4327.437943209166,0.0,0.0,6788717.505638233,26.61699999999837,streaming,176/ED315C08,176/ED315C08,176/ED315C08,9208,9208,1123656,9208,0.021333,0.021333,0.021333,-343.87587259504585,True,9228016,reserved,2.5,37.4,0.0,23670431.785340548,0.0,49.981958226024105,6818318.820578014,320875.17505859403,978.02,1
2026-09-13T21:22:53.871330+00:00,1789334573.8713303,F_lat_centralus_rep3,r3-pub,F01,load,16,1,1000,6,0.1,2246906745,22024785,792097742166,60320,1789156079.537691,5899586.381,192448.983,79455983,76342410,422004362,7541,20289,16055147,4752854368,11084497.311,772751.89,176/ED940000,176/EDA49280,2,1.000711441040039,6802017,6797181.206333232,6.482297140439255,4359,4355.901033238605,4354,4350.904587914863,0.0,0.0,6450706.702514576,0.0,streaming,176/ED93DFE0,176/ED93DFE0,176/ED93DFE0,8224,8224,1195832,8224,0.021609,0.195167,0.021609,-983.3004397125001,True,15683312,reserved,6.6,37.4,0.0,14550927.872740684,0.0,37.97298446044208,6478050.249193288,303042.40319749323,978.02,1
2026-09-13T21:22:54.874808+00:00,1789334574.874808,F_lat_centralus_rep3,r3-pub,F01,load,16,1,1000,6,0.1,2246932249,22024785,792104280504,60320,1789156079.537691,5899631.297,192448.983,79460182,76342410,422008555,7541,20289,16055147,4752899485,11084497.311,772760.504,176/EDF78000,176/EE08B160,1,1.0034778118133545,6538338,6515677.699125969,6.213834475637406,4199,4184.44727981789,4193,4178.468074369234,0.0,0.0,6498232.370695273,0.0,streaming,176/EDF75E00,176/EDF75E00,176/EDF75938,8704,8704,1538720,9928,0.020528,0.020528,0.020528,1698.094347418358,True,22204144,reserved,2.9,37.4,0.0,15172066.40821252,0.0,46.83710934780682,6544455.614950351,292849.52446428285,978.01,1
2026-09-13T21:22:55.875010+00:00,1789334575.8750105,F_lat_centralus_rep3,r3-pub,F01,load,16,1,1000,6,0.1,2246957547,22024785,792110808510,60320,1789156079.537691,5899693.970000001,192475.807,79464334,76342410,422012704,7541,20289,16055147,4752943899,11084497.311,772769.52,176/EE63C000,176/EE6B53C8,1,1.0002024173736572,6528006,6526684.885586771,6.224331746660968,4152,4151.159733149184,4149,4148.160340278412,0.0,0.0,7092836.286707064,26.823999999993248,streaming,176/EE627F28,176/EE627F28,176/EE6273D0,82136,82136,1418912,85040,0.022140,0.187260,0.022140,75096.79910315547,True,29298416,reserved,4.9,37.4,0.0,23928084.53997077,0.0,41.99150019081545,6966737.811229292,333245.545311935,977.99,1
2026-09-13T21:22:56.875917+00:00,1789334576.875918,F_lat_centralus_rep3,r3-pub,F01,load,16,1,1000,6,0.1,2246981992,22024785,792117060113,60320,1789156079.537691,5899732.139,192475.807,79468378,76342410,422016744,7541,20289,16055147,4752987132,11084497.311,772778.072,176/EEC42000,176/EECA28E0,1,1.0009074211120605,6251603,6245935.306438373,5.956588083685277,4044,4040.3337158864347,4040,4036.3373422802165,0.0,0.0,6310305.8952071285,0.0,streaming,176/EEC3FFC0,176/EEC3FFC0,176/EEC3FF30,8256,8256,531576,8400,0.014360,0.014360,0.014360,-76570.51829513758,True,35614448,reserved,6.8,37.4,0.0,14020173.798300663,0.0,30.97189544818978,6471990.179474097,301298.5952935964,977.99,1
2026-09-13T21:22:57.876382+00:00,1789334577.876383,F_lat_centralus_rep3,r3-pub,F01,load,16,1,1000,6,0.1,2247006283,22024786,792123302095,60320,1789156079.537691,5899788.12,192501.096,79472390,76342410,422020754,7541,20289,16055147,4753029954,11084497.311,772787.251,176/EF20DAE8,176/EF29B3A8,1,1.0004651546478271,6241982,6239079.863003559,5.950050223353919,4012,4010.1346672211293,4010,4008.1355970978884,0.0,0.0,6074334.495077158,25.288999999989755,streaming,176/EF20BC28,176/EF20BC28,176/EF20AAA8,7872,7872,433000,12352,0.020502,0.020502,0.020502,3950.162563523904,True,5487600,reserved,4.3,37.4,0.0,31430372.01637365,0.0,77.96373480639285,6084956.554176998,273527.76728773635,977.96,1
2026-09-13T21:22:58.876460+00:00,1789334578.8764603,F_lat_centralus_rep3,r3-pub,F01,load,16,1,1000,6,0.1,2247030328,22024786,792129484972,60320,1789156079.537691,5899825.735,192501.096,79476352,76342410,422024712,7541,20289,16055147,4753072386,11084497.311,772795.754,176/EF81DAA0,176/EF87EF58,1,1.000077247619629,6182877,6182399.424360873,5.895995544777749,3962,3961.6939685712296,3958,3957.694277537841,0.0,0.0,6356428.980991879,0.0,streaming,176/EF81BC10,176/EF81BC10,176/EF81BC10,7824,7824,617192,7824,0.021396,0.021396,0.021396,-4527.650249795691,True,11844520,reserved,4.3,37.4,0.0,14707599.872919362,0.0,104.99188962644601,6385942.701127252,294772.2295469348,977.96,1
2026-09-13T21:22:59.876901+00:00,1789334579.8769016,F_lat_centralus_rep3,r3-pub,F01,load,16,1,1000,6,0.1,2247054405,22024786,792135671011,60320,1789156079.537691,5899865.4,192501.096,79480303,76342410,422028659,7541,20289,16055147,4753114552,11084497.311,772804.545,176/EFE34000,176/EFE65048,1,1.000441312789917,6186039,6183310.226113192,5.896864153016273,3951,3949.2571423124264,3947,3945.2589067849017,0.0,0.0,6380128.367749999,0.0,streaming,176/EFE2FFE8,176/EFE2FFE8,176/EFE2F9D8,16408,16408,816256,17960,0.021162,0.021162,0.021162,10131.528826747344,True,18227464,reserved,3.7,37.4,0.0,6464731.031512421,0.0,27.98764869267222,6362623.093051615,292811.7784171462,977.95,1
2026-09-13T21:23:00.877764+00:00,1789334580.877765,F_lat_centralus_rep3,r3-pub,F01,load,16,1,1000,6,0.1,2247078146,22024786,792141782246,60320,1789156079.537691,5899909.617000001,192528.552,79484227,76342410,422032581,7541,20289,16055147,4753156835,11084497.311,772814.508,176/F040AF80,176/F04965E8,2,1.0008633136749268,6111235,6105963.638092629,5.823100698559407,3924,3920.6152792153266,3922,3918.617004353341,0.0,0.0,6118110.151841207,27.456000000005588,streaming,176/F0409BF0,176/F0409BF0,176/F0409158,5008,5008,375368,7720,0.021162,0.021162,0.021162,-10231.167293365175,True,24350856,reserved,10.7,37.6,0.0,31147765.70792094,0.0,66.94220787651042,5800707.170175741,287440.8483848568,977.93,1
2026-09-13T21:23:01.878000+00:00,1789334581.8780007,F_lat_centralus_rep3,r3-pub,F01,load,16,1,1000,6,0.1,2247108213,22024787,792148360236,60320,1789156079.537691,5899951.473,192528.552,79488175,76342410,422036571,7554,20340,16055147,4753218693,11084497.311,772824.983,176/F0A3E000,176/F0A85BA8,1,1.0002357959747314,6577990,6576439.302084503,6.271781255802634,3948,3947.0692969477936,3990,3989.0593958514937,12.996935374954742,50.98797724020706,6498947.574321984,0.0,streaming,176/F0A29FD8,176/F0A29FD8,176/F0A29E58,81960,81960,555240,82344,0.016159,0.016159,0.016159,74606.40810927867,True,30851336,reserved,6.6,37.4,0.0,14516896.97412791,0.0,75.98208373050464,6365253.098941123,281948.5176744509,977.93,1
2026-09-13T21:23:02.878410+00:00,1789334582.8784103,F_lat_centralus_rep3,r3-pub,F01,load,16,1,1000,6,0.1,2247131871,22024787,792154424643,60320,1789156079.537691,5899989.897,192528.552,79492090,76342410,422040482,7554,20340,16055147,4753260601,11084497.311,772833.85,176/F1000000,176/F1050758,1,1.0004096031188965,6064407,6061924.0170161165,5.781101243034474,3915,3913.3970603585967,3911,3909.398698100248,0.0,0.0,6035032.032057029,0.0,streaming,176/F0F51080,176/F0F3BDD0,176/F0F3AD58,716672,803376,1449440,807592,0.022272,0.022272,0.022272,724951.0577856837,True,36888840,reserved,4.3,37.4,0.0,13793774.02713713,0.0,46.98075653559491,5602028.391698614,252457.59258268905,977.91,1
2026-09-13T21:23:03.878934+00:00,1789334583.8789349,F_lat_centralus_rep3,r3-pub,F01,load,16,1,1000,6,0.1,2247155531,22024787,792160484252,60320,1789156079.537691,5900037.5770000005,192555.081,79495998,76342410,422044388,7554,20340,16055147,4753302048,11084497.311,772842.356,176/F1610000,176/F16290F8,1,1.0005245208740234,6059609,6056432.274849732,5.775863909578068,3908,3905.9512470380105,3906,3903.952295529803,0.0,0.0,6353659.37303241,26.529000000009546,streaming,176/F160BE98,176/F160BE98,176/F160B408,16744,16744,588360,19448,0.019239,0.019239,0.019239,-787730.818742458,True,43245832,reserved,10.3,37.4,0.0,23228520.156305343,0.0,48.97431195109072,6946310.515137362,327233.35927238484,977.9,1
2026-09-13T21:23:04.879475+00:00,1789334584.879476,F_lat_centralus_rep3,r3-pub,F01,load,16,1,1000,6,0.1,2247179483,22024788,792166662484,60320,1789156079.537691,5900070.874000001,192555.081,79499952,76342410,422048339,7554,20340,16055147,4753344185,11084497.311,772851.265,176/F1B20000,176/F1C0D678,1,1.0005412101745605,6178232,6174890.086658307,5.888834082277591,3954,3951.861212503342,3951,3948.8628352556157,0.0,0.0,5305544.585288857,0.0,streaming,176/F1B1DF48,176/F1B1DF48,176/F1B1D918,8376,8376,735552,9960,0.021690,0.021690,0.021690,-9482.867775475901,True,48554248,reserved,3.5,37.4,0.0,13132860.362350812,0.0,41.97728146816903,5330928.847068109,256169.35853674926,977.9,1
2026-09-13T21:23:05.879663+00:00,1789334585.8796637,F_lat_centralus_rep3,r3-pub,F01,load,16,1,1000,6,0.1,2247203393,22024788,792172805759,60320,1789156079.537691,5900121.558999999,192580.067,79503900,76342410,422052284,7554,20340,16055147,4753385953,11084497.311,772860.356,176/F2104000,176/F21F1FF0,1,1.000187635421753,6143275,6142122.520250455,5.857584495783286,3948,3947.259354326283,3945,3944.2599171269467,0.0,0.0,6175609.2369562425,24.986000000004424,streaming,176/F20FFC48,176/F20FFC48,176/F20FFC48,17336,17336,766384,17336,0.021749,0.189887,0.021749,7374.616260767645,True,54731016,reserved,6.8,37.4,0.0,30943569.89021311,0.0,70.98668038428725,6199545.7456193445,296841.3020570948,977.88,1
2026-09-13T21:23:06.880012+00:00,1789334586.880012,F_lat_centralus_rep3,r3-pub,F01,load,16,1,1000,6,0.1,2247227550,22024788,792179013334,60320,1789156079.537691,5900163.685,192580.067,79507879,76342410,422056260,7554,20340,16055147,4753428688,11084497.311,772868.903,176/F27254E8,176/F27E61A8,1,1.0003483295440674,6207575,6205413.471154843,5.91794345012173,3979,3977.6144793619283,3976,3974.6155239866866,0.0,0.0,6425641.7591357,0.0,streaming,176/F2723B88,176/F2723B88,176/F2723B88,6496,6496,1006464,6496,0.021217,0.021217,0.021217,-10836.225422539155,True,61158896,reserved,1.6,37.4,0.0,14261400.33292427,0.0,38.98641987813903,6474197.8456162345,306271.3166519097,977.87,1
2026-09-13T21:23:07.880405+00:00,1789334587.880406,F_lat_centralus_rep3,r3-pub,F01,load,16,1,1000,6,0.1,2247251841,22024788,792185236795,60320,1789156079.537691,5900203.445,192580.067,79511865,76342410,422060243,7554,20340,16055147,4753471573,11084497.311,772877.757,176/F2D4E000,176/F2DE17F8,1,1.0003938674926758,6223461,6221010.746095526,5.932818170638586,3986,3984.430662285305,3983,3981.4318434225715,0.0,0.0,6455593.351632858,0.0,streaming,176/F2D4BFE8,176/F2D4BFE8,176/F2D4BFE8,8216,8216,1295688,8216,0.022030,0.186060,0.022030,1719.3228146339,True,67617032,reserved,3.7,37.4,0.0,6542830.991562352,0.0,29.988188627335465,6456406.031544658,303255.55749392987,977.86,1
2026-09-13T21:23:08.880985+00:00,1789334588.8809855,F_lat_centralus_rep3,r3-pub,F01,load,16,1,1000,6,0.1,2247276240,22024788,792191540088,60320,1789156079.537691,5900251.321,192607.565,79515890,76342410,422064265,7554,20340,16055147,4753514746,11084497.311,772886.871,176/F3322000,176/F33E2638,1,1.000579595565796,6303293,6299641.755572367,6.007806544849746,4025,4022.6684791867965,4022,4019.6702169662844,0.0,0.0,6107692.008794456,27.497999999992317,streaming,176/F331FFA8,176/F331FFA8,176/F331FA20,8280,8280,1232216,9696,0.022011,0.022011,0.022011,1479.1426954525364,True,73728264,reserved,4.5,37.4,0.0,31025601.698829208,0.0,57.966402929896695,6120404.640609426,279731.86864931905,977.84,1
2026-09-13T21:23:09.881082+00:00,1789334589.8810825,F_lat_centralus_rep3,r3-pub,F01,load,16,1,1000,6,0.1,2247300591,22024788,792197790706,60320,1789156079.537691,5900288.984,192607.565,79519914,76342410,422068286,7554,20340,16055147,4753557838,11084497.311,772895.775,176/F3952000,176/F39E2F30,1,1.0000970363616943,6250618,6250011.521621394,5.960475465413469,4024,4023.609563567073,4021,4020.6098546479125,0.0,0.0,6487434.482961043,0.0,streaming,176/F394FFF0,176/F394FFF0,176/F394FFF0,8208,8208,501208,8208,0.018587,0.196122,0.018587,-1487.85562390353,True,80216328,reserved,5.2,37.4,0.0,14461572.701600658,0.0,29.997089191603425,6517953.52150458,300285.8613525461,977.84,1
2026-09-13T21:23:10.881695+00:00,1789334590.881695,F_lat_centralus_rep3,r3-pub,F01,load,16,1,1000,6,0.1,2247325102,22024789,792204093842,60320,1789156079.537691,5900328.096,192607.565,79523965,76342410,422072334,7554,20340,16055147,4753600860,11084497.311,772904.684,176/F3F82000,176/F3FE38A0,1,1.000612497329712,6303136,6299277.709223987,6.007459363197314,4051,4048.5202921317846,4048,4045.522128499004,0.0,0.0,6484092.510651621,0.0,streaming,176/F3F7FD48,176/F3F7FD48,176/F3F7FC80,8888,8888,810520,9088,0.024416,0.024416,0.024416,879.4613322823922,True,86704392,reserved,4.8,37.4,0.0,6492279.4961448675,0.0,16.989593919091668,6548458.086908039,320243.851496102,977.83,1
2026-09-13T21:23:11.882386+00:00,1789334591.8823392,F_lat_centralus_rep3,r3-pub,F01,load,16,1,1000,6,0.1,2247349546,22024789,792210357966,60320,1789156079.537691,5900374.997,192633.314,79528007,76342410,422076373,7554,20340,16055147,4753643929,11084497.311,772913.947,176/F4522000,176/F45E2B90,1,1.0006442070007324,6264124,6260091.2054202445,5.970088200969929,4042,4039.397791663867,4039,4036.3997230406626,0.0,0.0,5894442.758709423,25.74900000001071,streaming,176/F4520000,176/F4520000,176/F451EC20,8192,8192,351816,13280,0.021863,0.187209,0.021863,4189.30122282408,True,92602632,reserved,3.5,37.4,0.0,31044065.19586963,0.0,64.95815350275888,5956277.924063011,258298.60223216264,977.81,1
2026-09-13T21:23:12.882810+00:00,1789334592.8828108,F_lat_centralus_rep3,r3-pub,F01,load,16,1,1000,6,0.1,2247374077,22024789,792216626238,60320,1789156079.537691,5900412.487000001,192633.314,79532064,76342410,422080427,7554,20340,16055147,4753686861,11084497.311,772923.773,176/F4B53480,176/F4BE2D28,1,1.000471591949463,6268272,6265317.326787856,5.975072218692643,4057,4055.0876533083333,4054,4052.0890674172992,0.0,0.0,6490251.249760621,0.0,streaming,176/F4B51C38,176/F4B51C38,176/F4B51B70,6216,6216,783568,6416,0.021649,0.021649,0.021649,-6860.764518685827,True,5118736,reserved,5.2,37.4,0.0,14664956.12475234,0.0,52.975017408267604,6580296.785011112,292204.19885222206,977.81,1
2026-09-13T21:23:13.883627+00:00,1789334593.883627,F_lat_centralus_rep3,r3-pub,F01,load,16,1,1000,6,0.1,2247398677,22024789,792222910482,60320,1789156079.537691,5900459.24,192659.448,79536128,76342410,422084488,7554,20340,16055147,4753729987,11084497.311,772933.093,176/F510C000,176/F51E7948,1,1.0008161067962646,6284244,6279119.567846122,5.9882350614987585,4064,4060.686046519938,4061,4057.6884928438653,0.0,0.0,5994595.769651528,26.13399999999092,streaming,176/F5109E50,176/F5109E50,176/F5109870,8624,8624,608248,10128,0.021155,0.021155,0.021155,3708.973081860731,True,11118224,reserved,6.4,37.4,0.0,30449390.045841474,0.0,47.96085881716462,6061009.568898597,275403.24154286354,977.79,1
2026-09-13T21:23:14.883992+00:00,1789334594.883992,F_lat_centralus_rep3,r3-pub,F01,load,16,1,1000,6,0.1,2247423363,22024789,792229223031,60320,1789156079.537691,5900499.987,192659.448,79540196,76342410,422088553,7554,20340,16055147,4753773489,11084497.311,772941.751,176/F5748000,176/F57F2FC8,1,1.0003650188446045,6312549,6310245.641426796,6.017919198443218,4068,4066.5156451576386,4065,4063.516739814602,0.0,0.0,6534830.663661464,0.0,streaming,176/F5745D30,176/F5745D30,176/F5745D30,8912,8912,982544,8912,0.021755,0.021755,0.021755,-1215.5562990441713,True,17655440,reserved,4.5,37.4,0.0,6534830.663661464,0.0,16.993796943874102,6585344.225259573,288872.55607334414,977.78,1
2026-09-13T21:23:15.884149+00:00,1789334595.8841343,F_lat_centralus_rep3,r3-pub,F01,load,16,1,1000,6,0.1,2247448087,22024789,792235535254,60320,1789156079.537691,5900539.969,192659.448,79544265,76342410,422092619,7554,20340,16055147,4753817405,11084497.311,772951.714,176/F5D80000,176/F5DFDA68,2,1.0001423358917236,6312223,6311324.671974857,6.018948242163522,4069,4068.420917680775,4066,4065.4213446276804,0.0,0.0,6519903.983652534,0.0,streaming,176/F5D7DC00,176/F5D7DC00,176/F5D7D630,9216,9216,1324296,10704,0.021463,0.195303,0.021463,1791.7449703818993,True,24176272,reserved,6.6,37.4,0.0,15206283.600063983,0.0,110.98420296450381,6581814.171610724,301532.0811623445,977.77,1
2026-09-13T21:23:16.885130+00:00,1789334596.8851311,F_lat_centralus_rep3,r3-pub,F01,load,16,1,1000,6,0.1,2247472740,22024790,792241859567,60320,1789156079.537691,5900586.903,192689.55,79548339,76342410,422096690,7554,20340,16055147,4753861040,11084497.311,772962.195,176/F6314000,176/F64145A0,4,1.0009968280792236,6324313,6318015.025217906,6.0253286602191025,4074,4069.942966570084,4071,4066.945954076292,0.0,0.0,5843263.271097074,30.1019999999844,streaming,176/F6311F80,176/F6311F80,176/F6311F80,8320,8320,1184472,8320,0.022000,0.022000,0.022000,-2381.6259284003636,True,30025360,reserved,2.5,37.4,0.0,26589303.036126602,0.0,47.95219990067846,5891397.2897557095,258929.8914136885,977.75,1
2026-09-13T21:23:17.885938+00:00,1789334597.8859386,F_lat_centralus_rep3,r3-pub,F01,load,16,1,1000,6,0.1,2247497397,22024790,792248194815,60320,1789156079.537691,5900645.106000001,192689.55,79552408,76342410,422100756,7554,20340,16055147,4753904765,11084497.311,772972.338,176/F6954000,176/F6A219A8,3,1.000807523727417,6335248,6330136.264768417,6.036888375061433,4069,4065.7168371850144,4066,4062.7192578014915,0.0,0.0,6548312.082618754,0.0,streaming,176/F6952000,176/F6952000,176/F6952000,8192,8192,330744,8192,0.021566,0.021566,0.021566,-127.89672036364753,True,36578960,reserved,6.8,37.4,0.0,11836074.089333398,0.0,25.979021323865908,6580912.756800822,305354.4190613363,977.75,1
2026-09-13T21:23:18.886445+00:00,1789334598.8864458,F_lat_centralus_rep3,r3-pub,F01,load,16,1,1000,6,0.1,2247522053,22024790,792254523882,60320,1789156079.537691,5900686.599,192689.55,79556480,76342410,422104824,7554,20340,16055147,4753948457,11084497.311,772981.111,176/F6F901E8,176/F702A540,1,1.000507116317749,6329067,6325859.053650114,6.03280930867206,4072,4069.9360690072112,4068,4065.9380964443358,0.0,0.0,6534390.304050275,0.0,streaming,176/F6F8FB40,176/F6F8FB40,176/F6F8FA70,1704,1704,686648,1912,0.021941,0.021941,0.021941,-6276.816923714461,True,43116664,reserved,3.1,37.4,0.0,9694411.80558241,0.0,19.989862814377265,6579776.288077178,304765.4484679958,977.74,1
2026-09-13T21:23:19.889336+00:00,1789334599.8893363,F_lat_centralus_rep3,r3-pub,F01,load,16,1,1000,6,0.1,2247546623,22024790,792260831972,60320,1789156079.537691,5900735.265000001,192718.43600000002,79560537,76342410,422108878,7554,20340,16055147,4753991384,11084497.311,772989.94,176/F7538000,176/F7640648,1,1.0028905868530273,6308090,6289908.473260448,5.998524163494538,4057,4045.306689666387,4054,4042.315336432717,0.0,0.0,5913426.726448189,28.886000000027707,streaming,176/F7535D18,176/F7535D18,176/F7535D18,8936,8936,455512,8936,0.021941,0.021941,0.021941,7003.75503776601,True,49047184,reserved,7.9,37.4,0.0,31133813.00943033,0.0,53.844358206059866,6019943.829510454,269452.1252292919,977.72,1
2026-09-13T21:23:20.891077+00:00,1789334600.891077,F_lat_centralus_rep3,r3-pub,F01,load,16,1,1000,6,0.1,2247571242,22024790,792267148475,60320,1789156079.537691,5900776.117000001,192718.43600000002,79564597,76342410,422112936,7554,20340,16055147,4754034884,11084497.311,772998.749,176/F7B71F18,176/F7C49EE8,1,1.0017406940460205,6316503,6305527.006682446,6.01341915767903,4060,4052.9450626605785,4058,4050.9485379991693,0.0,0.0,6517447.11860539,0.0,streaming,176/F7B6FFC8,176/F7B6FFC8,176/F7B6FA78,8016,8016,825648,9376,0.026922,0.026922,0.026922,439.23542551001344,True,55575976,reserved,4.4,37.4,0.0,14908065.61893943,0.0,23.958295936909824,6493147.41695138,314676.2449340193,977.71,1
2026-09-13T21:23:21.892024+00:00,1789334601.8920245,F_lat_centralus_rep3,r3-pub,F01,load,16,1,1000,6,0.1,2247595833,22024790,792273475259,60320,1789156079.537691,5900832.681,192747.691,79568647,76342410,422116983,7554,20340,16055147,4754078208,11084497.311,773008.221,176/F8210000,176/F8258C10,1,1.0009474754333496,6326784,6320795.201827034,6.027980043246302,4050,4046.1663567777073,4047,4043.169196513428,0.0,0.0,6932287.827586453,29.254999999975553,streaming,176/F820DDC0,176/F820DDC0,176/F820DDC0,8768,8768,1126936,8768,0.021217,0.021217,0.021217,-607.4244802273694,True,62514832,reserved,4.9,37.4,0.0,23812062.65561642,0.0,39.962136857063776,6940780.780722001,314544.97636221326,977.69,1
2026-09-13T21:23:22.893144+00:00,1789334602.893135,F_lat_centralus_rep3,r3-pub,F01,load,16,1,1000,6,0.1,2247620420,22024791,792279777718,60320,1789156079.537691,5900876.384,192747.691,79572690,76342410,422121023,7554,20340,16055147,4754121166,11084497.311,773017.854,176/F8846000,176/F885EFB0,1,1.001110553741455,6302459,6295467.544963731,6.0038257074010195,4043,4038.5150120434528,4040,4035.5183400087926,0.0,0.0,6505415.386602689,0.0,streaming,176/F8841C20,176/F873BC30,176/F873BBE8,17376,1090512,1903176,1090584,0.016592,0.016592,0.016592,1080615.9179492455,True,69027472,reserved,5.6,37.4,0.0,15040193.057327978,0.0,28.96782966837995,6525622.945023079,300668.09192557586,977.69,1
2026-09-13T21:23:23.893664+00:00,1789334603.8936648,F_lat_centralus_rep3,r3-pub,F01,load,16,1,1000,6,0.1,2247645014,22024791,792286082757,60320,1789156079.537691,5900912.023,192747.691,79576731,76342410,422125061,7554,20340,16055147,4754164150,11084497.311,773027.978,176/F8D74000,176/F8E65F40,1,1.0005297660827637,6305039,6301700.572772812,6.009769985935986,4041,4038.8603487742002,4038,4035.861937230938,0.0,0.0,5428420.207091294,0.0,streaming,176/F8D71FC8,176/F8D71FC8,176/F8D719F8,8248,8248,1139048,9736,0.022723,0.022723,0.022723,-1080275.7065706253,True,74458768,reserved,6.0,37.4,0.0,13820774.222579343,0.0,20.98888080283549,5461265.8066067025,264109.0839651655,977.68,1
2026-09-13T21:23:24.894642+00:00,1789334604.894642,F_lat_centralus_rep3,r3-pub,F01,load,16,1,1000,6,0.1,2247669508,22024791,792292384216,60320,1789156079.537691,5900967.243000001,192781.377,79580774,76342410,422129100,7554,20340,16055147,4754207031,11084497.311,773037.0,176/F941FF58,176/F94676C0,1,1.0009772777557373,6301459,6295306.736760621,6.003672348747846,4043,4039.052723618957,4039,4035.0566289134226,0.0,0.0,6988969.835244496,33.686000000016065,streaming,176/F941E000,176/F941E000,176/F941DB38,8024,8024,930720,9248,0.021826,0.181302,0.021826,-487.5235540752043,True,81454568,reserved,3.7,37.4,0.0,25525902.103678945,0.0,53.94727852471523,7023150.431308285,320560.7231359162,977.66,1
2026-09-13T21:23:25.895053+00:00,1789334605.8950531,F_lat_centralus_rep3,r3-pub,F01,load,16,1,1000,6,0.1,2247693961,22024791,792298644194,60320,1789156079.537691,5901007.1680000005,192781.377,79584809,76342410,422133133,7554,20340,16055147,4754250029,11084497.311,773046.769,176/F9A50000,176/F9A68ED8,1,1.000411033630371,6259978,6257405.995696883,5.967527385422595,4035,4033.3421607291466,4033,4031.342982458649,0.0,0.0,6485566.214173976,0.0,streaming,176/F9A4E000,176/F9A4E000,176/F9A4DA30,8192,8192,1265040,9680,0.024791,0.024791,0.024791,431.82250642750716,True,87942800,reserved,12.2,37.5,0.0,6501775.551591172,0.0,15.993426163981747,6523968.429571967,324383.667403554,977.66,1
2026-09-13T21:23:26.895590+00:00,1789334606.8955898,F_lat_centralus_rep3,r3-pub,F01,load,16,1,1000,6,0.1,2247718434,22024791,792304938562,60320,1789156079.537691,5901040.387,192781.377,79588847,76342410,422137168,7554,20340,16055147,4754296681,11084497.311,773056.333,176/F9F7E000,176/FA070A28,1,1.0005366802215576,6294368,6290991.749154246,5.999557255892035,4038,4035.8340476891162,4035,4032.8356568661675,0.0,0.0,5428382.694372884,0.0,streaming,176/F9F7BF40,176/F9F7BF40,176/F9F7BF40,8384,8384,541096,8384,0.023885,0.023885,0.023885,-1295.3048355138917,True,93374096,reserved,3.5,37.4,0.0,15110226.640218941,0.0,35.980689875385885,5458344.614403005,257849.617210307,977.65,1
2026-09-13T21:23:27.896190+00:00,1789334607.8961902,F_lat_centralus_rep3,r3-pub,F01,load,16,1,1000,6,0.1,2247742939,22024791,792311239990,60320,1789156079.537691,5901093.938,192812.549,79592888,76342410,422141206,7554,20340,16055147,4754343691,11084497.311,773065.059,176/FA631420,176/FA6799A0,1,1.0006003379821777,6301428,6297647.283137574,6.005904467713903,4041,4038.5754897396173,4038,4035.5772896729954,0.0,0.0,7021480.738421597,31.171999999991385,streaming,176/FA62FFE8,176/FA62FFE8,176/FA62FFA8,5176,5176,363520,5240,0.024479,0.191054,0.024479,-3142.1136698196874,True,5247904,reserved,3.9,37.4,0.0,32412669.443429336,0.0,60.96340135464406,7040280.452239337,321363.073540884,977.63,1
2026-09-13T21:23:28.897172+00:00,1789334608.8971603,F_lat_centralus_rep3,r3-pub,F01,load,16,1,1000,6,0.1,2247767519,22024792,792317559785,60320,1789156079.537691,5901136.569,192812.549,79596940,76342410,422145255,7554,20340,16055147,4754390536,11084497.311,773074.415,176/FAC66000,176/FAC7E248,1,1.0009701251983643,6319795,6313669.949687653,6.0211848732830555,4052,4048.0728625112633,4049,4045.075770066166,0.0,0.0,6501181.040453528,0.0,streaming,176/FAC63FB8,176/FAB5BE10,176/FAB5B268,8264,1090032,1715720,1093016,0.022120,0.022120,0.022120,1086721.7438526782,True,11755392,reserved,2.9,37.4,0.0,14886805.934439842,0.0,23.97673956077747,6537662.648726066,299103.83183580876,977.62,1
2026-09-13T21:23:29.897818+00:00,1789334609.8978186,F_lat_centralus_rep3,r3-pub,F01,load,16,1,1000,6,0.1,2247792111,22024792,792323864470,60320,1789156079.537691,5901185.766,192838.057,79600991,76342410,422149303,7554,20340,16055147,4754432770,11084497.311,773082.979,176/FB208000,176/FB282430,1,1.0006582736968994,6304685,6300537.521873023,6.008660814164184,4051,4048.335087495667,4048,4045.33706101764,0.0,0.0,5902546.508888473,25.50800000000163,streaming,176/FB205C28,176/FB205C28,176/FB2056A0,9176,9176,404040,10592,0.021590,0.021590,0.021590,-1081711.9374839321,True,17661824,reserved,5.8,37.4,0.0,22832457.99346734,0.0,42.971712851719,5948123.506749597,277245.49658201623,977.6,1
2026-09-13T21:23:30.898990+00:00,1789334610.8989909,F_lat_centralus_rep3,r3-pub,F01,load,16,1,1000,6,0.1,2247816699,22024792,792330155628,60320,1789156079.537691,5901227.103,192838.057,79605033,76342410,422153342,7554,20340,16055147,4754473393,11084497.311,773091.073,176/FB840000,176/FB8890C0,1,1.0011723041534424,6291158,6283791.485142602,5.992690549032785,4042,4037.2670950159563,4039,4034.2706078103533,0.0,0.0,6513196.552629166,0.0,streaming,176/FB83BFD0,176/FB83BFD0,176/FB83B500,16432,16432,736368,19200,0.023647,0.023647,0.023647,8597.920621943927,True,24182656,reserved,5.8,37.4,0.0,14916529.2907575,0.0,22.973068576290697,6528433.690069658,311889.37079520227,977.6,1
2026-09-13T21:23:31.899097+00:00,1789334611.8990972,F_lat_centralus_rep3,r3-pub,F01,load,16,1,1000,6,0.1,2247841285,22024792,792336453043,60320,1789156079.537691,5901277.346,192838.057,79609077,76342410,422157383,7554,20340,16055147,4754513738,11084497.311,773099.905,176/FBE74000,176/FBE8C018,1,1.0001063346862793,6297415,6296745.437549317,6.005044400739019,4044,4043.5700282495977,4041,4040.570347219739,0.0,0.0,6503756.4251009,0.0,streaming,176/FBE6FFD0,176/FBE6FFD0,176/FBE6F4C0,16432,16432,1054624,19264,0.021153,0.021153,0.021153,63.99319530365337,True,30687104,reserved,5.2,37.4,0.0,14891472.519941356,0.0,23.997448238870017,6544468.096038143,292486.8984974075,977.59,1
2026-09-13T21:23:32.899680+00:00,1789334612.899681,F_lat_centralus_rep3,r3-pub,F01,load,16,1,1000,6,0.1,2247865785,22024792,792342747792,60320,1789156079.537691,5901328.908,192865.257,79613121,76342410,422161424,7554,20340,16055147,4754554307,11084497.311,773108.518,176/FC4317B0,176/FC48F958,1,1.0005838871002197,6294749,6291075.722039396,5.999637338675877,4044,4041.6401384594233,4041,4038.6418890985483,0.0,0.0,6015479.639037132,27.20000000001164,streaming,176/FC42FEF0,176/FC42FEF0,176/FC42FEF0,6336,6336,899920,6336,0.022031,0.022031,0.022031,-12920.455912463754,True,36706096,reserved,4.8,37.5,0.0,23014274.26213742,0.0,36.9784087841243,6056116.911457977,278924.1397928351,977.57,1
2026-09-13T21:23:33.901005+00:00,1789334613.9010053,F_lat_centralus_rep3,r3-pub,F01,load,16,1,1000,6,0.1,2247890201,22024792,792349003352,60320,1789156079.537691,5901367.938,192865.257,79617156,76342410,422165456,7554,20340,16055147,4754594684,11084497.311,773116.796,176/FCA5DE38,176/FCA93370,4,1.00132417678833,6255560,6247287.486919796,5.957877623481556,4035,4029.664012449945,4032,4026.6679797269335,0.0,0.0,6464791.4731898075,0.0,streaming,176/FCA5BF20,176/FCA5BF20,176/FCA5BA18,7960,7960,1194760,9248,0.023061,0.190572,0.023061,2908.149096469452,True,43179448,reserved,3.9,37.4,0.0,14930629.207368439,0.0,32.956359953122224,6530000.125406145,306865.6556216901,977.57,1
2026-09-13T21:23:34.905388+00:00,1789334614.9053888,F_lat_centralus_rep3,r3-pub,F01,load,16,1,1000,6,0.1,2247914739,22024793,792355296682,60320,1789156079.537691,5901403.547,192865.257,79621207,76342410,422169504,7554,20340,16055147,4754635555,11084497.311,773125.076,176/FD000000,176/FD0A9640,1,1.0043835639953613,6293330,6265863.1877304055,5.975592792253881,4051,4033.3196850468466,4048,4030.332778343529,0.0,0.0,5881107.787649222,0.0,streaming,176/FCFFFE20,176/FCFFFE20,176/FCFFF270,480,480,926448,3472,0.021426,0.021426,0.021426,-5750.791039454601,True,49086336,reserved,5.6,37.5,0.0,17401352.05964075,0.0,23.89525362654266,5928498.049404062,275506.3005006302,977.55,1
2026-09-13T21:23:35.906361+00:00,1789334615.9063616,F_lat_centralus_rep3,r3-pub,F01,load,16,1,1000,6,0.1,2247939207,22024793,792361563444,60320,1789156079.537691,5901453.955,192893.327,79625248,76342410,422173542,7554,20340,16055147,4754676219,11084497.311,773133.649,176/FD62E000,176/FD6A8738,1,1.0009727478027344,6266762,6260671.945121742,5.970642037507765,4041,4037.072946162142,4038,4034.0758615695945,0.0,0.0,6473574.844294376,28.06999999997788,streaming,176/FD62BEB0,176/FD62BEB0,176/FD62BDE8,8528,8528,1226992,8728,0.021277,0.021277,0.021277,5250.892206144078,True,55566208,reserved,7.7,37.4,0.0,28517283.874770865,0.0,39.961127900639866,6537340.816085427,312882.64409544243,977.54,1
2026-09-13T21:23:36.906730+00:00,1789334616.9067304,F_lat_centralus_rep3,r3-pub,F01,load,16,1,1000,6,0.1,2247963943,22024793,792367896713,60320,1789156079.537691,5901493.261,192893.327,79629333,76342410,422177624,7554,20340,16055147,4754717317,11084497.311,773142.026,176/FDC6E000,176/FDCB7010,1,1.0003688335418701,6333269,6330933.939211855,6.037649096690993,4085,4083.493870492541,4082,4080.494976585203,0.0,0.0,6551183.703711119,0.0,streaming,176/FDC6BE50,176/FDC6BE50,176/FDC6B988,8624,8624,566128,9848,0.018697,0.018697,0.018697,1119.587058739693,True,62119808,reserved,1.9,37.5,0.0,6551183.703711119,0.0,15.994100839138472,6618438.897739695,299424.5621782089,977.53,1
2026-09-13T21:23:37.907898+00:00,1789334617.9078984,F_lat_centralus_rep3,r3-pub,F01,load,16,1,1000,6,0.1,2247988675,22024793,792374211608,60320,1789156079.537691,5901540.731000001,192929.393,79633415,76342410,422181703,7554,20340,16055147,4754758532,11084497.311,773150.755,176/FE21A000,176/FE2C7720,1,1.0011680126190186,6314895,6307527.728018865,6.015327194231858,4082,4077.2377348749274,4079,4074.241234824799,0.0,0.0,5940453.475378065,36.06600000002072,streaming,176/FE217D00,176/FE217D00,176/FE217D00,8960,8960,343064,8960,0.018697,0.018697,0.018697,-886.9640148380538,True,68067200,reserved,4.7,37.5,0.0,25394211.2408207,0.0,64.92416775278546,6001465.212898733,284262.97725544585,977.51,1
2026-09-13T21:23:38.908682+00:00,1789334618.9086819,F_lat_centralus_rep3,r3-pub,F01,load,16,1,1000,6,0.1,2248013613,22024793,792380580750,60320,1789156079.537691,5901586.241,192929.393,79637519,76342410,422185804,7554,20340,16055147,4754800006,11084497.311,773159.161,176/FE849E60,176/FE8DC088,1,1.0007834434509277,6369142,6364156.043626938,6.069332164408625,4104,4100.78726507353,4101,4097.789613563974,0.0,0.0,6482569.273557446,0.0,streaming,176/FE847F18,176/FE847F18,176/FE847E10,8008,8008,657360,8272,0.022836,0.022836,0.022836,-687.4614128583306,True,74554848,reserved,3.3,37.5,0.0,16682226.418965168,0.0,89.92954528670023,6538964.091406736,320173.16243272927,977.51,1
2026-09-13T21:23:39.909560+00:00,1789334619.909549,F_lat_centralus_rep3,r3-pub,F01,load,16,1,1000,6,0.1,2248038456,22024793,792386933404,60320,1789156079.537691,5901630.024,192929.393,79641617,76342410,422189899,7554,20340,16055147,4754841122,11084497.311,773167.834,176/FEE94000,176/FEEF7220,1,1.0008671283721924,6352654,6347150.205973834,6.053114133809885,4098,4094.449586594952,4095,4091.452185726288,0.0,0.0,6589262.263739295,0.0,streaming,176/FEE91F28,176/FEE91F28,176/FEE913D0,8408,8408,1070096,11312,0.022779,0.022779,0.022779,3037.3662135794666,True,81149824,reserved,4.5,37.4,0.0,14978371.828817984,0.0,22.980073326423597,6647965.360618455,313537.1230648549,977.5,1
2026-09-13T21:23:40.910101+00:00,1789334620.9100559,F_lat_centralus_rep3,r3-pub,F01,load,16,1,1000,6,0.1,2248063407,22024794,792393319848,60320,1789156079.537691,5901679.463,192964.18600000002,79645742,76342410,422194021,7554,20340,16055147,4754882574,11084497.311,773176.069,176/FF41E000,176/FF513288,1,1.00050687789917,6386444,6383208.492689262,6.0875019957440015,4125,4122.910187945468,4122,4119.91170780878,0.0,0.0,5805185.4797797175,34.79300000000512,streaming,176/FF41BCA0,176/FF41BCA0,176/FF41BCA0,9056,9056,1233072,9056,0.022216,0.178690,0.022216,-2254.857062789085,True,86957952,reserved,3.5,37.5,0.0,22635310.66128495,0.0,34.982268261355486,5885198.922733848,277519.33158422756,977.48,1
2026-09-13T21:23:41.910738+00:00,1789334621.9107387,F_lat_centralus_rep3,r3-pub,F01,load,16,1,1000,6,0.1,2248088399,22024794,792399712700,60320,1789156079.537691,5901722.515000001,192964.18600000002,79649875,76342410,422198151,7554,20340,16055147,4754924359,11084497.311,773185.231,176/FFA6E000,176/FFB33600,1,1.0006828308105469,6392852,6388489.742371046,6.0925385879240475,4133,4130.1797859890285,4130,4127.181833083641,0.0,0.0,6614619.334118625,0.0,streaming,176/FFA6BF30,176/FFA6BF30,176/FFA6B958,8400,8400,649272,9896,0.022747,0.022747,0.022747,839.4268135085372,True,93577088,reserved,15.0,37.5,0.0,15075274.1383409,0.0,32.97748195926396,6691883.57571391,329972.6844843952,977.48,1
2026-09-13T21:23:42.911316+00:00,1789334622.9113162,F_lat_centralus_rep3,r3-pub,F01,load,16,1,1000,6,0.1,2248113456,22024794,792406120479,60320,1789156079.537691,5901766.12,192964.18600000002,79654016,76342410,422202289,7554,20340,16055147,4754966254,11084497.311,773193.792,177/106000,177/1525B0,1,1.000577449798584,6407779,6404080.964736797,6.107407536255643,4141,4138.610160396462,4138,4135.61189174609,0.0,0.0,6910057.788521814,0.0,streaming,177/103C88,177/103C88,177/103C88,9080,9080,854064,9080,0.021075,0.021075,0.021075,-815.5290729011139,True,4905512,reserved,4.8,37.4,388895.4324108841,25871780.345650394,94.9451739284385,408.7639593340142,6994996.740541079,313011.2517157422,977.47,1
2026-09-13T21:23:43.912408+00:00,1789334623.9124084,F_lat_centralus_rep3,r3-pub,F01,load,16,1,1000,6,0.1,2248138458,22024794,792412508979,60320,1789156079.537691,5901798.147000001,192964.18600000002,79658149,76342410,422206419,7554,20340,16055147,4755007713,11084497.311,773202.408,177/758000,177/770F30,1,1.0010921955108643,6388500,6381530.121448908,6.085901376198681,4133,4128.490880793353,4130,4125.494153805117,0.0,0.0,6620097.559164397,0.0,streaming,177/755FC0,177/645FF0,177/645FF0,8256,1122320,2334456,1122320,0.022157,0.022157,0.022157,1112025.4507946752,True,11532840,reserved,8.0,37.4,519624.468488182,9868773.37002752,122.86580651768267,401.5614164236458,6700024.26357664,311761.495494161,977.46,1
2026-09-13T21:23:44.913029+00:00,1789334624.912993,F_lat_centralus_rep3,r3-pub,F01,load,16,1,1000,6,0.1,2248163618,22024794,792418932712,60320,1789156079.537691,5901825.992000001,192964.18600000002,79662305,76342410,422210572,7554,20340,16055147,4755049415,11084497.311,773211.224,177/CA0000,177/D96998,1,1.000584602355957,6423733,6419979.864645931,6.122569908758098,4156,4153.57181213299,4153,4150.573564915378,0.0,0.0,5534556.485239551,0.0,streaming,177/C9DF88,177/C9DF88,177/C9D9B0,8312,8312,529528,9808,0.018669,0.194288,0.018669,-1111862.0028536327,True,17070632,reserved,11.7,37.5,1252643.7015409044,14225283.86553805,303.8223847181013,116.93164148690083,5604632.518625339,266745.0602093617,999.44,1
2026-09-13T21:23:45.913445+00:00,1789334625.9134457,F_lat_centralus_rep3,r3-pub,F01,load,16,1,1000,6,0.1,2248188785,22024794,792425356636,60320,1789156079.537691,5901885.715,192964.18600000002,79666455,76342410,422214719,7554,20340,16055147,4755091335,11084497.311,773219.68,177/132C000,177/13C04E8,1,1.0004527568817139,6423924,6421016.840437891,6.123558845937625,4150,4148.121909259395,4147,4145.123266915351,0.0,0.0,6861789.2776836585,0.0,streaming,177/1329FB8,177/1329FB8,177/1329A68,8264,8264,326904,9624,0.022233,0.022233,0.022233,-183.9167304346334,True,23935528,reserved,5.3,37.5,270213.65890639706,16315173.193060488,65.9701315689446,93.95746011334532,6923265.443926331,321019.6561415165,1003.74,1
2026-09-13T21:23:46.913857+00:00,1789334626.9138572,F_lat_centralus_rep3,r3-pub,F01,load,16,1,1000,6,0.1,2248214005,22024795,792431799667,60320,1789156079.537691,5901919.589,192964.18600000002,79670605,76342410,422218866,7554,20340,16055147,4755133236,11084497.311,773228.605,177/1980000,177/19E4F30,1,1.0004115104675293,6443031,6440380.715920525,6.142025676651501,4150,4148.292934035267,4147,4145.294168058856,0.0,0.0,6632790.537264986,0.0,streaming,177/197DE00,177/197DE00,177/197D7D8,8704,8704,779048,10280,0.022314,0.022314,0.022314,655.7301601752132,True,30571048,reserved,9.6,37.4,0.0,15026136.587507715,0.0,19.991773176073576,6696731.225002681,317410.38230517897,1003.73,1
2026-09-13T21:23:47.914067+00:00,1789334627.914067,F_lat_centralus_rep3,r3-pub,F01,load,16,1,1000,6,0.1,2248239099,22024795,792438216577,60320,1789156079.537691,5901954.59,192964.18600000002,79674744,76342410,422223001,7554,20340,16055147,4755175022,11084497.311,773237.212,177/1FA1D98,177/20037C0,1,1.0002098083496094,6416910,6415563.961113505,6.118358574975495,4139,4138.131785399639,4135,4134.132624456996,0.0,0.0,6428755.1934828125,0.0,streaming,177/1F9FF40,177/1F9FF40,177/1F9F970,7768,7768,1034472,9256,0.021487,0.021487,0.021487,-1023.7852013165573,True,37001152,reserved,5.2,37.5,0.0,6437561.345878512,0.0,12.997273063589105,6490706.195645292,295153.0744205737,1003.73,1
2026-09-13T21:23:48.915136+00:00,1789334628.9151366,F_lat_centralus_rep3,r3-pub,F01,load,16,1,1000,6,0.1,2248263988,22024795,792444583390,60320,1789156079.537691,5901988.364,192964.18600000002,79678856,76342410,422227110,7554,20340,16055147,4755216303,11084497.311,773245.853,177/253A000,177/26172E8,1,1.0010695457458496,6366813,6360010.677636176,6.065378835331131,4112,4107.606726699835,4109,4104.609931908954,0.0,0.0,5859820.653748342,0.0,streaming,177/2537DF0,177/2537DF0,177/25378E8,8720,8720,715992,10008,0.021297,0.021297,0.021297,751.1965609139776,True,42867240,reserved,6.2,37.4,0.0,17323935.258742638,0.0,26.971153117922068,5926796.020529724,267212.2043236266,1003.72,1
2026-09-13T21:23:49.916102+00:00,1789334629.916103,F_lat_centralus_rep3,r3-pub,F01,load,16,1,1000,6,0.1,2248288791,22024795,792450924247,60320,1789156079.537691,5902022.307,192964.18600000002,79682951,76342410,422231203,7554,20340,16055147,4755257757,11084497.311,773254.561,177/2B7DF60,177/2C2F8D8,4,1.0009663105010986,6340857,6334735.6783922855,6.041274717705045,4095,4091.0467785374135,4093,4089.0487092927065,0.0,0.0,6563481.63876869,0.0,streaming,177/2B7BB48,177/2B7BB48,177/2B7BAE0,9240,9240,1116624,9344,0.021909,0.021909,0.021909,-663.3589892426966,True,49437064,reserved,5.8,37.4,0.0,15005531.996856866,0.0,28.972004048250305,6633355.119290713,300564.56130814983,1003.72,1
2026-09-13T21:23:50.917465+00:00,1789334630.9174654,F_lat_centralus_rep3,r3-pub,F01,load,16,1,1000,6,0.1,2248313485,22024795,792457245631,60320,1789156079.537691,5902062.507999999,192964.18600000002,79687027,76342410,422235276,7554,20340,16055147,4755298865,11084497.311,773263.313,177/3218000,177/323FD28,3,1.0013625621795654,6321384,6312782.441397527,6.020338479421165,4076,4070.453753661591,4073,4067.457835785981,0.0,0.0,6912980.634039989,0.0,streaming,177/3213FF8,177/3213FF8,177/3213A70,16392,16392,1175824,17808,0.018354,0.018354,0.018354,8452.48296638658,True,56359464,reserved,6.0,37.4,0.0,15318647.39042371,0.0,21.970064421137142,6967201.754392063,339703.13335820625,1003.71,1
2026-09-13T21:23:51.920858+00:00,1789334631.9198594,F_lat_centralus_rep3,r3-pub,F01,load,16,1,1000,6,0.1,2248338187,22024795,792463570620,60320,1789156079.537691,5902092.58,192964.18600000002,79691102,76342410,422239348,7554,20340,16055147,4755339916,11084497.311,773271.647,177/374C000,177/3853F68,1,1.0023939609527588,6324989,6309883.385558511,6.0175737243256675,4075,4065.2679073672593,4072,4062.275072098032,0.0,0.0,5442842.048663466,0.0,streaming,177/3745FF0,177/3745FF0,177/3745560,24592,24592,444056,27296,0.021382,0.021382,0.021382,9465.340344809953,True,61815336,reserved,2.7,37.4,0.0,5451014.48417197,0.0,9.976117564091433,5552457.63323419,248472.1673335561,1003.71,1
2026-09-13T21:23:52.920895+00:00,1789334632.920896,F_lat_centralus_rep3,r3-pub,F01,load,16,1,1000,6,0.1,2248362741,22024796,792469859574,60320,1789156079.537691,5902125.066,192964.18600000002,79695153,76342410,422243396,7554,20340,16055147,4755380976,11084497.311,773279.865,177/3D7C000,177/3E524E8,1,1.0010366439819336,6288954,6282441.344987867,5.991402955043666,4051,4046.804904050157,4048,4043.808010761549,0.0,0.0,6481345.152552771,0.0,streaming,177/3D79C00,177/3D79C00,177/3D79678,9216,9216,757976,10632,0.022097,0.022097,0.022097,-16646.74325378717,True,68303400,reserved,5.8,37.4,0.0,14885816.707693802,0.0,20.97825302025507,6488185.062001805,294309.9054077356,1003.7,1
2026-09-13T21:23:53.921420+00:00,1789334633.9214203,F_lat_centralus_rep3,r3-pub,F01,load,16,1,1000,6,0.1,2248387351,22024796,792476133479,60320,1789156079.537691,5902164.209,192964.18600000002,79699203,76342410,422247442,7554,20340,16055147,4755421559,11084497.311,773288.125,177/4423F98,177/4453DF8,1,1.0005242824554443,6273905,6270617.425299112,5.98012678651725,4050,4047.877768704085,4046,4043.879864734995,0.0,0.0,6975822.698546861,0.0,streaming,177/4421F90,177/4421F90,177/4420EF8,8200,8200,1257200,12448,0.021648,0.186948,0.021648,1815.0484019670664,True,75282880,reserved,7.1,37.4,0.0,15532080.802538686,0.0,25.986375799087956,7035916.192582252,315404.6388814687,1003.7,1
2026-09-13T21:23:54.921856+00:00,1789334634.9218569,F_lat_centralus_rep3,r3-pub,F01,load,16,1,1000,6,0.1,2248411962,22024796,792482420299,60320,1789156079.537691,5902191.943,192964.18600000002,79703249,76342410,422251486,7554,20340,16055147,4755462176,11084497.311,773296.875,177/494D798,177/4A53640,1,1.000436544418335,6286820,6284076.721382892,5.992962571509258,4046,4044.2345119973497,4044,4042.235384705211,0.0,0.0,5410502.075518543,0.0,streaming,177/494BDC0,177/494BDC0,177/494BDC0,6616,6616,513608,6616,0.021765,0.021765,0.021765,-5829.455183877544,True,81746472,reserved,5.2,37.4,0.0,6485232.907772509,0.0,11.994763752834453,5815572.244397284,262901.23193462554,1003.69,1
2026-09-13T21:23:55.922478+00:00,1789334635.9224782,F_lat_centralus_rep3,r3-pub,F01,load,16,1,1000,6,0.1,2248436432,22024796,792488694800,60320,1789156079.537691,5902228.304,192964.18600000002,79707284,76342410,422255518,7554,20340,16055147,4755506703,11084497.311,773305.358,177/4F7A000,177/5053420,1,1.0006213188171387,6274501,6270604.955146524,5.980114894053005,4035,4032.4945352652308,4032,4029.49639806429,0.0,0.0,6469812.18394676,0.0,streaming,177/4F6DD60,177/4F6DD60,177/4F6DD60,49824,49824,766296,49824,0.022311,0.022311,0.022311,43181.17072608181,True,87169576,reserved,4.3,37.4,0.0,13172743.526573598,0.0,19.987581339604613,6115694.20411112,273769.9016085644,1003.68,1
2026-09-13T21:23:56.923188+00:00,1789334636.9231884,F_lat_centralus_rep3,r3-pub,F01,load,16,1,1000,6,0.1,2248460865,22024796,792494948240,60320,1789156079.537691,5902269.307,192964.18600000002,79711315,76342410,422259546,7554,20340,16055147,4755551489,11084497.311,773314.041,177/5637410,177/564DE68,1,1.0007102489471436,6253440,6249001.653155148,5.959512379794262,4031,4028.13901850316,4028,4025.141147737715,0.0,0.0,7061624.488641819,0.0,streaming,177/5635FF8,177/552BC78,177/552B6B8,5144,1095576,1656000,1097048,0.022311,0.022311,0.022311,1046480.7381575176,True,94236216,reserved,5.8,37.5,0.0,7265239.871030855,0.0,20.98509535811619,7163363.228808732,321003.0079515725,1003.68,1
2026-09-13T21:23:57.923613+00:00,1789334637.923595,F_lat_centralus_rep3,r3-pub,F01,load,16,1,1000,6,0.1,2248485295,22024796,792501200739,60320,1789156079.537691,5902295.34,192964.18600000002,79715351,76342410,422263579,7554,20340,16055147,4755596471,11084497.311,773323.139,177/5B5C000,177/5C4EE68,1,1.0004065036773682,6252499,6249958.368939628,5.960424775066021,4036,4034.3600178169304,4033,4031.361236832428,0.0,0.0,5391200.457188724,0.0,streaming,177/5B59E78,177/5B59E78,177/5B598F0,8584,8584,868512,10000,0.021821,0.021821,0.021821,-1086606.2905470412,True,99629552,reserved,6.4,37.5,4094.335637506974,5457749.404796796,0.999593661500726,19.99187323001452,5447480.579112199,266070.8412246018,1003.67,1
2026-09-13T21:23:58.923883+00:00,1789334638.923883,F_lat_centralus_rep3,r3-pub,F01,load,16,1,1000,6,0.1,2248509954,22024797,792507514342,60320,1789156079.537691,5902333.415,192964.18600000002,79719418,76342410,422267643,7554,20340,16055147,4755641583,11084497.311,773332.489,177/62118B0,177/62594B8,1,1.0002880096435547,6313603,6311785.145010192,6.019387383470718,4067,4065.829002038369,4064,4062.829865818522,0.0,0.0,7033030.419415795,0.0,streaming,177/6210000,177/6210000,177/6210000,6320,6320,1150016,6320,0.025251,0.025251,0.025251,-3678.9404296781895,True,106664608,reserved,3.3,37.5,0.0,7092229.369547268,0.0,19.994241465642332,7102603.381731717,335744.30240313936,1003.67,1
2026-09-13T21:23:59.924446+00:00,1789334639.9244466,F_lat_centralus_rep3,r3-pub,F01,load,16,1,1000,6,0.1,2248534700,22024797,792513838552,60320,1789156079.537691,5902366.12,192964.18600000002,79723499,76342410,422271719,7554,20340,16055147,4755686503,11084497.311,773341.784,177/683E000,177/68701A0,1,1.000563621520996,6324210,6320647.547015871,6.027839228645202,4081,4078.7011562506254,4076,4073.7039727707793,0.0,0.0,6469905.422065315,0.0,streaming,177/683BFE0,177/683BFE0,177/683A3A0,8224,8224,417968,15456,0.018518,0.192533,0.018518,9130.853654375329,True,113138160,reserved,13.2,37.5,0.0,7749360.293764481,0.0,16.990423831477734,6508738.534887201,297066.5668897325,1003.66,1
2026-09-13T21:24:00.924739+00:00,1789334640.9247398,F_lat_centralus_rep3,r3-pub,F01,load,16,1,1000,6,0.1,2248559849,22024797,792520271326,60320,1789156079.537691,5902416.574,192964.18600000002,79727634,76342410,422275852,7554,20340,16055147,4755732253,11084497.311,773350.556,177/7094000,177/70B7A58,2,1.000293254852295,6432774,6430888.110856925,6.1329728230065585,4135,4133.787746684928,4133,4131.788333022686,0.0,0.0,8738301.450698767,0.0,streaming,177/6FFFFF0,177/6FFFFF0,177/6FFFA20,606224,606224,1948536,607712,0.025351,0.025351,0.025351,592082.3689723406,True,121879024,reserved,5.0,37.5,0.0,19847491.626774564,0.0,80.97625332079302,6189081.0219590645,301247.65766264795,1003.66,1
2026-09-13T21:24:01.925720+00:00,1789334641.9256656,F_lat_centralus_rep3,r3-pub,F01,load,16,1,1000,6,0.1,2248585033,22024797,792526726808,60320,1789156079.537691,5902448.061,192964.18600000002,79731774,76342410,422279988,7554,20340,16055147,4755779352,11084497.311,773362.025,177/7664000,177/7740218,2,1.0009257793426514,6455482,6449511.175783261,6.150733161719571,4140,4136.170818498556,4136,4132.174518190828,0.0,0.0,6089210.734488959,0.0,streaming,177/765FD60,177/765FD60,177/765FD60,17056,17056,829960,17056,0.000632,0.019592,0.000632,-590109.6886403583,True,127973872,reserved,13.5,37.7,0.0,14539627.513198435,0.0,27.974102154096517,6095226.165527167,294234.603682018,1003.65,1
2026-09-13T21:24:02.926258+00:00,1789334642.926258,F_lat_centralus_rep3,r3-pub,F01,load,16,1,1000,6,0.1,2248651129,22024800,792535718270,60320,1789156079.537691,5902489.357,192964.18600000002,79735927,76342410,422284184,7567,20391,16055147,4755938850,11084497.311,773372.819,177/7D12000,177/7D8EC88,1,1.0005924701690674,8991462,8986137.98131095,8.56984899645896,4153,4150.540928314481,4196,4193.515467182172,12.992302448371838,50.969801912843366,7000012.701291392,0.0,streaming,177/7D09BB0,177/7D09BB0,177/7D09228,33872,33872,472272,36312,0.025796,0.025796,0.025796,19244.598149680623,True,134978032,reserved,7.3,37.5,0.0,7106445.642948454,0.0,14.991118209659813,6875495.474034077,331216.76394786587,1003.65,1
2026-09-13T21:24:03.927701+00:00,1789334643.927701,F_lat_centralus_rep3,r3-pub,F01,load,16,1,1000,6,0.1,2248676282,22024801,792542168330,60320,1789156079.537691,5902528.1049999995,192964.18600000002,79740073,76342410,422288327,7567,20391,16055147,4755984835,11084497.311,773383.907,177/8310000,177/83995E0,1,1.0014429092407227,6450060,6440766.558415525,6.142393644729161,4146,4140.026317769256,4143,4137.030640260016,0.0,0.0,6274210.883138477,0.0,streaming,177/830FFE0,177/830FFE0,177/830F650,32,32,574224,2480,0.023492,0.023492,0.023492,-33783.25383086577,True,141261296,reserved,7.5,37.5,0.0,15750968.781594703,0.0,70.89770105200607,6355212.005869979,299612.6860866079,1003.64,1
2026-09-13T21:24:04.928605+00:00,1789334644.928605,F_lat_centralus_rep3,r3-pub,F01,load,16,1,1000,6,0.1,2248699966,22024801,792548232373,60320,1789156079.537691,5902564.459,192964.18600000002,79743981,76342410,422292232,7567,20391,16055147,4756028289,11084497.311,773393.374,177/8958000,177/8959A88,1,1.0009040832519531,6064043,6058565.552353257,5.777898361542947,3908,3904.4700340344766,3905,3901.472743834348,0.0,0.0,6580418.75361402,0.0,streaming,177/88D3F60,177/8843C78,177/88436A8,540832,1131400,2022144,1132888,0.021543,0.021543,0.021543,1129386.9401824065,True,147847664,reserved,2.5,37.5,0.0,14969634.204427913,0.0,36.966579134922114,6225126.966967883,295161.1497478857,1003.64,1
2026-09-13T21:24:05.928926+00:00,1789334645.9289267,F_lat_centralus_rep3,r3-pub,F01,load,16,1,1000,6,0.1,2248723442,22024801,792554229718,60320,1789156079.537691,5902592.073,192964.18600000002,79747853,76342410,422296101,7567,20391,16055147,4756071396,11084497.311,773401.872,177/8E74000,177/8F10618,1,1.000321626663208,5997345,5995416.714127693,5.7176749364163335,3872,3870.755061965325,3869,3867.756026535083,0.0,0.0,5355845.417309773,0.0,streaming,177/8E71FF0,177/8E71FF0,177/8E70F70,8208,8208,1206632,12432,0.021264,0.021264,0.021264,-1120095.7473423088,True,153205232,reserved,5.2,37.5,0.0,5355845.417309773,0.0,10.996463244219672,5810267.263127813,273316.0942566032,1003.63,1
2026-09-13T21:24:06.929270+00:00,1789334646.9292705,F_lat_centralus_rep3,r3-pub,F01,load,16,1,1000,6,0.1,2248746475,22024801,792560140994,60320,1789156079.537691,5902624.154999999,192964.18600000002,79751645,76342410,422299890,7567,20391,16055147,4756113563,11084497.311,773410.262,177/942BD58,177/94B21E0,1,1.0003437995910645,5911276,5909244.404190339,5.63549461764368,3792,3790.696760004061,3789,3787.697791048362,0.0,0.0,5993803.33286524,0.0,streaming,177/9429E70,177/9429E70,177/9429790,7912,7912,1290128,9672,0.009393,0.196217,0.009393,-2759.0514392434625,True,159201096,reserved,5.4,37.5,0.0,16018045.002678428,0.0,59.97937911398831,6027019.913018567,267645.98342035006,1003.63,1
2026-09-13T21:24:07.929879+00:00,1789334647.92988,F_lat_centralus_rep3,r3-pub,F01,load,16,1,1000,6,0.1,2248769369,22024801,792566004196,60320,1789156079.537691,5902653.739,192964.18600000002,79755419,76342410,422303661,7567,20391,16055147,4756155564,11084497.311,773419.134,177/9958000,177/9A4F988,1,1.0006093978881836,5863202,5859631.153149736,5.588179734372841,3774,3771.7015330509,3771,3768.7033601311455,0.0,0.0,5420480.770465539,0.0,streaming,177/9955B40,177/9955B40,177/9955B40,9408,9408,542744,9408,0.022311,0.022311,0.022311,-263.8392169383777,True,164624880,reserved,7.5,37.5,0.0,13930198.96616804,0.0,36.97746601030294,5467008.416616232,240918.18496685618,1003.62,1
2026-09-13T21:24:08.930600+00:00,1789334648.9306002,F_lat_centralus_rep3,r3-pub,F01,load,16,1,1000,6,0.1,2248792454,22024801,792571904261,60320,1789156079.537691,5902689.450999999,192964.18600000002,79759218,76342410,422307457,7567,20391,16055147,4756197839,11084497.311,773427.608,177/9F9A000,177/9FF4BD0,1,1.0007202625274658,5900065,5895818.462892437,5.622690642254293,3799,3796.265692077692,3796,3793.2678513100605,0.0,0.0,6557069.188773326,0.0,streaming,177/9F97E68,177/9F97E68,177/9F97E68,8600,8600,672576,8600,0.019454,0.019454,0.019454,-807.4184467488221,True,171186672,reserved,3.9,37.5,0.0,14964197.849035755,0.0,23.982726141054123,6603679.617028465,301360.94100695086,1003.62,1
2026-09-13T21:24:09.930834+00:00,1789334649.9308343,F_lat_centralus_rep3,r3-pub,F01,load,16,1,1000,6,0.1,2248815571,22024801,792577808175,60320,1789156079.537691,5902723.294,192964.18600000002,79763019,76342410,422311255,7567,20391,16055147,4756239656,11084497.311,773435.833,177/A52E000,177/A5A2E78,1,1.0002341270446777,5903914,5902532.057613235,5.629093225110278,3801,3800.1102914080234,3798,3797.1109936247494,0.0,0.0,5847718.890857977,0.0,streaming,177/A52BFF8,177/A52BFF8,177/A52BAF0,8200,8200,344480,9488,0.022744,0.207575,0.022744,887.7921438490725,True,177035760,reserved,6.8,37.5,0.0,5855908.973338171,0.0,13.996722988611504,5892433.421976952,260351.04477930706,1003.61,1
2026-09-13T21:24:10.931265+00:00,1789334650.9312558,F_lat_centralus_rep3,r3-pub,F01,load,16,1,1000,6,0.1,2248839173,22024802,792583848219,60320,1789156079.537691,5902754.541999999,192964.18600000002,79766895,76342410,422315128,7567,20391,16055147,4756283037,11084497.311,773444.143,177/AB3E210,177/AB6D918,1,1.0004215240478516,6040044,6037499.048961981,5.757807778322202,3876,3874.366861197806,3873,3871.3681252371266,0.0,0.0,6354841.2815795345,0.0,streaming,177/AB3DB98,177/AB3DB98,177/AB3D5C0,1656,1656,525944,3152,0.022146,0.022146,0.022146,-6333.330348954927,True,183393280,reserved,2.3,37.5,0.0,14763952.638921354,0.0,19.991573071196107,6384599.737674664,284203.20151608455,1003.61,1
2026-09-13T21:24:11.931639+00:00,1789334651.9316394,F_lat_centralus_rep3,r3-pub,F01,load,16,1,1000,6,0.1,2248862725,22024802,792589876817,60320,1789156079.537691,5902787.467,192964.18600000002,79770777,76342410,422319007,7567,20391,16055147,4756326514,11084497.311,773452.838,177/B10A000,177/B13FF08,2,1.0003836154937744,6028598,6026286.223234848,5.747114394411896,3882,3880.5113757125087,3879,3877.5125261176768,0.0,0.0,6075605.303671454,0.0,streaming,177/B107E40,177/B107E40,177/B107E40,8640,8640,407928,8640,0.023299,0.171695,0.023299,5485.895525479198,True,189471216,reserved,5.4,37.5,0.0,14567979.497351827,0.0,31.987729011540516,6127436.420451997,282248.7250159858,1003.6,1
2026-09-13T21:24:12.931831+00:00,1789334652.9318237,F_lat_centralus_rep3,r3-pub,F01,load,16,1,1000,6,0.1,2248886830,22024802,792596059599,60320,1789156079.537691,5902818.927,192964.18600000002,79774750,76342410,422322977,7567,20391,16055147,4756370555,11084497.311,773461.499,177/B726000,177/B72D878,2,1.0001842975616455,6182782,6181642.738316365,5.895273912731518,3973,3972.267920708011,3970,3969.268473498818,0.0,0.0,6404963.580829625,0.0,streaming,177/B723B68,177/B621EE0,177/B6218C0,9368,1065248,2019072,1066816,0.021912,0.021912,0.021912,1057981.016678359,True,4459536,reserved,3.7,37.5,0.0,6486868.485955323,0.0,22.995761937146803,6443262.522428075,289099.71962660045,1003.6,1
2026-09-13T21:24:13.932387+00:00,1789334653.9323878,F_lat_centralus_rep3,r3-pub,F01,load,16,1,1000,6,0.1,2248910974,22024802,792602228780,60320,1789156079.537691,5902847.285,192964.18600000002,79778734,76342410,422326958,7567,20391,16055147,4756414596,11084497.311,773469.824,177/BC40000,177/BD22EB8,4,1.0005640983581543,6169181,6165702.937096317,5.880072533699338,3984,3981.7538991629076,3981,3978.7555905038994,0.0,0.0,5346360.12703024,0.0,streaming,177/BC3DDC0,177/BC3DDC0,177/BC3D7F0,8768,8768,1247392,10256,0.022554,0.022554,0.022554,-1055964.3322539062,True,9808912,reserved,6.9,37.5,0.0,13877611.662046338,0.0,22.987033052396306,5399714.030181072,243120.85592434002,1003.59,1
2026-09-13T21:24:14.937478+00:00,1789334654.936785,F_lat_centralus_rep3,r3-pub,F01,load,16,1,1000,6,0.1,2248935813,22024802,792608583605,60320,1789156079.537691,5902884.925,192964.18600000002,79782831,76342410,422331052,7567,20391,16055147,4756460134,11084497.311,773478.061,177/C32E000,177/C3484D8,1,1.0043971538543701,6354825,6327004.189143093,6.03390139498052,4097,4079.063729200923,4094,4076.0768629115396,0.0,0.0,7234492.822003315,0.0,streaming,177/C32BD98,177/C221CF8,177/C221CF8,8808,1098504,1560936,1098504,0.022554,0.194062,0.022554,1083483.755229545,True,17075216,reserved,4.5,37.5,0.0,15610844.71399588,0.0,23.894930315065206,7298036.411065749,323833.0562286318,1003.58,1
2026-09-13T21:24:15.937801+00:00,1789334655.937802,F_lat_centralus_rep3,r3-pub,F01,load,16,1,1000,6,0.1,2248960720,22024802,792614951042,60320,1789156079.537691,5902912.494,192964.18600000002,79786937,76342410,422335155,7567,20391,16055147,4756505674,11084497.311,773486.658,177/C86C000,177/C962D20,1,1.0010170936584473,6367437,6360967.300497074,6.066291141984056,4106,4101.828056695494,4103,4098.831104876184,0.0,0.0,5491246.88761364,0.0,streaming,177/C869C90,177/C869C90,177/C8697C8,9072,9072,888592,10296,0.021666,0.021666,0.021666,-1087102.3151291988,True,22572048,reserved,9.9,37.5,0.0,13871331.556639522,0.0,19.979678795399387,5551868.230030701,280041.1718999564,1003.58,1
2026-09-13T21:24:16.938284+00:00,1789334656.938284,F_lat_centralus_rep3,r3-pub,F01,load,16,1,1000,6,0.1,2248986009,22024803,792621425894,60320,1789156079.537691,5902944.467,192964.18600000002,79791100,76342410,422339315,7567,20391,16055147,4756552011,11084497.311,773495.234,177/CEB6000,177/CF95A80,1,1.0004818439483643,6474852,6471733.634312881,6.171926149666673,4163,4160.995049716121,4160,4157.99649455178,0.0,0.0,6591383.981517161,0.0,streaming,177/CEB3ED0,177/CEB3ED0,177/CEB3948,8496,8496,1313640,9912,0.019629,0.019629,0.019629,-383.815061035549,True,29166608,reserved,5.0,37.5,0.0,6591383.981517161,0.0,13.993257433587722,6635933.515593763,300154.3724320685,1003.57,1
2026-09-13T21:24:17.938508+00:00,1789334657.938508,F_lat_centralus_rep3,r3-pub,F01,load,16,1,1000,6,0.1,2249011329,22024803,792627882001,60320,1789156079.537691,5902989.063999999,192964.18600000002,79795263,76342410,422343475,7567,20391,16055147,4756597968,11084497.311,773504.049,177/D52E000,177/D5C2D80,1,1.0002241134643555,6456107,6454660.4236912085,6.155643867198189,4163,4162.067224695393,4160,4159.06789688514,0.0,0.0,6781456.184361148,0.0,streaming,177/D52BB70,177/D52BB70,177/D52BAB0,9360,9360,886568,9552,0.022040,0.022040,0.022040,-359.91933723044474,True,35949584,reserved,6.6,37.5,0.0,15188660.01678472,0.0,25.99417435553212,6844623.027821028,300883.56794122106,1003.57,1
2026-09-13T21:24:18.938983+00:00,1789334658.9389572,F_lat_centralus_rep3,r3-pub,F01,load,16,1,1000,6,0.1,2249036640,22024803,792634345151,60320,1789156079.537691,5903021.438999999,192964.18600000002,79799424,76342410,422347633,7567,20391,16055147,4756644176,11084497.311,773512.697,177/DB96000,177/DBFA4F0,1,1.0004491806030273,6463150,6460248.1818259815,6.160972768617612,4161,4159.131798670603,4158,4156.133145607394,0.0,0.0,6714424.010973769,0.0,streaming,177/DB93FD0,177/DB93FD0,177/DB93430,8240,8240,376488,11216,0.022570,0.022570,0.022570,1663.2528990598134,True,42667024,reserved,6.3,37.5,0.0,15127924.829602487,0.0,24.988775526739985,6743815.808748321,305574.74175322935,1003.56,1
2026-09-13T21:24:19.939198+00:00,1789334659.9391987,F_lat_centralus_rep3,r3-pub,F01,load,16,1,1000,6,0.1,2249062010,22024803,792640855879,60320,1789156079.537691,5903059.421999999,192964.18600000002,79803596,76342410,422351802,7567,20391,16055147,4756690566,11084497.311,773521.769,177/E212000,177/E22C138,1,1.0002415180206299,6510728,6509155.921545857,6.207614823861939,4172,4170.992630115913,4169,4167.993354495024,0.0,0.0,6797718.228548641,0.0,streaming,177/E20FBE8,177/E103DD8,177/E103DD8,9240,1106472,2012016,1106472,0.022957,0.022957,0.022957,1094991.5398106985,True,49466384,reserved,6.6,37.5,3260140.6172911366,17498493.798413802,14.996378104443597,41.98985869244207,6825515.515003038,313502.2835490143,1003.56,1
2026-09-13T21:24:20.939485+00:00,1789334660.939486,F_lat_centralus_rep3,r3-pub,F01,load,16,1,1000,6,0.1,2249087053,22024803,792647272448,60320,1789156079.537691,5903089.452,192964.18600000002,79807725,76342410,422355928,7567,20391,16055147,4756736619,11084497.311,773530.283,177/E758000,177/E84C268,1,1.0002872943878174,6416569,6414726.085196338,6.1175595142329575,4129,4127.814102174491,4126,4124.814963810112,0.0,0.0,5528011.833224527,0.0,streaming,177/E751BD0,177/E751BD0,177/E751640,25648,25648,333272,27072,0.023087,0.023087,0.023087,-1079089.9835037894,True,54995984,reserved,6.0,37.5,0.0,5528011.833224527,0.0,9.99712788126542,5566081.895909173,271654.9550559896,1003.55,1
2026-09-13T21:24:21.940520+00:00,1789334661.9405203,F_lat_centralus_rep3,r3-pub,F01,load,16,1,1000,6,0.1,2249112112,22024803,792653680860,60320,1789156079.537691,5903123.0709999995,192964.18600000002,79811859,76342410,422360059,7567,20391,16055147,4756782499,11084497.311,773538.907,177/ED8CCE8,177/EE67728,1,1.0010342597961426,6408412,6401790.885064266,6.105223546089426,4134,4129.728787546069,4131,4126.731887119692,0.0,0.0,6501028.247849662,0.0,streaming,177/ED8BFC8,177/ED8BFC8,177/ED8BF80,3360,3360,669008,3432,0.023642,0.023642,0.023642,-23615.57535984254,True,61503736,reserved,4.8,37.5,0.0,14885852.161577959,0.0,20.978302984631696,6589537.70607544,303468.135108447,1003.54,1
2026-09-13T21:24:22.941811+00:00,1789334662.941812,F_lat_centralus_rep3,r3-pub,F01,load,16,1,1000,6,0.1,2249136903,22024804,792660031991,60320,1789156079.537691,5903158.916999999,192964.18600000002,79815946,76342410,422364143,7567,20391,16055147,4756827857,11084497.311,773547.8,177/F430000,177/F47A4E0,1,1.0012917518615723,6351131,6342937.498678246,6.049096583059545,4087,4081.7274210054857,4084,4078.73129126166,0.0,0.0,6950917.139844971,0.0,streaming,177/F42DFF0,177/F42DFF0,177/F42D520,8208,8208,431032,10976,0.022037,0.022037,0.022037,7534.267595807532,True,68463632,reserved,6.7,37.5,0.0,15364728.583250035,0.0,23.969037950607206,6997397.099270857,316568.07260290085,1003.54,1
2026-09-13T21:24:23.942048+00:00,1789334663.9420483,F_lat_centralus_rep3,r3-pub,F01,load,16,1,1000,6,0.1,2249161705,22024804,792666373550,60320,1789156079.537691,5903189.824,192964.18600000002,79820031,76342410,422368225,7567,20391,16055147,4756873486,11084497.311,773556.127,177/FA70000,177/FA890D8,1,1.0002362728118896,6341559,6340061.015956208,6.046353355365952,4085,4084.035053554041,4082,4081.0357622050415,0.0,0.0,6552051.928267261,0.0,streaming,177/FA6BFE0,177/F965F48,177/F965F48,16416,1089720,1836240,1089720,0.019000,0.019000,0.019000,1078489.1823282987,True,75017232,reserved,6.9,37.5,90090.71401367485,15082004.532380203,2.9992913489992956,25.993858357993897,6583066.60034348,305405.8409032023,1003.53,1
2026-09-13T21:24:24.942233+00:00,1789334664.9422336,F_lat_centralus_rep3,r3-pub,F01,load,16,1,1000,6,0.1,2249186353,22024804,792672675769,60320,1789156079.537691,5903217.648999999,192964.18600000002,79824087,76342410,422372278,7567,20391,16055147,4756918644,11084497.311,773564.512,177/FF9C000,177/1008E088,1,1.000185251235962,6302219,6301051.722380569,6.0091511939817135,4056,4055.2487601550483,4053,4052.249315805821,0.0,0.0,5422099.549356973,0.0,streaming,177/FF99FB0,177/FF99FB0,177/FF99FB0,8272,8272,1081120,8272,0.019029,0.019029,0.019029,-1081247.6975276521,True,80440336,reserved,4.8,37.5,0.0,5430290.032059929,0.0,10.997962613832724,5499636.185599277,252996.13215382493,1003.53,1
2026-09-13T21:24:25.943185+00:00,1789334665.9431856,F_lat_centralus_rep3,r3-pub,F01,load,16,1,1000,6,0.1,2249210976,22024804,792678974530,60320,1789156079.537691,5903255.6899999995,192964.18600000002,79828132,76342410,422376320,7567,20391,16055147,4756963482,11084497.311,773573.868,177/10632000,177/106918D8,1,1.0009520053863525,6298761,6292770.248828037,6.001253365352666,4045,4041.1528007665966,4042,4038.1556540663987,0.0,0.0,6899287.840813549,0.0,streaming,177/1062BE38,177/1062BE38,177/1062B860,25032,25032,325152,26528,0.022357,0.194750,0.022357,18238.63671960321,True,87346192,reserved,3.8,37.5,0.0,15312654.270654982,0.0,24.97622250164769,6921867.345003938,309192.6469346976,1003.52,1
2026-09-13T21:24:26.943514+00:00,1789334666.943514,F_lat_centralus_rep3,r3-pub,F01,load,16,1,1000,6,0.1,2249235468,22024804,792685225317,60320,1789156079.537691,5903288.881999999,192964.18600000002,79832160,76342410,422380345,7567,20391,16055147,4757007824,11084497.311,773582.542,177/10C5E000,177/10C8D010,1,1.000328540802002,6250787,6248734.035908346,5.95925716009936,4028,4026.6770722852684,4025,4023.678057583964,0.0,0.0,6469554.487380121,0.0,streaming,177/10C5BFD0,177/10C5BFD0,177/10C5BFD0,8240,8240,1071064,8240,0.021801,0.021801,0.021801,-18281.993619154167,True,93817872,reserved,5.8,37.5,0.0,14871786.011496581,0.0,21.99277447623533,6536975.336880154,286249.95521014225,1003.52,1
2026-09-13T21:24:27.944302+00:00,1789334667.944257,F_lat_centralus_rep3,r3-pub,F01,load,16,1,1000,6,0.1,2249259910,22024804,792691478702,60320,1789156079.537691,5903321.754,192964.18600000002,79836190,76342410,422384372,7567,20391,16055147,4757052507,11084497.311,773590.83,177/1120FCC0,177/112884F8,1,1.0007429122924805,6253385,6248742.732211692,5.9592654535405085,4030,4027.0082860423786,4027,4024.010513124729,0.0,0.0,5966703.262800482,0.0,streaming,177/1120DE60,177/1120DE60,177/1120DD98,7776,7776,1133808,7976,0.010850,0.184664,0.010850,-263.80401675314835,True,3718712,reserved,2.9,37.5,0.0,6045300.871670693,0.0,24.981440980411776,6027193.323990451,266215.2254365777,1003.51,1
2026-09-13T21:24:28.944622+00:00,1789334668.9446228,F_lat_centralus_rep3,r3-pub,F01,load,16,1,1000,6,0.1,2249284306,22024805,792697731912,60320,1789156079.537691,5903354.719,192964.18600000002,79840211,76342410,422388390,7567,20391,16055147,4757096864,11084497.311,773599.285,177/1183A000,177/11882500,1,1.0003657341003418,6253210,6250923.823998924,5.961345504759716,4021,4019.5299208406045,4018,4016.531017641768,0.0,0.0,6461956.642101053,0.0,streaming,177/11837CB8,177/11837CB8,177/11837CB8,9032,9032,389424,9032,0.024391,0.194738,0.024391,1055.6139259904696,True,10183032,reserved,4.5,37.5,0.0,10960983.194672436,0.0,112.95868715617715,6500702.471430022,321620.37246242585,1003.51,1
2026-09-13T21:24:29.945953+00:00,1789334669.9459538,F_lat_centralus_rep3,r3-pub,F01,load,16,1,1000,6,0.1,2249308756,22024805,792703991954,60320,1789156079.537691,5903393.629,192964.18600000002,79844242,76342410,422392418,7567,20391,16055147,4757141481,11084497.311,773607.908,177/11E62000,177/11E7B818,1,1.001331090927124,6260042,6251720.391707682,5.962105170924837,4031,4025.6415051166855,4028,4022.6454930811233,0.0,0.0,6446714.83637155,0.0,streaming,177/11E5DF00,177/11E5DF00,177/11E5DF00,16640,16640,419824,16640,0.020025,0.020025,0.020025,7597.886522185002,True,16638328,reserved,4.9,37.5,0.0,18014804.6569672,0.0,54.926887318635,6497412.35336665,296503.32711141993,1003.5,1
2026-09-13T21:24:30.946628+00:00,1789334670.946628,F_lat_centralus_rep3,r3-pub,F01,load,16,1,1000,6,0.1,2249333145,22024805,792710238348,60320,1789156079.537691,5903426.932999999,192964.18600000002,79848264,76342410,422396437,7567,20391,16055147,4757186132,11084497.311,773616.149,177/12416000,177/12478B30,1,1.0006742477416992,6246394,6242185.220711667,5.953011723243396,4022,4019.290002792383,4019,4016.292024172697,0.0,0.0,5976130.607433838,0.0,streaming,177/12413F48,177/12413F48,177/12413F48,8376,8376,1244000,8376,0.021343,0.195871,0.021343,-8258.431771028407,True,22618488,reserved,4.7,37.5,0.0,14375459.378977835,0.0,18.98719792467809,6023960.358332309,263633.24587932904,1003.5,1
2026-09-13T21:24:31.946987+00:00,1789334671.946987,F_lat_centralus_rep3,r3-pub,F01,load,16,1,1000,6,0.1,2249357581,22024805,792716485675,60320,1789156079.537691,5903460.256999999,192964.18600000002,79852290,76342410,422400460,7567,20391,16055147,4757230654,11084497.311,773624.991,177/12A3F838,177/12A76A70,3,1.0003588199615479,6247327,6245086.138431945,5.955778253967233,4026,4024.555909003484,4023,4021.556985077252,0.0,0.0,6459178.3178843465,0.0,streaming,177/12A3DF00,177/12A3DF00,177/12A3CE18,6456,6456,499016,10784,0.020459,0.020459,0.020459,2407.136271455636,True,29079984,reserved,6.7,37.5,0.0,6571721.934987985,0.0,22.9917501011128,6525198.628479037,286832.07892446965,1003.49,1
2026-09-13T21:24:32.947720+00:00,1789334672.94772,F_lat_centralus_rep3,r3-pub,F01,load,16,1,1000,6,0.1,2249382110,22024805,792722737207,60320,1789156079.537691,5903492.995,192964.18600000002,79856327,76342410,422404494,7567,20391,16055147,4757275490,11084497.311,773633.079,177/1306A000,177/13076AD8,3,1.0007331371307373,6251532,6246952.127441434,5.957557799760279,4037,4034.042493660925,4034,4031.0446914610284,0.0,0.0,6460743.389129263,0.0,streaming,177/12FFFC90,177/12F63FC8,177/12F63FC8,435056,1073208,1823744,1073208,0.021792,0.021792,0.021792,1061645.6681409995,True,35545464,reserved,4.3,37.5,0.0,14882145.346661333,0.0,20.98461539927655,6082082.999121118,277587.49030383007,1003.49,1
2026-09-13T21:24:33.952574+00:00,1789334673.9522688,F_lat_centralus_rep3,r3-pub,F01,load,16,1,1000,6,0.1,2249406626,22024805,792728992172,60320,1789156079.537691,5903524.342,192964.18600000002,79860359,76342410,422408523,7567,20391,16055147,4757320177,11084497.311,773641.582,177/1366A000,177/136841F0,1,1.0045487880706787,6254965,6226641.328205862,5.93818791218363,4032,4013.7423367398596,4029,4010.755921310738,0.0,0.0,6262967.090013891,0.0,streaming,177/13667FF0,177/13555DD0,177/13555DD0,8208,1131056,1958640,1131056,0.018922,0.018922,0.018922,57586.053247948264,True,41836920,reserved,7.0,37.5,0.0,14638054.591894446,0.0,23.891323432975355,6745988.926048261,302715.01355751423,1003.48,1
2026-09-13T21:24:34.952588+00:00,1789334674.9525888,F_lat_centralus_rep3,r3-pub,F01,load,16,1,1000,6,0.1,2249431270,22024806,792735312133,60320,1789156079.537691,5903555.574999999,192964.18600000002,79864408,76342410,422412569,7567,20391,16055147,4757365332,11084497.311,773650.16,177/13B9C000,177/13C8D480,1,1.0003199577331543,6319961,6317939.52639093,6.025256658926897,4049,4047.704905513954,4046,4044.705865080133,0.0,0.0,5445937.530172946,0.0,streaming,177/13B95FA8,177/13B95FA8,177/13B959D0,24664,24664,1221208,26160,0.021616,0.021616,0.021616,-1104542.5930557535,True,47284600,reserved,6.4,37.5,0.0,13848241.148154063,0.0,14.995202169105783,5453505.108867621,242943.26842255043,1003.48,1
2026-09-13T21:24:35.953117+00:00,1789334675.9531176,F_lat_centralus_rep3,r3-pub,F01,load,16,1,1000,6,0.1,2249455875,22024806,792741597694,60320,1789156079.537691,5903598.271,192964.18600000002,79868469,76342410,422416627,7567,20391,16055147,4757410163,11084497.311,773658.745,177/1421C000,177/14296730,1,1.0005288124084473,6285561,6282238.87413053,5.991209863787203,4061,4058.853627837528,4058,4055.8552134362694,0.0,0.0,6812141.654964754,0.0,streaming,177/14217FE0,177/14217FE0,177/14217A08,16416,16416,1018768,17912,0.022925,0.022925,0.022925,-8243.640660527932,True,54100344,reserved,6.0,37.5,0.0,6902206.027806836,0.0,23.98731521007158,6891144.877080592,331401.75064207934,1003.47,1
2026-09-13T21:24:36.953229+00:00,1789334676.9532297,F_lat_centralus_rep3,r3-pub,F01,load,16,1,1000,6,0.1,2249480938,22024806,792748011102,60320,1789156079.537691,5903632.001999999,192964.18600000002,79872601,76342410,422420756,7567,20391,16055147,4757455935,11084497.311,773668.148,177/14858000,177/148BBA38,1,1.0001120567321777,6413408,6412689.414979687,6.115617194156348,4132,4131.537033461159,4129,4128.53736959369,0.0,0.0,6536483.543014237,0.0,streaming,177/14855FF8,177/14855FF8,177/14855A28,8200,8200,343616,9688,0.022646,0.022646,0.022646,-8223.078548689393,True,60637560,reserved,3.5,37.5,0.0,14924151.648335762,0.0,16.998095248993152,6602972.0925246505,293565.1040537583,1003.46,1
2026-09-13T21:24:37.953343+00:00,1789334677.9533436,F_lat_centralus_rep3,r3-pub,F01,load,16,1,1000,6,0.1,2249506037,22024806,792754436894,60320,1789156079.537691,5903669.361,192964.18600000002,79876741,76342410,422424893,7567,20391,16055147,4757502215,11084497.311,773677.526,177/14EAFDF0,177/14EE1EB8,1,1.0001139640808105,6425792,6425059.773968707,6.127414487808902,4140,4139.528242468858,4137,4136.528584322141,0.0,0.0,6650618.06842501,0.0,streaming,177/14EADF10,177/14EADF10,177/14EADF10,7904,7904,641136,7904,0.015617,0.015617,0.015617,-1783.7967112474498,True,67288936,reserved,6.4,37.5,0.0,15210810.513961393,0.0,28.996695418260114,6708389.484558674,309759.69852068595,1003.46,1
2026-09-13T21:24:38.953879+00:00,1789334678.953879,F_lat_centralus_rep3,r3-pub,F01,load,16,1,1000,6,0.1,2249531269,22024806,792760885470,60320,1789156079.537691,5903701.441,192964.18600000002,79880900,76342410,422429049,7567,20391,16055147,4757548378,11084497.311,773687.938,177/1542E000,177/1550E5C8,1,1.000535488128662,6448576,6445124.712228855,6.146549904087882,4159,4156.774096817624,4156,4153.775702422227,0.0,0.0,5756421.5046207,0.0,streaming,177/1542BD10,177/1542BD10,177/1542BD10,8944,8944,1250304,8944,0.015617,0.015617,0.015617,1039.4433904040222,True,73048440,reserved,2.1,37.5,0.0,5886895.637271568,0.0,18.989831170842717,5812222.623783822,267990.4942717232,1003.45,1
2026-09-13T21:24:39.954464+00:00,1789334679.9544466,F_lat_centralus_rep3,r3-pub,F01,load,16,1,1000,6,0.1,2249556572,22024806,792767347856,60320,1789156079.537691,5903732.893,192964.18600000002,79885069,76342410,422433214,7567,20391,16055147,4757594321,11084497.311,773697.821,177/15A88000,177/15B38448,1,1.0005674362182617,6462386,6458721.0877311705,6.159516418200655,4169,4166.635699995521,4165,4162.6379684531885,0.0,0.0,6656318.963539785,0.0,streaming,177/15A85D38,177/15A85D38,177/15A85768,8904,8904,714328,10392,0.022251,0.196898,0.022251,1447.1788183241817,True,79708536,reserved,2.9,37.5,0.0,15048357.017203106,0.0,21.987523482825964,6725975.437933378,311415.29168457765,1003.45,1
2026-09-13T21:24:40.954966+00:00,1789334680.9549665,F_lat_centralus_rep3,r3-pub,F01,load,16,1,1000,6,0.1,2249581809,22024807,792773797764,60320,1789156079.537691,5903772.089,192964.18600000002,79889217,76342410,422437359,7567,20391,16055147,4757640265,11084497.311,773707.037,177/16116000,177/16160520,1,1.0005199909210205,6449908,6446555.849486415,6.147914742933669,4148,4145.844198656733,4145,4142.845757818746,0.0,0.0,6869515.914092866,0.0,streaming,177/16113B90,177/16113B90,177/16113B90,9328,9328,375416,9328,0.020857,0.020857,0.020857,-1063.4470172060664,True,86581624,reserved,3.7,37.5,0.0,15282421.279683353,0.0,22.988046424567226,6913663.957511107,311670.93394400313,1003.44,1
2026-09-13T21:24:41.955342+00:00,1789334681.955342,F_lat_centralus_rep3,r3-pub,F01,load,16,1,1000,6,0.1,2249606986,22024807,792780230241,60320,1789156079.537691,5903805.4229999995,192964.18600000002,79893358,76342410,422441497,7567,20391,16055147,4757685932,11084497.311,773716.352,177/16754000,177/16787BF0,1,1.000375509262085,6432477,6430062.4519934915,6.132185413354389,4141,4139.445599837364,4138,4136.446725942287,0.0,0.0,6542951.061275123,0.0,streaming,177/16751D50,177/16751D50,177/16751D50,8880,8880,741192,8880,0.022666,0.022666,0.022666,-447.8318349981017,True,93127032,reserved,6.6,37.5,0.0,15010299.493513517,0.0,29.98873895076574,6579602.298396117,291868.4007122226,1003.44,1
2026-09-13T21:24:42.955518+00:00,1789334682.9555187,F_lat_centralus_rep3,r3-pub,F01,load,16,1,1000,6,0.1,2249631896,22024807,792786595437,60320,1789156079.537691,5903839.489999999,192964.18600000002,79897455,76342410,422445591,7567,20391,16055147,4757731457,11084497.311,773725.503,177/16D9C000,177/16D9CA50,1,1.0001766681671143,6365196,6364071.671122479,6.0692517005181115,4097,4096.27631837084,4094,4093.276848281723,0.0,0.0,6585204.603972544,0.0,streaming,177/16CCBE50,177/16C8FCC0,177/16C8FCC0,852400,1098560,2185768,1098560,0.022338,0.022338,0.022338,1089487.5222363526,True,3983792,reserved,2.3,37.5,0.0,6671205.410367708,0.0,21.996113986858305,6131533.753170229,288954.95085845323,1003.43,1
2026-09-13T21:24:43.955763+00:00,1789334683.955763,F_lat_centralus_rep3,r3-pub,F01,load,16,1,1000,6,0.1,2249656833,22024807,792792990172,60320,1789156079.537691,5903874.734,192964.18600000002,79901567,76342410,422449700,7567,20391,16055147,4757777228,11084497.311,773735.473,177/1730DF00,177/173B7D90,1,1.000244379043579,6394735,6393172.642584169,6.0970045495835965,4112,4110.995358886037,4109,4107.996091844048,0.0,0.0,5708173.04213138,0.0,streaming,177/1730BFF0,177/1730BFF0,177/1730BEF0,7952,7952,972640,8208,0.025153,0.189601,0.025153,-1090085.6059222054,True,9693360,reserved,6.4,37.5,0.0,14115462.476780247,0.0,23.994136335910724,6256222.110424236,279579.67658603174,1003.43,1
2026-09-13T21:24:44.956192+00:00,1789334684.956192,F_lat_centralus_rep3,r3-pub,F01,load,16,1,1000,6,0.1,2249681733,22024807,792799371343,60320,1789156079.537691,5903906.046,192964.18600000002,79905674,76342410,422453803,7567,20391,16055147,4757822959,11084497.311,773744.806,177/17956000,177/179D1178,1,1.0004289150238037,6381171,6378435.193317228,6.0829498227283745,4107,4105.239201230284,4103,4101.240916154823,0.0,0.0,6583800.109219436,0.0,streaming,177/17953FF0,177/17953FF0,177/17953518,8208,8208,1092232,10984,0.021975,0.021975,0.021975,2774.809842370409,True,16279984,reserved,6.6,37.5,0.0,14984932.737218319,0.0,19.99142537730842,6639066.404675004,285978.33959366585,1003.42,1
2026-09-13T21:24:45.957411+00:00,1789334685.9574113,F_lat_centralus_rep3,r3-pub,F01,load,16,1,1000,6,0.1,2249706662,22024807,792805744476,60320,1789156079.537691,5903946.001999999,192964.18600000002,79909781,76342410,422457908,7567,20391,16055147,4757868687,11084497.311,773753.365,177/17FA0000,177/17FEA8B0,1,1.0012192726135254,6373133,6365371.876396205,6.07049167289372,4107,4101.998545512735,4105,4100.000981088332,0.0,0.0,6586529.22529741,0.0,streaming,177/17F9DF40,177/17F9DF40,177/17F9DF40,8384,8384,425488,8384,0.022429,0.189846,0.022429,-2596.8337517246437,True,22874544,reserved,7.0,37.5,0.0,14973103.704713367,0.0,20.974426456237506,6644169.945545788,310046.9682227394,1003.42,1
2026-09-13T21:24:46.957665+00:00,1789334686.9576657,F_lat_centralus_rep3,r3-pub,F01,load,16,1,1000,6,0.1,2249731673,22024808,792812144925,60320,1789156079.537691,5903978.784,192964.18600000002,79913904,76342410,422462029,7567,20391,16055147,4757914375,11084497.311,773763.717,177/18548000,177/1860D848,1,1.0002543926239014,6400449,6398821.1870883405,6.102391421402302,4123,4121.951405966242,4121,4119.951914622092,0.0,0.0,5929499.579043665,0.0,streaming,177/18543FF0,177/18543FF0,177/18543B28,16400,16400,397176,17624,0.022308,0.194867,0.022308,9237.65000997528,True,28805552,reserved,6.0,37.5,0.0,5999113.869681609,0.0,13.996439409053455,5968212.730703435,259934.8744852362,1003.41,1
2026-09-13T21:24:47.958285+00:00,1789334687.9582858,F_lat_centralus_rep3,r3-pub,F01,load,16,1,1000,6,0.1,2249756725,22024808,792818564925,60320,1789156079.537691,5904016.385,192964.18600000002,79918028,76342410,422466150,7567,20391,16055147,4757960189,11084497.311,773773.08,177/18B82000,177/18C2FFC8,1,1.0006201267242432,6420000,6416021.253757233,6.1187946832249,4124,4121.444182320067,4121,4118.446041547283,0.0,0.0,6524977.686961225,0.0,streaming,177/18B7DC38,177/18B7DC38,177/18B7DC38,17352,17352,587088,17352,0.020945,0.020945,0.020945,-271.83143006572703,True,35334576,reserved,3.6,37.5,0.0,14916573.833931433,0.0,18.988224894297108,6560162.867690357,297790.33225674636,1003.4,1
2026-09-13T21:24:48.958717+00:00,1789334688.958717,F_lat_centralus_rep3,r3-pub,F01,load,16,1,1000,6,0.1,2249781794,22024808,792824966869,60320,1789156079.537691,5904061.183999999,192964.18600000002,79922156,76342410,422470275,7567,20391,16055147,4758006003,11084497.311,773785.526,177/19218000,177/19249B48,1,1.0004312992095947,6401944,6399184.036982798,6.102737462027357,4128,4126.220364418213,4125,4123.221657758025,0.0,0.0,6902878.793832292,0.0,streaming,177/19213BF8,177/19213BF8,177/19213BF8,17416,17416,1314048,17416,0.023282,0.023282,0.023282,63.97240875066996,True,42240432,reserved,3.7,37.5,0.0,15459828.188321907,0.0,29.987066601876545,6973780.214105769,319809.0666023532,1003.4,1
2026-09-13T21:24:49.959930+00:00,1789334689.9594135,F_lat_centralus_rep3,r3-pub,F01,load,16,1,1000,6,0.1,2249806773,22024808,792831330230,60320,1789156079.537691,5904092.664,192964.18600000002,79926269,76342410,422474384,7567,20391,16055147,4758051805,11084497.311,773795.523,177/19860000,177/19860B08,1,1.0006964206695557,6363361,6358932.507965144,6.064350612607139,4113,4110.137615210049,4109,4106.14039895407,0.0,0.0,6581784.309364402,0.0,streaming,177/198141A0,177/19753BD8,177/19753B18,310880,1098792,1721584,1098984,0.022395,0.022395,0.022395,1080815.2978865798,True,48826800,reserved,6.6,37.5,0.0,6647274.700502356,0.0,20.985385343887927,6654240.849132462,312721.2144824259,1003.39,1
2026-09-13T21:24:50.960540+00:00,1789334690.9605148,F_lat_centralus_rep3,r3-pub,F01,load,16,1,1000,6,0.1,2249831632,22024808,792837689694,60320,1789156079.537691,5904119.895,192964.18600000002,79930362,76342410,422478475,7567,20391,16055147,4758097404,11084497.311,773806.011,177/19D98000,177/19E72AF0,1,1.0011012554168701,6359464,6352468.3098632675,6.058185872901218,4093,4088.497519959285,4091,4086.49972004726,0.0,0.0,5466236.277689302,0.0,streaming,177/19D91C08,177/19D91C08,177/19D91C08,25592,25592,1011320,25592,0.022636,0.022636,0.022636,-1072211.2215842016,True,54299056,reserved,3.1,37.5,0.0,13845616.43989566,0.0,18.979099164238068,5497337.027819753,255848.24573348928,1003.39,1
2026-09-13T21:24:51.961170+00:00,1789334691.9611702,F_lat_centralus_rep3,r3-pub,F01,load,16,1,1000,6,0.1,2249856414,22024808,792844019037,60320,1789156079.537691,5904204.458,192964.18600000002,79934451,76342410,422482561,7567,20391,16055147,4758142954,11084497.311,773815.929,177/1A41F510,177/1A480E48,1,1.0006554126739502,6329343,6325197.385468327,6.032178292721107,4089,4086.3217729201897,4086,4083.323737870358,0.0,0.0,6841228.172350456,0.0,streaming,177/1A41DB58,177/1A41DB58,177/1A41CA70,6584,6584,649288,10912,0.020464,0.020464,0.020464,-14670.384843841619,True,61144768,reserved,9.8,37.5,0.0,9238616.893398296,0.0,51.96594086374416,6926157.508587097,313547.49699658307,1003.38,1
2026-09-13T21:24:52.961712+00:00,1789334692.9617128,F_lat_centralus_rep3,r3-pub,F01,load,16,1,1000,6,0.1,2249881062,22024809,792850345386,60320,1789156079.537691,5904236.3549999995,192964.18600000002,79938518,76342410,422486625,7567,20391,16055147,4758187960,11084497.311,773824.225,177/1AA58000,177/1AA8C878,1,1.0005426406860352,6326349,6322917.927478089,6.0300044321804895,4067,4064.794277244804,4064,4061.795904283965,0.0,0.0,6520093.9317558585,0.0,streaming,177/1AA55BC0,177/1AA55BC0,177/1AA555F0,9280,9280,984704,10768,0.021796,0.021796,0.021796,-143.92190212029794,True,67668400,reserved,2.9,37.5,0.0,9980632.102948591,0.0,23.986983686716325,6571688.934208332,294092.4134909855,1003.38,1
2026-09-13T21:24:53.961923+00:00,1789334693.9619231,F_lat_centralus_rep3,r3-pub,F01,load,16,1,1000,6,0.1,2249905728,22024809,792856650494,60320,1789156079.537691,5904271.22,192964.18600000002,79942587,76342410,422490691,7567,20391,16055147,4758232820,11084497.311,773832.338,177/1B090000,177/1B094910,1,1.0002102851867676,6305108,6303782.407939005,6.011755378664975,4069,4068.1445294678233,4066,4065.145160190752,0.0,0.0,6519461.053914654,0.0,streaming,177/1AFFFD10,177/1AFFFD10,177/1AFFEA38,590576,590576,1320680,595400,0.021677,0.194805,0.021677,584509.0863975995,True,74189232,reserved,3.5,37.5,0.0,6568602.720150191,0.0,17.996215662428316,5994773.387958484,272663.66287072847,1003.37,1
2026-09-13T21:24:54.962008+00:00,1789334694.9620087,F_lat_centralus_rep3,r3-pub,F01,load,16,1,1000,6,0.1,2249930468,22024809,792862974557,60320,1789156079.537691,5904302.628,192964.18600000002,79946663,76342410,422494764,7567,20391,16055147,4758277981,11084497.311,773840.485,177/1B642000,177/1B6A7AB8,4,1.0000855922698975,6324063,6323521.755419208,6.030580287379463,4076,4075.651155766268,4073,4072.651412521101,0.0,0.0,5971456.889450237,0.0,streaming,177/1B63FE08,177/1B63FE08,177/1B63FCB0,8696,8696,383432,9040,0.022590,0.022590,0.022590,-586309.8164119502,True,80161200,reserved,4.6,37.5,0.0,15088372.55194422,0.0,31.997261281776392,6606028.575019256,299149.39512423286,1003.37,1
2026-09-13T21:24:55.962583+00:00,1789334695.9625835,F_lat_centralus_rep3,r3-pub,F01,load,16,1,1000,6,0.1,2249955276,22024809,792869324117,60320,1789156079.537691,5904338.032,192964.18600000002,79950753,76342410,422498851,7567,20391,16055147,4758323554,11084497.311,773848.565,177/1BC80000,177/1BCBA440,2,1.0005748271942139,6349560,6345912.197097016,6.05193347654058,4090,4087.650307442845,4087,4084.6520309337184,0.0,0.0,6541647.683016836,0.0,streaming,177/1BC7DFD0,177/1BC7DFD0,177/1BC7D478,8240,8240,379944,11144,0.022333,0.022333,0.022333,2102.791258400916,True,86706608,reserved,6.0,37.5,0.0,14925436.453241166,0.0,18.989084557802947,6606385.469976398,292608.8005042039,1003.36,1
2026-09-13T21:24:56.963747+00:00,1789334696.9637473,F_lat_centralus_rep3,r3-pub,F01,load,16,1,1000,6,0.1,2249980112,22024809,792875656753,60320,1789156079.537691,5904372.012999999,192964.18600000002,79954844,76342410,422502939,7567,20391,16055147,4758369054,11084497.311,773856.756,177/1C216000,177/1C2CFA18,2,1.0011637210845947,6332636,6325275.143949123,6.0322524489871245,4091,4086.2447508266487,4088,4083.2482379318844,0.0,0.0,5850471.682747962,0.0,streaming,177/1C20FCF8,177/1C20FCF8,177/1C20F198,25352,25352,1159320,28264,0.022164,0.022164,0.022164,17100.10025278715,True,92563888,reserved,2.3,37.5,0.0,14249785.224483322,0.0,18.977915000172654,5893383.745076247,271379.190314311,1003.35,1
2026-09-13T21:24:57.966321+00:00,1789334697.966322,F_lat_centralus_rep3,r3-pub,F01,load,16,1,1000,6,0.1,2250004972,22024809,792881994674,60320,1789156079.537691,5904413.256,192964.18600000002,79958934,76342410,422507026,7567,20391,16055147,4758414465,11084497.311,773864.823,177/1C858000,177/1C8E9EC8,1,1.0025746822357178,6337921,6321644.773501148,6.028790257931851,4090,4079.496592592381,4087,4076.5042968031935,0.0,0.0,6544940.857041552,0.0,streaming,177/1C855FD0,177/1C855FD0,177/1C855988,8240,8240,516792,9848,0.016666,0.016666,0.016666,-18368.706417892736,True,2787968,reserved,3.1,37.5,0.0,6614394.037172454,0.0,22.94093438377134,6633936.720971638,303081.6610313707,1003.35,1
2026-09-13T21:24:58.967213+00:00,1789334698.9672134,F_lat_centralus_rep3,r3-pub,F01,load,16,1,1000,6,0.1,2250029947,22024810,792888394934,60320,1789156079.537691,5904447.432,192964.18600000002,79963056,76342410,422511145,7567,20391,16055147,4758460219,11084497.311,773872.97,177/1CEA6000,177/1CF07F40,1,1.0008914470672607,6400260,6394559.5886083115,6.098327244385063,4122,4118.328727933468,4119,4115.33139989276,0.0,0.0,6605055.942251187,0.0,streaming,177/1CEA3CD8,177/1CEA3CD8,177/1CEA3CD8,9000,9000,950456,9000,0.022473,0.022473,0.022473,-847.2447261736004,True,9398912,reserved,3.1,37.5,0.0,15104870.807217553,0.0,21.980405631862276,6662575.666461729,291475.1653186973,1003.34,1
2026-09-13T21:24:59.967536+00:00,1789334699.9675364,F_lat_centralus_rep3,r3-pub,F01,load,16,1,1000,6,0.1,2250054909,22024810,792894769600,60320,1789156079.537691,5904485.568,192964.18600000002,79967177,76342410,422515263,7567,20391,16055147,4758505852,11084497.311,773881.443,177/1D42C000,177/1D5236C8,1,1.0003230571746826,6374666,6372607.283495632,6.077391894813187,4121,4119.669111336265,4118,4116.670080194792,0.0,0.0,5789873.539812459,0.0,streaming,177/1D429F80,177/1D429F80,177/1D429428,8320,8320,561376,11224,0.022473,0.022473,0.022473,2223.2817528783917,True,15190656,reserved,6.2,37.5,0.0,14192151.123755291,0.0,17.994186848835906,5860475.731267961,269906.80467025563,1003.34,1
2026-09-13T21:25:00.967944+00:00,1789334700.9679441,F_lat_centralus_rep3,r3-pub,F01,load,16,1,1000,6,0.1,2250079888,22024810,792901175011,60320,1789156079.537691,5904534.063999999,192964.18600000002,79971298,76342410,422519381,7567,20391,16055147,4758551289,11084497.311,773890.635,177/1DC70000,177/1DD44760,2,1.0004076957702637,6405411,6402800.605275388,6.106186490321529,4121,4119.320570427077,4118,4116.3217930159435,0.0,0.0,8663603.885340707,0.0,streaming,177/1DC5BED0,177/1DC5BED0,177/1DC5B870,82224,82224,1797912,83856,0.022344,0.022344,0.022344,72602.40030848324,True,23857792,reserved,4.4,37.5,0.0,8663603.885340707,0.0,16.99307199642327,6805138.573787409,309876.66459454136,1003.33,1
2026-09-13T21:25:01.968295+00:00,1789334701.9682949,F_lat_centralus_rep3,r3-pub,F01,load,16,1,1000,6,0.1,2250104792,22024810,792907536833,60320,1789156079.537691,5904571.955,192964.18600000002,79975410,76342410,422523490,7567,20391,16055147,4758597644,11084497.311,773901.229,177/1E313CB8,177/1E3D6D08,2,1.0003507137298584,6361822,6359591.6039082175,6.064979175480096,4112,4110.558370741996,4109,4107.559422514315,0.0,0.0,6959919.060826665,0.0,streaming,177/1E311DE0,177/1E311DE0,177/1E311898,7896,7896,347288,9248,0.016968,0.130410,0.016968,-74581.8431236184,True,30820152,reserved,10.2,37.7,0.0,17721272.9062812,0.0,49.98247046135696,6328382.549352146,298467.3234117654,1003.33,1
2026-09-13T21:25:02.968801+00:00,1789334702.9688017,F_lat_centralus_rep3,r3-pub,F01,load,16,1,1000,6,0.1,2250170639,22024811,792916439045,60320,1789156079.537691,5904605.677999999,192964.18600000002,79979525,76342410,422527646,7580,20442,16055147,4758757156,11084497.311,773911.37,177/1E948000,177/1EA0BCF0,1,1.00050687789917,8902212,8897701.95152737,8.485509826209421,4115,4112.915254156509,4156,4153.89448269124,12.993413925646323,50.97416232368942,6501992.283810763,0.0,streaming,177/1E945ED8,177/1E945ED8,177/1E945448,8488,8488,373128,11192,0.020004,0.020004,0.020004,1943.0151285735733,True,37325440,reserved,9.3,37.5,0.0,14991952.910404319,0.0,23.987841093500904,6428007.784918133,302627.6047554707,1003.32,1
2026-09-13T21:25:03.969126+00:00,1789334703.9691267,F_lat_centralus_rep3,r3-pub,F01,load,16,1,1000,6,0.1,2250195426,22024811,792922756363,60320,1789156079.537691,5904639.182,192964.18600000002,79983613,76342410,422531731,7580,20442,16055147,4758802289,11084497.311,773921.166,177/1EF8A000,177/1EFFC558,1,1.0003249645233154,6317318,6315265.762671823,6.0227067591398455,4088,4086.671976589181,4085,4083.6729511660483,0.0,0.0,6559660.343103493,0.0,streaming,177/1EF87BB8,177/1EF87BB8,177/1EF876F0,9288,9288,762488,10512,0.021903,0.195847,0.021903,-679.7790959101378,True,43887232,reserved,9.4,37.6,16890.511183084836,15167167.208737968,2.9990254231329607,38.98733050072849,6640623.033101531,310231.185870566,1003.32,1
2026-09-13T21:25:04.969293+00:00,1789334704.9692938,F_lat_centralus_rep3,r3-pub,F01,load,16,1,1000,6,0.1,2250218777,22024812,792928712827,60320,1789156079.537691,5904671.006,192964.18600000002,79987457,76342410,422535572,7580,20442,16055147,4758844913,11084497.311,773930.206,177/1F556000,177/1F5B1E78,1,1.0001671314239502,5956464,5955468.654043559,5.679577497523841,3844,3843.35765416251,3841,3840.358155472997,0.0,0.0,6077448.267417083,0.0,streaming,177/1F553FE0,177/1F553FE0,177/1F5535D0,8224,8224,665336,10800,0.010323,0.102045,0.010323,287.95187419323696,True,49965696,reserved,14.8,37.7,4095.315544081592,6085638.898505246,0.999832896504295,13.99766055106013,6138429.075607777,300450.78523243713,1003.31,1
2026-09-13T21:25:05.969700+00:00,1789334705.9697003,F_lat_centralus_rep3,r3-pub,F01,load,16,1,1000,6,0.1,2250242172,22024812,792934704447,60320,1789156079.537691,5904701.489,192964.18600000002,79991308,76342410,422539420,7580,20442,16055147,4758887695,11084497.311,773939.349,177/1FA96000,177/1FB5F0B0,1,1.0004065036773682,5991620,5989185.3741209805,5.711732267495137,3851,3849.435190439296,3848,3846.4364094547936,0.0,0.0,5502787.096809373,0.0,streaming,177/1FA91DD0,177/1FA91DD0,177/1FA91DD0,16944,16944,1021576,16944,0.023029,0.023029,0.023029,6141.503456260461,True,55470720,reserved,5.2,37.6,0.0,13953495.852623766,0.0,36.98496547552686,5527910.883897532,254250.64617735567,1003.31,1
2026-09-13T21:25:06.969955+00:00,1789334706.9699554,F_lat_centralus_rep3,r3-pub,F01,load,16,1,1000,6,0.1,2250265078,22024812,792940551046,60320,1789156079.537691,5904736.262999999,192964.18600000002,79995091,76342410,422543199,7580,20442,16055147,4758929753,11084497.311,773947.807,177/200E2000,177/200F91B8,1,1.0002551078796387,5846599,5845107.8669258095,5.5743292493112655,3783,3782.0351730262905,3779,3778.0361931975553,0.0,0.0,6601068.0155352065,0.0,streaming,177/1FFFFCF8,177/1FFFFCF8,177/1FFFFAE8,926472,926472,1440120,927000,0.022497,0.210268,0.022497,909823.8967548542,True,62073472,reserved,8.3,37.6,0.0,15024391.159428457,0.0,22.99413401522725,5765120.272391449,253210.40403072527,1003.3,1
2026-09-13T21:25:07.970879+00:00,1789334707.97088,F_lat_centralus_rep3,r3-pub,F01,load,16,1,1000,6,0.1,2250288048,22024812,792946428431,60320,1789156079.537691,5904768.631,192964.18600000002,79998881,76342410,422546986,7580,20442,16055147,4758971932,11084497.311,773956.755,177/20652000,177/20696CC0,1,1.0009245872497559,5877385,5871955.8644765755,5.599933495022369,3790,3786.499051255996,3787,3783.5018224555297,0.0,0.0,5696365.21335378,0.0,streaming,177/2064FFE8,177/2064FFE8,177/2064FFE8,8216,8216,310472,8216,0.020507,0.208368,0.020507,-917935.2887359338,True,67775104,reserved,6.9,37.6,0.0,14085408.810606115,0.0,21.979677870087578,6676632.870376749,295062.18926192337,1003.3,1
2026-09-13T21:25:08.971772+00:00,1789334708.971773,F_lat_centralus_rep3,r3-pub,F01,load,16,1,1000,6,0.1,2250311009,22024812,792952306575,60320,1789156079.537691,5904794.448,192964.18600000002,80002670,76342410,422550773,7580,20442,16055147,4759014056,11084497.311,773967.034,177/20B9A000,177/20C37C58,1,1.0008928775787354,5878144,5872900.21907224,5.600834101745835,3789,3785.6199048653316,3787,3783.6216890274504,0.0,0.0,5532851.840645024,0.0,streaming,177/20B97B70,177/20B97B70,177/20B96880,9360,9360,334192,14208,0.022928,0.208856,0.022928,5986.654650291123,True,73312896,reserved,1.2,37.6,0.0,5594237.0311847245,0.0,13.987510865166175,5577788.717515208,246610.80673998804,1003.29,1
2026-09-13T21:25:09.972808+00:00,1789334709.9728084,F_lat_centralus_rep3,r3-pub,F01,load,16,1,1000,6,0.1,2250334037,22024812,792958199129,60320,1789156079.537691,5904828.824999999,192964.18600000002,80006470,76342410,422554570,7580,20442,16055147,4759056366,11084497.311,773977.344,177/21114000,177/211E17E0,1,1.001035451889038,5892554,5886458.855058785,5.6137646246517034,3800,3796.0693528177053,3797,3793.0724559602177,0.0,0.0,5736651.97287793,0.0,streaming,177/21111C48,177/21111C48,177/21110AD8,9144,9144,1121688,13608,0.023104,0.023104,0.023104,-599.3793714975325,True,79055488,reserved,11.8,37.6,0.0,14251611.142320847,0.0,30.967934194039174,5798575.853678578,259959.82410905228,1003.29,1
2026-09-13T21:25:10.973307+00:00,1789334710.9733074,F_lat_centralus_rep3,r3-pub,F01,load,16,1,1000,6,0.1,2250357600,22024813,792964223568,60320,1789156079.537691,5904862.941,192964.18600000002,80010359,76342410,422558456,7580,20442,16055147,4759099376,11084497.311,773985.563,177/2175E000,177/217A2F80,1,1.0004990100860596,6024439,6021434.243579909,5.742487186031255,3889,3887.0603176963477,3886,3884.0618139799453,0.0,0.0,6591270.889346265,0.0,streaming,177/2175BFE8,177/2175BFE8,177/2175B490,8216,8216,512208,11120,0.021011,0.021011,0.021011,-2486.759082136414,True,85650048,reserved,3.7,37.6,0.0,14983882.891308902,0.0,21.989027253617806,6655905.6359557975,302828.88533186924,1003.28,1
2026-09-13T21:25:11.974016+00:00,1789334711.9739947,F_lat_centralus_rep3,r3-pub,F01,load,16,1,1000,6,0.1,2250381166,22024813,792970246184,60320,1789156079.537691,5904891.137,192964.18600000002,80014247,76342410,422562341,7580,20442,16055147,4759142885,11084497.311,773994.536,177/21C84000,177/21D74018,1,1.0006873607635498,6022616,6018479.133587329,5.7396689735291755,3888,3885.3293770327605,3885,3882.33143769863,0.0,0.0,5394819.812534443,0.0,streaming,177/21C7FCD8,177/21C7FCD8,177/21C7FCD8,17192,17192,1096568,17192,0.022624,0.022624,0.022624,6067.829212279557,True,91048576,reserved,2.9,37.6,0.0,5411192.558551239,0.0,9.993131113767388,5448222.105893305,258647.2160520844,1003.28,1
2026-09-13T21:25:12.975146+00:00,1789334712.9751172,F_lat_centralus_rep3,r3-pub,F01,load,16,1,1000,6,0.1,2250405624,22025800,792982938304,60320,1789156079.537691,5904957.378,192964.18600000002,80018280,76342410,422566371,7580,20442,16055147,4759187603,11084497.311,774003.125,177/22995BB0,177/22A060C8,1,1.0011224746704102,12692120,12677889.390285144,12.090577497754234,4033,4028.4781353327876,4030,4025.481498981189,0.0,0.0,13688746.728527568,0.0,streaming,177/229939C0,177/229939C0,177/229939C0,8688,8688,596776,8688,0.015957,0.015957,0.015957,-8494.465177999014,True,104752688,reserved,1.6,37.6,32731.25998973092,22236799.755523443,1.9977575677326,45.9484240578498,6941955.83041725,319948.86550264683,1003.27,1
2026-09-13T21:25:13.976318+00:00,1789334713.9763181,F_lat_centralus_rep3,r3-pub,F01,load,16,1,1000,6,0.1,2250429842,22025924,792989887845,60320,1789156079.537691,5904991.8209999995,192964.18600000002,80022269,76342410,422570357,7580,20442,16055147,4759232231,11084497.311,774012.162,177/22FC8000,177/2301CE50,1,1.0012009143829346,6949541,6941205.206832215,6.619649130661216,3989,3984.2152985432713,3986,3981.2188969650238,0.0,0.0,6489566.586147684,0.0,streaming,177/22FC3C60,177/22FC3C60,177/22FC3B98,17312,17312,758680,17512,0.014913,0.014913,0.014913,8813.415842152375,True,111250048,reserved,5.0,37.6,0.0,15038835.645970166,0.0,30.96281630855889,6115017.3876672555,282213.0862456752,1003.26,1
2026-09-13T21:25:14.977382+00:00,1789334714.977383,F_lat_centralus_rep3,r3-pub,F01,load,16,1,1000,6,0.1,2250451527,22025936,792995504262,60320,1789156079.537691,5905022.521,192964.18600000002,80025850,76342410,422573935,7580,20442,16055147,4759272306,11084497.311,774019.086,177/2351A000,177/23570768,1,1.0010647773742676,5616417,5610443.127098651,5.350535513971949,3581,3577.1910878662084,3578,3574.1942788006963,0.0,0.0,5572818.189281147,0.0,streaming,177/23517F30,177/23517F30,177/23517430,8400,8400,1185544,11216,0.021644,0.021644,0.021644,-6289.303292154607,True,116828800,reserved,3.7,37.6,0.0,13964778.6196891,0.0,19.97872710341362,5600073.168795624,235633.10320308091,1003.26,1
2026-09-13T21:25:15.977681+00:00,1789334715.9776814,F_lat_centralus_rep3,r3-pub,F01,load,16,1,1000,6,0.1,2250472996,22025936,793000987004,60320,1789156079.537691,5905047.802999999,192964.18600000002,80029400,76342410,422577482,7580,20442,16055147,4759312173,11084497.311,774027.479,177/23A36000,177/23A9FE20,3,1.0002985000610352,5482742,5481105.889557427,5.22718991237395,3550,3548.9406410020506,3547,3545.941536235007,0.0,0.0,5355969.242854105,0.0,streaming,177/23A35C58,177/23A35C58,177/23A35C58,936,936,369576,936,0.021644,0.223641,0.021644,-10276.932335070727,True,122186368,reserved,3.7,37.6,0.0,5458338.685569207,0.0,13.99582224620527,5435218.586920065,229833.39471764886,1003.26,1
2026-09-13T21:25:16.978852+00:00,1789334716.9788523,F_lat_centralus_rep3,r3-pub,F01,load,16,1,1000,6,0.1,2250493312,22025936,793006177019,60320,1789156079.537691,5905076.253,192964.18600000002,80032756,76342410,422580835,7580,20442,16055147,4759349650,11084497.311,774035.299,177/23F40000,177/23F9E880,2,1.0011708736419678,5190015,5183945.255139354,4.943795447482446,3356,3352.0751435685,3353,3349.078652081401,0.0,0.0,5277660.526398387,0.0,streaming,177/23F3BBB8,177/23F3BBB8,177/23F3BBB8,17480,17480,452344,17480,0.020870,0.020870,0.020870,16524.65172085735,True,127470208,reserved,1.6,37.6,0.0,8607905.230652872,0.0,39.95321982799166,5327244.469865915,234401.54540884428,1003.25,1
2026-09-13T21:25:17.982370+00:00,1789334717.9813716,F_lat_centralus_rep3,r3-pub,F01,load,16,1,1000,6,0.1,2250513704,22025938,793011403400,60320,1789156079.537691,5905105.109999999,192964.18600000002,80036123,76342410,422584199,7580,20442,16055147,4759387079,11084497.311,774042.414,177/24418000,177/244A5848,1,1.0025193691253662,5226381,5213246.9067003485,4.971739680004452,3367,3358.538601540927,3364,3355.5461406544932,0.0,0.0,5066276.180210998,0.0,streaming,177/24413B60,177/24413B60,177/24413B60,17568,17568,374496,17568,0.001785,0.174464,0.001785,87.77885266872634,True,132549248,reserved,2.3,37.6,0.0,8036584.876189543,0.0,113.7135136844864,5108557.657562384,223255.536893284,1003.25,1
2026-09-13T21:25:18.982669+00:00,1789334718.9826696,F_lat_centralus_rep3,r3-pub,F01,load,16,1,1000,6,0.1,2250534359,22025938,793016684629,60320,1789156079.537691,5905134.1219999995,192964.18600000002,80039534,76342410,422587607,7580,20442,16055147,4759425173,11084497.311,774049.443,177/24936000,177/249AF9E8,1,1.001297950744629,5281229,5274383.11051425,5.030043707384348,3411,3406.5784289914536,3408,3403.5823177962106,0.0,0.0,5358804.535662616,0.0,streaming,177/24933FB8,177/24933FB8,177/249339E8,8264,8264,594432,9752,0.021215,0.021215,0.021215,-7805.868367340136,True,137915008,reserved,3.7,37.6,0.0,14170151.840866642,0.0,32.957223147674576,5422907.333388574,239736.83339857534,1003.24,1
2026-09-13T21:25:19.983421+00:00,1789334719.983421,F_lat_centralus_rep3,r3-pub,F01,load,16,1,1000,6,0.1,2250555090,22025938,793021978302,60320,1789156079.537691,5905161.876,192964.18600000002,80042957,76342410,422591027,7580,20442,16055147,4759463479,11084497.311,774055.886,177/24E52000,177/24ED6B50,1,1.0007514953613281,5293673,5289697.8166279765,5.044648949268319,3423,3420.4295630496185,3420,3417.431815842739,0.0,0.0,5353544.835889167,0.0,streaming,177/24E4FEB8,177/24E4FEB8,177/24E4F8E8,8520,8520,796072,10008,0.021226,0.021226,0.021226,255.8077616537255,True,143272576,reserved,6.6,37.6,0.0,5353544.835889167,0.0,10.991739758558518,5420968.167568165,254158.00144087276,1003.24,1
2026-09-13T21:25:20.984066+00:00,1789334720.9840662,F_lat_centralus_rep3,r3-pub,F01,load,16,1,1000,6,0.1,2250577093,22025941,793027622446,60320,1789156079.537691,5905194.3549999995,192964.18600000002,80046585,76342410,422594652,7580,20442,16055147,4759503905,11084497.311,774064.147,177/25410000,177/2543AA80,1,1.0006451606750488,5644144,5640504.968007225,5.379204719550347,3628,3625.660866188072,3625,3622.6628004222052,0.0,0.0,6017237.914725007,0.0,streaming,177/2540DD20,177/2540DD20,177/2540DD20,8928,8928,609624,8928,0.020771,0.020771,0.020771,-1079.3036757119949,True,149293696,reserved,4.8,37.6,0.0,14412717.481460374,0.0,21.985815616355453,6048736.593016457,281244.5520749295,1003.23,1
2026-09-13T21:25:21.984819+00:00,1789334721.9848194,F_lat_centralus_rep3,r3-pub,F01,load,16,1,1000,6,0.1,2250599220,22025942,793033270964,60320,1789156079.537691,5905221.878,192964.18600000002,80050233,76342410,422598297,7580,20442,16055147,4759545012,11084497.311,774071.621,177/2592C000,177/259B9478,1,1.0007531642913818,5648518,5644266.9396899985,5.382792415323256,3648,3645.2545244591793,3645,3642.256782251565,0.0,0.0,5353535.907921523,0.0,streaming,177/25919FF8,177/25919FF8,177/25918550,73736,73736,807832,80560,0.021466,0.021466,0.021466,71578.08993861292,True,154651264,reserved,4.4,37.6,0.0,13858618.183656175,0.0,25.980432465991957,5347408.522849159,236619.78642622937,1003.23,1
2026-09-13T21:25:22.985219+00:00,1789334722.9852,F_lat_centralus_rep3,r3-pub,F01,load,16,1,1000,6,0.1,2250622889,22025942,793039304507,60320,1789156079.537691,5905255.016,192964.18600000002,80054130,76342410,422602191,7580,20442,16055147,4759588142,11084497.311,774080.263,177/25F50000,177/25F7F858,1,1.000380516052246,6033543,6031248.0133158555,5.751846326175552,3897,3895.51769298601,3894,3892.518834099955,0.0,0.0,6436462.822576324,0.0,streaming,177/25F39F28,177/25F39F28,177/25F399A0,90328,90328,1077648,91744,0.021495,0.021495,0.021495,11179.745927214663,True,161090176,reserved,7.1,37.6,0.0,6444651.706574514,0.0,12.995055172906886,6499089.991933078,288028.4005700803,1003.22,1
2026-09-13T21:25:23.985462+00:00,1789334723.9854522,F_lat_centralus_rep3,r3-pub,F01,load,16,1,1000,6,0.1,2250646720,22025943,793045401187,60320,1789156079.537691,5905290.823,192964.18600000002,80058065,76342410,422606123,7580,20442,16055147,4759632107,11084497.311,774088.267,177/26522000,177/2656C7B0,1,1.0002522468566895,6096680,6095142.519458393,5.812780875643151,3935,3934.007658933842,3932,3931.0084154835745,0.0,0.0,6101500.915572959,0.0,streaming,177/2651DC18,177/2651DC18,177/2651D648,17384,17384,993656,18872,0.022260,0.022260,0.022260,-72853.62290262437,True,167193216,reserved,6.6,37.6,0.0,14533038.08682445,0.0,24.99369541889353,6221070.754456946,278977.62877005606,1003.22,1
2026-09-13T21:25:24.985838+00:00,1789334724.9858387,F_lat_centralus_rep3,r3-pub,F01,load,16,1,1000,6,0.1,2250671991,22025944,793051869676,60320,1789156079.537691,5905322.658,192964.18600000002,80062239,76342410,422610294,7580,20442,16055147,4759678437,11084497.311,774096.393,177/26B82000,177/26B9B0F8,1,1.0003864765167236,6468489,6465990.046689586,6.166448637666307,4174,4172.387470224086,4171,4169.388629205718,0.0,0.0,6682089.529314275,0.0,streaming,177/26B7FDF8,177/26A6DE50,177/26A6D880,8712,1130928,2534720,1132416,0.022037,0.022037,0.022037,1113113.8076529014,True,173877888,reserved,2.7,37.6,0.0,15075645.616994584,0.0,20.99188712858309,6771018.160486663,303050.87795229896,1003.21,1
2026-09-13T21:25:25.986613+00:00,1789334725.9866135,F_lat_centralus_rep3,r3-pub,F01,load,16,1,1000,6,0.1,2250697350,22025944,793058351073,60320,1789156079.537691,5905354.909,192964.18600000002,80066427,76342410,422614479,7580,20442,16055147,4759724929,11084497.311,774104.578,177/2710E000,177/271DC458,1,1.00077486038208,6481397,6476378.710717718,6.1763560397317105,4188,4184.757397284228,4185,4181.759720065543,0.0,0.0,5811816.653527268,0.0,streaming,177/2710BFC0,177/2710BFC0,177/2710B930,8256,8256,1144072,9936,0.022635,0.022635,0.022635,-1121610.908143171,True,179694208,reserved,2.7,37.6,0.0,14206208.172107851,0.0,20.98374053079484,5881595.584598077,263080.1496147518,1003.21,1
2026-09-13T21:25:26.987075+00:00,1789334726.987075,F_lat_centralus_rep3,r3-pub,F01,load,16,1,1000,6,0.1,2250723548,22025944,793065042736,60320,1789156079.537691,5905391.668,192964.18600000002,80070753,76342410,422618802,7580,20442,16055147,4759772769,11084497.311,774113.246,177/2780D528,177/2783FF00,1,1.0004615783691406,6691663,6688575.69813738,6.378722856652622,4326,4324.004133224029,4323,4321.005517320267,0.0,0.0,7333870.843856405,0.0,streaming,177/2780BCE0,177/2780BCE0,177/2780B710,6216,6216,246936,7704,0.020766,0.177925,0.020766,-2230.9702323985284,True,187031464,reserved,7.1,37.6,0.0,7353022.004095094,0.0,14.993079518807313,7423975.2536098985,332295.6195298648,1003.2,1
2026-09-13T21:25:27.987620+00:00,1789334727.9876206,F_lat_centralus_rep3,r3-pub,F01,load,16,1,1000,6,0.1,2250749718,22025944,793071724219,60320,1789156079.537691,5905423.878,192964.18600000002,80075071,76342410,422623117,7580,20442,16055147,4759820683,11084497.311,774122.139,177/27E26000,177/27EA74F8,1,1.0005455017089844,6681483,6677840.226743987,6.368484713310229,4318,4315.645807836454,4315,4312.647443449351,0.0,0.0,6389050.7618906,0.0,streaming,177/27E23FD8,177/27E23FD8,177/27E23A40,8232,8232,1492584,9664,0.021241,0.021241,0.021241,1958.9313995737493,True,2427904,reserved,3.1,37.6,0.0,14843998.573410043,0.0,29.983643871026775,6456876.76269125,298326.26251396374,1003.19,1
2026-09-13T21:25:28.988715+00:00,1789334728.988185,F_lat_centralus_rep3,r3-pub,F01,load,16,1,1000,6,0.1,2250775979,22025944,793078430044,60320,1789156079.537691,5905462.865999999,192964.18600000002,80079402,76342410,422627444,7580,20442,16055147,4759868942,11084497.311,774130.934,177/2850FB38,177/2850FB38,1,1.0005643367767334,6705825,6702042.790773925,6.391566077016759,4331,4328.557235961552,4327,4324.559492035472,0.0,0.0,7244607.601497472,0.0,streaming,177/28480DF0,177/2840BB58,177/2840BB58,585032,1064928,1498744,1064928,0.021155,0.021155,0.021155,1054668.8116023391,True,9676600,reserved,5.6,37.6,0.0,15826204.690656953,0.0,29.983079445589134,7075066.279900426,313733.948394811,1003.19,1
2026-09-13T21:25:29.989581+00:00,1789334729.9895813,F_lat_centralus_rep3,r3-pub,F01,load,16,1,1000,6,0.1,2250802196,22025945,793085126107,60320,1789156079.537691,5905498.097999999,192964.18600000002,80083719,76342410,422631759,7580,20442,16055147,4759916339,11084497.311,774140.29,177/28B26000,177/28B73008,1,1.0013964176177979,6696063,6686725.538652447,6.376958407070586,4317,4310.980071478212,4315,4308.982860418922,0.0,0.0,6373891.385774974,0.0,streaming,177/28B23CF8,177/28B23CF8,177/28B23728,8968,8968,706384,10456,0.021155,0.021155,0.021155,-1053001.570056005,True,16059392,reserved,10.6,37.7,0.0,6397210.822103248,0.0,12.981871885387251,6680417.347521679,295318.6118874967,1003.18,1
2026-09-13T21:25:30.990321+00:00,1789334730.9903219,F_lat_centralus_rep3,r3-pub,F01,load,16,1,1000,6,0.1,2250827984,22025945,793091710479,60320,1789156079.537691,5905533.098999999,192964.18600000002,80087971,76342410,422636008,7580,20442,16055147,4759963180,11084497.311,774150.277,177/2910F898,177/291BEEB0,1,1.0007405281066895,6584372,6579499.695547492,6.274699874446385,4252,4248.8536044846705,4249,4245.855824425063,0.0,0.0,6194860.531659286,0.0,streaming,177/2910DFD0,177/2910DFD0,177/2910DF90,6344,6344,1119232,6408,0.021155,0.021155,0.021155,-4045.0045604313136,True,22258840,reserved,2.9,37.7,0.0,14591434.632537683,0.0,19.985200397387914,6265900.92425186,283521.0446975635,1003.18,1
2026-09-13T21:25:31.991499+00:00,1789334731.9914997,F_lat_centralus_rep3,r3-pub,F01,load,16,1,1000,6,0.1,2250853696,22025945,793098284232,60320,1789156079.537691,5905566.558999999,192964.18600000002,80092216,76342410,422640250,7580,20442,16055147,4760009988,11084497.311,774159.898,177/29752000,177/297FEA98,1,1.0011777877807617,6573753,6566019.622320589,6.261844274826611,4245,4240.006172539629,4242,4237.009701746314,0.0,0.0,6555966.46280902,0.0,streaming,177/2974BCC8,177/2974BCC8,177/2974B7C0,25400,25400,478192,26688,0.021801,0.175791,0.021801,20256.14256280416,True,28822528,reserved,7.1,37.7,0.0,15022818.308164041,0.0,27.967060737599436,6604589.1955485325,305894.72093548265,1003.17,1
2026-09-13T21:25:32.991657+00:00,1789334732.9916573,F_lat_centralus_rep3,r3-pub,F01,load,16,1,1000,6,0.1,2250878839,22025945,793104703404,60320,1789156079.537691,5905599.825999999,192964.18600000002,80096367,76342410,422644398,7580,20442,16055147,4760055635,11084497.311,774168.172,177/29D74000,177/29E1F8C0,1,1.0001575946807861,6419172,6418160.532039719,6.1208348579785525,4151,4150.345927558395,4148,4147.34640026794,0.0,0.0,6429706.712423108,0.0,streaming,177/29D71C68,177/29D71C68,177/29D71B58,9112,9112,1180856,9384,0.021092,0.021092,0.021092,-17301.273411339545,True,35253248,reserved,1.9,37.7,0.0,14833374.339106048,0.0,20.99669103317906,6522954.017143886,276877.36559995136,1003.17,1
2026-09-13T21:25:33.992242+00:00,1789334733.9922423,F_lat_centralus_rep3,r3-pub,F01,load,16,1,1000,6,0.1,2250903879,22025945,793111108817,60320,1789156079.537691,5905636.733,192964.18600000002,80100502,76342410,422648530,7580,20442,16055147,4760101317,11084497.311,774176.511,177/2A420000,177/2A4385B8,1,1.0005850791931152,6405413,6401667.517534249,6.105105893644571,4135,4132.582112192316,4132,4129.583866403543,0.0,0.0,6991877.198130557,0.0,streaming,177/2A41BC20,177/2A41BC20,177/2A41BC20,17376,17376,1247408,17376,0.021131,0.193479,0.021131,7987.326781291654,True,42249216,reserved,4.5,37.7,0.0,7036906.852216878,0.0,18.98888999556324,7068119.59029327,320650.3941261326,1003.16,1
2026-09-13T21:25:34.992583+00:00,1789334734.992584,F_lat_centralus_rep3,r3-pub,F01,load,16,1,1000,6,0.1,2250928410,22025945,793117375931,60320,1789156079.537691,5905664.637,192964.18600000002,80104552,76342410,422652577,7580,20442,16055147,4760146245,11084497.311,774184.629,177/2A948000,177/2AA37E20,1,1.0003416538238525,6267114,6264973.547831048,5.974744365531014,4050,4048.616774597645,4047,4045.6177992090543,0.0,0.0,5404873.4043339705,0.0,streaming,177/2A945F88,177/2A945F88,177/2A945538,8312,8312,480280,10952,0.024700,0.196790,0.024700,-6421.805965435869,True,47655936,reserved,2.3,37.7,0.0,13790616.383179404,0.0,16.994193868681474,5470634.936654991,257480.03096285588,1003.16,1
2026-09-13T21:25:35.993036+00:00,1789334735.9930367,F_lat_centralus_rep3,r3-pub,F01,load,16,1,1000,6,0.1,2250952980,22025946,793123654839,60320,1789156079.537691,5905695.174,192964.18600000002,80108605,76342410,422656627,7580,20442,16055147,4760191588,11084497.311,774193.024,177/2AF770C0,177/2B0382E0,3,1.0004527568817139,6278908,6276066.467716647,5.985323398319862,4053,4051.1658068020065,4050,4048.1671644579637,0.0,0.0,6481225.580516481,0.0,streaming,177/2AF75C30,177/2AF75C30,177/2AF75728,5264,5264,706744,6552,0.021575,0.194700,0.021575,-4398.008771262973,True,54140096,reserved,5.6,37.6,0.0,15017328.80104037,0.0,30.98597088844367,6548389.1717383545,309983.6527679905,1003.15,1
2026-09-13T21:25:36.993899+00:00,1789334736.9933836,F_lat_centralus_rep3,r3-pub,F01,load,16,1,1000,6,0.1,2250977225,22025946,793129842514,60320,1789156079.537691,5905733.2639999995,192964.18600000002,80112604,76342410,422660623,7580,20442,16055147,4760236292,11084497.311,774202.037,177/2B61E000,177/2B627640,3,1.0003468990325928,6187675,6185529.245888527,5.898980375183608,3999,3997.6132318371956,3996,3994.614272173402,0.0,0.0,6972877.115674185,0.0,streaming,177/2B61BB68,177/2B513F20,177/2B513DF0,9368,1089760,1504880,1090064,0.021110,0.021110,0.021110,1083136.2610788655,True,61115392,reserved,9.2,37.6,0.0,15395619.274567487,0.0,22.992024089086147,7059345.120007131,306094.8160044464,1003.15,1
2026-09-13T21:25:37.994703+00:00,1789334737.9941955,F_lat_centralus_rep3,r3-pub,F01,load,16,1,1000,6,0.1,2251001541,22025946,793136044631,60320,1789156079.537691,5905770.623,192964.18600000002,80116608,76342410,422664624,7580,20442,16055147,4760280982,11084497.311,774210.9,177/2BB38000,177/2BC23D70,2,1.0008118152618408,6202117,6197086.110916217,5.9100018605386895,4004,4000.7521283633523,4001,3997.75456183361,0.0,0.0,5345036.817536423,0.0,streaming,177/2BB36000,177/2BB36000,177/2BB33350,8192,8192,675616,19632,0.021399,0.021399,0.021399,-1069563.7118552048,True,66464768,reserved,6.9,37.7,0.0,5361407.527544191,0.0,9.991888432475905,5390521.892058739,249652.32842962674,1003.14,1
2026-09-13T21:25:38.999017+00:00,1789334738.9990175,F_lat_centralus_rep3,r3-pub,F01,load,16,1,1000,6,0.1,2251025915,22025947,793142269761,60320,1789156079.537691,5905809.052,192964.18600000002,80120630,76342410,422668643,7580,20442,16055147,4760325295,11084497.311,774219.553,177/2C203FA0,177/2C21C360,1,1.004822015762329,6225130,6195256.376102762,5.9082568894412635,4022,4002.698922702869,4019,3999.713319329396,0.0,0.0,7092742.682984504,0.0,streaming,177/2C201FF8,177/2C0FFFF8,177/2C0FE9D8,8104,1064872,2651864,1070536,0.021569,0.021569,0.021569,1045860.8425321074,True,73591712,reserved,2.1,37.7,0.0,15587938.71381974,0.0,27.865631485748466,7181771.385179222,321603.22418377,1003.13,1
2026-09-13T21:25:39.999483+00:00,1789334739.999483,F_lat_centralus_rep3,r3-pub,F01,load,16,1,1000,6,0.1,2251050294,22025947,793148496186,60320,1789156079.537691,5905834.165999999,192964.18600000002,80124659,76342410,422672669,7580,20442,16055147,4760370165,11084497.311,774228.654,177/2C724000,177/2C815948,1,1.0004656314849854,6226425,6223527.129820695,5.9352179811675025,4029,4027.1248438787234,4026,4024.126240123043,0.0,0.0,5371546.838668842,0.0,streaming,177/2C721FE0,177/2C721FE0,177/2C721AD8,8224,8224,825888,9512,0.021987,0.021987,0.021987,-1060530.183755666,True,78965760,reserved,4.1,37.6,0.0,13829848.387158366,0.0,26.987433801123238,5430311.476003495,256335.64205433556,1003.13,1
2026-09-13T21:25:40.999849+00:00,1789334740.99985,F_lat_centralus_rep3,r3-pub,F01,load,16,1,1000,6,0.1,2251074854,22025947,793154774585,60320,1789156079.537691,5905866.262,192964.18600000002,80128716,76342410,422676723,7580,20442,16055147,4760415207,11084497.311,774238.282,177/2CD52000,177/2CE13718,1,1.0003669261932373,6278399,6276096.135936449,5.9853516921391,4057,4055.5119264472,4054,4052.5130268220237,0.0,0.0,6477495.237330853,0.0,streaming,177/2CD4FFE8,177/2CD4FFE8,177/2CD4EF80,8216,8216,1130328,12416,0.021974,0.021974,0.021974,2902.9348371709807,True,85445632,reserved,4.4,37.7,0.0,12111523.96461736,0.0,57.97872608674824,6559157.27339083,292609.63386094285,1003.12,1
2026-09-13T21:25:42.000497+00:00,1789334742.0004652,F_lat_centralus_rep3,r3-pub,F01,load,16,1,1000,6,0.1,2251099409,22025948,793161052738,60320,1789156079.537691,5905897.779999999,192964.18600000002,80132769,76342410,422680773,7580,20442,16055147,4760460241,11084497.311,774246.586,177/2D324000,177/2D4181D0,1,1.000615119934082,6278153,6274293.556960831,5.98363261886676,4053,4050.5084515083095,4050,4047.510295733692,0.0,0.0,6099288.20624063,0.0,streaming,177/2D321C40,177/2D321C40,177/2D321C40,9152,9152,1247200,9152,0.022272,0.193577,0.022272,-3261.993482783894,True,91548672,reserved,6.4,37.7,0.0,6115662.134311074,0.0,12.992008356676049,6166756.705022107,266104.31393195526,1003.12,1
2026-09-13T21:25:43.000664+00:00,1789334743.0006642,F_lat_centralus_rep3,r3-pub,F01,load,16,1,1000,6,0.1,2251124067,22025949,793167349471,60320,1789156079.537691,5905930.751,192964.18600000002,80136842,76342410,422684843,7580,20442,16055147,4760505654,11084497.311,774256.305,177/2D95C000,177/2DA1CBB8,1,1.0001990795135498,6296733,6295479.698963967,6.003837298358886,4073,4072.1893105329764,4070,4069.189907652643,0.0,0.0,6519534.09432393,0.0,streaming,177/2D959CC8,177/2D959CC8,177/2D959CC8,9016,9016,371992,9016,0.015172,0.024668,0.015172,-135.97293057512516,True,1578408,reserved,5.6,37.7,0.0,15197230.542736247,0.0,49.99004800556072,6602495.578392039,285145.2334256386,1003.11,1
2026-09-13T21:25:44.001168+00:00,1789334744.001168,F_lat_centralus_rep3,r3-pub,F01,load,16,1,1000,6,0.1,2251148808,22025949,793173661613,60320,1789156079.537691,5905961.910999999,192964.18600000002,80140920,76342410,422688918,7580,20442,16055147,4760551053,11084497.311,774265.394,177/2DF94000,177/2E025E00,1,1.0005037784576416,6312142,6308963.680007969,6.016696624763459,4078,4075.946625895377,4075,4072.948136469755,0.0,0.0,6517548.59941898,0.0,streaming,177/2DF91FE8,177/2DF91FE8,177/2DF91480,8216,8216,717608,11136,0.021839,0.021839,0.021839,2118.93252743948,True,8099240,reserved,8.3,37.7,0.0,15061596.29225027,0.0,30.98439073142636,6590656.769098018,284628.61023773375,1003.11,1
2026-09-13T21:25:45.001774+00:00,1789334745.0017521,F_lat_centralus_rep3,r3-pub,F01,load,16,1,1000,6,0.1,2251173597,22025949,793179983682,60320,1789156079.537691,5905995.629,192964.18600000002,80145007,76342410,422693002,7580,20442,16055147,4760596683,11084497.311,774274.867,177/2E53E000,177/2E631F30,1,1.0005841255187988,6322069,6318378.274012725,6.025675081265187,4087,4084.6140726856993,4084,4081.6158240392456,0.0,0.0,5935732.787006339,0.0,streaming,177/2E53BFC8,177/2E53BFC8,177/2E53BA68,8248,8248,477800,9624,0.021829,0.021829,0.021829,-1511.1173178127667,True,14038440,reserved,4.1,37.7,0.0,5952107.2222808385,0.0,13.991827016784876,6003930.950718579,262460.6900132817,1003.1,1
2026-09-13T21:25:46.002008+00:00,1789334746.0020087,F_lat_centralus_rep3,r3-pub,F01,load,16,1,1000,6,0.1,2251198398,22025949,793186308350,60320,1789156079.537691,5906028.881999999,192964.18600000002,80149091,76342410,422697083,7580,20442,16055147,4760642007,11084497.311,774284.242,177/2EB7D4B8,177/2EC3F1F0,1,1.0002565383911133,6324668,6323045.89597891,6.0301264724530315,4084,4082.9525659177475,4081,4079.953335335536,0.0,0.0,6549031.92188741,0.0,streaming,177/2EB7BC58,177/2EB7BC58,177/2EB7BC58,6240,6240,848192,6240,0.023131,0.023131,0.023131,-3383.1320967349798,True,20589152,reserved,6.5,37.7,0.0,14938375.733123578,0.0,19.994870548079078,6623907.713372328,301917.5465583571,1003.1,1
2026-09-13T21:25:47.002487+00:00,1789334747.0024872,F_lat_centralus_rep3,r3-pub,F01,load,16,1,1000,6,0.1,2251223202,22025949,793192636380,60320,1789156079.537691,5906065.731,192964.18600000002,80153179,76342410,422701168,7580,20442,16055147,4760687735,11084497.311,774294.754,177/2F21A000,177/2F24C620,1,1.0004785060882568,6328030,6325003.447342201,6.031993338911248,4088,4086.044802685025,4085,4083.046237516714,0.0,0.0,6930003.950917842,0.0,streaming,177/2F217C20,177/2F217C20,177/2F217C20,9184,9184,1182152,9184,0.021857,0.021857,0.021857,2942.591951835791,True,27522472,reserved,5.8,37.7,0.0,15397688.112493092,0.0,22.988999623717117,7004781.169563457,310978.19504035806,1003.09,1
2026-09-13T21:25:48.002989+00:00,1789334748.0029895,F_lat_centralus_rep3,r3-pub,F01,load,16,1,1000,6,0.1,2251247959,22025950,793198983901,60320,1789156079.537691,5906101.244,192964.18600000002,80157265,76342410,422705251,7580,20442,16055147,4760733157,11084497.311,774305.31,177/2F76A000,177/2F85F250,1,1.000502347946167,6347521,6344333.936877012,6.0504283303041575,4086,4083.9484368904764,4083,4080.9499431776344,0.0,0.0,5567763.045669263,0.0,streaming,177/2F767D78,177/2F767D78,177/2F767798,8840,8840,611952,10344,0.021857,0.231460,0.021857,1159.4175689654803,True,33093032,reserved,9.7,37.7,0.0,13960347.048332492,0.0,16.99146437276997,5602893.398008917,251795.5110421739,1003.09,1
2026-09-13T21:25:49.003931+00:00,1789334749.003932,F_lat_centralus_rep3,r3-pub,F01,load,16,1,1000,6,0.1,2251272725,22025950,793205313730,60320,1789156079.537691,5906133.865999999,192964.18600000002,80161354,76342410,422709337,7580,20442,16055147,4760778532,11084497.311,774314.734,177/2FDAA000,177/2FE6CBE8,1,1.0009424686431885,6329829,6323868.951809286,6.03091139965943,4089,4085.1498743407087,4086,4082.152699084406,0.0,0.0,6547429.253235331,0.0,streaming,177/2FDA7E58,177/2FDA7E58,177/2FDA7318,8616,8616,1299800,11496,0.021430,0.021430,0.021430,1150.915298420273,True,39646632,reserved,7.5,37.7,0.0,6580166.399501507,0.0,12.987759443978774,6623115.920924326,290204.49136677437,1003.08,1
2026-09-13T21:25:50.004489+00:00,1789334750.0044897,F_lat_centralus_rep3,r3-pub,F01,load,16,1,1000,6,0.1,2251297526,22025950,793211650103,60320,1789156079.537691,5906172.774999999,192964.18600000002,80165446,76342410,422713426,7580,20442,16055147,4760823888,11084497.311,774322.924,177/30418000,177/3047A338,1,1.0005576610565186,6336373,6332841.420962421,6.039468213045522,4092,4089.719322801582,4089,4086.720994852314,0.0,0.0,6738258.335737398,0.0,streaming,177/30415FE0,177/30415FE0,177/30415A10,8224,8224,954152,9712,0.021442,0.195882,0.021442,-1783.005687164717,True,46388648,reserved,5.0,37.7,0.0,15171315.548142646,0.0,24.986066243900183,6809189.780033232,301200.03247166844,1003.08,1
2026-09-13T21:25:51.004802+00:00,1789334751.0048022,F_lat_centralus_rep3,r3-pub,F01,load,16,1,1000,6,0.1,2251322300,22025950,793217976877,60320,1789156079.537691,5906204.522,192964.18600000002,80169530,76342410,422717507,7580,20442,16055147,4760868878,11084497.311,774332.044,177/30A53FE0,177/30A851E0,1,1.0003125667572021,6326774,6324797.078687153,6.0317965304252175,4084,4082.7238762374527,4081,4079.724813644722,0.0,0.0,6535141.332065978,0.0,streaming,177/30A51FD0,177/30A51FD0,177/30A51538,8208,8208,1267496,10920,0.019838,0.019838,0.019838,1207.6225373395796,True,52925832,reserved,2.9,37.7,0.0,14929349.581614137,0.0,19.99375061820496,6609093.217165064,308293.6376574114,1003.07,1
2026-09-13T21:25:52.005777+00:00,1789334752.0057313,F_lat_centralus_rep3,r3-pub,F01,load,16,1,1000,6,0.1,2251347105,22025950,793224312779,60320,1789156079.537691,5906238.522,192964.18600000002,80173620,76342410,422721594,7580,20442,16055147,4760914581,11084497.311,774340.847,177/31090000,177/31091120,1,1.0009291172027588,6335902,6330020.668902704,6.036778134253219,4090,4086.203438091697,4087,4083.206222855933,0.0,0.0,6531179.768522755,0.0,streaming,177/30FFFFD8,177/30F83DB8,177/30F83210,589864,1098312,1622088,1101296,0.015519,0.015519,0.015519,1089363.8533038318,True,59463080,reserved,4.3,37.7,0.0,15079749.145655485,0.0,29.97215235764081,6015506.8890660545,269633.4788963177,1003.06,1
2026-09-13T21:25:53.006222+00:00,1789334753.0061774,F_lat_centralus_rep3,r3-pub,F01,load,16,1,1000,6,0.1,2251371786,22025950,793230608876,60320,1789156079.537691,5906268.475,192964.18600000002,80177686,76342410,422725657,7580,20442,16055147,4760959855,11084497.311,774349.772,177/31636000,177/31697AA0,1,1.000446081161499,6296097,6293289.68202899,6.001748735455504,4066,4064.1870427234326,4063,4061.188380370218,0.0,0.0,5920175.121405566,0.0,streaming,177/31633BF0,177/31633BF0,177/31633BF0,9232,9232,336040,9232,0.022128,0.192866,0.022128,-1091577.0680336258,True,65385896,reserved,1.8,37.7,0.0,5928363.468738077,0.0,11.994649412858138,6567436.390346923,291820.8242277789,1003.06,1
2026-09-13T21:25:54.006455+00:00,1789334754.0062864,F_lat_centralus_rep3,r3-pub,F01,load,16,1,1000,6,0.1,2251396540,22025951,793236929565,60320,1789156079.537691,5906299.062,192964.18600000002,80181759,76342410,422729727,7580,20442,16055147,4761005233,11084497.311,774359.081,177/31C6EEB0,177/31CA0998,1,1.0001089572906494,6320689,6320000.389880615,6.027222051506629,4073,4072.5562653033153,4070,4069.556592139576,0.0,0.0,6523881.17558259,0.0,streaming,177/31C6DC00,177/31C6DC00,177/31C6DC00,4784,4784,690056,4784,0.021824,0.021824,0.021824,-4447.515410770721,True,71910488,reserved,3.9,37.7,0.0,14916006.792312602,0.0,18.99793003701522,6585529.458552704,294045.96154870326,1003.05,1
2026-09-13T21:25:55.006785+00:00,1789334755.0067859,F_lat_centralus_rep3,r3-pub,F01,load,16,1,1000,6,0.1,2251421111,22025952,793243206898,60320,1789156079.537691,5906330.836999999,192964.18600000002,80185811,76342410,422733776,7580,20442,16055147,4761050135,11084497.311,774367.958,177/32213ED8,177/322A53A0,1,1.0004994869232178,6277333,6274199.119586103,5.983542556367972,4052,4049.977089404511,4049,4046.9785871171925,0.0,0.0,5915805.132695914,0.0,streaming,177/32211FC8,177/32211FC8,177/32211A80,7952,7952,429640,9304,0.022859,0.022859,0.022859,4517.743446226157,True,77829248,reserved,1.8,37.7,0.0,14431191.808405254,0.0,23.988018298545967,5974364.882866477,270416.9302795087,1003.05,1
2026-09-13T21:25:56.007317+00:00,1789334756.0073178,F_lat_centralus_rep3,r3-pub,F01,load,16,1,1000,6,0.1,2251445730,22025952,793249503476,60320,1789156079.537691,5906362.816,192964.18600000002,80189872,76342410,422737834,7580,20442,16055147,4761094904,11084497.311,774376.56,177/32847030,177/328A9A18,1,1.0005319118499756,6296578,6293230.556092586,6.001692348568522,4061,4058.841054346026,4058,4055.8426492332364,0.0,0.0,6497240.04103004,0.0,streaming,177/32845D70,177/32845D70,177/32845D70,4800,4800,751040,4800,0.021396,0.021396,0.021396,-4501.6055426679395,True,84329944,reserved,4.3,37.7,0.0,6509177.691252426,0.0,11.99362045115792,6564596.213483743,287590.0274564611,1003.04,1
2026-09-13T21:25:57.007435+00:00,1789334757.0074358,F_lat_centralus_rep3,r3-pub,F01,load,16,1,1000,6,0.1,2251470288,22025952,793255780341,60320,1789156079.537691,5906395.772,192964.18600000002,80193926,76342410,422741885,7580,20442,16055147,4761139992,11084497.311,774385.249,177/32E76000,177/32EA84F0,1,1.0001180171966553,6276865,6276124.309403144,5.985378560450691,4054,4053.5216147424467,4051,4050.521968752257,0.0,0.0,6483154.876236024,0.0,streaming,177/32E73DC8,177/32E73DC8,177/32E73840,8760,8760,1049600,10176,0.021869,0.021869,0.021869,5375.365614419189,True,90813864,reserved,6.7,37.7,0.0,14219633.838676894,0.0,18.997757937865437,6547953.228916094,284321.44518009084,1003.04,1
2026-09-13T21:25:58.007951+00:00,1789334758.007951,F_lat_centralus_rep3,r3-pub,F01,load,16,1,1000,6,0.1,2251494837,22025952,793262044142,60320,1789156079.537691,5906432.942,192964.18600000002,80197976,76342410,422745932,7580,20442,16055147,4761185013,11084497.311,774396.662,177/33416000,177/334A6438,1,1.0005152225494385,6263801,6260575.410376114,5.970549974800218,4050,4047.9144232109643,4047,4044.91596808266,0.0,0.0,5895202.658656751,0.0,streaming,177/33413FD0,177/33413FD0,177/334134F8,8240,8240,1201872,11016,0.021423,0.191466,0.021423,839.5674359252371,True,1373840,reserved,2.5,37.7,0.0,14422777.060033146,0.0,59.96910256608836,5971254.475046021,268710.5542631715,1003.03,1
2026-09-13T21:25:59.008317+00:00,1789334759.0083172,F_lat_centralus_rep3,r3-pub,F01,load,16,1,1000,6,0.1,2251519427,22025952,793268322986,60320,1789156079.537691,5906474.152,192964.18600000002,80202029,76342410,422749982,7580,20442,16055147,4761230100,11084497.311,774405.866,177/33A45BF8,177/33AA8C10,5,1.0003662109375,6278844,6276545.460402684,5.985780201342282,4053,4051.5162904209883,4050,4048.517388651617,0.0,0.0,6484657.247589994,0.0,streaming,177/33A43D68,177/33A43D68,177/33A43D68,7824,7824,1084048,7824,0.023563,0.023563,0.023563,-3190.8314826113483,True,7860872,reserved,3.3,37.7,0.0,14895792.997681513,0.0,27.98974984746797,6553757.942159854,311423.95314215985,1003.03,1
2026-09-13T21:26:00.008618+00:00,1789334760.0086186,F_lat_centralus_rep3,r3-pub,F01,load,16,1,1000,6,0.1,2251543991,22025953,793274598094,60320,1789156079.537691,5906510.887,192964.18600000002,80206076,76342410,422754026,7580,20442,16055147,4761274953,11084497.311,774415.379,177/34076000,177/340B0C88,3,1.0003013610839844,6275108,6273217.496375223,5.982606407523368,4047,4045.780759124867,4044,4042.7816629357453,0.0,0.0,6487141.028147798,0.0,streaming,177/33FFFC78,177/33FFFC78,177/33FFECB8,484232,484232,1396256,488264,0.022177,0.192811,0.022177,480295.25770050683,True,14349968,reserved,3.1,37.7,0.0,6543436.063015067,0.0,15.995179675314523,6063691.639314629,264574.2676119181,1003.02,1
2026-09-13T21:26:01.009489+00:00,1789334761.0094888,F_lat_centralus_rep3,r3-pub,F01,load,16,1,1000,6,0.1,2251568664,22025953,793280896604,60320,1789156079.537691,5906711.6219999995,192964.18600000002,80210134,76342410,422758081,7580,20442,16055147,4761320103,11084497.311,774424.364,177/37D16000,177/37E21A08,4,1.0008702278137207,6298510,6293033.6271050135,6.001504542450918,4058,4054.471685968927,4055,4051.474294382454,0.0,0.0,63514647.78691715,0.0,streaming,177/37D0FBF8,177/37D0FBF8,177/37D0FBF8,25608,25608,1801888,25608,0.016451,0.138417,0.016451,-462253.73394372594,True,77919888,reserved,7.3,37.7,0.0,71908239.44999492,0.0,51.954787498862544,6348310.523612217,297288.2914600779,1003.02,1
2026-09-13T21:26:02.012949+00:00,1789334762.0129497,F_lat_centralus_rep3,r3-pub,F01,load,16,1,1000,6,0.1,2251593234,22025977,793287353166,60320,1789156079.537691,5906752.52,192964.18600000002,80214180,76342410,422762124,7580,20442,16055147,4761366007,11084497.311,774435.84,177/3842A000,177/38502C10,2,1.0034608840942383,6456562,6434293.655430263,6.1362206033995275,4046,4032.0455576622426,4043,4029.055904505301,0.0,0.0,7396354.075823627,0.0,streaming,177/38427F00,177/38427F00,177/38427470,8448,8448,1203968,11152,0.024774,0.196522,0.024774,-14406.142012250464,True,85341840,reserved,9.9,38.0,0.0,15788685.190555073,0.0,25.910327360162707,6246241.482205464,291607.7792749512,1003.01,1
2026-09-13T21:26:03.013599+00:00,1789334763.0135994,F_lat_centralus_rep3,r3-pub,F01,load,16,1,1000,6,0.1,2251657975,22033824,793352534206,60320,1789156079.537691,5906790.897,192964.18600000002,80218239,76342410,422766224,7593,20493,16055151,4761523634,11084509.461,774447.121,177/38B5B478,177/38B71F10,1,1.0006496906280518,65181040,65138719.98410304,62.1211242524176,4059,4056.364617923774,4100,4097.337997902802,12.991559505545471,50.96688729098608,7536983.292591021,0.0,streaming,177/38B59BB8,177/38A4FF88,177/38A4F9B8,6336,1094896,2228976,1096384,0.020397,0.020397,0.020397,1084527.3927170862,True,92883720,reserved,9.7,37.7,32746.724759824152,15939468.276844407,2.9980521935874163,22.985066817503526,7153210.626095746,323330.9349218221,1003.01,1
2026-09-13T21:26:04.014321+00:00,1789334764.014321,F_lat_centralus_rep3,r3-pub,F01,load,16,1,1000,6,0.1,2251681258,22033824,793358486608,60320,1789156079.537691,5906818.384,192964.18600000002,80222080,76342410,422770062,7593,20493,16055151,4761566500,11084509.461,774455.669,177/39000000,177/390CF868,1,1.0007216930389404,5952402,5948109.290929879,5.672559061937217,3841,3838.229976144364,3838,3835.232139662085,0.0,0.0,4865488.610738586,0.0,streaming,177/38FFFFC8,177/38FFFFC8,177/38FFF030,56,56,666744,4048,0.008649,0.008649,0.008649,-1091548.2372355193,True,97752720,reserved,5.4,37.7,0.0,5075377.135651203,0.0,23.98269185823086,4916697.653528874,212801.4226945647,1003.0,1
2026-09-13T21:26:05.014752+00:00,1789334765.014753,F_lat_centralus_rep3,r3-pub,F01,load,16,1,1000,6,0.1,2251698150,22033824,793362799407,60320,1789156079.537691,5906838.168,192964.18600000002,80224868,76342410,422772847,7593,20493,16055151,4761597784,11084509.461,774461.654,177/3945A000,177/394EDEE8,1,1.000432014465332,4312799,4310936.613024044,4.11122952749638,2788,2786.796063788513,2785,2783.7973592722415,0.0,0.0,4560973.59343164,0.0,streaming,177/39459BC0,177/39459BC0,177/394599E8,1088,1088,893112,1560,0.008649,0.192815,0.008649,-2486.9256121613416,True,102315664,reserved,4.5,37.7,0.0,18944007.914549552,0.0,138.93997592058943,4610052.390681287,203177.22449999,1003.0,1
2026-09-13T21:26:06.015167+00:00,1789334766.0151675,F_lat_centralus_rep3,r3-pub,F01,load,16,1,1000,6,0.1,2251714120,22033824,793366884344,60320,1789156079.537691,5906856.63,192964.18600000002,80227501,76342410,422775477,7593,20493,16055151,4761627443,11084509.461,774467.487,177/39842000,177/3989D9A8,1,1.0004143714904785,4084937,4083245.0196752083,3.894085902857979,2633,2631.909411774239,2630,2628.910654373812,0.0,0.0,4094303.4373821807,0.0,streaming,177/39841FF0,177/39841FF0,177/3983F950,16,16,610144,9904,0.020652,0.222945,0.020652,8340.543916385966,True,106411664,reserved,6.9,37.7,0.0,12643209.014636174,0.0,21.990887603126946,4134314.85779027,218320.5341948436,1002.99,1
2026-09-13T21:26:07.016063+00:00,1789334767.0160635,F_lat_centralus_rep3,r3-pub,F01,load,16,1,1000,6,0.1,2251725780,22033825,793369874234,60320,1789156079.537691,5906873.674,192964.18600000002,80229427,76342410,422777400,7593,20493,16055151,4761649206,11084509.461,774472.104,177/39B28000,177/39B78CA0,1,1.0008959770202637,2989890,2987213.5253266864,2.848828816725432,1926,1924.2758930192074,1923,1921.2785785440997,0.0,0.0,3036511.3556036097,0.0,streaming,177/39B27E38,177/39B27E38,177/39B27E38,456,456,609544,456,0.013053,0.213565,0.013053,-9439.542386939498,True,109450896,reserved,4.8,37.7,0.0,3036511.3556036097,0.0,4.995524125179666,3068049.0985106938,142420.3945992222,1002.99,1
2026-09-13T21:26:08.016859+00:00,1789334768.0168593,F_lat_centralus_rep3,r3-pub,F01,load,16,1,1000,6,0.1,2251736454,22033825,793372603034,60320,1789156079.537691,5906891.262999999,192964.18600000002,80231187,76342410,422779157,7593,20493,16055151,4761668920,11084509.461,774476.669,177/39DFE000,177/39E2EF80,1,1.000795841217041,2728800,2726630.0354341795,2.6003170351354403,1760,1758.600433290881,1757,1755.6028189159533,0.0,0.0,2971331.2920882725,0.0,streaming,177/39DFDB88,177/39DFDB88,177/39DFDB40,1144,1144,537624,1216,0.009442,0.216235,0.009442,759.395641648335,True,112424592,reserved,2.3,37.7,0.0,11353268.600899266,0.0,11.990457499710551,2994514.8416639627,128336.86423377696,1002.99,1
2026-09-13T21:26:09.017110+00:00,1789334769.0171106,F_lat_centralus_rep3,r3-pub,F01,load,16,1,1000,6,0.1,2251746512,22033825,793375176216,60320,1789156079.537691,5906906.961,192964.18600000002,80232848,76342410,422780815,7593,20493,16055151,4761688133,11084509.461,774480.315,177/3A000000,177/3A09DFF0,1,1.000251293182373,2573182,2572535.539357547,2.4533610719275925,1661,1660.5827068869928,1658,1657.5834605771427,0.0,0.0,2104815.0743216667,0.0,streaming,177/39FFFFD0,177/39FFFFD0,177/39FFFA40,48,48,46488,1472,0.011884,0.213907,0.011884,255.93568510720658,True,114529936,reserved,1.0,37.7,0.0,10491315.603914613,0.0,11.996985239400308,2133987.7434288086,95484.00552038706,1002.99,1
2026-09-13T21:26:10.017476+00:00,1789334770.0174768,F_lat_centralus_rep3,r3-pub,F01,load,16,1,1000,6,0.1,2251755394,22033825,793377448678,60320,1789156079.537691,5906923.907,192964.18600000002,80234317,76342410,422782279,7593,20493,16055151,4761705030,11084509.461,774483.497,177/3A2FE000,177/3A31F3A8,1,1.0003662109375,2272462,2271630.104209884,2.1663952867602196,1469,1468.4622330689444,1464,1463.4640634533253,0.0,0.0,3136387.4206223306,0.0,streaming,177/3A2FDF28,177/3A2FDF28,177/3A2FD498,216,216,569416,2920,0.022986,0.215293,0.022986,1447.4699206833434,True,117667472,reserved,9.9,37.7,0.0,12312163.15118975,0.0,30.988651616839537,3162586.826113484,149000.43441122636,1002.99,1
2026-09-13T21:26:11.017581+00:00,1789334771.017581,F_lat_centralus_rep3,r3-pub,F01,load,16,1,1000,6,0.1,2251766228,22033825,793380209820,60320,1789156079.537691,5906940.294,192964.18600000002,80236103,76342410,422784063,7593,20493,16055151,4761725689,11084509.461,774487.291,177/3A5B0000,177/3A5C5590,1,1.0001041889190674,2761142,2760854.349569616,2.6329558845230254,1786,1785.8139379761467,1784,1783.8141463322766,0.0,0.0,2825945.567785949,0.0,streaming,177/3A5AFFD8,177/3A5AFFD8,177/3A5AFED0,40,40,569960,304,0.011736,0.215230,0.011736,-2615.7274701823067,True,120493712,reserved,3.5,37.7,0.0,2825945.567785949,0.0,4.999479109675663,2866486.3438863093,131030.34808966752,1002.98,1
2026-09-13T21:26:12.017923+00:00,1789334772.0179236,F_lat_centralus_rep3,r3-pub,F01,load,16,1,1000,6,0.1,2251777720,22033825,793383143544,60320,1789156079.537691,5906957.892,192964.18600000002,80237996,76342410,422785953,7593,20493,16055151,4761747326,11084509.461,774490.982,177/3A8AE000,177/3A8BBFC0,1,1.000342607498169,2933724,2932719.228402325,2.796859005358052,1893,1892.3516661300114,1890,1889.3526936004869,0.0,0.0,3136461.4247981464,0.0,streaming,177/3A8AE000,177/3A7F3D78,177/3A7F3CF8,0,762504,1441808,762632,0.013430,0.215474,0.013430,762066.9101624719,True,123631248,reserved,5.6,37.7,0.0,11522196.409114862,0.0,16.994177667305966,3162312.568002648,147918.32207374097,1002.98,1
2026-09-13T21:26:13.017949+00:00,1789334773.0179493,F_lat_centralus_rep3,r3-pub,F01,load,16,1,1000,6,0.1,2251791827,22033825,793386738748,60320,1789156079.537691,5906974.0709999995,192964.18600000002,80240319,76342410,422788273,7593,20493,16055151,4761773735,11084509.461,774495.235,177/3AB8C000,177/3AC45CD8,1,1.000025749206543,3595204,3595111.4287332767,3.4285654342015044,2323,2322.9401861333604,2320,2319.940263378991,0.0,0.0,3006386.5879307995,0.0,streaming,177/3AB8BE98,177/3AB8BE98,177/3AB8BE98,360,360,285832,360,0.012388,0.220183,0.012388,-762252.3726062198,True,126637712,reserved,3.1,37.7,0.0,11439833.433366107,0.0,16.999562274759846,3044013.619064603,129105.6756312923,1002.98,1
2026-09-13T21:26:14.018197+00:00,1789334774.0181975,F_lat_centralus_rep3,r3-pub,F01,load,16,1,1000,6,0.1,2251807416,22033825,793390710723,60320,1789156079.537691,5906995.529,192964.18600000002,80242883,76342410,422790834,7593,20493,16055151,4761802414,11084509.461,774500.353,177/3AF76000,177/3B054468,1,1.0002481937408447,3971975,3970989.425279685,3.787030625610051,2564,2563.3637891520243,2561,2560.3645335484925,0.0,0.0,4103173.6179904155,0.0,streaming,177/3AF75CE8,177/3AF75CE8,177/3AF75188,792,792,749688,3704,0.017770,0.017770,0.017770,3343.170246070347,True,4389976,reserved,3.1,37.7,0.0,4246498.045764532,0.0,20.99478922472407,4144588.3391158534,184436.22408359742,1002.97,1
2026-09-13T21:26:15.018610+00:00,1789334775.0186107,F_lat_centralus_rep3,r3-pub,F01,load,16,1,1000,6,0.1,2251827419,22033825,793395812513,60320,1789156079.537691,5907028.969,192964.18600000002,80246176,76342410,422794124,7593,20493,16055151,4761838855,11084509.461,774507.188,177/3B52B780,177/3B5684A8,1,1.000413179397583,5101790,5099682.916084868,4.863436618885868,3293,3291.639962183365,3290,3288.6412012096175,0.0,0.0,5983703.656927715,0.0,streaming,177/3B529EF8,177/3B529EF8,177/3B529EB0,6280,6280,559928,6352,0.022011,0.022011,0.022011,2646.90635282768,True,10376152,reserved,3.7,37.7,0.0,14383305.114657473,0.0,19.991739824982478,6028321.221869111,273624.94381055265,1002.97,1
2026-09-13T21:26:16.019033+00:00,1789334776.019034,F_lat_centralus_rep3,r3-pub,F01,load,16,1,1000,6,0.1,2251849251,22033825,793401398108,60320,1789156079.537691,5907054.915,192964.18600000002,80249775,76342410,422797720,7593,20493,16055151,4761878777,11084509.461,774514.167,177/3BA4E000,177/3BB08328,1,1.0004231929779053,5585595,5583232.215332457,5.324585166294534,3599,3597.477572753039,3596,3594.4788417949235,0.0,0.0,5382042.357467531,0.0,streaming,177/3BA4BD48,177/3BA4BD48,177/3BA4B1E8,8888,8888,794400,11800,0.021661,0.021661,0.021661,5445.695419938471,True,15760472,reserved,6.0,37.7,0.0,13789492.38365436,0.0,43.98138738569984,5427086.29518939,235442.36244551162,1002.96,1
2026-09-13T21:26:17.019928+00:00,1789334777.019929,F_lat_centralus_rep3,r3-pub,F01,load,16,1,1000,6,0.1,2251875706,22033826,793408186307,60320,1789156079.537691,5907095.916999999,192964.18600000002,80254139,76342410,422802081,7593,20493,16055151,4761927318,11084509.461,774523.256,177/3C116000,177/3C1B7880,1,1.0008950233459473,6788199,6782128.836356239,6.467942081791152,4364,4360.0976108476825,4361,4357.100293516669,0.0,0.0,7104297.487891782,0.0,streaming,177/3C113DB8,177/3C113DB8,177/3C113800,8776,8776,1139496,10240,0.022999,0.022999,0.022999,-1558.605012127036,True,22871128,reserved,2.9,37.7,0.0,7132943.848730056,0.0,14.986586655067653,7158423.044255225,322649.2214142825,1002.96,1
2026-09-13T21:26:18.020874+00:00,1789334778.0208747,F_lat_centralus_rep3,r3-pub,F01,load,16,1,1000,6,0.1,2251903629,22033826,793415323806,60320,1789156079.537691,5907133.811,192964.18600000002,80258745,76342410,422806685,7593,20493,16055151,4761978491,11084509.461,774532.218,177/3C874000,177/3C8B0E08,1,1.000945806503296,7137499,7130754.68584472,6.800417600483628,4606,4601.647731649529,4604,4599.649621475126,0.0,0.0,7717756.495715498,0.0,streaming,177/3C871D58,177/3C871D58,177/3C871D58,8872,8872,628992,8872,0.021560,0.178351,0.021560,-1366.7073592914799,True,30596184,reserved,7.2,37.7,0.0,7717756.495715498,0.0,13.986771220819238,7799772.924044208,361982.6344702379,1002.95,1
2026-09-13T21:26:19.021868+00:00,1789334779.0218685,F_lat_centralus_rep3,r3-pub,F01,load,16,1,1000,6,0.1,2251934134,22033826,793423104854,60320,1789156079.537691,5907171.788,192964.18600000002,80263772,76342410,422811709,7593,20493,16055151,4762034154,11084509.461,774542.668,177/3CFE2000,177/3D03CDF0,1,1.0009937286376953,7781048,7773323.425901614,7.413218904401411,5027,5022.009485355625,5024,5019.012463581989,0.0,0.0,7782857.951170807,0.0,streaming,177/3CFDFBA8,177/3CFDFBA8,177/3CFDF558,9304,9304,1195160,10920,0.024420,0.024420,0.024420,2045.966864135333,True,38386776,reserved,7.1,37.7,0.0,18483264.6505986,0.0,63.93646450422916,7868773.574355623,369346.96933932154,1002.94,1
2026-09-13T21:26:20.022691+00:00,1789334780.0226917,F_lat_centralus_rep3,r3-pub,F01,load,16,1,1000,6,0.1,2251965094,22033826,793431006166,60320,1789156079.537691,5907216.859999999,192964.18600000002,80268875,76342410,422816808,7593,20493,16055151,4762090222,11084509.461,774552.761,177/3D756000,177/3D7CFA80,1,1.0008232593536377,7901312,7894812.521746256,7.529079934831864,5103,5098.802363262094,5099,5094.805653590715,0.0,0.0,7808739.382263432,0.0,streaming,177/3D753FE0,177/3D753FE0,177/3D753FE0,8224,8224,775344,8224,0.023158,0.023158,0.023158,-2693.782318509623,True,46201944,reserved,4.1,37.7,0.0,16321411.245527552,0.0,27.97696769965484,7883309.991312027,374895.3638850462,1002.94,1
2026-09-13T21:26:21.022785+00:00,1789334781.0227854,F_lat_centralus_rep3,r3-pub,F01,load,16,1,1000,6,0.1,2251996136,22033826,793438935484,60320,1789156079.537691,5907256.045,192964.18600000002,80273982,76342410,422821913,7593,20493,16055151,4762146547,11084509.461,774562.824,177/3DECE000,177/3DF67A00,1,1.000093698501587,7929318,7928575.104392999,7.561278442757605,5107,5106.521526584637,5105,5104.521713964084,0.0,0.0,7830818.264062458,0.0,streaming,177/3DECBE58,177/3DECBE58,177/3DECBE58,8616,8616,377720,8616,0.022977,0.161753,0.022977,391.9632736285839,True,54033496,reserved,4.1,37.7,0.0,16243214.035183948,0.0,21.997938826093993,7896523.10761707,375284.83637316356,1002.93,1
2026-09-13T21:26:22.023063+00:00,1789334782.0230637,F_lat_centralus_rep3,r3-pub,F01,load,16,1,1000,6,0.1,2252024961,22033827,793446303435,60320,1789156079.537691,5907304.404,192964.18600000002,80278724,76342410,422826652,7593,20493,16055151,4762198840,11084509.461,774572.578,177/3E646000,177/3E6D5118,1,1.0002782344818115,7367951,7365901.55219855,7.024671127508688,4742,4740.680979084351,4739,4737.681813555618,0.0,0.0,7829373.598293969,0.0,streaming,177/3E643F28,177/3E643F28,177/3E643A60,8408,8408,2030520,9632,0.023470,0.023470,0.023470,1015.7173923976593,True,61865048,reserved,3.9,37.7,0.0,7960409.139688011,0.0,25.99276791568813,7889650.827090451,378268.7525896377,1002.92,1
2026-09-13T21:26:23.023394+00:00,1789334783.0233948,F_lat_centralus_rep3,r3-pub,F01,load,16,1,1000,6,0.1,2252054329,22033827,793453815016,60320,1789156079.537691,5907345.813999999,192964.18600000002,80283862,76342410,422831787,7593,20493,16055151,4762255655,11084509.461,774583.144,177/3ED5F538,177/3EDF0568,4,1.000331163406372,7511581,7509094.262765174,7.161230337872671,5138,5136.299045711877,5135,5133.300038873197,0.0,0.0,7441303.712514714,0.0,streaming,177/3ED5DCE8,177/3ED5DCE8,177/3ED5DCE8,6224,6224,1229448,6224,0.021080,0.182006,0.021080,-3406.8717687399912,True,69308816,reserved,3.9,37.7,0.0,15870840.15851112,0.0,21.99271681698351,7519068.959510622,332286.95871885767,1002.92,1
2026-09-13T21:26:24.023832+00:00,1789334784.0238326,F_lat_centralus_rep3,r3-pub,F01,load,16,1,1000,6,0.1,2252084728,22033827,793461582913,60320,1789156079.537691,5907387.092,192964.18600000002,80288577,76342410,422836499,7593,20493,16055151,4762307655,11084509.461,774593.066,177/3F432000,177/3F4E10F8,3,1.0004377365112305,7767897,7764498.1956483815,7.404802508972532,4715,4712.936975410735,4712,4709.93828804568,0.0,0.0,7151245.638683171,0.0,streaming,177/3F42FF10,177/3F42FF10,177/3F42FE08,8432,8432,1196072,8696,0.015215,0.015215,0.015215,2470.9183888049492,True,76463192,reserved,4.7,37.7,0.0,15574366.531130038,0.0,20.99081155538185,7223721.913171629,323576.3588135763,1002.91,1
2026-09-13T21:26:25.024280+00:00,1789334785.0242808,F_lat_centralus_rep3,r3-pub,F01,load,16,1,1000,6,0.1,2252111619,22033827,793468450817,60320,1789156079.537691,5907426.881,192964.18600000002,80293011,76342410,422840930,7593,20493,16055151,4762356562,11084509.461,774602.965,177/3FB50000,177/3FB6C418,1,1.000448226928711,6867904,6864826.999677802,6.546809196164896,4434,4432.013452222305,4431,4429.014796300639,0.0,0.0,7459568.420557344,0.0,streaming,177/3FB4DDC0,177/3FA49F30,177/3FA49F30,8768,1073360,1454024,1073360,0.015215,0.178321,0.015215,1064187.002728193,True,83926104,reserved,6.9,37.7,0.0,7475945.080097537,0.0,16.992383556107168,7530411.666706703,333768.3960169525,1002.91,1
2026-09-13T21:26:26.024702+00:00,1789334786.0247028,F_lat_centralus_rep3,r3-pub,F01,load,16,1,1000,6,0.1,2252137887,22033827,793475172704,60320,1789156079.537691,5907475.503,192964.18600000002,80297338,76342410,422845254,7593,20493,16055151,4762404524,11084509.461,774612.887,177/40100DF8,177/401B99D8,2,1.0004220008850098,6721887,6719051.5542976605,6.407786897943173,4327,4325.174772418218,4324,4322.176037886844,0.0,0.0,5964834.834420937,0.0,streaming,177/400FFBD8,177/400FFBD8,177/400FFBD8,4640,4640,1231456,4640,0.020959,0.020959,0.020959,-1068269.1894566207,True,89893456,reserved,12.6,37.7,0.0,14366801.19718003,0.0,17.992407188243106,6023076.256489281,267050.30453514407,1002.9,1
2026-09-13T21:26:27.025291+00:00,1789334787.0252917,F_lat_centralus_rep3,r3-pub,F01,load,16,1,1000,6,0.1,2252162772,22033827,793481520490,60320,1789156079.537691,5907509.7639999995,192964.18600000002,80301434,76342410,422849350,7593,20493,16055151,4762450241,11084509.461,774621.292,177/40738000,177/407C3B30,2,1.0005888938903809,6347786,6344050.027698418,6.05015757341234,4096,4093.5893102654563,4096,4093.5893102654563,0.0,0.0,6513420.286587746,0.0,streaming,177/40735D08,177/40735D08,177/40735038,8952,8952,529304,12232,0.021936,0.193719,0.021936,7587.531748909996,True,96410712,reserved,4.6,37.7,0.0,14900665.08936626,0.0,16.989994695925965,6565125.837504712,289347.6049632408,1002.9,1
2026-09-13T21:26:28.027901+00:00,1789334788.0279014,F_lat_centralus_rep3,r3-pub,F01,load,16,1,1000,6,0.1,2252187315,22033828,793487798020,60320,1789156079.537691,5907543.112,192964.18600000002,80305472,76342410,422853382,7593,20493,16055151,4762495244,11084509.461,774629.064,177/40D74000,177/40DBAC40,1,1.0026097297668457,6277530,6261189.986117354,5.971136079900125,4038,4027.489341180667,4032,4021.504958801498,0.0,0.0,6520200.0398701625,0.0,streaming,177/40D71E58,177/40D71E58,177/40D71E58,8616,8616,886304,8616,0.019888,0.019888,0.019888,-3606.5877805124546,True,102947928,reserved,7.9,37.7,0.0,14935997.083812853,0.0,24.9349265798704,6570373.101737115,312520.40619321086,1002.89,1
2026-09-13T21:26:29.028872+00:00,1789334789.028872,F_lat_centralus_rep3,r3-pub,F01,load,16,1,1000,6,0.1,2252211069,22033828,793493865551,60320,1789156079.537691,5907577.537,192964.18600000002,80309377,76342410,422857284,7593,20493,16055151,4762538568,11084509.461,774637.212,177/41320000,177/4137E530,1,1.0009706020355225,6067531,6061647.552546878,5.780837585970763,3905,3901.2134742608746,3902,3898.2163832435167,0.0,0.0,5941625.046635425,0.0,streaming,177/4131DFE0,177/4131DFE0,177/4131DA58,8224,8224,656832,9640,0.021354,0.021354,0.021354,1023.0070672581653,True,108895320,reserved,3.1,37.7,0.0,5966177.216249621,0.0,13.98642474767023,5981570.275714771,255166.33503581744,1002.88,1
2026-09-13T21:26:30.029082+00:00,1789334790.0290825,F_lat_centralus_rep3,r3-pub,F01,load,16,1,1000,6,0.1,2252233088,22033828,793499498494,60320,1789156079.537691,5907615.476,192964.18600000002,80313004,76342410,422860908,7593,20493,16055151,4762578614,11084509.461,774644.55,177/4183E000,177/41939910,1,1.0002105236053467,5632943,5631757.382131476,5.370862371570087,3627,3626.2365915988967,3624,3623.23722303678,0.0,0.0,5364630.618620815,0.0,streaming,177/4183BFE8,177/4183BFE8,177/4183BB20,8216,8216,869912,9440,0.021901,0.021901,0.021901,-199.95790414110266,True,114261080,reserved,3.9,37.7,0.0,13964420.159921357,0.0,24.994738017637832,5406334.838898004,235309.4618037289,1002.88,1
2026-09-13T21:26:31.029389+00:00,1789334791.0293899,F_lat_centralus_rep3,r3-pub,F01,load,16,1,1000,6,0.1,2252256316,22033828,793505440559,60320,1789156079.537691,5907647.322,192964.18600000002,80316836,76342410,422864737,7593,20493,16055151,4762620992,11084509.461,774651.912,177/41E74000,177/41EE5E08,1,1.000307321548462,5942065,5940239.436418165,5.665053783815542,3832,3830.8227056342216,3829,3827.8236273156144,0.0,0.0,6510639.140297927,0.0,streaming,177/41E72000,177/41E72000,177/41E71AB0,8192,8192,1223304,9552,0.022249,0.022249,0.022249,111.96559056133424,True,120773720,reserved,4.1,37.7,0.0,14896669.93232947,0.0,17.994469911643,6570249.820651336,285713.194178749,1002.87,1
2026-09-13T21:26:32.029986+00:00,1789334792.0299861,F_lat_centralus_rep3,r3-pub,F01,load,16,1,1000,6,0.1,2252279574,22033828,793511388644,60320,1789156079.537691,5907682.4399999995,192964.18600000002,80320669,76342410,422868567,7593,20493,16055151,4762663303,11084509.461,774659.752,177/4240EC80,177/42498A68,1,1.000596284866333,5948085,5944540.3605457,5.669155464692784,3833,3830.7158021399614,3830,3827.717589928529,0.0,0.0,5873361.803242228,0.0,streaming,177/4240DFD8,177/4240DFD8,177/4240D370,3240,3240,1179160,6416,0.021084,0.205132,0.021084,-3134.1311650171974,True,126650584,reserved,3.7,37.7,0.0,14327456.754364332,0.0,23.985697691458146,5926877.892408153,252197.61837683668,1002.87,1
2026-09-13T21:26:33.030240+00:00,1789334793.0302403,F_lat_centralus_rep3,r3-pub,F01,load,16,1,1000,6,0.1,2252303004,22033828,793517369452,60320,1789156079.537691,5907710.693,192964.18600000002,80324532,76342410,422872427,7593,20493,16055151,4762705798,11084509.461,774667.408,177/42954000,177/42A513D8,1,1.0002541542053223,5980808,5979288.338723879,5.702293719028358,3863,3862.0184517694506,3860,3859.019214038333,0.0,0.0,5524995.799083275,0.0,streaming,177/42951BC0,177/42951BC0,177/42951BC0,9280,9280,528960,9280,0.022430,0.022430,0.022430,2863.272287307198,True,132176984,reserved,4.8,37.7,0.0,5536384.90449424,0.0,10.997205014098876,5584045.791279434,252760.75978995892,1002.86,1
2026-09-13T21:26:34.030813+00:00,1789334794.0307834,F_lat_centralus_rep3,r3-pub,F01,load,16,1,1000,6,0.1,2252326509,22033829,793523384264,60320,1789156079.537691,5907745.664,192964.18600000002,80328407,76342410,422876299,7593,20493,16055151,4762748854,11084509.461,774675.275,177/42F72000,177/430185F0,1,1.0005431175231934,6014812,6011547.0234700525,5.733057998151829,3875,3872.896562011656,3872,3869.898190479776,0.0,0.0,6410854.152770993,0.0,streaming,177/42F6FED0,177/42F6FED0,177/42F6FED0,8496,8496,518920,8496,0.020841,0.020841,0.020841,-783.5744269979712,True,138591320,reserved,4.5,37.7,0.0,14860409.05144234,0.0,27.984800964213257,6475208.200959734,288158.4960713266,1002.86,1
2026-09-13T21:26:35.031519+00:00,1789334795.0315192,F_lat_centralus_rep3,r3-pub,F01,load,16,1,1000,6,0.1,2252350422,22033829,793529498483,60320,1789156079.537691,5907777.585,192964.18600000002,80332348,76342410,422880237,7593,20493,16055151,4762792617,11084509.461,774683.487,177/4350C000,177/435F6240,1,1.0007357597351074,6114219,6109723.711300594,5.8266865838056505,3941,3938.102502745754,3938,3935.104708402126,0.0,0.0,5869345.571856797,0.0,streaming,177/43509B98,177/43509B98,177/43509B98,9320,9320,1245312,9320,0.021245,0.193653,0.021245,823.3941797164429,True,144464984,reserved,2.3,37.7,0.0,14288623.006521672,0.0,23.98235474902261,5915106.902512276,270754.789527778,1002.85,1
2026-09-13T21:26:36.032226+00:00,1789334796.0322268,F_lat_centralus_rep3,r3-pub,F01,load,16,1,1000,6,0.1,2252374577,22033829,793535653167,60320,1789156079.537691,5907811.305,192964.18600000002,80336323,76342410,422884209,7593,20493,16055151,4762836833,11084509.461,774691.652,177/43B1E000,177/43BDD160,1,1.0007076263427734,6154684,6150331.863156832,5.8654135352676695,3975,3972.1891743017845,3972,3969.19129567967,0.0,0.0,6360683.01314187,0.0,streaming,177/43B1BC08,177/43B1BC08,177/43B1BC08,9208,9208,397680,9208,0.021761,0.021761,0.021761,-111.9208018922767,True,150830168,reserved,5.1,37.7,0.0,6368869.22036599,0.0,11.991514488458218,6432441.235133678,315768.5538530741,1002.85,1
2026-09-13T21:26:37.032523+00:00,1789334797.0325239,F_lat_centralus_rep3,r3-pub,F01,load,16,1,1000,6,0.1,2252399064,22033829,793541905050,60320,1789156079.537691,5907845.523,192964.18600000002,80340352,76342410,422888235,7593,20493,16055151,4762881424,11084509.461,774699.875,177/44107970,177/441E2160,1,1.0002970695495605,6251883,6250026.3075000895,5.960489566326227,4029,4027.803462239754,4026,4024.80435318373,0.0,0.0,6197822.815567923,0.0,streaming,177/44105FC8,177/44105FC8,177/44105AC0,6568,6568,407544,7856,0.001402,0.016938,0.001402,-1351.598481247989,True,157029832,reserved,3.1,37.7,2047.3917822454744,14776026.49246559,3.998812074698192,23.992872448189154,6251007.016161409,281967.23612017493,1002.84,1
2026-09-13T21:26:38.032713+00:00,1789334798.0327137,F_lat_centralus_rep3,r3-pub,F01,load,16,1,1000,6,0.1,2252423754,22033829,793548217227,60320,1789156079.537691,5907878.681,192964.18600000002,80344415,76342410,422892295,7593,20493,16055151,4762926437,11084509.461,774708.381,177/44741E98,177/447EDFA8,1,1.0001897811889648,6312177,6310979.294845891,6.018618864866153,4063,4062.2290653381324,4060,4059.2296345736695,0.0,0.0,6529104.898709447,0.0,streaming,177/4473FFC8,177/4473FFC8,177/4473FFC8,7888,7888,757824,7888,0.022361,0.022361,0.022361,31.993928154275228,True,163560176,reserved,5.4,37.7,0.0,15000801.1301261,0.0,27.994687134990823,6578730.480707492,296721.6878052967,1002.84,1
2026-09-13T21:26:39.033144+00:00,1789334799.0331445,F_lat_centralus_rep3,r3-pub,F01,load,16,1,1000,6,0.1,2252448657,22033829,793554584978,60320,1789156079.537691,5907912.534,192964.18600000002,80348523,76342410,422896400,7593,20493,16055151,4762971881,11084509.461,774716.885,177/44D8C000,177/44E06998,1,1.0004308223724365,6367751,6365008.811803119,6.070145427516097,4108,4106.230943843001,4105,4103.232235753535,0.0,0.0,6592079.984461803,0.0,streaming,177/44D89FF8,177/44D89FF8,177/44D88960,8200,8200,1166024,13984,0.022450,0.022450,0.022450,6093.374837796236,True,170155096,reserved,5.8,37.7,0.0,14984904.168035593,0.0,19.991387263111008,6660528.495311969,306965.75228634325,1002.83,1
2026-09-13T21:26:40.034438+00:00,1789334800.0344384,F_lat_centralus_rep3,r3-pub,F01,load,16,1,1000,6,0.1,2252473650,22033830,793560974038,60320,1789156079.537691,5907945.549,192964.18600000002,80352643,76342410,422900517,7593,20493,16055151,4763017561,11084509.461,774724.873,177/453316F8,177/45426D30,1,1.0012938976287842,6389060,6380803.8929731455,6.085208790753503,4120,4114.676030440997,4117,4111.67990711786,0.0,0.0,5912853.373041273,0.0,streaming,177/4532FDD0,177/4532FDD0,177/4532F4B8,6440,6440,1288768,8768,0.022450,0.195293,0.022450,-5209.259751160253,True,176075600,reserved,4.4,37.7,0.0,6136060.565783856,0.0,27.96381768260872,5964661.3388371775,287193.4011392635,1002.83,1
2026-09-13T21:26:41.035788+00:00,1789334801.035788,F_lat_centralus_rep3,r3-pub,F01,load,16,1,1000,6,0.1,2252498827,22033830,793567405523,60320,1789156079.537691,5907976.591,192964.18600000002,80356795,76342410,422904666,7593,20493,16055151,4763063581,11084509.461,774733.185,177/45988000,177/45A4CFD8,1,1.001349687576294,6431485,6422816.204763611,6.125274853480922,4152,4146.4036505066115,4149,4143.407694111736,0.0,0.0,6637066.034430287,0.0,streaming,177/45981DD0,177/45981DD0,177/45981728,25136,25136,741880,26840,0.022456,0.193824,0.022456,18047.641322725307,True,182721624,reserved,3.6,37.7,0.0,15114320.389546104,0.0,28.960911817122284,6685209.05639166,314468.56568376167,1002.82,1
2026-09-13T21:26:42.036979+00:00,1789334802.036897,F_lat_centralus_rep3,r3-pub,F01,load,16,1,1000,6,0.1,2252524018,22033830,793573840128,60320,1789156079.537691,5908020.96,192964.18600000002,80360943,76342410,422908811,7593,20493,16055151,4763109687,11084509.461,774741.491,177/45FAC000,177/46071268,1,1.0011088848114014,6434605,6427477.667638734,6.129720370901808,4148,4143.405440639397,4145,4140.408763609041,0.0,0.0,6431779.896961982,0.0,streaming,177/45FA9E78,177/45FA9E78,177/45FA9E78,8584,8584,400400,8584,0.021830,0.177137,0.021830,-18235.778622061916,True,189160536,reserved,7.8,37.7,0.0,14811096.20038319,0.0,23.9734162428509,6518816.383523996,293206.8673581879,1002.82,1
2026-09-13T21:26:43.037337+00:00,1789334803.0373375,F_lat_centralus_rep3,r3-pub,F01,load,16,1,1000,6,0.1,2252547590,22033830,793579857113,60320,1789156079.537691,5908056.699,192964.18600000002,80364824,76342410,422912689,7593,20493,16055151,4763152664,11084509.461,774749.288,177/4664E000,177/46698ED8,1,1.0004405975341797,6016985,6014335.098785745,5.735716913972611,3881,3879.290794041779,3878,3876.2921152522595,0.0,0.0,6951944.990179574,0.0,streaming,177/4664BCF0,177/4664BCF0,177/4664BCF0,8976,8976,306512,8976,0.006950,0.066386,0.006950,391.82736183055334,True,506984,reserved,3.9,37.7,0.0,15406459.951734828,0.0,35.98414547423449,7008498.0730307195,316532.5365449107,1002.81,1
2026-09-13T21:26:44.038273+00:00,1789334804.0382736,F_lat_centralus_rep3,r3-pub,F01,load,16,1,1000,6,0.1,2252572757,22033830,793586284830,60320,1789156079.537691,5908088.688999999,192964.18600000002,80368960,76342410,422916822,7593,20493,16055151,4763198275,11084509.461,774758.842,177/46CA3EE0,177/46CBCB58,1,1.0009360313415527,6427717,6421706.081841157,6.124216157761723,4136,4132.132194758267,4133,4129.135000226286,0.0,0.0,6637211.362144522,0.0,streaming,177/46CA1FD8,177/46CA1FD8,177/46CA1FD8,7944,7944,848824,7944,0.025556,0.025556,0.025556,-1031.0349190015793,True,7150408,reserved,6.2,37.7,0.0,6719342.484839563,0.0,21.979426567863122,6688687.179166459,310047.78555534116,1002.8,1
2026-09-13T21:26:45.039028+00:00,1789334805.0390286,F_lat_centralus_rep3,r3-pub,F01,load,16,1,1000,6,0.1,2252597844,22033830,793592691981,60320,1789156079.537691,5908124.077,192964.18600000002,80373088,76342410,422920947,7593,20493,16055151,4763243956,11084509.461,774767.879,177/47216000,177/472E7A88,4,1.0007550716400146,6407151,6402316.792159851,6.105725090179301,4128,4124.8854160040655,4125,4121.887679509876,0.0,0.0,5705803.709435515,0.0,streaming,177/47205FF8,177/47205FF8,177/47205FF8,65544,65544,372528,65544,0.021958,0.021958,0.021958,57556.54068842882,True,12860520,reserved,4.1,37.7,0.0,21201271.521142136,0.0,107.91851379080403,5691117.798350483,250152.11723058956,1002.8,1
2026-09-13T21:26:46.039819+00:00,1789334806.0398195,F_lat_centralus_rep3,r3-pub,F01,load,16,1,1000,6,0.1,2252622763,22033831,793599075114,60320,1789156079.537691,5908156.789,192964.18600000002,80377192,76342410,422925048,7593,20493,16055151,4763289345,11084509.461,774777.034,177/47848000,177/47900B08,4,1.0007908344268799,6383133,6378088.987650862,6.082619655276167,4104,4100.756980203787,4101,4097.7593508322925,0.0,0.0,6491122.596781367,0.0,streaming,177/47846000,177/47846000,177/47846000,8192,8192,686736,8192,0.024798,0.024798,0.024798,-57306.67990464123,True,19356776,reserved,4.3,37.7,0.0,14881287.365634963,0.0,18.984986019461978,6600076.432337269,303189.22752101725,1002.79,1
2026-09-13T21:26:47.040493+00:00,1789334807.040493,F_lat_centralus_rep3,r3-pub,F01,load,16,1,1000,6,0.1,2252647642,22033831,793605433397,60320,1789156079.537691,5908189.504,192964.18600000002,80381549,76342410,422929401,7593,20493,16055151,4763337369,11084509.461,774785.839,177/47E8A000,177/47F144C0,2,1.000673532485962,6358283,6354003.372312835,6.0596498225334505,4357,4354.067394163963,4353,4350.070086480544,0.0,0.0,6557375.394649057,0.0,streaming,177/47E87BF8,177/47E87BF8,177/47E87BF8,9224,9224,1084640,9224,0.022648,0.022648,0.022648,1031.3053823220587,True,25918568,reserved,8.6,37.7,0.0,6557375.394649057,0.0,12.991249971111205,6613510.585774228,297483.63510771294,1002.79,1
2026-09-13T21:26:48.043791+00:00,1789334808.0407982,F_lat_centralus_rep3,r3-pub,F01,load,16,1,1000,6,0.1,2252673951,22033831,793612160769,60320,1789156079.537691,5908231.108,192964.18600000002,80385628,76342410,422933477,7593,20493,16055151,4763382693,11084509.461,774793.58,177/48420000,177/485274E8,1,1.00030517578125,6727372,6725319.595338337,6.4137645676978465,4079,4077.7555677588625,4076,4074.756483006895,0.0,0.0,5855493.045335286,0.0,streaming,177/4841DD90,177/4841DD90,177/4841DD90,8816,8816,1249608,8816,0.009726,0.083171,0.009726,-407.8755262676185,True,31775848,reserved,4.7,37.7,0.0,14266110.32863506,0.0,17.9945085118067,6066392.683873329,262614.85630605894,1002.78,1
2026-09-13T21:26:49.043598+00:00,1789334809.043599,F_lat_centralus_rep3,r3-pub,F01,load,16,1,1000,6,0.1,2252698578,22033831,793618461365,60320,1789156079.537691,5908263.927,192964.18600000002,80389689,76342410,422937536,7593,20493,16055151,4763427625,11084509.461,774802.055,177/48A53900,177/48B2AC30,1,1.002800703048706,6300596,6282999.1850274755,5.9919349527621035,4061,4049.6581101845886,4059,4047.6636959466255,0.0,0.0,6484494.855488913,0.0,streaming,177/48A51FE0,177/48A51FE0,177/48A51FE0,6432,6432,1110608,6432,0.022866,0.194601,0.022866,-2377.341771652317,True,38278504,reserved,4.3,37.7,0.0,14859630.58731147,0.0,18.946935260651856,6388987.343668443,287330.2732277854,1002.78,1
2026-09-13T21:26:50.044371+00:00,1789334810.044371,F_lat_centralus_rep3,r3-pub,F01,load,16,1,1000,6,0.1,2252723178,22033831,793624738269,60320,1789156079.537691,5908299.847999999,192964.18600000002,80393741,76342410,422941584,7593,20493,16055151,4763472540,11084509.461,774810.299,177/49116000,177/4912E728,1,1.0007719993591309,6276904,6272061.97217705,5.981504413773584,4052,4048.874271657079,4048,4044.8773572724226,0.0,0.0,7082404.388351087,0.0,streaming,177/49113BB8,177/48FFFCE0,177/48FFFCE0,9288,1139488,2027176,1139488,0.021426,0.193642,0.021426,1132181.9562553514,True,45366376,reserved,4.8,37.7,0.0,15589628.81654454,0.0,24.9807149041034,7142595.920526823,312829.49582970224,1002.77,1
2026-09-13T21:26:51.044875+00:00,1789334811.0448751,F_lat_centralus_rep3,r3-pub,F01,load,16,1,1000,6,0.1,2252746232,22033831,793630623376,60320,1789156079.537691,5908330.018,192964.18600000002,80397537,76342410,422945377,7593,20493,16055151,4763514652,11084509.461,774817.85,177/4963C000,177/4972D668,1,1.0005042552947998,5885107,5882140.899306766,5.6096467011516244,3796,3794.086811636302,3793,3791.088323639751,0.0,0.0,5395807.1356821135,0.0,streaming,177/49635CE8,177/49635CE8,177/496357E0,25368,25368,353384,26656,0.022147,0.192516,0.022147,-1112271.1313927423,True,50764904,reserved,7.7,37.7,0.0,5395807.1356821135,0.0,10.994455987354932,5429807.990571008,253722.05930818635,1002.77,1
2026-09-13T21:26:52.045509+00:00,1789334812.0455096,F_lat_centralus_rep3,r3-pub,F01,load,16,1,1000,6,0.1,2252770900,22033832,793636925096,60320,1789156079.537691,5908364.387,192964.18600000002,80401587,76342410,422949425,7593,20493,16055151,4763559401,11084509.461,774826.87,177/49C6E000,177/49D2FB50,1,1.0006344318389893,6301720,6297724.523049394,6.005978129434007,4050,4047.4321801587575,4048,4045.4334482179383,0.0,0.0,6492137.18146899,0.0,streaming,177/49C61B60,177/49C61B60,177/49C61B60,50336,50336,1562856,50336,0.021846,0.021846,0.021846,23664.986179298612,True,57261160,reserved,8.3,37.7,0.0,23266902.736109547,0.0,22.985417319420105,6518461.480495549,282098.02802930214,1002.76,1
2026-09-13T21:26:53.046059+00:00,1789334813.0460598,F_lat_centralus_rep3,r3-pub,F01,load,16,1,1000,6,0.1,2252795451,22033832,793643196474,60320,1789156079.537691,5908405.579,192964.18600000002,80405625,76342410,422953460,7593,20493,16055151,4763603989,11084509.461,774835.424,177/4A31E000,177/4A335DE8,1,1.0005502700805664,6271378,6267928.946233772,5.977562853082439,4038,4035.7792314371686,4035,4032.7808813395186,0.0,0.0,7008495.434652524,0.0,streaming,177/4A31BB60,177/4A213E80,177/4A213E00,9376,1089920,2396576,1090048,0.001280,0.115610,0.001280,1039140.1922426948,True,64273512,reserved,4.1,37.7,0.0,15425239.951968875,0.0,21.987900716101464,7083513.1546457,305825.7132601251,1002.76,1
2026-09-13T21:26:54.046479+00:00,1789334814.046479,F_lat_centralus_rep3,r3-pub,F01,load,16,1,1000,6,0.1,2252819972,22033832,793649476804,60320,1789156079.537691,5908431.386,192964.18600000002,80409664,76342410,422957496,7593,20493,16055151,4763648798,11084509.461,774843.283,177/4A846000,177/4A934CB8,1,1.0004191398620605,6280330,6277698.766205075,5.986880079464984,4039,4037.307803364202,4036,4034.309060256974,0.0,0.0,5404454.777570017,0.0,streaming,177/4A841C18,177/4A841C18,177/4A841C18,17384,17384,583864,17384,0.021784,0.021784,0.021784,-1072214.592123758,True,69680232,reserved,6.0,37.7,0.0,5547754.71485407,0.0,20.99120175059377,5441428.280501098,234816.57901146362,1002.75,1
2026-09-13T21:26:55.047105+00:00,1789334815.0471053,F_lat_centralus_rep3,r3-pub,F01,load,16,1,1000,6,0.1,2252842984,22033832,793655362415,60320,1789156079.537691,5908464.662,192964.18600000002,80413460,76342410,422961289,7593,20493,16055151,4763690915,11084509.461,774850.937,177/4AE72000,177/4AF33F68,1,1.0006263256072998,5885611,5881926.998500571,5.609442709446498,3796,3793.6239561717834,3793,3790.625833972491,0.0,0.0,6467629.158239676,0.0,streaming,177/4AE6BCB8,177/4AE6BCB8,177/4AE6BCB8,25416,25416,900976,25416,0.021975,0.021975,0.021975,8026.972501573174,True,76151912,reserved,3.5,37.7,0.0,14883733.936303455,0.0,22.985603527911227,6528802.843594045,287061.20621568477,1002.75,1
2026-09-13T21:26:56.047841+00:00,1789334816.0478413,F_lat_centralus_rep3,r3-pub,F01,load,16,1,1000,6,0.1,2252867509,22033832,793661639277,60320,1789156079.537691,5908502.455999999,192964.18600000002,80417499,76342410,422965325,7593,20493,16055151,4763735369,11084509.461,774859.145,177/4B51BEF8,177/4B532350,1,1.0007359981536865,6276862,6272245.638790382,5.9816795719055005,4039,4036.029489747322,4036,4033.031696117898,0.0,0.0,6982372.986373679,0.0,streaming,177/4B519D20,177/4B40FFE0,177/4B40FA50,8664,1097496,1708264,1098920,0.021605,0.021605,0.021605,1072714.4841202546,True,83139424,reserved,5.4,37.7,0.0,15381447.28319854,0.0,22.983084492247684,7056501.427977522,312194.2256263474,1002.74,1
2026-09-13T21:26:57.048060+00:00,1789334817.048051,F_lat_centralus_rep3,r3-pub,F01,load,16,1,1000,6,0.1,2252892050,22033832,793667900048,60320,1789156079.537691,5908529.973999999,192964.18600000002,80421549,76342410,422969372,7593,20493,16055151,4763779865,11084509.461,774867.585,177/4BA3E000,177/4BB2E140,1,1.0002098083496094,6260771,6259457.713507679,5.969484056003265,4050,4049.150454425837,4047,4046.151083718855,0.0,0.0,5381278.962742039,0.0,streaming,177/4BA39FC8,177/4BA39FC8,177/4BA39EC0,16440,16440,920800,16704,0.021289,0.021289,0.021289,-1081988.9896757805,True,88521832,reserved,2.9,37.7,0.0,13784243.950526128,0.0,17.99622424189261,5446116.359314872,235111.67160820597,1002.74,1
2026-09-13T21:26:58.048168+00:00,1789334818.048169,F_lat_centralus_rep3,r3-pub,F01,load,16,1,1000,6,0.1,2252916650,22033833,793674186519,60320,1789156079.537691,5908568.765,192964.18600000002,80425600,76342410,422973420,7593,20493,16055151,4763824741,11084509.461,774876.203,177/4C103B58,177/4C133CB8,1,1.0001177787780762,6286471,6285730.674321863,5.994539903947699,4051,4050.522934358222,4048,4047.5232876529453,0.0,0.0,7100435.7193571655,0.0,streaming,177/4C101FF0,177/4C101FF0,177/4C101558,7016,7016,1068288,9728,0.001321,0.115494,0.001321,-6975.178472002704,True,95623104,reserved,7.8,37.7,0.0,7195824.484584955,0.0,22.997291407119008,7167791.786241912,329983.1349895752,1002.73,1
2026-09-13T21:26:59.048431+00:00,1789334819.0484312,F_lat_centralus_rep3,r3-pub,F01,load,16,1,1000,6,0.1,2252939789,22033833,793680096311,60320,1789156079.537691,5908602.4459999995,192964.18600000002,80429407,76342410,422977224,7593,20493,16055151,4763866843,11084509.461,774884.59,177/4C738000,177/4C7396C8,1,1.0002622604370117,5909792,5908242.501739522,5.634539129008791,3807,3806.001836295146,3804,3803.0026228701695,0.0,0.0,6503934.27535465,0.0,streaming,177/4C6D91B8,177/4C62FD10,177/4C62F730,388680,1082096,1404792,1083600,0.001321,0.115494,0.001321,1073590.4397021122,True,6894552,reserved,3.8,37.7,0.0,14921910.57321202,0.0,23.993707399811793,6559401.728436165,298646.67679203243,1002.72,1
2026-09-13T21:27:00.049477+00:00,1789334820.0494773,F_lat_centralus_rep3,r3-pub,F01,load,16,1,1000,6,0.1,2252964452,22033833,793686398990,60320,1789156079.537691,5908629.579,192964.18600000002,80433461,76342410,422981275,7593,20493,16055151,4763911433,11084509.461,774893.76,177/4CC6C000,177/4CD45368,1,1.0010461807250977,6302679,6296092.149749493,6.004421376943105,4054,4049.7632157824387,4051,4046.766351044563,0.0,0.0,5450170.137054111,0.0,streaming,177/4CC69C80,177/4CC69C80,177/4CC696F8,9088,9088,432392,10504,0.021877,0.021877,0.021877,-1071974.5209184194,True,12350424,reserved,11.3,37.7,1511890.289520641,13866836.782639926,135.85786811702312,20.978053165128568,5480210.709186575,248158.38148451946,1002.72,1
2026-09-13T21:27:01.050116+00:00,1789334821.0501168,F_lat_centralus_rep3,r3-pub,F01,load,16,1,1000,6,0.1,2252989213,22033833,793692731059,60320,1789156079.537691,5908671.132999999,192964.18600000002,80437538,76342410,422985347,7593,20493,16055151,4763956569,11084509.461,774903.304,177/4D43C000,177/4D4EA0E8,2,1.0006394386291504,6332069,6328022.617891982,6.034872644321425,4077,4074.394674654621,4072,4069.3978698046644,0.0,0.0,8186765.066168913,0.0,streaming,177/4D437FE8,177/4D437FE8,177/4D437AA0,16408,16408,1392896,17760,0.023112,0.023112,0.023112,7251.363198257035,True,20542424,reserved,5.2,37.8,8968601.129988045,16598666.171657471,1374.1213337380682,21.98594133980909,6775107.73439797,319290.8331073775,1002.71,1
2026-09-13T21:27:02.050663+00:00,1789334822.050664,F_lat_centralus_rep3,r3-pub,F01,load,16,1,1000,6,0.1,2253013830,22033833,793699016525,60320,1789156079.537691,5908708.049,192964.18600000002,80441598,76342410,422989406,7593,20493,16055151,4764002034,11084509.461,774914.291,177/4DB80F60,177/4DBB15A8,2,1.000547170639038,6285466,6282028.658364547,5.991009386410282,4060,4057.779702087333,4059,4056.7802489587402,0.0,0.0,7618327.474887164,0.0,streaming,177/4DB7FCA8,177/4DB7FCA8,177/4DB7FCA8,4792,4792,402272,4792,0.000725,0.139826,0.000725,-12960.908171593235,True,28164920,reserved,9.0,38.0,0.0,7622581.147402456,0.0,14.991796928894088,6684094.659653686,310920.87322710606,1002.71,1
2026-09-13T21:27:03.051039+00:00,1789334823.051039,F_lat_centralus_rep3,r3-pub,F01,load,16,1,1000,6,0.1,2253077021,22033837,793707763795,60320,1789156079.537691,5908736.435,192964.18600000002,80445672,76342410,422993520,7606,20544,16055151,4764155615,11084509.461,774924.41,177/4E106000,177/4E1DEED0,1,1.0003750324249268,8747270,8743990.719956758,8.338919372517354,4074,4072.472690691362,4114,4112.457695018229,12.995126406231641,50.9808805167549,5785638.1980768265,0.0,streaming,177/4E105B88,177/4E105B88,177/4E105B40,1144,1144,880232,1216,0.025095,0.025095,0.025095,-3574.659386821873,True,33952728,reserved,13.1,37.8,0.0,14314247.6929767,0.0,19.992502163433294,5682522.8696684865,285301.0028730585,1002.7,1
2026-09-13T21:27:04.051106+00:00,1789334824.0511065,F_lat_centralus_rep3,r3-pub,F01,load,16,1,1000,6,0.1,2253101482,22033837,793714017520,60320,1789156079.537691,5908769.135,192964.18600000002,80449704,76342410,422997549,7606,20544,16055151,4764200757,11084509.461,774933.176,177/4E73E000,177/4E7C6CF0,1,1.0000674724578857,6253725,6253303.074271674,5.9636145346371405,4032,4031.7279694043777,4029,4028.7281718080944,0.0,0.0,6520392.053121797,0.0,streaming,177/4E729C78,177/4E729C78,177/4E7290D8,82824,82824,1228072,85800,0.022076,0.022076,0.022076,84578.29329466763,True,40473560,reserved,6.7,37.7,0.0,23415252.11538776,0.0,35.99757115539623,6497978.565414903,301437.6612600954,1002.7,1
2026-09-13T21:27:05.051408+00:00,1789334825.051408,F_lat_centralus_rep3,r3-pub,F01,load,16,1,1000,6,0.1,2253125166,22033838,793720069022,60320,1789156079.537691,5908807.766,192964.18600000002,80453607,76342410,423001449,7606,20544,16055151,4764243974,11084509.461,774941.75,177/4ED62000,177/4ED79568,1,1.0003015995025635,6051502,6049677.420299368,5.769421978282326,3903,3901.823212060152,3900,3898.8241165858553,0.0,0.0,6436970.612865144,0.0,streaming,177/4ED5FFF0,177/4EC51B68,177/4EC4F860,8208,1115288,1497256,1124256,0.021080,0.193631,0.021080,1038142.89661879,True,46912472,reserved,4.1,37.7,0.0,6498392.088178743,0.0,15.995175862916328,6571693.980364523,289967.54593238723,1002.69,1
2026-09-13T21:27:06.052079+00:00,1789334826.0520797,F_lat_centralus_rep3,r3-pub,F01,load,16,1,1000,6,0.1,2253148422,22033838,793726004709,60320,1789156079.537691,5908841.018,192964.18600000002,80457433,76342410,423005272,7606,20544,16055151,4764286530,11084509.461,774949.775,177/4F320000,177/4F327850,2,1.000671625137329,5935687,5931703.119078054,5.656912917211584,3826,3823.4320868995674,3823,3820.4341004226467,0.0,0.0,6017078.778638977,0.0,streaming,177/4F31DBB0,177/4F211DD0,177/4F211848,9296,1106480,2356544,1107896,0.014760,0.014760,0.014760,-16349.019587474366,True,52933592,reserved,6.2,37.7,0.0,14428709.316124076,0.0,24.98322064100606,6072131.803643498,283446.63011812145,1002.69,1
2026-09-13T21:27:07.053203+00:00,1789334827.0532033,F_lat_centralus_rep3,r3-pub,F01,load,16,1,1000,6,0.1,2253170041,22033838,793731537014,60320,1789156079.537691,5908869.185,192964.18600000002,80460992,76342410,423008829,7606,20544,16055151,4764326192,11084509.461,774956.774,177/4F85E000,177/4F8B9270,1,1.0011236667633057,5532305,5526095.510144398,5.270095358032606,3559,3555.0053586351282,3557,3553.007603446235,0.0,0.0,5490662.325236597,0.0,streaming,177/4F859B80,177/4F859B80,177/4F859530,17536,17536,640536,19152,0.022043,0.022043,0.022043,-1087521.9876880709,True,58430424,reserved,4.1,37.7,0.0,13869854.905031344,0.0,17.979796700037177,5525707.945637753,238484.0234292931,1002.68,1
2026-09-13T21:27:08.054137+00:00,1789334828.054137,F_lat_centralus_rep3,r3-pub,F01,load,16,1,1000,6,0.1,2253192974,22033838,793737391220,60320,1789156079.537691,5908896.517,192964.18600000002,80464756,76342410,423012593,7606,20544,16055151,4764368097,11084509.461,774964.498,177/4FD8A000,177/4FE58E70,2,1.0009336471557617,5854206,5848745.335552687,5.577798209717452,3764,3760.489030112762,3764,3760.489030112762,0.0,0.0,5418045.457269033,0.0,streaming,177/4FD87FF8,177/4FD87FF8,177/4FD874A0,8200,8200,927016,11104,0.021504,0.021504,0.021504,-8040.493016564163,True,63853528,reserved,3.3,37.7,0.0,13909317.605179338,0.0,28.97294948811639,5462449.0000276305,242884.23182777464,1002.68,1
2026-09-13T21:27:09.054720+00:00,1789334829.0546958,F_lat_centralus_rep3,r3-pub,F01,load,16,1,1000,6,0.1,2253215978,22033838,793743260932,60320,1789156079.537691,5908931.123,192964.18600000002,80468545,76342410,423016376,7606,20544,16055151,4764410011,11084509.461,774972.624,177/50318000,177/504020C8,2,1.000558853149414,5869712,5866433.525148642,5.594666981838839,3789,3786.883688124427,3783,3780.887039370469,0.0,0.0,5821258.771202159,0.0,streaming,177/50313DD0,177/50313DD0,177/50313DD0,16944,16944,1197368,16944,0.022159,0.208587,0.022159,5836.738120519043,True,69678040,reserved,1.4,37.7,0.0,5837633.620066301,0.0,13.992180425901815,5860575.798757484,247373.75439827214,1002.67,1
2026-09-13T21:27:10.055113+00:00,1789334830.0551133,F_lat_centralus_rep3,r3-pub,F01,load,16,1,1000,6,0.1,2253240585,22033838,793749554361,60320,1789156079.537691,5908964.111,192964.18600000002,80472598,76342410,423020426,7606,20544,16055151,4764454808,11084509.461,774980.853,177/50950970,177/509C03D8,4,1.0004174709320068,6293429,6290802.772703408,5.999377033904465,4053,4051.3086963826736,4050,4048.309948272842,0.0,0.0,6520525.869987882,0.0,streaming,177/5094FD00,177/5094FD00,177/5094FC78,3184,3184,896576,3320,0.021251,0.021251,0.021251,-13618.314749449186,True,76201288,reserved,5.8,37.7,0.0,15042424.225139089,0.0,29.98748109831735,6582266.095238504,291196.43395332043,1002.67,1
2026-09-13T21:27:11.056115+00:00,1789334831.0556097,F_lat_centralus_rep3,r3-pub,F01,load,16,1,1000,6,0.1,2253264052,22033839,793755567736,60320,1789156079.537691,5908990.777,192964.18600000002,80476470,76342410,423024295,7606,20544,16055151,4764497897,11084509.461,774989.064,177/50E75ED8,177/50F85630,3,1.0004963874816895,6013375,6010391.516890963,5.731956021204913,3872,3870.0789412604086,3869,3867.080429684019,0.0,0.0,5393138.913356397,0.0,streaming,177/50E73FB8,177/50E73FB8,177/50E73FB8,7968,7968,535216,7968,0.021667,0.021667,0.021667,4645.693935686564,True,81597104,reserved,3.9,37.7,0.0,20850578.034077894,0.0,131.93450936115028,5439842.730166386,245102.33426953573,1002.66,1
2026-09-13T21:27:12.056358+00:00,1789334832.0563583,F_lat_centralus_rep3,r3-pub,F01,load,16,1,1000,6,0.1,2253287839,22033839,793761636092,60320,1789156079.537691,5909029.339,192964.18600000002,80480392,76342410,423028213,7606,20544,16055151,4764540524,11084509.461,774997.508,177/51530000,177/51558120,3,1.000748634338379,6068356,6063816.418807255,5.782905978019004,3922,3919.0660525786648,3918,3915.0690448758814,0.0,0.0,7048331.377102828,0.0,streaming,177/5152BFB8,177/51427BD8,177/51427608,16456,1082408,1718360,1083896,0.021667,0.021667,0.021667,1075123.1259099585,True,88650712,reserved,3.1,37.7,0.0,15463111.78354065,0.0,24.981298142393324,7114708.684771018,328215.28676594613,1002.66,1
2026-09-13T21:27:13.056891+00:00,1789334833.0568917,F_lat_centralus_rep3,r3-pub,F01,load,16,1,1000,6,0.1,2253311948,22033839,793767798330,60320,1789156079.537691,5909056.351,192964.18600000002,80484367,76342410,423032186,7606,20544,16055151,4764585914,11084509.461,775005.36,177/51A4C000,177/51B52428,1,1.0005333423614502,6162238,6158953.169372586,5.8736354535795074,3975,3972.8810942154505,3973,3970.8821603315682,0.0,0.0,5354712.105200926,0.0,streaming,177/51A49FD8,177/51A49FD8,177/51A49530,8232,8232,551928,10960,0.040850,0.040850,0.040850,-1072364.0628184022,True,94008280,reserved,3.3,37.7,0.0,5362899.738389307,0.0,10.994136361350932,5417313.717109401,238709.68601236114,1002.65,1
2026-09-13T21:27:14.059917+00:00,1789334834.059393,F_lat_centralus_rep3,r3-pub,F01,load,16,1,1000,6,0.1,2253336427,22033839,793774047245,60320,1789156079.537691,5909100.033,192964.18600000002,80488394,76342410,423036209,7606,20544,16055151,4764630491,11084509.461,775013.714,177/52107B98,177/52150B68,1,1.0025012493133545,6248915,6233323.902868035,5.944560912006412,4027,4016.952600067304,4023,4012.9625801020024,0.0,0.0,7042760.300633919,0.0,streaming,177/52105C68,177/52105C68,177/521056E8,7984,7984,339344,9392,0.036429,0.036429,0.036429,-1564.0878263981954,True,6279440,reserved,2.7,37.7,0.0,15570909.273870427,0.0,41.89520963566595,7110271.438446821,316877.41059433337,1002.65,1
2026-09-13T21:27:15.060307+00:00,1789334835.0603075,F_lat_centralus_rep3,r3-pub,F01,load,16,1,1000,6,0.1,2253359708,22033839,793779977683,60320,1789156079.537691,5909133.294,192964.18600000002,80492226,76342410,423040039,7606,20544,16055151,4764673103,11084509.461,775021.711,177/5274D5B8,177/52767E98,1,1.0009145736694336,5930438,5925019.1335096015,5.650538571843721,3832,3828.498556027193,3830,3826.5003835031703,0.0,0.0,6570662.644954194,0.0,streaming,177/5274BC68,177/5263FD18,177/5263EC98,6480,1104032,2110184,1108256,0.023393,0.023393,0.023393,1097859.926218754,True,12856112,reserved,5.0,37.7,0.0,14961292.795548504,0.0,19.981725240225433,6643332.183307846,285261.1077019823,1002.64,1
2026-09-13T21:27:16.060795+00:00,1789334836.0607955,F_lat_centralus_rep3,r3-pub,F01,load,16,1,1000,6,0.1,2253384690,22033839,793786363092,60320,1789156079.537691,5909164.17,192964.18600000002,80496334,76342410,423044144,7606,20544,16055151,4764718790,11084509.461,775030.153,177/52C94000,177/52D8D760,1,1.000488042831421,6385409,6382294.167083736,6.086630026897178,4108,4105.99609803851,4105,4102.997561452796,0.0,0.0,5529533.350886997,0.0,streaming,177/52C91DB8,177/52C91DB8,177/52C91DB8,8776,8776,1500712,8776,0.023850,0.195284,0.023850,-1098943.668420492,True,18388344,reserved,15.3,37.7,0.0,5670192.703098478,0.0,15.99219512381114,5548333.175767232,248773.58783381086,1002.63,1
2026-09-13T21:27:17.061314+00:00,1789334837.0613143,F_lat_centralus_rep3,r3-pub,F01,load,16,1,1000,6,0.1,2253409877,22033840,793792817229,60320,1789156079.537691,5909205.204,192964.18600000002,80500474,76342410,423048281,7606,20544,16055151,4764764612,11084509.461,775039.062,177/53324000,177/533B7998,1,1.000518798828125,6454137,6450790.337532409,6.151953065426262,4140,4137.853286563977,4137,4134.854842153424,0.0,0.0,6877711.851151441,0.0,streaming,177/53321EC8,177/53321EC8,177/53321EC8,8504,8504,753560,8504,0.022710,0.195380,0.022710,-271.85895989019366,True,25269624,reserved,5.6,37.7,0.0,15282439.488302577,0.0,20.989110873875248,6921988.880280616,312785.72713131004,1002.63,1
2026-09-13T21:27:18.062268+00:00,1789334838.0622685,F_lat_centralus_rep3,r3-pub,F01,load,16,1,1000,6,0.1,2253435040,22033840,793799249498,60320,1789156079.537691,5909238.691,192964.18600000002,80504623,76342410,423052427,7606,20544,16055151,4764810713,11084509.461,775047.704,177/53979E40,177/539DAF80,1,1.0009541511535645,6432269,6426137.493497616,6.128442281243911,4149,4145.045000531167,4146,4142.047860256018,0.0,0.0,6636931.364282642,0.0,streaming,177/53977F28,177/53977F28,177/539779A0,7960,7960,1258328,9376,0.022748,0.022748,0.022748,871.1687733099969,True,31912888,reserved,4.1,37.7,0.0,15026174.758020973,0.0,18.981888409277456,6709250.361028472,298715.97980328253,1002.62,1
2026-09-13T21:27:19.063105+00:00,1789334839.063105,F_lat_centralus_rep3,r3-pub,F01,load,16,1,1000,6,0.1,2253460195,22033840,793805675668,60320,1789156079.537691,5909273.146,192964.18600000002,80508768,76342410,423056569,7606,20544,16055151,4764856966,11084509.461,775056.55,177/53FB67D8,177/54000048,1,1.0008366107940674,6426170,6420798.290843351,6.123350420802451,4145,4141.535146992017,4142,4138.537654726401,0.0,0.0,6534205.413220646,0.0,streaming,177/53FB5BB8,177/53FB5BB8,177/53FB5B50,3104,3104,1071960,3208,0.022632,0.022632,0.022632,-6162.844098105371,True,38452560,reserved,5.2,37.7,0.0,14946087.941499062,0.0,18.9841176822312,6610088.928252879,306295.7496696494,1002.62,1
2026-09-13T21:27:20.063595+00:00,1789334840.0635958,F_lat_centralus_rep3,r3-pub,F01,load,16,1,1000,6,0.1,2253483811,22033840,793811703696,60320,1789156079.537691,5909308.278,192964.18600000002,80512658,76342410,423060456,7606,20544,16055151,4764900113,11084509.461,775064.572,177/5452E000,177/54624848,1,1.000490665435791,6028028,6025071.705565916,5.745956140104214,3890,3888.0922475229736,3887,3885.0937187973773,0.0,0.0,5729580.6927924715,0.0,streaming,177/5452BD50,177/5452BD50,177/5452BD50,8880,8880,1111312,8880,0.021326,0.021326,0.021326,5669.218310527071,True,44184952,reserved,5.0,37.7,0.0,5752057.66411954,0.0,12.993624477583202,5768957.372017,258254.28354941733,1002.61,1
2026-09-13T21:27:21.063916+00:00,1789334841.0638907,F_lat_centralus_rep3,r3-pub,F01,load,16,1,1000,6,0.1,2253508909,22033840,793818130152,60320,1789156079.537691,5909343.37,192964.18600000002,80516789,76342410,423064584,7606,20544,16055151,4764945930,11084509.461,775073.369,177/54B7E000,177/54C43288,1,1.0002949237823486,6426456,6424561.24409796,6.126939052675209,4131,4129.782029063713,4128,4126.782913574197,0.0,0.0,6617184.434937949,0.0,streaming,177/54B7BBD0,177/54B7BBD0,177/54B7BAC8,9264,9264,1055696,9528,0.022189,0.195052,0.022189,647.8089457354844,True,50804088,reserved,5.6,37.7,0.0,15019698.333757672,0.0,20.993808426612922,6669262.076003071,329946.69087395404,1002.61,1
2026-09-13T21:27:22.064353+00:00,1789334842.0643537,F_lat_centralus_rep3,r3-pub,F01,load,16,1,1000,6,0.1,2253533861,22033841,793824508851,60320,1789156079.537691,5909383.342,192964.18600000002,80520899,76342410,423068691,7606,20544,16055151,4764991427,11084509.461,775082.658,177/55214000,177/5525D198,1,1.0004630088806152,6378699,6375746.972531162,6.080386135607874,4110,4108.097914183296,4107,4105.099302567104,0.0,0.0,6902660.007116837,0.0,streaming,177/55211BE8,177/55211BE8,177/55211BE8,9240,9240,952360,9240,0.022548,0.193857,0.022548,-287.86671515444993,True,57709944,reserved,7.9,37.7,0.0,15336515.057330767,0.0,21.989818518742705,6946247.825569807,325183.4371807563,1002.6,1
2026-09-13T21:27:23.064821+00:00,1789334843.0648215,F_lat_centralus_rep3,r3-pub,F01,load,16,1,1000,6,0.1,2253558711,22033841,793830867295,60320,1789156079.537691,5909416.983,192964.18600000002,80524992,76342410,423072779,7606,20544,16055151,4765036731,11084509.461,775091.262,177/55854000,177/5586D440,1,1.0004677772521973,6358444,6355471.055213373,6.061049514020322,4093,4091.086282900083,4088,4086.088620692778,0.0,0.0,6550535.808359146,0.0,streaming,177/55851BB0,177/55747FE0,177/557479D8,9296,1097760,2360056,1099304,0.022289,0.194894,0.022289,1089554.3312687995,True,64263544,reserved,7.3,37.7,0.0,14943409.812819302,0.0,20.99018127068208,6597128.013585411,312315.90572380304,1002.6,1
2026-09-13T21:27:24.065440+00:00,1789334844.0654328,F_lat_centralus_rep3,r3-pub,F01,load,16,1,1000,6,0.1,2253580360,22033841,793836403352,60320,1789156079.537691,5909445.865,192964.18600000002,80528551,76342410,423076336,7606,20544,16055151,4765075912,11084509.461,775099.006,177/55D86000,177/55E759E8,1,1.0006113052368164,5536057,5532674.846892492,5.276369902508251,3559,3556.8256938269205,3557,3554.8269156904626,0.0,0.0,5444351.83920962,0.0,streaming,177/55D83FE0,177/55D83FE0,177/55D82F70,8224,8224,386432,12432,0.023346,0.194387,0.023346,-1086207.9953641621,True,69711224,reserved,4.1,37.7,0.0,5583530.75840746,0.0,19.98778136457949,5489171.440752485,254388.4909832761,1002.59,1
2026-09-13T21:27:25.066567+00:00,1789334845.0665677,F_lat_centralus_rep3,r3-pub,F01,load,16,1,1000,6,0.1,2253605060,22033841,793842700419,60320,1789156079.537691,5909489.965,192964.18600000002,80532615,76342410,423080397,7606,20544,16055151,4765120860,11084509.461,775107.67,177/56415C90,177/56475170,1,1.0011348724365234,6297067,6289928.733252934,5.998543484929022,4064,4059.393106654245,4061,4056.396507412128,0.0,0.0,6872600.47515351,0.0,streaming,177/56413DE0,177/56413DE0,177/56413D90,7856,7856,1203776,7936,0.023101,0.192070,0.023101,-4490.903397519066,True,76591624,reserved,3.4,37.7,0.0,15281217.767159538,0.0,20.976194694817703,6951000.5011250125,318340.72388703766,1002.59,1
2026-09-13T21:27:26.067364+00:00,1789334846.0672765,F_lat_centralus_rep3,r3-pub,F01,load,16,1,1000,6,0.1,2253629639,22033841,793848976912,60320,1789156079.537691,5909523.03,192964.18600000002,80536661,76342410,423084441,7606,20544,16055151,4765165645,11084509.461,775116.764,177/56A46000,177/56A765F0,1,1.000708818435669,6276493,6272047.257274657,5.981490380549103,4046,4043.1341519751973,4044,4041.1355686079332,0.0,0.0,6484347.774753965,0.0,streaming,177/56A43E70,177/56A43E70,177/56A43E70,8592,8592,1419752,8592,0.022333,0.022333,0.022333,655.5353444626123,True,83080568,reserved,4.5,37.7,0.0,14988927.571806198,0.0,25.981583774432806,6538159.63191755,299647.6042539008,1002.58,1
2026-09-13T21:27:27.068420+00:00,1789334847.067897,F_lat_centralus_rep3,r3-pub,F01,load,16,1,1000,6,0.1,2253654139,22033841,793855244040,60320,1789156079.537691,5909559.3719999995,192964.18600000002,80540699,76342410,423088476,7606,20544,16055151,4765210441,11084509.461,775127.211,177/57070000,177/57075780,3,1.0006206035614014,6267128,6263241.010323078,5.973092089007452,4038,4035.4955570852535,4035,4032.497417741208,0.0,0.0,6459479.2241886705,0.0,streaming,177/56FE5DA0,177/56F69D68,177/56F69D68,565856,1073816,1711536,1073816,0.022494,0.022494,0.022494,1064563.3282071773,True,89544056,reserved,2.1,37.7,0.0,14892005.968059812,0.0,19.98759562697005,6058504.070796899,274287.7760293473,1002.58,1
2026-09-13T21:27:28.068122+00:00,1789334848.0681224,F_lat_centralus_rep3,r3-pub,F01,load,16,1,1000,6,0.1,2253678661,22033841,793861503274,60320,1789156079.537691,5909592.748,192964.18600000002,80544737,76342410,423092511,7606,20544,16055151,4765255376,11084509.461,775137.925,177/57627D18,177/5766FDE0,1,1.000225305557251,6259234,6257824.077459049,5.967926099261331,4038,4037.090421093003,4035,4034.0910968574212,0.0,0.0,5994449.4172336375,0.0,streaming,177/57625E78,177/57625E78,177/57625798,7840,7840,506776,9600,0.021959,0.021959,0.021959,-1063976.2802312807,True,95539856,reserved,9.2,37.7,0.0,6011573.559069319,0.0,12.997071687520812,6500047.503175139,285584.6561898948,1002.57,1
2026-09-13T21:27:29.068922+00:00,1789334849.068923,F_lat_centralus_rep3,r3-pub,F01,load,16,1,1000,6,0.1,2253703202,22033842,793867785968,60320,1789156079.537691,5909629.29,192964.18600000002,80548773,76342410,423096547,7606,20544,16055151,4765300264,11084509.461,775147.846,177/57C58000,177/57C70608,1,1.000800609588623,6282694,6277668.038773965,5.986850775503125,4036,4032.771324608794,4036,4032.771324608794,0.0,0.0,6483617.153937597,0.0,streaming,177/57C53FE8,177/57C53FE8,177/57C532E0,16408,16408,814728,19744,0.022611,0.022611,0.022611,10135.885113189199,True,6002568,reserved,2.7,37.7,0.0,23328522.960829146,0.0,35.971201111475864,6505472.656212911,302388.9045435292,1002.56,1
2026-09-13T21:27:30.069143+00:00,1789334850.0691438,F_lat_centralus_rep3,r3-pub,F01,load,16,1,1000,6,0.1,2253727686,22033842,793874040945,60320,1789156079.537691,5909664.626,192964.18600000002,80552802,76342410,423100570,7606,20544,16055151,4765344788,11084509.461,775157.113,177/5820E000,177/5826F9B0,1,1.000220775604248,6254977,6253596.358485232,5.963894232259018,4029,4028.1106914281218,4023,4022.1120157893606,0.0,0.0,5987030.209787783,0.0,streaming,177/5820BD28,177/5820BD28,177/5820BD28,8920,8920,620856,8920,0.022120,0.022120,0.022120,-10821.61085232514,True,11990920,reserved,4.7,37.7,0.0,14386071.906282134,0.0,21.995144008790938,6040729.3543267,272633.8091060562,1002.56,1
2026-09-13T21:27:31.069443+00:00,1789334851.069444,F_lat_centralus_rep3,r3-pub,F01,load,16,1,1000,6,0.1,2253752233,22033842,793880340606,60320,1789156079.537691,5909700.851,192964.18600000002,80556836,76342410,423104601,7606,20544,16055151,4765389292,11084509.461,775166.259,177/58840000,177/58874230,1,1.0003001689910889,6299661,6297770.604551523,6.0060220761790495,4034,4032.7894816500193,4031,4029.7903818867694,0.0,0.0,6494306.610536894,0.0,streaming,177/5883DC28,177/5883DC28,177/5883DC28,9176,9176,933488,9176,0.022180,0.022180,0.022180,255.923179797324,True,18487176,reserved,5.2,37.7,0.0,6518875.235797437,0.0,13.995798895166155,6535543.232581658,285103.4207938243,1002.55,1
2026-09-13T21:27:32.069558+00:00,1789334852.0695586,F_lat_centralus_rep3,r3-pub,F01,load,16,1,1000,6,0.1,2253776791,22033842,793886617954,60320,1789156079.537691,5909740.233,192964.18600000002,80560873,76342410,423108635,7606,20544,16055151,4765433997,11084509.461,775174.192,177/58E70000,177/58E72890,1,1.0001146793365479,6277348,6276628.200442215,5.985859108392921,4037,4036.537092604269,4034,4033.5374366028295,0.0,0.0,6487320.0384420175,0.0,streaming,177/58DFBF68,177/58D67FA8,177/58D67F20,475288,1081432,2263600,1081568,0.022180,0.022180,0.022180,1072269.0328987064,True,24975240,reserved,5.0,37.7,0.0,14891348.270060087,0.0,18.997821342452593,6511341.283701548,300376.5530161856,1002.55,1
2026-09-13T21:27:33.070465+00:00,1789334853.0704587,F_lat_centralus_rep3,r3-pub,F01,load,16,1,1000,6,0.1,2253801295,22033842,793892866814,60320,1789156079.537691,5909779.825,192964.18600000002,80564907,76342410,423112666,7606,20544,16055151,4765478582,11084509.461,775182.394,177/59426000,177/5947F940,3,1.0009000301361084,6248860,6243240.895047473,5.954018492743943,4034,4030.37254325133,4031,4027.375240913761,0.0,0.0,5982967.149262317,0.0,streaming,177/59421F80,177/59421F80,177/59421A78,16512,16512,1263240,17800,0.021895,0.191386,0.021895,-1062811.4376770898,True,30963592,reserved,5.6,37.7,0.0,14376308.888754118,0.0,20.981116362984118,6034751.5417484995,282486.7534088806,1002.54,1
2026-09-13T21:27:34.071056+00:00,1789334854.071024,F_lat_centralus_rep3,r3-pub,F01,load,16,1,1000,6,0.1,2253825739,22033842,793899135928,60320,1789156079.537691,5909813.25,192964.18600000002,80568936,76342410,423116692,7606,20544,16055151,4765522907,11084509.461,775191.467,177/59A58000,177/59A81920,3,1.0005652904510498,6269114,6265572.131903471,5.975315219787094,4029,4026.723731525553,4026,4023.725426438788,0.0,0.0,6492585.803242805,0.0,streaming,177/59A55FB0,177/59A55FB0,177/59A55730,8272,8272,333424,10448,0.022082,0.193922,0.022082,-7347.846332632382,True,37459848,reserved,8.7,37.7,0.0,14986984.001054168,0.0,28.98361583872947,6549600.573337702,292289.7713832975,1002.54,1
2026-09-13T21:27:35.071829+00:00,1789334855.0713227,F_lat_centralus_rep3,r3-pub,F01,load,16,1,1000,6,0.1,2253850333,22033843,793905424550,60320,1789156079.537691,5909843.123,192964.18600000002,80572989,76342410,423120742,7606,20544,16055151,4765567764,11084509.461,775200.597,177/59F80000,177/5A07F9C0,3,1.0002987384796143,6288622,6286743.907683294,5.9955061985810225,4053,4051.789574542784,4050,4048.790470490569,0.0,0.0,5405105.287064387,0.0,streaming,177/59F7DFC8,177/59F7DFC8,177/59F7DFC8,8248,8248,606888,8248,0.016398,0.016398,0.016398,-2199.3429716245064,True,42866568,reserved,4.6,37.7,0.0,5405105.287064387,0.0,11.996416208860945,5456633.893486848,238053.8841445844,1002.53,1
2026-09-13T21:27:36.074687+00:00,1789334856.0741036,F_lat_centralus_rep3,r3-pub,F01,load,16,1,1000,6,0.1,2253874886,22033843,793911700045,60320,1789156079.537691,5909879.911,192964.18600000002,80577035,76342410,423124785,7606,20544,16055151,4765612450,11084509.461,775209.177,177/5A62A000,177/5A68B088,1,1.0027809143066406,6275495,6258091.783028306,5.96818140318709,4046,4034.7796236205318,4043,4031.787943227338,0.0,0.0,6968397.4837431,0.0,streaming,177/5A627E80,177/5A627E80,177/5A627E80,8576,8576,392768,8576,0.021817,0.193175,0.021817,327.0903896558414,True,49854344,reserved,6.0,37.7,0.0,15558397.429998517,0.0,28.91957713420549,7032801.382020975,326032.3320234486,1002.53,1
2026-09-13T21:27:37.075011+00:00,1789334857.0750113,F_lat_centralus_rep3,r3-pub,F01,load,16,1,1000,6,0.1,2253899517,22033843,793917985916,60320,1789156079.537691,5909912.863,192964.18600000002,80581089,76342410,423128836,7606,20544,16055151,4765657142,11084509.461,775217.588,177/5AC5F6F0,177/5AC90348,1,1.0009076595306396,6285871,6280170.743170917,5.989237540408055,4054,4050.3236851050387,4051,4047.326405614335,0.0,0.0,6504416.204640611,0.0,streaming,177/5AC5DE30,177/5AC5DE30,177/5AC5D7F8,6336,6336,729256,7928,0.022031,0.022031,0.022031,-647.4123699921226,True,56364664,reserved,3.1,37.7,0.0,14895919.576628631,0.0,20.9809564349299,6558212.3760329345,292360.63608227606,1002.52,1
2026-09-13T21:27:38.075867+00:00,1789334858.0758672,F_lat_centralus_rep3,r3-pub,F01,load,16,1,1000,6,0.1,2253924107,22033843,793924279142,60320,1789156079.537691,5909945.709,192964.18600000002,80585137,76342410,423132881,7606,20544,16055151,4765702080,11084509.461,775226.045,177/5B21DAF8,177/5B296498,1,1.0008559226989746,6293226,6287844.09151446,5.9965554156441305,4048,4044.5381879580573,4045,4041.5407535302224,0.0,0.0,6017001.9114841875,0.0,streaming,177/5B21BC30,177/5B21BC30,177/5B21BAA0,7880,7880,561880,8280,0.021842,0.021842,0.021842,351.698972865918,True,62386816,reserved,5.2,37.7,0.0,12838163.524426296,0.0,114.90165306699026,6057451.289943005,266948.5127085153,1002.52,1
2026-09-13T21:27:39.076525+00:00,1789334859.0765252,F_lat_centralus_rep3,r3-pub,F01,load,16,1,1000,6,0.1,2253948781,22033843,793930589560,60320,1789156079.537691,5909983.4059999995,192964.18600000002,80589195,76342410,423136936,7606,20544,16055151,4765746876,11084509.461,775234.271,177/5B857A08,177/5B89F220,1,1.0006580352783203,6310418,6306268.253014965,6.014126065268483,4058,4055.3314488413807,4055,4052.3334216490384,0.0,0.0,6524490.654975954,0.0,streaming,177/5B855FF8,177/5B855FF8,177/5B854FD8,6672,6672,919632,10800,0.022585,0.022585,0.022585,2518.3428415673434,True,68915600,reserved,4.4,37.7,0.0,6549290.3359110085,0.0,12.99145116681566,6558515.265581844,304317.7481858747,1002.51,1
2026-09-13T21:27:40.077503+00:00,1789334860.0775034,F_lat_centralus_rep3,r3-pub,F01,load,16,1,1000,6,0.1,2253973449,22033843,793936911235,60320,1789156079.537691,5910017.891,192964.18600000002,80593254,76342410,423140992,7606,20544,16055151,4765791707,11084509.461,775242.768,177/5BE8F8B0,177/5BEA7D78,1,1.0009782314300537,6321675,6315496.98235545,6.022927267413569,4059,4055.033239035663,4056,4052.0361708619484,0.0,0.0,6514115.687295682,0.0,streaming,177/5BE8DFE8,177/5BD81DF8,177/5BD81CF0,6344,1104568,2280904,1104832,0.023963,0.023963,0.023963,1092962.8294083923,True,75436088,reserved,8.8,37.7,0.0,15827844.704839716,0.0,40.95993170743094,6561059.765123296,308560.1567565984,1002.5,1
2026-09-13T21:27:41.078014+00:00,1789334861.0780144,F_lat_centralus_rep3,r3-pub,F01,load,16,1,1000,6,0.1,2253996567,22033844,793942825117,60320,1789156079.537691,5910052.089,192964.18600000002,80597058,76342410,423144793,7606,20544,16055151,4765833769,11084509.461,775251.12,177/5C41A000,177/5C4AB9C8,1,1.0005109310150146,5913882,5910861.957300545,5.637037236500306,3804,3802.0574109478803,3801,3799.0589429581737,0.0,0.0,5807033.006731647,0.0,streaming,177/5C417FC8,177/5C417FC8,177/5C417F48,8248,8248,1224912,8376,0.021974,0.185588,0.021974,-1095896.0727072211,True,81246088,reserved,3.7,37.7,0.0,22700721.497323807,0.0,32.98314788677183,5853556.236570603,261893.19064627768,1002.5,1
2026-09-13T21:27:42.078571+00:00,1789334862.0785713,F_lat_centralus_rep3,r3-pub,F01,load,16,1,1000,6,0.1,2254021114,22033844,793949095370,60320,1789156079.537691,5910086.429,192964.18600000002,80601106,76342410,423148838,7606,20544,16055151,4765878673,11084509.461,775259.55,177/5CA4C000,177/5CAACE88,1,1.0005569458007812,6270253,6266762.752800335,5.976450684357009,4048,4045.7467383430553,4045,4042.7484082504097,0.0,0.0,6492639.951443059,0.0,streaming,177/5CA45FD8,177/5CA45FD8,177/5CA45AD0,24616,24616,1144640,25904,0.023331,0.192999,0.023331,17518.243287963705,True,87742344,reserved,4.8,37.7,0.0,6558139.4717602655,0.0,20.988310648518816,6546923.718327043,304294.5244424111,1002.49,1
2026-09-13T21:27:43.078837+00:00,1789334863.0788372,F_lat_centralus_rep3,r3-pub,F01,load,16,1,1000,6,0.1,2254045709,22033844,793955384785,60320,1789156079.537691,5910119.302,192964.18600000002,80605164,76342410,423152893,7606,20544,16055151,4765923667,11084509.461,775268.135,177/5D07E000,177/5D0AEAA8,1,1.0002658367156982,6289415,6287743.486922284,5.99645947162846,4058,4056.92152130693,4055,4053.9223186051263,0.0,0.0,6494529.515603567,0.0,streaming,177/5CFFFC50,177/5CFFFC50,177/5CFFFC50,517040,517040,1476456,517040,0.021130,0.021130,0.021130,491005.47271774284,True,94238600,reserved,4.4,37.7,0.0,14913667.399639463,0.0,20.994418912628273,6066363.337894022,269221.4310589717,1002.49,1
2026-09-13T21:27:44.079389+00:00,1789334864.0793889,F_lat_centralus_rep3,r3-pub,F01,load,16,1,1000,6,0.1,2254068811,22033844,793961279280,60320,1789156079.537691,5910157.278,192964.18600000002,80608969,76342410,423156695,7606,20544,16055151,4765965822,11084509.461,775275.71,177/5D638000,177/5D6B1000,1,1.000551700592041,5894495,5891244.79675777,5.618328854329843,3805,3802.901936750021,3802,3799.90359093918,0.0,0.0,6001425.010268745,0.0,streaming,177/5D62FBF8,177/5D62FBF8,177/5D62FBF8,33800,33800,359616,33800,0.022661,0.022661,0.022661,-482973.54321027076,True,5217872,reserved,9.2,37.7,0.0,14442719.942856843,0.0,27.98456090118281,6550271.211494589,304143.20401428005,1002.48,1
2026-09-13T21:27:45.079456+00:00,1789334865.079456,F_lat_centralus_rep3,r3-pub,F01,load,16,1,1000,6,0.1,2254093460,22033844,793967580168,60320,1789156079.537691,5910189.194,192964.18600000002,80613030,76342410,423160753,7606,20544,16055151,4766010663,11084509.461,775284.076,177/5DC6FC38,177/5DCB8390,1,1.0000672340393066,6300888,6300464.394329262,6.008591074303877,4061,4060.7269809225513,4058,4057.7271826111087,0.0,0.0,6519425.672678066,0.0,streaming,177/5DC6DD10,177/5DC6DD10,177/5DC6D7A0,7976,7976,711640,9368,0.022652,0.022652,0.022652,-24430.35744838704,True,11737736,reserved,2.9,37.7,0.0,14941203.442540456,0.0,18.998722639135305,6589288.97548602,302547.65849883633,1002.48,1
2026-09-13T21:27:46.079906+00:00,1789334866.07985,F_lat_centralus_rep3,r3-pub,F01,load,16,1,1000,6,0.1,2254118012,22033844,793973858007,60320,1789156079.537691,5910222.529,192964.18600000002,80617072,76342410,423164792,7606,20544,16055151,4766055290,11084509.461,775292.672,177/5E210000,177/5E2BD6E0,1,1.0003938674926758,6277839,6275367.336801435,5.984656655122218,4042,4040.4086143896648,4039,4037.4097955269312,0.0,0.0,5896885.408529546,0.0,streaming,177/5E20DFE8,177/5E20DFE8,177/5E20D558,8216,8216,431560,10920,0.022221,0.022221,0.022221,1551.3889583208213,True,17636944,reserved,5.0,37.7,0.0,6006466.24819898,0.0,24.99015718944622,5953114.261812088,261275.09223452295,1002.47,1
2026-09-13T21:27:47.080374+00:00,1789334867.0803747,F_lat_centralus_rep3,r3-pub,F01,load,16,1,1000,6,0.1,2254142686,22033845,793980169391,60320,1789156079.537691,5910257.674,192964.18600000002,80621136,76342410,423168853,7606,20544,16055151,4766100518,11084509.461,775301.531,177/5E846000,177/5E8BFDF8,1,1.0005247592926025,6311384,6308073.779665698,6.0158479496628745,4064,4061.868496760995,4061,4058.870070213189,0.0,0.0,6509224.2241007695,0.0,streaming,177/5E843F40,177/5E843F40,177/5E843F40,8384,8384,749776,8384,0.022427,0.022427,0.022427,-2534.669908411881,True,24149584,reserved,3.1,37.7,0.0,14893432.532879623,0.0,17.990559286835115,6571709.434406011,285462.2010573084,1002.47,1
2026-09-13T21:27:48.080541+00:00,1789334868.0805411,F_lat_centralus_rep3,r3-pub,F01,load,16,1,1000,6,0.1,2254167310,22033845,793986441283,60320,1789156079.537691,5910297.353,192964.18600000002,80625188,76342410,423172902,7606,20544,16055151,4766145340,11084509.461,775309.706,177/5EE78F30,177/5EEC1778,1,1.000166416168213,6271892,6270848.4294329295,5.9803470892266555,4052,4051.3257938852,4049,4048.326293050635,0.0,0.0,6499062.45092994,0.0,streaming,177/5EE77C88,177/5EE77C88,177/5EE77B68,4776,4776,1081920,5064,0.022459,0.022459,0.022459,-3319.447590251447,True,30649728,reserved,5.4,37.7,0.0,14890577.967072245,0.0,18.996838618908882,6561757.017540397,309392.5120836653,1002.46,1
2026-09-13T21:27:49.080704+00:00,1789334869.080705,F_lat_centralus_rep3,r3-pub,F01,load,16,1,1000,6,0.1,2254191961,22033845,793992739321,60320,1789156079.537691,5910330.698,192964.18600000002,80629247,76342410,423176958,7606,20544,16055151,4766190732,11084509.461,775318.64,177/5F41E000,177/5F4C7DB0,1,1.0001637935638428,6298038,6297006.590848943,6.005293455933517,4059,4058.3352708027264,4056,4055.3357621029463,0.0,0.0,5917958.676457709,0.0,streaming,177/5F41BCD8,177/5F41BCD8,177/5F41BCD8,9000,9000,1230192,9000,0.022459,0.022459,0.022459,3935.3554141117347,True,36568656,reserved,2.5,37.7,0.0,14329556.91080529,0.0,19.996724665201903,5966975.647793285,266641.3258669685,1002.46,1
2026-09-13T21:27:50.081013+00:00,1789334870.0810134,F_lat_centralus_rep3,r3-pub,F01,load,16,1,1000,6,0.1,2254216490,22033845,793999005063,60320,1789156079.537691,5910364.664,192964.18600000002,80633287,76342410,423180995,7606,20544,16055151,4766235504,11084509.461,775328.024,177/5FA82000,177/5FACCC00,1,1.0003085136413574,6265742,6263809.529313343,5.973634270966857,4040,4038.753989300214,4037,4035.7549145556845,0.0,0.0,6698989.270426766,0.0,streaming,177/5FA80000,177/5FA80000,177/5FA80000,8192,8192,1212528,8192,0.027490,0.027490,0.027490,-807.7507978600428,True,43269712,reserved,12.2,37.7,0.0,6715368.2172982255,0.0,11.996298978119448,6758757.831010502,304783.9699875917,1002.45,1
2026-09-13T21:27:51.081632+00:00,1789334871.0816326,F_lat_centralus_rep3,r3-pub,F01,load,16,1,1000,6,0.1,2254241164,22033845,794005322735,60320,1789156079.537691,5910403.199,192964.18600000002,80637356,76342410,423185061,7606,20544,16055151,4766280501,11084509.461,775338.052,177/600B8000,177/600D0EF0,1,1.0006191730499268,6317672,6313762.688299771,6.021273315715572,4069,4066.4821438485205,4066,4063.4840002182564,0.0,0.0,6508610.04406823,0.0,streaming,177/5FFFFD68,177/5FFFFD68,177/5FFFFD68,754328,754328,1550872,754328,0.021698,0.195776,0.021698,745674.2985703022,True,49782352,reserved,3.8,37.8,0.0,15121261.322508203,0.0,26.983292672378976,5817913.704627295,272131.5035069924,1002.44,1
2026-09-13T21:27:52.082527+00:00,1789334872.0825272,F_lat_centralus_rep3,r3-pub,F01,load,16,1,1000,6,0.1,2254265782,22033845,794011611617,60320,1789156079.537691,5910435.96,192964.18600000002,80641412,76342410,423189114,7606,20544,16055151,4766325148,11084509.461,775347.953,177/6062A000,177/606D3260,1,1.000894546508789,6288882,6283261.33051298,5.992184954178791,4056,4052.3749621253264,4053,4049.3776433663584,0.0,0.0,5704720.8618693985,0.0,streaming,177/60623CA8,177/60623CA8,177/60623CA8,25432,25432,1030120,25432,0.015993,0.015993,0.015993,-728244.5513790193,True,55492176,reserved,7.0,37.7,0.0,22466942.275224533,0.0,23.978550071747495,6499540.858416372,292341.4869434805,1002.44,1
2026-09-13T21:27:53.084190+00:00,1789334873.0841901,F_lat_centralus_rep3,r3-pub,F01,load,16,1,1000,6,0.1,2254290409,22033846,794017908003,60320,1789156079.537691,5910468.431,192964.18600000002,80645470,76342410,423193169,7606,20544,16055151,4766369927,11084509.461,775357.52,177/60C60000,177/60CD9698,1,1.0016629695892334,6296386,6285932.685104703,5.994732556442931,4058,4051.2628730441375,4055,4048.267853670275,0.0,0.0,6501827.658329761,0.0,streaming,177/60C5BDF8,177/60C5BDF8,177/60C5BDF8,16904,16904,535984,16904,0.021776,0.194422,0.021776,-8513.84174009867,True,62004816,reserved,4.1,37.7,0.0,6518184.457470213,0.0,11.980077495448409,6563683.793458135,287959.1327193457,1002.43,1
2026-09-13T21:27:54.084973+00:00,1789334874.0849738,F_lat_centralus_rep3,r3-pub,F01,load,16,1,1000,6,0.1,2254315037,22033846,794024198332,60320,1789156079.537691,5910502.1,192964.18600000002,80649525,76342410,423197221,7606,20544,16055151,4766414984,11084509.461,775367.044,177/61206000,177/612E3590,1,1.0007836818695068,6290329,6285403.24343558,5.994227641521054,4055,4051.824658476731,4052,4048.8270076813105,0.0,0.0,5918178.031176453,0.0,streaming,177/61203F90,177/61203F90,177/61203F90,8304,8304,1314192,8304,0.022140,0.022140,0.022140,-8593.265613538813,True,67927632,reserved,3.9,37.7,0.0,14394351.407778414,0.0,28.977291022398322,5974587.823844677,270079.34371500224,1002.43,1
2026-09-13T21:27:55.085556+00:00,1789334875.0855567,F_lat_centralus_rep3,r3-pub,F01,load,16,1,1000,6,0.1,2254339746,22033846,794030501637,60320,1789156079.537691,5910542.536,192964.18600000002,80653588,76342410,423201281,7606,20544,16055151,4766460229,11084509.461,775375.0,177/6183E000,177/618EE3D8,3,1.0005829334259033,6303305,6299632.733508723,6.007797940739367,4063,4060.6329213398276,4060,4057.6346691212652,0.0,0.0,6517033.003624472,0.0,streaming,177/6183BDF8,177/6183BDF8,177/6183BDF8,8712,8712,619016,8712,0.022433,0.022433,0.022433,407.7623017245015,True,74448464,reserved,3.7,37.7,0.0,14908941.079899704,0.0,17.989513311375067,6562295.618533298,288863.61174518656,1002.42,1
2026-09-13T21:27:56.085724+00:00,1789334876.0857239,F_lat_centralus_rep3,r3-pub,F01,load,16,1,1000,6,0.1,2254364430,22033846,794036815002,60320,1789156079.537691,5910574.989,192964.18600000002,80657652,76342410,423205342,7606,20544,16055151,4766504991,11084509.461,775383.13,177/61E72000,177/61EF2608,3,1.0001671314239502,6313365,6312310.014638838,6.01988793815502,4064,4063.320891393455,4061,4060.321392703942,0.0,0.0,6503361.084001568,0.0,streaming,177/61E6BFD0,177/61E6BFD0,177/61E6A3C0,24624,24624,954304,31808,0.023659,0.023659,0.023659,23092.1405776632,True,80952912,reserved,6.2,37.7,0.0,14915139.211545158,0.0,20.996490826590193,6549515.37017,300052.8517396284,1002.42,1
2026-09-13T21:27:57.086764+00:00,1789334877.0867643,F_lat_centralus_rep3,r3-pub,F01,load,16,1,1000,6,0.1,2254389004,22033846,794043087168,60320,1789156079.537691,5910608.091,192964.18600000002,80661700,76342410,423209387,7606,20544,16055151,4766549793,11084509.461,775391.407,177/6242E000,177/624FBB78,3,1.0010404586791992,6272166,6265646.853350634,5.975386479712137,4048,4043.792600891521,4045,4040.795719023271,0.0,0.0,6006678.2994302,0.0,streaming,177/6242BF78,177/6242BF78,177/6242B670,8328,8328,807752,10640,0.024882,0.024882,0.024882,-21145.998462369495,True,86965840,reserved,6.7,37.7,0.0,6018953.527562551,0.0,12.986488095748461,6074900.317239658,283876.63808807934,1002.41,1
2026-09-13T21:27:58.089879+00:00,1789334878.0888782,F_lat_centralus_rep3,r3-pub,F01,load,16,1,1000,6,0.1,2254413607,22033846,794049376446,60320,1789156079.537691,5910643.046,192964.18600000002,80665753,76342410,423213437,7606,20544,16055151,4766594575,11084509.461,775400.205,177/62A60000,177/62B0A6C0,1,1.0021138191223145,6289278,6276011.646569613,5.9852711167999395,4053,4044.4507626386753,4050,4041.4570907196235,0.0,0.0,6482553.055390098,0.0,streaming,177/62A5DDE8,177/62A5DDE8,177/62A5DDE8,8728,8728,1118552,8728,0.022015,0.022015,0.022015,-1907.9669030755358,True,93462096,reserved,2.9,37.7,0.0,14877990.618928095,0.0,18.959922153993297,6549057.477071829,293006.6369678124,1002.41,1
2026-09-13T21:27:59.090069+00:00,1789334879.0900695,F_lat_centralus_rep3,r3-pub,F01,load,16,1,1000,6,0.1,2254438144,22033847,794055668153,60320,1789156079.537691,5910686.86,192964.18600000002,80669797,76342410,423217478,7606,20544,16055151,4766639464,11084509.461,775408.481,177/6309A000,177/63115580,1,1.0011913776397705,6291707,6284220.120664844,5.993099327721447,4044,4039.1878019698993,4041,4036.1913718497435,0.0,0.0,6521254.722939841,0.0,streaming,177/62FFFFE0,177/62FFFFE0,177/62FFF540,630816,630816,1485592,633536,0.024563,0.024563,0.024563,624064.50350475,True,4934608,reserved,2.3,37.7,0.0,14989885.38572872,0.0,30.96311124160902,5921548.199881838,271587.43680055323,1002.4,1
2026-09-13T21:28:00.090429+00:00,1789334880.0904295,F_lat_centralus_rep3,r3-pub,F01,load,16,1,1000,6,0.1,2254462796,22033847,794061987216,60320,1789156079.537691,5910722.286,192964.18600000002,80673858,76342410,423221536,7606,20544,16055151,4766684638,11084509.461,775416.777,177/63640000,177/63717DB8,1,1.0003600120544434,6319063,6316788.879857877,6.024159316881063,4061,4059.5385171983316,4058,4056.539596845809,0.0,0.0,5920684.482215847,0.0,streaming,177/6363DD98,177/6363DD98,177/6363DD10,8808,8808,1240080,8944,0.021943,0.021943,0.021943,-624367.220274302,True,10857424,reserved,4.5,37.7,0.0,14314462.620903596,0.0,17.993522115136656,6597965.652830178,295654.560794163,1002.4,1
2026-09-13T21:28:01.090797+00:00,1789334881.090797,F_lat_centralus_rep3,r3-pub,F01,load,16,1,1000,6,0.1,2254487438,22033847,794068280901,60320,1789156079.537691,5910762.852,192964.18600000002,80677918,76342410,423225593,7606,20544,16055151,4766729604,11084509.461,775425.154,177/63D82000,177/63E9BC10,2,1.0003674030303955,6293685,6291373.530299618,5.999921350764864,4060,4058.508891534363,4057,4055.509993338648,0.0,0.0,7607572.954642509,0.0,streaming,177/63D7FD00,177/63D7FD00,177/63D7F2B0,8960,8960,642936,11600,0.015258,0.125121,0.015258,2655.0245359397213,True,18467792,reserved,4.6,37.8,0.0,7664895.89402087,0.0,16.993756442385266,6476133.6488721585,301936.06777371425,1002.39,1
2026-09-13T21:28:02.092023+00:00,1789334882.0920234,F_lat_centralus_rep3,r3-pub,F01,load,16,1,1000,6,0.1,2254512000,22033847,794074548123,60320,1789156079.537691,5910805.823,192964.18600000002,80681964,76342410,423229636,7606,20544,16055151,4766774358,11084509.461,775434.144,177/645354E8,177/64593DA8,2,1.0012264251708984,6267222,6259545.136286483,5.969567428862079,4046,4041.0439619683348,4043,4038.047636737019,0.0,0.0,8064581.3943851665,0.0,streaming,177/64533FF8,177/64533FF8,177/64533020,5360,5360,1016688,9416,0.022582,0.022582,0.022582,-2181.324768398132,True,26542264,reserved,6.0,38.0,0.0,16605298.843528006,0.0,39.951003084214875,6726889.9728154745,319408.26965829794,1002.38,1
2026-09-13T21:28:03.092696+00:00,1789334883.092697,F_lat_centralus_rep3,r3-pub,F01,load,16,1,1000,6,0.1,2254577267,22033850,794083371149,60320,1789156079.537691,5910839.11,192964.18600000002,80686020,76342410,423233733,7619,20595,16055151,4766932177,11084509.461,775445.284,177/64B71DF0,177/64BBAB60,1,1.000673532485962,8823026,8817087.40520103,8.40862980384925,4056,4053.269990986696,4097,4094.2423947417387,12.991249971111205,50.96567296359011,6535126.380083147,0.0,streaming,177/64B6FF88,177/64B6FF88,177/64B6FF88,7784,7784,1150392,7784,0.022218,0.191761,0.022218,-1630.9015348348835,True,33081792,reserved,13.3,37.8,0.0,19672126.18394717,0.0,23.983846100512995,6448824.507198134,301437.971733535,1002.38,1
2026-09-13T21:28:04.093414+00:00,1789334884.093415,F_lat_centralus_rep3,r3-pub,F01,load,16,1,1000,6,0.1,2254600282,22033850,794089244103,60320,1789156079.537691,5910871.447,192964.18600000002,80689811,76342410,423237521,7619,20595,16055151,4766974955,11084509.461,775453.785,177/65116000,177/6519DE70,1,1.000718116760254,5872954,5868739.5597605705,5.596866187820979,3791,3788.27957294614,3788,3785.2817257504557,0.0,0.0,5910907.278415063,0.0,streaming,177/65111FD0,177/65111FD0,177/651119B8,16432,16432,1148984,17992,0.010417,0.099610,0.010417,10200.674724514427,True,38996944,reserved,7.7,37.8,0.0,6151870.238874557,0.0,23.982777565472794,5949589.500063374,262500.49399568676,1002.38,1
2026-09-13T21:28:05.096534+00:00,1789334885.0955358,F_lat_centralus_rep3,r3-pub,F01,load,16,1,1000,6,0.1,2254624216,22033850,794095358876,60320,1789156079.537691,5910907.637,192964.18600000002,80693752,76342410,423241459,7619,20595,16055151,4767018629,11084509.461,775463.001,177/65749478,177/65749478,1,1.0021207332611084,6114773,6101832.640565436,5.819161072316586,3941,3932.659877393385,3938,3929.6662261291935,0.0,0.0,6487737.239846127,0.0,streaming,177/65684418,177/65641CA0,177/65641CA0,807008,1079256,1476032,1079256,0.021777,0.021777,0.021777,1059018.10508044,True,45498440,reserved,8.1,37.8,0.0,10128408.347535294,0.0,15.96614007568997,6014987.815274985,261875.63163771213,1002.37,1
2026-09-13T21:28:06.095936+00:00,1789334886.0959365,F_lat_centralus_rep3,r3-pub,F01,load,16,1,1000,6,0.1,2254647420,22033851,794101288349,60320,1789156079.537691,5910936.846,192964.18600000002,80697580,76342410,423245284,7619,20595,16055151,4767061087,11084509.461,775471.369,177/65C7C000,177/65CEFFD0,1,1.0004007816314697,5929473,5927097.528182775,5.652520683462882,3828,3826.4664225444085,3825,3823.467624407618,0.0,0.0,5448448.361976508,0.0,streaming,177/65C79FE8,177/65C79FE8,177/65C795D8,8216,8216,1330880,10792,0.021681,0.021681,0.021681,-1068035.9508091663,True,50949072,reserved,9.2,37.8,0.0,14338445.414454056,0.0,63.974360251526164,6050346.132406098,287628.7236908616,1002.37,1
2026-09-13T21:28:07.096636+00:00,1789334887.0966365,F_lat_centralus_rep3,r3-pub,F01,load,16,1,1000,6,0.1,2254670417,22033851,794107174586,60320,1789156079.537691,5910971.569,192964.18600000002,80701371,76342410,423249071,7619,20595,16055151,4767103265,11084509.461,775479.409,177/66212000,177/66282E20,1,1.0006999969482422,5886237,5882119.5342768105,5.609626325871287,3791,3788.3481678436306,3787,3784.3509658728117,0.0,0.0,5853182.789909559,0.0,streaming,177/6620FC98,177/6620FC98,177/6620F678,9064,9064,1146280,10632,0.022106,0.022106,0.022106,-159.88807883275678,True,56806352,reserved,5.6,37.7,0.0,22639128.67901383,0.0,24.982512317618244,5908458.097363029,255532.12829001914,1002.36,1
2026-09-13T21:28:08.097092+00:00,1789334888.0970926,F_lat_centralus_rep3,r3-pub,F01,load,16,1,1000,6,0.1,2254693259,22033851,794113001448,60320,1789156079.537691,5911002.195,192964.18600000002,80705132,76342410,423252830,7619,20595,16055151,4767145139,11084509.461,775488.077,177/6673C000,177/6681D080,1,1.0004560947418213,5826862,5824205.61044579,5.554395304151335,3761,3759.285409691634,3759,3757.2863214652625,0.0,0.0,5412443.413018917,0.0,streaming,177/66738000,177/66738000,177/66737F80,16384,16384,419360,16512,0.022106,0.210249,0.022106,5877.319385532254,True,62221264,reserved,6.9,37.8,0.0,5469761.270645441,0.0,18.991338150529394,5452342.215384953,243530.92682480434,1002.36,1
2026-09-13T21:28:09.098063+00:00,1789334889.0979662,F_lat_centralus_rep3,r3-pub,F01,load,16,1,1000,6,0.1,2254716228,22033851,794118872463,60320,1789156079.537691,5911039.886,192964.18600000002,80708918,76342410,423256613,7619,20595,16055151,4767187161,11084509.461,775495.86,177/66D96000,177/66DC3DB8,1,1.0008735656738281,5871015,5865890.759186349,5.59414935988078,3786,3782.6955669981285,3783,3779.698185407797,0.0,0.0,6654283.046746426,0.0,streaming,177/66D91DC0,177/66D91DC0,177/66D91DC0,16960,16960,901800,16960,0.022335,0.202856,0.022335,447.6089841561441,True,68881360,reserved,3.3,37.7,0.0,15105140.667614426,0.0,26.9764343129819,6714312.606983188,295326.0133321645,1002.35,1
2026-09-13T21:28:10.098508+00:00,1789334890.0985084,F_lat_centralus_rep3,r3-pub,F01,load,16,1,1000,6,0.1,2254739415,22033851,794124798849,60320,1789156079.537691,5911077.661,192964.18600000002,80712731,76342410,423260423,7619,20595,16055151,4767229554,11084509.461,775504.41,177/67308000,177/6737C718,1,1.000542163848877,5926386,5923174.66882398,5.648779553245525,3813,3810.933849436374,3810,3807.9354750465736,0.0,0.0,5706730.017289325,0.0,streaming,177/67305D88,177/67305D88,177/67305D88,8824,8824,1120320,8824,0.024126,0.024126,0.024126,-8131.591345138825,True,74591184,reserved,4.3,37.7,0.0,14107167.603715217,0.0,20.988620728603163,5744686.438689808,254546.99382210936,1002.35,1
2026-09-13T21:28:11.142142+00:00,1789334891.126476,F_lat_centralus_rep3,r3-pub,F01,load,16,1,1000,6,0.1,2254764409,22033851,794131194185,60320,1789156079.537691,5911121.553,192964.18600000002,80716837,76342410,423264526,7619,20595,16055151,4767275101,11084509.461,775513.412,177/67908EB0,177/679937C0,1,1.0279676914215088,6395336,6221339.496727092,5.933131691672413,4106,3994.288958947808,4103,3991.370579289541,0.0,0.0,6123943.439598535,0.0,streaming,177/67907B68,177/67907B68,177/67907610,4936,4936,540960,6304,0.021010,0.180576,0.021010,-2451.4389129441006,True,80886400,reserved,10.0,37.8,0.0,6235838.006869362,0.0,17.510277949600717,6155131.190213213,272204.0802790791,1002.34,1
2026-09-13T21:28:12.126939+00:00,1789334892.1269395,F_lat_centralus_rep3,r3-pub,F01,load,16,1,1000,6,0.1,2254788207,22033852,794137297655,60320,1789156079.537691,5911164.836,192964.18600000002,80720750,76342410,423268436,7619,20595,16055151,4767318656,11084509.461,775522.21,177/67F2C000,177/67F5DA98,1,1.0004634857177734,6103470,6100642.439360114,5.818026007995714,3913,3911.1872205837217,3910,3908.1886103967163,0.0,0.0,6432170.780708862,0.0,streaming,177/67F29C78,177/67F29C78,177/67F29B48,9096,9096,876608,9400,0.014617,0.014617,0.014617,3094.565712989318,True,87321552,reserved,5.4,37.8,0.0,14869780.069311442,0.0,27.987028412048097,6465437.362123497,296157.73511956393,1002.34,1
2026-09-13T21:28:13.127475+00:00,1789334893.1274753,F_lat_centralus_rep3,r3-pub,F01,load,16,1,1000,6,0.1,2254812306,22033852,794143453634,60320,1789156079.537691,5911200.27,192964.18600000002,80724715,76342410,423272401,7619,20595,16055151,4767362882,11084509.461,775530.877,177/68521188,177/685518A0,1,1.0005357265472412,6155979,6152682.844463466,5.8676556057581575,3965,3962.876981597507,3965,3962.876981597507,0.0,0.0,6243447.219578173,0.0,streaming,177/6851FF00,177/6851FF00,177/6851FEB8,4744,4744,490152,4816,0.021918,0.021918,0.021918,-4581.545544424457,True,93568344,reserved,3.5,37.8,0.0,14647640.869931523,0.0,20.988755766342408,6301366.190847674,283130.31957147666,1002.33,1
2026-09-13T21:28:14.128390+00:00,1789334894.1278625,F_lat_centralus_rep3,r3-pub,F01,load,16,1,1000,6,0.1,2254836653,22033852,794149684967,60320,1789156079.537691,5911234.8719999995,192964.18600000002,80728732,76342410,423276412,7619,20595,16055151,4767407570,11084509.461,775539.429,177/68B4E000,177/68B4F930,1,1.000387191772461,6231333,6228921.212955036,5.940362179713284,4017,4015.445252635412,4011,4009.4475748868904,0.0,0.0,6472877.754989123,0.0,streaming,177/68AE17A0,177/68A41F28,177/68A41F28,444512,1097944,1821592,1097944,0.010932,0.030813,0.010932,1092704.913647708,True,5306680,reserved,4.0,37.8,0.0,14936424.739230989,0.0,28.988775784522517,6530419.475308442,308712.4690719193,1002.32,1
2026-09-13T21:28:15.127990+00:00,1789334895.1279902,F_lat_centralus_rep3,r3-pub,F01,load,16,1,1000,6,0.1,2254861257,22033852,794155984371,60320,1789156079.537691,5911271.9799999995,192964.18600000002,80732786,76342410,423280463,7619,20595,16055151,4767452583,11084509.461,775548.545,177/69114000,177/6915CD70,1,1.0001277923583984,6299404,6298599.087168044,6.006812178772015,4054,4053.4819959760084,4051,4050.4823793040973,0.0,0.0,6053114.458227728,0.0,streaming,177/69111B88,177/69111B88,177/691116C0,9336,9336,648760,10560,0.022682,0.022682,0.022682,-1087245.0583898313,True,11360568,reserved,7.0,37.8,0.0,6200551.616885507,0.0,22.99706115131924,6108850.335608509,278451.41603684524,1002.32,1
2026-09-13T21:28:16.129385+00:00,1789334896.129333,F_lat_centralus_rep3,r3-pub,F01,load,16,1,1000,6,0.1,2254886047,22033852,794162321834,60320,1789156079.537691,5911307.13,192964.18600000002,80736876,76342410,423284549,7619,20595,16055151,4767498101,11084509.461,775559.297,177/69758000,177/69771A78,1,1.0013427734375,6337463,6328964.634402048,6.035771021272705,4090,4084.5154211873705,4086,4080.5207850786296,0.0,0.0,6561173.830062172,0.0,streaming,177/69755FF8,177/69649F58,177/69649F58,8200,1106088,2078816,1106088,0.022197,0.022197,0.022197,1094058.9267341217,True,17930552,reserved,3.1,37.8,0.0,14999890.545410216,0.0,22.96915762525905,6613740.245276119,313885.52285749116,1002.31,1
2026-09-13T21:28:17.129838+00:00,1789334897.1298382,F_lat_centralus_rep3,r3-pub,F01,load,16,1,1000,6,0.1,2254910925,22033852,794168676529,60320,1789156079.537691,5911337.337,192964.18600000002,80740974,76342410,423288645,7619,20595,16055151,4767543385,11084509.461,775570.783,177/69C96000,177/69D8DCF0,1,1.0005052089691162,6354695,6351486.172218578,6.057249233454302,4098,4095.930699073949,4096,4093.931708981673,0.0,0.0,5494056.353453405,0.0,streaming,177/69C93FC0,177/69C93FC0,177/69C93FC0,8256,8256,368328,8256,0.022567,0.192624,0.022567,-1097277.645491887,True,23427384,reserved,5.0,37.8,0.0,13878428.493447872,0.0,19.989900922762075,5558316.888454762,256545.3909674978,1002.31,1
2026-09-13T21:28:18.130205+00:00,1789334898.1302052,F_lat_centralus_rep3,r3-pub,F01,load,16,1,1000,6,0.1,2254935980,22033853,794175077661,60320,1789156079.537691,5911377.011,192964.18600000002,80745097,76342410,423292765,7619,20595,16055151,4767589200,11084509.461,775580.387,177/6A332000,177/6A3AF618,1,1.0003669261932373,6401132,6398784.118502051,6.102356070043612,4123,4121.487718201086,4120,4118.488818575909,0.0,0.0,6927889.975704048,0.0,streaming,177/6A330000,177/6A330000,177/6A32FAF8,8192,8192,1191672,9480,0.001291,0.070926,0.001291,1223.5510470720662,True,30357816,reserved,4.3,37.7,0.0,23727613.717024207,0.0,26.990096626589697,6955506.8423523,320900.2532916508,1002.3,1
2026-09-13T21:28:19.130949+00:00,1789334899.1309392,F_lat_centralus_rep3,r3-pub,F01,load,16,1,1000,6,0.1,2254961022,22033853,794181482779,60320,1789156079.537691,5911414.347,192964.18600000002,80749217,76342410,423296881,7619,20595,16055151,4767634739,11084509.461,775588.823,177/6A980000,177/6A9CB3B0,1,1.0007340908050537,6405118,6400419.51088857,6.103915701759882,4120,4116.977764478485,4116,4112.98069868773,0.0,0.0,6606094.526750597,0.0,streaming,177/6A97DFE8,177/6A97DFE8,177/6A97D3B8,8216,8216,517976,11336,0.022970,0.022970,0.022970,1854.6385269106966,True,36968760,reserved,3.3,37.8,0.0,6622466.508229532,0.0,11.991197372267434,6669499.981389356,299920.83087581,1002.3,1
2026-09-13T21:28:20.131165+00:00,1789334900.1311657,F_lat_centralus_rep3,r3-pub,F01,load,16,1,1000,6,0.1,2254986042,22033853,794187877551,60320,1789156079.537691,5911451.9969999995,192964.18600000002,80753337,76342410,423300999,7619,20595,16055151,4767680415,11084509.461,775597.523,177/6AFC6000,177/6AFDF5B0,1,1.0002264976501465,6394772,6393323.927153874,6.097148825792193,4120,4119.067040994419,4118,4117.06749388714,0.0,0.0,6576686.395985559,0.0,streaming,177/6AFC3BE8,177/6AFC3BE8,177/6AFC3BE8,9240,9240,916760,9240,0.021968,0.021968,0.021968,-2095.525368428229,True,43546936,reserved,3.3,37.7,0.0,14971584.971185058,0.0,17.995923965509597,6652465.2322572125,294488.29909225996,1002.29,1
2026-09-13T21:28:21.131263+00:00,1789334901.131264,F_lat_centralus_rep3,r3-pub,F01,load,16,1,1000,6,0.1,2255009415,22033853,794193842392,60320,1789156079.537691,5911487.62,192964.18600000002,80757193,76342410,423304852,7619,20595,16055151,4767722983,11084509.461,775605.967,177/6B534000,177/6B5F6478,1,1.0000982284545898,5964841,5964255.1404347755,5.687956943926597,3856,3855.621268281333,3853,3852.621562937753,0.0,0.0,5692880.797117135,0.0,streaming,177/6B531BB8,177/6B531BB8,177/6B531BB8,9288,9288,445568,9288,0.022617,0.022617,0.022617,47.995285497278005,True,49240376,reserved,2.9,37.7,0.0,14183054.820443625,0.0,23.997642748639002,5741055.065033247,269900.48809216166,1002.29,1
2026-09-13T21:28:22.132246+00:00,1789334902.1322463,F_lat_centralus_rep3,r3-pub,F01,load,16,1,1000,6,0.1,2255035802,22033853,794200596176,60320,1789156079.537691,5911525.209,192964.18600000002,80761545,76342410,423309201,7619,20595,16055151,4767770994,11084509.461,775615.195,177/6BB72000,177/6BC0BA90,3,1.0009822845458984,6753784,6747156.372566468,6.4345897412934,4352,4347.729292706025,4349,4344.7322366678545,0.0,0.0,6538984.856229861,0.0,streaming,177/6BB6FC98,177/6BB6FC98,177/6BB6FC98,9064,9064,821064,9064,0.022929,0.022929,0.022929,-223.78018418339835,True,55785784,reserved,6.4,37.8,0.0,6555352.77827299,0.0,11.988224152682054,6613718.446579002,299596.7107809978,1002.28,1
2026-09-13T21:28:23.133143+00:00,1789334903.132625,F_lat_centralus_rep3,r3-pub,F01,load,16,1,1000,6,0.1,2255060514,22033853,794206900679,60320,1789156079.537691,5911575.3149999995,192964.18600000002,80765623,76342410,423313276,7619,20595,16055151,4767816010,11084509.461,775624.109,177/6C20D6A0,177/6C21ACE0,4,1.0003788471221924,6304503,6302115.461693613,6.010165654843915,4078,4076.4556465095748,4075,4073.4567826205293,0.0,0.0,6925408.328984557,0.0,streaming,177/6C20BD28,177/6C101B78,177/6C101AA8,6520,1096488,1563256,1096696,0.001868,0.010828,0.001868,1087220.1097902162,True,62713816,reserved,5.8,37.8,0.0,15329616.418935373,0.0,22.991289816017712,7002391.164258955,339705.3036233288,1002.28,1
2026-09-13T21:28:24.133878+00:00,1789334904.1333714,F_lat_centralus_rep3,r3-pub,F01,load,16,1,1000,6,0.1,2255085250,22033854,794213222552,60320,1789156079.537691,5911624.808999999,192964.18600000002,80769702,76342410,423317352,7619,20595,16055151,4767861413,11084509.461,775633.31,177/6C738000,177/6C8288D0,2,1.000746250152588,6321873,6317158.8192672,6.024512118594361,4079,4075.9583154851275,4076,4072.960552566163,0.0,0.0,5413272.344686777,0.0,streaming,177/6C733E00,177/6C733E00,177/6C733E00,16896,16896,801040,16896,0.021805,0.021805,0.021805,-1078994.7999658838,True,68131128,reserved,4.1,37.7,0.0,13952851.682303045,0.0,26.979866270678706,5460274.2694932185,255361.436489055,1002.27,1
2026-09-13T21:28:25.136498+00:00,1789334905.1358714,F_lat_centralus_rep3,r3-pub,F01,load,16,1,1000,6,0.1,2255108334,22033854,794219126901,60320,1789156079.537691,5911668.641,192964.18600000002,80773509,76342410,423321156,7619,20595,16055151,4767903447,11084509.461,775641.073,177/6CD6E000,177/6CE2F378,1,1.002500057220459,5904349,5889624.601489254,5.616783715714697,3807,3797.506017660811,3804,3794.513499128375,0.0,0.0,6496398.631693854,0.0,streaming,177/6CD6BFC8,177/6CD6BFC8,177/6CD6AFE0,8248,8248,1136368,12320,0.021739,0.021739,0.021739,-4564.58826814181,True,74643768,reserved,6.7,37.7,0.0,14880430.073351583,0.0,19.950123549570847,6563056.982003857,298198.48672014533,1002.27,1
2026-09-13T21:28:26.136544+00:00,1789334906.136545,F_lat_centralus_rep3,r3-pub,F01,load,16,1,1000,6,0.1,2255133020,22033854,794225423208,60320,1789156079.537691,5911723.978,192964.18600000002,80777572,76342410,423325216,7619,20595,16055151,4767948672,11084509.461,775650.844,177/6D41F880,177/6D4356D0,1,1.000673532485962,6296307,6292069.087065944,6.000584685388512,4063,4060.2652794326787,4060,4057.2672986701145,0.0,0.0,7013899.910556954,0.0,streaming,177/6D41E000,177/6D313C48,177/6D313C48,6272,1096760,2268416,1096760,0.021739,0.196296,0.021739,1083710.0860516797,True,81662392,reserved,5.8,37.8,0.0,7093590.236533592,0.0,18.987211496239453,7068728.981396569,326936.7974460637,1002.26,1
2026-09-13T21:28:27.138041+00:00,1789334907.1380415,F_lat_centralus_rep3,r3-pub,F01,load,16,1,1000,6,0.1,2255157681,22033854,794231726645,60320,1789156079.537691,5911762.524,192964.18600000002,80781624,76342410,423329265,7619,20595,16055151,4767994192,11084509.461,775660.5,177/6D946000,177/6DA37FC8,1,1.0014965534210205,6303437,6294017.666329491,6.002442995385638,4052,4045.94502712839,4049,4042.949510079677,0.0,0.0,5392378.018229383,0.0,streaming,177/6D943E98,177/6D943E98,177/6D9432F8,8552,8552,1202016,11528,0.015501,0.015501,0.015501,-1083610.3192696439,True,87062840,reserved,4.3,37.8,0.0,13774713.405529378,0.0,16.974596609373798,5442336.253062136,239928.93353371831,1002.25,1
2026-09-13T21:28:28.138526+00:00,1789334908.138527,F_lat_centralus_rep3,r3-pub,F01,load,16,1,1000,6,0.1,2255182275,22033854,794238020264,60320,1789156079.537691,5911801.521,192964.18600000002,80785677,76342410,423333315,7619,20595,16055151,4768039095,11084509.461,775670.368,177/6DF76FB0,177/6E0367E8,1,1.0004854202270508,6293619,6290565.432299576,5.999150688457084,4053,4051.0335463761276,4050,4048.0350019302537,0.0,0.0,6488930.142057126,0.0,streaming,177/6DF75C60,177/6DF75C60,177/6DF75758,4944,4944,487096,6232,0.024122,0.193559,0.024122,-5293.430461783363,True,93554920,reserved,4.7,37.8,0.0,17939963.578806292,0.0,87.95730374564502,6554683.224181072,295732.4454891644,1002.25,1
2026-09-13T21:28:29.138982+00:00,1789334909.1389732,F_lat_centralus_rep3,r3-pub,F01,load,16,1,1000,6,0.1,2255206753,22033854,794244268017,60320,1789156079.537691,5911845.069,192964.18600000002,80789719,76342410,423337352,7619,20595,16055151,4768083923,11084509.461,775681.21,177/6E52C000,177/6E635918,1,1.0004463195800781,6247753,6244965.749509077,5.955663442143513,4042,4040.1967810692404,4037,4035.1990116715792,0.0,0.0,5981666.265224338,0.0,streaming,177/6E529FD0,177/6E529FD0,177/6E528960,8240,8240,1319240,13984,0.002344,0.115905,0.002344,7748.541674133783,True,4019120,reserved,5.4,37.7,0.0,15844448.312482603,0.0,63.97144829006219,6091146.402095622,276380.6459061774,1002.24,1
2026-09-13T21:28:30.139492+00:00,1789334910.1394928,F_lat_centralus_rep3,r3-pub,F01,load,16,1,1000,6,0.1,2255231294,22033855,794250542021,60320,1789156079.537691,5911894.663,192964.18600000002,80793765,76342410,423341396,7619,20595,16055151,4768128727,11084509.461,775689.652,177/6EB5A000,177/6EC32DB8,1,1.0005195140838623,6274004,6270746.259002121,5.980249651910897,4046,4043.899137444379,4044,4041.900175933037,0.0,0.0,6476507.363210574,0.0,streaming,177/6EB57EC0,177/6EB57EC0,177/6EB57EC0,8512,8512,588504,8512,0.015336,0.015336,0.015336,-5469.158695031053,True,10498992,reserved,5.0,37.8,0.0,6484695.10956103,0.0,12.993249823721435,6486905.960992574,302977.5988702921,1002.24,1
2026-09-13T21:28:31.139749+00:00,1789334911.13975,F_lat_centralus_rep3,r3-pub,F01,load,16,1,1000,6,0.1,2255255792,22033855,794256809739,60320,1789156079.537691,5911943.361,192964.18600000002,80797807,76342410,423345435,7619,20595,16055151,4768173366,11084509.461,775698.258,177/6F216000,177/6F22F308,1,1.0002572536468506,6267718,6266106.021374449,5.975824376463365,4042,4040.9604481879246,4039,4037.961219750378,0.0,0.0,7059687.869549931,0.0,streaming,177/6F213FC8,177/6F10DD98,177/6F10DD18,8248,1081960,1476144,1082088,0.023146,0.023146,0.023146,1073299.8896892131,True,17560496,reserved,5.2,37.8,0.0,15589461.554162754,0.0,26.993055937920328,7139864.243885242,336267.49396086123,1002.23,1
2026-09-13T21:28:32.140314+00:00,1789334912.1403143,F_lat_centralus_rep3,r3-pub,F01,load,16,1,1000,6,0.1,2255280314,22033855,794263067558,60320,1789156079.537691,5911991.374,192964.18600000002,80801848,76342410,423349473,7619,20595,16055151,4768218101,11084509.461,775707.017,177/6F73F3E0,177/6F830D90,1,1.0005643367767334,6257819,6254289.474437239,5.964555239140738,4041,4038.7208013208565,4038,4035.7224933762977,0.0,0.0,5408755.640275829,0.0,streaming,177/6F73DB60,177/6F73DB60,177/6F73CFB0,6272,6272,699768,9264,0.021917,0.021917,0.021917,-1072218.907437824,True,22972304,reserved,2.9,37.8,0.0,13836671.457428996,0.0,21.987591593432033,5460974.1714382665,256907.01792158594,1002.23,1
2026-09-13T21:28:33.160910+00:00,1789334913.160374,F_lat_centralus_rep3,r3-pub,F01,load,16,1,1000,6,0.1,2255304887,22033855,794269348540,60320,1789156079.537691,5912035.566,192964.18600000002,80805898,76342410,423353521,7619,20595,16055151,4768262561,11084509.461,775715.749,177/6FD74000,177/6FE4D920,1,1.020059585571289,6280982,6157465.788120904,5.8722169762810745,4050,3970.356298089958,4048,3968.3956283131233,0.0,0.0,6379580.263789605,0.0,streaming,177/6FD71FE0,177/6FD71FE0,177/6FD71FE0,8224,8224,1041376,8224,0.022275,0.022275,0.022275,-1019.5482839539645,True,29479856,reserved,9.4,37.8,0.0,6392599.111107787,0.0,11.764018661007283,6426055.980179692,283886.3573227625,1002.22,1
2026-09-13T21:28:34.160946+00:00,1789334914.1609461,F_lat_centralus_rep3,r3-pub,F01,load,16,1,1000,6,0.1,2255329501,22033855,794275646094,60320,1789156079.537691,5912088.2639999995,192964.18600000002,80809948,76342410,423357568,7619,20595,16055151,4768307308,11084509.461,775725.658,177/70426000,177/704562A8,1,1.0005722045898438,6297554,6293952.571450357,6.002380916071279,4050,4047.683896696074,4047,4044.685612328151,0.0,0.0,7016529.109838578,0.0,streaming,177/70423D88,177/70423D88,177/704237B8,8824,8824,855496,10312,0.001787,0.097227,0.001787,2086.80592007442,True,36500400,reserved,7.9,37.8,0.0,15502681.29460834,0.0,30.982271801871182,7058561.058964368,313584.5654723326,1002.22,1
2026-09-13T21:28:35.161300+00:00,1789334915.1613004,F_lat_centralus_rep3,r3-pub,F01,load,16,1,1000,6,0.1,2255354135,22033855,794281947198,60320,1789156079.537691,5912133.433999999,192964.18600000002,80814001,76342410,423361618,7619,20595,16055151,4768352493,11084509.461,775735.583,177/70A5E000,177/70A5E020,1,1.000354290008545,6301104,6298872.37245334,6.0070728039296535,4053,4051.5645711534657,4050,4048.5656336470606,0.0,0.0,6518522.552589143,0.0,streaming,177/70A362E8,177/7094FC40,177/7094FC40,163096,1106880,2227416,1106880,0.024457,0.024457,0.024457,1096179.6345079234,True,43021232,reserved,5.8,37.8,0.0,15010617.888060175,0.0,29.9893750640523,6565458.923501891,320508.44705955253,1002.21,1
2026-09-13T21:28:36.162415+00:00,1789334916.1624155,F_lat_centralus_rep3,r3-pub,F01,load,16,1,1000,6,0.1,2255378760,22033856,794288251098,60320,1789156079.537691,5912170.433,192964.18600000002,80818059,76342410,423365673,7619,20595,16055151,4768397319,11084509.461,775745.422,177/70F86000,177/7105FF00,1,1.001115083694458,6303900,6296878.453510506,6.0051712546448766,4058,4053.480030512165,4055,4050.483372037168,0.0,0.0,5400697.769978002,0.0,streaming,177/70F83C00,177/70F83C00,177/70F83058,9216,9216,418696,12200,0.021836,0.021836,0.021836,-1093460.6998031188,True,48427952,reserved,3.5,37.8,0.0,22196049.54706868,0.0,24.972153958305597,5468870.751398018,262131.70121417553,1002.21,1
2026-09-13T21:28:37.162657+00:00,1789334917.1626577,F_lat_centralus_rep3,r3-pub,F01,load,16,1,1000,6,0.1,2255403364,22033856,794294536804,60320,1789156079.537691,5912228.259,192964.18600000002,80822117,76342410,423369731,7619,20595,16055151,4768442186,11084509.461,775753.315,177/71634DD8,177/71666BF0,2,1.0002422332763672,6285706,6284183.76157814,5.993064652994289,4058,4057.017255417942,4058,4057.017255417942,0.0,0.0,7006006.911991457,0.0,streaming,177/71633FF8,177/71633FF8,177/71633B30,3552,3552,1244008,4776,0.022083,0.192426,0.022083,-7422.202095668506,True,55435656,reserved,4.4,37.8,0.0,7027033.818574984,0.0,14.996367380795744,7067859.929132462,327850.58367895655,1002.2,1
2026-09-13T21:28:38.163289+00:00,1789334918.1632893,F_lat_centralus_rep3,r3-pub,F01,load,16,1,1000,6,0.1,2255427968,22033856,794300823599,60320,1789156079.537691,5912274.095,192964.18600000002,80826178,76342410,423373786,7619,20595,16055151,4768487195,11084509.461,775761.981,177/71C64000,177/71C69BB0,4,1.00063157081604,6286795,6282826.949856241,5.991770696502916,4061,4058.436809752218,4055,4052.4405967853345,0.0,0.0,6480427.151335743,0.0,streaming,177/71C5BBC0,177/71B59E40,177/71B59E40,33856,1089984,1544968,1089984,0.022591,0.022591,0.022591,1084523.0468942588,True,61920176,reserved,7.5,37.8,0.0,14883655.91728666,0.0,19.98737655627785,6556651.010570764,312378.7107227553,1002.19,1
2026-09-13T21:28:39.163673+00:00,1789334919.1636736,F_lat_centralus_rep3,r3-pub,F01,load,16,1,1000,6,0.1,2255452591,22033856,794307110367,60320,1789156079.537691,5912323.9799999995,192964.18600000002,80830240,76342410,423377845,7619,20595,16055151,4768532232,11084509.461,775770.114,177/7221DD20,177/72273F20,3,1.0003843307495117,6286768,6284352.730005081,5.993225793843346,4062,4060.439448263502,4059,4057.4406008127903,0.0,0.0,6001693.364690809,0.0,streaming,177/7221BCF8,177/7221BCF8,177/7221B218,8232,8232,352344,11016,0.001996,0.117656,0.001996,-1078553.47873313,True,67924176,reserved,7.4,37.8,0.0,14551591.375979882,0.0,28.9888586902121,6069824.179923526,276640.67848069407,1002.19,1
2026-09-13T21:28:40.164011+00:00,1789334920.164011,F_lat_centralus_rep3,r3-pub,F01,load,16,1,1000,6,0.1,2255477189,22033856,794313391462,60320,1789156079.537691,5912364.592,192964.18600000002,80834294,76342410,423381896,7619,20595,16055151,4768577124,11084509.461,775778.514,177/72853A98,177/72880128,3,1.0003373622894287,6281095,6278976.71004183,5.988098821679907,4054,4052.632794522226,4051,4049.6338062677696,0.0,0.0,6509795.840371579,0.0,streaming,177/72851C48,177/72747FF0,177/72747FF0,7760,1096360,1717792,1096360,0.025477,0.025477,0.025477,1084977.969348281,True,74436168,reserved,6.3,37.8,0.0,14904411.813508006,0.0,19.993255029710046,6568346.0877260845,324328.5837664534,1002.18,1
2026-09-13T21:28:41.164629+00:00,1789334921.1646295,F_lat_centralus_rep3,r3-pub,F01,load,16,1,1000,6,0.1,2255501803,22033857,794319696844,60320,1789156079.537691,5912400.257999999,192964.18600000002,80838357,76342410,423385956,7619,20595,16055151,4768622087,11084509.461,775787.55,177/72D80000,177/72E88EF0,1,1.0006184577941895,6305382,6301484.797611951,6.009564206706954,4063,4060.488759078729,4060,4057.490613305351,0.0,0.0,5421135.256647171,0.0,streaming,177/72D7DFE0,177/72D7DFE0,177/72D7D3F8,8224,8224,957832,11272,0.015311,0.015311,0.015311,-1084417.3336478514,True,79860656,reserved,8.5,37.8,0.0,5583490.846567155,0.0,24.98454811148615,5473968.581465645,258863.90360118353,1002.18,1
2026-09-13T21:28:42.167228+00:00,1789334922.167228,F_lat_centralus_rep3,r3-pub,F01,load,16,1,1000,6,0.1,2255526465,22033857,794325997653,60320,1789156079.537691,5912443.442,192964.18600000002,80842418,76342410,423390014,7619,20595,16055151,4768666969,11084509.461,775797.159,177/7342F9C0,177/73490E00,1,1.002598524093628,6300809,6284478.630861816,5.993345862256828,4061,4050.4747437876363,4058,4047.482519155437,0.0,0.0,6992581.608214395,0.0,streaming,177/7342E000,177/7342E000,177/7342DB38,6592,6592,767096,7816,0.022816,0.022816,0.022816,-3447.042776294034,True,86871408,reserved,7.0,37.8,0.0,15405983.181516802,0.0,23.937797057597457,7054857.782076157,329788.037837888,1002.17,1
2026-09-13T21:28:43.167582+00:00,1789334923.1675828,F_lat_centralus_rep3,r3-pub,F01,load,16,1,1000,6,0.1,2255551152,22033857,794332301690,60320,1789156079.537691,5912483.568,192964.18600000002,80846483,76342410,423394076,7619,20595,16055151,4768711972,11084509.461,775806.253,177/73A64000,177/73A95548,1,1.0003547668457031,6304037,6301801.329819972,6.009866075344059,4065,4063.5583842097035,4062,4060.5594481327958,0.0,0.0,6503740.688430694,0.0,streaming,177/73A61FF8,177/73A61FF8,177/73A61A28,8200,8200,1087232,9688,0.022029,0.022029,0.022029,1871.3361119902988,True,93377456,reserved,6.2,37.8,0.0,14912341.595610078,0.0,19.992907179383536,6565305.8471535295,298686.0360971183,1002.17,1
2026-09-13T21:28:44.168633+00:00,1789334924.168634,F_lat_centralus_rep3,r3-pub,F01,load,16,1,1000,6,0.1,2255575778,22033857,794338587397,60320,1789156079.537691,5912518.541999999,192964.18600000002,80850544,76342410,423398133,7619,20595,16055151,4768756874,11084509.461,775814.612,177/74000000,177/74096710,1,1.0010511875152588,6285707,6279106.481659499,5.988222581538676,4061,4056.7356101738796,4057,4052.7398105086013,0.0,0.0,5875679.559003914,0.0,streaming,177/73F8FDC8,177/73F8DEA8,177/73F8D850,459320,467288,791440,468912,0.022029,0.193551,0.022029,458741.77637195017,True,99259312,reserved,5.2,37.8,0.0,5908413.149861874,0.0,15.983198661113537,5563798.404579689,253701.31234785516,1002.16,1
2026-09-13T21:28:45.169360+00:00,1789334925.1693604,F_lat_centralus_rep3,r3-pub,F01,load,16,1,1000,6,0.1,2255600355,22033857,794344863025,60320,1789156079.537691,5912569.344,192964.18600000002,80854600,76342410,423402187,7619,20595,16055151,4768801899,11084509.461,775822.926,177/74636000,177/746961C8,1,1.0007264614105225,6275628,6271072.307965667,5.980560596433322,4056,4053.055611503541,4054,4051.057063371636,0.0,0.0,6507912.252885212,0.0,streaming,177/74633C40,177/74633C40,177/74633C40,9152,9152,1123968,9152,0.001806,0.102335,0.001806,-459426.2445623442,True,105771952,reserved,3.3,37.8,0.0,14992756.341080839,0.0,28.978947912623937,6971969.133469181,314879.252374176,1002.16,1
2026-09-13T21:28:46.169546+00:00,1789334926.1695466,F_lat_centralus_rep3,r3-pub,F01,load,16,1,1000,6,0.1,2255624942,22033857,794351141678,60320,1789156079.537691,5912607.453,192964.18600000002,80858662,76342410,423406246,7619,20595,16055151,4768846478,11084509.461,775831.56,177/74C66000,177/74C96420,1,1.0001862049102783,6278653,6277484.101636081,5.986675359378892,4062,4061.2437764669844,4059,4058.244334977718,0.0,0.0,6486856.115539018,0.0,streaming,177/74C63F50,177/74C63F50,177/74C63940,8368,8368,402976,9920,0.025117,0.195592,0.025117,767.8570212522511,True,112260016,reserved,4.4,37.8,0.0,14898473.831017012,0.0,21.995904254621777,6570849.475562951,301341.88866065885,1002.15,1
2026-09-13T21:28:47.170236+00:00,1789334927.1702363,F_lat_centralus_rep3,r3-pub,F01,load,16,1,1000,6,0.1,2255649552,22033857,794357422036,60320,1789156079.537691,5912641.75,192964.18600000002,80862724,76342410,423410305,7619,20595,16055151,4768891173,11084509.461,775840.011,177/7520A000,177/7529A148,1,1.0006897449493408,6280358,6276029.140598357,5.9852878004058425,4062,4059.2001871725342,4059,4056.2022549811218,0.0,0.0,5910547.229900336,0.0,streaming,177/75207E40,177/75207E40,177/752073A8,8640,8640,1173928,11352,0.021946,0.021946,0.021946,1431.0129660342366,True,118174640,reserved,5.8,37.8,0.0,14334304.985533917,0.0,17.987593148475042,5970083.165289597,268069.1006917235,1002.15,1
2026-09-13T21:28:48.170431+00:00,1789334928.1704319,F_lat_centralus_rep3,r3-pub,F01,load,16,1,1000,6,0.1,2255674163,22033858,794363709693,60320,1789156079.537691,5912714.4459999995,192964.18600000002,80866785,76342410,423414363,7619,20595,16055151,4768936055,11084509.461,775848.932,177/7583E000,177/7589DAA0,1,1.0001955032348633,6287657,6286427.98299359,5.995204909318533,4061,4060.2062165504526,4058,4057.206802945515,0.0,0.0,6503176.607936261,0.0,streaming,177/7583BB90,177/7583BB90,177/7583BB48,9328,9328,469928,9400,0.024047,0.187747,0.024047,-1951.6184522793606,True,124679088,reserved,5.6,37.8,0.0,6519557.4054373605,0.0,12.997458954729348,6574006.760412326,295061.3145585208,1002.14,1
2026-09-13T21:28:49.170620+00:00,1789334929.1706202,F_lat_centralus_rep3,r3-pub,F01,load,16,1,1000,6,0.1,2255698768,22033858,794369992028,60320,1789156079.537691,5912759.194,192964.18600000002,80870840,76342410,423418415,7619,20595,16055151,4768980827,11084509.461,775858.392,177/75E76000,177/75EA64B0,1,1.0001883506774902,6282335,6281151.940776535,5.990173283363853,4055,4054.2363818307767,4052,4051.236946776401,0.0,0.0,6519604.028164327,0.0,streaming,177/75E73B60,177/75E73B60,177/75E73B60,9376,9376,816688,9376,0.022789,0.022789,0.022789,-23.995480435003362,True,131199920,reserved,7.7,37.8,0.0,14923013.240345985,0.0,19.996233695836136,6572844.000379491,308005.9868637032,1002.13,1
2026-09-13T21:28:50.171585+00:00,1789334930.1715853,F_lat_centralus_rep3,r3-pub,F01,load,16,1,1000,6,0.1,2255723474,22033858,794376305924,60320,1789156079.537691,5912820.12,192964.18600000002,80874904,76342410,423422476,7619,20595,16055151,4769025724,11084509.461,775868.34,177/7642E000,177/764A9F40,1,1.0009651184082031,6313896,6307808.218173226,6.0155946904880775,4064,4060.081540566394,4061,4057.084433129952,0.0,0.0,5990762.205116674,0.0,streaming,177/76415FE8,177/76415FE8,177/76415A58,98328,98328,632872,99752,0.013079,0.013079,0.013079,90288.86055861918,True,137196464,reserved,4.7,37.8,0.0,22780446.17205227,0.0,25.974931115828305,5966777.353338643,279525.22505973774,1002.13,1
2026-09-13T21:28:51.172690+00:00,1789334931.1726906,F_lat_centralus_rep3,r3-pub,F01,load,16,1,1000,6,0.1,2255748149,22033858,794382595511,60320,1789156079.537691,5912860.098,192964.18600000002,80878974,76342410,423426541,7619,20595,16055151,4769070822,11084509.461,775876.237,177/76A50000,177/76AADF20,1,1.0011053085327148,6289587,6282642.741369965,5.9915950216006895,4070,4065.5063611292376,4065,4060.5118815701107,0.0,0.0,6423619.918093614,0.0,streaming,177/76A4DFE0,177/76A4DFE0,177/76A4D610,8224,8224,888752,10736,0.023235,0.023235,0.023235,-88917.71848704673,True,143627184,reserved,6.3,37.8,0.0,15007540.037941005,0.0,24.972397795634137,6583130.609565271,320752.4695585076,1002.12,1
2026-09-13T21:28:52.173579+00:00,1789334932.1735797,F_lat_centralus_rep3,r3-pub,F01,drain,0,0,0,0,0,2255769394,22033858,794388024333,60320,1789156079.537691,5912904.161,192964.18600000002,80882657,76342410,423430042,7619,20595,16055151,4769110206,11084509.461,775883.805,177/76B578F8,177/76B578F8,1,1.0008890628814697,5428822,5423999.723177021,5.172729228188535,3683,3679.7284899856672,3501,3497.8901556991095,0.0,0.0,1078585.0700497113,0.0,streaming,177/76B578F8,177/76B578F8,177/76B578F8,0,0,0,0,0.023235,0.023235,0.023235,-10726.463499453197,True,144706728,reserved,11.3,36.7,0.0,1080383.47115804,0.0,1.9982234536984345,1108521.4547212946,54133.87158414429,1002.13,1
2026-09-13T21:28:53.174892+00:00,1789334933.174893,F_lat_centralus_rep3,r3-pub,F01,drain,0,0,0,0,0,2255769394,22033858,794388024333,60320,1789156079.537691,5912904.161,192964.18600000002,80882660,76342410,423430042,7619,20595,16055151,4769110206,11084509.461,775883.805,177/76B578F8,177/76B578F8,1,1.0013132095336914,0,0.0,0.0,3,2.9960655381717087,0,0.0,0.0,0.0,0.0,0.0,streaming,177/76B578F8,177/76B578F8,177/76B578F8,0,0,0,0,0.023235,0.023235,0.023235,0.0,True,144706728,reserved,0.6,36.6,0.0,8954385.016228346,0.0,85.88721209425564,1535.9829325693627,362.5239301187767,1002.13,1
2026-09-13T21:28:54.175318+00:00,1789334934.1753182,F_lat_centralus_rep3,r3-pub,F01,drain,0,0,0,0,0,2255769394,22033858,794388024333,60320,1789156079.537691,5912904.161,192964.18600000002,80882663,76342410,423430042,7619,20595,16055151,4769110206,11084509.461,775883.805,177/76B578F8,177/76B578F8,1,1.0004253387451172,0,0.0,0.0,3,2.998724526273043,0,0.0,0.0,0.0,0.0,0.0,streaming,177/76B578F8,177/76B578F8,177/76B578F8,0,0,0,0,0.023235,0.023235,0.023235,0.0,True,144706728,reserved,6.5,36.6,0.0,8385041.5169634195,0.0,6.9970238946371,2906.7636408006697,653.7219467275233,1002.13,1
2026-09-13T21:28:55.176124+00:00,1789334935.1761246,F_lat_centralus_rep3,r3-pub,F01,drain,0,0,0,0,0,2255769394,22033858,794388024333,60320,1789156079.537691,5912904.161,192964.18600000002,80882666,76342410,423430042,7619,20595,16055151,4769110206,11084509.461,775883.805,177/76B578F8,177/76B578F8,1,1.0008063316345215,0,0.0,0.0,3,2.9975829540370578,0,0.0,0.0,0.0,0.0,0.0,streaming,177/76B578F8,177/76B578F8,177/76B578F8,0,0,0,0,0.023235,0.023235,0.023235,0.0,True,144706728,reserved,0.6,36.6,0.0,69575.89875183612,0.0,8.992748862111172,1536.7608611029982,362.70753743848394,1002.13,1
2026-09-13T21:28:56.177243+00:00,1789334936.1772432,F_lat_centralus_rep3,r3-pub,F01,drain,0,0,0,0,0,2255769394,22033858,794388024333,60320,1789156079.537691,5912904.161,192964.18600000002,80882669,76342410,423430042,7619,20595,16055151,4769110206,11084509.461,775883.805,177/76B578F8,177/76B578F8,1,1.0011186599731445,0,0.0,0.0,3,2.996647770085992,0,0.0,0.0,0.0,0.0,0.0,streaming,177/76B578F8,177/76B578F8,177/76B578F8,0,0,0,0,0.023235,0.023235,0.023235,0.0,True,144706728,reserved,2.3,36.6,0.0,9340718.911633162,0.0,28.967595110831255,1922.8489858051782,2832.8310253212912,1002.13,1
2026-09-13T21:28:57.177377+00:00,1789334937.1773777,F_lat_centralus_rep3,r3-pub,F01,drain,0,0,0,0,0,2255769394,22033858,794388024333,60320,1789156079.537691,5912904.161,192964.18600000002,80882672,76342410,423430042,7619,20595,16055151,4769110206,11084509.461,775883.805,177/76B578F8,177/76B578F8,1,1.0001344680786133,0,0.0,0.0,3,2.9995966500018594,0,0.0,0.0,0.0,0.0,0.0,streaming,177/76B578F8,177/76B578F8,177/76B578F8,0,0,0,0,0.023235,0.023235,0.023235,0.0,True,144706728,reserved,0.6,36.6,0.0,8387480.1516595995,0.0,5.999193300003719,2811.621926601743,542.9269936503365,1002.13,1
2026-09-13T21:28:58.178240+00:00,1789334938.1782403,F_lat_centralus_rep3,r3-pub,F01,drain,0,0,0,0,0,2255769394,22033858,794388024333,60320,1789156079.537691,5912904.161,192964.18600000002,80882676,76342410,423430042,7619,20595,16055151,4769110206,11084509.461,775883.805,177/76B578F8,177/76B578F8,1,1.0008625984191895,0,0.0,0.0,4,3.9965525800622306,0,0.0,0.0,0.0,0.0,0.0,streaming,177/76B578F8,177/76B578F8,177/76B578F8,0,0,0,0,0.023235,0.023235,0.023235,0.0,True,144706728,reserved,0.4,36.5,0.0,8381378.236382667,0.0,5.994828870093346,4801.85792494477,741.3605036015438,1002.13,1
2026-09-13T21:28:59.178818+00:00,1789334939.1788182,F_lat_centralus_rep3,r3-pub,F01,drain,0,0,0,0,0,2255769394,22033858,794388024333,60320,1789156079.537691,5912904.161,192964.18600000002,80882678,76342410,423430042,7619,20595,16055151,4769110206,11084509.461,775883.805,177/76B578F8,177/76B578F8,1,1.0005779266357422,0,0.0,0.0,2,1.998844814341077,0,0.0,0.0,0.0,0.0,0.0,streaming,177/76B578F8,177/76B578F8,177/76B578F8,0,0,0,0,0.023235,0.023235,0.023235,0.0,True,144706728,reserved,0.8,36.5,0.0,0.0,0.0,0.0,1603.073541101544,482.72102266337015,1002.13,1
2026-09-13T21:29:00.179463+00:00,1789334940.1794631,F_lat_centralus_rep3,r3-pub,F01,drain,0,0,0,0,0,2255769394,22033858,794388024333,60320,1789156079.537691,5912904.161,192964.18600000002,80882681,76342410,423430042,7619,20595,16055151,4769110206,11084509.461,775883.805,177/76B578F8,177/76B578F8,1,1.0006449222564697,0,0.0,0.0,3,2.998066480200543,0,0.0,0.0,0.0,0.0,0.0,streaming,177/76B578F8,177/76B578F8,177/76B578F8,0,0,0,0,0.023235,0.023235,0.023235,0.0,True,144706728,reserved,0.2,36.5,0.0,4306214.8262174325,0.0,16.989043387803076,1420.084156121657,296.8085815398537,1002.13,1
2026-09-13T21:29:01.180675+00:00,1789334941.1806757,F_lat_centralus_rep3,r3-pub,F01,drain,0,0,0,0,0,2255769394,22033858,794388024333,60320,1789156079.537691,5912904.161,192964.18600000002,80882684,76342410,423430042,7619,20595,16055151,4769110206,11084509.461,775883.805,177/76B578F8,177/76B578F8,2,1.0012125968933105,0,0.0,0.0,3,2.9963666151512482,0,0.0,0.0,0.0,0.0,0.0,streaming,177/76B578F8,177/76B578F8,177/76B578F8,0,0,0,0,0.023235,0.023235,0.023235,0.0,True,144706728,reserved,3.0,36.7,0.0,9082107.06518804,0.0,22.972144049492904,2210.319773109904,501.3920136019755,1002.13,1
