sample_time,epoch,run_id,host,level_id,phase_state,clients,rows_per_commit,row_bytes,target_wal_mbps,network_latency_ms,wal_records,wal_fpi,wal_bytes,wal_buffers_full,wal_stats_reset,wal_write_time_ms,wal_sync_time_ms,xact_commit,xact_rollback,tup_inserted,tup_updated,tup_deleted,blks_read,blks_hit,blk_read_time_ms,blk_write_time_ms,current_wal_lsn,insert_lsn,active_backends,interval_sec,wal_bytes_delta,wal_bytes_per_sec,wal_mb_per_sec,commits_delta,commits_per_sec,rows_inserted_delta,rows_inserted_per_sec,rows_updated_per_sec,rows_deleted_per_sec,lsn_bytes_per_sec,wal_sync_time_delta_ms,repl_state,sent_lsn,write_lsn,replay_lsn,send_lag_bytes,write_lag_bytes,flush_lag_bytes,replay_lag_bytes,write_lag_sec,flush_lag_sec,replay_lag_sec,d_replay_lag_bytes_per_sec,slot_active,retained_wal_bytes,wal_status,cpu_pct,mem_used_pct,disk_read_bytes_per_sec,disk_write_bytes_per_sec,disk_read_iops,disk_write_iops,net_sent_bytes_per_sec,net_recv_bytes_per_sec,data_volume_free_gb,db_connected
2026-09-13T22:13:20.710603+00:00,1789337600.709587,F_lat_centralindia_rep1,r3-pub,idle,idle,0,0,0,0,0,2309795422,22057573,808106712489,61127,1789156079.537691,5994068.014,192964.18600000002,89564551,89338889,432109217,8231,22533,16055211,4868618035,11084516.724,795343.511,17A/ACE7EBA0,17A/ACE7EBA0,1,1.0073528289794922,8257,8196.73083994297,0.007817011680548639,7,6.9489058834444455,0,0.0,0.0,0.0,0.0,0.0,streaming,17A/ACE7EBA0,17A/ACE7EBA0,17A/ACE7EBA0,0,0,0,0,,,,0.0,True,8344,reserved,0.0,35.8,4066.102642655493,182974.61891949718,0.9927008404920638,37.72263193869842,1225.9855380076988,413.95625048519054,1005.2,1
2026-09-13T22:13:21.716651+00:00,1789337601.7166512,F_lat_centralindia_rep1,r3-pub,idle,idle,0,0,0,0,0,2309795422,22057573,808106712489,61127,1789156079.537691,5994068.014,192964.18600000002,89564553,89338889,432109217,8231,22533,16055211,4868618035,11084516.724,795343.511,17A/ACE7EBA0,17A/ACE7EBA0,1,1.0070641040802002,0,0.0,0.0,2,1.985970894898191,0,0.0,0.0,0.0,0.0,0.0,streaming,17A/ACE7EBA0,17A/ACE7EBA0,17A/ACE7EBA0,0,0,0,0,,,,0.0,True,8344,reserved,0.0,35.8,0.0,109816.24660429037,0.0,4.964927237245477,223.42172567604646,175.75842419848988,1005.2,1
2026-09-13T22:13:22.724361+00:00,1789337602.7243612,F_lat_centralindia_rep1,r3-pub,idle,idle,0,0,0,0,0,2309795422,22057573,808106712489,61127,1789156079.537691,5994068.014,192964.18600000002,89564556,89338889,432109217,8231,22533,16055211,4868618035,11084516.724,795343.511,17A/ACE7EBA0,17A/ACE7EBA0,1,1.0077099800109863,0,0.0,0.0,3,2.977047026930599,0,0.0,0.0,0.0,0.0,0.0,streaming,17A/ACE7EBA0,17A/ACE7EBA0,17A/ACE7EBA0,0,0,0,0,,,,0.0,True,8344,reserved,0.0,35.8,0.0,0.0,0.0,0.0,1805.0828473289198,798.8409522263773,1005.2,1
2026-09-13T22:13:23.731968+00:00,1789337603.731968,F_lat_centralindia_rep1,r3-pub,idle,idle,0,0,0,0,0,2309795422,22057573,808106712489,61127,1789156079.537691,5994068.014,192964.18600000002,89564561,89338889,432109217,8231,22533,16055211,4868618090,11084516.724,795343.511,17A/ACE7EBA0,17A/ACE7EBA0,1,1.0076067447662354,0,0.0,0.0,5,4.9622534048836675,0,0.0,0.0,0.0,0.0,0.0,streaming,17A/ACE7EBA0,17A/ACE7EBA0,17A/ACE7EBA0,0,0,0,0,,,,0.0,True,8344,reserved,0.2,35.8,32520.623914245603,40650.779892807004,0.9924506809767335,7.939605447813868,806.8624036340843,235.21081139148583,1005.2,1
2026-09-13T22:13:24.734991+00:00,1789337604.7349918,F_lat_centralindia_rep1,r3-pub,idle,idle,0,0,0,0,0,2309795422,22057573,808106712489,61127,1789156079.537691,5994068.014,192964.18600000002,89564564,89338889,432109217,8231,22533,16055211,4868618090,11084516.724,795343.511,17A/ACE7EBA0,17A/ACE7EBA0,1,1.0030238628387451,0,0.0,0.0,3,2.99095576002493,0,0.0,0.0,0.0,0.0,0.0,streaming,17A/ACE7EBA0,17A/ACE7EBA0,17A/ACE7EBA0,0,0,0,0,,,,0.0,True,8344,reserved,0.0,35.8,0.0,4083.651597687371,0.0,0.9969852533416433,4326.915999502732,17313.645909530976,1005.2,1
2026-09-13T22:13:25.740048+00:00,1789337605.740049,F_lat_centralindia_rep1,r3-pub,idle,idle,0,0,0,0,0,2309795422,22057573,808106712489,61127,1789156079.537691,5994068.014,192964.18600000002,89564572,89338889,432109217,8231,22533,16055211,4868618882,11084516.724,795343.511,17A/ACE7EBA0,17A/ACE7EBA0,1,1.0050570964813232,0,0.0,0.0,8,7.959746792503407,0,0.0,0.0,0.0,0.0,0.0,streaming,17A/ACE7EBA0,17A/ACE7EBA0,17A/ACE7EBA0,0,0,0,0,,,,0.0,True,8344,reserved,2.7,35.9,0.0,16301.561431046977,0.0,3.9798733962517034,1977.9970779370967,1032.777146327317,1005.2,1
2026-09-13T22:13:26.746981+00:00,1789337606.7469814,F_lat_centralindia_rep1,r3-pub,idle,idle,0,0,0,0,0,2309795422,22057573,808106712489,61127,1789156079.537691,5994068.014,192964.18600000002,89564575,89338889,432109217,8231,22533,16055211,4868618882,11084516.724,795343.511,17A/ACE7EBA0,17A/ACE7EBA0,1,1.0069324970245361,0,0.0,0.0,3,2.9793456948354886,0,0.0,0.0,0.0,0.0,0.0,streaming,17A/ACE7EBA0,17A/ACE7EBA0,17A/ACE7EBA0,0,0,0,0,,,,0.0,True,8344,reserved,0.0,35.9,0.0,0.0,0.0,0.0,1508.542036818369,1860.1048288089567,1005.2,1
2026-09-13T22:13:27.747911+00:00,1789337607.7479115,F_lat_centralindia_rep1,r3-pub,F01,drain,0,0,0,0,0,2309795498,22057578,808106718360,61127,1789156079.537691,5994071.106,192964.18600000002,89564587,89338889,432109217,8238,22533,16055211,4868620045,11084516.724,795343.511,17A/ACE80CE8,17A/ACE80CE8,1,1.0009300708770752,5871,5865.544627763532,0.005593819263232738,12,11.988849520211614,0,0.0,6.993495553456775,0.0,8512.083159350246,0.0,streaming,17A/ACE80CE8,17A/ACE80CE8,17A/ACE80CE8,0,0,0,0,0.227065,0.227065,0.227065,0.0,True,2456,reserved,0.4,35.9,4092.193969565564,212794.08641740936,0.9990707933509678,23.97769904042323,2790.404725829253,4039.243217517963,1005.2,1
2026-09-13T22:13:28.749034+00:00,1789337608.7490346,F_lat_centralindia_rep1,r3-pub,F01,drain,0,0,0,0,0,2309795510,22057578,808106720700,61127,1789156079.537691,5994071.106,192964.18600000002,89564597,89338889,432109217,8238,22533,16055216,4868620565,11084516.811,795343.511,17A/ACE80CE8,17A/ACE80CE8,1,1.0011231899261475,2340,2337.3746843009612,0.0022290942042359936,10,9.98878070214086,0,0.0,0.0,0.0,0.0,0.0,streaming,17A/ACE80CE8,17A/ACE80CE8,17A/ACE80CE8,0,0,0,0,0.227065,0.227065,0.227065,0.0,True,2456,reserved,0.0,35.9,0.0,53188.25948275965,0.0,5.993268421284515,1468.3507632147064,593.333573707167,1005.2,1
2026-09-13T22:13:29.750409+00:00,1789337609.7504094,F_lat_centralindia_rep1,r3-pub,F01,drain,0,0,0,0,0,2309795510,22057578,808106720700,61127,1789156079.537691,5994071.106,192964.18600000002,89564600,89338889,432109217,8238,22533,16055216,4868620565,11084516.811,795343.511,17A/ACE80CE8,17A/ACE80CE8,1,1.0013747215270996,0,0.0,0.0,3,2.9958814972131416,0,0.0,0.0,0.0,0.0,0.0,streaming,17A/ACE80CE8,17A/ACE80CE8,17A/ACE80CE8,0,0,0,0,0.227065,0.227065,0.227065,0.0,True,2456,reserved,0.0,35.9,0.0,0.0,0.0,0.0,0.0,0.0,1005.2,1
2026-09-13T22:13:30.751846+00:00,1789337610.7518466,F_lat_centralindia_rep1,r3-pub,F01,drain,0,0,0,0,0,2309795510,22057578,808106720700,61127,1789156079.537691,5994071.106,192964.18600000002,89564603,89338889,432109217,8238,22533,16055216,4868620565,11084516.811,795343.511,17A/ACE80CE8,17A/ACE80CE8,1,1.0014371871948242,0,0.0,0.0,3,2.995694626043846,0,0.0,0.0,0.0,0.0,0.0,streaming,17A/ACE80CE8,17A/ACE80CE8,17A/ACE80CE8,0,0,0,0,0.227065,0.227065,0.227065,0.0,True,2456,reserved,0.2,35.9,0.0,4090.121729425198,0.0,0.9985648753479487,1467.8903667614845,593.1475359566815,1005.2,1
2026-09-13T22:13:31.758717+00:00,1789337611.758718,F_lat_centralindia_rep1,r3-pub,F01,drain,0,0,0,0,0,2309795510,22057578,808106720700,61127,1789156079.537691,5994071.106,192964.18600000002,89564606,89338889,432109217,8238,22533,16055216,4868620565,11084516.811,795343.511,17A/ACE80CE8,17A/ACE80CE8,1,1.0068714618682861,0,0.0,0.0,3,2.9795262986532487,0,0.0,0.0,0.0,0.0,0.0,streaming,17A/ACE80CE8,17A/ACE80CE8,17A/ACE80CE8,0,0,0,0,0.227065,0.227065,0.227065,0.0,True,2456,reserved,0.2,35.9,0.0,0.0,0.0,0.0,4610.32035944946,915.7077491194317,1005.2,1
2026-09-13T22:13:32.763870+00:00,1789337612.7638707,F_lat_centralindia_rep1,r3-pub,F01,drain,0,0,0,0,0,2309795510,22057578,808106720700,61127,1789156079.537691,5994071.106,192964.18600000002,89564609,89338889,432109217,8238,22533,16055216,4868620565,11084516.811,795343.511,17A/ACE80CE8,17A/ACE80CE8,1,1.005152702331543,0,0.0,0.0,3,2.9846211357152277,0,0.0,0.0,0.0,0.0,0.0,streaming,17A/ACE80CE8,17A/ACE80CE8,17A/ACE80CE8,0,0,0,0,0.227065,0.227065,0.227065,0.0,True,2456,reserved,0.2,35.9,0.0,36675.024515668716,0.0,2.9846211357152277,192.01062639767966,539.2215518525511,1005.2,1
2026-09-13T22:13:33.771260+00:00,1789337613.771261,F_lat_centralindia_rep1,r3-pub,F01,drain,0,0,0,0,0,2309795510,22057578,808106720700,61127,1789156079.537691,5994071.106,192964.18600000002,89564612,89338889,432109217,8238,22533,16055216,4868620565,11084516.811,795343.511,17A/ACE80CE8,17A/ACE80CE8,1,1.0073902606964111,0,0.0,0.0,3,2.9779918637749123,0,0.0,0.0,0.0,0.0,0.0,streaming,17A/ACE80CE8,17A/ACE80CE8,17A/ACE80CE8,0,0,0,0,0.227065,0.227065,0.227065,0.0,True,2456,reserved,0.0,35.9,0.0,77253.07960213958,0.0,4.963319772958187,1247.7785909216882,413.9408690647128,1005.2,1
2026-09-13T22:13:34.778307+00:00,1789337614.778307,F_lat_centralindia_rep1,r3-pub,F01,drain,0,0,0,0,0,2309795510,22057578,808106720700,61127,1789156079.537691,5994071.106,192964.18600000002,89564615,89338889,432109217,8238,22533,16055216,4868620565,11084516.811,795343.511,17A/ACE80CE8,17A/ACE80CE8,1,1.0070459842681885,0,0.0,0.0,3,2.9790099428081964,0,0.0,0.0,0.0,0.0,0.0,streaming,17A/ACE80CE8,17A/ACE80CE8,17A/ACE80CE8,0,0,0,0,0.227065,0.227065,0.227065,0.0,True,2456,reserved,0.2,35.9,0.0,0.0,0.0,0.0,1671.2245779153982,765.6055553017064,1005.2,1
2026-09-13T22:13:35.785906+00:00,1789337615.7859068,F_lat_centralindia_rep1,r3-pub,F01,drain,0,0,0,0,0,2309795510,22057578,808106720700,61127,1789156079.537691,5994071.106,192964.18600000002,89564618,89338889,432109217,8238,22533,16055216,4868620565,11084516.811,795343.511,17A/ACE80CE8,17A/ACE80CE8,1,1.0075998306274414,0,0.0,0.0,3,2.9773724734866946,0,0.0,0.0,0.0,0.0,0.0,streaming,17A/ACE80CE8,17A/ACE80CE8,17A/ACE80CE8,0,0,0,0,0.227065,0.227065,0.227065,0.0,True,2456,reserved,0.0,35.9,32520.847070404005,48781.270605606005,0.9924574911622316,8.932117420460084,0.0,0.0,1005.2,1
2026-09-13T22:13:36.792844+00:00,1789337616.7928443,F_lat_centralindia_rep1,r3-pub,F01,drain,0,0,0,0,0,2309795510,22057578,808106720700,61127,1789156079.537691,5994071.106,192964.18600000002,89564621,89338889,432109217,8238,22533,16055216,4868620565,11084516.811,795343.511,17A/ACE80CE8,17A/ACE80CE8,1,1.0069375038146973,0,0.0,0.0,3,2.9793308806502434,0,0.0,0.0,0.0,0.0,0.0,streaming,17A/ACE80CE8,17A/ACE80CE8,17A/ACE80CE8,0,0,0,0,0.227065,0.227065,0.227065,0.0,True,2456,reserved,0.0,35.9,0.0,248134.56550524908,0.0,47.669294090403895,819.3159921788169,324.74706599087654,1005.2,1
2026-09-13T22:13:37.798898+00:00,1789337617.7988985,F_lat_centralindia_rep1,r3-pub,F01,drain,0,0,0,0,0,2309795510,22057578,808106720700,61127,1789156079.537691,5994071.106,192964.18600000002,89564624,89338889,432109217,8238,22533,16055216,4868620565,11084516.811,795343.511,17A/ACE80CE8,17A/ACE80CE8,1,1.006054162979126,0,0.0,0.0,3,2.9819468080291074,0,0.0,0.0,0.0,0.0,0.0,streaming,17A/ACE80CE8,17A/ACE80CE8,17A/ACE80CE8,0,0,0,0,,,,0.0,True,2456,reserved,0.0,35.9,0.0,0.0,0.0,0.0,2245.405946445918,1037.7174891941293,1005.2,1
2026-09-13T22:13:38.806423+00:00,1789337618.8064237,F_lat_centralindia_rep1,r3-pub,F01,drain,0,0,0,0,0,2309795510,22057578,808106720700,61127,1789156079.537691,5994071.106,192964.18600000002,89564627,89338889,432109217,8238,22533,16055216,4868620565,11084516.811,795343.511,17A/ACE80CE8,17A/ACE80CE8,1,1.0075252056121826,0,0.0,0.0,3,2.977593000442276,0,0.0,0.0,0.0,0.0,0.0,streaming,17A/ACE80CE8,17A/ACE80CE8,17A/ACE80CE8,0,0,0,0,,,,0.0,True,2456,reserved,0.0,35.9,0.0,81308.13953207708,0.0,10.91784100162168,0.0,0.0,1005.2,1
2026-09-13T22:13:39.809932+00:00,1789337619.809932,F_lat_centralindia_rep1,r3-pub,F01,drain,0,0,0,0,0,2309795510,22057578,808106720700,61127,1789156079.537691,5994071.106,192964.18600000002,89564630,89338889,432109217,8238,22533,16055216,4868620565,11084516.811,795343.511,17A/ACE80CE8,17A/ACE80CE8,1,1.0035083293914795,0,0.0,0.0,3,2.9895118078583156,0,0.0,0.0,0.0,0.0,0.0,streaming,17A/ACE80CE8,17A/ACE80CE8,17A/ACE80CE8,0,0,0,0,,,,0.0,True,2456,reserved,0.2,35.9,0.0,12245.04036498766,0.0,2.9895118078583156,3036.347492848096,16052.681904263203,1005.2,1
2026-09-13T22:13:40.816068+00:00,1789337620.8160684,F_lat_centralindia_rep1,r3-pub,F01,drain,0,0,0,0,0,2309795510,22057578,808106720700,61127,1789156079.537691,5994071.106,192964.18600000002,89564633,89338889,432109217,8238,22533,16055216,4868620565,11084516.811,795343.511,17A/ACE80CE8,17A/ACE80CE8,1,1.006136417388916,0,0.0,0.0,3,2.9817030257044834,0,0.0,0.0,0.0,0.0,0.0,streaming,17A/ACE80CE8,17A/ACE80CE8,17A/ACE80CE8,0,0,0,0,,,,0.0,True,2456,reserved,0.0,35.9,0.0,0.0,0.0,0.0,2922.068965190394,1121.1203376648857,1005.2,1
2026-09-13T22:13:41.823182+00:00,1789337621.823182,F_lat_centralindia_rep1,r3-pub,F01,drain,0,0,0,0,0,2309795510,22057578,808106720700,61127,1789156079.537691,5994071.106,192964.18600000002,89564636,89338889,432109217,8238,22533,16055216,4868620565,11084516.811,795343.511,17A/ACE80CE8,17A/ACE80CE8,1,1.0071136951446533,0,0.0,0.0,3,2.97880965621176,0,0.0,0.0,0.0,0.0,0.0,streaming,17A/ACE80CE8,17A/ACE80CE8,17A/ACE80CE8,0,0,0,0,,,,0.0,True,2456,reserved,0.0,35.9,0.0,8134.136234562246,0.0,0.9929365520705866,0.0,59.576193124235196,1005.2,1
2026-09-13T22:13:42.827964+00:00,1789337622.827965,F_lat_centralindia_rep1,r3-pub,F01,drain,0,0,0,0,0,2309795510,22057578,808106720700,61127,1789156079.537691,5994071.106,192964.18600000002,89564639,89338889,432109217,8238,22533,16055216,4868620565,11084516.811,795343.511,17A/ACE80CE8,17A/ACE80CE8,1,1.0047829151153564,0,0.0,0.0,3,2.9857195568015586,0,0.0,0.0,0.0,0.0,0.0,streaming,17A/ACE80CE8,17A/ACE80CE8,17A/ACE80CE8,0,0,0,0,,,,0.0,True,2456,reserved,0.0,35.9,0.0,0.0,0.0,0.0,435.91505529302754,2467.1995937703546,1005.2,1
2026-09-13T22:13:43.832032+00:00,1789337623.8320324,F_lat_centralindia_rep1,r3-pub,F01,drain,0,0,0,0,0,2309795510,22057578,808106720700,61127,1789156079.537691,5994071.106,192964.18600000002,89564642,89338889,432109217,8238,22533,16055216,4868620565,11084516.811,795343.511,17A/ACE80CE8,17A/ACE80CE8,1,1.0040674209594727,0,0.0,0.0,3,2.987847167805965,0,0.0,0.0,0.0,0.0,0.0,streaming,17A/ACE80CE8,17A/ACE80CE8,17A/ACE80CE8,0,0,0,0,,,,0.0,True,2456,reserved,0.0,35.9,0.0,57111.70266355509,0.0,4.979745279676608,2196.0676683373845,887.3906088383716,1005.2,1
2026-09-13T22:13:44.840305+00:00,1789337624.8403058,F_lat_centralindia_rep1,r3-pub,F01,drain,0,0,0,0,0,2309795510,22057578,808106720700,61127,1789156079.537691,5994071.106,192964.18600000002,89564645,89338889,432109217,8238,22533,16055216,4868620565,11084516.811,795343.511,17A/ACE80CE8,17A/ACE80CE8,1,1.0082733631134033,0,0.0,0.0,3,2.975383571312874,0,0.0,0.0,0.0,0.0,0.0,streaming,17A/ACE80CE8,17A/ACE80CE8,17A/ACE80CE8,0,0,0,0,,,,0.0,True,2456,reserved,0.0,35.9,0.0,4062.3903693658435,0.0,0.9917945237709579,728.9689749716541,294.5629735599745,1005.2,1
2026-09-13T22:13:45.847348+00:00,1789337625.8473485,F_lat_centralindia_rep1,r3-pub,F01,drain,0,0,0,0,0,2309795510,22057578,808106720700,61127,1789156079.537691,5994071.106,192964.18600000002,89564648,89338889,432109217,8238,22533,16055216,4868620565,11084516.811,795343.511,17A/ACE80CE8,17A/ACE80CE8,1,1.007042646408081,0,0.0,0.0,3,2.979019816787698,0,0.0,0.0,0.0,0.0,0.0,streaming,17A/ACE80CE8,17A/ACE80CE8,17A/ACE80CE8,0,0,0,0,,,,0.0,True,2456,reserved,0.0,35.9,0.0,4067.3550565208034,0.0,0.9930066055958993,0.0,0.0,1005.2,1
2026-09-13T22:13:46.854895+00:00,1789337626.8548954,F_lat_centralindia_rep1,r3-pub,F01,drain,0,0,0,0,0,2309795510,22057578,808106720700,61127,1789156079.537691,5994071.106,192964.18600000002,89564651,89338889,432109217,8238,22533,16055216,4868620565,11084516.811,795343.511,17A/ACE80CE8,17A/ACE80CE8,1,1.0075469017028809,0,0.0,0.0,3,2.977528882208484,0,0.0,0.0,0.0,0.0,0.0,streaming,17A/ACE80CE8,17A/ACE80CE8,17A/ACE80CE8,0,0,0,0,,,,0.0,True,2456,reserved,0.2,35.9,0.0,0.0,0.0,0.0,5336.724266545006,1209.8692358040473,1005.2,1
2026-09-13T22:13:47.860123+00:00,1789337627.8601236,F_lat_centralindia_rep1,r3-pub,F01,drain,0,0,0,0,0,2309795510,22057578,808106720700,61127,1789156079.537691,5994071.106,192964.18600000002,89564654,89338889,432109217,8238,22533,16055216,4868620565,11084516.811,795343.511,17A/ACE80CE8,17A/ACE80CE8,1,1.0052282810211182,0,0.0,0.0,3,2.9843967351899194,0,0.0,0.0,0.0,0.0,0.0,streaming,17A/ACE80CE8,17A/ACE80CE8,17A/ACE80CE8,0,0,0,0,,,,0.0,True,2456,reserved,0.0,35.9,0.0,4074.69634244597,0.0,0.9947989117299731,784.8963413549488,387.97157557468955,1005.2,1
2026-09-13T22:13:48.864920+00:00,1789337628.8649201,F_lat_centralindia_rep1,r3-pub,F01,drain,0,0,0,0,0,2309795510,22057578,808106720700,61127,1789156079.537691,5994072.717,192964.18600000002,89564657,89338889,432109217,8238,22533,16055216,4868620565,11084516.811,795343.511,17A/ACE80D20,17A/ACE80D20,1,1.0047965049743652,0,0.0,0.0,3,2.985679174985324,0,0.0,0.0,0.0,55.732677933059385,0.0,streaming,17A/ACE80D20,17A/ACE80D20,17A/ACE80D20,0,0,0,0,,,,0.0,True,56,reserved,0.0,35.9,0.0,130446.31360789214,0.0,16.91884865825017,130.3746573076925,92.55605442454505,1005.2,1
2026-09-13T22:13:49.872538+00:00,1789337629.872538,F_lat_centralindia_rep1,r3-pub,F01,drain,0,0,0,0,0,2309795510,22057578,808106720700,61127,1789156079.537691,5994072.717,192964.18600000002,89564660,89338889,432109217,8238,22533,16055216,4868620565,11084516.811,795343.511,17A/ACE80D20,17A/ACE80D20,1,1.0076179504394531,0,0.0,0.0,3,2.9773189319340805,0,0.0,0.0,0.0,0.0,0.0,streaming,17A/ACE80D20,17A/ACE80D20,17A/ACE80D20,0,0,0,0,,,,0.0,True,56,reserved,0.0,35.9,0.0,8130.065563467996,0.0,1.9848792879560537,2188.3294149715493,884.2637227844219,1005.2,1
2026-09-13T22:13:50.880302+00:00,1789337630.8803022,F_lat_centralindia_rep1,r3-pub,F01,drain,0,0,0,0,0,2309795510,22057578,808106720700,61127,1789156079.537691,5994072.717,192964.18600000002,89564663,89338889,432109217,8238,22533,16055216,4868620565,11084516.811,795343.511,17A/ACE80D20,17A/ACE80D20,1,1.0077641010284424,0,0.0,0.0,3,2.976887147437027,0,0.0,0.0,0.0,0.0,0.0,streaming,17A/ACE80D20,17A/ACE80D20,17A/ACE80D20,0,0,0,0,,,,0.0,True,56,reserved,0.2,35.9,0.0,4064.4432519673546,0.0,0.9922957158123424,517.9783636540427,119.07548589748109,1005.2,1
2026-09-13T22:13:51.883413+00:00,1789337631.8834133,F_lat_centralindia_rep1,r3-pub,F01,drain,0,0,0,0,0,2309795510,22057578,808106720700,61127,1789156079.537691,5994072.717,192964.18600000002,89564666,89338889,432109217,8238,22533,16055216,4868620565,11084516.811,795343.511,17A/ACE80D20,17A/ACE80D20,1,1.0031111240386963,0,0.0,0.0,3,2.9906955751038717,0,0.0,0.0,0.0,0.0,0.0,streaming,17A/ACE80D20,17A/ACE80D20,17A/ACE80D20,0,0,0,0,,,,0.0,True,56,reserved,0.0,35.9,0.0,0.0,0.0,0.0,212.3393858323749,176.45103893112844,1005.2,1
2026-09-13T22:13:52.890987+00:00,1789337632.890987,F_lat_centralindia_rep1,r3-pub,F01,drain,0,0,0,0,0,2309795510,22057578,808106720700,61127,1789156079.537691,5994072.717,192964.18600000002,89564669,89338889,432109217,8238,22533,16055216,4868620565,11084516.811,795343.511,17A/ACE80D20,17A/ACE80D20,1,1.0075736045837402,0,0.0,0.0,3,2.9774499712498845,0,0.0,0.0,0.0,0.0,0.0,streaming,17A/ACE80D20,17A/ACE80D20,17A/ACE80D20,0,0,0,0,,,,0.0,True,56,reserved,0.0,35.9,0.0,4065.2116940798423,0.0,0.9924833237499615,2188.4257288686654,824.753642036218,1005.2,1
2026-09-13T22:13:53.897044+00:00,1789337633.8970444,F_lat_centralindia_rep1,r3-pub,F01,drain,0,0,0,0,0,2309795510,22057578,808106720700,61127,1789156079.537691,5994072.717,192964.18600000002,89564672,89338889,432109217,8238,22533,16055216,4868620565,11084516.811,795343.511,17A/ACE80D20,17A/ACE80D20,1,1.0060575008392334,0,0.0,0.0,3,2.981936914637045,0,0.0,0.0,0.0,0.0,0.0,streaming,17A/ACE80D20,17A/ACE80D20,17A/ACE80D20,0,0,0,0,,,,0.0,True,56,reserved,0.0,35.9,0.0,8142.675734902225,0.0,1.9879579430913634,0.0,59.6387382927409,1005.2,1
2026-09-13T22:13:54.903736+00:00,1789337634.903736,F_lat_centralindia_rep1,r3-pub,F01,drain,0,0,0,0,0,2309795510,22057578,808106720700,61127,1789156079.537691,5994072.717,192964.18600000002,89564675,89338889,432109217,8238,22533,16055216,4868620565,11084516.811,795343.511,17A/ACE80D20,17A/ACE80D20,1,1.0066916942596436,0,0.0,0.0,3,2.9800583605751365,0,0.0,0.0,0.0,0.0,0.0,streaming,17A/ACE80D20,17A/ACE80D20,17A/ACE80D20,0,0,0,0,,,,0.0,True,56,reserved,0.2,35.9,0.0,122063.1904491576,0.0,24.833819671459473,3756.860239898389,16296.945821198564,1005.2,1
2026-09-13T22:13:55.905943+00:00,1789337635.9059434,F_lat_centralindia_rep1,r3-pub,F01,drain,0,0,0,0,0,2309795510,22057578,808106720700,61127,1789156079.537691,5994072.717,192964.18600000002,89564678,89338889,432109217,8238,22533,16055216,4868620565,11084516.811,795343.511,17A/ACE80D20,17A/ACE80D20,1,1.0022072792053223,0,0.0,0.0,3,2.993392746437426,0,0.0,0.0,0.0,0.0,0.0,streaming,17A/ACE80D20,17A/ACE80D20,17A/ACE80D20,0,0,0,0,,,,0.0,True,56,reserved,0.4,35.9,0.0,16347.91558587693,0.0,2.993392746437426,1984.6193908880136,712.4274736521074,1005.2,1
2026-09-13T22:13:56.906877+00:00,1789337636.9068775,F_lat_centralindia_rep1,r3-pub,F01,drain,0,0,0,0,0,2309795510,22057578,808106720700,61127,1789156079.537691,5994072.717,192964.18600000002,89564681,89338889,432109217,8238,22533,16055216,4868620565,11084516.811,795343.511,17A/ACE80D20,17A/ACE80D20,1,1.00093412399292,0,0.0,0.0,3,2.99720024334111,0,0.0,0.0,0.0,0.0,0.0,streaming,17A/ACE80D20,17A/ACE80D20,17A/ACE80D20,0,0,0,0,,,,0.0,True,56,reserved,0.0,35.9,0.0,0.0,0.0,0.0,212.8012172772188,176.83481435712548,1005.2,1
2026-09-13T22:13:57.908263+00:00,1789337637.9082634,F_lat_centralindia_rep1,r3-pub,F01,drain,0,0,0,0,0,2309795510,22057578,808106720700,61127,1789156079.537691,5994072.717,192964.18600000002,89564704,89338889,432109217,8238,22533,16055216,4868620610,11084516.811,795343.511,17A/ACE80D20,17A/ACE80D20,1,1.0013859272003174,0,0.0,0.0,23,22.968167791516283,0,0.0,0.0,0.0,0.0,0.0,streaming,17A/ACE80D20,17A/ACE80D20,17A/ACE80D20,0,0,0,0,,,,0.0,True,56,reserved,0.0,35.9,0.0,4090.3310988717694,0.0,0.9986159909354906,1618.7565213064304,2915.9586935316324,1005.2,1
2026-09-13T22:13:58.914495+00:00,1789337638.9144952,F_lat_centralindia_rep1,r3-pub,F01,load,16,1,1000,6,207.0,2309795511,22057578,808106720750,61127,1789156079.537691,5994072.717,192964.18600000002,89564710,89338889,432109217,8238,22533,16055216,4868620753,11084516.811,795343.511,17A/ACE80D20,17A/ACE80D20,1,1.0062317848205566,50,49.690340490403614,4.738840149917947e-05,6,5.962840858848433,0,0.0,0.0,0.0,0.0,0.0,streaming,17A/ACE80D20,17A/ACE80D20,17A/ACE80D20,0,0,0,0,,,,0.0,True,56,reserved,22.3,36.5,24423.796157843182,16282.530771895455,2.9814204294242166,3.975227239232289,2006.4959490024978,1684.5025426246825,1005.2,1
2026-09-13T22:13:59.927796+00:00,1789337639.9277961,F_lat_centralindia_rep1,r3-pub,F01,load,16,1,1000,6,207.0,2309795511,22057578,808106720750,61127,1789156079.537691,5994103.83,192964.18600000002,89564730,89338889,432109217,8238,22533,16055216,4868621280,11084516.811,795343.511,17A/AD305850,17A/AD36EBD8,1,1.013300895690918,0,0.0,0.0,20,19.737473918211652,0,0.0,0.0,0.0,4675649.671432995,0.0,streaming,17A/AD303F88,17A/AD0A72B8,17A/AD0A72B8,6344,2483608,2942752,2483608,0.211984,0.409563,0.211984,2451007.4061530903,True,4737896,reserved,34.4,36.9,97013.63180279391,4786005.8356045,2.960621087731748,19.737473918211652,4255496.090388631,76118.55503927915,1005.2,1
2026-09-13T22:14:00.928679+00:00,1789337640.9286797,F_lat_centralindia_rep1,r3-pub,F01,load,16,1,1000,6,207.0,2309821866,22057581,808113517766,61127,1789156079.537691,5994139.064,192964.18600000002,89569071,89338889,432113555,8238,22533,16055216,4868668959,11084516.811,795355.596,17A/AD91E000,17A/AD9F2978,2,1.0008835792541504,6797016,6791015.5995016685,6.476417159558934,4341,4337.16776853795,4338,4334.1704169356435,0.0,0.0,6386085.387436428,0.0,streaming,17A/AD919FE8,17A/AD813FF0,17A/AD812F00,16408,1089552,1272856,1093888,0.225114,0.281811,0.225114,-1388493.1562526054,True,11129624,reserved,3.7,36.9,0.0,11372735.28703743,0.0,56.94968044382934,6586471.330574248,276722.49374536984,1005.19,1
2026-09-13T22:14:01.928904+00:00,1789337641.9289043,F_lat_centralindia_rep1,r3-pub,F01,load,16,1,1000,6,207.0,2309848697,22057581,808120421966,61127,1789156079.537691,5994183.602,192964.18600000002,89573494,89338889,432117972,8238,22533,16055216,4868716640,11084516.811,795365.444,17A/AE118000,17A/AE1BAB28,5,1.0002245903015137,6904200,6902649.731815488,6.5828797643809205,4423,4422.006860145984,4417,4416.008207385216,0.0,0.0,8362153.941325014,0.0,streaming,17A/AE115FF8,17A/ADF31D40,17A/ADF311E8,8200,1991360,2430424,1994264,0.225071,0.225071,0.225071,900173.8296881756,True,19493656,reserved,6.7,36.9,0.0,16924966.81659955,0.0,38.99124294499059,8417962.407284817,303073.93253411126,1005.19,1
2026-09-13T22:14:02.929710+00:00,1789337642.9297101,F_lat_centralindia_rep1,r3-pub,F01,load,16,1,1000,6,207.0,2309881651,22057581,808128867122,61127,1789156079.537691,5994229.464,192964.18600000002,89578919,89338889,432123394,8238,22533,16055216,4868774339,11084516.811,795376.742,17A/AE948000,17A/AE9F3DF8,3,1.0008058547973633,8445156,8438355.910407739,8.04744330445074,5425,5420.631757893162,5422,5417.634173510917,0.0,0.0,8578303.13326682,0.0,streaming,17A/AE943CD0,17A/AE73BFD8,17A/AE73BFD8,17200,2146344,2520352,2146344,0.214088,0.294132,0.214088,151957.54428394325,True,28078872,reserved,4.1,36.9,0.0,16960156.576458827,0.0,29.975843822450667,8525642.570034333,380831.1054267067,1005.18,1
2026-09-13T22:14:03.930581+00:00,1789337643.930581,F_lat_centralindia_rep1,r3-pub,F01,load,16,1,1000,6,207.0,2309914707,22057581,808137381820,61127,1789156079.537691,5994279.334,192964.18600000002,89584353,89338889,432128825,8238,22533,16055216,4868831881,11084516.811,795388.239,17A/AF202000,17A/AF20F940,2,1.000870943069458,8514698,8507288.635922665,8.113182674334206,5434,5429.27141369004,5431,5426.274024245603,0.0,0.0,9142501.40176662,0.0,streaming,17A/AF1B9338,17A/AEF5A630,17A/AEF5A630,298184,2783696,3728240,2783696,0.220561,0.220561,0.220561,636797.3857302492,True,37229336,reserved,5.4,36.9,0.0,9183425.758981332,0.0,23.97911555549521,9256000.550469669,345721.8959107966,1005.17,1
2026-09-13T22:14:04.931582+00:00,1789337644.931062,F_lat_centralindia_rep1,r3-pub,F01,load,16,1,1000,6,207.0,2309947931,22057582,808145869393,61127,1789156079.537691,5994322.626,192964.18600000002,89589847,89338889,432134317,8238,22533,16055216,4868890467,11084516.811,795399.3,17A/AFA36000,17A/AFA50058,3,1.0004808902740479,8487573,8483493.370548153,8.090489740894464,5494,5491.359258741169,5492,5489.360220059429,0.0,0.0,8597465.562429566,0.0,streaming,17A/AFA0EFF8,17A/AF821FF8,17A/AF821FF8,159752,2179080,3061688,2179080,0.225677,0.225677,0.225677,-604325.3857996088,True,45830936,reserved,8.5,36.9,0.0,17055734.063372176,0.0,32.98413824871834,8635101.463690694,372579.82998345455,1005.16,1
2026-09-13T22:14:05.936042+00:00,1789337645.935009,F_lat_centralindia_rep1,r3-pub,F01,load,16,1,1000,6,207.0,2309981045,22057582,808154404227,61127,1789156079.537691,5994369.074,192964.18600000002,89595292,89338889,432139759,8238,22533,16055216,4868948164,11084516.811,795411.877,17A/B0223420,17A/B023FCA0,2,1.0039470195770264,8534834,8501279.284235355,8.107451709971766,5445,5423.592972360271,5442,5420.604766865858,0.0,0.0,8279161.985561616,0.0,streaming,17A/B0221BD0,17A/AFFFFC58,17A/AFFFFC10,6224,2242504,2811664,2242576,0.225440,0.225440,0.225440,63246.36535775717,True,54142776,reserved,5.8,37.1,0.0,12056094.359540416,0.0,20.91743846089361,7956512.489439328,318058.61641437054,1005.16,1
2026-09-13T22:14:06.935486+00:00,1789337646.9354868,F_lat_centralindia_rep1,r3-pub,F01,load,16,1,1000,6,207.0,2310016586,22057583,808162650801,61127,1789156079.537691,5994406.567,192964.18600000002,89600292,89338889,432144802,8251,22584,16055216,4869018135,11084516.811,795424.318,17A/B0972000,17A/B09CCAC8,1,1.0004777908325195,8246574,8242635.744205621,7.860790008741017,5000,4997.6121867127,5043,5040.59165151843,12.993791685453022,50.97564430446955,7658900.647483454,0.0,streaming,17A/B096FF50,17A/B075FCB0,17A/B075FC30,8368,2171728,2865208,2171856,0.226290,0.226290,0.226290,-70686.22676886444,True,61805336,reserved,8.9,36.9,0.0,17989228.911342066,0.0,51.97516674181209,7572249.048822918,314204.8757908142,1005.15,1
2026-09-13T22:14:07.935968+00:00,1789337647.935968,F_lat_centralindia_rep1,r3-pub,F01,load,16,1,1000,6,207.0,2310046538,22057583,808170333943,61127,1789156079.537691,5994442.138,192964.18600000002,89605247,89338889,432149753,8251,22584,16055216,4869072828,11084516.811,795436.265,17A/B0F96000,17A/B1065028,1,1.000481128692627,7683142,7679447.197609716,7.323691556558338,4955,4952.617153783718,4951,4948.619077372995,0.0,0.0,6435815.544481096,0.0,streaming,17A/B0F93C58,17A/B0E91D10,17A/B0E91D10,9128,1065712,2094304,1065712,0.225155,0.225155,0.225155,-1105612.0583158298,True,68244248,reserved,3.3,36.9,0.0,6444003.604970258,0.0,11.994229232170458,6529581.431022691,304518.4874182677,1005.14,1
2026-09-13T22:14:08.936460+00:00,1789337648.9364603,F_lat_centralindia_rep1,r3-pub,F01,load,16,1,1000,6,207.0,2310072900,22057583,808177068043,61127,1789156079.537691,5994482.4399999995,192964.18600000002,89609613,89338889,432154116,8251,22584,16055216,4869119588,11084516.811,795445.792,17A/B1608000,17A/B16D70A0,1,1.0004923343658447,6734100,6730786.2026432855,6.418977930682455,4366,4363.851525926342,4363,4360.853002202619,0.0,0.0,6755074.24480545,0.0,streaming,17A/B1605B90,17A/B1503EA0,17A/B1503DD8,9328,1065312,1891184,1065512,0.224553,0.224553,0.224553,-199.90158158160065,True,75002648,reserved,3.5,36.9,0.0,15270561.777651107,0.0,48.975887487492166,6847671.655917771,269525.3034306564,1005.14,1
2026-09-13T22:14:09.936848+00:00,1789337649.9368482,F_lat_centralindia_rep1,r3-pub,F01,load,16,1,1000,6,207.0,2310099122,22057584,808183775163,61127,1789156079.537691,5994515.092999999,192964.18600000002,89613952,89338889,432158452,8251,22584,16055216,4869165991,11084516.811,795454.909,17A/B1C1DE98,17A/B1CDB0D8,1,1.0003879070281982,6707120,6704519.269854533,6.393927831511052,4339,4337.3175240488945,4336,4334.318687318738,0.0,0.0,6378733.644388338,0.0,streaming,17A/B1C1BFD0,17A/B1B13EC0,17A/B1B13EC0,7880,1089496,2082616,1089496,0.053289,0.053289,0.053289,23974.700045353464,True,81383856,reserved,4.1,36.9,0.0,14801298.472296136,0.0,37.98526524864208,6442695.833005833,266703.5438209065,1005.13,1
2026-09-13T22:14:10.937669+00:00,1789337650.9376693,F_lat_centralindia_rep1,r3-pub,F01,load,16,1,1000,6,207.0,2310123287,22057584,808189968303,61127,1789156079.537691,5994548.012,192964.18600000002,89617946,89338889,432162443,8251,22584,16055216,4869208568,11084516.811,795463.143,17A/B220C000,17A/B22CAE90,1,1.0008211135864258,6193140,6188058.900762981,5.9013928420667465,3994,3990.723162991204,3991,3987.72562431094,0.0,0.0,6212986.4324280545,0.0,streaming,17A/B2209EA8,17A/B2103D20,17A/B2103750,8536,1082080,1124776,1083568,0.107480,0.107480,0.107480,-5923.136432201266,True,87601944,reserved,4.5,36.9,0.0,14614815.576367138,0.0,26.977848122374187,6260474.439380353,250237.52656710218,1005.13,1
2026-09-13T22:14:11.938157+00:00,1789337651.9381573,F_lat_centralindia_rep1,r3-pub,F01,load,16,1,1000,6,207.0,2310147376,22057584,808196157847,61127,1789156079.537691,5994583.784,192964.18600000002,89621917,89338889,432166411,8251,22584,16055216,4869250692,11084516.811,795471.432,17A/B283C000,17A/B2881C00,1,1.000488042831421,6189544,6186524.710963406,5.899929724658399,3971,3969.0629272908773,3968,3966.0643907051626,0.0,0.0,6484899.091485912,0.0,streaming,17A/B2829FF0,17A/B2729F70,17A/B2729F70,73744,1122448,2470560,1122448,0.040773,0.040773,0.040773,38861.03415086107,True,94090008,reserved,5.8,36.9,0.0,6484899.091485912,0.0,11.994146342858356,6407817.710501338,256075.02442002587,1005.12,1
2026-09-13T22:14:12.938681+00:00,1789337652.9386811,F_lat_centralindia_rep1,r3-pub,F01,load,16,1,1000,6,207.0,2310170367,22057584,808202104646,61127,1789156079.537691,5994612.271,192964.18600000002,89625696,89338889,432170187,8251,22584,16055216,4869291092,11084516.811,795479.498,17A/B2D4C000,17A/B2E31AA8,1,1.0005238056182861,5946799,5943685.664055841,5.668340362602082,3779,3777.0215748786904,3776,3774.0231454728596,0.0,0.0,5305636.87759493,0.0,streaming,17A/B2D49C38,17A/B2C45FE8,17A/B2C44F08,9160,1073176,1577216,1077496,0.225579,0.225579,0.225579,-44928.46621697457,True,99398424,reserved,4.1,36.9,0.0,13698040.889222711,0.0,18.990052903597544,5357371.778563141,211903.00401596472,1005.12,1
2026-09-13T22:14:13.939081+00:00,1789337653.9390812,F_lat_centralindia_rep1,r3-pub,F01,load,16,1,1000,6,207.0,2310193410,22057584,808208036871,61127,1789156079.537691,5994651.454,192964.18600000002,89629473,89338889,432173961,8251,22584,16055216,4869331266,11084516.811,795487.866,17A/B3314000,17A/B33C4470,1,1.0004000663757324,5932225,5929852.665335552,5.655148187003662,3777,3775.4895535776845,3774,3772.4907532968446,0.0,0.0,6059655.735491715,0.0,streaming,17A/B330FD98,17A/B3205CC8,17A/B3205CC8,17000,1106744,1486312,1106744,0.225858,0.225858,0.225858,29236.303538003736,True,105460504,reserved,4.6,36.9,0.0,14473569.611461632,0.0,21.991202059494057,6018189.324808353,230085.95034773744,1005.11,1
2026-09-13T22:14:14.939757+00:00,1789337654.9397173,F_lat_centralindia_rep1,r3-pub,F01,load,16,1,1000,6,207.0,2310215914,22057584,808213837812,61127,1789156079.537691,5994692.654,192964.18600000002,89633186,89338889,432177671,8251,22584,16055216,4869370889,11084516.811,795495.564,17A/B394C000,17A/B394C320,1,1.000636100769043,5800941,5797253.362677664,5.528691637685455,3713,3710.639659259104,3710,3707.6415663483103,0.0,0.0,6516686.730559079,0.0,streaming,17A/B38ADF70,17A/B3731DD8,17A/B3731DD8,647312,2204200,2826328,2204200,0.225394,0.225394,0.225394,1096758.3511693669,True,111981336,reserved,2.5,36.9,0.0,6623115.0314350445,0.0,16.989193161164764,6127473.3095155265,211047.75236241746,1005.11,1
2026-09-13T22:14:15.940328+00:00,1789337655.940328,F_lat_centralindia_rep1,r3-pub,F01,load,16,1,1000,6,207.0,2310238363,22057584,808219631059,61127,1789156079.537691,5994720.141,192964.18600000002,89636887,89338889,432181370,8251,22584,16055216,4869410822,11084516.811,795503.369,17A/B3E86000,17A/B3EDDAF0,1,1.000610589981079,5793247,5789711.859944982,5.521499500222189,3701,3698.7415854453266,3699,3696.7428058801033,0.0,0.0,5477103.735333874,0.0,streaming,17A/B3E83C00,17A/B3D77B88,17A/B3D77B88,9216,1107064,2111936,1107064,0.225599,0.225599,0.225599,-1096466.5085352995,True,117461784,reserved,5.3,36.9,0.0,13860592.860867338,0.0,20.987185434842434,5908698.208072931,253480.22751267912,1005.1,1
2026-09-13T22:14:16.941789+00:00,1789337656.9417896,F_lat_centralindia_rep1,r3-pub,F01,load,16,1,1000,6,207.0,2310260998,22057585,808225463759,61127,1789156079.537691,5994755.504,192964.18600000002,89640628,89338889,432185108,8251,22584,16055216,4869450899,11084516.811,795511.022,17A/B4428000,17A/B446AFF8,1,1.0014617443084717,5832700,5824186.528490501,5.554377106180669,3741,3735.539596256102,3738,3732.5439750882942,0.0,0.0,5897810.908472098,0.0,streaming,17A/B4425FE8,17A/B431BCD8,17A/B431BBD0,8216,1098536,2308032,1098800,0.217620,0.247132,0.217620,-8251.937776920724,True,123368216,reserved,3.3,36.9,0.0,14286444.87052222,0.0,20.96934817465334,5945875.650109572,227212.87287626162,1005.1,1
2026-09-13T22:14:17.941899+00:00,1789337657.941899,F_lat_centralindia_rep1,r3-pub,F01,load,16,1,1000,6,207.0,2310283661,22057585,808231272973,61127,1789156079.537691,5994792.0309999995,192964.18600000002,89644374,89338889,432188851,8251,22584,16055216,4869490944,11084516.811,795518.723,17A/B495C000,17A/B4A11690,1,1.0001094341278076,5809214,5808578.343295199,5.539491980834197,3746,3745.590104613777,3743,3742.5904328802367,0.0,0.0,5455275.006737687,0.0,streaming,17A/B4959E48,17A/B4849FD8,17A/B4849078,8632,1122344,1563256,1126280,0.225254,0.249011,0.225254,27476.9930792276,True,128824088,reserved,2.7,36.9,0.0,13842965.107187225,0.0,17.998030401240786,5526931.1651084935,219041.0294359896,1005.09,1
2026-09-13T22:14:18.942118+00:00,1789337658.9421186,F_lat_centralindia_rep1,r3-pub,F01,load,16,1,1000,6,207.0,2310306922,22057585,808237216848,61127,1789156079.537691,5994830.515,192964.18600000002,89648223,89338889,432192697,8251,22584,16055216,4869532199,11084516.811,795526.386,17A/B4F90000,17A/B4FBF650,1,1.0002195835113525,5943875,5942570.109588878,5.667276486958388,3849,3848.1550086109805,3846,3845.1556672168954,0.0,0.0,6503020.044024337,0.0,streaming,17A/B4F7FC48,17A/B4D6DF20,17A/B4D6DF20,66488,2236640,2897240,2236640,0.223420,0.223420,0.223420,1110116.2367787187,True,103416296,reserved,5.8,36.9,0.0,6560351.454991806,0.0,21.995170223289573,6524332.36419024,260327.83629960252,1005.09,1
2026-09-13T22:14:19.942834+00:00,1789337659.9427848,F_lat_centralindia_rep1,r3-pub,F01,load,16,1,1000,6,207.0,2310330235,22057585,808243174779,61127,1789156079.537691,5994865.376,192964.18600000002,89652077,89338889,432196548,8251,22584,16055216,4869573580,11084516.811,795534.201,17A/B5520000,17A/B55AEA38,1,1.0006661415100098,5957931,5953964.816886335,5.678143326650939,3854,3851.4343996732982,3851,3848.436396767481,0.0,0.0,5828821.180257406,0.0,streaming,17A/B551DE78,17A/B5415FF8,17A/B5415FF8,8584,1089544,1133984,1089544,0.225067,0.225067,0.225067,-1146332.3804171358,True,109249000,reserved,5.2,36.9,0.0,14301896.912794506,0.0,26.982026152355747,5968189.341340136,236386.53311788288,1005.08,1
2026-09-13T22:14:20.943687+00:00,1789337660.9436874,F_lat_centralindia_rep1,r3-pub,F01,load,16,1,1000,6,207.0,2310354801,22057585,808249443261,61127,1789156079.537691,5994898.18,192964.18600000002,89656135,89338889,432200603,8251,22584,16055216,4869616824,11084516.811,795542.061,17A/B5B4C940,17A/B5BAB700,1,1.0009026527404785,6268482,6262828.840384079,5.972699013122634,4058,4054.340338582546,4055,4051.343044098626,0.0,0.0,6468209.45301125,0.0,streaming,17A/B5B4BC28,17A/B5A41FE8,17A/B5A41618,3352,1091928,2423720,1094440,0.225212,0.264402,0.225212,4891.584597757552,True,115723048,reserved,6.2,36.9,3380756.3510148665,16991766.335551642,16.98466874221372,27.974748516587304,6557624.742055554,263465.1824310579,1005.08,1
2026-09-13T22:14:21.943863+00:00,1789337661.9438639,F_lat_centralindia_rep1,r3-pub,F01,load,16,1,1000,6,207.0,2310379512,22057585,808255728653,61127,1789156079.537691,5994932.3209999995,192964.18600000002,89660203,89338889,432204668,8251,22584,16055216,4869659545,11084516.811,795550.567,17A/B6112000,17A/B61D7B60,2,1.0001764297485352,6285392,6284283.265483747,5.993159547313449,4068,4067.282410387114,4065,4064.2829395829935,0.0,0.0,6050452.52018334,0.0,streaming,17A/B610FFE8,17A/B5F81FC8,17A/B5F81F48,8216,1638456,2352720,1638584,0.225664,0.225664,0.225664,544048.0137457438,True,121774568,reserved,3.5,36.9,0.0,6077391.767298746,0.0,12.997706817854592,6103225.209511032,231275.19617529638,1005.07,1
2026-09-13T22:14:22.944368+00:00,1789337662.9443688,F_lat_centralindia_rep1,r3-pub,F01,load,16,1,1000,6,207.0,2310404847,22057586,808262211979,61127,1789156079.537691,5994973.6899999995,192964.18600000002,89664392,89338889,432208854,8251,22584,16055216,4869704039,11084516.811,795558.819,17A/B6776000,17A/B680DCF0,1,1.000504970550537,6483326,6480053.763683443,6.179860843356555,4189,4186.885745999806,4186,4183.887260146858,0.0,0.0,6697673.871937569,0.0,streaming,17A/B6763CE0,17A/B6661FF8,17A/B6660F08,74528,1130504,1825896,1134840,0.225725,0.225725,0.225725,-503489.752502489,True,128475624,reserved,3.9,36.9,0.0,8687325.15663296,0.0,32.98334438242865,6709950.672514823,264337.51733834203,1005.07,1
2026-09-13T22:14:23.945020+00:00,1789337663.9450207,F_lat_centralindia_rep1,r3-pub,F01,load,16,1,1000,6,207.0,2310430199,22057586,808268698398,61127,1789156079.537691,5995014.324,192964.18600000002,89668586,89338889,432213045,8251,22584,16055216,4869748922,11084516.811,795567.846,17A/B6DCDA50,17A/B6E55BF8,3,1.0006518363952637,6486419,6482193.670244587,6.181901617283427,4194,4191.267978988992,4191,4188.269933224336,0.0,0.0,6646115.819821503,0.0,streaming,17A/B6DCBC00,17A/B6CB7E00,17A/B6CB7D38,7760,1137744,2295056,1137944,0.226360,0.226360,0.226360,3101.97801783067,True,135126072,reserved,4.1,37.0,0.0,9738036.39346034,0.0,80.94723564571014,6810152.894486064,272873.1313616889,1005.06,1
2026-09-13T22:14:24.945438+00:00,1789337664.9454381,F_lat_centralindia_rep1,r3-pub,F01,load,16,1,1000,6,207.0,2310455858,22057586,808275254094,61127,1789156079.537691,5995049.387,192964.18600000002,89672831,89338889,432217287,8251,22584,16055216,4869794097,11084516.811,795577.526,17A/B742CFD8,17A/B7498428,2,1.0004174709320068,6555696,6552960.3295438215,6.249389962714979,4245,4243.228575411905,4242,4240.229827302073,0.0,0.0,6679203.626636924,0.0,streaming,17A/B742BDC0,17A/B732BFF0,17A/B732BAA8,4632,1052648,1774840,1054000,0.225666,0.225666,0.225666,-83908.97044390505,True,141808064,reserved,4.5,36.9,0.0,16098751.239315977,0.0,48.979552460585005,6765237.7099079965,289555.1191545392,1005.05,1
2026-09-13T22:14:25.949424+00:00,1789337665.9460266,F_lat_centralindia_rep1,r3-pub,F01,load,16,1,1000,6,207.0,2310481433,22057586,808281801031,61127,1789156079.537691,5995085.7069999995,192964.18600000002,89677056,89338889,432221509,8251,22584,16055216,4869839132,11084516.811,795586.329,17A/B7AA2000,17A/B7AEE170,1,1.0005884170532227,6546937,6543086.9360661,6.239973960939503,4225,4222.515399931185,4222,4219.517164144252,0.0,0.0,6766746.33106397,0.0,streaming,17A/B7A9FF58,17A/B7877C00,17A/B7877C00,8360,2270208,2366504,2270208,0.093019,0.093019,0.093019,1215492.7833182265,True,148578792,reserved,3.7,37.0,0.0,6787174.3108922765,0.0,11.992943147733543,6828732.85713496,264227.52401893644,1005.05,1
2026-09-13T22:14:26.950550+00:00,1789337666.9495287,F_lat_centralindia_rep1,r3-pub,F01,load,16,1,1000,6,207.0,2310506988,22057586,808288359645,61127,1789156079.537691,5995130.994,192964.18600000002,89681271,89338889,432225721,8251,22584,16055216,4869883774,11084516.811,795594.767,17A/B8112000,17A/B812FA88,1,1.0035021305084229,6558614,6535725.037949933,6.232953107786114,4215,4200.290036120278,4212,4197.30050584546,0.0,0.0,6726650.392441138,0.0,streaming,17A/B80FFE78,17A/B7ED7FA0,17A/B7ED6D90,74120,2334816,2963120,2339440,0.064707,0.064707,0.064707,68990.38666208283,True,155329000,reserved,4.4,37.0,0.0,15098228.034975586,0.0,23.91624219854963,6704086.414436897,225706.54621853732,1005.04,1
2026-09-13T22:14:27.949871+00:00,1789337667.9498715,F_lat_centralindia_rep1,r3-pub,F01,load,16,1,1000,6,207.0,2310532479,22057586,808294887222,61127,1789156079.537691,5995167.541,192964.18600000002,89685472,89338889,432229919,8251,22584,16055216,4869928365,11084516.811,795603.374,17A/B874A000,17A/B87646C8,1,1.000342845916748,6527577,6525339.813889415,6.2230489863294745,4201,4199.560197934001,4198,4196.561226119242,0.0,0.0,6518597.125592565,0.0,streaming,17A/B8747CB0,17A/B853DF28,17A/B853DEE0,9040,2146520,2246608,2146592,0.093197,0.093197,0.093197,-192781.9055108727,True,161849832,reserved,5.4,36.9,0.0,14912519.303648317,0.0,20.992802703312073,6600212.144216685,282581.118217469,1005.04,1
2026-09-13T22:14:28.950444+00:00,1789337668.9504442,F_lat_centralindia_rep1,r3-pub,F01,load,16,1,1000,6,207.0,2310557668,22057587,808301381142,61127,1789156079.537691,5995195.359,192964.18600000002,89689609,89338889,432234053,8251,22584,16055216,4869972490,11084516.811,795612.222,17A/B8C9C000,17A/B8D93610,1,1.000572681427002,6493920,6490203.181180669,6.189540082150144,4137,4134.632172947068,4134,4131.633890008021,0.0,0.0,5575558.98092647,0.0,streaming,17A/B8C99F78,17A/B8B89F78,17A/B8B88830,8328,1122440,1643040,1128400,0.054431,0.054431,0.054431,-1017609.23409169,True,167428584,reserved,6.2,37.0,0.0,5575558.98092647,0.0,9.994276463493035,5581193.753996586,261801.0713888464,1005.03,1
2026-09-13T22:14:29.951321+00:00,1789337669.9513216,F_lat_centralindia_rep1,r3-pub,F01,load,16,1,1000,6,207.0,2310582810,22057587,808307805744,61127,1789156079.537691,5995233.875,192964.18600000002,89693739,89338889,432238179,8251,22584,16055216,4870016726,11084516.811,795621.12,17A/B932A000,17A/B93A5650,1,1.0008773803710938,6424602,6418970.12161266,6.121606942761097,4130,4126.379595539192,4126,4122.383101984191,0.0,0.0,6867062.973739776,0.0,streaming,17A/B9325DA8,17A/B921FD98,17A/B921FD98,16984,1090152,1323400,1090152,0.075465,0.075465,0.075465,-38214.47137292567,True,174301672,reserved,4.6,37.0,0.0,15293333.929002112,0.0,26.97633149626106,6888221.4097433435,268114.76137117244,1005.03,1
2026-09-13T22:14:30.952398+00:00,1789337670.9518921,F_lat_centralindia_rep1,r3-pub,F01,load,16,1,1000,6,207.0,2310607467,22057587,808314154428,61127,1789156079.537691,5995268.013,192964.18600000002,89697797,89338889,432242235,8251,22584,16055216,4870060045,11084516.811,795629.878,17A/B9976000,17A/B99BEB50,1,1.00057053565979,6348684,6345063.914772975,6.051124491475082,4058,4055.686086462759,4056,4053.6872268834277,0.0,0.0,6598987.042573719,0.0,streaming,17A/B9971DA8,17A/B9759FE0,17A/B9759AD8,16984,2211872,2765160,2213160,0.226347,0.244738,0.226347,1122367.649232718,True,180904424,reserved,4.1,36.9,32749.315347760392,16038977.191565653,0.9994297896655393,21.987455372641865,6561190.606788148,262041.49598219743,1005.02,1
2026-09-13T22:14:31.952547+00:00,1789337671.9525478,F_lat_centralindia_rep1,r3-pub,F01,load,16,1,1000,6,207.0,2310632069,22057587,808320513150,61127,1789156079.537691,5995301.996,192964.18600000002,89701844,89338889,432246279,8251,22584,16055216,4870103438,11084516.811,795638.349,17A/B9FA6000,17A/B9FC01B8,1,1.0006556510925293,6358722,6354555.6286595315,6.060176495227367,4047,4044.3483186063368,4044,4041.3502842708244,0.0,0.0,6483812.881000816,0.0,streaming,17A/B9FA3BB0,17A/B9D97FE0,17A/B9D974B8,9296,2154528,3083712,2157384,0.225332,0.225332,0.225332,-55739.45436584805,True,187392488,reserved,3.1,36.9,0.0,14899671.014421068,0.0,20.986240348587366,6482736.586674367,224047.1032719617,1005.02,1
2026-09-13T22:14:32.952919+00:00,1789337672.9529195,F_lat_centralindia_rep1,r3-pub,F01,load,16,1,1000,6,207.0,2310656309,22057587,808326769076,61127,1789156079.537691,5995335.181,192964.18600000002,89705833,89338889,432250265,8251,22584,16055216,4870148393,11084516.811,795647.69,17A/BA526000,17A/BA5B7218,1,1.0003716945648193,6255926,6253601.570285779,5.963899202619342,3989,3987.517861283841,3986,3984.5189759532186,0.0,0.0,5765025.1714777155,0.0,streaming,17A/BA523E80,17A/BA41F280,17A/BA41E4A8,8576,1076608,1652288,1080152,0.225297,0.225297,0.225297,-1076831.7474922321,True,193159656,reserved,5.6,37.0,0.0,5785497.562001429,0.0,12.995169766029063,5783545.287651193,276014.40694512666,1005.01,1
2026-09-13T22:14:33.953277+00:00,1789337673.953277,F_lat_centralindia_rep1,r3-pub,F01,load,16,1,1000,6,207.0,2310680516,22057587,808333000919,61127,1789156079.537691,5995368.490999999,192964.18600000002,89709823,89338889,432254252,8251,22584,16055216,4870194680,11084516.811,795658.065,17A/BAB40000,17A/BABA0098,1,1.0003576278686523,6231843,6229615.116023532,5.941023937247784,3990,3988.5735749334335,3987,3985.5746474334837,0.0,0.0,6395664.732053261,0.0,streaming,17A/BAB3DFE8,17A/BAA3DDF8,17A/BAA3DD38,8216,1057288,1852352,1057480,0.225370,0.225370,0.225370,-22663.894759621755,True,3296616,reserved,5.8,37.0,0.0,14867259.053831875,0.0,29.9892749994995,6407070.65297807,251286.1330758062,1005.0,1
2026-09-13T22:14:34.953535+00:00,1789337674.9534726,F_lat_centralindia_rep1,r3-pub,F01,load,16,1,1000,6,207.0,2310704472,22057588,808339157055,61127,1789156079.537691,5995410.102,192964.18600000002,89713773,89338889,432258198,8251,22584,16055216,4870240728,11084516.811,795666.775,17A/BB112000,17A/BB189810,1,1.0001955032348633,6156136,6154932.690748593,5.869801226376145,3950,3949.2279131677633,3946,3945.2286950278467,0.0,0.0,6101847.069159338,0.0,streaming,17A/BB101CC0,17A/BAF4DBE0,17A/BAF4DAD0,66368,1852448,2843568,1852720,0.226116,0.226116,0.226116,795084.5583968436,True,9399656,reserved,3.7,36.9,0.0,14632147.367856588,0.0,26.994722444437876,6040586.045887559,208641.20996852536,1005.0,1
2026-09-13T22:14:35.954767+00:00,1789337675.9547675,F_lat_centralindia_rep1,r3-pub,F01,load,16,1,1000,6,207.0,2310728513,22057588,808345341714,61127,1789156079.537691,5995442.433,192964.18600000002,89717733,89338889,432262155,8251,22584,16055216,4870282591,11084516.811,795675.443,17A/BB724000,17A/BB76BD80,1,1.0012948513031006,6184659,6176661.142271119,5.890523092528457,3960,3954.8790197476746,3957,3951.8828992781687,0.0,0.0,6356952.691523632,0.0,streaming,17A/BB721EC0,17A/BB51BEF0,17A/BB51B4E0,8512,2130192,3046552,2132768,0.224648,0.224648,0.224648,279685.84841472143,True,15764840,reserved,7.7,37.0,0.0,6377406.207262125,0.0,12.98318870119186,6475831.76080586,277102.19386318425,1004.99,1
2026-09-13T22:14:36.955821+00:00,1789337676.955782,F_lat_centralindia_rep1,r3-pub,F01,load,16,1,1000,6,207.0,2310752622,22057588,808351511024,61127,1789156079.537691,5995478.236,192964.18600000002,89721697,89338889,432266117,8251,22584,16055216,4870322614,11084516.811,795684.131,17A/BBD3A000,17A/BBD52468,1,1.0010144710540771,6169310,6163057.756301627,5.877549892713191,3964,3959.9827121638637,3962,3957.984739049755,0.0,0.0,6375100.644928891,0.0,streaming,17A/BBD35B70,17A/BBB31CF0,17A/BBB31828,17552,2130704,2221568,2131928,0.225333,0.225333,0.225333,-839.1487079257431,True,22146408,reserved,5.2,36.9,0.0,14779758.362954527,0.0,20.978717698143576,6394646.815904219,213979.9235613933,1004.99,1
2026-09-13T22:14:37.957704+00:00,1789337677.9577043,F_lat_centralindia_rep1,r3-pub,F01,load,16,1,1000,6,207.0,2310776748,22057588,808357697450,61127,1789156079.537691,5995512.536,192964.18600000002,89725658,89338889,432270075,8251,22584,16055216,4870362760,11084516.811,795693.61,17A/BC316000,17A/BC345888,1,1.001922369003296,6186426,6174556.224504904,5.88851568651667,3961,3953.400106178256,3958,3950.40586222003,0.0,0.0,6132211.626447666,0.0,streaming,17A/BC313FD0,17A/BC107F40,17A/BC107970,8240,2154688,2204344,2156176,0.225288,0.262248,0.225288,24201.47583302458,True,28290408,reserved,4.0,36.9,0.0,14545605.977933865,0.0,20.959707707584798,6149910.602484742,263580.30139871174,1004.98,1
2026-09-13T22:14:38.957874+00:00,1789337678.9578745,F_lat_centralindia_rep1,r3-pub,F01,load,16,1,1000,6,207.0,2310800871,22057588,808363896195,61127,1789156079.537691,5995544.746,192964.18600000002,89729636,89338889,432274050,8251,22584,16055216,4870402770,11084516.811,795703.084,17A/BC934000,17A/BC934460,1,1.0001702308654785,6198745,6197689.961873823,5.910577737687896,3978,3977.322936874168,3975,3974.323447479844,0.0,0.0,6413244.267877754,0.0,streaming,17A/BC8EAE50,17A/BC725E60,17A/BC725890,299440,2154912,2434728,2156400,0.225307,0.264942,0.225307,223.96187477622266,True,34704744,reserved,3.3,36.9,0.0,14824996.32804436,0.0,20.996425760270874,6447004.520840674,235852.85056512273,1004.98,1
2026-09-13T22:14:39.957942+00:00,1789337679.9579422,F_lat_centralindia_rep1,r3-pub,F01,load,16,1,1000,6,207.0,2310825049,22057588,808370097810,61127,1789156079.537691,5995573.3,192964.18600000002,89733628,89338889,432278038,8251,22584,16055216,4870442677,11084516.811,795713.086,17A/BCE4E000,17A/BCF25230,1,1.0000677108764648,6201615,6201195.111643861,5.913920508998738,3992,3991.729716482286,3988,3987.7299873074544,0.0,0.0,5349013.8135864595,0.0,streaming,17A/BCE4BDF0,17A/BCD41FD8,17A/BCD40E28,8720,1097768,1109832,1102296,0.225949,0.263046,0.225949,-1054032.6305267646,True,40054120,reserved,6.0,37.0,0.0,5373588.149636627,0.0,12.999119818203837,5404752.03950233,273586.47521997395,1004.97,1
2026-09-13T22:14:40.958668+00:00,1789337680.9586687,F_lat_centralindia_rep1,r3-pub,F01,load,16,1,1000,6,207.0,2310849360,22057589,808376331507,61127,1789156079.537691,5995612.755,192964.18600000002,89737643,89338889,432282050,8251,22584,16055216,4870482855,11084516.811,795721.517,17A/BD51E000,17A/BD51E440,1,1.0007264614105225,6233697,6229171.74710621,5.940601107698641,4015,4012.0853747994865,4012,4009.087552601629,0.0,0.0,7138238.345303026,0.0,streaming,17A/BD4DC9D0,17A/BD30FF08,17A/BD30FF08,267824,2154744,2273976,2154744,0.225013,0.263377,0.225013,1051683.9921636288,True,47197544,reserved,5.2,36.9,0.0,15537128.875441678,0.0,23.98257758286119,7154377.620742225,245914.3527124608,1004.97,1
2026-09-13T22:14:41.959122+00:00,1789337681.9591222,F_lat_centralindia_rep1,r3-pub,F01,load,16,1,1000,6,207.0,2310873713,22057589,808382584415,61127,1789156079.537691,5995641.327,192964.18600000002,89741662,89338889,432286066,8251,22584,16055216,4870523058,11084516.811,795729.826,17A/BDA42000,17A/BDB1CFA0,1,1.0004534721374512,6252908,6250073.765690245,5.960534825983281,4019,4017.17832156,4016,4014.1796813597807,0.0,0.0,5387892.740762489,0.0,streaming,17A/BDA3FD60,17A/BD937F00,17A/BD937930,8864,1089792,1446440,1091280,0.225247,0.265399,0.225247,-1062981.9672952185,True,52587880,reserved,5.2,36.9,0.0,13772698.464988612,0.0,17.991841201313758,5452272.5463144565,250419.44176048556,1004.96,1
2026-09-13T22:14:42.959887+00:00,1789337682.959888,F_lat_centralindia_rep1,r3-pub,F01,load,16,1,1000,6,207.0,2310898176,22057589,808388865411,61127,1789156079.537691,5995679.521,192964.18600000002,89745697,89338889,432290098,8251,22584,16055216,4870563557,11084516.811,795738.424,17A/BE106000,17A/BE12BAA0,2,1.0007658004760742,6280996,6276189.690946741,5.985440913149587,4035,4031.912359595532,4032,4028.9146552389557,0.0,0.0,7088843.360379806,0.0,streaming,17A/BE103BD8,17A/BDF6BFF8,17A/BDF6BFF8,9256,1679368,2591472,1679368,0.225822,0.225822,0.225822,587637.9865501407,True,59682152,reserved,10.9,36.9,32742.925452100717,15487403.73884364,0.9992347855255346,23.98163485261283,7132312.072019737,254092.41590693162,1004.96,1
2026-09-13T22:14:43.960018+00:00,1789337683.9600186,F_lat_centralindia_rep1,r3-pub,F01,load,16,1,1000,6,207.0,2310922658,22057589,808395136887,61127,1789156079.537691,5995709.149999999,192964.18600000002,89749736,89338889,432294135,8251,22584,16055216,4870604171,11084516.811,795748.181,17A/BE62E000,17A/BE72AAB0,1,1.0001306533813477,6271476,6270656.717496589,5.980164258476819,4039,4038.472359930696,4037,4036.4726212033224,0.0,0.0,5406013.686032308,0.0,streaming,17A/BE62BF70,17A/BE51FEE8,17A/BE51F8B0,8336,1106200,1834528,1107792,0.052595,0.052595,0.052595,-571501.3314186055,True,65088872,reserved,3.1,36.9,0.0,5414204.61585963,0.0,9.998693636867284,5471932.073572083,244696.02963632566,1004.95,1
2026-09-13T22:14:44.960526+00:00,1789337684.960526,F_lat_centralindia_rep1,r3-pub,F01,load,16,1,1000,6,207.0,2310947334,22057589,808401431640,61127,1789156079.537691,5995742.395,192964.18600000002,89753803,89338889,432298198,8251,22584,16055216,4870645611,11084516.811,795757.594,17A/BEC62000,17A/BED2CF48,2,1.0005073547363281,6294753,6291560.946754767,6.000100085024611,4067,4064.937634638188,4063,4060.93966302802,0.0,0.0,6501149.610953305,0.0,streaming,17A/BEC5FDE8,17A/BEB57CF0,17A/BEB57CF0,8728,1090320,1202304,1090320,0.091655,0.091655,0.091655,-17463.13999321328,True,71593320,reserved,1.4,36.9,0.0,15012415.379953256,0.0,26.986308368633164,6560571.46299523,268618.7150226669,1004.95,1
2026-09-13T22:14:45.961321+00:00,1789337685.9613214,F_lat_centralindia_rep1,r3-pub,F01,load,16,1,1000,6,207.0,2310971940,22057589,808407707969,61127,1789156079.537691,5995781.397,192964.18600000002,89757855,89338889,432302250,8251,22584,16055216,4870686456,11084516.811,795766.06,17A/BF328000,17A/BF338FD8,2,1.0007953643798828,6276329,6271340.998755491,5.980816839938632,4052,4048.7797448089877,4052,4048.7797448089877,0.0,0.0,7096819.442604892,0.0,streaming,17A/BF325BD0,17A/BF10DD30,17A/BF10DCE8,9264,2204368,2280208,2204440,0.225128,0.262705,0.225128,1113234.5728742818,True,78695784,reserved,5.4,36.9,0.0,15495131.724165007,0.0,23.980926425324707,7171326.182597841,236697.73904956118,1004.94,1
2026-09-13T22:14:46.961896+00:00,1789337686.9618967,F_lat_centralindia_rep1,r3-pub,F01,load,16,1,1000,6,207.0,2310996514,22057590,808414002324,61127,1789156079.537691,5995808.494,192964.18600000002,89761922,89338889,432306312,8251,22584,16055216,4870727408,11084516.811,795774.761,17A/BF850000,17A/BF93E060,2,1.000575304031372,6294355,6290735.9142682245,5.999313272731995,4067,4064.661583804674,4062,4059.6644586709085,0.0,0.0,5403611.280646277,0.0,streaming,17A/BF84DBE8,17A/BF745FC0,17A/BF7454B0,9240,1089600,1481496,1092432,0.231500,0.265311,0.231500,-1111368.625149611,True,84102504,reserved,6.7,37.0,0.0,5428173.15010376,0.0,9.994250267530548,5480389.1100515,255328.10870973667,1004.93,1
2026-09-13T22:14:47.965082+00:00,1789337687.9650826,F_lat_centralindia_rep1,r3-pub,F01,load,16,1,1000,6,207.0,2311021114,22057590,808420290865,61127,1789156079.537691,5995842.518999999,192964.18600000002,89765992,89338889,432310378,8251,22584,16055216,4870768535,11084516.811,795786.342,17A/BFE8DFF8,17A/BFF50390,1,1.0031859874725342,6288541,6268569.416368739,5.9781736530005825,4070,4057.0742123842024,4066,4053.086915860975,0.0,0.0,6524612.665783675,0.0,streaming,17A/BFE8BB68,17A/BFD7FC78,17A/BFD7FBB0,9360,1106816,1727456,1107016,0.225406,0.225406,0.225406,14537.683123688257,True,90647904,reserved,4.1,37.0,0.0,11085322.30201677,0.0,46.85073414792568,6614884.06224542,265000.7110543681,1004.93,1
2026-09-13T22:14:48.965486+00:00,1789337688.9654865,F_lat_centralindia_rep1,r3-pub,F01,load,16,1,1000,6,207.0,2311045975,22057590,808426646181,61127,1789156079.537691,5995882.671,192964.18600000002,89770105,89338889,432314489,8251,22584,16055216,4870809855,11084516.811,795796.093,17A/C0532000,17A/C0563168,1,1.000403881072998,6355316,6352750.244414797,6.058454746641919,4113,4111.339507788135,4111,4109.3403152241735,0.0,0.0,6960396.827460833,0.0,streaming,17A/C052DFC0,17A/C0319FC8,17A/C0319F40,16448,2195512,2496088,2195648,0.225432,0.225432,0.225432,1088192.4996456148,True,97611112,reserved,2.1,37.0,0.0,10145790.307324264,0.0,68.97214345669373,7041531.058880391,233461.70923437047,1004.92,1
2026-09-13T22:14:49.966171+00:00,1789337689.9661717,F_lat_centralindia_rep1,r3-pub,F01,load,16,1,1000,6,207.0,2311070795,22057590,808432986462,61127,1789156079.537691,5995910.344,192964.18600000002,89774209,89338889,432318590,8251,22584,16055216,4870851109,11084516.811,795806.932,17A/C0A6E000,17A/C0B7C540,1,1.000685214996338,6340281,6335939.519225537,6.042422789788758,4104,4101.189803243989,4101,4098.1918574813835,0.0,0.0,5484881.676821902,0.0,streaming,17A/C0A6C000,17A/C095FB70,17A/C095FB70,1105920,2204816,2909576,2204816,0.226625,0.226625,0.226625,9161.72225052166,True,104197480,reserved,2.9,37.0,0.0,15222593.250821386,0.0,31.978088134456055,5806827.075007064,280232.9801595262,1004.92,1
2026-09-13T22:14:50.966560+00:00,1789337690.96656,F_lat_centralindia_rep1,r3-pub,F01,load,16,1,1000,6,207.0,2311095764,22057590,808439365878,61127,1789156079.537691,5995948.033,192964.18600000002,89778339,89338889,432322715,8251,22584,16055216,4870892519,11084516.811,795817.205,17A/C1100DC0,17A/C11932B0,1,1.0003881454467773,6379416,6376940.81945656,6.081524676758346,4130,4128.397581276341,4125,4123.399521250582,0.0,0.0,6890317.554614326,0.0,streaming,17A/C10FFFE8,17A/C0FA7FC8,17A/C0FA79D8,3544,1412600,1503800,1414120,0.225518,0.225518,0.225518,-790389.2140253942,True,109992744,reserved,6.4,37.0,0.0,5834535.351669189,0.0,13.99456807212319,6744905.9954489255,261756.40044500245,1004.91,1
2026-09-13T22:14:51.966989+00:00,1789337691.9669898,F_lat_centralindia_rep1,r3-pub,F01,load,16,1,1000,6,207.0,2311120727,22057590,808445733246,61127,1789156079.537691,5995985.239,192964.18600000002,89782463,89338889,432326837,8251,22584,16055216,4870933928,11084516.811,795826.752,17A/C174A000,17A/C17AD468,1,1.0004298686981201,6367368,6364632.043909271,6.069786113652488,4124,4122.227983223497,4122,4120.2288425914785,0.0,0.0,6588207.935631765,0.0,streaming,17A/C1747FF0,17A/C1639CF0,17A/C1639CF0,8208,1114896,2259872,1114896,0.225364,0.225364,0.225364,-299095.4282376498,True,116583784,reserved,5.0,37.0,0.0,14993106.93264209,0.0,20.990976636201125,6656524.568449756,276145.29378206993,1004.91,1
2026-09-13T22:14:52.967615+00:00,1789337692.9676065,F_lat_centralindia_rep1,r3-pub,F01,load,16,1,1000,6,207.0,2311145754,22057591,808452116687,61127,1789156079.537691,5996018.126,192964.18600000002,89786582,89338889,432330953,8251,22584,16055216,4870975791,11084516.811,795835.788,17A/C1D94000,17A/C1DC6F00,1,1.0006167888641357,6383441,6379506.191622322,6.083971206304858,4119,4116.461012687725,4116,4113.462861913736,0.0,0.0,6590495.056040293,0.0,streaming,17A/C1D91DA0,17A/C1B79FD8,17A/C1B78EE0,8800,2203688,3365952,2208032,0.225720,0.263650,0.225720,1092462.1814919664,True,123178344,reserved,8.5,37.0,0.0,14982119.195718925,0.0,19.987671826597357,6661969.971108614,215411.13680960503,1004.9,1
2026-09-13T22:14:53.968509+00:00,1789337693.96851,F_lat_centralindia_rep1,r3-pub,F01,load,16,1,1000,6,207.0,2311170685,22057591,808458486260,61127,1789156079.537691,5996050.004,192964.18600000002,89790695,89338889,432335064,8251,22584,16055216,4871017176,11084516.811,795845.359,17A/C2314000,17A/C23D8448,1,1.0009033679962158,6369573,6363824.124951973,6.069015622093175,4113,4109.287800913415,4111,4107.289606018733,0.0,0.0,5761962.827186534,0.0,streaming,17A/C2312000,17A/C2207D38,17A/C2207D38,8192,1098440,1932240,1098440,0.224951,0.224951,0.224951,-1108590.534789963,True,128945512,reserved,4.4,36.9,0.0,14175738.091885053,0.0,19.981948946819426,5830353.045651918,269306.7169307588,1004.9,1
2026-09-13T22:14:54.968937+00:00,1789337694.968937,F_lat_centralindia_rep1,r3-pub,F01,load,16,1,1000,6,207.0,2311195475,22057591,808464821214,61127,1789156079.537691,5996084.791,192964.18600000002,89794793,89338889,432339159,8251,22584,16055216,4871057965,11084516.811,795855.775,17A/C2954000,17A/C29E5850,1,1.000427007675171,6334954,6332250.080614476,6.038904266943432,4098,4096.250869439324,4095,4093.2521499155764,0.0,0.0,6550802.756944254,0.0,streaming,17A/C294FFF0,17A/C2847F28,17A/C2847900,16400,1097944,1268056,1099520,0.225551,0.225551,0.225551,1079.539028549163,True,135499112,reserved,10.5,37.0,0.0,6587651.022452066,0.0,15.993170793320933,6631228.414571167,284010.72524049145,1004.89,1
2026-09-13T22:14:55.971014+00:00,1789337695.9710145,F_lat_centralindia_rep1,r3-pub,F01,load,16,1,1000,6,207.0,2311220233,22057591,808471145043,61127,1789156079.537691,5996117.058999999,192964.18600000002,89798889,89338889,432343252,8251,22584,16055216,4871099360,11084516.811,795866.298,17A/C2F8A000,17A/C2FEC068,1,1.002077579498291,6323829,6310717.9817017205,6.018369657232018,4096,4087.5078774347385,4093,4084.5140972510703,0.0,0.0,6499137.525121234,0.0,streaming,17A/C2F88000,17A/C2E7FF78,17A/C2E7FF78,8192,1089672,1617912,1089672,0.225839,0.263437,0.225839,-9827.582416254225,True,142011752,reserved,4.7,37.0,0.0,14870353.658107579,0.0,20.95646128567615,6589609.562271682,258170.6299920676,1004.88,1
2026-09-13T22:14:56.972876+00:00,1789337696.972876,F_lat_centralindia_rep1,r3-pub,F01,load,16,1,1000,6,207.0,2311244909,22057591,808477455077,61127,1789156079.537691,5996149.76,192964.18600000002,89802970,89338889,432347330,8251,22584,16055216,4871140431,11084516.811,795875.895,17A/C3531A10,17A/C35F2A90,1,1.001861572265625,6310034,6298309.242194401,6.006535761064912,4081,4073.417039812361,4078,4070.4226141521217,0.0,0.0,5918470.339760577,0.0,streaming,17A/C352FBF0,17A/C3423DB8,17A/C3423A30,7712,1104984,1371432,1105888,0.225325,0.263094,0.225325,16185.868835480826,True,147941240,reserved,8.2,37.0,0.0,14374776.31508727,0.0,21.95912150842243,5996920.299491303,232843.54491455725,1004.88,1
2026-09-13T22:14:57.973750+00:00,1789337697.9737508,F_lat_centralindia_rep1,r3-pub,F01,load,16,1,1000,6,207.0,2311269555,22057591,808483752005,61127,1789156079.537691,5996182.784,192964.18600000002,89807042,89338889,432351399,8251,22584,16055216,4871181578,11084516.811,795885.288,17A/C3B65CF8,17A/C3BF6358,1,1.0008747577667236,6296928,6291424.527530787,5.999969985514437,4072,4068.4410995497115,4069,4065.4437215294142,0.0,0.0,6499506.506203827,0.0,streaming,17A/C3B63E70,17A/C3A59B68,17A/C3A59B68,7816,1098128,1699312,1098128,0.225283,0.225283,0.225283,-7753.217812501414,True,154446432,reserved,4.7,36.9,0.0,14896409.250311995,0.0,19.982520135312924,6562697.2296277275,260629.01274686615,1004.87,1
2026-09-13T22:14:58.974389+00:00,1789337698.9743896,F_lat_centralindia_rep1,r3-pub,F01,load,16,1,1000,6,207.0,2311294111,22057592,808490041795,61127,1789156079.537691,5996215.674,192964.18600000002,89811096,89338889,432355450,8251,22584,16055216,4871222149,11084516.811,795894.634,17A/C4106000,17A/C41F74D0,1,1.000638723373413,6289790,6285775.128505405,5.9945822987608,4054,4051.4122682889115,4051,4048.41418323591,0.0,0.0,5895250.565671579,0.0,streaming,17A/C4103C40,17A/C3FFFBB0,17A/C3FFEB90,9152,1074256,1409984,1078384,0.225344,0.225344,0.225344,-19731.39709548502,True,160345448,reserved,4.3,37.0,0.0,5939502.301053876,0.0,12.991701896338393,5957653.70732643,250573.9525597316,1004.87,1
2026-09-13T22:14:59.974916+00:00,1789337699.974917,F_lat_centralindia_rep1,r3-pub,F01,load,16,1,1000,6,207.0,2311318702,22057592,808496315278,61127,1789156079.537691,5996245.145,192964.18600000002,89815154,89338889,432359505,8251,22584,16055216,4871262811,11084516.811,795904.469,17A/C4734000,17A/C47FEFE8,4,1.0005273818969727,6273483,6270176.222569388,5.979706022805584,4058,4055.8610123254625,4055,4052.862593637198,0.0,0.0,6476456.434120113,0.0,streaming,17A/C4731CA8,17A/C4629FE8,17A/C4629FE8,9048,1089560,1688840,1089560,0.225419,0.225419,0.225419,11170.109086680475,True,166825320,reserved,3.1,37.0,0.0,14954801.108622486,0.0,25.986295298290297,6547585.921716014,262232.70321952784,1004.86,1
2026-09-13T22:15:00.975729+00:00,1789337700.975729,F_lat_centralindia_rep1,r3-pub,F01,load,16,1,1000,6,207.0,2311343315,22057592,808502593909,61127,1789156079.537691,5996278.733,192964.18600000002,89819201,89338889,432363549,8251,22584,16055216,4871303485,11084516.811,795915.415,17A/C4D67150,17A/C4DFCA50,2,1.00081205368042,6278631,6273536.5515540615,5.9829106822529425,4047,4043.7162853079417,4044,4040.7187194922944,0.0,0.0,6495413.375662444,0.0,streaming,17A/C4D65DD0,17A/C4C5BCD0,17A/C4C5B788,4992,1094784,2046056,1096136,0.226845,0.226845,0.226845,6570.664267898449,True,173326008,reserved,5.2,36.9,0.0,14889157.205093253,0.0,19.983772104314017,6553501.205226659,290482.11293109815,1004.86,1
2026-09-13T22:15:01.976292+00:00,1789337701.9762926,F_lat_centralindia_rep1,r3-pub,F01,load,16,1,1000,6,207.0,2311367797,22057592,808508859557,61127,1789156079.537691,5996312.981,192964.18600000002,89823242,89338889,432367586,8251,22584,16055216,4871347141,11084516.811,795926.031,17A/C531A000,17A/C53F8718,4,1.000563621520996,6265648,6262118.535226517,5.9720216133370565,4041,4038.7236884118543,4037,4034.725941627977,0.0,0.0,5972361.848331105,0.0,streaming,17A/C5317D30,17A/C520FC78,17A/C520FC78,8912,1090440,1186496,1090440,0.091057,0.091057,0.091057,-5692.79142024101,True,179301736,reserved,5.8,37.0,0.0,6017728.278834542,0.0,12.99267704760062,6046668.9672397245,236234.8529528664,1004.85,1
2026-09-13T22:15:02.976784+00:00,1789337702.976784,F_lat_centralindia_rep1,r3-pub,F01,load,16,1,1000,6,207.0,2311392280,22057592,808515118132,61127,1789156079.537691,5996373.034,192964.18600000002,89827290,89338889,432371631,8251,22584,16055216,4871392301,11084516.811,795935.136,17A/C5944000,17A/C59FAAF0,3,1.0004913806915283,6258575,6255501.167510453,5.96571079970403,4048,4046.011867890424,4045,4043.0133413084895,0.0,0.0,6460313.526671775,0.0,streaming,17A/C5941D38,17A/C5839FE0,17A/C5839F98,8904,1089568,1534896,1089640,0.077260,0.077260,0.077260,-799.6070885158941,True,185765224,reserved,7.5,37.0,32751.906345611023,14844801.551148197,0.9995088606448677,19.990177212897354,6535667.499184651,261348.57835483804,1004.85,1
2026-09-13T22:15:03.977615+00:00,1789337703.9771078,F_lat_centralindia_rep1,r3-pub,F01,load,16,1,1000,6,207.0,2311416751,22057592,808521369080,61127,1789156079.537691,5996408.251,192964.18600000002,89831334,89338889,432375672,8251,22584,16055216,4871437000,11084516.811,795943.62,17A/C5F70000,17A/C60005F0,1,1.00032377243042,6250948,6248924.770439563,5.959439058723033,4044,4042.691088080975,4041,4039.692059083882,0.0,0.0,6469585.326634986,0.0,streaming,17A/C5F69FE0,17A/C5E65DA8,17A/C5E64B28,24608,1090136,1897056,1094872,0.054478,0.054478,0.054478,5230.306570929689,True,98106784,reserved,6.2,37.0,0.0,14920992.993834108,0.0,29.990289970927115,6527547.5600617975,256770.86467308376,1004.84,1
2026-09-13T22:15:04.980888+00:00,1789337704.9798641,F_lat_centralindia_rep1,r3-pub,F01,load,16,1,1000,6,207.0,2311441238,22057593,808527639101,61127,1789156079.537691,5996442.306,192964.18600000002,89835380,89338889,432379715,8251,22584,16055216,4871482313,11084516.811,795953.012,17A/C6526000,17A/C65FCFC8,1,1.0027563571929932,6270021,6252786.088089846,5.963121498193594,4046,4034.8784338061255,4043,4031.886680147841,0.0,0.0,5971891.33436475,0.0,streaming,17A/C6523FE8,17A/C641DDE8,17A/C641DDE8,8216,1081880,2077584,1081880,0.227493,0.227493,0.227493,-12956.287842809981,True,104095136,reserved,3.7,36.9,0.0,14349695.114653466,0.0,22.936778046846488,6056548.987633222,244381.39757695503,1004.84,1
2026-09-13T22:15:05.980218+00:00,1789337705.980219,F_lat_centralindia_rep1,r3-pub,F01,load,16,1,1000,6,207.0,2311465693,22057593,808533884078,61127,1789156079.537691,5996481.455,192964.18600000002,89839420,89338889,432383753,8251,22584,16055216,4871527525,11084516.811,795964.216,17A/C6C72000,17A/C6CA7520,2,1.0003547668457031,6244977,6242762.274919253,5.953562045020345,4040,4038.567250235474,4038,4036.5679595175357,0.0,0.0,7648614.525150913,0.0,streaming,17A/C6C6FD08,17A/C6A53ED0,17A/C6A52658,8952,2220336,2539320,2226600,0.214909,0.262953,0.214909,1144314.035319196,True,111746464,reserved,6.8,37.0,0.0,7656803.619931589,0.0,13.995035025568475,7062579.430972746,289838.1750248821,1004.83,1
2026-09-13T22:15:06.980742+00:00,1789337706.9807422,F_lat_centralindia_rep1,r3-pub,F01,load,16,1,1000,6,207.0,2311490276,22057593,808540165844,61127,1789156079.537691,5996533.529,192964.18600000002,89843473,89338889,432387806,8251,22584,16055216,4871572629,11084516.811,795973.646,17A/C7312000,17A/C7346550,2,1.000523328781128,6281766,6278480.290562204,5.987625399172024,4053,4050.880057876816,4053,4050.880057876816,0.0,0.0,6943182.432800294,0.0,streaming,17A/C730FB98,17A/C7104000,17A/C70FF848,9320,2154496,3072800,2172856,0.224828,0.278515,0.224828,-53715.888929319415,True,118693280,reserved,4.6,37.0,0.0,15413373.73790867,0.0,24.986923623715864,6352711.443263539,264725.4615468751,1004.83,1
2026-09-13T22:15:07.981304+00:00,1789337707.9813044,F_lat_centralindia_rep1,r3-pub,F01,load,16,1,1000,6,207.0,2311514904,22057593,808546445690,61127,1789156079.537691,5996572.544,192964.18600000002,89847530,89338889,432391857,8251,22584,16055216,4871617765,11084516.811,795982.911,17A/C7956000,17A/C79F8260,2,1.0005621910095215,6279846,6276317.510722569,5.985562811586923,4057,4054.720472604179,4051,4048.7238438549493,0.0,0.0,6566292.489396573,0.0,streaming,17A/C794FF60,17A/C7847F60,17A/C7847A98,24736,1106080,2113232,1107304,0.224915,0.224915,0.224915,-1064953.2928332088,True,125263264,reserved,3.5,37.0,0.0,14950187.139199678,0.0,22.987076872047357,5968924.324408304,283808.44544354535,1004.82,1
2026-09-13T22:15:08.981866+00:00,1789337708.9818668,F_lat_centralindia_rep1,r3-pub,F01,load,16,1,1000,6,207.0,2311539586,22057593,808552742329,61127,1789156079.537691,5996614.223,192964.18600000002,89851591,89338889,432395915,8251,22584,16055216,4871663232,11084516.811,795994.066,17A/C7F8C000,17A/C80883F8,2,1.0005624294281006,6296639,6293099.575604713,6.001567435841286,4061,4058.7172579737758,4058,4055.718944313613,0.0,0.0,6508979.158574324,0.0,streaming,17A/C7F89FD0,17A/C7E83F78,17A/C7E83F78,8240,1081480,1081480,1081480,0.226584,0.363754,0.226584,-25809.4839866818,True,131775904,reserved,5.2,37.0,0.0,10643613.718423424,0.0,46.97358067588463,5979043.210146729,243888.8297449664,1004.81,1
2026-09-13T22:15:09.982325+00:00,1789337709.9823258,F_lat_centralindia_rep1,r3-pub,F01,load,16,1,1000,6,207.0,2311564224,22057593,808559042863,61127,1789156079.537691,5996653.7,192964.18600000002,89855653,89338889,432399974,8251,22584,16055216,4871708610,11084516.811,796004.967,17A/C8634000,17A/C86957B8,2,1.0004589557647705,6300534,6297643.660137709,6.005901012551984,4062,4060.1365769122704,4059,4057.1379531479333,0.0,0.0,6976382.149195385,0.0,streaming,17A/C8631BD0,17A/C8525C68,17A/C8525C68,9264,1106840,1846232,1106840,0.227832,0.227832,0.227832,25348.36622119527,True,138755488,reserved,3.9,37.2,0.0,7070546.931725604,0.0,20.99036635035886,6978426.211061408,300867.91493600566,1004.81,1
2026-09-13T22:15:10.982696+00:00,1789337710.9826963,F_lat_centralindia_rep1,r3-pub,F01,load,16,1,1000,6,207.0,2311588877,22057594,808565356545,61127,1789156079.537691,5996686.568,192964.18600000002,89859720,89338889,432404037,8251,22584,16055216,4871753783,11084516.811,796015.679,17A/C8C6B078,17A/C8C9AF20,2,1.0003705024719238,6313682,6311343.631583338,6.018966323455179,4067,4065.4937245254723,4063,4061.4952059864754,0.0,0.0,6514442.382993896,0.0,streaming,17A/C8C69DF8,17A/C8A53EB8,17A/C8A53E70,4736,2191808,2246304,2191880,0.226300,0.226300,0.226300,1084638.138888399,True,145272344,reserved,10.0,37.2,0.0,16365648.48678101,0.0,57.97851881546039,6585917.901137741,239917.1101176446,1004.8,1
2026-09-13T22:15:11.983370+00:00,1789337711.9833708,F_lat_centralindia_rep1,r3-pub,F01,load,16,1,1000,6,207.0,2311654508,22057595,808574196377,61127,1789156079.537691,5996718.964,192964.18600000002,89863787,89338889,432408148,8264,22635,16055216,4871912460,11084516.811,796027.737,17A/C921A000,17A/C92C2890,1,1.0006744861602783,8839832,8833873.674464926,8.424638437714506,4067,4064.258713745788,4111,4108.229056358233,12.99123759004063,50.96562439169786,5955543.068623272,0.0,streaming,17A/C9217D28,17A/C910FB60,17A/C910F540,8920,1090720,2211176,1092288,0.224578,0.281751,0.224578,-1098850.8403159967,True,151231904,reserved,6.6,37.0,0.0,14506439.607249996,0.0,36.975060833192565,5873700.270457953,297978.017950825,1004.8,1
2026-09-13T22:15:12.983574+00:00,1789337712.9835749,F_lat_centralindia_rep1,r3-pub,F01,load,16,1,1000,6,207.0,2311679217,22057595,808580518517,61127,1789156079.537691,5996750.489,192964.18600000002,89867861,89338889,432412218,8264,22635,16055216,4871957969,11084516.811,796038.516,17A/C9850000,17A/C98CA0C8,1,1.000204086303711,6322140,6320850.001086967,6.028032303893058,4074,4073.1687220511258,4070,4069.1695382297694,0.0,0.0,6511311.130579048,0.0,streaming,17A/C984E000,17A/C9745DE0,17A/C9745DE0,8192,1090080,1757816,1090080,0.225864,0.225864,0.225864,-2207.5494693885335,True,157744544,reserved,3.1,37.0,0.0,6519501.459045186,0.0,17.996327196102175,6576483.829723777,253761.21081246008,1004.8,1
2026-09-13T22:15:13.984023+00:00,1789337713.984023,F_lat_centralindia_rep1,r3-pub,F01,load,16,1,1000,6,207.0,2311703645,22057595,808586762079,61127,1789156079.537691,5996784.454,192964.18600000002,89871634,89338889,432415988,8264,22635,16055216,4871998852,11084516.811,796047.111,17A/C9E86000,17A/C9E87558,1,1.000448226928711,6243562,6240764.721196211,5.951657029339038,3773,3771.3095974819025,3770,3768.3109415602366,0.0,0.0,6509722.167226222,0.0,streaming,17A/C9DD2BA8,17A/C9C67F90,17A/C9C66388,734296,2220144,2303304,2227320,0.226129,0.226129,0.226129,1136730.4867851362,True,164257184,reserved,6.5,37.0,0.0,14902760.181574497,0.0,31.98566316443702,6091638.56355584,211270.30296097597,1004.79,1
2026-09-13T22:15:14.984599+00:00,1789337714.9845994,F_lat_centralindia_rep1,r3-pub,F01,load,16,1,1000,6,207.0,2311726871,22057595,808592705151,61127,1789156079.537691,5996819.058999999,192964.18600000002,89875714,89338889,432420065,8264,22635,16055216,4872045502,11084516.811,796056.677,17A/CA421490,17A/CA437558,1,1.0005762577056885,5943072,5939649.231361342,5.664490920411436,4080,4077.6502226381026,4077,4074.6519504155744,0.0,0.0,5875542.1735473955,0.0,streaming,17A/CA41FC10,17A/CA201D90,17A/CA1FFBE8,6272,2225920,2265584,2234536,0.226098,0.249477,0.226098,7211.844119254056,True,170136112,reserved,6.4,37.0,0.0,14360492.655449815,0.0,35.9792666703362,6383197.633176949,227367.97745096707,1004.78,1
2026-09-13T22:15:15.985051+00:00,1789337715.9850519,F_lat_centralindia_rep1,r3-pub,F01,load,16,1,1000,6,207.0,2311750068,22057595,808598627069,61127,1789156079.537691,5996862.465,192964.18600000002,89879525,89338889,432423873,8264,22635,16055216,4872088287,11084516.811,796065.593,17A/CA95C000,17A/CA9CAE98,1,1.0004525184631348,5921918,5919239.434868007,5.645026621692664,3811,3809.276232173761,3808,3806.2775891151095,0.0,0.0,5480895.793458942,0.0,streaming,17A/CA959FD8,17A/CA84FF38,17A/CA84FA70,8232,1097928,2407032,1099152,0.226271,0.226271,0.226271,-1134870.450168033,True,175619488,reserved,6.0,36.9,0.0,13870971.12946231,0.0,24.988692155430076,5511121.115942464,273719.13703677757,1004.78,1
2026-09-13T22:15:16.985440+00:00,1789337716.985441,F_lat_centralindia_rep1,r3-pub,F01,load,16,1,1000,6,207.0,2311772792,22057596,808604440048,61127,1789156079.537691,5996890.273,192964.18600000002,89883259,89338889,432427605,8264,22635,16055216,4872130453,11084516.811,796076.296,17A/CAE957C0,17A/CAF5B900,1,1.0003890991210938,5812979,5810718.054711988,5.54153256865691,3734,3732.547668982558,3732,3730.548446878122,0.0,0.0,5476205.213364551,0.0,streaming,17A/CAE93E90,17A/CAD85E80,17A/CAD858B0,6448,1112384,1702008,1113872,0.037262,0.037262,0.037262,14714.274688651114,True,181097824,reserved,4.6,37.0,0.0,5478316.391906835,0.0,14.994165783272194,5512264.182851216,225702.17948033527,1004.77,1
2026-09-13T22:15:17.987023+00:00,1789337717.987003,F_lat_centralindia_rep1,r3-pub,F01,load,16,1,1000,6,207.0,2311795637,22057596,808610293121,61127,1789156079.537691,5996922.294,192964.18600000002,89887015,89338889,432431357,8264,22635,16055216,4872172446,11084516.811,796085.674,17A/CB42E000,17A/CB4F6EF0,1,1.0015621185302734,5853073,5843944.066683552,5.573219362910797,3756,3750.141833950033,3752,3746.1480726785207,0.0,0.0,5858432.434136281,0.0,streaming,17A/CB42BC58,17A/CB31DB98,17A/CB31D040,9128,1115240,1376112,1118144,0.060384,0.060384,0.060384,4265.337037975118,True,186965408,reserved,5.3,37.0,0.0,14272744.281679735,0.0,23.962567629073693,5893412.790673139,230570.8210479007,1004.77,1
2026-09-13T22:15:18.987271+00:00,1789337718.9872718,F_lat_centralindia_rep1,r3-pub,F01,load,16,1,1000,6,207.0,2311818563,22057596,808616154451,61127,1789156079.537691,5996956.028,192964.18600000002,89890791,89338889,432435131,8264,22635,16055216,4872214871,11084516.811,796094.552,17A/CBA7A000,17A/CBA8F798,1,1.0002686977386475,5861330,5859755.496948943,5.5882983178605485,3776,3774.985669887075,3774,3772.986207138194,0.0,0.0,6600978.332049318,0.0,streaming,17A/CBA75FD0,17A/CB85DB68,17A/CB85CFC0,16432,2213016,2860488,2216000,0.225199,0.247388,0.225199,1097561.087817676,True,98407680,reserved,8.8,36.9,0.0,15048756.43317695,0.0,28.992209858772554,6644941.519240336,221091.5931888762,1004.77,1
2026-09-13T22:15:19.987856+00:00,1789337719.9878566,F_lat_centralindia_rep1,r3-pub,F01,load,16,1,1000,6,207.0,2311841582,22057596,808622039887,61127,1789156079.537691,5996991.636,192964.18600000002,89894582,89338889,432438919,8264,22635,16055216,4872257431,11084516.811,796103.757,17A/CBFAA000,17A/CC049C00,1,1.0005848407745361,5885436,5881995.968921717,5.609508484765737,3791,3788.7841645346634,3788,3785.7859180314704,0.0,0.0,5436308.625053107,0.0,streaming,17A/CBF93C30,17A/CBE93B68,17A/CBE93660,91088,1139864,2115304,1141152,0.226188,0.226188,0.226188,-1074219.752487933,True,103847168,reserved,6.6,36.9,0.0,13967383.30472982,0.0,23.98597202554258,5405706.5224105185,250422.5426861741,1004.76,1
2026-09-13T22:15:20.988146+00:00,1789337720.9881468,F_lat_centralindia_rep1,r3-pub,F01,load,16,1,1000,6,207.0,2311865058,22057596,808628042851,61127,1789156079.537691,5997031.998,192964.18600000002,89898453,89338889,432442787,8264,22635,16055216,4872300583,11084516.811,796114.078,17A/CC527A38,17A/CC60D220,1,1.0002901554107666,6002964,6001222.712758678,5.7232119681917935,3871,3869.877134210507,3868,3866.878004424242,0.0,0.0,5755825.915967052,0.0,streaming,17A/CC525CB0,17A/CC425DB8,17A/CC425DB8,7560,1055872,1686336,1055872,0.210443,0.261411,0.210443,-85255.26272422425,True,109604664,reserved,5.8,37.0,0.0,5773684.73413433,0.0,14.99564893132462,5876441.918581268,231766.75162298078,1004.75,1
2026-09-13T22:15:21.988860+00:00,1789337721.9888012,F_lat_centralindia_rep1,r3-pub,F01,load,16,1,1000,6,207.0,2311888806,22057596,808634150250,61127,1789156079.537691,5997074.187,192964.18600000002,89902359,89338889,432446690,8264,22635,16055216,4872343943,11084516.811,796125.237,17A/CCB51F88,17A/CCBF7728,1,1.0006544589996338,6107399,6103404.571949482,5.820660182904703,3906,3903.4453550578037,3903,3900.4473171506934,0.0,0.0,6460619.789235722,0.0,streaming,17A/CCB50000,17A/CCA4BF48,17A/CCA4AD68,8072,1073216,1988344,1077792,0.227029,0.227029,0.227029,21905.66364128701,True,116069512,reserved,3.7,36.9,0.0,14858755.553704519,0.0,22.984957287846772,6495117.212086873,281145.0021231584,1004.75,1
2026-09-13T22:15:22.989435+00:00,1789337722.989436,F_lat_centralindia_rep1,r3-pub,F01,load,16,1,1000,6,207.0,2311913060,22057596,808640345438,61127,1789156079.537691,5997122.9569999995,192964.18600000002,89906353,89338889,432450680,8264,22635,16055216,4872388236,11084516.811,796134.44,17A/CD1149C0,17A/CD1E9960,1,1.0006346702575684,6195188,6191258.592314543,5.904444305719894,3994,3991.466734779362,3990,3987.4692718501888,0.0,0.0,6036288.946939289,0.0,streaming,17A/CD113D48,17A/CCFFFC80,17A/CCFFF7B8,3192,1133888,1853632,1135112,0.225425,0.225425,0.225425,57283.643775050834,True,122109632,reserved,1.8,36.9,0.0,14470176.209538033,0.0,26.98287477191857,6075489.067788493,237202.45465700698,1004.74,1
2026-09-13T22:15:23.989701+00:00,1789337723.9897017,F_lat_centralindia_rep1,r3-pub,F01,load,16,1,1000,6,207.0,2311937506,22057597,808646602776,61127,1789156079.537691,5997154.9969999995,192964.18600000002,89910369,89338889,432454693,8264,22635,16055216,4872432982,11084516.811,796143.314,17A/CD736000,17A/CD7F9898,1,1.0002658367156982,6257338,6255675.011900361,5.965876590633736,4016,4014.932683481674,4013,4011.9334807798696,0.0,0.0,6426515.596200523,0.0,streaming,17A/CD727120,17A/CD627C50,17A/CD627C50,61152,1106864,2101208,1106864,0.225598,0.381765,0.225598,-28240.492640186832,True,128537856,reserved,5.4,36.9,0.0,14815389.52550675,0.0,24.993355848366992,6407556.636188185,259116.11742235997,1004.74,1
2026-09-13T22:15:24.989782+00:00,1789337724.9897823,F_lat_centralindia_rep1,r3-pub,F01,load,16,1,1000,6,207.0,2311962417,22057597,808652960338,61127,1789156079.537691,5997190.953,192964.18600000002,89914460,89338889,432458781,8264,22635,16055216,4872478299,11084516.811,796152.242,17A/CDD66000,17A/CDE10560,1,1.0000805854797363,6357562,6357049.714099081,6.062555040453988,4091,4090.670351367292,4088,4087.6705931042507,0.0,0.0,6487541.19838022,0.0,streaming,17A/CDD5FBD8,17A/CDC57DB0,17A/CDC57DB0,25640,1106512,1362616,1106512,0.226259,0.262685,0.226259,-351.9716361968435,True,135025920,reserved,8.6,37.0,0.0,6512115.218071054,0.0,19.998388420275198,6572402.359802815,273789.9365066196,1004.73,1
2026-09-13T22:15:25.990115+00:00,1789337725.9901156,F_lat_centralindia_rep1,r3-pub,F01,load,16,1,1000,6,207.0,2311987368,22057597,808659333719,61127,1789156079.537691,5997228.289,192964.18600000002,89918563,89338889,432462881,8264,22635,16055216,4872523813,11084516.811,796161.262,17A/CE434000,17A/CE43D528,2,1.000333309173584,6373381,6371257.401460828,6.076104546986416,4103,4101.632888131712,4100,4098.633887726059,0.0,0.0,7132854.554143264,0.0,streaming,17A/CE416CF0,17A/CE213E00,17A/CE213DB8,119568,2228736,2341832,2228808,0.210434,0.265571,0.210434,1121922.0530876596,True,142161152,reserved,3.5,36.9,0.0,15547329.932308825,0.0,24.991670047110116,7203778.9144033585,240702.77155813258,1004.73,1
2026-09-13T22:15:26.990581+00:00,1789337726.9905818,F_lat_centralindia_rep1,r3-pub,F01,load,16,1,1000,6,207.0,2312012495,22057597,808665770376,61127,1789156079.537691,5997256.885,192964.18600000002,89922699,89338889,432467015,8264,22635,16055216,4872570061,11084516.811,796170.702,17A/CE97E000,17A/CEA61910,5,1.0004661083221436,6436657,6433658.218362594,6.135614603388399,4136,4134.073074135796,4134,4132.074005918129,0.0,0.0,5543400.175045439,0.0,streaming,17A/CE97BFE0,17A/CE86DEB8,17A/CE86DCA8,8224,1114440,1716272,1114968,0.226356,0.226356,0.226356,-1113321.0717832241,True,147707136,reserved,2.9,36.9,0.0,13928099.9966799,0.0,20.99021628550573,5591205.892402733,273848.35700179613,1004.72,1
2026-09-13T22:15:27.991176+00:00,1789337727.9911768,F_lat_centralindia_rep1,r3-pub,F01,load,16,1,1000,6,207.0,2312037685,22057597,808672205379,61127,1789156079.537691,5997292.737,192964.18600000002,89926849,89338889,432471160,8264,22635,16055216,4872616114,11084516.811,796180.074,17A/CEFC39E8,17A/CF0924B0,3,1.0005950927734375,6435003,6431175.853724742,6.133247235989325,4150,4147.531833778116,4145,4142.53480747236,0.0,0.0,6572704.630972169,0.0,streaming,17A/CEFC1B70,17A/CEEB7FD8,17A/CEEB7AD0,7800,1096208,2101512,1097496,0.226382,0.226382,0.226382,-17461.60872283645,True,154283752,reserved,3.1,37.0,0.0,6590637.958978269,0.0,17.98929470072436,6604314.819977125,266758.2540907358,1004.71,1
2026-09-13T22:15:28.992101+00:00,1789337728.9921012,F_lat_centralindia_rep1,r3-pub,F01,load,16,1,1000,6,207.0,2312062878,22057597,808678663720,61127,1789156079.537691,5997337.721,192964.18600000002,89930995,89338889,432475304,8264,22635,16055216,4872662355,11084516.811,796188.907,17A/CF650000,17A/CF6C1A10,2,1.0009243488311768,6458341,6452376.753089969,6.153465989198655,4146,4142.171188903004,4144,4140.173035893403,0.0,0.0,6860114.860846638,0.0,streaming,17A/CF64DC48,17A/CF53FF68,17A/CF53FA60,9144,1114264,1747504,1115552,0.232206,0.232206,0.232206,18039.325370678394,True,161150208,reserved,7.5,37.0,0.0,15329446.244281512,0.0,32.96952465841754,6900776.275515515,266082.04737051594,1004.71,1
2026-09-13T22:15:29.992470+00:00,1789337729.9924707,F_lat_centralindia_rep1,r3-pub,F01,load,16,1,1000,6,207.0,2312088091,22057598,808685126483,61127,1789156079.537691,5997394.819,192964.18600000002,89935137,89338889,432479443,8264,22635,16055216,4872708255,11084516.811,796197.933,17A/CFCA8000,17A/CFCF1920,2,1.0003695487976074,6462763,6460375.575973807,6.161094261144454,4142,4140.469894329021,4139,4137.471002565866,0.0,0.0,6649446.704965426,0.0,streaming,17A/CFC97CA0,17A/CFA89BA0,17A/CFA895D0,66400,2221152,2235104,2222640,0.226276,0.226276,0.226276,1106679.0280958298,True,167802112,reserved,4.8,36.9,0.0,15112751.101002084,0.0,30.988548219265972,6603787.578240806,243468.02668348327,1004.7,1
2026-09-13T22:15:30.993178+00:00,1789337730.9931788,F_lat_centralindia_rep1,r3-pub,F01,load,16,1,1000,6,207.0,2312113136,22057598,808691562848,61127,1789156079.537691,5997434.171,192964.18600000002,89939250,89338889,432483554,8264,22635,16055216,4872753779,11084516.811,796207.921,17A/D0226000,17A/D031AC38,1,1.0007081031799316,6436365,6431810.614451189,6.1338525909912,4113,4110.08963246145,4111,4108.091047665699,0.0,0.0,5754900.936346781,0.0,streaming,17A/D0223B48,17A/D0115FD0,17A/D0115FD0,9400,1114160,2015240,1114160,0.214598,0.271989,0.214598,-1107695.6371969045,True,173561088,reserved,2.5,36.9,0.0,14153945.546150193,0.0,28.979479538386105,5817486.619225716,258548.92068709357,1004.7,1
2026-09-13T22:15:31.996550+00:00,1789337731.995527,F_lat_centralindia_rep1,r3-pub,F01,load,16,1,1000,6,207.0,2312138131,22057598,808697945076,61127,1789156079.537691,5997478.062,192964.18600000002,89943351,89338889,432487652,8264,22635,16055216,4872798953,11084516.811,796218.006,17A/D086BB20,17A/D092E1C8,1,1.0023481845855713,6382228,6367276.459565577,6.0723080249458095,4101,4091.3926548343984,4098,4088.399682884995,0.0,0.0,6561520.3390818555,0.0,streaming,17A/D0869B40,17A/D075BFC8,17A/D075BA78,8160,1112920,1167144,1114280,0.226104,0.263917,0.226104,119.71887797613455,True,180138016,reserved,2.9,37.0,0.0,6562765.415412807,0.0,15.962517063484606,6596455.305332608,268497.5182663428,1004.69,1
2026-09-13T22:15:32.996014+00:00,1789337732.9960146,F_lat_centralindia_rep1,r3-pub,F01,load,16,1,1000,6,207.0,2312162950,22057598,808704305784,61127,1789156079.537691,5997521.293,192964.18600000002,89947424,89338889,432491722,8264,22635,16055216,4872844104,11084516.811,796228.292,17A/D0EAC000,17A/D0F40438,1,1.0004875659942627,6360708,6357608.246414204,6.063087698377804,4073,4071.0151114695177,4070,4068.0165734546863,0.0,0.0,6551653.636480665,0.0,streaming,17A/D0EA7D90,17A/D0DA1D10,17A/D0DA1D10,17008,1090288,1523840,1090288,0.226517,0.226517,0.226517,-23980.30801727883,True,186692864,reserved,2.1,37.0,0.0,14967678.26906294,0.0,22.988791447041226,6575277.118474178,268426.12454969785,1004.69,1
2026-09-13T22:15:33.996961+00:00,1789337733.9969616,F_lat_centralindia_rep1,r3-pub,F01,load,16,1,1000,6,207.0,2312187678,22057598,808710638919,61127,1789156079.537691,5997565.8,192964.18600000002,89951487,89338889,432495785,8264,22635,16055216,4872889081,11084516.811,796236.8,17A/D1524000,17A/D153D550,1,1.0009469985961914,6333135,6327143.204267656,6.0340339701344075,4063,4059.1559849805017,4063,4059.1559849805017,0.0,0.0,6776558.608510732,0.0,streaming,17A/D151D300,17A/D1314000,17A/D1313458,27904,2162688,3160232,2165672,0.062033,0.062033,0.062033,1074366.5763603917,True,193475840,reserved,4.7,36.9,0.0,15161322.249113685,0.0,34.96688640765876,6833195.973006062,233766.62333586454,1004.68,1
2026-09-13T22:15:34.997372+00:00,1789337734.9973729,F_lat_centralindia_rep1,r3-pub,F01,load,16,1,1000,6,207.0,2312212084,22057598,808716879433,61127,1789156079.537691,5997597.597,192964.18600000002,89955513,89338889,432499805,8264,22635,16055216,4872933613,11084516.811,796244.983,17A/D1A4DDF0,17A/D1B3D838,1,1.0004112720489502,6240514,6237948.506136635,5.948971277367244,4026,4024.34489942753,4020,4018.347366045373,0.0,0.0,5412158.130636371,0.0,streaming,17A/D1A4BF78,17A/D1941D60,17A/D1941D60,7800,1097872,1407984,1097872,0.097709,0.097709,0.097709,-1067361.0242445893,True,103522352,reserved,1.8,37.0,0.0,7783294.948339012,0.0,36.98478918996985,5441956.87524562,262245.1459015178,1004.68,1
2026-09-13T22:15:35.997890+00:00,1789337735.9978235,F_lat_centralindia_rep1,r3-pub,F01,load,16,1,1000,6,207.0,2312236582,22057599,808723165997,61127,1789156079.537691,5997646.523,192964.18600000002,89959543,89338889,432503832,8264,22635,16055216,4872978129,11084516.811,796253.32,17A/D210C000,17A/D213AE98,1,1.000450611114502,6286564,6283732.480303818,5.992634277633494,4030,4028.1848551330086,4027,4025.1862063574754,0.0,0.0,7067039.513448616,0.0,streaming,17A/D2109B48,17A/D1F6FFE0,17A/D1F6FAD8,9400,1687584,2296856,1688872,0.091773,0.091773,0.091773,590733.8087800517,True,110592576,reserved,3.9,37.0,0.0,7144300.698699822,0.0,23.989190204266055,7093921.400171679,257302.05683340665,1004.67,1
2026-09-13T22:15:36.997937+00:00,1789337736.997938,F_lat_centralindia_rep1,r3-pub,F01,load,16,1,1000,6,207.0,2312260934,22057599,808729407855,61127,1789156079.537691,5997679.662,192964.18600000002,89963553,89338889,432507839,8264,22635,16055216,4873022665,11084516.811,796262.13,17A/D2628000,17A/D272E500,1,1.0001144409179688,6241858,6241143.757779185,5.952018506793198,4010,4009.541144430798,4007,4006.541487714266,0.0,0.0,5356954.945158559,0.0,streaming,17A/D263E120,17A/D2519E38,17A/D2519E38,982752,2179528,2554488,2179528,0.210186,0.264422,0.210186,490599.85530220385,True,117023296,reserved,5.0,37.0,0.0,10492751.199920664,0.0,44.994850747976535,5748352.153302768,246364.80578547073,1004.67,1
2026-09-13T22:15:37.998954+00:00,1789337737.9989543,F_lat_centralindia_rep1,r3-pub,F01,load,16,1,1000,6,207.0,2312285251,22057599,808735623781,61127,1789156079.537691,5997719.743,192964.18600000002,89967561,89338889,432511844,8264,22635,16055216,4873067210,11084516.811,796272.391,17A/D2C4A000,17A/D2D23A08,1,1.00101637840271,6215926,6209614.68174832,5.921950036762543,4008,4003.9304915224648,4005,4000.9335375617443,0.0,0.0,6424190.59142798,0.0,streaming,17A/D2C45FF0,17A/D2B41D20,17A/D2B41D20,16400,1082080,1719944,1082080,0.225952,0.225952,0.225952,-1096333.7100948966,True,122380864,reserved,3.7,37.0,0.0,14751087.313438132,0.0,82.91572624659794,6121861.871809119,283826.52485002624,1004.66,1
2026-09-13T22:15:38.999495+00:00,1789337738.9994814,F_lat_centralindia_rep1,r3-pub,F01,load,16,1,1000,6,207.0,2312309671,22057599,808741868664,61127,1789156079.537691,5997757.669,192964.18600000002,89971576,89338889,432515855,8264,22635,16055216,4873111997,11084516.811,796281.389,17A/D3212D98,17A/D3318468,1,1.0005271434783936,6244883,6241592.785068563,5.952446732586444,4015,4012.8846340356226,4011,4008.8867414986007,0.0,0.0,6062364.264214473,0.0,streaming,17A/D32200B8,17A/D3109FF0,17A/D31088E8,1007432,2146320,2668304,2152216,0.227377,0.227377,0.227377,1069572.1819995877,True,129516096,reserved,4.6,37.0,0.0,10357420.153513094,0.0,29.98419402766343,6344625.472059554,250412.99642203114,1004.66,1
2026-09-13T22:15:40.000048+00:00,1789337740.0000484,F_lat_centralindia_rep1,r3-pub,F01,load,16,1,1000,6,207.0,2312334098,22057599,808748103910,61127,1789156079.537691,5997798.59,192964.18600000002,89975586,89338889,432519862,8264,22635,16055216,4873156403,11084516.811,796291.054,17A/D3839A90,17A/D390FB50,1,1.0005669593811035,6235246,6231712.871926918,5.943024513174932,4010,4007.7277811375748,4007,4004.7294810519356,0.0,0.0,6446768.943869466,0.0,streaming,17A/D3837C00,17A/D372FFD0,17A/D372F500,7824,1088192,1897736,1090960,0.225617,0.225617,0.225617,-1060654.651894997,True,134896848,reserved,3.7,37.0,0.0,10688596.000226846,0.0,24.985834046992363,6251034.917112137,274031.63519370777,1004.65,1
2026-09-13T22:15:41.000579+00:00,1789337741.0005794,F_lat_centralindia_rep1,r3-pub,F01,load,16,1,1000,6,207.0,2312358531,22057599,808754344234,61127,1789156079.537691,5997841.126999999,192964.18600000002,89979603,89338889,432523876,8264,22635,16055216,4873201127,11084516.811,796299.665,17A/D3E62000,17A/D3F091D0,1,1.0005309581756592,6240324,6237012.407270672,5.948078543921158,4017,4014.868272866327,4014,4011.869864895553,0.0,0.0,6453261.588000184,0.0,streaming,17A/D3E5BFF0,17A/D3D57BD8,17A/D3D57BD8,24592,1090600,1146304,1090600,0.225508,0.225508,0.225508,-359.8089564928747,True,141353536,reserved,1.8,37.0,0.0,14844214.343033329,0.0,24.986733089782966,6476847.065098292,261572.11614640758,1004.65,1
2026-09-13T22:15:42.000795+00:00,1789337742.0007951,F_lat_centralindia_rep1,r3-pub,F01,load,16,1,1000,6,207.0,2312382951,22057600,808760593118,61127,1789156079.537691,5997884.009,192964.18600000002,89983621,89338889,432527891,8264,22635,16055216,4873245554,11084516.811,796308.938,17A/D442E000,17A/D4506838,1,1.000215768814087,6248884,6247535.97657137,5.958114601680155,4018,4017.133227927381,4015,4014.133875094185,0.0,0.0,6077152.739960274,0.0,streaming,17A/D442BFD8,17A/D4323FD8,17A/D4323FD8,8232,1089576,2085304,1089576,0.210257,0.339183,0.210257,-1023.7791003976203,True,147432000,reserved,5.1,37.0,0.0,14488521.828827122,0.0,27.993959776497427,6134616.341107201,244078.33550700336,1004.64,1
2026-09-13T22:15:43.001481+00:00,1789337743.0014813,F_lat_centralindia_rep1,r3-pub,F01,load,16,1,1000,6,207.0,2312407441,22057600,808766878564,61127,1789156079.537691,5997926.8209999995,192964.18600000002,89987655,89338889,432531923,8264,22635,16055216,4873290083,11084516.811,796318.817,17A/D4A5E000,17A/D4B06808,1,1.0006861686706543,6285446,6281136.081204961,5.990158158497773,4034,4031.2338935981334,4032,4029.2352649944655,0.0,0.0,6483615.146413951,0.0,streaming,17A/D4A5C000,17A/D4955D48,17A/D4955D48,8192,1082040,1371376,1082040,0.226102,0.262754,0.226102,-7530.832578620608,True,153920064,reserved,8.4,37.0,0.0,6508174.2946958225,0.0,14.989714527509172,6518851.968010918,265552.7859978433,1004.64,1
2026-09-13T22:15:44.002568+00:00,1789337744.0025682,F_lat_centralindia_rep1,r3-pub,F01,load,16,1,1000,6,207.0,2312431950,22057600,808773149816,61127,1789156079.537691,5997974.8319999995,192964.18600000002,89991692,89338889,432535956,8264,22635,16055216,4873334797,11084516.811,796328.47,17A/D5108000,17A/D51096D0,1,1.001086950302124,6271252,6264442.861938577,5.974238264025285,4037,4032.6167460095744,4033,4028.62108909007,0.0,0.0,6980188.881586277,0.0,streaming,17A/D50682F8,17A/D4F81E10,17A/D4F81E10,654600,1597936,2181080,1597936,0.211414,0.227101,0.211414,515335.8555361297,True,160907840,reserved,3.3,37.0,0.0,15384238.097751701,0.0,28.968512666405168,6658935.068515453,261306.97230750325,1004.63,1
2026-09-13T22:15:45.002898+00:00,1789337745.0028982,F_lat_centralindia_rep1,r3-pub,F01,load,16,1,1000,6,207.0,2312456481,22057600,808779420315,61127,1789156079.537691,5998009.408,192964.18600000002,89995732,89338889,432539994,8264,22635,16055216,4873379340,11084516.811,796336.912,17A/D562C000,17A/D5706228,1,1.0003299713134766,6270499,6268430.597722233,5.978041265222772,4040,4038.6673556279684,4038,4036.668015352905,0.0,0.0,5388557.930461941,0.0,streaming,17A/D5627C80,17A/D5521E70,17A/D55218A0,17280,1089936,1419432,1091424,0.225467,0.267402,0.225467,-506344.920701444,True,166298176,reserved,3.3,37.0,0.0,13827629.27900454,0.0,24.991753438291884,5815858.933388756,234195.7221299582,1004.62,1
2026-09-13T22:15:46.003386+00:00,1789337746.0033867,F_lat_centralindia_rep1,r3-pub,F01,load,16,1,1000,6,207.0,2312481099,22057600,808785719848,61127,1789156079.537691,5998057.765,192964.18600000002,89999781,89338889,432544040,8264,22635,16055216,4873423908,11084516.811,796345.337,17A/D5C68000,17A/D5D129F8,1,1.000488519668579,6299533,6296457.056885348,6.004769379506443,4049,4047.0229496898855,4046,4044.0244145332863,0.0,0.0,6534024.0007606605,0.0,streaming,17A/D5C65F00,17A/D5B5BFE8,17A/D5B5AF00,8448,1097752,1753248,1102080,0.226843,0.226843,0.226843,10650.796876239916,True,172835392,reserved,7.5,37.0,0.0,14918536.001736747,0.0,22.988769533926245,6564693.018342356,252947.43020522821,1004.62,1
2026-09-13T22:15:47.003958+00:00,1789337747.003958,F_lat_centralindia_rep1,r3-pub,F01,load,16,1,1000,6,207.0,2312505710,22057600,808792026779,61127,1789156079.537691,5998117.763,192964.18600000002,90003831,89338889,432548087,8264,22635,16055216,4873469101,11084516.811,796353.837,17A/D631A000,17A/D631AE08,1,1.0005712509155273,6306931,6303330.216842758,6.011324135630376,4050,4047.687754664379,4047,4044.6894674387017,0.0,0.0,7016535.797501847,0.0,streaming,17A/D627D848,17A/D6107DC8,17A/D6107DC8,640952,2171448,2598872,2171448,0.217970,0.273914,0.217970,1068757.471316034,True,179855936,reserved,6.5,37.0,0.0,7069753.396899468,0.0,20.988010579741225,6775301.602756452,238232.9092324922,1004.61,1
2026-09-13T22:15:48.004474+00:00,1789337748.0044749,F_lat_centralindia_rep1,r3-pub,F01,load,16,1,1000,6,207.0,2312530373,22057601,808798326277,61127,1789156079.537691,5998152.054,192964.18600000002,90007882,89338889,432552135,8264,22635,16055216,4873513917,11084516.811,796363.179,17A/D684A8F8,17A/D69233A0,1,1.0005168914794922,6299498,6296243.525368929,6.004565739983491,4051,4048.9071543906407,4048,4045.9087042639626,0.0,0.0,5438972.641384477,0.0,streaming,17A/D6849BA8,17A/D673DBA0,17A/D673D698,3408,1101144,1892032,1102432,0.226258,0.226258,0.226258,-1068463.7202068786,True,185297720,reserved,4.3,37.0,0.0,13837327.603262931,0.0,20.989150886744866,5766431.380752212,272151.3272977873,1004.61,1
2026-09-13T22:15:49.005061+00:00,1789337749.0050619,F_lat_centralindia_rep1,r3-pub,F01,load,16,1,1000,6,207.0,2312555073,22057601,808804635634,61127,1789156079.537691,5998191.363,192964.18600000002,90011945,89338889,432556195,8264,22635,16055216,4873558822,11084516.811,796372.777,17A/D6E80000,17A/D6F2B8B8,1,1.000586986541748,6309357,6305655.664987755,6.013541855800395,4063,4060.616472779278,4060,4057.61823270585,0.0,0.0,6506524.7575337775,0.0,streaming,17A/D6E7DE48,17A/D6D77C70,17A/D6D77150,8632,1082256,1180504,1085104,0.227016,0.260138,0.227016,-17317.834664119942,True,96829024,reserved,3.1,37.0,0.0,15031688.601091411,0.0,35.978880881135616,6551178.546360698,263899.0947829829,1004.6,1
2026-09-13T22:15:50.005419+00:00,1789337750.0054193,F_lat_centralindia_rep1,r3-pub,F01,load,16,1,1000,6,207.0,2312579742,22057601,808810943489,61127,1789156079.537691,5998239.674,192964.18600000002,90016006,89338889,432560252,8264,22635,16055216,4873603626,11084516.811,796381.469,17A/D7532000,17A/D7532148,1,1.0003573894500732,6307855,6305601.444567345,6.013490147178025,4061,4059.5491599581774,4057,4055.5505890052514,0.0,0.0,7018035.828034825,0.0,streaming,17A/D74CF998,17A/D731BFD8,17A/D731BFD8,403048,2187304,2345016,2187304,0.091666,0.091666,0.091666,1101806.2260787745,True,103849568,reserved,8.5,37.0,0.0,15501915.778844718,0.0,33.987853099871465,6894497.979158698,230389.66116569343,1004.6,1
2026-09-13T22:15:51.005905+00:00,1789337751.0058522,F_lat_centralindia_rep1,r3-pub,F01,load,16,1,1000,6,207.0,2312604331,22057601,808817237581,61127,1789156079.537691,5998272.113,192964.18600000002,90020056,89338889,432564299,8264,22635,16055216,4873648331,11084516.811,796389.649,17A/D7A60000,17A/D7B3A508,1,1.0004329681396484,6294092,6291368.038084707,5.999916112980563,4050,4048.2472379245587,4047,4045.248536266837,0.0,0.0,5428945.439592767,0.0,streaming,17A/D7A5DBB0,17A/D7953D60,17A/D7953D60,9296,1098400,1244192,1098400,0.091150,0.091150,0.091150,-1088432.743300001,True,109280864,reserved,4.7,37.0,0.0,5437133.8942527855,0.0,12.994373850128214,5640781.721231995,253170.38528926723,1004.59,1
2026-09-13T22:15:52.006340+00:00,1789337752.0063405,F_lat_centralindia_rep1,r3-pub,F01,load,16,1,1000,6,207.0,2312628963,22057601,808823545314,61127,1789156079.537691,5998318.728,192964.18600000002,90024116,89338889,432568356,8264,22635,16055216,4873693491,11084516.811,796397.959,17A/D810FB00,17A/D8144450,4,1.00048828125,6307733,6304654.555392874,6.0125871232918495,4060,4058.0185456320155,4057,4055.020009760859,0.0,0.0,7007650.295754027,0.0,streaming,17A/D810DCB0,17A/D7F8DF68,17A/D7F8DF68,7760,1579928,2065216,1579928,0.058848,0.058848,0.058848,481292.9936554417,True,116291936,reserved,7.0,37.0,0.0,15422101.67691557,0.0,28.985846754514398,7063117.212298682,259967.06295754027,1004.59,1
2026-09-13T22:15:53.006947+00:00,1789337753.0069473,F_lat_centralindia_rep1,r3-pub,F01,load,16,1,1000,6,207.0,2312653572,22057601,808829849022,61127,1789156079.537691,5998359.761,192964.18600000002,90028169,89338889,432572406,8264,22635,16055216,4873738078,11084516.811,796406.147,17A/D8744000,17A/D874ADC0,2,1.0006067752838135,6303708,6299885.385257368,6.008038888223045,4053,4050.542231088133,4050,4047.5440503101254,0.0,0.0,6501782.878848393,0.0,streaming,17A/D86D3040,17A/D8533EE0,17A/D8533EE0,462784,2162976,2421376,2162976,0.210156,0.268854,0.210156,582694.4354185724,True,122797664,reserved,6.2,37.0,0.0,14908585.838596528,0.0,24.98483981672917,6335499.775325727,234130.9351353837,1004.58,1
2026-09-13T22:15:54.011457+00:00,1789337754.0078638,F_lat_centralindia_rep1,r3-pub,F01,load,16,1,1000,6,207.0,2312678131,22057602,808836133117,61127,1789156079.537691,5998391.539,192964.18600000002,90032219,89338889,432576453,8264,22635,16055216,4873783044,11084516.811,796414.463,17A/D8C6E000,17A/D8D602F0,1,1.0009164810180664,6284095,6278341.019630561,5.9874925800614935,4050,4046.2916505087483,4047,4043.294397434297,0.0,0.0,5409953.879960402,0.0,streaming,17A/D8C6BD60,17A/D8B65E10,17A/D8B65E10,8864,1081840,1651072,1081840,0.225696,0.258890,0.225696,-1080146.0666331917,True,128212576,reserved,2.7,37.0,0.0,5434507.377146304,0.0,13.987181014104314,5668840.615181742,256618.81372833927,1004.57,1
2026-09-13T22:15:55.008407+00:00,1789337755.0084074,F_lat_centralindia_rep1,r3-pub,F01,load,16,1,1000,6,207.0,2312702838,22057602,808842439693,61127,1789156079.537691,5998442.387,192964.18600000002,90036277,89338889,432580509,8264,22635,16055216,4873828274,11084516.811,796423.03,17A/D931C000,17A/D935D318,2,1.0005435943603516,6306576,6303149.643401395,6.0111519273771234,4058,4055.795292552228,4056,4053.7963791502802,0.0,0.0,7000354.646693597,0.0,streaming,17A/D9317D70,17A/D9109CA8,17A/D9109108,17040,2171736,2470096,2174712,0.226942,0.226942,0.226942,1092278.2437067863,True,135216736,reserved,4.1,37.0,0.0,15421249.095961858,0.0,31.98261443116592,7050700.279091757,286877.0552506515,1004.57,1
2026-09-13T22:15:56.011827+00:00,1789337756.0107965,F_lat_centralindia_rep1,r3-pub,F01,load,16,1,1000,6,207.0,2312727447,22057602,808848733387,61127,1789156079.537691,5998483.617,192964.18600000002,90040324,89338889,432584551,8264,22635,16055216,4873873159,11084516.811,796431.387,17A/D9953FF8,17A/D996A448,1,1.0023891925811768,6293694,6278692.993280967,5.987828248291938,4047,4037.3539838142865,4042,4032.365901304014,0.0,0.0,6505281.629392589,0.0,streaming,17A/D9951B80,17A/D973FFF8,17A/D973F5D8,9336,2179072,2804776,2181664,0.225698,0.225698,0.225698,6935.429922282412,True,141737560,reserved,5.4,37.0,0.0,14935196.938276656,0.0,24.9404125513608,6547229.408070975,224391.8845740993,1004.56,1
2026-09-13T22:15:57.011210+00:00,1789337757.0112104,F_lat_centralindia_rep1,r3-pub,F01,load,16,1,1000,6,207.0,2312752046,22057602,808855016571,61127,1789156079.537691,5998513.9399999995,192964.18600000002,90044370,89338889,432588596,8264,22635,16055216,4873918062,11084516.811,796439.811,17A/D9E7C000,17A/D9F6DB60,1,1.0004138946533203,6283184,6280584.499655866,5.989632129340998,4046,4044.326075061248,4045,4043.3264887846635,0.0,0.0,5404491.110025643,0.0,streaming,17A/D9E79C20,17A/D9D71D08,17A/D9D71D08,9184,1090296,2042712,1090296,0.225922,0.225922,0.225922,-1090916.47550357,True,147144288,reserved,6.9,37.0,0.0,13805997.77133869,0.0,17.992552978522607,5449210.600867485,263006.1431635542,1004.56,1
2026-09-13T22:15:58.011391+00:00,1789337758.0113912,F_lat_centralindia_rep1,r3-pub,F01,load,16,1,1000,6,207.0,2312776641,22057602,808861306636,61127,1789156079.537691,5998560.662,192964.18600000002,90048422,89338889,432592644,8264,22635,16055216,4873963131,11084516.811,796448.739,17A/DA528000,17A/DA56F678,1,1.000180721282959,6290065,6288928.456780854,5.997589546948293,4052,4051.267849676596,4048,4047.268572431111,0.0,0.0,6994703.908135803,0.0,streaming,17A/DA525B78,17A/DA313FC8,17A/DA313530,9352,2179128,2894200,2181840,0.217541,0.287335,0.217541,1091346.7704114981,True,154140256,reserved,2.7,37.0,0.0,7023370.727431442,0.0,23.995663472911723,7052037.546727081,271646.90762234264,1004.55,1
2026-09-13T22:15:59.012261+00:00,1789337759.0117407,F_lat_centralindia_rep1,r3-pub,F01,load,16,1,1000,6,207.0,2312801136,22057602,808867582432,61127,1789156079.537691,5998603.017,192964.18600000002,90052460,89338889,432596679,8264,22635,16055216,4874007881,11084516.811,796457.077,17A/DAB5E000,17A/DAB76350,1,1.000349521636963,6275796,6273603.239925926,5.982974281240392,4038,4036.5891247613667,4035,4033.5901729599095,0.0,0.0,6510364.486747367,0.0,streaming,17A/DAB5BFC8,17A/DA949FC0,17A/DA948E98,8248,2179136,2189752,2183528,0.225457,0.225457,0.225457,1687.4102136199076,True,160652896,reserved,3.7,37.0,0.0,14912419.7866251,0.0,21.992313210686,6542999.080250824,224515.52696549144,1004.55,1
2026-09-13T22:16:00.012013+00:00,1789337760.012014,F_lat_centralindia_rep1,r3-pub,F01,load,16,1,1000,6,207.0,2312825692,22057603,808873875181,61127,1789156079.537691,5998644.869,192964.18600000002,90056510,89338889,432600726,8264,22635,16055216,4874052596,11084516.811,796465.476,17A/DB116000,17A/DB177588,1,1.0002732276916504,6292749,6291030.116363203,5.999593845713809,4050,4048.8937301123838,4047,4045.8945495715598,0.0,0.0,5994906.025664947,0.0,streaming,17A/DB0FFDC0,17A/DAF7BF78,17A/DAF7BF28,90688,1679496,2015392,1679576,0.225746,0.260909,0.225746,-503814.34396977676,True,166649440,reserved,4.3,37.0,0.0,8390411.507231882,0.0,34.99043964294653,5969747.899561668,251904.17280434756,1004.54,1
2026-09-13T22:16:01.012443+00:00,1789337761.012444,F_lat_centralindia_rep1,r3-pub,F01,load,16,1,1000,6,207.0,2312850258,22057603,808880154856,61127,1789156079.537691,5998684.7469999995,192964.18600000002,90060561,89338889,432604774,8264,22635,16055216,4874097394,11084516.811,796474.769,17A/DB72E000,17A/DB7772D0,1,1.0004301071166992,6279675,6276975.22828297,5.986190059931727,4051,4049.2583851511927,4048,4046.2596749178047,0.0,0.0,6387012.900297132,0.0,streaming,17A/DB72BD28,17A/DB51BD40,17A/DB51BCF8,8920,2171584,2234936,2171656,0.226407,0.226407,0.226407,491868.4438818067,True,173039200,reserved,4.1,37.0,0.0,10219220.640475413,0.0,30.986672411672913,6543739.491075063,267248.05470974534,1004.54,1
2026-09-13T22:16:02.013220+00:00,1789337762.0132205,F_lat_centralindia_rep1,r3-pub,F01,load,16,1,1000,6,207.0,2312874844,22057603,808886433203,61127,1789156079.537691,5998725.683,192964.18600000002,90064613,89338889,432608823,8264,22635,16055216,4874142092,11084516.811,796483.883,17A/DBD62000,17A/DBD789D0,1,1.0007765293121338,6278347,6273475.462414484,5.982852423109516,4052,4048.85594467835,4049,4045.858272458697,0.0,0.0,6499401.024593091,0.0,streaming,17A/DBD5FFD0,17A/DBB4E000,17A/DBB4C8F8,8240,2179072,2544664,2184968,0.225569,0.265875,0.225569,13301.670862674777,True,179543648,reserved,5.8,37.0,0.0,6499401.024593091,0.0,17.98603331791962,6550009.725453424,224047.02092095863,1004.53,1
2026-09-13T22:16:03.013908+00:00,1789337763.0139084,F_lat_centralindia_rep1,r3-pub,F01,load,16,1,1000,6,207.0,2312899486,22057603,808892733324,61127,1789156079.537691,5998766.443,192964.18600000002,90068664,89338889,432612872,8264,22635,16055216,4874187052,11084516.811,796492.833,17A/DC31D328,17A/DC37C608,1,1.000687837600708,6300121,6295790.518555157,6.0041337190200395,4051,4048.215485173529,4049,4046.2168599031397,0.0,0.0,6005509.18497118,0.0,streaming,17A/DC31BFF0,17A/DC20FC68,17A/DC20FC68,4920,1103552,2216760,1103552,0.210193,0.268327,0.210193,-1080672.6727016582,True,185553288,reserved,1.6,37.0,0.0,15386280.737573648,0.0,73.94913500440414,6055202.004381504,281746.20436677977,1004.53,1
2026-09-13T22:16:04.014511+00:00,1789337764.014511,F_lat_centralindia_rep1,r3-pub,F01,load,16,1,1000,6,207.0,2312924090,22057603,808899028715,61127,1789156079.537691,5998808.098,192964.18600000002,90072711,89338889,432616916,8264,22635,16055216,4874231818,11084516.811,796501.34,17A/DC956000,17A/DC9863F8,1,1.0006027221679688,6295391,6291598.913862647,6.000136293280264,4047,4044.5622526705856,4044,4041.564059747924,0.0,0.0,6520190.13686514,0.0,streaming,17A/DC953BC0,17A/DC73BEF8,17A/DC73BEF8,9280,2203912,2646336,2203912,0.217901,0.262363,0.217901,1099697.1881266632,True,2765256,reserved,6.4,37.0,0.0,14974142.752216911,0.0,32.980122149278316,6547344.7701656865,224987.395109454,1004.52,1
2026-09-13T22:16:05.015272+00:00,1789337765.0152206,F_lat_centralindia_rep1,r3-pub,F01,load,16,1,1000,6,207.0,2312948716,22057603,808905325705,61127,1789156079.537691,5998850.774999999,192964.18600000002,90076766,89338889,432620968,8264,22635,16055216,4874276722,11084516.811,796510.974,17A/DCF84000,17A/DCF85618,1,1.0007095336914062,6296990,6292525.241337247,6.0010197080013725,4055,4052.1248808752334,4052,4049.1270079670644,0.0,0.0,6475277.572401174,0.0,streaming,17A/DCEBDD28,17A/DCD73E28,17A/DCD738D8,811736,2163160,2588568,2164520,0.226246,0.226246,0.226246,-39364.06986619906,True,9245128,reserved,4.2,37.0,0.0,6565325.680234819,0.0,21.9844013265734,5971487.028765296,262361.84543132695,1004.52,1
2026-09-13T22:16:06.015717+00:00,1789337766.015695,F_lat_centralindia_rep1,r3-pub,F01,load,16,1,1000,6,207.0,2312973290,22057604,808911604971,61127,1789156079.537691,5998896.575999999,192964.18600000002,90080819,89338889,432625018,8264,22635,16055216,4874322213,11084516.811,796521.025,17A/DD52B928,17A/DD61CAB8,2,1.000474452972412,6279266,6276288.196409498,5.985534855279444,4053,4051.0779540232406,4050,4048.079376707161,0.0,0.0,5926444.180942518,0.0,streaming,17A/DD529F90,17A/DD41DFE8,17A/DD41DAD0,6552,1104192,1341968,1105496,0.225129,0.272567,0.225129,-1058521.7811945493,True,15174384,reserved,3.3,37.0,0.0,14316919.295084663,0.0,26.987195844714407,6053237.02370139,281134.6148463382,1004.51,1
2026-09-13T22:16:07.016049+00:00,1789337767.0160494,F_lat_centralindia_rep1,r3-pub,F01,load,16,1,1000,6,207.0,2312997818,22057604,808917877158,61127,1789156079.537691,5998944.515,192964.18600000002,90084870,89338889,432629065,8264,22635,16055216,4874367044,11084516.811,796530.237,17A/DDC6C000,17A/DDCBD600,2,1.000354290008545,6272187,6269965.6138291005,5.979505170659161,4051,4049.5652794825287,4047,4045.5666961406555,0.0,0.0,7601234.958401636,0.0,streaming,17A/DDC6A000,17A/DDA53C68,17A/DDA537A0,8192,2196376,2556992,2197600,0.124538,0.124538,0.124538,1091717.2154983925,True,22778312,reserved,7.9,37.0,0.0,16009687.927527355,0.0,27.99008339311548,6953138.5724757435,243396.76695735488,1004.51,1
2026-09-13T22:16:08.016309+00:00,1789337768.0163095,F_lat_centralindia_rep1,r3-pub,F01,load,16,1,1000,6,207.0,2313022391,22057604,808924164139,61127,1789156079.537691,5998994.362,192964.18600000002,90088921,89338889,432633116,8264,22635,16055216,4874411855,11084516.811,796541.137,17A/DE326000,17A/DE35CA10,2,1.0002601146697998,6286981,6285346.08927741,5.994173135068331,4051,4049.9465494905726,4051,4049.9465494905726,0.0,0.0,7051477.807178585,0.0,streaming,17A/DE323D88,17A/DE113C68,17A/DE113718,8824,2171800,2219720,2173160,0.169576,0.169576,0.169576,-24433.644450641714,True,29831624,reserved,2.1,37.0,0.0,17546795.820998978,0.0,48.9872576956401,6458596.024427735,273378.8901402609,1004.5,1
2026-09-13T22:16:09.016649+00:00,1789337769.01665,F_lat_centralindia_rep1,r3-pub,F01,load,16,1,1000,6,207.0,2313046953,22057604,808930450108,61127,1789156079.537691,5999034.583,192964.18600000002,90092974,89338889,432637164,8264,22635,16055216,4874456634,11084516.811,796549.949,17A/DE95A000,17A/DE9FA6D8,2,1.000340461730957,6285969,6283829.596498537,5.992726894854104,4053,4051.6205782447496,4048,4046.622279974031,0.0,0.0,6502234.238076217,0.0,streaming,17A/DE955FB8,17A/DE849E88,17A/DE849E38,16456,1114488,2258376,1114568,0.066507,0.066507,0.066507,-1058231.7125993748,True,36336072,reserved,4.8,37.0,0.0,6502234.238076217,0.0,17.99387377458808,5963162.771280911,285268.8768643946,1004.49,1
2026-09-13T22:16:10.018522+00:00,1789337770.018522,F_lat_centralindia_rep1,r3-pub,F01,load,16,1,1000,6,207.0,2313071561,22057604,808936729822,61127,1789156079.537691,5999076.528,192964.18600000002,90097033,89338889,432641220,8264,22635,16055216,4874502241,11084516.811,796559.742,17A/DEF8F958,17A/DF008CF0,2,1.0018720626831055,6279714,6267979.948639698,5.977611492767046,4059,4051.415496235742,4056,4048.421101929581,0.0,0.0,6498769.895392746,0.0,streaming,17A/DEF8DFF8,17A/DEE83F30,17A/DEE83E28,6496,1096232,2310848,1096496,0.051413,0.051413,0.051413,-18038.23130031346,True,42847008,reserved,8.6,37.2,0.0,15204560.11040428,0.0,32.93833736777026,6453191.221527235,280247.3593764725,1004.49,1
2026-09-13T22:16:11.019141+00:00,1789337771.019122,F_lat_centralindia_rep1,r3-pub,F01,load,16,1,1000,6,207.0,2313096183,22057604,808943019315,61127,1789156079.537691,5999118.653,192964.18600000002,90101084,89338889,432645268,8264,22635,16055216,4874547352,11084516.811,796570.241,17A/DF538000,17A/DF60FAB0,2,1.0005998611450195,6289493,6285722.439340263,5.994532050457251,4051,4048.571419312718,4048,4045.5732178173,0.0,0.0,5929155.33009469,0.0,streaming,17A/DF535E50,17A/DF42BE10,17A/DF42BE10,8624,1098224,1356072,1098224,0.226509,0.261603,0.226509,1726.9640613607446,True,48779720,reserved,6.6,37.2,0.0,14331499.090545699,0.0,27.983213957234288,5966003.226473377,246548.10537120962,1004.48,1
2026-09-13T22:16:12.019735+00:00,1789337772.0197353,F_lat_centralindia_rep1,r3-pub,F01,load,16,1,1000,6,207.0,2313161421,22057606,808951837853,61127,1789156079.537691,5999160.3319999995,192964.18600000002,90105151,89338889,432649376,8277,22686,16055216,4874705479,11084516.811,796580.942,17A/DFB8E000,17A/DFC375C0,1,1.0006134510040283,8818538,8813131.575586323,8.404857230745623,4067,4064.5066243304245,4108,4105.481488259008,12.992030026136101,50.96873317945701,6639638.906846209,0.0,streaming,17A/DFB8BF38,17A/DFA83C58,17A/DFA83BD8,8392,1090472,1487696,1090600,0.220775,0.259717,0.220775,-7619.325916866279,True,55423432,reserved,10.8,37.0,0.0,15145908.727084449,0.0,29.98160775262177,6560226.62239184,275986.6956844339,1004.48,1
2026-09-13T22:16:13.020052+00:00,1789337773.0200522,F_lat_centralindia_rep1,r3-pub,F01,load,16,1,1000,6,207.0,2313186104,22057606,808958155298,61127,1789156079.537691,5999206.34,192964.18600000002,90109216,89338889,432653437,8277,22686,16055216,4874750368,11084516.811,796590.804,17A/E020C000,17A/E023C300,1,1.000316858291626,6317445,6315443.899235229,6.022876643405179,4065,4063.7123790379187,4061,4059.7136460696156,0.0,0.0,6805395.653959247,0.0,streaming,17A/E0209B70,17A/DFFFFCA0,17A/DFFFFC60,9360,2147168,3122112,2147232,0.226530,0.226530,0.226530,1056297.3034409825,True,62230984,reserved,1.8,37.0,0.0,6920047.325626431,0.0,20.993348083590725,6872382.428644259,251096.43801161827,1004.47,1
2026-09-13T22:16:14.020699+00:00,1789337774.0206997,F_lat_centralindia_rep1,r3-pub,F01,load,16,1,1000,6,207.0,2313210266,22057606,808964326116,61127,1789156079.537691,5999245.892,192964.18600000002,90113205,89338889,432657423,8277,22686,16055216,4874794603,11084516.811,796599.171,17A/E0756000,17A/E07F4C18,1,1.0006475448608398,6170818,6166824.704354995,5.8811423343229245,3989,3986.4186151126273,3986,3983.4205564900813,0.0,0.0,5542395.05056826,0.0,streaming,17A/E0751D58,17A/E0643C28,17A/E0643C28,17064,1123288,1427400,1123288,0.225927,0.262166,0.225927,-1023281.3794015754,True,67776968,reserved,7.2,37.0,0.0,13925574.565755703,0.0,21.98576323200747,5602463.153776728,253144.07785333402,1004.47,1
2026-09-13T22:16:15.021386+00:00,1789337775.0213869,F_lat_centralindia_rep1,r3-pub,F01,load,16,1,1000,6,207.0,2313233510,22057606,808970269675,61127,1789156079.537691,5999291.638,192964.18600000002,90117042,89338889,432661257,8277,22686,16055216,4874837400,11084516.811,796607.502,17A/E0D76000,17A/E0DAC4B0,1,1.0006871223449707,5943559,5939477.852050398,5.664327480364225,3837,3834.365321908536,3834,3831.367381860132,0.0,0.0,6418117.967731713,0.0,streaming,17A/E0D73FC8,17A/E0B6BC80,17A/E0B6ABA0,8248,2139008,2752016,2143328,0.227517,0.227517,0.227517,1019339.5889912909,True,74199496,reserved,4.4,37.0,0.0,14891016.050132636,0.0,34.975967231378355,6491238.724825633,242485.38287509774,1004.46,1
2026-09-13T22:16:16.021658+00:00,1789337776.0216582,F_lat_centralindia_rep1,r3-pub,F01,load,16,1,1000,6,207.0,2313256560,22057606,808976164150,61127,1789156079.537691,5999336.399999999,192964.18600000002,90120848,89338889,432665061,8277,22686,16055216,4874880068,11084516.811,796615.714,17A/E1322000,17A/E1345FE0,4,1.0002713203430176,5894475,5892876.142823569,5.619884627173966,3806,3804.9676348761345,3804,3802.968177369631,0.0,0.0,5945778.789259392,0.0,streaming,17A/E131DF80,17A/E1109FD8,17A/E1109F10,16512,2195496,2503696,2195696,0.226675,0.226675,0.226675,52353.79535028729,True,80146888,reserved,4.6,37.0,0.0,5953968.56720603,0.0,16.995388805279635,6004806.773766387,237712.50376193973,1004.46,1
2026-09-13T22:16:17.022101+00:00,1789337777.0221012,F_lat_centralindia_rep1,r3-pub,F01,load,16,1,1000,6,207.0,2313279394,22057606,808981992800,61127,1789156079.537691,5999370.175,192964.18600000002,90124618,89338889,432668828,8277,22686,16055216,4874922533,11084516.811,796623.987,17A/E185E000,17A/E18D6ED0,2,1.0004429817199707,5828650,5826069.157863781,5.556172521461278,3770,3768.3306983858106,3767,3765.332026742533,0.0,0.0,5486209.709386816,0.0,streaming,17A/E1859E50,17A/E174FFE0,17A/E174F440,16816,1105952,1849792,1108928,0.228078,0.228078,0.228078,-1086286.7948072548,True,85635528,reserved,4.3,37.0,0.0,13871103.354778009,0.0,20.990701502944834,5544348.9547639005,237720.69407806467,1004.45,1
2026-09-13T22:16:18.023085+00:00,1789337778.023085,F_lat_centralindia_rep1,r3-pub,F01,load,16,1,1000,6,207.0,2313302336,22057607,808987871443,61127,1789156079.537691,5999405.024999999,192964.18600000002,90128403,89338889,432672608,8277,22686,16055216,4874964715,11084516.811,796632.576,17A/E1D7B058,17A/E1E82DD8,2,1.0009839534759521,5878643,5872864.374684733,5.600799917874082,3785,3781.2793969937816,3780,3776.284311925098,0.0,0.0,5356481.471437306,0.0,streaming,17A/E1D79D00,17A/E1C79E68,17A/E1C79E68,4952,1053168,2044296,1053168,0.226235,0.226235,0.226235,-55705.188685963876,True,90997280,reserved,6.4,37.0,0.0,13749031.59257351,0.0,19.980340274735966,5410267.548439882,211726.67080630836,1004.45,1
2026-09-13T22:16:19.025790+00:00,1789337779.0257902,F_lat_centralindia_rep1,r3-pub,F01,load,16,1,1000,6,207.0,2313325387,22057607,808993759007,61127,1789156079.537691,5999446.3,192964.18600000002,90132200,89338889,432676403,8277,22686,16055216,4875007293,11084516.811,796640.462,17A/E2332000,17A/E242ACE0,1,1.0027050971984863,5887564,5871680.5334385885,5.599670918882931,3797,3786.756455720281,3795,3784.7618513190587,0.0,0.0,5976193.8148538275,0.0,streaming,17A/E232DFD8,17A/E2221E78,17A/E22213A0,16424,1114504,1286320,1117280,0.225586,0.348472,0.225586,63939.03868557773,True,96989640,reserved,4.1,37.0,0.0,14395363.143489353,0.0,28.9217638177214,6031224.950283547,241961.47070345844,1004.44,1
2026-09-13T22:16:20.026708+00:00,1789337780.0267084,F_lat_centralindia_rep1,r3-pub,F01,load,16,1,1000,6,207.0,2313348654,22057607,808999696806,61127,1789156079.537691,5999487.791,192964.18600000002,90136033,89338889,432680234,8277,22686,16055216,4875049997,11084516.811,796648.204,17A/E297C000,17A/E29F12C8,1,1.0009181499481201,5937799,5932352.211125125,5.657531939625859,3833,3829.4839595012572,3831,3827.485794116701,0.0,0.0,6588510.759188263,0.0,streaming,17A/E2979F88,17A/E2879BB8,17A/E2879BB8,8312,1057864,2194352,1057864,0.226835,0.226835,0.226835,-59361.49724438474,True,103584200,reserved,4.3,37.0,0.0,6604879.730018544,0.0,14.98624038416876,6659131.918374619,270951.22614577116,1004.44,1
2026-09-13T22:16:21.027624+00:00,1789337781.0270994,F_lat_centralindia_rep1,r3-pub,F01,load,16,1,1000,6,207.0,2313372412,22057607,809005769846,61127,1789156079.537691,5999529.472,192964.18600000002,90139950,89338889,432684148,8277,22686,16055216,4875093059,11084516.811,796658.13,17A/E2FA2000,17A/E2FB9A28,1,1.0003910064697266,6073040,6070666.3301893445,5.789438562573761,3917,3915.469026278711,3914,3912.4701988396414,0.0,0.0,6444584.125912071,0.0,streaming,17A/E2F9F160,17A/E2D8BFD0,17A/E2D8BFD0,11936,2187312,2440776,2187312,0.226381,0.262154,0.226381,1129006.5511341428,True,110031304,reserved,2.3,37.0,0.0,14874951.797610264,0.0,25.989837805270994,6507564.500178267,216539.33172034708,1004.43,1
2026-09-13T22:16:22.028014+00:00,1789337782.0280147,F_lat_centralindia_rep1,r3-pub,F01,load,16,1,1000,6,207.0,2313396282,22057607,809011869706,61127,1789156079.537691,5999571.483,192964.18600000002,90143889,89338889,432688084,8277,22686,16055216,4875136835,11084516.811,796667.089,17A/E3516000,17A/E35A6480,1,1.000915288925171,6099860,6094281.971204887,5.8119601928757545,3939,3935.397973818424,3936,3932.4007171742364,0.0,0.0,5712787.149190487,0.0,streaming,17A/E3511FA0,17A/E340DB50,17A/E340DB50,16480,1082544,2254120,1082544,0.225620,0.225620,0.225620,-1103757.7427619784,True,115749320,reserved,4.4,37.0,0.0,14118277.696781648,0.0,24.977138701564,5774150.983552489,284662.4516106288,1004.43,1
2026-09-13T22:16:23.028943+00:00,1789337783.0288591,F_lat_centralindia_rep1,r3-pub,F01,load,16,1,1000,6,207.0,2313420584,22057607,809018082493,61127,1789156079.537691,5999611.935,192964.18600000002,90147905,89338889,432692097,8277,22686,16055216,4875181441,11084516.811,796676.366,17A/E3B38000,17A/E3B98230,1,1.0008444786071777,6212787,6207544.861161653,5.9199761020294694,4016,4012.6114354838173,4013,4009.6139667820116,0.0,0.0,6425293.976691856,0.0,streaming,17A/E3B35D10,17A/E3A2FF08,17A/E3A2FF08,8944,1081592,2344904,1081592,0.225660,0.225660,0.225660,-951.1967347063232,True,122180040,reserved,3.9,37.0,0.0,14815009.041799055,0.0,22.98059338050991,6502411.852295677,256163.67525631003,1004.42,1
2026-09-13T22:16:24.029062+00:00,1789337784.029063,F_lat_centralindia_rep1,r3-pub,F01,load,16,1,1000,6,207.0,2313445084,22057608,809024353324,61127,1789156079.537691,5999654.399,192964.18600000002,90151953,89338889,432696141,8277,22686,16055216,4875226272,11084516.811,796684.924,17A/E4112000,17A/E41A4690,1,1.0002038478851318,6270831,6269552.964887385,5.979111637961755,4048,4047.174991937135,4044,4043.1758071624936,0.0,0.0,6134557.483430783,0.0,streaming,17A/E410FD68,17A/E3F45E48,17A/E3F45E48,8856,1884600,2275808,1884600,0.210248,0.210248,0.210248,802844.341878818,True,128315848,reserved,5.2,37.0,0.0,6150938.144267715,0.0,16.99653529222611,6206915.733354564,237761.5328143701,1004.42,1
2026-09-13T22:16:25.029421+00:00,1789337785.029421,F_lat_centralindia_rep1,r3-pub,F01,load,16,1,1000,6,207.0,2313469858,22057608,809030685163,61127,1789156079.537691,5999701.217,192964.18600000002,90156045,89338889,432700230,8277,22686,16055216,4875271734,11084516.811,796693.738,17A/E47578D0,17A/E47B7750,1,1.0003581047058105,6331839,6329572.350355569,6.036350584369249,4092,4090.535160109881,4089,4087.5362340394195,0.0,0.0,6573981.826172135,0.0,streaming,17A/E4755FA8,17A/E4649C78,17A/E46496F0,6440,1104984,1681576,1106400,0.051810,0.051810,0.051810,-777921.4226777883,True,134892184,reserved,6.0,37.0,0.0,8410172.277730668,0.0,37.986396892516005,6650604.387272433,270178.2478980201,1004.41,1
2026-09-13T22:16:26.029794+00:00,1789337786.0297942,F_lat_centralindia_rep1,r3-pub,F01,load,16,1,1000,6,207.0,2313494835,22057608,809037063610,61127,1789156079.537691,5999741.365,192964.18600000002,90160167,89338889,432704349,8277,22686,16055216,4875316986,11084516.811,796702.587,17A/E4DA4000,17A/E4DD6558,1,1.000373125076294,6378447,6376067.929167474,6.0806922237086045,4122,4120.4625520958825,4119,4117.463671053601,0.0,0.0,6602128.580269785,0.0,streaming,17A/E4DA1D10,17A/E4B85BB0,17A/E4B85628,8944,2221136,3116104,2222552,0.226216,0.226216,0.226216,1115735.6910351587,True,141496776,reserved,5.6,37.0,0.0,17311428.671856057,0.0,103.96120946578647,6676308.901731679,225617.81633506672,1004.41,1
2026-09-13T22:16:27.029870+00:00,1789337787.02987,F_lat_centralindia_rep1,r3-pub,F01,load,16,1,1000,6,207.0,2313519965,22057608,809043473968,61127,1789156079.537691,5999780.504,192964.18600000002,90164309,89338889,432708488,8277,22686,16055216,4875362877,11084516.811,796711.6,17A/E531C000,17A/E53FAB10,1,1.0000758171081543,6410358,6409872.02203965,6.112930318870211,4142,4141.685989345405,4139,4138.686216779486,0.0,0.0,5733965.267335174,0.0,streaming,17A/E5319E88,17A/E520DDD8,17A/E520DDD8,8568,1106472,1637888,1106472,0.225907,0.225907,0.225907,-1115995.3884569337,True,147231176,reserved,3.9,37.0,0.0,5742156.6462885095,0.0,15.998787018234301,5792032.864817855,278708.86909952795,1004.4,1
2026-09-13T22:16:28.030607+00:00,1789337788.030607,F_lat_centralindia_rep1,r3-pub,F01,load,16,1,1000,6,207.0,2313545104,22057608,809049894881,61127,1789156079.537691,5999825.369,192964.18600000002,90168454,89338889,432712631,8277,22686,16055216,4875409101,11084516.811,796721.979,17A/E5970000,17A/E5A1D3A0,1,1.000736951828003,6420913,6416184.581044195,6.118950444263644,4145,4141.9475841563635,4143,4139.949056974624,0.0,0.0,6630633.542490045,0.0,streaming,17A/E596DC88,17A/E585FB88,17A/E585EF38,9080,1115256,2123024,1118408,0.226839,0.226839,0.226839,11927.210220624935,True,153866696,reserved,6.4,37.0,0.0,15021250.062307693,0.0,21.983798999141133,6705992.006931919,274307.84832973784,1004.39,1
2026-09-13T22:16:29.031249+00:00,1789337789.031243,F_lat_centralindia_rep1,r3-pub,F01,load,16,1,1000,6,207.0,2313570242,22057608,809056317399,61127,1789156079.537691,5999869.157,192964.18600000002,90172598,89338889,432716771,8277,22686,16055216,4875454811,11084516.811,796731.057,17A/E5FC6000,17A/E6041EE0,1,1.000636100769043,6422518,6418435.228415153,6.121096828856614,4144,4141.36567410981,4140,4137.368216895419,0.0,0.0,6639488.616185193,0.0,streaming,17A/E5FC3ED0,17A/E5EAFD50,17A/E5EAFC90,8496,1139376,2584248,1139568,0.226862,0.267543,0.226862,21146.54866413214,True,160510408,reserved,5.6,37.0,0.0,15047324.385386417,0.0,23.984743286350255,6702191.730685838,265954.8259306948,1004.39,1
2026-09-13T22:16:30.032034+00:00,1789337790.0320342,F_lat_centralindia_rep1,r3-pub,F01,load,16,1,1000,6,207.0,2313595271,22057609,809062725629,61127,1789156079.537691,5999919.822,192964.18600000002,90176730,89338889,432720900,8277,22686,16055216,4875500682,11084516.811,796740.106,17A/E6645F08,17A/E665E618,1,1.000791072845459,6408230,6403164.630335938,6.106533651672304,4132,4128.733870748724,4129,4125.736242091356,0.0,0.0,6810108.707926536,0.0,streaming,17A/E6643FD0,17A/E6429C98,17A/E6429058,7992,2212464,3201056,2215600,0.213855,0.258223,0.213855,1075181.453148473,True,167325904,reserved,4.5,37.0,0.0,15212797.568939747,0.0,25.979448363859348,6877403.472865351,230562.60818148943,1004.38,1
2026-09-13T22:16:31.032281+00:00,1789337791.0322816,F_lat_centralindia_rep1,r3-pub,F01,load,16,1,1000,6,207.0,2313620250,22057609,809069111862,61127,1789156079.537691,5999957.727,192964.18600000002,90180858,89338889,432725025,8277,22686,16055216,4875546464,11084516.811,796749.495,17A/E6B82000,17A/E6C75198,1,1.0002474784851074,6386233,6384652.93576352,6.088879524005432,4128,4126.9786615727635,4125,4123.979403824527,0.0,0.0,5487529.954399903,0.0,streaming,17A/E6B7DFE8,17A/E6A71BE0,17A/E6A71A90,16408,1115168,1512976,1115504,0.226399,0.262520,0.226399,-1099823.8172678174,True,172814792,reserved,1.8,37.0,0.0,5593751.666811431,0.0,19.9950516549068,5550427.388638161,267656.7607103306,1004.38,1
2026-09-13T22:16:32.033277+00:00,1789337792.0332778,F_lat_centralindia_rep1,r3-pub,F01,load,16,1,1000,6,207.0,2313645070,22057609,809075453880,61127,1789156079.537691,6000008.348999999,192964.18600000002,90184963,89338889,432729127,8277,22686,16055216,4875591705,11084516.811,796758.308,17A/E7220000,17A/E72813E0,1,1.0009961128234863,6342018,6335706.9210900515,6.042200966920902,4105,4100.915025954619,4102,4097.918011319329,0.0,0.0,6931719.225590583,0.0,streaming,17A/E721DC28,17A/E7113DC8,17A/E7113DC8,9176,1098296,2261216,1098296,0.227022,0.227022,0.227022,-17190.875948021214,True,179753416,reserved,4.0,37.0,0.0,15328347.236754617,0.0,27.97213659603638,7032282.053667968,285421.6877966846,1004.37,1
2026-09-13T22:16:33.033746+00:00,1789337793.0337462,F_lat_centralindia_rep1,r3-pub,F01,load,16,1,1000,6,207.0,2313669814,22057609,809081771763,61127,1789156079.537691,6000049.681,192964.18600000002,90189051,89338889,432733213,8277,22686,16055216,4875636896,11084516.811,796767.485,17A/E785A000,17A/E788B5D0,1,1.0004684925079346,6317883,6314924.5051811505,6.02238131063571,4088,4086.085699463023,4086,4084.086636009274,0.0,0.0,6525966.633525163,0.0,streaming,17A/E7857D40,17A/E7645DB0,17A/E7645CF0,8896,2179664,2629544,2179856,0.225851,0.259164,0.225851,1081053.5345184018,True,186282440,reserved,1.9,37.0,0.0,14935210.965558214,0.0,22.989229718113876,6608491.97102283,234199.27939224106,1004.37,1
2026-09-13T22:16:34.033912+00:00,1789337794.0339124,F_lat_centralindia_rep1,r3-pub,F01,load,16,1,1000,6,207.0,2313694514,22057609,809088071491,61127,1789156079.537691,6000091.709,192964.18600000002,90193128,89338889,432737287,8277,22686,16055216,4875681782,11084516.811,796778.576,17A/E7E8C000,17A/E7E8DC60,1,1.0001661777496338,6299728,6298681.299316019,6.006890582386035,4077,4076.322605882573,4074,4073.3231043329906,0.0,0.0,6495176.646161467,0.0,streaming,17A/E7E16BE8,17A/E7C79FF8,17A/E7C79AF0,480280,2170888,2916064,2172176,0.230847,0.230847,0.230847,-7678.723966931117,True,192778696,reserved,3.7,37.0,0.0,14927439.39171409,0.0,27.99534779610303,6328890.279255714,264301.07904145913,1004.36,1
2026-09-13T22:16:35.034528+00:00,1789337795.0345285,F_lat_centralindia_rep1,r3-pub,F01,load,16,1,1000,6,207.0,2313719195,22057609,809094371323,61127,1789156079.537691,6000129.183999999,192964.18600000002,90197196,89338889,432741351,8277,22686,16055216,4875726620,11084516.811,796787.494,17A/E8419FF0,17A/E8491E50,1,1.0006160736083984,6299832,6295953.229375671,6.004288892150565,4068,4065.4953556063447,4064,4061.497818383526,0.0,0.0,5820909.891039265,0.0,streaming,17A/E8418000,17A/E830FC48,17A/E830F628,8176,1090472,1526040,1092040,0.210413,0.267772,0.210413,-1079470.9664265523,True,8479936,reserved,5.4,37.0,0.0,5878234.574814482,0.0,22.98583903120598,6130212.3379647015,276453.6841812314,1004.36,1
2026-09-13T22:16:36.034759+00:00,1789337796.0347593,F_lat_centralindia_rep1,r3-pub,F01,load,16,1,1000,6,207.0,2313743789,22057610,809100657423,61127,1789156079.537691,6000171.522,192964.18600000002,90201256,89338889,432745408,8277,22686,16055216,4875771702,11084516.811,796796.508,17A/E8A48000,17A/E8A90928,1,1.0002307891845703,6286100,6284649.570850234,5.993508883333429,4060,4059.0632121111576,4057,4056.063904318957,0.0,0.0,6478392.856995208,0.0,streaming,17A/E8A45D88,17A/E8837C68,17A/E8837C68,8824,2163608,2896352,2163608,0.225618,0.225618,0.225618,1071320.7507575194,True,14959824,reserved,6.9,37.0,0.0,14910094.911353543,0.0,27.99353939387005,6545885.280473828,270228.6341538761,1004.35,1
2026-09-13T22:16:37.034922+00:00,1789337797.0349221,F_lat_centralindia_rep1,r3-pub,F01,load,16,1,1000,6,207.0,2313768294,22057610,809106911274,61127,1789156079.537691,6000217.421,192964.18600000002,90205298,89338889,432749447,8277,22686,16055216,4875816414,11084516.811,796806.025,17A/E9074000,17A/E908DFA0,1,1.0001628398895264,6253851,6252832.789399347,5.963166036033008,4042,4041.341908330109,4039,4038.34239677024,0.0,0.0,6470626.323924245,0.0,streaming,17A/E8FFFF68,17A/E8E65D38,17A/E8E65D38,475288,2155208,3179376,2155208,0.231763,0.231763,0.231763,-8398.632367633081,True,21431504,reserved,5.2,37.0,0.0,14886535.878142172,0.0,24.99592966557465,6076278.539473901,214897.00619525163,1004.35,1
2026-09-13T22:16:38.035354+00:00,1789337798.0353549,F_lat_centralindia_rep1,r3-pub,F01,load,16,1,1000,6,207.0,2313792780,22057610,809113164850,61127,1789156079.537691,6000265.666,192964.18600000002,90209347,89338889,432753493,8277,22686,16055216,4875861045,11084516.811,796815.15,17A/E9628000,17A/E9686F28,2,1.0004327297210693,6253576,6250871.062308767,5.961295187290923,4049,4047.24863522698,4046,4044.249932854621,0.0,0.0,5977573.326361812,0.0,streaming,17A/E9625CB0,17A/E951DD80,17A/E951D7F8,9040,1090176,2331216,1091592,0.218021,0.267699,0.218021,-1063155.940826273,True,27411664,reserved,6.4,37.0,0.0,14362552.896491257,0.0,24.98918643632366,6533287.852170065,286900.84947543195,1004.34,1
2026-09-13T22:16:39.035627+00:00,1789337799.0356276,F_lat_centralindia_rep1,r3-pub,F01,load,16,1,1000,6,207.0,2313817271,22057610,809119418748,61127,1789156079.537691,6000310.396,192964.18600000002,90213395,89338889,432757539,8277,22686,16055216,4875905602,11084516.811,796825.977,17A/E9C52000,17A/E9C81698,1,1.0002727508544922,6253898,6252192.709096144,5.962555607887405,4048,4046.896205601881,4046,4044.8967509548443,0.0,0.0,6461725.558832334,0.0,streaming,17A/E9C4FB90,17A/E9A3FD78,17A/E9A3FD78,9328,2171528,2223600,2171528,0.226422,0.264013,0.226422,1079641.526851006,True,33875152,reserved,3.1,37.0,0.0,6478105.091300857,0.0,15.99563717629202,6542258.593378347,234350.08081520733,1004.33,1
2026-09-13T22:16:40.035964+00:00,1789337800.0359647,F_lat_centralindia_rep1,r3-pub,F01,load,16,1,1000,6,207.0,2313841755,22057610,809125679767,61127,1789156079.537691,6000350.317,192964.18600000002,90217443,89338889,432761583,8277,22686,16055216,4875950067,11084516.811,796835.245,17A/EA208000,17A/EA27FFA8,1,1.0003371238708496,6261019,6258908.972379936,5.96896073568338,4048,4046.6357824810916,4044,4042.6371305221182,0.0,0.0,5986333.863955585,0.0,streaming,17A/EA205DD0,17A/EA0FFFE8,17A/EA0FFA18,8752,1081368,2137616,1082856,0.210269,0.302610,0.210269,-1088305.1063698751,True,39863504,reserved,2.9,37.0,0.0,14462196.448352344,0.0,22.99224876409711,6060029.019559465,284702.0201529273,1004.33,1
2026-09-13T22:16:41.036364+00:00,1789337801.0363643,F_lat_centralindia_rep1,r3-pub,F01,load,16,1,1000,6,207.0,2313866237,22057610,809131932661,61127,1789156079.537691,6000389.817,192964.18600000002,90221487,89338889,432765624,8277,22686,16055216,4875995139,11084516.811,796845.335,17A/EA834000,17A/EA87CA38,1,1.0003995895385742,6252894,6250396.406983827,5.960842520698383,4044,4042.3847053608456,4041,4039.385903650637,0.0,0.0,6469095.017307041,0.0,streaming,17A/EA831DB8,17A/EA729FE8,17A/EA729AA0,8776,1089560,2366144,1090912,0.225623,0.225623,0.225623,8052.782192479468,True,46335184,reserved,4.1,37.0,0.0,14956711.45457128,0.0,28.988416532013975,6554232.9970609965,253311.77926300888,1004.32,1
2026-09-13T22:16:42.036654+00:00,1789337802.0366547,F_lat_centralindia_rep1,r3-pub,F01,load,16,1,1000,6,207.0,2313890800,22057611,809138204093,61127,1789156079.537691,6000432.289,192964.18600000002,90225542,89338889,432769676,8277,22686,16055216,4876040158,11084516.811,796854.566,17A/EAE66000,17A/EAE7FA28,5,1.0002903938293457,6271432,6269611.343553436,5.979167312196194,4055,4053.8227948751073,4052,4050.823665803683,0.0,0.0,6494370.075004731,0.0,streaming,17A/EAE5FFD8,17A/EAC53FF0,17A/EAC52830,24616,2170896,2676648,2176976,0.050150,0.050150,0.050150,1085748.7052757677,True,52831440,reserved,6.0,37.0,0.0,6502559.696789101,0.0,16.995064738070734,6553028.041093337,219644.21667482617,1004.32,1
2026-09-13T22:16:43.037158+00:00,1789337803.037159,F_lat_centralindia_rep1,r3-pub,F01,load,16,1,1000,6,207.0,2313915466,22057611,809144491405,61127,1789156079.537691,6000471.624,192964.18600000002,90229609,89338889,432773740,8277,22686,16055216,4876085476,11084516.811,796864.597,17A/EB4219B8,17A/EB493870,4,1.0005042552947998,6287312,6284143.187524411,5.9930259585613355,4067,4064.950227324774,4064,4061.9517393282226,0.0,0.0,6008290.287809677,0.0,streaming,17A/EB41FB68,17A/EB317FD8,17A/EB317F98,7760,1087968,2503336,1088032,0.056016,0.056016,0.056016,-1088395.1709722027,True,58842760,reserved,5.4,37.0,0.0,13731060.04027148,0.0,24.987399971261212,6098439.829425994,285259.1565599145,1004.31,1
2026-09-13T22:16:44.037173+00:00,1789337804.0371735,F_lat_centralindia_rep1,r3-pub,F01,load,16,1,1000,6,207.0,2313940097,22057611,809150781493,61127,1789156079.537691,6000514.653,192964.18600000002,90233673,89338889,432777802,8277,22686,16055216,4876130658,11084516.811,796875.349,17A/EBA55700,17A/EBA97308,4,1.0000145435333252,6290088,6289996.521225979,5.998608132577876,4064,4063.9408959401485,4062,4061.940925026792,0.0,0.0,6503657.413841666,0.0,streaming,17A/EBA53EE0,17A/EB83FFC8,17A/EB83FB00,6176,2185016,2830320,2186240,0.225825,0.225825,0.225825,1098192.0284076375,True,65346512,reserved,6.0,37.0,0.0,8273799.669718778,0.0,24.99963641695465,6585927.217348037,255551.28338139385,1004.31,1
2026-09-13T22:16:45.037666+00:00,1789337805.0376663,F_lat_centralindia_rep1,r3-pub,F01,load,16,1,1000,6,207.0,2313964788,22057611,809157088070,61127,1789156079.537691,6000554.0,192964.18600000002,90237749,89338889,432781874,8277,22686,16055216,4876175922,11084516.811,796886.543,17A/EC08A000,17A/EC097F10,2,1.000492811203003,6306577,6303470.579080829,6.011457995491819,4076,4073.992290958068,4072,4069.9942612319073,0.0,0.0,6503546.9791894,0.0,streaming,17A/EBFFFD18,17A/EBE75BC0,17A/EBE75BC0,565992,2180160,3151872,2180160,0.226689,0.226689,0.226689,-6077.005183764734,True,71853264,reserved,5.8,37.0,0.0,9281058.190547977,0.0,59.970445892415135,6002880.713134278,251683.96732128784,1004.3,1
2026-09-13T22:16:46.038010+00:00,1789337806.0380101,F_lat_centralindia_rep1,r3-pub,F01,load,16,1,1000,6,207.0,2313989373,22057611,809163366209,61127,1789156079.537691,6000592.851,192964.18600000002,90241812,89338889,432785937,8277,22686,16055216,4876221164,11084516.811,796896.313,17A/EC62E000,17A/EC69D8D8,3,1.0003437995910645,6278139,6275981.320188591,5.985242195309249,4063,4061.603622335575,4063,4061.603622335575,0.0,0.0,5912591.2535449,0.0,streaming,17A/EC62BEA0,17A/EC521DC0,17A/EC5218B8,8544,1098304,1883712,1099592,0.210300,0.305181,0.210300,-1080196.6288407354,True,77767888,reserved,1.8,37.0,0.0,5978104.730038472,0.0,19.99312637132944,6563533.459880555,293223.1899871918,1004.3,1
2026-09-13T22:16:47.041645+00:00,1789337807.0416453,F_lat_centralindia_rep1,r3-pub,F01,load,16,1,1000,6,207.0,2314014010,22057611,809169660931,61127,1789156079.537691,6000632.18,192964.18600000002,90245887,89338889,432790007,8277,22686,16055216,4876266714,11084516.811,796905.386,17A/ECC62000,17A/ECCAA728,1,1.0036351680755615,6294722,6271922.507528238,5.981371409919966,4075,4060.2403439226655,4070,4055.2584539301224,0.0,0.0,6480888.879643459,0.0,streaming,17A/ECC5FBC0,17A/ECA4DF18,17A/ECA4DF18,9280,2179304,2204184,2179304,0.225793,0.225793,0.225793,1075801.2815257495,True,84272336,reserved,10.0,37.0,0.0,15614534.542516293,0.0,26.902205959733,6571464.621597885,266075.76985573996,1004.29,1
2026-09-13T22:16:48.042133+00:00,1789337808.0421338,F_lat_centralindia_rep1,r3-pub,F01,load,16,1,1000,6,207.0,2314038680,22057612,809175966347,61127,1789156079.537691,6000669.731,192964.18600000002,90249963,89338889,432794080,8277,22686,16055216,4876311818,11084516.811,796915.654,17A/ED20A000,17A/ED2B4B60,1,1.000488519668579,6305416,6302337.1843274385,6.01037710602516,4076,4074.0097660992774,4073,4071.011230942678,0.0,0.0,5928112.000690123,0.0,streaming,17A/ED207F50,17A/ED0FFF88,17A/ED0FFF88,8368,1089656,2142664,1089656,0.225841,0.262430,0.225841,-1089115.9454392898,True,90203344,reserved,4.5,37.0,0.0,14349470.001670498,0.0,22.988769533926245,5989619.952845721,244542.536161281,1004.29,1
2026-09-13T22:16:49.042597+00:00,1789337809.042597,F_lat_centralindia_rep1,r3-pub,F01,load,16,1,1000,6,207.0,2314063328,22057612,809182263856,61127,1789156079.537691,6000708.478,192964.18600000002,90254029,89338889,432798146,8277,22686,16055216,4876357019,11084516.811,796925.846,17A/ED841BD8,17A/ED8BAAB0,1,1.0004632472991943,6297509,6294593.046771555,6.002991720935397,4066,4064.117308633167,4066,4064.117308633167,0.0,0.0,6516749.133564349,0.0,streaming,17A/ED83FCA0,17A/ED735FF8,17A/ED7354A0,7992,1096672,2300168,1099576,0.225787,0.225787,0.225787,9915.40671461904,True,96723112,reserved,5.2,37.0,0.0,14935289.267584106,0.0,28.986572048785497,6597998.4950170955,271467.2435326138,1004.28,1
2026-09-13T22:16:50.043077+00:00,1789337810.043078,F_lat_centralindia_rep1,r3-pub,F01,load,16,1,1000,6,207.0,2314088029,22057612,809188564625,61127,1789156079.537691,6000747.447,192964.18600000002,90258108,89338889,432802219,8277,22686,16055216,4876402248,11084516.811,796937.0,17A/EDE776F8,17A/EDEC09C8,1,1.0004808902740479,6300769,6297740.4778557215,6.005993345123025,4079,4077.0393914097613,4073,4071.0422753645394,0.0,0.0,6508262.239987837,0.0,streaming,17A/EDE75E80,17A/EDC61EA8,17A/EDC61EA8,6264,2185296,2595000,2185296,0.226406,0.259097,0.226406,1085198.1387696508,True,8592496,reserved,4.6,37.0,0.0,6542261.889886879,0.0,19.990386817405057,6590436.723078144,265714.22061562975,1004.28,1
2026-09-13T22:16:51.043640+00:00,1789337811.0436406,F_lat_centralindia_rep1,r3-pub,F01,load,16,1,1000,6,207.0,2314112750,22057612,809194869666,61127,1789156079.537691,6000783.97,192964.18600000002,90262185,89338889,432806292,8277,22686,16055216,4876447362,11084516.811,796946.226,17A/EE41C000,17A/EE4C7DE8,1,1.0005626678466797,6305041,6301495.351179889,6.009574271373643,4077,4074.7072932214733,4073,4070.7095426271917,0.0,0.0,5913608.602581479,0.0,streaming,17A/EE419CD0,17A/EE311F00,17A/EE311978,9008,1089792,1352992,1091208,0.210259,0.265477,0.210259,-1093472.738049079,True,14509432,reserved,3.7,37.0,0.0,15576515.595511101,0.0,39.97750594281553,5981316.505521528,235163.68095801809,1004.27,1
2026-09-13T22:16:52.044137+00:00,1789337812.0441377,F_lat_centralindia_rep1,r3-pub,F01,load,16,1,1000,6,207.0,2314137451,22057612,809201172723,61127,1789156079.537691,6000822.9569999995,192964.18600000002,90266263,89338889,432810367,8277,22686,16055216,4876492967,11084516.811,796955.2,17A/EEA54000,17A/EEACCA58,1,1.0004971027374268,6303057,6299925.28989281,6.008076944248972,4078,4075.973822255277,4075,4072.9753128225243,0.0,0.0,6517592.087132055,0.0,streaming,17A/EEA52000,17A/EE949FD8,17A/EE949F28,8192,1089576,1665536,1089752,0.225765,0.225765,0.225765,-1455.2765780293485,True,21030264,reserved,7.1,37.0,0.0,14926595.94829364,0.0,21.989069173520377,6597944.143904676,266348.59738313104,1004.27,1
2026-09-13T22:16:53.044621+00:00,1789337813.0445845,F_lat_centralindia_rep1,r3-pub,F01,load,16,1,1000,6,207.0,2314162066,22057612,809207454215,61127,1789156079.537691,6000866.994,192964.18600000002,90270326,89338889,432814427,8277,22686,16055216,4876538351,11084516.811,796963.488,17A/EF088000,17A/EF0D2330,1,1.0004467964172363,6281492,6278686.705275133,5.987822251582273,4063,4061.185476879198,4060,4058.1868166698364,0.0,0.0,6501543.133821301,0.0,streaming,17A/EEFFFFD0,17A/EEE75D10,17A/EEE75C50,557104,2171632,3026232,2171824,0.226158,0.226158,0.226158,1081588.7500215673,True,27534712,reserved,3.7,37.0,0.0,6526108.158256394,0.0,16.992407853051038,6007066.064404322,254322.36967640553,1004.26,1
2026-09-13T22:16:54.045364+00:00,1789337814.045351,F_lat_centralindia_rep1,r3-pub,F01,load,16,1,1000,6,207.0,2314186720,22057613,809213760294,61127,1789156079.537691,6000903.517,192964.18600000002,90274401,89338889,432818500,8277,22686,16055216,4876583335,11084516.811,796971.954,17A/EF62E000,17A/EF6D6C90,1,1.0007665157318115,6306079,6301248.993516408,6.009339326397331,4075,4071.8788408104883,4073,4069.8803726677593,0.0,0.0,5918279.545623021,0.0,streaming,17A/EF62BDC8,17A/EF521B70,17A/EF521B70,8760,1098896,1759664,1098896,0.225822,0.225822,0.225822,-1072106.21372101,True,33457528,reserved,3.9,37.0,0.0,14308648.196056766,0.0,22.982383641384352,6562886.444294356,234624.15689267876,1004.26,1
2026-09-13T22:16:55.045957+00:00,1789337815.0459576,F_lat_centralindia_rep1,r3-pub,F01,load,16,1,1000,6,207.0,2314211356,22057613,809220051899,61127,1789156079.537691,6000944.303,192964.18600000002,90278476,89338889,432822571,8277,22686,16055216,4876628622,11084516.811,796981.159,17A/EFC60000,17A/EFCD9F10,1,1.0006065368652344,6291605,6287791.222822461,5.9965049961304295,4075,4072.529860504836,4071,4068.532285181641,0.0,0.0,6492318.169689252,0.0,streaming,17A/EFC5DE90,17A/EFB55FD8,17A/EFB55588,8560,1089576,2080808,1092216,0.228321,0.228321,0.228321,-6675.950789735535,True,39953784,reserved,5.0,37.0,0.0,14875841.253878148,0.0,22.986058108370855,6584018.550028021,278934.8157512495,1004.25,1
2026-09-13T22:16:56.046794+00:00,1789337816.0467944,F_lat_centralindia_rep1,r3-pub,F01,load,16,1,1000,6,207.0,2314236013,22057613,809226350613,61127,1789156079.537691,6000982.38,192964.18600000002,90282549,89338889,432826641,8277,22686,16055216,4876673867,11084516.811,796989.296,17A/F0220000,17A/F02E2A10,1,1.0008368492126465,6298714,6293447.3335540835,6.001899083665927,4073,4069.5943631613977,4070,4066.5968716098428,0.0,0.0,6024270.593896728,0.0,streaming,17A/F021DB70,17A/F0116000,17A/F0115F80,9360,1089536,2229768,1089664,0.210419,0.266710,0.210419,-2549.8661465229284,True,45983096,reserved,5.6,37.0,0.0,14557289.743539851,0.0,30.974079366070054,6099887.31410396,244142.68938261675,1004.25,1
2026-09-13T22:16:57.047593+00:00,1789337817.0475938,F_lat_centralindia_rep1,r3-pub,F01,load,16,1,1000,6,207.0,2314260755,22057613,809232665735,61127,1789156079.537691,6001023.791,192964.18600000002,90286632,89338889,432830722,8277,22686,16055216,4876719043,11084516.811,796997.48,17A/F0840000,17A/F08EA178,1,1.0007994174957275,6315122,6310077.6135563245,6.017758954578709,4083,4079.7385855966795,4081,4077.740183154555,0.0,0.0,6417397.819905723,0.0,streaming,17A/F083BD80,17A/F0733FD0,17A/F0733540,17024,1097776,1124024,1100480,0.225924,0.225924,0.225924,10807.360407008005,True,52405624,reserved,5.2,37.0,0.0,6425583.276308664,0.0,16.98642075805622,6486250.777646673,252847.86898977216,1004.24,1
2026-09-13T22:16:58.047774+00:00,1789337818.0477746,F_lat_centralindia_rep1,r3-pub,F01,load,16,1,1000,6,207.0,2314285485,22057613,809238974828,61127,1789156079.537691,6001062.134,192964.18600000002,90290711,89338889,432834798,8277,22686,16055216,4876764127,11084516.811,797005.743,17A/F0E7A000,17A/F0EF2A60,1,1.000180721282959,6309093,6307953.018637626,6.0157327829719796,4079,4078.262971083622,4076,4075.2635131495076,0.0,0.0,6527844.279606833,0.0,streaming,17A/F0E77DC0,17A/F0D6DD08,17A/F0D6DD08,8768,1098488,2500872,1098488,0.225893,0.225893,0.225893,-1991.640068251673,True,58934648,reserved,2.9,37.0,0.0,14931317.593128301,0.0,21.99602485016908,6612747.935709175,256292.68245761326,1004.23,1
2026-09-13T22:16:59.047974+00:00,1789337819.047974,F_lat_centralindia_rep1,r3-pub,F01,load,16,1,1000,6,207.0,2314310236,22057613,809245285988,61127,1789156079.537691,6001103.533,192964.18600000002,90294791,89338889,432838875,8277,22686,16055216,4876809188,11084516.811,797014.949,17A/F1422000,17A/F14FBCE0,1,1.000199556350708,6311160,6309900.819219187,6.017590350360095,4080,4079.185972533462,4077,4076.18657108307,0.0,0.0,5929824.665829348,0.0,streaming,17A/F141FF28,17A/F1315FB8,17A/F13153F8,8408,1097800,1265120,1100808,0.092318,0.092318,0.092318,2319.5371216366743,True,64865656,reserved,5.2,37.0,0.0,14333139.730941106,0.0,22.99541111967393,6001710.320590416,240339.0388184807,1004.23,1
2026-09-13T22:17:00.048479+00:00,1789337820.0484734,F_lat_centralindia_rep1,r3-pub,F01,load,16,1,1000,6,207.0,2314334967,22057614,809251605096,61127,1789156079.537691,6001167.347,192964.18600000002,90298870,89338889,432842951,8277,22686,16055216,4876854281,11084516.811,797023.521,17A/F1A5C000,17A/F1B06E90,1,1.0004992485046387,6319108,6315954.769026198,6.023363846803854,4079,4076.9645815292065,4076,4073.9660785273463,0.0,0.0,6525766.021072358,0.0,streaming,17A/F1A59E90,17A/F1951D40,17A/F1951768,8560,1090240,1616576,1091736,0.054522,0.054522,0.054522,-9067.473077625144,True,71394680,reserved,4.1,37.0,0.0,14918376.02307884,0.0,22.98852301426128,6585410.243783359,250039.1683191156,1004.22,1
2026-09-13T22:17:01.049864+00:00,1789337821.049864,F_lat_centralindia_rep1,r3-pub,F01,load,16,1,1000,6,207.0,2314359658,22057614,809257913374,61127,1789156079.537691,6001214.119,192964.18600000002,90302944,89338889,432847022,8277,22686,16055216,4876899429,11084516.811,797031.508,17A/F2110000,17A/F21103D8,1,1.0013906955718994,6308278,6299517.289200804,6.00768784446793,4074,4068.3421745528776,4071,4065.3463408455486,0.0,0.0,7018974.742905767,0.0,streaming,17A/F2075A18,17A/F1F8BF88,17A/F1F8B8A8,632296,1589368,2470416,1591128,0.054788,0.054788,0.054788,498698.4622568264,True,78423416,reserved,5.3,37.0,0.0,7068058.482366647,0.0,23.966669658632565,6648204.3716193065,257270.21545059126,1004.22,1
2026-09-13T22:17:02.050322+00:00,1789337822.0503225,F_lat_centralindia_rep1,r3-pub,F01,load,16,1,1000,6,207.0,2314384300,22057614,809264213595,61127,1789156079.537691,6001248.993,192964.18600000002,90307015,89338889,432851090,8277,22686,16055216,4876944402,11084516.811,797039.862,17A/F263C000,17A/F2715040,1,1.0004584789276123,6300221,6297333.805150198,6.005605511808584,4071,4069.134387629649,4068,4066.135762436112,0.0,0.0,5420618.76052368,0.0,streaming,17A/F2639BA0,17A/F252FD98,17A/F252F6B8,9312,1098344,1715176,1100104,0.217477,0.217477,0.217477,-490798.9790104301,True,83846520,reserved,2.7,37.0,0.0,13813570.768887384,0.0,19.990834623579705,5942086.678471874,244101.08479641355,1004.21,1
2026-09-13T22:17:03.050643+00:00,1789337823.0506432,F_lat_centralindia_rep1,r3-pub,F01,load,16,1,1000,6,207.0,2314408950,22057614,809270511696,61127,1789156079.537691,6001294.87,192964.18600000002,90311090,89338889,432855162,8277,22686,16055216,4876989264,11084516.811,797047.88,17A/F2C70000,17A/F2D19BC8,1,1.0003206729888916,6298101,6296082.016561443,6.004411713181918,4075,4073.6936764729367,4072,4070.6946381835087,0.0,0.0,6502362.867864304,0.0,streaming,17A/F2C6DFF8,17A/F2B65F58,17A/F2B65F58,8200,1089704,1126880,1089704,0.225865,0.225865,0.225865,-10396.66607001682,True,90350968,reserved,2.5,37.0,0.0,14904660.477976114,0.0,20.9932680259955,6583996.6901025325,264743.10403753986,1004.21,1
2026-09-13T22:17:04.050839+00:00,1789337824.05084,F_lat_centralindia_rep1,r3-pub,F01,load,16,1,1000,6,207.0,2314433592,22057614,809276799859,61127,1789156079.537691,6001340.476,192964.18600000002,90315160,89338889,432859229,8277,22686,16055216,4877034411,11084516.811,797056.013,17A/F331DF30,17A/F331DF30,1,1.0001966953277588,6288163,6286926.390952936,5.995680228188454,4070,4069.199607449497,4067,4066.200197419436,0.0,0.0,7002574.626288727,0.0,streaming,17A/F32B90C8,17A/F3107CC8,17A/F3107BF8,413288,2187880,2347992,2188088,0.225944,0.262379,0.225944,1098167.9954861936,True,97354920,reserved,3.9,37.0,0.0,15451168.827283261,0.0,32.9935103306716,7089290.569667822,226128.52157633295,1004.2,1
2026-09-13T22:17:05.051624+00:00,1789337825.0516243,F_lat_centralindia_rep1,r3-pub,F01,load,16,1,1000,6,207.0,2314458251,22057614,809283098729,61127,1789156079.537691,6001375.885,192964.18600000002,90319228,89338889,432863294,8277,22686,16055216,4877079296,11084516.811,797064.406,17A/F3848000,17A/F3922C48,1,1.0007843971252441,6298870,6293933.057003607,6.002362305644614,4068,4064.8115734870976,4065,4061.8139248340835,0.0,0.0,5410875.724636542,0.0,streaming,17A/F3843DF0,17A/F373DDA0,17A/F373DDA0,16912,1090144,1994664,1090144,0.226848,0.226848,0.226848,-1097083.450894965,True,102770040,reserved,5.6,37.0,0.0,5418853.46691843,0.0,12.989810829727697,5460214.023816501,263394.3941943885,1004.2,1
2026-09-13T22:17:06.052633+00:00,1789337826.0526116,F_lat_centralindia_rep1,r3-pub,F01,load,16,1,1000,6,207.0,2314482927,22057615,809289398614,61127,1789156079.537691,6001422.293,192964.18600000002,90323294,89338889,432867357,8277,22686,16055216,4877123982,11084516.811,797072.916,17A/F3F90000,17A/F3FB3310,3,1.0009872913360596,6299885,6293671.312840826,6.002112686959101,4066,4061.989632828345,4063,4058.9925917810046,0.0,0.0,7627413.520714455,0.0,streaming,17A/F3F8DF10,17A/F3D79FE8,17A/F3D79758,8432,2187288,2460704,2189480,0.226696,0.265723,0.226696,1098251.7056062424,True,110404984,reserved,2.0,37.0,0.0,16077311.01013256,0.0,31.968437838294893,7182501.778223128,256663.59825316278,1004.19,1
2026-09-13T22:17:07.052716+00:00,1789337827.0527163,F_lat_centralindia_rep1,r3-pub,F01,load,16,1,1000,6,207.0,2314507551,22057615,809295679016,61127,1789156079.537691,6001469.950999999,192964.18600000002,90327355,89338889,432871415,8277,22686,16055216,4877168922,11084516.811,797081.493,17A/F4624000,17A/F4661E08,4,1.0001046657562256,6280402,6279744.725769374,5.988831258553861,4061,4060.574996847244,4058,4057.5753108116514,0.0,0.0,6896942.126336703,0.0,streaming,17A/F4621CA0,17A/F441BFF8,17A/F441BFF8,9056,2129928,3038416,2129928,0.223494,0.380928,0.223494,-59545.76759720441,True,117302648,reserved,7.7,37.0,0.0,15292863.360891478,0.0,24.99738362993871,6276032.114352656,257166.08351739307,1004.19,1
2026-09-13T22:17:08.053420+00:00,1789337828.05342,F_lat_centralindia_rep1,r3-pub,F01,load,16,1,1000,6,207.0,2314532196,22057615,809301974996,61127,1789156079.537691,6001510.9629999995,192964.18600000002,90331419,89338889,432875475,8277,22686,16055216,4877213750,11084516.811,797091.971,17A/F4C62000,17A/F4D0FFE8,7,1.0007038116455078,6295980,6291551.932481602,6.000091488343813,4064,4061.141721162588,4060,4057.1445344291606,0.0,0.0,6540804.505617956,0.0,streaming,17A/F4C5FF58,17A/F4B59E10,17A/F4B59E10,8360,1081840,2005424,1081840,0.222446,0.222446,0.222446,-1047350.8622662044,True,123848056,reserved,1.4,37.0,0.0,6540804.505617956,0.0,15.988746933710978,5978424.315345073,286877.0925614259,1004.18,1
2026-09-13T22:17:09.054279+00:00,1789337829.0542796,F_lat_centralindia_rep1,r3-pub,F01,load,16,1,1000,6,207.0,2314556801,22057615,809308253783,61127,1789156079.537691,6001558.393999999,192964.18600000002,90335479,89338889,432879533,8277,22686,16055216,4877258724,11084516.811,797101.052,17A/F530E000,17A/F53C1568,8,1.0008594989776611,6278787,6273395.023390931,5.982775710478717,4060,4056.513430853313,4058,4054.51514837506,0.0,0.0,6989960.1364088645,0.0,streaming,17A/F530BFC8,17A/F5201FF8,17A/F51FE5E0,8248,1097736,1514672,1112608,0.210242,0.225540,0.210242,30741.577645442052,True,130844024,reserved,6.9,37.0,0.0,15404104.188198458,0.0,27.97595469554009,6369061.797896048,252796.721476335,1004.18,1
2026-09-13T22:17:10.054319+00:00,1789337830.0543191,F_lat_centralindia_rep1,r3-pub,F01,load,16,1,1000,6,207.0,2314581376,22057615,809314535740,61127,1789156079.537691,6001598.7809999995,192964.18600000002,90339539,89338889,432883590,8277,22686,16055216,4877304867,11084516.811,797111.099,17A/F5936000,17A/F59C6270,2,1.0000395774841309,6281957,6281708.385786047,5.990703950677917,4060,4059.839321773669,4057,4056.839440501422,0.0,0.0,6455040.525736028,0.0,streaming,17A/F5933CC0,17A/F582BEB8,17A/F582B358,9024,1089864,1547232,1092776,0.226208,0.265965,0.226208,-19831.215130397883,True,137299320,reserved,5.2,37.2,0.0,8527534.501638586,0.0,72.99711095799947,6481668.471868913,272109.230601244,1004.17,1
2026-09-13T22:17:11.057763+00:00,1789337831.056735,F_lat_centralindia_rep1,r3-pub,F01,load,16,1,1000,6,207.0,2314606005,22057615,809320836892,61127,1789156079.537691,6001641.64,192964.18600000002,90343607,89338889,432887654,8277,22686,16055216,4877350208,11084516.811,797121.452,17A/F5F6A000,17A/F5FCA6F8,2,1.0024158954620361,6301152,6285965.7638366325,5.994764102779992,4068,4058.195823126854,4064,4054.2054634187643,0.0,0.0,6488771.805640565,0.0,streaming,17A/F5F65E70,17A/F5E5FEA8,17A/F5E5E830,16784,1089880,1863696,1095632,0.225714,0.225714,0.225714,2849.1168315757855,True,143803768,reserved,10.2,37.2,0.0,9018085.24877124,0.0,34.91564744578168,6539238.882458698,271471.15407080663,1004.17,1
2026-09-13T22:17:12.057437+00:00,1789337832.0574374,F_lat_centralindia_rep1,r3-pub,F01,load,16,1,1000,6,207.0,2314671362,22057617,809329656382,61127,1789156079.537691,6001681.547,192964.18600000002,90347678,89338889,432891767,8290,22737,16055216,4877508188,11084516.811,797132.317,17A/F6530000,17A/F65F0AE0,1,1.0007023811340332,8819490,8813299.704558937,8.40501757102865,4071,4068.142613377807,4113,4110.113134075883,12.990875454166419,50.96420370480672,6049638.847805587,0.0,streaming,17A/F652DFE0,17A/F6423FE8,17A/F6423FE8,8224,1097752,1793568,1097752,0.226768,0.226768,0.226768,2118.5119971409854,True,149857656,reserved,9.9,37.1,0.0,6074197.598202633,0.0,15.988769789743284,5986611.117294419,247287.31005872894,1004.16,1
2026-09-13T22:17:13.057797+00:00,1789337833.0577977,F_lat_centralindia_rep1,r3-pub,F01,load,16,1,1000,6,207.0,2314695949,22057617,809335938310,61127,1789156079.537691,6001717.966,192964.18600000002,90351734,89338889,432895823,8290,22737,16055216,4877553262,11084516.811,797141.642,17A/F6B63B48,17A/F6BF36C0,1,1.0003602504730225,6281928,6279665.747444061,5.9887559389534575,4056,4054.539350281173,4056,4054.539350281173,0.0,0.0,6500898.048402992,0.0,streaming,17A/F6B61BC0,17A/F6A57F20,17A/F6A57998,8072,1096744,2116536,1098160,0.219499,0.219499,0.219499,407.85307073834286,True,156360896,reserved,4.5,37.1,0.0,14936827.001007432,0.0,28.989556498558684,6582460.665431626,260192.26561323606,1004.15,1
2026-09-13T22:17:14.058643+00:00,1789337834.0586438,F_lat_centralindia_rep1,r3-pub,F01,load,16,1,1000,6,207.0,2314720004,22057617,809342069585,61127,1789156079.537691,6001757.113,192964.18600000002,90355700,89338889,432899783,8290,22737,16055216,4877597116,11084516.811,797149.84,17A/F7108000,17A/F71A7410,1,1.0008461475372314,6131275,6126091.422829718,5.842296049909323,3966,3962.6470159865053,3960,3956.6520885795667,0.0,0.0,5910830.565274201,0.0,streaming,17A/F7105DA0,17A/F6F85F08,17A/F6F85DF8,8800,1581304,1844000,1581576,0.226485,0.244288,0.226485,483007.3045587828,True,162276728,reserved,4.8,37.0,0.0,14385267.940959344,0.0,25.978018763401195,5977023.556237915,218242.33478590127,1004.15,1
2026-09-13T22:17:15.059010+00:00,1789337835.0589786,F_lat_centralindia_rep1,r3-pub,F01,load,16,1,1000,6,207.0,2314743232,22057617,809347993909,61127,1789156079.537691,6001790.723,192964.18600000002,90359532,89338889,432903612,8290,22737,16055216,4877639661,11084516.811,797157.843,17A/F7642000,17A/F7751D20,1,1.0003347396850586,5924324,5922341.557252316,5.647985036136928,3832,3830.71770676129,3829,3827.718710644306,0.0,0.0,5478614.090444807,0.0,streaming,17A/F763FBB0,17A/F752DC48,17A/F752DC48,9296,1131448,1178448,1131448,0.224169,0.257069,0.224169,-449977.3747153043,True,167757176,reserved,3.1,37.0,0.0,16218826.914986458,0.0,52.98226473338946,5745869.629409864,231096.64278257685,1004.14,1
2026-09-13T22:17:16.059715+00:00,1789337836.0597155,F_lat_centralindia_rep1,r3-pub,F01,load,16,1,1000,6,207.0,2314766258,22057617,809353870466,61127,1789156079.537691,6001833.222,192964.18600000002,90363329,89338889,432907406,8290,22737,16055216,4877681700,11084516.811,797165.969,17A/F7C74000,17A/F7CE5350,1,1.000736951828003,5876557,5872229.449772538,5.6001944062924744,3797,3794.203854533586,3794,3791.2060637609757,0.0,0.0,6491472.097771117,0.0,streaming,17A/F7C71CC8,17A/F7B67FF8,17A/F7B679D8,9016,1097736,1473808,1099304,0.225852,0.262733,0.225852,-32120.328864926938,True,174253432,reserved,7.0,37.0,0.0,5500970.0500658145,0.0,19.98527181740103,6365572.879430218,258226.6993618661,1004.14,1
2026-09-13T22:17:17.060151+00:00,1789337837.0601516,F_lat_centralindia_rep1,r3-pub,F01,load,16,1,1000,6,207.0,2314789076,22057617,809359697247,61127,1789156079.537691,6001872.433999999,192964.18600000002,90367096,89338889,432911170,8290,22737,16055216,4877723738,11084516.811,797174.506,17A/F821A000,17A/F8273978,1,1.0004360675811768,5826781,5824241.237211499,5.554429280482768,3767,3765.3580494231237,3764,3762.359357055651,0.0,0.0,5920234.377714911,0.0,streaming,17A/F820DFD0,17A/F810BFE8,17A/F810BFE8,49200,1105944,2285624,1105944,0.225893,0.225893,0.225893,6637.1057733394055,True,180176248,reserved,3.9,37.0,0.0,14313374.401446285,0.0,21.990410694799234,5943119.398299339,233467.19252607104,1004.13,1
2026-09-13T22:17:18.060799+00:00,1789337838.0607998,F_lat_centralindia_rep1,r3-pub,F01,load,16,1,1000,6,207.0,2314811918,22057617,809365534304,61127,1789156079.537691,6001905.973,192964.18600000002,90370870,89338889,432914941,8290,22737,16055216,4877765803,11084516.811,797182.963,17A/F8748000,17A/F88120C0,1,1.0006482601165771,5837057,5833275.520131293,5.563045044070523,3774,3771.555051282778,3771,3768.556994803221,0.0,0.0,5427777.388397443,0.0,streaming,17A/F8745FF0,17A/F8637EA8,17A/F8637EA8,8208,1114456,1368008,1114456,0.062016,0.062016,0.062016,8506.485584663224,True,185607544,reserved,3.9,37.0,0.0,13819137.604245676,0.0,21.985747516751754,5540276.459736342,214984.63403607748,1004.13,1
2026-09-13T22:17:19.061295+00:00,1789337839.061295,F_lat_centralindia_rep1,r3-pub,F01,load,16,1,1000,6,207.0,2314834966,22057618,809371427817,61127,1789156079.537691,6001948.2639999995,192964.18600000002,90374680,89338889,432918747,8290,22737,16055216,4877807882,11084516.811,797190.547,17A/F8D9A000,17A/F8DB05A8,1,1.000495195388794,5893513,5890596.004021561,5.61771011736065,3810,3808.1142393886544,3806,3804.116219189821,0.0,0.0,6624047.802073263,0.0,streaming,17A/F8D86F60,17A/F8B7DFF8,17A/F8B7D520,77984,2211848,2837664,2214624,0.226030,0.246806,0.226030,1099623.47152749,True,192234872,reserved,3.5,37.0,0.0,6673175.474276525,0.0,21.98911109358278,6708670.897106817,214228.91482923023,1004.12,1
2026-09-13T22:17:20.062116+00:00,1789337840.0621166,F_lat_centralindia_rep1,r3-pub,F01,load,16,1,1000,6,207.0,2314858246,22057618,809377373658,61127,1789156079.537691,6001986.274999999,192964.18600000002,90378525,89338889,432922589,8290,22737,16055216,4877850795,11084516.811,797198.388,17A/F9316000,17A/F9373548,1,1.000821590423584,5945841,5940959.964186529,5.665740932642487,3845,3841.8435781073194,3842,3838.84604085522,0.0,0.0,5746063.089592282,0.0,streaming,17A/F9313FE0,17A/F91FFFE0,17A/F91FFA48,8224,1138720,1149928,1140152,0.227488,0.227488,0.227488,-1073589.948779227,True,103003680,reserved,4.4,37.0,0.0,14164618.485098923,0.0,28.976193436960276,5816516.205986541,279547.3265935322,1004.12,1
2026-09-13T22:17:21.062766+00:00,1789337841.0627668,F_lat_centralindia_rep1,r3-pub,F01,load,16,1,1000,6,207.0,2314881901,22057618,809383406181,61127,1789156079.537691,6002026.039,192964.18600000002,90382432,89338889,432926494,8290,22737,16055216,4877894008,11084516.811,797206.297,17A/F9938000,17A/F9939C10,1,1.00065016746521,6032523,6028603.39820983,5.749324224672155,3907,3904.461446198515,3905,3902.462745688559,0.0,0.0,6426541.67169125,0.0,streaming,17A/F9841C88,17A/F9724000,17A/F97239E8,1015688,2186256,2427792,2187816,0.225175,0.266452,0.225175,1046983.285531129,True,109441584,reserved,2.7,37.0,0.0,14019684.85703346,0.0,25.983106629424466,5680539.697903589,218767.76431720424,1004.11,1
2026-09-13T22:17:22.063621+00:00,1789337842.0636115,F_lat_centralindia_rep1,r3-pub,F01,load,16,1,1000,6,207.0,2314905938,22057618,809389536687,61127,1789156079.537691,6002060.651,192964.18600000002,90386394,89338889,432930453,8290,22737,16055216,4877938181,11084516.811,797214.728,17A/F9E54000,17A/F9F29500,1,1.0008447170257568,6130506,6125331.827916549,5.84157164374976,3962,3958.6560558305246,3959,3955.658587842768,0.0,0.0,5353046.190743017,0.0,streaming,17A/F9E51D10,17A/F9D4BFE0,17A/F9D4BA98,8944,1081376,1603144,1082728,0.225174,0.225174,0.225174,-1104155.3012179816,True,114791968,reserved,7.8,37.0,0.0,13755036.886152353,0.0,23.979743902052647,6238649.106881694,264071.9339413752,1004.11,1
2026-09-13T22:17:23.063984+00:00,1789337843.0639634,F_lat_centralindia_rep1,r3-pub,F01,load,16,1,1000,6,207.0,2314930360,22057618,809395765966,61127,1789156079.537691,6002109.316,192964.18600000002,90390418,89338889,432934474,8290,22737,16055216,4877982719,11084516.811,797223.517,17A/FA51C000,17A/FA51CB00,1,1.000351905822754,6229279,6227087.651596604,5.938613559338192,4024,4022.5844291168746,4021,4019.5854844629603,0.0,0.0,7108154.599007574,0.0,streaming,17A/FA48A200,17A/FA30FCD0,17A/FA30FCD0,597504,2147120,2956672,2147120,0.210313,0.339297,0.210313,1064017.566023004,True,121902624,reserved,2.1,37.0,0.0,7116343.717209196,0.0,22.991909013341978,7044437.021594078,248210.65322586027,1004.1,1
2026-09-13T22:17:24.064523+00:00,1789337844.0645237,F_lat_centralindia_rep1,r3-pub,F01,load,16,1,1000,6,207.0,2314954983,22057618,809402051761,61127,1789156079.537691,6002141.444,192964.18600000002,90394475,89338889,432938528,8290,22737,16055216,4878027664,11084516.811,797232.606,17A/FAA58000,17A/FAB315A0,1,1.0005602836608887,6285795,6282275.143883675,5.99124445331924,4057,4054.728202039053,4054,4051.7298819488096,0.0,0.0,5485566.52670437,0.0,streaming,17A/FAA55E18,17A/FA947FC0,17A/FA947FC0,8680,1114176,1228808,1114176,0.226907,0.226907,0.226907,-1032365.5824320995,True,127391264,reserved,1.8,37.0,0.0,15633864.601107454,0.0,41.97648126340651,5680435.344889523,268793.3994501334,1004.1,1
2026-09-13T22:17:25.065261+00:00,1789337845.065227,F_lat_centralindia_rep1,r3-pub,F01,load,16,1,1000,6,207.0,2314979914,22057619,809408426493,61127,1789156079.537691,6002187.641,192964.18600000002,90398587,89338889,432942640,8290,22737,16055216,4878073019,11084516.811,797241.617,17A/FB114000,17A/FB144E68,1,1.0007033348083496,6374732,6370251.580325613,6.0751453212028625,4112,4109.109919961956,4112,4109.109919961956,0.0,0.0,7056540.889166107,0.0,streaming,17A/FB103FF8,17A/FAF8DFA8,17A/FAF8DA20,65544,1597528,2129632,1598944,0.225873,0.262697,0.225873,484427.28542804415,True,134452768,reserved,6.6,37.0,0.0,15471998.005248193,0.0,24.98242898809555,7084009.569487098,275082.52488507965,1004.09,1
2026-09-13T22:17:26.065769+00:00,1789337846.0657692,F_lat_centralindia_rep1,r3-pub,F01,load,16,1,1000,6,207.0,2315004864,22057619,809414796357,61127,1789156079.537691,6002229.859999999,192964.18600000002,90402712,89338889,432946759,8290,22737,16055216,4878118851,11084516.811,797249.905,17A/FB74A000,17A/FB761C80,1,1.000542163848877,6369864,6366412.361370621,6.071483956690427,4125,4122.764785975621,4119,4116.7680371960205,0.0,0.0,6509110.995330005,0.0,streaming,17A/FB747FE8,17A/FB52BFF8,17A/FB52BFF8,8216,2220040,2463928,2220040,0.226547,0.266104,0.226547,620759.4466691671,True,140965408,reserved,3.3,37.0,0.0,13480819.187183462,0.0,23.986995118403613,6653145.904809109,231984.22653886094,1004.09,1
2026-09-13T22:17:27.066034+00:00,1789337847.0660338,F_lat_centralindia_rep1,r3-pub,F01,load,16,1,1000,6,207.0,2315029938,22057619,809421196506,61127,1789156079.537691,6002262.036,192964.18600000002,90406853,89338889,432950897,8290,22737,16055216,4878164549,11084516.811,797258.358,17A/FBC8C000,17A/FBD81DD8,1,1.0002646446228027,6400149,6398455.683109224,6.102042849644874,4141,4139.904396562532,4138,4136.905190286346,0.0,0.0,5511757.343056967,0.0,streaming,17A/FBC89FC0,17A/FBB7DDB8,17A/FBB7DDB8,8256,1106504,1779880,1106504,0.226277,0.226277,0.226277,-1113241.386653141,True,146478624,reserved,4.3,37.0,0.0,7002306.877137751,0.0,13.996295955536212,5583361.393430064,267817.1236383346,1004.08,1
2026-09-13T22:17:28.066527+00:00,1789337848.0665278,F_lat_centralindia_rep1,r3-pub,F01,load,16,1,1000,6,207.0,2315055032,22057619,809427599542,61127,1789156079.537691,6002329.647,192964.18600000002,90410996,89338889,432955037,8290,22737,16055216,4878210536,11084516.811,797267.23,17A/FC310000,17A/FC3A2918,1,1.0004940032958984,6403036,6399874.440932843,6.10339588254246,4143,4140.954354900514,4140,4137.955836178646,0.0,0.0,6828754.572734187,0.0,streaming,17A/FC30DD90,17A/FC209C10,17A/FC209C10,8816,1074160,1418888,1074160,0.210193,0.259590,0.210193,-32328.029846705824,True,153310752,reserved,2.3,37.0,0.0,16117989.65998471,0.0,30.984693459308698,6908619.1193849165,295049.2447006655,1004.08,1
2026-09-13T22:17:29.066737+00:00,1789337849.0667374,F_lat_centralindia_rep1,r3-pub,F01,load,16,1,1000,6,207.0,2315080171,22057619,809434017859,61127,1789156079.537691,6002375.3549999995,192964.18600000002,90415141,89338889,432959179,8290,22737,16055216,4878256420,11084516.811,797276.937,17A/FC949F10,17A/FC9C38B8,1,1.0002095699310303,6418317,6416972.195579549,6.11970157201724,4145,4144.131514644296,4142,4141.132143222358,0.0,0.0,6527416.049868623,0.0,streaming,17A/FC947FD8,17A/FC839D20,17A/FC839798,7992,1114608,1755152,1116024,0.226455,0.226455,0.226455,41855.22840267039,True,159839536,reserved,6.6,37.0,0.0,14922696.65149196,0.0,21.995390427545114,6600366.761592998,264349.600272503,1004.07,1
2026-09-13T22:17:30.067484+00:00,1789337850.0674844,F_lat_centralindia_rep1,r3-pub,F01,load,16,1,1000,6,207.0,2315105253,22057619,809440414269,61127,1789156079.537691,6002415.773,192964.18600000002,90419272,89338889,432963306,8290,22737,16055216,4878302248,11084516.811,797285.147,17A/FCF96000,17A/FCFE2758,1,1.0007469654083252,6396410,6391635.669252451,6.095538777592135,4131,4127.916589099491,4127,4123.91957473096,0.0,0.0,6598063.474822374,0.0,streaming,17A/FCF93DC8,17A/FCD79D00,17A/FCD785B0,8760,2212608,3182472,2218576,0.227127,0.227127,0.227127,1101729.0465129078,True,166442528,reserved,8.2,37.0,0.0,6606009.539387012,0.0,14.988803881987984,6662461.371820947,266123.21516392025,1004.06,1
2026-09-13T22:17:31.068032+00:00,1789337851.0680325,F_lat_centralindia_rep1,r3-pub,F01,load,16,1,1000,6,207.0,2315130234,22057620,809446790211,61127,1789156079.537691,6002453.231,192964.18600000002,90423391,89338889,432967422,8290,22737,16055216,4878347699,11084516.811,797293.245,17A/FD534000,17A/FD5FD438,2,1.0005481243133545,6375942,6372449.105709546,6.077241044721171,4119,4116.743512788796,4116,4113.745156260909,0.0,0.0,5886821.290122511,0.0,streaming,17A/FD531FF0,17A/FD425FD0,17A/FD425AC8,8208,1105968,1910376,1107256,0.226212,0.226212,0.226212,-1110711.1921904455,True,172332576,reserved,3.3,37.0,0.0,14426396.54130162,0.0,28.98411310290728,5953762.597964115,235038.1698645309,1004.06,1
2026-09-13T22:17:32.068896+00:00,1789337852.0688963,F_lat_centralindia_rep1,r3-pub,F01,load,16,1,1000,6,207.0,2315155138,22057620,809453141671,61127,1789156079.537691,6002495.058,192964.18600000002,90427492,89338889,432971520,8290,22737,16055216,4878392856,11084516.811,797301.386,17A/FDB76000,17A/FDC0E340,3,1.000863790512085,6351460,6345978.404064673,6.051996616425202,4101,4097.460652364845,4098,4094.463241499912,0.0,0.0,6556128.878079109,0.0,streaming,17A/FDB73FD0,17A/FDA69E68,17A/FDA69E68,8240,1098136,1251672,1098136,0.225831,0.265641,0.225831,-9112.129029399512,True,178894368,reserved,5.4,37.0,0.0,14945682.06163852,0.0,20.981876054538347,6634961.782963829,262592.1753703673,1004.05,1
2026-09-13T22:17:33.069765+00:00,1789337853.069257,F_lat_centralindia_rep1,r3-pub,F01,load,16,1,1000,6,207.0,2315179924,22057620,809459482354,61127,1789156079.537691,6002540.782,192964.18600000002,90431578,89338889,432975603,8290,22737,16055216,4878438035,11084516.811,797309.842,17A/FE21A000,17A/FE227148,3,1.0003607273101807,6340683,6338396.5672554355,6.044766013389049,4086,4084.5265997063266,4083,4081.5276814980252,0.0,0.0,6960689.089347796,0.0,streaming,17A/FE1FFB88,17A/FDFFFB48,17A/FDFFFB48,107640,2204856,3086248,2204856,0.216228,0.216228,0.216228,1106320.919830393,True,185857568,reserved,6.9,37.0,0.0,15362650.27248996,0.0,25.99062447194432,7013762.944158909,229651.15855529447,1004.05,1
2026-09-13T22:17:34.069870+00:00,1789337854.0693545,F_lat_centralindia_rep1,r3-pub,F01,load,16,1,1000,6,207.0,2315204599,22057620,809465797184,61127,1789156079.537691,6002578.443,192964.18600000002,90435652,89338889,432979675,8290,22737,16055216,4878483197,11084516.811,797318.581,17A/FE744000,17A/FE832388,3,1.0000975131988525,6314830,6314214.280767242,6.021703987853281,4074,4073.6027699630463,4072,4071.6029649704283,0.0,0.0,5414384.0260938,0.0,streaming,17A/FE742000,17A/FE63BFF0,17A/FE63BFA8,8192,1081360,1439120,1081432,0.054388,0.054388,0.054388,-1123314.4620134917,True,191272480,reserved,5.2,37.0,0.0,5455340.032342618,0.0,18.998147429871842,5478405.783127475,257140.92536581168,1004.04,1
2026-09-13T22:17:35.072169+00:00,1789337855.0721695,F_lat_centralindia_rep1,r3-pub,F01,load,16,1,1000,6,207.0,2315229236,22057620,809472081392,61127,1789156079.537691,6002617.807,192964.18600000002,90439718,89338889,432983738,8290,22737,16055216,4878528222,11084516.811,797326.788,17A/FED76000,17A/FEE37108,1,1.0028150081634521,6284208,6266567.561158515,5.976264535101428,4066,4054.5863064479277,4063,4051.594727766338,0.0,0.0,6478020.319916426,0.0,streaming,17A/FED73FE8,17A/FEC6BF68,17A/FEC6B3C8,8216,1089688,1738584,1092664,0.050926,0.050926,0.050926,11200.470583871895,True,102547400,reserved,4.7,37.0,0.0,14867587.619480323,0.0,29.915786815897157,6557568.391445684,261475.9430856675,1004.04,1
2026-09-13T22:17:36.072723+00:00,1789337856.0727232,F_lat_centralindia_rep1,r3-pub,F01,load,16,1,1000,6,207.0,2315253815,22057621,809478368269,61127,1789156079.537691,6002731.036,192964.18600000002,90443771,89338889,432987788,8290,22737,16055216,4878572760,11084516.811,797334.621,17A/FF420000,17A/FF4396A8,1,1.0005536079406738,6286877,6283398.460717729,5.992315731733064,4053,4050.757468499695,4050,4047.75912840458,0.0,0.0,6983909.652159615,0.0,streaming,17A/FF33D2A0,17A/FF205FF0,17A/FF205B28,929120,2203664,2405448,2204888,0.226144,0.226144,0.226144,1111608.6046495447,True,109535176,reserved,4.7,37.0,0.0,14782472.305948636,0.0,24.986167459287532,6284692.74419212,231861.63955520457,1004.03,1
2026-09-13T22:17:37.073244+00:00,1789337857.0732439,F_lat_centralindia_rep1,r3-pub,F01,load,16,1,1000,6,207.0,2315278365,22057621,809484633151,61127,1789156079.537691,6002768.18,192964.18600000002,90447819,89338889,432991833,8290,22737,16055216,4878617257,11084516.811,797342.578,17A/FF946000,17A/FFA35048,1,1.0005207061767578,6264882,6261621.534990211,5.971547636976443,4048,4045.893278379445,4045,4042.8948396849937,0.0,0.0,5395718.416092695,0.0,streaming,17A/FF943D78,17A/FF839F40,17A/FF839F40,8840,1097920,1617368,1097920,0.226491,0.226491,0.226491,-1106391.8949064075,True,114933704,reserved,8.1,37.0,0.0,7323930.384210797,0.0,71.96252866682808,6222851.722670957,263343.8752175629,1004.03,1
2026-09-13T22:17:38.073629+00:00,1789337858.0736296,F_lat_centralindia_rep1,r3-pub,F01,load,16,1,1000,6,207.0,2315302955,22057621,809490900518,61127,1789156079.537691,6002811.0,192964.18600000002,90451867,89338889,432995878,8290,22737,16055216,4878661775,11084516.811,797350.492,17A/FFF74000,17B/336F8,1,1.0003857612609863,6267367,6264950.224901225,5.974722123051858,4048,4046.4390405732042,4045,4043.440197410724,0.0,0.0,6477373.280315506,0.0,streaming,17A/FFF71FF8,17A/FFE69B78,17A/FFE69B78,8200,1090696,1944272,1090696,0.225621,0.225621,0.225621,-7221.214335252181,True,121413576,reserved,4.3,37.0,0.0,6493750.962440198,0.0,15.993830199894088,6542517.150334062,258809.16145152366,1004.02,1
2026-09-13T22:17:39.073894+00:00,1789337859.073895,F_lat_centralindia_rep1,r3-pub,F01,load,16,1,1000,6,207.0,2315327492,22057621,809497163154,61127,1789156079.537691,6002848.743,192964.18600000002,90455907,89338889,432999915,8290,22737,16055216,4878706443,11084516.811,797358.849,17B/52A000,17B/634370,1,1.00026535987854,6262636,6260974.588543641,5.97093066076626,4040,4038.928230495324,4037,4035.929026363768,0.0,0.0,5986763.353203746,0.0,streaming,17B/528188,17B/41FEF8,17B/41FEF8,1080952,2162952,2826632,2162952,0.210438,0.220127,0.210438,1071971.5417618796,True,128475080,reserved,4.1,37.0,0.0,17092168.424262952,0.0,42.98859255230171,6306868.410164711,234948.65405369716,1004.02,1
2026-09-13T22:17:40.074746+00:00,1789337860.0747464,F_lat_centralindia_rep1,r3-pub,F01,load,16,1,1000,6,207.0,2315352076,22057621,809503440337,61127,1789156079.537691,6002889.293,192964.18600000002,90459956,89338889,433003961,8290,22737,16055216,4878751334,11084516.811,797367.25,17B/B578C8,17B/C2FC58,1,1.0008513927459717,6277183,6271843.198197183,5.981295774647887,4049,4045.5556432718936,4046,4042.5581952773723,0.0,0.0,6472513.349086383,0.0,streaming,17B/B56000,17B/A4DD88,17B/A4DD88,6344,1088320,2060992,1088320,0.226154,0.226154,0.226154,-1073717.8444160437,True,133879952,reserved,3.7,37.0,0.0,14422025.192368995,0.0,20.982135961647263,6283145.57543519,262440.56001095794,1004.01,1
2026-09-13T22:17:41.075476+00:00,1789337861.0754764,F_lat_centralindia_rep1,r3-pub,F01,load,16,1,1000,6,207.0,2315376622,22057621,809509708909,61127,1789156079.537691,6002933.379,192964.18600000002,90464004,89338889,433008006,8290,22737,16055216,4878796122,11084516.811,797375.029,17B/1216000,17B/122EBE8,1,1.000730037689209,6268572,6263999.044612264,5.973815006840004,4048,4045.0469632621985,4045,4042.049151777567,0.0,0.0,7066385.272424659,0.0,streaming,17B/1211B98,17B/FFFB90,17B/FFFB90,17512,2188400,2189984,2188400,0.225815,0.261108,0.225815,1099277.4860043179,True,140951496,reserved,3.3,37.0,0.0,7150491.871437469,0.0,19.985409897540507,7128107.213081728,231427.04953153955,1004.01,1
2026-09-13T22:17:42.076120+00:00,1789337862.0761204,F_lat_centralindia_rep1,r3-pub,F01,load,16,1,1000,6,207.0,2315401196,22057621,809515987758,61127,1789156079.537691,6002966.7979999995,192964.18600000002,90468058,89338889,433012057,8290,22737,16055216,4878840679,11084516.811,797383.784,17B/1741CC8,17B/1832470,1,1.0006439685821533,6278849,6274808.220646866,5.9841234404057175,4054,4051.391031461721,4051,4048.3929621241814,0.0,0.0,5418790.469184574,0.0,streaming,17B/173FE80,17B/1635DF0,17B/1635DF0,7752,1097432,1404416,1097432,0.226660,0.265177,0.226660,-1090265.903012267,True,146373776,reserved,4.6,37.0,0.0,13884690.695419233,0.0,25.983267592009064,5472785.69795366,257809.97847369732,1004.0,1
2026-09-13T22:17:43.076393+00:00,1789337863.076393,F_lat_centralindia_rep1,r3-pub,F01,load,16,1,1000,6,207.0,2315425724,22057622,809522268040,61127,1789156079.537691,6003011.5,192964.18600000002,90472103,89338889,433016099,8290,22737,16055216,4878885268,11084516.811,797392.132,17B/1D70000,17B/1E30FB8,1,1.000272512435913,6280282,6278571.011319652,5.987711917228367,4045,4043.89798750884,4042,4040.898804823419,0.0,0.0,6478930.410891617,0.0,streaming,17B/1D6DD50,17B/1C65E58,17B/1C65380,8880,1089960,1705328,1092736,0.225975,0.225975,0.225975,-4694.72063024512,True,152854472,reserved,4.8,37.0,0.0,14880808.794547042,0.0,21.994006359751417,6548452.465267229,255093.48385332958,1003.99,1
2026-09-13T22:17:44.077081+00:00,1789337864.0770817,F_lat_centralindia_rep1,r3-pub,F01,load,16,1,1000,6,207.0,2315450329,22057622,809528549072,61127,1789156079.537691,6003053.319,192964.18600000002,90476156,89338889,433020149,8290,22737,16055216,4878929964,11084516.811,797401.09,17B/241C870,17B/24361F8,1,1.0006887912750244,6281032,6276708.65784061,5.985935838547334,4053,4050.2102505174294,4050,4047.212315468934,0.0,0.0,6993311.0683525875,0.0,streaming,17B/241BFC8,17B/2209E40,17B/2209E40,2216,2173488,2295496,2173488,0.218272,0.249495,0.218272,1080008.0998438718,True,159852600,reserved,5.2,37.0,32745.445223033585,15402638.796784421,0.9993116828318355,27.980727119291394,7062134.663260899,228580.55570758838,1003.99,1
2026-09-13T22:17:45.078279+00:00,1789337865.0782354,F_lat_centralindia_rep1,r3-pub,F01,load,16,1,1000,6,207.0,2315474964,22057622,809534838337,61127,1789156079.537691,6003086.521,192964.18600000002,90480209,89338889,433024199,8290,22737,16055216,4878974720,11084516.811,797409.189,17B/294C000,17B/2A3AF40,1,1.0011537075042725,6289265,6282017.389395884,5.990998639484295,4053,4048.3294119776347,4050,4045.3328691116258,0.0,0.0,5431062.142849624,0.0,streaming,17B/2947DC0,17B/283FBB0,17B/283F010,16960,1098832,1548176,1101808,0.226602,0.226602,0.226602,-1070445.0195480364,True,165289928,reserved,3.5,37.0,0.0,5449584.773152046,0.0,12.985019086037317,5455518.926874365,245539.71898361164,1003.98,1
2026-09-13T22:17:46.078491+00:00,1789337866.0784917,F_lat_centralindia_rep1,r3-pub,F01,load,16,1,1000,6,207.0,2315499681,22057622,809541146277,61127,1789156079.537691,6003125.39,192964.18600000002,90484276,89338889,433028263,8290,22737,16055216,4879019904,11084516.811,797417.382,17B/2F81378,17B/3042428,1,1.0002562999725342,6307940,6306323.689411612,6.01417893353616,4067,4065.95789510316,4064,4062.958663806059,0.0,0.0,6507764.060250099,0.0,streaming,17B/2F7FFC8,17B/2E75C08,17B/2E75630,5040,1095536,1886720,1097032,0.226752,0.226752,0.226752,-4774.776224984679,True,171799360,reserved,4.4,37.0,0.0,14897429.78915421,0.0,22.994106611107124,6584801.315603668,264970.0881736787,1003.98,1
2026-09-13T22:17:47.079038+00:00,1789337867.0790384,F_lat_centralindia_rep1,r3-pub,F01,load,16,1,1000,6,207.0,2315524399,22057622,809547451310,61127,1789156079.537691,6003169.7639999995,192964.18600000002,90488347,89338889,433032331,8290,22737,16055216,4879064773,11084516.811,797425.616,17B/362FCE8,17B/3648D08,1,1.0005466938018799,6305033,6301587.960919764,6.009662590904011,4071,4068.7756255842532,4068,4065.7772647695265,0.0,0.0,7002747.641268389,0.0,streaming,17B/362DE38,17B/341BFB8,17B/341B3D8,7856,2178352,2716472,2181392,0.226754,0.226754,0.226754,1083767.5110190471,True,178805936,reserved,7.2,37.0,0.0,15425295.086783888,0.0,27.984700937450032,7082265.169528549,243054.1238169879,1003.97,1
2026-09-13T22:17:48.080943+00:00,1789337868.0809436,F_lat_centralindia_rep1,r3-pub,F01,load,16,1,1000,6,207.0,2315549163,22057622,809553767855,61127,1789156079.537691,6003205.74,192964.18600000002,90492426,89338889,433036407,8290,22737,16055216,4879110337,11084516.811,797433.446,17B/3B62000,17B/3C55598,1,1.0019052028656006,6316545,6304533.584548444,6.012471756504482,4079,4071.2434553024004,4076,4068.24916004231,0.0,0.0,5438111.294777734,0.0,streaming,17B/3B5DD28,17B/3A53BF0,17B/3A536B0,17112,1106960,1990744,1108304,0.226641,0.226641,0.226641,-1071047.4373531607,True,184254408,reserved,2.9,37.0,0.0,5461850.067599729,0.0,13.973377880420104,5474840.3185364185,265013.0962895275,1003.97,1
2026-09-13T22:17:49.081501+00:00,1789337869.0815017,F_lat_centralindia_rep1,r3-pub,F01,load,16,1,1000,6,207.0,2315573863,22057623,809560084202,61127,1789156079.537691,6003270.029,192964.18600000002,90496495,89338889,433040473,8290,22737,16055216,4879155530,11084516.811,797441.854,17B/4214000,17B/425D910,1,1.0005581378936768,6316347,6312823.573947284,6.020377706477436,4069,4066.730203769916,4066,4063.7318772495646,0.0,0.0,7016627.7541645765,0.0,streaming,17B/4211FF8,17B/4078DD8,17B/4078DD8,8200,1684008,2179544,1684008,0.218058,0.285277,0.218058,575382.8570241228,True,191274952,reserved,4.8,37.0,0.0,15445587.232475465,0.0,29.98326520351376,7091886.74926757,279512.9932067163,1003.96,1
2026-09-13T22:17:50.082242+00:00,1789337870.0822427,F_lat_centralindia_rep1,r3-pub,F01,load,16,1,1000,6,207.0,2315598609,22057623,809566409155,61127,1789156079.537691,6003311.615999999,192964.18600000002,90500569,89338889,433044544,8290,22737,16055216,4879200542,11084516.811,797450.578,17B/48515D0,17B/48698A0,1,1.0007410049438477,6324953,6320269.648943682,6.027478836959536,4074,4070.9833811882177,4071,4067.9856025570043,0.0,0.0,6537955.342768353,0.0,streaming,17B/484FBB8,17B/463BEC8,17B/463BEC8,6680,2184968,2520072,2184968,0.093600,0.093600,0.093600,500589.06103094004,True,102946952,reserved,2.9,37.0,0.0,14959794.718154902,0.0,24.981488593447583,6595039.043463925,227375.51362029745,1003.96,1
2026-09-13T22:17:51.083017+00:00,1789337871.0830169,F_lat_centralindia_rep1,r3-pub,F01,load,16,1,1000,6,207.0,2315623273,22057623,809572713988,61127,1789156079.537691,6003344.154,192964.18600000002,90504636,89338889,433048608,8290,22737,16055216,4879245365,11084516.811,797458.727,17B/4D7E000,17B/4E75790,4,1.0007741451263428,6304833,6299955.91982849,6.0081061552319435,4067,4063.853987241608,4064,4060.856307880476,0.0,0.0,5421514.9606158445,0.0,streaming,17B/4D7BF88,17B/4C73C28,17B/4C73C28,8312,1090520,1415016,1090520,0.093456,0.093456,0.093456,-1093601.3938108196,True,108372664,reserved,3.5,37.0,0.0,13825584.990760565,0.0,18.985302620504193,5478107.150048207,267776.70197122084,1003.95,1
2026-09-13T22:17:52.083787+00:00,1789337872.0837877,F_lat_centralindia_rep1,r3-pub,F01,load,16,1,1000,6,207.0,2315648019,22057623,809579031917,61127,1789156079.537691,6003402.952,192964.18600000002,90508709,89338889,433052678,8290,22737,16055216,4879290699,11084516.811,797466.524,17B/541A000,17B/5482D20,3,1.0007708072662354,6317929,6313062.845286652,6.020605893408444,4073,4069.862920088614,4070,4066.8652307293537,0.0,0.0,6925094.087158255,0.0,streaming,17B/5417FB8,17B/530FFC8,17B/530FA40,8264,1089592,2166536,1091008,0.055164,0.055164,0.055164,487.62413577295445,True,115303096,reserved,6.4,37.0,0.0,7019229.526877309,0.0,25.979974446919705,6976719.294073644,279828.3063081993,1003.95,1
2026-09-13T22:17:53.084192+00:00,1789337873.0841928,F_lat_centralindia_rep1,r3-pub,F01,load,16,1,1000,6,207.0,2315672716,22057623,809585339138,61127,1789156079.537691,6003447.1389999995,192964.18600000002,90512773,89338889,433056739,8290,22737,16055216,4879335409,11084516.811,797475.173,17B/5A56000,17B/5A93760,2,1.0004050731658936,6307221,6304667.148518245,6.0125991330320785,4064,4062.354449222272,4061,4059.355663949716,0.0,0.0,6534569.021438736,0.0,streaming,17B/5A53DC8,17B/583DFF0,17B/583D490,8760,2195472,2487608,2198384,0.225913,0.265375,0.225913,1106927.6133272545,True,121840312,reserved,7.9,37.0,0.0,14534912.297059845,0.0,21.99109199874261,6577587.59576864,235311.68155218192,1003.94,1
2026-09-13T22:17:54.085009+00:00,1789337874.0844846,F_lat_centralindia_rep1,r3-pub,F01,load,16,1,1000,6,207.0,2315697337,22057623,809591631417,61127,1789156079.537691,6003489.562,192964.18600000002,90516826,89338889,433060789,8290,22737,16055216,4879379643,11084516.811,797485.338,17B/6088000,17B/60A19F8,1,1.0002918243408203,6292279,6290443.295531814,5.999034209758581,4053,4051.817581005299,4050,4048.8184562229117,0.0,0.0,6494360.787444155,0.0,streaming,17B/5FFFFF0,17B/5E73EB0,17B/5E73420,557072,2179408,2831008,2182112,0.225962,0.269262,0.225962,-16267.252819668944,True,128336568,reserved,6.2,37.0,0.0,8119998.386823303,0.0,41.987746953422786,6005950.317507594,269465.3634479379,1003.94,1
2026-09-13T22:17:55.088030+00:00,1789337875.08803,F_lat_centralindia_rep1,r3-pub,F01,load,16,1,1000,6,207.0,2315722052,22057624,809597952914,61127,1789156079.537691,6003538.348,192964.18600000002,90520889,89338889,433064849,8290,22737,16055216,4879424359,11084516.811,797495.061,17B/6630000,17B/66AA3F8,1,1.0035455226898193,6321497,6299163.174039569,6.00735013393361,4063,4048.645435744534,4060,4045.656034733647,0.0,0.0,5910053.770259493,0.0,streaming,17B/662BF50,17B/651DFE8,17B/651DB20,16560,1122328,2560440,1123552,0.210167,0.269548,0.210167,-1054820.11136149,True,134267576,reserved,9.4,37.0,0.0,8538558.347640095,0.0,33.879878123385225,6498052.0091618905,315506.3650240249,1003.93,1
2026-09-13T22:17:56.088538+00:00,1789337876.0885382,F_lat_centralindia_rep1,r3-pub,F01,load,16,1,1000,6,207.0,2315746640,22057624,809604233097,61127,1789156079.537691,6003577.323,192964.18600000002,90524938,89338889,433068895,8290,22737,16055216,4879469317,11084516.811,797503.572,17B/6C64000,17B/6CAD098,1,1.0005080699920654,6280183,6276993.84778556,5.986207816873131,4049,4046.943869260456,4046,4043.9453926964197,0.0,0.0,6501144.963330065,0.0,streaming,17B/6C5DFF0,17B/6A51D60,17B/6A51D60,24592,2171552,2857976,2171552,0.226804,0.226804,0.226804,1047467.8130365417,True,140772024,reserved,2.7,37.0,0.0,6509332.8033342585,0.0,15.991875008191476,6550418.928706867,254162.8674739392,1003.92,1
2026-09-13T22:17:57.089174+00:00,1789337877.0891743,F_lat_centralindia_rep1,r3-pub,F01,load,16,1,1000,6,207.0,2315771291,22057624,809610533381,61127,1789156079.537691,6003616.8319999995,192964.18600000002,90528997,89338889,433072951,8290,22737,16055216,4879514424,11084516.811,797511.473,17B/721E000,17B/72AE2D8,1,1.000636100769043,6300284,6296278.932129163,6.0045995065013535,4059,4056.4197083039867,4056,4053.421615393193,0.0,0.0,6000918.810929404,0.0,streaming,17B/721BF80,17B/7113FF0,17B/7113F70,8320,1089552,1714224,1089680,0.226330,0.226330,0.226330,-1081184.257862097,True,146776760,reserved,5.0,37.0,0.0,14515182.881006593,0.0,33.97838632232953,6071815.713355248,259320.04631910817,1003.92,1
2026-09-13T22:17:58.089676+00:00,1789337878.0896764,F_lat_centralindia_rep1,r3-pub,F01,load,16,1,1000,6,207.0,2315795862,22057624,809616810716,61127,1789156079.537691,6003655.558,192964.18600000002,90533046,89338889,433076997,8290,22737,16055216,4879559475,11084516.811,797519.396,17B/784C000,17B/78ACFA8,1,1.000502109527588,6277335,6274184.672098294,5.983528778169912,4049,4046.9679788199915,4046,4043.969484392612,0.0,0.0,6476620.027377687,0.0,streaming,17B/7849E68,17B/7741B88,17B/77415B8,8600,1090680,2012960,1092168,0.225536,0.225536,0.225536,2486.751378440143,True,153256632,reserved,4.6,37.0,0.0,14861018.141201647,0.0,22.988457276576884,6545067.659169624,259526.68917670104,1003.91,1
2026-09-13T22:17:59.090250+00:00,1789337879.0902507,F_lat_centralindia_rep1,r3-pub,F01,load,16,1,1000,6,207.0,2315820422,22057624,809623078445,61127,1789156079.537691,6003698.075,192964.18600000002,90537094,89338889,433081042,8290,22737,16055216,4879603965,11084516.811,797528.018,17B/7E7C000,17B/7EADDB8,1,1.0005743503570557,6267729,6264131.194012076,5.973941034328533,4048,4045.676364335612,4045,4042.6780863976164,0.0,0.0,6484339.717168175,0.0,streaming,17B/7E77FE0,17B/7C69C80,17B/7C69C80,16416,2171776,2325144,2171776,0.226663,0.266700,0.226663,1078988.2826945754,True,159744696,reserved,5.6,37.0,0.0,6484339.717168175,0.0,16.99024164864264,6539559.001952242,221590.72928551465,1003.91,1
2026-09-13T22:18:00.090411+00:00,1789337880.0903795,F_lat_centralindia_rep1,r3-pub,F01,load,16,1,1000,6,207.0,2315844976,22057624,809629343144,61127,1789156079.537691,6003743.075,192964.18600000002,90541134,89338889,433085079,8290,22737,16055216,4879648526,11084516.811,797537.499,17B/8420000,17B/84B0C98,1,1.0001287460327148,6264699,6263892.548685005,5.973713444409375,4040,4039.4799329843972,4037,4036.480319172775,0.0,0.0,5913862.613650472,0.0,streaming,17B/841DD08,17B/8313E78,17B/8313860,8952,1098120,1227504,1099680,0.210408,0.265433,0.210408,-1071957.9896615942,True,165659320,reserved,5.8,37.0,0.0,14698651.606919352,0.0,24.99678176351731,5969366.467749456,282215.66585265147,1003.9,1
2026-09-13T22:18:01.090721+00:00,1789337881.0907218,F_lat_centralindia_rep1,r3-pub,F01,load,16,1,1000,6,207.0,2315869672,22057625,809635655694,61127,1789156079.537691,6003783.299,192964.18600000002,90545192,89338889,433089134,8290,22737,16055216,4879692945,11084516.811,797547.031,17B/8A54000,17B/8AB56A8,1,1.0003423690795898,6312550,6310389.517748955,6.0180564095964,4058,4056.611141777136,4055,4053.6121685328453,0.0,0.0,6502221.84029325,0.0,streaming,17B/8A51FF8,17B/8947BD0,17B/8947BD0,8200,1098800,1532288,1098800,0.225872,0.225872,0.225872,-879.6988183252537,True,172163768,reserved,5.4,37.0,0.0,14904337.215785535,0.0,21.992470458131343,6542767.958556059,261324.53056099758,1003.9,1
2026-09-13T22:18:02.091133+00:00,1789337882.0911336,F_lat_centralindia_rep1,r3-pub,F01,load,16,1,1000,6,207.0,2315894340,22057625,809641950590,61127,1789156079.537691,6003824.729,192964.18600000002,90549249,89338889,433093187,8290,22737,16055216,4879737451,11084516.811,797555.858,17B/908C000,17B/90BE340,1,1.0004117488861084,6294896,6292305.150363284,6.000809812892231,4057,4055.330222298167,4053,4051.331868615842,0.0,0.0,6518148.159755731,0.0,streaming,17B/8FFFB80,17B/8E74000,17B/8E74000,574592,2195456,2743640,2195456,0.225880,0.225880,0.225880,1096204.638960961,True,178684600,reserved,2.7,37.0,0.0,6571374.243974842,0.0,21.990945252787693,5988247.345825614,218829.89703364918,1003.89,1
2026-09-13T22:18:03.091711+00:00,1789337883.0917113,F_lat_centralindia_rep1,r3-pub,F01,load,16,1,1000,6,207.0,2315919033,22057625,809648292927,61127,1789156079.537691,6003860.868,192964.18600000002,90553301,89338889,433097236,8290,22737,16055216,4879782388,11084516.811,797565.608,17B/9636000,17B/96C6F50,1,1.000577688217163,6342337,6338675.22201182,6.045031759273358,4052,4049.6605588116645,4049,4046.662290875723,0.0,0.0,5935770.975047936,0.0,streaming,17B/9633FC8,17B/952DBB8,17B/952D528,8248,1082440,1591504,1084120,0.225702,0.274389,0.225702,-1110694.3649524974,True,184623800,reserved,3.9,37.0,0.0,14335910.313529568,0.0,22.986720842218233,6527769.984195779,277705.5727627744,1003.89,1
2026-09-13T22:18:04.092203+00:00,1789337884.0922039,F_lat_centralindia_rep1,r3-pub,F01,load,16,1,1000,6,207.0,2315943639,22057625,809654577223,61127,1789156079.537691,6003901.223,192964.18600000002,90557351,89338889,433101284,8290,22737,16055216,4879827430,11084516.811,797575.327,17B/9C66B50,17B/9CC7D98,1,1.0004925727844238,6284296,6281202.0508163,5.990221072021771,4050,4048.006062382488,4048,4046.0070470430396,0.0,0.0,6487764.303872156,0.0,streaming,17B/9C65E58,17B/9B59DF8,17B/9B59250,3320,1101144,2274024,1104128,0.228061,0.272008,0.228061,19998.149455839215,True,191114760,reserved,6.0,37.0,0.0,14918475.564951614,0.0,25.98719941282585,6551516.901077837,260985.4456723311,1003.88,1
2026-09-13T22:18:05.092771+00:00,1789337885.0927715,F_lat_centralindia_rep1,r3-pub,F01,load,16,1,1000,6,207.0,2315968181,22057625,809660848628,61127,1789156079.537691,6003939.112,192964.18600000002,90561394,89338889,433105324,8290,22737,16055216,4879872504,11084516.811,797585.84,17B/A20A000,17B/A2CC828,1,1.0005676746368408,6271405,6267846.902285971,5.977484609876605,4043,4040.7061935789798,4040,4037.707895636675,0.0,0.0,5908373.965954557,0.0,streaming,17B/A207D10,17B/A0FFFB0,17B/A0FFFB0,8944,1089616,2428728,1089616,0.210480,0.219295,0.210480,-14503.766579574116,True,7380240,reserved,3.9,37.0,0.0,8637656.621414283,0.0,38.977873249958,5945001.173617749,240900.24703974684,1003.88,1
2026-09-13T22:18:06.094254+00:00,1789337886.094254,F_lat_centralindia_rep1,r3-pub,F01,load,16,1,1000,6,207.0,2315992771,22057625,809667153444,61127,1789156079.537691,6003988.635,192964.18600000002,90565444,89338889,433109371,8290,22737,16055216,4879917354,11084516.811,797597.13,17B/A94E000,17B/A94F510,2,1.0014824867248535,6304816,6295483.029981512,6.003840475064766,4050,4044.0048165442295,4047,4041.0092574208634,0.0,0.0,7607282.304970668,0.0,streaming,17B/A8669D0,17B/A731B60,17B/A7315D8,947760,2213024,3012952,2214440,0.225441,0.225441,0.225441,1123158.931793715,True,14998800,reserved,2.5,37.1,0.0,7607282.304970668,0.0,17.973354740196577,6465838.480287926,253472.23078274558,1003.87,1
2026-09-13T22:18:07.096033+00:00,1789337887.096033,F_lat_centralindia_rep1,r3-pub,F01,load,16,1,1000,6,207.0,2316017328,22057626,809673428700,61127,1789156079.537691,6004027.308,192964.18600000002,90569492,89338889,433113416,8290,22737,16055216,4879962318,11084516.811,797607.219,17B/AF72000,17B/AFF32F0,2,1.0017790794372559,6275256,6264111.647774769,5.973922393584031,4048,4040.8110761046664,4045,4037.8164038644704,0.0,0.0,6427477.007821949,0.0,streaming,17B/AF6DFF8,17B/AE63C20,17B/AE63C20,16392,1106912,1957312,1106912,0.224340,0.224340,0.224340,-1105561.1189466524,True,21437712,reserved,9.6,37.1,0.0,14932026.738273384,0.0,29.946722401961463,6509898.373664788,273796.89357665327,1003.87,1
2026-09-13T22:18:08.096852+00:00,1789337888.0968523,F_lat_centralindia_rep1,r3-pub,F01,load,16,1,1000,6,207.0,2316041963,22057626,809679739629,61127,1789156079.537691,6004070.651,192964.18600000002,90573541,89338889,433117462,8290,22737,16055216,4880007188,11084516.811,797616.135,17B/B646000,17B/B697998,2,1.000819206237793,6310929,6305763.27938748,6.013644484889488,4049,4045.6857489982704,4046,4042.688204605335,0.0,0.0,7153947.441630973,0.0,streaming,17B/B641FE0,17B/B431FE0,17B/B431448,16416,2179104,2680216,2182072,0.066162,0.066162,0.066162,1074279.9431694197,True,28597520,reserved,2.1,37.1,0.0,15547967.008441685,0.0,26.977899536417215,6551273.156164984,229335.1272332255,1003.86,1
2026-09-13T22:18:09.097167+00:00,1789337889.0971575,F_lat_centralindia_rep1,r3-pub,F01,load,16,1,1000,6,207.0,2316066519,22057626,809686003594,61127,1789156079.537691,6004112.007999999,192964.18600000002,90577577,89338889,433121495,8290,22737,16055216,4880051796,11084516.811,797624.43,17B/BC78000,17B/BD49560,2,1.00030517578125,6263965,6262053.972786625,5.971960041796327,4036,4034.768686313991,4033,4031.769601562023,0.0,0.0,6494274.1048264075,0.0,streaming,17B/BC75FF0,17B/BB67EE0,17B/BB67918,8208,1114400,1661200,1115880,0.070601,0.070601,0.070601,-1065866.7232900115,True,35093776,reserved,2.7,37.1,0.0,14880322.885838062,0.0,21.99328818109708,5857411.459881628,266069.8019403258,1003.86,1
2026-09-13T22:18:10.097662+00:00,1789337890.0976622,F_lat_centralindia_rep1,r3-pub,F01,load,16,1,1000,6,207.0,2316091114,22057626,809692296448,61127,1789156079.537691,6004153.967,192964.18600000002,90581620,89338889,433125535,8290,22737,16055216,4880096912,11084516.811,797634.79,17B/C312000,17B/C363020,5,1.000504732131958,6292854,6289679.396708767,5.998305699070708,4043,4040.9603974434403,4040,4037.9619108759584,0.0,0.0,6918747.885629206,0.0,streaming,17B/C30FFE8,17B/C205EB8,17B/C205418,8216,1098056,2091584,1100776,0.052097,0.052097,0.052097,-15096.380371750118,True,42016016,reserved,7.3,37.3,0.0,6955593.288570427,0.0,16.991423882398834,6841135.059316498,281574.880110456,1003.85,1
2026-09-13T22:18:11.098447+00:00,1789337891.0984473,F_lat_centralindia_rep1,r3-pub,F01,load,16,1,1000,6,207.0,2316115710,22057626,809698571082,61127,1789156079.537691,6004193.793,192964.18600000002,90585665,89338889,433129577,8290,22737,16055216,4880141835,11084516.811,797644.499,17B/C946000,17B/C961448,3,1.0007851123809814,6274634,6269711.571819781,5.979262897319585,4045,4041.826711806779,4042,4038.829065296168,0.0,0.0,6499345.283549611,0.0,streaming,17B/C943DE8,17B/C733D30,17B/C733D30,8728,2171600,2415920,2171600,0.227675,0.227675,0.227675,1069983.9423594023,True,48520464,reserved,9.3,37.3,0.0,14889558.023648292,0.0,23.98117208488571,6550219.34169669,230279.20494511502,1003.84,1
2026-09-13T22:18:12.099208+00:00,1789337892.0991547,F_lat_centralindia_rep1,r3-pub,F01,load,16,1,1000,6,207.0,2316181037,22057630,809707416121,61127,1789156079.537691,6004225.9290000005,192964.18600000002,90589727,89338889,433133679,8303,22788,16055216,4880300659,11084516.811,797654.81,17B/CEC5EB8,17B/CF91820,3,1.0007073879241943,8845039,8838786.549130613,8.429323720102895,4062,4059.1286214304487,4102,4099.100345915239,12.990810457556826,50.96394871810755,5762763.490696693,0.0,streaming,17B/CEC3FF8,17B/CDB9F70,17B/CDB99A0,7872,1097544,1978552,1099032,0.226539,0.262723,0.226539,-1071809.8146800625,True,54287304,reserved,9.4,37.1,0.0,14321772.950761579,0.0,25.981620915113652,5658311.378859264,274329.9423115639,1003.84,1
2026-09-13T22:18:13.099535+00:00,1789337893.0995357,F_lat_centralindia_rep1,r3-pub,F01,load,16,1,1000,6,207.0,2316205619,22057631,809713713953,61127,1789156079.537691,6004270.108,192964.18600000002,90593777,89338889,433137725,8303,22788,16055216,4880345595,11084516.811,797664.26,17B/D52A000,17B/D599628,3,1.0003809928894043,6297832,6295433.484606647,6.00379322491326,4050,4048.4575664541258,4046,4044.4590898452825,0.0,0.0,6698831.792719658,0.0,streaming,17B/D527BF0,17B/D41FED8,17B/D41F040,9232,1089832,2503400,1093568,0.226256,0.226256,0.226256,-5461.9190476803315,True,60988688,reserved,7.5,37.1,0.0,15112578.215159457,0.0,23.990859653061488,6746220.73786852,259420.16276261932,1003.83,1
2026-09-13T22:18:14.099661+00:00,1789337894.0996616,F_lat_centralindia_rep1,r3-pub,F01,load,16,1,1000,6,207.0,2316229379,22057631,809719790588,61127,1789156079.537691,6004297.92,192964.18600000002,90597690,89338889,433141636,8303,22788,16055216,4880389040,11084516.811,797672.638,17B/DA5A000,17B/DB48F28,2,1.0001258850097656,6076635,6075870.139028214,5.794401301410879,3913,3912.5074739584325,3911,3910.507725696762,0.0,0.0,5438803.3361889105,0.0,streaming,17B/DA57DD8,17B/D947B88,17B/D947B88,8744,1123448,1745920,1123448,0.226577,0.226577,0.226577,29876.23902935803,True,66428176,reserved,5.8,37.1,0.0,5446994.305068713,0.0,10.998615439188029,5482620.820224505,210135.54708460314,1003.83,1
2026-09-13T22:18:15.100581+00:00,1789337895.1000729,F_lat_centralindia_rep1,r3-pub,F01,load,16,1,1000,6,207.0,2316252540,22057631,809725704173,61127,1789156079.537691,6004333.3,192964.18600000002,90601506,89338889,433145449,8303,22788,16055216,4880431463,11084516.811,797680.558,17B/E09E000,17B/E0F7690,2,1.0004112720489502,5913585,5911153.907620753,5.637315662022355,3816,3814.4312310520254,3813,3811.432464360947,0.0,0.0,6567283.060039861,0.0,streaming,17B/DFFFE28,17B/DF8BF48,17B/DF8B938,647640,1122488,2176616,1124040,0.226573,0.226573,0.226573,591.7566270395176,True,72998160,reserved,3.9,37.1,0.0,14997479.955689535,0.0,25.989311322681516,5991062.043637925,255485.9257798266,1003.82,1
2026-09-13T22:18:16.103449+00:00,1789337896.1024182,F_lat_centralindia_rep1,r3-pub,F01,load,16,1,1000,6,207.0,2316275503,22057631,809731562031,61127,1789156079.537691,6004367.735,192964.18600000002,90605282,89338889,433149222,8303,22788,16055216,4880473863,11084516.811,797689.037,17B/E636000,17B/E68E0A8,1,1.002345323562622,5857858,5844151.573610876,5.573417256937862,3776,3767.164779677941,3773,3764.1717991856126,0.0,0.0,5851747.758100406,0.0,streaming,17B/E631DB8,17B/E523ED8,17B/E523ED8,16968,1122600,1821896,1122600,0.226239,0.226239,0.226239,-1436.630636317859,True,78863632,reserved,2.7,37.1,0.0,14228900.6240961,0.0,18.95554311808286,6525224.237843593,228624.80086752563,1003.82,1
2026-09-13T22:18:17.102845+00:00,1789337897.1028452,F_lat_centralindia_rep1,r3-pub,F01,load,16,1,1000,6,207.0,2316298337,22057631,809737382810,61127,1789156079.537691,6004394.568,192964.18600000002,90609031,89338889,433152969,8303,22788,16055216,4880515621,11084516.811,797698.263,17B/EB6C000,17B/EC1EF00,1,1.000427007675171,5820779,5818294.543573489,5.548758071492662,3749,3747.399831510011,3747,3745.400685160846,0.0,0.0,5461731.798602272,0.0,streaming,17B/EB69F50,17B/EA5FD10,17B/EA5F740,8368,1098480,2189904,1099968,0.226800,0.226800,0.226800,-22622.34008715246,True,84327696,reserved,3.1,37.1,0.0,5523145.574448625,0.0,15.993170793320933,5512775.00276233,217833.98321725318,1003.81,1
2026-09-13T22:18:18.103046+00:00,1789337898.103046,F_lat_centralindia_rep1,r3-pub,F01,load,16,1,1000,6,207.0,2316321264,22057631,809743247375,61127,1789156079.537691,6004429.54,192964.18600000002,90612799,89338889,433156737,8303,22788,16055216,4880557752,11084516.811,797705.719,17B/F10C000,17B/F1C1350,1,1.0002007484436035,5864565,5863387.933998006,5.591762479780203,3768,3767.2437316841892,3768,3767.2437316841892,0.0,0.0,5897056.175150996,0.0,streaming,17B/F109C00,17B/EF8DF60,17B/EF8DF60,9216,1564832,1856632,1564832,0.226664,0.247450,0.226664,464770.6980057428,True,90225936,reserved,6.9,37.1,0.0,14320837.114238217,0.0,21.9955844206614,5943859.779400288,209981.84647113594,1003.81,1
2026-09-13T22:18:19.103671+00:00,1789337899.1036713,F_lat_centralindia_rep1,r3-pub,F01,load,16,1,1000,6,207.0,2316344438,22057632,809749159548,61127,1789156079.537691,6004455.968,192964.18600000002,90616610,89338889,433160542,8303,22788,16055216,4880600297,11084516.811,797713.451,17B/F654000,17B/F763568,1,1.0006253719329834,5912173,5908478.003689842,5.634763721170275,3811,3808.6181970760986,3805,3802.621946962623,0.0,0.0,5534330.984734307,0.0,streaming,17B/F650000,17B/F543ED0,17B/F543ED0,16384,1114416,1488448,1114416,0.226265,0.226265,0.226265,-450134.4985185589,True,95763728,reserved,5.4,37.0,0.0,13946350.343927354,0.0,22.985625434990887,5710966.521827041,226958.0667950622,1003.8,1
2026-09-13T22:18:20.104493+00:00,1789337900.1044934,F_lat_centralindia_rep1,r3-pub,F01,load,16,1,1000,6,207.0,2316367889,22057632,809755149969,61127,1789156079.537691,6004493.148,192964.18600000002,90620465,89338889,433164394,8303,22788,16055216,4880642975,11084516.811,797721.279,17B/FC88000,17B/FD2B748,1,1.0008220672607422,5990421,5985500.515986652,5.708218112932827,3855,3851.833533758069,3852,3848.835997934132,0.0,0.0,6499105.298310143,0.0,streaming,17B/FC73CF8,17B/FB73CD8,17B/FB73178,82696,1131304,1608096,1134216,0.225720,0.225720,0.225720,19783.736437979183,True,102268176,reserved,8.3,37.0,0.0,14889008.233786084,0.0,19.983572159574933,6341840.580485936,247257.73750902864,1003.8,1
2026-09-13T22:18:21.105036+00:00,1789337901.105001,F_lat_centralindia_rep1,r3-pub,F01,load,16,1,1000,6,207.0,2316391615,22057632,809761226672,61127,1789156079.537691,6004524.01,192964.18600000002,90624370,89338889,433168296,8303,22788,16055216,4880686420,11084516.811,797729.381,17B/102129A0,17B/102F9EC0,1,1.0005075931549072,6076703,6073620.072025932,5.79225547030061,3905,3903.01885434606,3902,3900.0203763529644,0.0,0.0,5807644.079619048,0.0,streaming,17B/10211BF8,17B/10111FD8,17B/10111ED0,3496,1051080,2247752,1051344,0.054026,0.054026,0.054026,-82829.95608127188,True,108078768,reserved,3.3,37.1,0.0,5837932.705319971,0.0,11.993911972382259,5919884.107349265,225863.35330791652,1003.79,1
2026-09-13T22:18:22.105689+00:00,1789337902.105689,F_lat_centralindia_rep1,r3-pub,F01,load,16,1,1000,6,207.0,2316415679,22057632,809767384127,61127,1789156079.537691,6004557.321,192964.18600000002,90628332,89338889,433172255,8303,22788,16055216,4880730432,11084516.811,797736.905,17B/1082C000,17B/108EDD60,1,1.000688076019287,6157455,6153221.1161086345,5.868168941601405,3962,3959.275717325163,3959,3956.2777801338516,0.0,0.0,6391090.443928438,0.0,streaming,17B/10829BA0,17B/10721D48,17B/10721D48,9312,1090232,1393928,1090232,0.055036,0.055036,0.055036,38861.26049857166,True,114474256,reserved,8.3,37.0,0.0,14800951.81999004,0.0,18.986935544971754,6428274.8582246695,253149.8136839171,1003.79,1
2026-09-13T22:18:23.106451+00:00,1789337903.1064517,F_lat_centralindia_rep1,r3-pub,F01,load,16,1,1000,6,207.0,2316440028,22057632,809773622259,61127,1789156079.537691,6004589.543,192964.18600000002,90632336,89338889,433176256,8303,22788,16055216,4880774432,11084516.811,797745.092,17B/10E52000,17B/10EE28B8,1,1.000762701034546,6238132,6233377.796306042,5.944612308794062,4004,4000.948472460889,4001,3997.950758820184,0.0,0.0,6442190.534614508,0.0,streaming,17B/10E4FE60,17B/10D49DE0,17B/10D49DE0,8608,1081888,1732856,1081888,0.053280,0.053280,0.053280,-8337.640872680735,True,120921360,reserved,4.3,37.0,0.0,14881705.70766096,0.0,25.98018488610967,6480606.234920142,246460.02468419916,1003.78,1
2026-09-13T22:18:24.106836+00:00,1789337904.106836,F_lat_centralindia_rep1,r3-pub,F01,load,16,1,1000,6,207.0,2316464645,22057632,809779926483,61127,1789156079.537691,6004621.669,192964.18600000002,90636384,89338889,433180301,8303,22788,16055216,4880819100,11084516.811,797753.128,17B/11432000,17B/114F3420,1,1.0003843307495117,6304224,6301802.023704955,6.009866737084346,4048,4046.444826826848,4045,4043.445979376136,0.0,0.0,6158017.284601503,0.0,streaming,17B/1142FDE8,17B/11321FF0,17B/11321558,8728,1114128,1720064,1116840,0.226615,0.226615,0.226615,34938.57203242391,True,127081744,reserved,1.8,37.0,0.0,14555685.80236592,0.0,18.992700521173447,6181287.341203208,228707.10082851994,1003.78,1
2026-09-13T22:18:25.107476+00:00,1789337905.1074765,F_lat_centralindia_rep1,r3-pub,F01,load,16,1,1000,6,207.0,2316489441,22057633,809786260588,61127,1789156079.537691,6004651.898,192964.18600000002,90640460,89338889,433184374,8303,22788,16055216,4880864287,11084516.811,797761.433,17B/11A74000,17B/11B06818,1,1.0006403923034668,6334105,6330051.283877254,6.036807330968146,4076,4073.3914314782737,4073,4070.3933514256646,0.0,0.0,6557592.56819006,0.0,streaming,17B/11A71DF8,17B/11965CF8,17B/11965830,8712,1106696,2104224,1107920,0.225993,0.225993,0.225993,-8914.291356424485,True,133643536,reserved,4.1,37.1,0.0,6573966.082717376,0.0,11.992320210436526,6598422.421066526,250474.5979952299,1003.77,1
2026-09-13T22:18:26.107714+00:00,1789337906.107715,F_lat_centralindia_rep1,r3-pub,F01,load,16,1,1000,6,207.0,2316514394,22057633,809792643213,61127,1789156079.537691,6004691.181,192964.18600000002,90644562,89338889,433188473,8303,22788,16055216,4880909584,11084516.811,797769.076,17B/12107CC0,17B/1211EE10,1,1.0002384185791016,6382625,6381103.626340308,6.085494638767536,4102,4101.02224010465,4099,4098.022955189898,0.0,0.0,6895188.059060321,0.0,streaming,17B/12105DD0,17B/11FAFE38,17B/11FAE730,7920,1408648,2793048,1414544,0.225767,0.264687,0.225767,306550.9125670035,True,140540368,reserved,4.6,37.1,0.0,15299008.432147944,0.0,23.99427931801843,6951020.747510073,266362.4942325991,1003.77,1
2026-09-13T22:18:27.108333+00:00,1789337907.108311,F_lat_centralindia_rep1,r3-pub,F01,load,16,1,1000,6,207.0,2316539386,22057633,809799015562,61127,1789156079.537691,6004722.5,192964.18600000002,90648675,89338889,433192582,8303,22788,16055216,4880955263,11084516.811,797778.036,17B/12642000,17B/12738840,1,1.000596046447754,6372349,6368553.046579254,6.073525473193411,4113,4110.5499213210815,4109,4106.552304086634,0.0,0.0,5478014.848708684,0.0,streaming,17B/1263FFA8,17B/12533DC0,17B/12533838,8280,1106496,1226600,1107912,0.225803,0.225803,0.225803,-306449.34195830923,True,146021648,reserved,8.5,37.0,0.0,13877168.562973158,0.0,19.988086172239637,5536724.8548180945,221561.93879342472,1003.76,1
2026-09-13T22:18:28.108884+00:00,1789337908.1088839,F_lat_centralindia_rep1,r3-pub,F01,load,16,1,1000,6,207.0,2316564391,22057633,809805396801,61127,1789156079.537691,6004760.097,192964.18600000002,90652786,89338889,433196690,8303,22788,16055216,4881000763,11084516.811,797786.651,17B/12C92000,17B/12D55F10,1,1.000572919845581,6381239,6377585.154897876,6.08213916291988,4111,4108.6460751250925,4108,4105.647792900481,0.0,0.0,6615345.937027293,0.0,streaming,17B/12C8FE60,17B/12B81FD8,17B/12B81FD8,8608,1114152,1534688,1114152,0.226335,0.268212,0.226335,6236.427027190604,True,152640784,reserved,11.1,37.1,4938994.352118459,6905995.418171437,209.87975572276073,59.96564449221735,6655374.004153256,262608.54635217565,1003.75,1
2026-09-13T22:18:29.109298+00:00,1789337909.1092985,F_lat_centralindia_rep1,r3-pub,F01,load,16,1,1000,6,207.0,2316589426,22057633,809811831906,61127,1789156079.537691,6004811.541,192964.18600000002,90656895,89338889,433200797,8303,22788,16055216,4881045845,11084516.811,797795.154,17B/13330000,17B/133791E8,1,1.0004146099090576,6435105,6432438.04744613,6.134450957723741,4109,4107.297073933703,4107,4105.297902809862,0.0,0.0,6935748.369999068,0.0,streaming,17B/1332DFE0,17B/13115BB8,17B/131155A8,8224,2204744,2285656,2206296,0.227167,0.227167,0.227167,1091691.3739387323,True,159579408,reserved,6.7,37.1,0.0,9396424.149437934,0.0,87.96352944905475,6956081.939499667,283127.61248633533,1003.75,1
2026-09-13T22:18:30.110036+00:00,1789337910.1100361,F_lat_centralindia_rep1,r3-pub,F01,load,16,1,1000,6,207.0,2316614315,22057633,809818181770,61127,1789156079.537691,6004850.228,192964.18600000002,90660993,89338889,433204892,8303,22788,16055216,4881090979,11084516.811,797803.347,17B/13972000,17B/1398AC90,1,1.0007376670837402,6349864,6345183.3670898015,6.051238410081674,4098,4094.979268584966,4095,4091.9814799549627,0.0,0.0,6556955.150016272,0.0,streaming,17B/1396FDD0,17B/13759E28,17B/13759858,8752,2195928,2662704,2197416,0.226251,0.260634,0.226251,-8873.454344810762,True,166141200,reserved,1.8,37.1,0.0,10158778.203708107,0.0,45.96609232672241,6617937.165590683,225853.3953844739,1003.74,1
2026-09-13T22:18:31.111508+00:00,1789337911.1115088,F_lat_centralindia_rep1,r3-pub,F01,load,16,1,1000,6,207.0,2316639170,22057634,809824548240,61127,1789156079.537691,6004891.226,192964.18600000002,90665081,89338889,433208977,8303,22788,16055216,4881136158,11084516.811,797811.55,17B/13FA6000,17B/13FA7658,1,1.0014727115631104,6366470,6357107.813814656,6.062610448660522,4088,4081.988408470363,4085,4078.992820107983,0.0,0.0,6494882.910836164,0.0,streaming,17B/13F1D1E0,17B/13D9FBD8,17B/13D9FBD8,560672,2122792,2979352,2122792,0.226406,0.226406,0.226406,-74514.26198475841,True,172645648,reserved,2.7,37.1,0.0,15505101.457795905,0.0,32.95147198618444,6463299.424202133,263120.4993980451,1003.74,1
2026-09-13T22:18:32.111702+00:00,1789337912.1117022,F_lat_centralindia_rep1,r3-pub,F01,load,16,1,1000,6,207.0,2316663987,22057634,809830909765,61127,1789156079.537691,6004926.181,192964.18600000002,90669157,89338889,433213050,8303,22788,16055216,4881181166,11084516.811,797819.914,17B/14520000,17B/145B51E8,1,1.0001933574676514,6361525,6360295.189428657,6.065650166920335,4076,4075.2120273222545,4073,4072.212607282518,0.0,0.0,5741481.84161054,0.0,streaming,17B/1451DCB8,17B/14415E10,17B/14415E10,9032,1090032,2513728,1090032,0.225264,0.241869,0.225264,-1032560.346746156,True,178388240,reserved,4.3,37.1,0.0,5753767.466093302,0.0,14.99710019868347,5819956.667916851,271532.49716396333,1003.73,1
2026-09-13T22:18:33.112591+00:00,1789337913.1125705,F_lat_centralindia_rep1,r3-pub,F01,load,16,1,1000,6,207.0,2316688709,22057634,809837230921,61127,1789156079.537691,6004957.69,192964.18600000002,90673220,89338889,433217109,8303,22788,16055216,4881225970,11084516.811,797828.037,17B/14B5E000,17B/14BBEF98,1,1.000868320465088,6321156,6315671.972775257,6.023094151282556,4063,4059.4750747151106,4059,4055.478544983666,0.0,0.0,6539729.41910925,0.0,streaming,17B/14B5BC30,17B/14A53CA0,17B/14A53CA0,9168,1090400,1901160,1090400,0.226990,0.226990,0.226990,367.6807352929266,True,184933648,reserved,2.3,37.1,0.0,15011093.560258279,0.0,25.977443254391552,6580623.909586259,259322.82468426225,1003.73,1
2026-09-13T22:18:34.112834+00:00,1789337914.1128342,F_lat_centralindia_rep1,r3-pub,F01,load,16,1,1000,6,207.0,2316713355,22057634,809843549544,61127,1789156079.537691,6004990.722,192964.18600000002,90677267,89338889,433221154,8303,22788,16055216,4881270588,11084516.811,797836.625,17B/15108000,17B/151C7898,1,1.0002636909484863,6318623,6316957.275544464,6.024319911522354,4047,4045.933124057005,4045,4043.933651299873,0.0,0.0,5937634.299579779,0.0,streaming,17B/15105B70,17B/14F83FD8,17B/14F83540,9360,1589288,1660144,1592000,0.226069,0.226069,0.226069,501467.7674887556,True,190872848,reserved,2.7,37.1,0.0,14364980.084776457,0.0,24.993409464152492,5946619.930150331,229490.48543622674,1003.72,1
2026-09-13T22:18:35.113538+00:00,1789337915.1135383,F_lat_centralindia_rep1,r3-pub,F01,load,16,1,1000,6,207.0,2316737926,22057634,809849817234,61127,1789156079.537691,6005022.582,192964.18600000002,90681305,89338889,433225189,8303,22788,16055216,4881315034,11084516.811,797844.817,17B/15738000,17B/157CD958,1,1.000704050064087,6267690,6263280.337077286,5.973129593922888,4038,4035.1590460150524,4035,4032.161156679231,0.0,0.0,6483499.291908025,0.0,streaming,17B/15733C88,17B/1562FCA0,17B/1562F6D0,17272,1082208,1406408,1083696,0.225588,0.264221,0.225588,-507946.38031838415,True,7275392,reserved,4.1,37.1,32744.945918727397,14898950.393020965,0.9992964452736632,23.98311468656792,6527064.619736175,251854.68169521188,1003.72,1
2026-09-13T22:18:36.114266+00:00,1789337916.1142664,F_lat_centralindia_rep1,r3-pub,F01,load,16,1,1000,6,207.0,2316762477,22057634,809856105968,61127,1789156079.537691,6005058.921,192964.18600000002,90685343,89338889,433229224,8303,22788,16055216,4881360026,11084516.811,797853.177,17B/15D6A000,17B/15DCFA48,2,1.0007281303405762,6288734,6284158.313666835,5.993040383974872,4038,4035.0619489688515,4035,4032.064131770509,0.0,0.0,6491529.320544971,0.0,streaming,17B/15D67EB8,17B/15C61BF8,17B/15C61620,8520,1082376,2290808,1083872,0.225692,0.266945,0.225692,175.8719423027533,True,13771648,reserved,6.2,37.1,0.0,6557017.63651516,0.0,22.983265187291625,6537853.590438557,262757.6781623107,1003.71,1
2026-09-13T22:18:37.114995+00:00,1789337917.114972,F_lat_centralindia_rep1,r3-pub,F01,load,16,1,1000,6,207.0,2316786966,22057635,809862378448,61127,1789156079.537691,6005090.062,192964.18600000002,90689376,89338889,433233254,8303,22788,16055216,4881404459,11084516.811,797861.694,17B/1631FBE0,17B/163DAF58,4,1.0007057189941406,6272480,6268056.513462103,5.977684510671714,4033,4030.1558424726204,4030,4027.1579581365386,0.0,0.0,5983073.631295053,0.0,streaming,17B/1631DD58,17B/16217C78,17B/16217C30,7816,1081192,1218136,1081264,0.226515,0.269469,0.226515,-2606.1607828337696,True,19758944,reserved,3.1,37.1,0.0,14387286.618559137,0.0,18.98660079518467,6027718.124827983,227281.60305570485,1003.71,1
2026-09-13T22:18:38.115269+00:00,1789337918.11527,F_lat_centralindia_rep1,r3-pub,F01,load,16,1,1000,6,207.0,2316811424,22057635,809868617821,61127,1789156079.537691,6005122.074,192964.18600000002,90693402,89338889,433237277,8303,22788,16055216,4881448997,11084516.811,797870.624,17B/1694C000,17B/169D1548,4,1.0002977848052979,6239373,6237515.562642636,5.9485583902765615,4026,4024.8014752763224,4023,4021.8023683647903,0.0,0.0,6470809.091374606,0.0,streaming,17B/16949F38,17B/16841EA8,17B/16840E00,8392,1089880,2399896,1094144,0.225810,0.225810,0.225810,12876.16567351193,True,26231680,reserved,4.3,37.1,0.0,14905001.517025288,0.0,22.99315298841416,6529666.564513426,262295.89226879034,1003.7,1
2026-09-13T22:18:39.115700+00:00,1789337919.1157002,F_lat_centralindia_rep1,r3-pub,F01,load,16,1,1000,6,207.0,2316835951,22057635,809874891539,61127,1789156079.537691,6005154.496,192964.18600000002,90697439,89338889,433241314,8303,22788,16055216,4881493348,11084516.811,797879.631,17B/16F78000,17B/16FD5328,2,1.0004303455352783,6273718,6271019.294844819,5.980510039181537,4037,4035.263442393894,4037,4035.263442393894,0.0,0.0,6468896.139428218,0.0,streaming,17B/16F73DD8,17B/16E6FE38,17B/16E6FE38,16936,1081800,1622640,1081800,0.225631,0.225631,0.225631,-12338.690099804366,True,32703360,reserved,4.1,37.1,32753.904503434016,6485273.091679935,0.9995698395823369,12.99440791457038,6514414.550783118,261034.66489740854,1003.7,1
2026-09-13T22:18:40.116162+00:00,1789337920.116162,F_lat_centralindia_rep1,r3-pub,F01,load,16,1,1000,6,207.0,2316860532,22057635,809881173305,61127,1789156079.537691,6005187.278,192964.18600000002,90701484,89338889,433245353,8303,22788,16055216,4881538053,11084516.811,797887.966,17B/17535AC8,17B/175DDC98,3,1.0004618167877197,6281766,6278866.314128288,5.987993539932526,4045,4043.132813391795,4039,4037.135583013464,0.0,0.0,6017005.245965616,0.0,streaming,17B/17533C20,17B/17427D80,17B/17427790,7848,1105224,1448944,1106744,0.093474,0.093474,0.093474,24932.485759516672,True,38723144,reserved,3.9,37.1,0.0,14419452.85460201,0.0,19.990767927771547,6062235.357940595,229397.06058636765,1003.69,1
2026-09-13T22:18:41.116415+00:00,1789337921.116415,F_lat_centralindia_rep1,r3-pub,F01,load,16,1,1000,6,207.0,2316885172,22057635,809887467016,61127,1789156079.537691,6005219.405,192964.18600000002,90705532,89338889,433249398,8303,22788,16055216,4881582722,11084516.811,797895.927,17B/17B6A000,17B/17BDD658,3,1.0002529621124268,6293711,6292119.332202085,6.000632602884374,4048,4046.976268334221,4045,4043.9770270286376,0.0,0.0,6504138.699335099,0.0,streaming,17B/17B67D70,17B/17A5FFE0,17B/17A5FFE0,8848,1089568,2870032,1089568,0.054127,0.054127,0.054127,-17171.656221568326,True,45228928,reserved,6.0,37.1,0.0,14913859.358632205,0.0,18.99519493536319,6558747.885280065,266829.50224545423,1003.68,1
2026-09-13T22:18:42.119235+00:00,1789337922.1182091,F_lat_centralindia_rep1,r3-pub,F01,load,16,1,1000,6,207.0,2316909793,22057635,809893761544,61127,1789156079.537691,6005253.068,192964.18600000002,90709577,89338889,433253440,8303,22788,16055216,4881627315,11084516.811,797904.46,17B/18110DB0,17B/181E9D50,1,1.0017940998077393,6294528,6283255.213030325,5.992179120092702,4045,4037.755862982525,4042,4034.7612356428594,0.0,0.0,5915706.631869121,0.0,streaming,17B/18110000,17B/17FFFFA8,17B/17FFFAA0,3504,1117704,1581912,1118992,0.226410,0.226410,0.226410,29371.304947440745,True,51155248,reserved,4.8,37.1,0.0,14306237.182621187,0.0,20.962391377659586,5951746.971901998,229190.80881397126,1003.68,1
2026-09-13T22:18:43.119194+00:00,1789337923.119194,F_lat_centralindia_rep1,r3-pub,F01,load,16,1,1000,6,207.0,2316934470,22057636,809900077511,61127,1789156079.537691,6005286.357,192964.18600000002,90713632,89338889,433257492,8303,22788,16055216,4881672092,11084516.811,797913.382,17B/1874A000,17B/187F4558,1,1.0009849071502686,6315967,6309752.479666352,6.017448882738449,4055,4051.0101311560143,4052,4048.013082970202,0.0,0.0,6519099.292493513,0.0,streaming,17B/18743FD0,17B/18641E98,17B/18641DC0,24624,1081704,1923512,1081920,0.225571,0.225571,0.225571,-37035.52344814198,True,57680768,reserved,2.3,37.1,0.0,6661726.817624186,0.0,18.98130517680993,6528847.6912258975,259581.33648561905,1003.67,1
2026-09-13T22:18:44.119733+00:00,1789337924.1197338,F_lat_centralindia_rep1,r3-pub,F01,load,16,1,1000,6,207.0,2316959125,22057636,809906380799,61127,1789156079.537691,6005324.451,192964.18600000002,90717689,89338889,433261546,8303,22788,16055216,4881716604,11084516.811,797922.9,17B/18D68000,17B/18DFB7F8,1,1.000539779663086,6303288,6299887.448875367,6.00804085624253,4057,4054.8112953251325,4054,4051.812913790507,0.0,0.0,6410875.539761062,0.0,streaming,17B/18D65FE0,17B/18C5DDF0,17B/18C5D820,8224,1090064,1134984,1091552,0.225599,0.225599,0.225599,9626.803647170736,True,64095104,reserved,9.2,37.1,0.0,14811333.143585902,0.0,18.989749719294434,6472576.234980584,254550.59876356108,1003.67,1
2026-09-13T22:18:45.120321+00:00,1789337925.120321,F_lat_centralindia_rep1,r3-pub,F01,load,16,1,1000,6,207.0,2316983772,22057636,809912687917,61127,1789156079.537691,6005357.408,192964.18600000002,90721747,89338889,433265601,8303,22788,16055216,4881761620,11084516.811,797931.626,17B/19328000,17B/19400F50,1,1.0005872249603271,6307118,6303416.476509656,6.011406399259239,4058,4055.6184396226904,4055,4052.620200263679,0.0,0.0,6025773.515386486,0.0,streaming,17B/19325EC8,17B/19219C58,17B/19219C58,8504,1106856,1249616,1106856,0.225993,0.264602,0.225993,15295.018383436583,True,70124416,reserved,2.9,37.1,0.0,14421739.1947735,0.0,19.988262393409023,6068629.349371076,227053.66841857077,1003.66,1
2026-09-13T22:18:46.120737+00:00,1789337926.120737,F_lat_centralindia_rep1,r3-pub,F01,load,16,1,1000,6,207.0,2317008408,22057636,809918986058,61127,1789156079.537691,6005389.234,192964.18600000002,90725802,89338889,433269652,8303,22788,16055216,4881806978,11084516.811,797939.916,17B/1995C000,17B/19A05700,1,1.0004160404205322,6298141,6295521.808459339,6.003877457103099,4055,4053.3136576813095,4051,4049.3153211509207,0.0,0.0,6501743.012103052,0.0,streaming,17B/19959C38,17B/19851D70,17B/198517E8,9160,1090192,1342624,1091608,0.227402,0.227402,0.227402,-15241.65885384084,True,76628864,reserved,3.1,37.1,0.0,6501743.012103052,0.0,12.99459372376252,6548199.684249636,264552.9352855508,1003.66,1
2026-09-13T22:18:47.121235+00:00,1789337927.121226,F_lat_centralindia_rep1,r3-pub,F01,load,16,1,1000,6,207.0,2317033069,22057636,809925304918,61127,1789156079.537691,6005422.977,192964.18600000002,90729854,89338889,433273701,8303,22788,16055216,4881851665,11084516.811,797948.302,17B/19F96000,17B/1A00F188,1,1.0004889965057373,6318860,6315771.609751796,6.0231891725080455,4052,4050.019554589638,4049,4047.021020862153,0.0,0.0,6525832.89051951,0.0,streaming,17B/19F93FF0,17B/19E8BD98,17B/19E8B6B0,8208,1090152,1656592,1091920,0.225577,0.263832,0.225577,311.84750765843216,True,83157888,reserved,2.9,37.1,0.0,14918528.891501315,0.0,20.98973609239447,6561040.674036396,255404.1082834984,1003.65,1
2026-09-13T22:18:48.121624+00:00,1789337928.121625,F_lat_centralindia_rep1,r3-pub,F01,load,16,1,1000,6,207.0,2317057668,22057636,809931586950,61127,1789156079.537691,6005457.918,192964.18600000002,90733901,89338889,433277745,8303,22788,16055216,4881896470,11084516.811,797956.566,17B/1A520000,17B/1A611C28,1,1.000398874282837,6282032,6279527.258068383,5.988623865192778,4047,4045.386399401141,4044,4042.3875955468775,0.0,0.0,5805812.210818124,0.0,streaming,17B/1A51DE18,17B/1A415D38,17B/1A415760,8680,1090248,1282488,1091744,0.226174,0.241236,0.226174,-175.92982611677806,True,88966016,reserved,4.8,37.1,0.0,14232019.213542877,0.0,22.990829549351677,5854340.853990382,240438.09542711984,1003.65,1
2026-09-13T22:18:49.122260+00:00,1789337929.1222606,F_lat_centralindia_rep1,r3-pub,F01,load,16,1,1000,6,207.0,2317082287,22057637,809937880372,61127,1789156079.537691,6005490.298,192964.18600000002,90737947,89338889,433281788,8303,22788,16055216,4881941389,11084516.811,797966.968,17B/1AB572E8,17B/1AC167C8,1,1.0006356239318848,6293422,6289424.291402607,5.998062411692245,4046,4043.429899189177,4043,4040.4318048496893,0.0,0.0,6513339.9652415905,0.0,streaming,17B/1AB55FB0,17B/1AA4DBB0,17B/1AA4DBB0,4920,1087288,1632992,1087288,0.225872,0.225872,0.225872,-4453.169458919173,True,95483496,reserved,4.8,37.1,0.0,14957276.796912057,0.0,22.985389936072927,6548230.78779977,262090.40906368167,1003.64,1
2026-09-13T22:18:50.122968+00:00,1789337930.1229107,F_lat_centralindia_rep1,r3-pub,F01,load,16,1,1000,6,207.0,2317106912,22057637,809944173556,61127,1789156079.537691,6005529.127,192964.18600000002,90741995,89338889,433285834,8303,22788,16055216,4881986183,11084516.811,797976.197,17B/1B21A000,17B/1B21AFF0,1,1.00065016746521,6293184,6289095.0350226145,5.997748408339133,4048,4045.369832150394,4046,4043.3711316404383,0.0,0.0,7084825.676848229,0.0,streaming,17B/1B149F40,17B/1AFFFB58,17B/1AFFF580,852160,2204840,2540040,2206336,0.225744,0.225744,0.225744,1118320.9041324689,True,7781112,reserved,5.6,37.1,0.0,7134689.257170605,0.0,22.985055864490874,6491039.737147521,249638.69304372542,1003.64,1
2026-09-13T22:18:51.123499+00:00,1789337931.123499,F_lat_centralindia_rep1,r3-pub,F01,load,16,1,1000,6,207.0,2317131529,22057637,809950469511,61127,1789156079.537691,6005555.649,192964.18600000002,90746038,89338889,433289873,8303,22788,16055216,4882030875,11084516.811,797984.645,17B/1B748000,17B/1B822E28,1,1.0005881786346436,6295955,6292254.030615442,6.000761061301653,4043,4040.62339165039,4039,4036.6257429819257,0.0,0.0,5428103.305609003,0.0,streaming,17B/1B745FE0,17B/1B63DE90,17B/1B63DE90,8224,1089904,1832192,1089904,0.226225,0.226225,0.226225,-1115775.724557761,True,13212408,reserved,6.4,37.1,0.0,13819967.390449466,0.0,15.990594673857592,6098560.956743172,257473.55955328513,1003.63,1
2026-09-13T22:18:52.124091+00:00,1789337932.1240916,F_lat_centralindia_rep1,r3-pub,F01,load,16,1,1000,6,207.0,2317156157,22057637,809956780582,61127,1789156079.537691,6005587.227,192964.18600000002,90750086,89338889,433293918,8303,22788,16055216,4882075848,11084516.811,797992.865,17B/1BD80000,17B/1BE289D8,1,1.0005927085876465,6311071,6307332.589808878,6.015141095932844,4048,4045.6021368712754,4045,4042.603913943752,0.0,0.0,6516969.336308941,0.0,streaming,17B/1BD7DCB8,17B/1BC71E88,17B/1BC71E88,9032,1106296,1134584,1106296,0.225807,0.225807,0.225807,16382.290075986646,True,19733240,reserved,2.3,37.1,0.0,14900608.281510392,0.0,20.98756049266225,6541758.6434737025,253457.7734010994,1003.63,1
2026-09-13T22:18:53.124318+00:00,1789337933.124318,F_lat_centralindia_rep1,r3-pub,F01,load,16,1,1000,6,207.0,2317180692,22057637,809963063266,61127,1789156079.537691,6005625.201,192964.18600000002,90754127,89338889,433297956,8303,22788,16055216,4882120660,11084516.811,798000.997,17B/1C42D760,17B/1C42D760,1,1.0002262592315674,6282684,6281262.806304173,5.990279012970135,4041,4040.0858932703222,4038,4037.086571894472,0.0,0.0,7000368.1020925315,0.0,streaming,17B/1C39AAD0,17B/1C217FF8,17B/1C217F28,601232,2185064,2306360,2185272,0.225849,0.247525,0.225849,1078731.9269431427,True,26735192,reserved,8.5,37.1,0.0,11142694.862422839,0.0,62.98574889285581,6720238.48400466,230860.76562057162,1003.62,1
2026-09-13T22:18:54.124682+00:00,1789337934.124683,F_lat_centralindia_rep1,r3-pub,F01,load,16,1,1000,6,207.0,2317205220,22057637,809969329887,61127,1789156079.537691,6005651.435,192964.18600000002,90758166,89338889,433301993,8303,22788,16055216,4882165668,11084516.811,798009.459,17B/1C952000,17B/1CA2A2D0,1,1.0003650188446045,6266621,6264334.399895134,5.974134826560149,4039,4037.526226841618,4037,4035.526956612927,0.0,0.0,5390576.338053332,0.0,streaming,17B/1C94FC38,17B/1C849FC8,17B/1C849AC0,9160,1081400,1189320,1082688,0.226226,0.247659,0.226226,-1102181.6829155579,True,32127736,reserved,7.9,37.1,0.0,5982072.430832957,0.0,16.993796943874102,5765408.517244362,265733.0024464737,1003.61,1
2026-09-13T22:18:55.127335+00:00,1789337935.1273358,F_lat_centralindia_rep1,r3-pub,F01,load,16,1,1000,6,207.0,2317229788,22057638,809975619415,61127,1789156079.537691,6005683.61,192964.18600000002,90762207,89338889,433306031,8303,22788,16055216,4882210646,11084516.811,798019.911,17B/1CF85E70,17B/1D0306E0,1,1.002652883529663,6289528,6272886.762025581,5.982290994668561,4041,4030.3080621225267,4038,4027.315999715606,0.0,0.0,6486839.171203142,0.0,streaming,17B/1CF83FF8,17B/1CE7BE68,17B/1CE7B898,7800,1089544,1482448,1091032,0.233157,0.233157,0.233157,8321.922907782817,True,38631784,reserved,4.4,37.1,0.0,17312918.84275167,0.0,38.89681128997242,6530069.4862124715,268507.68039708654,1003.61,1
2026-09-13T22:18:56.127763+00:00,1789337936.127764,F_lat_centralindia_rep1,r3-pub,F01,load,16,1,1000,6,207.0,2317254386,22057638,809981918728,61127,1789156079.537691,6005721.32,192964.18600000002,90766252,89338889,433310073,8303,22788,16055216,4882255324,11084516.811,798028.407,17B/1D634000,17B/1D634928,1,1.0004281997680664,6299313,6296616.790150855,6.0049217130192325,4045,4043.2686732918664,4042,4040.2699573413406,0.0,0.0,7001561.932804271,0.0,streaming,17B/1D5EAF08,17B/1D421B80,17B/1D421B80,299256,2172032,2389408,2172032,0.091808,0.091808,0.091808,1080537.3141726842,True,45636344,reserved,7.7,37.1,0.0,15423027.863046162,0.0,21.990583637186912,7038111.282381259,243344.79981315983,1003.6,1
2026-09-13T22:18:57.127966+00:00,1789337937.1279666,F_lat_centralindia_rep1,r3-pub,F01,load,16,1,1000,6,207.0,2317279004,22057638,809988196493,61127,1789156079.537691,6005749.3780000005,192964.18600000002,90770298,89338889,433314116,8303,22788,16055216,4882300042,11084516.811,798036.393,17B/1DB5C000,17B/1DC39760,1,1.0002026557922363,6277765,6276493.032332067,5.9857302020378755,4046,4045.1802207976157,4043,4042.180828641809,0.0,0.0,5405624.5188805945,0.0,streaming,17B/1DB59B70,17B/1DA4FF80,17B/1DA4EE70,9360,1097856,1548608,1102224,0.053275,0.053275,0.053275,-1069591.2411396578,True,51043064,reserved,2.5,37.1,0.0,5422005.199240838,0.0,10.997771237956938,5447817.968133708,249159.50638284077,1003.6,1
2026-09-13T22:18:58.128545+00:00,1789337938.1285458,F_lat_centralindia_rep1,r3-pub,F01,load,16,1,1000,6,207.0,2317303625,22057638,809994505247,61127,1789156079.537691,6005791.932,192964.18600000002,90774348,89338889,433318162,8303,22788,16055216,4882344692,11084516.811,798045.091,17B/1E20DBE8,17B/1E23D468,1,1.0005791187286377,6308754,6305102.597000095,6.013014409065337,4050,4047.655926645798,4046,4043.658241779975,0.0,0.0,7015433.23122629,0.0,streaming,17B/1E20BBE8,17B/1DFFF608,17B/1DFFF608,8192,2156000,2375736,2156000,0.013176,0.013176,0.013176,1053166.091791877,True,58062560,reserved,4.3,37.1,0.0,15498480.53965406,0.0,26.98437284430532,7049152.703648291,267092.3218341505,1003.59,1
2026-09-13T22:18:59.129323+00:00,1789337939.1293077,F_lat_centralindia_rep1,r3-pub,F01,load,16,1,1000,6,207.0,2317328206,22057638,810000795050,61127,1789156079.537691,6005827.211,192964.18600000002,90778384,89338889,433322196,8303,22788,16055216,4882389261,11084516.811,798054.174,17B/1E843BA8,17B/1E844828,2,1.0007619857788086,6289803,6285013.908781894,5.993856343061346,4036,4032.926967004169,4034,4030.9284898153664,0.0,0.0,6507617.288172483,0.0,streaming,17B/1E82E220,17B/1E62FCE0,17B/1E62F140,88456,2178760,2725168,2181736,0.225990,0.261787,0.225990,25716.40446551519,True,64575136,reserved,3.5,37.1,0.0,14922645.156608457,0.0,17.98629469922573,6542748.518674449,229562.07696200119,1003.59,1
2026-09-13T22:19:00.129814+00:00,1789337940.1298027,F_lat_centralindia_rep1,r3-pub,F01,load,16,1,1000,6,207.0,2317352717,22057638,810007055003,61127,1789156079.537691,6005854.967,192964.18600000002,90782421,89338889,433326230,8303,22788,16055216,4882433955,11084516.811,798064.02,17B/1ED69838,17B/1EE4EB50,3,1.0004949569702148,6259953,6256856.125449077,5.967002988289907,4037,4035.002847215934,4034,4032.0043313522606,0.0,0.0,5394977.718174236,0.0,streaming,17B/1ED67F18,17B/1EC5FCA0,17B/1EC5FCA0,6432,1088408,1933304,1088408,0.225791,0.225791,0.225791,-1092787.1173992823,True,69972784,reserved,4.1,37.1,0.0,13788503.28419066,0.0,17.991095182037853,5455000.009722666,269941.3906271596,1003.58,1
2026-09-13T22:19:01.130163+00:00,1789337941.130136,F_lat_centralindia_rep1,r3-pub,F01,load,16,1,1000,6,207.0,2317377358,22057638,810013367662,61127,1789156079.537691,6005893.547,192964.18600000002,90786481,89338889,433330287,8303,22788,16055216,4882479016,11084516.811,798074.91,17B/1F42E000,17B/1F452E68,3,1.000333309173584,6312659,6310555.633916804,6.018214830319217,4060,4058.6472156506825,4057,4055.6482152450294,0.0,0.0,7093899.538207432,0.0,streaming,17B/1F42BD60,17B/1F219B68,17B/1F219AA0,8864,2180248,2851960,2180448,0.227121,0.227121,0.227121,1091676.1343298452,True,77069048,reserved,5.6,37.1,0.0,7128759.918922746,0.0,15.994668830150474,7126972.514680976,248944.0246728676,1003.58,1
2026-09-13T22:19:02.134073+00:00,1789337942.1335511,F_lat_centralindia_rep1,r3-pub,F01,load,16,1,1000,6,207.0,2317401955,22057639,810019668770,61127,1789156079.537691,6005922.232,192964.18600000002,90790531,89338889,433334333,8303,22788,16055216,4882523660,11084516.811,798083.111,17B/1F95C000,17B/1FA62658,1,1.0034151077270508,6301108,6279662.276835111,5.98875262912284,4050,4036.2158879330746,4046,4032.2295018709183,0.0,0.0,5412810.668461076,0.0,streaming,17B/1F959CF8,17B/1F851FD8,17B/1F851A50,8968,1089576,2108080,1090992,0.226098,0.226098,0.226098,-1085748.0534330902,True,82500344,reserved,6.2,37.1,0.0,13781032.29013921,0.0,18.935333795241586,5531137.56934754,254949.32060519487,1003.57,1
2026-09-13T22:19:03.134151+00:00,1789337943.1341515,F_lat_centralindia_rep1,r3-pub,F01,load,16,1,1000,6,207.0,2317426529,22057639,810025951762,61127,1789156079.537691,6005955.905,192964.18600000002,90794577,89338889,433338377,8303,22788,16055216,4882568619,11084516.811,798092.08,17B/1FF8C000,17B/20062CB0,1,1.0006003379821777,6282992,6279222.34432816,5.988333076790009,4046,4043.5724898506537,4044,4041.573689806239,0.0,0.0,6484171.305682252,0.0,streaming,17B/1FF89DD0,17B/1FE81EC0,17B/1FE81EC0,8752,1089856,1525504,1089856,0.226074,0.263243,0.226074,-1135.3184252274698,True,88988408,reserved,2.5,37.1,0.0,14896401.124607144,0.0,22.986200510767432,6459967.8359444365,254249.36444957636,1003.57,1
2026-09-13T22:19:04.134873+00:00,1789337944.1343508,F_lat_centralindia_rep1,r3-pub,F01,load,16,1,1000,6,207.0,2317451108,22057639,810032228727,61127,1789156079.537691,6005995.251,192964.18600000002,90798618,89338889,433342415,8303,22788,16055216,4882613038,11084516.811,798100.139,17B/20638000,17B/20668D30,1,1.000199317932129,6276965,6275714.137635455,5.984987390170531,4041,4040.1947167436606,4038,4037.1953145782977,0.0,0.0,6994573.856002899,0.0,streaming,17B/20635DB0,17B/20421E60,17B/20421E60,8784,2187680,2765848,2187680,0.232968,0.261164,0.232968,1097605.2275957416,True,95984376,reserved,6.9,37.1,0.0,15418366.843004048,0.0,27.994420210052585,7040048.792032685,227654.62435103476,1003.56,1
2026-09-13T22:19:05.134984+00:00,1789337945.1349847,F_lat_centralindia_rep1,r3-pub,F01,load,16,1,1000,6,207.0,2317475678,22057639,810038507277,61127,1789156079.537691,6006021.743,192964.18600000002,90802658,89338889,433346452,8303,22788,16055216,4882657659,11084516.811,798108.662,17B/20B64000,17B/20C6C860,1,1.000633955001831,6278550,6274572.2035671985,5.983898356978606,4040,4037.440444435655,4037,4034.4423450957274,0.0,0.0,5419668.174252668,0.0,streaming,17B/20B61C88,17B/20A57B68,17B/20A57B68,9080,1098904,1392640,1098904,0.225731,0.225731,0.225731,-1088086.2023096224,True,101407480,reserved,2.1,37.1,0.0,5436041.794114458,0.0,10.993030913067377,5550054.515179667,254775.48380769618,1003.55,1
2026-09-13T22:19:06.135465+00:00,1789337946.1354651,F_lat_centralindia_rep1,r3-pub,F01,load,16,1,1000,6,207.0,2317500320,22057639,810044821893,61127,1789156079.537691,6006060.462,192964.18600000002,90806711,89338889,433350501,8303,22788,16055216,4882702971,11084516.811,798118.355,17B/21228000,17B/213185F0,2,1.0004804134368896,6314616,6311583.830319859,6.019195394821033,4053,4051.0538193116395,4049,4047.0557400426424,0.0,0.0,7090865.452957223,0.0,streaming,17B/21224000,17B/2111BF38,17B/2111BF38,16384,1097928,2372280,1097928,0.225319,0.225319,0.225319,-975.5313416353714,True,108501752,reserved,3.7,37.1,0.0,15491821.520779522,0.0,25.987515248483255,6462715.22476723,286982.1299286351,1003.55,1
2026-09-13T22:19:07.136165+00:00,1789337947.1361651,F_lat_centralindia_rep1,r3-pub,F01,load,16,1,1000,6,207.0,2317524949,22057640,810051123580,61127,1789156079.537691,6006100.46,192964.18600000002,90810762,89338889,433354550,8303,22788,16055216,4882747508,11084516.811,798127.058,17B/2196A000,17B/219B5138,2,1.0006999969482422,6301687,6297278.923970991,6.00555317303752,4051,4048.1662959468604,4049,4046.1676949614507,0.0,0.0,7605044.492064309,0.0,streaming,17B/21965EF8,17B/21749CB8,17B/21749CB8,16648,2229064,2509864,2229064,0.225560,0.279476,0.225560,1130344.7621160573,True,116112120,reserved,5.2,37.1,0.0,15987784.599571146,0.0,20.985310346799324,6948434.117322812,249191.56666380764,1003.54,1
2026-09-13T22:19:08.136701+00:00,1789337948.136666,F_lat_centralindia_rep1,r3-pub,F01,load,16,1,1000,6,207.0,2317549509,22057640,810057401581,61127,1789156079.537691,6006134.965,192964.18600000002,90814809,89338889,433358593,8303,22788,16055216,4882792279,11084516.811,798135.527,17B/21F9A000,17B/22057F68,2,1.0005009174346924,6278001,6274857.814320591,5.984170736618606,4047,4044.973802099654,4043,4040.9758047662226,0.0,0.0,6484815.642783764,0.0,streaming,17B/21F97FC0,17B/21E95E50,17B/21E95730,8256,1065392,1524312,1067216,0.225512,0.225512,0.225512,-1161266.3014632764,True,122600184,reserved,8.3,37.1,0.0,6914680.316074355,0.0,38.98047400096035,5940397.351397685,277927.7811288472,1003.54,1
2026-09-13T22:19:09.136885+00:00,1789337949.1368861,F_lat_centralindia_rep1,r3-pub,F01,load,16,1,1000,6,207.0,2317574091,22057640,810063702918,61127,1789156079.537691,6006179.904,192964.18600000002,90818858,89338889,433362639,8303,22788,16055216,4882837421,11084516.811,798145.544,17B/22642000,17B/226F4720,2,1.0002200603485107,6301337,6299950.630668615,6.008101111096015,4049,4048.1091716848696,4046,4045.1098317206674,0.0,0.0,6978048.408235359,0.0,streaming,17B/2262FFC8,17B/2252FF70,17B/2252FF70,73784,1122448,3180376,1122448,0.224647,0.385155,0.224647,55219.84830093818,True,129579768,reserved,6.5,37.1,0.0,15737464.808009675,0.0,34.99229958235871,6284022.135898725,250969.77150461703,1003.53,1
2026-09-13T22:19:10.137464+00:00,1789337950.1374648,F_lat_centralindia_rep1,r3-pub,F01,load,16,1,1000,6,207.0,2317598619,22057640,810069974339,61127,1789156079.537691,6006217.387,192964.18600000002,90822901,89338889,433366679,8303,22788,16055216,4882883045,11084516.811,798154.63,17B/22C66000,17B/22CF7C68,2,1.0005786418914795,6271421,6267794.191713503,5.977434341157439,4043,4040.661903753183,4040,4037.663638674959,0.0,0.0,6435188.33045244,0.0,streaming,17B/22C63D68,17B/22B5BF50,17B/22B5BF50,8856,1089712,2079560,1089712,0.225835,0.225835,0.225835,-32717.068533580066,True,136018680,reserved,6.7,37.3,0.0,14827132.40006281,0.0,18.989012162085203,6515695.745489525,256579.53233409527,1003.53,1
2026-09-13T22:19:11.138397+00:00,1789337951.138397,F_lat_centralindia_rep1,r3-pub,F01,load,16,1,1000,6,207.0,2317623154,22057640,810076240582,61127,1789156079.537691,6006249.7190000005,192964.18600000002,90826943,89338889,433370719,8303,22788,16055216,4882927606,11084516.811,798164.16,17B/2321D8B8,17B/232F5A10,2,1.000932216644287,6266243,6260406.9444463765,5.9703893131698385,4042,4038.2354896629854,4040,4036.2373523598367,0.0,0.0,5989096.864218927,0.0,streaming,17B/2321BE48,17B/23113EC8,17B/23113EC8,6768,1087984,1901800,1087984,0.218376,0.315142,0.218376,-1726.390629920247,True,142013360,reserved,13.5,37.3,0.0,14416768.44849548,0.0,22.97857898620699,6057178.397480452,274231.35696465214,1003.52,1
2026-09-13T22:19:12.138544+00:00,1789337952.1384945,F_lat_centralindia_rep1,r3-pub,F01,load,16,1,1000,6,207.0,2317688209,22057641,810085040719,61127,1789156079.537691,6006285.557,192964.18600000002,90831003,89338889,433374820,8316,22839,16055216,4883085885,11084516.811,798175.944,17B/2385A000,17B/2391B9A8,1,1.0000975131988525,8800137,8799278.954161584,8.391646341477951,4060,4059.6041350147198,4101,4100.600137363391,12.998732452017576,50.995027311761255,6538442.415564545,0.0,streaming,17B/23857DA0,17B/2374FF28,17B/2374FE60,8800,1089752,1114504,1089952,0.226527,0.226527,0.226527,1967.808112736199,True,148552440,reserved,5.4,37.1,0.0,6544769.798561188,0.0,11.998829955708532,6443733.650919145,270561.6166712717,1003.52,1
2026-09-13T22:19:13.139118+00:00,1789337953.139119,F_lat_centralindia_rep1,r3-pub,F01,load,16,1,1000,6,207.0,2317712844,22057641,810091338818,61127,1789156079.537691,6006319.984,192964.18600000002,90835061,89338889,433378874,8316,22839,16055216,4883130875,11084516.811,798186.149,17B/23E8FF60,17B/23F1E4C0,1,1.000624418258667,6298099,6294168.806074355,6.002587133478503,4058,4055.4676919257276,4054,4051.4701880401426,0.0,0.0,6508416.026198241,0.0,streaming,17B/23E8DFE0,17B/23D83D18,17B/23D83D18,8064,1098312,1441832,1098312,0.227013,0.227013,0.227013,8354.783120872125,True,155064920,reserved,2.1,37.1,0.0,15063873.84212672,0.0,25.983775256300866,6565328.489017311,257138.43806426757,1003.51,1
2026-09-13T22:19:14.139735+00:00,1789337954.1397355,F_lat_centralindia_rep1,r3-pub,F01,load,16,1,1000,6,207.0,2317736450,22057642,810097362740,61127,1789156079.537691,6006357.965,192964.18600000002,90838944,89338889,433382757,8316,22839,16055216,4883173992,11084516.811,798194.687,17B/24418000,17B/244CFA80,1,1.0006165504455566,6023922,6020210.23669622,5.741319882103176,3883,3880.6074097724745,3883,3880.6074097724745,0.0,0.0,5796522.1516847,0.0,streaming,17B/24405DE0,17B/24305CB0,17B/24305250,74272,1123152,1212480,1125808,0.076780,0.076780,0.076780,27479.05777468554,True,160865016,reserved,2.3,37.1,0.0,14245297.055753188,0.0,25.983979565821357,5782333.8994579315,234162.62692803482,1003.51,1
2026-09-13T22:19:15.140202+00:00,1789337955.140203,F_lat_centralindia_rep1,r3-pub,F01,load,16,1,1000,6,207.0,2317759724,22057642,810103313568,61127,1789156079.537691,6006392.991,192964.18600000002,90842775,89338889,433386583,8316,22839,16055216,4883216511,11084516.811,798203.644,17B/24A37BE0,17B/24A7A190,1,1.0004675388336182,5950828,5948047.057016657,5.672499711052567,3831,3829.2096957651625,3826,3824.2120323668787,0.0,0.0,6418471.115501047,0.0,streaming,17B/24A35D30,17B/24928000,17B/24927B38,7856,1113056,1436200,1114280,0.051866,0.051866,0.051866,-11522.612731083476,True,167286488,reserved,4.1,37.1,0.0,14394805.869253729,0.0,18.991120913479012,6546965.039601645,244808.54249957998,1003.5,1
2026-09-13T22:19:16.141928+00:00,1789337956.1419282,F_lat_centralindia_rep1,r3-pub,F01,load,16,1,1000,6,207.0,2317782618,22057642,810109166908,61127,1789156079.537691,6006420.711,192964.18600000002,90846548,89338889,433390353,8316,22839,16055216,4883258481,11084516.811,798212.249,17B/24F74000,17B/25011AD0,1,1.001725196838379,5853340,5843259.227654622,5.572566249518034,3773,3766.502042584386,3770,3763.507209261366,0.0,0.0,5480241.504682569,0.0,streaming,17B/24F6FC18,17B/24E67B60,17B/24E67B60,17384,1098912,1743368,1098912,0.227476,0.261826,0.227476,-15341.53283605535,True,172776184,reserved,4.9,37.1,0.0,5495543.106407651,0.0,10.981055517738733,5508214.246197347,225103.65189144932,1003.5,1
2026-09-13T22:19:17.142885+00:00,1789337957.1428854,F_lat_centralindia_rep1,r3-pub,F01,load,16,1,1000,6,207.0,2317805426,22057642,810115010362,61127,1789156079.537691,6006456.575,192964.18600000002,90850307,89338889,433394109,8316,22839,16055216,4883300233,11084516.811,798221.027,17B/25520000,17B/255A4D20,1,1.0009572505950928,5843454,5837865.699585001,5.56742258032322,3759,3755.4051361985594,3756,3752.4080052039876,0.0,0.0,5941704.300022937,0.0,streaming,17B/2551DC88,17B/2541BFD8,17B/2541BD90,9080,1065000,1557344,1065584,0.210262,0.248851,0.210262,-33296.127262363814,True,178723576,reserved,3.9,37.1,0.0,8617926.484744012,0.0,103.90054114515834,6005810.9339095,234007.99570685314,1003.49,1
2026-09-13T22:19:18.143065+00:00,1789337958.1430657,F_lat_centralindia_rep1,r3-pub,F01,load,16,1,1000,6,207.0,2317828452,22057642,810120895479,61127,1789156079.537691,6006485.773,192964.18600000002,90854101,89338889,433397900,8316,22839,16055216,4883342597,11084516.811,798230.502,17B/25A52000,17B/25B499A8,1,1.0001802444458008,5885117,5884056.431509442,5.611473495015566,3794,3793.3162758101194,3791,3790.3168164460103,0.0,0.0,5446698.262890161,0.0,streaming,17B/25A4BFC8,17B/25941EF0,17B/25941EF0,24632,1114384,1851464,1114384,0.225832,0.225832,0.225832,48791.20565617655,True,184171256,reserved,4.3,37.1,0.0,8370715.2250733,0.0,33.99387279323776,5477161.772011843,208552.40958651365,1003.49,1
2026-09-13T22:19:19.143394+00:00,1789337959.143394,F_lat_centralindia_rep1,r3-pub,F01,load,16,1,1000,6,207.0,2317851563,22057642,810126801165,61127,1789156079.537691,6006519.959,192964.18600000002,90857908,89338889,433401703,8316,22839,16055216,4883385081,11084516.811,798238.444,17B/26094000,17B/260EFA50,1,1.0003283023834229,5905686,5903747.785530883,5.630252633601077,3807,3805.750563019448,3803,3801.7518757979933,0.0,0.0,6559638.455060812,0.0,streaming,17B/26000000,17B/25F81FF0,17B/25F81AA8,606208,1122320,1198976,1123672,0.225390,0.225390,0.225390,9284.95172821766,True,190733048,reserved,4.1,37.1,0.0,16931401.38057207,0.0,37.98752860381902,6031574.819610928,252175.21027742577,1003.48,1
2026-09-13T22:19:20.144003+00:00,1789337960.1440032,F_lat_centralindia_rep1,r3-pub,F01,load,16,1,1000,6,207.0,2317875126,22057643,810132822809,61127,1789156079.537691,6006551.945,192964.18600000002,90861788,89338889,433405580,8316,22839,16055216,4883428065,11084516.811,798246.571,17B/266190D8,17B/266BA7A8,1,1.0006091594696045,6021644,6017978.091657595,5.739191142709346,3880,3877.637900153424,3877,3874.639726519285,0.0,0.0,5784340.414261237,0.0,streaming,17B/26617E90,17B/26503BB0,17B/26503BB0,4680,1135912,1851960,1135912,0.216717,0.249190,0.216717,12232.548427288122,True,6529120,reserved,2.7,37.1,-100127230037.65729,-165837428991.71484,-6679803.934178394,-698181.696008372,6443352.970522002,225552.60249629544,1003.48,1
2026-09-13T22:19:21.144936+00:00,1789337961.1449366,F_lat_centralindia_rep1,r3-pub,F01,load,16,1,1000,6,207.0,2317898887,22057643,810138889041,61127,1789156079.537691,6006584.047,192964.18600000002,90865698,89338889,433409487,8316,22839,16055216,4883471716,11084516.811,798255.213,17B/26C2B610,17B/26C90DF0,3,1.0009334087371826,6066232,6060575.006336735,5.77981472619699,3910,3906.35377525565,3907,3903.3565728705435,0.0,0.0,6360582.976276369,0.0,streaming,17B/26C29CE0,17B/26B29BC8,17B/26B29BC8,6448,1055304,2033600,1055304,0.226918,0.226918,0.226918,-80532.82995289193,True,12895640,reserved,7.7,37.1,100098039743.1289,165806439045.11417,6677652.021259491,698000.480253174,6415889.352821279,255739.2907116089,1003.47,1
2026-09-13T22:19:22.145482+00:00,1789337962.145482,F_lat_centralindia_rep1,r3-pub,F01,load,16,1,1000,6,207.0,2317923072,22057643,810145068565,61127,1789156079.537691,6006618.623,192964.18600000002,90869680,89338889,433413467,8316,22839,16055216,4883515881,11084516.811,798263.873,17B/2721A000,17B/2728FD40,3,1.0005455017089844,6179524,6176154.896948762,5.890040299366724,3982,3979.828996480954,3980,3977.830086889552,0.0,0.0,6216880.680963982,0.0,streaming,17B/27217F80,17B/2710FDE8,17B/2710FDE8,8320,1090072,2208296,1090072,0.227459,0.227459,0.227459,34749.04433692863,True,19115912,reserved,7.7,37.1,0.0,14639310.2312505,0.0,22.987460301120528,6264442.735781796,255158.81043284645,1003.47,1
2026-09-13T22:19:23.146099+00:00,1789337963.1460998,F_lat_centralindia_rep1,r3-pub,F01,load,16,1,1000,6,207.0,2317947395,22057643,810151274543,61127,1789156079.537691,6006653.733,192964.18600000002,90873684,89338889,433417468,8316,22839,16055216,4883559983,11084516.811,798273.243,17B/2783C000,17B/2787C130,2,1.0006177425384521,6205978,6202146.670172116,5.914827985927692,4004,4001.5280858825395,4001,3998.529937966044,0.0,0.0,6426749.923188453,0.0,streaming,17B/27839D10,17B/2762DDC0,17B/2762C790,8944,2155072,2312640,2160752,0.226030,0.265960,0.226030,1070019.0037444348,True,25546632,reserved,4.5,37.1,0.0,6463591.164786348,0.0,16.989504860140652,6489687.044251524,246381.79948175972,1003.46,1
2026-09-13T22:19:24.150797+00:00,1789337964.1497753,F_lat_centralindia_rep1,r3-pub,F01,load,16,1,1000,6,207.0,2317972137,22057643,810157604035,61127,1789156079.537691,6006686.979,192964.18600000002,90877761,89338889,433421540,8316,22839,16055216,4883605104,11084516.811,798282.509,17B/27E7D7E8,17B/27E95DB0,1,1.0036754608154297,6329492,6306313.392237013,6.014169113385213,4077,4062.0700208089847,4072,4057.088330815351,0.0,0.0,6535698.297007877,0.0,streaming,17B/27E7BEF8,17B/27C63CE0,17B/27C63CE0,6384,2202376,2711736,2202376,0.226165,0.265077,0.226165,41471.572859002496,True,32106352,reserved,5.8,37.1,0.0,14903813.617050065,0.0,19.926759974535123,6584962.229354922,227314.51440950943,1003.46,1
2026-09-13T22:19:25.149979+00:00,1789337965.1499796,F_lat_centralindia_rep1,r3-pub,F01,load,16,1,1000,6,207.0,2317996948,22057643,810163968338,61127,1789156079.537691,6006720.24,192964.18600000002,90881845,89338889,433425623,8316,22839,16055216,4883650375,11084516.811,798291.891,17B/28434000,17B/284AD2A8,1,1.00020432472229,6364303,6363002.881203367,6.068232423022621,4084,4083.165708300587,4083,4082.1659125835695,0.0,0.0,5989200.25832048,0.0,streaming,17B/28431E00,17B/28325DC8,17B/28325D80,8704,1106488,1506744,1106560,0.218076,0.264844,0.218076,-1095592.1434395486,True,38096776,reserved,5.0,37.1,0.0,14406784.337791089,0.0,21.99550577439102,6012483.500978389,273424.1326900207,1003.45,1
2026-09-13T22:19:26.150484+00:00,1789337966.1504843,F_lat_centralindia_rep1,r3-pub,F01,load,16,1,1000,6,207.0,2318021854,22057644,810170344578,61127,1789156079.537691,6006757.355,192964.18600000002,90885946,89338889,433429720,8316,22839,16055216,4883695627,11084516.811,798300.624,17B/28A66000,17B/28AC7FB0,1,1.000504732131958,6376240,6373023.330347456,6.077788668010193,4101,4098.931137748095,4097,4094.933155658119,0.0,0.0,6492978.784975101,0.0,streaming,17B/28A63E48,17B/2885FFC8,17B/2885F470,8632,2121784,2844552,2124688,0.234365,0.234365,0.234365,1017614.3773258212,True,44593032,reserved,8.3,37.1,0.0,14885542.788253132,0.0,21.98890149486908,6569999.909938493,265232.1288221558,1003.44,1
2026-09-13T22:19:27.151007+00:00,1789337967.1510074,F_lat_centralindia_rep1,r3-pub,F01,load,16,1,1000,6,207.0,2318046818,22057644,810176737368,61127,1789156079.537691,6006794.044,192964.18600000002,90890061,89338889,433433832,8316,22839,16055216,4883741203,11084516.811,798309.307,17B/2909C000,17B/290E4B10,1,1.0005230903625488,6392790,6389447.7414644305,6.093452207054549,4115,4112.848608530256,4112,4109.850176980902,0.0,0.0,6509235.081861114,0.0,streaming,17B/28FFFEE0,17B/28E87D88,17B/28E87230,639264,2179704,3159752,2182608,0.226349,0.226349,0.226349,57889.718446190134,True,51105672,reserved,4.1,37.1,0.0,6546079.808739573,0.0,13.99268056365093,5916728.016596695,265918.9003859885,1003.44,1
2026-09-13T22:19:28.151348+00:00,1789337968.1513488,F_lat_centralindia_rep1,r3-pub,F01,load,16,1,1000,6,207.0,2318071812,22057644,810183100144,61127,1789156079.537691,6006827.682,192964.18600000002,90894175,89338889,433437943,8316,22839,16055216,4883786768,11084516.811,798318.506,17B/29636000,17B/296FA730,1,1.0003414154052734,6362776,6360604.391673833,6.065945045160134,4114,4112.5958964053025,4111,4109.596920301945,0.0,0.0,5871659.32505191,0.0,streaming,17B/29634000,17B/29527C60,17B/29527C18,8192,1106848,1857680,1106920,0.228244,0.228244,0.228244,-1075320.868889749,True,56979336,reserved,6.5,37.1,0.0,14412999.18004374,0.0,23.991808826866134,6583072.437655753,257025.247620918,1003.43,1
2026-09-13T22:19:29.151960+00:00,1789337969.1519413,F_lat_centralindia_rep1,r3-pub,F01,load,16,1,1000,6,207.0,2318096780,22057644,810189486403,61127,1789156079.537691,6006860.816,192964.18600000002,90898280,89338889,433442046,8316,22839,16055216,4883832492,11084516.811,798328.514,17B/29C82000,17B/29D16190,1,1.0005924701690674,6386259,6382477.572433592,6.086804935868828,4105,4102.569350043569,4103,4100.570534282281,0.0,0.0,6598842.38273785,0.0,streaming,17B/29C7FEC0,17B/29B75D40,17B/29B75D40,8512,1098432,1259536,1098432,0.227181,0.267370,0.227181,-8482.974090906167,True,63582088,reserved,4.1,37.1,0.0,14990670.474929284,0.0,19.988157612879753,6641685.999173177,279212.57487855596,1003.43,1
2026-09-13T22:19:30.152400+00:00,1789337970.1524005,F_lat_centralindia_rep1,r3-pub,F01,load,16,1,1000,6,207.0,2318121737,22057644,810195864763,61127,1789156079.537691,6006896.937,192964.18600000002,90902388,89338889,433446150,8316,22839,16055216,4883877966,11084516.811,798337.14,17B/2A330000,17B/2A330980,1,1.0004591941833496,6378360,6375432.438507899,6.080086172588252,4108,4106.1144961072205,4104,4102.116332040903,0.0,0.0,7000945.206683142,0.0,streaming,17B/2A246778,17B/2A111E70,17B/2A111E70,958984,2222864,3092176,2222864,0.217370,0.302787,0.217370,1123915.9043541464,True,70588680,reserved,4.6,37.1,0.0,15406173.57470682,0.0,24.988525414479188,6265580.881703815,238684.3975130057,1003.42,1
2026-09-13T22:19:31.152763+00:00,1789337971.1527636,F_lat_centralindia_rep1,r3-pub,F01,load,16,1,1000,6,207.0,2318146667,22057644,810202237327,61127,1789156079.537691,6006925.796,192964.18600000002,90906487,89338889,433450246,8316,22839,16055216,4883923281,11084516.811,798346.084,17B/2A86A000,17B/2A947AE8,1,1.0003631114959717,6372564,6370250.8886701,6.075144661588764,4099,4097.512146234819,4096,4094.5132351739003,0.0,0.0,5478458.7086626785,0.0,streaming,17B/2A867D08,17B/2A75DFC0,17B/2A75DFC0,8952,1097792,1395736,1097792,0.225983,0.264890,0.225983,-1124663.621709856,True,76066696,reserved,4.1,37.1,0.0,6534843.1233375445,0.0,11.995644243673535,6302850.362575959,259587.74070713593,1003.42,1
2026-09-13T22:19:32.153449+00:00,1789337972.1534495,F_lat_centralindia_rep1,r3-pub,F01,load,16,1,1000,6,207.0,2318171455,22057645,810208602815,61127,1789156079.537691,6006956.677,192964.18600000002,90910570,89338889,433454326,8316,22839,16055216,4883968339,11084516.811,798356.262,17B/2AEB2E60,17B/2AF5C560,1,1.0006859302520752,6365488,6361124.712122732,6.06644126140855,4083,4080.201266516741,4080,4077.2033228969635,0.0,0.0,6585530.785208453,0.0,streaming,17B/2AEB1B88,17B/2ADA5FE8,17B/2ADA5FE8,4824,1101432,1799384,1101432,0.226138,0.226138,0.226138,3637.504925329644,True,82656744,reserved,5.4,37.1,0.0,15079320.637793796,0.0,21.98491987836598,6619863.235542141,259697.86537773805,1003.41,1
2026-09-13T22:19:33.153734+00:00,1789337973.1537342,F_lat_centralindia_rep1,r3-pub,F01,load,16,1,1000,6,207.0,2318196173,22057645,810214933948,61127,1789156079.537691,6006995.714,192964.18600000002,90914648,89338889,433458401,8316,22839,16055216,4884013326,11084516.811,798364.834,17B/2B520000,17B/2B569C20,1,1.0002846717834473,6331133,6329331.217994145,6.036120622629304,4078,4076.8394388461156,4075,4073.840292618421,0.0,0.0,6736418.3317794455,0.0,streaming,17B/2B51DE48,17B/2B307DE8,17B/2B307808,8632,2195992,2386056,2197496,0.075674,0.075674,0.075674,1095752.0703039304,True,89395080,reserved,3.7,37.1,0.0,15159076.638617871,0.0,25.992600640019372,6790218.016527239,264728.6392261419,1003.41,1
2026-09-13T22:19:34.153985+00:00,1789337974.1539857,F_lat_centralindia_rep1,r3-pub,F01,load,16,1,1000,6,207.0,2318220881,22057645,810221244277,61127,1789156079.537691,6007029.889,192964.18600000002,90918719,89338889,433462469,8316,22839,16055216,4884058382,11084516.811,798373.466,17B/2BB56000,17B/2BB6FBF0,1,1.0002515316009521,6310329,6308742.151986516,6.016485359179035,4071,4069.976272352378,4068,4066.977026757424,0.0,0.0,6511002.2771734195,0.0,streaming,17B/2BB2E1D8,17B/2B941F48,17B/2B941F48,163368,2179256,2712344,2179256,0.055657,0.055657,0.055657,-18235.413217319423,True,95907720,reserved,4.1,37.1,32759.75988514928,11793513.55865374,0.9997485316512842,21.994467696328254,6571937.949926097,206848.97094718236,1003.4,1
2026-09-13T22:19:35.154458+00:00,1789337975.1544583,F_lat_centralindia_rep1,r3-pub,F01,load,16,1,1000,6,207.0,2318245484,22057645,810227534751,61127,1789156079.537691,6007070.691,192964.18600000002,90922772,89338889,433466519,8316,22839,16055216,4884102727,11084516.811,798381.735,17B/2C116000,17B/2C176450,1,1.0004725456237793,6290474,6287502.86803521,5.9962299995758155,4053,4051.085677191688,4050,4048.087094158978,0.0,0.0,6026464.220705643,0.0,streaming,17B/2C103BA0,17B/2BF79DD0,17B/2BF79228,74848,1688112,2541960,1691096,0.046769,0.046769,0.046769,-487929.4310826288,True,101937032,reserved,4.5,37.1,0.0,9191176.749649571,0.0,16.991970518692007,6003261.185198531,254732.62721177726,1003.39,1
2026-09-13T22:19:36.154956+00:00,1789337976.1549568,F_lat_centralindia_rep1,r3-pub,F01,load,16,1,1000,6,207.0,2318270094,22057645,810233808484,61127,1789156079.537691,6007102.374,192964.18600000002,90926824,89338889,433470568,8316,22839,16055216,4884147415,11084516.811,798389.504,17B/2C72C000,17B/2C775638,1,1.0004985332489014,6273733,6270606.8939725645,5.980116743061604,4052,4049.980949839088,4049,4046.9824446936,0.0,0.0,6378388.16142713,0.0,streaming,17B/2C729D18,17B/2C51BF50,17B/2C51B260,8936,2162864,2784656,2166176,0.219051,0.256968,0.219051,474843.2748394753,True,108318600,reserved,3.1,37.1,0.0,14771004.163304932,0.0,19.99003430325315,6525656.743142626,271589.6035525731,1003.39,1
2026-09-13T22:19:37.155308+00:00,1789337977.155308,F_lat_centralindia_rep1,r3-pub,F01,load,16,1,1000,6,207.0,2318294673,22057645,810240092722,61127,1789156079.537691,6007133.894,192964.18600000002,90930872,89338889,433474613,8316,22839,16055216,4884192096,11084516.811,798397.479,17B/2CD5C000,17B/2CD756A8,1,1.0003511905670166,6284238,6282031.80968674,5.991012391745319,4048,4046.5788796687716,4045,4043.5799328705984,0.0,0.0,6485786.253048244,0.0,streaming,17B/2CD59DC0,17B/2CB4BBE0,17B/2CB4A490,8768,2163744,3092592,2169712,0.226171,0.226171,0.226171,3534.758626113828,True,114806664,reserved,5.2,37.1,0.0,14879638.411349317,0.0,19.992978654489978,6541535.674377356,217438.63760156938,1003.38,1
2026-09-13T22:19:38.155769+00:00,1789337978.1557696,F_lat_centralindia_rep1,r3-pub,F01,load,16,1,1000,6,207.0,2318319227,22057646,810246375425,61127,1789156079.537691,6007166.547,192964.18600000002,90934913,89338889,433478651,8316,22839,16055216,4884236695,11084516.811,798405.261,17B/2D31A000,17B/2D379458,1,1.0004615783691406,6282703,6279804.378136617,5.988888147484414,4041,4039.1356223666903,4038,4036.1370064629286,0.0,0.0,6018342.063485406,0.0,streaming,17B/2D317EB0,17B/2D20FFF8,17B/2D20FFF8,8528,1089544,1913040,1089544,0.226727,0.226727,0.226727,-1079669.6478447372,True,120827784,reserved,2.7,37.1,0.0,6145259.4811507445,0.0,20.99031132633024,6054047.582590128,274135.4649991421,1003.38,1
2026-09-13T22:19:39.156191+00:00,1789337979.1561913,F_lat_centralindia_rep1,r3-pub,F01,load,16,1,1000,6,207.0,2318343758,22057646,810252644590,61127,1789156079.537691,6007204.08,192964.18600000002,90938958,89338889,433482693,8316,22839,16055216,4884281138,11084516.811,798413.701,17B/2D948000,17B/2D9791A0,1,1.0004217624664307,6269165,6266522.016218497,5.976221100061891,4045,4043.2946900590146,4042,4040.2959548129884,0.0,0.0,6477140.185379997,0.0,streaming,17B/2D945DD8,17B/2D735FC0,17B/2D7359B0,8744,2170944,2206496,2172496,0.225606,0.225606,0.225606,1082495.4440516168,True,127307656,reserved,4.6,37.1,0.0,14862211.676946517,0.0,19.99156830684309,6530573.649150527,214064.71553759908,1003.37,1
2026-09-13T22:19:40.158071+00:00,1789337980.158071,F_lat_centralindia_rep1,r3-pub,F01,load,16,1,1000,6,207.0,2318368288,22057646,810258914108,61127,1789156079.537691,6007239.526,192964.18600000002,90943004,89338889,433486736,8316,22839,16055216,4884325549,11084516.811,798421.836,17B/2DF74000,17B/2DF754C0,1,1.0018796920776367,6269518,6257755.346850736,5.967860552645432,4046,4038.4090345315344,4043,4035.4146630279274,0.0,0.0,6459538.057488146,0.0,streaming,17B/2DF042C8,17B/2DD61EA0,17B/2DD618C8,458040,2171232,2468280,2172728,0.226480,0.261982,0.226480,231.5647296122877,True,133779336,reserved,2.1,37.1,0.0,14399046.226881806,0.0,18.964352856178735,6335641.944031062,251317.60029774965,1003.37,1
2026-09-13T22:19:41.158712+00:00,1789337981.1587124,F_lat_centralindia_rep1,r3-pub,F01,load,16,1,1000,6,207.0,2318392782,22057646,810265174657,61127,1789156079.537691,6007278.593,192964.18600000002,90947045,89338889,433490775,8316,22839,16055216,4884370072,11084516.811,798430.384,17B/2E52A000,17B/2E575370,1,1.0006413459777832,6260549,6256536.395547861,5.96669807009493,4041,4038.409982001404,4039,4036.411263871237,0.0,0.0,5984513.856109397,0.0,streaming,17B/2E527FA0,17B/2E41FE20,17B/2E41FE20,8288,1090016,2251144,1090016,0.210234,0.265734,0.210234,-1082018.0520744133,True,139767688,reserved,5.4,37.1,0.0,8518312.814339025,0.0,64.9583392304111,6249134.14295279,289409.3884527831,1003.36,1
2026-09-13T22:19:42.159092+00:00,1789337982.1590922,F_lat_centralindia_rep1,r3-pub,F01,load,16,1,1000,6,207.0,2318417340,22057646,810271454447,61127,1789156079.537691,6007311.446,192964.18600000002,90951093,89338889,433494820,8316,22839,16055216,4884414670,11084516.811,798438.392,17B/2EB5E000,17B/2EB76B90,1,1.0003798007965088,6279790,6277405.836263378,5.986600719703081,4048,4046.463150072559,4045,4043.464289042367,0.0,0.0,6501978.543370345,0.0,streaming,17B/2EB5BDA8,17B/2E947D20,17B/2E947CE0,8792,2188000,2525208,2188064,0.226122,0.265069,0.226122,1097631.1188267968,True,146272136,reserved,6.5,37.1,0.0,6518356.323076568,0.0,12.995064464165827,6557220.562407514,204942.16280332906,1003.36,1
2026-09-13T22:19:43.159569+00:00,1789337983.1595695,F_lat_centralindia_rep1,r3-pub,F01,load,16,1,1000,6,207.0,2318441960,22057646,810277745852,61127,1789156079.537691,6007344.142,192964.18600000002,90955150,89338889,433498874,8316,22839,16055216,4884459455,11084516.811,798445.96,17B/2F1175C0,17B/2F175F40,1,1.0004773139953613,6291405,6288403.457021485,5.997088868161664,4057,4055.0644609806814,4054,4052.065892239508,0.0,0.0,5999248.4747413555,0.0,streaming,17B/2F115D38,17B/2EF7BEC0,17B/2EF7BDB8,6280,1685248,2336248,1685512,0.225852,0.265779,0.225852,-502312.2393381226,True,152274248,reserved,4.3,37.1,0.0,8965960.42160891,0.0,41.97996237643299,6063791.667372208,248138.55999252677,1003.35,1
2026-09-13T22:19:44.160100+00:00,1789337984.160101,F_lat_centralindia_rep1,r3-pub,F01,load,16,1,1000,6,207.0,2318466537,22057647,810284026596,61127,1789156079.537691,6007377.587,192964.18600000002,90959198,89338889,433502919,8316,22839,16055216,4884504345,11084516.811,798454.457,17B/2F74A000,17B/2F77D840,4,1.0005314350128174,6280744,6277407.965617333,5.986602750413258,4048,4045.849893709879,4045,4042.851487168098,0.0,0.0,6495428.102083315,0.0,streaming,17B/2F747FF8,17B/2F537F40,17B/2F537F40,8200,2171072,2800992,2171072,0.231489,0.231489,0.231489,485302.0934757334,True,158773128,reserved,6.7,37.1,0.0,18299395.060751338,0.0,235.87464795344158,6549776.219590791,250747.74386952276,1003.35,1
2026-09-13T22:19:45.160548+00:00,1789337985.160543,F_lat_centralindia_rep1,r3-pub,F01,load,16,1,1000,6,207.0,2318491187,22057647,810290336302,61127,1789156079.537691,6007410.011,192964.18600000002,90963257,89338889,433506975,8316,22839,16055216,4884549392,11084516.811,798462.405,17B/2FD80000,17B/2FD85618,7,1.0004420280456543,6309706,6306918.165289296,6.01474586991243,4059,4057.2066008953907,4056,4054.2079263936203,0.0,0.0,6509762.502403389,0.0,streaming,17B/2FD69EB8,17B/2FB6DFC8,17B/2FB6D5B8,90440,2170936,3116336,2173512,0.226039,0.226039,0.226039,2438.9219281066157,True,165285768,reserved,3.1,37.1,0.0,14902852.521225369,0.0,19.991163345136194,6550850.340426647,245069.6723316901,1003.34,1
2026-09-13T22:19:46.161063+00:00,1789337986.1610634,F_lat_centralindia_rep1,r3-pub,F01,load,16,1,1000,6,207.0,2318515740,22057647,810296601806,61127,1789156079.537691,6007446.267,192964.18600000002,90967304,89338889,433511019,8316,22839,16055216,4884594023,11084516.811,798470.291,17B/30323D28,17B/3038F780,4,1.0005204677581787,6265504,6262244.703537983,5.9721419368152455,4047,4044.8947626907934,4044,4041.8963232818305,0.0,0.0,5910819.608969121,0.0,streaming,17B/30321EA0,17B/30217D68,17B/30217D68,7816,1097664,1830224,1097664,0.217608,0.306930,0.217608,-1075288.3470845972,True,171199664,reserved,2.5,37.1,0.0,5932016.576630882,0.0,13.992717241826318,5980672.252920121,271079.91164609825,1003.34,1
2026-09-13T22:19:47.161578+00:00,1789337987.1615782,F_lat_centralindia_rep1,r3-pub,F01,load,16,1,1000,6,207.0,2318540340,22057647,810302874007,61127,1789156079.537691,6007481.096,192964.18600000002,90971361,89338889,433515073,8316,22839,16055216,4884639009,11084516.811,798477.958,17B/30951CE0,17B/30999FF0,1,1.0005147457122803,6272201,6268974.072475797,5.97855956313686,4057,4054.9127510477274,4054,4051.914294490384,0.0,0.0,6476466.266758459,0.0,streaming,17B/3094FDD8,17B/3073BD60,17B/3073BD60,7944,2187136,3157968,2187136,0.225804,0.225804,0.225804,1088911.4874807666,True,177679464,reserved,2.3,37.1,0.0,14869018.236616883,0.0,17.990739344061893,6559106.727935406,243304.7599180548,1003.33,1
2026-09-13T22:19:48.165780+00:00,1789337988.1647522,F_lat_centralindia_rep1,r3-pub,F01,load,16,1,1000,6,207.0,2318564950,22057647,810309163945,61127,1789156079.537691,6007517.756,192964.18600000002,90975421,89338889,433519130,8316,22839,16055216,4884683747,11084516.811,798485.945,17B/30F86000,17B/30F9F168,1,1.003174066543579,6289938,6270036.486959721,5.979572760543557,4060,4047.154063689732,4057,4044.1635557608975,0.0,0.0,6484665.241012193,0.0,streaming,17B/30F83CB8,17B/30D71B70,17B/30D71AF0,9032,2180240,2432880,2180368,0.226712,0.261007,0.226712,-6746.585887451258,True,184184712,reserved,4.5,37.1,0.0,14862266.178162128,0.0,18.939883549286925,6544126.506997191,227700.2642094088,1003.33,1
2026-09-13T22:19:49.165442+00:00,1789337989.1654425,F_lat_centralindia_rep1,r3-pub,F01,load,16,1,1000,6,207.0,2318589573,22057647,810315471559,61127,1789156079.537691,6007551.696,192964.18600000002,90979479,89338889,433523185,8316,22839,16055216,4884728291,11084516.811,798493.97,17B/3152E000,17B/315A7E58,1,1.000690221786499,6307614,6303263.350309576,6.011260366735054,4058,4055.201011912945,4055,4052.2030811500717,0.0,0.0,5926917.112682053,0.0,streaming,17B/3152BF60,17B/3141FD20,17B/3141F640,8352,1106656,2222712,1108416,0.226313,0.226313,0.226313,-1071212.6257077637,True,190115720,reserved,6.9,37.1,0.0,5967848.860697813,0.0,19.98620508582033,5974166.500125441,265487.75456774863,1003.32,1
2026-09-13T22:19:50.165905+00:00,1789337990.165906,F_lat_centralindia_rep1,r3-pub,F01,load,16,1,1000,6,207.0,2318614239,22057648,810321774033,61127,1789156079.537691,6007585.146,192964.18600000002,90983545,89338889,433527248,8316,22839,16055216,4884773275,11084516.811,798502.698,17B/31B66000,17B/31BAFD50,1,1.0004634857177734,6302474,6299554.246578372,6.007723089769718,4066,4064.116340120984,4063,4061.1177299339793,0.0,0.0,6517811.087649729,0.0,streaming,17B/31B63D70,17B/3194FFE8,17B/3194FA60,8848,2187288,2557744,2188704,0.098712,0.098712,0.098712,1079787.5338998076,True,101710520,reserved,6.9,37.1,0.0,14935285.7083833,0.0,23.988881496041227,6581514.561999195,249901.17437482247,1003.31,1
2026-09-13T22:19:51.166394+00:00,1789337991.166394,F_lat_centralindia_rep1,r3-pub,F01,load,16,1,1000,6,207.0,2318638920,22057648,810328083075,61127,1789156079.537691,6007619.338,192964.18600000002,90987613,89338889,433531313,8316,22839,16055216,4884818359,11084516.811,798510.422,17B/3210A000,17B/321B4870,1,1.000488042831421,6309042,6305964.41926998,6.013836306829433,4068,4066.0156102289825,4065,4063.017073643268,0.0,0.0,5911738.818248522,0.0,streaming,17B/32107EE8,17B/31F89FD8,17B/31F89548,8472,1572904,2294472,1575608,0.055108,0.055108,0.055108,-612796.9288517572,True,107625144,reserved,4.3,37.1,0.0,14312630.823127998,0.0,20.989756100002122,5964089.268986317,220470.40100125084,1003.31,1
2026-09-13T22:19:52.166869+00:00,1789337992.166869,F_lat_centralindia_rep1,r3-pub,F01,load,16,1,1000,6,207.0,2318663568,22057648,810334376633,61127,1789156079.537691,6007651.67,192964.18600000002,90991673,89338889,433535370,8316,22839,16055216,4884863264,11084516.811,798518.857,17B/32741FD0,17B/327BA6B8,1,1.0004749298095703,6293558,6290570.420588061,5.999155445659696,4060,4058.0727003052216,4057,4055.0741244182964,0.0,0.0,6517688.555415538,0.0,streaming,17B/3273FB50,17B/32635BC8,17B/32635BC8,9344,1098760,1595896,1098760,0.054112,0.054112,0.054112,-476621.6381761439,True,114145928,reserved,10.1,37.1,0.0,14910550.535073789,0.0,19.990505912833605,6580930.519921378,269482.0149579534,1003.3,1
2026-09-13T22:19:53.167187+00:00,1789337993.1671877,F_lat_centralindia_rep1,r3-pub,F01,load,16,1,1000,6,207.0,2318688217,22057648,810340679478,61127,1789156079.537691,6007687.696,192964.18600000002,90995733,89338889,433539427,8316,22839,16055216,4884908094,11084516.811,798527.768,17B/32D78000,17B/32DC2168,1,1.0003187656402588,6302845,6300836.509815782,6.008945951286108,4060,4058.7062239119123,4057,4055.7071799040955,0.0,0.0,6510612.640393208,0.0,streaming,17B/32D75FE8,17B/32B63D88,17B/32B638C0,8216,2179704,2948752,2180928,0.226286,0.226286,0.226286,1081823.1519503219,True,120658616,reserved,3.1,37.1,0.0,6633405.498249254,0.0,17.994264046900103,6561458.432501732,264854.57346231485,1003.3,1
2026-09-13T22:19:54.167677+00:00,1789337994.1676488,F_lat_centralindia_rep1,r3-pub,F01,load,16,1,1000,6,207.0,2318711320,22057648,810346581716,61127,1789156079.537691,6007721.788,192964.18600000002,90999537,89338889,433543228,8316,22839,16055216,4884949948,11084516.811,798536.816,17B/3331C000,17B/333C7338,1,1.0004611015319824,5902238,5899517.723339811,5.6262185319326505,3804,3802.2467781856035,3801,3799.2481608526496,0.0,0.0,5911898.014768466,0.0,streaming,17B/33319DD8,17B/33211EE0,17B/33211EE0,8744,1089824,1652696,1089824,0.226665,0.226665,0.226665,-1090601.1221517941,True,126573240,reserved,4.4,37.1,0.0,14304828.021884363,0.0,21.98986044166227,5969172.605366997,240033.32026829745,1003.29,1
2026-09-13T22:19:55.168375+00:00,1789337995.1683757,F_lat_centralindia_rep1,r3-pub,F01,load,16,1,1000,6,207.0,2318735970,22057648,810352868476,61127,1789156079.537691,6007755.713,192964.18600000002,91003604,89338889,433547292,8316,22839,16055216,4884994813,11084516.811,798545.021,17B/33950000,17B/339C9358,1,1.0007269382476807,6286760,6282193.233459278,5.991166337451246,4067,4064.0456897478007,4064,4061.0478689783777,0.0,0.0,6499723.10267733,0.0,streaming,17B/3394DFF8,17B/33843EB0,17B/33842768,8200,1098064,1977480,1104024,0.226134,0.226134,0.226134,14189.684975268938,True,133077688,reserved,4.3,37.1,0.0,14890423.581574388,0.0,18.98619820634576,6573008.828480235,254826.75668403396,1003.29,1
2026-09-13T22:19:56.168942+00:00,1789337996.168943,F_lat_centralindia_rep1,r3-pub,F01,load,16,1,1000,6,207.0,2318760568,22057649,810359182608,61127,1789156079.537691,6007792.915,192964.18600000002,91007659,89338889,433551344,8316,22839,16055216,4885039923,11084516.811,798552.709,17B/33F88000,17B/33FD0428,1,1.0005671977996826,6314132,6310552.668411695,6.01821200219316,4055,4052.70131673038,4052,4049.7030173591857,0.0,0.0,6517135.495086953,0.0,streaming,17B/33F85E70,17B/33D75C68,17B/33D756A8,8592,2171800,2292360,2173272,0.226051,0.226051,0.226051,1068641.868683434,True,139598520,reserved,4.2,37.1,32749.4245984269,14909175.548433846,0.9994331237312897,18.989229350894504,6567041.1886873515,277026.8709683338,1003.28,1
2026-09-13T22:19:57.169528+00:00,1789337997.1695287,F_lat_centralindia_rep1,r3-pub,F01,load,16,1,1000,6,207.0,2318785125,22057649,810365458118,61127,1789156079.537691,6007825.2530000005,192964.18600000002,91011714,89338889,433555396,8316,22839,16055216,4885084988,11084516.811,798560.691,17B/3452C000,17B/345D5400,1,1.0005857944488525,6275510,6271835.993291017,5.981288903513924,4055,4052.6259941893286,4052,4049.6277505438125,0.0,0.0,5911161.274539103,0.0,streaming,17B/34529C50,17B/3441FFE8,17B/3441FFA8,9136,1097752,2070112,1097816,0.217763,0.302885,0.217763,-1074826.3726774054,True,145513144,reserved,5.8,37.1,0.0,5927535.682501815,0.0,12.99238913056998,5964203.202871929,232237.95629438988,1003.28,1
2026-09-13T22:19:58.170171+00:00,1789337998.1701715,F_lat_centralindia_rep1,r3-pub,F01,load,16,1,1000,6,207.0,2318809773,22057649,810371767280,61127,1789156079.537691,6007861.726,192964.18600000002,91015776,89338889,433559455,8316,22839,16055216,4885129870,11084516.811,798568.365,17B/34B62000,17B/34BDA518,1,1.0006427764892578,6309162,6305109.224028592,6.013020729092209,4062,4059.390719085061,4059,4056.3926461758397,0.0,0.0,6508456.517169407,0.0,streaming,17B/34B5FE60,17B/34A57C80,17B/34A57C80,8608,1090432,2392696,1090432,0.225714,0.265685,0.225714,-7379.256787228973,True,152025784,reserved,4.8,37.1,0.0,14924422.931823684,0.0,20.986510364546103,6566153.430949726,256664.02240076245,1003.27,1
2026-09-13T22:19:59.170798+00:00,1789337999.170798,F_lat_centralindia_rep1,r3-pub,F01,load,16,1,1000,6,207.0,2318836315,22057649,810378535630,61127,1789156079.537691,6007937.4690000005,192964.18600000002,91020152,89338889,433563828,8316,22839,16055216,4885178154,11084516.811,798577.434,17B/35100FE0,17B/35100FE0,1,1.000626564025879,6768350,6764111.850847238,6.450759745452154,4376,4373.259872687954,4373,4370.261751203022,0.0,0.0,5890421.273932482,0.0,streaming,17B/350FFD98,17B/34FFFD00,17B/34FFBC50,4680,1053408,2116920,1069968,0.226268,0.264149,0.226268,-20451.186022551712,True,157919896,reserved,13.6,36.1,0.0,14302462.591458714,0.0,20.986850394526286,5969272.86836003,233956.4113290375,1003.27,1
2026-09-13T22:20:00.177659+00:00,1789338000.1776593,F_lat_centralindia_rep1,r3-pub,F01,drain,0,0,0,0,0,2318836315,22057649,810378535630,61127,1789156079.537691,6007937.4690000005,192964.18600000002,91020336,89338889,433563828,8316,22839,16055216,4885178231,11084516.811,798577.434,17B/35100FE0,17B/35100FE0,1,1.0068612098693848,0,0.0,0.0,184,182.74614037804616,0,0.0,0.0,0.0,0.0,0.0,streaming,17B/35100FE0,17B/35100FE0,17B/35100FE0,0,0,0,0,0.226268,0.264149,0.226268,-1062676.7517827027,True,157919896,reserved,0.6,36.0,0.0,0.0,0.0,0.0,8133.196432368588,52478.931040410775,1003.27,1
2026-09-13T22:20:01.180051+00:00,1789338001.180052,F_lat_centralindia_rep1,r3-pub,F01,drain,0,0,0,0,0,2318836315,22057649,810378535630,61127,1789156079.537691,6007937.4690000005,192964.18600000002,91020339,89338889,433563828,8316,22839,16055216,4885178231,11084516.811,798577.434,17B/35100FE0,17B/35100FE0,1,1.0023927688598633,0,0.0,0.0,3,2.9928388284486984,0,0.0,0.0,0.0,0.0,0.0,streaming,17B/35100FE0,17B/35100FE0,17B/35100FE0,0,0,0,0,0.226268,0.264149,0.226268,0.0,True,157919896,reserved,1.2,35.9,0.0,2145266.872232027,0.0,75.81858365403369,822.0330648805758,386.07620886988207,1003.27,1
2026-09-13T22:20:02.184060+00:00,1789338002.18406,F_lat_centralindia_rep1,r3-pub,F01,drain,0,0,0,0,0,2318836315,22057649,810378535630,61127,1789156079.537691,6007937.4690000005,192964.18600000002,91020342,89338889,433563828,8316,22839,16055216,4885178231,11084516.811,798577.434,17B/35100FE0,17B/35100FE0,1,1.0040080547332764,0,0.0,0.0,3,2.988023836917301,0,0.0,0.0,0.0,0.0,0.0,streaming,17B/35100FE0,17B/35100FE0,17B/35100FE0,0,0,0,0,0.226268,0.264149,0.226268,0.0,True,157919896,reserved,0.0,35.9,0.0,0.0,0.0,0.0,4621.476867765426,918.3193258792505,1003.27,1
2026-09-13T22:20:03.190983+00:00,1789338003.190983,F_lat_centralindia_rep1,r3-pub,F01,drain,0,0,0,0,0,2318836315,22057649,810378535630,61127,1789156079.537691,6007937.4690000005,192964.18600000002,91020345,89338889,433563828,8316,22839,16055216,4885178231,11084516.811,798577.434,17B/35100FE0,17B/35100FE0,1,1.006922960281372,0,0.0,0.0,3,2.9793739127387533,0,0.0,0.0,0.0,0.0,0.0,streaming,17B/35100FE0,17B/35100FE0,17B/35100FE0,0,0,0,0,0.226268,0.264149,0.226268,0.0,True,157919896,reserved,0.0,35.9,0.0,1989173.0340922032,0.0,17.87624347643252,728.953483983415,235.37053910636152,1003.27,1
2026-09-13T22:20:04.198391+00:00,1789338004.1983912,F_lat_centralindia_rep1,r3-pub,F01,drain,0,0,0,0,0,2318836315,22057649,810378535630,61127,1789156079.537691,6007937.4690000005,192964.18600000002,91020348,89338889,433563828,8316,22839,16055216,4885178231,11084516.811,798577.434,17B/35100FE0,17B/35100FE0,1,1.0074081420898438,0,0.0,0.0,3,2.97793900471816,0,0.0,0.0,0.0,0.0,0.0,streaming,17B/35100FE0,17B/35100FE0,17B/35100FE0,0,0,0,0,0.226268,0.264149,0.226268,0.0,True,157919896,reserved,0.0,35.9,0.0,6830677.3714623265,0.0,13.897048688684746,728.6024098210431,294.81596146709785,1003.27,1
2026-09-13T22:20:05.203690+00:00,1789338005.2036908,F_lat_centralindia_rep1,r3-pub,F01,drain,0,0,0,0,0,2318836315,22057649,810378535630,61127,1789156079.537691,6007937.4690000005,192964.18600000002,91020351,89338889,433563828,8316,22839,16055216,4885178231,11084516.811,798577.434,17B/35100FE0,17B/35100FE0,1,1.0052995681762695,0,0.0,0.0,3,2.984185107571815,0,0.0,0.0,0.0,0.0,0.0,streaming,17B/35100FE0,17B/35100FE0,17B/35100FE0,0,0,0,0,0.226268,0.264149,0.226268,0.0,True,157919896,reserved,0.0,35.9,0.0,20372.03700102359,0.0,3.97891347676242,1460.2612459718082,650.5523534506557,1003.27,1
2026-09-13T22:20:06.209948+00:00,1789338006.209948,F_lat_centralindia_rep1,r3-pub,F01,drain,0,0,0,0,0,2318836315,22057649,810378535630,61127,1789156079.537691,6007937.4690000005,192964.18600000002,91020354,89338889,433563828,8316,22839,16055216,4885178231,11084516.811,798577.434,17B/35100FE0,17B/35100FE0,2,1.0062572956085205,0,0.0,0.0,3,2.9813448440001524,0,0.0,0.0,0.0,0.0,0.0,streaming,17B/35100FE0,17B/35100FE0,17B/35100FE0,0,0,0,0,0.226268,0.264149,0.226268,0.0,True,157919896,reserved,0.2,36.1,0.0,0.0,0.0,0.0,0.0,0.0,1003.27,1
2026-09-13T22:20:07.216347+00:00,1789338007.2163472,F_lat_centralindia_rep1,r3-pub,F01,drain,0,0,0,0,0,2318836315,22057649,810378535630,61127,1789156079.537691,6007937.4690000005,192964.18600000002,91020357,89338889,433563828,8316,22839,16055216,4885178231,11084516.811,798577.434,17B/35100FE0,17B/35100FE0,2,1.006399154663086,0,0.0,0.0,3,2.980924602430052,0,0.0,0.0,0.0,0.0,0.0,streaming,17B/35100FE0,17B/35100FE0,17B/35100FE0,0,0,0,0,0.226268,0.264149,0.226268,0.0,True,157919896,reserved,0.0,36.1,0.0,8139.911447702329,0.0,0.9936415341433507,1247.0201253499051,414.3485197377772,1003.27,1
2026-09-13T22:20:08.223212+00:00,1789338008.2232127,F_lat_centralindia_rep1,r3-pub,F01,drain,0,0,0,0,0,2318836665,22057649,810378670308,61127,1789156079.537691,6007937.4690000005,192964.18600000002,91020366,89338889,433563879,8329,22890,16055216,4885209554,11084516.811,798577.434,17B/35100FE0,17B/35122338,1,1.0068655014038086,134678,133759.67277876442,0.12756316450001184,9,8.938631810755133,51,50.65224692761242,12.911357059979636,50.65224692761242,0.0,0.0,streaming,17B/35100FE0,17B/35100FE0,17B/35100FE0,0,0,0,0,0.226268,0.264149,0.226268,0.0,True,157919896,reserved,7.3,35.9,0.0,20340.35327602946,0.0,3.9727252492245033,1746.0127470341693,765.742791788023,1003.27,1
2026-09-13T22:20:09.228237+00:00,1789338009.2282379,F_lat_centralindia_rep1,r3-pub,F01,drain,0,0,0,0,0,2318836665,22057649,810378670308,61127,1789156079.537691,6007942.243,192964.18600000002,91020369,89338889,433563879,8329,22890,16055216,4885209554,11084516.811,798577.434,17B/35122338,17B/35122338,1,1.0050251483917236,0,0.0,0.0,3,2.984999932390453,0,0.0,0.0,0.0,135343.876934493,0.0,streaming,17B/35122338,17B/35122338,17B/35122338,0,0,0,0,0.210130,0.210130,0.210130,0.0,True,158055920,reserved,0.0,35.9,0.0,150794.236584546,0.0,2.984999932390453,283.57499357709304,304.4699931038262,1003.27,1
