sample_time,epoch,run_id,host,level_id,phase_state,clients,rows_per_commit,row_bytes,target_wal_mbps,network_latency_ms,wal_records,wal_fpi,wal_bytes,wal_buffers_full,wal_stats_reset,wal_write_time_ms,wal_sync_time_ms,xact_commit,xact_rollback,tup_inserted,tup_updated,tup_deleted,blks_read,blks_hit,blk_read_time_ms,blk_write_time_ms,current_wal_lsn,insert_lsn,active_backends,interval_sec,wal_bytes_delta,wal_bytes_per_sec,wal_mb_per_sec,commits_delta,commits_per_sec,rows_inserted_delta,rows_inserted_per_sec,rows_updated_per_sec,rows_deleted_per_sec,lsn_bytes_per_sec,wal_sync_time_delta_ms,repl_state,sent_lsn,write_lsn,replay_lsn,send_lag_bytes,write_lag_bytes,flush_lag_bytes,replay_lag_bytes,write_lag_sec,flush_lag_sec,replay_lag_sec,d_replay_lag_bytes_per_sec,slot_active,retained_wal_bytes,wal_status,cpu_pct,mem_used_pct,disk_read_bytes_per_sec,disk_write_bytes_per_sec,disk_read_iops,disk_write_iops,net_sent_bytes_per_sec,net_recv_bytes_per_sec,data_volume_free_gb,db_connected
2026-09-13T21:36:54.756115+00:00,1789335414.7551157,F_lat_eastus_rep2,r3-pub,idle,idle,0,0,0,0,0,2264806004,22033951,796655997875,60320,1789156079.537691,5926934.795000001,192964.18600000002,82335442,80667596,424883191,7731,20952,16055169,4785933218,11084509.743,779129.933,177/FEA31D18,177/FEA31D18,1,1.0009417533874512,0,0.0,0.0,205,204.80712219889506,0,0.0,0.0,0.0,55.94731142994207,0.0,streaming,177/FEA31D18,177/FEA31D18,177/FEA31D18,0,0,0,0,0.040653,0.040653,0.040653,0.0,True,56,reserved,1.4,36.4,0.0,130948.67863831011,0.0,23.977419184260885,29206.494684695113,1402.6790222792617,1002.1,1
2026-09-13T21:36:55.755423+00:00,1789335415.7554233,F_lat_eastus_rep2,r3-pub,idle,idle,0,0,0,0,0,2264806004,22033951,796655997875,60320,1789156079.537691,5926934.795000001,192964.18600000002,82335445,80667596,424883191,7731,20952,16055169,4785933218,11084509.743,779129.933,177/FEA31D18,177/FEA31D18,1,1.000307559967041,0,0.0,0.0,3,2.9990776037910245,0,0.0,0.0,0.0,0.0,0.0,streaming,177/FEA31D18,177/FEA31D18,177/FEA31D18,0,0,0,0,0.040653,0.040653,0.040653,0.0,True,56,reserved,0.6,36.5,0.0,245684.43730256072,0.0,14.995388018955122,3057.0597707976513,2860.1203414820407,1002.1,1
2026-09-13T21:36:56.756553+00:00,1789335416.756553,F_lat_eastus_rep2,r3-pub,idle,idle,0,0,0,0,0,2264806004,22033951,796655997875,60320,1789156079.537691,5926934.795000001,192964.18600000002,82335449,80667596,424883191,7731,20952,16055169,4785933218,11084509.743,779129.933,177/FEA31D18,177/FEA31D18,1,1.0011296272277832,0,0.0,0.0,4,3.99548658956019,0,0.0,0.0,0.0,0.0,0.0,streaming,177/FEA31D18,177/FEA31D18,177/FEA31D18,0,0,0,0,0.040653,0.040653,0.040653,0.0,True,56,reserved,0.0,36.5,0.0,24548.269606257807,0.0,3.99548658956019,1238.6008427636589,362.59040800258725,1002.1,1
2026-09-13T21:36:57.756820+00:00,1789335417.7568204,F_lat_eastus_rep2,r3-pub,idle,idle,0,0,0,0,0,2264806004,22033951,796655997875,60320,1789156079.537691,5926934.795000001,192964.18600000002,82335453,80667596,424883191,7731,20952,16055169,4785933273,11084509.743,779129.933,177/FEA31D18,177/FEA31D18,1,1.000267505645752,0,0.0,0.0,4,3.998930263577525,0,0.0,0.0,0.0,0.0,0.0,streaming,177/FEA31D18,177/FEA31D18,177/FEA31D18,0,0,0,0,0.040653,0.040653,0.040653,0.0,True,56,reserved,0.6,36.5,0.0,0.0,0.0,0.0,2295.385971293499,779.7914013976173,1002.1,1
2026-09-13T21:36:58.757431+00:00,1789335418.757431,F_lat_eastus_rep2,r3-pub,F01,reset,16,1,1000,6,23.2,2264806004,22033951,796655997875,60320,1789156079.537691,5926934.795000001,192964.18600000002,82335461,80667596,424883191,7731,20952,16055169,4785934065,11084509.743,779129.933,177/FEA33518,177/FEA33518,2,1.000610589981079,0,0.0,0.0,8,7.995118260892356,0,0.0,0.0,0.0,6140.25082436533,0.0,streaming,177/FEA33518,177/FEA31D18,177/FEA31D18,0,6144,6144,6144,0.040653,0.040653,0.040653,6140.25082436533,True,6200,reserved,5.3,36.5,4093.5005495768864,135085.51813603725,0.9993897826115445,12.99206717395008,10878.357783726662,5442.676756102472,1002.19,1
2026-09-13T21:36:59.757903+00:00,1789335419.757903,F_lat_eastus_rep2,r3-pub,F01,drain,0,0,0,0,0,2264806005,22033951,796655997925,60320,1789156079.537691,5926938.509000001,192964.18600000002,82335464,80667596,424883191,7731,20952,16055169,4785934065,11084509.743,779129.933,177/FEA33E78,177/FEA33E78,1,1.000472068786621,50,49.97640769785839,4.766121644769515e-05,3,2.9985844618715034,0,0.0,0.0,0.0,2398.8675694972026,0.0,streaming,177/FEA33E78,177/FEA33E78,177/FEA33E78,0,0,0,0,0.219843,0.219843,0.219843,-6141.100977912839,True,8600,reserved,11.5,36.5,0.0,12282.201955825678,0.0,1.9990563079143355,517.7555837498129,390.8155081972526,1004.03,1
2026-09-13T21:37:00.759302+00:00,1789335420.7593026,F_lat_eastus_rep2,r3-pub,F01,drain,0,0,0,0,0,2264806093,22033956,796656006148,60320,1789156079.537691,5926938.509000001,192964.18600000002,82335483,80667596,424883191,7738,20952,16055174,4785935753,11084509.822,779129.933,177/FEA33E78,177/FEA33E78,1,1.0013995170593262,8223,8211.507854674592,0.007831104139971344,19,18.973446338175513,0,0.0,6.9902170719594,0.0,0.0,0.0,streaming,177/FEA33E78,177/FEA33E78,177/FEA33E78,0,0,0,0,0.219843,0.219843,0.219843,0.0,True,8600,reserved,0.2,36.5,0.0,130888.8188651232,0.0,12.981831705067457,3349.3125799074037,1015.5786803118157,1004.03,1
2026-09-13T21:37:01.759614+00:00,1789335421.7596142,F_lat_eastus_rep2,r3-pub,F01,drain,0,0,0,0,0,2264806152,22033956,796656010275,60320,1789156079.537691,5926941.599,192964.18600000002,82335490,80667596,424883191,7738,20952,16055174,4785935993,11084509.822,779129.933,177/FEA34FB0,177/FEA34FB0,1,1.0003116130828857,4127,4125.714373424991,0.0039345878347635185,7,6.99781938792705,0,0.0,0.0,0.0,4406.626837426063,0.0,streaming,177/FEA34FB0,177/FEA33FF0,177/FEA33FF0,0,4032,4032,4032,0.219843,0.219843,0.219843,4030.743967445981,True,13008,reserved,1.0,36.5,32757.792243370513,40947.24030421314,0.9996884839895787,5.998130903937472,1800.438959665231,594.8146479737993,1004.03,1
2026-09-13T21:37:02.760707+00:00,1789335422.7607074,F_lat_eastus_rep2,r3-pub,F01,drain,0,0,0,0,0,2264806152,22033956,796656010275,60320,1789156079.537691,5926941.599,192964.18600000002,82335493,80667596,424883191,7738,20952,16055174,4785935993,11084509.822,779129.933,177/FEA34FB0,177/FEA34FB0,1,1.0010931491851807,0,0.0,0.0,3,2.9967241334553023,0,0.0,0.0,0.0,0.0,0.0,streaming,177/FEA34FB0,177/FEA34FB0,177/FEA34FB0,0,0,0,0,0.219843,0.219843,0.219843,-4027.597235363926,True,13008,reserved,0.0,36.5,0.0,0.0,0.0,0.0,236.74120654296885,218.76086174223704,1004.03,1
2026-09-13T21:37:03.761679+00:00,1789335423.76168,F_lat_eastus_rep2,r3-pub,F01,drain,0,0,0,0,0,2264806152,22033956,796656010275,60320,1789156079.537691,5926941.599,192964.18600000002,82335496,80667596,424883191,7738,20952,16055174,4785935993,11084509.822,779129.933,177/FEA34FB0,177/FEA34FB0,1,1.0009725093841553,0,0.0,0.0,3,2.997085306414398,0,0.0,0.0,0.0,0.0,0.0,streaming,177/FEA34FB0,177/FEA34FB0,177/FEA34FB0,0,0,0,0,0.219843,0.219843,0.219843,0.0,True,13008,reserved,0.6,36.5,0.0,937072.6880172676,0.0,107.89507103091833,3167.919168880019,830.1926298767883,1004.03,1
2026-09-13T21:37:04.762586+00:00,1789335424.7625868,F_lat_eastus_rep2,r3-pub,F01,drain,0,0,0,0,0,2264806152,22033956,796656010275,60320,1789156079.537691,5926941.599,192964.18600000002,82335499,80667596,424883191,7738,20952,16055174,4785935993,11084509.822,779129.933,177/FEA34FB0,177/FEA34FB0,1,1.0009069442749023,0,0.0,0.0,3,2.997281632583059,0,0.0,0.0,0.0,0.0,0.0,streaming,177/FEA34FB0,177/FEA34FB0,177/FEA34FB0,0,0,0,0,0.219843,0.219843,0.219843,0.0,True,13008,reserved,0.0,36.5,0.0,12276.86556706021,0.0,2.997281632583059,1238.876408134331,482.5623428458725,1004.03,1
2026-09-13T21:37:05.763033+00:00,1789335425.7630336,F_lat_eastus_rep2,r3-pub,F01,drain,0,0,0,0,0,2264806152,22033956,796656010275,60320,1789156079.537691,5926941.599,192964.18600000002,82335502,80667596,424883191,7738,20952,16055174,4785935993,11084509.822,779129.933,177/FEA34FB0,177/FEA34FB0,1,1.0004467964172363,0,0.0,0.0,3,2.998660209361948,0,0.0,0.0,0.0,0.0,0.0,streaming,177/FEA34FB0,177/FEA34FB0,177/FEA34FB0,0,0,0,0,0.219843,0.219843,0.219843,0.0,True,13008,reserved,0.8,36.5,0.0,28659.195174275257,0.0,3.9982136124825973,0.0,0.0,1004.03,1
2026-09-13T21:37:06.763526+00:00,1789335426.7635262,F_lat_eastus_rep2,r3-pub,F01,drain,0,0,0,0,0,2264806152,22033956,796656010275,60320,1789156079.537691,5926941.599,192964.18600000002,82335505,80667596,424883191,7738,20952,16055174,4785935993,11084509.822,779129.933,177/FEA34FB0,177/FEA34FB0,1,1.0004925727844238,0,0.0,0.0,3,2.9985230091722133,0,0.0,0.0,0.0,0.0,0.0,streaming,177/FEA34FB0,177/FEA34FB0,177/FEA34FB0,0,0,0,0,0.219843,0.219843,0.219843,0.0,True,13008,reserved,0.4,36.5,0.0,0.0,0.0,0.0,5341.368987005436,16820.71457378639,1004.03,1
2026-09-13T21:37:07.764590+00:00,1789335427.76459,F_lat_eastus_rep2,r3-pub,F01,drain,0,0,0,0,0,2264806152,22033956,796656010275,60320,1789156079.537691,5926941.599,192964.18600000002,82335508,80667596,424883191,7738,20952,16055174,4785935993,11084509.822,779129.933,177/FEA34FB0,177/FEA34FB0,1,1.0010638236999512,0,0.0,0.0,3,2.996811920454724,0,0.0,0.0,0.0,0.0,0.0,streaming,177/FEA34FB0,177/FEA34FB0,177/FEA34FB0,0,0,0,0,0.219843,0.219843,0.219843,0.0,True,13008,reserved,0.8,36.5,0.0,49099.7665047302,0.0,6.99256114772769,2111.753466613762,593.3687602500354,1004.03,1
2026-09-13T21:37:08.765750+00:00,1789335428.765751,F_lat_eastus_rep2,r3-pub,F01,drain,0,0,0,0,0,2264806152,22033956,796656010275,60320,1789156079.537691,5926941.599,192964.18600000002,82335511,80667596,424883191,7738,20952,16055174,4785935993,11084509.822,779129.933,177/FEA34FB0,177/FEA34FB0,1,1.0011608600616455,0,0.0,0.0,3,2.996521457915642,0,0.0,0.0,0.0,0.0,0.0,streaming,177/FEA34FB0,177/FEA34FB0,177/FEA34FB0,0,0,0,0,0.219843,0.219843,0.219843,0.0,True,13008,reserved,0.2,36.5,0.0,36821.25567486741,0.0,5.993042915831284,182.78780893285415,125.85390123245696,1004.03,1
2026-09-13T21:37:09.765870+00:00,1789335429.7658703,F_lat_eastus_rep2,r3-pub,F01,drain,0,0,0,0,0,2264806152,22033956,796656010275,60320,1789156079.537691,5926941.599,192964.18600000002,82335514,80667596,424883191,7738,20952,16055174,4785935993,11084509.822,779129.933,177/FEA34FB0,177/FEA34FE8,1,1.0001194477081299,0,0.0,0.0,3,2.999641699673763,0,0.0,0.0,0.0,0.0,0.0,streaming,177/FEA34FB0,177/FEA34FB0,177/FEA34FB0,0,0,0,0,0.219843,0.219843,0.219843,0.0,True,13008,reserved,0.8,36.5,0.0,0.0,0.0,0.0,2559.694250388278,798.9045726797789,1004.03,1
2026-09-13T21:37:10.767007+00:00,1789335430.7670078,F_lat_eastus_rep2,r3-pub,F01,drain,0,0,0,0,0,2264806152,22033956,796656010275,60320,1789156079.537691,5926943.224,192964.18600000002,82335517,80667596,424883191,7738,20952,16055174,4785935993,11084509.822,779129.933,177/FEA34FE8,177/FEA34FE8,1,1.0011374950408936,0,0.0,0.0,3,2.996591392151843,0,0.0,0.0,0.0,55.93637265350107,0.0,streaming,177/FEA34FE8,177/FEA34FE8,177/FEA34FE8,0,0,0,0,0.219843,0.219843,0.219843,0.0,True,56,reserved,0.6,36.5,0.0,118649.03730845483,0.0,20.976139745062902,2467.1935795383506,2985.6038903806198,1004.03,1
2026-09-13T21:37:11.768213+00:00,1789335431.7682137,F_lat_eastus_rep2,r3-pub,F01,drain,0,0,0,0,0,2264806152,22033956,796656010275,60320,1789156079.537691,5926943.224,192964.18600000002,82335520,80667596,424883191,7738,20952,16055174,4785935993,11084509.822,779129.933,177/FEA34FE8,177/FEA34FE8,1,1.0012059211730957,0,0.0,0.0,3,2.9963865939635594,0,0.0,0.0,0.0,0.0,0.0,streaming,177/FEA34FE8,177/FEA34FE8,177/FEA34FE8,0,0,0,0,0.219843,0.219843,0.219843,0.0,True,56,reserved,0.6,36.5,0.0,114549.86189616422,0.0,9.987955313211865,395.5230304031898,302.6350459903195,1004.03,1
2026-09-13T21:37:12.768502+00:00,1789335432.7685022,F_lat_eastus_rep2,r3-pub,F01,drain,0,0,0,0,0,2264806152,22033956,796656010275,60320,1789156079.537691,5926943.224,192964.18600000002,82335523,80667596,424883191,7738,20952,16055174,4785935993,11084509.822,779129.933,177/FEA34FE8,177/FEA34FE8,1,1.000288486480713,0,0.0,0.0,3,2.9991347901592036,0,0.0,0.0,0.0,0.0,0.0,streaming,177/FEA34FE8,177/FEA34FE8,177/FEA34FE8,0,0,0,0,0.219843,0.219843,0.219843,0.0,True,56,reserved,0.0,36.5,0.0,20474.093500820163,0.0,3.9988463868789377,2113.3903154655186,593.8286884515222,1004.03,1
2026-09-13T21:37:13.769633+00:00,1789335433.7696335,F_lat_eastus_rep2,r3-pub,F01,drain,0,0,0,0,0,2264806152,22033956,796656010275,60320,1789156079.537691,5926943.224,192964.18600000002,82335526,80667596,424883191,7738,20952,16055174,4785935993,11084509.822,779129.933,177/FEA34FE8,177/FEA34FE8,1,1.001131296157837,0,0.0,0.0,3,2.9966099466807843,0,0.0,0.0,0.0,0.0,0.0,streaming,177/FEA34FE8,177/FEA34FE8,177/FEA34FE8,0,0,0,0,0.219843,0.219843,0.219843,0.0,True,56,reserved,0.6,36.5,0.0,180020.3436768659,0.0,14.98304973340392,4194.255055370871,573.3513697982567,1004.03,1
2026-09-13T21:37:14.770644+00:00,1789335434.7706442,F_lat_eastus_rep2,r3-pub,F01,drain,0,0,0,0,0,2264806152,22033956,796656010275,60320,1789156079.537691,5926943.224,192964.18600000002,82335529,80667596,424883191,7738,20952,16055174,4785935993,11084509.822,779129.933,177/FEA34FE8,177/FEA34FE8,1,1.0010106563568115,0,0.0,0.0,3,2.996971092114574,0,0.0,0.0,0.0,0.0,0.0,streaming,177/FEA34FE8,177/FEA34FE8,177/FEA34FE8,0,0,0,0,0.219843,0.219843,0.219843,0.0,True,56,reserved,0.2,36.5,0.0,45010.50984210475,0.0,6.99293254826734,1268.717762328503,473.5214325541027,1004.03,1
2026-09-13T21:37:15.770902+00:00,1789335435.7709026,F_lat_eastus_rep2,r3-pub,F01,drain,0,0,0,0,0,2264806152,22033956,796656010275,60320,1789156079.537691,5926943.224,192964.18600000002,82335532,80667596,424883191,7738,20952,16055174,4785935993,11084509.822,779129.933,177/FEA34FE8,177/FEA34FE8,1,1.000258445739746,0,0.0,0.0,3,2.9992248631115883,0,0.0,0.0,0.0,0.0,0.0,streaming,177/FEA34FE8,177/FEA34FE8,177/FEA34FE8,0,0,0,0,0.219843,0.219843,0.219843,0.0,True,56,reserved,2.1,36.5,0.0,0.0,0.0,0.0,2296.4065035224394,719.8139671467811,1004.03,1
2026-09-13T21:37:16.771031+00:00,1789335436.7710314,F_lat_eastus_rep2,r3-pub,F01,drain,0,0,0,0,0,2264806152,22033956,796656010275,60320,1789156079.537691,5926943.224,192964.18600000002,82335535,80667596,424883191,7738,20952,16055174,4785935993,11084509.822,779129.933,177/FEA34FE8,177/FEA34FE8,1,1.0001287460327148,0,0.0,0.0,3,2.999613811622077,0,0.0,0.0,0.0,0.0,0.0,streaming,177/FEA34FE8,177/FEA34FE8,177/FEA34FE8,0,0,0,0,0.219843,0.219843,0.219843,0.0,True,56,reserved,0.0,36.5,0.0,45050.199965481435,0.0,5.999227623244154,590.9239208895492,263.96601542274277,1004.03,1
2026-09-13T21:37:17.772175+00:00,1789335437.7721756,F_lat_eastus_rep2,r3-pub,F01,drain,0,0,0,0,0,2264806152,22033956,796656010275,60320,1789156079.537691,5926943.224,192964.18600000002,82335538,80667596,424883191,7738,20952,16055174,4785935993,11084509.822,779129.933,177/FEA34FE8,177/FEA34FE8,1,1.0011441707611084,0,0.0,0.0,3,2.9965714106084085,0,0.0,0.0,0.0,0.0,0.0,streaming,177/FEA34FE8,177/FEA34FE8,177/FEA34FE8,0,0,0,0,0.219843,0.219843,0.219843,0.0,True,56,reserved,5.3,36.5,0.0,57278.46365664286,0.0,8.989714231825225,2734.8708407486074,1807.9314177337399,1004.03,1
2026-09-13T21:37:18.772495+00:00,1789335438.7724955,F_lat_eastus_rep2,r3-pub,F01,drain,0,0,0,0,0,2264806152,22033956,796656010275,60320,1789156079.537691,5926943.224,192964.18600000002,82335541,80667596,424883191,7738,20952,16055174,4785935993,11084509.822,779129.933,177/FEA34FE8,177/FEA34FE8,1,1.0003199577331543,0,0.0,0.0,3,2.9990404338211567,0,0.0,0.0,0.0,0.0,0.0,streaming,177/FEA34FE8,177/FEA34FE8,177/FEA34FE8,0,0,0,0,0.219843,0.219843,0.219843,0.0,True,56,reserved,0.0,36.5,0.0,53230.968340036314,0.0,8.99712130146347,2113.323825699308,593.810005896589,1004.03,1
2026-09-13T21:37:19.773537+00:00,1789335439.773537,F_lat_eastus_rep2,r3-pub,F01,drain,0,0,0,0,0,2264806152,22033956,796656010275,60320,1789156079.537691,5926943.224,192964.18600000002,82335544,80667596,424883191,7738,20952,16055174,4785935993,11084509.822,779129.933,177/FEA34FE8,177/FEA34FE8,1,1.0010414123535156,0,0.0,0.0,3,2.996879013173689,0,0.0,0.0,0.0,0.0,0.0,streaming,177/FEA34FE8,177/FEA34FE8,177/FEA34FE8,0,0,0,0,0.219843,0.219843,0.219843,0.0,True,56,reserved,1.4,36.5,0.0,302788.6721363326,0.0,57.93966092135799,182.80961980359504,125.86891855329495,1004.03,1
2026-09-13T21:37:20.773801+00:00,1789335440.7738016,F_lat_eastus_rep2,r3-pub,F01,drain,0,0,0,0,0,2264806153,22033956,796656010325,60320,1789156079.537691,5926943.224,192964.18600000002,82335547,80667596,424883191,7738,20952,16055174,4785935993,11084509.822,779129.933,177/FEA34FE8,177/FEA34FE8,1,1.0002646446228027,50,49.986771269772184,4.7671099920055565e-05,3,2.999206276186331,0,0.0,0.0,0.0,0.0,0.0,streaming,177/FEA34FE8,177/FEA34FE8,177/FEA34FE8,0,0,0,0,,,,0.0,True,56,reserved,0.0,36.5,0.0,20474.581512098688,0.0,3.9989417015817748,2257.4025905429116,716.8103000085331,1004.03,1
2026-09-13T21:37:21.774776+00:00,1789335441.7747762,F_lat_eastus_rep2,r3-pub,F01,drain,0,0,0,0,0,2264806153,22033956,796656010325,60320,1789156079.537691,5926943.224,192964.18600000002,82335550,80667596,424883191,7738,20952,16055174,4785935993,11084509.822,779129.933,177/FEA34FE8,177/FEA34FE8,1,1.0009746551513672,0,0.0,0.0,3,2.9970788816289664,0,0.0,0.0,0.0,0.0,0.0,streaming,177/FEA34FE8,177/FEA34FE8,177/FEA34FE8,0,0,0,0,,,,0.0,True,56,reserved,1.6,36.5,0.0,0.0,0.0,0.0,5663.48005998487,17083.34962528511,1004.03,1
2026-09-13T21:37:22.775917+00:00,1789335442.7759173,F_lat_eastus_rep2,r3-pub,F01,drain,0,0,0,0,0,2264806153,22033956,796656010325,60320,1789156079.537691,5926943.224,192964.18600000002,82335553,80667596,424883191,7738,20952,16055174,4785935993,11084509.822,779129.933,177/FEA34FE8,177/FEA34FE8,1,1.00114107131958,0,0.0,0.0,3,2.9965806877204346,0,0.0,0.0,0.0,0.0,0.0,streaming,177/FEA34FE8,177/FEA34FE8,177/FEA34FE8,0,0,0,0,,,,0.0,True,56,reserved,0.0,36.5,0.0,102283.28747419083,0.0,8.989742063161303,0.0,0.0,1004.03,1
2026-09-13T21:37:23.777197+00:00,1789335443.7771978,F_lat_eastus_rep2,r3-pub,F01,drain,0,0,0,0,0,2264806153,22033956,796656010325,60320,1789156079.537691,5926943.224,192964.18600000002,82335556,80667596,424883191,7738,20952,16055174,4785935993,11084509.822,779129.933,177/FEA34FE8,177/FEA34FE8,1,1.0012805461883545,0,0.0,0.0,3,2.9961632745391014,0,0.0,0.0,0.0,0.0,0.0,streaming,177/FEA34FE8,177/FEA34FE8,177/FEA34FE8,0,0,0,0,,,,0.0,True,56,reserved,0.6,36.5,0.0,122722.84772512158,0.0,16.978258555721574,1238.4141534761618,362.53575621923125,1004.03,1
2026-09-13T21:37:24.778540+00:00,1789335444.7785408,F_lat_eastus_rep2,r3-pub,F01,drain,0,0,0,0,0,2264806153,22033956,796656010325,60320,1789156079.537691,5926943.224,192964.18600000002,82335559,80667596,424883191,7738,20952,16055174,4785935993,11084509.822,779129.933,177/FEA34FE8,177/FEA34FE8,1,1.001343011856079,0,0.0,0.0,3,2.995976368216952,0,0.0,0.0,0.0,0.0,0.0,streaming,177/FEA34FE8,177/FEA34FE8,177/FEA34FE8,0,0,0,0,,,,0.0,True,56,reserved,0.2,36.5,0.0,0.0,0.0,0.0,3166.747021205318,949.7245087247737,1004.03,1
2026-09-13T21:37:25.779777+00:00,1789335445.7796986,F_lat_eastus_rep2,r3-pub,F01,drain,0,0,0,0,0,2264806153,22033956,796656010325,60320,1789156079.537691,5926943.224,192964.18600000002,82335562,80667596,424883191,7738,20952,16055174,4785935993,11084509.822,779129.933,177/FEA34FE8,177/FEA34FE8,1,1.0011577606201172,0,0.0,0.0,3,2.9965307347183723,0,0.0,0.0,0.0,0.0,0.0,streaming,177/FEA34FE8,177/FEA34FE8,177/FEA34FE8,0,0,0,0,,,,0.0,True,56,reserved,0.8,36.5,0.0,32730.106371750542,0.0,5.993061469436745,620.2818620867031,2601.9875213137866,1004.03,1
2026-09-13T21:37:26.781651+00:00,1789335446.7816513,F_lat_eastus_rep2,r3-pub,F01,drain,0,0,0,0,0,2264806153,22033956,796656010325,60320,1789156079.537691,5926943.224,192964.18600000002,82335565,80667596,424883191,7738,20952,16055174,4785935993,11084509.822,779129.933,177/FEA34FE8,177/FEA34FE8,1,1.0019526481628418,0,0.0,0.0,3,2.9941534717241716,0,0.0,0.0,0.0,0.0,0.0,streaming,177/FEA34FE8,177/FEA34FE8,177/FEA34FE8,0,0,0,0,,,,0.0,True,56,reserved,0.2,36.5,0.0,24528.105240364413,0.0,3.992204628965562,842.3551767117335,119.76613886896686,1004.03,1
2026-09-13T21:37:27.781804+00:00,1789335447.7818043,F_lat_eastus_rep2,r3-pub,F01,drain,0,0,0,0,0,2264806153,22033956,796656010325,60320,1789156079.537691,5926943.224,192964.18600000002,82335568,80667596,424883191,7738,20952,16055174,4785935993,11084509.822,779129.933,177/FEA34FE8,177/FEA34FE8,1,1.0001530647277832,0,0.0,0.0,3,2.9995408760923263,0,0.0,0.0,0.0,0.0,0.0,streaming,177/FEA34FE8,177/FEA34FE8,177/FEA34FE8,0,0,0,0,,,,0.0,True,56,reserved,0.8,36.5,0.0,0.0,0.0,0.0,3566.454101673776,1193.8172686847458,1004.03,1
2026-09-13T21:37:28.783170+00:00,1789335448.78317,F_lat_eastus_rep2,r3-pub,F01,drain,0,0,0,0,0,2264806153,22033956,796656010325,60320,1789156079.537691,5926943.224,192964.18600000002,82335571,80667596,424883191,7738,20952,16055174,4785935993,11084509.822,779129.933,177/FEA34FE8,177/FEA34FE8,1,1.0013656616210938,0,0.0,0.0,3,2.9959086026011232,0,0.0,0.0,0.0,0.0,0.0,streaming,177/FEA34FE8,177/FEA34FE8,177/FEA34FE8,0,0,0,0,,,,0.0,True,56,reserved,0.4,36.5,0.0,102260.346968785,0.0,6.990453406069287,3167.6740291502542,327.55267388438943,1004.03,1
2026-09-13T21:37:29.787248+00:00,1789335449.783728,F_lat_eastus_rep2,r3-pub,F01,load,16,1,1000,6,23.2,2264806153,22033956,796656010325,60320,1789156079.537691,5926956.982,192964.18600000002,82335613,80667596,424883191,7738,20952,16055174,4785936659,11084509.822,779129.933,177/FEAF2000,177/FEBA9708,1,1.0005578994750977,0,0.0,0.0,42,41.9765812873334,0,0.0,0.0,0.0,773736.3329060078,0.0,streaming,177/FEAF1D88,177/FEAF1D88,177/FEAF1800,632,632,772248,2048,0.024954,0.224751,0.024954,2046.858058963305,True,774224,reserved,50.7,37.5,106436.61906609185,876055.2492362945,6.9960968812222335,17.98996340885717,753743.4869042978,22149.64272594959,1004.03,1
2026-09-13T21:37:30.787409+00:00,1789335450.7874088,F_lat_eastus_rep2,r3-pub,F01,load,16,1,1000,6,23.2,2264832454,22033959,796662792627,60320,1789156079.537691,5926996.744,192964.18600000002,82339948,80667596,424887523,7738,20952,16055174,4785983888,11084509.822,779139.833,177/FF20E000,177/FF226B50,1,1.003680944442749,6782302,6757428.281918397,6.444385797422788,4335,4319.101626868908,4332,4316.112629203255,0.0,0.0,7427380.226032801,0.0,streaming,177/FF1F7038,177/FF105FC0,177/FF105F00,94152,1081408,2305800,1081600,0.037803,0.037803,0.037803,1075592.802650423,True,7447208,reserved,4.6,37.4,4080.9781461718685,14507877.309640992,0.9963325552177413,69.74327886524189,7446752.916236455,180846.31476268265,1004.03,1
2026-09-13T21:37:31.787951+00:00,1789335451.7879515,F_lat_eastus_rep2,r3-pub,F01,load,16,1,1000,6,23.2,2264858853,22033959,796669581771,60320,1789156079.537691,5927033.621,192964.18600000002,82344303,80667596,424891870,7738,20952,16055174,4786030245,11084509.822,779149.409,177/FF826000,177/FF8A6A70,1,1.0005426406860352,6789144,6785461.932282001,6.471120769769669,4355,4352.6380814854,4347,4344.642420256495,0.0,0.0,6386294.536751355,0.0,streaming,177/FF823DF8,177/FF823DF8,177/FF823828,8712,8712,877232,10200,0.037610,0.037610,0.037610,-1070818.9300811614,True,13836968,reserved,4.5,37.5,0.0,6386294.536751355,0.0,11.993491843358163,6405686.014146757,207073.63342150036,1004.02,1
2026-09-13T21:37:32.788686+00:00,1789335452.7886863,F_lat_eastus_rep2,r3-pub,F01,load,16,1,1000,6,23.2,2264885587,22033959,796676431244,60320,1789156079.537691,5927068.079,192964.18600000002,82348706,80667596,424896270,7738,20952,16055174,4786077115,11084509.822,779158.381,177/FFE4E000,177/FFF3D980,1,1.000734806060791,6849473,6844443.661314923,6.5273701298856,4403,4399.767024524311,4400,4396.769227323863,0.0,0.0,6450556.092287915,0.0,streaming,177/FFE4BD00,177/FFE4BD00,177/FFE4B1E0,8960,8960,1152576,11808,0.037610,0.037610,0.037610,1606.8192994401754,True,20292264,reserved,5.2,37.5,0.0,14595611.05653471,0.0,25.980909070550098,6482633.521598442,182802.67548612398,1004.01,1
2026-09-13T21:37:33.789119+00:00,1789335453.7891002,F_lat_eastus_rep2,r3-pub,F01,load,16,1,1000,6,23.2,2264912473,22033959,796683377895,60320,1789156079.537691,5927120.608,192964.18600000002,82353116,80667596,424900677,7738,20952,16055174,4786124214,11084509.822,779167.969,178/525FD8,178/5D7600,1,1.0004138946533203,6946651,6943777.007822614,6.622101791212668,4410,4408.175479738039,4407,4405.176720908285,0.0,0.0,7173183.057885054,0.0,streaming,178/523FE8,178/523FE8,178/523960,8176,8176,1289880,9848,0.039352,0.179220,0.039352,-1959.189102105795,True,27468416,reserved,6.0,37.5,0.0,16766180.567506507,0.0,54.97724521215241,7136304.321796741,205984.7440157863,1004.01,1
2026-09-13T21:37:34.789396+00:00,1789335454.7893865,F_lat_eastus_rep2,r3-pub,F01,load,16,1,1000,6,23.2,2264938661,22033959,796690081356,60320,1789156079.537691,5927159.45,192964.18600000002,82357448,80667596,424905006,7738,20952,16055174,4786170467,11084509.822,779178.126,178/C38000,178/C39148,1,1.000286340713501,6703461,6701542.075660499,6.391088557873248,4332,4330.759927112469,4329,4327.760785888707,0.0,0.0,7411677.734909147,0.0,streaming,178/B61908,178/B38000,178/B38000,882752,1053000,2359936,1053000,0.038437,0.190835,0.038437,1042853.3886166266,True,34886640,reserved,2.5,37.5,0.0,15474353.06270306,0.0,29.991412237620978,6895063.662551231,180377.35062072385,1004.0,1
2026-09-13T21:37:35.789962+00:00,1789335455.789962,F_lat_eastus_rep2,r3-pub,F01,load,16,1,1000,6,23.2,2264964781,22033960,796696772660,60320,1789156079.537691,5927195.197,192964.18600000002,82361762,80667596,424909317,7738,20952,16055174,4786216592,11084509.822,779187.793,178/120A000,178/129F568,1,1.0005755424499512,6691304,6687455.085716029,6.377654157367734,4314,4311.518538057597,4311,4308.52026369177,0.0,0.0,6099529.461869966,0.0,streaming,178/1205FD8,178/1205FD8,178/12054B0,16424,16424,220360,19280,0.037977,0.196756,0.037977,-1033125.392480505,True,40985256,reserved,8.3,37.5,0.0,6181402.3405527845,0.0,21.987345349389688,6740272.686944417,204470.3186518608,1004.0,1
2026-09-13T21:37:36.790481+00:00,1789335456.790481,F_lat_eastus_rep2,r3-pub,F01,load,16,1,1000,6,23.2,2264990276,22033960,796703353437,60320,1789156079.537691,5927230.358,192964.18600000002,82365954,80667596,424913505,7738,20952,16055174,4786260916,11084509.822,779197.428,178/1854000,178/18E9190,1,1.000519037246704,6580777,6577363.1035641525,6.272662261547234,4192,4189.825324599349,4188,4185.827399671296,0.0,0.0,6591138.953384991,0.0,streaming,178/184FFD8,178/184FFD8,178/184F9E8,16424,16424,642000,17944,0.038858,0.045562,0.038858,-1335.30692596964,True,47579816,reserved,2.7,37.5,0.0,7766081.114640576,0.0,80.95797979306948,6568405.75276285,208717.66775638922,1003.99,1
2026-09-13T21:37:37.791340+00:00,1789335457.7913406,F_lat_eastus_rep2,r3-pub,F01,load,16,1,1000,6,23.2,2265015772,22033960,796709908680,60320,1789156079.537691,5927269.547,192964.18600000002,82369888,80667596,424917436,7738,20952,16055174,4786301326,11084509.822,779208.047,178/1EC2000,178/1F22900,1,1.0008594989776611,6555243,6549613.613794868,6.246198285860889,3934,3930.6216347233826,3931,3927.6242110060034,0.0,0.0,6736226.220450229,0.0,streaming,178/1EBFEB8,178/1EBFEB8,178/1EBF9B0,8520,8520,1163824,9808,0.039533,0.039533,0.039533,-8129.013121532649,True,54321832,reserved,8.9,37.5,0.0,9412709.785562288,0.0,14.987118586896477,6758817.803008117,185972.157121081,1003.98,1
2026-09-13T21:37:38.791523+00:00,1789335458.7915232,F_lat_eastus_rep2,r3-pub,F01,load,16,1,1000,6,23.2,2265040542,22033960,796716261471,60320,1789156079.537691,5927304.603,192964.18600000002,82374247,80667596,424921792,7738,20952,16055174,4786349245,11084509.822,779216.584,178/2427A50,178/25336F8,1,1.0001826286315918,6352791,6351631.010320209,6.057387361831864,4359,4358.204067155018,4356,4355.204614940871,0.0,0.0,5658182.653844632,0.0,streaming,178/2425C00,178/2425C00,178/2425C00,7760,7760,646624,7760,0.026569,0.068423,0.026569,-2047.626044857416,True,61063848,reserved,3.9,37.5,0.0,6859547.250272344,0.0,19.996348094310704,5894975.40870784,153355.99280488765,1003.98,1
2026-09-13T21:37:39.792095+00:00,1789335459.7920954,F_lat_eastus_rep2,r3-pub,F01,load,16,1,1000,6,23.2,2265065297,22033960,796722599066,60320,1789156079.537691,5927341.505,192964.18600000002,82378343,80667596,424925885,7738,20952,16055174,4786392610,11084509.822,779224.935,178/2A66000,178/2B3B1C8,1,1.0005722045898438,6337595,6333970.672909026,6.040545151623751,4096,4093.65759033756,4093,4090.659305969637,0.0,0.0,6543119.996705987,0.0,streaming,178/2A63FA0,178/2A63FA0,178/2A63FA0,8288,8288,1056704,8288,0.037986,0.037986,0.037986,527.6980487544511,True,66527912,reserved,5.8,37.5,0.0,13844749.970521629,0.0,23.986274943384142,6451307.53221957,170134.64817342372,1003.97,1
2026-09-13T21:37:40.792865+00:00,1789335460.7928653,F_lat_eastus_rep2,r3-pub,F01,load,16,1,1000,6,23.2,2265089703,22033960,796728835662,60320,1789156079.537691,5927381.255,192964.18600000002,82382383,80667596,424929922,7738,20952,16055174,4786435403,11084509.822,779233.015,178/3116000,178/312EE70,1,1.000769853591919,6236596,6231798.4275964005,5.943106105419541,4040,4036.8921840519183,4037,4033.894491836038,0.0,0.0,7006957.668470504,0.0,streaming,178/3101C18,178/2FFFFF0,178/2FFFA68,82920,1138704,1877664,1140120,0.040352,0.209524,0.040352,1130961.3253613492,True,73540264,reserved,5.8,37.5,0.0,15425948.278309187,0.0,22.982306988414386,7023294.091816312,170941.40014908757,1003.97,1
2026-09-13T21:37:41.793107+00:00,1789335461.7931077,F_lat_eastus_rep2,r3-pub,F01,load,16,1,1000,6,23.2,2265114056,22033961,796735070604,60320,1789156079.537691,5927414.091,192964.18600000002,82386410,80667596,424933947,7738,20952,16055174,4786478331,11084509.822,779240.874,178/3728000,178/3728F20,1,1.0002424716949463,6234942,6233430.569524477,5.944662637257077,4027,4026.023803184548,4025,4024.024288010381,0.0,0.0,6363640.997181384,0.0,streaming,178/3685908,178/361FCE8,178/361FC98,665336,1082136,2083296,1082216,0.042220,0.211573,0.042220,-57889.963322472824,True,79905448,reserved,3.1,37.5,0.0,14844400.653013201,0.0,29.992727612499735,6016293.219185851,164615.0855012048,1003.96,1
2026-09-13T21:37:42.794458+00:00,1789335462.7944589,F_lat_eastus_rep2,r3-pub,F01,load,16,1,1000,6,23.2,2265138582,22033961,796741386651,60320,1789156079.537691,5927453.883,192964.18600000002,82390456,80667596,424937990,7738,20952,16055174,4786521408,11084509.822,779248.894,178/3C43F00,178/3D33B78,1,1.0013511180877686,6316047,6307524.789168307,6.015324391525561,4046,4040.5407523051945,4043,4037.544800190287,0.0,0.0,5350083.4055397045,0.0,streaming,178/3C41BF0,178/3C41BF0,178/3C411A0,8976,8976,230768,11616,0.038562,0.201159,0.038562,-1069155.4447399755,True,85262760,reserved,4.8,37.5,0.0,5358520.0066952845,0.0,9.986507049691534,5845635.855660908,177087.73356006507,1003.96,1
2026-09-13T21:37:43.794697+00:00,1789335463.7946973,F_lat_eastus_rep2,r3-pub,F01,load,16,1,1000,6,23.2,2265163164,22033961,796747716564,60320,1789156079.537691,5927493.664,192964.18600000002,82394503,80667596,424942034,7738,20952,16055174,4786564408,11084509.822,779257.082,178/432C000,178/4344888,1,1.0002384185791016,6329913,6328404.190864834,6.035236540665468,4047,4046.035350000858,4044,4043.0360650861057,0.0,0.0,7240257.7880258495,0.0,streaming,178/4329FD0,178/421DE38,178/421D2E0,8240,1106376,2325528,1109280,0.023104,0.045896,0.023104,1097402.358888891,True,92504744,reserved,5.0,37.5,0.0,15683940.657153808,0.0,30.99261078577381,7239374.998499274,169951.48040952455,1003.95,1
2026-09-13T21:37:44.795097+00:00,1789335464.7950978,F_lat_eastus_rep2,r3-pub,F01,load,16,1,1000,6,23.2,2265187841,22033961,796754089613,60320,1789156079.537691,5927528.803,192964.18600000002,82398551,80667596,424946079,7738,20952,16055174,4786607352,11084509.822,779265.745,178/4958000,178/4958D78,1,1.0004005432128906,6373049,6370497.340527514,6.0753796963954105,4048,4046.379250254529,4045,4043.3804514030558,0.0,0.0,6469088.850367399,0.0,streaming,178/48DFC40,178/484FE98,178/484F8C8,492480,1081704,1587624,1083192,0.039450,0.039450,0.039450,-26077.554812411105,True,98976424,reserved,1.9,37.5,0.0,14862526.915717505,0.0,21.991191577470268,6143117.416013026,174491.10877067214,1003.95,1
2026-09-13T21:37:45.795772+00:00,1789335465.7957637,F_lat_eastus_rep2,r3-pub,F01,load,16,1,1000,6,23.2,2265212373,22033961,796760413198,60320,1789156079.537691,5927559.924000001,192964.18600000002,82402589,80667596,424950114,7738,20952,16055174,4786649938,11084509.822,779274.247,178/4E76000,178/4F682A8,1,1.0006659030914307,6323585,6319376.907381459,6.026627452260455,4038,4035.31287268319,4035,4032.314869063069,0.0,0.0,5362189.30156725,0.0,streaming,178/4E71D88,178/4E71D88,178/4E711E0,17016,17016,766848,20000,0.038766,0.038766,0.038766,-1062484.4882946475,True,5560248,reserved,4.3,37.5,0.0,13818893.955794685,0.0,28.980701661171995,5647739.153038397,182866.22881291521,1003.94,1
2026-09-13T21:37:46.796164+00:00,1789335466.7961645,F_lat_eastus_rep2,r3-pub,F01,load,16,1,1000,6,23.2,2265237022,22033961,796766741160,60320,1789156079.537691,5927602.7870000005,192964.18600000002,82406661,80667596,424954183,7738,20952,16055174,4786694449,11084509.822,779282.523,178/552C000,178/55761C8,1,1.0004007816314697,6327962,6325426.88509325,6.032397160619021,4072,4070.368671003352,4069,4067.3698728665618,0.0,0.0,7034108.8583758045,0.0,streaming,178/552A000,178/552A000,178/5528A08,8192,8192,604416,13816,0.038997,0.038997,0.038997,-6181.522559303716,True,12597176,reserved,2.7,37.5,0.0,7050486.294600195,0.0,14.993990683951443,7092934.282226462,202448.8622147124,1003.93,1
2026-09-13T21:37:47.796726+00:00,1789335467.7967262,F_lat_eastus_rep2,r3-pub,F01,load,16,1,1000,6,23.2,2265261652,22033962,796773072706,60320,1789156079.537691,5927638.46,192964.18600000002,82410734,80667596,424958253,7738,20952,16055174,4786737910,11084509.822,779290.873,178/5B6B4C8,178/5B82B50,8,1.0005617141723633,6331546,6327991.477504492,6.034842946533672,4073,4070.713422578908,4070,4067.715106775388,0.0,0.0,6547050.428986861,0.0,streaming,178/5B69C80,178/5A5DDF0,178/5A5DBD8,6216,1103576,2005416,1104112,0.038449,0.038449,0.038449,1089683.9091048597,True,19147904,reserved,4.5,37.5,0.0,15089380.081356127,0.0,29.98315803519942,6597249.231607993,162373.79233962245,1003.93,1
2026-09-13T21:37:48.797344+00:00,1789335468.7973442,F_lat_eastus_rep2,r3-pub,F01,load,16,1,1000,6,23.2,2265286325,22033962,796779392923,60320,1789156079.537691,5927674.143,192964.18600000002,82414812,80667596,424962328,7738,20952,16055174,4786781484,11084509.822,779299.613,178/6114000,178/61959A0,2,1.0006179809570312,6320217,6316313.638452799,6.023706091358947,4078,4075.4814300854728,4075,4072.48328288335,0.0,0.0,5930215.239910639,0.0,streaming,178/6101FE8,178/6101FE8,178/60FD490,73752,73752,1137416,93040,0.023050,0.114703,0.023050,-1010447.5626482047,True,25081784,reserved,3.3,37.5,0.0,14433576.324689485,0.0,25.983942418396833,5909725.901931332,174315.27647861658,1003.92,1
2026-09-13T21:37:49.797682+00:00,1789335469.7976823,F_lat_eastus_rep2,r3-pub,F01,load,16,1,1000,6,23.2,2265310940,22033962,796785703617,60320,1789156079.537691,5927708.32,192964.18600000002,82418881,80667596,424966394,7738,20952,16055174,4786824829,11084509.822,779308.846,178/67379A8,178/67AB3C8,4,1.000338077545166,6310694,6308561.21711019,6.016312806234541,4069,4067.624827383702,4066,4064.6258412735638,0.0,0.0,6435112.432985789,0.0,streaming,178/6735B78,178/6735B78,178/6735B78,7728,7728,995336,7728,0.040186,0.040186,0.040186,-85283.16767602811,True,31519072,reserved,5.2,37.5,0.0,6506344.351073784,0.0,20.992902770965284,6581663.887229897,183948.8110375282,1003.92,1
2026-09-13T21:37:50.798134+00:00,1789335470.7981346,F_lat_eastus_rep2,r3-pub,F01,load,16,1,1000,6,23.2,2265335632,22033962,796792018275,60320,1789156079.537691,5927742.402,192964.18600000002,82422962,80667596,424970472,7738,20952,16055174,4786868310,11084509.822,779318.001,178/6D70000,178/6DAC520,3,1.0004522800445557,6314658,6311803.29732346,6.019404694865665,4081,4079.155079558868,4078,4076.156435785607,0.0,0.0,6519507.35692213,0.0,streaming,178/6D6DE78,178/6D6DE78,178/6D6DE78,8584,8584,1341200,8584,0.039810,0.039810,0.039810,855.6130233036978,True,38041528,reserved,1.9,37.5,0.0,14919076.399461322,0.0,20.990506412824363,6588279.252766014,187451.21955406808,1003.91,1
2026-09-13T21:37:51.799035+00:00,1789335471.7990358,F_lat_eastus_rep2,r3-pub,F01,load,16,1,1000,6,23.2,2265360280,22033962,796798314696,60320,1789156079.537691,5927776.7930000005,192964.18600000002,82427035,80667596,424974540,7738,20952,16055174,4786911573,11084509.822,779326.147,178/7316000,178/73B5520,3,1.000901222229004,6296421,6290751.634789585,5.999328264989457,4073,4069.332626979355,4068,4064.3371290331493,0.0,0.0,5917483.032751131,0.0,streaming,178/7313E48,178/7313E48,178/7313878,8632,8632,1193016,10120,0.039810,0.212509,0.039810,1534.6169690744634,True,43964344,reserved,2.0,37.5,0.0,14318999.399444127,0.0,20.98109137406493,5993311.694275769,185999.3732302641,1003.91,1
2026-09-13T21:37:52.800440+00:00,1789335472.799429,F_lat_eastus_rep2,r3-pub,F01,load,16,1,1000,6,23.2,2265384998,22033962,796804607905,60320,1789156079.537691,5927810.459,192964.18600000002,82431104,80667596,424978607,7738,20952,16055174,4786954909,11084509.822,779334.402,178/7949D78,178/79C2968,1,1.0003931522369385,6293209,6290735.783154864,5.9993131476925505,4069,4067.40089224069,4067,4065.401678236148,0.0,0.0,6501244.021370116,0.0,streaming,178/7947ED0,178/7947ED0,178/7947E50,7848,7848,381720,7976,0.040100,0.210492,0.040100,-2143.1574128690195,True,50468144,reserved,3.9,37.5,0.0,14895391.843376702,0.0,20.991747047690954,6576823.307204823,176114.7600881135,1003.9,1
2026-09-13T21:37:53.801990+00:00,1789335473.8019905,F_lat_eastus_rep2,r3-pub,F01,load,16,1,1000,6,23.2,2265409572,22033963,796810895671,60320,1789156079.537691,5927851.047,192964.18600000002,82435165,80667596,424982666,7738,20952,16055174,4786998184,11084509.822,779342.811,178/7F7BEF8,178/7FC4598,1,1.0025615692138672,6287766,6271700.604812121,5.981159786998864,4061,4050.6240461464413,4059,4048.6291561951257,0.0,0.0,6480040.926657674,0.0,streaming,178/7F79FE8,178/7F79FE8,178/7F79A60,7952,7952,703712,9368,0.039440,0.039440,0.039440,1388.4434061156971,True,56964784,reserved,10.4,37.5,0.0,6602223.946395855,0.0,22.941234440130053,6556550.940960484,174530.9269506555,1003.9,1
2026-09-13T21:37:54.802537+00:00,1789335474.8025374,F_lat_eastus_rep2,r3-pub,F01,load,16,1,1000,6,23.2,2265434104,22033963,796817170075,60320,1789156079.537691,5927886.42,192964.18600000002,82439223,80667596,424986721,7738,20952,16055174,4787041757,11084509.822,779351.042,178/8534000,178/85C6770,1,1.000546932220459,6274404,6270974.202155175,5.980467035441565,4058,4055.7817622750617,4055,4052.783402174809,0.0,0.0,5993529.945358598,0.0,streaming,178/8531DC0,178/8531DC0,178/8531DC0,8768,8768,521488,8768,0.032128,0.113275,0.032128,-599.6720200505266,True,62961592,reserved,1.8,37.5,0.0,9460681.648378996,0.0,59.96720200505266,6064864.929957075,168471.85731299495,1003.89,1
2026-09-13T21:37:55.803038+00:00,1789335475.8030384,F_lat_eastus_rep2,r3-pub,F01,load,16,1,1000,6,23.2,2265458750,22033963,796823477399,60320,1789156079.537691,5927922.165,192964.18600000002,82443296,80667596,424990791,7738,20952,16055174,4787085587,11084509.822,779359.482,178/8B6C000,178/8BCE6B8,1,1.0005009174346924,6307324,6304166.133272647,6.012121327660224,4073,4070.9607847669613,4070,4067.9622867668872,0.0,0.0,6517567.236939237,0.0,streaming,178/8B69FF0,178/8B69FF0,178/8B69FF0,8208,8208,866312,8208,0.039395,0.039395,0.039395,-559.7196266804563,True,69482424,reserved,4.3,37.5,0.0,17554854.467333823,0.0,43.977970667750135,6585372.272214908,185757.95060390976,1003.89,1
2026-09-13T21:37:56.803807+00:00,1789335476.8038077,F_lat_eastus_rep2,r3-pub,F01,load,16,1,1000,6,23.2,2265483509,22033963,796829820652,60320,1789156079.537691,5927955.783,192964.18600000002,82447386,80667596,424994878,7738,20952,16055174,4787129378,11084509.822,779368.156,178/9106000,178/91E2228,1,1.0007693767547607,6343253,6338376.400534505,6.0447467809052515,4090,4086.8556682487874,4087,4083.857974604595,0.0,0.0,5869148.4136403045,0.0,streaming,178/9103ED8,178/9103ED8,178/9103ED8,8488,8488,1090352,8488,0.039771,0.039771,0.039771,279.78474012461135,True,75356088,reserved,4.4,37.5,0.0,14275864.481713654,0.0,21.983086724076607,5920937.568268585,166309.04568614264,1003.88,1
2026-09-13T21:37:57.803886+00:00,1789335477.8038862,F_lat_eastus_rep2,r3-pub,F01,load,16,1,1000,6,23.2,2265508393,22033963,796836226460,60320,1789156079.537691,5927993.849,192964.18600000002,82451486,80667596,424998975,7738,20952,16055174,4787173265,11084509.822,779377.136,178/9758000,178/9803960,1,1.0000784397125244,6405808,6405305.569672484,6.108575410530552,4100,4099.678422403104,4097,4096.678657703785,0.0,0.0,6626808.195070224,0.0,streaming,178/9755FF0,178/9755FF0,178/9755A68,8208,8208,1012128,9624,0.040731,0.040731,0.040731,1135.9108994755918,True,81983416,reserved,3.9,37.5,0.0,6626808.195070224,0.0,11.999058797277378,6640649.109392883,191579.97252202994,1003.87,1
2026-09-13T21:37:58.804681+00:00,1789335478.8046818,F_lat_eastus_rep2,r3-pub,F01,load,16,1,1000,6,23.2,2265533297,22033963,796842618907,60320,1789156079.537691,5928026.704,192964.18600000002,82455589,80667596,425003075,7738,20952,16055174,4787216975,11084509.822,779386.753,178/9DA3C80,178/9E1F248,1,1.000795602798462,6392447,6387365.194376556,6.091466135384136,4103,4099.738236785852,4100,4096.740621696806,0.0,0.0,6596607.720437265,0.0,streaming,178/9DA1E28,178/9DA1E28,178/9DA1E28,7768,7768,412200,7768,0.039921,0.211828,0.039921,-1854.5245350900661,True,88585272,reserved,3.5,37.5,0.0,15196357.735259399,0.0,25.97933077173584,6637773.96845514,184818.95752018812,1003.87,1
2026-09-13T21:37:59.805149+00:00,1789335479.805149,F_lat_eastus_rep2,r3-pub,F01,load,16,1,1000,6,23.2,2265558263,22033964,796849020283,60320,1789156079.537691,5928083.525,192964.18600000002,82459696,80667596,425007179,7738,20952,16055174,4787261064,11084509.822,779396.971,178/A428000,178/A441D30,1,1.000467300415039,6401376,6398386.031551876,6.101976424743534,4107,4105.081693620802,4104,4102.083094867244,0.0,0.0,6829832.416477133,0.0,streaming,178/A425E60,178/A315FE0,178/A3147B8,8608,1122336,2090752,1128520,0.027707,0.074172,0.027707,1120228.5167491846,True,95418296,reserved,9.1,37.5,0.0,15234097.100102376,0.0,23.988790028463413,6838960.151082964,169088.9846472958,1003.86,1
2026-09-13T21:38:00.805659+00:00,1789335480.8056595,F_lat_eastus_rep2,r3-pub,F01,load,16,1,1000,6,23.2,2265583374,22033964,796855463386,60320,1789156079.537691,5928112.408,192964.18600000002,82463817,80667596,425011296,7738,20952,16055174,4787304957,11084509.822,779406.579,178/A974000,178/AA6B6C0,1,1.0005104541778564,6443103,6439815.769136019,6.141486901412982,4121,4118.897491567267,4117,4114.899532342256,0.0,0.0,5551342.294133249,0.0,streaming,178/A971FC0,178/A971FC0,178/A971FC0,8256,8256,439096,8256,0.040889,0.210977,0.040889,-1119692.4483118448,True,100972472,reserved,4.1,37.5,0.0,13972515.671000574,0.0,22.988265543811487,5560397.6717778975,186079.01518928522,1003.86,1
2026-09-13T21:38:01.806250+00:00,1789335481.8062508,F_lat_eastus_rep2,r3-pub,F01,load,16,1,1000,6,23.2,2265608471,22033964,796861929855,60320,1789156079.537691,5928159.434,192964.18600000002,82467948,80667596,425015424,7738,20952,16055174,4787348863,11084509.822,779415.88,178/B110000,178/B15A4A8,2,1.0005912780761719,6466469,6462647.778054816,6.163261201910797,4131,4128.558873651825,4128,4125.560646437843,0.0,0.0,7974292.97539068,0.0,streaming,178/B10BFE8,178/B10BFE8,178/B10BB20,16408,16408,736072,17632,0.039928,0.039928,0.039928,9370.459452761925,True,108951480,reserved,4.1,37.5,0.0,8007041.611839923,0.0,16.98995421255895,7285640.160702099,195320.511263863,1003.85,1
2026-09-13T21:38:02.806839+00:00,1789335482.806839,F_lat_eastus_rep2,r3-pub,F01,load,16,1,1000,6,23.2,2265633344,22033964,796868338032,60320,1789156079.537691,5928201.279,192964.18600000002,82472045,80667596,425019519,7738,20952,16055174,4787392996,11084509.822,779427.417,178/B784000,178/B81A5C0,2,1.0005881786346436,6408177,6404410.062833545,6.1077213886580894,4097,4094.5916486746596,4095,4092.5928243404273,0.0,0.0,6762614.374710462,0.0,streaming,178/B781F90,178/B781F90,178/B7819B8,8304,8304,1417648,9800,0.040671,0.212654,0.040671,-7827.3960928532915,True,115718072,reserved,10.1,37.7,0.0,15154478.459550926,0.0,20.98765550943809,6035788.877938777,173957.68180822828,1003.85,1
2026-09-13T21:38:03.807522+00:00,1789335483.8075228,F_lat_eastus_rep2,r3-pub,F01,load,16,1,1000,6,23.2,2265680611,22033965,796876227757,60320,1789156079.537691,5928242.053,192964.18600000002,82476168,80667596,425023685,7751,21003,16055174,4787508587,11084509.822,779437.328,178/BDC8000,178/BE594C8,1,1.0006837844848633,7889725,7884333.814863913,7.519086661209023,4123,4120.182683006557,4166,4163.153300365103,12.991116875839255,50.96515082060016,6565494.6166456845,0.0,streaming,178/BDC5B10,178/BDC5B10,178/BDC5978,9456,9456,638712,9864,0.040544,0.040544,0.040544,63.95626769643941,True,122288056,reserved,7.2,37.5,24559.206795432736,15087539.374660844,2.9979500482705976,38.97335062751777,6437812.923406523,189491.42870103967,1003.84,1
2026-09-13T21:38:04.808037+00:00,1789335484.808037,F_lat_eastus_rep2,r3-pub,F01,load,16,1,1000,6,23.2,2265704749,22033965,796882444270,60320,1789156079.537691,5928281.883,192964.18600000002,82480145,80667596,425027659,7751,21003,16055174,4787554669,11084509.822,779446.744,178/C416000,178/C443DF0,1,1.000514268875122,6216513,6213317.68410382,5.9254814950025745,3977,3974.9558039500425,3974,3971.9573459636586,0.0,0.0,6607545.944779661,0.0,streaming,178/C413DE0,178/C30FD68,178/C30F860,8736,1073816,2102840,1075104,0.038923,0.038923,0.038923,1064692.4618053164,True,128899000,reserved,4.1,37.5,0.0,9763938.710222732,0.0,22.988177895612516,6624043.460620747,177223.8592852406,1003.84,1
2026-09-13T21:38:05.808929+00:00,1789335485.8089292,F_lat_eastus_rep2,r3-pub,F01,load,16,1,1000,6,23.2,2265728796,22033966,796888623260,60320,1789156079.537691,5928318.586,192964.18600000002,82484111,80667596,425031622,7751,21003,16055174,4787600869,11084509.822,779455.171,178/CA2F628,178/CA2F628,1,1.000892162322998,6178990,6173482.251733307,5.887491466267878,3966,3962.4648381651846,3963,3959.467512266421,0.0,0.0,6389731.322460021,0.0,streaming,178/C98DA10,178/C925E90,178/C925330,662552,1087384,2291264,1090296,0.038951,0.212382,0.038951,15178.458351337742,True,135294432,reserved,2.9,37.5,0.0,11740949.167516507,0.0,32.97058488639715,5939069.386060086,144821.7954505501,1003.83,1
2026-09-13T21:38:06.809799+00:00,1789335486.8097994,F_lat_eastus_rep2,r3-pub,F01,load,16,1,1000,6,23.2,2265752587,22033966,796894747265,60320,1789156079.537691,5928352.759000001,192964.18600000002,82488027,80667596,425035535,7751,21003,16055174,4787642971,11084509.822,779463.996,178/CF46000,178/D0008B8,1,1.0008702278137207,6124005,6118680.354172532,5.8352283040738415,3916,3912.595150875879,3913,3909.5977592894064,0.0,0.0,5330872.9261082895,0.0,streaming,178/CF41C20,178/CF41C20,178/CF41080,17376,17376,416944,20352,0.039697,0.210759,0.039697,-1069013.714532365,True,140629944,reserved,6.1,37.5,0.0,13717854.341607364,0.0,23.979132691782713,5800326.394642724,203333.05392102915,1003.83,1
2026-09-13T21:38:07.810327+00:00,1789335487.8102598,F_lat_eastus_rep2,r3-pub,F01,load,16,1,1000,6,23.2,2265776227,22033966,796900801393,60320,1789156079.537691,5928388.3040000005,192964.18600000002,82491917,80667596,425039422,7751,21003,16055174,4787682588,11084509.822,779472.707,178/D52C000,178/D5CDC80,1,1.0004603862762451,6054128,6051342.045169539,5.771009488267459,3890,3888.209921512975,3887,3885.21130203623,0.0,0.0,6182113.83963005,0.0,streaming,178/D515F18,178/D515F18,178/D515080,90344,90344,450632,94080,0.039483,0.039483,0.039483,73694.07226049065,True,146814904,reserved,3.1,37.5,0.0,14615990.998330647,0.0,23.9889558139618,6147727.670550386,172807.44182535057,1003.82,1
2026-09-13T21:38:08.810389+00:00,1789335488.8103373,F_lat_eastus_rep2,r3-pub,F01,load,16,1,1000,6,23.2,2265799968,22033966,796906867220,60320,1789156079.537691,5928430.282000001,192964.18600000002,82495822,80667596,425043324,7751,21003,16055174,4787722126,11084509.822,779482.388,178/DB3C000,178/DB97C10,1,1.000077486038208,6065827,6065357.01951424,5.784375209345093,3905,3904.6974404649372,3902,3901.697672905041,0.0,0.0,6356499.46003997,0.0,streaming,178/DB29F50,178/DB29F50,178/DB29A88,73904,73904,631984,75128,0.038345,0.038345,0.038345,-18950.531598384507,True,153171896,reserved,2.5,37.5,0.0,6491656.987218655,0.0,17.998605359377432,6408724.413335244,178558.1642352637,1003.82,1
2026-09-13T21:38:09.811190+00:00,1789335489.8111908,F_lat_eastus_rep2,r3-pub,F01,load,16,1,1000,6,23.2,2265823630,22033966,796912944607,60320,1789156079.537691,5928465.909,192964.18600000002,82499724,80667596,425047222,7751,21003,16055174,4787761563,11084509.822,779490.694,178/E10A000,178/E168888,1,1.0008535385131836,6077387,6072204.1399066765,5.790905132204701,3902,3898.6723330134896,3898,3894.6757442559156,0.0,0.0,6081465.235205165,0.0,streaming,178/E105FB8,178/E105FB8,178/E105938,16456,16456,543032,18120,0.023245,0.045994,0.023245,-56959.382972945416,True,159258552,reserved,8.3,37.5,0.0,14487474.382655643,0.0,23.979532545444325,6176470.144855837,173638.79260313054,1003.81,1
2026-09-13T21:38:10.811590+00:00,1789335490.8115904,F_lat_eastus_rep2,r3-pub,F01,load,16,1,1000,6,23.2,2265847482,22033966,796919054820,60320,1789156079.537691,5928509.806,192964.18600000002,82503666,80667596,425051160,7751,21003,16055174,4787801186,11084509.822,779498.859,178/E714000,178/E744E40,1,1.0003995895385742,6110213,6107772.3980457485,5.8248256664712414,3942,3940.425447213762,3938,3936.427044933484,0.0,0.0,6329886.64351689,0.0,streaming,178/E711B48,178/E64A4B0,178/E64A4B0,9400,826192,1732128,826192,0.026454,0.027122,0.026454,807749.2318571585,True,165590968,reserved,3.9,37.5,0.0,14715143.982406016,0.0,19.992011401388947,6389135.968106616,180813.74871758206,1003.8,1
2026-09-13T21:38:11.812278+00:00,1789335491.8122783,F_lat_eastus_rep2,r3-pub,F01,load,16,1,1000,6,23.2,2265871425,22033967,796925200390,60320,1789156079.537691,5928552.98,192964.18600000002,82507620,80667596,425055112,7751,21003,16055174,4787841105,11084509.822,779507.202,178/ED20000,178/ED20AC8,1,1.000687837600708,6145570,6141345.751473188,5.856843711350621,3954,3951.2821595596483,3952,3949.283534289259,0.0,0.0,6336249.689216282,0.0,streaming,178/ECC5FF0,178/EC19F98,178/EC19A90,368656,1073256,1892952,1074544,0.026454,0.039791,0.026454,248181.29157586183,True,171931576,reserved,3.5,37.5,0.0,14600389.303252248,0.0,29.979379055839516,6290392.2316998355,159208.49041394133,1003.8,1
2026-09-13T21:38:12.812672+00:00,1789335492.8126729,F_lat_eastus_rep2,r3-pub,F01,load,16,1,1000,6,23.2,2265895660,22033967,796931391342,60320,1789156079.537691,5928607.72,192964.18600000002,82511628,80667596,425059117,7751,21003,16055174,4787881706,11084509.822,779515.485,178/F30E000,178/F310170,1,1.000394582748413,6190952,6188510.120668004,5.901823158901219,4008,4006.4191361259727,4005,4003.4203194073157,0.0,0.0,6215275.559487592,0.0,streaming,178/F2BAD28,178/F201F10,178/F201F10,340696,1097968,1926840,1097968,0.039221,0.039221,0.039221,23414.760939275144,True,178149304,reserved,4.4,37.5,0.0,6239841.866046832,0.0,12.994872447514382,6306947.387365797,171667.26305952942,1003.79,1
2026-09-13T21:38:13.813210+00:00,1789335493.81321,F_lat_eastus_rep2,r3-pub,F01,load,16,1,1000,6,23.2,2265919932,22033967,796937601170,60320,1789156079.537691,5928636.382,192964.18600000002,82515636,80667596,425063122,7751,21003,16055174,4787922185,11084509.822,779523.894,178/F826000,178/F90BAB8,3,1.0005371570587158,6209828,6206494.137863968,5.918974054206817,4008,4005.848230346925,4005,4002.8498409529525,0.0,0.0,5338316.485618091,0.0,streaming,178/F821B78,178/F821B78,178/F821B78,17544,17544,1097344,17544,0.039814,0.039814,0.039814,-1079843.954197691,True,183490488,reserved,9.5,37.5,0.0,7671783.047583055,0.0,102.94470252638055,5478476.197839324,181451.53202875596,1003.79,1
2026-09-13T21:38:14.813702+00:00,1789335494.8137023,F_lat_eastus_rep2,r3-pub,F01,load,16,1,1000,6,23.2,2265944543,22033967,796943894944,60320,1789156079.537691,5928669.73,192964.18600000002,82519696,80667596,425067180,7751,21003,16055174,4787963304,11084509.822,779532.888,178/FE5D408,178/FF157B8,3,1.0004923343658447,6293774,6290676.8835857855,5.999256976686273,4060,4058.0021061064936,4058,4056.0030902906774,0.0,0.0,6514560.657909731,0.0,streaming,178/FE5BB90,178/FE5BB90,178/FE5BB90,6264,6264,410016,6264,0.039861,0.209912,0.039861,-11274.449201202278,True,190008256,reserved,4.1,37.5,0.0,10365968.477483273,0.0,38.98080840841213,6593597.745235465,187611.63234596385,1003.78,1
2026-09-13T21:38:15.817667+00:00,1789335495.817667,F_lat_eastus_rep2,r3-pub,F01,load,16,1,1000,6,23.2,2265969197,22033967,796950205491,60320,1789156079.537691,5928714.58,192964.18600000002,82523759,80667596,425071240,7751,21003,16055174,4788004531,11084509.822,779542.554,178/1041E000,178/10526788,1,1.0039646625518799,6310547,6285626.611558056,5.994440661962563,4063,4046.9551883157487,4060,4043.9670353339748,0.0,0.0,6008554.11052705,0.0,streaming,178/10419190,178/10417F98,178/10417F98,1093232,1097832,2367792,1097832,0.039510,0.039510,0.039510,1087257.3913363144,True,5810088,reserved,4.7,37.5,0.0,16413135.456496695,0.0,48.80649870230659,6320930.64298672,175482.27200765247,1003.78,1
2026-09-13T21:38:16.818475+00:00,1789335496.8184755,F_lat_eastus_rep2,r3-pub,F01,load,16,1,1000,6,23.2,2265994008,22033967,796956532722,60320,1789156079.537691,5928747.744,192964.18600000002,82527845,80667596,425075323,7751,21003,16055174,4788045524,11084509.822,779552.581,178/10A58000,178/10B35C80,1,1.0008084774017334,6327231,6322119.709084152,6.029243191799309,4086,4082.6992299345234,4083,4079.701653407406,0.0,0.0,6523749.695796384,0.0,streaming,178/10A55CC0,178/10A55CC0,178/10A55CC0,9024,9024,614216,9024,0.039826,0.195133,0.039826,-1087928.434446047,True,11265960,reserved,3.3,37.5,0.0,5451464.614053189,0.0,10.991113932765481,6329435.794194671,191017.56661405842,1003.77,1
2026-09-13T21:38:17.818840+00:00,1789335497.8188407,F_lat_eastus_rep2,r3-pub,F01,load,16,1,1000,6,23.2,2266018746,22033968,796962875786,60320,1789156079.537691,5928789.87,192964.18600000002,82531932,80667596,425079406,7751,21003,16055174,4788086701,11084509.822,779561.253,178/11116000,178/11148948,1,1.0003652572631836,6343064,6340747.995740539,6.047008510342159,4087,4085.5077386246744,4083,4081.5091991202708,0.0,0.0,7067114.685031541,0.0,streaming,178/11101FD8,178/10FFFFD0,178/10FFFB08,81960,1138736,1508968,1139960,0.040272,0.040272,0.040272,1130523.0682381294,True,18335656,reserved,3.7,37.5,0.0,15575494.937346455,0.0,35.98685553963501,7041992.860960247,196272.31011316934,1003.77,1
2026-09-13T21:38:18.819541+00:00,1789335498.819541,F_lat_eastus_rep2,r3-pub,F01,load,16,1,1000,6,23.2,2266043544,22033968,796969214029,60320,1789156079.537691,5928827.074,192964.18600000002,82536034,80667596,425083506,7751,21003,16055174,4788127792,11084509.822,779569.947,178/1173FEB8,178/117584C8,1,1.0007002353668213,6338243,6333807.843741163,6.040389865628398,4102,4099.129644449771,4100,4097.1310439405315,0.0,0.0,6458637.4336474845,0.0,streaming,178/1173DFE0,178/11631CE0,178/11630AF8,7896,1106392,1796632,1110976,0.039188,0.039188,0.039188,-28963.7185798957,True,24798816,reserved,5.8,37.5,0.0,14862168.983649975,0.0,22.983905856251763,6627461.217263436,151283.06624661296,1003.76,1
2026-09-13T21:38:19.820129+00:00,1789335499.8201294,F_lat_eastus_rep2,r3-pub,F01,load,16,1,1000,6,23.2,2266068365,22033968,796975557450,60320,1789156079.537691,5928857.399,192964.18600000002,82540138,80667596,425087607,7751,21003,16055174,4788169090,11084509.822,779578.69,178/11C73400,178/11D67950,1,1.0005884170532227,6343421,6339690.617928255,6.046000116279846,4104,4101.586556524872,4101,4098.588320737938,0.0,0.0,5449921.173442827,0.0,streaming,178/11C71BB0,178/11C71BB0,178/11C71BB0,6224,6224,1067208,6224,0.039741,0.039741,0.039741,-1104102.3273620773,True,30251944,reserved,3.3,37.5,0.0,5534535.384997803,0.0,19.988238579555905,5520745.499201767,179375.45242486367,1003.76,1
2026-09-13T21:38:20.820706+00:00,1789335500.8207068,F_lat_eastus_rep2,r3-pub,F01,load,16,1,1000,6,23.2,2266093176,22033968,796981906259,60320,1789156079.537691,5928901.323,192964.18600000002,82544238,80667596,425091704,7751,21003,16055174,4788210366,11084509.822,779588.324,178/12300000,178/12378B80,1,1.000577449798584,6348809,6345144.997299324,6.05120181779797,4100,4097.633822174715,4097,4094.6355535243424,0.0,0.0,6864004.382052104,0.0,streaming,178/122FFBA0,178/122FFBA0,178/122FFBA0,1120,1120,735000,1120,0.039871,0.205305,0.039871,-5101.054397165791,True,37119912,reserved,2.1,37.5,0.0,16918998.127938777,0.0,49.97114417286237,6942725.924313381,194464.70639446084,1003.75,1
2026-09-13T21:38:21.821248+00:00,1789335501.8212485,F_lat_eastus_rep2,r3-pub,F01,load,16,1,1000,6,23.2,2266117929,22033968,796988234393,60320,1789156079.537691,5928936.78,192964.18600000002,82548328,80667596,425095791,7751,21003,16055174,4788251310,11084509.822,779597.336,178/1293E000,178/12987760,2,1.0005416870117188,6328134,6324707.987830078,6.031711566762999,4090,4087.785699579848,4087,4084.787323761085,0.0,0.0,6541864.357045363,0.0,streaming,178/1293BFF0,178/1293BFF0,178/1293BAA8,8208,8208,1103896,9560,0.040100,0.040100,0.040100,8435.430636785799,True,43665320,reserved,3.7,37.5,0.0,14942305.946943413,0.0,20.98863073133907,6611496.638143096,200669.3000465141,1003.75,1
2026-09-13T21:38:22.821557+00:00,1789335502.821557,F_lat_eastus_rep2,r3-pub,F01,load,16,1,1000,6,23.2,2266142681,22033968,796994556320,60320,1789156079.537691,5928975.559,192964.18600000002,82552411,80667596,425099871,7751,21003,16055174,4788292117,11084509.822,779606.854,178/12F7A000,178/12F92BD0,1,1.0003085136413574,6321927,6319977.200820479,6.027199936695555,4083,4081.740727305142,4080,4078.7416525606122,0.0,0.0,6535199.801712176,0.0,streaming,178/12F77DE0,178/12E6BD68,178/12E6B778,8736,1106584,1462760,1108104,0.039902,0.215899,0.039902,1098205.188718271,True,50202536,reserved,2.1,37.5,0.0,14937599.546770686,0.0,20.993523211709036,6606369.844783032,155031.17076898215,1003.74,1
2026-09-13T21:38:23.821851+00:00,1789335503.8218513,F_lat_eastus_rep2,r3-pub,F01,load,16,1,1000,6,23.2,2266165890,22033969,797000486649,60320,1789156079.537691,5929010.072,192964.18600000002,82556234,80667596,425103691,7751,21003,16055174,4788330784,11084509.822,779616.681,178/1353DCA8,178/1359F150,1,1.0002942085266113,5930329,5928584.759812925,5.653939018071103,3823,3821.875571619182,3820,3818.8764539851622,0.0,0.0,6043062.079609337,0.0,streaming,178/1353BE20,178/1353BE20,178/1353BE20,7816,7816,1331040,7816,0.039696,0.194501,0.039696,-1099964.3811001116,True,56247376,reserved,3.3,37.5,0.0,6310079.520801385,0.0,27.991764584184438,6093709.178800907,207335.0002750541,1003.73,1
2026-09-13T21:38:24.822235+00:00,1789335504.8221874,F_lat_eastus_rep2,r3-pub,F01,load,16,1,1000,6,23.2,2266190595,22033969,797006797552,60320,1789156079.537691,5929043.785,192964.18600000002,82560309,80667596,425107762,7751,21003,16055174,4788371894,11084509.822,779626.436,178/13B72000,178/13BA6508,1,1.0003361701965332,6310903,6308782.175456191,6.016523528534118,4075,4073.630566811751,4071,4069.6319110406475,0.0,0.0,6503117.845595768,0.0,streaming,178/13B6FFF0,178/13A69ED0,178/13A68D60,8208,1081648,1651632,1086112,0.040482,0.040482,0.040482,1077933.630839471,True,62752680,reserved,4.1,37.5,0.0,14904429.574980564,0.0,19.993278855517797,6575179.62057471,185706.5709855343,1003.73,1
2026-09-13T21:38:25.822735+00:00,1789335505.8227355,F_lat_eastus_rep2,r3-pub,F01,load,16,1,1000,6,23.2,2266215242,22033969,797013094167,60320,1789156079.537691,5929083.209,192964.18600000002,82564382,80667596,425111831,7751,21003,16055174,4788412907,11084509.822,779635.27,178/14100000,178/141AB3B0,1,1.0005481243133545,6296615,6293165.562946984,6.001630366274818,4073,4070.7687126945293,4069,4066.77090399068,0.0,0.0,5821321.192318644,0.0,streaming,178/140FFFE0,178/140FFFE0,178/140FFFE0,32,32,1304784,32,0.039802,0.039802,0.039802,-1085485.0192691565,True,68577192,reserved,3.7,37.5,0.0,14238083.760115502,0.0,19.9890435192464,5900252.927915269,166538.71608060139,1003.72,1
2026-09-13T21:38:26.823496+00:00,1789335506.823497,F_lat_eastus_rep2,r3-pub,F01,load,16,1,1000,6,23.2,2266239984,22033969,797019428193,60320,1789156079.537691,5929117.824,192964.18600000002,82568471,80667596,425115918,7751,21003,16055174,4788454589,11084509.822,779644.216,178/14742000,178/147BC580,1,1.0007615089416504,6334026,6329206.252844909,6.036001446576032,4089,4085.888559327485,4087,4083.890081186459,0.0,0.0,6556798.938979363,0.0,streaming,178/1473FFC0,178/1473FFC0,178/1473EE30,8256,8256,1097944,12752,0.038930,0.038930,0.038930,12710.320976924826,True,75138984,reserved,3.7,37.5,0.0,14947209.56626257,0.0,19.98478141025916,6617675.580872225,180693.4003599287,1003.72,1
2026-09-13T21:38:27.823993+00:00,1789335507.823994,F_lat_eastus_rep2,r3-pub,F01,load,16,1,1000,6,23.2,2266264755,22033969,797025757011,60320,1789156079.537691,5929163.626,192964.18600000002,82572568,80667596,425120012,7751,21003,16055174,4788496021,11084509.822,779653.686,178/14D81938,178/14DCB8E0,1,1.0004968643188477,6328818,6325674.997800966,6.032633779335943,4097,4094.9653578267785,4094,4091.9668476794805,0.0,0.0,6548610.22923905,0.0,streaming,178/14D80000,178/14D80000,178/14D7FF80,6456,6456,1366584,6584,0.040272,0.221380,0.040272,-6164.936862844904,True,81690848,reserved,5.0,37.5,0.0,6558533.298819842,0.0,12.99354397162512,6640937.355184507,193847.68400252788,1003.71,1
2026-09-13T21:38:28.824237+00:00,1789335508.8242373,F_lat_eastus_rep2,r3-pub,F01,load,16,1,1000,6,23.2,2266289865,22033969,797032171669,60320,1789156079.537691,5929200.71,192964.18600000002,82576717,80667596,425124158,7751,21003,16055174,4788538163,11084509.822,779663.345,178/1532A000,178/153EEEC8,1,1.0002434253692627,6414658,6413096.88952155,6.116005792161513,4149,4147.9902739358695,4146,4144.991004034252,0.0,0.0,5931300.171065651,0.0,streaming,178/15325FB0,178/15325FB0,178/153259D8,16464,16464,4387944,17960,0.039003,0.039003,0.039003,11373.231466930452,True,87623592,reserved,2.5,37.5,0.0,14443076.18884544,0.0,23.994159212933443,5998141.90009308,163716.14733638038,1003.71,1
2026-09-13T21:38:29.824740+00:00,1789335509.8247404,F_lat_eastus_rep2,r3-pub,F01,load,16,1,1000,6,23.2,2266314956,22033970,797038585553,60320,1789156079.537691,5929234.758,192964.18600000002,82580859,80667596,425128298,7751,21003,16055174,4788580345,11084509.822,779673.197,178/1597E000,178/15A119A8,1,1.0005030632019043,6413884,6410659.033340371,6.11368087133443,4142,4139.917359917301,4140,4137.918365537814,0.0,0.0,6632183.592486347,0.0,streaming,178/1597BC90,178/1597BC90,178/1597B1F8,9072,9072,1510960,11784,0.040247,0.040247,0.040247,-6172.894643855444,True,94259112,reserved,7.0,37.5,0.0,15016573.71434563,0.0,19.989943794868665,6708003.450305904,190570.13117962147,1003.7,1
2026-09-13T21:38:30.825244+00:00,1789335510.8252447,F_lat_eastus_rep2,r3-pub,F01,load,16,1,1000,6,23.2,2266340102,22033970,797045006698,60320,1789156079.537691,5929268.347,192964.18600000002,82585009,80667596,425132445,7751,21003,16055174,4788622330,11084509.822,779684.125,178/15FD4000,178/16037B78,1,1.0005042552947998,6421145,6417908.735538563,6.120594726122439,4150,4147.908395229361,4147,4144.90990723281,0.0,0.0,6640363.56151471,0.0,streaming,178/15FC3C88,178/15FC3C88,178/15FC37C0,66424,66424,1115496,67648,0.038686,0.038686,0.038686,55835.84447978145,True,5130112,reserved,3.9,37.5,0.0,15163937.504223483,0.0,30.984375964363903,6650341.530071234,186439.98664956956,1003.7,1
2026-09-13T21:38:31.825908+00:00,1789335511.8259084,F_lat_eastus_rep2,r3-pub,F01,load,16,1,1000,6,23.2,2266365353,22033970,797051449914,60320,1789156079.537691,5929307.369,192964.18600000002,82589166,80667596,425136599,7751,21003,16055174,4788664351,11084509.822,779694.624,178/1665E000,178/1665F540,1,1.0006637573242188,6443216,6438942.1050175745,6.140653710382056,4157,4154.242591053607,4154,4151.244581004735,0.0,0.0,6852155.831380233,0.0,streaming,178/165DFBA0,178/1654DDF8,178/1654DD30,517216,1114632,1796104,1114832,0.038686,0.181538,0.038686,1046489.3850059852,True,11986816,reserved,12.9,37.5,0.0,6872622.2466472,0.0,14.9900502443599,6826646.763211064,167966.51099810153,1003.69,1
2026-09-13T21:38:32.826878+00:00,1789335512.8268785,F_lat_eastus_rep2,r3-pub,F01,load,16,1,1000,6,23.2,2266390408,22033970,797057855435,60320,1789156079.537691,5929339.453,192964.18600000002,82593296,80667596,425140725,7751,21003,16055174,4788706923,11084509.822,779703.755,178/16BA2000,178/16C7EE00,1,1.0009701251983643,6405521,6399312.865337119,6.102860322320098,4130,4125.99726608379,4126,4122.00114282366,0.0,0.0,5516056.734366384,0.0,streaming,178/16B9FBC0,178/16B9FBC0,178/16B9FBC0,9280,9280,1129808,9280,0.040324,0.040324,0.040324,-1104480.515620694,True,17508224,reserved,4.4,37.5,0.0,13912902.74246714,0.0,17.982554670583106,5726033.031069893,192254.48907564906,1003.69,1
2026-09-13T21:38:33.827747+00:00,1789335513.8277478,F_lat_eastus_rep2,r3-pub,F01,load,16,1,1000,6,23.2,2266415360,22033970,797064231994,60320,1789156079.537691,5929378.4350000005,192964.18600000002,82597415,80667596,425144842,7751,21003,16055174,4788752614,11084509.822,779713.528,178/17220000,178/1729A460,1,1.0008692741394043,6376559,6371020.836345359,6.075878940911635,4119,4115.422569587537,4117,4113.424306625853,0.0,0.0,6801639.510667826,0.0,streaming,178/1721DFF0,178/1721DFF0,178/1721D440,8208,8208,820800,11200,0.040241,0.212616,0.040241,1918.3324432163317,True,24315776,reserved,6.0,37.5,0.0,15403953.741368048,0.0,28.974812944413344,6872142.22448195,187864.69407972938,1003.68,1
2026-09-13T21:38:34.828283+00:00,1789335514.8282833,F_lat_eastus_rep2,r3-pub,F01,load,16,1,1000,6,23.2,2266440161,22033970,797070574223,60320,1789156079.537691,5929420.5030000005,192964.18600000002,82601511,80667596,425148935,7751,21003,16055174,4788798611,11084509.822,779722.985,178/17860000,178/178AF628,2,1.000535488128662,6342229,6338834.629306454,6.045183781916098,4096,4093.8078145143036,4093,4090.8094201189074,0.0,0.0,6550092.503222886,0.0,streaming,178/1785DC60,178/1785DC60,178/1785DC60,9120,9120,1199136,9120,0.039909,0.039909,0.039909,-2078.8867808080445,True,30869376,reserved,4.5,37.5,0.0,6558280.118851914,0.0,11.993577581584873,6626272.7096267175,185678.57132930623,1003.67,1
2026-09-13T21:38:35.828697+00:00,1789335515.8286972,F_lat_eastus_rep2,r3-pub,F01,load,16,1,1000,6,23.2,2266464935,22033971,797076922850,60320,1789156079.537691,5929455.11,192964.18600000002,82605598,80667596,425153019,7751,21003,16055174,4788843983,11084509.822,779732.51,178/17EA35A0,178/17EC5560,5,1.0004138946533203,6348627,6346000.424354391,6.052017616609946,4087,4085.309112401216,4084,4082.3103535714627,0.0,0.0,6564610.942629717,0.0,streaming,178/17EA1CE0,178/17D97FB0,178/17D96F50,6336,1095152,1588864,1099344,0.038880,0.213172,0.038880,1089772.9488031573,True,37436704,reserved,5.6,37.5,0.0,15038383.693394724,0.0,28.98800202095309,6618177.771605609,171217.13414362114,1003.67,1
2026-09-13T21:38:36.828921+00:00,1789335516.828921,F_lat_eastus_rep2,r3-pub,F01,load,16,1,1000,6,23.2,2266489551,22033971,797083218218,60320,1789156079.537691,5929490.0770000005,192964.18600000002,82609662,80667596,425157080,7751,21003,16055174,4788889411,11084509.822,779741.8,178/18416810,178/184CEF58,2,1.0002238750457764,6295368,6293958.93965427,6.002386989263792,4064,4063.0903754562014,4061,4060.091046931012,0.0,0.0,5713264.942549454,0.0,streaming,178/18415FC8,178/18415FC8,178/18415F48,2120,2120,1207776,2248,0.038839,0.038839,0.038839,-1096850.4425569628,True,43151248,reserved,2.9,37.5,0.0,14168987.917181436,0.0,23.994628201513,5776241.8435928505,201109.97649480615,1003.66,1
2026-09-13T21:38:37.829714+00:00,1789335517.829714,F_lat_eastus_rep2,r3-pub,F01,load,16,1,1000,6,23.2,2266514196,22033971,797089511600,60320,1789156079.537691,5929524.19,192964.18600000002,82613728,80667596,425161142,7751,21003,16055174,4788934437,11084509.822,779750.899,178/18A4C000,178/18AD99C8,4,1.0007929801940918,6293382,6288395.426973793,5.99708121011142,4066,4062.778297277273,4062,4058.781466684772,0.0,0.0,6505417.332900709,0.0,streaming,178/18A49CF8,178/18A49CF8,178/18A48C50,8968,8968,512000,13232,0.040243,0.211534,0.040243,10975.296807007764,True,49661824,reserved,6.0,37.5,0.0,14889440.968211109,0.0,20.983360610630285,6566234.106403852,176811.79175105953,1003.66,1
2026-09-13T21:38:38.830061+00:00,1789335518.830061,F_lat_eastus_rep2,r3-pub,F01,load,16,1,1000,6,23.2,2266538930,22033971,797095820694,60320,1789156079.537691,5929561.264,192964.18600000002,82617801,80667596,425165213,7751,21003,16055174,4788979642,11084509.822,779760.079,178/19088000,178/190E4D70,2,1.0003468990325928,6309094,6306906.140361255,6.0147344020474005,4073,4071.587570210777,4071,4069.588263768248,0.0,0.0,6534949.032502581,0.0,streaming,178/18FFFFE8,178/18FFFFE8,178/18FFFAE0,557080,557080,784440,558368,0.039512,0.039512,0.039512,544946.9584273072,True,56199040,reserved,1.2,37.5,0.0,6579989.40803988,0.0,12.995491876439996,6055810.245284345,166412.27174392046,1003.65,1
2026-09-13T21:38:39.832529+00:00,1789335519.8325293,F_lat_eastus_rep2,r3-pub,F01,load,16,1,1000,6,23.2,2266563831,22033971,797102173949,60320,1789156079.537691,5929595.334,192964.18600000002,82621896,80667596,425169304,7751,21003,16055174,4789025012,11084509.822,779769.283,178/19634000,178/196F8500,1,1.0024683475494385,6353255,6337611.572006944,6.044017383582061,4095,4084.9170051207507,4091,4080.9268541999977,0.0,0.0,5932747.916219563,0.0,streaming,178/1962FE68,178/1962FE68,178/1962FE68,16792,16792,560144,16792,0.040626,0.040626,0.040626,-540242.4937644141,True,62146432,reserved,5.2,37.5,0.0,14357903.703578198,0.0,24.938443254705437,6528968.237251219,180352.82654256935,1003.65,1
2026-09-13T21:38:40.832927+00:00,1789335520.8329272,F_lat_eastus_rep2,r3-pub,F01,load,16,1,1000,6,23.2,2266588698,22033971,797108541320,60320,1789156079.537691,5929628.032000001,192964.18600000002,82625989,80667596,425173395,7751,21003,16055174,4789070757,11084509.822,779779.696,178/19C7C000,178/19D0B3F8,1,1.0003979206085205,6367371,6364838.299670661,6.069982814474736,4093,4091.3719587804785,4091,4089.3727543051396,0.0,0.0,6583748.190913526,0.0,streaming,178/19C79D30,178/19C79D30,178/19C79CE0,8912,8912,958488,8992,0.040359,0.040359,0.040359,-7796.897453820604,True,68732800,reserved,2.3,37.5,0.0,14985397.00170616,0.0,18.992442515716856,6629053.163131412,189684.5206201279,1003.64,1
2026-09-13T21:38:41.833191+00:00,1789335521.8331914,F_lat_eastus_rep2,r3-pub,F01,load,16,1,1000,6,23.2,2266613413,22033971,797114864522,60320,1789156079.537691,5929670.324,192964.18600000002,82630065,80667596,425177468,7751,21003,16055174,4789116397,11084509.822,779789.306,178/1A212000,178/1A31D2E8,1,1.0002641677856445,6323202,6321532.054875183,6.028682761073287,4076,4074.923536472699,4073,4071.9243287667578,0.0,0.0,5855733.103952603,0.0,streaming,178/1A217118,178/1A20DFD8,178/1A20DF88,1060584,1097768,1200064,1097848,0.040131,0.199076,0.040131,1088568.4352869277,True,75671424,reserved,4.9,37.5,0.0,9508400.186977584,0.0,94.97491068815172,6222365.251550026,168840.39780598425,1003.64,1
2026-09-13T21:38:42.833892+00:00,1789335522.8338928,F_lat_eastus_rep2,r3-pub,F01,load,16,1,1000,6,23.2,2266636654,22033972,797120816139,60320,1789156079.537691,5929706.522000001,192964.18600000002,82633894,80667596,425181294,7751,21003,16055174,4789158672,11084509.822,779798.694,178/1A882000,178/1A92AD38,1,1.0007014274597168,5951617,5947445.298552432,5.671925829460556,3829,3826.316116806115,3826,3823.3182196135276,0.0,0.0,6745476.537527703,0.0,streaming,178/1A87E000,178/1A87E000,178/1A87D630,16384,16384,692744,18896,0.039887,0.213620,0.039887,-1078195.7239122987,True,4071504,reserved,6.2,37.5,45024.418636410635,21202408.048782464,10.99228970615494,373.73785000926796,6478601.730845416,198337.88036441038,1003.63,1
2026-09-13T21:38:43.834364+00:00,1789335523.8343647,F_lat_eastus_rep2,r3-pub,F01,load,16,1,1000,6,23.2,2266661393,22033972,797127163253,60320,1789156079.537691,5929756.228,192964.18600000002,82637969,80667596,425185365,7751,21003,16055174,4789203999,11084509.822,779808.388,178/1AEC4000,178/1AF3DBE8,1,1.000471830368042,6347114,6344120.651218233,6.050224925249322,4075,4073.0781980147667,4071,4069.0800844461633,0.0,0.0,6558697.407388396,0.0,streaming,178/1AEBFFF0,178/1AEBFFF0,178/1AEBF3D8,16400,16400,1097856,19496,0.040104,0.040104,0.040104,599.7170352905179,True,10633296,reserved,4.9,37.5,0.0,13616871.146675283,0.0,39.98113568603452,6584352.3026297325,180437.86393625024,1003.63,1
2026-09-13T21:38:44.834450+00:00,1789335524.8344507,F_lat_eastus_rep2,r3-pub,F01,load,16,1,1000,6,23.2,2266684574,22033972,797133085729,60320,1789156079.537691,5929800.531,192964.18600000002,82641789,80667596,425189183,7751,21003,16055174,4789246812,11084509.822,779817.271,178/1B52E000,178/1B5435D0,1,1.0000860691070557,5922476,5921966.3016484035,5.64762716450539,3820,3819.6712443067563,3818,3817.671416430156,0.0,0.0,6725053.180677837,0.0,streaming,178/1B52BCD8,178/1B421E20,178/1B421210,9000,1098208,2681696,1101296,0.040695,0.040695,0.040695,1081706.8984531541,True,17358928,reserved,1.9,37.5,0.0,7347591.599352034,0.0,24.99784845750495,6800963.647131774,156007.5725675352,1003.62,1
2026-09-13T21:38:45.835244+00:00,1789335525.8352447,F_lat_eastus_rep2,r3-pub,F01,load,16,1,1000,6,23.2,2266707688,22033972,797139001841,60320,1789156079.537691,5929830.093,192964.18600000002,82645597,80667596,425192987,7751,21003,16055174,4789289304,11084509.822,779826.363,178/1BA5E000,178/1BB4D8B0,1,1.0007939338684082,5916112,5911418.724464306,5.637568211044603,3808,3804.9790982253335,3804,3800.9822714414836,0.0,0.0,5435172.832207858,0.0,streaming,178/1BA57D00,178/1BA57D00,178/1BA57628,25344,25344,912872,27096,0.040028,0.040028,0.040028,-1073347.8328029553,True,4051224,reserved,5.8,37.5,0.0,5512935.094114446,0.0,19.984133919250702,5446223.059058508,175168.9274558001,1003.62,1
2026-09-13T21:38:46.835757+00:00,1789335526.8357577,F_lat_eastus_rep2,r3-pub,F01,load,16,1,1000,6,23.2,2266732345,22033972,797145305857,60320,1789156079.537691,5929884.666,192964.18600000002,82649648,80667596,425197036,7751,21003,16055174,4789334320,11084509.822,779836.249,178/1C10E000,178/1C157D28,1,1.0005130767822266,6304016,6300783.214422837,6.0088951248386735,4051,4048.922591825102,4049,4046.923617452441,0.0,0.0,7008755.970039481,0.0,streaming,178/1C10BFD8,178/1C10BFD8,178/1C10B478,8232,8232,1225168,11144,0.039991,0.039991,0.039991,-15943.819596345107,True,11063576,reserved,2.7,37.5,0.0,7029225.467615531,0.0,14.992307794958412,7063265.00272039,202516.09369429824,1003.61,1
2026-09-13T21:38:47.836339+00:00,1789335527.8362916,F_lat_eastus_rep2,r3-pub,F01,load,16,1,1000,6,23.2,2266757067,22033973,797151636205,60320,1789156079.537691,5929923.343,192964.18600000002,82653711,80667596,425201096,7751,21003,16055174,4789379656,11084509.822,779846.178,178/1C744000,178/1C75CBB8,1,1.0005338191986084,6330348,6326970.541655835,6.0338693062361095,4063,4060.832249782738,4060,4057.833850385901,0.0,0.0,6509165.28260523,0.0,streaming,178/1C741FF0,178/1C639BD0,178/1C639BD0,8208,1090608,1555784,1090608,0.040035,0.040035,0.040035,1078888.068835706,True,17576216,reserved,4.5,37.6,0.0,6607416.834040781,0.0,20.98879577785811,6550915.995273252,162411.30172906604,1003.61,1
2026-09-13T21:38:48.836782+00:00,1789335528.836782,F_lat_eastus_rep2,r3-pub,F01,load,16,1,1000,6,23.2,2266781619,22033973,797157912511,60320,1789156079.537691,5929952.6850000005,192964.18600000002,82657746,80667596,425205128,7751,21003,16055174,4789424811,11084509.822,779856.614,178/1CC6E000,178/1CD5CAF0,1,1.000490427017212,6276306,6273229.438798044,5.982617796705288,4035,4033.022097002617,4032,4030.0235675624667,0.0,0.0,5412257.682608336,0.0,streaming,178/1CC6BFF0,178/1CC6BFF0,178/1CC6BFF0,8208,8208,793576,8208,0.040552,0.040552,0.040552,-1081869.4220063526,True,22991128,reserved,1.8,37.6,0.0,13927761.449495886,0.0,31.984314028273545,5437897.108341251,188568.5209027536,1003.6,1
2026-09-13T21:38:49.837308+00:00,1789335529.837309,F_lat_eastus_rep2,r3-pub,F01,load,16,1,1000,6,23.2,2266806161,22033973,797164204544,60320,1789156079.537691,5929993.472000001,192964.18600000002,82661785,80667596,425209163,7751,21003,16055174,4789469921,11084509.822,779865.055,178/1D317A88,178/1D35FF58,1,1.0005269050598145,6292033,6288719.441906306,5.99739021483069,4039,4036.8729512161763,4035,4032.8750577264846,0.0,0.0,6982696.781734554,0.0,streaming,178/1D315BF0,178/1D315BF0,178/1D315048,7832,7832,574472,10816,0.040364,0.040364,0.040364,2606.626555278977,True,29977504,reserved,2.5,37.6,0.0,7135568.232993385,0.0,27.985254427841774,7027568.138789481,193479.05490700138,1003.6,1
2026-09-13T21:38:50.837593+00:00,1789335530.8375936,F_lat_eastus_rep2,r3-pub,F01,load,16,1,1000,6,23.2,2266830649,22033973,797170475974,60320,1789156079.537691,5930024.815,192964.18600000002,82665822,80667596,425213198,7751,21003,16055174,4789514823,11084509.822,779873.259,178/1D9428A0,178/1D95A5B0,1,1.0002846717834473,6271430,6269645.208916796,5.979199608723446,4037,4035.8511070676236,4035,4033.8516762491604,0.0,0.0,6465255.524179489,0.0,streaming,178/1D941C20,178/1D839C00,178/1D839678,3200,1084576,1893296,1085992,0.040364,0.040364,0.040364,1074870.0148359027,True,36444600,reserved,3.3,37.6,0.0,14864248.567850586,0.0,19.994308184630288,6527064.928786047,143644.10857543015,1003.59,1
2026-09-13T21:38:51.838364+00:00,1789335531.8383644,F_lat_eastus_rep2,r3-pub,F01,load,16,1,1000,6,23.2,2266855116,22033973,797176730140,60320,1789156079.537691,5930055.732000001,192964.18600000002,82669854,80667596,425217227,7751,21003,16055174,4789559567,11084509.822,779882.222,178/1DE68000,178/1DF569C8,1,1.0007708072662354,6254166,6249348.956415155,5.959843593993335,4032,4028.8944988453945,4029,4025.8968094861343,0.0,0.0,5392163.681053913,0.0,streaming,178/1DE65FE0,178/1DE65FE0,178/1DE65FE0,8224,8224,1114240,8224,0.040079,0.040079,0.040079,-1076937.8884502985,True,41840920,reserved,2.7,37.6,0.0,13784702.65103369,0.0,16.986906369139806,5429464.928980972,197624.6694687861,1003.59,1
2026-09-13T21:38:52.839731+00:00,1789335532.8397312,F_lat_eastus_rep2,r3-pub,F01,load,16,1,1000,6,23.2,2266879523,22033973,797182977407,60320,1789156079.537691,5930119.155,192964.18600000002,82673873,80667596,425221243,7751,21003,16055174,4789604673,11084509.822,779890.468,178/1E53C000,178/1E554BC0,1,1.0013668537139893,6247267,6238739.5556677235,5.949725680988048,4019,4013.5141133280495,4016,4010.5182082919746,0.0,0.0,7150034.948175932,0.0,streaming,178/1E4A7558,178/1E41A000,178/1E419A30,608936,1187840,1363896,1189328,0.039831,0.192393,0.039831,1179491.8072426505,True,49000728,reserved,9.8,37.6,0.0,16562066.078469308,0.0,22.968605276572564,6792643.450072464,165499.7860028376,1003.58,1
2026-09-13T21:38:53.840589+00:00,1789335533.840589,F_lat_eastus_rep2,r3-pub,F01,load,16,1,1000,6,23.2,2266901026,22033973,797188476082,60320,1789156079.537691,5930153.615,192964.18600000002,82677410,80667596,425224777,7751,21003,16055174,4789643917,11084509.822,779898.523,178/1EB56000,178/1EB561A8,1,1.0008578300476074,5498675,5493962.114218007,5.239450563638694,3537,3533.9684556714283,3534,3530.971026955846,0.0,0.0,6392468.348572215,0.0,streaming,178/1EAE2B58,178/1EA49C90,178/1EA49C90,472232,1098608,1592064,1098608,0.026774,0.318875,0.026774,-90642.2443592061,True,55398680,reserved,5.0,37.6,0.0,6535705.475460838,0.0,21.981143914269555,6577011.042304466,183193.85081023807,1003.57,1
2026-09-13T21:38:54.841223+00:00,1789335534.8412235,F_lat_eastus_rep2,r3-pub,F01,load,16,1,1000,6,23.2,2266925631,22033974,797194777545,60320,1789156079.537691,5930188.147000001,192964.18600000002,82681448,80667596,425228815,7751,21003,16055174,4789689074,11084509.822,779907.712,178/1F10E000,178/1F158548,1,1.0006344318389893,6301463,6297467.685994999,6.005733190531729,4038,4035.439788513843,4038,4035.439788513843,0.0,0.0,5992742.013663683,0.0,streaming,178/1F10C000,178/1F10C000,178/1F10BFC0,8192,8192,1112872,8256,0.039443,0.211855,0.039443,-1089660.6845680152,True,61395224,reserved,6.7,37.6,0.0,14425152.224146735,0.0,23.984783289829675,6283085.810314835,200179.9994348297,1003.57,1
2026-09-13T21:38:55.841781+00:00,1789335535.841781,F_lat_eastus_rep2,r3-pub,F01,load,16,1,1000,6,23.2,2266950221,22033974,797201065388,60320,1789156079.537691,5930220.996,192964.18600000002,82685489,80667596,425232850,7751,21003,16055174,4789733952,11084509.822,779917.385,178/1F744000,178/1F75A538,1,1.0005574226379395,6287843,6284339.966638088,5.993213621748055,4041,4038.748710040075,4035,4032.752052712621,0.0,0.0,6509011.729511357,0.0,streaming,178/1F741EB8,178/1F639F40,178/1F639F00,8520,1089728,2479080,1089792,0.041322,0.210179,0.041322,1080933.4632174962,True,67907864,reserved,6.4,37.6,0.0,14901133.770705245,0.0,17.989971982361137,6539133.938710045,151959.2944492287,1003.56,1
2026-09-13T21:38:56.842519+00:00,1789335536.8425193,F_lat_eastus_rep2,r3-pub,F01,load,16,1,1000,6,23.2,2266974780,22033974,797207341100,60320,1789156079.537691,5930250.887,192964.18600000002,82689531,80667596,425236888,7751,21003,16055174,4789778590,11084509.822,779926.788,178/1FC6C000,178/1FD5CBF0,1,1.0007383823394775,6275712,6271081.544138385,5.980569404734025,4042,4039.0176606905084,4038,4035.0206120406415,0.0,0.0,5402730.719052099,0.0,streaming,178/1FC69F90,178/1FC69F90,178/1FC69F90,8304,8304,1700032,8304,0.039243,0.039243,0.039243,-1080690.037561815,True,73314584,reserved,3.1,37.5,0.0,13793335.244852707,0.0,16.98745676193435,5443305.75915906,170589.0400655072,1003.56,1
2026-09-13T21:38:57.842860+00:00,1789335537.84286,F_lat_eastus_rep2,r3-pub,F01,load,16,1,1000,6,23.2,2266999376,22033974,797213663638,60320,1789156079.537691,5930289.347000001,192964.18600000002,82693577,80667596,425240932,7751,21003,16055174,4789823523,11084509.822,779936.058,178/2031C000,178/20366D60,1,1.0003407001495361,6322538,6320384.644006661,6.027588504797612,4046,4044.6219966809135,4044,4042.6226778491387,0.0,0.0,7009963.704317696,0.0,streaming,178/20319FD0,178/20319FD0,178/20319428,8240,8240,471128,11224,0.039113,0.039113,0.039113,2919.005494391564,True,80326936,reserved,2.7,37.6,0.0,7026342.124187597,0.0,14.994891238312828,7037265.402625,188236.86767103628,1003.55,1
2026-09-13T21:38:58.843748+00:00,1789335538.8437488,F_lat_eastus_rep2,r3-pub,F01,load,16,1,1000,6,23.2,2267024197,22033974,797220015541,60320,1789156079.537691,5930324.454000001,192964.18600000002,82697670,80667596,425245022,7751,21003,16055174,4789868934,11084509.822,779945.966,178/2096E000,178/209938E0,4,1.0008888244628906,6351903,6346262.286831544,6.052267348128837,4093,4089.3652721084545,4090,4086.367936213921,0.0,0.0,6621442.699748835,0.0,streaming,178/2096C000,178/2085DFD8,178/2085D430,8192,1114152,1954384,1117136,0.033119,0.041341,0.033119,1104929.911265088,True,86954264,reserved,3.5,37.5,0.0,15018970.771370966,0.0,17.98401536720063,6675124.985619929,170240.68591378056,1003.55,1
2026-09-13T21:38:59.844389+00:00,1789335539.84439,F_lat_eastus_rep2,r3-pub,F01,load,16,1,1000,6,23.2,2267049233,22033974,797226418442,60320,1789156079.537691,5930355.45,192964.18600000002,82701792,80667596,425249141,7751,21003,16055174,4789914703,11084509.822,779955.567,178/20EAE000,178/20FBEF10,3,1.000641107559204,6402901,6398798.681795276,6.102369958682323,4122,4119.359047775395,4119,4116.3609698658065,0.0,0.0,5501496.948719238,0.0,streaming,178/20EABBF8,178/20EABBF8,178/20EABBF8,9224,9224,228936,9224,0.031249,0.054019,0.031249,-1107202.1643228855,True,92459288,reserved,4.8,37.5,0.0,14040278.671210555,0.0,23.984623276712636,5550135.766005805,165992.58090161218,1003.54,1
2026-09-13T21:39:00.844803+00:00,1789335540.8448038,F_lat_eastus_rep2,r3-pub,F01,load,16,1,1000,6,23.2,2267074405,22033975,797232868149,60320,1789156079.537691,5930399.315,192964.18600000002,82705939,80667596,425253285,7751,21003,16055174,4789960601,11084509.822,779966.566,178/2153E000,178/215E0700,3,1.0004138946533203,6449707,6447038.605191561,6.148375134650766,4147,4145.284288996292,4144,4142.285530166538,0.0,0.0,6878433.053336003,0.0,streaming,178/2153BE58,178/2153BE58,178/2153B408,8616,8616,928768,11256,0.040357,0.040357,0.040357,2031.1593140198854,True,99340568,reserved,3.3,37.6,0.0,6931659.023391578,0.0,19.991725531691785,6921888.067537964,211112.62161466526,1003.54,1
2026-09-13T21:39:01.844926+00:00,1789335541.844926,F_lat_eastus_rep2,r3-pub,F01,load,16,1,1000,6,23.2,2267099575,22033975,797239301474,60320,1789156079.537691,5930444.504000001,192964.18600000002,82710078,80667596,425257424,7751,21003,16055174,4790006186,11084509.822,779976.62,178/21B9C000,178/21C5E478,4,1.000122308731079,6433325,6432538.244409708,6.134546512994488,4139,4138.493826071554,4139,4138.493826071554,0.0,0.0,6675663.508067218,0.0,streaming,178/21B97E80,178/21B97E80,178/21B97E80,16768,16768,1458584,16768,0.039504,0.200221,0.039504,5511.325916720562,True,106017048,reserved,3.7,37.6,0.0,15079627.629879445,0.0,18.997676418303826,6624886.718511916,180680.90114825033,1003.53,1
2026-09-13T21:39:02.848645+00:00,1789335542.8486452,F_lat_eastus_rep2,r3-pub,F01,load,16,1,1000,6,23.2,2267124963,22033975,797245786207,60320,1789156079.537691,5930496.137,192964.18600000002,82714251,80667596,425261591,7751,21003,16055174,4790053143,11084509.822,779988.269,178/2243A000,178/224D2730,2,1.0037190914154053,6484733,6460705.047321043,6.161408469506305,4173,4157.5377370927545,4167,4151.559968958904,0.0,0.0,9002295.639567943,0.0,streaming,178/22437F70,178/22437F70,178/224379A0,8336,8336,1060464,9824,0.023250,0.046010,0.023250,-6918.270320242533,True,115052824,reserved,2.5,37.7,0.0,17396548.645275675,0.0,25.903661913350497,6533543.155737317,198049.43604258815,1003.53,1
2026-09-13T21:39:03.849407+00:00,1789335543.849407,F_lat_eastus_rep2,r3-pub,F01,load,16,1,1000,6,23.2,2267191282,22033976,797254821764,60320,1789156079.537691,5930535.581,192964.18600000002,82718431,80667596,425265814,7764,21054,16055174,4790212487,11084509.822,779999.95,178/22AA2000,178/22B26958,1,1.0007617473602295,9035557,9028679.427279912,8.610419680862343,4180,4176.818319670832,4223,4219.785589466489,12.990104821942781,50.961180455313986,6712326.90270087,0.0,streaming,178/22A9FFD8,178/22A9FFD8,178/22A9FB10,8232,8232,1583952,9456,0.040856,0.040856,0.040856,-367.7198903442264,True,121770264,reserved,13.2,37.6,0.0,15119107.060107935,0.0,19.984776649142738,6754287.938992242,200775.06012794763,1003.52,1
2026-09-13T21:39:04.849987+00:00,1789335544.8499875,F_lat_eastus_rep2,r3-pub,F01,load,16,1,1000,6,23.2,2267216755,22033976,797261339532,60320,1789156079.537691,5930577.99,192964.18600000002,82722616,80667596,425269996,7764,21054,16055174,4790259964,11084509.822,780011.364,178/2310D5A8,178/2315A428,1,1.0005805492401123,6517768,6513986.310197513,6.212221441457284,4185,4182.571811113343,4182,4179.573551750538,0.0,0.0,6727270.488230028,0.0,streaming,178/2310BB88,178/2310BB88,178/2310BB40,6688,6688,593152,6760,0.026749,0.068835,0.026749,-2694.4357473743303,True,128501440,reserved,2.7,37.6,0.0,6926410.877428403,0.0,19.988395752035093,6636742.0444492735,190380.47476004582,1003.52,1
2026-09-13T21:39:05.850381+00:00,1789335545.8503811,F_lat_eastus_rep2,r3-pub,F01,load,16,1,1000,6,23.2,2267241971,22033976,797267779359,60320,1789156079.537691,5930624.396000001,192964.18600000002,82726772,80667596,425274149,7764,21054,16055174,4790306279,11084509.822,780021.103,178/237608F8,178/23778670,1,1.0003936290740967,6439827,6437293.09427961,6.1390810911937805,4156,4154.36472126131,4153,4151.365901683884,0.0,0.0,6629662.372138881,0.0,streaming,178/2375FBF8,178/23659E58,178/23658CD8,3328,1075872,2083632,1080352,0.026749,0.068835,0.026749,1073169.569256105,True,135133712,reserved,4.6,37.6,0.0,15128764.878288733,0.0,41.983474083968964,6673231.222172783,158205.72562670478,1003.51,1
2026-09-13T21:39:06.850863+00:00,1789335546.8508632,F_lat_eastus_rep2,r3-pub,F01,load,16,1,1000,6,23.2,2267265946,22033977,797273941206,60320,1789156079.537691,5930654.903000001,192964.18600000002,82730718,80667596,425278092,7764,21054,16055174,4790350227,11084509.822,780029.613,178/23C94000,178/23D32A00,1,1.0004820823669434,6161847,6158877.913557717,5.873563684041707,3946,3944.0986196020044,3943,3941.100065152231,0.0,0.0,5450948.193992554,0.0,streaming,178/23C91FE0,178/23C91FE0,178/23C915D0,8224,8224,1364872,10800,0.040189,0.040189,0.040189,-1069036.6362880291,True,140587288,reserved,6.6,37.6,0.0,13837809.036266487,0.0,29.98554449773445,5485731.425609927,206398.4989231056,1003.5,1
2026-09-13T21:39:07.851614+00:00,1789335547.851615,F_lat_eastus_rep2,r3-pub,F01,load,16,1,1000,6,23.2,2267289347,22033977,797279920542,60320,1789156079.537691,5930691.901000001,192964.18600000002,82734573,80667596,425281944,7764,21054,16055174,4790392915,11084509.822,780038.024,178/24208908,178/242E89A8,1,1.0007517337799072,5979336,5974844.507553979,5.698055751375178,3855,3852.1042431167252,3852,3849.1064966240274,0.0,0.0,5716031.066360418,0.0,streaming,178/24207CC0,178/24207CC0,178/242076F0,3144,3144,1099232,4632,0.040296,0.040296,0.040296,-6163.36678898676,True,146307616,reserved,2.0,37.6,0.0,14145142.61847209,0.0,24.981220772482004,5762370.231644541,157585.5376281401,1003.5,1
2026-09-13T21:39:08.852274+00:00,1789335548.852274,F_lat_eastus_rep2,r3-pub,F01,load,16,1,1000,6,23.2,2267312240,22033977,797285792001,60320,1789156079.537691,5930728.4290000005,192964.18600000002,82738341,80667596,425285709,7764,21054,16055174,4790434995,11084509.822,780045.941,178/2484C000,178/24878518,1,1.0006589889526367,5871459,5867592.321481568,5.595772096139496,3768,3765.5185648648057,3765,3762.520540529722,0.0,0.0,6563346.826948717,0.0,streaming,178/24849B78,178/2473BFD0,178/2473B3A8,9352,1114160,2524112,1117272,0.040856,0.209282,0.040856,1111907.2653957477,True,152875288,reserved,3.5,37.6,0.0,6565657.304369622,0.0,11.992097340333777,6593941.665288244,188743.6200395133,1003.49,1
2026-09-13T21:39:09.853215+00:00,1789335549.8532157,F_lat_eastus_rep2,r3-pub,F01,load,16,1,1000,6,23.2,2267335054,22033977,797291619587,60320,1789156079.537691,5930757.2930000005,192964.18600000002,82742095,80667596,425289460,7764,21054,16055174,4790476717,11084509.822,780054.172,178/24D70000,178/24E0D768,1,1.0009417533874512,5827586,5822103.014763757,5.552390112651593,3754,3750.4679840714734,3751,3747.470806673441,0.0,0.0,5385264.409000504,0.0,streaming,178/24D6DBC0,178/24D6DBC0,178/24D6DB78,9280,9280,1533096,9352,0.040121,0.040121,0.040121,-1106877.5942760967,True,158265624,reserved,8.2,37.6,0.0,10299932.004144581,0.0,128.87862811540225,5426512.563411361,145138.3154997292,1003.49,1
2026-09-13T21:39:10.853574+00:00,1789335550.853575,F_lat_eastus_rep2,r3-pub,F01,load,16,1,1000,6,23.2,2267358076,22033977,797297505138,60320,1789156079.537691,5930802.743000001,192964.18600000002,82745879,80667596,425293241,7764,21054,16055174,4790518728,11084509.822,780062.618,178/2532C000,178/253B5688,1,1.000359296798706,5885551,5883437.099884623,5.610882854351638,3784,3782.640909230659,3781,3779.6419867339114,0.0,0.0,6010768.350174019,0.0,streaming,178/25327E90,178/25327E90,178/25327E48,16752,16752,1362672,16824,0.023062,0.045834,0.023062,7469.316298565403,True,164278552,reserved,3.5,37.6,0.0,17418125.7231882,0.0,35.98706996096821,6041744.220642922,169841.97632162174,1003.48,1
2026-09-13T21:39:11.853998+00:00,1789335551.8539982,F_lat_eastus_rep2,r3-pub,F01,load,16,1,1000,6,23.2,2267379751,22033977,797303040112,60320,1789156079.537691,5930845.698000001,192964.18600000002,82749443,80667596,425296802,7764,21054,16055174,4790558301,11084509.822,780070.181,178/25960000,178/25961260,1,1.0004231929779053,5534974,5532632.6287221955,5.276329640123554,3564,3562.492378241687,3561,3559.493647283571,0.0,0.0,6501696.527685013,0.0,streaming,178/258B49C8,178/2585DC08,178/2585DC08,702008,1057784,1686640,1057784,0.040852,0.040852,0.040852,1040519.6593867751,True,170783000,reserved,3.3,37.6,0.0,6526262.131693898,0.0,11.994923832463593,6004362.995743407,140208.66467766694,1003.48,1
2026-09-13T21:39:12.854413+00:00,1789335552.854413,F_lat_eastus_rep2,r3-pub,F01,load,16,1,1000,6,23.2,2267403273,22033978,797309070045,60320,1789156079.537691,5930874.766000001,192964.18600000002,82753312,80667596,425300668,7764,21054,16055174,4790601092,11084509.822,780078.64,178/25E79828,178/25F31530,1,1.0004148483276367,6029933,6027432.529695113,5.748207597441781,3869,3867.3956173958136,3866,3864.3968614247133,0.0,0.0,5345150.5732237315,0.0,streaming,178/25E77FE0,178/25E77FE0,178/25E77FE0,6216,6216,856728,6216,0.040603,0.040603,0.040603,-1051131.9396727013,True,176130368,reserved,3.5,37.6,0.0,13777324.499971878,0.0,19.991706474002655,5917508.131647809,175739.09493036775,1003.47,1
2026-09-13T21:39:13.855422+00:00,1789335553.8549001,F_lat_eastus_rep2,r3-pub,F01,load,16,1,1000,6,23.2,2267427031,22033978,797315152717,60320,1789156079.537691,5930928.226000001,192964.18600000002,82757224,80667596,425304577,7764,21054,16055174,4790644315,11084509.822,780087.477,178/26509F60,178/26509F60,1,1.0004870891571045,6082672,6079710.638869474,5.798063887471651,3912,3910.0954349104113,3909,3907.096895466462,0.0,0.0,6879776.935251541,0.0,streaming,178/26467990,178/263FFFD8,178/263FFB10,665040,1089416,1569824,1090640,0.038438,0.212157,0.038438,1083896.0459885704,True,183013496,reserved,3.1,37.6,0.0,15385273.99985559,0.0,31.984420735463488,6421383.213862915,166380.9576395851,1003.47,1
2026-09-13T21:39:14.855023+00:00,1789335554.8550231,F_lat_eastus_rep2,r3-pub,F01,load,16,1,1000,6,23.2,2267451245,22033978,797321356526,60320,1789156079.537691,5930957.002,192964.18600000002,82761214,80667596,425308564,7764,21054,16055174,4790688637,11084509.822,780096.124,178/26A28000,178/26AFF070,1,1.0001230239868164,6203809,6203045.87656586,5.915685535970554,3990,3989.5091946734306,3987,3986.5095636999918,0.0,0.0,5365259.944331342,0.0,streaming,178/26A25CF8,178/26A25CF8,178/26A25770,8968,8968,744296,10384,0.039787,0.039787,0.039787,-1080123.1189476545,True,188379416,reserved,5.0,37.5,0.0,13769058.075580835,0.0,18.99766283177824,5916155.171004239,184312.32516293906,1003.46,1
2026-09-13T21:39:15.856265+00:00,1789335555.856266,F_lat_eastus_rep2,r3-pub,F01,load,16,1,1000,6,23.2,2267475610,22033978,797327578293,60320,1789156079.537691,5930995.028000001,192964.18600000002,82765230,80667596,425312576,7764,21054,16055174,4790733441,11084509.822,780105.09,178/27054000,178/270FF3E8,1,1.0012428760528564,6221767,6214043.71387662,5.9261738909498405,4016,4011.01480575028,4012,4007.0197710831985,0.0,0.0,6463646.488565233,0.0,streaming,178/26FFFF10,178/26FFFF10,178/26FFFA48,344304,344304,1050600,345528,0.039900,0.039900,0.039900,334727.9746161285,True,3639216,reserved,2.9,37.6,0.0,6549555.714046163,0.0,23.970208002491717,6173625.948149752,176384.77558633528,1003.46,1
2026-09-13T21:39:16.856828+00:00,1789335556.856829,F_lat_eastus_rep2,r3-pub,F01,load,16,1,1000,6,23.2,2267500333,22033978,797333915304,60320,1789156079.537691,5931035.272000001,192964.18600000002,82769300,80667596,425316644,7764,21054,16055174,4790778627,11084509.822,780114.722,178/2763C000,178/277190A0,1,1.0005629062652588,6337011,6333445.863642679,6.040044654505423,4070,4067.7102604091583,4068,4065.7113855883185,0.0,0.0,6189667.797217076,0.0,streaming,178/27639FF8,178/27639FF8,178/27639FF8,8200,8200,1064504,8200,0.039974,0.039974,0.039974,-337138.22278213775,True,9832368,reserved,4.2,37.6,0.0,14573556.453765074,0.0,18.98931079797887,6564269.931328805,194869.3068462696,1003.45,1
2026-09-13T21:39:17.857012+00:00,1789335557.8570125,F_lat_eastus_rep2,r3-pub,F01,load,16,1,1000,6,23.2,2267525287,22033978,797340297451,60320,1789156079.537691,5931076.914000001,192964.18600000002,82773405,80667596,425320746,7764,21054,16055174,4790824050,11084509.822,780124.755,178/27C87310,178/27D33C88,1,1.0001835823059082,6382147,6380975.565791688,6.085372510711372,4105,4104.246532957464,4102,4101.247083603293,0.0,0.0,6598228.681963655,0.0,streaming,178/27C85FD8,178/27C85FD8,178/27C85A90,4920,4920,1473936,6272,0.039703,0.039703,0.039703,-1927.646118280631,True,16431808,reserved,4.7,37.6,0.0,15144227.787741527,0.0,29.994493541711066,6651313.936450227,191282.88384710258,1003.45,1
2026-09-13T21:39:18.857321+00:00,1789335558.8573117,F_lat_eastus_rep2,r3-pub,F01,load,16,1,1000,6,23.2,2267550404,22033979,797346722888,60320,1789156079.537691,5931125.799000001,192964.18600000002,82777533,80667596,425324869,7764,21054,16055174,4790869733,11084509.822,780134.354,178/2832C000,178/2835DA90,1,1.0002992153167725,6425437,6423514.985928693,6.125941263130849,4128,4126.765208640851,4123,4121.7667042699195,0.0,0.0,6964428.136429019,0.0,streaming,178/28319FD8,178/28319FD8,178/28315540,73768,73768,1268000,92864,0.038420,0.038420,0.038420,86566.09809753599,True,23398320,reserved,3.9,37.6,0.0,15429111.373552844,0.0,22.99312010628381,6915608.743939008,199848.2023568254,1003.44,1
2026-09-13T21:39:19.858092+00:00,1789335559.8580782,F_lat_eastus_rep2,r3-pub,F01,load,16,1,1000,6,23.2,2267575551,22033979,797353155058,60320,1789156079.537691,5931161.159000001,192964.18600000002,82781667,80667596,425329001,7764,21054,16055174,4790915511,11084509.822,780143.73,178/28954000,178/28985D68,3,1.0007665157318115,6432170,6427243.416808834,6.129496971901736,4134,4130.833651020996,4132,4128.835182878267,0.0,0.0,6450351.703943211,0.0,streaming,178/28951FD0,178/28951FD0,178/28951070,8240,8240,515864,12176,0.040280,0.040280,0.040280,-80626.19875026176,True,29853616,reserved,5.0,37.6,0.0,6519930.370800465,0.0,17.986213284561668,6569122.6641337415,187410.3470207044,1003.44,1
2026-09-13T21:39:20.858582+00:00,1789335560.8585825,F_lat_eastus_rep2,r3-pub,F01,load,16,1,1000,6,23.2,2267600645,22033979,797359579354,60320,1789156079.537691,5931194.459000001,192964.18600000002,82785803,80667596,425333135,7764,21054,16055174,4790961378,11084509.822,780152.936,178/28FA58E8,178/28FA8898,3,1.0005042552947998,6424296,6421058.1474309405,6.123598239355984,4136,4133.915451245455,4134,4131.916459247754,0.0,0.0,6622172.734335632,0.0,streaming,178/28F6EFD8,178/28E93ED0,178/28E93948,223504,1120792,1980528,1122208,0.040280,0.040280,0.040280,1109472.542595961,True,36479128,reserved,4.5,37.6,3247002.681705521,17158195.888873823,11.993951986205381,25.98689597011166,6696462.273442189,143219.78066727845,1003.43,1
2026-09-13T21:39:21.858844+00:00,1789335561.858844,F_lat_eastus_rep2,r3-pub,F01,load,16,1,1000,6,23.2,2267625750,22033979,797365989021,60320,1789156079.537691,5931233.3950000005,192964.18600000002,82789944,80667596,425337273,7764,21054,16055174,4791007393,11084509.822,780161.632,178/2954A000,178/295C9748,4,1.0002615451812744,6409667,6407991.020826853,6.111136456324437,4141,4139.917224599031,4138,4136.918009029411,0.0,0.0,5914892.988241171,0.0,streaming,178/29547B90,178/29547B90,178/29547518,9328,9328,688504,10984,0.039454,0.039454,0.039454,-1110933.4407118652,True,42395568,reserved,2.5,37.6,0.0,14385485.545575263,0.0,29.99215569620163,5970895.341095642,219416.61264227185,1003.43,1
2026-09-13T21:39:22.859948+00:00,1789335562.8599484,F_lat_eastus_rep2,r3-pub,F01,load,16,1,1000,6,23.2,2267650688,22033979,797372368300,60320,1789156079.537691,5931280.932000001,192964.18600000002,82794055,80667596,425341381,7764,21054,16055174,4791052973,11084509.822,780171.077,178/29B96000,178/29BEDC58,3,1.0011043548583984,6379279,6372241.783827141,6.077043327166692,4111,4106.465005420421,4108,4103.468314830233,0.0,0.0,6595468.262580806,0.0,streaming,178/29B93C78,178/29B93C78,178/29B93C28,9096,9096,1117872,9176,0.039536,0.039536,0.039536,-1806.0055290197326,True,48998320,reserved,1.9,37.6,0.0,6611834.188790685,0.0,11.986762360750438,6645497.013087125,186085.49557887999,1003.42,1
2026-09-13T21:39:23.860572+00:00,1789335563.8605723,F_lat_eastus_rep2,r3-pub,F01,load,16,1,1000,6,23.2,2267675592,22033979,797378740232,60320,1789156079.537691,5931318.268,192964.18600000002,82798160,80667596,425345483,7764,21054,16055174,4791098525,11084509.822,780179.683,178/2A104000,178/2A207D28,3,1.0006239414215088,6371932,6367958.766754962,6.072958723788225,4105,4102.4403175566085,4102,4099.442188213693,0.0,0.0,5689889.842043727,0.0,streaming,178/2A101EE8,178/2A101EE8,178/2A101EE8,8472,8472,555280,8472,0.040623,0.212281,0.040623,-703.5610191376011,True,54691760,reserved,4.8,37.6,0.0,14171509.808025455,0.0,28.9819169815205,5741682.5264425995,163814.7891675826,1003.41,1
2026-09-13T21:39:24.863798+00:00,1789335564.8637984,F_lat_eastus_rep2,r3-pub,F01,load,16,1,1000,6,23.2,2267700389,22033980,797385102435,60320,1789156079.537691,5931356.124000001,192964.18600000002,82802246,80667596,425349566,7764,21054,16055174,4791144125,11084509.822,780189.07,178/2A742000,178/2A81BAD0,1,1.0032260417938232,6362203,6341744.267945868,6.04795862955653,4086,4072.8607809003915,4083,4069.870427904136,0.0,0.0,6524360.141505549,0.0,streaming,178/2A73FEA8,178/2A73FEA8,178/2A73FE20,8536,8536,919016,8672,0.040609,0.040609,0.040609,199.35686641705294,True,61237168,reserved,1.4,37.6,0.0,14918655.792904427,0.0,20.93247097379056,6564997.045156001,186912.01403096842,1003.41,1
2026-09-13T21:39:25.864287+00:00,1789335565.8642874,F_lat_eastus_rep2,r3-pub,F01,load,16,1,1000,6,23.2,2267725099,22033980,797391417536,60320,1789156079.537691,5931416.965000001,192964.18600000002,82806320,80667596,425353637,7764,21054,16055174,4791189475,11084509.822,780198.489,178/2AD7C000,178/2AE251F0,1,1.0004889965057373,6315101,6312014.446991258,6.019606062880762,4074,4072.0088019245272,4071,4069.0102681970425,0.0,0.0,6525832.89051951,0.0,streaming,178/2AD79F48,178/2AD79F48,178/2AD793A8,8376,8376,1350824,11352,0.040142,0.040142,0.040142,2678.6901298865323,True,67766192,reserved,4.1,37.6,0.0,14918528.891501315,0.0,18.990713607404523,6605325.019146378,189228.46794039113,1003.4,1
2026-09-13T21:39:26.864864+00:00,1789335566.8648643,F_lat_eastus_rep2,r3-pub,F01,load,16,1,1000,6,23.2,2267749689,22033980,797397696080,60320,1789156079.537691,5931455.4180000005,192964.18600000002,82810368,80667596,425357682,7764,21054,16055174,4791234565,11084509.822,780208.384,178/2B31A000,178/2B424AA0,1,1.0005769729614258,6278544,6274923.538783108,5.984233416350468,4048,4045.6657602453724,4045,4042.667490166139,0.0,0.0,5886651.561215844,0.0,streaming,178/2B318B40,178/2B317F70,178/2B3179A0,1078464,1081488,1656568,1082976,0.040434,0.040434,0.040434,1071006.0584627439,True,74729392,reserved,3.9,37.6,0.0,6991933.843224382,0.0,13.991927036421743,6196352.871933442,168307.8908977574,1003.4,1
2026-09-13T21:39:27.865751+00:00,1789335567.865751,F_lat_eastus_rep2,r3-pub,F01,load,16,1,1000,6,23.2,2267774258,22033980,797403967352,60320,1789156079.537691,5931492.773000001,192964.18600000002,82814412,80667596,425361723,7764,21054,16055174,4791279636,11084509.822,780218.389,178/2B949EF0,178/2BA232C0,1,1.0008866786956787,6271272,6265716.322823386,5.975452730964075,4044,4040.417447927274,4041,4037.4201056068537,0.0,0.0,6482044.509229225,0.0,streaming,178/2B947FD8,178/2B947FD8,178/2B947F58,7960,7960,856232,8088,0.039674,0.212865,0.039674,-1073935.7640375006,True,80144032,reserved,4.3,37.6,0.0,13791291.555591764,0.0,17.98405392252496,6290815.068300484,190232.32505014862,1003.39,1
2026-09-13T21:39:28.866338+00:00,1789335568.866338,F_lat_eastus_rep2,r3-pub,F01,load,16,1,1000,6,23.2,2267797174,22033980,797409818442,60320,1789156079.537691,5931528.640000001,192964.18600000002,82818192,80667596,425365500,7764,21054,16055174,4791321477,11084509.822,780226.171,178/2BF70000,178/2C018240,1,1.000586986541748,5851090,5847657.50374455,5.576760772461462,3780,3777.78249251924,3777,3774.784252445812,0.0,0.0,6443593.69721924,0.0,streaming,178/2BF6BFE0,178/2BF6BFE0,178/2BF6B5D0,16416,16416,1260088,18992,0.039803,0.212857,0.039803,10897.603253552854,True,86591408,reserved,2.3,37.6,0.0,14843383.13386641,0.0,18.988853798377132,6508553.56665013,184530.68297255554,1003.39,1
2026-09-13T21:39:29.866640+00:00,1789335569.8666122,F_lat_eastus_rep2,r3-pub,F01,load,16,1,1000,6,23.2,2267821568,22033980,797416057734,60320,1789156079.537691,5931579.086,192964.18600000002,82822218,80667596,425369523,7764,21054,16055174,4791366003,11084509.822,780235.653,178/2C522000,178/2C616F20,1,1.0002741813659668,6239292,6237581.771309612,5.9486215317817805,4026,4024.8964483939044,4023,4021.897270712538,0.0,0.0,5970331.046478403,0.0,streaming,178/2C51FEC8,178/2C51FEC8,178/2C51FEC8,8504,8504,1260560,8504,0.040496,0.208699,0.040496,-10485.125174057444,True,92563376,reserved,13.0,37.6,0.0,14626901.57614599,0.0,26.992599132298913,6033835.634703658,162301.4999530444,1003.38,1
2026-09-13T21:39:30.867194+00:00,1789335570.8671947,F_lat_eastus_rep2,r3-pub,F01,load,16,1,1000,6,23.2,2267846050,22033981,797422331523,60320,1789156079.537691,5931620.642000001,192964.18600000002,82826252,80667596,425373554,7764,21054,16055174,4791410782,11084509.822,780244.496,178/2CB50000,178/2CC120B0,1,1.0005824565887451,6273789,6270136.917440103,5.979668538513282,4034,4031.6517378817452,4031,4028.6534842343367,0.0,0.0,6476099.952913054,0.0,streaming,178/2CB4BFF0,178/2CB4BFF0,178/2CB4B448,16400,16400,1357648,19384,0.023657,0.056222,0.023657,10873.666561267572,True,3220496,reserved,3.5,37.6,0.0,7589563.408786853,0.0,23.986029179266705,6504625.338114496,182470.71872762404,1003.38,1
2026-09-13T21:39:31.867532+00:00,1789335571.8675327,F_lat_eastus_rep2,r3-pub,F01,load,16,1,1000,6,23.2,2267870452,22033981,797428568489,60320,1789156079.537691,5931660.53,192964.18600000002,82830276,80667596,425377575,7764,21054,16055174,4791455375,11084509.822,780253.081,178/2D20E000,178/2D20ED60,1,1.000338077545166,6236966,6234858.134467441,5.946024069278184,4024,4022.6400357316334,4021,4019.6410496214953,0.0,0.0,7067306.702299152,0.0,streaming,178/2D1271D0,178/2D103FC8,178/2D103A98,949136,1093016,2245816,1094344,0.039680,0.039680,0.039680,1074596.7029846115,True,10293616,reserved,8.8,37.6,0.0,15485836.586382033,0.0,21.992564807677915,6368344.005891715,171236.10891665367,1003.37,1
2026-09-13T21:39:32.868054+00:00,1789335572.8680544,F_lat_eastus_rep2,r3-pub,F01,load,16,1,1000,6,23.2,2267894993,22033981,797434852453,60320,1789156079.537691,5931692.8270000005,192964.18600000002,82834320,80667596,425381616,7764,21054,16055174,4791500270,11084509.822,780261.686,178/2D730000,178/2D80A478,1,1.0005216598510742,6283964,6280687.617432847,5.989730470116469,4044,4041.8915074781507,4041,4038.8930716417426,0.0,0.0,5379337.815436321,0.0,streaming,178/2D72DB80,178/2D72DB80,178/2D72D5B0,9344,9344,424960,10832,0.039597,0.039597,0.039597,-1082947.0699927462,True,15672336,reserved,3.1,37.6,0.0,7741497.571529744,0.0,56.97028089175435,6203768.742921469,180952.60429139386,1003.37,1
2026-09-13T21:39:33.868654+00:00,1789335573.868654,F_lat_eastus_rep2,r3-pub,F01,load,16,1,1000,6,23.2,2267919510,22033981,797441115221,60320,1789156079.537691,5931729.239000001,192964.18600000002,82838362,80667596,425385655,7764,21054,16055174,4791545065,11084509.822,780270.42,178/2DD5E000,178/2DE07E88,1,1.0005996227264404,6262768,6259014.952389417,5.969061806096475,4042,4039.5777773594714,4039,4036.579575149655,0.0,0.0,6475988.849909419,0.0,streaming,178/2DD5BE58,178/2DD5BE58,178/2DD5B300,8616,8616,727848,11520,0.040036,0.040036,0.040036,687.5877067845909,True,22152208,reserved,2.5,37.6,0.0,6496456.5769951,0.0,12.99220957587163,6534471.7822141005,178824.77260229713,1003.36,1
2026-09-13T21:39:34.869771+00:00,1789335574.869771,F_lat_eastus_rep2,r3-pub,F01,load,16,1,1000,6,23.2,2267944079,22033981,797447391765,60320,1789156079.537691,5931770.184,192964.18600000002,82842404,80667596,425389694,7764,21054,16055174,4791589732,11084509.822,780279.007,178/2E316000,178/2E405580,1,1.0011169910430908,6276544,6269540.978882298,5.979100207216547,4042,4037.490159655098,4039,4034.4935068893965,0.0,0.0,5989853.387416828,0.0,streaming,178/2E313DF8,178/2E313DF8,178/2E313CF0,8712,8712,546120,8976,0.039213,0.039213,0.039213,-2541.1615453148365,True,28148752,reserved,1.8,37.6,0.0,9606677.427359777,0.0,41.953138719820416,6047607.876170193,167749.62517120191,1003.35,1
2026-09-13T21:39:35.870675+00:00,1789335575.8706758,F_lat_eastus_rep2,r3-pub,F01,load,16,1,1000,6,23.2,2267967089,22033981,797453272187,60320,1789156079.537691,5931815.602000001,192964.18600000002,82846199,80667596,425393486,7764,21054,16055174,4791631702,11084509.822,780287.358,178/2E946000,178/2EA06758,1,1.0009047985076904,5880422,5875106.212666256,5.6029379011786045,3795,3791.569393670802,3792,3788.572105612564,0.0,0.0,6482198.916094165,0.0,streaming,178/2E93FC18,178/2E93FC18,178/2E93FC18,25576,25576,856344,25576,0.039948,0.039948,0.039948,16584.993922249094,True,34636816,reserved,2.9,37.6,0.0,15783990.668797472,0.0,42.96112883474163,6527830.628588797,175832.9066484616,1003.35,1
2026-09-13T21:39:36.871475+00:00,1789335576.871425,F_lat_eastus_rep2,r3-pub,F01,load,16,1,1000,6,23.2,2267991629,22033982,797459549084,60320,1789156079.537691,5931852.088,192964.18600000002,82850249,80667596,425397533,7764,21054,16055174,4791676539,11084509.822,780295.887,178/2EF7A000,178/2F008D30,1,1.000749111175537,6276897,6272198.42606385,5.981634546340799,4050,4046.9683707664135,4047,4043.970616417698,0.0,0.0,6499579.092665397,0.0,streaming,178/2EF77EB8,178/2EF77EB8,178/2EF77EB8,8520,8520,1176272,8520,0.040332,0.040332,0.040332,-17043.232723899248,True,41141264,reserved,2.5,37.6,0.0,14881907.796556287,0.0,18.985777541867126,6580496.476548835,205848.79636617124,1003.34,1
2026-09-13T21:39:37.872250+00:00,1789335577.8722506,F_lat_eastus_rep2,r3-pub,F01,load,16,1,1000,6,23.2,2268016208,22033982,797465826433,60320,1789156079.537691,5931890.657000001,192964.18600000002,82854306,80667596,425401587,7764,21054,16055174,4791721315,11084509.822,780304.073,178/2F52E000,178/2F6080D0,1,1.0008256435394287,6277349,6272170.423012044,5.981607840549511,4057,4053.6531274842077,4054,4050.655602371451,0.0,0.0,5975226.592767059,0.0,streaming,178/2F529E80,178/2F529E80,178/2F529D10,16768,16768,1316568,17136,0.040332,0.204182,0.040332,8608.892123836316,True,47121424,reserved,1.9,37.6,0.0,5995689.697536809,0.0,13.988450526196427,6041830.601597468,166703.3624457956,1003.34,1
2026-09-13T21:39:38.873510+00:00,1789335578.8735108,F_lat_eastus_rep2,r3-pub,F01,load,16,1,1000,6,23.2,2268040799,22033982,797472101087,60320,1789156079.537691,5931944.985,192964.18600000002,82858365,80667596,425405643,7764,21054,16055174,4791765961,11084509.822,780312.215,178/2FB64000,178/2FC0E208,1,1.0012602806091309,6274654,6266756.128768761,5.9764443671882255,4059,4053.890959831793,4056,4050.8947359146964,0.0,0.0,6504442.577146817,0.0,streaming,178/2FB4FCE8,178/2FB4FCE8,178/2FB4F148,82712,82712,1324136,85688,0.039743,0.224950,0.039743,68465.71398827029,True,53634064,reserved,2.9,37.6,0.0,14882491.884062968,0.0,18.9760848082789,6500704.288439586,186389.0974347496,1003.33,1
2026-09-13T21:39:39.873913+00:00,1789335579.873913,F_lat_eastus_rep2,r3-pub,F01,load,16,1,1000,6,23.2,2268065381,22033982,797478399961,60320,1789156079.537691,5931985.891000001,192964.18600000002,82862421,80667596,425409696,7764,21054,16055174,4791810847,11084509.822,780320.615,178/30210000,178/302137E0,2,1.0004022121429443,6298874,6296341.534978507,6.004659209230907,4056,4054.369283442219,4053,4051.3704895935193,0.0,0.0,6993155.268033702,0.0,streaming,178/301B9870,178/30105E18,178/30105E18,354192,1090024,1138032,1090024,0.039670,0.195440,0.039670,1003932.206275943,True,60630032,reserved,9.1,37.6,0.0,15505315.573796036,0.0,26.989144638298797,7128172.962277564,176808.88531934412,1003.33,1
2026-09-13T21:39:40.874383+00:00,1789335580.8743834,F_lat_eastus_rep2,r3-pub,F01,load,16,1,1000,6,23.2,2268090031,22033982,797484700205,60320,1789156079.537691,5932019.028000001,192964.18600000002,82866488,80667596,425413760,7764,21054,16055174,4791856046,11084509.822,780329.073,178/307430A0,178/30820C78,3,1.0004703998565674,6300244,6297281.759563537,6.005555877269304,4067,4065.087783289807,4064,4062.0891938258605,0.0,0.0,5449372.615903097,0.0,streaming,178/30741C70,178/30741C70,178/30741C70,5168,5168,1418712,5168,0.039637,0.212311,0.039637,-1084345.9238329595,True,66081968,reserved,3.9,37.6,0.0,13854346.917197315,0.0,16.99200696236211,5510900.67311381,181814.4744972746,1003.32,1
2026-09-13T21:39:41.874761+00:00,1789335581.8747618,F_lat_eastus_rep2,r3-pub,F01,load,16,1,1000,6,23.2,2268114701,22033982,797490998184,60320,1789156079.537691,5932055.600000001,192964.18600000002,82870557,80667596,425417826,7764,21054,16055174,4791901290,11084509.822,780337.667,178/30D76000,178/30E29E28,1,1.0003783702850342,6297979,6295596.933193927,6.003949101633002,4069,4067.460993624477,4066,4064.4621283060023,0.0,0.0,6497733.4507421665,0.0,streaming,178/30D73D40,178/30D73D40,178/30D73D40,8896,8896,711656,8896,0.039811,0.039811,0.039811,3726.5899690911892,True,72582160,reserved,6.2,37.6,0.0,6501987.841007309,0.0,11.995461273898679,6578059.057919283,185881.6679003339,1003.32,1
2026-09-13T21:39:42.875390+00:00,1789335582.8753903,F_lat_eastus_rep2,r3-pub,F01,load,16,1,1000,6,23.2,2268139403,22033983,797497306202,60320,1789156079.537691,5932113.602000001,192964.18600000002,82874622,80667596,425421888,7764,21054,16055174,4791946408,11084509.822,780347.226,178/3142A000,178/314384B8,3,1.0006284713745117,6308018,6304056.081209643,6.012016373834269,4065,4062.4468684327153,4062,4059.4487526626544,0.0,0.0,7024321.415065262,0.0,streaming,178/31419B38,178/3131DFB0,178/3131DFB0,66760,1097808,2584456,1097808,0.046035,0.046035,0.046035,1088228.079802904,True,79610896,reserved,2.5,37.6,0.0,15440408.145469794,0.0,21.986182313780994,7082005.162481236,169000.787842571,1003.31,1
2026-09-13T21:39:43.879006+00:00,1789335583.8790069,F_lat_eastus_rep2,r3-pub,F01,load,16,1,1000,6,23.2,2268164034,22033983,797503599299,60320,1789156079.537691,5932142.478,192964.18600000002,82878684,80667596,425425947,7764,21054,16055174,4791991533,11084509.822,780356.457,178/31956000,178/31A47E20,1,1.0036165714263916,6293097,6270419.579716511,5.979938106266509,4062,4047.3624247025696,4059,4044.3732353194805,0.0,0.0,5403561.633395914,0.0,streaming,178/31953BF0,178/31953BF0,178/31953BA8,9232,9232,807832,9304,0.041306,0.041306,0.041306,-1084581.5334166533,True,85034000,reserved,5.0,37.6,0.0,13925190.5537363,0.0,26.902704447801423,5464371.709412556,191533.3061178917,1003.3,1
2026-09-13T21:39:44.879915+00:00,1789335584.8799155,F_lat_eastus_rep2,r3-pub,F01,load,16,1,1000,6,23.2,2268188699,22033983,797509903034,60320,1789156079.537691,5932178.583000001,192964.18600000002,82882753,80667596,425430013,7764,21054,16055174,4792036649,11084509.822,780366.818,178/31F8E000,178/3204D620,1,1.000908613204956,6303735,6298012.54263878,6.006252806319027,4069,4065.3062090962253,4066,4062.3089324613547,0.0,0.0,6514912.4645056175,0.0,streaming,178/31F89BB0,178/31F89BB0,178/31F89B28,17488,17488,1153952,17624,0.040488,0.040488,0.040488,8312.447200707937,True,91554832,reserved,1.4,37.6,0.0,6551742.999794908,0.0,15.985475385976802,6570831.655590188,181530.05939094094,1003.3,1
2026-09-13T21:39:45.880487+00:00,1789335585.880487,F_lat_eastus_rep2,r3-pub,F01,load,16,1,1000,6,23.2,2268213378,22033983,797516210135,60320,1789156079.537691,5932223.951,192964.18600000002,82886826,80667596,425434083,7764,21054,16055174,4792081938,11084509.822,780375.594,178/3263C000,178/32654788,1,1.0005714893341064,6307101,6303498.617772388,6.011484735271824,4073,4070.6736534244396,4070,4067.6753669132017,0.0,0.0,7000159.4835181255,0.0,streaming,178/32639BD0,178/32527D90,178/32527800,9264,1131120,2430784,1132544,0.034020,0.056941,0.034020,1114283.1990365766,True,3658480,reserved,6.0,37.6,0.0,15461755.771490036,0.0,31.98172278654114,7087137.776351472,166518.83626114894,1003.29,1
2026-09-13T21:39:46.881178+00:00,1789335586.8811789,F_lat_eastus_rep2,r3-pub,F01,load,16,1,1000,6,23.2,2268238016,22033983,797522508937,60320,1789156079.537691,5932253.511000001,192964.18600000002,82890897,80667596,425438150,7764,21054,16055174,4792127276,11084509.822,780383.936,178/32B67948,178/32C57818,1,1.0006918907165527,6298802,6294446.930602882,6.002852373698122,4071,4068.185260385123,4067,4064.188026034462,0.0,0.0,5417635.588230837,0.0,streaming,178/32B65FC0,178/32B65FC0,178/32B65970,6536,6536,1222752,8152,0.040140,0.211630,0.040140,-1123614.5815020755,True,9079864,reserved,3.3,37.6,0.0,13810348.747908967,0.0,16.98824599030879,5479426.835440529,180619.03136896307,1003.29,1
2026-09-13T21:39:47.882136+00:00,1789335587.8821363,F_lat_eastus_rep2,r3-pub,F01,load,16,1,1000,6,23.2,2268262587,22033983,797528790633,60320,1789156079.537691,5932297.744000001,192964.18600000002,82894955,80667596,425442205,7764,21054,16055174,4792172698,11084509.822,780392.935,178/3320E000,178/33258658,1,1.0009574890136719,6281696,6275687.098549896,5.9849616036890945,4058,4054.1182263381543,4055,4051.121096057471,0.0,0.0,6966441.708599631,0.0,streaming,178/3320BBA0,178/3320BBA0,178/3320A518,9312,9312,1130312,15080,0.039749,0.039749,0.039749,6921.372861525562,True,16052976,reserved,2.3,37.6,0.0,15386227.855866157,0.0,21.978955391680483,7049149.516781951,193629.60178357057,1003.28,1
2026-09-13T21:39:48.882943+00:00,1789335588.8829434,F_lat_eastus_rep2,r3-pub,F01,load,16,1,1000,6,23.2,2268287221,22033983,797535083133,60320,1789156079.537691,5932334.434,192964.18600000002,82899020,80667596,425446267,7764,21054,16055174,4792218023,11084509.822,780402.654,178/3384A000,178/338631E0,1,1.0008070468902588,6292500,6287425.752598632,5.996156456564552,4065,4061.721999890892,4062,4058.724419079165,0.0,0.0,6531944.414572876,0.0,streaming,178/33847F48,178/3373FB80,178/3373F5A8,8376,1090688,2380960,1092184,0.040174,0.211620,0.040174,1076235.4275450134,True,22590192,reserved,2.1,37.6,0.0,6548315.202579324,0.0,11.990323246910384,6583770.588420438,154429.36825858228,1003.28,1
2026-09-13T21:39:49.884264+00:00,1789335589.8842642,F_lat_eastus_rep2,r3-pub,F01,load,16,1,1000,6,23.2,2268311891,22033984,797541384952,60320,1789156079.537691,5932373.289000001,192964.18600000002,82903082,80667596,425450327,7764,21054,16055174,4792263159,11084509.822,780412.753,178/33D74000,178/33E66AC8,1,1.0013208389282227,6301819,6293506.291894651,6.001955310721065,4062,4056.641829553669,4060,4054.644467746897,0.0,0.0,5407769.2079153415,0.0,streaming,178/33D6FCD8,178/33D6FCD8,178/33D6F188,17192,17192,590400,20088,0.043789,0.043789,0.043789,-1070681.8017964477,True,28005104,reserved,4.7,37.6,0.0,13961207.493657384,0.0,29.96042710157806,5460559.4804683225,190284.66460754257,1003.27,1
2026-09-13T21:39:50.884902+00:00,1789335590.884903,F_lat_eastus_rep2,r3-pub,F01,load,16,1,1000,6,23.2,2268336553,22033984,797547683259,60320,1789156079.537691,5932425.118000001,192964.18600000002,82907146,80667596,425454388,7764,21054,16055174,4792308276,11084509.822,780423.401,178/34424000,178/3446D0F8,1,1.000638723373413,6298307,6294286.6919708755,6.002699558230281,4064,4061.4058851322484,4061,4058.4078000792474,0.0,0.0,7007875.905860948,0.0,streaming,178/3441FFF8,178/3441FFF8,178/3441F4E8,16392,16392,395448,19224,0.040333,0.211037,0.040333,-863.4484952643363,True,35017456,reserved,2.3,37.6,0.0,15403409.48233338,0.0,21.985957055341895,7083338.706006672,192231.21742832888,1003.27,1
2026-09-13T21:39:51.886087+00:00,1789335591.8860874,F_lat_eastus_rep2,r3-pub,F01,load,16,1,1000,6,23.2,2268361239,22033984,797553991504,60320,1789156079.537691,5932458.194,192964.18600000002,82911216,80667596,425458455,7764,21054,16055174,4792353377,11084509.822,780432.901,178/34A5C000,178/34A751F8,1,1.0011844635009766,6308245,6300781.953748173,6.008893922565625,4070,4065.18493681762,4067,4062.1884860042405,0.0,0.0,6513117.45010278,0.0,streaming,178/34A59D68,178/34953D48,178/34953840,8856,1082040,1771160,1083328,0.040131,0.040131,0.040131,1062845.0987733111,True,41538288,reserved,13.2,37.6,0.0,14977715.442730073,0.0,26.968057320411727,6593251.534204977,177814.38535060364,1003.26,1
2026-09-13T21:39:52.886734+00:00,1789335592.8867345,F_lat_eastus_rep2,r3-pub,F01,load,16,1,1000,6,23.2,2268385878,22033984,797560280249,60320,1789156079.537691,5932486.670000001,192964.18600000002,82915288,80667596,425462524,7764,21054,16055174,4792398366,11084509.822,780442.338,178/34F8A000,178/3507BC30,1,1.0006470680236816,6288745,6284678.38557757,5.993536363198824,4072,4069.3668428393685,4069,4066.3687827881604,0.0,0.0,5427783.854628215,0.0,streaming,178/34F87EE0,178/34F87EE0,178/34F86988,8480,8480,1024352,13944,0.040081,0.040081,0.040081,-1068692.483266929,True,46969584,reserved,2.9,37.6,0.0,5427783.854628215,0.0,9.993533504025955,5489293.053992144,172772.2046310023,1003.26,1
2026-09-13T21:39:53.887329+00:00,1789335593.8873298,F_lat_eastus_rep2,r3-pub,F01,load,16,1,1000,6,23.2,2268410527,22033984,797566575370,60320,1789156079.537691,5932529.561000001,192964.18600000002,82919360,80667596,425466593,7764,21054,16055174,4792443442,11084509.822,780452.305,178/356396A0,178/35683998,1,1.0005953311920166,6295121,6291375.547895648,5.999923274894378,4072,4069.5772537225375,4069,4066.5790386534886,0.0,0.0,7005781.239903441,0.0,streaming,178/35637C90,178/35637C90,178/35636C28,6672,6672,826456,10872,0.040030,0.040030,0.040030,-3070.1722307061973,True,53979536,reserved,3.5,37.6,0.0,15498229.420604885,0.0,30.98155571350655,7096659.137456362,198892.5930355049,1003.25,1
2026-09-13T21:39:54.887580+00:00,1789335594.8875806,F_lat_eastus_rep2,r3-pub,F01,load,16,1,1000,6,23.2,2268435229,22033984,797572886246,60320,1789156079.537691,5932574.286,192964.18600000002,82923434,80667596,425470664,7764,21054,16055174,4792488750,11084509.822,780462.288,178/35C78000,178/35C8FB58,1,1.0002508163452148,6310876,6309293.526056907,6.0170111904687,4074,4072.978430435939,4071,4069.9791826962955,0.0,0.0,6546166.114539982,0.0,streaming,178/35C75EC0,178/35B69F58,178/35B68DD0,8512,1106088,2225888,1110576,0.040030,0.040030,0.040030,1099428.2454256564,True,60527344,reserved,4.1,37.6,0.0,14958936.05433055,0.0,19.994984930956992,6598341.028218821,168806.66053035785,1003.25,1
2026-09-13T21:39:55.888338+00:00,1789335595.8883388,F_lat_eastus_rep2,r3-pub,F01,load,16,1,1000,6,23.2,2268458338,22033985,797578806549,60320,1789156079.537691,5932608.422,192964.18600000002,82927250,80667596,425474477,7764,21054,16055174,4792531201,11084509.822,780471.299,178/36220000,178/36297700,1,1.000758171081543,5920303,5915817.798021862,5.641763494512427,3816,3813.1090110170758,3813,3810.1112838071567,0.0,0.0,5926514.687949257,0.0,streaming,178/3621BBE8,178/3621BBE8,178/3621BBE8,17432,17432,1207984,17432,0.040272,0.194521,0.040272,-1092315.8377199294,True,66458352,reserved,3.9,37.6,0.0,14333324.887567885,0.0,19.98484806612723,5976898.48840877,182730.45905023103,1003.24,1
2026-09-13T21:39:56.888534+00:00,1789335596.8885345,F_lat_eastus_rep2,r3-pub,F01,load,16,1,1000,6,23.2,2268483056,22033985,797585135429,60320,1789156079.537691,5932643.008,192964.18600000002,82931328,80667596,425478551,7764,21054,16055174,4792576448,11084509.822,780480.493,178/36855B38,178/3689E830,1,1.0001957416534424,6328880,6327641.417006644,6.034509102827687,4078,4077.2019217544175,4074,4073.202704567802,0.0,0.0,6510141.694100653,0.0,streaming,178/36853C20,178/36853C20,178/36853718,7960,7960,1284920,9248,0.040468,0.211558,0.040468,-8182.398363815142,True,72969768,reserved,1.4,37.6,0.0,6613745.414537111,0.0,15.996868746461667,6589839.093999821,188807.04259730043,1003.24,1
2026-09-13T21:39:57.888861+00:00,1789335597.8888617,F_lat_eastus_rep2,r3-pub,F01,load,16,1,1000,6,23.2,2268507757,22033985,797591427349,60320,1789156079.537691,5932676.829000001,192964.18600000002,82935400,80667596,425482620,7764,21054,16055174,4792621627,11084509.822,780489.02,178/36E8E000,178/36EA6070,1,1.0003271102905273,6291920,6289862.521243299,5.998480340235996,4072,4070.6684424631453,4069,4067.6694234731185,0.0,0.0,6519923.266006241,0.0,streaming,178/36E8BF18,178/36D7DD08,178/36D7D780,8424,1114872,1631456,1116288,0.040556,0.211591,0.040556,1106677.994239784,True,79491824,reserved,3.5,37.6,0.0,8909981.453378193,0.0,43.985611853727505,6592271.600121649,163839.40644415823,1003.23,1
2026-09-13T21:39:58.889292+00:00,1789335598.8892927,F_lat_eastus_rep2,r3-pub,F01,load,16,1,1000,6,23.2,2268532414,22033985,797597720226,60320,1789156079.537691,5932708.011000001,192964.18600000002,82939465,80667596,425486682,7764,21054,16055174,4792666780,11084509.822,780498.572,178/37416000,178/374A9CC8,5,1.0004310607910156,6292877,6290165.556259699,5.998769336948108,4065,4063.2484928905615,4062,4060.2497855157344,0.0,0.0,5797436.952241504,0.0,streaming,178/37413BC0,178/37413BC0,178/37413BC0,9280,9280,1253040,9280,0.040321,0.192752,0.040321,-1106531.017864156,True,85291760,reserved,1.6,37.6,0.0,8949998.00677961,0.0,58.974578371597325,5868248.428190668,182352.39503235376,1003.22,1
2026-09-13T21:39:59.890343+00:00,1789335599.8903437,F_lat_eastus_rep2,r3-pub,F01,load,16,1,1000,6,23.2,2268557042,22033985,797604013436,60320,1789156079.537691,5932739.78,192964.18600000002,82943527,80667596,425490741,7764,21054,16055174,4792712041,11084509.822,780507.424,178/37A4C000,178/37AB6150,4,1.0010509490966797,6293210,6286603.100150713,5.995371914053643,4062,4057.7355265138453,4059,4054.7386760511317,0.0,0.0,6505802.732495108,0.0,streaming,178/37A49FC8,178/37A49FC8,178/37A48DD0,8248,8248,555736,12848,0.039510,0.212116,0.039510,3564.254150320384,True,91804400,reserved,4.1,37.6,0.0,6702204.324419488,0.0,17.981102776279965,6574968.043274223,176024.00772808422,1003.22,1
2026-09-13T21:40:00.890825+00:00,1789335600.8908253,F_lat_eastus_rep2,r3-pub,F01,load,16,1,1000,6,23.2,2268581635,22033986,797610301154,60320,1789156079.537691,5932774.623000001,192964.18600000002,82947586,80667596,425494798,7764,21054,16055174,4792757205,11084509.822,780517.724,178/3807E000,178/380C2A40,3,1.0004816055297852,6287718,6284691.2579371855,5.993548639237581,4059,4057.0461041616422,4057,4055.0470669090373,0.0,0.0,6493128.873229045,0.0,streaming,178/37FFFFD0,178/37FFFFD0,178/37FFFA00,516144,516144,877784,517632,0.046764,0.213266,0.046764,504541.01025945565,True,2836264,reserved,3.9,37.6,0.0,15688316.420059081,0.0,39.98074505209798,6055510.63259367,177319.60189918606,1003.21,1
2026-09-13T21:40:01.894647+00:00,1789335601.8946478,F_lat_eastus_rep2,r3-pub,F01,load,16,1,1000,6,23.2,2268606199,22033986,797616576702,60320,1789156079.537691,5932807.420000001,192964.18600000002,82951646,80667596,425498855,7764,21054,16055174,4792802538,11084509.822,780528.364,178/3862C000,178/3873FE28,2,1.0038225650787354,6275548,6251650.658508333,5.9620386681636175,4060,4044.5394846065765,4057,4041.5509086327293,0.0,0.0,5932905.084209649,0.0,streaming,178/38629B48,178/38629B48,178/38629638,9400,9400,660104,10696,0.040162,0.040162,0.040162,-505005.5832927388,True,8791848,reserved,6.0,37.6,0.0,14297729.996609773,0.0,19.923839825648162,6475993.094945132,183152.88617324457,1003.21,1
2026-09-13T21:40:02.895524+00:00,1789335602.895524,F_lat_eastus_rep2,r3-pub,F01,load,16,1,1000,6,23.2,2268630825,22033986,797622869309,60320,1789156079.537691,5932855.458000001,192964.18600000002,82955712,80667596,425502918,7764,21054,16055174,4792847679,11084509.822,780538.774,178/38E88000,178/38F49F50,2,1.0008761882781982,6292607,6287098.318149758,5.995844190740354,4066,4062.44053722041,4063,4059.443163484143,0.0,0.0,8757766.547607789,0.0,streaming,178/38E85F40,178/38E85F40,178/38E85F40,8384,8384,766312,8384,0.023133,0.045950,0.023133,-2309.976026083027,True,17557288,reserved,5.6,37.8,0.0,17139030.981953934,0.0,22.979865311379594,6272273.307650181,183487.23063931477,1003.2,1
2026-09-13T21:40:03.896048+00:00,1789335603.8960485,F_lat_eastus_rep2,r3-pub,F01,load,16,1,1000,6,23.2,2268696164,22033988,797631683158,60320,1789156079.537691,5932897.619000001,192964.18600000002,82959782,80667596,425507029,7777,21105,16055174,4793005041,11084509.822,780550.483,178/3953E000,178/3956D650,1,1.0005245208740234,8813849,8809228.375832835,8.401134849388919,4070,4067.866319202841,4111,4108.844825121101,12.993184803350598,50.9732634592985,7033238.919374794,0.0,streaming,178/3953BEE0,178/39427FF8,178/39427A70,8480,1138696,1603472,1140112,0.030900,0.199361,0.030900,1131134.6962404896,True,24594216,reserved,13.0,37.6,0.0,7115115.973150984,0.0,15.991612065662276,6975579.163120541,180889.1198807388,1003.2,1
2026-09-13T21:40:04.896322+00:00,1789335604.8963225,F_lat_eastus_rep2,r3-pub,F01,load,16,1,1000,6,23.2,2268720774,22033988,797637967725,60320,1789156079.537691,5932924.224,192964.18600000002,82963841,80667596,425511085,7777,21105,16055174,4793050507,11084509.822,780560.772,178/39A66000,178/39B70930,1,1.0002739429473877,6284567,6282845.858687488,5.991788729369629,4059,4057.888370099725,4056,4054.8891917034944,0.0,0.0,5405239.272822267,0.0,streaming,178/39A63D58,178/39A63D58,178/39A63850,8872,8872,590176,10160,0.040006,0.040006,0.040006,-1129642.5423924425,True,30000936,reserved,5.8,37.6,0.0,13799739.658644728,0.0,18.99479650945917,5466113.596730555,158368.61603454978,1003.19,1
2026-09-13T21:40:05.897153+00:00,1789335605.8971536,F_lat_eastus_rep2,r3-pub,F01,load,16,1,1000,6,23.2,2268745372,22033988,797644244072,60320,1789156079.537691,5932986.196,192964.18600000002,82967897,80667596,425515138,7777,21105,16055174,4793095547,11084509.822,780571.391,178/3A106000,178/3A1624C8,1,1.000831127166748,6276347,6271134.889427056,5.980620278765731,4056,4052.631747657696,4053,4049.6342389686,0.0,0.0,6941047.107183542,0.0,streaming,178/3A103FF0,178/3A103FF0,178/3A103AE8,8208,8208,1356952,9496,0.040656,0.040656,0.040656,-663.4485898532323,True,36947752,reserved,3.3,37.6,0.0,15392263.072003126,0.0,24.97923907579941,7016459.4299533805,199331.33031619017,1003.19,1
2026-09-13T21:40:06.897613+00:00,1789335606.8976135,F_lat_eastus_rep2,r3-pub,F01,load,16,1,1000,6,23.2,2268769211,22033989,797650332826,60320,1789156079.537691,5933020.301000001,192964.18600000002,82971826,80667596,425519064,7777,21105,16055174,4793139339,11084509.822,780581.195,178/3A644000,178/3A711838,1,1.000459909439087,6088754,6085955.0118441945,5.804018985599703,3929,3927.1938464808795,3926,3924.1952255749384,0.0,0.0,5494305.117215369,0.0,streaming,178/3A641B98,178/3A641B98,178/3A641B98,9320,9320,674968,9320,0.041314,0.041314,0.041314,-175.9190931485454,True,42444584,reserved,2.9,37.6,0.0,13879056.890730329,0.0,17.991725435646686,5547266.759656101,172668.58808650522,1003.18,1
2026-09-13T21:40:07.898274+00:00,1789335607.8982744,F_lat_eastus_rep2,r3-pub,F01,load,16,1,1000,6,23.2,2268792415,22033989,797656262811,60320,1789156079.537691,5933060.494000001,192964.18600000002,82975658,80667596,425522892,7777,21105,16055174,4793182161,11084509.822,780591.103,178/3AC6E000,178/3ACB2BE8,1,1.0006608963012695,5929985,5926068.483258344,5.651539309748024,3832,3829.469118024072,3828,3825.471759863295,0.0,0.0,6459219.125970556,0.0,streaming,178/3AC6BFE0,178/3AC6BFE0,178/3AC6BF98,8224,8224,963536,8296,0.041051,0.041051,0.041051,-1023.3236891588334,True,48908072,reserved,6.2,37.6,0.0,6561551.49488644,0.0,21.98546988427181,6538840.504495988,193270.26839447272,1003.18,1
2026-09-13T21:40:08.898844+00:00,1789335608.8988442,F_lat_eastus_rep2,r3-pub,F01,load,16,1,1000,6,23.2,2268815365,22033989,797662127808,60320,1789156079.537691,5933115.941000001,192964.18600000002,82979448,80667596,425526679,7777,21105,16055174,4793224321,11084509.822,780599.936,178/3B216000,178/3B242700,1,1.0005698204040527,5864997,5861656.908292099,5.59011164502344,3790,3787.8416105629813,3787,3784.843319050662,0.0,0.0,5927630.315298662,0.0,streaming,178/3B213C08,178/3B109F18,178/3B109948,9208,1097960,2192552,1099448,0.040043,0.040043,0.040043,1090530.5934166275,True,54839080,reserved,6.5,37.6,0.0,14336023.04155795,0.0,23.98633209855186,5986625.698525554,157635.1762601705,1003.17,1
2026-09-13T21:40:09.899551+00:00,1789335609.8995514,F_lat_eastus_rep2,r3-pub,F01,load,16,1,1000,6,23.2,2268838117,22033989,797667941975,60320,1789156079.537691,5933157.033000001,192964.18600000002,82983203,80667596,425530431,7777,21105,16055174,4793266061,11084509.822,780608.658,178/3B732000,178/3B7D20D8,1,1.0007071495056152,5814167,5810058.420060659,5.540903492031726,3755,3752.346530006409,3752,3749.348649955805,0.0,0.0,5353782.075652031,0.0,streaming,178/3B72FF40,178/3B72FF40,178/3B72F380,8384,8384,931328,11392,0.040788,0.040788,0.040788,-1087287.1254467785,True,60196648,reserved,4.1,37.6,0.0,13912465.806682914,0.0,23.983040404834572,5417297.160990834,143676.39930526272,1003.17,1
2026-09-13T21:40:10.900036+00:00,1789335610.9000175,F_lat_eastus_rep2,r3-pub,F01,load,16,1,1000,6,23.2,2268860938,22033989,797673775643,60320,1789156079.537691,5933189.663000001,192964.18600000002,82986971,80667596,425534197,7777,21105,16055174,4793307742,11084509.822,780617.116,178/3BC74000,178/3BD6CE70,1,1.0004661083221436,5833668,5830950.145611127,5.560827394114615,3768,3766.2445220850286,3766,3764.2454538673614,0.0,0.0,5510647.44136718,0.0,streaming,178/3BC71F50,178/3BC71F50,178/3BC71F50,8368,8368,1295624,8368,0.040788,0.040788,0.040788,-3022.5911451128254,True,65709864,reserved,3.1,37.6,0.0,5518835.624786745,0.0,9.995341088336064,5573380.201105795,160186.33581578257,1003.16,1
2026-09-13T21:40:11.900468+00:00,1789335611.9004688,F_lat_eastus_rep2,r3-pub,F01,load,16,1,1000,6,23.2,2268883915,22033989,797679650555,60320,1789156079.537691,5933225.742000001,192964.18600000002,82990764,80667596,425537987,7777,21105,16055174,4793349653,11084509.822,780627.274,178/3C214000,178/3C30FAC0,1,1.0004513263702393,5874912,5872261.693444802,5.60022515625458,3793,3791.28889134614,3790,3788.29024471444,0.0,0.0,5895579.1696529025,0.0,streaming,178/3C20FF88,178/3C20FF88,178/3C20FF88,16504,16504,1154536,16504,0.042021,0.231204,0.042021,8132.32966517063,True,71608104,reserved,7.2,37.6,0.0,14304967.790810583,0.0,19.99097754466723,5947863.572323225,170682.96627636882,1003.16,1
2026-09-13T21:40:12.901112+00:00,1789335612.901112,F_lat_eastus_rep2,r3-pub,F01,load,16,1,1000,6,23.2,2268907235,22034096,797686330391,60320,1789156079.537691,5933288.32,192964.18600000002,82994612,80667596,425541832,7777,21105,16055174,4793392443,11084509.822,780637.531,178/3CB72000,178/3CB72A18,1,1.000643253326416,6679836,6675541.935444396,6.366292891926189,3848,3845.52635238201,3845,3842.5282809014625,0.0,0.0,9815893.893601194,0.0,streaming,178/3CB6BC90,178/3CA68710,178/3CA68710,25456,1087728,3630488,1087728,0.042311,0.193160,0.042311,1070535.3745592688,True,81430312,reserved,3.7,37.6,12280.100784321761,18371030.773345355,1.99871432036487,29.98071480547305,7166167.339021521,200618.95119230344,1003.15,1
2026-09-13T21:40:13.901775+00:00,1789335613.9017751,F_lat_eastus_rep2,r3-pub,F01,load,16,1,1000,6,23.2,2268929346,22034770,797696531574,60320,1789156079.537691,5933349.597,192964.18600000002,82998260,80667596,425545476,7777,21105,16055174,4793432977,11084509.822,780646.377,178/3D53E000,178/3D5F2330,1,1.0006630420684814,10201183,10194423.668244032,9.722160022968323,3648,3645.582825222744,3644,3641.585475633684,0.0,0.0,10265961.235827247,0.0,streaming,178/3D53BFF8,178/3D53BFF8,178/3D53BB30,8200,8200,522744,9424,0.027522,0.085816,0.027522,-1077589.5128204457,True,91703080,reserved,9.4,37.6,0.0,18808649.07441236,0.0,41.97217068513027,5414021.276134269,151465.57195386797,1003.15,1
2026-09-13T21:40:14.902770+00:00,1789335614.9027448,F_lat_eastus_rep2,r3-pub,F01,load,16,1,1000,6,23.2,2268952342,22035159,797705001510,60320,1789156079.537691,5933392.113,192964.18600000002,83002052,80667596,425549265,7777,21105,16055174,4793475022,11084509.822,780655.834,178/3DB82000,178/3DBAFB90,1,1.000969648361206,8469936,8461731.096309498,8.069735618886469,3792,3788.326655267007,3789,3785.329561394169,0.0,0.0,6563619.597014175,0.0,streaming,178/3DB7E000,178/3DA71FF8,178/3DA71F30,16384,1114120,2608160,1114320,0.039175,0.211346,0.039175,1103825.6772410062,True,98273064,reserved,1.8,37.6,0.0,6579987.725685034,0.0,14.985469364189111,6241754.692791085,178402.01278067136,1003.14,1
2026-09-13T21:40:15.903562+00:00,1789335615.9035628,F_lat_eastus_rep2,r3-pub,F01,load,16,1,1000,6,23.2,2268974679,22035182,797710856719,60320,1789156079.537691,5933439.28,192964.18600000002,83005736,80667596,425552947,7777,21105,16055174,4793515908,11084509.822,780664.833,178/3E110000,178/3E1120F8,1,1.0008180141448975,5855209,5850423.271010676,5.579398413668324,3684,3680.9888990133963,3682,3678.990533704486,0.0,0.0,5819751.361066861,0.0,streaming,178/3E0E4790,178/3DFFFFE0,178/3DFFFE90,178288,1114144,1750400,1114480,0.041035,0.041035,0.041035,159.8692247128511,True,2396664,reserved,7.7,37.6,0.0,14279263.360592319,0.0,28.97629697920426,5799070.278484945,130444.2947217964,1003.14,1
2026-09-13T21:40:16.904350+00:00,1789335616.9043438,F_lat_eastus_rep2,r3-pub,F01,load,16,1,1000,6,23.2,2268995877,22035186,797716296278,60320,1789156079.537691,5933462.821,192964.18600000002,83009238,80667596,425556446,7777,21105,16055174,4793554892,11084509.822,780672.887,178/3E511C48,178/3E5FE2B0,4,1.0007810592651367,5439559,5435313.697877348,5.183519075276707,3502,3499.2668651937547,3499,3496.2692065428173,0.0,0.0,4198264.906297438,0.0,streaming,178/3E50FF70,178/3E50FF70,178/3E50F9A0,7384,7384,1265944,8872,0.041485,0.240701,0.041485,-1104745.1285817067,True,6598208,reserved,1.8,37.6,0.0,12581277.276815688,0.0,15.987512804997165,4298655.495297767,157638.87469637266,1003.13,1
2026-09-13T21:40:17.904828+00:00,1789335617.9048047,F_lat_eastus_rep2,r3-pub,F01,load,16,1,1000,6,23.2,2269015934,22035188,797721435922,60320,1789156079.537691,5933493.4,192964.18600000002,83012551,80667596,425559756,7777,21105,16055174,4793591767,11084509.822,780681.093,178/3EA0E0A8,178/3EAEC0B0,1,1.0004608631134033,5139644,5137276.418795221,4.89928857688448,3313,3311.4738638451545,3310,3308.4752457976037,0.0,0.0,5225207.894421597,0.0,streaming,178/3EA0DFE0,178/3EA0DFE0,178/3EA0D658,200,200,298624,2640,0.039900,0.244612,0.039900,-6229.1292241119845,True,11825824,reserved,4.1,37.6,0.0,13649773.322969127,0.0,15.992629586937058,5284820.4212069055,152326.79819752794,1003.13,1
2026-09-13T21:40:18.905145+00:00,1789335618.9051454,F_lat_eastus_rep2,r3-pub,F01,load,16,1,1000,6,23.2,2269035852,22035190,797726530043,60320,1789156079.537691,5933520.358,192964.18600000002,83015842,80667596,425563044,7777,21105,16055174,4793628418,11084509.822,780689.267,178/3EF06000,178/3EFB6450,1,1.0003407001495361,5094121,5092386.023320359,4.856477759666785,3291,3289.879137685835,3288,3286.880159438172,0.0,0.0,5208169.575846699,0.0,streaming,178/3EEF3BF0,178/3EEF3BF0,178/3EEF3BF0,74768,74768,923704,74768,0.039901,0.244521,0.039901,72103.43434913518,True,17035768,reserved,2.9,37.6,0.0,5208337.518628568,0.0,6.9976159112126535,5193156.690738901,146071.2335089006,1003.12,1
2026-09-13T21:40:19.905874+00:00,1789335619.9058747,F_lat_eastus_rep2,r3-pub,F01,load,16,1,1000,6,23.2,2269055656,22035191,797731597928,60320,1789156079.537691,5933545.772,192964.18600000002,83019114,80667596,425566312,7777,21105,16055174,4793664856,11084509.822,780697.63,178/3F3F4550,178/3F496DC8,1,1.0007293224334717,5067885,5064191.571479522,4.829589435081026,3272,3269.6153961427685,3268,3265.6183113064085,0.0,0.0,5166743.7778548105,0.0,streaming,178/3F3F3F00,178/3F3F3F00,178/3F3F3EB8,1616,1616,948360,1688,0.039903,0.039903,0.039903,-73026.73996030365,True,22206280,reserved,5.8,37.6,0.0,13809832.179588947,0.0,31.976678690882824,5289950.920121991,135525.15846163413,1003.12,1
2026-09-13T21:40:20.906895+00:00,1789335620.906387,F_lat_eastus_rep2,r3-pub,F01,load,16,1,1000,6,23.2,2269075967,22035192,797736792709,60320,1789156079.537691,5933577.946,192964.18600000002,83022467,80667596,425569662,7777,21105,16055174,4793702423,11084509.822,780705.305,178/3F91E000,178/3F9C34B0,2,1.0005123615264893,5194781,5192120.757083184,4.951592213710007,3353,3351.2829315614877,3350,3348.2844678589277,0.0,0.0,5410779.724640786,0.0,streaming,178/3F90FFC8,178/3F90FFC8,178/3F90FFC8,57400,57400,1213688,57400,0.040650,0.040650,0.040650,55683.469932345244,True,27619832,reserved,4.6,37.6,0.0,12576468.301503198,0.0,15.99180641365458,5392364.160067562,150984.64127871802,1003.11,1
2026-09-13T21:40:21.909266+00:00,1789335621.909267,F_lat_eastus_rep2,r3-pub,F01,load,16,1,1000,6,23.2,2269096883,22035193,797742145632,60320,1789156079.537691,5933607.103,192964.18600000002,83025917,80667596,425573110,7777,21105,16055174,4793741059,11084509.822,780713.868,178/3FE40000,178/3FEF19C8,1,1.0028798580169678,5352923,5337551.6092072455,5.0902858821937995,3450,3440.0930205356954,3448,3438.0987637121966,0.0,0.0,5366688.698526977,0.0,streaming,178/3FE3DB50,178/3FE3DB50,178/3FE3D5C8,9392,9392,387096,10808,0.039763,0.241462,0.039763,-46458.206960231626,True,33001976,reserved,5.4,37.6,0.0,9022081.685727619,0.0,118.65828099818775,5485381.879019576,164328.75651313728,1003.11,1
2026-09-13T21:40:22.909262+00:00,1789335622.9092624,F_lat_eastus_rep2,r3-pub,F01,load,16,1,1000,6,23.2,2269118729,22035193,797747715423,60320,1789156079.537691,5933649.24,192964.18600000002,83029521,80667596,425576711,7777,21105,16055174,4793781130,11084509.822,780723.338,178/40424000,178/4047C418,1,0.9999954700469971,5569791,5569816.231005762,5.311790686612856,3604,3604.0163260245786,3601,3601.016312434658,0.0,0.0,6176795.980595501,0.0,streaming,178/40415F40,178/40415F40,178/40415F40,57536,57536,1416008,57536,0.040290,0.227395,0.040290,46728.211676602805,True,39178744,reserved,3.5,37.6,0.0,6189084.036259815,0.0,14.00006341962933,6183488.010910084,168144.76168786813,1003.11,1
2026-09-13T21:40:23.910205+00:00,1789335623.910205,F_lat_eastus_rep2,r3-pub,F01,load,16,1,1000,6,23.2,2269141515,22035193,797753535088,60320,1789156079.537691,5933681.334000001,192964.18600000002,83033271,80667596,425580457,7777,21105,16055174,4793823040,11084509.822,780732.326,178/40930000,178/40A1DED8,1,1.0009424686431885,5819665,5814185.312657134,5.544839203507551,3750,3746.4690703784927,3746,3742.472836703422,0.0,0.0,5287049.12198753,0.0,streaming,178/4092DBA8,178/4092DBA8,178/4092DBA8,9304,9304,529808,9304,0.040928,0.040928,0.040928,-48186.58565399879,True,44470776,reserved,2.7,37.6,0.0,9264612.393327992,0.0,47.954804100844704,5397786.755240568,157699.3732856278,1003.1,1
2026-09-13T21:40:24.910727+00:00,1789335624.9107275,F_lat_eastus_rep2,r3-pub,F01,load,16,1,1000,6,23.2,2269165218,22035193,797759589448,60320,1789156079.537691,5933729.006,192964.18600000002,83037181,80667596,425584365,7777,21105,16055174,4793866709,11084509.822,780740.71,178/40F76000,178/4101DB58,1,1.0005226135253906,6054360,6051197.562309126,5.7708716986743225,3910,3907.9576484762524,3908,3905.958693157339,0.0,0.0,6574739.951975171,0.0,streaming,178/40F5DD98,178/40F5DD98,178/40F5DC58,98920,98920,936000,99240,0.040662,0.040662,0.040662,89889.02278091056,True,51048952,reserved,4.5,37.6,0.0,16064308.575062623,0.0,42.97753935664421,6545478.244539253,183333.1875965091,1003.09,1
2026-09-13T21:40:25.911587+00:00,1789335625.9115872,F_lat_eastus_rep2,r3-pub,F01,load,16,1,1000,6,23.2,2269189776,22035193,797765866678,60320,1789156079.537691,5933769.54,192964.18600000002,83041231,80667596,425588412,7777,21105,16055174,4793911384,11084509.822,780750.123,178/4161A000,178/4162BB30,1,1.0008597373962402,6277230,6271837.866443063,5.981290689890922,4050,4046.5210545247514,4047,4043.5236315214,0.0,0.0,6957218.618979445,0.0,streaming,178/41555C50,178/41515D88,178/415157B0,869296,1131128,1786496,1132624,0.039545,0.039545,0.039545,1032496.32429852,True,58077688,reserved,3.3,37.7,0.0,7104547.954440186,0.0,24.978525027930566,6595179.877224619,181779.717179263,1003.09,1
2026-09-13T21:40:26.912229+00:00,1789335626.912229,F_lat_eastus_rep2,r3-pub,F01,load,16,1,1000,6,23.2,2269214959,22035194,797772308966,60320,1789156079.537691,5933809.821,192964.18600000002,83045390,80667596,425592568,7777,21105,16055174,4793957246,11084509.822,780759.37,178/41C5C000,178/41C75E98,1,1.0006418228149414,6442288,6438155.844692728,6.13990387410424,4159,4156.332371057775,4156,4153.3342952912035,0.0,0.0,6557583.193495538,0.0,streaming,178/41C59C30,178/41B45E08,178/41B452E8,9168,1139192,2439888,1142040,0.040803,0.040803,0.040803,9409.960472680936,True,64573944,reserved,5.2,37.6,0.0,14883503.427933693,0.0,18.98781318828991,7165379.096218343,187547.62765368374,1003.08,1
2026-09-13T21:40:27.912719+00:00,1789335627.9127192,F_lat_eastus_rep2,r3-pub,F01,load,16,1,1000,6,23.2,2269239083,22035194,797778468050,60320,1789156079.537691,5933851.857,192964.18600000002,83049377,80667596,425596552,7777,21105,16055174,4794001420,11084509.822,780768.462,178/42212A98,178/422C3A18,1,1.0004901885986328,6159084,6156066.366454737,5.870882383780229,3987,3985.0465756036183,3984,3982.048045448913,0.0,0.0,5988128.687590198,0.0,streaming,178/42211DB0,178/42211DB0,178/422111C8,3304,3304,457720,6352,0.041314,0.041314,0.041314,-1135131.5714457291,True,70565008,reserved,4.3,37.7,0.0,14406761.969539315,0.0,20.98971108293855,6055964.4352800995,203723.13724084682,1003.08,1
2026-09-13T21:40:28.913154+00:00,1789335628.9131541,F_lat_eastus_rep2,r3-pub,F01,load,16,1,1000,6,23.2,2269265031,22035194,797785106100,60320,1789156079.537691,5933886.508,192964.18600000002,83053665,80667596,425600837,7777,21105,16055174,4794049264,11084509.822,780779.445,178/42841A60,178/42924A20,1,1.0004348754882812,6638050,6635164.52958537,6.327785996995325,4288,4286.136064486117,4285,4283.137368545478,0.0,0.0,6481093.531285985,0.0,streaming,178/4283FC48,178/4283FC48,178/4283FC48,7704,7704,882880,7704,0.041314,0.041314,0.041314,1351.4123039144658,True,77048920,reserved,3.5,37.6,0.0,14886582.190301154,0.0,17.992175643831647,6570573.618589328,189140.7473251531,1003.07,1
2026-09-13T21:40:29.913745+00:00,1789335629.9137454,F_lat_eastus_rep2,r3-pub,F01,load,16,1,1000,6,23.2,2269291158,22035194,797791771434,60320,1789156079.537691,5933933.0600000005,192964.18600000002,83057980,80667596,425605148,7777,21105,16055174,4794096972,11084509.822,780789.001,178/42F6BC90,178/42F83FF0,1,1.0005912780761719,6665334,6661395.263024258,6.352801573776492,4315,4312.450142775992,4311,4308.452506490684,0.0,0.0,7508184.57506891,0.0,streaming,178/42F69E00,178/42E69FE8,178/42E687D0,7824,1055912,2050240,1062080,0.039383,0.039383,0.039383,1053752.9389894737,True,84561544,reserved,10.5,37.7,0.0,7540373.54243821,0.0,15.990545141231953,7604769.4665400935,177061.30753071877,1003.07,1
2026-09-13T21:40:30.914006+00:00,1789335630.9140065,F_lat_eastus_rep2,r3-pub,F01,load,16,1,1000,6,23.2,2269317273,22035194,797798432502,60320,1789156079.537691,5933983.229,192964.18600000002,83062291,80667596,425609456,7777,21105,16055174,4794144536,11084509.822,780798.515,178/4352A000,178/435DEBA8,1,1.0002610683441162,6661068,6659329.4598849835,6.350831470379814,4311,4309.874828115276,4308,4306.875611115892,0.0,0.0,6020428.256764136,0.0,streaming,178/43523D50,178/43523D50,178/43523CB8,25264,25264,866856,25416,0.023124,0.034639,0.023124,-1036393.4304832508,True,1864160,reserved,2.3,37.7,0.0,14491960.607841114,0.0,30.99190899363803,6073594.376773222,210665.00203675503,1003.06,1
2026-09-13T21:40:31.914298+00:00,1789335631.9142563,F_lat_eastus_rep2,r3-pub,F01,load,16,1,1000,6,23.2,2269343301,22035196,797805082963,60320,1789156079.537691,5934017.173,192964.18600000002,83066581,80667596,425613743,7777,21105,16055174,4794191723,11084509.822,780807.449,178/43B54CA8,178/43C348E8,1,1.0002498626708984,6650461,6648799.713145405,6.340789521356015,4290,4288.928356905451,4287,4285.929106306217,0.0,0.0,6465112.609695682,0.0,streaming,178/43B53FC8,178/43B53FC8,178/43B53FC8,3296,3296,1152048,3296,0.040307,0.040307,0.040307,-22114.474418356313,True,8330888,reserved,4.5,37.7,0.0,14872955.803538773,0.0,17.995503595407488,6551343.063924076,188820.8207254123,1003.06,1
2026-09-13T21:40:32.914693+00:00,1789335632.9146938,F_lat_eastus_rep2,r3-pub,F01,load,16,1,1000,6,23.2,2269369026,22035196,797811649031,60320,1789156079.537691,5934073.178,192964.18600000002,83070827,80667596,425617986,7777,21105,16055174,4794238554,11084509.822,780816.93,178/44224000,178/4426D3E0,1,1.0004374980926514,6566068,6563196.61399968,6.259152044295959,4246,4244.143195447053,4243,4241.144507367368,0.0,0.0,7137061.549185096,0.0,streaming,178/44221C08,178/44221C08,178/44221130,9208,9208,1219320,11984,0.041545,0.211843,0.041545,8684.200678766838,True,15471072,reserved,11.1,37.7,0.0,15545710.781184321,0.0,22.989941944249225,7214106.842016434,208738.67722685068,1003.05,1
2026-09-13T21:40:33.915714+00:00,1789335633.9157147,F_lat_eastus_rep2,r3-pub,F01,load,16,1,1000,6,23.2,2269394434,22035196,797818138836,60320,1789156079.537691,5934127.489,192964.18600000002,83075019,80667596,425622176,7777,21105,16055174,4794284853,11084509.822,780826.941,178/44888000,178/448A0AA0,1,1.001020908355713,6489805,6483186.260974528,6.182848225569275,4192,4187.724716845148,4190,4185.726756579477,0.0,0.0,6694221.813016096,0.0,streaming,178/4486DFD8,178/44761FD0,178/44761A50,106536,1204272,1735240,1205680,0.039090,0.199183,0.039090,1192478.5886448438,True,22172128,reserved,7.0,37.7,0.0,6702405.458264282,0.0,11.987761594022368,6671627.879351763,181233.97671882866,1003.04,1
2026-09-13T21:40:34.916716+00:00,1789335634.9167166,F_lat_eastus_rep2,r3-pub,F01,load,16,1,1000,6,23.2,2269418091,22035197,797824184845,60320,1789156079.537691,5934166.568,192964.18600000002,83078928,80667596,425626082,7777,21105,16055174,4794328093,11084509.822,780835.782,178/44DAA000,178/44EB3598,1,1.0010018348693848,6046009,6039957.959506548,5.760152778154896,3909,3905.0877469271213,3906,3902.0907494237235,0.0,0.0,5376757.376975524,0.0,streaming,178/44DA7FF8,178/44DA7FF8,178/44DA74E8,8200,8200,814864,11032,0.040611,0.040611,0.040611,-1193452.3578129935,True,27554272,reserved,6.8,37.7,0.0,14685831.222195705,0.0,22.976980859381886,5545986.837001543,162521.18061424707,1003.04,1
2026-09-13T21:40:35.916949+00:00,1789335635.9169497,F_lat_eastus_rep2,r3-pub,F01,load,16,1,1000,6,23.2,2269442991,22035197,797830544874,60320,1789156079.537691,5934221.046,192964.18600000002,83083043,80667596,425630193,7777,21105,16055174,4794373963,11084509.822,780843.935,178/45434000,178/454C46E0,1,1.0002331733703613,6360029,6358546.356315499,6.063982349696635,4115,4114.0407152606185,4111,4110.041647736672,0.0,0.0,6855105.57192961,0.0,streaming,178/45431D30,178/45431D30,178/454311D8,8912,8912,463816,11816,0.027630,0.085498,0.027630,783.8172346936392,True,34410976,reserved,4.1,37.7,0.0,14525125.127619073,0.0,20.99510450072248,6938574.109289435,184804.90841664516,1003.03,1
2026-09-13T21:40:36.917847+00:00,1789335636.9178472,F_lat_eastus_rep2,r3-pub,F01,load,16,1,1000,6,23.2,2269467750,22035197,797836861624,60320,1789156079.537691,5934256.2,192964.18600000002,83087130,80667596,425634277,7777,21105,16055174,4794419392,11084509.822,780852.564,178/45A60000,178/45AC00C8,1,1.0008974075317383,6316750,6311086.383545955,6.018720992608981,4087,4083.3355838924,4084,4080.3382737011407,0.0,0.0,6465877.472856562,0.0,streaming,178/45A5BFE0,178/45A5BFE0,178/45A5B330,16416,16416,755776,19664,0.039880,0.039880,0.039880,7840.963460334611,True,40882656,reserved,7.0,37.7,0.0,6465877.472856562,0.0,11.989240765037632,6534258.107559954,204640.35420483898,1003.03,1
2026-09-13T21:40:37.918207+00:00,1789335637.9182072,F_lat_eastus_rep2,r3-pub,F01,load,16,1,1000,6,23.2,2269492239,22035197,797843119551,60320,1789156079.537691,5934292.692,192964.18600000002,83091172,80667596,425638317,7777,21105,16055174,4794464259,11084509.822,780861.21,178/46088000,178/460B8A88,1,1.0003600120544434,6257927,6255674.881633934,5.9658764664019905,4042,4040.5453549656872,4040,4038.546074730672,0.0,0.0,6452972.851986289,0.0,streaming,178/45FFFE28,178/45FFFE28,178/45FFF268,557528,557528,1029096,560536,0.040720,0.040720,0.040720,540677.3496365664,True,47337952,reserved,3.3,37.7,0.0,14945019.612785505,0.0,28.98956340772017,5975182.862142125,167390.7373167638,1003.02,1
2026-09-13T21:40:38.918918+00:00,1789335638.9188967,F_lat_eastus_rep2,r3-pub,F01,load,16,1,1000,6,23.2,2269513599,22035198,797848569492,60320,1789156079.537691,5934332.1680000005,192964.18600000002,83094692,80667596,425641834,7777,21105,16055174,4794503251,11084509.822,780868.591,178/46616000,178/466A59F0,1,1.0006895065307617,5449941,5446185.819309844,5.193887538251728,3520,3517.5746093344223,3517,3514.5766764287396,0.0,0.0,5820498.728114675,0.0,streaming,178/46613F40,178/46613F40,178/46613A78,8384,8384,677048,9608,0.040598,0.040598,0.040598,-550548.3932873281,True,53162464,reserved,1.8,37.7,0.0,14227885.77983587,0.0,20.985530339779224,6443160.398826264,183614.39667435116,1003.02,1
2026-09-13T21:40:39.919557+00:00,1789335639.9195485,F_lat_eastus_rep2,r3-pub,F01,load,16,1,1000,6,23.2,2269537839,22035198,797854753052,60320,1789156079.537691,5934368.025,192964.18600000002,83098690,80667596,425645829,7777,21105,16055174,4794547442,11084509.822,780878.745,178/46C336A0,178/46C91280,1,1.0006518363952637,6183560,6179531.9561652765,5.893260914006497,3998,3995.3956556981375,3995,3992.397609933482,0.0,0.0,6407759.189348297,0.0,streaming,178/46C31E20,178/46C31E20,178/46C316E0,6272,6272,919776,8128,0.040896,0.040896,0.040896,-1479.0359105635928,True,59574400,reserved,3.1,37.7,0.0,14801487.85151433,0.0,21.98566894081016,6490883.006219148,185468.10513890986,1003.01,1
2026-09-13T21:40:40.919878+00:00,1789335640.919871,F_lat_eastus_rep2,r3-pub,F01,load,16,1,1000,6,23.2,2269560657,22035198,797860572982,60320,1789156079.537691,5934419.989,192964.18600000002,83102454,80667596,425649589,7777,21105,16055174,4794589402,11084509.822,780888.034,178/47206000,178/4727B358,1,1.0003225803375244,5819930,5818053.210431644,5.548527918273586,3764,3762.7861991578434,3760,3758.7874890630956,0.0,0.0,6103471.140219517,0.0,streaming,178/47203F08,178/47203F08,178/47203868,8440,8440,840824,10136,0.023148,0.036793,0.023148,2007.3524675634828,True,65679840,reserved,5.4,37.7,0.0,6137924.026395866,0.0,13.995485331617909,6170694.45529985,176838.9552301344,1003.01,1
2026-09-13T21:40:41.920603+00:00,1789335641.9206038,F_lat_eastus_rep2,r3-pub,F01,load,16,1,1000,6,23.2,2269584899,22035198,797866764219,60320,1789156079.537691,5934476.439,192964.18600000002,83106456,80667596,425653588,7777,21105,16055174,4794633711,11084509.822,780896.234,178/47822000,178/4786D040,1,1.000732660293579,6191237,6186704.247449776,5.900100943994309,4002,3999.0700401703252,3999,3996.072236542012,0.0,0.0,6401453.908899772,0.0,streaming,178/4781FCD8,178/4781FCD8,178/4781F750,9000,9000,1075080,10416,0.028109,0.196144,0.028109,279.79500530926816,True,72085984,reserved,6.4,37.7,0.0,14783920.408533234,0.0,18.986089645986052,6473313.260406202,186535.33296818467,1003.0,1
2026-09-13T21:40:42.921057+00:00,1789335642.9210577,F_lat_eastus_rep2,r3-pub,F01,load,16,1,1000,6,23.2,2269609179,22035198,797872968983,60320,1789156079.537691,5934510.059,192964.18600000002,83110465,80667596,425657594,7777,21105,16055174,4794678284,11084509.822,780904.575,178/47E46000,178/47E63DA0,3,1.0004539489746094,6204764,6201948.631778024,5.914639121797585,4009,4007.180944319252,4006,4004.1823055482473,0.0,0.0,6435990.388762426,0.0,streaming,178/47E43B70,178/47D3BDF8,178/47D3B758,9360,1090056,2337384,1091752,0.040044,0.211951,0.040044,1080845.3513610384,True,78524896,reserved,2.5,37.7,0.0,14820792.116615763,0.0,16.992286369026512,6510020.782740989,170076.79381384337,1003.0,1
2026-09-13T21:40:43.922691+00:00,1789335643.9221828,F_lat_eastus_rep2,r3-pub,F01,load,16,1,1000,6,23.2,2269638044,22035199,797880354944,60320,1789156079.537691,5934565.529,192964.18600000002,83115229,80667596,425662355,7777,21105,16055174,4794731254,11084509.822,780914.948,178/48422000,178/48467038,5,1.0011250972747803,7385961,7377660.414373534,7.035885252355131,4764,4758.646060285929,4761,4755.649431784489,0.0,0.0,6137095.170948099,0.0,streaming,178/4841FD60,178/48315F90,178/483159C0,8864,1097840,2302016,1099328,0.030242,0.196659,0.030242,7567.485842301888,True,84668896,reserved,4.3,37.7,0.0,14688114.442469116,0.0,28.967408847248514,6203602.343909048,182753.3846649566,1002.99,1
2026-09-13T21:40:44.926633+00:00,1789335644.925634,F_lat_eastus_rep2,r3-pub,F01,load,16,1,1000,6,23.2,2269660990,22035199,797886208460,60320,1789156079.537691,5934604.367000001,192964.18600000002,83119013,80667596,425666137,7777,21105,16055174,4794773171,11084509.822,780922.95,178/48A4E000,178/48A677D8,1,1.0034511089324951,5853516,5833384.355145281,5.5631488372280895,3784,3770.9859168181556,3782,3768.9927952976386,0.0,0.0,6449422.340949715,0.0,streaming,178/48A4BEE8,178/48945FD8,178/48945270,8472,1081384,1600728,1084816,0.040639,0.040639,0.040639,-14462.08975287132,True,91140576,reserved,4.3,37.7,0.0,6547388.249926167,0.0,17.93809368465296,6517819.295608536,154710.07866557024,1002.99,1
2026-09-13T21:40:45.926551+00:00,1789335645.9265518,F_lat_eastus_rep2,r3-pub,F01,load,16,1,1000,6,23.2,2269683979,22035199,797892078784,60320,1789156079.537691,5934646.228,192964.18600000002,83122805,80667596,425669926,7777,21105,16055174,4794815547,11084509.822,780932.049,178/48F74000,178/49064FB8,1,1.000917911529541,5870324,5864940.503491773,5.593243125430845,3792,3788.522471543445,3789,3785.525222752667,0.0,0.0,5393577.173327134,0.0,streaming,178/48F71BD8,178/48F71BD8,178/48F71BD8,9256,9256,822808,9256,0.040005,0.198595,0.040005,-1074573.6364697437,True,96539104,reserved,10.9,37.7,0.0,13827691.402634587,0.0,21.97982446570564,5465925.763721865,187399.9833946063,1002.98,1
2026-09-13T21:40:46.927355+00:00,1789335646.9273553,F_lat_eastus_rep2,r3-pub,F01,load,16,1,1000,6,23.2,2269708588,22035199,797898354121,60320,1789156079.537691,5934696.566000001,192964.18600000002,83126861,80667596,425673978,7777,21105,16055174,4794860841,11084509.822,780940.911,178/4963B9E0,178/4966B508,1,1.0008034706115723,6275337,6270298.9990285095,5.979823111561307,4056,4052.743739509071,4052,4048.7469508113304,0.0,0.0,7103380.642411011,0.0,streaming,178/49639FD0,178/4952DD50,178/4952DD50,6672,1105040,1747464,1105040,0.041387,0.041387,0.041387,1094904.2765912742,True,103648192,reserved,5.0,37.7,4092.711626486478,21388510.960018333,0.9991971744351753,144.8835902931004,7169283.691248057,203740.30065602998,1002.97,1
2026-09-13T21:40:47.928067+00:00,1789335647.9280393,F_lat_eastus_rep2,r3-pub,F01,load,16,1,1000,6,23.2,2269731656,22035199,797904241563,60320,1789156079.537691,5934739.389,192964.18600000002,83130661,80667596,425677776,7777,21105,16055174,4794903443,11084509.822,780949.27,178/49B63A88,178/49C6F5B8,1,1.0006840229034424,5887442,5883417.607605881,5.610864265066033,3800,3797.40248972344,3798,3795.403856834112,0.0,0.0,5403192.092856787,0.0,streaming,178/49B6BF40,178/49B61C00,178/49B61C00,1056960,1098752,2077000,1098752,0.040992,0.040992,0.040992,-6283.70180404763,True,110146016,reserved,5.4,37.7,0.0,14056049.340319306,0.0,18.9870124486172,5679281.241555685,159748.7282111078,1002.97,1
2026-09-13T21:40:48.928239+00:00,1789335648.928239,F_lat_eastus_rep2,r3-pub,F01,load,16,1,1000,6,23.2,2269756345,22035199,797910542863,60320,1789156079.537691,5934784.165,192964.18600000002,83134734,80667596,425681846,7777,21105,16055174,4794948594,11084509.822,780957.516,178/4A21A000,178/4A27BC08,1,1.000199794769287,6301300,6300041.284705023,6.008187565522216,4073,4072.186398458026,4070,4069.186997722604,0.0,0.0,7036922.059780574,0.0,streaming,178/4A217C20,178/4A217C20,178/4A217BD0,9184,9184,1176376,9264,0.040647,0.040647,0.040647,-1089270.369477839,True,116093408,reserved,4.1,37.7,0.0,5987155.797588735,0.0,13.997203431969645,6896969.021665536,199505.13991659877,1002.96,1
2026-09-13T21:40:49.929044+00:00,1789335649.929044,F_lat_eastus_rep2,r3-pub,F01,load,16,1,1000,6,23.2,2269781043,22035199,797916862954,60320,1789156079.537691,5934818.478,192964.18600000002,83138809,80667596,425685918,7777,21105,16055174,4794993894,11084509.822,780966.471,178/4A854000,178/4A884CE8,1,1.0008049011230469,6320091,6315008.042934192,6.0224609784452365,4075,4071.722665853519,4072,4068.725078614854,0.0,0.0,6523773.007779535,0.0,streaming,178/4A851B78,178/4A747FE0,178/4A747FE0,9352,1097760,2199136,1097760,0.040647,0.194269,0.040647,1087620.5729793601,True,122622432,reserved,7.9,37.7,0.0,15114362.43270378,0.0,59.951744773303346,6588944.551131101,200349.7382706638,1002.96,1
2026-09-13T21:40:50.929935+00:00,1789335650.9299355,F_lat_eastus_rep2,r3-pub,F01,load,16,1,1000,6,23.2,2269805754,22035200,797923178234,60320,1789156079.537691,5934851.227,192964.18600000002,83142889,80667596,425689995,7777,21105,16055174,4795039401,11084509.822,780976.256,178/4AE8C000,178/4AE8DDC0,1,1.0008914470672607,6315280,6309655.276308509,6.017356182392605,4080,4076.3661353635493,4077,4073.3688073228404,0.0,0.0,6515024.2007830795,0.0,streaming,178/4ADC5628,178/4AD81DF0,178/4AD81DF0,821144,1097680,1520832,1097680,0.046448,0.212146,0.046448,-79.92874775222646,True,129150880,reserved,5.0,37.7,0.0,14904345.564856768,0.0,23.978624325667937,5958092.6757577285,157389.69541760292,1002.95,1
2026-09-13T21:40:51.930010+00:00,1789335651.9300108,F_lat_eastus_rep2,r3-pub,F01,load,16,1,1000,6,23.2,2269830500,22035200,797929489789,60320,1789156079.537691,5934898.546,192964.18600000002,83146971,80667596,425694077,7777,21105,16055174,4795084863,11084509.822,780984.787,178/4B4214C8,178/4B49A610,1,1.000075340270996,6311555,6311079.521558568,6.0187144485078505,4082,4081.692484182119,4082,4081.692484182119,0.0,0.0,5853966.960542791,0.0,streaming,178/4B41FBD8,178/4B41FBD8,178/4B41EAB0,6384,6384,1247088,10776,0.040475,0.040475,0.040475,-1086822.1185270657,True,134997672,reserved,6.4,37.7,0.0,5885508.584188318,0.0,12.999020650261526,6557231.976365916,217248.63242915925,1002.95,1
2026-09-13T21:40:52.930523+00:00,1789335652.9305232,F_lat_eastus_rep2,r3-pub,F01,load,16,1,1000,6,23.2,2269855284,22035200,797935824318,60320,1789156079.537691,5934936.548,192964.18600000002,83151062,80667596,425698162,7777,21105,16055174,4795130214,11084509.822,780993.0,178/4BA5A000,178/4BAA3900,1,1.0005123615264893,6334529,6331285.093105058,6.037983983140047,4091,4088.905002391305,4085,4082.9080749861846,0.0,0.0,6520363.216749002,0.0,streaming,178/4BA57F18,178/4BA57F18,178/4BA57F18,8424,8424,1536048,8424,0.040603,0.211904,0.040603,-2350.7955428072232,True,141521376,reserved,7.1,37.7,0.0,14926368.303151257,0.0,23.98770962048187,6592057.4833651185,193457.8796254837,1002.94,1
2026-09-13T21:40:53.930828+00:00,1789335653.9308288,F_lat_eastus_rep2,r3-pub,F01,load,16,1,1000,6,23.2,2269880011,22035200,797942136576,60320,1789156079.537691,5934975.6110000005,192964.18600000002,83155138,80667596,425702235,7777,21105,16055174,4795175269,11084509.822,781001.55,178/4C092000,178/4C0ABBF8,1,1.0003056526184082,6312258,6310329.231347421,6.017998916003629,4076,4074.754540605293,4073,4071.7554572829636,0.0,0.0,6518839.499637953,0.0,streaming,178/4BFFFEC0,178/4BF87BF0,178/4BF86A78,598336,1090576,1882104,1095048,0.040021,0.040021,0.040021,1086291.972014398,True,148042208,reserved,3.3,37.7,0.0,14990874.000109639,0.0,34.9893054271799,5999465.2477379795,158609.5205847288,1002.94,1
2026-09-13T21:40:54.931529+00:00,1789335654.9315293,F_lat_eastus_rep2,r3-pub,F01,load,16,1,1000,6,23.2,2269904757,22035200,797948449524,60320,1789156079.537691,5935012.7360000005,192964.18600000002,83159213,80667596,425706307,7777,21105,16055174,4795220422,11084509.822,781010.466,178/4C63E000,178/4C6B7860,1,1.0007004737854004,6312948,6308529.0407824945,6.016282120497221,4075,4072.147567378769,4072,4069.1496673291654,0.0,0.0,5943228.923938148,0.0,streaming,178/4C63C000,178/4C63C000,178/4C63BF70,8192,8192,616784,8336,0.040524,0.040524,0.040524,-1085951.3195684215,True,153989600,reserved,5.9,37.7,0.0,14370989.498585977,0.0,26.981100446436017,6589385.308329613,205652.94550278492,1002.93,1
2026-09-13T21:40:55.932892+00:00,1789335655.9328415,F_lat_eastus_rep2,r3-pub,F01,load,16,1,1000,6,23.2,2269929479,22035200,797954764427,60320,1789156079.537691,5935053.8040000005,192964.18600000002,83163288,80667596,425710379,7777,21105,16055174,4795265826,11084509.822,781020.22,178/4CC76000,178/4CCBF9F0,1,1.001312255859375,6314903,6306627.091646094,6.014468280454725,4075,4069.659565389656,4072,4066.663496997958,0.0,0.0,6512286.2142574135,0.0,streaming,178/4CC73CB8,178/4CC73CB8,178/4CC73CB8,9032,9032,966088,9032,0.040808,0.040808,0.040808,695.0878668739142,True,160510432,reserved,6.0,37.7,0.0,6585917.591051782,0.0,20.972478741885343,6575897.73966048,194475.797994575,1002.92,1
2026-09-13T21:40:56.933524+00:00,1789335656.9335244,F_lat_eastus_rep2,r3-pub,F01,load,16,1,1000,6,23.2,2269954212,22035201,797961085114,60320,1789156079.537691,5935089.259000001,192964.18600000002,83167364,80667596,425714452,7777,21105,16055174,4795311452,11084509.822,781028.981,178/4D21E000,178/4D2C7110,1,1.0006828308105469,6320687,6316373.985231947,6.023763642532298,4076,4073.2186807866638,4073,4070.220727881276,0.0,0.0,5926960.8884924315,0.0,streaming,178/4D21BC90,178/4D21BC90,178/4D21BC90,9072,9072,1197368,9072,0.040176,0.040176,0.040176,39.97270540516844,True,166441440,reserved,4.1,37.7,0.0,14326217.617212368,0.0,20.98567033771343,5981629.55903981,173485.53872897153,1002.92,1
2026-09-13T21:40:57.934031+00:00,1789335657.934032,F_lat_eastus_rep2,r3-pub,F01,load,16,1,1000,6,23.2,2269978825,22035201,797967377249,60320,1789156079.537691,5935124.2700000005,192964.18600000002,83171421,80667596,425718506,7777,21105,16055174,4795356166,11084509.822,781037.057,178/4D851860,178/4D8C9E20,1,1.0005075931549072,6292135,6288942.775695453,5.997603202529386,4057,4054.941739329569,4054,4051.9432613364734,0.0,0.0,6499197.052063979,0.0,streaming,178/4D84FFC8,178/4D84FFC8,178/4D84FF48,6296,6296,1036456,6424,0.040852,0.212556,0.040852,-2646.6565752390184,True,172943936,reserved,3.1,37.7,0.0,18705129.4043527,0.0,41.978691903337904,6574233.963841195,175605.86366564175,1002.91,1
2026-09-13T21:40:58.934704+00:00,1789335658.9347048,F_lat_eastus_rep2,r3-pub,F01,load,16,1,1000,6,23.2,2270003504,22035201,797973678093,60320,1789156079.537691,5935166.675,192964.18600000002,83175495,80667596,425722577,7777,21105,16055174,4795401200,11084509.822,781045.049,178/4DE69BA0,178/4DEC8948,1,1.0006728172302246,6300844,6296607.53395919,6.0049128856269745,4074,4071.260785594714,4071,4068.262802689269,0.0,0.0,6386295.190558491,0.0,streaming,178/4DE67D20,178/4DE67D20,178/4DE67C58,7808,7808,1251200,8008,0.040816,0.195966,0.040816,1582.9349740751172,True,179334528,reserved,6.4,37.7,0.0,14801177.512741813,0.0,19.986552702968652,6467719.406942751,184215.0569356269,1002.91,1
2026-09-13T21:40:59.935466+00:00,1789335659.935444,F_lat_eastus_rep2,r3-pub,F01,load,16,1,1000,6,23.2,2270028025,22035201,797979937041,60320,1789156079.537691,5935205.616,192964.18600000002,83179543,80667596,425726622,7777,21105,16055174,4795446250,11084509.822,781053.394,178/4E422000,178/4E4C94D0,2,1.000739336013794,6258948,6254323.953059569,5.96458812051732,4048,4045.009378890052,4045,4042.011595259452,0.0,0.0,5993232.987013643,0.0,streaming,178/4E41FFD8,178/4E41FFD8,178/4E41F4F8,8232,8232,1247592,11016,0.040210,0.214960,0.040210,3005.777720281936,True,185332192,reserved,2.7,37.7,0.0,6233599.275560019,0.0,18.985962993802122,6054561.644528464,168554.38167534466,1002.9,1
2026-09-13T21:41:00.936197+00:00,1789335660.936198,F_lat_eastus_rep2,r3-pub,F01,load,16,1,1000,6,23.2,2270052651,22035201,797986222820,60320,1789156079.537691,5935240.946,192964.18600000002,83183603,80667596,425730679,7777,21105,16055174,4795491019,11084509.822,781061.914,178/4EA50000,178/4EAD1930,2,1.0007538795471191,6285779,6281043.849507298,5.990070199496554,4060,4056.9415547380254,4057,4053.943814672948,0.0,0.0,6474990.636990985,0.0,streaming,178/4EA4DBF0,178/4EA4DBF0,178/4EA4DBF0,9232,9232,354432,9232,0.039601,0.194052,0.039601,-1782.6560920326692,True,1071840,reserved,5.2,37.7,0.0,15745441.833441414,0.0,30.976647339132704,6557503.432282239,182343.53493846048,1002.9,1
2026-09-13T21:41:01.936760+00:00,1789335661.9367504,F_lat_eastus_rep2,r3-pub,F01,load,16,1,1000,6,23.2,2270077224,22035201,797992490599,60320,1789156079.537691,5935358.747,192964.18600000002,83187651,80667596,425734724,7777,21105,16055174,4795535628,11084509.822,781070.673,178/50920000,178/50CA6548,2,1.0005524158477783,6267779,6264318.491189936,5.974119654836594,4048,4045.7650552670825,4045,4042.766711599642,0.0,0.0,32291409.713527143,0.0,streaming,178/5091FF68,178/501FF390,178/501FF390,152,7474288,26478592,7474288,0.040670,0.040670,0.040670,7460934.461564196,True,33381088,reserved,8.7,37.7,0.0,40704042.44188646,0.0,33.98122823099823,6870509.621602713,195394.06122401808,1002.89,1
2026-09-13T21:41:02.938091+00:00,1789335662.937558,F_lat_eastus_rep2,r3-pub,F01,load,16,1,1000,6,23.2,2270101861,22035202,797998780929,60320,1789156079.537691,5935489.737000001,192964.18600000002,83191707,80667596,425738777,7777,21105,16055174,4795580537,11084509.822,781078.688,178/52A9BE50,178/52B0BCB0,5,1.000807523727417,6290330,6285254.507852055,5.99408579621511,4056,4052.7273265230815,4053,4049.729747139558,0.0,0.0,35082150.331198744,0.0,streaming,178/52A9A000,178/52A9A000,178/52A9A000,7760,7760,1089104,7760,0.023192,0.046024,0.023192,-7460503.46643238,True,68491568,reserved,3.7,37.9,8185.390103273442,35090767.37273325,0.9991931278409963,33.97256634659388,5980287.775724321,198229.92463237527,1002.89,1
2026-09-13T21:41:03.942020+00:00,1789335663.9414577,F_lat_eastus_rep2,r3-pub,F01,load,16,1,1000,6,23.2,2270126488,22035229,798005286508,60320,1789156079.537691,5935555.851000001,192964.18600000002,83195763,80667596,425742830,7777,21105,16055174,4795626030,11084509.822,781087.927,178/530CE000,178/531176D0,2,1.0038998126983643,6505579,6480307.016408113,6.1801023639756325,4056,4040.243805901259,4053,4037.255459890977,0.0,0.0,6471450.5549489735,0.0,streaming,178/53000FA8,178/52FFFD78,178/52FFFD78,1134680,1139336,2377720,1139336,0.041015,0.041015,0.041015,1127180.2083102867,True,75283168,reserved,18.3,38.0,0.0,15202409.4505789,0.0,21.91453740873464,5845527.537480695,167248.76115745248,1002.88,1
2026-09-13T21:41:04.942643+00:00,1789335664.942643,F_lat_eastus_rep2,r3-pub,F01,load,16,1,1000,6,23.2,2270191055,22042486,798066160893,60320,1789156079.537691,5935602.656,192964.18600000002,83199822,80667596,425746930,7790,21156,16055174,4795781793,11084509.822,781097.692,178/5376DF60,178/53786268,1,1.0011851787567139,60874385,60802323.37797358,57.985614183400706,4059,4054.1950541462516,4100,4095.146519339648,12.984610914979372,50.9396274356883,6938432.716938996,0.0,streaming,178/5376C000,178/53663D70,178/536637E8,8032,1090032,1384096,1091448,0.034330,0.057137,0.034330,-47831.31134588709,True,81934912,reserved,5.1,37.7,0.0,15055436.61634925,0.0,20.97514070881283,7237328.4720395785,189519.38565014198,1002.88,1
2026-09-13T21:41:05.943178+00:00,1789335665.9431782,F_lat_eastus_rep2,r3-pub,F01,load,16,1,1000,6,23.2,2270215624,22042486,798072444404,60320,1789156079.537691,5935632.999,192964.18600000002,83203872,80667596,425750977,7790,21156,16055174,4795827590,11084509.822,781108.78,178/53C9A000,178/53D1C528,1,1.000535249710083,6283511,6280149.551773136,5.989217330716262,4050,4047.83339834707,4047,4044.8350032371836,0.0,0.0,5420362.752408229,0.0,streaming,178/53C97E58,178/53C97E58,178/53C977D8,8616,8616,628072,10280,0.040532,0.040532,0.040532,-1080589.6147220014,True,87358176,reserved,3.9,37.7,0.0,13828886.092728097,0.0,17.990370659320313,5467672.429917058,195216.5104193946,1002.87,1
2026-09-13T21:41:06.943635+00:00,1789335666.9436352,F_lat_eastus_rep2,r3-pub,F01,load,16,1,1000,6,23.2,2270237503,22042486,798078036264,60320,1789156079.537691,5935658.213,192964.18600000002,83207480,80667596,425754580,7790,21156,16055174,4795867477,11084509.822,781117.186,178/5410A000,178/5413B208,1,1.0004570484161377,5591860,5589305.416811937,5.330377022563874,3608,3606.351722657124,3603,3601.3540068552156,0.0,0.0,4650930.299672968,0.0,streaming,178/54107CE8,178/54107CE8,178/541066B8,8984,8984,1090984,14664,0.024081,0.101519,0.024081,4381.997215113312,True,92011232,reserved,4.5,37.8,0.0,4732812.875371436,0.0,8.995888443435177,4700468.658244644,149855.50877706392,1002.87,1
2026-09-13T21:41:07.943840+00:00,1789335667.9438229,F_lat_eastus_rep2,r3-pub,F01,load,16,1,1000,6,23.2,2270254359,22042486,798082340443,60320,1789156079.537691,5935683.073,192964.18600000002,83210259,80667596,425757357,7790,21156,16055174,4795898801,11084509.822,781122.9,178/54506000,178/54513770,1,1.000187635421753,4304179,4303371.535067058,4.104014906947191,2779,2778.47865898499,2777,2776.4790341854323,0.0,0.0,4177136.2212834,0.0,streaming,178/54505DA8,178/54461D68,178/54461D68,600,672408,1552296,672408,0.024081,0.101519,0.024081,657620.6070800371,True,96189152,reserved,2.5,37.7,0.0,12670646.53789298,0.0,20.99606039535257,4227280.812381901,95969.99262995725,1002.87,1
2026-09-13T21:41:08.944661+00:00,1789335668.9446616,F_lat_eastus_rep2,r3-pub,F01,load,16,1,1000,6,23.2,2270269404,22042487,798086191166,60320,1789156079.537691,5935699.617000001,192964.18600000002,83212740,80667596,425759835,7790,21156,16055174,4795926770,11084509.822,781127.929,178/547EE000,178/547EF8E0,1,1.0008387565612793,3850723,3847495.8875797973,3.6692580104635213,2481,2478.920788923399,2478,2475.923303084314,0.0,0.0,3044870.095229383,0.0,streaming,178/5478C810,178/5475A000,178/54759B38,399344,606208,1234680,607432,0.034281,0.236914,0.034281,-64921.54662679837,True,99236576,reserved,2.7,37.7,0.0,11426447.991774783,0.0,10.990781409978794,2845229.545050743,84990.71348141965,1002.86,1
2026-09-13T21:41:09.944990+00:00,1789335669.9449904,F_lat_eastus_rep2,r3-pub,F01,load,16,1,1000,6,23.2,2270281123,22042487,798089185590,60320,1789156079.537691,5935715.113,192964.18600000002,83214670,80667596,425761763,7790,21156,16055174,4795948762,11084509.822,781131.786,178/54A3E000,178/54AB8428,1,1.000328779220581,2994424,2993439.8191893906,2.8547666732686907,1930,1929.365664660557,1928,1927.3663220028777,0.0,0.0,2424035.027652947,0.0,streaming,178/54A3DFD0,178/54A3DFD0,178/54A3DF68,48,48,597344,152,0.033002,0.236709,0.033002,-607080.4045777529,True,101661408,reserved,4.6,37.7,0.0,10920441.585727043,0.0,16.994412590274337,2672902.2052962533,83990.38570645112,1002.86,1
2026-09-13T21:41:10.945628+00:00,1789335670.9455924,F_lat_eastus_rep2,r3-pub,F01,load,16,1,1000,6,23.2,2270292298,22042488,798092041732,60320,1789156079.537691,5935738.7020000005,192964.18600000002,83216513,80667596,425763603,7790,21156,16055174,4795969647,11084509.822,781135.356,178/54CCA000,178/54D38098,1,1.0006020069122314,2856142,2854423.617251978,2.7221904919166353,1843,1841.8911687848135,1840,1838.8929737189674,0.0,0.0,2668985.2524293936,0.0,streaming,178/54CC9BC8,178/54CC9BC8,178/54CC9BC8,1080,1080,537352,1080,0.031981,0.236475,0.031981,927.44167370174,True,104332000,reserved,2.1,37.7,0.0,2668985.2524293936,0.0,4.996991776410237,2693128.7178962976,74955.87604450884,1002.86,1
2026-09-13T21:41:11.945759+00:00,1789335671.945759,F_lat_eastus_rep2,r3-pub,F01,load,16,1,1000,6,23.2,2270302567,22042488,798094663127,60320,1789156079.537691,5935756.157000001,192964.18600000002,83218204,80667596,425765291,7790,21156,16055174,4795988656,11084509.822,781138.89,178/54F62000,178/54FC7900,1,1.000166654586792,2621395,2620958.205293298,2.4995405247624376,1691,1690.7182340513225,1688,1687.7187339317754,0.0,0.0,2719290.817712407,0.0,streaming,178/54F61E28,178/54F61E28,178/54F61E28,472,472,549640,472,0.032154,0.235071,0.032154,-607.8986908948575,True,107051744,reserved,2.9,37.7,0.0,11106501.050656699,0.0,12.99783385137031,2747404.1324995477,70509.2493101912,1002.86,1
2026-09-13T21:41:12.946106+00:00,1789335672.9461064,F_lat_eastus_rep2,r3-pub,F01,load,16,1,1000,6,23.2,2270313272,22042488,798097399922,60320,1789156079.537691,5935776.346,192964.18600000002,83219968,80667596,425767052,7790,21156,16055174,4796008776,11084509.822,781143.075,178/5522A000,178/5528E740,1,1.000347375869751,2736795,2735844.6335909027,2.6091047607335116,1764,1763.387441753713,1761,1760.3884835194378,0.0,0.0,2915339.281481476,0.0,streaming,178/55229DC8,178/55229DC8,178/55229DC8,568,568,600152,568,0.033007,0.226063,0.033007,95.9666634968007,True,109968096,reserved,0.6,37.7,0.0,11317412.60395337,0.0,16.994096660891792,2943137.625007716,84369.69200485919,1002.85,1
2026-09-13T21:41:13.946452+00:00,1789335673.9464526,F_lat_eastus_rep2,r3-pub,F01,load,16,1,1000,6,23.2,2270324658,22042488,798100308361,60320,1789156079.537691,5935793.801,192964.18600000002,83221843,80667596,425768924,7790,21156,16055174,4796029991,11084509.822,781146.837,178/55512000,178/55589F58,1,1.0003461837768555,2908439,2907432.4940382615,2.7727436962492575,1875,1874.351130046647,1872,1871.3521682385724,0.0,0.0,3046369.3963366793,0.0,streaming,178/55511FF0,178/55511FF0,178/55511558,16,16,689336,2728,0.032822,0.236184,0.032822,2159.2525018137376,True,113015520,reserved,3.7,37.7,0.0,11550817.294443242,0.0,21.992386592547327,3074330.716581231,84526.73821451962,1002.85,1
2026-09-13T21:41:14.946877+00:00,1789335674.9468613,F_lat_eastus_rep2,r3-pub,F01,load,16,1,1000,6,23.2,2270337627,22042488,798103610155,60320,1789156079.537691,5935813.698,192964.18600000002,83223978,80667596,425771056,7790,21156,16055174,4796053814,11084509.822,781151.346,178/558D6000,178/55941F50,1,1.00040864944458,3301794,3300445.274871557,3.14754989134937,2135,2134.127889823161,2132,2131.1291152707163,0.0,0.0,3946931.088802765,0.0,streaming,178/558D5D80,178/558D5D80,178/558D5D00,640,640,786080,768,0.036555,0.240384,0.036555,-1959.1993742638854,True,116964064,reserved,4.8,37.7,0.0,3955119.7425139737,0.0,6.9971406223710195,3981731.867483886,108903.49664658254,1002.85,1
2026-09-13T21:41:15.947748+00:00,1789335675.947735,F_lat_eastus_rep2,r3-pub,F01,load,16,1,1000,6,23.2,2270352845,22042488,798107501172,60320,1789156079.537691,5935836.468,192964.18600000002,83226485,80667596,425773560,7790,21156,16055174,4796082061,11084509.822,781156.284,178/55CE2000,178/55D4A960,1,1.0008738040924072,3891017,3887619.9817502224,3.7075233285429214,2507,2504.811285647893,2504,2501.8139047715695,0.0,0.0,4239751.287973779,0.0,streaming,178/55CE1D40,178/55CE1D40,178/55CE1838,704,704,1026064,1992,0.036758,0.242280,0.036758,1222.9313975400962,True,121207520,reserved,6.0,37.7,0.0,12690606.895759353,0.0,18.98341221671718,4276362.297124157,109245.54079937226,1002.84,1
2026-09-13T21:41:16.948721+00:00,1789335676.948722,F_lat_eastus_rep2,r3-pub,F01,load,16,1,1000,6,23.2,2270370586,22042488,798112037721,60320,1789156079.537691,5935867.709000001,192964.18600000002,83229408,80667596,425776480,7790,21156,16055174,4796114662,11084509.822,781162.448,178/56218000,178/56281A88,1,1.0009868144989014,4536549,4532076.681021036,4.3221251306734425,2923,2920.118384839332,2920,2917.1213423643003,0.0,0.0,5458677.298097414,0.0,streaming,178/56215FB8,178/56215FB8,178/56215308,8264,8264,1354000,11512,0.040622,0.223031,0.040622,9510.614787434293,True,6287328,reserved,5.3,37.7,0.0,13957682.356679369,0.0,36.96352385872572,5497347.138138591,151659.34036403496,1002.84,1
2026-09-13T21:41:17.949168+00:00,1789335677.949169,F_lat_eastus_rep2,r3-pub,F01,load,16,1,1000,6,23.2,2270391905,22042488,798117485247,60320,1789156079.537691,5935901.545,192964.18600000002,83232916,80667596,425779985,7790,21156,16055174,4796153898,11084509.822,781169.711,178/56732000,178/56804118,1,1.0004470348358154,5447526,5445091.854256933,5.1928442518777205,3508,3506.4325025219373,3505,3503.4338430271923,0.0,0.0,5346985.711120522,0.0,streaming,178/5672FFD8,178/5672FFD8,178/5672FA50,8232,8232,524072,9648,0.036663,0.036663,0.036663,-1863.1670994016222,True,11636704,reserved,4.7,37.7,0.0,5346985.711120522,0.0,9.995531649150335,5387464.615640086,154718.83529086818,1002.83,1
2026-09-13T21:41:18.949842+00:00,1789335678.9498425,F_lat_eastus_rep2,r3-pub,F01,load,16,1,1000,6,23.2,2270415589,22042488,798123543920,60320,1789156079.537691,5935940.242000001,192964.18600000002,83236816,80667596,425783882,7790,21156,16055174,4796196966,11084509.822,781177.556,178/56E70000,178/56EA6CE8,1,1.000673532485962,6058673,6054595.033555557,5.774111779742772,3900,3897.3749913333613,3897,3894.377010570797,0.0,0.0,7588872.647739919,0.0,streaming,178/56E6BEA8,178/56D63D38,178/56D63CF0,16728,1098440,2347440,1098512,0.039686,0.197208,0.039686,1088131.1083495407,True,19230688,reserved,4.8,37.7,0.0,15996393.909044016,0.0,25.98249994222241,7644571.133000677,216535.15653771898,1002.83,1
2026-09-13T21:41:19.950828+00:00,1789335679.950828,F_lat_eastus_rep2,r3-pub,F01,load,16,1,1000,6,23.2,2270442645,22042489,798130466554,60320,1789156079.537691,5935978.086,192964.18600000002,83241274,80667596,425788337,7790,21156,16055174,4796246432,11084509.822,781187.881,178/57532000,178/57576690,2,1.0009856224060059,6922634,6915817.615202607,6.595437636568648,4458,4453.6104217806715,4455,4450.613375736405,0.0,0.0,7079102.677786358,0.0,streaming,178/57529B78,178/57529B78,178/57528650,33928,33928,1330568,39344,0.023014,0.118957,0.023014,-1058125.0882047084,True,26316768,reserved,7.7,37.7,0.0,15709060.797700478,0.0,39.96061392355919,7114076.207092256,206679.2922586924,1002.82,1
2026-09-13T21:41:20.951784+00:00,1789335680.9517698,F_lat_eastus_rep2,r3-pub,F01,load,16,1,1000,6,23.2,2270470972,22042489,798137702639,60320,1789156079.537691,5936015.618000001,192964.18600000002,83245940,80667596,425793000,7790,21156,16055174,4796298285,11084509.822,781200.42,178/57C6BE90,178/57CD3600,5,1.0009417533874512,7236085,7229276.804080934,6.894375614243445,4666,4661.609913073387,4663,4658.612735675355,0.0,0.0,7570102.830016478,0.0,streaming,178/57C69FC0,178/57C69FC0,178/57C69A38,7888,7888,643744,9304,0.041268,0.041268,0.041268,-30011.73634563321,True,33894000,reserved,5.0,37.7,0.0,9428304.861958329,0.0,38.96330617442394,7677083.081002722,224956.14678673563,1002.82,1
2026-09-13T21:41:21.952299+00:00,1789335681.9522994,F_lat_eastus_rep2,r3-pub,F01,load,16,1,1000,6,23.2,2270500929,22042489,798145348275,60320,1789156079.537691,5936062.603,192964.18600000002,83250873,80667596,425797930,7790,21156,16055174,4796352943,11084509.822,781211.481,178/5841E000,178/58428BB0,1,1.0005295276641846,7645636,7641589.566925969,7.2875877064952554,4933,4930.389222511482,4930,4927.390810253722,0.0,0.0,8065217.244351458,0.0,streaming,178/583EF630,178/58313F80,178/58313F80,190928,1089664,1501040,1089664,0.031373,0.101590,0.031373,1079788.22226485,True,41963488,reserved,12.6,37.7,0.0,8097600.096735275,0.0,17.990473546565312,8117734.435046139,215999.62222457866,1002.81,1
2026-09-13T21:41:22.957026+00:00,1789335682.9560285,F_lat_eastus_rep2,r3-pub,F01,load,16,1,1000,6,23.2,2270531097,22042489,798153050023,60320,1789156079.537691,5936100.548,192964.18600000002,83255831,80667596,425802884,7790,21156,16055174,4796407713,11084509.822,781221.667,178/58B53978,178/58B8C728,1,1.0037291049957275,7701748,7673134.077379158,7.31767089593807,4958,4939.579788334527,4954,4935.594649336274,0.0,0.0,7531458.400852268,0.0,streaming,178/58B51FC8,178/58A47E58,178/58A47E58,6576,1096480,1846736,1096480,0.040491,0.040491,0.040491,6790.67685302302,True,49523032,reserved,3.7,37.7,0.0,18885860.642728586,0.0,50.810522227725066,7618146.133196514,237240.3059897457,1002.8,1
2026-09-13T21:41:23.956437+00:00,1789335683.956437,F_lat_eastus_rep2,r3-pub,F01,load,16,1,1000,6,23.2,2270561061,22042489,798160700522,60320,1789156079.537691,5936138.903,192964.18600000002,83260764,80667596,425807815,7790,21156,16055174,4796461886,11084509.822,781231.659,178/5920C000,178/592CB480,1,1.00040864944458,7650499,7647373.904901266,7.29310408105971,4933,4930.984955736605,4931,4928.985772701642,0.0,0.0,7043913.508657017,0.0,streaming,178/59209DB8,178/59209DB8,178/59209DB8,8776,8776,653896,8776,0.023084,0.033981,0.023084,-1087259.691930778,True,56569824,reserved,5.8,37.7,0.0,15546159.070730392,0.0,29.987745524447227,7089600.83855503,218133.85971938158,1002.8,1
2026-09-13T21:41:24.957205+00:00,1789335684.957205,F_lat_eastus_rep2,r3-pub,F01,load,16,1,1000,6,23.2,2270590366,22042490,798168193659,60320,1789156079.537691,5936183.867000001,192964.18600000002,83265589,80667596,425812636,7790,21156,16055174,4796514852,11084509.822,781242.184,178/59982000,178/599B9A50,1,1.0007679462432861,7493137,7487387.08921281,7.140528763974008,4825,4821.297502695041,4821,4817.300572122858,0.0,0.0,7817356.690297258,0.0,streaming,178/5997FDA0,178/59869BE0,178/59869BE0,8800,1147936,2302824,1147936,0.040907,0.040907,0.040907,1138285.8576518307,True,64393184,reserved,2.7,37.7,0.0,16199527.633610759,0.0,21.983118147003292,7870798.649745267,217944.63023996283,1002.79,1
2026-09-13T21:41:25.957879+00:00,1789335685.9578798,F_lat_eastus_rep2,r3-pub,F01,load,16,1,1000,6,23.2,2270618643,22042490,798175431666,60320,1789156079.537691,5936231.051,192964.18600000002,83270244,80667596,425817289,7790,21156,16055174,4796566041,11084509.822,781252.131,178/59FEC000,178/5A086FF0,1,1.0006747245788574,7238007,7233126.631679618,6.898047095946901,4655,4651.861274860416,4653,4649.862623399682,0.0,0.0,6721097.110582602,0.0,streaming,178/59FE9D70,178/59FE9D70,178/59FE9D70,8848,8848,781680,8848,0.039128,0.039128,0.039128,-1138319.9475527825,True,71118816,reserved,6.4,37.7,0.0,6819334.827180643,0.0,24.983143259185912,6785866.409144907,219141.14008654476,1002.78,1
2026-09-13T21:41:26.958413+00:00,1789335686.9584131,F_lat_eastus_rep2,r3-pub,F01,load,16,1,1000,6,23.2,2270646040,22042490,798182445036,60320,1789156079.537691,5936267.5370000005,192964.18600000002,83274757,80667596,425821799,7790,21156,16055174,4796615724,11084509.822,781261.513,178/5A60C000,178/5A6F2458,1,1.0005333423614502,7013370,7009631.466600708,6.68490549717017,4513,4510.594308979705,4510,4507.595908153882,0.0,0.0,6419104.419690407,0.0,streaming,178/5A609C90,178/5A609C90,178/5A609780,9072,9072,690096,10368,0.039128,0.039128,0.039128,1519.1897517503105,True,77541344,reserved,3.3,37.7,0.0,14827803.704157304,0.0,22.987739664642856,6468151.260932277,186821.3602545525,1002.78,1
2026-09-13T21:41:27.959260+00:00,1789335687.9592607,F_lat_eastus_rep2,r3-pub,F01,load,16,1,1000,6,23.2,2270672328,22042490,798189148568,60320,1789156079.537691,5936303.946,192964.18600000002,83279086,80667596,425826125,7790,21156,16055174,4796663799,11084509.822,781270.523,178/5AD1ADD0,178/5AD4A7A0,1,1.000847578048706,6703532,6697855.045090366,6.387572331514708,4329,4325.333941897525,4326,4322.33648247833,0.0,0.0,7394644.461676298,0.0,streaming,178/5AD19FF0,178/5AC0BFE0,178/5AC0BA58,3552,1109488,2592096,1110904,0.040705,0.197286,0.040705,1099603.9997875108,True,84942256,reserved,4.1,37.7,0.0,15805355.727433437,0.0,20.982215934360827,7452640.30567201,212298.06082386282,1002.77,1
2026-09-13T21:41:28.959476+00:00,1789335688.9594767,F_lat_eastus_rep2,r3-pub,F01,load,16,1,1000,6,23.2,2270697979,22042490,798195704073,60320,1789156079.537691,5936339.988,192964.18600000002,83283303,80667596,425830339,7790,21156,16055174,4796710367,11084509.822,781279.04,178/5B326000,178/5B355458,1,1.000216007232666,6555505,6554089.269314289,6.250466603578843,4217,4216.089294218883,4214,4213.089942100633,0.0,0.0,6335703.4422324505,0.0,streaming,178/5B324000,178/5B219F10,178/5B219988,8192,1097968,1260304,1099384,0.049323,0.049323,0.049323,-11517.51213407672,True,91279328,reserved,2.5,37.7,0.0,14762891.10874545,0.0,20.995464827744023,6383673.080443649,187514.49551273952,1002.77,1
2026-09-13T21:41:29.960346+00:00,1789335689.9603467,F_lat_eastus_rep2,r3-pub,F01,load,16,1,1000,6,23.2,2270722772,22042490,798202049510,60320,1789156079.537691,5936372.504000001,192964.18600000002,83287380,80667596,425834412,7790,21156,16055174,4796755727,11084509.822,781287.921,178/5B858000,178/5B9588E0,1,1.0008699893951416,6345437,6339921.335671933,6.0462201458663305,4077,4073.4561363597927,4073,4069.4596132924785,0.0,0.0,5442944.6958362805,0.0,streaming,178/5B855BC0,178/5B855BC0,178/5B854FA0,9280,9280,1177368,12384,0.040364,0.214375,0.040364,-1086055.143542579,True,97767392,reserved,3.5,37.7,0.0,6490609.238794241,0.0,11.989569201941993,5684668.398778167,164815.61216526246,1002.76,1
2026-09-13T21:41:30.960507+00:00,1789335690.9605072,F_lat_eastus_rep2,r3-pub,F01,load,16,1,1000,6,23.2,2270747049,22042491,798208257282,60320,1789156079.537691,5936415.652000001,192964.18600000002,83291376,80667596,425838406,7790,21156,16055174,4796799949,11084509.822,781297.284,178/5BE59B28,178/5BF29CD8,1,1.0001604557037354,6207772,6206776.087374972,5.919242942213986,3996,3995.3589218725156,3994,3993.3592427324393,0.0,0.0,6297397.546644952,0.0,streaming,178/5BE57CA0,178/5BE57CA0,178/5BE57B98,7816,7816,272440,8080,0.040969,0.195980,0.040969,-4303.3095094442715,True,103025416,reserved,2.7,37.7,0.0,13903689.073785149,0.0,29.995187101145014,6139575.8700331375,185127.2952695569,1002.76,1
2026-09-13T21:41:31.961026+00:00,1789335691.9610262,F_lat_eastus_rep2,r3-pub,F01,load,16,1,1000,6,23.2,2270770927,22042491,798214356166,60320,1789156079.537691,5936449.888,192964.18600000002,83295305,80667596,425842330,7790,21156,16055174,4796843577,11084509.822,781306.402,178/5C40F5D8,178/5C4F7830,1,1.000519037246704,6098884,6095720.094225614,5.813331693864455,3929,3926.961760579876,3924,3921.96435441981,0.0,0.0,5983886.140213193,0.0,streaming,178/5C40DD28,178/5C40DD28,178/5C40DD28,6320,6320,1171776,6320,0.023460,0.165281,0.023460,-1759.0869683432381,True,109012408,reserved,6.6,37.8,0.0,14389971.069036176,0.0,17.990662176237663,6044617.618314011,175702.8037005291,1002.75,1
2026-09-13T21:41:32.961814+00:00,1789335692.9618149,F_lat_eastus_rep2,r3-pub,F01,load,16,1,1000,6,23.2,2270794635,22042491,798220414378,60320,1789156079.537691,5936484.023,192964.18600000002,83299212,80667596,425846235,7790,21156,16055174,4796886635,11084509.822,781314.71,178/5CA40000,178/5CAB3F18,1,1.000788688659668,6058212,6053437.722316403,5.773008081737903,3907,3903.921021761897,3905,3901.922597896137,0.0,0.0,6485548.921114195,0.0,streaming,178/5CA3DC60,178/5CA3DC60,178/5CA3DB10,9120,9120,393424,9456,0.040126,0.225161,0.040126,3133.528621511469,True,115503072,reserved,2.1,37.8,0.0,6507507.602551165,0.0,12.989755127439125,6547428.1176935835,184318.6299867639,1002.75,1
2026-09-13T21:41:33.962558+00:00,1789335693.962558,F_lat_eastus_rep2,r3-pub,F01,load,16,1,1000,6,23.2,2270818120,22042491,798226404823,60320,1789156079.537691,5936515.4,192964.18600000002,83303083,80667596,425850103,7790,21156,16055174,4796929883,11084509.822,781321.935,178/5CF7A6B8,178/5D0791F8,1,1.0007431507110596,5990445,5985996.50244281,5.70869112247735,3871,3868.1253998586276,3868,3865.127627655172,0.0,0.0,5478096.948357575,0.0,streaming,178/5CF79FF8,178/5CF79FF8,178/5CF79A20,1728,1728,728952,3224,0.040789,0.040789,0.040789,-6227.372123978033,True,120985240,reserved,5.2,37.8,0.0,13920151.22971558,0.0,17.986633220732443,5531916.951983611,159037.81093771628,1002.74,1
2026-09-13T21:41:34.963188+00:00,1789335694.963161,F_lat_eastus_rep2,r3-pub,F01,load,16,1,1000,6,23.2,2270841829,22042491,798232459461,60320,1789156079.537691,5936560.6450000005,192964.18600000002,83306983,80667596,425854001,7790,21156,16055174,4796973337,11084509.822,781330.128,178/5D606000,178/5D64A460,1,1.0006029605865479,6054638,6050989.491826814,5.770673267199339,3900,3897.649870747776,3898,3895.651075942264,0.0,0.0,6859040.269056215,0.0,streaming,178/5D603E78,178/5D603E78,178/5D6038A8,8584,8584,386584,10072,0.040399,0.194724,0.040399,6843.873414071992,True,127848416,reserved,3.3,37.7,0.0,23672894.177841242,0.0,28.982524679919358,6895599.225446426,195847.91142845093,1002.74,1
2026-09-13T21:41:35.963641+00:00,1789335695.963594,F_lat_eastus_rep2,r3-pub,F01,load,16,1,1000,6,23.2,2270865622,22042491,798238552244,60320,1789156079.537691,5936600.282000001,192964.18600000002,83310898,80667596,425857913,7790,21156,16055174,4797016676,11084509.822,781338.746,178/5DC0A000,178/5DC22A50,1,1.0004329681396484,6092783,6090146.160746595,5.808015976664157,3915,3913.3056633270735,3912,3910.3069616693515,0.0,0.0,6305110.088214827,0.0,streaming,178/5DC07BA8,178/5DB03FC8,178/5DB03A30,9304,1073208,1536432,1074640,0.040024,0.040024,0.040024,1064107.275452561,True,134156256,reserved,4.9,37.7,0.0,14739218.38803466,0.0,21.9904788232939,6341431.362260374,148612.6554550394,1002.73,1
2026-09-13T21:41:36.964163+00:00,1789335696.9641633,F_lat_eastus_rep2,r3-pub,F01,load,16,1,1000,6,23.2,2270889545,22042492,798244678342,60320,1789156079.537691,5936633.416,192964.18600000002,83314835,80667596,425861847,7790,21156,16055174,4797060099,11084509.822,781346.723,178/5E20A000,178/5E20A2E0,1,1.0005693435668945,6126098,6122612.130171097,5.838977937861535,3937,3934.7597698377676,3934,3931.761476896565,0.0,0.0,6287876.0382282045,0.0,streaming,178/5E18BB18,178/5E0FFFE0,178/5E0FFFE0,517352,1089568,1666000,1089568,0.040782,0.040782,0.040782,14919.505675422452,True,140447712,reserved,4.6,37.8,0.0,6312438.054002534,0.0,13.992033725610552,6019793.669200408,196947.86899777254,1002.73,1
2026-09-13T21:41:37.964797+00:00,1789335697.964798,F_lat_eastus_rep2,r3-pub,F01,load,16,1,1000,6,23.2,2270913758,22042492,798250863609,60320,1789156079.537691,5936659.792,192964.18600000002,83318816,80667596,425865825,7790,21156,16055174,4797103922,11084509.822,781355.656,178/5E726000,178/5E7FBDA0,1,1.0006346702575684,6185267,6181343.884884462,5.894988903889143,3981,3978.4749802595493,3978,3975.4768830626695,0.0,0.0,5354169.867631046,0.0,streaming,178/5E723EB0,178/5E723EB0,178/5E7228C0,8528,8528,834616,14144,0.040225,0.040225,0.040225,-1074741.8932857688,True,145805280,reserved,6.0,37.7,0.0,13745644.048551263,0.0,18.98794891357233,5709099.604283666,176662.87732614466,1002.72,1
2026-09-13T21:41:38.966119+00:00,1789335698.9660969,F_lat_eastus_rep2,r3-pub,F01,load,16,1,1000,6,23.2,2270938146,22042492,798257095486,60320,1789156079.537691,5936698.220000001,192964.18600000002,83322829,80667596,425869835,7790,21156,16055174,4797148269,11084509.822,781364.341,178/5ED52000,178/5EDF94C8,1,1.0012989044189453,6231877,6223792.887915286,5.935471427836691,4013,4007.7942583276345,4010,4004.7981499859993,0.0,0.0,6463284.810798352,0.0,streaming,178/5ED4FC18,178/5ED4FC18,178/5ED4EAF0,9192,9192,1129104,13584,0.040526,0.040526,0.040526,-559.2735571052767,True,152276960,reserved,2.3,37.7,0.0,14841010.945301533,0.0,17.976650049812466,6535256.3266783375,182666.73337282773,1002.71,1
2026-09-13T21:41:39.966645+00:00,1789335699.9666452,F_lat_eastus_rep2,r3-pub,F01,load,16,1,1000,6,23.2,2270962701,22042492,798263355598,60320,1789156079.537691,5936731.747,192964.18600000002,83326872,80667596,425873875,7790,21156,16055174,4797192627,11084509.822,781373.389,178/5F324000,178/5F402580,6,1.0005483627319336,6260112,6256681.069276014,5.966836041713728,4043,4040.7841845454086,4040,4037.7858287319937,0.0,0.0,6099695.154501116,0.0,streaming,178/5F321FC8,178/5F321FC8,178/5F321B00,8248,8248,1243592,9472,0.039908,0.210851,0.039908,-4109.74636825395,True,158380000,reserved,6.0,37.7,0.0,14655643.391351674,0.0,29.983558134148467,6160074.044967788,176708.099863604,1002.71,1
2026-09-13T21:41:40.967085+00:00,1789335700.9670854,F_lat_eastus_rep2,r3-pub,F01,load,16,1,1000,6,23.2,2270987475,22042492,798269688090,60320,1789156079.537691,5936767.8440000005,192964.18600000002,83330949,80667596,425877949,7790,21156,16055174,4797237492,11084509.822,781382.139,178/5F950000,178/5FA1D600,2,1.0004401206970215,6332492,6329706.165310582,6.0364782002549955,4077,4075.2064173111066,4074,4072.207737092335,0.0,0.0,6468832.9327407265,0.0,streaming,178/5F94DBB0,178/5F94DBB0,178/5F94DB68,9296,9296,1347032,9368,0.039550,0.206909,0.039550,-103.95424758409494,True,164851680,reserved,3.3,37.8,0.0,6599847.27061902,0.0,17.992081312631818,6513191.4096569475,179777.87603589005,1002.7,1
2026-09-13T21:41:41.967563+00:00,1789335701.9675438,F_lat_eastus_rep2,r3-pub,F01,load,16,1,1000,6,23.2,2271012322,22042492,798276035790,60320,1789156079.537691,5936803.846,192964.18600000002,83335040,80667596,425882037,7790,21156,16055174,4797283083,11084509.822,781390.073,178/5FF8A000,178/60040178,2,1.0004584789276123,6347700,6344791.047004845,6.050864264492841,4091,4089.125222253229,4088,4086.126597059692,0.0,0.0,6526031.951869143,0.0,streaming,178/5FF71ED0,178/5FF71ED0,178/5FF70D58,98608,98608,663784,103080,0.040442,0.040442,0.040442,93669.05471224507,True,171380704,reserved,10.7,37.8,0.0,14910795.71437103,0.0,18.991292892400722,6457487.378111813,188391.62640915278,1002.7,1
2026-09-13T21:41:42.971511+00:00,1789335702.9679945,F_lat_eastus_rep2,r3-pub,F01,load,16,1,1000,6,23.2,2271037329,22042493,798282454564,60320,1789156079.537691,5936842.364,192964.18600000002,83339151,80667596,425886145,7790,21156,16055174,4797328660,11084509.822,781398.289,178/6063C000,178/6066C768,1,1.000450611114502,6418774,6415882.931841569,6.118662769166535,4111,4109.148372072406,4108,4106.149723296873,0.0,0.0,7017381.889725785,0.0,streaming,178/60639CA0,178/6052BDA8,178/6052BDA8,9056,1114712,1521608,1114712,0.040320,0.040320,0.040320,1011176.3526967533,True,178401248,reserved,6.0,37.8,0.0,15426776.523037782,0.0,21.990091020577218,7158790.169583199,192960.05005678957,1002.69,1
2026-09-13T21:41:43.968785+00:00,1789335703.9682565,F_lat_eastus_rep2,r3-pub,F01,load,16,1,1000,6,23.2,2271062381,22042493,798288857791,60320,1789156079.537691,5936870.9520000005,192964.18600000002,83343273,80667596,425890264,7790,21156,16055174,4797374368,11084509.822,781407.228,178/60B7C000,178/60C83CE8,2,1.0002620220184326,6403227,6401549.653038814,6.1049934893024576,4122,4120.920228164016,4119,4117.921014024159,0.0,0.0,5503581.94035138,0.0,streaming,178/60B79BD8,178/60B79BD8,178/60B79BD8,9256,9256,850536,9256,0.039616,0.039616,0.039616,-1105166.422063387,True,183906272,reserved,4.3,37.8,0.0,5503581.94035138,0.0,10.997118512810331,5546986.5673833955,165413.6579794599,1002.69,1
2026-09-13T21:41:44.971515+00:00,1789335704.9715152,F_lat_eastus_rep2,r3-pub,F01,load,16,1,1000,6,23.2,2271087349,22042493,798295242232,60320,1789156079.537691,5936922.657000001,192964.18600000002,83347378,80667596,425894369,7790,21156,16055174,4797419785,11084509.822,781416.332,178/6122A000,178/612A5BB8,1,1.0032587051391602,6384441,6363703.566483808,6.0689006485784605,4105,4091.666465461272,4105,4091.666465461272,0.0,0.0,6981409.644512843,0.0,streaming,178/6120FBC8,178/6120FBC8,178/6120FBC8,107576,107576,1585472,107576,0.039611,0.039611,0.039611,98000.64479516499,True,190910432,reserved,3.5,37.8,0.0,16057242.18237954,0.0,106.65245110946556,6929114.060401543,201659.85001040882,1002.68,1
2026-09-13T21:41:45.972419+00:00,1789335705.9724193,F_lat_eastus_rep2,r3-pub,F01,load,16,1,1000,6,23.2,2271112347,22042493,798301631039,60320,1789156079.537691,5936958.496,192964.18600000002,83351491,80667596,425898476,7790,21156,16055174,4797465365,11084509.822,781425.364,178/618455F8,178/618BE598,1,1.0009040832519531,6388807,6383036.203871469,6.087337688323468,4113,4109.284864376613,4107,4103.290283976355,0.0,0.0,6397791.863526704,0.0,streaming,178/61843C40,178/61843C40,178/61843778,6584,6584,865464,7808,0.037553,0.037553,0.037553,-99677.88289548404,True,197314008,reserved,3.5,37.8,0.0,23342480.45436217,0.0,48.9557399354374,6550226.050331389,189176.9682713306,1002.68,1
2026-09-13T21:41:46.973652+00:00,1789335706.9736521,F_lat_eastus_rep2,r3-pub,F01,load,16,1,1000,6,23.2,2271137296,22042493,798307998352,60320,1789156079.537691,5936994.601000001,192964.18600000002,83355594,80667596,425902576,7790,21156,16055174,4797510877,11084509.822,781434.496,178/61E8E000,178/61ED8370,1,1.0012328624725342,6367313,6359472.64483108,6.064865727263527,4103,4097.947793950434,4100,4094.951487983617,0.0,0.0,6580822.750592396,0.0,streaming,178/61E8BD20,178/61E8BD20,178/61E8BD20,8928,8928,1274952,8928,0.040944,0.040944,0.040944,1118.6208942784515,True,6788976,reserved,2.9,37.8,0.0,15005628.12420886,0.0,25.967985045749767,6615178.394807923,190939.59773543122,1002.67,1
2026-09-13T21:41:47.974482+00:00,1789335707.9744654,F_lat_eastus_rep2,r3-pub,F01,load,16,1,1000,6,23.2,2271162183,22042493,798314373269,60320,1789156079.537691,5937026.401000001,192964.18600000002,83359686,80667596,425906665,7790,21156,16055174,4797555900,11084509.822,781444.292,178/62424000,178/624E9F58,1,1.0008132457733154,6374917,6369736.838439008,6.074654425086029,4092,4088.6749024171486,4089,4085.6773401719747,0.0,0.0,5852520.4624706535,0.0,streaming,178/62421C88,178/62421C88,178/624215F0,9080,9080,954592,10768,0.040944,0.214142,0.040944,1838.5048437066357,True,12646256,reserved,2.5,37.8,0.0,5877076.492383118,0.0,12.989436395753405,5910083.649452142,162971.46414561255,1002.67,1
2026-09-13T21:41:48.974699+00:00,1789335708.9746993,F_lat_eastus_rep2,r3-pub,F01,load,16,1,1000,6,23.2,2271187036,22042494,798320731248,60320,1789156079.537691,5937060.609,192964.18600000002,83363777,80667596,425910752,7790,21156,16055174,4797601113,11084509.822,781453.301,178/62A695B0,178/62AF9FA0,1,1.0002338886260986,6357979,6356492.288751777,6.062023438216951,4091,4090.0433853719114,4087,4086.0443207076514,0.0,0.0,6573998.41654238,0.0,streaming,178/62A67D28,178/62A67D28,178/62A67710,6280,6280,324824,7840,0.042105,0.042105,0.042105,-2927.3153342383175,True,19221792,reserved,2.7,37.8,0.0,12362932.450714553,0.0,59.98596996389995,6595640.354739189,190776.3795746892,1002.66,1
2026-09-13T21:41:49.975068+00:00,1789335709.9750683,F_lat_eastus_rep2,r3-pub,F01,load,16,1,1000,6,23.2,2271211723,22042494,798327057741,60320,1789156079.537691,5937099.447000001,192964.18600000002,83367845,80667596,425914817,7790,21156,16055174,4797646661,11084509.822,781461.244,178/63102000,178/631031C0,1,1.0003690719604492,6326493,6324158.9302654145,6.0311879446653505,4068,4066.4991691794658,4065,4063.5002759868557,0.0,0.0,6914136.186202945,0.0,streaming,178/63046AC0,178/62FFFCB8,178/62FFF178,767296,1057608,2090272,1060488,0.041291,0.211716,0.041291,1052259.6404715895,True,26138480,reserved,2.0,37.8,0.0,16930711.349170562,0.0,41.984504696543155,6406009.721433454,165610.8776687071,1002.65,1
2026-09-13T21:41:50.975212+00:00,1789335710.9752123,F_lat_eastus_rep2,r3-pub,F01,load,16,1,1000,6,23.2,2271236407,22042494,798333367069,60320,1789156079.537691,5937128.516,192964.18600000002,83371909,80667596,425918878,7790,21156,16055174,4797691383,11084509.822,781469.883,178/6362CCB8,178/63704EE0,1,1.0001440048217773,6309328,6308419.557165974,6.016177708784078,4064,4063.41484866891,4061,4060.4152806211723,0.0,0.0,5417387.870025278,0.0,streaming,178/6362BF38,178/6362BF38,178/6362B9E8,3456,3456,1339360,4816,0.041480,0.213759,0.041480,-1055520.0000305132,True,31556648,reserved,4.7,37.8,0.0,13830200.384458492,0.0,18.997264302339886,6038469.43128574,184434.4405512588,1002.65,1
2026-09-13T21:41:51.975706+00:00,1789335711.975706,F_lat_eastus_rep2,r3-pub,F01,load,16,1,1000,6,23.2,2271261021,22042494,798339655304,60320,1789156079.537691,5937179.428,192964.18600000002,83375959,80667596,425922926,7790,21156,16055174,4797736274,11084509.822,781479.013,178/63C64000,178/63D0C748,1,1.0004937648773193,6288235,6285131.622755354,5.993968603854517,4050,4048.001239164755,4048,4046.002226207143,0.0,0.0,6514359.438111227,0.0,streaming,178/63C61FC0,178/63C61FC0,178/63C61A38,8256,8256,652840,9672,0.040874,0.040874,0.040874,4853.603461082482,True,38074224,reserved,2.9,37.8,0.0,6525801.7882806,0.0,11.99407774567335,6556054.850381102,202336.09354359418,1002.64,1
2026-09-13T21:41:52.976494+00:00,1789335712.9764946,F_lat_eastus_rep2,r3-pub,F01,load,16,1,1000,6,23.2,2271285691,22042494,798345960136,60320,1789156079.537691,5937218.28,192964.18600000002,83380017,80667596,425926981,7790,21156,16055174,4797781196,11084509.822,781489.05,178/64310000,178/64310D08,1,1.0007884502410889,6304832,6299864.870024402,6.00801932337227,4058,4054.802989605278,4055,4051.805353092509,0.0,0.0,6990456.372987397,0.0,streaming,178/64246C00,178/64203CA8,178/64203CA8,824320,1098584,1475832,1098584,0.039931,0.039931,0.039931,1088054.123464037,True,45070192,reserved,2.1,37.8,0.0,15413383.314209916,0.0,21.98266776030461,6393457.07722607,168730.9640307308,1002.64,1
2026-09-13T21:41:53.977036+00:00,1789335713.9770367,F_lat_eastus_rep2,r3-pub,F01,load,16,1,1000,6,23.2,2271310363,22042494,798352257438,60320,1789156079.537691,5937247.078000001,192964.18600000002,83384074,80667596,425931034,7790,21156,16055174,4797825841,11084509.822,781497.563,178/64844000,178/6491C4C0,1,1.000542163848877,6297302,6293889.680546388,6.002320938631428,4057,4054.801633140144,4053,4050.80380062041,0.0,0.0,5452915.626276457,0.0,streaming,178/64841F88,178/64841F88,178/64841F88,8312,8312,750760,8312,0.040475,0.040475,0.040475,-1089681.2142388395,True,50526064,reserved,3.7,37.8,0.0,22307009.94563094,0.0,34.98103454767194,6131061.959850145,186633.81389312912,1002.63,1
2026-09-13T21:41:54.977679+00:00,1789335714.977679,F_lat_eastus_rep2,r3-pub,F01,load,16,1,1000,6,23.2,2271335024,22042495,798358581651,60320,1789156079.537691,5937280.854,192964.18600000002,83388136,80667596,425935093,7790,21156,16055174,4797870573,11084509.822,781506.288,178/64E78000,178/64F1DF78,1,1.0006422996520996,6324213,6320153.567562339,6.027368133127536,4062,4059.3926535109144,4059,4056.3945791730184,0.0,0.0,6500272.876992555,0.0,streaming,178/64E73B60,178/64E73B60,178/64E73B10,17568,17568,1062680,17648,0.040131,0.040131,0.040131,9330.007339531732,True,57030512,reserved,3.5,37.8,0.0,6508459.618651236,0.0,11.992297351583202,6558320.592964781,182663.67518497744,1002.63,1
2026-09-13T21:41:55.979502+00:00,1789335715.9789968,F_lat_eastus_rep2,r3-pub,F01,load,16,1,1000,6,23.2,2271359643,22042495,798364867807,60320,1789156079.537691,5937320.129000001,192964.18600000002,83392190,80667596,425939145,7790,21156,16055174,4797915661,11084509.822,781515.19,178/65524000,178/655249A0,1,1.0013177394866943,6286156,6277883.385170499,5.98705614583063,4054,4048.6649143739355,4052,4046.6675463846045,0.0,0.0,6986761.268792006,0.0,streaming,178/654A8630,178/6541C000,178/6541BFC0,506320,1081344,1896336,1081408,0.040130,0.213631,0.040130,1062360.0861653718,True,64026480,reserved,4.9,37.8,0.0,15626128.833012566,0.0,37.94999179728899,6819727.375948222,170149.78690713985,1002.62,1
2026-09-13T21:41:56.979653+00:00,1789335716.9796536,F_lat_eastus_rep2,r3-pub,F01,load,16,1,1000,6,23.2,2271384279,22042495,798371157744,60320,1789156079.537691,5937350.399,192964.18600000002,83396249,80667596,425943201,7790,21156,16055174,4797960990,11084509.822,781523.925,178/65A50000,178/65B27510,1,1.0006568431854248,6289937,6285808.209712563,5.994613847458423,4059,4056.3356235878505,4056,4053.3375928239275,0.0,0.0,5419544.209318001,0.0,streaming,178/65A4DC20,178/65A4DC20,178/65A4DC20,9184,9184,1140616,9184,0.040704,0.040704,0.040704,-1071520.1792722,True,69449584,reserved,2.1,37.8,0.0,13810832.448820949,0.0,15.989497407589457,5716267.308772166,185416.2106255833,1002.61,1
2026-09-13T21:41:57.979702+00:00,1789335717.9797027,F_lat_eastus_rep2,r3-pub,F01,load,16,1,1000,6,23.2,2271408897,22042495,798377439423,60320,1789156079.537691,5937408.623000001,192964.18600000002,83400302,80667596,425947251,7790,21156,16055174,4798006134,11084509.822,781533.028,178/66114000,178/6612EB80,1,1.000049114227295,6281679,6281370.4953417685,5.990381713239449,4053,4052.80094981297,4050,4049.8010971484155,0.0,0.0,7093923.587424515,0.0,streaming,178/660FFFF8,178/65FFFF80,178/65FFFF80,81928,1130624,2057488,1130624,0.041098,0.041098,0.041098,1121384.9240459553,True,76543856,reserved,3.9,37.8,0.0,15506694.400686612,0.0,21.998919540065465,7075436.495403754,194024.4706380483,1002.61,1
2026-09-13T21:41:58.980262+00:00,1789335718.9802628,F_lat_eastus_rep2,r3-pub,F01,load,16,1,1000,6,23.2,2271433641,22042495,798383768388,60320,1789156079.537691,5937456.41,192964.18600000002,83404376,80667596,425951322,7790,21156,16055174,4798051489,11084509.822,781542.865,178/66734000,178/66735D68,1,1.0005600452423096,6328965,6325422.477236026,6.0323929569587955,4074,4071.7196527804417,4071,4068.7213319757434,0.0,0.0,6418933.107052692,0.0,streaming,178/666EBC80,178/66629C28,178/66629C28,295808,1090520,2305952,1090520,0.040550,0.205874,0.040550,-40081.55251720836,True,82966384,reserved,5.2,37.8,0.0,6418933.107052692,0.0,11.993283218793643,6536684.161135076,169094.2995420398,1002.61,1
2026-09-13T21:41:59.980632+00:00,1789335719.980632,F_lat_eastus_rep2,r3-pub,F01,load,16,1,1000,6,23.2,2271458312,22042495,798390073653,60320,1789156079.537691,5937484.467,192964.18600000002,83408439,80667596,425955382,7790,21156,16055174,4798096672,11084509.822,781550.982,178/66C66D48,178/66D3E500,1,1.0003693103790283,6305265,6302937.259851572,6.0109493826404305,4063,4061.500045878633,4060,4058.501153400751,0.0,0.0,5449067.602778267,0.0,streaming,178/66C65FD8,178/66C65FD8,178/66C659C0,3440,3440,549872,5000,0.041246,0.041246,0.041246,-1085119.2541969416,True,88417464,reserved,4.3,37.8,0.0,13839368.977397444,0.0,15.994093215372416,5509802.172871166,190475.65536352203,1002.6,1
2026-09-13T21:42:00.981458+00:00,1789335720.9814582,F_lat_eastus_rep2,r3-pub,F01,load,16,1,1000,6,23.2,2271482958,22042496,798396361304,60320,1789156079.537691,5937529.049000001,192964.18600000002,83412493,80667596,425959432,7790,21156,16055174,4798141328,11084509.822,781559.915,178/67316000,178/67349F98,2,1.000826120376587,6287651,6282460.931009782,5.991421633729726,4054,4050.653672462682,4050,4046.656974216542,0.0,0.0,7003166.541419501,0.0,streaming,178/67313BD0,178/672FC100,178/672FC100,9264,106240,1382024,106240,0.040469,0.211902,0.040469,101156.4326097982,True,95426416,reserved,6.6,37.8,0.0,15437358.88326585,0.0,25.978538599908667,7068301.731911403,206040.7855086833,1002.59,1
2026-09-13T21:42:01.982116+00:00,1789335721.9821165,F_lat_eastus_rep2,r3-pub,F01,load,16,1,1000,6,23.2,2271507623,22042496,798402661969,60320,1789156079.537691,5937574.507,192964.18600000002,83416550,80667596,425963487,7790,21156,16055174,4798186260,11084509.822,781569.369,178/6794C000,178/67973208,3,1.0006582736968994,6300665,6296520.166392467,6.0048295654225035,4057,4054.3311404517203,4055,4052.332456133036,0.0,0.0,6508355.720619052,0.0,streaming,178/67945FD8,178/6783FFD8,178/6783FFD8,24616,1097768,1718184,1097768,0.040842,0.040842,0.040842,990875.7325683543,True,6618880,reserved,5.0,37.8,0.0,14924191.797092492,0.0,24.983553983557556,6457656.0948491385,177762.98330380872,1002.59,1
2026-09-13T21:42:02.982422+00:00,1789335722.9824228,F_lat_eastus_rep2,r3-pub,F01,load,16,1,1000,6,23.2,2271532334,22042496,798408965677,60320,1789156079.537691,5937625.9860000005,192964.18600000002,83420619,80667596,425967552,7790,21156,16055174,4798231111,11084509.822,781578.514,178/68110000,178/681BCF28,5,1.0003063678741455,6303708,6301777.337873657,6.009843194841058,4069,4067.7537709246544,4065,4063.7549960208207,0.0,0.0,8140354.057032756,0.0,streaming,178/6810BFD0,178/6810BFD0,178/6810B4F8,16432,16432,535856,19208,0.023052,0.082657,0.023052,-1078229.665069672,True,14761728,reserved,5.6,38.0,0.0,8164922.530041908,0.0,17.99448706725087,5886492.567785834,193671.6652236432,1002.58,1
2026-09-13T21:42:03.983035+00:00,1789335723.9830358,F_lat_eastus_rep2,r3-pub,F01,load,16,1,1000,6,23.2,2271556988,22042496,798415270130,60320,1789156079.537691,5937671.228,192964.18600000002,83424673,80667596,425971604,7790,21156,16055174,4798276748,11084509.822,781591.165,178/68756000,178/687C0908,5,1.0006129741668701,6304453,6300590.900541951,6.008711720029784,4054,4051.516525033507,4052,4049.5177502308266,0.0,0.0,6574146.218199017,0.0,streaming,178/68753C68,178/68753C68,178/68753C68,9112,9112,1629048,9112,0.040068,0.040068,0.040068,-10089.815203931497,True,21339904,reserved,21.3,38.0,0.0,23357458.481347192,0.0,24.984685033507073,6567013.590315651,186629.6008758898,1002.58,1
2026-09-13T21:42:04.984087+00:00,1789335724.983561,F_lat_eastus_rep2,r3-pub,F01,load,16,1,1000,6,23.2,2271620209,22042499,798424008246,60320,1789156079.537691,5937715.261,192964.18600000002,83428753,80667596,425975724,7803,21207,16055174,4798430109,11084509.822,781601.655,178/68D86000,178/68DFA218,2,1.0005252361297607,8738116,8733528.83511549,8.328942141643038,4080,4077.858161561508,4120,4117.837163145445,12.993175514779315,50.97322701951885,6484658.023317011,0.0,streaming,178/68D83EF8,178/68D83EF8,178/68D83970,8456,8456,754904,9872,0.039290,0.039290,0.039290,759.6010300947908,True,27827968,reserved,6.0,37.8,0.0,15016240.927731564,0.0,20.988975831566588,6373318.502855827,186609.98569333972,1002.57,1
2026-09-13T21:42:05.983804+00:00,1789335725.983805,F_lat_eastus_rep2,r3-pub,F01,load,16,1,1000,6,23.2,2271644931,22042499,798430338199,60320,1789156079.537691,5937749.73,192964.18600000002,83432819,80667596,425979787,7803,21207,16055174,4798475950,11084509.822,781611.966,178/6930E000,178/693F0788,2,1.000243902206421,6329953,6328409.486962995,6.035241591418261,4066,4065.0085354490843,4063,4062.009266977282,0.0,0.0,5798521.72775662,0.0,streaming,178/6930C000,178/6930C000,178/6930AED0,8192,8192,380264,12592,0.039290,0.039290,0.039290,2719.336747767218,True,33627904,reserved,5.6,37.8,0.0,11076978.30055202,0.0,16.995854673545114,5841826.165708656,169359.692797248,1002.57,1
2026-09-13T21:42:06.986449+00:00,1789335726.9864495,F_lat_eastus_rep2,r3-pub,F01,load,16,1,1000,6,23.2,2271668879,22042500,798436461502,60320,1789156079.537691,5937782.075,192964.18600000002,83436764,80667596,425983728,7803,21207,16055174,4798520141,11084509.822,781620.581,178/699779A8,178/699A3E58,1,1.0026445388793945,6123303,6107152.398040993,5.8242343883905345,3945,3934.594811047521,3941,3930.605361302479,0.0,0.0,6706273.000314834,0.0,streaming,178/69975FE8,178/69863BC0,178/69863000,6592,1129960,1959816,1132968,0.042414,0.042414,0.042414,1117420.9368877509,True,40351912,reserved,1.9,37.8,0.0,10004646.32382206,0.0,19.94724872520923,6760981.322031029,200540.66242132726,1002.56,1
2026-09-13T21:42:07.986860+00:00,1789335727.9868603,F_lat_eastus_rep2,r3-pub,F01,load,16,1,1000,6,23.2,2271692180,22042500,798442426232,60320,1789156079.537691,5937811.014,192964.18600000002,83440591,80667596,425987554,7803,21207,16055174,4798562892,11084509.822,781629.062,178/69EB4000,178/69F53028,1,1.000410795211792,5964730,5962280.7236273745,5.686073993327498,3827,3825.4285322758888,3826,3824.428942902417,0.0,0.0,5488009.551953789,0.0,streaming,178/69EB1BA8,178/69EB1BA8,178/69EB1BA8,9304,9304,234592,9304,0.041108,0.041108,0.041108,-1123202.593752614,True,45842176,reserved,5.1,37.8,0.0,13879738.269977767,0.0,15.993429975545915,5519979.418885532,176414.52975588574,1002.56,1
2026-09-13T21:42:08.987800+00:00,1789335728.9878006,F_lat_eastus_rep2,r3-pub,F01,load,16,1,1000,6,23.2,2271715338,22042500,798448353553,60320,1789156079.537691,5937849.983,192964.18600000002,83444398,80667596,425991358,7803,21207,16055174,4798605102,11084509.822,781638.045,178/6A426000,178/6A4F18A8,1,1.0009403228759766,5927321,5921752.640526239,5.647423401380767,3807,3803.42355382531,3804,3800.4263721438087,0.0,0.0,5704459.965799066,0.0,streaming,178/6A423BD8,178/6A423BD8,178/6A423AD0,9256,9256,792264,9520,0.027343,0.082117,0.027343,215.7970810681027,True,51552000,reserved,1.8,37.8,0.0,14093371.680209458,0.0,21.97933233101046,5715485.59814475,169952.19006785686,1002.55,1
2026-09-13T21:42:09.988816+00:00,1789335729.9888167,F_lat_eastus_rep2,r3-pub,F01,load,16,1,1000,6,23.2,2271738251,22042500,798454218079,60320,1789156079.537691,5937890.681,192964.18600000002,83448168,80667596,425995125,7803,21207,16055174,4798646949,11084509.822,781647.696,178/6AA58000,178/6AA86600,1,1.0010161399841309,5864526,5858572.869856994,5.587170476777071,3770,3766.1730409858983,3767,3763.176086311374,0.0,0.0,6489661.595369467,0.0,streaming,178/6AA53CB8,178/6A949FE8,178/6A9483E0,17224,1105944,2147376,1113120,0.040271,0.040271,0.040271,1102479.726268445,True,58048256,reserved,2.9,37.8,0.0,6579682.121913053,0.0,22.976652504688506,6550917.350946967,189635.30398521782,1002.55,1
2026-09-13T21:42:10.989482+00:00,1789335730.9894822,F_lat_eastus_rep2,r3-pub,F01,load,16,1,1000,6,23.2,2271761234,22042500,798460075221,60320,1789156079.537691,5937941.459,192964.18600000002,83451951,80667596,425998905,7803,21207,16055174,4798688978,11084509.822,781656.074,178/6AFBA000,178/6B02C9C0,1,1.0006654262542725,5857142,5853247.095709771,5.582091422757884,3783,3780.4843664486984,3780,3777.4863613999682,0.0,0.0,5640534.640162303,0.0,streaming,178/6AFA3CC0,178/6AFA3CC0,178/6AFA35E8,90944,90944,583944,92696,0.040466,0.229439,0.040466,-1019745.4346151326,True,63692544,reserved,2.1,37.8,0.0,14023564.352101631,0.0,20.986035341110934,5596234.118892234,167622.45961456673,1002.54,1
2026-09-13T21:42:11.989821+00:00,1789335731.9898217,F_lat_eastus_rep2,r3-pub,F01,load,16,1,1000,6,23.2,2271784369,22042500,798465995669,60320,1789156079.537691,5937978.201,192964.18600000002,83455754,80667596,426002704,7803,21207,16055174,4798730964,11084509.822,781664.273,178/6B53A000,178/6B5DC8C8,1,1.0003395080566406,5920448,5918438.642398173,5.644262926481412,3803,3801.709289067356,3799,3797.7106466386763,0.0,0.0,5765210.664531161,0.0,streaming,178/6B523FE0,178/6B523FE0,178/6B5223C0,90144,90144,1201808,97344,0.039397,0.211997,0.039397,4646.422502125972,True,69459712,reserved,6.2,37.8,0.0,14597284.10444147,0.0,84.97115160944657,5803603.62981013,165684.74869295626,1002.54,1
2026-09-13T21:42:12.990155+00:00,1789335732.9901557,F_lat_eastus_rep2,r3-pub,F01,load,16,1,1000,6,23.2,2271807742,22042500,798471976321,60320,1789156079.537691,5938015.792,192964.18600000002,83459602,80667596,426006549,7803,21207,16055174,4798774213,11084509.822,781672.103,178/6BB48000,178/6BBA5F80,1,1.0003340244293213,5980652,5978654.983181134,5.701689704114088,3848,3846.7151031828976,3845,3843.7161049215806,0.0,0.0,6346680.053816939,0.0,streaming,178/6BB45FD8,178/6BB45FD8,178/6BB45038,8232,8232,1376672,12232,0.039900,0.214287,0.039900,-85083.58000574396,True,75808512,reserved,4.3,37.8,0.0,14748865.518612009,0.0,20.992987829220596,6481246.10546833,183310.76972475424,1002.53,1
2026-09-13T21:42:13.990917+00:00,1789335733.9909172,F_lat_eastus_rep2,r3-pub,F01,load,16,1,1000,6,23.2,2271831391,22042501,798478019462,60320,1789156079.537691,5938058.849,192964.18600000002,83463492,80667596,426010436,7803,21207,16055174,4798817348,11084509.822,781680.74,178/6C101438,178/6C17A3F0,1,1.0007615089416504,6043141,6038542.595818747,5.758802982157466,3890,3887.0399842954066,3887,3884.0422670838675,0.0,0.0,5997153.11427903,0.0,streaming,178/6C0FFB48,178/6C0FFB48,178/6C0FFB00,6384,6384,1198736,6456,0.039438,0.039438,0.039438,-5771.604871282845,True,81810232,reserved,8.1,37.8,0.0,6032909.885178266,0.0,13.989346987181412,6050808.255409294,183877.9752776535,1002.53,1
2026-09-13T21:42:14.992046+00:00,1789335734.9920464,F_lat_eastus_rep2,r3-pub,F01,load,16,1,1000,6,23.2,2271855477,22042501,798484171635,60320,1789156079.537691,5938096.112000001,192964.18600000002,83467451,80667596,426014393,7803,21207,16055174,4798861797,11084509.822,781690.952,178/6C72E000,178/6C773CF8,1,1.001129150390625,6152173,6145234.106508154,5.860551935680537,3959,3954.534735558604,3957,3952.5369913123,0.0,0.0,6467393.3402834935,0.0,streaming,178/6C72BDE8,178/6C72BDE8,178/6C72BD60,8728,8728,458176,8864,0.040162,0.040162,0.040162,2405.2840725499163,True,88284928,reserved,2.5,37.8,0.0,14851710.185642432,0.0,19.97744246303917,6478385.92799878,187937.789971041,1002.52,1
2026-09-13T21:42:15.992966+00:00,1789335735.9929662,F_lat_eastus_rep2,r3-pub,F01,load,16,1,1000,6,23.2,2271879833,22042501,798490413764,60320,1789156079.537691,5938145.317,192964.18600000002,83471451,80667596,426018390,7803,21207,16055174,4798906280,11084509.822,781700.157,178/6CD5A000,178/6CD72E90,1,1.0009198188781738,6242129,6236392.64831038,5.947487495718365,4000,3996.324105644327,3997,3993.326862565094,0.0,0.0,6465732.69700407,0.0,streaming,178/6CD4A000,178/6CC49E08,178/6CC49E08,65536,1114616,1790264,1114616,0.040297,0.040297,0.040297,1104735.8431161065,True,94756608,reserved,4.8,37.8,0.0,14989860.043750575,0.0,30.971511818743537,6436410.667959931,162855.2027101384,1002.52,1
2026-09-13T21:42:16.993515+00:00,1789335736.993515,F_lat_eastus_rep2,r3-pub,F01,load,16,1,1000,6,23.2,2271904418,22042501,798496705655,60320,1789156079.537691,5938183.61,192964.18600000002,83475494,80667596,426022430,7803,21207,16055174,4798951120,11084509.822,781708.646,178/6D322000,178/6D383D48,1,1.0005488395690918,6291891,6288439.655489221,5.997123389710637,4043,4040.782258806283,4040,4037.7839044218113,0.0,0.0,6058754.715672618,0.0,streaming,178/6D31FFF8,178/6D31FFF8,178/6D31FFB8,8200,8200,644656,8264,0.041289,0.041289,0.041289,-1105745.12332299,True,5666648,reserved,5.2,37.8,0.0,6222504.843123228,0.0,29.983543844716422,6157114.731803748,199444.5369462847,1002.51,1
2026-09-13T21:42:17.994183+00:00,1789335737.9941828,F_lat_eastus_rep2,r3-pub,F01,load,16,1,1000,6,23.2,2271929265,22042501,798503066040,60320,1789156079.537691,5938227.756,192964.18600000002,83479579,80667596,426026512,7803,21207,16055174,4798996343,11084509.822,781717.31,178/6D969730,178/6D99B378,1,1.0006678104400635,6360385,6356140.303147051,6.061687758585978,4085,4082.273814927194,4082,4079.2758170214947,0.0,0.0,6579717.995629845,0.0,streaming,178/6D967F00,178/6D859D30,178/6D8597A8,6192,1112576,2078384,1113992,0.041289,0.041289,0.041289,1104990.07609102,True,12250760,reserved,6.6,37.8,0.0,22459753.142370276,0.0,73.95061500724904,6625701.28750746,193008.1071710143,1002.51,1
2026-09-13T21:42:18.995035+00:00,1789335738.9950356,F_lat_eastus_rep2,r3-pub,F01,load,16,1,1000,6,23.2,2271954173,22042501,798509448381,60320,1789156079.537691,5938264.9860000005,192964.18600000002,83483674,80667596,426030604,7803,21207,16055174,4799041794,11084509.822,781726.442,178/6DFBC000,178/6DFBDD40,1,1.0008528232574463,6382341,6376902.629127409,6.0814882556223,4095,4091.5106645471847,4092,4088.5132208368937,0.0,0.0,6623934.954215234,0.0,streaming,178/6DF44340,178/6DEADE78,178/6DEADE78,490688,1106312,2517656,1106312,0.041192,0.041192,0.041192,-7673.455898344903,True,18880344,reserved,5.6,37.8,0.0,15011325.992068855,0.0,18.98381016517619,6325697.298224509,157989.26308201684,1002.5,1
2026-09-13T21:42:19.996159+00:00,1789335739.9961228,F_lat_eastus_rep2,r3-pub,F01,load,16,1,1000,6,23.2,2271979155,22042502,798515845610,60320,1789156079.537691,5938360.942,192964.18600000002,83487785,80667596,426034712,7803,21207,16055174,4799087378,11084509.822,781736.582,178/6E546000,178/6E5D9F58,1,1.0010871887207031,6397229,6390281.55796806,6.094247396438655,4111,4106.535421009111,4108,4103.538679033186,0.0,0.0,5801820.326381612,0.0,streaming,178/6E543EA0,178/6E543EA0,178/6E543EA0,8544,8544,1133408,8544,0.042060,0.042060,0.042060,-1096575.8151423815,True,24688472,reserved,12.9,37.8,0.0,14218142.196174966,0.0,19.978279839499447,6168050.165431412,210077.60599628853,1002.49,1
2026-09-13T21:42:20.996626+00:00,1789335740.996615,F_lat_eastus_rep2,r3-pub,F01,load,16,1,1000,6,23.2,2272004226,22042502,798522254568,60320,1789156079.537691,5938393.941000001,192964.18600000002,83491913,80667596,426038837,7803,21207,16055174,4799133041,11084509.822,781746.157,178/6EB91898,178/6EBF30B8,1,1.0004920959472656,6408958,6405805.728961807,6.109052399598891,4128,4125.969627067979,4125,4122.971102629703,0.0,0.0,6597609.343180579,0.0,streaming,178/6EB8FFE8,178/6EB8FFE8,178/6EB8FFE8,6320,6320,527432,6320,0.040558,0.211065,0.040558,-2222.906116908717,True,31289328,reserved,5.4,37.8,0.0,6607692.381358355,0.0,11.99409775310459,6654548.323739004,183107.89334777123,1002.49,1
2026-09-13T21:42:21.997096+00:00,1789335741.9970968,F_lat_eastus_rep2,r3-pub,F01,load,16,1,1000,6,23.2,2272029150,22042502,798528626752,60320,1789156079.537691,5938432.672,192964.18600000002,83496018,80667596,426042938,7803,21207,16055174,4799178564,11084509.822,781754.666,178/6F20E000,178/6F20ED30,4,1.0004818439483643,6372184,6369115.080442053,6.074061470453313,4105,4103.022983205543,4101,4099.02490965309,0.0,0.0,6797980.43426665,0.0,streaming,178/6F1BA5C8,178/6F0FFFD0,178/6F0FF9B8,342584,1105968,2177944,1107528,0.040457,0.212406,0.040457,1100677.6451375906,True,38090584,reserved,3.1,37.8,0.0,15311662.168244833,0.0,33.9836251958559,6782649.821229766,175580.39764794195,1002.48,1
2026-09-13T21:42:22.997950+00:00,1789335742.9979506,F_lat_eastus_rep2,r3-pub,F01,load,16,1,1000,6,23.2,2272054064,22042502,798534994806,60320,1789156079.537691,5938461.086,192964.18600000002,83500121,80667596,426047038,7803,21207,16055174,4799223928,11084509.822,781763.272,178/6F743E68,178/6F829708,3,1.0008537769317627,6368054,6362621.740332572,6.06786893876321,4103,4099.499941518169,4100,4096.502500664024,0.0,0.0,5458995.235797074,0.0,streaming,178/6F741FE0,178/6F741FE0,178/6F741FE0,7816,7816,439592,7816,0.040597,0.214719,0.040597,-1098773.8921976185,True,43554240,reserved,4.8,37.8,0.0,22222307.10682165,0.0,22.980379881773796,5582015.204185917,184906.13141046028,1002.48,1
2026-09-13T21:42:23.998445+00:00,1789335743.9984457,F_lat_eastus_rep2,r3-pub,F01,load,16,1,1000,6,23.2,2272078927,22042502,798541346825,60320,1789156079.537691,5938533.186000001,192964.18600000002,83504213,80667596,426051128,7803,21207,16055174,4799269293,11084509.822,781772.172,178/6FD878D0,178/6FE42BF0,3,1.000495195388794,6352019,6348875.066343118,6.054759088843459,4092,4089.974663406397,4090,4087.9756533069803,0.0,0.0,6565300.893271607,0.0,streaming,178/6FD85FC8,178/6FD85FC8,178/6FD85A30,6408,6408,1089648,7840,0.039609,0.039609,0.039609,23.988121192999397,True,50122792,reserved,3.1,37.8,0.0,6714115.201112578,0.0,22.98861614329109,6615966.803746371,186582.60515429842,1002.47,1
2026-09-13T21:42:24.999250+00:00,1789335744.9987411,F_lat_eastus_rep2,r3-pub,F01,load,16,1,1000,6,23.2,2272103764,22042503,798547696340,60320,1789156079.537691,5938575.302,192964.18600000002,83508299,80667596,426055211,7803,21207,16055174,4799314714,11084509.822,781782.153,178/70422000,178/70454AA8,1,1.0002954006195068,6349515,6347639.903240177,6.0535811455156106,4086,4084.793349513996,4083,4081.7942354541474,0.0,0.0,6922035.226505842,0.0,streaming,178/7041FF80,178/70318000,178/70317530,8320,1089536,1577072,1092304,0.041941,0.194857,0.041941,1084143.7432666046,True,57046872,reserved,2.7,37.8,0.0,15339084.824840074,0.0,20.993798418941243,6973420.047397917,196223.0355937241,1002.47,1
2026-09-13T21:42:25.999861+00:00,1789335745.9998615,F_lat_eastus_rep2,r3-pub,F01,load,16,1,1000,6,23.2,2272128448,22042503,798554001469,60320,1789156079.537691,5938603.0770000005,192964.18600000002,83512359,80667596,426059268,7803,21207,16055174,4799359600,11084509.822,781792.163,178/70958000,178/70A609D8,1,1.0011203289031982,6305129,6298073.08668653,6.0063105456223775,4060,4055.456554805986,4057,4052.459912031499,0.0,0.0,5457949.3016451765,0.0,streaming,178/70955EC0,178/70955EC0,178/70955EC0,8512,8512,859160,8512,0.041464,0.041464,0.041464,-1082579.1552823372,True,62510936,reserved,2.5,37.8,0.0,13910815.31153943,0.0,26.969784970384637,5483693.459720796,177018.68085543162,1002.46,1
2026-09-13T21:42:27.001335+00:00,1789335747.0013359,F_lat_eastus_rep2,r3-pub,F01,load,16,1,1000,6,23.2,2272153134,22042503,798560325510,60320,1789156079.537691,5938638.677,192964.18600000002,83516420,80667596,426063329,7803,21207,16055174,4799404734,11084509.822,781801.959,178/70F8E000,178/71064CB8,1,1.001474380493164,6324041,6314730.684259543,6.022196468600791,4061,4055.0213556139192,4061,4055.0213556139192,0.0,0.0,6503052.026945441,0.0,streaming,178/70F89ED8,178/70F89ED8,178/70F89E28,16680,16680,679400,16856,0.041032,0.218097,0.041032,8331.715880631013,True,69023576,reserved,3.7,37.8,0.0,14981559.48094412,0.0,24.963194752609695,6551125.1488722265,189521.57308960293,1002.46,1
2026-09-13T21:42:28.003187+00:00,1789335748.0026507,F_lat_eastus_rep2,r3-pub,F01,load,16,1,1000,6,23.2,2272177786,22042503,798566613706,60320,1789156079.537691,5938679.0600000005,192964.18600000002,83520479,80667596,426067382,7803,21207,16055174,4799449554,11084509.822,781810.331,178/71634000,178/71666AB8,1,1.0013148784637451,6288196,6279938.643923464,5.989016193316902,4059,4053.6699167273637,4053,4047.6777956383357,0.0,0.0,6962237.503846713,0.0,streaming,178/71631F00,178/7152DDA0,178/7152DC88,8448,1073760,2318992,1074040,0.040500,0.214336,0.040500,1055795.7568971424,True,75994968,reserved,3.5,37.8,0.0,7003143.71714781,0.0,16.97767641891234,7035916.624757401,193557.49541777873,1002.45,1
2026-09-13T21:42:29.003466+00:00,1789335749.0034666,F_lat_eastus_rep2,r3-pub,F01,load,16,1,1000,6,23.2,2272202374,22042503,798572895525,60320,1789156079.537691,5938710.937,192964.18600000002,83524529,80667596,426071429,7803,21207,16055174,4799494378,11084509.822,781819.119,178/71B5E000,178/71C684F0,1,1.0008158683776855,6281819,6276698.040552433,5.98592571311229,4050,4046.6984267196094,4047,4043.700872329447,0.0,0.0,5410497.745981514,0.0,streaming,178/71B622E0,178/71B5BC08,178/71B5BC08,1064224,1090552,1750416,1090552,0.041183,0.041183,0.041183,16498.539363455355,True,82491224,reserved,2.3,37.8,0.0,14889100.453767588,0.0,16.98614154425515,5659281.770962659,174626.52773811345,1002.45,1
2026-09-13T21:42:30.004374+00:00,1789335750.0043743,F_lat_eastus_rep2,r3-pub,F01,load,16,1,1000,6,23.2,2272226875,22042503,798579177574,60320,1789156079.537691,5938750.720000001,192964.18600000002,83528562,80667596,426075459,7803,21207,16055174,4799538947,11084509.822,781828.012,178/7220A000,178/7226C918,1,1.0009076595306396,6282049,6276352.209099759,5.98559590253807,4033,4029.342728670109,4030,4026.3454491794046,0.0,0.0,6989623.801341127,0.0,streaming,178/72207B48,178/72207B48,178/72207AE0,9400,9400,1113640,9504,0.041075,0.041075,0.041075,-1080067.666288957,True,88405848,reserved,7.3,37.8,0.0,14314815.021716196,0.0,22.979142762066083,6819731.006155864,204999.92985988222,1002.44,1
2026-09-13T21:42:31.005197+00:00,1789335751.0051978,F_lat_eastus_rep2,r3-pub,F01,load,16,1,1000,6,23.2,2272251412,22042503,798585455379,60320,1789156079.537691,5938787.493000001,192964.18600000002,83532606,80667596,426079500,7803,21207,16055174,4799584055,11084509.822,781838.253,178/7283A000,178/728683D8,1,1.0008234977722168,6277805,6272639.4953496605,5.9820551827904325,4044,4040.672515185487,4041,4037.674983646032,0.0,0.0,6482725.490001091,0.0,streaming,178/72833CF0,178/7272DF50,178/7272D9C8,25360,1097904,2448968,1099320,0.039883,0.045543,0.039883,1088919.2774009365,True,94893912,reserved,4.3,37.8,0.0,14864431.174042907,0.0,19.983543596367394,6517323.998206662,178200.25248906677,1002.44,1
2026-09-13T21:42:32.005770+00:00,1789335752.0057495,F_lat_eastus_rep2,r3-pub,F01,load,16,1,1000,6,23.2,2272275937,22042504,798591722835,60320,1789156079.537691,5938827.6850000005,192964.18600000002,83536647,80667596,426083537,7803,21207,16055174,4799628952,11084509.822,781848.208,178/72E64000,178/72E64C18,1,1.000551700592041,6267456,6264000.147410129,5.973816058550004,4041,4038.7718072028474,4037,4034.774012788393,0.0,0.0,6459924.056073724,0.0,streaming,178/72D7CEA0,178/72D5BE80,178/72D5B8F8,946528,1081728,1712160,1083144,0.040325,0.040325,0.040325,-16167.080612054755,True,5681424,reserved,2.7,37.8,0.0,6615486.232328985,0.0,27.98456090118281,5824392.679110656,158957.30316173643,1002.43,1
2026-09-13T21:42:33.006515+00:00,1789335753.0065153,F_lat_eastus_rep2,r3-pub,F01,load,16,1,1000,6,23.2,2272300505,22042504,798597988092,60320,1789156079.537691,5938861.196,192964.18600000002,83540689,80667596,426087577,7803,21207,16055174,4799674013,11084509.822,781856.784,178/7341F860,178/73468578,1,1.0007658004760742,6265257,6260462.734657355,5.970442518861155,4042,4038.907003094211,4040,4036.90853352316,0.0,0.0,6006376.314159136,0.0,streaming,178/7341DF40,178/7341DF40,178/7341DF40,6432,6432,1238728,6432,0.040160,0.211434,0.040160,-1075888.0843927695,True,11692400,reserved,4.8,37.8,0.0,14398701.467561292,0.0,20.983930496036226,6767141.71964943,202410.99356476543,1002.43,1
2026-09-13T21:42:34.006811+00:00,1789335754.0068116,F_lat_eastus_rep2,r3-pub,F01,load,16,1,1000,6,23.2,2272325071,22042504,798604281144,60320,1789156079.537691,5938904.887,192964.18600000002,83544731,80667596,426091616,7803,21207,16055174,4799718543,11084509.822,781865.425,178/73A50000,178/73A66FD0,1,1.0002963542938232,6293052,6291187.579547553,5.9997440143085035,4042,4040.8024908313505,4039,4037.8033796308323,0.0,0.0,6488093.225713834,0.0,streaming,178/73A4DD78,178/73943E78,178/739438A8,8840,1098120,1541720,1099608,0.040317,0.040317,0.040317,1092852.1285791816,True,18182416,reserved,3.1,37.8,0.0,23274766.4230328,0.0,24.992593337650607,6545419.23690427,157498.3246952066,1002.42,1
2026-09-13T21:42:35.007624+00:00,1789335755.0076244,F_lat_eastus_rep2,r3-pub,F01,load,16,1,1000,6,23.2,2272349640,22042504,798610551226,60320,1789156079.537691,5938935.421,192964.18600000002,83548776,80667596,426095658,7803,21207,16055174,4799763724,11084509.822,781874.246,178/73F79FA8,178/74067500,1,1.0008127689361572,6270082,6264990.01073394,5.974760065778675,4045,4041.715019583283,4042,4038.7174559099203,0.0,0.0,5410426.573349821,0.0,streaming,178/73F77FE8,178/73F77FE8,178/73F779D8,8128,8128,590976,9680,0.040631,0.040631,0.040631,-1089042.859793416,True,23597240,reserved,1.8,37.8,0.0,13800495.38604664,0.0,16.986194149052114,5462725.066758971,185627.12803662376,1002.41,1
2026-09-13T21:42:36.008227+00:00,1789335756.008227,F_lat_eastus_rep2,r3-pub,F01,load,16,1,1000,6,23.2,2272374274,22042504,798616847836,60320,1789156079.537691,5938987.305000001,192964.18600000002,83552825,80667596,426099704,7803,21207,16055174,4799809128,11084509.822,781883.416,178/74644000,178/74674AA8,1,1.0006027221679688,6296610,6292817.179586888,6.001298122012032,4049,4046.5610479523602,4046,4043.5628550296988,0.0,0.0,7114647.844027114,0.0,streaming,178/74641E60,178/74537E20,178/745378D8,8608,1098208,1534792,1099560,0.040631,0.040631,0.040631,1089223.500850165,True,30716176,reserved,7.0,37.8,0.0,7188243.486302049,0.0,18.98855517685721,7150321.342818583,208488.33945604684,1002.41,1
2026-09-13T21:42:37.009048+00:00,1789335757.008543,F_lat_eastus_rep2,r3-pub,F01,load,16,1,1000,6,23.2,2272398981,22042504,798623169660,60320,1789156079.537691,5939018.220000001,192964.18600000002,83556892,80667596,426103768,7803,21207,16055174,4799854552,11084509.822,781893.527,178/74C7D990,178/74C7D990,1,1.0003159046173096,6321824,6319827.537300367,6.027057206440322,4067,4065.7156216624494,4064,4062.7165690770084,0.0,0.0,6525314.622981203,0.0,streaming,178/74BE5C48,178/74B73EF0,178/74B73EF0,621896,1088160,1889560,1088160,0.040756,0.040756,0.040756,-11396.39982467468,True,37243552,reserved,4.0,37.8,0.0,15076709.197950535,0.0,24.992104878672542,6206492.340412367,175014.7120443681,1002.4,1
2026-09-13T21:42:38.009429+00:00,1789335758.0094295,F_lat_eastus_rep2,r3-pub,F01,load,16,1,1000,6,23.2,2272423629,22042505,798629477632,60320,1789156079.537691,5939065.033,192964.18600000002,83560954,80667596,426107826,7803,21207,16055174,4799899801,11084509.822,781901.648,178/75208000,178/752819D8,1,1.0008864402770996,6307972,6302385.311817803,6.010423003976634,4062,4058.4024685911604,4058,4054.406011211947,0.0,0.0,5804630.54169416,0.0,streaming,178/75205E38,178/75205E38,178/75205DA8,8648,8648,1512920,8792,0.039665,0.039665,0.039665,-1078412.0521216898,True,43053328,reserved,13.3,37.8,0.0,14196439.704054909,0.0,22.979629930476783,6234096.8454648405,204922.3485765439,1002.4,1
2026-09-13T21:42:39.009536+00:00,1789335759.0095367,F_lat_eastus_rep2,r3-pub,F01,load,16,1,1000,6,23.2,2272448319,22042505,798635783974,60320,1789156079.537691,5939101.0430000005,192964.18600000002,83565020,80667596,426111889,7803,21207,16055174,4799944967,11084509.822,781910.481,178/75842000,178/7588C6E8,1,1.0001072883605957,6306342,6305665.47548867,6.013551211823149,4066,4065.5638123236786,4063,4062.564134154232,0.0,0.0,6528323.586864927,0.0,streaming,178/7583FF08,178/7583FF08,178/7583FF08,8440,8440,835520,8440,0.040607,0.040607,0.040607,-351.9622385484345,True,49582352,reserved,3.5,37.8,0.0,6536514.708052963,0.0,12.998605400936503,6569512.167809602,183661.29528072444,1002.39,1
2026-09-13T21:42:40.010607+00:00,1789335760.010607,F_lat_eastus_rep2,r3-pub,F01,load,16,1,1000,6,23.2,2272472995,22042505,798642093678,60320,1789156079.537691,5939145.431,192964.18600000002,83569081,80667596,426115947,7803,21207,16055174,4799989837,11084509.822,781919.615,178/75E7C000,178/75E91A60,1,1.001070261001587,6309704,6302958.18965498,6.010969342856388,4061,4056.6583168067586,4058,4053.661524157061,0.0,0.0,6522043.710965509,0.0,streaming,178/75E79D50,178/75D6FFB8,178/75D6FF78,8880,1097800,2225048,1097864,0.041177,0.041177,0.041177,1088259.2785345693,True,56111376,reserved,2.9,37.8,0.0,15433594.026199434,0.0,90.902710374148,6585180.1385093285,162408.18085768935,1002.39,1
2026-09-13T21:42:41.010893+00:00,1789335761.0108938,F_lat_eastus_rep2,r3-pub,F01,load,16,1,1000,6,23.2,2272497660,22042505,798648387296,60320,1789156079.537691,5939179.032000001,192964.18600000002,83573137,80667596,426120001,7803,21207,16055174,4800034838,11084509.822,781928.555,178/76424000,178/7649B7E8,1,1.0002868175506592,6293618,6291813.397492127,6.000340840808989,4056,4054.8370015828837,4054,4052.8375750535038,0.0,0.0,5929307.370582864,0.0,streaming,178/76421BB0,178/76421BB0,178/76420A78,9296,9296,1253496,13704,0.041813,0.203113,0.041813,-1083849.1330463756,True,62042384,reserved,2.3,37.8,0.0,14335984.188128872,0.0,23.993118352561442,5966690.648402684,200571.47258150208,1002.38,1
2026-09-13T21:42:42.011108+00:00,1789335762.0111086,F_lat_eastus_rep2,r3-pub,F01,load,16,1,1000,6,23.2,2272522283,22042505,798654691537,60320,1789156079.537691,5939210.772,192964.18600000002,83577190,80667596,426124051,7803,21207,16055174,4800079958,11084509.822,781938.579,178/76A58000,178/76AA1130,1,1.0002148151397705,6304241,6302887.044438591,6.010901493490783,4053,4052.1295412262334,4050,4049.130185533246,0.0,0.0,6503051.04618058,0.0,streaming,178/76A55C98,178/76A55C98,178/76A545D0,9064,9064,553760,14896,0.040351,0.195117,0.040351,1191.743995347069,True,68546832,reserved,3.9,37.8,0.0,14926713.515949758,0.0,24.994630774896578,6557284.396035951,192756.59296554042,1002.38,1
2026-09-13T21:42:43.011381+00:00,1789335763.0113811,F_lat_eastus_rep2,r3-pub,F01,load,16,1,1000,6,23.2,2272546999,22042505,798661006110,60320,1789156079.537691,5939246.606000001,192964.18600000002,83581262,80667596,426128118,7803,21207,16055174,4800125413,11084509.822,781947.906,178/7707C000,178/770AC758,1,1.000272512435913,6314573,6312852.669141572,6.020405453816959,4072,4070.8906316776256,4067,4065.8919938685913,0.0,0.0,6437157.794449078,0.0,streaming,178/76FFFB90,178/76FFFB90,178/76FFFB90,509040,509040,1543576,509040,0.039799,0.039799,0.039799,494009.3763015002,True,74985744,reserved,6.0,37.8,0.0,6449442.446728561,0.0,14.995913427103238,5972666.374137487,166088.73875322464,1002.37,1
2026-09-13T21:42:44.011577+00:00,1789335764.0115774,F_lat_eastus_rep2,r3-pub,F01,load,16,1,1000,6,23.2,2272571625,22042506,798667306452,60320,1789156079.537691,5939282.269,192964.18600000002,83585311,80667596,426132167,7803,21207,16055174,4800170128,11084509.822,781956.486,178/7763BC88,178/776B6390,1,1.0001962184906006,6300342,6299105.998928757,6.007295607498891,4049,4048.2056671943424,4049,4048.2056671943424,0.0,0.0,6027241.343801034,0.0,streaming,178/77639CE0,178/77639CE0,178/77639138,8104,8104,360248,11088,0.039833,0.210276,0.039833,-497854.3117784039,True,81014168,reserved,4.5,37.8,0.0,7584303.81935231,0.0,25.9948993200921,6572551.343895906,182743.14241642744,1002.37,1
2026-09-13T21:42:45.012091+00:00,1789335765.0120916,F_lat_eastus_rep2,r3-pub,F01,load,16,1,1000,6,23.2,2272596285,22042506,798673619569,60320,1789156079.537691,5939314.796,192964.18600000002,83589372,80667596,426136224,7803,21207,16055174,4800215199,11084509.822,781965.626,178/77C72000,178/77CB98B0,1,1.000514268875122,6313117,6309872.029209374,6.017562894067168,4061,4058.9126275688013,4057,4054.9146835869556,0.0,0.0,6510180.017045791,0.0,streaming,178/77C6BF88,178/77C6BF88,178/77C6BF88,24696,24696,699912,24696,0.039394,0.039394,0.039394,13601.005426238919,True,87527696,reserved,4.3,37.8,0.0,20661886.235008024,0.0,63.967103709530484,6545633.784276799,181387.71794233285,1002.36,1
2026-09-13T21:42:46.012944+00:00,1789335766.012945,F_lat_eastus_rep2,r3-pub,F01,load,16,1,1000,6,23.2,2272620875,22042506,798679920107,60320,1789156079.537691,5939347.643,192964.18600000002,83593420,80667596,426140269,7803,21207,16055174,4800260073,11084509.822,781974.268,178/78216000,178/782C1668,2,1.0008533000946045,6300538,6295166.333971671,6.003538450214072,4048,4044.5487861381557,4045,4041.5513438559387,0.0,0.0,5909581.3536718385,0.0,streaming,178/78213FB8,178/78213FB8,178/78213A30,8264,8264,436752,9680,0.040458,0.040458,0.040458,-15003.197769923554,True,93442320,reserved,3.1,37.8,0.0,22860748.920783166,0.0,35.96930738660415,5972025.070442411,171741.45300190596,1002.35,1
2026-09-13T21:42:47.013188+00:00,1789335767.0131881,F_lat_eastus_rep2,r3-pub,F01,load,16,1,1000,6,23.2,2272645441,22042506,798686193639,60320,1789156079.537691,5939397.102,192964.18600000002,83597470,80667596,426144316,7803,21207,16055174,4800305330,11084509.822,781983.009,178/78848000,178/788C5198,1,1.0002431869506836,6273532,6272006.7298087105,5.9814517305457215,4050,4049.015332308065,4047,4046.0160616915405,0.0,0.0,6494676.579406978,0.0,streaming,178/78845FD8,178/78845FD8,178/78845A50,8232,8232,753936,9648,0.040335,0.040335,0.040335,-31.99221990959459,True,4732848,reserved,3.1,37.8,0.0,6576576.66237554,0.0,26.993435548720434,6548664.450261291,182232.68338941163,1002.35,1
2026-09-13T21:42:48.013991+00:00,1789335768.0139918,F_lat_eastus_rep2,r3-pub,F01,load,16,1,1000,6,23.2,2272670055,22042506,798692481655,60320,1789156079.537691,5939432.223,192964.18600000002,83601517,80667596,426148360,7803,21207,16055174,4800350076,11084509.822,781991.87,178/78E7C000,178/78ECFE30,4,1.0008037090301514,6288016,6282966.323229883,5.9919036133097485,4047,4043.750001608033,4044,4040.752410798835,0.0,0.0,6499224.51456866,0.0,streaming,178/78E79CB8,178/78E79CB8,178/78E79CB8,9032,9032,1084480,9032,0.039836,0.039836,0.039836,-615.5053128219788,True,11237296,reserved,3.5,37.8,0.0,14897466.771429421,0.0,17.985544855187694,6547915.381279399,182685.17427575978,1002.34,1
2026-09-13T21:42:49.017892+00:00,1789335769.0143747,F_lat_eastus_rep2,r3-pub,F01,load,16,1,1000,6,23.2,2272694699,22042506,798698780521,60320,1789156079.537691,5939470.481000001,192964.18600000002,83605573,80667596,426152413,7803,21207,16055174,4800395195,11084509.822,782000.104,178/79420000,178/794E1118,1,1.000382900238037,6298866,6296455.085848838,6.004767499779547,4056,4054.447551067587,4053,4051.448699328632,0.0,0.0,5912360.155888949,0.0,streaming,178/7941DEF0,178/7941DEF0,178/7941DEF0,8464,8464,223888,8464,0.041542,0.193680,0.041542,-567.7825959088732,True,17151920,reserved,3.1,37.8,0.0,14318229.546498375,0.0,22.99119666532409,5956291.334630151,168772.37701666623,1002.34,1
2026-09-13T21:42:50.018306+00:00,1789335770.0173092,F_lat_eastus_rep2,r3-pub,F01,load,16,1,1000,6,23.2,2272719249,22042507,798705065868,60320,1789156079.537691,5939519.363,192964.18600000002,83609617,80667596,426156454,7803,21207,16055174,4800440201,11084509.822,782008.74,178/79A53788,178/79AE4538,1,1.002934455871582,6285347,6266956.891552632,5.9766358294988935,4044,4032.167781578144,4041,4029.1765591882495,0.0,0.0,6483255.173788312,0.0,streaming,178/79A51DF8,178/79A51DF8,178/79A51DF8,6544,6544,542800,6544,0.040466,0.195213,0.040466,-1914.38232953265,True,23654200,reserved,2.9,37.8,0.0,14849480.85371886,0.0,18.944408469333517,6529602.170571472,181743.68118761608,1002.33,1
2026-09-13T21:42:51.017739+00:00,1789335771.0177398,F_lat_eastus_rep2,r3-pub,F01,load,16,1,1000,6,23.2,2272743855,22042507,798711361884,60320,1789156079.537691,5939557.581,192964.18600000002,83613670,80667596,426160504,7803,21207,16055174,4800485136,11084509.822,782017.58,178/7A082000,178/7A0E38C0,1,1.0004305839538574,6296016,6293306.203332134,6.001764491397985,4053,4051.2555943480984,4050,4048.2568855439918,0.0,0.0,6479250.138857179,0.0,streaming,178/79FFFDA0,178/79FFFDA0,178/79FFFC98,533088,533088,1450440,533352,0.040609,0.040609,0.040609,526581.2625579406,True,30136240,reserved,4.1,37.8,0.0,6542590.865356723,0.0,15.993113621902191,6011662.474602429,171364.21331947923,1002.33,1
2026-09-13T21:42:52.018171+00:00,1789335772.0181715,F_lat_eastus_rep2,r3-pub,F01,load,16,1,1000,6,23.2,2272768426,22042507,798717630673,60320,1789156079.537691,5939589.131,192964.18600000002,83617716,80667596,426164546,7803,21207,16055174,4800529942,11084509.822,782025.602,178/7A640000,178/7A6E6F38,1,1.000431776046753,6268789,6266083.455257066,5.975802855736795,4046,4044.253788087314,4042,4040.2555144461007,0.0,0.0,6018521.346645648,0.0,streaming,178/7A639E50,178/7A639E50,178/7A639D40,25008,25008,1412632,25280,0.040140,0.040140,0.040140,-507852.7213596386,True,36157360,reserved,5.2,37.8,0.0,14534524.340538807,0.0,31.986189129706883,6576249.532974192,199547.840022497,1002.32,1
2026-09-13T21:42:53.018567+00:00,1789335773.018567,F_lat_eastus_rep2,r3-pub,F01,load,16,1,1000,6,23.2,2272793004,22042507,798723923029,60320,1789156079.537691,5939623.114,192964.18600000002,83621763,80667596,426168590,7803,21207,16055174,4800574876,11084509.822,782033.936,178/7AC72000,178/7ACEE208,1,1.0003955364227295,6292356,6289868.1280611865,5.998485687314211,4047,4045.3998969962317,4044,4042.4010831363385,0.0,0.0,6493687.510071943,0.0,streaming,178/7AC6FC30,178/7AC6FC30,178/7AC6F660,9168,9168,1610864,10656,0.039551,0.039551,0.039551,-14618.217962360488,True,42653616,reserved,1.6,37.8,0.0,23264270.133813858,0.0,24.990115499111884,6564842.365734874,191794.1384325839,1002.32,1
2026-09-13T21:42:54.019104+00:00,1789335774.0191042,F_lat_eastus_rep2,r3-pub,F01,load,16,1,1000,6,23.2,2272817571,22042507,798730208519,60320,1789156079.537691,5939656.49,192964.18600000002,83625810,80667596,426172635,7803,21207,16055174,4800619779,11084509.822,782042.028,178/7B214000,178/7B2EC3E8,1,1.0005371570587158,6285490,6282115.5173062105,5.991092221552096,4047,4044.8272924685643,4045,4042.828366205916,0.0,0.0,5903261.021672767,0.0,streaming,178/7B211FF8,178/7B211FF8,178/7B210FD0,8200,8200,1338616,12336,0.039551,0.211702,0.039551,1679.0980606244595,True,48560048,reserved,3.5,37.8,0.0,5915542.424630477,0.0,13.992483838537163,5959324.906561259,172305.44491400928,1002.31,1
2026-09-13T21:42:55.019219+00:00,1789335775.0192194,F_lat_eastus_rep2,r3-pub,F01,load,16,1,1000,6,23.2,2272842161,22042507,798736497273,60320,1789156079.537691,5939690.79,192964.18600000002,83629863,80667596,426176685,7803,21207,16055174,4800664667,11084509.822,782050.362,178/7B84A000,178/7B8F2E48,1,1.000115156173706,6288754,6288029.894537196,5.996732611214824,4053,4052.5333257683883,4050,4049.5336711971313,0.0,0.0,6511890.115650687,0.0,streaming,178/7B847F18,178/7B847F18,178/7B847990,8424,8424,645408,9840,0.040870,0.213498,0.040870,-2495.7126032859355,True,55072688,reserved,3.5,37.8,0.0,14924105.397126481,0.0,18.997812284628516,6561186.438874727,190736.03556795613,1002.31,1
2026-09-13T21:42:56.019473+00:00,1789335776.0194733,F_lat_eastus_rep2,r3-pub,F01,load,16,1,1000,6,23.2,2272866766,22042508,798742781893,60320,1789156079.537691,5939725.067,192964.18600000002,83633915,80667596,426180734,7803,21207,16055174,4800709327,11084509.822,782059.715,178/7BE7A000,178/7BEF5DF8,1,1.0002539157867432,6284620,6283024.64085519,5.991959229331198,4052,4050.971394411314,4049,4047.9721559653035,0.0,0.0,6486416.996325234,0.0,streaming,178/7BE77FC8,178/7BE77FC8,178/7BE774F0,8248,8248,943520,11024,0.040676,0.040676,0.040676,1183.6994400254184,True,61560752,reserved,3.3,37.8,0.0,14991649.383552197,0.0,29.99238446010351,6545755.9292334,193547.85514408865,1002.3,1
2026-09-13T21:42:57.019878+00:00,1789335777.0198784,F_lat_eastus_rep2,r3-pub,F01,load,16,1,1000,6,23.2,2272891407,22042508,798749082929,60320,1789156079.537691,5939765.441000001,192964.18600000002,83637970,80667596,426184786,7803,21207,16055174,4800754197,11084509.822,782070.201,178/7C420000,178/7C4F9C98,1,1.0004050731658936,6301036,6298484.652881325,6.006703045731855,4055,4053.3580934046045,4052,4050.3593081320487,0.0,0.0,5920417.797619306,0.0,streaming,178/7C41DE60,178/7C41DE60,178/7C41DDD8,8608,8608,693640,8744,0.040133,0.040133,0.040133,-2279.0768071424163,True,67483568,reserved,13.2,37.8,0.0,14371138.637374664,0.0,24.989877271298425,5968103.481428398,181810.3535045137,1002.29,1
2026-09-13T21:42:58.020653+00:00,1789335778.0206537,F_lat_eastus_rep2,r3-pub,F01,load,16,1,1000,6,23.2,2272916003,22042508,798755367396,60320,1789156079.537691,5939802.171,192964.18600000002,83642022,80667596,426188834,7803,21207,16055174,4800799147,11084509.822,782080.312,178/7CA52000,178/7CAFCF48,1,1.0007753372192383,6284467,6279598.193798486,5.9886915147766935,4052,4048.8607675514036,4048,4044.8638664975524,0.0,0.0,6491223.113122017,0.0,streaming,178/7CA4FE80,178/7CA4FE80,178/7CA4FE80,8576,8576,1018720,8576,0.040526,0.040526,0.040526,-167.86984426175613,True,73979824,reserved,8.7,37.8,0.0,6556708.339988317,0.0,21.98295579618235,6544674.670140434,193305.12334320258,1002.29,1
2026-09-13T21:42:59.021341+00:00,1789335779.0213418,F_lat_eastus_rep2,r3-pub,F01,load,16,1,1000,6,23.2,2272940640,22042508,798761664046,60320,1789156079.537691,5939842.616,192964.18600000002,83646083,80667596,426192891,7803,21207,16055174,4800843904,11084509.822,782088.942,178/7D100E10,178/7D100E10,1,1.000688076019287,6296650,6292320.405223494,6.000824361060614,4061,4058.2076446384367,4057,4054.2103950500214,0.0,0.0,7002941.443927961,0.0,streaming,178/7D02EAF8,178/7CFFFB40,178/7CFFE9C8,860952,1053392,1801528,1057864,0.040159,0.214134,0.040159,1048566.5065322275,True,80987584,reserved,1.8,37.8,0.0,15414929.356770601,0.0,21.984872736283084,6369519.286524556,171722.84163071006,1002.28,1
2026-09-13T21:43:00.021555+00:00,1789335780.0215557,F_lat_eastus_rep2,r3-pub,F01,load,16,1,1000,6,23.2,2272965258,22042508,798767950967,60320,1789156079.537691,5939871.5940000005,192964.18600000002,83650138,80667596,426196944,7803,21207,16055174,4800888832,11084509.822,782097.45,178/7D629F80,178/7D701060,1,1.000213861465454,6286921,6285576.757343451,5.994393117278529,4055,4054.1329771803544,4053,4052.1334048118315,0.0,0.0,5410027.003696843,0.0,streaming,178/7D627FD8,178/7D627FD8,178/7D626E78,8104,8104,296744,12552,0.041090,0.211936,0.041090,-1045088.4958427498,True,86398768,reserved,2.7,37.8,0.0,13800568.590177204,0.0,15.99657894818389,6166540.214672908,191105.12997684735,1002.28,1
2026-09-13T21:43:01.022129+00:00,1789335781.0221298,F_lat_eastus_rep2,r3-pub,F01,load,16,1,1000,6,23.2,2272989825,22042508,798774236714,60320,1789156079.537691,5939906.507,192964.18600000002,83654187,80667596,426200990,7803,21207,16055174,4800934001,11084509.822,782106.461,178/7DC60000,178/7DD0BC10,1,1.0005741119384766,6285747,6282140.348226897,5.991115902163408,4049,4046.676754564049,4046,4043.6784759116185,0.0,0.0,6509031.087544725,0.0,streaming,178/7DC5DF10,178/7DC5DF10,178/7DC5DF10,8432,8432,398152,8432,0.041271,0.041271,0.041271,-4117.636016004911,True,92911536,reserved,3.3,37.8,0.0,14909072.523472661,0.0,18.989098132061482,6550517.269832192,186025.20071141407,1002.27,1
2026-09-13T21:43:02.022703+00:00,1789335782.0226605,F_lat_eastus_rep2,r3-pub,F01,load,16,1,1000,6,23.2,2273014448,22042509,798780542676,60320,1789156079.537691,5939947.88,192964.18600000002,83658245,80667596,426205045,7803,21207,16055174,4800979590,11084509.822,782114.927,178/7E310000,178/7E311518,1,1.00053071975708,6305962,6302617.07659614,6.0106440320931815,4058,4055.847481609806,4055,4052.8490729245354,0.0,0.0,7008632.38032565,0.0,streaming,178/7E246860,178/7E203CE8,178/7E203CE8,825248,1098520,2255272,1098520,0.023047,0.048183,0.023047,1089509.7756365377,True,99923888,reserved,2.9,37.8,0.0,7201042.264598609,0.0,25.98620860568136,6406405.993767232,170001.77669836747,1002.27,1
2026-09-13T21:43:03.023450+00:00,1789335783.0234506,F_lat_eastus_rep2,r3-pub,F01,load,16,1,1000,6,23.2,2273039038,22042509,798786830558,60320,1789156079.537691,5939989.309,192964.18600000002,83662293,80667596,426209091,7803,21207,16055174,4801024438,11084509.822,782123.777,178/7EA80000,178/7EB6BFB0,2,1.0007901191711426,6287882,6282917.746237986,5.991857286680208,4048,4044.804122719123,4046,4042.8057017098745,0.0,0.0,7792626.896095834,0.0,streaming,178/7EA79D58,178/7EA79D58,178/7EA78CF0,25256,25256,1147112,29456,0.023117,0.162976,0.023117,-1068219.978915661,True,107722672,reserved,4.6,37.8,0.0,16174612.128871184,0.0,21.982631101734366,6316166.475779358,198194.4028027324,1002.26,1
2026-09-13T21:43:04.024737+00:00,1789335784.0247378,F_lat_eastus_rep2,r3-pub,F01,load,16,1,1000,6,23.2,2273063674,22042509,798793136313,60320,1789156079.537691,5940030.799000001,192964.18600000002,83666351,80667596,426213146,7803,21207,16055174,4801070054,11084509.822,782135.206,178/7F103E80,178/7F195FF8,2,1.0012872219085693,6305755,6297648.528841206,6.005905655709463,4058,4052.7831687145494,4055,4049.7870254158447,0.0,0.0,6822961.334688667,0.0,streaming,178/7F101FF8,178/7F101FF8,178/7F101FF8,7816,7816,1074784,7816,0.041038,0.041038,0.041038,-21612.18032798986,True,114554416,reserved,11.2,38.0,0.0,23623990.68162677,0.0,26.965289688342246,6459830.764314524,183834.36437862393,1002.26,1
2026-09-13T21:43:05.025500+00:00,1789335785.0254908,F_lat_eastus_rep2,r3-pub,F01,load,16,1,1000,6,23.2,2273128984,22042513,798801971511,60320,1789156079.537691,5940065.186000001,192964.18600000002,83670414,80667596,426217250,7816,21258,16055174,4801227667,11084509.822,782146.446,178/7F72DF30,178/7F7BE108,1,1.0007529258728027,8835198,8828550.755716668,8.419562106815976,4063,4059.943163749904,4104,4100.912317014425,12.990219327774737,50.96162967050089,6458801.001618597,0.0,streaming,178/7F72BFE8,178/7F72BFE8,178/7F72BFA8,8008,8008,1203952,8072,0.040871,0.212443,0.040871,255.8073959931025,True,121018080,reserved,6.0,37.8,0.0,14857293.559279393,0.0,17.98645753076502,6361031.614719561,189448.35942862617,1002.25,1
2026-09-13T21:43:06.025807+00:00,1789335786.0257683,F_lat_eastus_rep2,r3-pub,F01,load,16,1,1000,6,23.2,2273153580,22042513,798808254608,60320,1789156079.537691,5940108.925,192964.18600000002,83674471,80667596,426221304,7816,21258,16055174,4801273167,11084509.822,782157.016,178/7FD64000,178/7FDA76E0,1,1.0002775192260742,6283097,6281353.80355374,5.990365794709911,4057,4055.874416870776,4054,4052.8752491974674,0.0,0.0,6511041.060923835,0.0,streaming,178/7FD4DF88,178/7FD4DF88,178/7FD4B880,90232,90232,1367552,100224,0.040251,0.040251,0.040251,92126.43314357301,True,127530928,reserved,9.4,37.8,0.0,6527212.573018314,0.0,11.996670693233746,6486293.92872881,184406.82356104255,1002.25,1
2026-09-13T21:43:07.026169+00:00,1789335787.0261693,F_lat_eastus_rep2,r3-pub,F01,load,16,1,1000,6,23.2,2273177312,22042513,798814318895,60320,1789156079.537691,5940145.755,192964.18600000002,83678380,80667596,426225210,7816,21258,16055174,4801316718,11084509.822,782165.913,178/8030E000,178/80352898,1,1.0004010200500488,6064287,6061856.074173746,5.781036447690721,3909,3907.433041006333,3906,3904.4342435842254,0.0,0.0,5936819.216460684,0.0,streaming,178/80309C10,178/80309C10,178/80309B90,17392,17392,1153808,17520,0.039617,0.230347,0.039617,-82670.84733266507,True,133470128,reserved,4.8,37.8,0.0,15001728.006284101,0.0,92.9627200853387,6068480.417679182,186299.29024930016,1002.24,1
2026-09-13T21:43:08.026874+00:00,1789335788.0268745,F_lat_eastus_rep2,r3-pub,F01,load,16,1,1000,6,23.2,2273200510,22042514,798820249102,60320,1789156079.537691,5940179.4690000005,192964.18600000002,83682199,80667596,426229026,7816,21258,16055174,4801359235,11084509.822,782174.684,178/80830000,178/808FB1A8,1,1.0007052421569824,5930207,5926027.715431632,5.651500430518753,3819,3816.3085783065244,3816,3813.3106925419474,0.0,0.0,5378350.960167843,0.0,streaming,178/8082DFD0,178/8082DFD0,178/8082D9C0,8240,8240,362288,9792,0.040951,0.226041,0.040951,-7722.553729550359,True,138852272,reserved,4.6,37.8,0.0,13769233.356167901,0.0,31.97744815548803,5418194.86056958,152403.5186138011,1002.24,1
2026-09-13T21:43:09.027359+00:00,1789335789.0273595,F_lat_eastus_rep2,r3-pub,F01,load,16,1,1000,6,23.2,2273223431,22042514,798826127628,60320,1789156079.537691,5940215.586,192964.18600000002,83685980,80667596,426232804,7816,21258,16055174,4801401274,11084509.822,782182.512,178/80E74000,178/80E8C938,5,1.0004849433898926,5878526,5875676.629457398,5.603481893021963,3781,3779.1673177899397,3778,3776.168771914941,0.0,0.0,6566799.474002332,0.0,streaming,178/80E71FC8,178/80D65CF8,178/80D65CF8,8248,1106696,2786328,1106696,0.041258,0.041258,0.041258,1096372.3214898324,True,145422256,reserved,3.7,37.8,0.0,6574987.503271662,0.0,11.994183499994518,6626746.403135305,170656.24138379702,1002.23,1
2026-09-13T21:43:10.027464+00:00,1789335790.027456,F_lat_eastus_rep2,r3-pub,F01,load,16,1,1000,6,23.2,2273246202,22042514,798831948469,60320,1789156079.537691,5940245.272,192964.18600000002,83689735,80667596,426236556,7816,21258,16055174,4801443163,11084509.822,782191.459,178/81328000,178/81426068,3,1.0000965595245361,5820841,5820278.996627418,5.550650593402308,3755,3754.637453992637,3752,3751.637743643242,0.0,0.0,4931107.854570126,0.0,streaming,178/81326000,178/81326000,178/813255F0,8192,8192,513680,10768,0.041620,0.041620,0.041620,-1095822.1879305572,True,150353840,reserved,5.8,37.8,0.0,13417200.441504762,0.0,39.996137991932216,4977252.398874869,159215.62621483396,1002.23,1
2026-09-13T21:43:11.028111+00:00,1789335791.028112,F_lat_eastus_rep2,r3-pub,F01,load,16,1,1000,6,23.2,2273269145,22042514,798837808503,60320,1789156079.537691,5940284.0770000005,192964.18600000002,83693518,80667596,426240336,7816,21258,16055174,4801485238,11084509.822,782200.638,178/81964000,178/819C48A8,5,1.0006558895111084,5860034,5856192.984446475,5.584900841185069,3783,3780.5203963255185,3780,3777.5223627043247,0.0,0.0,6532931.119002253,0.0,streaming,178/81961E50,178/81961E50,178/81961E08,8624,8624,871456,8696,0.041852,0.041852,0.041852,-2070.641887704593,True,156891056,reserved,2.7,37.8,0.0,14916040.725340983,0.0,25.982958050347207,6606065.151157657,195748.61053953308,1002.22,1
2026-09-13T21:43:12.028436+00:00,1789335792.0284364,F_lat_eastus_rep2,r3-pub,F01,load,16,1,1000,6,23.2,2273292229,22042514,798843710712,60320,1789156079.537691,5940318.821,192964.18600000002,83697325,80667596,426244139,7816,21258,16055174,4801527336,11084509.822,782209.942,178/81E86000,178/81F74298,2,1.0003244876861572,5902209,5900294.4271137,5.626959254373264,3807,3805.7650760963993,3803,3801.7663736261115,0.0,0.0,5380398.127061145,0.0,streaming,178/81E6DFE8,178/81E6DFE8,178/81E6DFE8,98328,98328,1107368,98328,0.041852,0.041852,0.041852,89602.92495420869,True,162273200,reserved,3.7,37.8,0.0,5605605.0501877535,0.0,39.987024702877854,5343598.068227087,151675.78307610354,1002.22,1
2026-09-13T21:43:13.032499+00:00,1789335793.029496,F_lat_eastus_rep2,r3-pub,F01,load,16,1,1000,6,23.2,2273315716,22042514,798849704165,60320,1789156079.537691,5940369.158,192964.18600000002,83701191,80667596,426248002,7816,21258,16055174,4801569963,11084509.822,782217.833,178/8251C000,178/82549C68,1,1.0010595321655273,5993453,5987109.46494336,5.709752526229248,3866,3861.9081840586764,3863,3858.9113592909125,0.0,0.0,6898546.767804117,0.0,streaming,178/82519C40,178/82409C80,178/82409C80,9152,1123200,2274080,1123200,0.041983,0.041983,0.041983,1023787.2644626446,True,169179056,reserved,3.1,37.9,0.0,6914913.426802466,0.0,14.984123838820524,7058385.413617583,181832.34278408706,1002.21,1
2026-09-13T21:43:14.032586+00:00,1789335794.0321846,F_lat_eastus_rep2,r3-pub,F01,load,16,1,1000,6,23.2,2273339369,22042515,798855760999,60320,1789156079.537691,5940397.6280000005,192964.18600000002,83705093,80667596,426251902,7816,21258,16055174,4801613223,11084509.822,782226.056,178/82A32000,178/82B20038,1,1.0026886463165283,6056834,6040592.9819294885,5.760758382729996,3902,3891.537033289812,3900,3889.5423961635743,0.0,0.0,5318691.9185644025,0.0,streaming,178/82A2FBC8,178/82A2FBC8,178/82A2FBC8,9272,9272,396704,9272,0.046748,0.229544,0.046748,-1110941.0723778713,True,174512048,reserved,1.9,37.8,0.0,21266597.64058854,0.0,68.8149808552017,5360408.756741102,166231.0634635262,1002.21,1
2026-09-13T21:43:15.033167+00:00,1789335795.0331676,F_lat_eastus_rep2,r3-pub,F01,load,16,1,1000,6,23.2,2273363429,22042515,798861904987,60320,1789156079.537691,5940438.853,192964.18600000002,83709063,80667596,426255868,7816,21258,16055174,4801657049,11084509.822,782234.03,178/83102000,178/83111610,1,1.0009829998016357,6143988,6137954.392050166,5.853609458971182,3970,3966.1013231860406,3966,3962.1052513238888,0.0,0.0,7136408.911455648,0.0,streaming,178/8301E2F8,178/83000000,178/82FFE380,933128,1056768,1922016,1064064,0.040257,0.040257,0.040257,1053756.157905806,True,181655472,reserved,3.9,37.8,0.0,15537238.89724604,0.0,24.97544913845114,6516605.178402293,177182.82931393114,1002.2,1
2026-09-13T21:43:16.033650+00:00,1789335796.0336504,F_lat_eastus_rep2,r3-pub,F01,load,16,1,1000,6,23.2,2273387754,22042515,798868117752,60320,1789156079.537691,5940472.754000001,192964.18600000002,83713074,80667596,426259877,7816,21258,16055174,4801701020,11084509.822,782242.323,178/83632000,178/8370A910,1,1.0004827976226807,6212765,6209766.939284313,5.922095240864098,4011,4009.0644332224665,4009,4007.06539835175,0.0,0.0,5436863.09542269,0.0,streaming,178/8362FDF0,178/8362FDF0,178/8362FDF0,8720,8720,1360680,8720,0.040526,0.195387,0.040526,-1054834.7283008553,True,187094960,reserved,9.1,37.8,0.0,22390214.057881545,0.0,33.98359280218496,6194798.166172385,181436.40293599476,1002.2,1
2026-09-13T21:43:17.034027+00:00,1789335797.0340273,F_lat_eastus_rep2,r3-pub,F01,load,16,1,1000,6,23.2,2273412420,22042515,798874420604,60320,1789156079.537691,5940512.192,192964.18600000002,83717143,80667596,426263943,7816,21258,16055174,4801745983,11084509.822,782250.298,178/83C70000,178/83D175D0,1,1.0003769397735596,6302852,6300477.099588764,6.008603190983547,4069,4067.4668099816845,4066,4064.467940374915,0.0,0.0,6542941.705035291,0.0,streaming,178/83C6DC88,178/83C6DC88,178/83C6CB10,9080,9080,1590720,13552,0.029578,0.051514,0.029578,4830.179313303392,True,98561368,reserved,4.5,37.8,0.0,6641208.664309913,0.0,25.99020325866891,6609639.56395945,186611.6586436473,1002.19,1
2026-09-13T21:43:18.034726+00:00,1789335798.0347266,F_lat_eastus_rep2,r3-pub,F01,load,16,1,1000,6,23.2,2273437122,22042515,798880726958,60320,1789156079.537691,5940547.098,192964.18600000002,83721222,80667596,426268019,7816,21258,16055174,4801790571,11084509.822,782258.547,178/8421E000,178/8432A268,1,1.0006992816925049,6306354,6301947.163721276,6.010005153390194,4079,4076.1496231925908,4076,4073.151719571709,0.0,0.0,5951422.279355681,0.0,streaming,178/8421C968,178/8421BDC0,178/8421A3F0,1095320,1098304,2460240,1104912,0.040412,0.040412,0.040412,1090597.3652286015,True,105606488,reserved,4.3,37.8,0.0,15447501.84476502,0.0,21.984626553134834,6226722.766764898,170310.90470230774,1002.18,1
2026-09-13T21:43:19.035127+00:00,1789335799.0351274,F_lat_eastus_rep2,r3-pub,F01,load,16,1,1000,6,23.2,2273462069,22042515,798887098195,60320,1789156079.537691,5940581.892,192964.18600000002,83725339,80667596,426272133,7816,21258,16055174,4801835941,11084509.822,782266.411,178/84868000,178/84944668,1,1.0004007816314697,6371237,6368684.54821645,6.07365088292737,4117,4115.350643055206,4114,4112.351844918416,0.0,0.0,6591918.080317256,0.0,streaming,178/84865C98,178/84865C98,178/84865C98,9064,9064,756048,9064,0.041131,0.041131,0.041131,-1095408.9802017882,True,111111512,reserved,4.2,37.8,0.0,13896254.636395507,0.0,17.992788820741733,6474320.211383024,185634.60106172925,1002.18,1
2026-09-13T21:43:20.035291+00:00,1789335800.0352914,F_lat_eastus_rep2,r3-pub,F01,load,16,1,1000,6,23.2,2273487153,22042516,798893504627,60320,1789156079.537691,5940620.695,192964.18600000002,83729469,80667596,426276260,7816,21258,16055174,4801881598,11084509.822,782275.05,178/84EA4000,178/84F671B8,1,1.0001640319824219,6406432,6405381.312605125,6.108647644620061,4130,4129.322659018182,4127,4126.323151033423,0.0,0.0,6536143.863364697,0.0,streaming,178/84E9FFE0,178/84E9FFE0,178/84E9FFA0,16416,16416,1120136,16480,0.040764,0.040764,0.040764,7414.783738324173,True,117648728,reserved,3.1,37.8,0.0,6544334.519835079,0.0,11.99803193903588,6567422.732629764,186590.39320790124,1002.17,1
2026-09-13T21:43:21.035715+00:00,1789335801.035715,F_lat_eastus_rep2,r3-pub,F01,load,16,1,1000,6,23.2,2273512250,22042516,798899918773,60320,1789156079.537691,5940668.073,192964.18600000002,83733603,80667596,426280391,7816,21258,16055174,4801927277,11084509.822,782283.854,178/85522000,178/85584A90,1,1.0004236698150635,6414146,6411429.670777089,6.114415808465089,4134,4132.24929070721,4131,4129.2505611783945,0.0,0.0,6804669.067114768,0.0,streaming,178/8551FFC8,178/8551FFC8,178/8551FF88,8248,8248,840736,8312,0.039774,0.039774,0.039774,-8164.540930453916,True,124456280,reserved,3.5,37.8,0.0,15218384.429883027,0.0,20.99110670170571,6887579.940280466,193708.93137286912,1002.17,1
2026-09-13T21:43:22.036446+00:00,1789335802.036447,F_lat_eastus_rep2,r3-pub,F01,load,16,1,1000,6,23.2,2273537224,22042516,798906296257,60320,1789156079.537691,5940709.296,192964.18600000002,83737727,80667596,426284512,7816,21258,16055174,4801973169,11084509.822,782291.495,178/85B6C000,178/85B9E490,1,1.0007319450378418,6377484,6372819.446429124,6.0775942291537515,4124,4120.983666454312,4121,4117.98586068337,0.0,0.0,6589736.674940093,0.0,streaming,178/85B69FA8,178/85A5DFB0,178/85A5D410,8280,1106000,1135704,1108976,0.040618,0.196411,0.040618,1099858.963689202,True,131050840,reserved,4.4,37.8,0.0,15086813.281881481,0.0,29.97805770941546,6677875.162411546,203182.28173710516,1002.16,1
2026-09-13T21:43:23.036902+00:00,1789335803.0368884,F_lat_eastus_rep2,r3-pub,F01,load,16,1,1000,6,23.2,2273562218,22042516,798912671453,60320,1789156079.537691,5940750.005,192964.18600000002,83741850,80667596,426288632,7816,21258,16055174,4802019134,11084509.822,782299.989,178/8610C000,178/861B6080,1,1.000441312789917,6375196,6372383.785533184,6.077178750546631,4123,4121.181269995985,4120,4118.1825933503405,0.0,0.0,5895638.179466679,0.0,streaming,178/86109FD0,178/86109FD0,178/86108AA0,8240,8240,1111648,13664,0.039673,0.039673,0.039673,-1094828.838031007,True,136949080,reserved,3.1,37.8,0.0,14362429.676089657,0.0,18.991618755741865,5955937.56857504,168570.60763484667,1002.16,1
2026-09-13T21:43:24.037162+00:00,1789335804.037155,F_lat_eastus_rep2,r3-pub,F01,load,16,1,1000,6,23.2,2273587188,22042516,798919049937,60320,1789156079.537691,5940786.942,192964.18600000002,83745968,80667596,426292747,7816,21258,16055174,4802064626,11084509.822,782308.885,178/86754000,178/867CFE58,1,1.0002665519714355,6378484,6376784.255585254,6.081375365815405,4118,4116.902631487369,4115,4113.903430930191,0.0,0.0,6584612.858461437,0.0,streaming,178/86751EF8,178/86751EF8,178/86751098,8456,8456,491872,12136,0.040908,0.210415,0.040908,-1527.592817123045,True,143535448,reserved,4.7,37.8,0.0,6584612.858461437,0.0,12.996535747774598,6655621.930853201,185734.49210496584,1002.15,1
2026-09-13T21:43:25.037563+00:00,1789335805.0375638,F_lat_eastus_rep2,r3-pub,F01,load,16,1,1000,6,23.2,2273612068,22042516,798925407088,60320,1789156079.537691,5940827.481000001,192964.18600000002,83750072,80667596,426296848,7816,21258,16055174,4802110047,11084509.822,782317.14,178/86D7E000,178/86DDFB90,1,1.0004088878631592,6357151,6354552.70052495,6.060173702740622,4104,4102.322610073978,4101,4099.3238362362035,0.0,0.0,6460846.238387385,0.0,streaming,178/86D7BE88,178/86D7BE88,178/86D7B330,8568,8568,525424,11472,0.039799,0.039799,0.039799,-663.7286094271738,True,149998936,reserved,4.8,37.8,0.0,14846025.64029953,0.0,17.992643026640252,6532709.854227066,186835.60518863235,1002.15,1
2026-09-13T21:43:26.037823+00:00,1789335806.037823,F_lat_eastus_rep2,r3-pub,F01,load,16,1,1000,6,23.2,2273636899,22042517,798931760783,60320,1789156079.537691,5940861.8100000005,192964.18600000002,83754168,80667596,426300941,7816,21258,16055174,4802155691,11084509.822,782326.006,178/87318000,178/873F19F0,1,1.0002591609954834,6353695,6352048.796710486,6.057785793982015,4096,4094.938751596693,4093,4091.939528878238,0.0,0.0,5872142.169789657,0.0,streaming,178/87315F70,178/87315F70,178/87315F70,8336,8336,221352,8336,0.040293,0.045601,0.040293,-3135.1874816912177,True,155872600,reserved,4.5,37.8,0.0,22784239.213884,0.0,37.99015443375838,5928761.496268643,174357.81325554638,1002.14,1
2026-09-13T21:43:27.038003+00:00,1789335807.0380037,F_lat_eastus_rep2,r3-pub,F01,load,16,1,1000,6,23.2,2273661635,22042517,798938074096,60320,1789156079.537691,5940902.994,192964.18600000002,83758247,80667596,426305017,7816,21258,16055174,4802201248,11084509.822,782334.304,178/87950000,178/879F9680,1,1.000180721282959,6313313,6312172.256131614,6.019756561404813,4079,4078.262971083622,4076,4075.2635131495076,0.0,0.0,6519653.759808079,0.0,streaming,178/8794DCA0,178/8794DCA0,178/8794DCA0,9056,9056,983704,9056,0.044197,0.044197,0.044197,719.8699041873517,True,162393432,reserved,2.1,37.8,0.0,14955889.152524563,0.0,24.995482784283045,6590101.028487302,185243.5225529444,1002.14,1
2026-09-13T21:43:28.038261+00:00,1789335808.0382612,F_lat_eastus_rep2,r3-pub,F01,load,16,1,1000,6,23.2,2273686401,22042517,798944396385,60320,1789156079.537691,5940936.635000001,192964.18600000002,83762325,80667596,426309092,7816,21258,16055174,4802246465,11084509.822,782343.828,178/87F8C000,178/880037E0,1,1.0002574920654297,6322289,6320661.479820679,6.0278525160033025,4078,4076.950217667799,4075,4073.9509899451396,0.0,0.0,6535533.15206999,0.0,streaming,178/87F89FF8,178/87F89FF8,178/87F89FF8,8200,8200,1031304,8200,0.040229,0.040229,0.040229,-855.7796435320342,True,168930648,reserved,3.7,37.8,0.0,6617432.063750064,0.0,21.994336632832656,6588198.591137307,188969.34189385286,1002.13,1
2026-09-13T21:43:29.038425+00:00,1789335809.0384033,F_lat_eastus_rep2,r3-pub,F01,load,16,1,1000,6,23.2,2273711037,22042517,798950690677,60320,1789156079.537691,5940969.998000001,192964.18600000002,83766388,80667596,426313151,7816,21258,16055174,4802291355,11084509.822,782352.605,178/8852E000,178/886041B0,1,1.0001420974731445,6294292,6293397.724085914,6.001851772390284,4063,4062.422739993802,4059,4058.4233083029394,0.0,0.0,5905592.830181411,0.0,streaming,178/88527FF0,178/88527FF0,178/885276C8,24592,24592,878504,26936,0.040229,0.040229,0.040229,18733.338040000952,True,174837080,reserved,2.5,37.8,0.0,14313486.089794751,0.0,20.99701637702925,5957632.435484993,172278.51965767957,1002.13,1
2026-09-13T21:43:30.038973+00:00,1789335810.0389729,F_lat_eastus_rep2,r3-pub,F01,drain,0,0,0,0,0,2273736380,22042517,798957165924,60320,1789156079.537691,5940997.316000001,192964.18600000002,83770752,80667596,426317331,7816,21258,16055174,4802337701,11084509.822,782361.708,178/888BF7A0,178/888BF7A0,1,1.0005695819854736,6475247,6471560.9154846445,6.171761432156224,4364,4361.515759194203,4180,4177.620502619563,0.0,0.0,3739470.065215635,0.0,streaming,178/888BF7A0,178/888BF7A0,178/888BF7A0,0,0,1584,0,0.041229,0.041229,0.041229,-26920.666473339843,True,178578680,reserved,13.3,36.7,0.0,12612592.094752701,0.0,80.9538901225322,3813665.8046590495,104111.69985128767,1002.12,1
2026-09-13T21:43:31.039792+00:00,1789335811.0397925,F_lat_eastus_rep2,r3-pub,F01,drain,0,0,0,0,0,2273736380,22042517,798957165924,60320,1789156079.537691,5940997.316000001,192964.18600000002,83770754,80667596,426317331,7816,21258,16055174,4802337701,11084509.822,782361.708,178/888BF7A0,178/888BF7A0,1,1.0008196830749512,0,0.0,0.0,2,1.9983619765102285,0,0.0,0.0,0.0,0.0,0.0,streaming,178/888BF7A0,178/888BF7A0,178/888BF7A0,0,0,0,0,0.041229,0.041229,0.041229,0.0,True,178578680,reserved,0.8,36.7,0.0,0.0,0.0,0.0,2403.03027675355,752.383284156101,1002.12,1
2026-09-13T21:43:32.040860+00:00,1789335812.0408607,F_lat_eastus_rep2,r3-pub,F01,drain,0,0,0,0,0,2273736380,22042517,798957165924,60320,1789156079.537691,5940997.316000001,192964.18600000002,83770757,80667596,426317331,7816,21258,16055174,4802337701,11084509.822,782361.708,178/888BF7A0,178/888BF7A0,1,1.001068115234375,0,0.0,0.0,3,2.9967990732554948,0,0.0,0.0,0.0,0.0,0.0,streaming,178/888BF7A0,178/888BF7A0,178/888BF7A0,0,0,0,0,0.041229,0.041229,0.041229,0.0,True,178578680,reserved,6.0,36.7,0.0,8449215.264457518,0.0,16.981861415114473,65.9295796116209,59.9359814651099,1002.12,1
2026-09-13T21:43:33.042282+00:00,1789335813.0422826,F_lat_eastus_rep2,r3-pub,F01,drain,0,0,0,0,0,2273736380,22042517,798957165924,60320,1789156079.537691,5940997.316000001,192964.18600000002,83770760,80667596,426317331,7816,21258,16055174,4802337701,11084509.822,782361.708,178/888BF7A0,178/888BF7A0,1,1.0014219284057617,0,0.0,0.0,3,2.9957402718112274,0,0.0,0.0,0.0,0.0,0.0,streaming,178/888BF7A0,178/888BF7A0,178/888BF7A0,0,0,0,0,0.041229,0.041229,0.041229,0.0,True,178578680,reserved,0.4,36.7,0.0,8376696.9366792785,0.0,7.988640724829939,2227.8321821369495,659.06285979847,1002.12,1
2026-09-13T21:43:34.043422+00:00,1789335814.0434222,F_lat_eastus_rep2,r3-pub,F01,drain,0,0,0,0,0,2273736380,22042517,798957165924,60320,1789156079.537691,5940997.316000001,192964.18600000002,83770763,80667596,426317331,7816,21258,16055174,4802337701,11084509.822,782361.708,178/888BF7A0,178/888BF7A0,1,1.0011396408081055,0,0.0,0.0,3,2.9965849694838207,0,0.0,0.0,0.0,0.0,0.0,streaming,178/888BF7A0,178/888BF7A0,178/888BF7A0,0,0,0,0,0.041229,0.041229,0.041229,0.0,True,178578680,reserved,1.4,36.6,0.0,8379058.882563911,0.0,8.989754908451463,2177.518411158243,653.255523347473,1002.12,1
2026-09-13T21:43:35.044462+00:00,1789335815.0444624,F_lat_eastus_rep2,r3-pub,F01,drain,0,0,0,0,0,2273736380,22042517,798957165924,60320,1789156079.537691,5940997.316000001,192964.18600000002,83770766,80667596,426317331,7816,21258,16055174,4802337701,11084509.822,782361.708,178/888BF7A0,178/888BF7A0,1,1.0010402202606201,0,0.0,0.0,3,2.996882582019484,0,0.0,0.0,0.0,0.0,0.0,streaming,178/888BF7A0,178/888BF7A0,178/888BF7A0,0,0,0,0,0.041229,0.041229,0.041229,0.0,True,178578680,reserved,0.2,36.6,0.0,0.0,0.0,0.0,116.87842069875987,65.93141680442865,1002.12,1
2026-09-13T21:43:36.045242+00:00,1789335816.0452423,F_lat_eastus_rep2,r3-pub,F01,drain,0,0,0,0,0,2273736380,22042517,798957165924,60320,1789156079.537691,5940997.316000001,192964.18600000002,83770769,80667596,426317331,7816,21258,16055174,4802337701,11084509.822,782361.708,178/888BF7A0,178/888BF7A0,1,1.0007798671722412,0,0.0,0.0,3,2.9976622216398754,0,0.0,0.0,0.0,0.0,0.0,streaming,178/888BF7A0,178/888BF7A0,178/888BF7A0,0,0,0,0,0.041229,0.041229,0.041229,0.0,True,178578680,reserved,1.2,36.6,0.0,8955064.239374401,0.0,22.982077032572377,2178.3012143916426,593.5371198846954,1002.12,1
2026-09-13T21:43:37.046901+00:00,1789335817.0469017,F_lat_eastus_rep2,r3-pub,F01,drain,0,0,0,0,0,2273736380,22042517,798957165924,60320,1789156079.537691,5940997.316000001,192964.18600000002,83770772,80667596,426317331,7816,21258,16055174,4802337701,11084509.822,782361.708,178/888BF7A0,178/888BF7A0,1,1.0016593933105469,0,0.0,0.0,3,2.9950300671416983,0,0.0,0.0,0.0,0.0,0.0,streaming,178/888BF7A0,178/888BF7A0,178/888BF7A0,0,0,0,0,0.041229,0.041229,0.041229,0.0,True,178578680,reserved,0.2,36.6,0.0,8423781.633108512,0.0,10.981776912852894,5269.256231457961,16735.229671832098,1002.12,1
2026-09-13T21:43:38.048175+00:00,1789335818.0481756,F_lat_eastus_rep2,r3-pub,F01,drain,0,0,0,0,0,2273736380,22042517,798957165924,60320,1789156079.537691,5940997.316000001,192964.18600000002,83770775,80667596,426317331,7816,21258,16055174,4802337701,11084509.822,782361.708,178/888BF7A0,178/888BF7A0,1,1.0012738704681396,0,0.0,0.0,3,2.9961832506398753,0,0.0,0.0,0.0,0.0,0.0,streaming,178/888BF7A0,178/888BF7A0,178/888BF7A0,0,0,0,0,0.041229,0.041229,0.041229,0.0,True,178578680,reserved,0.8,36.6,0.0,0.0,0.0,0.0,65.91603151407726,125.83969652687476,1002.12,1
2026-09-13T21:43:39.049166+00:00,1789335819.049167,F_lat_eastus_rep2,r3-pub,F01,drain,0,0,0,0,0,2273736380,22042517,798957165924,60320,1789156079.537691,5940997.316000001,192964.18600000002,83770778,80667596,426317331,7816,21258,16055174,4802337701,11084509.822,782361.708,178/888BF7A0,178/888BF7A0,1,1.0009913444519043,0,0.0,0.0,3,2.9970289120158764,0,0.0,0.0,0.0,0.0,0.0,streaming,178/888BF7A0,178/888BF7A0,178/888BF7A0,0,0,0,0,0.041229,0.041229,0.041229,0.0,True,178578680,reserved,0.0,36.6,0.0,8380300.235855892,0.0,5.994057824031753,1172.8373142355463,362.64049835392103,1002.12,1
