sample_time,epoch,run_id,host,level_id,phase_state,clients,rows_per_commit,row_bytes,target_wal_mbps,network_latency_ms,wal_records,wal_fpi,wal_bytes,wal_buffers_full,wal_stats_reset,wal_write_time_ms,wal_sync_time_ms,xact_commit,xact_rollback,tup_inserted,tup_updated,tup_deleted,blks_read,blks_hit,blk_read_time_ms,blk_write_time_ms,current_wal_lsn,insert_lsn,active_backends,interval_sec,wal_bytes_delta,wal_bytes_per_sec,wal_mb_per_sec,commits_delta,commits_per_sec,rows_inserted_delta,rows_inserted_per_sec,rows_updated_per_sec,rows_deleted_per_sec,lsn_bytes_per_sec,wal_sync_time_delta_ms,repl_state,sent_lsn,write_lsn,replay_lsn,send_lag_bytes,write_lag_bytes,flush_lag_bytes,replay_lag_bytes,write_lag_sec,flush_lag_sec,replay_lag_sec,d_replay_lag_bytes_per_sec,slot_active,retained_wal_bytes,wal_status,cpu_pct,mem_used_pct,disk_read_bytes_per_sec,disk_write_bytes_per_sec,disk_read_iops,disk_write_iops,net_sent_bytes_per_sec,net_recv_bytes_per_sec,data_volume_free_gb,db_connected
2026-09-13T21:51:25.303008+00:00,1789336285.3020024,F_lat_northeurope_rep1,r3-pub,idle,idle,0,0,0,0,0,2282789644,22042609,801225274431,60320,1789156079.537691,5953980.017999999,192964.18600000002,85223127,85002632,427770021,7915,21564,16055187,4819039017,11084510.02,785546.377,179/107D2AE8,179/107D2AE8,1,1.0005648136138916,0,0.0,0.0,6,5.996613031322669,0,0.0,0.0,0.0,0.0,0.0,streaming,179/107D2AE8,179/107D2AE8,179/107D2AE8,0,0,0,0,,,,0.0,True,56,reserved,1.0,36.5,0.0,40936.878293829424,0.0,4.997177526102225,15056.495886146002,627.6454972784394,1004.03,1
2026-09-13T21:51:26.303135+00:00,1789336286.3031354,F_lat_northeurope_rep1,r3-pub,idle,idle,0,0,0,0,0,2282789644,22042609,801225274431,60320,1789156079.537691,5953980.017999999,192964.18600000002,85223130,85002632,427770021,7915,21564,16055187,4819039017,11084510.02,785546.377,179/107D2AE8,179/107D2AE8,1,1.0011329650878906,0,0.0,0.0,3,2.9966049512080812,0,0.0,0.0,0.0,0.0,0.0,streaming,179/107D2AE8,179/107D2AE8,179/107D2AE8,0,0,0,0,,,,0.0,True,56,reserved,0.8,36.5,0.0,102284.1156679025,0.0,5.9932099024161625,2750.8833452090184,2977.6264531837633,1004.03,1
2026-09-13T21:51:27.304179+00:00,1789336287.304179,F_lat_northeurope_rep1,r3-pub,idle,idle,0,0,0,0,0,2282789644,22042609,801225274431,60320,1789156079.537691,5953980.017999999,192964.18600000002,85223133,85002632,427770021,7915,21564,16055187,4819039017,11084510.02,785546.377,179/107D2AE8,179/107D2AE8,1,1.0010435581207275,0,0.0,0.0,3,2.996872589272679,0,0.0,0.0,0.0,0.0,0.0,streaming,179/107D2AE8,179/107D2AE8,179/107D2AE8,0,0,0,0,,,,0.0,True,56,reserved,0.6,36.5,0.0,32733.840335095712,0.0,6.992702708302917,1669.258032224882,719.2494214254428,1004.03,1
2026-09-13T21:51:28.305294+00:00,1789336288.305294,F_lat_northeurope_rep1,r3-pub,idle,idle,0,0,0,0,0,2282789644,22042609,801225274431,60320,1789156079.537691,5953980.017999999,192964.18600000002,85223138,85002632,427770021,7915,21564,16055187,4819039072,11084510.02,785546.377,179/107D2AE8,179/107D2AE8,1,1.001115083694458,0,0.0,0.0,5,4.994430791661119,0,0.0,0.0,0.0,0.0,0.0,streaming,179/107D2AE8,179/107D2AE8,179/107D2AE8,0,0,0,0,,,,0.0,True,56,reserved,0.6,36.5,0.0,45005.81474981668,0.0,4.994430791661119,809.0977882491014,296.6691890246705,1004.03,1
2026-09-13T21:51:29.306419+00:00,1789336289.3064196,F_lat_northeurope_rep1,r3-pub,idle,idle,0,0,0,0,0,2282789644,22042609,801225274431,60320,1789156079.537691,5953980.017999999,192964.18600000002,85223146,85002632,427770021,7915,21564,16055187,4819039864,11084510.02,785546.377,179/107D2AE8,179/107D2AE8,1,1.0011255741119385,0,0.0,0.0,8,7.991005531045897,0,0.0,0.0,0.0,0.0,0.0,streaming,179/107D2AE8,179/107D2AE8,179/107D2AE8,0,0,0,0,,,,0.0,True,56,reserved,3.1,36.5,65462.31731032799,94102.08113359648,1.9977513827614743,9.988756913807372,10548.127300980585,2036.707534725323,1004.03,1
2026-09-13T21:51:30.307333+00:00,1789336290.3073332,F_lat_northeurope_rep1,r3-pub,F01,drain,0,0,0,0,0,2282789721,22042614,801225280398,60320,1789156079.537691,5953981.341999999,192964.18600000002,85223158,85002632,427770021,7922,21564,16055187,4819041032,11084510.02,785546.377,179/107D42F8,179/107D4C58,1,1.0009136199951172,5967,5961.553405606679,0.005685380368811301,12,11.989046567333693,0,0.0,6.9936104976113205,0.0,6154.377237897962,0.0,streaming,179/107D42F8,179/107D2AE8,179/107D2AE8,0,6160,6160,6160,,,,6154.377237897962,True,6216,reserved,0.8,36.5,0.0,49107.13473979881,0.0,6.9936104976113205,7897.78442623107,3678.639121743555,1004.03,1
2026-09-13T21:51:31.307432+00:00,1789336291.3074322,F_lat_northeurope_rep1,r3-pub,F01,drain,0,0,0,0,0,2282789733,22042614,801225282738,60320,1789156079.537691,5953982.642,192964.18600000002,85223168,85002632,427770021,7922,21564,16055192,4819041552,11084510.114,785546.377,179/107D4C58,179/107D4C58,1,1.0000989437103271,2340,2339.7684946238355,0.002231377119659267,10,9.999010660785622,0,0.0,0.0,0.0,2399.762558588549,0.0,streaming,179/107D4C58,179/107D4C58,179/107D4C58,0,0,0,0,0.113425,0.113425,0.113425,-6159.390567043943,True,8616,reserved,0.6,36.5,0.0,274404.849366072,0.0,33.99663624667111,5382.4674387009,867.9141253561919,1004.03,1
2026-09-13T21:51:32.307949+00:00,1789336292.3079498,F_lat_northeurope_rep1,r3-pub,F01,drain,0,0,0,0,0,2282789733,22042614,801225282738,60320,1789156079.537691,5953982.642,192964.18600000002,85223171,85002632,427770021,7922,21564,16055192,4819041552,11084510.114,785546.377,179/107D4C58,179/107D4C58,1,1.0005176067352295,0,0.0,0.0,3,2.998447983128697,0,0.0,0.0,0.0,0.0,0.0,streaming,179/107D4C58,179/107D4C58,179/107D4C58,0,0,0,0,0.113425,0.113425,0.113425,0.0,True,8616,reserved,0.4,36.5,0.0,69595.97665373916,0.0,4.997413305214495,914.5266348542526,422.78116562114633,1004.03,1
2026-09-13T21:51:33.308148+00:00,1789336293.3081481,F_lat_northeurope_rep1,r3-pub,F01,drain,0,0,0,0,0,2282789733,22042614,801225282738,60320,1789156079.537691,5953982.642,192964.18600000002,85223174,85002632,427770021,7922,21564,16055192,4819041552,11084510.114,785546.377,179/107D4C58,179/107D4C58,1,1.0001983642578125,0,0.0,0.0,3,2.9994050252482873,0,0.0,0.0,0.0,0.0,0.0,streaming,179/107D4C58,179/107D4C58,179/107D4C58,0,0,0,0,0.113425,0.113425,0.113425,0.0,True,8616,reserved,0.8,36.5,0.0,118760.44217303087,0.0,9.998016750827626,1250.751895528536,416.91729850951197,1004.03,1
2026-09-13T21:51:34.308894+00:00,1789336294.308894,F_lat_northeurope_rep1,r3-pub,F01,drain,0,0,0,0,0,2282789733,22042614,801225282738,60320,1789156079.537691,5953982.642,192964.18600000002,85223177,85002632,427770021,7922,21564,16055192,4819041552,11084510.114,785546.377,179/107D4C58,179/107D4C58,1,1.0007457733154297,0,0.0,0.0,3,2.9977643473438045,0,0.0,0.0,0.0,0.0,0.0,streaming,179/107D4C58,179/107D4C58,179/107D4C58,0,0,0,0,0.113425,0.113425,0.113425,0.0,True,8616,reserved,1.8,36.5,0.0,36836.52830016067,0.0,5.995528694687609,1127.1593946012704,599.552869468761,1004.03,1
2026-09-13T21:51:35.309454+00:00,1789336295.3094547,F_lat_northeurope_rep1,r3-pub,F01,drain,0,0,0,0,0,2282789733,22042614,801225282738,60320,1789156079.537691,5953982.642,192964.18600000002,85223180,85002632,427770021,7922,21564,16055192,4819041552,11084510.114,785546.377,179/107D4C58,179/107D4C58,1,1.0005607604980469,0,0.0,0.0,3,2.998318661334167,0,0.0,0.0,0.0,0.0,0.0,streaming,179/107D4C58,179/107D4C58,179/107D4C58,0,0,0,0,0.113425,0.113425,0.113425,0.0,True,8616,reserved,0.6,36.5,0.0,16374.817649099665,0.0,1.9988791075561114,731.5897533655368,296.83354747208256,1004.03,1
2026-09-13T21:51:36.309733+00:00,1789336296.3097339,F_lat_northeurope_rep1,r3-pub,F01,drain,0,0,0,0,0,2282789733,22042614,801225282738,60320,1789156079.537691,5953982.642,192964.18600000002,85223183,85002632,427770021,7922,21564,16055192,4819041552,11084510.114,785546.377,179/107D4C58,179/107D4C58,1,1.000279188156128,0,0.0,0.0,3,2.9991626693044293,0,0.0,0.0,0.0,0.0,0.0,streaming,179/107D4C58,179/107D4C58,179/107D4C58,0,0,0,0,0.113425,0.113425,0.113425,0.0,True,8616,reserved,0.2,36.5,0.0,57327.994702864395,0.0,6.998046228377001,914.7446141378509,362.89868298583593,1004.03,1
2026-09-13T21:51:37.310702+00:00,1789336297.3107026,F_lat_northeurope_rep1,r3-pub,F01,drain,0,0,0,0,0,2282789733,22042614,801225282738,60320,1789156079.537691,5953982.642,192964.18600000002,85223186,85002632,427770021,7922,21564,16055192,4819041552,11084510.114,785546.377,179/107D4C58,179/107D4C58,1,1.0009686946868896,0,0.0,0.0,3,2.997096728323179,0,0.0,0.0,0.0,0.0,0.0,streaming,179/107D4C58,179/107D4C58,179/107D4C58,0,0,0,0,0.113425,0.113425,0.113425,0.0,True,8616,reserved,0.4,36.5,0.0,0.0,0.0,0.0,1462.5832034217115,653.367086774453,1004.03,1
2026-09-13T21:51:38.311992+00:00,1789336298.311993,F_lat_northeurope_rep1,r3-pub,F01,drain,0,0,0,0,0,2282789733,22042614,801225282738,60320,1789156079.537691,5953982.642,192964.18600000002,85223189,85002632,427770021,7922,21564,16055192,4819041552,11084510.114,785546.377,179/107D4C58,179/107D4C58,1,1.0012903213500977,0,0.0,0.0,3,2.996134024300691,0,0.0,0.0,0.0,0.0,0.0,streaming,179/107D4C58,179/107D4C58,179/107D4C58,0,0,0,0,0.113425,0.113425,0.113425,0.0,True,8616,reserved,0.2,36.5,0.0,192263.9177620582,0.0,8.988402072902073,3956.894334759779,16510.695896579673,1004.03,1
2026-09-13T21:51:39.313118+00:00,1789336299.3131187,F_lat_northeurope_rep1,r3-pub,F01,drain,0,0,0,0,0,2282789733,22042614,801225282738,60320,1789156079.537691,5953982.642,192964.18600000002,85223192,85002632,427770021,7922,21564,16055192,4819041552,11084510.114,785546.377,179/107D4C58,179/107D4C58,1,1.0011258125305176,0,0.0,0.0,3,2.9966263604940764,0,0.0,0.0,0.0,0.0,0.0,streaming,179/107D4C58,179/107D4C58,179/107D4C58,0,0,0,0,0.113425,0.113425,0.113425,0.0,True,8616,reserved,0.4,36.5,0.0,0.0,0.0,0.0,0.0,0.0,1004.03,1
2026-09-13T21:51:40.314343+00:00,1789336300.3143432,F_lat_northeurope_rep1,r3-pub,F01,drain,0,0,0,0,0,2282789733,22042614,801225282738,60320,1789156079.537691,5953982.642,192964.18600000002,85223195,85002632,427770021,7922,21564,16055192,4819041552,11084510.114,785546.377,179/107D4C58,179/107D4C58,1,1.0012245178222656,0,0.0,0.0,3,2.9963309393633435,0,0.0,0.0,0.0,0.0,0.0,streaming,179/107D4C58,179/107D4C58,179/107D4C58,0,0,0,0,0.113425,0.113425,0.113425,0.0,True,8616,reserved,1.8,36.5,0.0,225004.47800659135,0.0,6.991438858514469,2376.0904349151315,955.8295696569066,1004.03,1
2026-09-13T21:51:41.315468+00:00,1789336301.3154688,F_lat_northeurope_rep1,r3-pub,F01,drain,0,0,0,0,0,2282789733,22042614,801225282738,60320,1789156079.537691,5953984.237,192964.18600000002,85223198,85002632,427770021,7922,21564,16055192,4819041552,11084510.114,785546.377,179/107D4C90,179/107D4C90,1,1.0011255741119385,0,0.0,0.0,3,2.9966270741422116,0,0.0,0.0,0.0,55.937038717321286,0.0,streaming,179/107D4C90,179/107D4C90,179/107D4C90,0,0,0,0,,,,0.0,True,56,reserved,0.8,36.5,0.0,392773.90386196796,0.0,78.91117961907824,1952.8019766493412,3223.371856085639,1004.03,1
2026-09-13T21:51:42.315667+00:00,1789336302.3156674,F_lat_northeurope_rep1,r3-pub,F01,drain,0,0,0,0,0,2282789733,22042614,801225282738,60320,1789156079.537691,5953984.237,192964.18600000002,85223201,85002632,427770021,7922,21564,16055192,4819041552,11084510.114,785546.377,179/107D4C90,179/107D4C90,1,1.0001986026763916,0,0.0,0.0,3,2.9994043102763985,0,0.0,0.0,0.0,0.0,0.0,streaming,179/107D4C90,179/107D4C90,179/107D4C90,0,0,0,0,,,,0.0,True,56,reserved,6.4,36.5,0.0,0.0,0.0,0.0,0.0,0.0,1004.03,1
2026-09-13T21:51:43.315860+00:00,1789336303.3158605,F_lat_northeurope_rep1,r3-pub,F01,drain,0,0,0,0,0,2282789733,22042614,801225282738,60320,1789156079.537691,5953984.237,192964.18600000002,85223204,85002632,427770021,7922,21564,16055192,4819041552,11084510.114,785546.377,179/107D4C90,179/107D4C90,1,1.0001931190490723,0,0.0,0.0,3,2.999420754716082,0,0.0,0.0,0.0,0.0,0.0,streaming,179/107D4C90,179/107D4C90,179/107D4C90,0,0,0,0,,,,0.0,True,56,reserved,1.0,36.5,0.0,20476.04568552845,0.0,3.9992276729547753,1646.6819943391288,719.8609811318596,1004.03,1
2026-09-13T21:51:44.316989+00:00,1789336304.316989,F_lat_northeurope_rep1,r3-pub,F01,drain,0,0,0,0,0,2282789733,22042614,801225282738,60320,1789156079.537691,5953984.237,192964.18600000002,85223207,85002632,427770021,7922,21564,16055192,4819041552,11084510.114,785546.377,179/107D4C90,179/107D4C90,1,1.0011284351348877,0,0.0,0.0,3,2.9966185103870244,0,0.0,0.0,0.0,0.0,0.0,streaming,179/107D4C90,179/107D4C90,179/107D4C90,0,0,0,0,,,,0.0,True,56,reserved,1.0,36.5,0.0,0.0,0.0,0.0,1655.1322905704333,1134.7195425998866,1004.03,1
2026-09-13T21:51:45.318118+00:00,1789336305.3181183,F_lat_northeurope_rep1,r3-pub,F01,drain,0,0,0,0,0,2282789733,22042614,801225282738,60320,1789156079.537691,5953984.237,192964.18600000002,85223210,85002632,427770021,7922,21564,16055192,4819041552,11084510.114,785546.377,179/107D4C90,179/107D4C90,1,1.001129388809204,0,0.0,0.0,3,2.996615655812839,0,0.0,0.0,0.0,0.0,0.0,streaming,179/107D4C90,179/107D4C90,179/107D4C90,0,0,0,0,,,,0.0,True,56,reserved,1.0,36.5,0.0,106375.86029381471,0.0,3.9954875410837856,3351.2151750840253,453.48783591300963,1004.03,1
2026-09-13T21:51:46.319122+00:00,1789336306.3191228,F_lat_northeurope_rep1,r3-pub,F01,drain,0,0,0,0,0,2282789733,22042614,801225282738,60320,1789156079.537691,5953984.237,192964.18600000002,85223213,85002632,427770021,7922,21564,16055192,4819041552,11084510.114,785546.377,179/107D4C90,179/107D4C90,1,1.0010044574737549,0,0.0,0.0,3,2.9969896513459395,0,0.0,0.0,0.0,0.0,0.0,streaming,179/107D4C90,179/107D4C90,179/107D4C90,0,0,0,0,,,,0.0,True,56,reserved,0.4,36.5,0.0,85929.68728339078,0.0,8.990968954037818,1462.5309498568186,593.403950966496,1004.03,1
2026-09-13T21:51:47.320113+00:00,1789336307.3201134,F_lat_northeurope_rep1,r3-pub,F01,drain,0,0,0,0,0,2282789733,22042614,801225282738,60320,1789156079.537691,5953984.237,192964.18600000002,85223216,85002632,427770021,7922,21564,16055192,4819041552,11084510.114,785546.377,179/107D4C90,179/107D4C90,1,1.000990629196167,0,0.0,0.0,3,2.9970310535365474,0,0.0,0.0,0.0,0.0,0.0,streaming,179/107D4C90,179/107D4C90,179/107D4C90,0,0,0,0,,,,0.0,True,56,reserved,0.6,36.5,0.0,0.0,0.0,0.0,1645.3700483915645,659.3468317780405,1004.03,1
2026-09-13T21:51:48.320367+00:00,1789336308.320367,F_lat_northeurope_rep1,r3-pub,F01,drain,0,0,0,0,0,2282789733,22042614,801225282738,60320,1789156079.537691,5953984.237,192964.18600000002,85223219,85002632,427770021,7922,21564,16055192,4819041552,11084510.114,785546.377,179/107D4C90,179/107D4C90,1,1.000253677368164,0,0.0,0.0,3,2.9992391609031674,0,0.0,0.0,0.0,0.0,0.0,streaming,179/107D4C90,179/107D4C90,179/107D4C90,0,0,0,0,,,,0.0,True,56,reserved,0.4,36.5,0.0,53234.495613257284,0.0,8.997717482709502,0.0,59.98478321806335,1004.03,1
2026-09-13T21:51:49.320900+00:00,1789336309.3209007,F_lat_northeurope_rep1,r3-pub,F01,drain,0,0,0,0,0,2282789733,22042614,801225282738,60320,1789156079.537691,5953984.237,192964.18600000002,85223222,85002632,427770021,7922,21564,16055192,4819041552,11084510.114,785546.377,179/107D4C90,179/107D4C90,1,1.0005335807800293,0,0.0,0.0,3,2.9984001113297567,0,0.0,0.0,0.0,0.0,0.0,streaming,179/107D4C90,179/107D4C90,179/107D4C90,0,0,0,0,,,,0.0,True,56,reserved,0.4,36.5,0.0,81876.31237337789,0.0,12.993067149095612,1646.1216611200364,719.6160267191416,1004.03,1
2026-09-13T21:51:50.321992+00:00,1789336310.3219929,F_lat_northeurope_rep1,r3-pub,F01,drain,0,0,0,0,0,2282789733,22042614,801225282738,60320,1789156079.537691,5953984.237,192964.18600000002,85223225,85002632,427770021,7922,21564,16055192,4819041552,11084510.114,785546.377,179/107D4C90,179/107D4C90,1,1.0010921955108643,0,0.0,0.0,3,2.996726988236163,0,0.0,0.0,0.0,0.0,0.0,streaming,179/107D4C90,179/107D4C90,179/107D4C90,0,0,0,0,,,,0.0,True,56,reserved,0.4,36.5,0.0,0.0,0.0,0.0,1249.6351540944797,416.54505136482663,1004.03,1
2026-09-13T21:51:51.323019+00:00,1789336311.323019,F_lat_northeurope_rep1,r3-pub,F01,drain,0,0,0,0,0,2282789734,22042614,801225282788,60320,1789156079.537691,5953984.237,192964.18600000002,85223228,85002632,427770021,7922,21564,16055192,4819041552,11084510.114,785546.377,179/107D4C90,179/107D4C90,1,1.0010261535644531,50,49.948744917363086,4.7634835164416396e-05,3,2.9969246950417854,0,0.0,0.0,0.0,0.0,0.0,streaming,179/107D4C90,179/107D4C90,179/107D4C90,0,0,0,0,,,,0.0,True,56,reserved,0.4,36.5,0.0,53193.415387195,0.0,8.990774085125356,395.59405974551566,395.59405974551566,1004.03,1
2026-09-13T21:51:52.323922+00:00,1789336312.3239222,F_lat_northeurope_rep1,r3-pub,F01,drain,0,0,0,0,0,2282789734,22042614,801225282788,60320,1789156079.537691,5953984.237,192964.18600000002,85223231,85002632,427770021,7922,21564,16055192,4819041552,11084510.114,785546.377,179/107D4C90,179/107D4C90,1,1.0009031295776367,0,0.0,0.0,3,2.9972930559882918,0,0.0,0.0,0.0,0.0,0.0,streaming,179/107D4C90,179/107D4C90,179/107D4C90,0,0,0,0,,,,0.0,True,56,reserved,0.4,36.5,0.0,61384.56178664022,0.0,4.995488426647153,1516.6302863300757,533.518163965916,1004.03,1
2026-09-13T21:51:53.324926+00:00,1789336313.3249261,F_lat_northeurope_rep1,r3-pub,F01,drain,0,0,0,0,0,2282789734,22042614,801225282788,60320,1789156079.537691,5953984.237,192964.18600000002,85223235,85002632,427770021,7922,21564,16055192,4819041552,11084510.114,785546.377,179/107D4C90,179/107D4C90,1,1.0010039806365967,0,0.0,0.0,4,3.99598810531819,0,0.0,0.0,0.0,0.0,0.0,streaming,179/107D4C90,179/107D4C90,179/107D4C90,0,0,0,0,,,,0.0,True,56,reserved,0.4,36.5,0.0,0.0,0.0,0.0,3958.026218317667,16575.358660859853,1004.03,1
2026-09-13T21:51:54.325782+00:00,1789336314.3257825,F_lat_northeurope_rep1,r3-pub,F01,drain,0,0,0,0,0,2282789734,22042614,801225282788,60320,1789156079.537691,5953984.237,192964.18600000002,85223237,85002632,427770021,7922,21564,16055192,4819041552,11084510.114,785546.377,179/107D4C90,179/107D4C90,1,1.0008563995361328,0,0.0,0.0,2,1.998288666512939,0,0.0,0.0,0.0,0.0,0.0,streaming,179/107D4C90,179/107D4C90,179/107D4C90,0,0,0,0,,,,0.0,True,56,reserved,0.2,36.5,0.0,40924.95189018499,0.0,6.994010332795286,731.3736519437356,296.74586697717143,1004.03,1
2026-09-13T21:51:55.326760+00:00,1789336315.3267608,F_lat_northeurope_rep1,r3-pub,F01,drain,0,0,0,0,0,2282789734,22042614,801225282788,60320,1789156079.537691,5953984.237,192964.18600000002,85223240,85002632,427770021,7922,21564,16055192,4819041552,11084510.114,785546.377,179/107D4C90,179/107D4C90,1,1.0009782314300537,0,0.0,0.0,3,2.997068173714459,0,0.0,0.0,0.0,0.0,0.0,streaming,179/107D4C90,179/107D4C90,179/107D4C90,0,0,0,0,,,,0.0,True,56,reserved,0.4,36.5,0.0,90023.93575658576,0.0,14.985340868572294,914.10579298291,422.5866124937387,1004.03,1
2026-09-13T21:51:56.327671+00:00,1789336316.3276718,F_lat_northeurope_rep1,r3-pub,F01,drain,0,0,0,0,0,2282789734,22042614,801225282788,60320,1789156079.537691,5953984.237,192964.18600000002,85223243,85002632,427770021,7922,21564,16055192,4819041552,11084510.114,785546.377,179/107D4C90,179/107D4C90,1,1.000910997390747,0,0.0,0.0,3,2.9972694953104067,0,0.0,0.0,0.0,0.0,0.0,streaming,179/107D4C90,179/107D4C90,179/107D4C90,0,0,0,0,,,,0.0,True,56,reserved,0.2,36.5,0.0,57291.80731302665,0.0,2.9972694953104067,1900.2688600267977,3070.2030530296265,1004.03,1
2026-09-13T21:51:57.329165+00:00,1789336317.329166,F_lat_northeurope_rep1,r3-pub,F01,drain,0,0,0,0,0,2282789734,22042614,801225282788,60320,1789156079.537691,5953984.237,192964.18600000002,85223246,85002632,427770021,7922,21564,16055192,4819041552,11084510.114,785546.377,179/107D4C90,179/107D4C90,1,1.0014941692352295,0,0.0,0.0,3,2.995524179926967,0,0.0,0.0,0.0,0.0,0.0,streaming,179/107D4C90,179/107D4C90,179/107D4C90,0,0,0,0,,,,0.0,True,56,reserved,0.2,36.5,0.0,20449.44506830143,0.0,4.992540299878279,700.9526581029103,245.6329827540113,1004.03,1
2026-09-13T21:51:58.330158+00:00,1789336318.330159,F_lat_northeurope_rep1,r3-pub,F01,drain,0,0,0,0,0,2282789734,22042614,801225282788,60320,1789156079.537691,5953984.237,192964.18600000002,85223249,85002632,427770021,7922,21564,16055192,4819041552,11084510.114,785546.377,179/107D4C90,179/107D4C90,1,1.000993013381958,0,0.0,0.0,3,2.9970239151462117,0,0.0,0.0,0.0,0.0,0.0,streaming,179/107D4C90,179/107D4C90,179/107D4C90,0,0,0,0,,,,0.0,True,56,reserved,0.2,36.5,0.0,204596.83260731472,0.0,39.960318868616156,944.0625332710566,473.5297785931014,1004.03,1
2026-09-13T21:51:59.330683+00:00,1789336319.3306837,F_lat_northeurope_rep1,r3-pub,F01,drain,0,0,0,0,0,2282789734,22042614,801225282788,60320,1789156079.537691,5953984.237,192964.18600000002,85223252,85002632,427770021,7922,21564,16055192,4819041552,11084510.114,785546.377,179/107D4C90,179/107D4C90,1,1.0005247592926025,0,0.0,0.0,3,2.998426547805853,0,0.0,0.0,0.0,0.0,0.0,streaming,179/107D4C90,179/107D4C90,179/107D4C90,0,0,0,0,,,,0.0,True,56,reserved,4.1,36.5,0.0,57313.92398579294,0.0,3.997902063741137,1645.136699229478,719.6223714734047,1004.03,1
2026-09-13T21:52:00.331332+00:00,1789336320.3313322,F_lat_northeurope_rep1,r3-pub,F01,drain,0,0,0,0,0,2282789734,22042614,801225282788,60320,1789156079.537691,5953984.237,192964.18600000002,85223275,85002632,427770021,7922,21564,16055192,4819041597,11084510.114,785546.377,179/107D4C90,179/107D4C90,1,1.0006484985351562,0,0.0,0.0,23,22.98509420008082,0,0.0,0.0,0.0,0.0,0.0,streaming,179/107D4C90,179/107D4C90,179/107D4C90,0,0,0,0,,,,0.0,True,56,reserved,1.0,36.5,0.0,57306.8366004102,0.0,8.994167295683798,3705.596925821725,327.78743033158736,1004.03,1
2026-09-13T21:52:01.344787+00:00,1789336321.3427868,F_lat_northeurope_rep1,r3-pub,F01,load,16,1,1000,6,99.5,2282789734,22042614,801225282788,60320,1789156079.537691,5953984.237,192964.18600000002,85223280,85002632,427770021,7922,21564,16055192,4819041691,11084510.114,785546.377,179/107D4C90,179/107D4C90,1,1.0114545822143555,0,0.0,0.0,5,4.943375696666092,0,0.0,0.0,0.0,0.0,0.0,streaming,179/107D4C90,179/107D4C90,179/107D4C90,0,0,0,0,,,,0.0,True,56,reserved,26.6,37.1,93141.10752630384,117438.787750557,2.966025417999655,9.886751393332183,2520.1329301603732,2223.530388360408,1004.03,1
2026-09-13T21:52:02.343243+00:00,1789336322.3432438,F_lat_northeurope_rep1,r3-pub,F01,load,16,1,1000,6,99.5,2282789735,22042614,801225282838,60320,1789156079.537691,5954014.018999999,192964.18600000002,85223302,85002632,427770021,7922,21564,16055192,4819042267,11084510.114,785546.377,179/10C84000,179/10D06F08,1,1.0004570484161377,50,49.977158019084314,4.766193200977737e-05,22,21.989949528397098,0,0.0,0.0,0.0,4909740.011104277,0.0,streaming,179/10C81C98,179/10B7FDD8,179/10B7FCC0,9064,1065512,1937016,1065792,0.097079,0.313051,0.097079,1065305.1039895182,True,4910064,reserved,29.9,37.5,0.0,8085904.350223689,0.0,48.97761485870263,4902690.233194105,131118.07269254886,1004.03,1
2026-09-13T21:52:03.343579+00:00,1789336323.34358,F_lat_northeurope_rep1,r3-pub,F01,load,16,1,1000,6,99.5,2282817470,22042626,801232317779,60320,1789156079.537691,5954052.584,192964.18600000002,85227638,85002632,427774401,7969,21615,16055193,4819094691,11084516.363,785556.676,179/11313DF0,179/113C9908,1,1.0003361701965332,7034941,7032576.8572557615,6.706787926917802,4336,4334.542855876259,4380,4378.528069358397,46.98420531046683,50.982861081570384,6878439.673583089,0.0,streaming,179/11311BE0,179/11311BE0,179/11310608,8720,8720,1534056,14312,0.111590,0.111590,0.111590,-1051126.6425499928,True,11790816,reserved,7.7,37.5,16378.49403844018,6985427.707394737,1.9993278855517798,32.98891011160437,6628196.797779829,281569.34477802826,1004.02,1
2026-09-13T21:52:04.344210+00:00,1789336324.3442101,F_lat_northeurope_rep1,r3-pub,F01,load,16,1,1000,6,99.5,2282844362,22042626,801239238125,60320,1789156079.537691,5954096.369,192964.18600000002,85232074,85002632,427778829,7969,21615,16055193,4819143427,11084516.363,785567.723,179/11B74000,179/11BFE238,1,1.0006301403045654,6920346,6915987.957242252,6.595600087396862,4436,4433.206457932397,4428,4425.211495880219,0.0,0.0,8776821.371108094,0.0,streaming,179/11B71C48,179/11A61B58,179/11A61B58,9144,1123496,1893992,1123496,0.113152,0.113152,0.113152,1108485.4986102993,True,20573168,reserved,4.3,37.5,0.0,17192366.39700239,0.0,81.94836103481889,8829175.38073652,288828.9972077322,1004.01,1
2026-09-13T21:52:05.345867+00:00,1789336325.3458679,F_lat_northeurope_rep1,r3-pub,F01,load,16,1,1000,6,99.5,2282878911,22042626,801248104626,60320,1789156079.537691,5954149.543,192964.18600000002,85237763,85002632,427784515,7969,21615,16055193,4819203822,11084516.363,785581.843,179/1244E000,179/12490C90,1,1.0016577243804932,8866501,8851827.1103872,8.441760168444825,5689,5679.584813783113,5686,5676.589778725748,0.0,0.0,9266175.235398358,0.0,streaming,179/12449EF0,179/1233FD50,179/1233EBE0,16656,1106608,1892832,1111072,0.112744,0.189179,0.112744,-12403.43851756748,True,29854704,reserved,6.6,37.5,0.0,18773614.521497734,0.0,80.86594654885431,9223382.174498728,352311.96386795666,1004.01,1
2026-09-13T21:52:06.346609+00:00,1789336326.3465912,F_lat_northeurope_rep1,r3-pub,F01,load,16,1,1000,6,99.5,2282913649,22042626,801257035193,60320,1789156079.537691,5954193.174,192964.18600000002,85243476,85002632,427790225,7969,21615,16055193,4819264526,11084516.363,785594.997,179/12CC9470,179/12D0BFD0,1,1.0007233619689941,8930567,8924111.63703471,8.510696064982138,5713,5708.870420252074,5710,5705.872588769358,0.0,0.0,8887123.3929238,0.0,streaming,179/12CC7BF8,179/12BB3B70,179/12BB3B70,6264,1136896,2271088,1136896,0.112442,0.112442,0.112442,25805.333403218898,True,38748256,reserved,4.4,37.5,0.0,17325835.149771594,0.0,41.9696407580233,9013921.671871077,335067.62482316175,1004.0,1
2026-09-13T21:52:07.347909+00:00,1789336327.34791,F_lat_northeurope_rep1,r3-pub,F01,load,16,1,1000,6,99.5,2282948328,22042627,801265901307,60320,1789156079.537691,5954239.191,192964.18600000002,85249208,85002632,427795953,7969,21615,16055193,4819325432,11084516.363,785606.085,179/1355E000,179/135A3750,1,1.0013186931610107,8866114,8854437.713542556,8.444249833624417,5732,5724.451205344972,5728,5720.45647317097,0.0,0.0,8985926.320415922,0.0,streaming,179/1355BC30,179/13449D78,179/13449D78,9168,1131144,1981056,1131144,0.113141,0.113141,0.113141,-5744.424866214982,True,47746032,reserved,4.1,37.5,0.0,9011604.458830407,0.0,27.96312521801452,8989195.010017298,325757.4259103036,1003.99,1
2026-09-13T21:52:08.348534+00:00,1789336328.3485348,F_lat_northeurope_rep1,r3-pub,F01,load,16,1,1000,6,99.5,2282983067,22042627,801274853439,60320,1789156079.537691,5954277.882999999,192964.18600000002,85254914,85002632,427801657,7969,21615,16055193,4819386060,11084516.363,785617.8,179/13CCE000,179/13D87848,1,1.0006248950958252,8952132,8946541.350185672,8.53208670633857,5706,5702.43657534981,5704,5700.437824359501,0.0,0.0,7793913.621600577,0.0,streaming,179/13CCBC58,179/13BB5C80,179/13BB5C38,9128,1147776,1790736,1147848,0.113141,0.254475,0.113141,16693.568271055596,True,55544816,reserved,3.3,37.5,0.0,13622975.069688402,0.0,26.983138369163136,7793993.571640189,324714.08775901404,1003.98,1
2026-09-13T21:52:09.348889+00:00,1789336329.3488894,F_lat_northeurope_rep1,r3-pub,F01,load,16,1,1000,6,99.5,2283014529,22042627,801282953840,60320,1789156079.537691,5954314.6219999995,192964.18600000002,85260104,85002632,427806844,7969,21615,16055193,4819440866,11084516.363,785629.157,179/14442000,179/14535090,1,1.000354528427124,8100401,8097530.195356251,7.72240657363534,5190,5188.160649565243,5187,5185.161712773586,0.0,0.0,7812398.28272476,0.0,streaming,179/1443BD50,179/1443BD50,179/1443BD50,25264,25264,1353960,25264,0.112609,0.112609,0.112609,-1122186.1531081982,True,63359984,reserved,3.1,37.5,0.0,16234884.272014502,0.0,32.98830470821831,7864726.730802368,319443.7481104278,1003.98,1
2026-09-13T21:52:10.349251+00:00,1789336330.3492517,F_lat_northeurope_rep1,r3-pub,F01,load,16,1,1000,6,99.5,2283045626,22042627,801290919957,60320,1789156079.537691,5954352.947,192964.18600000002,85265249,85002632,427811986,7969,21615,16055193,4819495214,11084516.363,785639.686,179/14B94000,179/14C01078,1,1.0003623962402344,7966117,7963231.154969322,7.59432902810032,5145,5143.1361467973875,5142,5140.137233592258,0.0,0.0,7673123.288969222,0.0,streaming,179/14B91EB8,179/14A89EB0,179/14A89EB0,8520,1089872,1906016,1089872,0.112036,0.269518,0.112036,1064222.3298288966,True,71035888,reserved,6.4,37.5,0.0,16066881.422580166,0.0,31.988407521383166,7795922.786892872,247791.20140024938,1003.97,1
2026-09-13T21:52:11.349716+00:00,1789336331.3497164,F_lat_northeurope_rep1,r3-pub,F01,load,16,1,1000,6,99.5,2283072850,22042627,801297872603,60320,1789156079.537691,5954401.648,192964.18600000002,85269755,85002632,427816489,7969,21615,16055193,4819543125,11084516.363,785648.357,179/15206000,179/152A5E38,1,1.000464677810669,6952646,6949416.760234429,6.627480278238705,4506,4503.90713429338,4503,4500.908527679337,0.0,0.0,6755260.980117261,0.0,streaming,179/15203C68,179/15103CB8,179/15103CB8,9112,1057608,1444304,1057608,0.112097,0.249413,0.112097,-32249.014598500136,True,77794288,reserved,5.2,37.6,0.0,6886272.1021559,0.0,25.98792398837725,6839482.844085902,283173.4155972006,1003.96,1
2026-09-13T21:52:12.350342+00:00,1789336332.3503428,F_lat_northeurope_rep1,r3-pub,F01,load,16,1,1000,6,99.5,2283099846,22042628,801304783678,60320,1789156079.537691,5954434.284,192964.18600000002,85274220,85002632,427820951,7969,21615,16055193,4819590884,11084516.363,785657.62,179/1581A000,179/158ADAD0,1,1.0006263256072998,6911075,6906749.126159091,6.586789251479235,4465,4462.205206614071,4462,4459.207084414778,0.0,0.0,6369386.69001325,0.0,streaming,179/15815E58,179/15715C18,179/15715C18,16808,1065960,1639816,1065960,0.110326,0.110326,0.110326,8346.772202831069,True,84167664,reserved,6.7,37.5,0.0,14752743.978668222,0.0,26.98309979363492,6421391.118308116,230216.80931709384,1003.96,1
2026-09-13T21:52:13.351924+00:00,1789336333.3519244,F_lat_northeurope_rep1,r3-pub,F01,load,16,1,1000,6,99.5,2283123950,22042628,801310979439,60320,1789156079.537691,5954466.135,192964.18600000002,85278196,85002632,427824924,7969,21615,16055193,4819633196,11084516.363,785665.445,179/15E3A000,179/15EA6D10,4,1.0015816688537598,6195761,6185976.833112986,5.899407227623926,3976,3969.721215595184,3973,3966.725953108568,0.0,0.0,6412385.729213809,0.0,streaming,179/15E37BD8,179/15D33FD0,179/15D33FD0,9256,1073200,1882240,1073200,0.111701,0.111701,0.111701,7228.566801033484,True,90590192,reserved,7.1,37.5,0.0,14795925.745086454,0.0,26.957362379544758,6418201.530541988,189195.75496710496,1003.95,1
2026-09-13T21:52:14.352836+00:00,1789336334.3528361,F_lat_northeurope_rep1,r3-pub,F01,load,16,1,1000,6,99.5,2283147904,22042628,801317147228,60320,1789156079.537691,5954500.02,192964.18600000002,85282142,85002632,427828867,7969,21615,16055193,4819675348,11084516.363,785673.584,179/16428000,179/164380C0,2,1.0009117126464844,6167789,6162170.870887214,5.87670409287187,3946,3942.4056589032066,3943,3939.408391549757,0.0,0.0,6212064.382341844,0.0,streaming,179/1641EA60,179/1631BC08,179/1631BC08,38304,1098744,1919808,1098744,0.112247,0.112247,0.112247,25520.73242550013,True,96807920,reserved,4.4,37.5,0.0,14617584.96292824,0.0,24.97722794540805,6209178.013880473,228325.83245103533,1003.95,1
2026-09-13T21:52:15.356288+00:00,1789336335.3562884,F_lat_northeurope_rep1,r3-pub,F01,load,16,1,1000,6,99.5,2283170263,22042628,801322884521,60320,1789156079.537691,5954528.005,192964.18600000002,85285815,85002632,427832537,7969,21615,16055193,4819714850,11084516.363,785680.711,179/16950000,179/169BEFB0,1,1.0034523010253906,5737293,5717554.281491281,5.452684670916826,3673,3660.363323943448,3670,3657.37364521439,0.0,0.0,5388118.5926576415,0.0,streaming,179/1694DFE8,179/16849FE8,179/16849A18,8216,1073176,2176384,1074664,0.112637,0.112637,0.112637,-23997.154598572888,True,102214640,reserved,6.7,37.6,0.0,5396282.408707123,0.0,12.955274492585032,5377935.74690647,213171.06929887587,1003.94,1
2026-09-13T21:52:16.357020+00:00,1789336336.3570204,F_lat_northeurope_rep1,r3-pub,F01,load,16,1,1000,6,99.5,2283192567,22042628,801328636201,60320,1789156079.537691,5954558.9459999995,192964.18600000002,85289478,85002632,427836197,7969,21615,16055193,4819754102,11084516.363,785688.85,179/16E71818,179/16F1BBC8,1,1.0007319450378418,5751680,5747473.165536357,5.481217542206151,3663,3660.3208463196274,3660,3657.323040548686,0.0,0.0,5376184.928119343,0.0,streaming,179/16E6FD60,179/16E6FD60,179/16E6F390,6840,6840,531808,9352,0.113495,0.113495,0.113495,-1064532.8204844268,True,107594760,reserved,2.4,37.6,0.0,13940772.121022334,0.0,25.980983348160063,5387000.01207231,222128.41420945572,1003.94,1
2026-09-13T21:52:17.357849+00:00,1789336337.3578491,F_lat_northeurope_rep1,r3-pub,F01,load,16,1,1000,6,99.5,2283214230,22042628,801334238016,60320,1789156079.537691,5954592.353,192964.18600000002,85293053,85002632,427839769,7969,21615,16055193,4819792430,11084516.363,785696.423,179/1741C000,179/17471380,1,1.000828742980957,5601815,5597176.379362425,5.33788335739367,3575,3572.039697173268,3572,3569.042181343472,0.0,0.0,5936304.32945414,0.0,streaming,179/17405CC8,179/17305C80,179/173056B0,90936,1139584,2343328,1141072,0.113495,0.113495,0.113495,1130782.8716321485,True,4278384,reserved,3.9,37.6,0.0,14393703.319404066,0.0,36.96936190081424,5860987.747542749,173587.1408754151,1003.93,1
2026-09-13T21:52:18.358351+00:00,1789336338.3583515,F_lat_northeurope_rep1,r3-pub,F01,load,16,1,1000,6,99.5,2283235877,22042629,801339811676,60320,1789156079.537691,5954621.233,192964.18600000002,85296626,85002632,427843339,7969,21615,16055193,4819830718,11084516.363,785704.51,179/17928000,179/179D44C8,1,1.000502347946167,5573660,5570861.489172533,5.312787522480519,3573,3571.2060119945354,3570,3568.2075182816934,0.0,0.0,5289374.8933858005,0.0,streaming,179/17925FF8,179/17925FF8,179/17925FF8,8200,8200,1308056,8200,0.111350,0.303523,0.111350,-1132303.1898181564,True,9570416,reserved,3.9,37.6,0.0,5289374.8933858005,0.0,12.993472755647623,5387837.43093229,238215.33301671356,1003.93,1
2026-09-13T21:52:19.359148+00:00,1789336339.3591487,F_lat_northeurope_rep1,r3-pub,F01,load,16,1,1000,6,99.5,2283257825,22042629,801345459771,60320,1789156079.537691,5954654.489999999,192964.18600000002,85300252,85002632,427846962,7969,21615,16055193,4819869365,11084516.363,785712.919,179/17F36000,179/17F37298,1,1.0007972717285156,5648095,5643595.5208440535,5.382152100414327,3626,3623.1113957149337,3623,3620.113785624712,0.0,0.0,6343742.313600378,0.0,streaming,179/17E66770,179/17E31FC0,179/17E31FC0,850064,1065024,2482760,1065024,0.112358,0.282022,0.112358,1055982.095329575,True,15919216,reserved,4.1,37.5,0.0,14807522.381036237,0.0,31.974507629034164,5715454.229926854,197530.5145052658,1003.92,1
2026-09-13T21:52:20.359917+00:00,1789336340.3599179,F_lat_northeurope_rep1,r3-pub,F01,load,16,1,1000,6,99.5,2283279845,22042629,801351105459,60320,1789156079.537691,5954690.933999999,192964.18600000002,85303895,85002632,427850601,7969,21615,16055193,4819908071,11084516.363,785721.286,179/18424000,179/184C2E80,1,1.0007691383361816,5645688,5641349.022199246,5.380009672354933,3643,3640.2001824882727,3639,3636.203256677141,0.0,0.0,5165179.262615872,0.0,streaming,179/18421F40,179/18421F40,179/18421970,8384,8384,1438200,9872,0.095005,0.189569,0.095005,-1054341.0658668312,True,21088368,reserved,2.3,37.5,0.0,13571897.33346611,0.0,23.98155486679071,5907201.544832318,236074.42610868774,1003.92,1
2026-09-13T21:52:21.361025+00:00,1789336341.3609893,F_lat_northeurope_rep1,r3-pub,F01,load,16,1,1000,6,99.5,2283302648,22042629,801356941699,60320,1789156079.537691,5954724.113,192964.18600000002,85307665,85002632,427854369,7969,21615,16055193,4819948477,11084516.363,785728.688,179/18A56000,179/18A57B00,1,1.0010714530944824,5836240,5829993.435492729,5.559915004246453,3770,3765.964945205747,3768,3763.96708581837,0.0,0.0,6489303.016202256,0.0,streaming,179/1899C848,179/18947E40,179/18947DF8,759736,1106368,2846400,1106440,0.112378,0.300428,0.112378,1095394.3363486407,True,27584624,reserved,3.5,37.5,0.0,14868932.636115383,0.0,24.973242342213176,5976391.576751251,186556.11387449456,1003.91,1
2026-09-13T21:52:22.361522+00:00,1789336342.361522,F_lat_northeurope_rep1,r3-pub,F01,load,16,1,1000,6,99.5,2283325566,22042629,801362799780,60320,1789156079.537691,5954750.884,192964.18600000002,85311454,85002632,427858155,7969,21615,16055193,4819988772,11084516.363,785736.17,179/18F67950,179/19021810,1,1.000532627105713,5858081,5854962.488275812,5.5837273485906715,3789,3786.982950231834,3786,3783.9845472625293,0.0,0.0,5312066.649315221,0.0,streaming,179/18F65FD8,179/18D61E90,179/18D61E90,6520,2120384,8161296,2120384,0.111965,0.283457,0.111965,1013404.2334362277,True,32899520,reserved,6.2,37.5,0.0,5436592.323565758,0.0,17.99041781582819,5975757.149764878,243516.29661973752,1003.91,1
2026-09-13T21:52:23.362404+00:00,1789336343.3624043,F_lat_northeurope_rep1,r3-pub,F01,load,16,1,1000,6,99.5,2283349425,22042629,801368884546,60320,1789156079.537691,5954784.333,192964.18600000002,85315397,85002632,427862095,7969,21615,16055193,4820030792,11084516.363,785744.113,179/1950E000,179/195F9C10,1,1.0008823871612549,6084766,6079401.614067635,5.797769178455004,3943,3939.523814764394,3940,3936.5264595921158,0.0,0.0,5919304.881369127,0.0,streaming,179/1950BC10,179/1950BC10,179/1950AF68,9200,9200,14085824,12440,0.111712,1.595800,0.111712,-2106085.6170909754,True,38824048,reserved,7.2,37.5,0.0,13746334.411001416,0.0,26.976196550504348,5961665.502900545,214456.7661029465,1003.9,1
2026-09-13T21:52:24.362701+00:00,1789336344.3627014,F_lat_northeurope_rep1,r3-pub,F01,load,16,1,1000,6,99.5,2283373540,22042629,801375024952,60320,1789156079.537691,5954817.13,192964.18600000002,85319364,85002632,427866059,7969,21615,16055193,4820072909,11084516.363,785752.483,179/19B42000,179/19C05290,1,1.0002970695495605,6140406,6138582.414087307,5.85420838745814,3967,3965.821875081932,3964,3962.8227660259085,0.0,0.0,6502516.300411627,0.0,streaming,179/19B3FFE8,179/19B3FFE8,179/19B3EEB8,8216,8216,1009512,12616,0.112749,0.112749,0.112749,175.94773128672045,True,45328496,reserved,5.2,37.5,0.0,9635025.727247203,0.0,103.969113942153,6568675.64648449,243305.72127897415,1003.9,1
2026-09-13T21:52:25.363631+00:00,1789336345.363113,F_lat_northeurope_rep1,r3-pub,F01,load,16,1,1000,6,99.5,2283398272,22042630,801381351993,60320,1789156079.537691,5954869.687,192964.18600000002,85323455,85002632,427870147,7969,21615,16055193,4820117006,11084516.363,785761.01,179/1A213778,179/1A213778,1,1.0004115104675293,6327041,6324438.427385886,6.031454493890654,4091,4089.3172031658496,4088,4086.3184371894386,0.0,0.0,7146491.1440881025,0.0,streaming,179/1A164918,179/1A103BB8,179/1A103BB8,716384,1113024,2183968,1113024,0.112599,0.266741,0.112599,1099955.3568568386,True,52477928,reserved,5.0,37.5,0.0,11091499.731759783,0.0,53.97778757539865,6828235.109777575,232482.331087242,1003.89,1
2026-09-13T21:52:26.364113+00:00,1789336346.3635964,F_lat_northeurope_rep1,r3-pub,F01,load,16,1,1000,6,99.5,2283423125,22042630,801387708731,60320,1789156079.537691,5954897.75,192964.18600000002,85327566,85002632,427874255,7969,21615,16055193,4820160621,11084516.363,785770.049,179/1A75E000,179/1A83EC60,1,1.000483512878418,6356738,6353665.920702175,6.059328003599334,4111,4109.013239181266,4108,4106.014689018886,0.0,0.0,5545486.685770335,0.0,streaming,179/1A75BBC0,179/1A75BBC0,179/1A75BBC0,9280,9280,510056,9280,0.113350,0.113350,0.113350,-1103210.5834752826,True,58026096,reserved,4.6,37.6,0.0,5567867.864182338,0.0,12.99371737031293,6017118.645643862,257297.59330005347,1003.89,1
2026-09-13T21:52:27.364302+00:00,1789336347.3643024,F_lat_northeurope_rep1,r3-pub,F01,load,16,1,1000,6,99.5,2283448352,22042630,801394166046,60320,1789156079.537691,5954938.822,192964.18600000002,85331737,85002632,427878423,7969,21615,16055193,4820205041,11084516.363,785779.575,179/1ADAA000,179/1AE71CC8,1,1.0007059574127197,6457315,6452759.626509167,6.153831125744979,4171,4168.057528890838,4168,4165.059645269002,0.0,0.0,6598094.026612092,0.0,streaming,179/1ADA7DA0,179/1ADA7DA0,179/1ADA7DA0,8800,8800,758288,8800,0.112858,0.112858,0.112858,-479.6613794935512,True,64628848,reserved,5.4,37.6,0.0,15631588.76403944,0.0,47.966137949355115,6655070.803434141,250638.06020348964,1003.88,1
2026-09-13T21:52:28.365198+00:00,1789336348.3651986,F_lat_northeurope_rep1,r3-pub,F01,load,16,1,1000,6,99.5,2283473719,22042630,801400676210,60320,1789156079.537691,5954976.886,192964.18600000002,85335924,85002632,427882606,7969,21615,16055193,4820249658,11084516.363,785789.181,179/1B434000,179/1B4BE5F0,2,1.0008962154388428,6510164,6504334.714809187,6.203016962823092,4187,4183.250905953531,4183,4179.254487605355,0.0,0.0,6850564.41840344,0.0,streaming,179/1B431BD0,179/1B31FF20,179/1B31F998,9264,1130720,1429592,1132136,0.113103,0.113103,0.113103,1122330.1503917403,True,71485552,reserved,1.8,37.5,0.0,15837326.343620855,0.0,31.97134678541032,6907220.642220948,213429.72098894182,1003.87,1
2026-09-13T21:52:29.366497+00:00,1789336349.3664975,F_lat_northeurope_rep1,r3-pub,F01,load,16,1,1000,6,99.5,2283499339,22042630,801407246110,60320,1789156079.537691,5955014.8549999995,192964.18600000002,85340151,85002632,427886830,7969,21615,16055193,4820294527,11084516.363,785798.708,179/1BA6A000,179/1BB07300,3,1.0012989044189453,6569900,6561377.3979034955,6.257417104629035,4227,4221.516653364294,4224,4218.520545022659,0.0,0.0,6504191.67668948,0.0,streaming,179/1BA67CD8,179/1B953CC0,179/1B953CC0,9000,1139520,1779600,1139520,0.099381,0.099381,0.099381,7374.421331545292,True,77998192,reserved,4.7,37.5,0.0,14890099.184370887,0.0,23.96886673308329,6530936.93715248,278775.89675580844,1003.87,1
2026-09-13T21:52:30.367601+00:00,1789336350.367601,F_lat_northeurope_rep1,r3-pub,F01,load,16,1,1000,6,99.5,2283525018,22042630,801413838178,60320,1789156079.537691,5955051.671,192964.18600000002,85344381,85002632,427891060,7969,21615,16055193,4820339771,11084516.363,785807.429,179/1C106000,179/1C167530,4,1.001103401184082,6592068,6584802.321321707,6.279756852456767,4230,4225.337757315431,4230,4225.337757315431,0.0,0.0,6922793.381585604,0.0,streaming,179/1C103E88,179/1BFFFB98,179/1BFFFB98,8568,1074280,2516472,1074280,0.094679,0.104128,0.094679,-65168.09344852453,True,84928624,reserved,4.6,37.6,0.0,6943250.808836152,0.0,19.977956299363743,6952960.0955976425,214678.12390388793,1003.86,1
2026-09-13T21:52:31.370256+00:00,1789336351.370257,F_lat_northeurope_rep1,r3-pub,F01,load,16,1,1000,6,99.5,2283550804,22042631,801420441785,60320,1789156079.537691,5955085.211,192964.18600000002,85348623,85002632,427895297,7969,21615,16055193,4820384833,11084516.363,785816.057,179/1C72CA28,179/1C7C5158,1,1.0026559829711914,6603607,6586114.392327659,6.281008140876445,4242,4230.763165078408,4237,4225.776409815468,0.0,0.0,6432619.073281204,0.0,streaming,179/1C72BE10,179/1C62BFE0,179/1C62BF18,3096,1051208,1718144,1051408,0.094679,0.157780,0.094679,-22811.41327479334,True,91378328,reserved,5.4,37.6,0.0,14914882.32652343,0.0,33.9099357879929,6441287.051279247,230757.11303729165,1003.86,1
2026-09-13T21:52:32.370810+00:00,1789336352.37081,F_lat_northeurope_rep1,r3-pub,F01,load,16,1,1000,6,99.5,2283576612,22042631,801427075903,60320,1789156079.537691,5955120.852,192964.18600000002,85352857,85002632,427899528,7969,21615,16055193,4820429977,11084516.363,785825.222,179/1CD6C000,179/1CE025B0,1,1.0005531311035156,6634118,6630450.491602774,6.3232903400447595,4234,4231.6593376008905,4231,4228.6609960768465,0.0,0.0,6547378.441337609,0.0,streaming,179/1CD57FF0,179/1CC55FD8,179/1CC55A90,81936,1138728,2152536,1140080,0.111998,0.111998,0.111998,88622.97987334582,True,4284264,reserved,2.5,37.5,0.0,15011728.546023661,0.0,36.97954546321043,6476508.641628128,239615.4612355074,1003.85,1
2026-09-13T21:52:33.403959+00:00,1789336353.4039598,F_lat_northeurope_rep1,r3-pub,F01,load,16,1,1000,6,99.5,2283601944,22042631,801433599312,60320,1789156079.537691,5955190.660999999,192964.18600000002,85357036,85002632,427903704,7969,21615,16055193,4820474150,11084516.363,785833.787,179/1D426000,179/1D470880,1,1.0331497192382812,6523409,6314098.410450682,6.021593485308344,4179,4044.9122931389707,4176,4042.008551363566,0.0,0.0,6826998.90312147,0.0,streaming,179/1D35B3C8,179/1D311FF8,179/1D311A70,1133624,1433608,2603088,1435024,0.110042,0.268923,0.110042,285480.4047350037,True,11640680,reserved,9.2,37.6,35681.178936174925,7294818.804729096,4.839569625674768,30.00533167918356,6324274.089545626,235028.8593012694,1003.85,1
2026-09-13T21:52:34.404858+00:00,1789336354.4048586,F_lat_northeurope_rep1,r3-pub,F01,load,16,1,1000,6,99.5,2283627196,22042631,801440082892,60320,1789156079.537691,5955229.915,192964.18600000002,85361199,85002632,427907864,7969,21615,16055193,4820518236,11084516.363,785842.2,179/1DA74000,179/1DA8BF88,1,1.000898838043213,6483580,6477757.54508377,6.177670998653192,4163,4159.261497534346,4160,4156.264191626922,0.0,0.0,6605007.168281455,0.0,streaming,179/1DA71FD8,179/1D963C48,179/1D963C48,8232,1115064,2433808,1115064,0.113701,0.188435,0.113701,-319672.6660463822,True,17948520,reserved,5.4,37.6,0.0,14683250.13617959,0.0,24.977549228527177,7250648.840983747,245530.30801839128,1003.84,1
2026-09-13T21:52:35.405994+00:00,1789336355.4059947,F_lat_northeurope_rep1,r3-pub,F01,load,16,1,1000,6,99.5,2283652039,22042631,801446472487,60320,1789156079.537691,5955260.544,192964.18600000002,85365291,85002632,427911952,7969,21615,16055193,4820562462,11084516.363,785850.396,179/1E000000,179/1E0A9B38,1,1.001136064529419,6389595,6382344.245088614,6.086677785004247,4092,4087.356499262098,4088,4083.361038363504,0.0,0.0,5809719.783428184,0.0,streaming,179/1DFDE8B8,179/1DF9BD68,179/1DF9BD68,137032,410264,1001152,410264,0.112461,0.283847,0.112461,-704000.210332338,True,24452968,reserved,5.2,37.6,0.0,14917069.246745886,0.0,26.96936106551238,5820031.069142232,233755.43873749158,1003.83,1
2026-09-13T21:52:36.407447+00:00,1789336356.4074473,F_lat_northeurope_rep1,r3-pub,F01,load,16,1,1000,6,99.5,2283676777,22042631,801452853150,60320,1789156079.537691,5955297.091,192964.18600000002,85369364,85002632,427916023,7969,21615,16055193,4820610216,11084516.363,785858.72,179/1E634000,179/1E6AC6A8,1,1.0014526844024658,6380663,6371407.35591231,6.076247554695425,4073,4067.0917991799347,4071,4065.094700334278,0.0,0.0,6495012.796217119,0.0,streaming,179/1E631C70,179/1E52BD38,179/1E52BD38,9104,1082056,2389712,1082056,0.112578,0.292211,0.112578,670817.5138607137,True,30269288,reserved,4.4,37.6,0.0,14184322.655718496,0.0,24.96373557070915,6491456.961722428,213403.9913503414,1003.83,1
2026-09-13T21:52:37.407729+00:00,1789336357.4077294,F_lat_northeurope_rep1,r3-pub,F01,load,16,1,1000,6,99.5,2283701106,22042632,801459117846,60320,1789156079.537691,5955328.675,192964.18600000002,85373375,85002632,427920031,7969,21615,16055193,4820656454,11084516.363,785867.493,179/1EC60000,179/1ECA94C0,1,1.0002820491790771,6264696,6262929.545862971,5.9727950533513745,4011,4009.869019734777,4008,4006.8698656437264,0.0,0.0,6469855.182656984,0.0,streaming,179/1EC5DD58,179/1EB55C68,179/1EB55C68,8872,1090456,1639920,1090456,0.112406,0.112406,0.112406,8397.63145494194,True,36740968,reserved,2.9,37.6,0.0,6576321.154017162,0.0,20.994078637354853,6498237.177538627,240370.20378134886,1003.82,1
2026-09-13T21:52:38.407976+00:00,1789336358.4079766,F_lat_northeurope_rep1,r3-pub,F01,load,16,1,1000,6,99.5,2283725465,22042632,801465373383,60320,1789156079.537691,5955361.273999999,192964.18600000002,85377383,85002632,427924036,7969,21615,16055193,4820697499,11084516.363,785875.776,179/1F206000,179/1F2940B8,1,1.0002472400665283,6255537,6253990.762907711,5.964270365627013,4008,4007.009306752419,4005,4004.010048289281,0.0,0.0,5921352.004536461,0.0,streaming,179/1F203EF8,179/1F0FFFF0,179/1F0FFFB0,8456,1073168,2394760,1073232,0.112135,0.112135,0.112135,-17219.74258969652,True,42663784,reserved,5.4,37.6,0.0,14328361.454960633,0.0,25.99357334719633,5931228.562655575,244638.51555713825,1003.82,1
2026-09-13T21:52:39.408523+00:00,1789336359.4084976,F_lat_northeurope_rep1,r3-pub,F01,load,16,1,1000,6,99.5,2283749662,22042632,801471579327,60320,1789156079.537691,5955394.533,192964.18600000002,85381352,85002632,427928002,7969,21615,16055193,4820737515,11084516.363,785884.354,179/1F822000,179/1F87E630,1,1.000520944595337,6205944,6202712.730326708,5.915367822958668,3969,3966.9334474604843,3966,3963.9350094805445,0.0,0.0,6402808.491521365,0.0,streaming,179/1F81FCB0,179/1F71DFC8,179/1F71DAC0,9040,1065016,1634216,1066304,0.112213,0.285100,0.112213,-6924.39277500787,True,49069928,reserved,3.5,37.5,0.0,14803424.236151697,0.0,22.988024512872546,6415221.025278989,210151.5227000476,1003.81,1
2026-09-13T21:52:40.409908+00:00,1789336360.409909,F_lat_northeurope_rep1,r3-pub,F01,load,16,1,1000,6,99.5,2283773755,22042632,801477755001,60320,1789156079.537691,5955425.819,192964.18600000002,85385318,85002632,427931965,7969,21615,16055193,4820777535,11084516.363,785892.961,179/1FE3E000,179/1FE6B8E8,1,1.0014114379882812,6175674,6166969.704686226,5.88128061741469,3966,3960.4101266980047,3963,3957.4143550439217,0.0,0.0,6397114.8690584125,0.0,streaming,179/1FE3BFC8,179/1FD35C80,179/1FD35158,8248,1082240,1864872,1085096,0.112798,0.112798,0.112798,18765.513641177233,True,55476072,reserved,5.7,37.5,0.0,14790260.464523796,0.0,23.966173232665685,6435879.155671697,225114.2651744288,1003.81,1
2026-09-13T21:52:41.411219+00:00,1789336361.411201,F_lat_northeurope_rep1,r3-pub,F01,load,16,1,1000,6,99.5,2283797894,22042632,801483952131,60320,1789156079.537691,5955463.069,192964.18600000002,85389302,85002632,427935946,7969,21615,16055193,4820817384,11084516.363,785901.402,179/20414000,179/2045CFF8,1,1.0012919902801514,6197130,6189133.699417795,5.902417849939151,3984,3978.859352390622,3981,3975.8632233602075,0.0,0.0,6111527.965271995,0.0,streaming,179/20411E40,179/2030DFC8,179/2030DAC0,8640,1073208,1798760,1074496,0.112710,0.112710,0.112710,-10586.322574131675,True,61595496,reserved,5.0,37.6,0.0,6144253.683961538,0.0,16.978064505682873,6142714.6723495815,228380.93405303158,1003.8,1
2026-09-13T21:52:42.412602+00:00,1789336362.4126022,F_lat_northeurope_rep1,r3-pub,F01,load,16,1,1000,6,99.5,2283822060,22042632,801490161198,60320,1789156079.537691,5955495.716,192964.18600000002,85393290,85002632,427939931,7969,21615,16055193,4820857450,11084516.363,785909.857,179/20A3B878,179/20A56AB8,2,1.0014011859893799,6209067,6200379.115654302,5.913142314581205,3988,3982.4198890476387,3985,3979.424086723882,0.0,0.0,6444338.283486354,0.0,streaming,179/20A39F30,179/20931E08,179/20931260,6472,1088112,2074184,1091096,0.118493,0.118493,0.118493,16576.772858122065,True,68048864,reserved,1.6,37.6,0.0,14896758.870183928,0.0,26.962220913813,6494306.269045072,225835.56237409767,1003.8,1
2026-09-13T21:52:43.413518+00:00,1789336363.4135182,F_lat_northeurope_rep1,r3-pub,F01,load,16,1,1000,6,99.5,2283846433,22042633,801496421293,60320,1789156079.537691,5955525.056,192964.18600000002,85397314,85002632,427943952,7969,21615,16055193,4820897427,11084516.363,785918.785,179/20F5A000,179/21056FB0,2,1.0009160041809082,6260095,6254365.974618319,5.964628195398635,4024,4020.317372478232,4021,4017.3201179758876,0.0,0.0,5362775.675060372,0.0,streaming,179/20F57C38,179/20F57C38,179/20F56BD8,9160,9160,1268832,13352,0.112168,0.283149,0.112168,-1076757.685458295,True,73416552,reserved,5.0,37.5,0.0,13758149.477556998,0.0,21.979866350527114,5400340.265738257,232607.93016345787,1003.79,1
2026-09-13T21:52:44.413682+00:00,1789336364.4136744,F_lat_northeurope_rep1,r3-pub,F01,load,16,1,1000,6,99.5,2283870778,22042633,801502658061,60320,1789156079.537691,5955565.149999999,192964.18600000002,85401333,85002632,427947968,7969,21615,16055193,4820937746,11084516.363,785927.436,179/21630000,179/21653540,4,1.0001561641693115,6236768,6235794.19237995,5.946916763668012,4019,4018.372474200582,4016,4015.3729426199397,0.0,0.0,7166880.790014872,0.0,streaming,179/2162BB40,179/21527FD8,179/21527B10,17600,1081384,2259216,1082608,0.112493,0.112493,0.112493,1069089.046597118,True,80584552,reserved,5.2,37.6,0.0,7195548.313174932,0.0,17.99718948385431,7215784.153061806,222493.25452572957,1003.79,1
2026-09-13T21:52:45.413875+00:00,1789336365.4138706,F_lat_northeurope_rep1,r3-pub,F01,load,16,1,1000,6,99.5,2283895226,22042633,801508920119,60320,1789156079.537691,5955593.574,192964.18600000002,85405369,85002632,427952001,7969,21615,16055193,4820978472,11084516.363,785936.207,179/21B56000,179/21C5A7F0,2,1.0001962184906006,6262058,6260829.509483742,5.970792302592985,4036,4035.208217534296,4033,4032.208806074286,0.0,0.0,5397468.916796083,0.0,streaming,179/21B51F90,179/21B51F90,179/21B51F90,16496,16496,447304,16496,0.112402,0.112402,0.112402,-1065902.8501516164,True,85983080,reserved,3.9,37.5,0.0,13784431.239708357,0.0,19.996076400070844,5447994.002839962,245823.76483191093,1003.78,1
2026-09-13T21:52:46.417611+00:00,1789336366.4176116,F_lat_northeurope_rep1,r3-pub,F01,load,16,1,1000,6,99.5,2283919782,22042633,801515204885,60320,1789156079.537691,5955631.239,192964.18600000002,85409420,85002632,427956049,7969,21615,16055193,4821018935,11084516.363,785944.963,179/22214000,179/2225E8E8,1,1.0037410259246826,6284766,6261342.156668595,5.9712812010465575,4051,4035.9015875315768,4048,4032.9127687800105,0.0,0.0,7043346.657557551,0.0,streaming,179/22211FD0,179/22109F30,179/22109E68,8240,1089744,1307328,1089944,0.016281,0.016281,0.016281,1069447.170410416,True,93052776,reserved,3.5,37.5,0.0,15494546.499852851,0.0,29.888187515662132,7132284.937147906,229176.6442325941,1003.78,1
2026-09-13T21:52:47.418574+00:00,1789336367.4185746,F_lat_northeurope_rep1,r3-pub,F01,load,16,1,1000,6,99.5,2283944408,22042633,801521481192,60320,1789156079.537691,5955668.591999999,192964.18600000002,85413470,85002632,427960096,7969,21615,16055193,4821059838,11084516.363,785954.372,179/2284D670,179/22866810,1,1.0009629726409912,6276307,6270268.902595143,5.97979440936579,4050,4046.1037128219396,4047,4043.10659896059,0.0,0.0,6520297.132250509,0.0,streaming,179/22849E00,179/22741FA8,179/227415D8,14448,1095368,1696816,1097880,0.112589,0.285807,0.112589,7928.365201223435,True,4636960,reserved,4.5,37.5,0.0,15116067.6404229,0.0,39.961518151327795,6571592.735987508,238177.64144759017,1003.77,1
2026-09-13T21:52:48.419363+00:00,1789336368.4193633,F_lat_northeurope_rep1,r3-pub,F01,load,16,1,1000,6,99.5,2283969058,22042633,801527792277,60320,1789156079.537691,5955696.205999999,192964.18600000002,85417538,85002632,427964161,7969,21615,16055193,4821100718,11084516.363,785964.318,179/22D7A000,179/22E6A438,1,1.000788688659668,6311085,6306111.44141955,6.013976518077421,4068,4064.7941429555663,4065,4061.7965071569265,0.0,0.0,5421276.300860585,0.0,streaming,179/22D77BA8,179/22D77BA8,179/22D77BA8,9304,9304,938400,9304,0.113563,0.113563,0.113563,-1087718.1290467056,True,10062512,reserved,2.7,37.5,0.0,5451572.406665504,0.0,11.990543194559192,5472491.907692279,249178.47576193322,1003.77,1
2026-09-13T21:52:49.419846+00:00,1789336369.4198463,F_lat_northeurope_rep1,r3-pub,F01,load,16,1,1000,6,99.5,2283993655,22042634,801534085588,60320,1789156079.537691,5955743.836,192964.18600000002,85421606,85002632,427968226,7969,21615,16055193,4821142084,11084516.363,785973.91,179/23426000,179/2346EA20,1,1.0004830360412598,6293311,6290272.571638551,5.998871394766379,4068,4066.035958087186,4065,4063.037406495676,0.0,0.0,6992590.326850367,0.0,streaming,179/23421FE8,179/23317E10,179/23317E10,16408,1106416,1742760,1106416,0.113335,0.113335,0.113335,1096582.311221472,True,17058480,reserved,3.3,37.6,0.0,10161363.695106914,0.0,61.97006622453429,7070720.587118744,224522.5475174736,1003.76,1
2026-09-13T21:52:50.420596+00:00,1789336370.4205964,F_lat_northeurope_rep1,r3-pub,F01,load,16,1,1000,6,99.5,2284018262,22042634,801540377944,60320,1789156079.537691,5955779.293,192964.18600000002,85425676,85002632,427972292,7969,21615,16055193,4821183376,11084516.363,785983.631,179/23A60000,179/23A79230,1,1.0007500648498535,6292356,6287639.8623507125,5.996360647536004,4070,4066.9495241158324,4066,4062.9525221265294,0.0,0.0,6524130.479051805,0.0,streaming,179/23A5BCE8,179/23951C18,179/23951C18,17176,1106920,2108880,1106920,0.112481,0.112481,0.112481,503.62225065218166,True,23587504,reserved,2.5,37.6,0.0,11255557.60187733,0.0,68.94828431547725,6590391.778779973,237137.1317728621,1003.75,1
2026-09-13T21:52:51.420839+00:00,1789336371.4208398,F_lat_northeurope_rep1,r3-pub,F01,load,16,1,1000,6,99.5,2284042933,22042634,801546695783,60320,1789156079.537691,5955807.766,192964.18600000002,85429755,85002632,427976368,7969,21615,16055193,4821224307,11084516.363,785993.067,179/23F8E000,179/24081030,1,1.0002434253692627,6317839,6316301.451986676,6.023694469439198,4079,4078.007309564813,4076,4075.0080396631965,0.0,0.0,5429974.20652369,0.0,streaming,179/23F8BFE8,179/23F8BFE8,179/23F8BFA8,8216,8216,1349032,8280,0.112105,0.285290,0.112105,-1098372.6282373832,True,29018800,reserved,4.8,37.6,0.0,5438164.212868371,0.0,12.996836240338949,5504906.965989048,246201.06841400845,1003.75,1
2026-09-13T21:52:52.421478+00:00,1789336372.4214778,F_lat_northeurope_rep1,r3-pub,F01,load,16,1,1000,6,99.5,2284067584,22042634,801552997956,60320,1789156079.537691,5955851.768,192964.18600000002,85433831,85002632,427980441,7969,21615,16055193,4821265573,11084516.363,786002.724,179/2463E000,179/24687D58,1,1.0006380081176758,6302173,6298154.726158333,6.006388403089841,4076,4073.4011370080393,4073,4070.403049812008,0.0,0.0,7007880.915088468,0.0,streaming,179/24637B48,179/24531F20,179/24531380,25784,1097952,2209344,1100928,0.112499,0.284145,0.112499,1091951.326189784,True,36031152,reserved,6.4,37.6,0.0,16078829.576207655,0.0,46.97003273782577,7084489.038483862,220350.41464672217,1003.74,1
2026-09-13T21:52:53.422045+00:00,1789336373.4220457,F_lat_northeurope_rep1,r3-pub,F01,load,16,1,1000,6,99.5,2284092306,22042634,801559308131,60320,1789156079.537691,5955886.009,192964.18600000002,85437918,85002632,427984525,7969,21615,16055193,4821306727,11084516.363,786012.153,179/24C74000,179/24C8DB88,1,1.00056791305542,6310175,6306593.403271058,6.014436152716692,4087,4084.680256754973,4084,4081.6819595271127,0.0,0.0,6508943.486017301,0.0,streaming,179/24C71FE8,179/24B6BC10,179/24B6BC10,8216,1082352,1504928,1082352,0.112676,0.284255,0.112676,-18565.456434910786,True,42543792,reserved,10.1,37.6,0.0,14958288.992394475,0.0,27.984107460029175,6613112.3271724405,254965.2019331444,1003.74,1
2026-09-13T21:52:54.422614+00:00,1789336374.422614,F_lat_northeurope_rep1,r3-pub,F01,load,16,1,1000,6,99.5,2284117000,22042634,801565610148,60320,1789156079.537691,5955921.841,192964.18600000002,85441995,85002632,427988599,7969,21615,16055193,4821347626,11084516.363,786021.15,179/25220000,179/25298790,1,1.0005683898925781,6302017,6298437.032051942,6.006657630969946,4077,4074.683990804177,4074,4071.6856950052043,0.0,0.0,5944013.48281502,0.0,streaming,179/2521BDA0,179/25111FC8,179/25111760,16992,1105976,1238088,1108128,0.112274,0.112274,0.112274,25761.357504775195,True,48491184,reserved,6.3,37.6,0.0,14413823.32850667,0.0,24.9857983247742,6000136.583012127,219709.1195571365,1003.73,1
2026-09-13T21:52:55.423037+00:00,1789336375.4230273,F_lat_northeurope_rep1,r3-pub,F01,load,16,1,1000,6,99.5,2284141765,22042635,801571924312,60320,1789156079.537691,5955959.566,192964.18600000002,85446070,85002632,427992671,7969,21615,16055193,4821388518,11084516.363,786029.817,179/2585A000,179/258A2FC0,1,1.000413179397583,6314164,6311556.195013533,6.019169039739164,4075,4073.3169893401796,4072,4070.3182283664323,0.0,0.0,6526327.45595332,0.0,streaming,179/25855F60,179/2574FFE8,179/2574F550,16544,1089560,1639128,1092272,0.112514,0.283724,0.112514,-15849.451333246108,True,55020208,reserved,4.5,37.6,0.0,6616402.238908761,0.0,22.990500798729848,6591834.38983784,235000.90246868652,1003.73,1
2026-09-13T21:52:56.424146+00:00,1789336376.4241467,F_lat_northeurope_rep1,r3-pub,F01,load,16,1,1000,6,99.5,2284166449,22042635,801578237402,60320,1789156079.537691,5955992.534,192964.18600000002,85450149,85002632,427996747,7969,21615,16055193,4821429571,11084516.363,786039.151,179/25E8C000,179/25EA6B88,1,1.0011193752288818,6313090,6306031.1848990675,6.013899979495113,4079,4074.439173717355,4076,4071.442528088242,0.0,0.0,6488992.382666441,0.0,streaming,179/25E89D18,179/25D83BB0,179/25D83AE0,8936,1082448,2225216,1082656,0.111818,0.111818,0.111818,-9605.248123183645,True,61516464,reserved,3.1,37.6,0.0,14884586.562509779,0.0,22.97428315653326,6583456.641714847,238267.2894982828,1003.72,1
2026-09-13T21:52:57.424306+00:00,1789336377.4243062,F_lat_northeurope_rep1,r3-pub,F01,load,16,1,1000,6,99.5,2284191052,22042635,801584524268,60320,1789156079.537691,5956026.682999999,192964.18600000002,85454218,85002632,428000814,7969,21615,16055193,4821471001,11084516.363,786047.45,179/26430000,179/264A9638,1,1.000159502029419,6286866,6285863.392032321,5.994666473419495,4069,4068.351089744797,4067,4066.351408697982,0.0,0.0,5913680.755918095,0.0,streaming,179/2642BFE0,179/26323EA0,179/26323EA0,16416,1098080,1470464,1098080,0.112759,0.284631,0.112759,15421.540233036065,True,67431088,reserved,6.8,37.6,0.0,14333713.743568791,0.0,25.995853608592952,5985414.314269961,220971.75455670393,1003.72,1
2026-09-13T21:52:58.425162+00:00,1789336378.4250977,F_lat_northeurope_rep1,r3-pub,F01,load,16,1,1000,6,99.5,2284215671,22042635,801590814879,60320,1789156079.537691,5956058.6389999995,192964.18600000002,85458290,85002632,428004883,7969,21615,16055193,4821512309,11084516.363,786056.834,179/26A62000,179/26AAA618,1,1.0007915496826172,6290611,6285635.607130129,5.99444924080861,4072,4068.7793589897524,4069,4065.781731760634,0.0,0.0,6491117.957640799,0.0,streaming,179/26A5FFF8,179/26957CA8,179/26957CA8,8200,1090392,2099048,1090392,0.112537,0.112537,0.112537,-7681.91937915354,True,73927344,reserved,4.2,37.6,0.0,14942668.13577967,0.0,26.97864506206368,6583687.684103197,234429.4374531878,1003.71,1
2026-09-13T21:52:59.425661+00:00,1789336379.425617,F_lat_northeurope_rep1,r3-pub,F01,load,16,1,1000,6,99.5,2284240227,22042635,801597087548,60320,1789156079.537691,5956094.540999999,192964.18600000002,85462352,85002632,428008942,7969,21615,16055193,4821553057,11084516.363,786066.103,179/27092000,179/270ABF28,1,1.0005192756652832,6272669,6269413.446161808,5.978978582536515,4062,4059.8917969861423,4059,4056.8933540046164,0.0,0.0,6484696.654830404,0.0,streaming,179/27000000,179/26F8BC00,179/26F8B128,598016,1074176,1726584,1076952,0.113051,0.113051,0.113051,-13433.024557236275,True,80415408,reserved,6.8,37.6,0.0,6521541.522187394,0.0,15.991695901471756,5965478.272301418,233959.51051952565,1003.71,1
2026-09-13T21:53:00.425982+00:00,1789336380.4259825,F_lat_northeurope_rep1,r3-pub,F01,load,16,1,1000,6,99.5,2284264841,22042635,801603377312,60320,1789156079.537691,5956128.847999999,192964.18600000002,85466419,85002632,428013006,7969,21615,16055193,4821594014,11084516.363,786075.747,179/27638000,179/276B01C8,1,1.0003654956817627,6289764,6287465.9583429955,5.996194799750324,4067,4065.5140721624794,4064,4062.5151682489095,0.0,0.0,5920652.02725082,0.0,streaming,179/27635F38,179/2752DC40,179/2752DB78,8392,1090496,1955544,1090696,0.112539,0.112539,0.112539,13738.978462700052,True,86338224,reserved,5.0,37.6,0.0,14306195.147451153,0.0,21.991962032843507,6589364.615687407,209334.48914817235,1003.7,1
2026-09-13T21:53:01.426400+00:00,1789336381.4264004,F_lat_northeurope_rep1,r3-pub,F01,load,16,1,1000,6,99.5,2284289484,22042636,801609680713,60320,1789156079.537691,5956164.001,192964.18600000002,85470491,85002632,428017074,7969,21615,16055193,4821634799,11084516.363,786085.217,179/27C69AA0,179/27CB1D48,1,1.000417947769165,6303401,6300767.608234111,6.008880241617309,4072,4070.298827685134,4068,4066.3004987777813,0.0,0.0,6492166.613446862,0.0,streaming,179/27C67C30,179/27B59E28,179/27B59E28,7792,1113208,1653224,1113208,0.112245,0.112245,0.112245,22502.595090581468,True,92833104,reserved,2.7,37.5,0.0,15026039.90014435,0.0,32.986213485660464,6573781.502685974,240811.35343204346,1003.7,1
2026-09-13T21:53:02.427260+00:00,1789336382.4272604,F_lat_northeurope_rep1,r3-pub,F01,load,16,1,1000,6,99.5,2284314104,22042636,801615955207,60320,1789156079.537691,5956201.995,192964.18600000002,85474550,85002632,428021130,7969,21615,16055193,4821675672,11084516.363,786093.524,179/2820E000,179/282B6678,1,1.0008599758148193,6274494,6269102.723277363,5.978682254102099,4059,4055.512357455887,4056,4052.5149351665627,0.0,0.0,5910916.754547679,0.0,streaming,179/2820BC90,179/2820BC90,179/2820B040,9072,9072,413960,12224,0.113231,0.113231,0.113231,-1100037.993929838,True,3574024,reserved,5.2,37.5,0.0,14393254.149534851,0.0,34.96992670878444,5962526.371525266,255146.58011186993,1003.69,1
2026-09-13T21:53:03.427809+00:00,1789336383.4278097,F_lat_northeurope_rep1,r3-pub,F01,load,16,1,1000,6,99.5,2284338803,22042636,801622257497,60320,1789156079.537691,5956247.074,192964.18600000002,85478611,85002632,428025189,7969,21615,16055193,4821717171,11084516.363,786102.528,179/28972000,179/289BC948,2,1.00054931640625,6302290,6298829.949368633,6.007032346123346,4061,4058.7704508021716,4059,4056.7715488318186,0.0,0.0,7745377.337156103,0.0,streaming,179/2896DF78,179/2885FFE8,179/2885FFA0,16520,1122328,1456040,1122400,0.113231,0.113231,0.113231,1109566.4969194168,True,11323656,reserved,7.0,37.6,0.0,7802689.85445007,0.0,19.989019703531994,6868074.254132861,223887.0151894101,1003.68,1
2026-09-13T21:53:04.428188+00:00,1789336384.4281883,F_lat_northeurope_rep1,r3-pub,F01,load,16,1,1000,6,99.5,2284363347,22042636,801628532473,60320,1789156079.537691,5956295.636,192964.18600000002,85482664,85002632,428029239,7969,21615,16055193,4821761648,11084516.363,786111.338,179/29102000,179/29153128,4,1.0003786087036133,6274976,6272601.138614626,5.9820186029573685,4053,4051.4660796798394,4050,4048.4672150760794,0.0,0.0,7926854.823771441,0.0,streaming,179/290FFEA0,179/28FFFD00,179/28FFFBF0,8544,1057536,2066032,1057808,0.105559,0.229157,0.105559,-64567.55416202323,True,19253512,reserved,2.7,37.8,0.0,16431027.07014194,0.0,30.988267572187272,6267058.237205342,224545.9849357419,1003.68,1
2026-09-13T21:53:05.428785+00:00,1789336385.4287622,F_lat_northeurope_rep1,r3-pub,F01,load,16,1,1000,6,99.5,2284429975,22042637,801637421521,60320,1789156079.537691,5956330.427,192964.18600000002,85486731,85002632,428033349,7982,21666,16055193,4821923912,11084516.363,786122.387,179/2973D4B0,179/2977A028,2,1.0005738735198975,8889048,8883949.736494126,8.47239469193852,4067,4064.6673950148106,4110,4107.642732606558,12.992543923086435,50.97074923672371,6530572.277500167,0.0,streaming,179/2973BB90,179/2962FDD8,179/2962F8C8,6432,1103576,1491888,1104872,0.113124,0.285436,0.113124,47037.00670739538,True,25787832,reserved,11.7,37.6,0.0,14995042.742040612,0.0,31.981646579905075,6467885.251924185,227529.42688691214,1003.68,1
2026-09-13T21:53:06.429020+00:00,1789336386.4290202,F_lat_northeurope_rep1,r3-pub,F01,load,16,1,1000,6,99.5,2284454329,22042637,801643644413,60320,1789156079.537691,5956361.103,192964.18600000002,85490754,85002632,428037369,7982,21666,16055193,4821970262,11084516.363,786131.983,179/29C68000,179/29D2C230,4,1.000257968902588,6222892,6221287.1013937695,5.933081723588724,4023,4021.9624587582643,4020,4018.96323246538,0.0,0.0,5416410.734466865,0.0,streaming,179/29C65FF0,179/29C65FF0,179/29C65FF0,8208,8208,727368,8208,0.112490,0.112490,0.112490,-1096381.1677533367,True,31205640,reserved,3.3,37.6,0.0,5421705.368615903,0.0,10.997163073910244,5472606.237774545,241632.66628624874,1003.67,1
2026-09-13T21:53:07.433091+00:00,1789336387.4295726,F_lat_northeurope_rep1,r3-pub,F01,load,16,1,1000,6,99.5,2284477460,22042638,801649570396,60320,1789156079.537691,5956402.444,192964.18600000002,85494571,85002632,428041183,7982,21666,16055193,4822012985,11084516.363,786140.93,179/2A212000,179/2A2DFA68,1,1.0005524158477783,5925983,5922711.200471045,5.648337555380865,3817,3814.892592874124,3814,3811.894249206683,0.0,0.0,5935920.9032219015,0.0,streaming,179/2A20FE70,179/2A20FE70,179/2A20FE70,8592,8592,458008,8592,0.112323,0.112323,0.112323,383.78798943245056,True,37144840,reserved,4.5,37.6,0.0,14401772.232782517,0.0,31.98233245270421,5983003.893831728,219586.69682871053,1003.67,1
2026-09-13T21:53:08.433365+00:00,1789336388.4323657,F_lat_northeurope_rep1,r3-pub,F01,load,16,1,1000,6,99.5,2284500544,22042638,801655475383,60320,1789156079.537691,5956459.579,192964.18600000002,85498377,85002632,428044986,7982,21666,16055193,4822055297,11084516.363,786149.453,179/2A856000,179/2A86D750,1,1.0027930736541748,5904987,5888539.874415213,5.615749239363874,3806,3795.3991705696053,3803,3792.407526451973,0.0,0.0,6551684.662179605,0.0,streaming,179/2A833708,179/2A74BFE8,179/2A74BA60,141560,1089560,1920920,1090976,0.113369,0.113369,0.113369,1079369.2422064664,True,43714824,reserved,4.1,37.5,0.0,14941435.47023254,0.0,34.90251470571103,6605878.295370515,216794.47705775936,1003.66,1
2026-09-13T21:53:09.433494+00:00,1789336389.4334946,F_lat_northeurope_rep1,r3-pub,F01,load,16,1,1000,6,99.5,2284523198,22042638,801661270993,60320,1789156079.537691,5956496.151,192964.18600000002,85502112,85002632,428048718,7982,21666,16055193,4822096937,11084516.363,786157.735,179/2AD87888,179/2ADF8718,1,1.001128911972046,5795610,5789074.644326952,5.520891804053261,3735,3730.788268458569,3732,3727.7916513754694,0.0,0.0,5439627.139798416,0.0,streaming,179/2AD85F80,179/2AC79FD0,179/2AC79538,6408,1104056,2207288,1106768,0.112851,0.112851,0.112851,15774.192325434462,True,49160592,reserved,10.1,37.6,0.0,13820685.662493728,0.0,20.976319581694764,5498547.623758675,199131.1984061115,1003.65,1
2026-09-13T21:53:10.433964+00:00,1789336390.4339647,F_lat_northeurope_rep1,r3-pub,F01,load,16,1,1000,6,99.5,2284545871,22042638,801667071151,60320,1789156079.537691,5956534.515,192964.18600000002,85505844,85002632,428052447,7982,21666,16055193,4822138377,11084516.363,786165.976,179/2B320000,179/2B391AF8,1,1.0004701614379883,5800158,5797432.270906871,5.528862257868644,3732,3730.246182090978,3729,3727.247591912448,0.0,0.0,5864626.678687484,0.0,streaming,179/2B31DC20,179/2B20FBE8,179/2B20FAE0,9184,1115160,1872360,1115424,0.102223,0.172698,0.102223,8651.932195117766,True,55027976,reserved,1.6,37.6,0.0,5891374.103079969,0.0,15.992480952158534,5898123.929571839,221137.02989603163,1003.65,1
2026-09-13T21:53:11.434190+00:00,1789336391.43419,F_lat_northeurope_rep1,r3-pub,F01,load,16,1,1000,6,99.5,2284568826,22042638,801672929266,60320,1789156079.537691,5956563.387999999,192964.18600000002,85509615,85002632,428056215,7982,21666,16055193,4822180115,11084516.363,786174.869,179/2B85E000,179/2B929AB8,1,1.000225305557251,5858115,5856795.431441614,5.58547537941133,3771,3770.1505641262293,3768,3767.151239890648,0.0,0.0,5495593.812173723,0.0,streaming,179/2B85BE90,179/2B85BE90,179/2B85BE48,8560,8560,1224896,8632,0.113322,0.113322,0.113322,-1106542.6897826565,True,60524808,reserved,4.9,37.6,0.0,13890502.392617935,0.0,19.99549490387817,5534269.098416804,248021.11946346928,1003.64,1
2026-09-13T21:53:12.434680+00:00,1789336392.4346805,F_lat_northeurope_rep1,r3-pub,F01,load,16,1,1000,6,99.5,2284591865,22042638,801678815962,60320,1789156079.537691,5956599.958,192964.18600000002,85513413,85002632,428060010,7982,21666,16055193,4822221651,11084516.363,786185.275,179/2BEA34F0,179/2BEE8088,1,1.000490427017212,5886696,5883810.42040568,5.611238880544358,3798,3796.1382712307163,3795,3793.1397417905655,0.0,0.0,6572120.854372634,0.0,streaming,179/2BEA1BC8,179/2BD8FD70,179/2BD8F360,6440,1128320,1617264,1130896,0.113685,0.297816,0.113685,1121713.8812070745,True,67100152,reserved,2.3,37.6,0.0,14967635.467183115,0.0,22.98872570782161,6630018.459822689,193387.1577130757,1003.64,1
2026-09-13T21:53:13.435700+00:00,1789336393.4357004,F_lat_northeurope_rep1,r3-pub,F01,load,16,1,1000,6,99.5,2284615346,22042639,801684839194,60320,1789156079.537691,5956639.591999999,192964.18600000002,85517286,85002632,428063879,7982,21666,16055193,4822265205,11084516.363,786195.381,179/2C438000,179/2C4AC538,1,1.0010199546813965,6023232,6017094.835953662,5.738348804429686,3873,3869.0537405247774,3869,3865.0578161865124,0.0,0.0,5845957.388394463,0.0,streaming,179/2C435FF8,179/2C321E80,179/2C320D10,8200,1139072,2323240,1143536,0.113589,0.113589,0.113589,12627.120908916391,True,72952072,reserved,3.7,37.6,0.0,9161599.58361561,0.0,129.86754099360212,5882977.629426315,204052.8753145705,1003.63,1
2026-09-13T21:53:14.436490+00:00,1789336394.4364908,F_lat_northeurope_rep1,r3-pub,F01,load,16,1,1000,6,99.5,2284638970,22042639,801690892922,60320,1789156079.537691,5956674.171999999,192964.18600000002,85521183,85002632,428067774,7982,21666,16055193,4822308345,11084516.363,786204.386,179/2CA4E000,179/2CA96EA0,1,1.0007903575897217,6053728,6048947.168695396,5.768725556083103,3897,3893.922408870362,3895,3891.923988337198,0.0,0.0,6376528.262491665,0.0,streaming,179/2CA4BBB8,179/2C947D28,179/2C947820,9288,1073880,1487824,1075168,0.113667,0.113667,0.113667,-68314.00750568358,True,79333640,reserved,4.8,37.6,0.0,6401084.854003186,0.0,14.988153998731185,6442548.083225276,230961.45785884807,1003.63,1
2026-09-13T21:53:15.436987+00:00,1789336395.4369874,F_lat_northeurope_rep1,r3-pub,F01,load,16,1,1000,6,99.5,2284663199,22042639,801697091395,60320,1789156079.537691,5956712.488,192964.18600000002,85525183,85002632,428071771,7982,21666,16055193,4822352341,11084516.363,786212.585,179/2D06A000,179/2D084AC0,1,1.0004966259002686,6198473,6195396.205781783,5.908390241414817,4000,3998.014482458362,3997,3995.0159715965187,0.0,0.0,6402964.122178436,0.0,streaming,179/2CFFFDA0,179/2CF61E08,179/2CF61838,434784,1081848,1701600,1083336,0.112568,0.112568,0.112568,8163.945573179976,True,85739784,reserved,3.3,37.6,0.0,9772298.823299186,0.0,39.980144824583626,6036784.976226454,223851.82938370557,1003.62,1
2026-09-13T21:53:16.437058+00:00,1789336396.437058,F_lat_northeurope_rep1,r3-pub,F01,load,16,1,1000,6,99.5,2284687497,22042639,801703297682,60320,1789156079.537691,5956745.143999999,192964.18600000002,85529191,85002632,428075776,7982,21666,16055193,4822396506,11084516.363,786220.996,179/2D634000,179/2D6965B0,1,1.000070571899414,6206287,6205849.041445668,5.918358842321079,4008,4007.7171677871547,4005,4004.717379487913,0.0,0.0,6069843.639605206,0.0,streaming,179/2D631D60,179/2D525DA8,179/2D525250,8864,1106520,1603768,1109424,0.112568,0.112568,0.112568,26086.15905020741,True,91810056,reserved,5.8,37.6,0.0,14736368.026517903,0.0,25.998165260096314,6550870.692612407,210726.12865684452,1003.62,1
2026-09-13T21:53:17.437906+00:00,1789336397.4379067,F_lat_northeurope_rep1,r3-pub,F01,load,16,1,1000,6,99.5,2284712432,22042639,801709678354,60320,1789156079.537691,5956780.731,192964.18600000002,85533300,85002632,428079881,7982,21666,16055193,4822442424,11084516.363,786229.478,179/2DC7A000,179/2DCABB08,1,1.0008487701416016,6380672,6375260.868929531,6.079922551087886,4109,4105.5153611455735,4105,4101.518753346941,0.0,0.0,6572597.375594826,0.0,streaming,179/2DC77BB0,179/2DB69B60,179/2DB69B60,9296,1115296,2001008,1115296,0.112856,0.112856,0.112856,5867.0202483929925,True,3689232,reserved,3.5,37.6,0.0,6638077.797767626,0.0,23.97964679179697,6628616.827956313,236634.1519973015,1003.61,1
2026-09-13T21:53:18.438733+00:00,1789336398.4387338,F_lat_northeurope_rep1,r3-pub,F01,load,16,1,1000,6,99.5,2284737416,22042639,801716059392,60320,1789156079.537691,5956817.352,192964.18600000002,85537406,85002632,428083985,7982,21666,16055193,4822487886,11084516.363,786238.8,179/2E20D9A8,179/2E2D2138,1,1.0008270740509033,6381038,6375764.770403735,6.080403108981834,4106,4102.6068403412955,4104,4100.608493122425,0.0,0.0,5842631.710922911,0.0,streaming,179/2E20BB78,179/2E20BB78,179/2E20BB78,7728,7728,667072,7728,0.112851,0.112851,0.112851,-1106652.7162550238,True,9536696,reserved,3.5,37.6,0.0,14254578.4080921,0.0,24.979340235882216,5890042.498690615,257154.31433953193,1003.61,1
2026-09-13T21:53:19.439570+00:00,1789336399.439553,F_lat_northeurope_rep1,r3-pub,F01,load,16,1,1000,6,99.5,2284762640,22042640,801722496470,60320,1789156079.537691,5956851.705,192964.18600000002,85541553,85002632,428088129,7982,21666,16055193,4822533998,11084516.363,786248.691,179/2E850000,179/2E8FDCD0,1,1.000819206237793,6437078,6431809.021928943,6.133851072243636,4147,4143.605532500822,4144,4140.607988107887,0.0,0.0,6558043.60976716,0.0,streaming,179/2E84DE68,179/2E84DE68,179/2E84DE68,8600,8600,1045456,8600,0.113303,0.113303,0.113303,871.2862368798449,True,16100112,reserved,9.2,37.6,0.0,15187814.047993444,0.0,35.97053271522295,6598874.161124796,232018.92864636687,1003.6,1
2026-09-13T21:53:20.439948+00:00,1789336400.4399319,F_lat_northeurope_rep1,r3-pub,F01,load,16,1,1000,6,99.5,2284787829,22042640,801728940680,60320,1789156079.537691,5956884.884,192964.18600000002,85545698,85002632,428092271,7982,21666,16055193,4822580021,11084516.363,786258.618,179/2EEAE000,179/2EF29138,1,1.0003788471221924,6444210,6441769.554142587,6.143350175993525,4145,4143.430273364931,4142,4140.431409475885,0.0,0.0,6673951.592645475,0.0,streaming,179/2EEA9E60,179/2ED9DBB0,179/2ED9DBB0,16800,1115216,1543704,1115216,0.113276,0.286189,0.113276,1106196.920480098,True,22776592,reserved,4.2,37.6,0.0,15067571.693825366,0.0,20.99204722332052,6709876.982414947,202684.2136689377,1003.6,1
2026-09-13T21:53:21.440305+00:00,1789336401.4403052,F_lat_northeurope_rep1,r3-pub,F01,load,16,1,1000,6,99.5,2284813069,22042640,801735405376,60320,1789156079.537691,5956924.426,192964.18600000002,85549859,85002632,428096429,7982,21666,16055193,4822626276,11084516.363,786269.029,179/2F550000,179/2F551810,1,1.000373363494873,6464696,6462283.219352364,6.162913531639446,4161,4159.447014325992,4158,4156.448133998432,0.0,0.0,6952412.2230745945,0.0,streaming,179/2F4FA430,179/2F439C78,179/2F439C38,351184,1139592,2304640,1139656,0.113509,0.113509,0.113509,24430.878401857066,True,29731600,reserved,6.0,37.6,0.0,6993356.93581355,0.0,18.992908741214574,6937380.835246087,260863.6030534788,1003.59,1
2026-09-13T21:53:22.440480+00:00,1789336402.4404805,F_lat_northeurope_rep1,r3-pub,F01,load,16,1,1000,6,99.5,2284838214,22042640,801741838020,60320,1789156079.537691,5956955.693,192964.18600000002,85554003,85002632,428100570,7982,21666,16055193,4822672568,11084516.363,786278.525,179/2FA7C000,179/2FB713E0,1,1.0001752376556396,6432644,6431516.9560464155,6.133572536512771,4144,4143.273942387663,4141,4140.274468008522,0.0,0.0,5422153.834473529,0.0,streaming,179/2FA79F68,179/2FA79F68,179/2FA79F68,8344,8344,1543232,8344,0.112255,0.286421,0.112255,-1131113.786271832,True,35154704,reserved,2.9,37.6,0.0,13817482.656732393,0.0,18.996671067897104,5550587.328089203,247625.60666921095,1003.58,1
2026-09-13T21:53:23.441106+00:00,1789336403.4411063,F_lat_northeurope_rep1,r3-pub,F01,load,16,1,1000,6,99.5,2284863213,22042640,801748235848,60320,1789156079.537691,5956994.691,192964.18600000002,85558120,85002632,428104684,7982,21666,16055193,4822718314,11084516.363,786288.442,179/30116000,179/30190520,1,1.0006258487701416,6397828,6393826.43159129,6.097628051368036,4117,4114.424992178805,4114,4111.4268685507905,0.0,0.0,6917910.4342627665,0.0,streaming,179/30113FC8,179/2FFFFF90,179/2FFFFA88,8248,1138800,2252832,1140088,0.113277,0.113277,0.113277,1131036.14242128,True,42076944,reserved,3.1,37.6,0.0,15338112.661054786,0.0,26.98311265213207,6964926.009622751,235396.6772790295,1003.58,1
2026-09-13T21:53:24.441728+00:00,1789336404.4417288,F_lat_northeurope_rep1,r3-pub,F01,load,16,1,1000,6,99.5,2284888147,22042640,801754617313,60320,1789156079.537691,5957033.051,192964.18600000002,85562230,85002632,428108791,7982,21666,16055193,4822763850,11084516.363,786297.878,179/30757E10,179/307A02F8,1,1.0006225109100342,6381465,6377494.939821273,6.082053127118371,4110,4107.443071875413,4107,4104.444938246307,0.0,0.0,6557214.062706536,0.0,streaming,179/30755E50,179/30649DA0,179/30648B80,8128,1106032,1665120,1110672,0.112762,0.112762,0.112762,-29397.69961126208,True,48638240,reserved,2.5,37.6,0.0,14961566.261770848,0.0,22.985691156480414,6606967.090903676,249291.81312654653,1003.57,1
2026-09-13T21:53:25.442591+00:00,1789336405.4425917,F_lat_northeurope_rep1,r3-pub,F01,load,16,1,1000,6,99.5,2284912915,22042641,801760954152,60320,1789156079.537691,5957074.0,192964.18600000002,85566304,85002632,428112862,7982,21666,16055193,4822809170,11084516.363,786308.088,179/30D9A000,179/30DBB728,3,1.0008628368377686,6336839,6331376.055505544,6.038070731645149,4074,4070.4878331498694,4071,4067.490419428846,0.0,0.0,6556630.697502551,0.0,streaming,179/30D97FC8,179/30C8BC18,179/30C8B648,8248,1106920,2034392,1108408,0.113113,0.113113,0.113113,-2262.0482214657104,True,55200528,reserved,2.9,37.6,0.0,6674816.722246692,0.0,23.979309768187743,6588815.926900994,244241.25964387626,1003.57,1
2026-09-13T21:53:26.443871+00:00,1789336406.443357,F_lat_northeurope_rep1,r3-pub,F01,load,16,1,1000,6,99.5,2284937713,22042641,801767292475,60320,1789156079.537691,5957108.856,192964.18600000002,85570378,85002632,428116933,7982,21666,16055193,4822854657,11084516.363,786318.868,179/31326000,179/313BF5E0,3,1.000765323638916,6338323,6333475.841222209,6.040073243353089,4074,4070.884455894608,4071,4067.886750109708,0.0,0.0,5811872.036943772,0.0,streaming,179/31323B80,179/3121BFE8,179/3121BFE8,9344,1089560,1699712,1089560,0.112684,0.264839,0.112684,-18833.586211266953,True,61016848,reserved,4.6,37.6,0.0,14304572.37261865,0.0,24.98088154083584,5853279.3469506,257935.59579122308,1003.56,1
2026-09-13T21:53:27.443721+00:00,1789336407.4437218,F_lat_northeurope_rep1,r3-pub,F01,load,16,1,1000,6,99.5,2284962361,22042641,801773593469,60320,1789156079.537691,5957147.200999999,192964.18600000002,85574426,85002632,428120978,7982,21666,16055193,4822899504,11084516.363,786330.118,179/31958000,179/319C6970,3,1.0003647804260254,6300994,6298696.358858811,6.006904944285212,4048,4046.5239072851787,4045,4043.5250012274078,0.0,0.0,6493887.157076281,0.0,streaming,179/3194FFE8,179/31849C18,179/31849C18,32792,1106920,2014168,1106920,0.113053,0.113053,0.113053,17353.66972096608,True,67513104,reserved,11.7,37.6,0.0,14887625.285705773,0.0,21.991977756984667,6511092.880765064,208199.05306072644,1003.56,1
2026-09-13T21:53:28.444079+00:00,1789336408.4440796,F_lat_northeurope_rep1,r3-pub,F01,load,16,1,1000,6,99.5,2284986845,22042641,801779852981,60320,1789156079.537691,5957181.016,192964.18600000002,85578458,85002632,428125007,7982,21666,16055193,4822944129,11084516.363,786340.207,179/31F83E68,179/31FC1CF8,3,1.0003578662872314,6259512,6257272.733038832,5.967400296248276,4032,4030.5575993164603,4029,4027.5586725312546,0.0,0.0,6468956.978383886,0.0,streaming,179/31F81FB8,179/31E7DC98,179/31E7CFE8,7856,1073616,2302520,1076864,0.112873,0.286648,0.112873,-30045.247818714168,True,73984376,reserved,5.4,37.6,0.0,6485742.971242944,0.0,12.99534940255803,6541516.011951937,241311.64269836183,1003.55,1
2026-09-13T21:53:29.445391+00:00,1789336409.4448843,F_lat_northeurope_rep1,r3-pub,F01,load,16,1,1000,6,99.5,2285011278,22042641,801786105217,60320,1789156079.537691,5957216.182,192964.18600000002,85582488,85002632,428129033,7982,21666,16055193,4822988694,11084516.363,786348.473,179/3251E000,179/325BF4B0,2,1.0008046627044678,6252236,6247209.103827138,5.957802871539248,4030,4026.759816555768,4026,4022.76303261874,0.0,0.0,5869349.153636569,0.0,streaming,179/3251BC38,179/32413C18,179/32413C18,9160,1090536,2001744,1090536,0.112957,0.112957,0.112957,13661.0074967619,True,79858448,reserved,3.1,37.6,0.0,14381771.524829794,0.0,28.97668354345342,5912114.741762769,243245.26960351184,1003.55,1
2026-09-13T21:53:30.446341+00:00,1789336410.4453437,F_lat_northeurope_rep1,r3-pub,F01,load,16,1,1000,6,99.5,2285035640,22042641,801792348887,60320,1789156079.537691,5957253.795,192964.18600000002,85586499,85002632,428133042,7982,21666,16055193,4823032736,11084516.363,786357.08,179/32B46000,179/32BBCF78,1,1.0004594326019287,6243670,6240802.771744453,5.951693317169622,4011,4009.158062079995,4009,4007.158980523236,0.0,0.0,6452331.588509784,0.0,streaming,179/32B43B40,179/32A3BBE0,179/32A3B610,9408,1090592,2277552,1092080,0.112182,0.284142,0.112182,1543.290961817879,True,86313744,reserved,3.7,37.6,0.0,14853463.83446288,0.0,21.989897124348015,6495747.641759474,190764.3566352758,1003.54,1
2026-09-13T21:53:31.448073+00:00,1789336411.448074,F_lat_northeurope_rep1,r3-pub,F01,load,16,1,1000,6,99.5,2285060006,22042642,801798589051,60320,1789156079.537691,5957286.461999999,192964.18600000002,85590515,85002632,428137055,7982,21666,16055193,4823077367,11084516.363,786365.99,179/3310E000,179/331B5950,1,1.002730369567871,6240164,6223172.4393559685,5.9348797219810185,4016,4005.064693244211,4013,4002.0728620490586,0.0,0.0,6045573.350503453,0.0,streaming,179/3310BBC0,179/32FFFBA0,179/32FFFBA0,9280,1107040,1139896,1107040,0.112683,0.265593,0.112683,14919.264893160707,True,92375824,reserved,6.2,37.6,0.0,14550224.50979277,0.0,31.91286608162718,6093477.55432317,256628.30987247,1003.54,1
2026-09-13T21:53:32.448686+00:00,1789336412.4486864,F_lat_northeurope_rep1,r3-pub,F01,load,16,1,1000,6,99.5,2285084423,22042642,801804831248,60320,1789156079.537691,5957321.693,192964.18600000002,85594535,85002632,428141072,7982,21666,16055193,4823122153,11084516.363,786374.686,179/3373C000,179/337B4CA0,1,1.0006122589111328,6242197,6238377.497785971,5.949380395685168,4020,4017.540225196289,4017,4014.5420608491277,0.0,0.0,6475907.068189832,0.0,streaming,179/33739F38,179/33631EC8,179/33631940,8392,1089848,1440496,1091264,0.112630,0.112630,0.112630,-15766.346913606134,True,98855696,reserved,3.5,37.6,0.0,6520935.4991317345,0.0,18.988374198688927,6514212.615277283,192079.39767712716,1003.53,1
2026-09-13T21:53:33.449456+00:00,1789336413.449457,F_lat_northeurope_rep1,r3-pub,F01,load,16,1,1000,6,99.5,2285108950,22042642,801811112730,60320,1789156079.537691,5957354.348999999,192964.18600000002,85598567,85002632,428145101,7982,21666,16055193,4823167315,11084516.363,786384.144,179/33D6A000,179/33DB4418,1,1.0007705688476562,6281482,6276645.412577284,5.985875523164066,4032,4028.8954586690857,4029,4025.8977685956716,0.0,0.0,6474882.657132184,0.0,streaming,179/33D67CE0,179/33C61B98,179/33C614B8,8992,1082472,1735552,1084232,0.112874,0.112874,0.112874,-7026.585532083584,True,105335568,reserved,4.8,37.6,0.0,14857031.634254001,0.0,20.983830513901488,6511516.4282893585,242713.97217415168,1003.52,1
2026-09-13T21:53:34.449573+00:00,1789336414.449573,F_lat_northeurope_rep1,r3-pub,F01,load,16,1,1000,6,99.5,2285133557,22042642,801817386200,60320,1789156079.537691,5957389.762999999,192964.18600000002,85602607,85002632,428149138,7982,21666,16055193,4823212355,11084516.363,786392.936,179/3430E000,179/343B7250,1,1.0001161098480225,6273470,6272741.672917673,5.982152626912759,4040,4039.530970672913,4037,4036.5313189620174,0.0,0.0,5913937.333634977,0.0,streaming,179/3430BCC0,179/341FFD20,179/341FFD20,9024,1106656,1475568,1106656,0.112874,0.112874,0.112874,22421.39665504193,True,111250192,reserved,3.7,37.6,0.0,14440819.278668234,0.0,27.99674930169346,5961486.812672193,244483.61304484538,1003.52,1
2026-09-13T21:53:35.450267+00:00,1789336415.4502385,F_lat_northeurope_rep1,r3-pub,F01,load,16,1,1000,6,99.5,2285158168,22042642,801823686277,60320,1789156079.537691,5957422.503,192964.18600000002,85606648,85002632,428153176,7982,21666,16055193,4823257669,11084516.363,786401.947,179/34946000,179/349BDD50,1,1.0006654262542725,6300077,6295887.551129531,6.004226256494075,4041,4038.31280063949,4038,4035.31479559076,0.0,0.0,6516495.752640338,0.0,streaming,179/34941D80,179/34839D68,179/34839D68,17024,1098392,1818696,1098392,0.113084,0.113084,0.113084,-8258.504574235274,True,117771024,reserved,6.0,37.6,0.0,14965017.884204194,0.0,28.98071547105796,6534514.762318223,191833.34905309507,1003.51,1
2026-09-13T21:53:36.450646+00:00,1789336416.4506469,F_lat_northeurope_rep1,r3-pub,F01,load,16,1,1000,6,99.5,2285182763,22042642,801829983278,60320,1789156079.537691,5957458.976,192964.18600000002,85610694,85002632,428157219,7982,21666,16055193,4823302857,11084516.363,786410.82,179/34F7C000,179/34FC53E0,1,1.000408411026001,6297001,6294430.285269102,6.002836499470808,4046,4044.3482435843325,4043,4041.349468317216,0.0,0.0,6509981.251877674,0.0,streaming,179/34F79D00,179/34E73B68,179/34E73590,8960,1082520,2139840,1084016,0.112615,0.112615,0.112615,-14370.13108002184,True,124283664,reserved,2.7,37.6,0.0,6509981.251877674,0.0,13.994284579876583,6562671.73250442,236678.3379571627,1003.51,1
2026-09-13T21:53:37.451283+00:00,1789336417.4512732,F_lat_northeurope_rep1,r3-pub,F01,load,16,1,1000,6,99.5,2285207421,22042643,801836299010,60320,1789156079.537691,5957498.551,192964.18600000002,85614756,85002632,428161278,7982,21666,16055193,4823347897,11084516.363,786419.905,179/35526000,179/355D0340,1,1.0006263256072998,6315732,6311778.771327906,6.019381305053622,4062,4059.457457842409,4059,4056.4593356431164,0.0,0.0,5935482.455346538,0.0,streaming,179/35523DA0,179/35419FE0,179/354194E0,8800,1097760,1902048,1100576,0.113079,0.281951,0.113079,16549.634540096085,True,130222864,reserved,5.2,37.6,0.0,14412988.776051834,0.0,24.984351660773076,5962877.297255542,248082.61950267944,1003.5,1
2026-09-13T21:53:38.452003+00:00,1789336418.4520035,F_lat_northeurope_rep1,r3-pub,F01,load,16,1,1000,6,99.5,2285232030,22042643,801842612739,60320,1789156079.537691,5957530.131999999,192964.18600000002,85618807,85002632,428165326,7982,21666,16055193,4823393548,11084516.363,786429.051,179/35B5A000,179/35BD45B0,1,1.000730276107788,6313729,6309121.599234949,6.016847228274297,4051,4048.043810322042,4048,4045.0459995516235,0.0,0.0,6499701.4233427765,0.0,streaming,179/35B57FD8,179/35A51F60,179/35A51F10,8232,1081504,2214544,1081584,0.113081,0.113081,0.113081,-18978.14071726394,True,136727312,reserved,1.6,37.6,0.0,9086484.357569877,0.0,66.95110720601748,6552438.910415982,212648.7077293932,1003.5,1
2026-09-13T21:53:39.452726+00:00,1789336419.4527261,F_lat_northeurope_rep1,r3-pub,F01,load,16,1,1000,6,99.5,2285256643,22042643,801848901113,60320,1789156079.537691,5957565.341999999,192964.18600000002,85622864,85002632,428169380,7982,21666,16055193,4823438410,11084516.363,786437.901,179/36103FB8,179/361DCB10,1,1.0007226467132568,6288374,6283833.008729586,5.9927301490112175,4057,4054.0703393939248,4054,4051.0725057685413,0.0,0.0,5934839.207952665,0.0,streaming,179/36101F88,179/36101F88,179/361014A8,8240,8240,982584,11024,0.112788,0.285013,0.112788,-1069786.9219969339,True,142666440,reserved,6.9,37.6,0.0,6331936.247082494,0.0,26.980502628453532,5974774.348954277,250708.82609084097,1003.49,1
2026-09-13T21:53:40.453518+00:00,1789336420.4535189,F_lat_northeurope_rep1,r3-pub,F01,load,16,1,1000,6,99.5,2285281343,22042643,801855213781,60320,1789156079.537691,5957600.918,192964.18600000002,85626926,85002632,428173439,7982,21666,16055193,4823483232,11084516.363,786447.9,179/3673DB10,179/367E5DE8,1,1.0007927417755127,6312668,6307667.6483491035,6.01546063265715,4062,4058.7824336071626,4059,4055.7848099486637,0.0,0.0,6522661.213968171,0.0,streaming,179/3673BBB8,179/3673BBB8,179/3673B6B0,8024,8024,297288,9312,0.113046,0.189017,0.113046,-1710.643901116559,True,149194272,reserved,3.4,37.6,0.0,9920839.336210037,0.0,35.97148390198372,6556821.133972536,248398.08446149004,1003.49,1
2026-09-13T21:53:41.454054+00:00,1789336421.4540544,F_lat_northeurope_rep1,r3-pub,F01,load,16,1,1000,6,99.5,2285306026,22042643,801861540489,60320,1789156079.537691,5957633.799,192964.18600000002,85630978,85002632,428177488,7982,21666,16055193,4823528412,11084516.363,786458.386,179/36D76000,179/36DF17A0,1,1.000535488128662,6326708,6323321.9361694725,6.030389724893067,4052,4049.8313633818257,4049,4046.8329689864295,0.0,0.0,6518605.3642120315,0.0,streaming,179/36D73FC8,179/36C6BEA0,179/36C6BEA0,8248,1089888,1663464,1089888,0.113334,0.113334,0.113334,1079997.6740665548,True,155716368,reserved,6.8,37.6,0.0,15900349.551573554,0.0,39.97859193861625,6545019.219905875,204497.49401961136,1003.48,1
2026-09-13T21:53:42.454510+00:00,1789336422.454511,F_lat_northeurope_rep1,r3-pub,F01,load,16,1,1000,6,99.5,2285330732,22042643,801867849723,60320,1789156079.537691,5957663.145,192964.18600000002,85635031,85002632,428181537,7982,21666,16055193,4823573560,11084516.363,786468.128,179/37352EA8,179/373F8408,1,1.0004565715789795,6309234,6306354.697678076,6.014208505323483,4053,4051.1503598835047,4049,4047.1521853363706,0.0,0.0,6144946.392123004,0.0,streaming,179/37351C88,179/37351C88,179/37351C88,4640,4640,1644896,4640,0.113167,0.113167,0.113167,-1084752.7327320143,True,1686832,reserved,7.7,37.5,0.0,36372257.46097999,0.0,262.87997647405916,6173163.508989402,257972.21721745218,1003.48,1
2026-09-13T21:53:43.456096+00:00,1789336423.4559608,F_lat_northeurope_rep1,r3-pub,F01,load,16,1,1000,6,99.5,2285355356,22042644,801874156526,60320,1789156079.537691,5957713.127,192964.18600000002,85639077,85002632,428185580,7982,21666,16055193,4823618364,11084516.363,786477.614,179/379B8000,179/37A01070,1,1.0014498233795166,6306803,6297672.487191531,6.005928504172831,4046,4040.1425069368643,4043,4037.1468501101685,0.0,0.0,6695788.2895934535,0.0,streaming,179/379A1B58,179/3787DD40,179/3787DD40,91304,1286848,2167728,1286848,0.112628,0.112628,0.112628,1280351.7161479245,True,8392328,reserved,11.3,37.6,0.0,7795673.650083028,0.0,136.8016617524346,6640987.7407104345,187150.6645909839,1003.72,1
2026-09-13T21:53:44.456708+00:00,1789336424.4567082,F_lat_northeurope_rep1,r3-pub,F01,load,16,1,1000,6,99.5,2285379989,22042644,801880472166,60320,1789156079.537691,5957746.4520000005,192964.18600000002,85643126,85002632,428189627,7982,21666,16055193,4823663000,11084516.363,786487.138,179/37FD6000,179/38006378,1,1.0007474422454834,6315640,6310922.949579493,6.018565129832738,4049,4045.9758667130122,4047,4043.977360480998,0.0,0.0,6409545.235116937,0.0,streaming,179/37FD3FF0,179/37EC9BB0,179/37EC95E0,8208,1098832,2403976,1100320,0.112317,0.284661,0.112317,-186388.68522258452,True,14806664,reserved,3.9,37.6,0.0,13588563.333708959,0.0,36.97236529226512,6516308.43579049,240435.28850806408,1003.72,1
2026-09-13T21:53:45.458047+00:00,1789336425.4580472,F_lat_northeurope_rep1,r3-pub,F01,load,16,1,1000,6,99.5,2285404537,22042644,801886764047,60320,1789156079.537691,5957779.368,192964.18600000002,85647168,85002632,428193666,7982,21666,16055193,4823707896,11084516.363,786495.702,179/38530000,179/3860A728,1,1.0013389587402344,6291881,6283467.696009448,5.992381759652565,4042,4036.5951656222023,4039,4033.5991771271833,0.0,0.0,5604016.453189584,0.0,streaming,179/3852DEF8,179/3852DEF8,179/3852DEF8,8456,8456,800248,8456,0.112801,0.112801,0.112801,-1090403.9940417912,True,20418184,reserved,3.3,37.6,0.0,13997769.564098364,0.0,23.96790796015162,5649287.836674985,239856.841585554,1003.71,1
2026-09-13T21:53:46.458864+00:00,1789336426.458865,F_lat_northeurope_rep1,r3-pub,F01,load,16,1,1000,6,99.5,2285429017,22042644,801893025633,60320,1789156079.537691,5957810.1850000005,192964.18600000002,85651202,85002632,428197697,7982,21666,16055193,4823752792,11084516.363,786504.15,179/38B5E000,179/38C07D30,8,1.0008177757263184,6261586,6256469.61101966,5.966634379405651,4034,4030.7037882819636,4031,4027.7062396045103,0.0,0.0,6474577.247888504,0.0,streaming,179/38B5BB68,179/38B5BB68,179/38B5BB20,9368,9368,1093616,9440,0.112468,0.112468,0.112468,983.1959662046237,True,26898056,reserved,4.5,37.5,0.0,14487992.07176062,0.0,19.983657849687475,6529900.006279578,225946.22666038392,1003.71,1
2026-09-13T21:53:47.459319+00:00,1789336427.459319,F_lat_northeurope_rep1,r3-pub,F01,load,16,1,1000,6,99.5,2285453514,22042644,801899290657,60320,1789156079.537691,5957841.994,192964.18600000002,85655236,85002632,428201728,7982,21666,16055193,4823798166,11084516.363,786512.366,179/39112000,179/39209880,3,1.0004541873931885,6265024,6262179.796882376,5.9720800370048295,4034,4032.1686398365764,4031,4029.170001780178,0.0,0.0,5977445.119783118,0.0,streaming,179/3910FB90,179/3910FB90,179/3910FB90,9328,9328,1122376,9328,0.104007,0.122084,0.104007,-111.94915410552716,True,2232840,reserved,2.3,37.6,0.0,6051139.648657157,0.0,24.98865046998374,6031839.414580161,211649.87129668708,1003.7,1
2026-09-13T21:53:48.460049+00:00,1789336428.4600496,F_lat_northeurope_rep1,r3-pub,F01,load,16,1,1000,6,99.5,2285478041,22042644,801905559495,60320,1789156079.537691,5957877.984,192964.18600000002,85659271,85002632,428205760,7982,21666,16055193,4823843014,11084516.363,786521.352,179/39748000,179/3981AA70,4,1.0007305145263672,6268838,6264261.865710131,5.974065652570849,4035,4032.054525597946,4032,4029.0567155417393,0.0,0.0,6507885.894817895,0.0,streaming,179/39741CA8,179/39741CA8,179/39741CA8,25432,25432,428360,25432,0.112628,0.112628,0.112628,16092.244381717304,True,8745480,reserved,3.7,37.6,0.0,8337461.363361039,0.0,32.97591061827317,6508538.41814013,236994.87180347304,1003.7,1
2026-09-13T21:53:49.463582+00:00,1789336429.4632063,F_lat_northeurope_rep1,r3-pub,F01,load,16,1,1000,6,99.5,2285502638,22042645,801911872182,60320,1789156079.537691,5957911.937,192964.18600000002,85663311,85002632,428209797,7982,21666,16055193,4823888048,11084516.363,786530.588,179/39D80000,179/39E29F18,1,1.0031566619873047,6312687,6292822.685834777,6.001303373179223,4040,4027.287215534763,4037,4024.296655721247,0.0,0.0,6500312.709962866,0.0,streaming,179/39D7DD78,179/39C73C68,179/39C736E0,8840,1098648,1798784,1100064,0.112711,0.112711,0.112711,1071250.4245060775,True,15266312,reserved,3.5,37.6,1216767.0776186774,6847377.1448541,60.808049541490234,68.78287571086601,6531101.520096284,239229.8322822055,1003.69,1
2026-09-13T21:53:50.464240+00:00,1789336430.4642408,F_lat_northeurope_rep1,r3-pub,F01,load,16,1,1000,6,99.5,2285527231,22042645,801918165266,60320,1789156079.537691,5957946.862000001,192964.18600000002,85667348,85002632,428213831,7982,21666,16055193,4823932985,11084516.363,786539.361,179/3A31E000,179/3A427A40,1,1.0010344982147217,6293084,6286580.543650889,5.995350402499093,4037,4032.8280465855278,4034,4029.8311468729303,0.0,0.0,5883961.0527953915,0.0,streaming,179/3A31EE00,179/3A31BC38,179/3A31BC38,1053184,1065928,2361112,1065928,0.114754,0.114754,0.114754,-34100.722863077426,True,22213128,reserved,5.4,37.6,0.0,6960095.79332751,0.0,16.982431704719833,6215967.592622664,213613.017714533,1003.69,1
2026-09-13T21:53:51.464922+00:00,1789336431.4648983,F_lat_northeurope_rep1,r3-pub,F01,load,16,1,1000,6,99.5,2285551755,22042645,801924432863,60320,1789156079.537691,5957984.568,192964.18600000002,85671384,85002632,428217864,7982,21666,16055193,4823977765,11084516.363,786548.85,179/3A950000,179/3AA27138,1,1.000657558441162,6267597,6263478.396909076,5.9733184784975775,4036,4033.3478380829256,4033,4030.349809461952,0.0,0.0,6491987.139056797,0.0,streaming,179/3A94DFF0,179/3A94DFF0,179/3A94C6C8,8208,8208,586088,14648,0.112966,0.112966,0.112966,-1050589.1762189837,True,27652616,reserved,3.1,37.6,0.0,5435913.56914718,0.0,11.992114483893733,6248106.504826471,240762.6844645135,1003.68,1
2026-09-13T21:53:52.465656+00:00,1789336432.4656565,F_lat_northeurope_rep1,r3-pub,F01,load,16,1,1000,6,99.5,2285576288,22042645,801930704312,60320,1789156079.537691,5958020.517,192964.18600000002,85675425,85002632,428221902,7982,21666,16055193,4824022534,11084516.363,786557.884,179/3AF80000,179/3B027038,1,1.000758171081543,6271449,6266697.770973278,5.976388712857512,4041,4037.938551761007,4038,4034.940824551088,0.0,0.0,6483148.664165486,0.0,streaming,179/3AF7DDF0,179/3AE74000,179/3AE73F38,8720,1097728,1941632,1097928,0.112966,0.112966,0.112966,1082459.3106537154,True,34140680,reserved,2.1,37.6,0.0,14984095.492114801,0.0,32.97499930910993,6539200.167536553,248850.328877013,1003.68,1
2026-09-13T21:53:53.466720+00:00,1789336433.46672,F_lat_northeurope_rep1,r3-pub,F01,load,16,1,1000,6,99.5,2285600801,22042645,801936974252,60320,1789156079.537691,5958055.53,192964.18600000002,85679463,85002632,428225937,7982,21666,16055193,4824067306,11084516.363,786567.653,179/3B538000,179/3B62BC18,1,1.001063585281372,6269940,6263278.469207017,5.973127812582986,4038,4033.709805621415,4035,4030.7129929872235,0.0,0.0,5990172.940227901,0.0,streaming,179/3B535E80,179/3B535E80,179/3B535E80,8576,8576,725432,8576,0.113832,0.113832,0.113832,-1088194.6122271668,True,40137224,reserved,5.6,37.6,0.0,14382143.364003463,0.0,22.97556352879954,6036339.837795162,249870.24168868703,1003.67,1
2026-09-13T21:53:54.466798+00:00,1789336434.4667716,F_lat_northeurope_rep1,r3-pub,F01,load,16,1,1000,6,99.5,2285625368,22042645,801943276649,60320,1789156079.537691,5958089.399,192964.18600000002,85683509,85002632,428229980,7982,21666,16055193,4824112280,11084516.363,786577.395,179/3BB6E000,179/3BC2FFC0,1,1.000051498413086,6302397,6302072.453269504,6.010124638814453,4046,4045.791648150444,4043,4042.7918026377274,0.0,0.0,6512304.626646196,0.0,streaming,179/3BB6BD50,179/3BB6BD50,179/3BB6B718,8880,8880,1033320,10472,0.113139,0.113139,0.113139,1895.9023640368862,True,46649864,reserved,3.7,37.7,0.0,6528687.782939645,0.0,14.999227563582961,6547584.809772751,242462.51356531857,1003.67,1
2026-09-13T21:53:55.467586+00:00,1789336435.4675865,F_lat_northeurope_rep1,r3-pub,F01,load,16,1,1000,6,99.5,2285649914,22042646,801949574557,60320,1789156079.537691,5958127.838,192964.18600000002,85687555,85002632,428234022,7982,21666,16055193,4824157447,11084516.363,786585.87,179/3C218000,179/3C230C28,1,1.0008149147033691,6297908,6292779.921117215,6.001262589566436,4046,4042.7055398142134,4042,4038.708796818846,0.0,0.0,6982086.19529926,0.0,streaming,179/3C215FD8,179/3C10FB40,179/3C10FB40,8232,1082560,1170424,1082560,0.112836,0.112836,0.112836,1071215.0511043847,True,53637640,reserved,4.7,37.6,0.0,15867261.535272703,0.0,35.97068695830739,7039179.668988084,205329.67382975813,1003.66,1
2026-09-13T21:53:56.467998+00:00,1789336436.467998,F_lat_northeurope_rep1,r3-pub,F01,load,16,1,1000,6,99.5,2285674484,22042646,801955847557,60320,1789156079.537691,5958154.617000001,192964.18600000002,85691604,85002632,428238068,7982,21666,16055193,4824202624,11084516.363,786594.249,179/3C746000,179/3C835280,1,1.0004115104675293,6273000,6270419.656675477,5.979938179660298,4049,4047.334479496095,4046,4044.3357135196843,0.0,0.0,5429061.884205785,0.0,streaming,179/3C743BD0,179/3C743BD0,179/3C743BD0,9264,9264,746112,9264,0.112445,0.188809,0.112445,-1072854.5091393532,True,59068936,reserved,2.7,37.6,0.0,13822407.934448514,0.0,17.992595858466217,5457764.072954674,247920.9779224648,1003.66,1
2026-09-13T21:53:57.468256+00:00,1789336437.4682567,F_lat_northeurope_rep1,r3-pub,F01,load,16,1,1000,6,99.5,2285699117,22042646,801962144121,60320,1789156079.537691,5958187.373000001,192964.18600000002,85695660,85002632,428242121,7982,21666,16055193,4824247640,11084516.363,786602.604,179/3CD74000,179/3CE35498,1,1.0002586841583252,6296564,6294935.599882633,6.003318405039438,4056,4054.9510484009943,4053,4051.951824252769,0.0,0.0,6478196.193270278,0.0,streaming,179/3CD71CA8,179/3CD71CA8,179/3CD716D8,9048,9048,1089640,10536,0.094724,0.112315,0.094724,1271.6710388476492,True,65548808,reserved,5.4,37.6,0.0,14872824.63587715,0.0,19.994827654837252,6550633.454898222,233216.67054187346,1003.65,1
2026-09-13T21:53:58.468466+00:00,1789336438.4684668,F_lat_northeurope_rep1,r3-pub,F01,load,16,1,1000,6,99.5,2285723681,22042646,801968403626,60320,1789156079.537691,5958223.298,192964.18600000002,85699702,85002632,428246160,7982,21666,16055193,4824291980,11084516.363,786611.892,179/3D41E000,179/3D4377D0,1,1.0002100467681885,6259505,6258190.487313432,5.9682755349287335,4042,4041.1511692571366,4039,4038.1517992651097,0.0,0.0,6986308.548467827,0.0,streaming,179/3D419FB0,179/3D311BE8,179/3D311BE8,16464,1098776,2351296,1098776,0.112989,0.276166,0.112989,1088011.466707666,True,72536584,reserved,3.7,37.6,0.0,7027259.946758963,0.0,16.99642995481725,7038913.498967984,212236.42042579767,1003.64,1
2026-09-13T21:53:59.468664+00:00,1789336439.4686644,F_lat_northeurope_rep1,r3-pub,F01,load,16,1,1000,6,99.5,2285748269,22042646,801974693874,60320,1789156079.537691,5958249.427,192964.18600000002,85703753,85002632,428250208,7982,21666,16055193,4824336776,11084516.363,786620.336,179/3D948000,179/3DA372D8,1,1.0001976490020752,6290248,6289004.984440779,5.997662529412059,4051,4050.1994821141548,4048,4047.2000749439885,0.0,0.0,5413841.9595393045,0.0,streaming,179/3D945F08,179/3D945F08,179/3D944F68,8440,8440,1036952,12440,0.112204,0.112204,0.112204,-1086121.3292031505,True,77951496,reserved,1.9,37.6,0.0,13980980.673121925,0.0,22.995454971272665,5470922.677592344,231117.31989236097,1003.64,1
2026-09-13T21:54:00.469229+00:00,1789336440.4692292,F_lat_northeurope_rep1,r3-pub,F01,load,16,1,1000,6,99.5,2285772874,22042646,801980978198,60320,1789156079.537691,5958285.42,192964.18600000002,85707808,85002632,428254260,7982,21666,16055193,4824382038,11084516.363,786628.533,179/3DF7C000,179/3E03CF80,1,1.0005648136138916,6284324,6280776.531908967,5.989815265568701,4055,4052.710973668904,4052,4049.7126671532424,0.0,0.0,6500776.273060112,0.0,streaming,179/3DF77D38,179/3DF77D38,179/3DF77768,17096,17096,693304,18584,0.112030,0.285733,0.112030,6140.531744074413,True,84455944,reserved,6.6,37.6,0.0,14892836.323295144,0.0,19.9887101044089,6548321.418914459,238490.29743322867,1003.63,1
2026-09-13T21:54:01.470042+00:00,1789336441.4700422,F_lat_northeurope_rep1,r3-pub,F01,load,16,1,1000,6,99.5,2285797453,22042647,801987271015,60320,1789156079.537691,5958324.794000001,192964.18600000002,85711860,85002632,428258309,7982,21666,16055193,4824427305,11084516.363,786637.241,179/3E627B50,179/3E640408,1,1.0008130073547363,6292817,6287705.049550303,5.996422814894012,4052,4048.708370317749,4049,4045.7108073584814,0.0,0.0,6989085.821823974,0.0,streaming,179/3E625CF8,179/3E51DFD8,179/3E51DB10,7768,1088376,1906608,1089600,0.112155,0.112155,0.112155,1070145.9634610647,True,91450712,reserved,2.9,37.6,0.0,15503043.91127933,0.0,32.973192551946134,7063067.67403401,214161.8848125432,1003.63,1
2026-09-13T21:54:02.470293+00:00,1789336442.4702938,F_lat_northeurope_rep1,r3-pub,F01,load,16,1,1000,6,99.5,2285822054,22042647,801993563795,60320,1789156079.537691,5958365.221,192964.18600000002,85715918,85002632,428262365,7982,21666,16055193,4824472075,11084516.363,786645.598,179/3EB52000,179/3EC437F8,1,1.0002515316009521,6292780,6291197.565004569,5.9997535371823965,4058,4056.9795414409114,4056,4054.9800443776085,0.0,0.0,5414750.019258901,0.0,streaming,179/3EB4BCE0,179/3EB4BCE0,179/3EB4B818,25376,25376,290896,26600,0.112709,0.258188,0.112709,-1062732.6891453152,True,1970424,reserved,1.6,37.6,0.0,5487259.780762505,0.0,20.99471916467697,5448819.449720512,224646.49430763852,1003.62,1
2026-09-13T21:54:03.470773+00:00,1789336443.470773,F_lat_northeurope_rep1,r3-pub,F01,load,16,1,1000,6,99.5,2285846705,22042647,801999868285,60320,1789156079.537691,5958413.954,192964.18600000002,85719981,85002632,428266425,7982,21666,16055193,4824517225,11084516.363,786654.749,179/3F226000,179/3F2D5468,2,1.0004792213439941,6304490,6301470.200981147,6.00955028627505,4063,4061.0538563129453,4060,4058.055293288348,0.0,0.0,7156378.510671985,0.0,streaming,179/3F221FE0,179/3F113C38,179/3F1136B0,16416,1123272,1247336,1124688,0.113148,0.113148,0.113148,1097562.0248513338,True,9130232,reserved,11.1,37.6,0.0,15565532.664516525,0.0,23.98850419677841,6878031.900308699,221138.02593800178,1003.62,1
2026-09-13T21:54:04.471519+00:00,1789336444.47151,F_lat_northeurope_rep1,r3-pub,F01,load,16,1,1000,6,99.5,2285871303,22042647,802006157001,60320,1789156079.537691,5958456.983,192964.18600000002,85724035,85002632,428270476,7982,21666,16055193,4824562409,11084516.363,786663.882,179/3FA4E000,179/3FAC73A0,2,1.000736951828003,6288716,6284084.932121947,5.992970401880214,4054,4051.014597387189,4051,4048.016806614579,0.0,0.0,8546149.899209391,0.0,streaming,179/3FA4BFF8,179/3F943F08,179/3F943430,8200,1089784,2599032,1092560,0.107898,0.235355,0.107898,-32104.340647473015,True,17682680,reserved,4.8,37.8,0.0,16936766.419027038,0.0,25.98085336262134,6364203.888310726,222630.93172789313,1003.61,1
2026-09-13T21:54:05.472018+00:00,1789336445.4720118,F_lat_northeurope_rep1,r3-pub,F01,load,16,1,1000,6,99.5,2285936619,22042648,802014952269,60320,1789156079.537691,5958491.34,192964.18600000002,85728093,85002632,428274575,7995,21717,16055193,4824719928,11084516.363,786674.897,179/40078000,179/400F0D08,1,1.0005018711090088,8795268,8790856.123288268,8.383613704002636,4058,4055.9644286341013,4099,4096.94386224031,12.99347894831033,50.97441741260206,6460245.789281264,0.0,streaming,179/3FFFFF80,179/3FF6FC98,179/3FF6F188,491648,1082216,1458088,1085048,0.113459,0.113459,0.113459,-7508.231835362092,True,24146168,reserved,12.8,37.7,0.0,6726352.23814266,0.0,24.987459515981403,6026772.337083444,226284.4343799663,1003.61,1
2026-09-13T21:54:06.473018+00:00,1789336446.4730186,F_lat_northeurope_rep1,r3-pub,F01,load,16,1,1000,6,99.5,2285960941,22042648,802021183938,60320,1789156079.537691,5958528.652000001,192964.18600000002,85732090,85002632,428278569,7995,21717,16055193,4824764839,11084516.363,786684.477,179/40636000,179/406A88D0,1,1.001006841659546,6231669,6225401.006918855,5.9370050496281195,3997,3992.979701690617,3994,3989.982719177464,0.0,0.0,6015063.78319825,0.0,streaming,179/40621FC8,179/40520000,179/4051FA30,81976,1138688,2249920,1140176,0.113459,0.113459,0.113459,55072.550661696354,True,30167288,reserved,4.3,37.6,0.0,14395234.278429555,0.0,19.979883421018847,6302173.70896412,210837.7198003014,1003.6,1
2026-09-13T21:54:07.473891+00:00,1789336447.4738913,F_lat_northeurope_rep1,r3-pub,F01,load,16,1,1000,6,99.5,2285984175,22042648,802027136616,60320,1789156079.537691,5958555.41,192964.18600000002,85735914,85002632,428282390,7995,21717,16055193,4824807592,11084516.363,786694.026,179/40B75EE0,179/40C5A290,2,1.0008726119995117,5952678,5947488.150472944,5.671966696236557,3824,3820.6660409665255,3821,3817.6686565201608,0.0,0.0,5499936.689248407,0.0,streaming,179/40B73FF0,179/40B73FF0,179/40B73498,7920,7920,538728,10824,0.112547,0.287163,0.112547,-1128367.3730903838,True,35672024,reserved,6.6,37.6,0.0,8991066.287668975,0.0,87.92327709337194,5620056.870936482,242254.60572410817,1003.6,1
2026-09-13T21:54:08.474883+00:00,1789336448.474879,F_lat_northeurope_rep1,r3-pub,F01,load,16,1,1000,6,99.5,2286007244,22042649,802033044857,60320,1789156079.537691,5958593.381,192964.18600000002,85739716,85002632,428286189,7995,21717,16055193,4824849771,11084516.363,786702.315,179/41108000,179/411F3470,2,1.0009877681732178,5908241,5902410.786479858,5.628977571945055,3802,3798.2482113028937,3799,3795.2511716832437,0.0,0.0,5835419.957888238,0.0,streaming,179/41105DF0,179/41105DF0,179/41105D20,8720,8720,154272,8928,0.113654,0.113654,0.113654,-1894.129039618697,True,41513208,reserved,5.8,37.6,0.0,16687005.10744854,0.0,45.9546075012975,5894392.706484088,223458.2750278853,1003.59,1
2026-09-13T21:54:09.475898+00:00,1789336449.4753747,F_lat_northeurope_rep1,r3-pub,F01,load,16,1,1000,6,99.5,2286029918,22042649,802038827083,60320,1789156079.537691,5958628.19,192964.18600000002,85743462,85002632,428289932,7995,21717,16055193,4824891275,11084516.363,786710.546,179/41730000,179/41786CC8,2,1.0004956722259521,5782226,5779361.331104429,5.511628466705732,3746,3744.144131743933,3743,3741.145618023903,0.0,0.0,6452097.874284592,0.0,streaming,179/4172DF80,179/4162E000,179/4162DFC0,8320,1056768,1447056,1056832,0.112077,0.300118,0.112077,1047384.8404247181,True,47968504,reserved,2.7,37.6,0.0,6574916.996257015,0.0,18.99058689352235,6515353.520217769,200345.6942037941,1003.59,1
2026-09-13T21:54:10.476240+00:00,1789336450.4757068,F_lat_northeurope_rep1,r3-pub,F01,load,16,1,1000,6,99.5,2286052713,22042649,802044666635,60320,1789156079.537691,5958658.209,192964.18600000002,85747218,85002632,428293685,7995,21717,16055193,4824933143,11084516.363,786718.746,179/41C72000,179/41D24E30,1,1.0003321170806885,5839552,5837613.228936218,5.567181805549829,3756,3754.752982400779,3753,3751.7539784212254,0.0,0.0,5511385.574712378,0.0,streaming,179/41C6FFC8,179/41C6FFC8,179/41C6F028,8248,8248,799344,12248,0.112933,0.112933,0.112933,-1044237.1909925812,True,53481720,reserved,3.3,37.6,0.0,13905397.779883534,0.0,26.991035815980037,5552367.963760967,239272.5335046835,1003.58,1
2026-09-13T21:54:11.478741+00:00,1789336451.4787414,F_lat_northeurope_rep1,r3-pub,F01,load,16,1,1000,6,99.5,2286075708,22042649,802050553340,60320,1789156079.537691,5958694.8,192964.18600000002,85751009,85002632,428297473,7995,21717,16055193,4824975458,11084516.363,786727.625,179/42211F28,179/422C6360,1,1.0030345916748047,5886705,5868895.299184794,5.597014712509912,3791,3779.5306677011254,3788,3776.5397439334906,0.0,0.0,5880180.054560079,0.0,streaming,179/4220FFF0,179/4220FFF0,179/4220F468,7992,7992,522168,10944,0.111814,0.111814,0.111814,-1300.0548643319091,True,59379744,reserved,3.7,37.6,0.0,14272209.671350254,0.0,25.921339319501254,5925380.888485754,203060.79340684833,1003.58,1
2026-09-13T21:54:12.479824+00:00,1789336452.4798248,F_lat_northeurope_rep1,r3-pub,F01,load,16,1,1000,6,99.5,2286098869,22042649,802056485168,60320,1789156079.537691,5958730.584,192964.18600000002,85754828,85002632,428301289,7995,21717,16055193,4825018056,11084516.363,786736.642,179/42840000,179/428862F0,1,1.0010833740234375,5931828,5925408.566281037,5.650909963875806,3819,3814.8670721112076,3816,3811.870318715991,0.0,0.0,6473075.238434923,0.0,streaming,179/42829D00,179/42729FD0,179/42729F50,90880,1138736,1837320,1138864,0.112537,0.112537,0.112537,1126699.3631777097,True,65859832,reserved,2.1,37.6,0.0,14876938.711052174,0.0,18.9794381697075,6452105.9560107915,189206.01911381408,1003.57,1
2026-09-13T21:54:13.480186+00:00,1789336453.480187,F_lat_northeurope_rep1,r3-pub,F01,load,16,1,1000,6,99.5,2286122415,22042649,802062488789,60320,1789156079.537691,5958757.248000001,192964.18600000002,85758710,85002632,428305168,7995,21717,16055193,4825061251,11084516.363,786746.577,179/42D5C000,179/42E46A40,1,1.0003621578216553,6003621,6001447.528836179,5.723426369510821,3882,3880.594612308479,3879,3877.5956983886117,0.0,0.0,5355628.417278803,0.0,streaming,179/42D59C40,179/42D59C40,179/42D59C40,9152,9152,1042816,9152,0.113885,0.113885,0.113885,-1129303.014080432,True,71217400,reserved,7.5,37.6,0.0,5355628.417278803,0.0,9.996379732891498,5507458.4308518255,241061.69762070518,1003.57,1
2026-09-13T21:54:14.480811+00:00,1789336454.480811,F_lat_northeurope_rep1,r3-pub,F01,load,16,1,1000,6,99.5,2286146261,22042650,802068576961,60320,1789156079.537691,5958796.837,192964.18600000002,85762634,85002632,428309089,7995,21717,16055193,4825104965,11084516.363,786756.667,179/4341FAD0,179/43438070,1,1.000624179840088,6088172,6084374.256249699,5.802511459588717,3924,3921.552246146104,3921,3918.554117517552,0.0,0.0,7088519.489038872,0.0,streaming,179/4341DBE0,179/43311BC0,179/43311BC0,7920,1105680,2269680,1105680,0.112772,0.286345,0.112772,1095843.996269647,True,78310344,reserved,3.1,37.6,0.0,15579651.495620837,0.0,28.98191007600332,7129166.118232362,227378.0751893888,1003.56,1
2026-09-13T21:54:15.481378+00:00,1789336455.481378,F_lat_northeurope_rep1,r3-pub,F01,load,16,1,1000,6,99.5,2286170578,22042650,802074803018,60320,1789156079.537691,5958824.869,192964.18600000002,85766640,85002632,428313091,7995,21717,16055193,4825149598,11084516.363,786766.604,179/4393A000,179/43A2A370,1,1.0005669593811035,6226057,6222529.078764605,5.934266165508848,4006,4003.730047690056,4002,3999.7323142425375,0.0,0.0,5347672.087143129,0.0,streaming,179/43937C88,179/43937C88,179/43937700,9080,9080,399216,10496,0.113244,0.113244,0.113244,-1094563.4269968513,True,83661048,reserved,7.9,37.6,0.0,13738386.892669972,0.0,17.9898005138345,5393705.987791307,233673.51660764386,1003.56,1
2026-09-13T21:54:16.481737+00:00,1789336456.4817371,F_lat_northeurope_rep1,r3-pub,F01,load,16,1,1000,6,99.5,2286195053,22042650,802081059619,60320,1789156079.537691,5958857.369,192964.18600000002,85770677,85002632,428317124,7995,21717,16055193,4825194336,11084516.363,786775.762,179/43F76000,179/440385A0,1,1.000359058380127,6256601,6254355.321309593,5.964618035611718,4037,4035.551001594448,4033,4031.5524373124617,0.0,0.0,6534869.600306973,0.0,streaming,179/43F73FF0,179/43F73FF0,179/43F73B28,8208,8208,450432,9432,0.113050,0.113050,0.113050,-1063.6180990082964,True,90198264,reserved,2.7,37.6,0.0,6551247.719605988,0.0,12.995333916454749,6605444.259884027,242211.0320991656,1003.55,1
2026-09-13T21:54:17.481824+00:00,1789336457.4818249,F_lat_northeurope_rep1,r3-pub,F01,load,16,1,1000,6,99.5,2286219843,22042650,802087399405,60320,1789156079.537691,5958898.596,192964.18600000002,85774769,85002632,428321214,7995,21717,16055193,4825240101,11084516.363,786784.746,179/44648000,179/446486F0,1,1.0000877380371094,6339786,6339229.808419824,6.0455606540868985,4092,4091.64100744945,4090,4089.64118291013,0.0,0.0,7150988.586298047,0.0,streaming,179/445755C8,179/4453BF80,179/4453BF80,862776,1097856,1435376,1097856,0.113910,0.113910,0.113910,1088328.51219261,True,2782560,reserved,3.7,37.6,0.0,15686303.714502588,0.0,33.997017168446064,6541113.095576484,219099.77661566864,1003.54,1
2026-09-13T21:54:18.482389+00:00,1789336458.4823895,F_lat_northeurope_rep1,r3-pub,F01,load,16,1,1000,6,99.5,2286244703,22042650,802093757778,60320,1789156079.537691,5958928.165,192964.18600000002,85778873,85002632,428325315,7995,21717,16055193,4825285577,11084516.363,786793.799,179/44B72000,179/44C67940,1,1.0005645751953125,6358373,6354785.245878639,6.060395475271834,4104,4101.6842907904165,4101,4098.685983560307,0.0,0.0,5411856.60000305,0.0,streaming,179/44B6FFF8,179/44B6FFF8,179/44B6FFF8,8200,8200,669640,8200,0.113353,0.113353,0.113353,-1089041.1543775639,True,8197472,reserved,2.3,37.6,0.0,13803918.649932137,0.0,17.98984338065972,6159441.532094002,240188.39558964816,1003.54,1
2026-09-13T21:54:19.483281+00:00,1789336459.4832814,F_lat_northeurope_rep1,r3-pub,F01,load,16,1,1000,6,99.5,2286269771,22042650,802100172813,60320,1789156079.537691,5958963.7700000005,192964.18600000002,85783008,85002632,428329450,7995,21717,16055193,4825331610,11084516.363,786802.863,179/4520FFC8,179/4528CC40,1,1.000891923904419,6415035,6409318.375729655,6.112402320603995,4135,4131.315181233169,4135,4131.315181233169,0.0,0.0,6932384.840246352,0.0,streaming,179/4520DFC8,179/45101C88,179/451015A0,8192,1106752,1433792,1108520,0.113353,0.113353,0.113353,1099339.4728450982,True,15136040,reserved,10.3,37.6,0.0,15440436.30576423,0.0,28.974157256532504,6992638.098924618,213841.26985966085,1003.53,1
2026-09-13T21:54:20.484253+00:00,1789336460.4842532,F_lat_northeurope_rep1,r3-pub,F01,load,16,1,1000,6,99.5,2286294834,22042651,802106579907,60320,1789156079.537691,5959004.484,192964.18600000002,85787148,85002632,428333585,7995,21717,16055193,4825377435,11084516.363,786812.476,179/4584B2A0,179/458AE4D8,1,1.000971794128418,6407094,6400873.668552156,6.104348820259243,4140,4135.980678261615,4135,4130.985532514923,0.0,0.0,6527504.609347415,0.0,streaming,179/45849FE8,179/45739FF0,179/45739008,4792,1118896,1776560,1122968,0.112968,0.112968,0.112968,14433.973149643434,True,21669888,reserved,3.7,37.6,3278222.242872727,8683785.148580167,12.987378941401207,19.980582986771086,6601663.542131965,235232.40253240537,1003.53,1
2026-09-13T21:54:21.484962+00:00,1789336461.4849627,F_lat_northeurope_rep1,r3-pub,F01,load,16,1,1000,6,99.5,2286320012,22042651,802113006513,60320,1789156079.537691,5959040.483,192964.18600000002,85791292,85002632,428337726,7995,21717,16055193,4825423466,11084516.363,786821.602,179/45E8BF18,179/45ED6528,1,1.0007095336914062,6426606,6422049.339625662,6.124543513894713,4144,4141.061777150917,4141,4138.063904242747,0.0,0.0,6552143.03376663,0.0,streaming,179/45E89FF8,179/45D75C90,179/45D74F38,7968,1139336,2155856,1142752,0.113319,0.113319,0.113319,19769.972538405826,True,28226680,reserved,5.4,37.6,0.0,15005289.241733694,0.0,28.9794381123013,6599452.466130447,239305.2048945984,1003.52,1
2026-09-13T21:54:22.485370+00:00,1789336462.4853704,F_lat_northeurope_rep1,r3-pub,F01,load,16,1,1000,6,99.5,2286345062,22042651,802119405142,60320,1789156079.537691,5959075.859,192964.18600000002,85795424,85002632,428341855,7995,21717,16055193,4825469064,11084516.363,786830.344,179/4642A000,179/464EF5B8,1,1.0004076957702637,6398629,6396021.369141285,6.0997213069355825,4132,4130.3160876012325,4129,4127.317310190099,0.0,0.0,5887879.536417181,0.0,streaming,179/46427C40,179/46427C40,179/46427670,9152,9152,1278376,10640,0.113573,0.113573,0.113573,-1131650.6308243966,True,34116960,reserved,3.9,37.6,0.0,14321968.993819373,0.0,21.99103434831247,5955139.114971494,256216.5415997182,1003.52,1
2026-09-13T21:54:23.486408+00:00,1789336463.486378,F_lat_northeurope_rep1,r3-pub,F01,load,16,1,1000,6,99.5,2286370074,22042651,802125797639,60320,1789156079.537691,5959111.985,192964.18600000002,85799550,85002632,428345978,7995,21717,16055193,4825514818,11084516.363,786838.928,179/46A5C000,179/46B07828,1,1.0010075569152832,6392497,6386062.678386959,6.090223959338149,4126,4121.847004546829,4123,4118.850024175128,0.0,0.0,6489717.240516085,0.0,streaming,179/46A59B40,179/46A59B40,179/46A59B40,9408,9408,571856,9408,0.113490,0.285575,0.113490,-1230.7599393120925,True,40613216,reserved,2.9,37.6,0.0,14886249.256618865,0.0,19.979869144676826,6567839.527865229,258116.93249970823,1003.51,1
2026-09-13T21:54:24.486638+00:00,1789336464.4866383,F_lat_northeurope_rep1,r3-pub,F01,load,16,1,1000,6,99.5,2286395014,22042651,802132167429,60320,1789156079.537691,5959153.658,192964.18600000002,85803669,85002632,428350094,7995,21717,16055193,4825560417,11084516.363,786847.473,179/47114000,179/47115118,1,1.000260353088379,6369790,6368132.037156922,6.073123967320368,4119,4117.9278847574815,4116,4114.928665613449,0.0,0.0,7043286.258670218,0.0,streaming,179/470B1368,179/46F8FD58,179/46F8FD58,404632,1589928,2045464,1589928,0.113299,0.286446,0.113299,1580108.6138424121,True,47658336,reserved,3.3,37.6,0.0,7080140.663512098,0.0,18.995054578876463,6923912.338039126,196406.86486615328,1003.51,1
2026-09-13T21:54:25.486920+00:00,1789336465.48692,F_lat_northeurope_rep1,r3-pub,F01,load,16,1,1000,6,99.5,2286419735,22042651,802138482731,60320,1789156079.537691,5959181.532000001,192964.18600000002,85807756,85002632,428354178,7995,21717,16055193,4825605891,11084516.363,786855.812,179/4762E000,179/47723680,1,1.000281810760498,6315302,6313522.781343568,6.0210445226131135,4087,4085.848563908925,4084,4082.8494091030216,0.0,0.0,5347868.912994585,0.0,streaming,179/47629CF8,179/47629CF8,179/476296A8,17160,17160,1217976,18776,0.112413,0.112413,0.112413,-1570709.3572015257,True,53007712,reserved,2.0,37.6,0.0,13742303.271064186,0.0,15.995492298150918,5629684.494331288,244620.0634338906,1003.5,1
2026-09-13T21:54:26.487256+00:00,1789336466.4872565,F_lat_northeurope_rep1,r3-pub,F01,load,16,1,1000,6,99.5,2286444438,22042652,802144799223,60320,1789156079.537691,5959213.699,192964.18600000002,85811838,85002632,428358257,7995,21717,16055193,4825650713,11084516.363,786864.561,179/47C66000,179/47D27A08,1,1.0003364086151123,6316492,6314367.7922756905,6.021850387836161,4082,4080.627241840783,4079,4077.62825072723,0.0,0.0,6518639.073656814,0.0,streaming,179/47C63D60,179/47C63D60,179/47C62CA8,8864,8864,514944,13144,0.112636,0.284732,0.112636,-5630.10598384304,True,59528544,reserved,4.7,37.6,0.0,14912615.267750073,0.0,19.993274090351704,6605905.716406382,247775.64613802414,1003.5,1
2026-09-13T21:54:27.487978+00:00,1789336467.487979,F_lat_northeurope_rep1,r3-pub,F01,load,16,1,1000,6,99.5,2286469118,22042652,802151102687,60320,1789156079.537691,5959254.455,192964.18600000002,85815913,85002632,428362329,7995,21717,16055193,4825696068,11084516.363,786873.231,179/48318000,179/48331048,1,1.0007224082946777,6303464,6298913.612558829,6.007112133559064,4075,4072.058311299506,4072,4069.060476959899,0.0,0.0,7015475.961973958,0.0,streaming,179/48315FF0,179/481FFFC8,179/481FFF88,8208,1146936,2374232,1147000,0.113053,0.113053,0.113053,1133037.4843231442,True,66549088,reserved,5.0,37.6,0.0,7166918.558585998,0.0,25.981230943260652,7090950.438586017,218083.4547033903,1003.49,1
2026-09-13T21:54:28.488545+00:00,1789336468.4885378,F_lat_northeurope_rep1,r3-pub,F01,load,16,1,1000,6,99.5,2286493788,22042652,802157401997,60320,1789156079.537691,5959283.04,192964.18600000002,85819983,85002632,428366396,7995,21717,16055193,4825741368,11084516.363,786882.935,179/48840000,179/48935508,1,1.000558853149414,6299310,6295791.577049112,6.0041347284785385,4070,4067.7267381014562,4067,4064.7284137244774,0.0,0.0,5403700.125166561,0.0,streaming,179/4883BFC8,179/4883BFC8,179/4883A340,16440,16440,551520,23744,0.113780,0.113780,0.113780,-1122628.6154626263,True,71955808,reserved,3.3,37.6,0.0,13812185.016903015,0.0,16.990504802880775,5454774.58204548,245880.58885853662,1003.48,1
2026-09-13T21:54:29.489191+00:00,1789336469.4891918,F_lat_northeurope_rep1,r3-pub,F01,load,16,1,1000,6,99.5,2286518465,22042652,802163691469,60320,1789156079.537691,5959319.792,192964.18600000002,85824049,85002632,428370459,7995,21717,16055193,4825786489,11084516.363,786892.603,179/48E77B20,179/48F39DE0,1,1.0006539821624756,6289472,6285361.485703639,5.99418781824459,4066,4063.342646389235,4063,4060.3446070534833,0.0,0.0,6515323.094913161,0.0,streaming,179/48E75CA0,179/48E75CA0,179/48E75688,7808,7808,945336,9368,0.113955,0.113955,0.113955,-14366.60449692367,True,78475392,reserved,5.8,37.6,0.0,15067522.109307807,0.0,23.984314686016145,6593832.7509985,244774.9215674735,1003.48,1
2026-09-13T21:54:30.489673+00:00,1789336470.4896731,F_lat_northeurope_rep1,r3-pub,F01,load,16,1,1000,6,99.5,2286543079,22042652,802169979979,60320,1789156079.537691,5959361.112000001,192964.18600000002,85828109,85002632,428374515,7995,21717,16055193,4825831324,11084516.363,786901.392,179/495397F0,179/4953E650,2,1.000481367111206,6288510,6285484.374544095,5.994305014175506,4060,4058.046589835911,4056,4054.0485143779447,0.0,0.0,7081855.027903238,0.0,streaming,179/494F1330,179/4942BEE0,179/4942B910,296128,1104144,1835144,1105632,0.113374,0.113374,0.113374,1095736.5484630235,True,85560656,reserved,4.8,37.6,0.0,10746826.831013722,0.0,99.95188644916037,7031954.048593495,217840.13892162257,1003.47,1
2026-09-13T21:54:31.493573+00:00,1789336471.4935734,F_lat_northeurope_rep1,r3-pub,F01,load,16,1,1000,6,99.5,2286567620,22042652,802176249076,60320,1789156079.537691,5959391.32,192964.18600000002,85832157,85002632,428378560,7995,21717,16055193,4825876307,11084516.363,786910.97,179/49A61A40,179/49B52110,1,1.0039002895355225,6269097,6244740.703183323,5.955448821242641,4048,4032.2729679387785,4045,4029.2846233479145,0.0,0.0,5386303.855437493,0.0,streaming,179/49A5FBB0,179/49A5FBB0,179/49A5FB48,7824,7824,1087840,7928,0.114249,0.114249,0.114249,-1093439.2702564893,True,90967968,reserved,6.2,37.6,0.0,5459155.712103296,0.0,19.922297272424792,5581176.794552307,247468.80002887905,1003.47,1
2026-09-13T21:54:32.495823+00:00,1789336472.4955876,F_lat_northeurope_rep1,r3-pub,F01,load,16,1,1000,6,99.5,2286592226,22042653,802182544955,60320,1789156079.537691,5959431.907000001,192964.18600000002,85836221,85002632,428382622,7995,21717,16055193,4825921881,11084516.363,786919.027,179/4A108000,179/4A151730,1,1.00201416015625,6295879,6283223.581409515,5.992148953828349,4064,4055.83090698666,4062,4053.8349272095998,0.0,0.0,6958847.76609612,0.0,streaming,179/4A103FE8,179/49FFFFE8,179/49FFFFE8,16408,1081368,1821512,1081368,0.112915,0.274508,0.112915,1071282.2659438387,True,2167128,reserved,3.7,37.6,0.0,10591403.21764025,0.0,62.87336297740148,7026111.286593165,213254.47134068343,1003.46,1
2026-09-13T21:54:33.496577+00:00,1789336473.4965775,F_lat_northeurope_rep1,r3-pub,F01,load,16,1,1000,6,99.5,2286616745,22042653,802188817684,60320,1789156079.537691,5959465.882,192964.18600000002,85840274,85002632,428386672,7995,21717,16055193,4825967069,11084516.363,786927.597,179/4A73BA70,179/4A753A50,1,1.0009899139404297,6272729,6266525.678872423,5.97622459304087,4053,4048.9918465264373,4050,4045.994813331377,0.0,0.0,6496592.932091226,0.0,streaming,179/4A739FD0,179/4A631C98,179/4A631C98,6816,1088984,1410648,1088984,0.113237,0.285527,0.113237,7608.468271193029,True,8670152,reserved,6.7,37.6,0.0,14906971.381220143,0.0,24.975276625502328,6577242.096359233,229959.36002378017,1003.46,1
2026-09-13T21:54:34.497392+00:00,1789336474.4973924,F_lat_northeurope_rep1,r3-pub,F01,load,16,1,1000,6,99.5,2286641239,22042653,802195074029,60320,1789156079.537691,5959512.229,192964.18600000002,85844322,85002632,428390716,7995,21717,16055193,4826012023,11084516.363,786936.146,179/4AC7A000,179/4AD513A0,1,1.0008149147033691,6256345,6251250.763838101,5.961657298887349,4048,4044.703911311897,4044,4040.70716831653,0.0,0.0,5493779.038684315,0.0,streaming,179/4AC5FFC8,179/4AC5FFC8,179/4AC5FFC8,106552,106552,502480,106552,0.113196,0.303141,0.113196,-981632.0536062178,True,14168408,reserved,2.5,37.6,0.0,13890504.423707906,0.0,17.985343479153695,5465827.816546213,234717.72507469528,1003.45,1
2026-09-13T21:54:35.497743+00:00,1789336475.4977431,F_lat_northeurope_rep1,r3-pub,F01,load,16,1,1000,6,99.5,2286665860,22042653,802201357810,60320,1789156079.537691,5959551.975000001,192964.18600000002,85848387,85002632,428394779,7995,21717,16055193,4826056967,11084516.363,786945.284,179/4B322000,179/4B350A60,1,1.0003507137298584,6283781,6281577.964362722,5.990579571116182,4065,4063.574848508321,4063,4061.5755496898664,0.0,0.0,6977137.022251193,0.0,streaming,179/4B31FCB0,179/4B215F70,179/4B215F70,9040,1097872,2317088,1097872,0.113087,0.113087,0.113087,990972.4523550477,True,21147992,reserved,2.3,37.6,0.0,7165486.965340134,0.0,30.989131686041315,7153832.052877954,216287.14512861153,1003.45,1
2026-09-13T21:54:36.498130+00:00,1789336476.4981303,F_lat_northeurope_rep1,r3-pub,F01,load,16,1,1000,6,99.5,2286690464,22042653,802207640905,60320,1789156079.537691,5959585.266,192964.18600000002,85852444,85002632,428398833,7995,21717,16055193,4826102233,11084516.363,786953.378,179/4B954000,179/4B954A20,1,1.000387191772461,6283095,6280663.178891535,5.98970716370729,4057,4055.4297709588914,4054,4052.4309320846305,0.0,0.0,6493741.676650315,0.0,streaming,179/4B864488,179/4B849BE0,179/4B849610,984472,1093184,1566664,1094672,0.113781,0.113781,0.113781,-3198.761465878347,True,27646840,reserved,2.1,37.6,0.0,14903669.421820393,0.0,18.992646203652683,5772761.834113454,238842.52214051338,1003.44,1
2026-09-13T21:54:37.498542+00:00,1789336477.498542,F_lat_northeurope_rep1,r3-pub,F01,load,16,1,1000,6,99.5,2286715123,22042653,802213926324,60320,1789156079.537691,5959658.597,192964.18600000002,85856507,85002632,428402893,7995,21717,16055193,4826147207,11084516.363,786962.669,179/4BE81568,179/4BF5A9E0,1,1.0004117488861084,6285419,6282832.050901435,5.991775561238704,4063,4061.3277528216545,4060,4058.3289875599107,0.0,0.0,5426349.706552693,0.0,streaming,179/4BE7FCD0,179/4BD6FCF8,179/4BD6FCF8,6296,1120368,1894728,1120368,0.113781,0.113781,0.113781,25685.424055256026,True,33072832,reserved,11.3,37.6,0.0,13822404.640286023,0.0,17.992591570462658,6280297.094666841,205163.52414746222,1003.44,1
2026-09-13T21:54:38.499374+00:00,1789336478.4993742,F_lat_northeurope_rep1,r3-pub,F01,load,16,1,1000,6,99.5,2286739730,22042654,802220222700,60320,1789156079.537691,5959697.939,192964.18600000002,85860566,85002632,428406949,7995,21717,16055193,4826192167,11084516.363,786971.671,179/4C530000,179/4C561610,1,1.0008320808410645,6296376,6291141.261887553,5.999699842345765,4059,4055.625391812938,4056,4052.6278859801123,0.0,0.0,7001046.563287289,0.0,streaming,179/4C52BFF0,179/4C425EF0,179/4C425E70,16400,1089808,2355416,1089936,0.113312,0.241930,0.113312,-30406.699168182146,True,40079704,reserved,5.6,37.6,0.0,15420896.567414219,0.0,22.980878051662373,7056540.387938999,262154.865958644,1003.43,1
2026-09-13T21:54:39.499555+00:00,1789336479.4995553,F_lat_northeurope_rep1,r3-pub,F01,load,16,1,1000,6,99.5,2286764422,22042654,802226527599,60320,1789156079.537691,5959730.608,192964.18600000002,85864639,85002632,428411019,7995,21717,16055193,4826237454,11084516.363,786981.456,179/4CB64000,179/4CB65478,1,1.0001811981201172,6304899,6303756.771123396,6.011730929492375,4073,4072.2621137603624,4070,4069.262657256242,0.0,0.0,6503269.619770282,0.0,streaming,179/4CAAAA60,179/4CA57FB0,179/4CA57990,759200,1097808,2024096,1099376,0.112586,0.287104,0.112586,9438.289799631186,True,46584152,reserved,3.5,37.7,0.0,6511460.1356641995,0.0,12.997644851187014,6007055.532830012,239737.56000480565,1003.43,1
2026-09-13T21:54:40.500543+00:00,1789336480.5005438,F_lat_northeurope_rep1,r3-pub,F01,load,16,1,1000,6,99.5,2286789033,22042654,802232817549,60320,1789156079.537691,5959768.38,192964.18600000002,85868705,85002632,428415082,7995,21717,16055193,4826282605,11084516.363,786991.296,179/4D108000,179/4D167850,1,1.000988483428955,6289950,6283738.628493849,5.9926401410044186,4066,4061.9847953411377,4063,4058.9877578630208,0.0,0.0,5908783.265656611,0.0,streaming,179/4D105F90,179/4CFFFF70,179/4CFFF9E8,8304,1081488,1752848,1082904,0.113790,0.113790,0.113790,-16455.733779847324,True,52498776,reserved,4.4,37.6,0.0,14379130.467809787,0.0,24.975312317641034,6560233.318075004,221349.19998380356,1003.42,1
2026-09-13T21:54:41.500852+00:00,1789336481.5008528,F_lat_northeurope_rep1,r3-pub,F01,load,16,1,1000,6,99.5,2286813613,22042654,802239099809,60320,1789156079.537691,5959801.816000001,192964.18600000002,85872767,85002632,428419141,7995,21717,16055193,4826327905,11084516.363,787001.496,179/4D73E000,179/4D76EDC0,1,1.0003089904785156,6282260,6280319.441090667,5.989379349795024,4062,4060.7452683763945,4059,4057.746195061493,0.0,0.0,6510628.277852989,0.0,streaming,179/4D73BF00,179/4D632000,179/4D631AB8,8448,1097728,2440472,1099080,0.113299,0.284388,0.113299,16171.003313947946,True,59011416,reserved,4.4,37.6,0.0,14904834.548040805,0.0,19.993822099342168,6573944.713677186,253044.81156258937,1003.41,1
2026-09-13T21:54:42.501670+00:00,1789336482.50167,F_lat_northeurope_rep1,r3-pub,F01,load,16,1,1000,6,99.5,2286838262,22042654,802245408867,60320,1789156079.537691,5959836.374,192964.18600000002,85876840,85002632,428423211,7995,21717,16055193,4826373155,11084516.363,787011.608,179/4DD70000,179/4DD70620,1,1.000817060470581,6309058,6303907.3265133,6.011874510300922,4073,4069.6748295686407,4070,4066.677278748924,0.0,0.0,6490952.499296405,0.0,streaming,179/4DCC16E8,179/4DC63DE8,179/4DC638E0,715032,1098264,2423496,1099552,0.113237,0.113237,0.113237,471.6146623020865,True,65507672,reserved,5.0,37.7,0.0,6499137.811401445,0.0,12.989386885438824,6044267.467978296,235202.82506906707,1003.41,1
2026-09-13T21:54:43.501806+00:00,1789336483.501806,F_lat_northeurope_rep1,r3-pub,F01,load,16,1,1000,6,99.5,2286862874,22042654,802251691917,60320,1789156079.537691,5959869.535,192964.18600000002,85880906,85002632,428427273,7995,21717,16055193,4826418291,11084516.363,787019.971,179/4E3159A0,179/4E376128,1,1.000136137008667,6283050,6282194.760797402,5.9911677940343875,4066,4065.44654226884,4062,4061.4470867427517,0.0,0.0,5920378.017446527,0.0,streaming,179/4E313FE8,179/4E207FF0,179/4E206F00,6584,1104304,2209296,1108640,0.113585,0.113585,0.113585,9086.762955272803,True,71428856,reserved,5.0,37.6,0.0,14375003.030087905,0.0,21.9970053934861,6522292.074667302,212017.13662123424,1003.4,1
2026-09-13T21:54:44.502247+00:00,1789336484.5022473,F_lat_northeurope_rep1,r3-pub,F01,load,16,1,1000,6,99.5,2286887533,22042655,802257989935,60320,1789156079.537691,5959903.6850000005,192964.18600000002,85884974,85002632,428431338,7995,21717,16055193,4826464013,11084516.363,787028.713,179/4E9490A0,179/4E979988,1,1.000441312789917,6298018,6295239.830147361,6.003608541629182,4068,4066.205531492521,4065,4063.206854846878,0.0,0.0,6499275.7864702325,0.0,streaming,179/4E947E58,179/4E83DC28,179/4E83DB58,4680,1094776,1491712,1094984,0.113669,0.283685,0.113669,-13649.976090968994,True,77931000,reserved,4.1,37.6,0.0,14894674.789513733,0.0,19.991177637623014,6579043.583920995,244164.24719487244,1003.4,1
2026-09-13T21:54:45.503298+00:00,1789336485.503298,F_lat_northeurope_rep1,r3-pub,F01,load,16,1,1000,6,99.5,2286912195,22042655,802264279140,60320,1789156079.537691,5959940.014,192964.18600000002,85889039,85002632,428435400,7995,21717,16055193,4826509137,11084516.363,787037.203,179/4EF7DD80,179/4EF7DD80,1,1.0010507106781006,6289205,6282603.801099909,5.991557885265263,4065,4060.7333441144197,4062,4057.736492937952,0.0,0.0,6500913.420851304,0.0,streaming,179/4EF142F8,179/4EE71E40,179/4EE71290,432776,1097536,1774160,1100528,0.113143,0.113143,0.113143,5538.180974113246,True,84438744,reserved,4.6,37.6,0.0,15041092.163853144,0.0,24.97375980390172,6319455.081066546,241894.83851019992,1003.39,1
2026-09-13T21:54:46.504392+00:00,1789336486.5043924,F_lat_northeurope_rep1,r3-pub,F01,load,16,1,1000,6,99.5,2286936855,22042655,802270567986,60320,1789156079.537691,5959972.5030000005,192964.18600000002,85893108,85002632,428439467,7995,21717,16055193,4826554313,11084516.363,787046.276,179/4F53BC38,179/4F58ADC8,4,1.0010943412780762,6288846,6281971.379411817,5.9909547609441915,4069,4064.551992977198,4067,4062.554179267207,0.0,0.0,6014210.401302819,0.0,streaming,179/4F539DE8,179/4F42BB50,179/4F42B530,7760,1114344,1615472,1115912,0.112650,0.112650,0.112650,15367.183057252696,True,90459536,reserved,3.5,37.6,0.0,6047270.222575755,0.0,13.98469596993875,6334794.57281084,223423.49844316146,1003.39,1
2026-09-13T21:54:47.504764+00:00,1789336487.5047643,F_lat_northeurope_rep1,r3-pub,F01,load,16,1,1000,6,99.5,2286961475,22042655,802276863869,60320,1789156079.537691,5960006.83,192964.18600000002,85897172,85002632,428443528,7995,21717,16055193,4826599473,11084516.363,787055.21,179/4FB6E000,179/4FB88C90,7,1.0003719329833984,6295883,6293542.22406446,6.001989578308544,4064,4062.4890263364114,4061,4059.4901417205133,0.0,0.0,6494808.366547629,0.0,streaming,179/4FB6BDB0,179/4FA63D88,179/4FA63880,8784,1090168,1944200,1091456,0.112888,0.112888,0.112888,-24446.907388800017,True,2037240,reserved,4.8,37.6,0.0,14957124.95189358,0.0,29.988846158979413,6575339.414394747,246622.27304221492,1003.38,1
2026-09-13T21:54:48.505083+00:00,1789336488.5050828,F_lat_northeurope_rep1,r3-pub,F01,load,16,1,1000,6,99.5,2286986050,22042655,802283143421,60320,1789156079.537691,5960043.393,192964.18600000002,85901235,85002632,428447587,7995,21717,16055193,4826644516,11084516.363,787064.025,179/50112000,179/50192FE8,4,1.0003185272216797,6279552,6277552.428665948,5.9867405211123925,4063,4061.706235997369,4059,4057.7075097005463,0.0,0.0,5912740.631154246,0.0,streaming,179/500FFC18,179/4FFFFCB0,179/4FFFFCB0,74728,1123152,1682816,1123152,0.113082,0.113082,0.113082,31685.90717602082,True,7951864,reserved,3.5,37.6,0.0,14306866.87344386,0.0,20.993313058317682,5904773.1690078275,216546.0241965469,1003.38,1
2026-09-13T21:54:49.506119+00:00,1789336489.5061195,F_lat_northeurope_rep1,r3-pub,F01,load,16,1,1000,6,99.5,2287010659,22042655,802289429793,60320,1789156079.537691,5960076.913000001,192964.18600000002,85905305,85002632,428451654,7995,21717,16055193,4826690074,11084516.363,787073.137,179/5072C000,179/5079FA48,3,1.0010366439819336,6286372,6279862.018830806,5.988943117934042,4070,4065.7852282113404,4067,4062.7883349227322,0.0,0.0,6391326.469878428,0.0,streaming,179/50729FF8,179/50621FD0,179/50621540,8200,1089584,2377936,1092288,0.113066,0.284096,0.113066,-30832.03815319774,True,14349816,reserved,4.3,37.6,0.0,14779430.99180594,0.0,18.980324161183162,6554086.745418292,241306.85070541687,1003.37,1
2026-09-13T21:54:50.507753+00:00,1789336490.5067816,F_lat_northeurope_rep1,r3-pub,F01,load,16,1,1000,6,99.5,2287035193,22042656,802295704126,60320,1789156079.537691,5960108.252,192964.18600000002,85909359,85002632,428455706,7995,21717,16055193,4826735309,11084516.363,787082.815,179/50D613C0,179/50DAA558,1,1.000662088394165,6274333,6270181.585542905,5.979711137335687,4054,4051.3176695898887,4052,4049.318992890535,0.0,0.0,6505196.984574756,0.0,streaming,179/50D5FFE0,179/50C53F38,179/50C53F38,5088,1102984,2240152,1102984,0.112651,0.285301,0.112651,10688.922988143426,True,20859320,reserved,1.9,37.6,0.0,6520610.779280171,0.0,13.990736895475688,6586106.415379642,239829.21186224426,1003.37,1
2026-09-13T21:54:51.507067+00:00,1789336491.5070677,F_lat_northeurope_rep1,r3-pub,F01,load,16,1,1000,6,99.5,2287059885,22042656,802302006262,60320,1789156079.537691,5960143.155,192964.18600000002,85913435,85002632,428459779,7995,21717,16055193,4826780760,11084516.363,787093.017,179/5131C000,179/513AD150,1,1.0002861022949219,6302136,6300333.460138282,6.0084662057288,4076,4074.8341805895075,4073,4071.8350386508987,0.0,0.0,6006153.625664044,0.0,streaming,179/51319EE0,179/51211FD0,179/51211B00,8480,1089584,2235248,1090816,0.113622,0.113622,0.113622,-12164.519702996351,True,26867192,reserved,3.5,37.6,0.0,14536641.03363982,0.0,29.991419386085678,6072781.5632581925,230993.9121116319,1003.36,1
2026-09-13T21:54:52.509809+00:00,1789336492.5098088,F_lat_northeurope_rep1,r3-pub,F01,load,16,1,1000,6,99.5,2287084541,22042656,802308297662,60320,1789156079.537691,5960177.86,192964.18600000002,85917502,85002632,428463843,7995,21717,16055193,4826826064,11084516.363,787103.472,179/51952000,179/519B4350,1,1.0027410984039307,6291400,6274201.7954724915,5.983545108292095,4067,4055.882427152402,4064,4052.89062796837,0.0,0.0,6494837.012630887,0.0,streaming,179/5194FEA8,179/51845E18,179/51845E18,8536,1098216,2412000,1098216,0.112991,0.112991,0.112991,7379.771320611698,True,33379832,reserved,2.1,37.6,0.0,14876853.081762072,0.0,19.94532789354513,6570350.02403585,235348.88554546447,1003.35,1
2026-09-13T21:54:53.510999+00:00,1789336493.510999,F_lat_northeurope_rep1,r3-pub,F01,load,16,1,1000,6,99.5,2287109251,22042656,802314602115,60320,1789156079.537691,5960210.557,192964.18600000002,85921575,85002632,428467913,7995,21717,16055193,4826871277,11084516.363,787112.413,179/51F88000,179/51FB8380,1,1.001190185546875,6304453,6296958.451062273,6.005247546255372,4073,4068.158136982961,4070,4065.1617032950285,0.0,0.0,6504897.964458805,0.0,streaming,179/51F85D48,179/51E73FD8,179/51E734C8,8888,1130536,1702280,1133368,0.112262,0.112262,0.112262,35110.21233273387,True,39892472,reserved,3.3,37.7,0.0,6623540.7575212605,0.0,14.982168439662267,6585693.802420215,247974.86390099674,1003.35,1
2026-09-13T21:54:54.511247+00:00,1789336494.5112479,F_lat_northeurope_rep1,r3-pub,F01,load,16,1,1000,6,99.5,2287133910,22042656,802320894137,60320,1789156079.537691,5960246.99,192964.18600000002,85925646,85002632,428471727,7995,21717,16055193,4826916310,11084516.363,787121.216,179/5252A000,179/525BD0A0,1,1.000248908996582,6292022,6290456.248847056,5.99904656300264,4071,4069.986943633758,3814,3813.05089732723,0.0,0.0,5904962.2017835,0.0,streaming,179/52525FF8,179/5241FD88,179/5241E638,16392,1090168,2444456,1096136,0.112262,0.112262,0.112262,-37222.73492639943,True,45798904,reserved,3.7,37.6,0.0,14316052.605710898,0.0,20.99477421181747,5966570.866832501,220769.0485976372,1003.34,1
2026-09-13T21:54:55.512110+00:00,1789336495.512111,F_lat_northeurope_rep1,r3-pub,F01,load,16,1,1000,6,99.5,2287158592,22042656,802327193206,60320,1789156079.537691,5960281.283,192964.18600000002,85929721,85002632,428476053,7995,21717,16055193,4826962036,11084516.363,787129.823,179/52B62000,179/52BC2A78,1,1.0008630752563477,6299069,6293637.117531427,6.0020800757707855,4075,4071.486001175819,4326,4322.26955609487,0.0,0.0,6515208.8844219195,0.0,streaming,179/52B57FE0,179/52A53F60,179/52A53F60,40992,1106080,1800080,1106080,0.112984,0.112984,0.112984,9935.424980537999,True,52319736,reserved,11.6,37.7,0.0,11479372.43769063,0.0,80.93015118901629,6573827.292324492,241186.83760830353,1003.34,1
2026-09-13T21:54:56.512601+00:00,1789336496.5126011,F_lat_northeurope_rep1,r3-pub,F01,load,16,1,1000,6,99.5,2287183177,22042657,802333482429,60320,1789156079.537691,5960317.369,192964.18600000002,85933786,85002632,428480115,7995,21717,16055193,4827007195,11084516.363,787138.507,179/53104000,179/531C4B18,1,1.0004901885986328,6289223,6286141.60505581,5.994931798034487,4065,4063.0083596259615,4062,4060.009829471256,0.0,0.0,5903538.152905852,0.0,streaming,179/53101FD8,179/53101FD8,179/53101F98,8232,8232,1065024,8296,0.112389,0.112389,0.112389,-1097246.1424510765,True,58226168,reserved,7.1,37.6,0.0,15278782.515010152,0.0,32.98383170176057,6008789.5598661695,255640.68784946954,1003.33,1
2026-09-13T21:54:57.512941+00:00,1789336497.5129414,F_lat_northeurope_rep1,r3-pub,F01,load,16,1,1000,6,99.5,2287207793,22042657,802339766189,60320,1789156079.537691,5960349.995,192964.18600000002,85937855,85002632,428484181,7995,21717,16055193,4827051915,11084516.363,787147.56,179/53737520,179/537C74F0,1,1.000340223312378,6283760,6281622.845468406,5.990622373073965,4069,4067.616102176236,4066,4064.6171224990353,0.0,0.0,6499452.734661969,0.0,streaming,179/53735C40,179/53629E20,179/53629E20,6368,1103616,1517328,1103616,0.112822,0.285050,0.112822,1094947.473343739,True,64727832,reserved,5.3,37.7,0.0,6592317.140026375,0.0,21.992517632803438,6585986.293927805,216730.26331192348,1003.33,1
2026-09-13T21:54:58.513170+00:00,1789336498.51317,F_lat_northeurope_rep1,r3-pub,F01,load,16,1,1000,6,99.5,2287232447,22042657,802346066475,60320,1789156079.537691,5960383.117000001,192964.18600000002,85941929,85002632,428488252,7995,21717,16055193,4827097060,11084516.363,787156.62,179/53D6A000,179/53DCB5E8,1,1.0002286434173584,6300286,6298845.810368503,6.007047472351554,4074,4073.068719648804,4071,4070.0694054222586,0.0,0.0,6497554.376962779,0.0,streaming,179/53D67C38,179/53C5FFF8,179/53C5EF08,9160,1089544,2179528,1093880,0.112614,0.112614,0.112614,-9733.77443654903,True,71226872,reserved,3.1,37.7,0.0,14889651.579179661,0.0,18.99565676812157,6573010.124502802,222498.12726782565,1003.32,1
2026-09-13T21:54:59.513554+00:00,1789336499.513554,F_lat_northeurope_rep1,r3-pub,F01,load,16,1,1000,6,99.5,2287257058,22042657,802352346398,60320,1789156079.537691,5960417.308,192964.18600000002,85945993,85002632,428492313,7995,21717,16055193,4827142288,11084516.363,787165.339,179/5430E000,179/543D1750,1,1.0003840923309326,6279923,6277511.855838833,5.986701827849229,4064,4062.4396480862933,4061,4059.4407999208756,0.0,0.0,5912353.110512487,0.0,streaming,179/5430BCE0,179/5430BCE0,179/5430BCE0,8992,8992,355728,8992,0.112469,0.291779,0.112469,-1084471.4628280124,True,77141496,reserved,1.6,37.6,0.0,14310023.62966838,0.0,18.992705047647533,5989088.636985258,258359.7659952597,1003.32,1
2026-09-13T21:55:00.513820+00:00,1789336500.5138206,F_lat_northeurope_rep1,r3-pub,F01,load,16,1,1000,6,99.5,2287281733,22042657,802358640465,60320,1789156079.537691,5960486.05,192964.18600000002,85950062,85002632,428496379,7995,21717,16055193,4827187083,11084516.363,787174.855,179/54942000,179/549D47E8,1,1.0002665519714355,6294067,6292389.751106801,6.0008904944484724,4069,4067.915689053449,4066,4064.9164884962706,0.0,0.0,6502714.688580076,0.0,streaming,179/5492DFE0,179/5482BE90,179/5482BDB0,81952,1139056,2106248,1139280,0.113297,0.113297,0.113297,1129986.7997908196,True,83645944,reserved,3.6,37.6,0.0,14999649.813771296,0.0,21.99413741931086,6498621.779553046,226417.64792957657,1003.31,1
2026-09-13T21:55:01.514290+00:00,1789336501.5142903,F_lat_northeurope_rep1,r3-pub,F01,load,16,1,1000,6,99.5,2287306418,22042657,802364939242,60320,1789156079.537691,5960520.801,192964.18600000002,85954134,85002632,428500448,7995,21717,16055193,4827232547,11084516.363,787185.327,179/54F62000,179/54FDCAA0,1,1.00046968460083,6298777,6295819.950319736,6.004161787338005,4072,4070.0883421816593,4069,4067.0897505739617,0.0,0.0,6419512.853667801,0.0,streaming,179/54F5FD20,179/54E55B58,179/54E55B58,8928,1098920,1738040,1098920,0.113347,0.284367,0.113347,-40341.05242889287,True,90068472,reserved,3.5,37.7,0.0,6501394.395168667,0.0,21.98967178978303,6575135.7599851675,220259.54748236173,1003.31,1
2026-09-13T21:55:02.514790+00:00,1789336502.5147908,F_lat_northeurope_rep1,r3-pub,F01,load,16,1,1000,6,99.5,2287331099,22042658,802371243776,60320,1789156079.537691,5960555.573,192964.18600000002,85958206,85002632,428504515,7995,21717,16055193,4827278264,11084516.363,787195.027,179/55520000,179/555E11F0,1,1.0005004405975342,6304534,6301380.533360595,6.009464772568316,4072,4069.963225171653,4067,4064.965726123063,0.0,0.0,6018108.29428918,0.0,streaming,179/5551DE98,179/5551DE98,179/5551DDC8,8552,8552,755152,8760,0.113545,0.113545,0.113545,-1089614.7125621634,True,1087384,reserved,3.3,37.6,0.0,14463929.662397057,0.0,28.985494481821693,6085782.427405566,263259.254381431,1003.3,1
2026-09-13T21:55:03.515427+00:00,1789336503.5154274,F_lat_northeurope_rep1,r3-pub,F01,load,16,1,1000,6,99.5,2287355669,22042658,802377522982,60320,1789156079.537691,5960595.353,192964.18600000002,85962262,85002632,428508569,7995,21717,16055193,4827323486,11084516.363,787204.319,179/55C5E000,179/55CA3B28,2,1.0006365776062012,6279206,6275211.340986148,5.9845078859197125,4056,4053.4196838007574,4054,4051.4209561460234,0.0,0.0,7589152.915204145,0.0,streaming,179/55C59F30,179/55B45CD0,179/55B45748,16592,1147696,2060848,1149112,0.113166,0.113166,0.113166,1139626.539265671,True,8681368,reserved,8.8,37.7,511.67427961192993,15993402.957830094,0.9993638273670506,23.984731856809216,6976839.700084871,210310.12128643162,1003.3,1
2026-09-13T21:55:04.516614+00:00,1789336504.5166142,F_lat_northeurope_rep1,r3-pub,F01,load,16,1,1000,6,99.5,2287380351,22042658,802383824035,60320,1789156079.537691,5960638.94,192964.18600000002,85966340,85002632,428512645,7995,21717,16055193,4827368754,11084516.363,787214.616,179/5641AAD0,179/56463468,2,1.0011868476867676,6301053,6293583.475011204,6.002028918276982,4078,4073.165772624939,4076,4071.1681435064374,0.0,0.0,8103230.699389086,0.0,streaming,179/56419E50,179/5630FE60,179/5630FCD8,3200,1092720,1498736,1093112,0.094790,0.153875,0.094790,-55933.615318047225,True,16794216,reserved,9.9,37.9,0.0,16515950.082849402,0.0,23.971549422020242,6287109.15903814,222569.84349610243,1003.29,1
2026-09-13T21:55:05.516707+00:00,1789336505.516708,F_lat_northeurope_rep1,r3-pub,F01,load,16,1,1000,6,99.5,2287445495,22042659,802392607554,60320,1789156079.537691,5960684.397,192964.18600000002,85970401,85002632,428516747,8008,21768,16055193,4827526195,11084516.363,787225.863,179/56A56000,179/56A874F0,1,1.000093698501587,8783519,8782696.074537922,8.375831675088808,4061,4060.619526034896,4102,4101.615684756253,12.998782033600996,50.995221824126986,6533835.78937692,0.0,streaming,179/56A51E08,179/56941C10,179/56941060,16888,1131504,1996992,1134496,0.108722,0.108722,0.108722,41380.12274450336,True,23328664,reserved,25.3,37.8,20478.081234472957,6704523.796166445,2.999718930830999,25.997564067201992,6469462.821027597,232826.18453537882,1003.29,1
2026-09-13T21:55:06.517080+00:00,1789336506.5170808,F_lat_northeurope_rep1,r3-pub,F01,load,16,1,1000,6,99.5,2287469690,22042659,802398783585,60320,1789156079.537691,5960714.573,192964.18600000002,85974396,85002632,428520739,8008,21768,16055193,4827572055,11084516.363,787236.517,179/56F84000,179/5703AD18,1,1.0003728866577148,6176031,6173728.898865265,5.887726687302842,3995,3993.5108730779903,3992,3990.511991320985,0.0,0.0,5429271.497097621,0.0,streaming,179/56F7FD10,179/56F7FD10,179/56F7F670,17136,17136,1095840,18832,0.113416,0.113416,0.113416,-1115248.1388489818,True,28759960,reserved,3.7,37.7,0.0,13831130.555954572,0.0,17.99329054202849,5487642.731243214,240528.31020232287,1003.28,1
2026-09-13T21:55:07.517759+00:00,1789336507.5177183,F_lat_northeurope_rep1,r3-pub,F01,load,16,1,1000,6,99.5,2287492960,22042659,802404724779,60320,1789156079.537691,5960765.955,192964.18600000002,85978237,85002632,428524577,8008,21768,16055193,4827614684,11084516.363,787245.975,179/57534000,179/575EAA78,1,1.0006375312805176,5941194,5937408.716218193,5.662354198663896,3841,3838.552802516477,3838,3835.5547138917573,0.0,0.0,5959976.328659335,0.0,streaming,179/57531E70,179/57531E70,179/57531E70,8592,8592,1367584,8592,0.112350,0.285068,0.112350,-10233.47583904419,True,34723736,reserved,6.0,37.7,0.0,14421014.15238107,0.0,23.984708997759817,6048283.030374712,226475.61471134707,1003.28,1
2026-09-13T21:55:08.518258+00:00,1789336508.5182586,F_lat_northeurope_rep1,r3-pub,F01,load,16,1,1000,6,99.5,2287516116,22042660,802410636380,60320,1789156079.537691,5960803.436000001,192964.18600000002,85982056,85002632,428528393,8008,21768,16055193,4827657243,11084516.363,787255.6,179/57B82000,179/57B826F0,1,1.0005402565002441,5911601,5908408.943662086,5.634697860395513,3819,3816.9378745022723,3816,3813.9394943966145,0.0,0.0,6607374.323072414,0.0,streaming,179/57B136F8,179/57A71F68,179/57A71440,452872,1114264,2361344,1117120,0.113969,0.300179,0.113969,1107929.433921512,True,41334680,reserved,5.2,37.7,0.0,6693343.877461832,0.0,16.990820598727055,6415138.179898346,226502.63048155993,1003.27,1
2026-09-13T21:55:09.518756+00:00,1789336509.5187073,F_lat_northeurope_rep1,r3-pub,F01,load,16,1,1000,6,99.5,2287539071,22042660,802416487726,60320,1789156079.537691,5960836.913000001,192964.18600000002,85985842,85002632,428532176,8008,21768,16055193,4827699009,11084516.363,787265.991,179/58101D20,179/581193B0,1,1.0004487037658691,5851346,5848721.656567178,5.577775627677133,3786,3784.3019694551194,3783,3781.3033149626826,0.0,0.0,5763845.740710255,0.0,streaming,179/580FFD50,179/57FB1E50,179/57FB0700,8144,1375952,1953896,1381920,0.113296,0.113296,0.113296,264681.236532413,True,47101112,reserved,2.9,37.7,0.0,14178086.239311604,0.0,18.99147845209912,6100776.558583437,205218.91749889066,1003.27,1
2026-09-13T21:55:10.519189+00:00,1789336510.5191898,F_lat_northeurope_rep1,r3-pub,F01,load,16,1,1000,6,99.5,2287562033,22042660,802422351712,60320,1789156079.537691,5960865.36,192964.18600000002,85989630,85002632,428535959,8008,21768,16055193,4827740895,11084516.363,787273.841,179/5864E000,179/586BDAA8,1,1.0004825592041016,5863986,5861157.644431989,5.589635509902943,3788,3786.172947395914,3783,3781.1753590281787,0.0,0.0,5552232.718998133,0.0,streaming,179/5864BE20,179/58539ED0,179/58539948,8672,1130800,2354808,1132216,0.113296,0.113296,0.113296,-249583.56115537204,True,52656024,reserved,4.7,37.7,0.0,13989281.343528913,0.0,23.988424165127224,5607295.148116162,211472.9517806997,1003.26,1
2026-09-13T21:55:11.519448+00:00,1789336511.5194483,F_lat_northeurope_rep1,r3-pub,F01,load,16,1,1000,6,99.5,2287585127,22042660,802428251292,60320,1789156079.537691,5960895.349,192964.18600000002,85993443,85002632,428539770,8008,21768,16055193,4827783488,11084516.363,787281.959,179/58B94000,179/58C61FD0,2,1.000258445739746,5899580,5898055.672638621,5.624824211729642,3813,3812.0148010148287,3811,3810.0153177727543,0.0,0.0,5528171.26768728,0.0,streaming,179/58B87C40,179/58B87C40,179/58B83070,50112,50112,672048,69520,0.113656,0.302033,0.113656,-1062421.421709744,True,58185624,reserved,4.5,37.7,0.0,13930991.594571944,0.0,17.995349178669528,5538994.470476628,246693.2431822754,1003.26,1
2026-09-13T21:55:12.519784+00:00,1789336512.5197845,F_lat_northeurope_rep1,r3-pub,F01,load,16,1,1000,6,99.5,2287608502,22042660,802434219164,60320,1789156079.537691,5960941.666,192964.18600000002,85997305,85002632,428543629,8008,21768,16055193,4827826363,11084516.363,787291.44,179/59210000,179/59229138,1,1.0003361701965332,5967872,5965866.453501835,5.689493611814342,3862,3860.7021470004865,3859,3857.703155172159,0.0,0.0,6797075.025952674,0.0,streaming,179/5920DC88,179/5910DC10,179/5910CFA8,9080,1057776,1288424,1060952,0.112859,0.112859,0.112859,991098.822114186,True,64984984,reserved,5.2,37.7,0.0,6850305.131577605,0.0,16.99428702719013,6941015.637409032,207584.21637318464,1003.25,1
2026-09-13T21:55:13.520587+00:00,1789336513.520587,F_lat_northeurope_rep1,r3-pub,F01,load,16,1,1000,6,99.5,2287632171,22043312,802444821915,60320,1789156079.537691,5961012.562,192964.18600000002,86001216,85002632,428547536,8008,21768,16055193,4827869823,11084516.363,787299.997,179/59E84000,179/59F5C0A8,5,1.0008025169372559,10602751,10594248.935791522,10.103463111678622,3911,3907.8638730533844,3907,3903.8670805470656,0.0,0.0,13047577.098388392,0.0,streaming,179/59E81D00,179/59D78320,179/59D76940,8960,1096928,3300344,1103552,0.112872,0.204826,0.112872,42565.84019229715,True,78043032,reserved,6.7,37.8,0.0,21531776.384762023,0.0,37.969528810030326,5662910.418475011,257751.15033625797,1003.24,1
2026-09-13T21:55:14.521558+00:00,1789336514.5215585,F_lat_northeurope_rep1,r3-pub,F01,load,16,1,1000,6,99.5,2287655081,22043849,802454425514,60320,1789156079.537691,5961055.721,192964.18600000002,86004998,85002632,428551317,8008,21768,16055193,4827911985,11084516.363,787307.94,179/5A522000,179/5A576120,4,1.0009715557098389,9603599,9594277.624791855,9.149816155235152,3782,3778.329142747713,3781,3777.330113360418,0.0,0.0,6931889.283386755,0.0,streaming,179/5A51FE40,179/5A417FD8,179/5A417A90,8640,1089576,1808920,1090928,0.101274,0.168886,0.101274,-12611.74698520548,True,84981656,reserved,6.2,37.8,0.0,15414655.80313926,0.0,23.976705295067454,6005017.790677783,177832.2260853534,1003.24,1
2026-09-13T21:55:15.524369+00:00,1789336515.5243697,F_lat_northeurope_rep1,r3-pub,F01,load,16,1,1000,6,99.5,2287677008,22043873,802460185869,60320,1789156079.537691,5961082.878,192964.18600000002,86008616,85002632,428554932,8008,21768,16055193,4827951838,11084516.363,787316.131,179/5AA30000,179/5AADF948,1,1.0028111934661865,5760355,5744206.923029556,5.4781026106162605,3618,3607.857614247895,3615,3604.8660241863295,0.0,0.0,5285365.814156837,0.0,streaming,179/5AA2FCB0,179/5AA2FCB0,179/5AA2FCB0,848,848,848512,848,0.118597,0.118597,0.118597,-1087024.1647704106,True,90281880,reserved,11.8,37.8,0.0,13585105.639787974,0.0,22.935523805334878,5310464.257576684,231298.7743966791,1003.24,1
2026-09-13T21:55:16.525297+00:00,1789336516.5252976,F_lat_northeurope_rep1,r3-pub,F01,load,16,1,1000,6,99.5,2287697981,22043879,802465573847,60320,1789156079.537691,5961104.554,192964.18600000002,86012075,85002632,428558388,8008,21768,16055193,4827990437,11084516.363,787325.321,179/5AF22000,179/5AFBEFC0,1,1.0009279251098633,5387978,5382982.994913053,5.133612627900174,3459,3455.7932826385427,3456,3452.796063833132,0.0,0.0,5180728.671778069,0.0,streaming,179/5AF21D48,179/5AF21D48,179/5AF211A0,696,696,899464,3680,0.112595,0.112595,0.112595,2829.3745523077055,True,95467416,reserved,4.8,37.8,0.0,5188913.07726271,0.0,6.993510545958312,5191070.075729671,184850.4726048998,1003.23,1
2026-09-13T21:55:17.525818+00:00,1789336517.5258186,F_lat_northeurope_rep1,r3-pub,F01,load,16,1,1000,6,99.5,2287717815,22043889,802470704450,60320,1789156079.537691,5961128.1959999995,192964.18600000002,86015341,85002632,428561651,8008,21768,16055193,4828026852,11084516.363,787333.664,179/5B408000,179/5B4A5400,1,1.000520944595337,5130603,5127931.631731193,4.890376693469231,3266,3264.299480827902,3263,3261.3010428479615,0.0,0.0,5133709.621718537,0.0,streaming,179/5B407FC8,179/5B407FC8,179/5B407AC0,56,56,914496,1344,0.109283,0.315467,0.109283,-2334.7837070465334,True,100603800,reserved,6.0,37.8,0.0,11020690.830674881,0.0,38.97969373921867,5121368.0509931035,182956.68970131935,1003.23,1
2026-09-13T21:55:18.526510+00:00,1789336518.5265105,F_lat_northeurope_rep1,r3-pub,F01,load,16,1,1000,6,99.5,2287737562,22043892,802475775075,60320,1789156079.537691,5961153.182,192964.18600000002,86018597,85002632,428564902,8008,21768,16055193,4828063099,11084516.363,787339.964,179/5B900000,179/5B975A20,1,1.0006918907165527,5070625,5067119.107329971,4.832381350831958,3256,3253.748761437966,3251,3248.75221849964,0.0,0.0,5206509.66429763,0.0,streaming,179/5B8EDDC0,179/5B7F3EB8,179/5B7F3300,74304,1098056,1973048,1101056,0.112308,0.112308,0.112308,1098951.6455584976,True,5843512,reserved,4.3,37.8,0.0,10028261.538938046,0.0,123.91426487048766,5153417.398343565,169577.67078385002,1003.22,1
2026-09-13T21:55:19.527030+00:00,1789336519.5270307,F_lat_northeurope_rep1,r3-pub,F01,load,16,1,1000,6,99.5,2287757213,22043900,802480853998,60320,1789156079.537691,5961174.347999999,192964.18600000002,86021836,85002632,428568139,8008,21768,16055193,4828099181,11084516.363,787346.422,179/5BDE8000,179/5BE4BBF8,1,1.0005202293395996,5078923,5076282.169079559,4.841119927482184,3239,3237.3158533115566,3237,3235.3168932292397,0.0,0.0,5141901.032221721,0.0,streaming,179/5BDE7D70,179/5BCEFDC0,179/5BCEFCF8,656,1016384,1525800,1016584,0.112268,0.315501,0.112268,-84428.0780367193,True,10988088,reserved,6.0,37.8,0.0,5141901.032221721,0.0,6.9963602881077165,5226925.799843011,167812.69891046936,1003.22,1
2026-09-13T21:55:20.527471+00:00,1789336520.5274713,F_lat_northeurope_rep1,r3-pub,F01,load,16,1,1000,6,99.5,2287777342,22043902,802486007811,60320,1789156079.537691,5961208.0709999995,192964.18600000002,86025157,85002632,428571457,8008,21768,16055193,4828135826,11084516.363,787353.155,179/5C324000,179/5C360D08,1,1.0004405975341797,5153813,5151543.242750024,4.912894480466866,3321,3319.5374199981316,3318,3316.538741208612,0.0,0.0,5486222.783769511,0.0,streaming,179/5C31FEE8,179/5C219FC0,179/5C219F00,16664,1089600,2103936,1089792,0.113376,0.113376,0.113376,73175.75894104884,True,16476728,reserved,2.3,37.8,0.0,8892593.945035357,0.0,55.97533740436476,5502507.608715795,198227.66138118925,1003.21,1
2026-09-13T21:55:21.528352+00:00,1789336521.528331,F_lat_northeurope_rep1,r3-pub,F01,load,16,1,1000,6,99.5,2287798148,22043904,802491333830,60320,1789156079.537691,5961235.597,192964.18600000002,86028592,85002632,428574890,8008,21768,16055193,4828173920,11084516.363,787360.429,179/5C84BB50,179/5C8731F8,1,1.0008597373962402,5326019,5321443.955629349,5.07492442667899,3435,3432.04933883766,3433,3430.0510568354252,0.0,0.0,5400876.664359169,0.0,streaming,179/5C849CD0,179/5C741D40,179/5C741708,7808,1089040,2345680,1090632,0.112475,0.314665,0.112475,839.278440938467,True,21882248,reserved,5.4,37.8,0.0,13971731.979526956,0.0,36.96821704133724,5466563.191195618,191823.08252249332,1003.21,1
2026-09-13T21:55:22.528642+00:00,1789336522.528643,F_lat_northeurope_rep1,r3-pub,F01,load,16,1,1000,6,99.5,2287819739,22043905,802496856320,60320,1789156079.537691,5961265.438,192964.18600000002,86032157,85002632,428578452,8008,21768,16055193,4828213665,11084516.363,787367.533,179/5CD74000,179/5CDF8D28,1,1.0003118515014648,5522490,5520768.340103899,5.2650149727858535,3565,3563.888595990287,3562,3560.889531253128,0.0,0.0,5406234.057791808,0.0,streaming,179/5CD71E00,179/5CC65D18,179/5CC65708,8704,1106664,1728720,1108216,0.113391,0.113391,0.113391,17578.518112733018,True,27290168,reserved,7.5,37.8,0.0,13807406.139664011,0.0,17.994388422952362,5462969.36480113,200767.39038786237,1003.2,1
2026-09-13T21:55:23.529602+00:00,1789336523.529602,F_lat_northeurope_rep1,r3-pub,F01,load,16,1,1000,6,99.5,2287842397,22043905,802502645208,60320,1789156079.537691,5961303.921,192964.18600000002,86035896,85002632,428582188,8008,21768,16055193,4828255288,11084516.363,787375.646,179/5D328000,179/5D384120,1,1.0009591579437256,5788888,5783340.862670297,5.5154236437514275,3739,3735.417144972271,3736,3732.420019688795,0.0,0.0,5974429.5784106385,0.0,streaming,179/5D325CA8,179/5D21BD48,179/5D21BD48,9048,1098424,2288328,1098424,0.112704,0.112704,0.112704,-9782.616925265707,True,33270328,reserved,3.5,37.8,0.0,5994889.953679168,0.0,13.986584656221394,6048135.882423641,227297.9853317762,1003.2,1
2026-09-13T21:55:24.530045+00:00,1789336524.530045,F_lat_northeurope_rep1,r3-pub,F01,load,16,1,1000,6,99.5,2287865944,22043906,802508668772,60320,1789156079.537691,5961338.804,192964.18600000002,86039779,85002632,428586068,8008,21768,16055193,4828298284,11084516.363,787384.341,179/5D94C000,179/5D97FA70,1,1.0004429817199707,6023564,6020896.8527564,5.7419746902050015,3883,3881.2806636159426,3880,3878.2819919726644,0.0,0.0,6436060.942653787,0.0,streaming,179/5D949E00,179/5D841D98,179/5D841D98,8704,1090152,2515632,1090152,0.113787,0.113787,0.113787,-8268.337277731413,True,39709240,reserved,3.4,37.8,0.0,14820954.58804498,0.0,18.991587074092944,6488418.7491026325,249090.65739215977,1003.19,1
2026-09-13T21:55:25.531083+00:00,1789336525.5310838,F_lat_northeurope_rep1,r3-pub,F01,load,16,1,1000,6,99.5,2287890467,22043906,802514932026,60320,1789156079.537691,5961369.858999999,192964.18600000002,86043818,85002632,428590104,8008,21768,16055193,4828343210,11084516.363,787393.573,179/5DF7A000,179/5DF7BD30,1,1.0010387897491455,6263254,6256754.547513124,5.966906116021274,4039,4034.80868210127,4036,4031.811795236624,0.0,0.0,6473147.760461728,0.0,streaming,179/5DED4268,179/5DE73CB0,179/5DE737A8,679320,1074000,1693752,1075288,0.112997,0.112997,0.112997,-14848.575452031017,True,46189112,reserved,6.4,37.8,0.0,14869417.801212339,0.0,21.97717034073482,6013721.008262396,239349.36633179005,1003.19,1
2026-09-13T21:55:26.532295+00:00,1789336526.5322957,F_lat_northeurope_rep1,r3-pub,F01,load,16,1,1000,6,99.5,2287915556,22043907,802521339519,60320,1789156079.537691,5961404.791999999,192964.18600000002,86047950,85002632,428594232,8008,21768,16055193,4828388769,11084516.363,787401.731,179/5E540000,179/5E5BF020,1,1.0012118816375732,6407493,6399737.275910032,6.103265071783096,4132,4126.998566219308,4128,4123.00340787834,0.0,0.0,6046560.284620589,0.0,streaming,179/5E539C00,179/5E42BFE8,179/5E42B510,25600,1130520,1554416,1133296,0.112997,0.112997,0.112997,57937.78626070901,True,52243000,reserved,2.9,37.8,0.0,14457742.926826226,0.0,17.97821253435323,6606842.289147439,220006.37830997715,1003.18,1
2026-09-13T21:55:27.533536+00:00,1789336527.5335047,F_lat_northeurope_rep1,r3-pub,F01,load,16,1,1000,6,99.5,2287941229,22043907,802527887379,60320,1789156079.537691,5961440.194999999,192964.18600000002,86052180,85002632,428598460,8008,21768,16055193,4828435582,11084516.363,787410.697,179/5EB84000,179/5EC03ED0,1,1.001209020614624,6547860,6539953.061929454,6.236985265664534,4230,4224.892018455127,4228,4222.894433576425,0.0,0.0,6562050.3458576575,0.0,streaming,179/5EB81FD8,179/5EA6FFA0,179/5EA6F908,8232,1130592,1937416,1132280,0.113626,0.113626,0.113626,-1014.7731183807114,True,58812984,reserved,3.3,37.8,0.0,6827968.844910492,0.0,49.93962196755469,6651557.130310106,234958.9298102694,1003.18,1
2026-09-13T21:55:28.534297+00:00,1789336528.5342977,F_lat_northeurope_rep1,r3-pub,F01,load,16,1,1000,6,99.5,2287967039,22043908,802534484462,60320,1789156079.537691,5961480.662,192964.18600000002,86056440,85002632,428602717,8008,21768,16055193,4828482806,11084516.363,787419.623,179/5F212000,179/5F25DD38,1,1.0007929801940918,6597083,6591855.78891708,6.286483563344078,4260,4256.6245810135715,4257,4253.626958069196,0.0,0.0,6867642.095837889,0.0,streaming,179/5F20FBC0,179/5F10FFD8,179/5F10FF58,9280,1056808,1636520,1056936,0.114038,0.114038,0.114038,-75284.30104034896,True,65686072,reserved,4.3,37.8,0.0,15290530.911829771,0.0,21.982568258755535,6936221.713559318,263242.25410624564,1003.17,1
2026-09-13T21:55:29.534980+00:00,1789336529.5349805,F_lat_northeurope_rep1,r3-pub,F01,load,16,1,1000,6,99.5,2287993061,22043908,802541131407,60320,1789156079.537691,5961512.635,192964.18600000002,86060733,85002632,428607007,8008,21768,16055193,4828530045,11084516.363,787428.528,179/5F838000,179/5F8B5AF0,6,1.0006828308105469,6646945,6642409.358233933,6.334695204004224,4293,4290.070607609702,4290,4287.072654704315,0.0,0.0,6442704.722712076,0.0,streaming,179/5F837C88,179/5F737F20,179/5F737F20,888,1048800,1885544,1048800,0.112286,0.112286,0.112286,-8130.44827941126,True,72133176,reserved,3.7,37.8,0.0,14833775.041365035,0.0,17.9877174323258,6528658.03114481,247229.18429569653,1003.17,1
2026-09-13T21:55:30.535777+00:00,1789336530.535777,F_lat_northeurope_rep1,r3-pub,F01,load,16,1,1000,6,99.5,2288018949,22043908,802547742507,60320,1789156079.537691,5961549.93,192964.18600000002,86065008,85002632,428611279,8008,21768,16055193,4828577455,11084516.363,787438.013,179/5FE84000,179/5FF0C8F0,4,1.0007965564727783,6611100,6605838.076921702,6.299818112298682,4275,4271.597431416902,4272,4268.599819184328,0.0,0.0,6597496.721282529,0.0,streaming,179/5FE83D10,179/5FD83B78,179/5FD83B78,752,1049736,2320696,1049736,0.114112,0.114112,0.114112,935.2550165628585,True,78735928,reserved,4.1,37.8,0.0,6802133.716359531,0.0,17.985673395439587,6682588.940524508,247106.165984022,1003.16,1
2026-09-13T21:55:31.536508+00:00,1789336531.5365083,F_lat_northeurope_rep1,r3-pub,F01,load,16,1,1000,6,99.5,2288044726,22043908,802554326532,60320,1789156079.537691,5961603.142,192964.18600000002,86069261,85002632,428615529,8008,21768,16055193,4828624539,11084516.363,787447.732,179/6054F628,179/60561150,2,1.0007312297821045,6584025,6579214.082719874,6.274427492828249,4253,4249.892352141376,4250,4246.894544227804,0.0,0.0,7119314.1454686755,0.0,streaming,179/605078E8,179/60437C40,179/60437C40,294208,1145320,1457792,1145320,0.114262,0.264656,0.114262,95514.15720364009,True,85860448,reserved,9.0,37.8,0.0,15577984.913486084,0.0,31.97661774477405,7086781.933990586,271005.83246417815,1003.15,1
2026-09-13T21:55:32.537551+00:00,1789336532.5370238,F_lat_northeurope_rep1,r3-pub,F01,load,16,1,1000,6,99.5,2288070348,22043908,802560856178,60320,1789156079.537691,5961634.232,192964.18600000002,86073485,85002632,428619750,8008,21768,16055193,4828671408,11084516.363,787457.5,179/60A87FC8,179/60B91B40,2,1.0005154609680176,6529646,6526281.956385206,6.223947483430106,4224,4221.823814609722,4221,4218.825360195936,0.0,0.0,5471899.449412911,0.0,streaming,179/60A85FF0,179/60A85FF0,179/60A84390,8152,8152,733472,15416,0.113770,0.113770,0.113770,-1129321.878651227,True,91335168,reserved,4.3,37.8,0.0,13902849.623674778,0.0,23.98763531028251,5630598.646171326,243705.37938922894,1003.15,1
2026-09-13T21:55:33.540572+00:00,1789336533.5405724,F_lat_northeurope_rep1,r3-pub,F01,load,16,1,1000,6,99.5,2288095685,22043908,802567324488,60320,1789156079.537691,5961677.199999999,192964.18600000002,86077656,85002632,428623917,8008,21768,16055193,4828717435,11084516.363,787466.23,179/61106000,179/611CEAF0,1,1.0035486221313477,6468310,6445437.5775660295,6.146848275724439,4171,4156.251035591663,4167,4152.265179887428,0.0,0.0,6783535.794749961,0.0,streaming,179/61103F00,179/61103F00,179/61103EB8,8448,8448,1131192,8520,0.113729,0.285918,0.113729,-6871.61523410216,True,6905608,reserved,10.7,37.8,0.0,15191403.449512828,0.0,27.90098992964914,6836603.4775961535,252146.22831386956,1003.14,1
2026-09-13T21:55:34.541432+00:00,1789336534.5414329,F_lat_northeurope_rep1,r3-pub,F01,load,16,1,1000,6,99.5,2288120867,22043910,802573772417,60320,1789156079.537691,5961709.469,192964.18600000002,86081804,85002632,428628063,8008,21768,16055193,4828763242,11084516.363,787475.256,179/6174E000,179/617E1FE8,1,1.0008604526519775,6447929,6442385.6321977135,6.143937713811601,4148,4144.433910850463,4146,4142.435630276283,0.0,0.0,6580705.614402204,0.0,streaming,179/6174BBF8,179/6163BD30,179/6163B750,9224,1123024,2554400,1124528,0.113472,0.285088,0.113472,1115048.5535150443,True,13491976,reserved,4.1,37.9,0.0,6580705.614402204,0.0,12.988823732173582,6636380.708619735,206123.64036701093,1003.14,1
2026-09-13T21:55:35.541816+00:00,1789336535.541817,F_lat_northeurope_rep1,r3-pub,F01,load,16,1,1000,6,99.5,2288145720,22043910,802580112057,60320,1789156079.537691,5961742.012999999,192964.18600000002,86085895,85002632,428632151,8008,21768,16055193,4828808692,11084516.363,787484.18,179/61D94000,179/61DF4018,1,1.0003840923309326,6339640,6337205.92780359,6.043630531123724,4091,4089.429281575056,4088,4086.4304334096378,0.0,0.0,6575650.343132309,0.0,streaming,179/61D91FE0,179/61C85EA0,179/61C852F8,8224,1106272,1945992,1109256,0.112796,0.112796,0.112796,-15266.13639408806,True,20070152,reserved,4.1,37.9,0.0,15051114.982163366,0.0,30.98809770931966,6637050.759703187,238663.33124479404,1003.13,1
2026-09-13T21:55:36.542146+00:00,1789336536.5421464,F_lat_northeurope_rep1,r3-pub,F01,load,16,1,1000,6,99.5,2288170409,22043910,802586425981,60320,1789156079.537691,5961773.882999999,192964.18600000002,86089969,85002632,428636222,8008,21768,16055193,4828853857,11084516.363,787492.626,179/62314000,179/623ECE28,1,1.0003294944763184,6313924,6311844.282173642,6.019443781064646,4074,4072.6580816581604,4071,4069.6590698159966,0.0,0.0,5765268.375915643,0.0,streaming,179/62311E58,179/62311E58,179/62311840,8616,8616,483024,10176,0.113234,0.113234,0.113234,-1098717.9784950542,True,25837320,reserved,2.1,37.8,0.0,14187965.143854903,0.0,18.993741667036094,5838232.334694255,242167.20724286803,1003.13,1
2026-09-13T21:55:37.542737+00:00,1789336537.542738,F_lat_northeurope_rep1,r3-pub,F01,load,16,1,1000,6,99.5,2288194818,22043910,802592664144,60320,1789156079.537691,5961816.941,192964.18600000002,86093999,85002632,428640249,8008,21768,16055193,4828898520,11084516.363,787501.417,179/62940000,179/629E6FD0,1,1.000591516494751,6238163,6234475.205080079,5.9456588793564595,4030,4027.617597756378,4027,4024.6193712568074,0.0,0.0,6467854.1575801475,0.0,streaming,179/6293DB48,179/62837FD0,179/62837FD0,9400,1081392,1794984,1081392,0.113158,0.113158,0.113158,1070582.7326546393,True,32309000,reserved,4.4,37.8,0.0,14859690.248111352,0.0,19.988176663803365,6535000.439446862,229463.26869162943,1003.12,1
2026-09-13T21:55:38.543294+00:00,1789336538.5432947,F_lat_northeurope_rep1,r3-pub,F01,load,16,1,1000,6,99.5,2288219284,22043910,802598908671,60320,1789156079.537691,5961849.46,192964.18600000002,86098033,85002632,428644280,8008,21768,16055193,4828943526,11084516.363,787509.53,179/62F61B70,179/62FD7CB0,1,1.0005567073822021,6244527,6241052.559967155,5.951931533782153,4034,4031.755491954395,4031,4028.7571611472895,0.0,0.0,6425974.61249538,0.0,streaming,179/62F5FB80,179/62E5BC38,179/62E5B6B0,8176,1072952,2065592,1074368,0.112839,0.112839,0.112839,-7020.09186303611,True,38738552,reserved,6.9,37.9,0.0,6443516.846604152,0.0,12.992766830790067,6495451.933957626,214010.8585751598,1003.12,1
2026-09-13T21:55:39.544026+00:00,1789336539.5435011,F_lat_northeurope_rep1,r3-pub,F01,load,16,1,1000,6,99.5,2288243584,22043910,802605119348,60320,1789156079.537691,5961888.632999999,192964.18600000002,86102039,85002632,428648283,8008,21768,16055193,4828987652,11084516.363,787517.747,179/63526000,179/635CC9F0,1,1.000206470489502,6210677,6209394.943186569,5.921740477739877,4006,4005.1730499598348,4003,4002.1736692434397,0.0,0.0,6045615.758754949,0.0,streaming,179/63523BB0,179/6341BB58,179/6341B5D0,9296,1090728,1926104,1092144,0.113348,0.113348,0.113348,17772.330538214184,True,44785416,reserved,2.9,37.9,0.0,14505037.137881897,0.0,20.99566501476698,6098095.923149717,253195.72255522423,1003.11,1
2026-09-13T21:55:40.544020+00:00,1789336540.5440207,F_lat_northeurope_rep1,r3-pub,F01,load,16,1,1000,6,99.5,2288267936,22043912,802611347770,60320,1789156079.537691,5961920.795,192964.18600000002,86106054,85002632,428652295,8008,21768,16055193,4829032435,11084516.363,787526.664,179/63B46000,179/63BBDFD0,1,1.0005195140838623,6228422,6225187.927197131,5.936801840970165,4015,4012.915234018582,4012,4009.9167917515692,0.0,0.0,6419193.138757383,0.0,streaming,179/63B43D48,179/63A3BD68,179/63A3AC68,8888,1090200,2174064,1094552,0.112957,0.112957,0.112957,2406.7496596554784,True,51207944,reserved,3.3,37.8,0.0,14938543.216406692,0.0,25.98649964744287,6475944.655545131,194436.98724670158,1003.11,1
2026-09-13T21:55:41.544868+00:00,1789336541.5448618,F_lat_northeurope_rep1,r3-pub,F01,load,16,1,1000,6,99.5,2288292297,22043912,802617566182,60320,1789156079.537691,5961954.142999999,192964.18600000002,86110062,85002632,428656300,8008,21768,16055193,4829077013,11084516.363,787536.551,179/64108000,179/641ADCF8,1,1.0008411407470703,6218412,6213185.836224032,5.925355755065948,4008,4004.6315412336653,4005,4001.634062535137,0.0,0.0,6032429.877426253,0.0,streaming,179/64103E10,179/64103E10,179/64103E10,16880,16880,1085040,16880,0.113694,0.267003,0.113694,-1076766.2880000914,True,57245448,reserved,3.9,37.9,0.0,6061077.780507652,0.0,13.988233926464899,6088807.455947737,272157.07759243343,1003.1,1
2026-09-13T21:55:42.545434+00:00,1789336542.545435,F_lat_northeurope_rep1,r3-pub,F01,load,16,1,1000,6,99.5,2288316676,22043912,802623786778,60320,1789156079.537691,5961987.516,192964.18600000002,86114082,85002632,428660317,8008,21768,16055193,4829121734,11084516.363,787545.395,179/6472C000,179/647A3F08,1,1.0005731582641602,6220596,6217032.656354457,5.9290243686241695,4020,4017.6972236333813,4017,4014.698942123207,0.0,0.0,6435223.598412851,0.0,streaming,179/64729E38,179/64625EC8,179/64625E80,8648,1073464,1350088,1073536,0.112827,0.112827,0.112827,1056050.7158048642,True,63684360,reserved,3.5,37.9,0.0,14827213.659956329,0.0,17.98968906104499,6504821.707681354,193769.93915802578,1003.1,1
2026-09-13T21:55:43.546001+00:00,1789336543.546002,F_lat_northeurope_rep1,r3-pub,F01,load,16,1,1000,6,99.5,2288341062,22043912,802630011179,60320,1789156079.537691,5962025.645,192964.18600000002,86118097,85002632,428664328,8008,21768,16055193,4829166130,11084516.363,787553.847,179/64D515A8,179/64D9A608,1,1.0005669593811035,6224401,6220874.017117333,5.932687775723775,4015,4012.7249479469733,4011,4008.7272144994545,0.0,0.0,6440804.325565768,0.0,streaming,179/64D4FCF8,179/64C47D88,179/64C477B8,6320,1087520,1547472,1089008,0.112950,0.112950,0.112950,15463.232975002633,True,70128816,reserved,3.5,37.9,0.0,6451638.183208545,0.0,13.992067066315723,6505806.471989062,238496.78201207524,1003.09,1
2026-09-13T21:55:44.546507+00:00,1789336544.5465071,F_lat_northeurope_rep1,r3-pub,F01,load,16,1,1000,6,99.5,2288365552,22043912,802636273997,60320,1789156079.537691,5962061.358999999,192964.18600000002,86122134,85002632,428668362,8008,21768,16055193,4829210906,11084516.363,787562.631,179/6531E000,179/65396830,1,1.0005052089691162,6262818,6259655.565864547,5.96967274271445,4037,4034.961501259525,4034,4031.9630161211107,0.0,0.0,6078041.319010977,0.0,streaming,179/65317FF8,179/65215DA0,179/65215818,24584,1081952,1438456,1083368,0.112950,0.112950,0.112950,-5637.152060218906,True,76209928,reserved,2.9,37.9,0.0,14664463.381572353,0.0,45.97677212235278,6121882.170219732,219129.2939153179,1003.08,1
2026-09-13T21:55:45.547629+00:00,1789336545.5476298,F_lat_northeurope_rep1,r3-pub,F01,load,16,1,1000,6,99.5,2288390006,22043912,802642516531,60320,1789156079.537691,5962094.054,192964.18600000002,86126169,85002632,428672394,8008,21768,16055193,4829255389,11084516.363,787570.918,179/6594C000,179/65994668,1,1.0011227130889893,6242534,6235533.2851639185,5.946667943157118,4035,4030.4749330378354,4032,4027.478297399889,0.0,0.0,6472605.121510222,0.0,streaming,179/65949FC8,179/6583FFF0,179/6583FAA8,8248,1097744,1739744,1099096,0.112647,0.112647,0.112647,15710.36177120671,True,82689800,reserved,6.1,37.9,0.0,6554433.251997077,0.0,16.98093528169596,6550761.374462047,239417.2031722693,1003.08,1
2026-09-13T21:55:46.548243+00:00,1789336546.5481777,F_lat_northeurope_rep1,r3-pub,F01,load,16,1,1000,6,99.5,2288414587,22043913,802648808891,60320,1789156079.537691,5962129.188,192964.18600000002,86130223,85002632,428676446,8008,21768,16055193,4829300334,11084516.363,787580.117,179/65F7E000,179/65F98A98,1,1.0005478858947754,6292360,6288914.392510894,5.997576134215254,4054,4051.7800868416875,4052,4049.781182013448,0.0,0.0,6492698.741940265,0.0,streaming,179/65F79C40,179/65E75FA8,179/65E75F60,17344,1081432,2070640,1081504,0.121505,0.121505,0.121505,-17582.3668691956,True,89186056,reserved,2.7,37.9,0.0,14884900.77282144,0.0,33.98138208007335,6547911.491653485,245582.44884027602,1003.07,1
2026-09-13T21:55:47.548839+00:00,1789336547.5487895,F_lat_northeurope_rep1,r3-pub,F01,load,16,1,1000,6,99.5,2288439178,22043913,802655094859,60320,1789156079.537691,5962160.185,192964.18600000002,86134276,85002632,428680495,8008,21768,16055193,4829345616,11084516.363,787589.398,179/66526000,179/6659D450,1,1.0006117820739746,6285968,6282124.708716734,5.991100987164244,4053,4050.5219632726294,4049,4046.5244089047314,0.0,0.0,5927381.734109467,0.0,streaming,179/66523FF0,179/6641BD98,179/6641BD50,8208,1090152,1812128,1090224,0.112905,0.112905,0.112905,8714.668522017599,True,95117064,reserved,7.5,37.9,0.0,16922511.11105562,0.0,33.97921212713284,5984912.5377950715,215679.0514226078,1003.07,1
2026-09-13T21:55:48.549555+00:00,1789336548.5495555,F_lat_northeurope_rep1,r3-pub,F01,load,16,1,1000,6,99.5,2288463927,22043913,802661411453,60320,1789156079.537691,5962192.992,192964.18600000002,86138351,85002632,428684568,8008,21768,16055193,4829390801,11084516.363,787599.617,179/66B5DFE0,179/66BA6B30,1,1.0007660388946533,6316594,6311758.947152805,6.019362399246983,4075,4071.880780947403,4073,4069.882311852459,0.0,0.0,6515808.637153822,0.0,streaming,179/66B5BB88,179/66A4FF08,179/66A4FA40,9304,1106136,2185080,1107360,0.112620,0.112620,0.112620,17122.883205476,True,101637864,reserved,4.7,37.9,0.0,14914398.990283065,0.0,22.982394591850372,6585187.490253881,246585.10621779494,1003.06,1
2026-09-13T21:55:49.550899+00:00,1789336549.5508997,F_lat_northeurope_rep1,r3-pub,F01,load,16,1,1000,6,99.5,2288488663,22043913,802667724035,60320,1789156079.537691,5962226.305,192964.18600000002,86142423,85002632,428688382,8008,21768,16055193,4829435755,11084516.363,787607.983,179/67107F90,179/671B3658,1,1.0013442039489746,6312582,6304107.993140858,6.012065880909784,4072,4066.5337492755853,3814,3808.880088344077,0.0,0.0,5931147.328339296,0.0,streaming,179/67105FE0,179/67105FE0,179/67105480,8112,8112,1092872,11024,0.113106,0.283833,0.113106,-1094864.2791124259,True,107576984,reserved,7.8,37.9,0.0,5959860.731669151,0.0,12.982548806626378,5982969.668544946,257548.80188345458,1003.06,1
2026-09-13T21:55:50.551418+00:00,1789336550.551418,F_lat_northeurope_rep1,r3-pub,F01,load,16,1,1000,6,99.5,2288513443,22043913,802674048733,60320,1789156079.537691,5962262.827,192964.18600000002,86146502,85002632,428692713,8008,21768,16055193,4829481222,11084516.363,787616.599,179/67743E48,179/677C4AB0,3,1.0005183219909668,6324698,6321421.468238842,6.028577297438471,4079,4076.8868598858376,4331,4328.756310410778,0.0,0.0,6533501.542472521,0.0,streaming,179/67741F88,179/67635FE0,179/67635AD0,7872,1105512,1454056,1106808,0.113144,0.282001,0.113144,1095216.3252937344,True,114113872,reserved,2.7,37.9,0.0,15057283.478848692,0.0,31.983422288881297,6595189.568212201,201519.54798666883,1003.05,1
2026-09-13T21:55:51.551857+00:00,1789336551.5518577,F_lat_northeurope_rep1,r3-pub,F01,load,16,1,1000,6,99.5,2288538179,22043913,802680359747,60320,1789156079.537691,5962297.153,192964.18600000002,86150575,85002632,428696783,8008,21768,16055193,4829526386,11084516.363,787624.927,179/67D81A30,179/67DD7A58,4,1.0004396438598633,6311014,6308240.62074455,6.016007061714697,4073,4071.2101174696413,4070,4068.2114358216154,0.0,0.0,6541484.076691289,0.0,streaming,179/67D7FBE8,179/67C71F58,179/67C71F10,7752,1112792,1626768,1112864,0.113093,0.113093,0.113093,6053.338686814669,True,120658232,reserved,8.9,37.9,0.0,23099476.45700962,0.0,151.93320349997188,6600189.267314689,243747.83775977397,1003.05,1
2026-09-13T21:55:52.552148+00:00,1789336552.552136,F_lat_northeurope_rep1,r3-pub,F01,load,16,1,1000,6,99.5,2288562971,22043914,802686699362,60320,1789156079.537691,5962339.812,192964.18600000002,86154659,85002632,428700864,8008,21768,16055193,4829571647,11084516.363,787633.627,179/68316000,179/683E39D8,3,1.0002782344818115,6339615,6337851.591146739,6.04424628367113,4084,4082.8640064488586,4081,4079.8648409201255,0.0,0.0,5848948.620811346,0.0,streaming,179/68311CC8,179/68311CC8,179/68311120,17208,17208,1286664,20192,0.114193,0.114193,0.114193,-1092368.0655373377,True,126508808,reserved,1.8,37.9,0.0,5884314.780726168,0.0,12.996383957844065,5899345.598634337,260780.44188888447,1003.04,1
2026-09-13T21:55:53.556080+00:00,1789336553.55608,F_lat_northeurope_rep1,r3-pub,F01,load,16,1,1000,6,99.5,2288587688,22043914,802693020128,60320,1789156079.537691,5962375.31,192964.18600000002,86158735,85002632,428704937,8008,21768,16055193,4829616834,11084516.363,787642.212,179/68952000,179/689FC728,1,1.0039441585540771,6320766,6295933.83869421,6.004270399755678,4076,4059.9867684577475,4073,4056.9985544475967,0.0,0.0,6511533.479526565,0.0,streaming,179/6894FEC8,179/68845BE8,179/68844B38,8504,1098776,1620248,1103048,0.113024,0.287097,0.113024,1078601.823391826,True,133046024,reserved,5.6,37.9,0.0,14875345.279670337,0.0,18.92535539761953,6585970.88659075,268800.80699773703,1003.04,1
2026-09-13T21:55:54.557061+00:00,1789336554.5570617,F_lat_northeurope_rep1,r3-pub,F01,load,16,1,1000,6,99.5,2288612455,22043914,802699343508,60320,1789156079.537691,5962408.512,192964.18600000002,86162814,85002632,428709013,8008,21768,16055193,4829662113,11084516.363,787652.097,179/68F90000,179/6900A3F0,1,1.0009815692901611,6323380,6317179.250846925,6.024531603667188,4079,4075.00010503949,4076,4072.0030468597597,0.0,0.0,6538989.528689953,0.0,streaming,179/68F8E000,179/68E81E88,179/68E81E88,8192,1106296,2044288,1106296,0.113414,0.113414,0.113414,3244.8149892542933,True,139591432,reserved,2.5,37.9,0.0,14927555.569875436,0.0,18.98136847162302,6587106.298746124,208016.8170805167,1003.03,1
2026-09-13T21:55:55.557371+00:00,1789336555.5573711,F_lat_northeurope_rep1,r3-pub,F01,load,16,1,1000,6,99.5,2288637128,22043914,802705648915,60320,1789156079.537691,5962444.79,192964.18600000002,86166880,85002632,428713076,8008,21768,16055193,4829707541,11084516.363,787660.891,179/69520000,179/69612780,1,1.0003094673156738,6305407,6303456.286303611,6.011444364837275,4066,4064.7420951749,4063,4061.743023289626,0.0,0.0,5830899.527175361,0.0,streaming,179/6951BC60,179/6951BC60,179/6951BC18,17312,17312,659504,17384,0.113012,0.113012,0.113012,-1088575.1215792156,True,145424136,reserved,3.5,37.9,0.0,14360227.978794938,0.0,25.991956339042645,5879146.596284395,243905.51921369092,1003.02,1
2026-09-13T21:55:56.557821+00:00,1789336556.5578213,F_lat_northeurope_rep1,r3-pub,F01,load,16,1,1000,6,99.5,2288661906,22043914,802711989290,60320,1789156079.537691,5962478.891,192964.18600000002,86170955,85002632,428717148,8008,21768,16055193,4829752778,11084516.363,787669.519,179/69B5E000,179/69C207F0,1,1.0004501342773438,6340375,6337522.263995547,6.043932212825343,4075,4073.1665281283604,4072,4070.167877923603,0.0,0.0,6542463.013139532,0.0,streaming,179/69B5BDC8,179/69B5BDC8,179/69B5B7F8,8760,8760,1203000,10248,0.113330,0.113330,0.113330,-7132.7892870488295,True,151969544,reserved,5.2,37.9,0.0,6542463.013139532,0.0,12.994150887280659,6593351.106664328,243107.56895013383,1003.02,1
2026-09-13T21:55:57.558753+00:00,1789336557.5587535,F_lat_northeurope_rep1,r3-pub,F01,load,16,1,1000,6,99.5,2288686548,22043914,802718285222,60320,1789156079.537691,5962527.921,192964.18600000002,86175010,85002632,428721200,8008,21768,16055193,4829797762,11084516.363,787678.357,179/6A212000,179/6A22A678,1,1.000932216644287,6295932,6290068.293642963,5.99867658008858,4055,4051.2233821334503,4052,4048.2261761787277,0.0,0.0,7022189.797791156,0.0,streaming,179/6A20DB78,179/6A103D60,179/6A102CF8,17544,1106592,1459504,1110792,0.113840,0.113840,0.113840,1099519.0100780951,True,158998280,reserved,5.8,37.9,0.0,23869716.253214344,0.0,37.964608759820244,7061031.588827059,221307.6932848111,1003.01,1
2026-09-13T21:55:58.559235+00:00,1789336558.5592356,F_lat_northeurope_rep1,r3-pub,F01,load,16,1,1000,6,99.5,2288711287,22043915,802724606528,60320,1789156079.537691,5962561.566,192964.18600000002,86179080,85002632,428725267,8008,21768,16055193,4829842579,11084516.363,787688.005,179/6A73A000,179/6A82D9D8,1,1.0004820823669434,6321306,6318260.078226524,6.02556236097958,4070,4068.03887019264,4067,4065.0403157428664,0.0,0.0,5404114.771559693,0.0,streaming,179/6A735FC8,179/6A735FC8,179/6A735F48,16440,16440,1069176,16568,0.113166,0.113166,0.113166,-1093696.7480829658,True,164405000,reserved,3.3,37.9,0.0,13805056.825529762,0.0,15.992290398791704,5456359.585256246,232169.0753826085,1003.01,1
2026-09-13T21:55:59.559661+00:00,1789336559.5596614,F_lat_northeurope_rep1,r3-pub,F01,load,16,1,1000,6,99.5,2288735874,22043915,802730896507,60320,1789156079.537691,5962594.554,192964.18600000002,86183126,85002632,428729310,8008,21768,16055193,4829887714,11084516.363,787697.097,179/6AD72000,179/6AE33680,1,1.0004258155822754,6289979,6287301.768936319,5.996038216530151,4046,4044.277883458172,4043,4041.2791603611936,0.0,0.0,6518056.509971903,0.0,streaming,179/6AD6FFE0,179/6AD6FFE0,179/6AD6F9D0,8224,8224,942472,9776,0.112806,0.112806,0.112806,-6789.109091559047,True,170925832,reserved,6.6,37.9,0.0,14911282.543541249,0.0,18.991912947529723,6578654.706315641,238410.48110216894,1003.0,1
2026-09-13T21:56:00.559832+00:00,1789336560.5598328,F_lat_northeurope_rep1,r3-pub,F01,load,16,1,1000,6,99.5,2288760555,22043915,802737202524,60320,1789156079.537691,5962636.450999999,192964.18600000002,86187198,85002632,428733379,8008,21768,16055193,4829932963,11084516.363,787705.479,179/6B41A000,179/6B433510,1,1.000171422958374,6306017,6304936.189186091,6.012855710207072,4072,4071.3020853520948,4069,4068.3025995328276,0.0,0.0,6978387.744128221,0.0,streaming,179/6B417B40,179/6B30FFC8,179/6B30FB00,9408,1089592,1361544,1090816,0.113210,0.113210,0.113210,1080854.716686893,True,177905416,reserved,1.8,37.9,0.0,7023436.021819189,0.0,18.99674352202598,7051258.252450106,210763.87023384616,1003.0,1
2026-09-13T21:56:01.560596+00:00,1789336561.5605965,F_lat_northeurope_rep1,r3-pub,F01,load,16,1,1000,6,99.5,2288785124,22043915,802743477810,60320,1789156079.537691,5962679.124,192964.18600000002,86191251,85002632,428737429,8008,21768,16055193,4829978067,11084516.363,787714.176,179/6B940000,179/6BA31E10,1,1.0007636547088623,6275286,6270497.505053356,5.980012421658856,4053,4049.9072692433865,4050,4046.909558459343,0.0,0.0,5394408.534521086,0.0,streaming,179/6B93DE98,179/6B93DE98,179/6B93DE98,8552,8552,735944,8552,0.113064,0.113064,0.113064,-1081438.1546608498,True,183303944,reserved,1.8,37.9,0.0,13792986.920588816,0.0,16.987027776249093,5457305.502954968,236052.7372156854,1002.99,1
2026-09-13T21:56:02.561051+00:00,1789336562.5610516,F_lat_northeurope_rep1,r3-pub,F01,load,16,1,1000,6,99.5,2288809657,22043915,802749732775,60320,1789156079.537691,5962712.631,192964.18600000002,86195293,85002632,428741468,8008,21768,16055193,4830022582,11084516.363,787722.868,179/6BF71BC0,179/6C0305D0,1,1.0004551410675049,6254965,6252119.403700432,5.962485698414261,4042,4040.1611567382306,4039,4037.1625215402555,0.0,0.0,6492213.127186823,0.0,streaming,179/6BF6FBC0,179/6BF6FBC0,179/6BF6FB40,8192,8192,1183176,8320,0.113067,0.113067,0.113067,-231.89445531006172,True,189799112,reserved,2.3,37.9,0.0,14886280.64233727,0.0,17.991811187849617,6552778.561370455,234688.18376950835,1002.99,1
2026-09-13T21:56:03.562048+00:00,1789336563.5620315,F_lat_northeurope_rep1,r3-pub,F01,load,16,1,1000,6,99.5,2288834179,22043915,802756000331,60320,1789156079.537691,5962872.898,192964.18600000002,86199333,85002632,428745505,8008,21768,16055193,4830067463,11084516.363,787732.122,179/6F104000,179/6F1510B0,2,1.0009799003601074,6267556,6261420.4318640325,5.971355850090058,4040,4036.045077974683,4037,4033.048014797969,0.0,0.0,51928443.299710795,0.0,streaming,179/6F103FE8,179/6E351E58,179/6E3501F8,24,14361000,27970936,14368264,0.094924,0.124934,0.094924,14345886.46069111,True,51595744,reserved,4.8,37.9,0.0,52181059.76074965,0.0,74.92657941784684,6936516.904587303,259662.55656731327,1002.98,1
2026-09-13T21:56:04.562532+00:00,1789336564.5625322,F_lat_northeurope_rep1,r3-pub,F01,load,16,1,1000,6,99.5,2288858790,22043916,802762297098,60320,1789156079.537691,5962915.490999999,192964.18600000002,86203379,85002632,428749548,8008,21768,16055193,4830112264,11084516.363,787742.251,179/6F974000,179/6F974608,2,1.0005006790161133,6296767,6293615.918574094,6.002059858869642,4046,4043.9752664424113,4043,4040.9767677277973,0.0,0.0,8842932.529241703,0.0,streaming,179/6F8D4720,179/6F869FF0,179/6F869B28,653536,1089552,2942808,1090776,0.094924,0.321992,0.094924,-13270843.567099832,True,60443104,reserved,7.4,38.1,0.0,17227342.631041244,0.0,23.98798971691,6081620.060451758,235334.17311774558,1002.98,1
2026-09-13T21:56:05.563721+00:00,1789336565.563722,F_lat_northeurope_rep1,r3-pub,F01,load,16,1,1000,6,99.5,2288923134,22050193,802816113430,60320,1789156079.537691,5962946.456,192964.18600000002,86207419,85002632,428753629,8021,21819,16055193,4830267798,11084516.363,787752.035,179/6FFAEED0,179/6FFE1BD8,1,1.0011897087097168,53816332,53752382.322582796,51.262266466696545,4040,4035.1992882613126,4081,4076.1505681669346,12.984552165197293,50.939396955773994,6525053.087510425,0.0,streaming,179/6FFAEED0,179/6FE95FB0,179/6FE95EE8,0,1150752,1777584,1150952,0.113450,0.113450,0.113450,60104.493160993254,True,66975920,reserved,16.0,37.9,0.0,23515831.011029948,0.0,32.96078626550082,6635181.067293692,245249.22486113143,1002.97,1
2026-09-13T21:56:06.564253+00:00,1789336566.5642538,F_lat_northeurope_rep1,r3-pub,F01,load,16,1,1000,6,99.5,2288943652,22050193,802821351991,60320,1789156079.537691,5962966.586999999,192964.18600000002,86210580,85002632,428756787,8021,21819,16055193,4830304125,11084516.363,787759.087,179/70384000,179/70407598,1,1.0005319118499756,5238561,5235776.028686523,4.993225125013851,3161,3159.319520509182,3158,3156.3211153963925,0.0,0.0,4016343.6592140896,0.0,streaming,179/70383FF0,179/70383FF0,179/70383A20,16,16,1171120,1504,0.100303,0.318220,0.100303,-1148836.9200285473,True,70994400,reserved,5.6,37.9,0.0,12416563.482747553,0.0,12.993088822087746,4044797.524266091,174345.2636882571,1002.97,1
2026-09-13T21:56:07.564870+00:00,1789336567.5648708,F_lat_northeurope_rep1,r3-pub,F01,load,16,1,1000,6,99.5,2288960582,22050193,802825668689,60320,1789156079.537691,5962987.339,192964.18600000002,86213578,85002632,428759782,8021,21819,16055193,4830338113,11084516.363,787767.571,179/707B2000,179/70828588,1,1.0006170272827148,4316698,4314036.1220141,4.114185449613666,2998,2996.1512929091336,2995,2993.153142849518,0.0,0.0,4380017.4097594125,0.0,streaming,179/707B1ED0,179/706DBE30,179/706DBE30,304,877008,1757320,877008,0.096862,0.315278,0.096862,874964.1232645491,True,75377120,reserved,3.9,37.9,0.0,4437326.04876561,0.0,13.991366944872539,4422414.249752436,154725.5301265794,1002.96,1
2026-09-13T21:56:08.565236+00:00,1789336568.5652363,F_lat_northeurope_rep1,r3-pub,F01,load,16,1,1000,6,99.5,2288974849,22050193,802829319317,60320,1789156079.537691,5963004.198,192964.18600000002,86215930,85002632,428762131,8021,21819,16055193,4830364627,11084516.363,787773.088,179/70AEA000,179/70B25F88,1,1.0003654956817627,3650628,3649294.1987288827,3.480238150338061,2352,2351.1406682385423,2349,2348.1417643249724,0.0,0.0,3373870.8647681023,0.0,streaming,179/70AE9DE0,179/70A4DFC8,179/70A4D4F0,544,639032,1293176,641808,0.108383,0.309614,0.108383,-235114.06682385423,True,78752224,reserved,4.3,37.9,0.0,11759413.984968435,0.0,11.995615654278277,3402025.574343331,109953.8123563904,1002.96,1
2026-09-13T21:56:09.565759+00:00,1789336569.5657594,F_lat_northeurope_rep1,r3-pub,F01,load,16,1,1000,6,99.5,2288986951,22050193,802832411968,60320,1789156079.537691,5963021.459,192964.18600000002,86217928,85002632,428764125,8021,21819,16055193,4830387413,11084516.363,787777.73,179/70DEC000,179/70E1C410,1,1.0005230903625488,3092651,3091034.1098468294,2.9478398416965765,1998,1996.9554118696112,1994,1992.9575031371396,0.0,0.0,3152271.0773792816,0.0,streaming,179/70DEBBD8,179/70D51B60,179/70D51B60,1064,631968,1273248,631968,0.105974,0.309675,0.105974,-9834.855481880368,True,81906144,reserved,5.9,37.9,0.0,11536493.37149976,0.0,10.994249014297159,3187305.751079114,112845.97135992916,1002.96,1
2026-09-13T21:56:10.566392+00:00,1789336570.566392,F_lat_northeurope_rep1,r3-pub,F01,load,16,1,1000,6,99.5,2288998544,22050193,802835371843,60320,1789156079.537691,5963043.012,192964.18600000002,86219840,85002632,428766034,8021,21819,16055193,4830409146,11084516.363,787781.742,179/710B0000,179/710D24C8,1,1.0006325244903564,2959875,2958003.990033732,2.820972433122379,1912,1910.7913776576695,1909,1907.7932740316378,0.0,0.0,2898134.8587255003,0.0,streaming,179/710AFE80,179/70FFFFA8,179/70FFFFA8,384,720984,1161744,720984,0.105432,0.308045,0.105432,88959.73079161879,True,84806112,reserved,4.7,37.9,0.0,11306000.67768338,0.0,15.98988600550351,2909636.583602834,95618.51894503566,1002.96,1
2026-09-13T21:56:11.566533+00:00,1789336571.5665333,F_lat_northeurope_rep1,r3-pub,F01,load,16,1,1000,6,99.5,2289009629,22050193,802838212398,60320,1789156079.537691,5963063.982,192964.18600000002,86221669,85002632,428767860,8021,21819,16055193,4830429840,11084516.363,787786.0,179/71374000,179/713884E0,3,1.0001413822174072,2840555,2840153.4528070656,2.708581402594629,1829,1828.7414484789495,1826,1825.7418725656435,0.0,0.0,2899558.054052817,0.0,streaming,179/71373D48,179/712E7E38,179/712E73E8,696,573896,1412376,576536,0.105350,0.308197,0.105350,-144427.58050841297,True,87706080,reserved,4.3,37.9,0.0,2907748.896013418,0.0,6.9990104643808895,2937382.706319607,108207.70135524185,1002.95,1
2026-09-13T21:56:12.567581+00:00,1789336572.5675814,F_lat_northeurope_rep1,r3-pub,F01,load,16,1,1000,6,99.5,2289021552,22050193,802841262190,60320,1789156079.537691,5963081.035,192964.18600000002,86223635,85002632,428769823,8021,21819,16055193,4830452007,11084516.363,787790.428,179/7168E000,179/7169BC90,1,1.0010480880737305,3049792,3046598.896031629,2.9054631195369995,1966,1963.9416162145426,1963,1960.9447571867483,0.0,0.0,3248818.951603115,0.0,streaming,179/7168DFD0,179/715EFC40,179/715EF048,48,648128,1307272,651192,0.106285,0.309944,0.106285,74577.83585967086,True,90958304,reserved,1.9,37.9,0.0,11628644.15674566,0.0,13.985342129706813,3267793.0650610905,114518.97402910424,1002.95,1
2026-09-13T21:56:13.569573+00:00,1789336573.568575,F_lat_northeurope_rep1,r3-pub,F01,load,16,1,1000,6,99.5,2289034115,22050194,802844483309,60320,1789156079.537691,5963098.949,192964.18600000002,86225706,85002632,428771892,8021,21819,16055193,4830475416,11084516.363,787795.617,179/7190C000,179/719AC220,1,1.0009934902191162,3221119,3217922.0259413486,3.0688495883382307,2071,2068.944523851659,2069,2066.9465088600114,0.0,0.0,2610654.340447272,0.0,streaming,179/7190BF68,179/7190BF68,179/7190A820,152,152,647912,6112,0.106353,0.308940,0.106353,-644439.7554061943,True,93571552,reserved,4.8,37.8,0.0,11015488.220194448,0.0,16.983127429009276,2633034.1063687233,116930.83036372051,1002.95,1
2026-09-13T21:56:14.569705+00:00,1789336574.5692742,F_lat_northeurope_rep1,r3-pub,F01,load,16,1,1000,6,99.5,2289049011,22050194,802848277934,60320,1789156079.537691,5963119.319,192964.18600000002,86228161,85002632,428774343,8021,21819,16055193,4830502919,11084516.363,787801.538,179/71CF2000,179/71DB37A8,1,1.0006992816925049,3794625,3791973.3424631488,3.6163075852042663,2455,2453.2844630884556,2451,2449.287258260613,0.0,0.0,4084951.4682235005,0.0,streaming,179/71CF1FF0,179/71CF1FF0,179/71CF1F30,16,16,869256,208,0.109912,0.313849,0.109912,-5899.874325895821,True,97659360,reserved,4.8,37.8,0.0,12467697.56734347,0.0,14.989518104410115,4134698.680908417,147122.1201947853,1002.94,1
2026-09-13T21:56:15.570227+00:00,1789336575.5702271,F_lat_northeurope_rep1,r3-pub,F01,load,16,1,1000,6,99.5,2289065609,22050194,802852507456,60320,1789156079.537691,5963140.078,192964.18600000002,86230895,85002632,428777074,8021,21819,16055193,4830533456,11084516.363,787807.28,179/7210E000,179/721C1908,1,1.000952959060669,4229522,4225495.27599093,4.029746318808489,2734,2731.3970903944237,2731,2728.399946549807,0.0,0.0,4304889.616434839,0.0,streaming,179/72101B88,179/72101B88,179/720FF3F8,50296,50296,1112560,60424,0.109716,0.312878,0.109716,60158.67124915531,True,101968352,reserved,2.7,37.9,0.0,4325350.118414092,0.0,7.992383585645717,4286645.002804706,152154.00346378214,1002.94,1
2026-09-13T21:56:16.571468+00:00,1789336576.571468,F_lat_northeurope_rep1,r3-pub,F01,load,16,1,1000,6,99.5,2289085521,22050194,802857609226,60320,1789156079.537691,5963173.637999999,192964.18600000002,86234166,85002632,428780342,8021,21819,16055193,4830569790,11084516.363,787814.492,179/72706000,179/72730F60,1,1.0012409687042236,5101770,5095446.710098729,4.8593966580378805,3271,3266.9458224759132,3268,3263.9495407677423,0.0,0.0,6250930.790516701,0.0,streaming,179/72703EB8,179/725FDFF8,179/725FDFB0,8520,1081352,2365776,1081424,0.101829,0.289049,0.101829,1019734.5413475718,True,108227040,reserved,3.5,37.8,0.0,14829596.934308272,0.0,25.967774804149723,6336194.980325557,189826.43133947326,1002.94,1
2026-09-13T21:56:17.572181+00:00,1789336577.5721815,F_lat_northeurope_rep1,r3-pub,F01,load,16,1,1000,6,99.5,2289107784,22050194,802863288645,60320,1789156079.537691,5963200.438,192964.18600000002,86237827,85002632,428784001,8021,21819,16055193,4830610449,11084516.363,787823.069,179/72C18000,179/72C9B170,1,1.0007133483886719,5679419,5675370.483610401,5.412455066309358,3661,3658.3902931792277,3659,3656.391718858999,0.0,0.0,5312818.109762095,0.0,streaming,179/72C15E60,179/72B11D80,179/72B11878,8608,1073792,2518888,1075080,0.112040,0.301569,0.112040,-6339.477743766463,True,113543648,reserved,4.3,37.8,32744.641662632323,13703632.535811627,0.9992871601145118,18.986456042175725,5370141.218414904,209022.89385547268,1002.93,1
2026-09-13T21:56:18.573304+00:00,1789336578.5733047,F_lat_northeurope_rep1,r3-pub,F01,load,16,1,1000,6,99.5,2289132889,22050194,802869696313,60320,1789156079.537691,5963236.982,192964.18600000002,86241952,85002632,428788123,8021,21819,16055193,4830656117,11084516.363,787833.133,179/7331C000,179/733352B0,1,1.0011231899261475,6407668,6400479.046412552,6.103972479260017,4125,4120.372039633105,4122,4117.375405422462,0.0,0.0,7348162.617772025,0.0,streaming,179/73317FF8,179/7320DD68,179/7320DD68,16392,1106584,1660008,1106584,0.113641,0.113641,0.113641,31468.654724024564,True,6924888,reserved,6.2,37.9,0.0,7409533.686405978,0.0,25.970829825566234,7372941.786059826,270826.8100552153,1002.93,1
2026-09-13T21:56:19.574449+00:00,1789336579.574431,F_lat_northeurope_rep1,r3-pub,F01,load,16,1,1000,6,99.5,2289159850,22050194,802876585526,60320,1789156079.537691,5963267.868,192964.18600000002,86246385,85002632,428792553,8021,21819,16055193,4830705110,11084516.363,787843.139,179/73944000,179/739C6F58,1,1.0011262893676758,6889213,6881462.481972494,6.562674028370375,4433,4428.012776290132,4430,4425.016151356933,0.0,0.0,6448033.648259549,0.0,streaming,179/7393FF00,179/73839C40,179/73839BF8,16640,1090496,1910640,1090568,0.113555,0.113555,0.113555,-15997.981643370798,True,13380184,reserved,2.3,37.9,0.0,6456216.432077138,0.0,12.985374710528246,6513906.456416104,237952.99607051918,1002.92,1
2026-09-13T21:56:20.574712+00:00,1789336580.5747123,F_lat_northeurope_rep1,r3-pub,F01,load,16,1,1000,6,99.5,2289187983,22050195,802883789794,60320,1789156079.537691,5963307.115999999,192964.18600000002,86251019,85002632,428797184,8021,21819,16055193,4830756368,11084516.363,787853.226,179/74000000,179/740E2F20,1,1.0002813339233398,7204268,7202241.765067391,6.868592991893188,4634,4632.6966652715155,4631,4629.6975090359065,0.0,0.0,7059517.918127205,0.0,streaming,179/73FFFC80,179/73F53BA0,179/73F535D0,896,705632,1722056,707120,0.112719,0.112719,0.112719,-383340.15341066726,True,20441688,reserved,5.8,37.9,0.0,22136748.181784034,0.0,145.95893679966363,7118043.452908889,274470.7820580415,1002.91,1
2026-09-13T21:56:21.574858+00:00,1789336581.5748582,F_lat_northeurope_rep1,r3-pub,F01,load,16,1,1000,6,99.5,2289216948,22050195,802891193494,60320,1789156079.537691,5963351.421999999,192964.18600000002,86255791,85002632,428801953,8021,21819,16055193,4830808966,11084516.363,787862.78,179/74733AF0,179/747F7470,1,1.0001459121704102,7403700,7402619.8676683875,7.059688441913974,4772,4771.303808705586,4769,4768.304246378235,0.0,0.0,7550626.271732735,0.0,streaming,179/74731BF0,179/7462FF58,179/7462F3B0,7936,1063832,2137288,1066816,0.113130,0.252132,0.113130,359643.52363289276,True,27993416,reserved,4.8,37.9,0.0,16037595.919571213,0.0,37.99445614644012,7600403.008701009,302799.8178213819,1002.91,1
2026-09-13T21:56:22.575526+00:00,1789336582.575527,F_lat_northeurope_rep1,r3-pub,F01,load,16,1,1000,6,99.5,2289245816,22050195,802898573991,60320,1789156079.537691,5963394.197,192964.18600000002,86260542,85002632,428806701,8021,21819,16055193,4830860982,11084516.363,787873.288,179/74E8E000,179/74EFD5C8,1,1.0006687641143799,7380497,7375564.487147701,7.033886420390798,4751,4747.824825135587,4748,4744.8268300870905,0.0,0.0,7704815.296022095,0.0,streaming,179/74E8BC98,179/74D75DF0,179/74D75868,9064,1147408,1592128,1148824,0.114100,0.254193,0.114100,81953.19264569969,True,35703384,reserved,4.4,37.9,0.0,7728079.737598428,0.0,14.989975242482386,7774741.531864909,248579.75877776823,1002.9,1
2026-09-13T21:56:23.576111+00:00,1789336583.5761116,F_lat_northeurope_rep1,r3-pub,F01,load,16,1,1000,6,99.5,2289274603,22050195,802905910854,60320,1789156079.537691,5963435.789,192964.18600000002,86265277,85002632,428811433,8021,21819,16055193,4830913409,11084516.363,787882.861,179/7555C000,179/75606CD8,1,1.000584602355957,7336863,7332576.3585855365,6.992889746270691,4735,4732.233525132269,4732,4729.235277914656,0.0,0.0,7131063.163674038,0.0,streaming,179/7553FDD8,179/7543FFF8,179/7543FA28,115240,1163272,1539304,1164760,0.114768,0.114768,0.114768,15926.689219959417,True,42838616,reserved,5.4,37.9,0.0,15535238.063227884,0.0,21.987146262494175,7092778.5449523395,285582.048061884,1002.89,1
2026-09-13T21:56:24.576846+00:00,1789336584.5768461,F_lat_northeurope_rep1,r3-pub,F01,load,16,1,1000,6,99.5,2289302587,22050195,802913088207,60320,1789156079.537691,5963476.993,192964.18600000002,86269872,85002632,428816025,8021,21819,16055193,4830964380,11084516.363,787893.238,179/75CA4000,179/75CC04E8,1,1.000734567642212,7177353,7172084.618711889,6.839832895957841,4595,4591.627139278384,4592,4588.62934136373,0.0,0.0,7629339.733900036,0.0,streaming,179/75CA1FC8,179/75B95BC0,179/75B955F0,8248,1107008,1949448,1108496,0.113438,0.113438,0.113438,-56222.70062336431,True,50473560,reserved,4.7,37.9,0.0,16011790.256983336,0.0,20.984585402578034,7760189.615810797,273507.0905413728,1002.89,1
2026-09-13T21:56:25.577700+00:00,1789336585.5777006,F_lat_northeurope_rep1,r3-pub,F01,load,16,1,1000,6,99.5,2289330037,22050196,802920096313,60320,1789156079.537691,5963513.84,192964.18600000002,86274382,85002632,428820532,8021,21819,16055193,4831014387,11084516.363,787902.653,179/76324000,179/763770D8,1,1.0008544921875,7008106,7002122.740822052,6.677744618246128,4510,4506.14953043054,4507,4503.152091718503,0.0,0.0,6809924.9723136965,0.0,streaming,179/76321C48,179/76217D38,179/76217768,9144,1098440,1573448,1099928,0.113438,0.113438,0.113438,-8560.68496158068,True,57289304,reserved,5.8,37.9,0.0,15215926.110013416,0.0,22.980363458958408,6849617.055738505,246500.3673618734,1002.88,1
2026-09-13T21:56:26.578505+00:00,1789336586.578506,F_lat_northeurope_rep1,r3-pub,F01,load,16,1,1000,6,99.5,2289356520,22050196,802926862142,60320,1789156079.537691,5963548.426,192964.18600000002,86278737,85002632,428824884,8021,21819,16055193,4831062442,11084516.363,787912.253,179/76962000,179/769C7EF8,1,1.000805377960205,6765829,6760384.33545371,6.447204909757337,4355,4351.49540150969,4352,4348.497815699236,0.0,0.0,6540140.714811651,0.0,streaming,179/7695FE08,179/7684DCC8,179/7684DCC8,8696,1131320,1925040,1131320,0.113780,0.113780,0.113780,31366.737920595224,True,63834712,reserved,5.0,37.9,0.0,6720219.683179431,0.0,17.985514862726617,6592497.547772318,253632.72978944093,1002.88,1
2026-09-13T21:56:27.579430+00:00,1789336587.5794308,F_lat_northeurope_rep1,r3-pub,F01,load,16,1,1000,6,99.5,2289382266,22050196,802933443908,60320,1789156079.537691,5963592.444,192964.18600000002,86282980,85002632,428829124,8021,21819,16055193,4831109326,11084516.363,787922.537,179/76FB6A78,179/7701A8F8,1,1.000924825668335,6581766,6575684.638059846,6.271061552104803,4243,4239.079590384697,4240,4236.082362298165,0.0,0.0,6632066.494671623,0.0,streaming,179/76FB5E60,179/76EB5FF8,179/76EB53D0,3096,1051264,1353056,1054376,0.098956,0.271269,0.098956,-76872.90596336559,True,70472912,reserved,15.1,37.9,0.0,15034799.43156742,0.0,17.983368519190325,6695054.241986116,245263.1743208907,1002.87,1
2026-09-13T21:56:28.579611+00:00,1789336588.5796108,F_lat_northeurope_rep1,r3-pub,F01,load,16,1,1000,6,99.5,2289407573,22050196,802939917037,60320,1789156079.537691,5963625.289,192964.18600000002,86287143,85002632,428833284,8021,21819,16055193,4831155589,11084516.363,787931.884,179/7753A000,179/7762D1F8,1,1.0001800060272217,6473129,6471964.007470693,6.172145850630468,4163,4162.250769774632,4160,4159.251309695525,0.0,0.0,5779831.595476488,0.0,streaming,179/77537D28,179/77537D28,179/77537C20,8920,8920,952144,9184,0.100429,0.159305,0.100429,-1045003.8930007897,True,76253784,reserved,2.7,37.9,0.0,14198276.224703396,0.0,19.99640052738233,5797303.450437288,250799.85451456107,1002.87,1
2026-09-13T21:56:29.580265+00:00,1789336589.5802655,F_lat_northeurope_rep1,r3-pub,F01,load,16,1,1000,6,99.5,2289432340,22050196,802946264929,60320,1789156079.537691,5963657.967999999,192964.18600000002,86291218,85002632,428837359,8021,21819,16055193,4831200972,11084516.363,787940.849,179/77B7A000,179/77C3BE00,1,1.000654697418213,6347892,6343738.770605068,6.049860735516613,4075,4072.333853539986,4075,4072.333853539986,0.0,0.0,6549312.182223228,0.0,streaming,179/77B73FC8,179/77B73FC8,179/77B73A80,24632,24632,1319144,25984,0.113614,0.113614,0.113614,16789.008279624974,True,82807384,reserved,4.6,37.9,0.0,6655738.505184356,0.0,21.985606080461277,6588336.633016047,235489.8254192826,1002.86,1
2026-09-13T21:56:30.580765+00:00,1789336590.5807657,F_lat_northeurope_rep1,r3-pub,F01,load,16,1,1000,6,99.5,2289456753,22050196,802952496352,60320,1789156079.537691,5963703.704,192964.18600000002,86295240,85002632,428841375,8021,21819,16055193,4831245771,11084516.363,787949.118,179/7820C000,179/78223028,1,1.000500202178955,6231423,6228307.586973793,5.939776980375092,4022,4019.9891926464625,4016,4013.992192359073,0.0,0.0,6886027.593993139,0.0,streaming,179/78209FF8,179/78105CB8,179/781056E8,8200,1073992,2066120,1075480,0.112529,0.285537,0.112529,1048971.3022689437,True,89696856,reserved,4.1,37.9,0.0,23679419.502768323,0.0,27.986001341148917,6957718.733928733,210960.47710967634,1002.85,1
2026-09-13T21:56:31.581443+00:00,1789336591.581443,F_lat_northeurope_rep1,r3-pub,F01,load,16,1,1000,6,99.5,2289480917,22050197,802958677927,60320,1789156079.537691,5963742.4569999995,192964.18600000002,86299212,85002632,428845344,8021,21819,16055193,4831289962,11084516.363,787957.184,179/7871FF50,179/7880A8A8,1,1.0006773471832275,6181575,6177390.76176782,5.89121891190321,3972,3969.3113981051406,3969,3966.313428771224,0.0,0.0,5321019.822211527,0.0,streaming,179/7871E000,179/7871E000,179/7871E000,8016,8016,1208728,8016,0.113086,0.291169,0.113086,-1066741.4456865322,True,95021480,reserved,3.7,37.9,0.0,13712312.004088493,0.0,19.98646222610846,5362154.959442193,234124.41648596842,1002.85,1
2026-09-13T21:56:32.581908+00:00,1789336592.5819085,F_lat_northeurope_rep1,r3-pub,F01,load,16,1,1000,6,99.5,2289505014,22050197,802964820494,60320,1789156079.537691,5963775.075,192964.18600000002,86303176,85002632,428849305,8021,21819,16055193,4831334241,11084516.363,787966.271,179/78D2A000,179/78DE67C8,1,1.0004653930664062,6142567,6139709.621712307,5.855283376419361,3964,3962.1560400509406,3961,3959.15743558067,0.0,0.0,6329646.226533367,0.0,streaming,179/78D25B40,179/78D25B40,179/78D25B40,17600,17600,1369160,17600,0.112391,0.285572,0.112391,9579.541747691275,True,101354072,reserved,6.0,37.9,0.0,14730552.50300077,0.0,18.991161645047395,6374400.398252157,233285.43057811534,1002.84,1
2026-09-13T21:56:33.582211+00:00,1789336593.5822115,F_lat_northeurope_rep1,r3-pub,F01,load,16,1,1000,6,99.5,2289528993,22050197,802970947818,60320,1789156079.537691,5963809.311,192964.18600000002,86307116,85002632,428853242,8021,21819,16055193,4831378284,11084516.363,787975.61,179/79308000,179/793D1BF8,3,1.000303030014038,6127324,6125467.799406756,5.841701316267734,3940,3938.8064234342132,3937,3935.8073322488576,0.0,0.0,6150328.265939234,0.0,streaming,179/79305CD0,179/79305CD0,179/79304590,9008,9008,1327128,14960,0.094766,0.115014,0.094766,-2639.20024311328,True,107506264,reserved,6.6,37.9,0.0,6350971.465027797,0.0,29.99091185356,6193143.2917013755,228497.7583210883,1002.84,1
2026-09-13T21:56:34.582739+00:00,1789336594.5827398,F_lat_northeurope_rep1,r3-pub,F01,load,16,1,1000,6,99.5,2289553093,22050197,802977110382,60320,1789156079.537691,5963843.791999999,192964.18600000002,86311079,85002632,428857202,8021,21819,16055193,4831422359,11084516.363,787985.567,179/7991E000,179/799B8D20,4,1.000528335571289,6162564,6159309.817528809,5.873975579766092,3963,3960.9073117726116,3960,3957.908895942352,0.0,0.0,6378198.171025516,0.0,streaming,179/7991BD70,179/79815F98,179/79815F98,8848,1081448,1505768,1081448,0.112545,0.112545,0.112545,1065924.8339938805,True,113887832,reserved,2.5,37.8,0.0,14807408.719255002,0.0,19.98943886839572,6419656.267238569,232059.39476709274,1002.83,1
2026-09-13T21:56:35.583918+00:00,1789336595.5833955,F_lat_northeurope_rep1,r3-pub,F01,load,16,1,1000,6,99.5,2289577247,22050197,802983303906,60320,1789156079.537691,5963876.817,192964.18600000002,86315052,85002632,428861171,8021,21819,16055193,4831466381,11084516.363,787994.665,179/79F35CB0,179/79FA4718,5,1.0006556510925293,6193524,6189465.869940201,5.9027346324350365,3973,3970.396804997029,3969,3966.399425883012,0.0,0.0,6384725.847522572,0.0,streaming,179/79F33E60,179/79E31F18,179/79E31488,7760,1064344,1712072,1067048,0.113030,0.113030,0.113030,-14390.564810459908,True,120276744,reserved,3.3,37.8,0.0,14776871.528038476,0.0,18.987550791579046,6417097.622932657,198068.13640996756,1002.83,1
2026-09-13T21:56:36.583600+00:00,1789336596.5836003,F_lat_northeurope_rep1,r3-pub,F01,load,16,1,1000,6,99.5,2289601478,22050197,802989489504,60320,1789156079.537691,5963915.465,192964.18600000002,86319045,85002632,428865161,8021,21819,16055193,4831510228,11084516.363,788002.937,179/7A524000,179/7A5965E0,3,1.0002048015594482,6185598,6184331.439277091,5.89783805778226,3993,3992.182394819939,3990,3989.183009098812,0.0,0.0,6217302.686714199,0.0,streaming,179/7A521CB8,179/7A41BC58,179/7A41B688,9032,1082280,1781992,1083768,0.112863,0.112863,0.112863,16716.576419080735,True,126495320,reserved,7.1,37.8,2047.5806522893151,14859292.79366356,3.9991809615025686,31.99344769202055,6271438.599594819,231546.57889955648,1002.82,1
2026-09-13T21:56:37.586456+00:00,1789336597.5864565,F_lat_northeurope_rep1,r3-pub,F01,load,16,1,1000,6,99.5,2289625823,22050198,802995737125,60320,1789156079.537691,5963949.378,192964.18600000002,86323048,85002632,428869160,8021,21819,16055193,4831554616,11084516.363,788012.064,179/7AB4BF48,179/7AB94978,1,1.0028562545776367,6247621,6229827.028033295,5.941226032288832,4003,3991.598977149427,3999,3987.6103696279188,0.0,0.0,6436727.068844615,0.0,streaming,179/7AB49F50,179/7AA41FD0,179/7AA419C0,8184,1089400,2038784,1090952,0.113342,0.113342,0.113342,7163.539108628899,True,132950432,reserved,5.2,37.8,0.0,6494091.222218947,0.0,20.940189487918552,6463451.7363906,225564.72970821752,1002.82,1
2026-09-13T21:56:38.586916+00:00,1789336598.5869167,F_lat_northeurope_rep1,r3-pub,F01,load,16,1,1000,6,99.5,2289650316,22050198,803001995089,60320,1789156079.537691,5963983.418,192964.18600000002,86327076,85002632,428873187,8021,21819,16055193,4831599350,11084516.363,788020.94,179/7B106000,179/7B1993A0,1,1.000460147857666,6257964,6255085.735699201,5.965314613055421,4028,4026.1473769098675,4027,4025.147836846086,0.0,0.0,6002158.119799801,0.0,streaming,179/7B103D20,179/7AFFFFB0,179/7AFFE5C8,8928,1073232,1906768,1079864,0.113052,0.284490,0.113052,-11082.900227203727,True,138955352,reserved,5.2,37.8,0.0,14419476.908591846,0.0,19.990801275619997,6045423.211460562,239855.6309452714,1002.81,1
2026-09-13T21:56:39.587759+00:00,1789336599.587759,F_lat_northeurope_rep1,r3-pub,F01,load,16,1,1000,6,99.5,2289674941,22050198,803008290339,60320,1789156079.537691,5964016.336999999,192964.18600000002,86331123,85002632,428877231,8021,21819,16055193,4831644276,11084516.363,788030.62,179/7B73A000,179/7B79BE88,1,1.0008423328399658,6295250,6289951.7670648005,5.998565451683808,4047,4043.5939480260904,4044,4040.596472897828,0.0,0.0,6498973.701025552,0.0,streaming,179/7B735C38,179/7B631F38,179/7B631F38,17352,1081544,2227984,1081544,0.114367,0.287013,0.114367,1678.586071826991,True,145459800,reserved,4.3,37.8,0.0,23278439.8056885,0.0,24.978959402187364,6529688.828664858,238374.20957507403,1002.81,1
2026-09-13T21:56:40.588785+00:00,1789336600.5887854,F_lat_northeurope_rep1,r3-pub,F01,load,16,1,1000,6,99.5,2289699648,22050198,803014598394,60320,1789156079.537691,5964047.709,192964.18600000002,86335187,85002632,428881292,8021,21819,16055193,4831689481,11084516.363,788039.736,179/7BD78000,179/7BDA9718,1,1.0010263919830322,6308055,6301587.101518622,6.009661771315214,4064,4059.8330199358884,4061,4056.836095954636,0.0,0.0,6538696.734092648,0.0,streaming,179/7BD75C98,179/7BC6BC38,179/7BC6BBF0,9064,1098696,1528200,1098768,0.112975,0.112975,0.112975,17206.339551027497,True,152005208,reserved,4.3,37.8,0.0,6546880.334510786,0.0,12.98667058542484,6599102.733858761,235518.26593998156,1002.8,1
2026-09-13T21:56:41.589093+00:00,1789336601.589094,F_lat_northeurope_rep1,r3-pub,F01,load,16,1,1000,6,99.5,2289724497,22050198,803020944725,60320,1789156079.537691,5964080.357,192964.18600000002,86339270,85002632,428885372,8021,21819,16055193,4831734472,11084516.363,788048.562,179/7C324000,179/7C3B7480,1,1.0003085136413574,6346331,6344373.674175648,6.05046622674527,4083,4081.740727305142,4080,4078.7416525606122,0.0,0.0,5945557.714339648,0.0,streaming,179/7C321C60,179/7C219D18,179/7C219848,9120,1090280,2365896,1091512,0.113114,0.113114,0.113114,-7253.762115436226,True,157952600,reserved,3.5,37.8,0.0,14368431.142987484,0.0,19.99383163019908,5990851.740514701,235587.31809863576,1002.8,1
2026-09-13T21:56:42.589493+00:00,1789336602.589493,F_lat_northeurope_rep1,r3-pub,F01,load,16,1,1000,6,99.5,2289749286,22050198,803027281191,60320,1789156079.537691,5964121.05,192964.18600000002,86343346,85002632,428889445,8021,21819,16055193,4831779572,11084516.363,788057.201,179/7C968000,179/7C9CBE78,1,1.000399112701416,6336466,6333938.044876308,6.040514035106953,4076,4074.3738656399055,4073,4071.3750625003277,0.0,0.0,6567362.882058962,0.0,streaming,179/7C963B78,179/7C857C70,179/7C857C28,17544,1115024,1710296,1115096,0.113372,0.113372,0.113372,23574.591081268776,True,164522584,reserved,2.1,37.8,0.0,15026322.803713461,0.0,24.99002616314957,6606339.3260651035,228049.98235548422,1002.79,1
2026-09-13T21:56:43.589826+00:00,1789336603.5898263,F_lat_northeurope_rep1,r3-pub,F01,load,16,1,1000,6,99.5,2289774088,22050199,803033639950,60320,1789156079.537691,5964165.8549999995,192964.18600000002,86347430,85002632,428893526,8021,21819,16055193,4831825216,11084516.363,788068.221,179/7CFAE000,179/7CFDF8E0,1,1.000333309173584,6358759,6356640.273483674,6.062164567454981,4084,4082.639218895908,4081,4079.640218490255,0.0,0.0,6575984.164152745,0.0,streaming,179/7CFABC48,179/7CEA1BD8,179/7CEA1608,9144,1098792,2110928,1100280,0.113309,0.113309,0.113309,-14811.063336719339,True,171100760,reserved,3.9,37.8,0.0,14961797.095774677,0.0,20.993002839572497,6621232.082606439,242634.12781937324,1002.78,1
2026-09-13T21:56:44.590094+00:00,1789336604.5900943,F_lat_northeurope_rep1,r3-pub,F01,load,16,1,1000,6,99.5,2289798938,22050199,803039984306,60320,1789156079.537691,5964197.3209999995,192964.18600000002,86351523,85002632,428897616,8021,21819,16055193,4831870635,11084516.363,788077.705,179/7D52ED80,179/7D5F0730,1,1.0002679824829102,6344356,6342656.279222049,6.0488283912868965,4093,4091.903441555903,4090,4088.9042452879658,0.0,0.0,5769077.988156632,0.0,streaming,179/7D52DFC8,179/7D52DFC8,179/7D52DF08,3512,3512,610408,3704,0.114416,0.114416,0.114416,-1096282.2155699013,True,176871384,reserved,3.1,37.9,0.0,5884375.090552859,0.0,15.995713428999377,5823472.411404033,262480.65978107596,1002.78,1
2026-09-13T21:56:45.590965+00:00,1789336605.5909653,F_lat_northeurope_rep1,r3-pub,F01,load,16,1,1000,6,99.5,2289823708,22050199,803046319080,60320,1789156079.537691,5964232.018,192964.18600000002,86355600,85002632,428901690,8021,21819,16055193,4831915736,11084516.363,788087.713,179/7DB70000,179/7DC02870,1,1.000870943069458,6334774,6329261.573497775,6.036054204461837,4077,4073.452254989749,4074,4070.454865545312,0.0,0.0,6552629.033156843,0.0,streaming,179/7DB6BFC8,179/7DA61C50,179/7DA61C50,16440,1106864,2020472,1106864,0.114416,0.114416,0.114416,1102200.0465083374,True,183429720,reserved,15.1,37.9,0.0,14945575.254812758,0.0,21.980855925870607,6594159.862169146,213424.11974205548,1002.77,1
2026-09-13T21:56:46.591180+00:00,1789336606.5911806,F_lat_northeurope_rep1,r3-pub,F01,load,16,1,1000,6,99.5,2289848673,22050199,803052708364,60320,1789156079.537691,5964271.205,192964.18600000002,86359700,85002632,428905787,8021,21819,16055193,4831961039,11084516.363,788096.28,179/7E218000,179/7E219588,1,1.0002152919769287,6389284,6387908.734500109,6.091984495639905,4100,4099.117492891292,4097,4096.118138628201,0.0,0.0,6978081.675001019,0.0,streaming,179/7E16E460,179/7E10BF90,179/7E10BF90,695200,1097840,1173784,1097840,0.113301,0.113301,0.113301,-9022.057623378298,True,190409304,reserved,4.1,37.9,0.0,15553259.508012835,0.0,29.993542630911897,6550197.794967447,237394.8907846502,1002.77,1
2026-09-13T21:56:47.591737+00:00,1789336607.5917373,F_lat_northeurope_rep1,r3-pub,F01,load,16,1,1000,6,99.5,2289873477,22050199,803059034759,60320,1789156079.537691,5964298.3719999995,192964.18600000002,86363776,85002632,428909860,8021,21819,16055193,4832006220,11084516.363,788104.958,179/7E74E000,179/7E82DD10,1,1.0005567073822021,6326395,6322875.008805856,6.029963501745087,4076,4073.7321232538707,4073,4070.733792446765,0.0,0.0,5461023.807731854,0.0,streaming,179/7E74BB50,179/7E74BB50,179/7E74BB50,9392,9392,442688,9392,0.112719,0.285994,0.112719,-1087842.390110753,True,195873368,reserved,4.8,37.8,0.0,18184308.661128107,0.0,24.98609005921167,5969793.571848329,235620.8281455708,1002.76,1
2026-09-13T21:56:48.592161+00:00,1789336608.5921612,F_lat_northeurope_rep1,r3-pub,F01,load,16,1,1000,6,99.5,2289898338,22050199,803065393092,60320,1789156079.537691,5964330.471,192964.18600000002,86367860,85002632,428913941,8021,21819,16055193,4832051591,11084516.363,788114.173,179/7ED8E000,179/7EE373F0,1,1.0004239082336426,6358333,6355638.792385849,6.061209480653619,4084,4082.269492350245,4081,4079.27076353608,0.0,0.0,6550823.052171049,0.0,streaming,179/7ED8BCC8,179/7ED8BCC8,179/7ED8BCC8,9016,9016,819960,9016,0.113971,0.283349,0.113971,-375.84067804204017,True,4551280,reserved,1.9,37.9,0.0,6632708.340323187,0.0,22.990254241933307,6590514.22675534,232215.56191132584,1002.76,1
2026-09-13T21:56:49.592415+00:00,1789336609.5924158,F_lat_northeurope_rep1,r3-pub,F01,load,16,1,1000,6,99.5,2289923131,22050200,803071725282,60320,1789156079.537691,5964382.598999999,192964.18600000002,86371932,85002632,428918010,8021,21819,16055193,4832096902,11084516.363,788122.058,179/7F430000,179/7F449528,1,1.0002546310424805,6332190,6330578.0383146,6.037309683146095,4072,4070.963406343943,4069,4067.9641700426087,0.0,0.0,6953237.489889335,0.0,streaming,179/7F41FE40,179/7F31FCF8,179/7F31FCF8,65984,1114888,2311352,1114888,0.113623,0.113623,0.113623,1105590.4823429245,True,11506288,reserved,3.9,37.9,0.0,15442083.966061652,0.0,118.96970661957987,6909790.552828211,200696.89634006235,1002.75,1
2026-09-13T21:56:50.592934+00:00,1789336610.5929344,F_lat_northeurope_rep1,r3-pub,F01,load,16,1,1000,6,99.5,2289947855,22050200,803078062739,60320,1789156079.537691,5964416.26,192964.18600000002,86375998,85002632,428922073,8021,21819,16055193,4832141952,11084516.363,788130.032,179/7FA52000,179/7FA53990,1,1.000518560409546,6337457,6334172.348992572,6.040737484924862,4066,4063.89262617542,4063,4060.894181050352,0.0,0.0,6427387.011558976,0.0,streaming,179/7F9B0C88,179/7F945B70,179/7F945668,660344,1098896,1538416,1100184,0.112992,0.285149,0.112992,-14696.379039666348,True,17937008,reserved,4.8,37.8,0.0,14877149.299366444,0.0,21.988597583831588,6055594.808276176,232280.54850363842,1002.75,1
2026-09-13T21:56:51.593297+00:00,1789336611.593298,F_lat_northeurope_rep1,r3-pub,F01,load,16,1,1000,6,99.5,2289972493,22050200,803084367964,60320,1789156079.537691,5964443.129,192964.18600000002,86380050,85002632,428926122,8021,21819,16055193,4832186577,11084516.363,788138.772,179/7FF80000,179/80058C00,1,1.0003635883331299,6305225,6302933.3269778155,6.010945631959739,4052,4050.5272755395895,4049,4047.5283659081433,0.0,0.0,5429321.9618778555,0.0,streaming,179/7FF7BE30,179/7FF7BE30,179/7FF7BDE8,16848,16848,798768,16920,0.113335,0.113335,0.113335,-1082870.2809995355,True,23368304,reserved,3.3,37.8,0.0,22343748.073881943,0.0,37.98618866498134,5941880.60153643,234466.75062496588,1002.74,1
2026-09-13T21:56:52.594101+00:00,1789336612.5940962,F_lat_northeurope_rep1,r3-pub,F01,load,16,1,1000,6,99.5,2289997093,22050200,803090671079,60320,1789156079.537691,5964485.382999999,192964.18600000002,86384099,85002632,428930168,8021,21819,16055193,4832231036,11084516.363,788147.093,179/80630000,179/8065FDA8,1,1.000798225402832,6303115,6298087.706403485,6.00632448807095,4049,4045.7705631624535,4046,4042.7729559286954,0.0,0.0,7006759.026953164,0.0,streaming,179/8062BFF0,179/80523E10,179/80523E10,16400,1098224,1635208,1098224,0.113382,0.113382,0.113382,1080441.564097262,True,30380656,reserved,2.3,37.8,0.0,7019037.226182638,0.0,15.987238580044272,7041078.6321724625,212764.16623769669,1002.74,1
2026-09-13T21:56:53.594173+00:00,1789336613.594173,F_lat_northeurope_rep1,r3-pub,F01,load,16,1,1000,6,99.5,2290021699,22050200,803096945600,60320,1789156079.537691,5964518.56,192964.18600000002,86388146,85002632,428934212,8021,21819,16055193,4832275672,11084516.363,788155.286,179/80C62000,179/80C62A10,1,1.0000767707824707,6274521,6274039.33709084,5.983390175906028,4047,4046.6893324935286,4044,4043.6895627881963,0.0,0.0,6495757.315628139,0.0,streaming,179/80BD6E60,179/80B55EF0,179/80B55340,569760,1098000,1936112,1100992,0.112659,0.112659,0.112659,2767.787514786777,True,36876912,reserved,5.0,37.8,0.0,14900104.107348785,0.0,17.99861823199494,6393147.193087536,247884.96967691518,1002.73,1
2026-09-13T21:56:54.595299+00:00,1789336614.5952992,F_lat_northeurope_rep1,r3-pub,F01,load,16,1,1000,6,99.5,2290046307,22050200,803103254062,60320,1789156079.537691,5964553.171999999,192964.18600000002,86392190,85002632,428938253,8021,21819,16055193,4832320577,11084516.363,788164.034,179/81208000,179/8126B258,1,1.0011262893676758,6308462,6301364.839779111,6.009449806002722,4044,4039.4504099520173,4041,4036.4537850188185,0.0,0.0,5916152.700116313,0.0,streaming,179/81205EF8,179/810FFC80,179/810FF7B8,8456,1082240,1692080,1083464,0.113121,0.113121,0.113121,-17508.280609703008,True,42799728,reserved,6.5,37.8,0.0,14315780.288870662,0.0,20.976374532391784,6105879.013386908,217548.97690036838,1002.73,1
2026-09-13T21:56:55.595940+00:00,1789336615.5959404,F_lat_northeurope_rep1,r3-pub,F01,load,16,1,1000,6,99.5,2290070867,22050201,803109539561,60320,1789156079.537691,5964587.54,192964.18600000002,86396223,85002632,428942283,8021,21819,16055193,4832365123,11084516.363,788172.362,179/81840000,179/81870D10,1,1.000641107559204,6285499,6281471.900881417,5.990478421098153,4033,4030.416069790919,4030,4027.41799188133,0.0,0.0,6516654.123780525,0.0,streaming,179/8183DF20,179/81737FF0,179/81736F08,8416,1081360,2024128,1085688,0.113019,0.113019,0.113019,2222.575090308704,True,49320560,reserved,3.9,37.9,0.0,6524840.875192311,0.0,11.992311638356318,6543885.665433323,231943.29939744956,1002.72,1
2026-09-13T21:56:56.596455+00:00,1789336616.5964556,F_lat_northeurope_rep1,r3-pub,F01,load,16,1,1000,6,99.5,2290095523,22050201,803115833143,60320,1789156079.537691,5964621.443,192964.18600000002,86400276,85002632,428946333,8021,21819,16055193,4832409536,11084516.363,788181.116,179/81E74000,179/81E74E70,1,1.0005152225494385,6293582,6290341.074434792,5.998936724123756,4053,4050.912878339269,4050,4047.9144232109643,0.0,0.0,6501098.487463139,0.0,streaming,179/81E18588,179/81D67FF8,179/81D67F70,375416,1097736,1610176,1097872,0.113188,0.285982,0.113188,12177.72576108701,True,55825008,reserved,3.5,37.8,0.0,14922231.729724899,0.0,22.988155983667205,6438782.59401663,240698.98645455163,1002.71,1
2026-09-13T21:56:57.596923+00:00,1789336617.596923,F_lat_northeurope_rep1,r3-pub,F01,load,16,1,1000,6,99.5,2290120148,22050201,803122129571,60320,1789156079.537691,5964658.336999999,192964.18600000002,86404067,85002632,428950121,8021,21819,16055193,4832451006,11084516.363,788189.437,179/82419BE0,179/8247E6E0,1,1.0004675388336182,6296428,6293485.551106043,6.001935530763667,3791,3789.228388578891,3788,3786.2297905399205,0.0,0.0,5918992.641084393,0.0,streaming,179/82417D98,179/8230DE00,179/8230D938,7752,1097184,1744528,1098408,0.113678,0.113678,0.113678,535.7495162960395,True,61746768,reserved,4.5,37.8,0.0,14329300.495559743,0.0,18.991120913479012,6050222.286129213,214504.71071774542,1002.71,1
2026-09-13T21:56:58.597341+00:00,1789336618.5973024,F_lat_northeurope_rep1,r3-pub,F01,load,16,1,1000,6,99.5,2290144727,22050201,803128426645,60320,1789156079.537691,5964693.598999999,192964.18600000002,86408363,85002632,428954414,8021,21819,16055193,4832498899,11084516.363,788198.706,179/82A4FBE0,179/82A8B048,2,1.0003793239593506,6297074,6294686.274679419,6.003080629996699,4296,4294.371042173362,4293,4291.372179713744,0.0,0.0,6510170.536336109,0.0,streaming,179/82A4DDB8,179/82941C30,179/82940610,7720,1105840,1457664,1111504,0.113233,0.285063,0.113233,13091.03425705362,True,68259408,reserved,5.6,37.8,0.0,14903786.636643672,0.0,18.992795577582374,6551208.969475166,234049.21952336747,1002.7,1
2026-09-13T21:56:59.598453+00:00,1789336619.597916,F_lat_northeurope_rep1,r3-pub,F01,load,16,1,1000,6,99.5,2290169261,22050201,803134703524,60320,1789156079.537691,5964743.777,192964.18600000002,86412403,85002632,428958451,8021,21819,16055193,4832543460,11084516.363,788209.021,179/83080000,179/83090548,3,1.0006134510040283,6276879,6273030.8029556265,5.982428362804057,4040,4037.523177353065,4037,4034.525016577803,0.0,0.0,6485141.683323099,0.0,streaming,179/82FFFFE8,179/82F75C20,179/82F75C20,524312,1090528,2170880,1090528,0.112894,0.112894,0.112894,-20963.140140633142,True,74748528,reserved,4.1,37.9,0.0,6660106.351071999,0.0,22.985899277010024,6012945.352636258,245147.61395008716,1002.7,1
2026-09-13T21:57:00.598499+00:00,1789336620.5984995,F_lat_northeurope_rep1,r3-pub,F01,load,16,1,1000,6,99.5,2290193869,22050201,803140997728,60320,1789156079.537691,5964779.62,192964.18600000002,86416458,85002632,428962503,8021,21819,16055193,4832588454,11084516.363,788217.795,179/83639598,179/83692280,2,1.0005836486816406,6294204,6290532.538976809,5.9991193189399805,4055,4052.634685108865,4052,4049.636435033569,0.0,0.0,5998570.941977987,0.0,streaming,179/83637D40,179/8352BCF0,179/8352BCF0,6232,1104040,1685944,1104040,0.113194,0.113194,0.113194,13504.118339134646,True,80750600,reserved,3.1,37.8,0.0,22768663.09979908,0.0,26.98425067766692,6579325.985062734,226055.0632603499,1002.69,1
2026-09-13T21:57:01.599303+00:00,1789336621.5993035,F_lat_northeurope_rep1,r3-pub,F01,load,16,1,1000,6,99.5,2290218456,22050202,803147279140,60320,1789156079.537691,5964814.348,192964.18600000002,86420503,85002632,428966544,8021,21819,16055193,4832633270,11084516.363,788226.459,179/83C6D8C8,179/83C96B88,2,1.0008039474487305,6281412,6276366.131461313,5.9856091799367075,4045,4041.7506448806434,4041,4037.753858087189,0.0,0.0,6500038.310783396,0.0,streaming,179/83C6BFD8,179/83B5FEB0,179/83B5FDE8,6384,1104408,2158312,1104608,0.112612,0.112612,0.112612,567.5437246705081,True,87255864,reserved,4.3,37.8,0.0,15024337.222421167,0.0,24.97991745908927,6549632.439709973,234445.51812383806,1002.69,1
2026-09-13T21:57:02.601652+00:00,1789336622.6016524,F_lat_northeurope_rep1,r3-pub,F01,load,16,1,1000,6,99.5,2290243114,22050202,803153598150,60320,1789156079.537691,5964847.294,192964.18600000002,86424559,85002632,428970597,8021,21819,16055193,4832678479,11084516.363,788234.619,179/84217970,179/842A9818,1,1.0023488998413086,6319010,6304202.0607798565,6.012155590801102,4056,4046.495188094828,4053,4043.5022182811485,0.0,0.0,5925449.712111539,0.0,streaming,179/84216000,179/8410BD88,179/8410B8B8,6512,1096680,1915456,1097912,0.112612,0.112612,0.112612,-6680.308624132882,True,93195232,reserved,1.9,37.8,0.0,14326923.491683943,0.0,18.955475486637507,5944910.001840084,217193.8334391017,1002.68,1
2026-09-13T21:57:03.602862+00:00,1789336623.6028621,F_lat_northeurope_rep1,r3-pub,F01,load,16,1,1000,6,99.5,2290267772,22050202,803159886337,60320,1789156079.537691,5964882.583,192964.18600000002,86428608,85002632,428974644,8021,21819,16055193,4832723389,11084516.363,788242.86,179/8485E000,179/84930C68,2,1.0012097358703613,6288187,6280589.146023054,5.989636560462049,4049,4044.1076978543015,4047,4042.1101144026566,0.0,0.0,6571905.729901904,0.0,streaming,179/84859E68,179/8473FC60,179/8473FC60,16792,1172384,2309616,1172384,0.113326,0.113326,0.113326,74382.0174054348,True,4606176,reserved,2.3,37.9,0.0,6701141.388889497,0.0,31.961335226312087,6356117.7763297325,236947.3562837163,1002.68,1
2026-09-13T21:57:04.603376+00:00,1789336624.6033764,F_lat_northeurope_rep1,r3-pub,F01,load,16,1,1000,6,99.5,2290292417,22050202,803166201109,60320,1789156079.537691,5964939.5309999995,192964.18600000002,86432658,85002632,428978691,8021,21819,16055193,4832768712,11084516.363,788253.11,179/85112000,179/85114638,2,1.000514268875122,6314772,6311526.178531863,6.019140413791526,4050,4047.918281618726,4047,4044.919823632342,0.0,0.0,9121197.252149371,0.0,streaming,179/85012C70,179/84FA7ED8,179/84FA7950,1045392,1483048,1838888,1484464,0.111240,0.229655,0.111240,311919.58946359804,True,13740256,reserved,2.3,38.1,0.0,17558714.09985128,0.0,25.986635881996758,6123187.035491096,237190.02055493902,1002.67,1
2026-09-13T21:57:05.603896+00:00,1789336625.603887,F_lat_northeurope_rep1,r3-pub,F01,load,16,1,1000,6,99.5,2290355609,22050207,803174952698,60320,1789156079.537691,5964981.449,192964.18600000002,86436718,85002632,428982792,8034,21870,16055193,4832921905,11084516.363,788263.82,179/85646000,179/85746488,1,1.0005106925964355,8751589,8747121.909600647,8.34190550766053,4060,4057.9276463941155,4101,4098.906718685287,12.993364385005789,50.97396797194578,5453087.1487654075,0.0,streaming,179/85643C00,179/85643C00,179/85643060,9216,9216,398384,12192,0.101792,0.154945,0.101792,-1471520.5053724032,True,19187936,reserved,19.6,37.9,0.0,14885454.10879206,0.0,17.99081222539263,6418588.074590737,248162.2653683617,1002.67,1
2026-09-13T21:57:06.604449+00:00,1789336626.604449,F_lat_northeurope_rep1,r3-pub,F01,load,16,1,1000,6,99.5,2290379297,22050207,803181023763,60320,1789156079.537691,5965024.035999999,192964.18600000002,86440619,85002632,428986690,8034,21870,16055193,4832966440,11084516.363,788272.912,179/85C6C000,179/85CF5AA8,1,1.0005619525909424,6071065,6067655.265402662,5.786566987421667,3901,3898.8090541504307,3898,3895.810739061363,0.0,0.0,6443483.0679952465,0.0,streaming,179/85C69F28,179/85B57C00,179/85B57BB8,8408,1131520,1514568,1131592,0.110242,0.297142,0.110242,1118771.3035672884,True,25635040,reserved,2.1,37.9,0.0,5522400.672633791,0.0,14.991575445336185,6203355.008580393,197930.7722896846,1002.66,1
2026-09-13T21:57:07.604824+00:00,1789336627.6048245,F_lat_northeurope_rep1,r3-pub,F01,load,16,1,1000,6,99.5,2290402538,22050207,803186967956,60320,1789156079.537691,5965068.063999999,192964.18600000002,86444449,85002632,428990517,8034,21870,16055193,4833008991,11084516.363,788282.001,179/86209370,179/862AA1F0,1,1.000375509262085,5944193,5941961.738332301,5.6666962989161505,3830,3828.562339381093,3827,3825.563465486016,0.0,0.0,5884622.269833806,0.0,streaming,179/86207B58,179/86107ED0,179/86107E90,6168,1053856,1366112,1053920,0.114977,0.114977,0.114977,-77642.84439279589,True,31521872,reserved,3.3,37.9,0.0,22757022.527263537,0.0,35.986486740918885,5917701.848145764,242089.0933032149,1002.66,1
2026-09-13T21:57:08.605579+00:00,1789336628.6055565,F_lat_northeurope_rep1,r3-pub,F01,load,16,1,1000,6,99.5,2290425549,22050208,803192865657,60320,1789156079.537691,5965097.424,192964.18600000002,86448240,85002632,428994305,8034,21870,16055193,4833051265,11084516.363,788290.703,179/86749018,179/8683FF08,1,1.0007319450378418,5897701,5893387.364362575,5.62037216602571,3791,3788.2272258798002,3788,3785.2294201088584,0.0,0.0,5500142.198210595,0.0,streaming,179/86747D70,179/86747D70,179/86747D70,4776,4776,666976,4776,0.100468,0.285255,0.100468,-1048376.6459162324,True,37026040,reserved,3.3,37.8,0.0,13899842.07956308,0.0,15.988297445021578,5548458.83308945,220622.51644385274,1002.65,1
2026-09-13T21:57:09.606357+00:00,1789336629.606357,F_lat_northeurope_rep1,r3-pub,F01,load,16,1,1000,6,99.5,2290448444,22050208,803198728301,60320,1789156079.537691,5965131.828,192964.18600000002,86452009,85002632,428998071,8034,21870,16055193,4833092928,11084516.363,788298.962,179/86D7C000,179/86DD6740,1,1.000800609588623,5862644,5857954.065805203,5.58658033924599,3769,3765.984916365348,3766,3762.9873162727254,0.0,0.0,6495127.938293269,0.0,streaming,179/86D79C00,179/86C6FE90,179/86C6FE90,9216,1098096,2245136,1098096,0.112390,0.112390,0.112390,1092445.377755522,True,43526368,reserved,2.7,37.8,0.0,14881142.01501312,0.0,23.98080074098391,6536363.924367421,194772.06361827132,1002.65,1
2026-09-13T21:57:10.606705+00:00,1789336630.606705,F_lat_northeurope_rep1,r3-pub,F01,load,16,1,1000,6,99.5,2290471528,22050208,803204613012,60320,1789156079.537691,5965168.024,192964.18600000002,86455808,85002632,429001867,8034,21870,16055193,4833134952,11084516.363,788307.731,179/87322000,179/8737D530,1,1.0003478527069092,5884711,5882664.699160558,5.610146235619124,3799,3797.6789670913254,3796,3794.6800102865677,0.0,0.0,5920756.448842321,0.0,streaming,179/8731BFD8,179/8720DC08,179/8720DC08,24616,1131512,2357008,1131512,0.113406,0.295150,0.113406,33404.38019592622,True,49449184,reserved,2.9,37.8,0.0,5945323.902986894,0.0,13.995131755535287,5951987.585007066,211204.531931856,1002.64,1
2026-09-13T21:57:11.607765+00:00,1789336631.607765,F_lat_northeurope_rep1,r3-pub,F01,load,16,1,1000,6,99.5,2290494714,22050208,803210535644,60320,1789156079.537691,5965201.183,192964.18600000002,86459621,85002632,429005677,8034,21870,16055193,4833177125,11084516.363,788315.929,179/87856000,179/87922EF0,1,1.0010600090026855,5922632,5916360.6044961,5.642281155105686,3813,3808.9624654956833,3810,3805.965642155403,0.0,0.0,5450094.850393093,0.0,streaming,179/87853C78,179/87853C78,179/87852AA8,9096,9096,668472,13656,0.113162,0.113162,0.113162,-1116672.3172906223,True,54905056,reserved,2.1,37.8,0.0,13977120.126833938,0.0,24.973527835665376,5513332.817578565,240118.47225769574,1002.64,1
2026-09-13T21:57:12.607971+00:00,1789336632.6079717,F_lat_northeurope_rep1,r3-pub,F01,load,16,1,1000,6,99.5,2290518261,22050208,803216548534,60320,1789156079.537691,5965240.316,192964.18600000002,86463497,85002632,429009550,8034,21870,16055193,4833220053,11084516.363,788324.158,179/87E78000,179/87EEC898,1,1.000206708908081,6012890,6011647.338942799,5.7331536664417255,3876,3875.1989618539983,3873,3872.1995818525634,0.0,0.0,6429390.987609325,0.0,streaming,179/87E75D10,179/87D63FD8,179/87D63530,8944,1130536,1953032,1133264,0.113063,0.113063,0.113063,1119376.6148822063,True,61335776,reserved,3.9,37.8,0.0,18886847.920289304,0.0,28.99400668053817,6495444.33379426,199923.6739956488,1002.63,1
2026-09-13T21:57:13.609003+00:00,1789336633.6090033,F_lat_northeurope_rep1,r3-pub,F01,load,16,1,1000,6,99.5,2290542003,22050208,803222617698,60320,1789156079.537691,5965276.527,192964.18600000002,86467403,85002632,429013453,8034,21870,16055193,4833263502,11084516.363,788332.832,179/88418000,179/884BBDB8,1,1.0010316371917725,6069164,6062909.2772991955,5.7820408604614215,3906,3901.9745779040836,3903,3898.9776696261233,0.0,0.0,5892161.427131844,0.0,streaming,179/88415D68,179/88415D68,179/88415860,8856,8856,734704,10144,0.094579,0.114478,0.094579,-1121962.5417141921,True,67234016,reserved,2.9,37.8,0.0,13253271.432277806,0.0,20.97835794572088,5933168.1230991725,259412.38054022848,1002.63,1
2026-09-13T21:57:14.610058+00:00,1789336634.6099954,F_lat_northeurope_rep1,r3-pub,F01,load,16,1,1000,6,99.5,2290566178,22050209,803228795201,60320,1789156079.537691,5965310.926,192964.18600000002,86471381,85002632,429017428,8034,21870,16055193,4833307545,11084516.363,788342.306,179/88A36000,179/88AADB40,1,1.0009920597076416,6177503,6171380.621944449,5.88548719591565,3978,3974.0574976807,3975,3971.0604709102017,0.0,0.0,6407978.902323587,0.0,streaming,179/88A33E98,179/88931E38,179/88931E38,8552,1065416,2004496,1065416,0.094658,0.113112,0.094658,1054226.144719082,True,73648352,reserved,4.7,37.8,0.0,7480067.326594839,0.0,12.987116005492483,6458219.061086373,195600.9521765693,1002.62,1
2026-09-13T21:57:15.611064+00:00,1789336635.611065,F_lat_northeurope_rep1,r3-pub,F01,load,16,1,1000,6,99.5,2290590487,22050209,803235017978,60320,1789156079.537691,5965344.6959999995,192964.18600000002,86475388,85002632,429021432,8034,21870,16055193,4833351643,11084516.363,788351.001,179/8905A000,179/890A4F00,1,1.0010695457458496,6222777,6216128.566136435,5.928162161003527,4007,4002.718909019027,4004,3999.722114228147,0.0,0.0,6432032.6468454,0.0,streaming,179/88FFFFD0,179/88F53BF8,179/88F536A0,368688,1074184,2266792,1075552,0.113056,0.284278,0.113056,10125.170666787337,True,80087264,reserved,4.3,37.8,0.0,14848502.846947812,0.0,22.97542673008176,6114494.268666926,240095.20719254832,1002.62,1
2026-09-13T21:57:16.611334+00:00,1789336636.611334,F_lat_northeurope_rep1,r3-pub,F01,load,16,1,1000,6,99.5,2290615165,22050209,803241337356,60320,1789156079.537691,5965377.586,192964.18600000002,86479452,85002632,429025493,8034,21870,16055193,4833396428,11084516.363,788359.886,179/8963A000,179/896B5FE0,1,1.0002691745758057,6319378,6317677.441854511,6.025006715635787,4064,4062.906368901613,4061,4059.907176208034,0.0,0.0,6158726.227480215,0.0,streaming,179/89637F68,179/8952DB90,179/8952DB90,8344,1098864,2279400,1098864,0.112859,0.112859,0.112859,23305.726690904132,True,86247648,reserved,5.4,37.8,0.0,14647449.279053675,0.0,26.992734242210517,6565339.777450385,225619.26902896556,1002.61,1
2026-09-13T21:57:17.611987+00:00,1789336637.6119878,F_lat_northeurope_rep1,r3-pub,F01,load,16,1,1000,6,99.5,2290639917,22050209,803247666383,60320,1789156079.537691,5965411.459,192964.18600000002,86483530,85002632,429029568,8034,21870,16055193,4833441824,11084516.363,788368.329,179/89C7B000,179/89CC42E0,1,1.0006537437438965,6329027,6324892.141331784,6.031887189227852,4078,4075.3357747329906,4075,4072.3377346829175,0.0,0.0,6553411.748068523,0.0,streaming,179/89C79D88,179/89B69FE0,179/89B69F58,4728,1118240,1623944,1118376,0.112825,0.112825,0.112825,19499.252485676832,True,92805344,reserved,4.3,37.9,0.0,6573878.36814369,0.0,11.992160200293254,6609703.947395382,230177.5228844287,1002.6,1
2026-09-13T21:57:18.613391+00:00,1789336638.6133912,F_lat_northeurope_rep1,r3-pub,F01,load,16,1,1000,6,99.5,2290664905,22050209,803254051656,60320,1789156079.537691,5965446.115999999,192964.18600000002,86487642,85002632,429033677,8034,21870,16055193,4833487131,11084516.363,788377.163,179/8A204000,179/8A2ED2F0,3,1.0014033317565918,6385273,6376324.900776394,6.080937290932077,4112,4106.237586394901,4109,4103.2417904904305,0.0,0.0,5795898.4316728525,0.0,streaming,179/8A201E08,179/8A201E08,179/8A200C88,8696,8696,50592,13176,0.112588,0.124186,0.112588,-1103651.211207112,True,3802024,reserved,2.1,37.9,0.0,10769654.601689924,0.0,94.86687030824795,5839897.686121819,253597.11910937363,1002.6,1
2026-09-13T21:57:19.613628+00:00,1789336639.6136284,F_lat_northeurope_rep1,r3-pub,F01,load,16,1,1000,6,99.5,2290689991,22050209,803260445135,60320,1789156079.537691,5965480.1219999995,192964.18600000002,86491772,85002632,429037804,8034,21870,16055193,4833532887,11084516.363,788385.616,179/8A838000,179/8A9073A0,4,1.000237226486206,6393479,6391962.657158881,6.095850617560274,4130,4129.020486978401,4127,4126.021198489071,0.0,0.0,6502905.33861639,0.0,streaming,179/8A835FC8,179/8A835FC8,179/8A835B00,8248,8248,398552,9472,0.113603,0.113603,0.113603,-3703.1215214934623,True,10306472,reserved,3.7,37.8,0.0,26715966.265197307,0.0,54.98695563772689,6573274.645153063,241217.77675441012,1002.59,1
2026-09-13T21:57:20.617584+00:00,1789336640.617585,F_lat_northeurope_rep1,r3-pub,F01,load,16,1,1000,6,99.5,2290714988,22050210,803266843557,60320,1789156079.537691,5965511.352,192964.18600000002,86495893,85002632,429041922,8034,21870,16055193,4833578924,11084516.363,788394.989,179/8AE8A000,179/8AF35768,1,1.0039565563201904,6398422,6373206.051317783,6.077962924306663,4121,4104.75928869346,4118,4101.771111584486,0.0,0.0,6601209.94108669,0.0,streaming,179/8AE87E60,179/8AD79CB0,179/8AD79CB0,8608,1114960,1852280,1114960,0.113603,0.113603,0.113603,1101131.311948351,True,16933800,reserved,1.2,37.8,0.0,14964918.457296649,0.0,17.92906265384185,6648525.733489214,245314.39976119113,1002.59,1
2026-09-13T21:57:21.618786+00:00,1789336641.618786,F_lat_northeurope_rep1,r3-pub,F01,load,16,1,1000,6,99.5,2290740047,22050210,803273250539,60320,1789156079.537691,5965586.222,192964.18600000002,86500013,85002632,429046039,8034,21870,16055193,4833624645,11084516.363,788405.118,179/8B540000,179/8B558908,1,1.0012011528015137,6406982,6399295.468320513,6.102843731232179,4120,4115.057187530809,4117,4112.060786666101,0.0,0.0,7028485.714693397,0.0,streaming,179/8B539D98,179/8B42FFB8,179/8B42FFB8,25192,1114184,2374808,1114184,0.113854,0.113854,0.113854,-775.0690236708513,True,23970728,reserved,13.7,37.9,0.0,7192129.153917924,0.0,22.972406629419563,7073044.193152165,216394.07764740285,1002.58,1
2026-09-13T21:57:22.619061+00:00,1789336642.619061,F_lat_northeurope_rep1,r3-pub,F01,load,16,1,1000,6,99.5,2290765041,22050210,803279639311,60320,1789156079.537691,5965613.255,192964.18600000002,86504131,85002632,429050154,8034,21870,16055193,4833670321,11084516.363,788414.195,179/8BA7B598,179/8BB6D9B0,1,1.000274896621704,6388772,6387016.23081538,6.091133337798481,4118,4116.868286815954,4115,4113.869111279177,0.0,0.0,5484468.33818199,0.0,streaming,179/8BA79D40,179/8BA79D40,179/8BA79D40,6232,6232,630464,6232,0.113562,0.188851,0.113562,-1107647.511441066,True,29456704,reserved,4.6,37.9,0.0,13873434.239796046,0.0,16.995328041736574,5542918.270493059,246218.31541689023,1002.58,1
2026-09-13T21:57:23.619596+00:00,1789336643.6195965,F_lat_northeurope_rep1,r3-pub,F01,load,16,1,1000,6,99.5,2290789963,22050210,803286011022,60320,1789156079.537691,5965657.261,192964.18600000002,86508236,85002632,429054256,8034,21870,16055193,4833715621,11084516.363,788423.821,179/8C10A000,179/8C184A38,1,1.000535488128662,6371711,6368300.850494811,6.07328496026498,4105,4102.802997700492,4102,4099.804603305096,0.0,0.0,6872072.086978113,0.0,streaming,179/8C107FE0,179/8BFFFFF0,179/8BFFF908,8224,1089552,1898880,1091320,0.113813,0.113813,0.113813,1084507.2592372305,True,36332456,reserved,3.3,37.9,0.0,15339497.880985094,0.0,30.98340875242759,6936715.471213259,235100.10668382363,1002.57,1
2026-09-13T21:57:24.620046+00:00,1789336644.6200366,F_lat_northeurope_rep1,r3-pub,F01,load,16,1,1000,6,99.5,2290814684,22050210,803292323578,60320,1789156079.537691,5965689.654,192964.18600000002,86512313,85002632,429058330,8034,21870,16055193,4833760748,11084516.363,788434.092,179/8C746000,179/8C78F698,1,1.0004401206970215,6312556,6309778.9356967695,6.017474113175172,4077,4075.2064173111066,4074,4072.207737092335,0.0,0.0,6534340.101679874,0.0,streaming,179/8C741D08,179/8C63A000,179/8C639B38,17144,1097728,2428192,1098952,0.113668,0.286852,0.113668,7628.64247655589,True,42869672,reserved,10.6,37.9,3561952.311066096,15013424.28124066,198.912454511874,24.989001823099745,6601341.612928041,257056.86395386246,1002.57,1
2026-09-13T21:57:25.620348+00:00,1789336645.6203485,F_lat_northeurope_rep1,r3-pub,F01,load,16,1,1000,6,99.5,2290839520,22050210,803298664706,60320,1789156079.537691,5965721.236,192964.18600000002,86516401,85002632,429062414,8034,21870,16055193,4833805714,11084516.363,788443.409,179/8CD84000,179/8CD9C7C0,1,1.0003118515014648,6341128,6339151.126203281,6.045485616877824,4088,4086.725548501625,4084,4082.7267955187467,0.0,0.0,6543367.441038876,0.0,streaming,179/8CD81D98,179/8CC77FF0,179/8CC77A68,8808,1097744,1737376,1099160,0.113300,0.113300,0.113300,207.9351551096717,True,49415080,reserved,6.9,37.9,401282.8593378034,6543367.441038876,30.990335617306844,12.995947194354482,6607931.306700429,240896.87594753757,1002.56,1
2026-09-13T21:57:26.620861+00:00,1789336646.6208615,F_lat_northeurope_rep1,r3-pub,F01,load,16,1,1000,6,99.5,2290864280,22050211,803305007913,60320,1789156079.537691,5965753.725,192964.18600000002,86520475,85002632,429066485,8034,21870,16055193,4833850713,11084516.363,788451.928,179/8D31A000,179/8D3AADE8,1,1.0005130767822266,6343207,6339954.116742318,6.04625140833122,4074,4071.910797110705,4071,4068.912335551713,0.0,0.0,5854276.306750268,0.0,streaming,179/8D317F38,179/8D20DBC0,179/8D20DBC0,8392,1098816,2194728,1098816,0.113142,0.113142,0.113142,-343.82359209771295,True,55272360,reserved,4.8,37.9,0.0,14271333.71002198,0.0,19.989743726611216,5864701.957590882,227980.02874044192,1002.55,1
2026-09-13T21:57:27.621487+00:00,1789336647.6214871,F_lat_northeurope_rep1,r3-pub,F01,load,16,1,1000,6,99.5,2290888948,22050211,803311322580,60320,1789156079.537691,5965787.111,192964.18600000002,86524533,85002632,429070541,8034,21870,16055193,4833895810,11084516.363,788460.976,179/8D954000,179/8D9B3A48,1,1.0006256103515625,6314667,6310718.948899766,6.018370579623953,4058,4055.4628604541226,4056,4053.4641108925384,0.0,0.0,6524941.928786008,0.0,streaming,179/8D951EC0,179/8D847D00,179/8D847730,8512,1098496,1499872,1099984,0.114207,0.283076,0.114207,1167.2697439651097,True,61801384,reserved,3.7,37.9,0.0,14932865.844549157,0.0,20.986870396632966,6571519.789194382,229500.4221602086,1002.55,1
2026-09-13T21:57:28.622184+00:00,1789336648.6221848,F_lat_northeurope_rep1,r3-pub,F01,load,16,1,1000,6,99.5,2290913502,22050211,803317591773,60320,1789156079.537691,5965821.174,192964.18600000002,86528578,85002632,429074582,8034,21870,16055193,4833940581,11084516.363,788471.613,179/8DF7FC58,179/8DFAFBA0,1,1.0006976127624512,6269193,6264822.57981383,5.9746003912103935,4045,4042.1801235576795,4041,4038.1829120634325,0.0,0.0,6466233.073283094,0.0,streaming,179/8DF7DD48,179/8DE6DF48,179/8DE6DA80,7952,1121552,1772552,1122776,0.113037,0.113037,0.113037,22776.111094221666,True,68272128,reserved,3.7,37.9,0.0,20097339.83923683,0.0,23.983268965484378,6541736.401197933,253212.3558289634,1002.54,1
2026-09-13T21:57:29.622644+00:00,1789336649.6226213,F_lat_northeurope_rep1,r3-pub,F01,load,16,1,1000,6,99.5,2290938053,22050211,803323850456,60320,1789156079.537691,5965860.4229999995,192964.18600000002,86532617,85002632,429078619,8034,21870,16055193,4833985430,11084516.363,788481.717,179/8E520000,179/8E5B0140,1,1.000436544418335,6258683,6255951.999073433,5.966140746186669,4039,4037.2375664748633,4037,4035.238439182724,0.0,0.0,5896601.871365911,0.0,streaming,179/8E51BFE0,179/8E413EB0,179/8E413E68,16416,1098064,1632736,1098136,0.113576,0.113576,0.113576,-24629.24823915341,True,74171304,reserved,5.8,37.9,0.0,9232449.625648364,0.0,25.988654797807982,5930681.993878652,237370.3772867174,1002.54,1
2026-09-13T21:57:30.623156+00:00,1789336650.6231563,F_lat_northeurope_rep1,r3-pub,F01,load,16,1,1000,6,99.5,2290962608,22050211,803330126190,60320,1789156079.537691,5965892.373,192964.18600000002,86536662,85002632,429082660,8034,21870,16055193,4834030699,11084516.363,788490.088,179/8EB4E000,179/8EBACBB0,1,1.000535011291504,6275734,6272378.2068347605,5.9818059986446,4045,4042.837036535743,4041,4038.839175436573,0.0,0.0,6476407.049100356,0.0,streaming,179/8EB4BBC8,179/8EA41FB0,179/8EA41FB0,9272,1097808,1922656,1097808,0.113363,0.113363,0.113363,-327.82461013194654,True,80651176,reserved,2.1,37.9,0.0,14868717.068478188,0.0,18.98984022105788,6543245.28988683,227324.37889045948,1002.53,1
2026-09-13T21:57:31.623568+00:00,1789336651.623568,F_lat_northeurope_rep1,r3-pub,F01,load,16,1,1000,6,99.5,2290987156,22050211,803336415706,60320,1789156079.537691,5965926.771,192964.18600000002,86540706,85002632,429086701,8034,21870,16055193,4834075858,11084516.363,788499.769,179/8F108000,179/8F1AF9E0,1,1.0004117488861084,6289516,6286927.364660556,5.995681156788403,4044,4042.3355728306105,4041,4039.336807568867,0.0,0.0,6002264.574247425,0.0,streaming,179/8F103FF8,179/8F103FF8,179/8F103430,16392,16392,649472,19408,0.113035,0.113035,0.113035,-1077956.1527548295,True,86655912,reserved,3.9,37.9,0.0,14420174.509208344,0.0,19.991768411625177,6032807.998026706,250205.97796727432,1002.53,1
2026-09-13T21:57:32.623685+00:00,1789336652.6236854,F_lat_northeurope_rep1,r3-pub,F01,load,16,1,1000,6,99.5,2291011740,22050212,803342727443,60320,1789156079.537691,5965958.602,192964.18600000002,86544752,85002632,429090744,8034,21870,16055193,4834121056,11084516.363,788508.615,179/8F73C000,179/8F7B4848,1,1.000117301940918,6311737,6310996.707837044,6.018635471188587,4046,4045.525452012446,4043,4042.5258038769944,0.0,0.0,6503685.105114051,0.0,streaming,179/8F737E58,179/8F631FD8,179/8F631FD8,16808,1089576,1998184,1089576,0.113553,0.113553,0.113553,1070042.4819400038,True,93160360,reserved,1.9,37.9,0.0,6622455.173154547,0.0,17.997888812709842,6536470.259351825,197541.82796016778,1002.52,1
2026-09-13T21:57:33.624520+00:00,1789336653.6245203,F_lat_northeurope_rep1,r3-pub,F01,load,16,1,1000,6,99.5,2291036198,22050212,803348975474,60320,1789156079.537691,5965992.719,192964.18600000002,86548778,85002632,429094767,8034,21870,16055193,4834165746,11084516.363,788517.103,179/8FD6C000,179/8FDB4E58,1,1.0008349418640137,6248031,6242818.609393573,5.953615769761632,4026,4022.6413283510483,4023,4019.643831087001,0.0,0.0,6482651.362987237,0.0,streaming,179/8FD69F68,179/8FC61EA0,179/8FC61E60,8344,1089888,2301232,1089952,0.112766,0.129928,0.112766,375.6863237605549,True,3740528,reserved,8.4,37.9,0.0,15015686.774495058,0.0,38.96746443261075,6538613.637741239,236685.38146641364,1002.52,1
2026-09-13T21:57:34.625307+00:00,1789336654.6253076,F_lat_northeurope_rep1,r3-pub,F01,load,16,1,1000,6,99.5,2291060788,22050212,803355263340,60320,1789156079.537691,5966024.129,192964.18600000002,86552824,85002632,429098811,8034,21870,16055193,4834210382,11084516.363,788526.039,179/90326000,179/903B6F80,1,1.0007872581481934,6287866,6282919.720255784,5.991859169250282,4046,4042.817259171061,4044,4040.8188324487814,0.0,0.0,6000012.441316312,0.0,streaming,179/90323DA0,179/9021BDD8,179/9021BDD8,8800,1090088,2274848,1090088,0.113133,0.113133,0.113133,135.89301711499365,True,9745264,reserved,2.9,37.9,0.0,14398392.747988258,0.0,20.98348058393284,6045614.540692004,248404.44157931925,1002.51,1
2026-09-13T21:57:35.625828+00:00,1789336655.625828,F_lat_northeurope_rep1,r3-pub,F01,load,16,1,1000,6,99.5,2291085363,22050212,803361547775,60320,1789156079.537691,5966057.169,192964.18600000002,86556869,85002632,429102853,8034,21870,16055193,4834255229,11084516.363,788534.9,179/90958000,179/909B6230,1,1.0005204677581787,6284435,6281165.855688341,5.990186553657857,4045,4042.8958030848185,4042,4039.8973636758556,0.0,0.0,6492876.667036977,0.0,streaming,179/90955E00,179/9084DCB0,179/9084DCB0,8704,1090384,1553176,1090384,0.113415,0.113415,0.113415,295.84602168432787,True,16241520,reserved,6.8,37.9,0.0,14893496.415309282,0.0,20.989075862739476,6550113.876914667,210382.50269046467,1002.51,1
2026-09-13T21:57:36.626166+00:00,1789336656.6261668,F_lat_northeurope_rep1,r3-pub,F01,load,16,1,1000,6,99.5,2291109984,22050212,803367826961,60320,1789156079.537691,5966091.719,192964.18600000002,86560924,85002632,429106905,8034,21870,16055193,4834300355,11084516.363,788543.305,179/90F84000,179/90FB4F98,1,1.0003387928009033,6279186,6277059.37747207,5.986270310852118,4055,4053.626660469883,4052,4050.6276765040607,0.0,0.0,6469488.183977739,0.0,streaming,179/90F7DE78,179/90E79D40,179/90E79D00,24968,1090240,1826072,1090304,0.112686,0.112686,0.112686,-79.9729057552628,True,22713200,reserved,3.9,37.9,0.0,6485866.635076417,0.0,12.995597185230205,6519820.131876136,237033.6946906673,1002.5,1
2026-09-13T21:57:37.627163+00:00,1789336657.6271636,F_lat_northeurope_rep1,r3-pub,F01,load,16,1,1000,6,99.5,2291134506,22050212,803374089983,60320,1789156079.537691,5966126.819999999,192964.18600000002,86564958,85002632,429110936,8034,21870,16055193,4834344733,11084516.363,788551.786,179/91526000,179/915BBD58,4,1.0009968280792236,6263022,6256785.060965562,5.96693521591717,4034,4029.9827999861855,4031,4026.9857874923932,0.0,0.0,5900550.165911752,0.0,streaming,179/91523E18,179/9141DFF0,179/9141DAA8,8680,1081360,1547088,1082712,0.112686,0.112686,0.112686,-7584.439617623976,True,28619632,reserved,1.8,37.9,0.0,22771540.688834187,0.0,35.96414992550884,5962353.558554574,253772.0329118718,1002.5,1
2026-09-13T21:57:38.627914+00:00,1789336658.6278982,F_lat_northeurope_rep1,r3-pub,F01,load,16,1,1000,6,99.5,2291159141,22050213,803380392455,60320,1789156079.537691,5966163.336,192964.18600000002,86569019,85002632,429114994,8034,21870,16055193,4834389732,11084516.363,788560.193,179/91B5C000,179/91BBE650,1,1.000734567642212,6302472,6297845.806255085,6.006093794112287,4061,4058.019110469971,4058,4055.0213125553173,0.0,0.0,6507859.536964086,0.0,streaming,179/91B59F18,179/91A51C38,179/91A516B0,8424,1090504,1875888,1091920,0.113028,0.113028,0.113028,9201.241066044691,True,35132272,reserved,2.5,37.9,0.0,14890310.060047386,0.0,18.986053459475364,6556906.50864574,221344.40756042156,1002.49,1
2026-09-13T21:57:39.628115+00:00,1789336659.628116,F_lat_northeurope_rep1,r3-pub,F01,load,16,1,1000,6,99.5,2291183731,22050213,803386691310,60320,1789156079.537691,5966198.563,192964.18600000002,86573071,85002632,429119042,8034,21870,16055193,4834434263,11084516.363,788568.633,179/92100E38,179/921C8700,3,1.0002176761627197,6298855,6297484.18780721,6.005748927886209,4052,4051.1181681424346,4048,4047.119038657595,0.0,0.0,5916976.015366071,0.0,streaming,179/920FFBC0,179/920FFBC0,179/920FFBC0,4728,4728,28136,4728,0.113197,0.113197,0.113197,-1086955.395720412,True,41050536,reserved,9.7,37.9,0.0,14320594.747887416,0.0,19.995647424197603,5966943.138714398,255661.34861867694,1002.49,1
2026-09-13T21:57:40.628646+00:00,1789336660.6286464,F_lat_northeurope_rep1,r3-pub,F01,load,16,1,1000,6,99.5,2291208334,22050213,803392973470,60320,1789156079.537691,5966232.111,192964.18600000002,86577124,85002632,429123092,8034,21870,16055193,4834479074,11084516.363,788576.767,179/92732000,179/927CD5E0,5,1.000530481338501,6282160,6278829.198282676,5.987958143503834,4053,4050.851099086888,4050,4047.85268968712,0.0,0.0,6489173.614495218,0.0,streaming,179/9272FFE0,179/92627FE0,179/92627FE0,8224,1089568,2402856,1089568,0.113099,0.284961,0.113099,1084264.8177481915,True,47543152,reserved,4.8,37.9,0.0,6500999.3411679035,0.0,11.993637599072947,6548210.2966370545,229543.2315992574,1002.48,1
2026-09-13T21:57:41.628949+00:00,1789336661.6289194,F_lat_northeurope_rep1,r3-pub,F01,load,16,1,1000,6,99.5,2291232936,22050213,803399269969,60320,1789156079.537691,5966264.865,192964.18600000002,86581174,85002632,429127139,8034,21870,16055193,4834523850,11084516.363,788585.181,179/92D6BF18,179/92DD2978,3,1.0002729892730713,6296499,6294780.592421931,6.003170578405315,4050,4048.8946951804205,4047,4045.8955139247314,0.0,0.0,6527010.196231202,0.0,streaming,179/92D69FF8,179/92C5DCE0,179/92C5D138,7968,1106488,1682352,1109472,0.112997,0.112997,0.112997,19898.567904412615,True,54071944,reserved,8.7,37.9,0.0,15400851.732680816,0.0,83.97707515929761,6563924.119126225,204698.11960912886,1002.47,1
2026-09-13T21:57:42.629270+00:00,1789336662.6292708,F_lat_northeurope_rep1,r3-pub,F01,load,16,1,1000,6,99.5,2291257610,22050213,803405562988,60320,1789156079.537691,5966300.283,192964.18600000002,86585233,85002632,429131195,8034,21870,16055193,4834569153,11084516.363,788593.824,179/93326000,179/933E1B58,2,1.0003514289855957,6293019,6290808.227645981,5.999382236143094,4059,4057.5740508673243,4056,4054.5751047839044,0.0,0.0,6002858.421554239,0.0,streaming,179/93323B98,179/93323B98,179/93323B98,9320,9320,1249136,9320,0.112885,0.284664,0.112885,-1099765.510522244,True,60076912,reserved,4.3,37.9,0.0,14502935.248177573,0.0,26.990514750780427,6058235.960281978,255723.13147931086,1002.47,1
2026-09-13T21:57:43.629765+00:00,1789336663.6297657,F_lat_northeurope_rep1,r3-pub,F01,load,16,1,1000,6,99.5,2291282206,22050213,803411848818,60320,1789156079.537691,5966336.079,192964.18600000002,86589280,85002632,429135240,8034,21870,16055193,4834613493,11084516.363,788603.603,179/9395C000,179/939ECF20,1,1.0004949569702148,6285830,6282720.323783833,5.9916690099562,4047,4044.9979000948438,4045,4042.998889519062,0.0,0.0,6509418.118130389,0.0,streaming,179/93959EB0,179/9384DD50,179/9384D778,8528,1106608,1573656,1108104,0.113188,0.113188,0.113188,1098240.4182500155,True,66589552,reserved,6.4,37.9,0.0,14893876.172175065,0.0,21.989116333601817,6563068.563468513,200639.6919859498,1002.46,1
2026-09-13T21:57:44.633560+00:00,1789336664.6325593,F_lat_northeurope_rep1,r3-pub,F01,load,16,1,1000,6,99.5,2291306880,22050214,803418166547,60320,1789156079.537691,5966367.681,192964.18600000002,86593338,85002632,429139295,8034,21870,16055193,4834658714,11084516.363,788613.595,179/93F95350,179/93FF6418,1,1.002793550491333,6317729,6300129.270780151,6.008271475582267,4058,4046.6953522105573,4055,4043.703709515478,0.0,0.0,6507596.700041203,0.0,streaming,179/93F93FE0,179/93E89BF0,179/93E89B70,4976,1095520,2809496,1095648,0.113343,0.113343,0.113343,-12421.300469969123,True,73115328,reserved,3.3,37.9,0.0,6527174.009837802,0.0,12.963785012010163,6547576.01580401,249586.7667650732,1002.46,1
2026-09-13T21:57:45.632975+00:00,1789336665.6329756,F_lat_northeurope_rep1,r3-pub,F01,load,16,1,1000,6,99.5,2291331574,22050214,803424481594,60320,1789156079.537691,5966413.316,192964.18600000002,86597403,85002632,429143357,8034,21870,16055193,4834703537,11084516.363,788622.754,179/94524000,179/94600E60,1,1.0004162788391113,6315047,6312419.273432871,6.019992135460731,4065,4063.3085306419134,4062,4060.3097789587828,0.0,0.0,5825335.0362936575,0.0,streaming,179/9451FDB8,179/9451FDB8,179/9451F218,16968,16968,393904,19944,0.113951,0.282827,0.113951,-1075256.3935167599,True,78943088,reserved,4.4,37.9,0.0,14256337.388421968,0.0,21.990845676290796,5863917.97503271,263375.3624098855,1002.45,1
2026-09-13T21:57:46.633684+00:00,1789336666.6336846,F_lat_northeurope_rep1,r3-pub,F01,load,16,1,1000,6,99.5,2291356162,22050214,803430795126,60320,1789156079.537691,5966446.452,192964.18600000002,86601450,85002632,429147404,8034,21870,16055193,4834748376,11084516.363,788631.857,179/94B5E000,179/94C075C0,1,1.000709056854248,6313532,6309058.518813384,6.016787070096382,4047,4044.1324801454657,4047,4044.1324801454657,0.0,0.0,6524397.83099809,0.0,streaming,179/94B59E98,179/94A53E20,179/94A53850,16744,1090016,1759784,1091504,0.113112,0.113112,0.113112,1070800.74139478,True,85472112,reserved,2.9,37.9,0.0,22495665.294332184,0.0,73.9475669707844,6548920.443071915,242992.7043574431,1002.44,1
2026-09-13T21:57:47.634254+00:00,1789336667.634254,F_lat_northeurope_rep1,r3-pub,F01,load,16,1,1000,6,99.5,2291380724,22050214,803437082089,60320,1789156079.537691,5966479.169,192964.18600000002,86605502,85002632,429151450,8034,21870,16055193,4834793382,11084516.363,788640.562,179/95103250,179/9520D718,1,1.0005693435668945,6286963,6283385.594833264,5.992303461869492,4052,4049.6943325838542,4046,4043.6977467014494,0.0,0.0,5915943.795457946,0.0,streaming,179/95108640,179/95101D70,179/951007F8,1055168,1082000,1551560,1087496,0.113575,0.113575,0.113575,-4005.7193694462208,True,92468080,reserved,3.9,37.9,0.0,7037017.519345237,0.0,16.990326666812813,6176817.268824112,214788.7114289064,1002.44,1
2026-09-13T21:57:48.634946+00:00,1789336668.634946,F_lat_northeurope_rep1,r3-pub,F01,load,16,1,1000,6,99.5,2291405349,22050214,803443391223,60320,1789156079.537691,5966516.024,192964.18600000002,86609562,85002632,429155506,8034,21870,16055193,4834838478,11084516.363,788649.285,179/95736000,179/9580ECE8,1,1.0006921291351318,6309134,6304770.2847955795,6.012697491450862,4060,4057.1918992796877,4056,4053.1946658813827,0.0,0.0,6495264.438241907,0.0,streaming,179/95733BA8,179/95733BA8,179/95733580,9304,9304,752976,10880,0.102294,0.121663,0.102294,-1075871.358087414,True,2852696,reserved,3.9,37.9,0.0,13859463.461540973,0.0,25.98201708898322,6336442.36362705,246723.2356602855,1002.43,1
2026-09-13T21:57:49.635207+00:00,1789336669.635208,F_lat_northeurope_rep1,r3-pub,F01,load,16,1,1000,6,99.5,2291429912,22050214,803449660143,60320,1789156079.537691,5966547.851,192964.18600000002,86613611,85002632,429159552,8034,21870,16055193,4834883564,11084516.363,788658.479,179/95D65A18,179/95E0D880,1,1.0002617835998535,6268920,6267279.329055952,5.976943329864456,4049,4047.940315612187,4046,4044.941100757448,0.0,0.0,6484854.371478109,0.0,streaming,179/95D63BC8,179/95C5BB90,179/95C5B5C0,7760,1089160,2085264,1090648,0.113122,0.113122,0.113122,1079485.4084237935,True,9339248,reserved,4.3,37.9,0.0,14880968.406521235,0.0,17.995289128431555,6558279.150075249,240186.12321203068,1002.43,1
2026-09-13T21:57:50.635731+00:00,1789336670.6357315,F_lat_northeurope_rep1,r3-pub,F01,load,16,1,1000,6,99.5,2291454460,22050215,803455931900,60320,1789156079.537691,5966583.045,192964.18600000002,86617656,85002632,429163595,8034,21870,16055193,4834928878,11084516.363,788667.498,179/9631E000,179/9640EA80,1,1.000523567199707,6271757,6268475.03208102,5.978083641129513,4045,4042.883278922912,4043,4040.884325509353,0.0,0.0,5994917.257958775,0.0,streaming,179/9631BF28,179/9631BF28,179/9631B9E0,8408,8408,1219584,9760,0.113313,0.286010,0.113313,-1080322.3786374358,True,15337304,reserved,3.5,37.9,0.0,14398093.630436793,0.0,18.990057428809724,6048565.16967187,220033.79752079112,1002.42,1
2026-09-13T21:57:51.636393+00:00,1789336671.6363935,F_lat_northeurope_rep1,r3-pub,F01,load,16,1,1000,6,99.5,2291479092,22050215,803462236203,60320,1789156079.537691,5966615.242,192964.18600000002,86621713,85002632,429167648,8034,21870,16055193,4834973533,11084516.363,788675.753,179/96952000,179/96A12920,1,1.000662088394165,6304303,6300131.7558827195,6.00827384556076,4057,4054.3156846389193,4053,4050.318331240212,0.0,0.0,6500144.329878789,0.0,streaming,179/9694FE00,179/9694FE00,179/9694FE00,8704,8704,512192,8704,0.113444,0.113444,0.113444,-1055.3012972587376,True,21841752,reserved,6.0,37.9,0.0,6524704.069160447,0.0,12.991398545798853,6545086.5741404565,240215.9558035692,1002.42,1
2026-09-13T21:57:52.637241+00:00,1789336672.6372414,F_lat_northeurope_rep1,r3-pub,F01,load,16,1,1000,6,99.5,2291503591,22050215,803468487693,60320,1789156079.537691,5966648.384,192964.18600000002,86625750,85002632,429171682,8034,21870,16055193,4835017980,11084516.363,788683.819,179/96F80000,179/97011F00,1,1.0008478164672852,6251490,6246194.373552239,5.956835149337996,4037,4033.5802642298695,4034,4030.58280552472,0.0,0.0,6474382.911552076,0.0,streaming,179/96F7DF68,179/96E77E60,179/96E778D8,8344,1081760,1579648,1083176,0.113737,0.113737,0.113737,1073561.8166132267,True,28321624,reserved,5.0,37.9,4092.530285431148,15085066.632099213,0.9991529017165889,27.97628124806449,6547000.345295937,218856.44989780508,1002.41,1
2026-09-13T21:57:53.638431+00:00,1789336673.638431,F_lat_northeurope_rep1,r3-pub,F01,load,16,1,1000,6,99.5,2291528176,22050215,803474764558,60320,1789156079.537691,5966681.055,192964.18600000002,86629802,85002632,429175732,8034,21870,16055193,4835063135,11084516.363,788692.169,179/97522000,179/97612210,1,1.0011897087097168,6276865,6269406.232800085,5.978971703338704,4052,4047.1850287214947,4050,4045.1874053114643,0.0,0.0,5899413.4164761985,0.0,streaming,179/9751FD90,179/9751FD90,179/9751F8C8,8816,8816,1307496,10040,0.113171,0.113171,0.113171,-1071860.7978731664,True,34228056,reserved,6.2,37.9,3579.7411507743923,22742606.92246268,0.9988117050151764,33.95959797051599,5954610.747730452,259370.42474663598,1002.41,1
2026-09-13T21:57:54.639424+00:00,1789336674.6394243,F_lat_northeurope_rep1,r3-pub,F01,load,16,1,1000,6,99.5,2291552785,22050215,803481061306,60320,1789156079.537691,5966713.617,192964.18600000002,86633859,85002632,429179786,8034,21870,16055193,4835107917,11084516.363,788701.171,179/97B56000,179/97C173A8,1,1.000993251800537,6296748,6290499.949598783,5.999088239287169,4057,4052.974375903603,4054,4049.977352702294,0.0,0.0,6497993.855902745,0.0,streaming,179/97B53EE8,179/97B53EE8,179/97B53EE8,8472,8472,575064,8472,0.113070,0.113070,0.113070,-1566.4441265508626,True,40732504,reserved,2.5,37.9,0.0,14951932.965660349,0.0,23.976185610472385,6552150.0651504,238823.78784271414,1002.4,1
2026-09-13T21:57:55.640403+00:00,1789336675.6398559,F_lat_northeurope_rep1,r3-pub,F01,load,16,1,1000,6,99.5,2291577295,22050215,803487321815,60320,1789156079.537691,5966751.635,192964.18600000002,86637907,85002632,429183831,8034,21870,16055193,4835152514,11084516.363,788710.401,179/98212000,179/98212AD0,1,1.0004315376281738,6260509,6257808.520153647,5.9679112626587365,4048,4046.2538891936683,4045,4043.2551832481195,0.0,0.0,7058458.009771898,0.0,streaming,179/9817C7F8,179/980FFFE8,179/980FFFE8,612360,1122328,1460296,1122328,0.113070,0.113070,0.113070,1113375.5365616854,True,47794008,reserved,3.9,37.9,0.0,7074834.942509188,0.0,14.993529727743336,6704516.748744195,228561.36716971942,1002.4,1
2026-09-13T21:57:56.640509+00:00,1789336676.6405094,F_lat_northeurope_rep1,r3-pub,F01,load,16,1,1000,6,99.5,2291601961,22050216,803493636684,60320,1789156079.537691,5966778.8,192964.18600000002,86641977,85002632,429187898,8034,21870,16055193,4835197940,11084516.363,788719.777,179/98743890,179/9881E040,1,1.0006535053253174,6314869,6310744.894604656,6.018395323376327,4070,4067.3419703624813,4067,4064.343929598086,0.0,0.0,5442219.480587889,0.0,streaming,179/98741FE8,179/98741FE8,179/98741FE8,6312,6312,719736,6312,0.115026,0.115026,0.115026,-1115287.1539056646,True,53239784,reserved,4.6,37.9,0.0,13835438.46728353,0.0,16.988897664904712,5933103.685146097,252418.04346438983,1002.39,1
2026-09-13T21:57:57.641486+00:00,1789336677.6414862,F_lat_northeurope_rep1,r3-pub,F01,load,16,1,1000,6,99.5,2291626681,22050216,803499939073,60320,1789156079.537691,5966810.397,192964.18600000002,86646054,85002632,429191971,8034,21870,16055193,4835242669,11084516.363,788728.598,179/98D78000,179/98E233F0,1,1.000976800918579,6302389,6296238.82812909,6.004561260346499,4077,4073.021468887798,4073,4069.0253722786365,0.0,0.0,6500002.791302688,0.0,streaming,179/98D73FD8,179/98D73FD8,179/98D73F50,16424,16424,1087984,16560,0.113313,0.113313,0.113313,10237.99951267161,True,59746136,reserved,12.0,37.9,0.0,14931718.683474017,0.0,19.9804830458072,6563726.545880682,233606.81265081634,1002.39,1
2026-09-13T21:57:58.642041+00:00,1789336678.6420414,F_lat_northeurope_rep1,r3-pub,F01,load,16,1,1000,6,99.5,2291651379,22050216,803506255878,60320,1789156079.537691,5966850.708,192964.18600000002,86650121,85002632,429196036,8034,21870,16055193,4835287423,11084516.363,788737.135,179/99414000,179/9942C848,1,1.0005552768707275,6316805,6313299.370881371,6.0208314617933,4067,4064.7429422587106,4065,4062.74405219613,0.0,0.0,6926585.827097104,0.0,streaming,179/99411F38,179/99307FE8,179/99307A18,8392,1097752,2227216,1099240,0.113480,0.284902,0.113480,1082079.1464776644,True,66676568,reserved,2.3,37.9,0.0,6930679.55394527,0.0,15.991120500648973,6998394.953150299,205023.15538385176,1002.38,1
2026-09-13T21:57:59.642254+00:00,1789336679.6422544,F_lat_northeurope_rep1,r3-pub,F01,load,16,1,1000,6,99.5,2291676083,22050216,803512554202,60320,1789156079.537691,5966876.376999999,192964.18600000002,86654194,85002632,429200106,8034,21870,16055193,4835332722,11084516.363,788745.698,179/99942000,179/99A33E68,1,1.0002129077911377,6298324,6296983.323189829,6.005271266164616,4073,4072.133011155376,4070,4069.133649742789,0.0,0.0,5430139.880912386,0.0,streaming,179/9993FFF0,179/9993FFF0,179/9993F958,8208,8208,1262336,9896,0.113041,0.292233,0.113041,-1089112.1195443266,True,72107864,reserved,5.8,37.9,0.0,13968482.001351546,0.0,26.9942527132814,5493954.294326584,236904.56117317016,1002.38,1
2026-09-13T21:58:00.642346+00:00,1789336680.6423464,F_lat_northeurope_rep1,r3-pub,F01,load,16,1,1000,6,99.5,2291700839,22050216,803518883210,60320,1789156079.537691,5966907.398,192964.18600000002,86658268,85002632,429204177,8034,21870,16055193,4835377884,11084516.363,788753.873,179/99F80000,179/9A0425C8,3,1.0000920295715332,6329008,6328425.597703763,6.0352569558179505,4074,4073.6251060269055,4071,4070.625382090214,0.0,0.0,6544805.684337103,0.0,streaming,179/99F79D88,179/99F79D88,179/99F78628,25208,25208,808528,31192,0.112345,0.112345,0.112345,21294.04031859327,True,78653272,reserved,5.8,37.9,0.0,23320477.826417685,0.0,23.997791493531107,6576933.727607046,245371.4185734822,1002.37,1
2026-09-13T21:58:01.643733+00:00,1789336681.6437335,F_lat_northeurope_rep1,r3-pub,F01,load,16,1,1000,6,99.5,2291724591,22050216,803524956124,60320,1789156079.537691,5966939.892,192964.18600000002,86662363,85002632,429208090,8034,21870,16055193,4835421273,11084516.363,788761.533,179/9A4E0000,179/9A4E0418,1,1.001387119293213,6072914,6064501.812532112,5.783559620411026,4095,4089.3276147692854,3913,3907.5797207795395,0.0,0.0,5628288.891890283,0.0,streaming,179/9A4DFDD0,179/9A4DFDD0,179/9A4DFDD0,560,560,1276056,560,0.113178,0.285737,0.113178,-30589.568619197253,True,84289368,reserved,14.4,36.8,0.0,14025728.641200421,0.0,18.97368124068777,5711796.057489758,215013.7502786824,1002.37,1
2026-09-13T21:58:02.645441+00:00,1789336682.6454413,F_lat_northeurope_rep1,r3-pub,F01,drain,0,0,0,0,0,2291724591,22050216,803524956124,60320,1789156079.537691,5966941.433999999,192964.18600000002,86662368,85002632,429208090,8034,21870,16055193,4835421350,11084516.363,788761.533,179/9A4E0418,179/9A4E0418,1,1.0017077922821045,0,0.0,0.0,5,4.991475596499985,0,0.0,0.0,0.0,1046.2132850263968,0.0,streaming,179/9A4E0418,179/9A4E0418,179/9A4E0418,0,0,0,0,0.113178,0.285737,0.113178,-559.0452668079982,True,84290416,reserved,0.4,36.8,0.0,167649.6891547643,0.0,6.988065835099978,5697.270245845082,1052.2030557421967,1002.37,1
2026-09-13T21:58:03.645815+00:00,1789336683.6458151,F_lat_northeurope_rep1,r3-pub,F01,drain,0,0,0,0,0,2291724591,22050216,803524956124,60320,1789156079.537691,5966941.433999999,192964.18600000002,86662371,85002632,429208090,8034,21870,16055193,4835421350,11084516.363,788761.533,179/9A4E0418,179/9A4E0418,2,1.0003738403320312,0,0.0,0.0,3,2.9988788981170065,0,0.0,0.0,0.0,0.0,0.0,streaming,179/9A4E0418,179/9A4E0418,179/9A4E0418,0,0,0,0,0.113178,0.285737,0.113178,0.0,True,84290416,reserved,1.8,36.9,0.0,8692558.37109235,0.0,61.976830561084796,182.9316127851374,125.95291372091427,1002.37,1
2026-09-13T21:58:04.647195+00:00,1789336684.6471958,F_lat_northeurope_rep1,r3-pub,F01,drain,0,0,0,0,0,2291724940,22050216,803525090640,60320,1789156079.537691,5966944.096,192964.18600000002,86662380,85002632,429208141,8047,21921,16055193,4835452671,11084516.363,788761.533,179/9A500000,179/9A5016A8,1,1.0013806819915771,134516,134330.53225319902,0.1281075785190573,9,8.98759099496559,51,50.92968230480501,12.982075881616963,50.92968230480501,129844.72572548954,0.0,streaming,179/9A4FFD90,179/9A4FFD90,179/9A4FFD90,624,624,624,624,0.113178,0.285737,0.113178,623.1396423176143,True,84420440,reserved,8.0,36.7,0.0,8536565.71744401,0.0,12.982075881616963,1590.8036061089094,686.0527792823734,1002.37,1
2026-09-13T21:58:05.648470+00:00,1789336685.6484706,F_lat_northeurope_rep1,r3-pub,F01,drain,0,0,0,0,0,2291724940,22050216,803525090640,60320,1789156079.537691,5966945.455,192964.18600000002,86662383,85002632,429208141,8047,21921,16055193,4835452671,11084516.363,788761.533,179/9A5016A8,179/9A5016A8,1,1.001274824142456,0,0.0,0.0,3,2.996180396894885,0,0.0,0.0,0.0,5792.615433996777,0.0,streaming,179/9A5016A8,179/9A5016A8,179/9A5016A8,0,0,0,0,0.094673,0.094673,0.094673,-623.205522554136,True,84426240,reserved,0.6,36.7,0.0,8443380.175108837,0.0,17.97708238136931,1561.009986782235,635.1902441417155,1002.37,1
2026-09-13T21:58:06.649598+00:00,1789336686.6495988,F_lat_northeurope_rep1,r3-pub,F01,drain,0,0,0,0,0,2291724940,22050216,803525090640,60320,1789156079.537691,5966945.455,192964.18600000002,86662386,85002632,429208141,8047,21921,16055193,4835452671,11084516.363,788761.533,179/9A5016A8,179/9A5016A8,1,1.0011281967163086,0,0.0,0.0,3,2.9966192240314204,0,0.0,0.0,0.0,0.0,0.0,streaming,179/9A5016A8,179/9A5016A8,179/9A5016A8,0,0,0,0,0.094673,0.094673,0.094673,0.0,True,84426240,reserved,0.0,36.7,0.0,0.0,0.0,0.0,212.75996490623086,176.80053421785382,1002.37,1
2026-09-13T21:58:07.650828+00:00,1789336687.6508281,F_lat_northeurope_rep1,r3-pub,F01,drain,0,0,0,0,0,2291724940,22050216,803525090640,60320,1789156079.537691,5966945.455,192964.18600000002,86662389,85002632,429208141,8047,21921,16055193,4835452671,11084516.363,788761.533,179/9A5016A8,179/9A5016A8,1,1.0012292861938477,0,0.0,0.0,3,2.9963166692860512,0,0.0,0.0,0.0,0.0,0.0,streaming,179/9A5016A8,179/9A5016A8,179/9A5016A8,0,0,0,0,0.094673,0.094673,0.094673,0.0,True,84426240,reserved,0.4,36.7,0.0,8382399.63186124,0.0,9.987722230953503,1642.9803069918514,719.1160006286523,1002.37,1
2026-09-13T21:58:08.651949+00:00,1789336688.6519496,F_lat_northeurope_rep1,r3-pub,F01,drain,0,0,0,0,0,2291724940,22050216,803525090640,60320,1789156079.537691,5966945.455,192964.18600000002,86662392,85002632,429208141,8047,21921,16055193,4835452671,11084516.363,788761.533,179/9A5016A8,179/9A5016A8,1,1.0011215209960938,0,0.0,0.0,3,2.996639206212515,0,0.0,0.0,0.0,0.0,0.0,streaming,179/9A5016A8,179/9A5016A8,179/9A5016A8,0,0,0,0,0.094673,0.094673,0.094673,0.0,True,84426240,reserved,0.0,36.7,0.0,4091.411396215487,0.0,0.9988797354041716,3773.7676403569603,16387.62093904084,1002.37,1
2026-09-13T21:58:09.652986+00:00,1789336689.6529865,F_lat_northeurope_rep1,r3-pub,F01,drain,0,0,0,0,0,2291724940,22050216,803525090640,60320,1789156079.537691,5966945.455,192964.18600000002,86662395,85002632,429208141,8047,21921,16055193,4835452671,11084516.363,788761.533,179/9A5016A8,179/9A5016A8,1,1.0010368824005127,0,0.0,0.0,3,2.9968925748329287,0,0.0,0.0,0.0,0.0,0.0,streaming,179/9A5016A8,179/9A5016A8,179/9A5016A8,0,0,0,0,0.094673,0.094673,0.094673,0.0,True,84426240,reserved,0.6,36.7,0.0,9942970.309077697,0.0,21.977212215441476,913.0532711324322,422.56185305144294,1002.37,1
2026-09-13T21:58:10.653422+00:00,1789336690.6534226,F_lat_northeurope_rep1,r3-pub,F01,drain,0,0,0,0,0,2291724940,22050216,803525090640,60320,1789156079.537691,5966945.455,192964.18600000002,86662398,85002632,429208141,8047,21921,16055193,4835452671,11084516.363,788761.533,179/9A5016A8,179/9A5016A8,1,1.0004360675811768,0,0.0,0.0,3,2.998692367472623,0,0.0,0.0,0.0,0.0,0.0,streaming,179/9A5016A8,179/9A5016A8,179/9A5016A8,0,0,0,0,0.094673,0.094673,0.094673,0.0,True,84426240,reserved,0.2,36.7,0.0,0.0,0.0,0.0,1461.3627470816582,593.7410887595794,1002.37,1
2026-09-13T21:58:11.654071+00:00,1789336691.654071,F_lat_northeurope_rep1,r3-pub,F01,drain,0,0,0,0,0,2291724940,22050216,803525090640,60320,1789156079.537691,5966945.455,192964.18600000002,86662401,85002632,429208141,8047,21921,16055193,4835452671,11084516.363,788761.533,179/9A5016A8,179/9A5016A8,1,1.0006484985351562,0,0.0,0.0,3,2.998055765227933,0,0.0,0.0,0.0,0.0,0.0,streaming,179/9A5016A8,179/9A5016A8,179/9A5016A8,0,0,0,0,0.094673,0.094673,0.094673,0.0,True,84426240,reserved,0.4,36.6,0.0,8383171.52554572,0.0,5.996111530455866,1351.123798196055,2900.1192768971537,1002.37,1
