sample_time,epoch,run_id,host,level_id,phase_state,clients,rows_per_commit,row_bytes,target_wal_mbps,network_latency_ms,wal_records,wal_fpi,wal_bytes,wal_buffers_full,wal_stats_reset,wal_write_time_ms,wal_sync_time_ms,xact_commit,xact_rollback,tup_inserted,tup_updated,tup_deleted,blks_read,blks_hit,blk_read_time_ms,blk_write_time_ms,current_wal_lsn,insert_lsn,active_backends,interval_sec,wal_bytes_delta,wal_bytes_per_sec,wal_mb_per_sec,commits_delta,commits_per_sec,rows_inserted_delta,rows_inserted_per_sec,rows_updated_per_sec,rows_deleted_per_sec,lsn_bytes_per_sec,wal_sync_time_delta_ms,repl_state,sent_lsn,write_lsn,replay_lsn,send_lag_bytes,write_lag_bytes,flush_lag_bytes,replay_lag_bytes,write_lag_sec,flush_lag_sec,replay_lag_sec,d_replay_lag_bytes_per_sec,slot_active,retained_wal_bytes,wal_status,cpu_pct,mem_used_pct,disk_read_bytes_per_sec,disk_write_bytes_per_sec,disk_read_iops,disk_write_iops,net_sent_bytes_per_sec,net_recv_bytes_per_sec,data_volume_free_gb,db_connected
2026-09-13T22:04:58.969042+00:00,1789337098.9680417,F_lat_northeurope_rep3,r3-pub,idle,idle,0,0,0,0,0,2300759168,22050298,805794111994,60320,1789156079.537691,5979932.504000001,192964.18600000002,88116476,85002632,430660608,8132,22227,16055198,4852018060,11084516.447,792057.875,17A/224DBE28,17A/224DBE28,1,1.0009303092956543,0,0.0,0.0,205,204.80946385194056,0,0.0,0.0,0.0,55.947951101017914,0.0,streaming,17A/224DBE28,17A/224DBDF0,17A/224DBDF0,0,56,56,56,0.113857,0.113857,0.113857,55.947951101017914,True,56,reserved,1.2,36.5,0.0,315098.86060093285,0.0,29.972116661259594,5512.871324561015,1003.0668375968211,1002.35,1
2026-09-13T22:04:59.968194+00:00,1789337099.9681947,F_lat_northeurope_rep3,r3-pub,idle,idle,0,0,0,0,0,2300759168,22050298,805794111994,60320,1789156079.537691,5979932.504000001,192964.18600000002,88116479,85002632,430660608,8132,22227,16055198,4852018060,11084516.447,792057.875,17A/224DBE28,17A/224DBE28,1,1.0001530647277832,0,0.0,0.0,3,2.9995408760923263,0,0.0,0.0,0.0,0.0,0.0,streaming,17A/224DBE28,17A/224DBE28,17A/224DBE28,0,0,0,0,0.113857,0.113857,0.113857,-55.99142968705676,True,56,reserved,6.2,36.6,0.0,65525.970285195566,0.0,8.99862262827698,3104.5248067555576,594.908940424978,1002.35,1
2026-09-13T22:05:00.969672+00:00,1789337100.9696727,F_lat_northeurope_rep3,r3-pub,idle,idle,0,0,0,0,0,2300759168,22050298,805794111994,60320,1789156079.537691,5979932.504000001,192964.18600000002,88116484,85002632,430660608,8132,22227,16055198,4852018060,11084516.447,792057.875,17A/224DBE28,17A/224DBE28,1,1.0014779567718506,0,0.0,0.0,5,4.9926211218037455,0,0.0,0.0,0.0,0.0,0.0,streaming,17A/224DBE28,17A/224DBE28,17A/224DBE28,0,0,0,0,0.113857,0.113857,0.113857,0.0,True,56,reserved,2.0,36.6,12269.865668944885,110428.79102050397,2.9955726730822474,13.979339141050488,7665.670470417472,37110.15279836724,1002.35,1
2026-09-13T22:05:01.970808+00:00,1789337101.9708085,F_lat_northeurope_rep3,r3-pub,idle,idle,0,0,0,0,0,2300759168,22050298,805794111994,60320,1789156079.537691,5979932.504000001,192964.18600000002,88116487,85002632,430660608,8132,22227,16055198,4852018115,11084516.447,792057.875,17A/224DBE28,17A/224DBE28,1,1.0011358261108398,0,0.0,0.0,3,2.996596387579339,0,0.0,0.0,0.0,0.0,0.0,streaming,17A/224DBE28,17A/224DBE28,17A/224DBE28,0,0,0,0,0.113857,0.113857,0.113857,0.0,True,56,reserved,3.1,36.7,0.0,4717329.933488098,0.0,24.97163656316116,3239.3206949732653,725.1763257942,1002.35,1
2026-09-13T22:05:02.971800+00:00,1789337102.9718008,F_lat_northeurope_rep3,r3-pub,idle,idle,0,0,0,0,0,2300759168,22050298,805794111994,60320,1789156079.537691,5979932.504000001,192964.18600000002,88116495,85002632,430660608,8132,22227,16055198,4852018907,11084516.447,792057.875,17A/224DBE28,17A/224DBE28,1,1.0009922981262207,0,0.0,0.0,8,7.992069484425978,0,0.0,0.0,0.0,0.0,0.0,streaming,17A/224DBE28,17A/224DBE28,17A/224DBE28,0,0,0,0,0.113857,0.113857,0.113857,0.0,True,56,reserved,6.8,36.8,61379.09364039151,0.0,1.9980173711064946,0.0,3557.4699292551136,1905.1095633500427,1002.35,1
2026-09-13T22:05:03.973425+00:00,1789337103.9734251,F_lat_northeurope_rep3,r3-pub,F01,reset,16,1,1000,6,99.5,2300759168,22050298,805794111994,60320,1789156079.537691,5979932.504000001,192964.18600000002,88116498,85002632,430660608,8132,22227,16055198,4852018907,11084516.447,792057.875,17A/224DD668,17A/224DD668,2,1.001624345779419,0,0.0,0.0,3,2.9951348653227226,0,0.0,0.0,0.0,6197.932414641154,0.0,streaming,17A/224DD668,17A/224DBE28,17A/224DBE28,0,6208,6208,6208,0.113857,0.113857,0.113857,6197.932414641154,True,6264,reserved,7.4,36.8,4600.527153135702,8539089.565903544,1.996756576881815,8.985404595968168,4450.770409869566,2998.1300001880454,1002.35,1
2026-09-13T22:05:04.974434+00:00,1789337104.9744349,F_lat_northeurope_rep3,r3-pub,F01,drain,0,0,0,0,0,2300759321,22050305,805794140792,60320,1789156079.537691,5979938.047,192964.18600000002,88116517,85002632,430660608,8139,22227,16055202,4852021040,11084516.559,792057.875,17A/224E32C8,17A/224E32C8,1,1.0010097026824951,28798,28768.951912081797,0.027436210548478886,19,18.98083499998452,0,0.0,6.992939210520612,0.0,23624.146635770205,0.0,streaming,17A/224E32C8,17A/224E32C8,17A/224E32C8,0,0,0,0,0.339910,0.339910,0.339910,-6201.738088415994,True,29912,reserved,21.7,36.8,118664.18445464005,8597015.570317198,3.9959652631546354,5.993947894731953,2860.1121371029303,1494.4910084198336,1004.28,1
2026-09-13T22:05:05.975415+00:00,1789337105.9754152,F_lat_northeurope_rep3,r3-pub,F01,drain,0,0,0,0,0,2300759324,22050305,805794141218,60320,1789156079.537691,5979938.047,192964.18600000002,88116527,85002632,430660608,8139,22227,16055203,4852021525,11084516.6,792057.875,17A/224E32C8,17A/224E32C8,1,1.0009803771972656,426,425.58276835835227,0.00040586735568843104,10,9.99020583000827,0,0.0,0.0,0.0,0.0,0.0,streaming,17A/224E32C8,17A/224E32C8,17A/224E32C8,0,0,0,0,0.339910,0.339910,0.339910,0.0,True,29912,reserved,2.2,36.7,0.0,5041329.595420749,0.0,106.89520238108848,3596447.125247236,55130.950872900634,1004.28,1
2026-09-13T22:05:06.975708+00:00,1789337106.9757085,F_lat_northeurope_rep3,r3-pub,F01,drain,0,0,0,0,0,2300759324,22050305,805794141218,60320,1789156079.537691,5979938.047,192964.18600000002,88116530,85002632,430660608,8139,22227,16055203,4852021525,11084516.6,792057.875,17A/224E32C8,17A/224E32C8,1,1.000293254852295,0,0.0,0.0,3,2.999120493362704,0,0.0,0.0,0.0,0.0,0.0,streaming,17A/224E32C8,17A/224E32C8,17A/224E32C8,0,0,0,0,0.339910,0.339910,0.339910,0.0,True,29912,reserved,0.0,36.7,0.0,0.0,0.0,0.0,183.94605692624586,183.94605692624586,1004.28,1
2026-09-13T22:05:07.976850+00:00,1789337107.9768503,F_lat_northeurope_rep3,r3-pub,F01,drain,0,0,0,0,0,2300759324,22050305,805794141218,60320,1789156079.537691,5979938.047,192964.18600000002,88116533,85002632,430660608,8139,22227,16055203,4852021525,11084516.6,792057.875,17A/224E32C8,17A/224E32C8,1,1.0011417865753174,0,0.0,0.0,3,2.99657854684333,0,0.0,0.0,0.0,0.0,0.0,streaming,17A/224E32C8,17A/224E32C8,17A/224E32C8,0,0,0,0,0.339910,0.339910,0.339910,0.0,True,29912,reserved,0.8,36.7,0.0,5793321.263554772,0.0,24.971487890361086,3149.40405273234,811.073926678928,1004.28,1
2026-09-13T22:05:08.977857+00:00,1789337108.9778576,F_lat_northeurope_rep3,r3-pub,F01,drain,0,0,0,0,0,2300759324,22050305,805794141218,60320,1789156079.537691,5979938.047,192964.18600000002,88116536,85002632,430660608,8139,22227,16055203,4852021525,11084516.6,792057.875,17A/224E32C8,17A/224E32C8,1,1.001007318496704,0,0.0,0.0,3,2.9969810855182852,0,0.0,0.0,0.0,0.0,0.0,streaming,17A/224E32C8,17A/224E32C8,17A/224E32C8,0,0,0,0,0.339910,0.339910,0.339910,0.0,True,29912,reserved,0.2,36.7,0.0,343717.7667359211,0.0,39.95974780691047,6010.945063854507,16718.159488716166,1004.28,1
2026-09-13T22:05:09.979417+00:00,1789337109.9793262,F_lat_northeurope_rep3,r3-pub,F01,drain,0,0,0,0,0,2300759324,22050305,805794141218,60320,1789156079.537691,5979938.047,192964.18600000002,88116539,85002632,430660608,8139,22227,16055203,4852021525,11084516.6,792057.875,17A/224E32C8,17A/224E32C8,1,1.0014686584472656,0,0.0,0.0,3,2.995600486041542,0,0.0,0.0,0.0,0.0,0.0,streaming,17A/224E32C8,17A/224E32C8,17A/224E32C8,0,0,0,0,0.339910,0.339910,0.339910,0.0,True,29912,reserved,1.6,36.7,0.0,0.0,0.0,0.0,505.2579486456734,594.1274297315725,1004.28,1
2026-09-13T22:05:10.980058+00:00,1789337110.9800587,F_lat_northeurope_rep3,r3-pub,F01,drain,0,0,0,0,0,2300759324,22050305,805794141218,60320,1789156079.537691,5979938.047,192964.18600000002,88116542,85002632,430660608,8139,22227,16055203,4852021525,11084516.6,792057.875,17A/224E32C8,17A/224E32C8,1,1.000732421875,0,0.0,0.0,3,2.9978043425225667,0,0.0,0.0,0.0,0.0,0.0,streaming,17A/224E32C8,17A/224E32C8,17A/224E32C8,0,0,0,0,0.339910,0.339910,0.339910,0.0,True,29912,reserved,0.4,36.7,0.0,1088738.584044889,0.0,6.9948767992193215,2967.826299097341,685.4979263234935,1004.28,1
2026-09-13T22:05:11.981558+00:00,1789337111.981558,F_lat_northeurope_rep3,r3-pub,F01,drain,0,0,0,0,0,2300759324,22050305,805794141218,60320,1789156079.537691,5979938.047,192964.18600000002,88116545,85002632,430660608,8139,22227,16055203,4852021525,11084516.6,792057.875,17A/224E32C8,17A/224E32C8,1,1.0014994144439697,0,0.0,0.0,3,2.995508491301109,0,0.0,0.0,0.0,0.0,0.0,streaming,17A/224E32C8,17A/224E32C8,17A/224E32C8,0,0,0,0,0.339910,0.339910,0.339910,0.0,True,29912,reserved,0.8,36.7,0.0,61348.013901846716,0.0,8.986525473903328,3372.942561205049,3109.3378139705515,1004.28,1
2026-09-13T22:05:12.981659+00:00,1789337112.98166,F_lat_northeurope_rep3,r3-pub,F01,drain,0,0,0,0,0,2300759324,22050305,805794141218,60320,1789156079.537691,5979938.047,192964.18600000002,88116548,85002632,430660608,8139,22227,16055203,4852021525,11084516.6,792057.875,17A/224E32C8,17A/224E32C8,1,1.0001018047332764,0,0.0,0.0,3,2.999694616889617,0,0.0,0.0,0.0,0.0,0.0,streaming,17A/224E32C8,17A/224E32C8,17A/224E32C8,0,0,0,0,0.339910,0.339910,0.339910,0.0,True,29912,reserved,12.2,36.7,0.0,24573.498301559743,0.0,3.999592822519489,15057.467078580248,5294.460998810174,1004.28,1
2026-09-13T22:05:13.983084+00:00,1789337113.9820848,F_lat_northeurope_rep3,r3-pub,F01,drain,0,0,0,0,0,2300759324,22050305,805794141218,60320,1789156079.537691,5979938.047,192964.18600000002,88116551,85002632,430660608,8139,22227,16055203,4852021525,11084516.6,792057.875,17A/224E32C8,17A/224E32C8,1,1.000424861907959,0,0.0,0.0,3,2.998725955569071,0,0.0,0.0,0.0,0.0,0.0,streaming,17A/224E32C8,17A/224E32C8,17A/224E32C8,0,0,0,0,0.339910,0.339910,0.339910,0.0,True,29912,reserved,17.5,36.7,225184.32775686675,159676.15968214188,7.996602548184189,10.99532850375326,3059.7000499989754,719.694229336577,1004.28,1
2026-09-13T22:05:14.982949+00:00,1789337114.98295,F_lat_northeurope_rep3,r3-pub,F01,drain,0,0,0,0,0,2300759324,22050305,805794141218,60320,1789156079.537691,5979938.047,192964.18600000002,88116554,85002632,430660608,8139,22227,16055203,4852021525,11084516.6,792057.875,17A/224E32C8,17A/224E32C8,1,1.0008652210235596,0,0.0,0.0,3,2.9974065808101273,0,0.0,0.0,0.0,0.0,0.0,streaming,17A/224E32C8,17A/224E32C8,17A/224E32C8,0,0,0,0,,,,0.0,True,29912,reserved,0.6,36.7,0.0,110496.39619498453,0.0,8.992219742430382,1840.407640617418,594.485638527342,1004.28,1
2026-09-13T22:05:15.983204+00:00,1789337115.9832046,F_lat_northeurope_rep3,r3-pub,F01,drain,0,0,0,0,0,2300759324,22050305,805794141218,60320,1789156079.537691,5979939.677999999,192964.18600000002,88116554,85002632,430660608,8139,22227,16055203,4852021525,11084516.6,792057.875,17A/224E3300,17A/224E3300,1,1.0002546310424805,0,0.0,0.0,0,0.0,0,0.0,0.0,0.0,55.985744291566995,0.0,streaming,17A/224E3300,17A/224E3300,17A/224E3300,0,0,0,0,,,,0.0,True,56,reserved,0.8,36.7,0.0,139228.5480896569,0.0,24.99363584444955,4740.7928469751905,717.8172214525911,1004.28,1
2026-09-13T22:05:16.983441+00:00,1789337116.9834418,F_lat_northeurope_rep3,r3-pub,F01,drain,0,0,0,0,0,2300759324,22050305,805794141218,60320,1789156079.537691,5979939.677999999,192964.18600000002,88116560,85002632,430660608,8139,22227,16055203,4852021525,11084516.6,792057.875,17A/224E3300,17A/224E3300,1,1.000237226486206,0,0.0,0.0,6,5.998576978661116,0,0.0,0.0,0.0,0.0,0.0,streaming,17A/224E3300,17A/224E3300,17A/224E3300,0,0,0,0,,,,0.0,True,56,reserved,0.2,36.7,0.0,196561.37043676744,0.0,5.998576978661116,3790.1008876840483,1525.6380782394772,1004.28,1
2026-09-13T22:05:17.984579+00:00,1789337117.9845798,F_lat_northeurope_rep3,r3-pub,F01,drain,0,0,0,0,0,2300759324,22050305,805794141218,60320,1789156079.537691,5979939.677999999,192964.18600000002,88116563,85002632,430660608,8139,22227,16055203,4852021525,11084516.6,792057.875,17A/224E3300,17A/224E3300,1,1.0011379718780518,0,0.0,0.0,3,2.9965899648899033,0,0.0,0.0,0.0,0.0,0.0,streaming,17A/224E3300,17A/224E3300,17A/224E3300,0,0,0,0,,,,0.0,True,56,reserved,0.4,36.7,0.0,0.0,0.0,0.0,1640.133574116407,528.3986971422529,1004.28,1
2026-09-13T22:05:18.985480+00:00,1789337118.9854803,F_lat_northeurope_rep3,r3-pub,F01,drain,0,0,0,0,0,2300759324,22050305,805794141218,60320,1789156079.537691,5979939.677999999,192964.18600000002,88116566,85002632,430660608,8139,22227,16055203,4852021525,11084516.6,792057.875,17A/224E3300,17A/224E3300,1,1.0009005069732666,0,0.0,0.0,3,2.9973009096299,0,0.0,0.0,0.0,0.0,0.0,streaming,17A/224E3300,17A/224E3300,17A/224E3300,0,0,0,0,,,,0.0,True,56,reserved,0.0,36.7,5115.393552435029,106400.1858906486,0.9991003032099667,7.992802425679733,2366.868618304411,1422.7188317709924,1004.28,1
2026-09-13T22:05:19.985688+00:00,1789337119.985689,F_lat_northeurope_rep3,r3-pub,F01,drain,0,0,0,0,0,2300759324,22050305,805794141218,60320,1789156079.537691,5979939.677999999,192964.18600000002,88116569,85002632,430660608,8139,22227,16055203,4852021525,11084516.6,792057.875,17A/224E3300,17A/224E3300,1,1.0002086162567139,0,0.0,0.0,3,2.9993742817648545,0,0.0,0.0,0.0,0.0,0.0,streaming,17A/224E3300,17A/224E3300,17A/224E3300,0,0,0,0,,,,0.0,True,56,reserved,0.8,36.7,0.0,180186.41018559638,0.0,9.997914272549515,3198.3327757885895,770.8391904135676,1004.28,1
2026-09-13T22:05:20.986136+00:00,1789337120.986137,F_lat_northeurope_rep3,r3-pub,F01,drain,0,0,0,0,0,2300759324,22050305,805794141218,60320,1789156079.537691,5979939.677999999,192964.18600000002,88116572,85002632,430660608,8139,22227,16055203,4852021525,11084516.6,792057.875,17A/224E3300,17A/224E3300,1,1.0004479885101318,0,0.0,0.0,3,2.9986566362811153,0,0.0,0.0,0.0,0.0,0.0,streaming,17A/224E3300,17A/224E3300,17A/224E3300,0,0,0,0,,,,0.0,True,56,reserved,4.7,36.7,0.0,16376.663442943265,0.0,1.9991044241874103,1621.2736880159898,482.78371844125957,1004.28,1
2026-09-13T22:05:21.987283+00:00,1789337121.987284,F_lat_northeurope_rep3,r3-pub,F01,drain,0,0,0,0,0,2300759324,22050305,805794141218,60320,1789156079.537691,5979939.677999999,192964.18600000002,88116575,85002632,430660608,8139,22227,16055203,4852021525,11084516.6,792057.875,17A/224E3300,17A/224E3300,1,1.0011470317840576,0,0.0,0.0,3,2.996562847171368,0,0.0,0.0,0.0,0.0,0.0,streaming,17A/224E3300,17A/224E3300,17A/224E3300,0,0,0,0,,,,0.0,True,56,reserved,1.4,36.7,0.0,0.0,0.0,0.0,324.6276417768982,210.75825358438624,1004.28,1
2026-09-13T22:05:22.987614+00:00,1789337122.9876146,F_lat_northeurope_rep3,r3-pub,F01,drain,0,0,0,0,0,2300759324,22050305,805794141218,60320,1789156079.537691,5979939.677999999,192964.18600000002,88116578,85002632,430660608,8139,22227,16055203,4852021525,11084516.6,792057.875,17A/224E3300,17A/224E3300,1,1.0003306865692139,0,0.0,0.0,3,2.9990082682447303,0,0.0,0.0,0.0,0.0,0.0,streaming,17A/224E3300,17A/224E3300,17A/224E3300,0,0,0,0,,,,0.0,True,56,reserved,0.0,36.7,0.0,327571.6764461444,0.0,59.9801653648946,3059.988103032373,719.7619843787352,1004.28,1
2026-09-13T22:05:23.988754+00:00,1789337123.9887543,F_lat_northeurope_rep3,r3-pub,F01,drain,0,0,0,0,0,2300759324,22050305,805794141218,60320,1789156079.537691,5979939.677999999,192964.18600000002,88116581,85002632,430660608,8139,22227,16055203,4852021525,11084516.6,792057.875,17A/224E3300,17A/224E3300,1,1.0011396408081055,0,0.0,0.0,3,2.9965849694838207,0,0.0,0.0,0.0,0.0,0.0,streaming,17A/224E3300,17A/224E3300,17A/224E3300,0,0,0,0,,,,0.0,True,56,reserved,0.8,36.7,0.0,32730.69876001528,0.0,3.9954466259784276,5918.255314730546,16683.98624842942,1004.28,1
2026-09-13T22:05:24.989906+00:00,1789337124.989907,F_lat_northeurope_rep3,r3-pub,F01,drain,0,0,0,0,0,2300759324,22050305,805794141218,60320,1789156079.537691,5979939.677999999,192964.18600000002,88116584,85002632,430660608,8139,22227,16055203,4852021525,11084516.6,792057.875,17A/224E3300,17A/224E3300,1,1.001152753829956,0,0.0,0.0,3,2.9965457204441197,0,0.0,0.0,0.0,0.0,0.0,streaming,17A/224E3300,17A/224E3300,17A/224E3300,0,0,0,0,,,,0.0,True,56,reserved,0.0,36.7,0.0,1108737.8981415,0.0,5.993091440888239,182.7892889470913,125.85492025865302,1004.28,1
2026-09-13T22:05:25.990117+00:00,1789337125.9901175,F_lat_northeurope_rep3,r3-pub,F01,drain,0,0,0,0,0,2300759325,22050305,805794141268,60320,1789156079.537691,5979939.677999999,192964.18600000002,88116587,85002632,430660608,8139,22227,16055203,4852021525,11084516.6,792057.875,17A/224E3300,17A/224E3300,1,1.0002105236053467,50,49.989476035275665,4.7673679385448136e-05,3,2.9993685621165396,0,0.0,0.0,0.0,0.0,0.0,streaming,17A/224E3300,17A/224E3300,17A/224E3300,0,0,0,0,,,,0.0,True,56,reserved,0.4,36.7,0.0,57331.93027533695,0.0,9.997895207055132,2931.382874708565,626.8680294823569,1004.28,1
2026-09-13T22:05:26.991287+00:00,1789337126.9912872,F_lat_northeurope_rep3,r3-pub,F01,drain,0,0,0,0,0,2300759325,22050305,805794141268,60320,1789156079.537691,5979939.677999999,192964.18600000002,88116590,85002632,430660608,8139,22227,16055203,4852021525,11084516.6,792057.875,17A/224E3300,17A/224E3300,1,1.0011696815490723,0,0.0,0.0,3,2.996495055022254,0,0.0,0.0,0.0,0.0,0.0,streaming,17A/224E3300,17A/224E3300,17A/224E3300,0,0,0,0,,,,0.0,True,56,reserved,0.0,36.7,0.0,28638.50207253269,0.0,3.995326740029672,3610.7765413018165,3456.9564618106738,1004.28,1
2026-09-13T22:05:27.991482+00:00,1789337127.991482,F_lat_northeurope_rep3,r3-pub,F01,drain,0,0,0,0,0,2300759325,22050305,805794141268,60320,1789156079.537691,5979939.677999999,192964.18600000002,88116593,85002632,430660608,8139,22227,16055203,4852021525,11084516.6,792057.875,17A/224E3300,17A/224E3300,1,1.000194787979126,0,0.0,0.0,3,2.9994157498675245,0,0.0,0.0,0.0,0.0,0.0,streaming,17A/224E3300,17A/224E3300,17A/224E3300,0,0,0,0,,,,0.0,True,56,reserved,0.4,36.7,0.0,69618.43916492516,0.0,5.998831499735049,0.0,0.0,1004.28,1
2026-09-13T22:05:28.992163+00:00,1789337128.9921637,F_lat_northeurope_rep3,r3-pub,F01,drain,0,0,0,0,0,2300759325,22050305,805794141268,60320,1789156079.537691,5979939.677999999,192964.18600000002,88116596,85002632,430660608,8139,22227,16055203,4852021525,11084516.6,792057.875,17A/224E3300,17A/224E3300,1,1.0006816387176514,0,0.0,0.0,3,2.997956476791585,0,0.0,0.0,0.0,0.0,0.0,streaming,17A/224E3300,17A/224E3300,17A/224E3300,0,0,0,0,,,,0.0,True,56,reserved,0.2,36.7,0.0,0.0,0.0,0.0,1620.8951351186504,422.7118632276135,1004.28,1
2026-09-13T22:05:29.992766+00:00,1789337129.9927666,F_lat_northeurope_rep3,r3-pub,F01,drain,0,0,0,0,0,2300759325,22050305,805794141268,60320,1789156079.537691,5979939.677999999,192964.18600000002,88116599,85002632,430660608,8139,22227,16055203,4852021525,11084516.6,792057.875,17A/224E3300,17A/224E3300,1,1.0006029605865479,0,0.0,0.0,3,2.9981922082675196,0,0.0,0.0,0.0,0.0,0.0,streaming,17A/224E3300,17A/224E3300,17A/224E3300,0,0,0,0,,,,0.0,True,56,reserved,0.6,36.7,0.0,94151.23051882217,0.0,15.99035844409344,4314.398587696961,890.4630858554534,1004.28,1
2026-09-13T22:05:30.993150+00:00,1789337130.993151,F_lat_northeurope_rep3,r3-pub,F01,drain,0,0,0,0,0,2300759325,22050305,805794141268,60320,1789156079.537691,5979939.677999999,192964.18600000002,88116602,85002632,430660608,8139,22227,16055203,4852021525,11084516.6,792057.875,17A/224E3300,17A/224E3300,1,1.0003843307495117,0,0.0,0.0,3,2.9988474507115965,0,0.0,0.0,0.0,0.0,0.0,streaming,17A/224E3300,17A/224E3300,17A/224E3300,0,0,0,0,,,,0.0,True,56,reserved,0.0,36.7,0.0,16377.705544152934,0.0,3.9984632676154623,3353.711065712469,453.82558087435496,1004.28,1
2026-09-13T22:05:31.993933+00:00,1789337131.9939332,F_lat_northeurope_rep3,r3-pub,F01,drain,0,0,0,0,0,2300759325,22050305,805794141268,60320,1789156079.537691,5979939.677999999,192964.18600000002,88116605,85002632,430660608,8139,22227,16055203,4852021525,11084516.6,792057.875,17A/224E3300,17A/224E3300,1,1.0007822513580322,0,0.0,0.0,3,2.997655080242568,0,0.0,0.0,0.0,0.0,0.0,streaming,17A/224E3300,17A/224E3300,17A/224E3300,0,0,0,0,,,,0.0,True,56,reserved,0.8,36.7,0.0,0.0,0.0,0.0,1437.8752201563518,296.76785294401424,1004.28,1
2026-09-13T22:05:32.995340+00:00,1789337132.9953408,F_lat_northeurope_rep3,r3-pub,F01,drain,0,0,0,0,0,2300759325,22050305,805794141268,60320,1789156079.537691,5979939.677999999,192964.18600000002,88116608,85002632,430660608,8139,22227,16055203,4852021525,11084516.6,792057.875,17A/224E3300,17A/224E3300,1,1.0014076232910156,0,0.0,0.0,3,2.9957830659814944,0,0.0,0.0,0.0,0.0,0.0,streaming,17A/224E3300,17A/224E3300,17A/224E3300,0,0,0,0,,,,0.0,True,56,reserved,0.4,36.7,0.0,73624.3646295612,0.0,4.992971776635824,4493.674598972241,1015.5704593677266,1004.28,1
2026-09-13T22:05:33.996449+00:00,1789337133.9964492,F_lat_northeurope_rep3,r3-pub,F01,drain,0,0,0,0,0,2300759325,22050305,805794141268,60320,1789156079.537691,5979939.677999999,192964.18600000002,88116611,85002632,430660608,8139,22227,16055203,4852021525,11084516.6,792057.875,17A/224E3300,17A/224E3300,1,1.0011084079742432,0,0.0,0.0,3,2.996678457701241,0,0.0,0.0,0.0,0.0,0.0,streaming,17A/224E3300,17A/224E3300,17A/224E3300,0,0,0,0,,,,0.0,True,56,reserved,1.0,36.7,0.0,135018.34459018713,0.0,7.9911425538699765,0.0,0.0,1004.28,1
2026-09-13T22:05:34.998344+00:00,1789337134.9983447,F_lat_northeurope_rep3,r3-pub,F01,load,16,1,1000,6,99.5,2300759325,22050305,805794141268,60320,1789156079.537691,5979939.677999999,192964.18600000002,88116634,85002632,430660608,8139,22227,16055203,4852021543,11084516.6,792057.875,17A/224E3300,17A/224E3300,1,1.0018954277038574,0,0.0,0.0,23,22.956487637348907,0,0.0,0.0,0.0,0.0,0.0,streaming,17A/224E3300,17A/224E3300,17A/224E3300,0,0,0,0,,,,0.0,True,56,reserved,2.1,36.7,0.0,20441.255078821985,0.0,2.994324474436814,2434.38579771713,1512.133859590591,1004.28,1
2026-09-13T22:05:35.998656+00:00,1789337135.9986565,F_lat_northeurope_rep3,r3-pub,F01,load,16,1,1000,6,99.5,2300759326,22050305,805794141326,60320,1789156079.537691,5979958.893999999,192964.18600000002,88116658,85002632,430660608,8139,22227,16055203,4852022213,11084516.6,792057.875,17A/2279FFD0,17A/227CCA38,2,1.0003118515014648,58,57.98191825173539,5.5295866252646815e-05,24,23.992517897269813,0,0.0,0.0,0.0,2869585.1155731273,0.0,streaming,17A/2279DF70,17A/22697F80,17A/226979F8,8288,1081424,1825800,1082840,0.097061,0.309139,0.097061,1082502.4199949852,True,2260496,reserved,58.4,37.7,229304.49105017338,3234831.2130292314,6.9978177200370295,30.990335617306844,2846644.2697103545,66223.34814944757,1004.28,1
2026-09-13T22:05:37.002378+00:00,1789337136.9993677,F_lat_northeurope_rep3,r3-pub,F01,load,16,1,1000,6,99.5,2300785628,22050308,805800919969,60320,1789156079.537691,5979992.708000001,192964.18600000002,88120993,85002632,430664940,8139,22227,16055203,4852069495,11084516.6,792068.856,17A/22DB2000,17A/22E4EE80,1,1.00071120262146,6778643,6773825.437591473,6.460023343650315,4335,4331.919127760384,4332,4328.9212598519,0.0,0.0,6360708.247619951,0.0,streaming,17A/22DAFFC8,17A/22CABFE8,17A/22CABFE8,8248,1073176,1978448,1073176,0.109534,0.109534,0.109534,-9657.13182253203,True,8625728,reserved,4.2,37.7,0.0,12811368.521123288,0.0,53.96162235272451,6394941.90055624,227739.03140385682,1004.27,1
2026-09-13T22:05:38.002594+00:00,1789337138.002594,F_lat_northeurope_rep3,r3-pub,F01,load,16,1,1000,6,99.5,2300812077,22050308,805807725923,60320,1789156079.537691,5980031.067,192964.18600000002,88125352,85002632,430669294,8139,22227,16055203,4852115932,11084516.6,792078.466,17A/2341A000,17A/234D4818,1,1.0032262802124023,6805954,6784066.699846667,6.469790172430675,4359,4344.981870966454,4354,4339.997950490466,0.0,0.0,6695837.352444344,0.0,streaming,17A/23417FF0,17A/23312000,17A/23311FC0,8208,1081344,1470624,1081408,0.112703,0.112703,0.112703,8205.526671666861,True,15343168,reserved,6.3,37.7,0.0,14914569.419804385,0.0,40.86814790310269,6723771.229928163,274508.35911285516,1004.27,1
2026-09-13T22:05:39.003527+00:00,1789337139.0035272,F_lat_northeurope_rep3,r3-pub,F01,load,16,1,1000,6,99.5,2300838808,22050308,805814569955,60320,1789156079.537691,5980068.744999999,192964.18600000002,88129749,85002632,430673688,8139,22227,16055203,4852162528,11084516.6,792087.661,17A/23B52000,17A/23B6EFC0,1,1.0009331703186035,6844032,6837651.306751579,6.520892435790614,4397,4392.900675477072,4394,4389.903472378042,0.0,0.0,7562351.038472038,0.0,streaming,17A/23B4BB90,17A/23A47FC8,17A/23A47FC8,25712,1089592,1797768,1089592,0.112628,0.112628,0.112628,8176.370054151547,True,22912576,reserved,3.5,37.7,0.0,7562351.038472038,0.0,13.986947795469412,7559778.43914537,254005.96916882353,1004.26,1
2026-09-13T22:05:40.003908+00:00,1789337140.0039089,F_lat_northeurope_rep3,r3-pub,F01,load,16,1,1000,6,99.5,2300865664,22050308,805821503582,60320,1789156079.537691,5980103.454,192964.18600000002,88134159,85002632,430678095,8139,22227,16055203,4852209601,11084516.6,792097.364,17A/24112000,17A/241F8518,1,1.0003817081451416,6933627,6930981.387950394,6.609898937178034,4410,4408.317309376642,4407,4405.318454064141,0.0,0.0,6027011.440642245,0.0,streaming,17A/2410FC80,17A/2410FC80,17A/2410FC80,9088,9088,618528,9088,0.094752,0.104632,0.094752,-1080091.7201929023,True,28941888,reserved,5.6,37.7,0.0,7382270.1273627505,0.0,66.97443531252495,6031931.562591622,255700.39707572025,1004.26,1
2026-09-13T22:05:41.004816+00:00,1789337141.0048158,F_lat_northeurope_rep3,r3-pub,F01,load,16,1,1000,6,99.5,2300891802,22050308,805828184717,60320,1789156079.537691,5980141.221000001,192964.18600000002,88138484,85002632,430682417,8139,22227,16055203,4852255751,11084516.6,792106.116,17A/2483E000,17A/24858110,1,1.0009069442749023,6681135,6675081.073435938,6.365853379665316,4325,4321.081020307243,4322,4318.08373867466,0.0,0.0,7513441.727040848,0.0,streaming,17A/2483BE68,17A/24727E48,17A/24727E48,8600,1139128,1980728,1139128,0.111362,0.111362,0.111362,1129016.0453613866,True,36462144,reserved,6.9,37.7,0.0,15910817.77491003,0.0,27.974628570775216,7615322.327013979,225716.28790493243,1004.25,1
2026-09-13T22:05:42.005444+00:00,1789337142.0054445,F_lat_northeurope_rep3,r3-pub,F01,load,16,1,1000,6,99.5,2300917932,22050309,805834904807,60320,1789156079.537691,5980173.968,192964.18600000002,88142795,85002632,430686725,8139,22227,16055203,4852301769,11084516.6,792115.258,17A/24E58000,17A/24EBCDC8,1,1.0006287097930908,6720090,6715867.668227883,6.4047505075720625,4311,4308.291335046169,4308,4305.293219990464,0.0,0.0,6393932.072289794,0.0,streaming,17A/24E55ED0,17A/24D45B88,17A/24D44BC8,8496,1123448,2190512,1127480,0.111362,0.111362,0.111362,-11640.6813896121,True,42860096,reserved,9.9,37.7,0.0,6479894.027166929,0.0,20.986805389925664,6386292.875127861,231008.7625287084,1004.24,1
2026-09-13T22:05:43.005698+00:00,1789337143.0056982,F_lat_northeurope_rep3,r3-pub,F01,load,16,1,1000,6,99.5,2300943391,22050309,805841458256,60320,1789156079.537691,5980208.921,192964.18600000002,88146984,85002632,430690911,8139,22227,16055203,4852346596,11084516.6,792124.074,17A/2544E000,17A/254FEF50,1,1.000253677368164,6553449,6551786.959927234,6.248270950247988,4189,4187.93761500779,4186,4184.938375846887,0.0,0.0,6248910.792756202,0.0,streaming,17A/25437FD0,17A/25437FD0,17A/254369E0,90160,90160,1144584,95776,0.112675,0.266745,0.112675,-1031442.3464201472,True,49110592,reserved,2.1,37.7,0.0,14823759.547691645,0.0,36.99061631780573,6166282.753619706,262883.3124531626,1004.24,1
2026-09-13T22:05:44.006228+00:00,1789337144.0062284,F_lat_northeurope_rep3,r3-pub,F01,load,16,1,1000,6,99.5,2300968770,22050309,805847975100,60320,1789156079.537691,5980243.881000001,192964.18600000002,88151159,85002632,430695083,8139,22227,16055203,4852391271,11084516.6,792133.013,17A/25A7E000,17A/25B27880,1,1.0005302429199219,6516844,6513390.3208976565,6.211653061769158,4175,4172.787409020028,4172,4169.788998905762,0.0,0.0,6484625.573201465,0.0,streaming,17A/25A71EF0,17A/25A71EF0,17A/25A71EF0,49424,49424,417528,49424,0.112587,0.281163,0.112587,-46327.43520548415,True,55598656,reserved,6.0,37.7,0.0,9239772.675956886,0.0,26.985691028392996,6551114.318015274,232571.68051303364,1004.23,1
2026-09-13T22:05:45.006281+00:00,1789337145.0062816,F_lat_northeurope_rep3,r3-pub,F01,load,16,1,1000,6,99.5,2300993380,22050309,805854292873,60320,1789156079.537691,5980286.821,192964.18600000002,88155231,85002632,430699152,8139,22227,16055203,4852434216,11084516.6,792141.719,17A/2610C000,17A/26125EA8,1,1.0000531673431396,6317773,6317437.118652949,6.024777525570821,4072,4071.783514088716,4069,4068.7836735822657,0.0,0.0,6872722.595599456,0.0,streaming,17A/26109F40,17A/25F8EEB0,17A/25F8EEB0,8384,1560912,2122208,1560912,0.112103,0.271501,0.112103,1511407.6424712487,True,62471744,reserved,3.7,37.7,0.0,15297746.659454094,0.0,27.998511393537342,7008468.378356844,214577.59147956374,1004.23,1
2026-09-13T22:05:46.007076+00:00,1789337146.007077,F_lat_northeurope_rep3,r3-pub,F01,load,16,1,1000,6,99.5,2301017895,22050309,805860559036,60320,1789156079.537691,5980315.036,192964.18600000002,88159288,85002632,430703206,8139,22227,16055203,4852477077,11084516.6,792151.229,17A/26634000,17A/267213A0,1,1.0007953643798828,6266163,6261183.07800383,5.971129491809683,4057,4053.7757711475974,4054,4050.7781553444315,0.0,0.0,5402423.1050971495,0.0,streaming,17A/26631D90,17A/26631D90,17A/26631238,8816,8816,434488,11720,0.113378,0.286159,0.113378,-1547960.807112568,True,67878464,reserved,5.0,37.7,0.0,5492463.490182103,0.0,21.982515889880982,5467867.053311861,255898.4674741045,1004.22,1
2026-09-13T22:05:47.008579+00:00,1789337147.008579,F_lat_northeurope_rep3,r3-pub,F01,load,16,1,1000,6,99.5,2301042250,22050309,805866789732,60320,1789156079.537691,5980346.804,192964.18600000002,88163318,85002632,430707233,8139,22227,16055203,4852519872,11084516.6,792160.271,17A/26C57DD0,17A/26D15E58,1,1.0015020370483398,6230696,6221351.299856878,5.933142948014143,4030,4023.9558692035716,4027,4020.960368556522,0.0,0.0,6428695.860644802,0.0,streaming,17A/26C55FB0,17A/26C55FB0,17A/26C55FB0,7712,7712,695616,7712,0.112291,0.112291,0.112291,-4001.98886445854,True,74316816,reserved,5.4,37.7,0.0,14805281.918047976,0.0,19.970004313665367,6517065.126733203,231989.54311141922,1004.22,1
2026-09-13T22:05:48.008871+00:00,1789337148.008852,F_lat_northeurope_rep3,r3-pub,F01,load,16,1,1000,6,99.5,2301066636,22050310,805873045411,60320,1789156079.537691,5980388.327,192964.18600000002,88167349,85002632,430711261,8139,22227,16055203,4852562771,11084516.6,792168.572,17A/27312000,17A/27312220,1,1.0002729892730713,6255679,6253971.732802854,5.9642522171047725,4031,4029.8998805610554,4028,4026.9006993053663,0.0,0.0,7051946.894143631,0.0,streaming,17A/27274AE0,17A/27207D48,17A/27207660,644384,1090232,1589296,1092000,0.118682,0.118682,0.118682,1083992.0817895771,True,81370688,reserved,3.1,37.7,0.0,15462274.964797331,0.0,22.99372296028387,6611113.237003239,216495.89894192494,1004.21,1
2026-09-13T22:05:49.009914+00:00,1789337149.0099142,F_lat_northeurope_rep3,r3-pub,F01,load,16,1,1000,6,99.5,2301091045,22050310,805879338405,60320,1789156079.537691,5980416.4059999995,192964.18600000002,88171371,85002632,430715280,8139,22227,16055203,4852605492,11084516.6,792177.074,17A/27844000,17A/2791FBF8,1,1.0010621547698975,6292994,6286316.958457487,5.99509902806996,4022,4017.732546211869,4019,4014.735729295251,0.0,0.0,5441899.860106284,0.0,streaming,17A/27841D90,17A/27841D90,17A/27841D28,8816,8816,840856,8920,0.111964,0.111964,0.111964,-1081930.822016696,True,86818368,reserved,3.4,37.7,0.0,13829790.62192424,0.0,19.978779444116704,5895991.544457779,241684.29387445195,1004.21,1
2026-09-13T22:05:50.010004+00:00,1789337150.0100043,F_lat_northeurope_rep3,r3-pub,F01,load,16,1,1000,6,99.5,2301115471,22050310,805885652338,60320,1789156079.537691,5980454.192,192964.18600000002,88175394,85002632,430719300,8139,22227,16055203,4852648170,11084516.6,792185.631,17A/27E78000,17A/27F20ED0,1,1.0000901222229004,6313933,6313364.025600034,6.020893121337923,4023,4022.637470969194,4020,4019.6377413114988,0.0,0.0,6503861.857511964,0.0,streaming,17A/27E75FD0,17A/27E75FD0,17A/27E75A48,8240,8240,1146088,9656,0.112155,0.112155,0.112155,735.9336760212097,True,93322816,reserved,6.0,37.7,0.0,6512053.119297244,0.0,11.998918630780594,6508740.417845262,235130.8094887765,1004.2,1
2026-09-13T22:05:51.010975+00:00,1789337151.0109758,F_lat_northeurope_rep3,r3-pub,F01,load,16,1,1000,6,99.5,2301139921,22050310,805891928792,60320,1789156079.537691,5980496.720000001,192964.18600000002,88179411,85002632,430723314,8139,22227,16055203,4852690765,11084516.6,792194.088,17A/28522000,17A/28522F98,1,1.0009715557098389,6276454,6270361.994001971,5.97988318824956,4017,4013.101048761915,4014,4010.1039606000318,0.0,0.0,6980993.575831053,0.0,streaming,17A/284A08F8,17A/28417D78,17A/28416C00,530184,1090184,1982216,1094656,0.112790,0.126385,0.112790,1083946.8852145078,True,100310592,reserved,5.8,37.7,0.0,15627441.070397884,0.0,35.96505794260118,6629292.273239743,214864.2474135851,1004.19,1
2026-09-13T22:05:52.011322+00:00,1789337152.0113223,F_lat_northeurope_rep3,r3-pub,F01,load,16,1,1000,6,99.5,2301164298,22050310,805898195605,60320,1789156079.537691,5980523.9690000005,192964.18600000002,88183426,85002632,430727326,8139,22227,16055203,4852733628,11084516.6,792202.314,17A/28A42000,17A/28B1BBD0,1,1.0003464221954346,6266813,6264642.788691528,5.974428929034737,4015,4013.6095965519453,4012,4010.6106354586314,0.0,0.0,5372090.9884457085,0.0,streaming,17A/28A3FFA8,17A/28A3FFA8,17A/28A3FFA8,8280,8280,1176072,8280,0.112300,0.283886,0.112300,-1085999.7855700413,True,7340600,reserved,4.1,37.7,0.0,13798739.810260698,0.0,23.99168874651225,5763115.528865947,240051.84071432165,1004.19,1
2026-09-13T22:05:53.011893+00:00,1789337153.0118933,F_lat_northeurope_rep3,r3-pub,F01,load,16,1,1000,6,99.5,2301188524,22050310,805904431994,60320,1789156079.537691,5980576.8440000005,192964.18600000002,88187429,85002632,430731326,8139,22227,16055203,4852775943,11084516.6,792210.315,17A/29110000,17A/29110E20,1,1.0005710124969482,6236389,6232829.976192241,5.9440898668215185,4003,4000.7155414291087,4000,3997.7172534889924,0.0,0.0,7131160.018511692,0.0,streaming,17A/2907B258,17A/28FFFC68,17A/28FFF698,609704,1115032,2124816,1116520,0.113599,0.281392,0.113599,1107607.5422516603,True,14475832,reserved,5.2,37.7,0.0,7143441.005914411,0.0,14.99143970058372,6819826.79367379,221087.75612832847,1004.18,1
2026-09-13T22:05:54.012563+00:00,1789337154.0125637,F_lat_northeurope_rep3,r3-pub,F01,load,16,1,1000,6,99.5,2301212801,22050311,805910663151,60320,1789156079.537691,5980603.968,192964.18600000002,88191440,85002632,430735334,8139,22227,16055203,4852818629,11084516.6,792218.433,17A/2962E000,17A/29707E18,1,1.0006704330444336,6231157,6226982.225349026,5.938513017033602,4011,4008.312694717039,4008,4005.3147046686345,0.0,0.0,5362165.027375941,0.0,streaming,17A/2962BEE8,17A/2962BEE8,17A/2962BEE8,8472,8472,304528,8472,0.112364,0.285364,0.112364,-1107305.6257182313,True,19841592,reserved,2.5,37.7,0.0,13753339.306857375,0.0,17.987940290428,5756838.425288222,252052.0159995578,1004.18,1
2026-09-13T22:05:55.013779+00:00,1789337155.0137799,F_lat_northeurope_rep3,r3-pub,F01,load,16,1,1000,6,99.5,2301237142,22050311,805916913984,60320,1789156079.537691,5980636.723999999,192964.18600000002,88195466,85002632,430739357,8139,22227,16055203,4852861630,11084516.6,792226.536,17A/29C56000,17A/29D0B1E0,3,1.001216173171997,6250833,6243240.138836811,5.954017771565257,4026,4021.1096343410554,4023,4018.1132784287297,0.0,0.0,6447454.778470759,0.0,streaming,17A/29C53F28,17A/29C53F28,17A/29C538D0,8408,8408,577712,10032,0.112473,0.112473,0.112473,1558.105074409351,True,26296888,reserved,6.6,37.7,0.0,14842237.269220758,0.0,20.974491386279723,6503088.118694911,235837.18114732922,1004.17,1
2026-09-13T22:05:56.014638+00:00,1789337156.0146382,F_lat_northeurope_rep3,r3-pub,F01,load,16,1,1000,6,99.5,2301261496,22050311,805923132427,60320,1789156079.537691,5980669.131999999,192964.18600000002,88199495,85002632,430743383,8139,22227,16055203,4852904611,11084516.6,792234.488,17A/2A219A90,17A/2A3022A8,5,1.0008583068847656,6218443,6213110.244701165,5.925283665372052,4029,4025.5448471427644,4026,4022.547419855242,0.0,0.0,6039120.581227203,0.0,streaming,17A/2A217B68,17A/2A217B68,17A/2A217B28,7976,7976,451208,8040,0.112289,0.112289,0.112289,-1990.2917189149632,True,32341192,reserved,4.1,37.7,0.0,14495590.335016713,0.0,24.97856072935446,6131319.446306538,222786.78057239993,1004.17,1
2026-09-13T22:05:57.017490+00:00,1789337157.0174906,F_lat_northeurope_rep3,r3-pub,F01,load,16,1,1000,6,99.5,2301285965,22050311,805929386458,60320,1789156079.537691,5980701.366,192964.18600000002,88203541,85002632,430747426,8139,22227,16055203,4852947665,11084516.6,792242.449,17A/2A844000,17A/2A9050D8,1,1.002852439880371,6254031,6236242.493208706,5.947344296654421,4046,4034.491854537086,4043,4031.5003875169155,0.0,0.0,6446491.769787375,0.0,streaming,17A/2A841D70,17A/2A841D70,17A/2A841D70,8848,8848,953240,8848,0.112502,0.112502,0.112502,805.7017840993489,True,38806072,reserved,4.1,37.7,0.0,6481862.875833875,0.0,13.960179427463967,6523044.40798922,241268.79526649276,1004.16,1
2026-09-13T22:05:58.017956+00:00,1789337158.0179565,F_lat_northeurope_rep3,r3-pub,F01,load,16,1,1000,6,99.5,2301310417,22050311,805935628915,60320,1789156079.537691,5980734.603,192964.18600000002,88207578,85002632,430751460,8139,22227,16055203,4852990496,11084516.6,792250.8,17A/2AE70000,17A/2AF018B0,1,1.0004658699035645,6242457,6239550.181358725,5.950498753889775,4037,4035.120158960674,4034,4032.1215559195834,0.0,0.0,6468666.442988015,0.0,streaming,17A/2AE6DE60,17A/2AD67BA8,17A/2AD66A30,8608,1082456,1595520,1086928,0.112502,0.112502,0.112502,1077577.988846253,True,45277752,reserved,8.2,37.7,0.0,14853368.262759821,0.0,20.990221287632934,6548667.1730556125,194660.31361846675,1004.16,1
2026-09-13T22:05:59.018923+00:00,1789337159.018923,F_lat_northeurope_rep3,r3-pub,F01,load,16,1,1000,6,99.5,2301335069,22050311,805941928269,60320,1789156079.537691,5980766.653000001,192964.18600000002,88211636,85002632,430755515,8139,22227,16055203,4853033558,11084516.6,792259.729,17A/2B432000,17A/2B50A400,1,1.0009665489196777,6299354,6293271.245476446,6.001731152988859,4058,4054.0815318750806,4055,4051.0844287218956,0.0,0.0,6031674.0919226045,0.0,streaming,17A/2B42FBC0,17A/2B42FBC0,17A/2B42FBC0,9280,9280,632512,9280,0.112945,0.112945,0.112945,-1076607.4062745483,True,51315256,reserved,4.4,37.7,0.0,14469470.548872678,0.0,22.977790841085966,6074350.842755191,272799.3261060634,1004.15,1
2026-09-13T22:06:00.019914+00:00,1789337160.0193872,F_lat_northeurope_rep3,r3-pub,F01,load,16,1,1000,6,99.5,2301359695,22050312,805948224220,60320,1789156079.537691,5980803.331,192964.18600000002,88215700,85002632,430759576,8139,22227,16055203,4853077090,11084516.6,792268.713,17A/2BA66000,17A/2BB0E768,1,1.0004642009735107,6295951,6293029.769454687,6.00150086350888,4064,4062.1143625583886,4061,4059.1157545151614,0.0,0.0,6501430.029850931,0.0,streaming,17A/2BA63C50,17A/2B959F60,17A/2B959EF8,9136,1097888,1983816,1097992,0.112614,0.112614,0.112614,1088206.853319308,True,57819704,reserved,4.8,37.7,0.0,9260853.102974059,0.0,58.97262485013408,6579481.798144105,238881.11115564822,1004.15,1
2026-09-13T22:06:01.020250+00:00,1789337161.0202506,F_lat_northeurope_rep3,r3-pub,F01,load,16,1,1000,6,99.5,2301384310,22050312,805954528864,60320,1789156079.537691,5980841.665999999,192964.18600000002,88219768,85002632,430763641,8139,22227,16055203,4853120280,11084516.6,792278.449,17A/2C114000,17A/2C117378,1,1.0008633136749268,6304644,6299205.809483495,6.00739079426145,4068,4064.4910692782746,4065,4061.493656985296,0.0,0.0,6998118.4286617795,0.0,streaming,17A/2C016758,17A/2BF91F88,17A/2BF91F88,1046696,1589368,2080344,1589368,0.113737,0.113737,0.113737,490952.1542914654,True,64832056,reserved,1.8,37.7,0.0,7079967.7670087,0.0,20.981886050846548,6179025.56273397,203214.5620896038,1004.14,1
2026-09-13T22:06:02.020869+00:00,1789337162.0208695,F_lat_northeurope_rep3,r3-pub,F01,load,16,1,1000,6,99.5,2301408909,22050312,805960827907,60320,1789156079.537691,5980874.251,192964.18600000002,88223832,85002632,430767701,8139,22227,16055203,4853163926,11084516.6,792287.13,17A/2C649E30,17A/2C722720,1,1.0006189346313477,6299043,6295146.715688246,6.003519740761038,4064,4061.4862055326553,4060,4057.488679739808,0.0,0.0,5460220.480449856,0.0,streaming,17A/2C647FB0,17A/2C647FB0,17A/2C647910,7808,7808,1349144,9504,0.112124,0.287661,0.112124,-1578886.7722976482,True,70287464,reserved,4.8,37.7,0.0,9361757.683959113,0.0,41.974020824894566,6386876.9406752605,259663.28540017633,1004.13,1
2026-09-13T22:06:03.021502+00:00,1789337163.0215023,F_lat_northeurope_rep3,r3-pub,F01,load,16,1,1000,6,99.5,2301433606,22050312,805967166915,60320,1789156079.537691,5980907.638,192964.18600000002,88227905,85002632,430771772,8139,22227,16055203,4853207349,11084516.6,792296.554,17A/2CC87B00,17A/2CD33080,1,1.0006327629089355,6339008,6334999.447321608,6.041526267358406,4073,4070.4243864246437,4071,4068.4256511501903,0.0,0.0,6540453.443653236,0.0,streaming,17A/2CC85BB8,17A/2CB7BB90,17A/2CB7B5C0,8008,1097584,1685696,1099072,0.113240,0.284899,0.113240,1088878.9977578998,True,76832056,reserved,4.8,37.7,0.0,15321633.038908657,0.0,29.98102911680317,6579053.019273483,237737.5684846024,1004.13,1
2026-09-13T22:06:04.022035+00:00,1789337164.0220354,F_lat_northeurope_rep3,r3-pub,F01,load,16,1,1000,6,99.5,2301458300,22050312,805973520640,60320,1789156079.537691,5980946.169,192964.18600000002,88231975,85002632,430775839,8139,22227,16055203,4853250913,11084516.6,792305.414,17A/2D316000,17A/2D347948,1,1.000533103942871,6353725,6350339.608915917,6.05615578548042,4070,4067.831423029448,4067,4064.8330214891316,0.0,0.0,6870705.199967592,0.0,streaming,17A/2D313BB8,17A/2D209C68,17A/2D209C20,9288,1098648,1391944,1098720,0.113564,0.113564,0.113564,-351.81244739714145,True,83706424,reserved,4.6,37.7,0.0,15298596.25801446,0.0,23.987212322532372,6872483.252081,206104.12507827877,1004.12,1
2026-09-13T22:06:05.022416+00:00,1789337165.0224166,F_lat_northeurope_rep3,r3-pub,F01,load,16,1,1000,6,99.5,2301482907,22050312,805979862394,60320,1789156079.537691,5980986.059,192964.18600000002,88236027,85002632,430779888,8139,22227,16055203,4853294047,11084516.6,792314.786,17A/2DA44000,17A/2DA8BE30,2,1.0003812313079834,6341754,6339337.246169895,6.045663114709754,4052,4050.455839422408,4049,4047.4569826804864,0.0,0.0,7525579.013669287,0.0,streaming,17A/2DA41FF0,17A/2D93FFC8,17A/2D93FA38,8208,1065016,1841856,1066440,0.113726,0.113726,0.113726,-32267.698543078808,True,91234872,reserved,7.5,37.9,0.0,7533767.891812561,0.0,13.99466479563517,6276009.388731818,232897.21229113257,1004.12,1
2026-09-13T22:06:06.022990+00:00,1789337166.02299,F_lat_northeurope_rep3,r3-pub,F01,load,16,1,1000,6,99.5,2301527600,22050314,805987500785,60320,1789156079.537691,5981020.476,192964.18600000002,88240087,85002632,430783991,8152,22278,16055203,4853398840,11084516.6,792327.249,17A/2E08A000,17A/2E0BC088,1,1.0005733966827393,7638391,7634013.681878825,7.280362779501748,4060,4057.6733435651604,4103,4100.648701637402,12.992550114863814,50.970773527542654,6574406.257261106,0.0,streaming,17A/2DFFFDB8,17A/2DF79E58,17A/2DF79E58,565832,1114536,1838312,1114536,0.112519,0.112519,0.112519,48068.43771726846,True,97813048,reserved,13.9,37.8,0.0,15138327.733095624,0.0,30.98223488929063,5888536.532685969,222908.1851860589,1004.11,1
2026-09-13T22:06:07.024597+00:00,1789337167.023971,F_lat_northeurope_rep3,r3-pub,F01,load,16,1,1000,6,99.5,2301552327,22050314,805993840983,60320,1789156079.537691,5981053.233000001,192964.18600000002,88244143,85002632,430788044,8152,22278,16055203,4853443067,11084516.6,792337.928,17A/2E638000,17A/2E6CA278,1,1.000981092453003,6340198,6333983.77631961,6.040557648009882,4056,4052.0245892560984,4053,4049.0275296486607,0.0,0.0,5949746.748367897,0.0,streaming,17A/2E635D48,17A/2E52DFD8,17A/2E52CF20,8888,1089576,1495056,1093856,0.113071,0.284273,0.113071,-20659.730893938886,True,103768632,reserved,2.3,37.7,0.0,14338316.78561287,0.0,20.9794172520656,6509169.90253331,236818.65900092392,1004.11,1
2026-09-13T22:06:08.024310+00:00,1789337168.0243106,F_lat_northeurope_rep3,r3-pub,F01,load,16,1,1000,6,99.5,2301576873,22050314,806000157620,60320,1789156079.537691,5981090.238,192964.18600000002,88248186,85002632,430792084,8152,22278,16055203,4853485957,11084516.6,792346.463,17A/2EC78000,17A/2ECBEC90,1,1.0003395080566406,6316637,6314493.178692232,6.021969965641243,4043,4041.6278347881466,4040,4038.6288529666367,0.0,0.0,6551375.755149047,0.0,streaming,17A/2EC61C78,17A/2EB61FE8,17A/2EB61FE8,91016,1138712,1844208,1138712,0.113238,0.113238,0.113238,44840.7761952157,True,110322232,reserved,8.6,37.7,0.0,6694687.099792932,0.0,21.99253335773911,6492468.754550342,221345.8513001796,1004.1,1
2026-09-13T22:06:09.024681+00:00,1789337169.0246813,F_lat_northeurope_rep3,r3-pub,F01,load,16,1,1000,6,99.5,2301600588,22050314,806006257286,60320,1789156079.537691,5981121.85,192964.18600000002,88252098,85002632,430795993,8152,22278,16055203,4853528048,11084516.6,792354.84,17A/2F206000,17A/2F2943C8,1,1.000370740890503,6099666,6097405.442476499,5.814938967205523,3912,3910.5501991368155,3909,3907.5513109472936,0.0,0.0,5822353.415509911,0.0,streaming,17A/2F203FF8,17A/2F103E68,17A/2F103E68,8200,1057176,1527152,1057176,0.107109,0.107109,0.107109,-81505.7824736246,True,116146744,reserved,3.5,37.7,0.0,14289742.208248656,0.0,39.98517586029464,5920432.053748231,248681.80348672345,1004.1,1
2026-09-13T22:06:10.025482+00:00,1789337170.0254824,F_lat_northeurope_rep3,r3-pub,F01,load,16,1,1000,6,99.5,2301624255,22050314,806012343424,60320,1789156079.537691,5981154.555,192964.18600000002,88256001,85002632,430799893,8152,22278,16055203,4853573144,11084516.6,792363.796,17A/2F81C000,17A/2F8604B8,1,1.0008010864257812,6086138,6081266.380051381,5.799547557879811,3903,3899.875862384412,3900,3896.878263720012,0.0,0.0,6376459.904525946,0.0,streaming,17A/2F80BD40,17A/2F707D48,17A/2F706CD8,66240,1131192,1708928,1135400,0.112528,0.112528,0.112528,78161.38597467543,True,122528312,reserved,4.8,37.7,0.0,14758353.28351769,0.0,33.972784863200104,6325953.36462947,212191.01665688344,1004.09,1
2026-09-13T22:06:11.025829+00:00,1789337171.025829,F_lat_northeurope_rep3,r3-pub,F01,load,16,1,1000,6,99.5,2301647660,22050314,806018359799,60320,1789156079.537691,5981181.558,192964.18600000002,88259862,85002632,430803751,8152,22278,16055203,4853618365,11084516.6,792373.4,17A/2FD52000,17A/2FE20B18,1,1.0003466606140137,6016375,6014290.082507142,5.735673983103887,3861,3859.6620071986995,3858,3856.6630468201456,0.0,0.0,5462170.480627338,0.0,streaming,17A/2FD4FEF8,17A/2FD4FEF8,17A/2FD4F9F0,8456,8456,966952,9744,0.113814,0.113814,0.113814,-1125265.9146271066,True,127992376,reserved,1.8,37.7,0.0,13937952.260911139,0.0,26.99064340698391,5557342.488240742,251084.95873403567,1004.09,1
2026-09-13T22:06:12.026865+00:00,1789337172.0268655,F_lat_northeurope_rep3,r3-pub,F01,load,16,1,1000,6,99.5,2301671131,22050315,806024406499,60320,1789156079.537691,5981211.68,192964.18600000002,88263732,85002632,430807618,8152,22278,16055203,4853663385,11084516.6,792382.334,17A/30315DF0,17A/303E5018,1,1.0010364055633545,6046700,6040439.654736724,5.76061215852425,3870,3865.9932630742587,3867,3862.9963690718755,0.0,0.0,6038909.240866173,0.0,streaming,17A/30313DB0,17A/30313DB0,17A/30312D88,8256,8256,876920,12392,0.112727,0.112727,0.112727,2645.2584394368573,True,134037544,reserved,4.9,37.7,0.0,6121271.879769002,0.0,20.978258016682023,6064553.662844566,220733.23085152826,1004.08,1
2026-09-13T22:06:13.027489+00:00,1789337173.0274894,F_lat_northeurope_rep3,r3-pub,F01,load,16,1,1000,6,99.5,2301694686,22050315,806030440042,60320,1789156079.537691,5981245.6850000005,192964.18600000002,88267619,85002632,430811502,8152,22278,16055203,4853707241,11084516.6,792391.217,17A/3094C000,17A/309A9118,1,1.0006239414215088,6033543,6029780.770014971,5.750447053923579,3887,3884.576251971386,3884,3881.57812262847,0.0,0.0,6509106.698713652,0.0,streaming,17A/30937FF0,17A/30835E98,17A/308357F0,81936,1139048,2231152,1140752,0.112727,0.112727,0.112727,1127656.4084575335,True,140550712,reserved,1.9,37.7,0.0,14900143.183481414,0.0,22.985658295688673,6493987.132437327,199297.64994099244,1004.07,1
2026-09-13T22:06:14.028191+00:00,1789337174.0281918,F_lat_northeurope_rep3,r3-pub,F01,load,16,1,1000,6,99.5,2301718265,22050315,806036474919,60320,1789156079.537691,5981279.601,192964.18600000002,88271505,85002632,430815385,8152,22278,16055203,4853746466,11084516.6,792399.541,17A/30F4B850,17A/30F7F398,4,1.0007023811340332,6034877,6030641.191401036,5.7512676157007565,3886,3883.2724626839004,3883,3880.274568348323,0.0,0.0,6285073.482959556,0.0,streaming,17A/30F49FC0,17A/30E49FF8,17A/30E49EA8,6288,1054808,2341688,1055144,0.112411,0.283474,0.112411,-85547.91276002144,True,146840200,reserved,4.7,37.7,0.0,14669760.237168623,0.0,21.984558460897016,6405622.81138555,222401.78917910537,1004.07,1
2026-09-13T22:06:15.028911+00:00,1789337175.028911,F_lat_northeurope_rep3,r3-pub,F01,load,16,1,1000,6,99.5,2301742286,22050315,806042623147,60320,1789156079.537691,5981315.112,192964.18600000002,88275450,85002632,430819327,8152,22278,16055203,4853786301,11084516.6,792408.182,17A/3151A000,17A/3156A978,3,1.0007193088531494,6148228,6143808.704007152,5.859192565924789,3945,3942.164366270771,3942,3939.166522646231,0.0,0.0,6084247.54687478,0.0,streaming,17A/31517E00,17A/31413C48,17A/31413C48,8704,1074104,2270816,1074104,0.112503,0.267456,0.112503,18946.371707096027,True,152928824,reserved,5.4,37.7,0.0,14505789.856933983,0.0,20.984905371783572,6097371.10698181,222733.78561611084,1004.07,1
2026-09-13T22:06:16.029308+00:00,1789337176.0293086,F_lat_northeurope_rep3,r3-pub,F01,load,16,1,1000,6,99.5,2301766257,22050315,806048773390,60320,1789156079.537691,5981352.736,192964.18600000002,88279402,85002632,430823276,8152,22278,16055203,4853826115,11084516.6,792417.621,17A/31B2E000,17A/31B53310,2,1.0003974437713623,6150243,6147799.595343247,5.8629985764915915,3952,3950.429926231616,3949,3947.4311180892337,0.0,0.0,6370843.947754644,0.0,streaming,17A/31B2BFD8,17A/31A21F38,17A/31A21F38,8232,1097928,2462552,1097928,0.113825,0.270553,0.113825,23814.535061371967,True,159302200,reserved,10.7,37.7,0.0,6465014.52024716,0.0,22.990862424930963,6431486.845612613,227238.68539987525,1004.06,1
2026-09-13T22:06:17.029799+00:00,1789337177.0297995,F_lat_northeurope_rep3,r3-pub,F01,load,16,1,1000,6,99.5,2301790564,22050315,806055016449,60320,1789156079.537691,5981385.606000001,192964.18600000002,88283415,85002632,430827286,8152,22278,16055203,4853866807,11084516.6,792426.347,17A/32110000,17A/3214EE88,2,1.0004909038543701,6243059,6239995.762029166,5.950923692731062,4013,4011.0309694371053,4010,4008.0324414260635,0.0,0.0,6165549.308080355,0.0,streaming,17A/3210DBA0,17A/31FFFB68,17A/31FFFB68,9312,1115288,2469784,1115288,0.112199,0.112223,0.112199,17351.48209056271,True,165470776,reserved,1.9,37.7,0.0,14586887.240830215,0.0,21.98920541430758,6198689.03965839,222625.71217980905,1004.05,1
2026-09-13T22:06:18.033305+00:00,1789337178.0331106,F_lat_northeurope_rep3,r3-pub,F01,load,16,1,1000,6,99.5,2301814911,22050315,806061253203,60320,1789156079.537691,5981421.115,192964.18600000002,88287440,85002632,430831308,8152,22278,16055203,4853907412,11084516.6,792434.79,17A/3273C000,17A/3276F580,1,1.0033111572265625,6236754,6216171.279546181,5.928202895685368,4025,4011.7165756695513,4022,4008.726476358493,0.0,0.0,6450321.969796055,0.0,streaming,17A/32725FF0,17A/32625EF8,17A/32625EF8,90128,1138952,1714344,1138952,0.112546,0.112546,0.112546,23585.9033656259,True,171942456,reserved,2.7,37.7,0.0,14901570.556963181,0.0,58.805286450808325,6436385.116907214,228856.2210697611,1004.05,1
2026-09-13T22:06:19.034309+00:00,1789337179.0343094,F_lat_northeurope_rep3,r3-pub,F01,load,16,1,1000,6,99.5,2301840724,22050316,806067864922,60320,1789156079.537691,5981455.692,192964.18600000002,88291706,85002632,430835571,8152,22278,16055203,4853950454,11084516.6,792444.008,17A/32D60000,17A/32DC7598,1,1.0011987686157227,6611719,6603802.56873617,6.297876900421305,4266,4260.892176184212,4263,4257.895768184083,0.0,0.0,6431202.476310042,0.0,streaming,17A/32D5DFE8,17A/32C49BF0,17A/32C49BF0,8216,1139728,1956760,1139728,0.112277,0.112277,0.112277,775.0708693668422,True,178381368,reserved,1.9,37.7,0.0,6447566.859201415,0.0,11.985632000518178,6573925.384566879,230738.39804997557,1004.04,1
2026-09-13T22:06:20.035348+00:00,1789337180.0353487,F_lat_northeurope_rep3,r3-pub,F01,load,16,1,1000,6,99.5,2301866675,22050316,806074513687,60320,1789156079.537691,5981504.364,192964.18600000002,88295993,85002632,430839855,8152,22278,16055203,4853993375,11084516.6,792452.885,17A/33410000,17A/3342B3F0,1,1.0010392665863037,6648765,6641862.334405024,6.334173521428131,4287,4282.5492896191,4284,4279.552404181998,0.0,0.0,7005071.862878255,0.0,streaming,17A/3340DD50,17A/33309B58,17A/33309B58,8880,1074344,1772720,1074344,0.113503,0.113503,0.113503,-65316.11913983094,True,185393720,reserved,5.2,37.7,0.0,15470897.61305063,0.0,23.975083496817916,7076643.48088713,267855.626597324,1004.04,1
2026-09-13T22:06:21.035575+00:00,1789337181.0355756,F_lat_northeurope_rep3,r3-pub,F01,load,16,1,1000,6,99.5,2301893049,22050316,806081254287,60320,1789156079.537691,5981538.574000001,192964.18600000002,88300351,85002632,430844210,8152,22278,16055203,4854036911,11084516.6,792462.548,17A/33A1C000,17A/33A9D890,1,1.0002269744873047,6740600,6739070.40295038,6.426878359747295,4358,4357.011069646286,4355,4354.011750415231,0.0,0.0,6339169.170327627,0.0,streaming,17A/33A19BD8,17A/33918000,17A/33917B38,9256,1064960,1940496,1066184,0.111537,0.111537,0.111537,-8158.1483084703295,True,191734328,reserved,3.3,37.7,0.0,14914246.846468488,0.0,32.992511541607946,6420812.639343105,231739.40106825423,1004.03,1
2026-09-13T22:06:22.035856+00:00,1789337182.0358558,F_lat_northeurope_rep3,r3-pub,F01,load,16,1,1000,6,99.5,2301919492,22050316,806087997892,60320,1789156079.537691,5981578.353,192964.18600000002,88304712,85002632,430848568,8152,22278,16055203,4854080497,11084516.6,792471.906,17A/3410C000,17A/3410F108,1,1.0002801418304443,6743605,6741716.363237666,6.429401744115511,4361,4359.778643630441,4358,4356.77948382056,0.0,0.0,7272458.680113522,0.0,streaming,17A/34023A58,17A/33FFFBA0,17A/33FFDFC8,959912,1107040,2005816,1114168,0.112113,0.251319,0.112113,47970.56143911101,True,8328712,reserved,5.0,37.7,0.0,15728329.836889662,0.0,28.991878162183628,6603913.967453061,267136.1639860431,1004.03,1
2026-09-13T22:06:23.036478+00:00,1789337183.036469,F_lat_northeurope_rep3,r3-pub,F01,load,16,1,1000,6,99.5,2301945703,22050316,806094689662,60320,1789156079.537691,5981613.051000001,192964.18600000002,88309028,85002632,430852881,8152,22278,16055203,4854123699,11084516.6,792481.006,17A/3470E000,17A/34773AA0,1,1.0006132125854492,6691770,6687669.037179083,6.377858197383006,4316,4313.3549964306785,4313,4310.356834941037,0.0,0.0,6295787.343965368,0.0,streaming,17A/3470BB80,17A/3460BCC8,17A/3460BCC8,9344,1057592,2258432,1057592,0.112332,0.112332,0.112332,-56541.32814598287,True,14620168,reserved,6.4,37.7,0.0,6303974.323606416,0.0,11.99264595856537,7109075.625355622,224097.58054324216,1004.02,1
2026-09-13T22:06:24.037115+00:00,1789337184.0370944,F_lat_northeurope_rep3,r3-pub,F01,load,16,1,1000,6,99.5,2301971811,22050317,806101367471,60320,1789156079.537691,5981645.458000001,192964.18600000002,88313344,85002632,430857194,8152,22278,16055203,4854167122,11084516.6,792489.949,17A/34D30000,17A/34DC7B90,1,1.0006253719329834,6677809,6673635.495670047,6.364474769277617,4316,4313.302581626986,4313,4310.304456570248,0.0,0.0,6426700.921621939,0.0,streaming,17A/34D2BEB0,17A/34C1DDD8,17A/34C1D238,16720,1122856,2505424,1125832,0.112332,0.268791,0.112332,68197.35129059905,True,21050888,reserved,3.7,37.7,0.0,14834626.84073752,0.0,19.987500378252946,6496970.9767017625,266823.13629948767,1004.02,1
2026-09-13T22:06:25.038024+00:00,1789337185.038025,F_lat_northeurope_rep3,r3-pub,F01,load,16,1,1000,6,99.5,2301997307,22050317,806107882038,60320,1789156079.537691,5981678.2870000005,192964.18600000002,88317562,85002632,430861409,8152,22278,16055203,4854209604,11084516.6,792498.574,17A/35338000,17A/354009E8,1,1.0009305477142334,6514567,6508510.520412167,6.206999321376959,4218,4214.078598792294,4215,4211.081387840095,0.0,0.0,6318344.478987339,0.0,streaming,17A/35335BF8,17A/35335BF8,17A/35335BF8,9224,9224,1516688,9224,0.113089,0.113089,0.113089,-1115569.9089711392,True,27375112,reserved,6.0,37.7,0.0,9178786.701015934,0.0,108.89866459657658,6417133.551042147,257004.84472919034,1004.01,1
2026-09-13T22:06:26.038725+00:00,1789337186.038704,F_lat_northeurope_rep3,r3-pub,F01,load,16,1,1000,6,99.5,2302022788,22050317,806114396873,60320,1789156079.537691,5981710.737,192964.18600000002,88321775,85002632,430865619,8152,22278,16055203,4854252103,11084516.6,792507.99,17A/3599C000,17A/35A2EFE0,1,1.0006790161132812,6514835,6510414.323770023,6.208814929742835,4213,4210.141246254603,4210,4207.143281920693,0.0,0.0,6696508.962511722,0.0,streaming,17A/35999CD8,17A/35889E48,17A/35889E48,9000,1122744,2042312,1122744,0.113917,0.113917,0.113917,1112764.4150319074,True,34076168,reserved,3.9,37.7,0.0,11239983.869839357,0.0,38.97353634083302,6762642.057074892,225135.1296193228,1004.0,1
2026-09-13T22:06:27.039116+00:00,1789337187.0391161,F_lat_northeurope_rep3,r3-pub,F01,load,16,1,1000,6,99.5,2302047651,22050317,806120756625,60320,1789156079.537691,5981763.264,192964.18600000002,88325885,85002632,430869726,8152,22278,16055203,4854293777,11084516.6,792516.8,17A/35FF8000,17A/360417A8,1,1.0004122257232666,6359752,6357131.4268996455,6.062632967853208,4110,4108.306450402082,4107,4105.307686569672,0.0,0.0,6665540.292831825,0.0,streaming,17A/35FDDE98,17A/35ED3B98,17A/35ED3A90,106856,1197160,2539608,1197424,0.112878,0.112878,0.112878,74649.22766813322,True,40744456,reserved,6.0,37.7,0.0,6673728.917270193,0.0,11.995055329641115,6648051.502161208,223204.989161906,1004.0,1
2026-09-13T22:06:28.039886+00:00,1789337188.0398865,F_lat_northeurope_rep3,r3-pub,F01,load,16,1,1000,6,99.5,2302072473,22050317,806127103482,60320,1789156079.537691,5981799.785,192964.18600000002,88329985,85002632,430873822,8152,22278,16055203,4854335315,11084516.6,792526.454,17A/36637B38,17A/366507C8,1,1.0007703304290771,6346857,6341971.586306726,6.0481754172389275,4100,4096.844076344807,4096,4092.8471552947144,0.0,0.0,6547332.390630215,0.0,streaming,17A/36635B70,17A/3652DEA8,17A/3652CD80,8136,1088656,1879912,1093048,0.097326,0.127367,0.097326,-104295.65788111356,True,47296832,reserved,2.7,37.7,0.0,15929361.12840703,0.0,40.96844076344807,6722342.574959828,243820.17789774237,1003.99,1
2026-09-13T22:06:29.040233+00:00,1789337189.040233,F_lat_northeurope_rep3,r3-pub,F01,load,16,1,1000,6,99.5,2302097165,22050317,806133409686,60320,1789156079.537691,5981829.668,192964.18600000002,88334058,85002632,430877893,8152,22278,16055203,4854376529,11084516.6,792535.898,17A/36B66000,17A/36C57CC8,1,1.0003464221954346,6306204,6304020.14750044,6.011982104778709,4073,4071.589511022683,4071,4069.5902036271405,0.0,0.0,5430638.7062167805,0.0,streaming,17A/36B63B50,17A/36B63B50,17A/36B63648,9392,9392,1108792,10680,0.112975,0.112975,0.112975,-1081993.1735493739,True,52729352,reserved,2.7,37.7,0.0,13823307.299537128,0.0,17.993766559884186,5492240.366034544,243710.57324816476,1003.99,1
2026-09-13T22:06:30.041141+00:00,1789337190.0410984,F_lat_northeurope_rep3,r3-pub,F01,load,16,1,1000,6,99.5,2302121871,22050318,806139717330,60320,1789156079.537691,5981868.896,192964.18600000002,88338126,85002632,430881958,8152,22278,16055203,4854417600,11084516.6,792546.702,17A/37214000,17A/3725DDD8,1,1.0008654594421387,6307644,6302189.710408977,6.010236463936784,4068,4064.482355368141,4065,4061.48494950135,0.0,0.0,6998103.4253135,0.0,streaming,17A/3720FFE0,17A/37109FE0,17A/371094E0,16416,1089568,1158176,1092384,0.113581,0.290140,0.113581,1080768.6385769763,True,59733512,reserved,3.9,37.7,0.0,7124969.627760704,0.0,23.979246934325314,7051357.336213481,235632.07000014768,1003.98,1
2026-09-13T22:06:31.042472+00:00,1789337191.0424724,F_lat_northeurope_rep3,r3-pub,F01,load,16,1,1000,6,99.5,2302146427,22050318,806145991723,60320,1789156079.537691,5981902.651000001,192964.18600000002,88342173,85002632,430886002,8152,22278,16055203,4854458479,11084516.6,792556.414,17A/37842000,17A/3785B080,1,1.0013740062713623,6274393,6265783.773799798,5.975517057227896,4047,4041.4470264402926,4044,4038.4511428031983,0.0,0.0,6470980.831755303,0.0,streaming,17A/3783FFF8,17A/37739C00,17A/37739C00,8200,1082368,1450304,1082368,0.112676,0.189156,0.112676,-10002.256836379038,True,66213384,reserved,4.8,37.7,0.0,14876711.305369176,0.0,22.96844121772343,6556903.773095048,239174.37291167022,1003.98,1
2026-09-13T22:06:32.042705+00:00,1789337192.0427053,F_lat_northeurope_rep3,r3-pub,F01,load,16,1,1000,6,99.5,2302170919,22050318,806152256813,60320,1789156079.537691,5981932.988,192964.18600000002,88346220,85002632,430890046,8152,22278,16055203,4854499387,11084516.6,792565.07,17A/37D691C8,17A/37E58660,1,1.0002329349517822,6265090,6263630.981419361,5.973463994426118,4047,4046.0575317839257,4044,4043.058230426043,0.0,0.0,5401821.726916504,0.0,streaming,17A/37D67E18,17A/37D67E18,17A/37D67950,5040,5040,467184,6264,0.113282,0.113282,0.113282,-1075853.396141045,True,71616464,reserved,7.7,37.7,0.0,13808495.518762153,0.0,18.9955752665912,5460075.157656424,233606.5848614193,1003.97,1
2026-09-13T22:06:33.043304+00:00,1789337193.0433044,F_lat_northeurope_rep3,r3-pub,F01,load,16,1,1000,6,99.5,2302195354,22050318,806158505331,60320,1789156079.537691,5981971.649,192964.18600000002,88350259,85002632,430894082,8152,22278,16055203,4854540448,11084516.6,792574.466,17A/3841E000,17A/3844D988,1,1.0005991458892822,6248518,6244776.467849801,5.955482929086496,4039,4036.581498788248,4036,4033.5832951496336,0.0,0.0,7028165.1037688805,0.0,streaming,17A/3841BFE8,17A/38315D60,17A/38315D60,8216,1082016,2352544,1082016,0.094835,0.187579,0.094835,1075107.853549011,True,78648840,reserved,8.2,37.7,0.0,15494076.787584495,0.0,23.985629108917543,7106105.406157095,203515.06478552675,1003.97,1
2026-09-13T22:06:34.043715+00:00,1789337194.0437152,F_lat_northeurope_rep3,r3-pub,F01,load,16,1,1000,6,99.5,2302219772,22050318,806164748924,60320,1789156079.537691,5982054.83,192964.18600000002,88354292,85002632,430898112,8152,22278,16055203,4854581158,11084516.6,792583.645,17A/38A45948,17A/38A45948,1,1.000410795211792,6243593,6241029.21508179,5.9519092703645615,4033,4031.343943211042,4030,4028.3451750906274,0.0,0.0,6450925.9904914815,0.0,streaming,17A/389BA6F0,17A/38938000,17A/38937AF0,569944,1104200,1603408,1105496,0.113235,0.113235,0.113235,23470.35848911363,True,85102416,reserved,12.5,37.7,0.0,6460833.920361333,0.0,11.995072481659436,6314311.111229742,239745.51369092715,1003.96,1
2026-09-13T22:06:35.044533+00:00,1789337195.0445337,F_lat_northeurope_rep3,r3-pub,F01,load,16,1,1000,6,99.5,2302244207,22050318,806170994726,60320,1789156079.537691,5982084.677999999,192964.18600000002,88358327,85002632,430902144,8152,22278,16055203,4854622165,11084516.6,792592.555,17A/38F66000,17A/39041EF0,1,1.0008184909820557,6245802,6240694.04819978,5.9515896303174785,4035,4031.700089834118,4032,4028.7025432989253,0.0,0.0,5371275.659310719,0.0,streaming,17A/38F63CA0,17A/38F63CA0,17A/38F636D0,9056,9056,784152,10544,0.112593,0.112593,0.112593,-1094056.5246007552,True,90478088,reserved,3.7,37.7,0.0,13767675.281937864,0.0,18.984461389553466,5641119.794319654,243172.96512096876,1003.96,1
2026-09-13T22:06:36.045034+00:00,1789337196.0450344,F_lat_northeurope_rep3,r3-pub,F01,load,16,1,1000,6,99.5,2302268630,22050319,806177247183,60320,1789156079.537691,5982125.869999999,192964.18600000002,88362358,85002632,430906172,8152,22278,16055203,4854662976,11084516.6,792601.786,17A/3963C000,17A/3963CE08,1,1.0005006790161133,6252457,6249328.092559248,5.959823696669815,4031,4028.9827728693426,4028,4025.9842741547286,0.0,0.0,7164412.928783787,0.0,streaming,17A/395A3BD0,17A/39533E98,17A/39532D70,623664,1081704,1759800,1086096,0.112503,0.112503,0.112503,1075013.7631667494,True,97646088,reserved,6.2,37.7,0.0,15782178.194549428,0.0,33.98298543228917,6816037.353124246,225748.97222669696,1003.95,1
2026-09-13T22:06:37.045745+00:00,1789337197.0452366,F_lat_northeurope_rep3,r3-pub,F01,load,16,1,1000,6,99.5,2302293151,22050319,806183511580,60320,1789156079.537691,5982154.556,192964.18600000002,88366399,85002632,430910210,8152,22278,16055203,4854703770,11084516.6,792610.436,17A/39B64000,17A/39C4EA18,3,1.0002021789550781,6264397,6263130.726774143,5.972986914419311,4041,4040.183159990389,4038,4037.1837664046498,0.0,0.0,5405627.095962197,0.0,streaming,17A/39B61E40,17A/39B61E40,17A/39B61E40,8640,8640,971672,8640,0.112786,0.112786,0.112786,-1077238.2051053215,True,6478928,reserved,2.5,37.7,0.0,12805602.976571051,0.0,21.99555296208576,5867823.649545952,232803.9319443014,1003.94,1
2026-09-13T22:06:38.048708+00:00,1789337198.0487084,F_lat_northeurope_rep3,r3-pub,F01,load,16,1,1000,6,99.5,2302317763,22050319,806189790892,60320,1789156079.537691,5982197.282,192964.18600000002,88370444,85002632,430914252,8152,22278,16055203,4854744359,11084516.6,792619.721,17A/3A210000,17A/3A258318,1,1.003471851348877,6279312,6257586.589558328,5.967699613149955,4045,4031.0049500269192,4042,4028.0153295448226,0.0,0.0,6971763.074964135,0.0,streaming,17A/3A20DC80,17A/3A103C50,17A/3A103708,9088,1098672,1764904,1100024,0.103813,0.187792,0.103813,1087607.9867441729,True,13474896,reserved,4.3,37.7,0.0,8118756.882964675,0.0,24.91350401747169,7021524.311348473,201213.41692702976,1003.94,1
2026-09-13T22:06:39.049834+00:00,1789337199.0498343,F_lat_northeurope_rep3,r3-pub,F01,load,16,1,1000,6,99.5,2302342362,22050319,806196082709,60320,1789156079.537691,5982232.808,192964.18600000002,88374496,85002632,430918301,8152,22278,16055203,4854786825,11084516.6,792629.731,17A/3A842000,17A/3A85AE80,1,1.0011258125305176,6291817,6284741.559201586,5.993596610261522,4052,4047.443337573999,4049,4044.4467112135053,0.0,0.0,6488950.658039269,0.0,streaming,17A/3A839EA8,17A/3A738000,17A/3A737460,33112,1089536,2084728,1092512,0.113576,0.113576,0.113576,-7503.552406677168,True,19971152,reserved,4.8,37.7,0.0,14892673.641401602,0.0,20.976384523458535,6555365.886942353,248568.15885207665,1003.93,1
2026-09-13T22:06:40.050132+00:00,1789337200.0501323,F_lat_northeurope_rep3,r3-pub,F01,load,16,1,1000,6,99.5,2302366987,22050319,806202376528,60320,1789156079.537691,5982262.679,192964.18600000002,88378562,85002632,430922364,8152,22278,16055203,4854832230,11084516.6,792638.318,17A/3AD69B70,17A/3AE5C700,1,1.000298023223877,6293819,6291943.8546079965,6.000465254409787,4066,4064.7885985974676,4063,4061.789492400765,0.0,0.0,5403941.499932548,0.0,streaming,17A/3AD67D28,17A/3AD67D28,17A/3AD67C20,7752,7752,359864,8016,0.113086,0.113086,0.113086,-1084172.8912996948,True,25376704,reserved,4.6,37.7,0.0,13799407.456102341,0.0,18.99433924578256,5470268.732876754,245008.9816334148,1003.93,1
2026-09-13T22:06:41.050668+00:00,1789337201.0506685,F_lat_northeurope_rep3,r3-pub,F01,load,16,1,1000,6,99.5,2302391605,22050319,806208674964,60320,1789156079.537691,5982307.254000001,192964.18600000002,88382628,85002632,430926426,8152,22278,16055203,4854877131,11084516.6,792647.104,17A/3B419B20,17A/3B462648,1,1.0005362033843994,6298436,6295060.567218858,6.003437583178385,4066,4063.820965444735,4062,4059.823109108833,0.0,0.0,7008514.011067655,0.0,streaming,17A/3B417CD0,17A/3B30FFD0,17A/3B30FAC8,7760,1088336,2242848,1089624,0.113086,0.113086,0.113086,1081028.3489406663,True,32388976,reserved,3.9,37.7,0.0,7090470.065953653,0.0,17.99035351156056,7082009.602482799,220948.526652231,1003.92,1
2026-09-13T22:06:42.051445+00:00,1789337202.0514455,F_lat_northeurope_rep3,r3-pub,F01,load,16,1,1000,6,99.5,2302416271,22050320,806214984285,60320,1789156079.537691,5982343.120999999,192964.18600000002,88386700,85002632,430930496,8152,22278,16055203,4854922460,11084516.6,792656.533,17A/3BA54000,17A/3BA6E4D0,1,1.000777006149292,6309321,6304422.425008034,6.01236574650577,4072,4068.838487474756,4070,4066.840040280515,0.0,0.0,6525201.87801541,0.0,streaming,17A/3BA4FFE0,17A/3B945F10,17A/3B945540,16416,1106160,1559624,1108672,0.113098,0.266742,0.113098,19033.21107795166,True,38919248,reserved,3.3,37.7,0.0,14983813.48478248,0.0,28.977484316495072,6573817.103686115,239736.72309194645,1003.92,1
2026-09-13T22:06:43.052244+00:00,1789337203.052245,F_lat_northeurope_rep3,r3-pub,F01,load,16,1,1000,6,99.5,2302440946,22050320,806221294430,60320,1789156079.537691,5982373.4350000005,192964.18600000002,88390764,85002632,430934557,8152,22278,16055203,4854967864,11084516.6,792666.779,17A/3BF86000,17A/3C07A340,1,1.0007994174957275,6310145,6305104.589079098,6.0130163088599184,4064,4060.7537623964986,4061,4057.7561587333125,0.0,0.0,5443328.507955748,0.0,streaming,17A/3BF83FD8,17A/3BF83FD8,17A/3BF83F10,8232,8232,817472,8432,0.113603,0.113603,0.113603,-1099361.1514613987,True,44366928,reserved,2.7,37.7,32741.825611763896,13841606.777373187,0.9992012210621306,17.985621979118353,5493241.606551465,244565.49006838814,1003.91,1
2026-09-13T22:06:44.052807+00:00,1789337204.0528073,F_lat_northeurope_rep3,r3-pub,F01,load,16,1,1000,6,99.5,2302465725,22050320,806227638076,60320,1789156079.537691,5982427.029999999,192964.18600000002,88394845,85002632,430938635,8152,22278,16055203,4855013301,11084516.6,792677.36,17A/3C63E000,17A/3C687C40,1,1.0005624294281006,6343646,6340080.1523458045,6.0463716052492185,4081,4078.7060157081946,4078,4075.707702048032,0.0,0.0,7041159.844495496,0.0,streaming,17A/3C63BD00,17A/3C52FFF8,17A/3C52FB30,8960,1105928,1650272,1107152,0.095186,0.107490,0.095186,1098102.3948980416,True,51412048,reserved,6.4,37.6,0.0,15511020.145810135,0.0,23.986509281302787,7095594.2289957525,230981.08943796536,1003.91,1
2026-09-13T22:06:45.053399+00:00,1789337205.0533993,F_lat_northeurope_rep3,r3-pub,F01,load,16,1,1000,6,99.5,2302490498,22050320,806233976557,60320,1789156079.537691,5982461.137,192964.18600000002,88398919,85002632,430942706,8152,22278,16055203,4855058779,11084516.6,792687.2,17A/3CC7C000,17A/3CC95618,1,1.0005919933319092,6338481,6334730.881558678,6.041270143088034,4074,4071.5896460792505,4071,4068.5914210085,0.0,0.0,6541535.454630411,0.0,streaming,17A/3CC79CA8,17A/3CB6FC18,17A/3CB6F638,9048,1098728,2019680,1100232,0.113542,0.113542,0.113542,-6915.905829864609,True,57957456,reserved,1.2,37.6,0.0,6549722.607890274,0.0,11.99290028300221,6576318.863084545,238679.70320723925,1003.9,1
2026-09-13T22:06:46.054194+00:00,1789337206.054194,F_lat_northeurope_rep3,r3-pub,F01,load,16,1,1000,6,99.5,2302515307,22050320,806240304509,60320,1789156079.537691,5982499.154000001,192964.18600000002,88402994,85002632,430946778,8152,22278,16055203,4855104085,11084516.6,792696.975,17A/3D212000,17A/3D2A7548,1,1.0007946491241455,6327952,6322927.491207077,6.030013552863195,4075,4071.764376004881,4072,4068.7667580593557,0.0,0.0,5852629.213321686,0.0,streaming,17A/3D20FB78,17A/3D105B90,17A/3D105B90,9352,1098864,1723472,1098864,0.113269,0.113269,0.113269,-1366.9137831594298,True,63814736,reserved,4.8,37.6,0.0,14488326.86374739,0.0,36.97062132814248,5903412.858142807,226722.83489782465,1003.9,1
2026-09-13T22:06:47.054567+00:00,1789337207.054567,F_lat_northeurope_rep3,r3-pub,F01,load,16,1,1000,6,99.5,2302540225,22050320,806246689917,60320,1789156079.537691,5982545.532,192964.18600000002,88407093,85002632,430950874,8152,22278,16055203,4855149363,11084516.6,792706.161,17A/3D848000,17A/3D8C1E08,1,1.000373125076294,6385408,6383026.332812583,6.087328274548133,4099,4097.471130771719,4096,4094.472249729436,0.0,0.0,6510210.877069804,0.0,streaming,17A/3D845C90,17A/3D739F50,17A/3D739500,9072,1106096,2036744,1108736,0.113174,0.113174,0.113174,9868.317883136962,True,70327376,reserved,5.0,37.6,0.0,14912067.933514606,0.0,19.992540281882015,6539729.862796002,216357.27167649896,1003.89,1
2026-09-13T22:06:48.055678+00:00,1789337208.055679,F_lat_northeurope_rep3,r3-pub,F01,load,16,1,1000,6,99.5,2302565174,22050321,806253080259,60320,1789156079.537691,5982587.9969999995,192964.18600000002,88411203,85002632,430954981,8152,22278,16055203,4855195060,11084516.6,792714.803,17A/3DE7C000,17A/3DEDDD98,1,1.0011119842529297,6390342,6383243.933263602,6.087535794509508,4110,4105.434821127477,4107,4102.438153374829,0.0,0.0,6497223.190124812,0.0,streaming,17A/3DE77FE8,17A/3DD75F78,17A/3DD75F78,16408,1073288,1366888,1073288,0.113640,0.293085,0.113640,-35408.626165286325,True,76831824,reserved,6.9,37.6,0.0,6497223.190124812,0.0,11.986671010591174,6524146.25210385,236697.79577839127,1003.89,1
2026-09-13T22:06:49.056004+00:00,1789337209.056004,F_lat_northeurope_rep3,r3-pub,F01,load,16,1,1000,6,99.5,2302590081,22050321,806259478132,60320,1789156079.537691,5982623.0879999995,192964.18600000002,88415305,85002632,430959080,8152,22278,16055203,4855241132,11084516.6,792724.049,17A/3E41C000,17A/3E4F98E8,1,1.0003249645233154,6397873,6395794.593658648,6.099505036982201,4102,4100.667428563802,4099,4097.6684031406685,0.0,0.0,5896323.903913251,0.0,streaming,17A/3E417D98,17A/3E417D98,17A/3E417D18,17000,17000,1071512,17128,0.104486,0.206764,0.104486,-1055816.8969653693,True,82730064,reserved,4.8,37.6,0.0,14302680.136367353,0.0,19.993502820886405,5917535.01105593,266967.2451164499,1003.88,1
2026-09-13T22:06:50.056610+00:00,1789337210.0566108,F_lat_northeurope_rep3,r3-pub,F01,load,16,1,1000,6,99.5,2302614997,22050321,806265854730,60320,1789156079.537691,5982658.457,192964.18600000002,88419405,85002632,430963177,8152,22278,16055203,4855286686,11084516.6,792734.664,17A/3EA64000,17A/3EB10310,1,1.0006067752838135,6376598,6372731.184227023,6.0775100557584985,4100,4097.513729943584,4097,4094.5155491655764,0.0,0.0,6582373.978161234,0.0,streaming,17A/3EA61F88,17A/3EA61F88,17A/3EA61E38,8312,8312,450856,8648,0.113389,0.286619,0.113389,-8474.857665834534,True,89316432,reserved,5.0,37.7,0.0,11412723.041737266,0.0,86.94724256221751,6640345.802291195,248980.92452885487,1003.88,1
2026-09-13T22:06:51.056732+00:00,1789337211.0567324,F_lat_northeurope_rep3,r3-pub,F01,load,16,1,1000,6,99.5,2302639774,22050321,806272209289,60320,1789156079.537691,5982700.68,192964.18600000002,88423485,85002632,430967253,8152,22278,16055203,4855332323,11084516.6,792745.147,17A/3F1098B0,17A/3F123970,1,1.0001215934753418,6354559,6353786.421027488,6.059442921664703,4080,4079.503958935962,4076,4075.504445250731,0.0,0.0,6968672.654873375,0.0,streaming,17A/3F107F70,17A/3EF9BFC8,17A/3EF9B4F0,6464,1497320,2288560,1500096,0.113325,0.113325,0.113325,1491266.6717027263,True,96285952,reserved,6.2,37.6,0.0,17676186.691029448,0.0,64.9920973850092,7006903.00631208,202346.39599848766,1003.87,1
2026-09-13T22:06:52.057136+00:00,1789337212.0571363,F_lat_northeurope_rep3,r3-pub,F01,load,16,1,1000,6,99.5,2302664576,22050321,806278579323,60320,1789156079.537691,5982728.875,192964.18600000002,88427562,85002632,430971328,8152,22278,16055203,4855378046,11084516.6,792755.706,17A/3F646000,17A/3F7385A8,1,1.000403881072998,6370034,6367462.302492995,6.0724852585725735,4077,4075.354041636817,4075,4073.3548490728544,0.0,0.0,5488295.381372442,0.0,streaming,17A/3F643D60,17A/3F643D60,17A/3F643208,8864,8864,563168,11768,0.113616,0.113616,0.113616,-1487727.1351683198,True,6180576,reserved,7.1,37.7,0.0,5527367.600842517,0.0,14.99394422971603,5492615.636503163,254114.3680163813,1003.86,1
2026-09-13T22:06:53.057239+00:00,1789337213.0572398,F_lat_northeurope_rep3,r3-pub,F01,load,16,1,1000,6,99.5,2302689297,22050321,806284888398,60320,1789156079.537691,5982761.762,192964.18600000002,88431625,85002632,430975391,8152,22278,16055203,4855423037,11084516.6,792765.597,17A/3FC7BF58,17A/3FD3E6B0,1,1.00010347366333,6309075,6308422.244440535,6.016180271568809,4063,4062.5796300031134,4063,4062.5796300031134,0.0,0.0,6511798.20038534,0.0,streaming,17A/3FC79FF0,17A/3FC79FF0,17A/3FC79B28,8040,8040,906680,9264,0.113360,0.285727,0.113360,-2503.7409287540722,True,12693048,reserved,4.4,37.6,0.0,14916088.577672312,0.0,18.998034203804863,6570050.172840354,237864.38730047026,1003.86,1
2026-09-13T22:06:54.057942+00:00,1789337214.0579426,F_lat_northeurope_rep3,r3-pub,F01,load,16,1,1000,6,99.5,2302714030,22050322,806291211110,60320,1789156079.537691,5982846.934,192964.18600000002,88435690,85002632,430979450,8152,22278,16055203,4855468144,11084516.6,792774.279,17A/40313480,17A/40344A08,1,1.0007028579711914,6322712,6318271.152756137,6.025572922474038,4065,4062.1448890845727,4059,4056.1491032704257,0.0,0.0,6906417.769218527,0.0,streaming,17A/40311B40,17A/40203DF0,17A/40203DF0,6464,1111696,2209032,1111696,0.102359,0.155478,0.102359,1101657.6911102787,True,19604320,reserved,10.3,37.7,0.0,15345118.561100453,0.0,22.98384562089672,6937243.103386692,201062.6814916045,1003.85,1
2026-09-13T22:06:55.058438+00:00,1789337215.058439,F_lat_northeurope_rep3,r3-pub,F01,load,16,1,1000,6,99.5,2302738498,22050322,806297465122,60320,1789156079.537691,5982879.950999999,192964.18600000002,88439719,85002632,430983476,8152,22278,16055203,4855512936,11084516.6,792782.501,17A/409419B8,17A/409419B8,1,1.0004963874816895,6254012,6250909.126960198,5.961331488571356,4029,4027.0010470914735,4026,4024.0025355150838,0.0,0.0,6477992.40566335,0.0,streaming,17A/408D2020,17A/40835C78,17A/40835BA8,457112,1097024,2505592,1097232,0.113802,0.113802,0.113802,-14456.823813633922,True,26085528,reserved,2.3,37.6,0.0,14885666.941273753,0.0,18.99057331713527,6340718.546688507,254860.49044296687,1003.85,1
2026-09-13T22:06:56.058577+00:00,1789337216.0585773,F_lat_northeurope_rep3,r3-pub,F01,load,16,1,1000,6,99.5,2302762987,22050322,806303729860,60320,1789156079.537691,5982907.811000001,192964.18600000002,88443756,85002632,430987510,8152,22278,16055203,4855557769,11084516.6,792791.516,17A/40E69E28,17A/40F421B8,1,1.000138282775879,6264738,6263871.814417752,5.973693670671227,4037,4036.4418296191266,4034,4033.4422444100956,0.0,0.0,5407108.290056173,0.0,streaming,17A/40E67ED0,17A/40E67ED0,17A/40E679C8,8024,8024,1167640,9312,0.113233,0.286228,0.113233,-1087769.580202933,True,31493384,reserved,3.7,37.7,0.0,5561598.926662096,0.0,14.997926045154049,5642559.73117731,240641.72339449672,1003.84,1
2026-09-13T22:06:57.059674+00:00,1789337217.059675,F_lat_northeurope_rep3,r3-pub,F01,load,16,1,1000,6,99.5,2302787404,22050322,806309991170,60320,1789156079.537691,5982947.847000001,192964.18600000002,88447779,85002632,430991529,8152,22278,16055203,4855602383,11084516.6,792801.226,17A/41524000,17A/41547D78,3,1.0010976791381836,6261310,6254444.6266124435,5.964703203785366,4023,4018.58887882278,4019,4014.593264725019,0.0,0.0,7046049.698239638,0.0,streaming,17A/4151FFE0,17A/4141BC90,17A/4141BC90,16416,1082224,2395496,1082224,0.114323,0.114323,0.114323,1071735.5782141453,True,38547168,reserved,3.5,37.6,0.0,15437262.838631377,0.0,21.97587753768361,7089372.144094608,221895.4300156136,1003.84,1
2026-09-13T22:06:58.061065+00:00,1789337218.0605552,F_lat_northeurope_rep3,r3-pub,F01,load,16,1,1000,6,99.5,2302811906,22050322,806316254463,60320,1789156079.537691,5982976.395,192964.18600000002,88451817,85002632,430995565,8152,22278,16055203,4855647391,11084516.6,792809.903,17A/41A44000,17A/41B478B8,4,1.000880241394043,6263293,6257784.638925811,5.967888487745105,4038,4034.448711242221,4036,4032.4504701767223,0.0,0.0,5369225.785209895,0.0,streaming,17A/41A41D58,17A/41A41D58,17A/41A41890,8872,8872,786072,10096,0.112693,0.112693,0.112693,-1071185.098535587,True,43921120,reserved,4.7,37.6,0.0,13750456.279196074,0.0,15.985928523990971,5429202.990790844,232247.56607867184,1003.83,1
2026-09-13T22:06:59.064288+00:00,1789337219.0642886,F_lat_northeurope_rep3,r3-pub,F01,load,16,1,1000,6,99.5,2302836399,22050322,806322527710,60320,1789156079.537691,5983016.759,192964.18600000002,88455850,85002632,430999595,8152,22278,16055203,4855692203,11084516.6,792818.827,17A/42102000,17A/42149FC8,1,1.0037333965301514,6273247,6249913.594273394,5.960382074616808,4033,4017.9992156700664,4030,4015.0103742004385,0.0,0.0,7043400.194154675,0.0,streaming,17A/420FFD10,17A/41FFFB78,17A/41FFE938,8944,1057928,1976176,1062600,0.094831,0.106855,0.094831,1048589.2007164909,True,50990816,reserved,4.5,37.6,0.0,15425291.27109193,0.0,20.921890287396824,7087396.936868091,221347.62155771916,1003.83,1
2026-09-13T22:07:00.065535+00:00,1789337220.0655355,F_lat_northeurope_rep3,r3-pub,F01,load,16,1,1000,6,99.5,2302860856,22050323,806328792889,60320,1789156079.537691,5983049.204,192964.18600000002,88459875,85002632,431003617,8152,22278,16055203,4855736611,11084516.6,792827.392,17A/42730000,17A/42745D90,1,1.0012469291687012,6265179,6257376.494729177,5.967499251107385,4025,4019.9873605023795,4022,4016.9910966311977,0.0,0.0,6471802.121161062,0.0,streaming,17A/42725FD8,17A/42625E30,17A/42625E30,41000,1090000,2650632,1090000,0.094831,0.206756,0.094831,27365.876690128,True,57470688,reserved,3.1,37.6,0.0,6594529.089324673,0.0,29.96263871181898,6483520.509161254,233124.31049730757,1003.82,1
2026-09-13T22:07:01.065965+00:00,1789337221.0659654,F_lat_northeurope_rep3,r3-pub,F01,load,16,1,1000,6,99.5,2302885340,22050323,806335044615,60320,1789156079.537691,5983085.073000001,192964.18600000002,88463900,85002632,431007639,8152,22278,16055203,4855781164,11084516.6,792835.893,17A/42C56000,17A/42D47108,1,1.0004298686981201,6251726,6249039.733425291,5.959548695969859,4025,4023.2705219385493,4022,4020.2718109905204,0.0,0.0,5396208.338946552,0.0,streaming,17A/42C51CD0,17A/42C51CD0,17A/42C51C88,17200,17200,347960,17272,0.112844,0.112844,0.112844,-1072267.065952322,True,62869216,reserved,2.1,37.6,0.0,13924510.288890155,0.0,27.987968848268167,5461021.4778069295,243749.2198401995,1003.82,1
2026-09-13T22:07:02.066840+00:00,1789337222.066841,F_lat_northeurope_rep3,r3-pub,F01,load,16,1,1000,6,99.5,2302909896,22050323,806341305265,60320,1789156079.537691,5983128.710000001,192964.18600000002,88467934,85002632,431011670,8152,22278,16055203,4855825644,11084516.6,792845.369,17A/4331A000,17A/4334B008,1,1.000875473022461,6260650,6255173.764118709,5.965398563498219,4034,4030.4714309943647,4031,4027.4740551160844,0.0,0.0,7088066.5889199935,0.0,streaming,17A/43317FF0,17A/43209CD0,17A/43209808,8208,1114928,1610360,1116152,0.113655,0.113655,0.113655,1097918.8017082517,True,69963488,reserved,3.3,37.6,0.0,15497983.933163982,0.0,21.980756440722864,7148489.690124955,228690.78738515894,1003.81,1
2026-09-13T22:07:03.067685+00:00,1789337223.0676856,F_lat_northeurope_rep3,r3-pub,F01,load,16,1,1000,6,99.5,2302934730,22050323,806347666603,60320,1789156079.537691,5983161.885,192964.18600000002,88472020,85002632,431015753,8152,22278,16055203,4855870979,11084516.6,792855.363,17A/4395A000,17A/4395BD20,1,1.0008447170257568,6361338,6355969.004766491,6.061524395719997,4086,4082.551399324463,4083,4079.5539313367067,0.0,0.0,6548068.734853843,0.0,streaming,17A/4386F9B8,17A/43851E50,17A/43851840,967528,1089232,2406072,1090784,0.114273,0.114273,0.114273,-25346.58930446965,True,76524544,reserved,2.3,37.6,0.0,6572623.992609545,0.0,11.989871951026323,5810097.112048152,244968.07129940658,1003.8,1
2026-09-13T22:07:04.068041+00:00,1789337224.0680413,F_lat_northeurope_rep3,r3-pub,F01,load,16,1,1000,6,99.5,2302959475,22050323,806354001371,60320,1789156079.537691,5983195.333000001,192964.18600000002,88476097,85002632,431019827,8152,22278,16055203,4855916329,11084516.6,792864.679,17A/43E92000,17A/43F6E3B8,1,1.0003557205200195,6334768,6332515.394330897,6.039157289820573,4077,4075.550243148142,4074,4072.551309930225,0.0,0.0,5470310.098447112,0.0,streaming,17A/43E8FD68,17A/43E8FD68,17A/43E8FD68,8856,8856,690008,8856,0.113544,0.113544,0.113544,-1081543.272864553,True,81989344,reserved,5.4,37.6,0.0,13864124.246513415,0.0,15.994310495553169,6295981.390225835,236549.8543627955,1003.8,1
2026-09-13T22:07:05.068527+00:00,1789337225.0685277,F_lat_northeurope_rep3,r3-pub,F01,load,16,1,1000,6,99.5,2302984368,22050323,806360375384,60320,1789156079.537691,5983245.899,192964.18600000002,88480197,85002632,431023924,8152,22278,16055203,4855961774,11084516.6,792874.685,17A/44742000,17A/44748800,2,1.0004863739013672,6374013,6370914.353530597,6.075777390986058,4100,4098.006836427137,4097,4095.008294839508,0.0,0.0,9105075.52889277,0.0,streaming,17A/44660E20,17A/44635E90,17A/4462AE78,938464,1114480,2833864,1159560,0.103411,0.155945,0.103411,1150144.5996839153,True,91115232,reserved,6.0,37.6,65504.140495631436,17526451.591362387,1.9990277250864086,26.986874288666517,6847485.561732785,225514.3157224479,1003.79,1
2026-09-13T22:07:06.069810+00:00,1789337226.0698104,F_lat_northeurope_rep3,r3-pub,F01,load,16,1,1000,6,99.5,2303009297,22050324,806366772393,60320,1789156079.537691,5983281.723999999,192964.18600000002,88484298,85002632,431028022,8152,22278,16055203,4856008380,11084516.6,792887.579,17A/44D92000,17A/44E233B8,2,1.0012826919555664,6397009,6388814.119523278,6.0928479380829605,4101,4095.7464190162877,4098,4092.7502621625817,0.0,0.0,6610656.564004339,0.0,streaming,17A/44D8FFD0,17A/44C7DFD8,17A/44C7DAD0,8240,1130536,1594320,1131824,0.108054,0.255703,0.108054,-27700.468831464463,True,97717984,reserved,8.3,37.9,0.0,15184874.483653532,0.0,25.966692732119846,6316337.0852321265,214990.23375663502,1003.79,1
2026-09-13T22:07:07.070839+00:00,1789337227.070839,F_lat_northeurope_rep3,r3-pub,F01,load,16,1,1000,6,99.5,2303075064,22050325,806375675923,60320,1789156079.537691,5983326.290000001,192964.18600000002,88488399,85002632,431032166,8165,22329,16055203,4856166982,11084516.6,792899.849,17A/4542A000,17A/4545B3C0,1,1.0010285377502441,8903530,8894381.792561267,8.482343475877062,4101,4096.786300635114,4144,4139.74211895438,12.986642747685071,50.94759847168759,6906943.947411267,0.0,streaming,17A/45427ED0,17A/45318000,17A/45316388,8496,1122304,2219920,1129592,0.113513,0.113513,0.113513,-2229.7066625256216,True,104632032,reserved,8.8,37.7,0.0,6976504.401857945,0.0,21.97739541915935,6812176.419391333,234208.10811938596,1003.78,1
2026-09-13T22:07:08.071886+00:00,1789337228.0718453,F_lat_northeurope_rep3,r3-pub,F01,load,16,1,1000,6,99.5,2303099816,22050325,806382014807,60320,1789156079.537691,5983354.131999999,192964.18600000002,88492471,85002632,431036235,8165,22329,16055203,4856212315,11084516.6,792910.611,17A/4594F8B8,17A/45A4A938,1,1.0010063648223877,6338884,6332511.183507541,6.0391532740664875,4072,4067.9062022972353,4069,4064.9092183564467,0.0,0.0,5391238.447277556,0.0,streaming,17A/4594DFC0,17A/4594DFC0,17A/4594D9E8,6392,6392,1429352,7888,0.112593,0.273336,0.112593,-1120576.2914394937,True,110028696,reserved,2.7,37.6,0.0,13822377.645375935,0.0,29.969839407887292,5436601.795199981,235464.0372759481,1003.78,1
2026-09-13T22:07:09.072225+00:00,1789337229.0721676,F_lat_northeurope_rep3,r3-pub,F01,load,16,1,1000,6,99.5,2303123191,22050325,806387974316,60320,1789156079.537691,5983387.857000001,192964.18600000002,88496315,85002632,431040076,8165,22329,16055203,4856254962,11084516.6,792919.76,17A/45F8D8F8,17A/45FFE6B0,1,1.0003223419189453,5959509,5957588.619452119,5.681599254085654,3844,3842.761316943048,3841,3839.7622836571923,0.0,0.0,6543362.799878731,0.0,streaming,17A/45F8BFD8,17A/45E8BEE0,17A/45E8B338,6432,1055256,1770896,1058240,0.112679,0.112679,0.112679,1050013.5366216868,True,116574168,reserved,4.4,37.6,0.0,14998813.253753882,0.0,35.988399430267876,6598662.974314386,200314.43026215685,1003.77,1
2026-09-13T22:07:10.072332+00:00,1789337230.0722582,F_lat_northeurope_rep3,r3-pub,F01,load,16,1,1000,6,99.5,2303146553,22050325,806393947473,60320,1789156079.537691,5983427.375,192964.18600000002,88500153,85002632,431043911,8165,22329,16055203,4856297727,11084516.6,792928.245,17A/4653C000,17A/465ACF88,1,1.0000905990600586,5973157,5972615.886614582,5.69593037282427,3838,3837.652312307673,3835,3834.652584080231,0.0,0.0,5956844.3155041,0.0,streaming,17A/46537FD0,17A/4642BD98,17A/4642B810,16432,1114728,2575672,1116144,0.112985,0.285522,0.112985,57898.75442727032,True,122531552,reserved,5.2,37.6,0.0,14428900.755153904,0.0,23.9978258195373,5985034.761476193,229355.22063259117,1003.77,1
2026-09-13T22:07:11.072799+00:00,1789337231.072799,F_lat_northeurope_rep3,r3-pub,F01,load,16,1,1000,6,99.5,2303169548,22050325,806399826535,60320,1789156079.537691,5983455.249,192964.18600000002,88503942,85002632,431047696,8165,22329,16055203,4856340061,11084516.6,792935.664,17A/46A68000,17A/46B49580,1,1.0005407333374023,5879062,5875884.7132488135,5.6036803371894965,3789,3786.9522686611836,3785,3782.954430425595,0.0,0.0,5420173.131693201,0.0,streaming,17A/46A65DB0,17A/46A65DB0,17A/46A65DB0,8784,8784,800168,8784,0.112971,0.112971,0.112971,-1106761.5371403135,True,127954656,reserved,3.9,37.7,40937.86353242599,5804989.048898005,2.9983786766913565,76.95838603507815,5481468.986980802,229091.1227926031,1003.76,1
2026-09-13T22:07:12.073386+00:00,1789337232.0733867,F_lat_northeurope_rep3,r3-pub,F01,load,16,1,1000,6,99.5,2303192551,22050326,806405720562,60320,1789156079.537691,5983490.614,192964.18600000002,88507730,85002632,431051482,8165,22329,16055203,4856381995,11084516.6,792943.134,17A/470AE000,17A/470F4710,1,1.0005877017974854,5894027,5890565.104299999,5.617680649089812,3788,3785.775093172867,3786,3783.776267886081,0.0,0.0,6574312.264864709,0.0,streaming,17A/46FFFBE0,17A/46F9DFE0,17A/46F9DF90,713760,1114144,2228848,1114224,0.113189,0.283816,0.113189,1104790.7125124114,True,134532832,reserved,6.6,37.6,0.0,15072613.797778243,0.0,32.9806172319706,5893692.266461175,192074.11769577977,1003.76,1
2026-09-13T22:07:13.103578+00:00,1789337233.102474,F_lat_northeurope_rep3,r3-pub,F01,load,16,1,1000,6,99.5,2303215939,22050326,806411731966,60320,1789156079.537691,5983523.714,192964.18600000002,88511585,85002632,431055334,8165,22329,16055203,4856424760,11084516.6,792951.872,17A/4762AD48,17A/476E1F40,1,1.0290873050689697,6011404,5841490.775748238,5.570879722355116,3855,3746.0378541368136,3852,3743.122649581065,0.0,0.0,5591541.137138363,0.0,streaming,17A/47629CC8,17A/47629CC8,17A/47629230,4224,4224,756672,6936,0.113314,0.113314,0.113314,-1075990.3407085459,True,140287016,reserved,9.9,37.7,0.0,8517683.540380023,0.0,112.72124282227507,6317842.974036357,234222.11003161268,1003.75,1
2026-09-13T22:07:14.103377+00:00,1789337234.1033003,F_lat_northeurope_rep3,r3-pub,F01,load,16,1,1000,6,99.5,2303239392,22050326,806417724749,60320,1789156079.537691,5983556.325999999,192964.18600000002,88515452,85002632,431059198,8165,22329,16055203,4856467345,11084516.6,792960.453,17A/47C76000,17A/47CA7C90,1,1.000826358795166,5992783,5987834.89996641,5.710444354978953,3867,3863.8071090126423,3864,3860.8095860421126,0.0,0.0,6593903.070203465,0.0,streaming,17A/47C73BD0,17A/47B73BE8,17A/47B73BE8,9264,1057816,2219408,1057816,0.112261,0.112261,0.112261,1050012.3130900455,True,146886368,reserved,5.1,37.7,0.0,6605485.498961591,0.0,11.990091882118362,6659844.578857822,189551.3625644092,1003.75,1
2026-09-13T22:07:15.103846+00:00,1789337235.1038458,F_lat_northeurope_rep3,r3-pub,F01,load,16,1,1000,6,99.5,2303263426,22050326,806423869653,60320,1789156079.537691,5983594.43,192964.18600000002,88519413,85002632,431063154,8165,22329,16055203,4856511119,11084516.6,792968.654,17A/48212000,17A/48289A98,1,1.0005455017089844,6144904,6141553.771921597,5.857042095109556,3961,3958.8404457712354,3956,3953.843171792731,0.0,0.0,5878649.186822069,0.0,streaming,17A/4820FE88,17A/4810DF20,17A/4810D950,8568,1065184,1920808,1066672,0.112261,0.284916,0.112261,8851.171670727104,True,152768224,reserved,5.4,37.7,0.0,9640820.915714465,0.0,37.979282236633914,5922251.401739316,222262.75528714727,1003.74,1
2026-09-13T22:07:16.104118+00:00,1789337236.1041183,F_lat_northeurope_rep3,r3-pub,F01,load,16,1,1000,6,99.5,2303287552,22050326,806430031748,60320,1789156079.537691,5983632.438999999,192964.18600000002,88523384,85002632,431067123,8165,22329,16055203,4856555465,11084516.6,792977.321,17A/48832000,17A/4887A698,1,1.000272512435913,6162095,6160416.209972382,5.8750307178233925,3971,3969.9181479351305,3969,3967.918692811517,0.0,0.0,6420778.258076434,0.0,streaming,17A/4882FD48,17A/48725B80,17A/48725B80,8888,1098880,2172240,1098880,0.111956,0.111956,0.111956,32199.225310676073,True,159190752,reserved,7.9,37.7,0.0,15445902.799403258,0.0,26.99264416878583,6465084.184160591,225527.54094045283,1003.74,1
2026-09-13T22:07:17.104960+00:00,1789337237.1049602,F_lat_northeurope_rep3,r3-pub,F01,load,16,1,1000,6,99.5,2303312205,22050326,806436345769,60320,1789156079.537691,5983669.222000001,192964.18600000002,88527436,85002632,431071173,8165,22329,16055203,4856600335,11084516.6,792986.017,17A/48E68000,17A/48E80F48,1,1.0008418560028076,6314021,6308709.974637879,6.01645467246807,4052,4048.5916688007032,4050,4046.5933510964583,0.0,0.0,6507161.906687614,0.0,streaming,17A/48E65FC8,17A/48D5DFC8,17A/48D5D4A0,8248,1089592,1496816,1092448,0.113814,0.280206,0.113814,-6426.589736852449,True,165703392,reserved,4.1,37.7,0.0,15089249.025130335,0.0,34.970559824290376,6554736.855431431,242292.0250043177,1003.73,1
2026-09-13T22:07:18.105308+00:00,1789337238.1053078,F_lat_northeurope_rep3,r3-pub,F01,load,16,1,1000,6,99.5,2303336903,22050326,806442649637,60320,1789156079.537691,5983704.348999999,192964.18600000002,88531499,85002632,431075233,8165,22329,16055203,4856645343,11084516.6,792995.751,17A/49434000,17A/494A19C0,2,1.00034761428833,6303868,6301677.446879017,6.0097479313650295,4063,4061.5881339313337,4060,4058.5891764118173,0.0,0.0,6076351.77330268,0.0,streaming,17A/49431FF8,17A/49321F00,17A/49321978,8200,1122560,2406928,1123976,0.112658,0.112658,0.112658,31517.044225101425,True,171781856,reserved,4.1,37.7,0.0,6096824.65663591,0.0,12.995482584569858,6115261.247813389,226485.2704838835,1003.72,1
2026-09-13T22:07:19.106758+00:00,1789337239.106758,F_lat_northeurope_rep3,r3-pub,F01,load,16,1,1000,6,99.5,2303362148,22050327,806449105410,60320,1789156079.537691,5983737.777000001,192964.18600000002,88535658,85002632,431079389,8165,22329,16055203,4856691244,11084516.6,793005.446,17A/49A90000,17A/49AC4F90,1,1.0014503002166748,6455773,6446423.750238252,6.147788763273479,4159,4152.976936648933,4156,4149.981281248609,0.0,0.0,6658630.986038191,0.0,streaming,17A/49A8DC88,17A/4997FE30,17A/4997F860,9080,1114576,1887152,1116064,0.114713,0.114713,0.114713,-7900.54184245404,True,178450144,reserved,5.2,37.7,0.0,15043270.741184562,0.0,18.972484202050907,6727835.618544673,232115.36303869143,1003.72,1
2026-09-13T22:07:20.107588+00:00,1789337240.107588,F_lat_northeurope_rep3,r3-pub,F01,load,16,1,1000,6,99.5,2303387324,22050327,806455551594,60320,1789156079.537691,5983777.891000001,192964.18600000002,88539815,85002632,431083542,8165,22329,16055203,4856737480,11084516.6,793013.994,17A/4A0DC000,17A/4A10B158,4,1.0008299350738525,6446184,6440838.522205401,6.1424622747472775,4157,4153.5528208328915,4153,4149.556137820303,0.0,0.0,6597276.6886841515,0.0,streaming,17A/49FFFFF0,17A/49FC7CA0,17A/49FC7718,901136,1131360,1276824,1132776,0.113341,0.113341,0.113341,16698.14162659593,True,185052896,reserved,2.7,37.7,0.0,15011669.289139869,0.0,20.982585816091106,5755824.039750488,247138.89076643993,1003.71,1
2026-09-13T22:07:21.110204+00:00,1789337241.1102045,F_lat_northeurope_rep3,r3-pub,F01,load,16,1,1000,6,99.5,2303413007,22050327,806462117277,60320,1789156079.537691,5983809.938999999,192964.18600000002,88544051,85002632,431087776,8165,22329,16055203,4856784295,11084516.6,793023.093,17A/4A65DDC0,17A/4A757C30,1,1.0026164054870605,6565683,6548549.339575647,6.245183314872405,4236,4224.945828551644,4234,4222.951047707191,0.0,0.0,5759714.252027095,0.0,streaming,17A/4A65BF38,17A/4A65BF38,17A/4A65BDE8,7816,7816,860088,8152,0.113577,0.113577,0.113577,-1121689.2062061056,True,190827680,reserved,3.9,37.7,0.0,14135176.64626215,0.0,18.95041802230435,6710395.883390349,246366.40558460107,1003.71,1
2026-09-13T22:07:22.110871+00:00,1789337242.110871,F_lat_northeurope_rep3,r3-pub,F01,load,16,1,1000,6,99.5,2303438706,22050327,806468686007,60320,1789156079.537691,5983845.106000001,192964.18600000002,88548290,85002632,431092012,8165,22329,16055203,4856831397,11084516.6,793031.793,17A/4ACB8000,17A/4AD9B280,1,1.000666618347168,6568730,6564354.081132211,6.2602558909723385,4239,4236.176087298372,4236,4233.178085821162,0.0,0.0,6656234.831738105,0.0,streaming,17A/4ACB5F70,17A/4ACB5F70,17A/4ACB5F70,8336,8336,1329680,8336,0.114671,0.114671,0.114671,183.87742393557457,True,99568920,reserved,5.4,37.7,0.0,6823483.340813419,0.0,25.982679469157276,6739795.128910915,242620.2648800362,1003.7,1
2026-09-13T22:07:23.111985+00:00,1789337243.111986,F_lat_northeurope_rep3,r3-pub,F01,load,16,1,1000,6,99.5,2303464354,22050327,806475236956,60320,1789156079.537691,5983885.823000001,192964.18600000002,88552516,85002632,431096235,8165,22329,16055203,4856878517,11084516.6,793041.524,17A/4B332000,17A/4B3E1CA8,1,1.001114845275879,6550949,6543653.838431238,6.240514601165045,4226,4221.293910425866,4223,4218.297251237205,0.0,0.0,6783605.329644819,0.0,streaming,17A/4B32FF98,17A/4B219E00,17A/4B219E00,8296,1147392,1923656,1147392,0.115816,0.115816,0.115816,1137787.5429328075,True,106360088,reserved,8.4,37.7,0.0,15187420.376140872,0.0,20.976614320620723,6840011.4455529675,244719.17598273867,1003.7,1
2026-09-13T22:07:24.113034+00:00,1789337244.1124773,F_lat_northeurope_rep3,r3-pub,F01,load,16,1,1000,6,99.5,2303490016,22050328,806481812897,60320,1789156079.537691,5983919.581,192964.18600000002,88556736,85002632,431100452,8165,22329,16055203,4856925275,11084516.6,793051.834,17A/4B976000,17A/4BA22CD8,1,1.0004913806915283,6575941,6572711.296577872,6.268225952699539,4220,4217.927391921341,4217,4214.928865339407,0.0,0.0,6566757.22229501,0.0,streaming,17A/4B973E28,17A/4B861B58,17A/4B861B58,8664,1131688,1345256,1131688,0.114590,0.114590,0.114590,-15696.287147567002,True,112930072,reserved,3.3,37.7,0.0,14959433.223357834,0.0,19.990177212897354,6602349.732822574,250853.73531806696,1003.69,1
2026-09-13T22:07:25.113011+00:00,1789337245.1130116,F_lat_northeurope_rep3,r3-pub,F01,load,16,1,1000,6,99.5,2303515428,22050328,806488292664,60320,1789156079.537691,5983957.949000001,192964.18600000002,88560916,85002632,431104629,8165,22329,16055203,4856971926,11084516.6,793061.641,17A/4BFA6000,17A/4C055760,1,1.0005342960357666,6479767,6476306.734985089,6.176287398324098,4180,4177.767835207295,4177,4174.7694372394435,0.0,0.0,6484599.304298178,0.0,streaming,17A/4BF9FD80,17A/4BE97D88,17A/4BE97D88,25216,1106552,1638648,1106552,0.110983,0.110983,0.110983,-25122.57710664368,True,119418136,reserved,7.1,37.7,0.0,6500974.555066609,0.0,12.993057860692545,6527477.394704454,246665.2077573337,1003.69,1
2026-09-13T22:07:26.113742+00:00,1789337246.1137424,F_lat_northeurope_rep3,r3-pub,F01,load,16,1,1000,6,99.5,2303540754,22050328,806494763964,60320,1789156079.537691,5984002.896,192964.18600000002,88565079,85002632,431108787,8165,22329,16055203,4857018010,11084516.6,793070.748,17A/4C632000,17A/4C67E440,1,1.0007307529449463,6471300,6466574.531617306,6.167006045930201,4163,4159.960096908325,4158,4154.9637480050005,0.0,0.0,6859883.120207921,0.0,streaming,17A/4C625E78,17A/4C525B48,17A/4C525470,49544,1098936,2392384,1100688,0.114004,0.262500,0.114004,-5859.717993819461,True,126283032,reserved,6.0,37.7,0.0,15340597.812970934,0.0,22.983204955294614,6886163.91543941,211186.67471551822,1003.68,1
2026-09-13T22:07:27.114014+00:00,1789337247.1140141,F_lat_northeurope_rep3,r3-pub,F01,load,16,1,1000,6,99.5,2303565635,22050328,806501132030,60320,1789156079.537691,5984055.024,192964.18600000002,88569182,85002632,431112888,8165,22329,16055203,4857063513,11084516.6,793079.247,17A/4CC7E000,17A/4CC95458,1,1.0002717971801758,6368066,6366335.647922842,6.071410797045557,4103,4101.885119191199,4101,4099.885662637852,0.0,0.0,6600957.878262229,0.0,streaming,17A/4CC63FF0,17A/4CB55FC8,17A/4CB55578,106512,1212472,1716392,1215112,0.107479,0.278999,0.107479,114392.90833008378,True,132885784,reserved,4.7,37.7,0.0,15060994.464173995,0.0,24.993206916836453,6591255.515337113,234033.39038442654,1003.67,1
2026-09-13T22:07:28.114281+00:00,1789337248.1142733,F_lat_northeurope_rep3,r3-pub,F01,load,16,1,1000,6,99.5,2303590509,22050328,806507506409,60320,1789156079.537691,5984096.239,192964.18600000002,88573281,85002632,431116984,8165,22329,16055203,4857109046,11084516.6,793088.816,17A/4D216000,17A/4D2A8C60,1,1.0002591609954834,6374379,6372727.437613323,6.077506482709239,4099,4097.937974315148,4096,4094.938751596693,0.0,0.0,5863952.292286464,0.0,streaming,17A/4D213418,17A/4D10BE68,17A/4D10B828,11240,1089944,1365688,1091544,0.113739,0.113739,0.113739,-123535.98429133304,True,138751256,reserved,2.5,37.7,0.0,14315905.875582037,0.0,24.993522653788407,5994545.447634321,218979.2491198079,1003.67,1
2026-09-13T22:07:29.114532+00:00,1789337249.1145325,F_lat_northeurope_rep3,r3-pub,F01,load,16,1,1000,6,99.5,2303615023,22050328,806513786357,60320,1789156079.537691,5984129.125,192964.18600000002,88577323,85002632,431121023,8165,22329,16055203,4857153589,11084516.6,793097.563,17A/4D84A000,17A/4D8AC0A0,1,1.0002591609954834,6279948,6278320.904104528,5.987473396400955,4042,4040.9527426645095,4039,4037.953519946055,0.0,0.0,6502762.737535548,0.0,streaming,17A/4D847B50,17A/4D73DCE8,17A/4D73DCE8,9392,1098520,1750408,1098520,0.112804,0.112804,0.112804,6974.192561313117,True,145255704,reserved,9.2,37.7,0.0,6510952.615038741,0.0,11.996890873818435,6563205.073239657,227706.98723051083,1003.66,1
2026-09-13T22:07:30.115063+00:00,1789337250.1150553,F_lat_northeurope_rep3,r3-pub,F01,load,16,1,1000,6,99.5,2303639591,22050329,806520085174,60320,1789156079.537691,5984165.438000001,192964.18600000002,88581373,85002632,431125071,8165,22329,16055203,4857198506,11084516.6,793108.101,17A/4DE77CE8,17A/4DEA6AA0,1,1.0005228519439697,6298817,6295525.372320771,6.003880855866214,4050,4047.8835562136705,4048,4045.884601371096,0.0,0.0,6475694.170714289,0.0,streaming,17A/4DE75D98,17A/4DD71FF0,17A/4DD71AA8,8016,1072376,2058208,1073728,0.113319,0.113319,0.113319,-24779.044228555387,True,151734784,reserved,2.5,37.7,0.0,14877085.486932553,0.0,18.990071004459196,6526309.706283121,237080.04223903888,1003.66,1
2026-09-13T22:07:31.115904+00:00,1789337251.1158905,F_lat_northeurope_rep3,r3-pub,F01,load,16,1,1000,6,99.5,2303663949,22050329,806526306578,60320,1789156079.537691,5984198.464,192964.18600000002,88585389,85002632,431129084,8165,22329,16055203,4857243149,11084516.6,793116.761,17A/4E422000,17A/4E499CC8,1,1.0008351802825928,6221404,6216212.342019536,5.928242055911575,4016,4012.648714912334,4013,4009.6512183623495,0.0,0.0,5935035.175644807,0.0,streaming,17A/4E41FB90,17A/4E31BF30,17A/4E31B388,9328,1073360,1808168,1076344,0.112489,0.285859,0.112489,2613.8169915863214,True,157674776,reserved,5.3,37.7,0.0,14438629.141633239,0.0,29.974965499843133,5992898.849045704,213500.68843469935,1003.65,1
2026-09-13T22:07:32.116110+00:00,1789337252.1161106,F_lat_northeurope_rep3,r3-pub,F01,load,16,1,1000,6,99.5,2303688284,22050329,806532533680,60320,1789156079.537691,5984232.822000001,192964.18600000002,88589396,85002632,431133087,8165,22329,16055203,4857287664,11084516.6,793125.27,17A/4EA46000,17A/4EA8D9D0,1,1.0002200603485107,6227102,6225731.963254432,5.937320674185211,4007,4006.118412186039,4003,4002.1192922337696,0.0,0.0,6437495.362526986,0.0,streaming,17A/4EA41B48,17A/4E93DBD8,17A/4E93D030,17592,1082408,2083144,1085392,0.113345,0.113345,0.113345,9046.009332033762,True,164113688,reserved,4.3,37.7,0.0,6466161.054344854,0.0,14.996699821010877,6479692.076703358,230661.2406070041,1003.65,1
2026-09-13T22:07:33.116540+00:00,1789337253.1165404,F_lat_northeurope_rep3,r3-pub,F01,load,16,1,1000,6,99.5,2303712562,22050329,806538729882,60320,1789156079.537691,5984268.635,192964.18600000002,88593394,85002632,431137082,8165,22329,16055203,4857332177,11084516.6,793133.754,17A/4F062000,17A/4F07A3B8,1,1.0004298686981201,6196202,6193539.591199175,5.906619635771919,3998,3996.282123406291,3995,3993.283412458262,0.0,0.0,6403391.382482858,0.0,streaming,17A/4EFFFF10,17A/4EF5BEB8,17A/4EF5BE70,401648,1073480,2305312,1073552,0.113196,0.285250,0.113196,-11834.912541553396,True,170519832,reserved,3.9,37.7,0.0,14817054.612023955,0.0,19.991406320191548,6077143.626181125,236376.38918931285,1003.64,1
2026-09-13T22:07:34.117469+00:00,1789337254.117444,F_lat_northeurope_rep3,r3-pub,F01,load,16,1,1000,6,99.5,2303736871,22050329,806544930039,60320,1789156079.537691,5984311.366,192964.18600000002,88597396,85002632,431141081,8165,22329,16055203,4857376408,11084516.6,793143.688,17A/4F637DC8,17A/4F667C38,1,1.000903606414795,6200157,6194559.556248145,5.907592350242753,4002,3998.387031829206,3999,3995.3897402011485,0.0,0.0,6113331.954030567,0.0,streaming,17A/4F635F70,17A/4F52FC58,17A/4F52FC58,7768,1081712,1375864,1081712,0.114598,0.114598,0.114598,8152.633228317422,True,176638688,reserved,10.2,37.7,0.0,14871426.083993355,0.0,65.94041581727326,6572895.6892913785,223639.91753591035,1003.64,1
2026-09-13T22:07:35.118561+00:00,1789337255.1185617,F_lat_northeurope_rep3,r3-pub,F01,load,16,1,1000,6,99.5,2303761119,22050329,806551139275,60320,1789156079.537691,5984348.049000001,192964.18600000002,88601399,85002632,431145082,8165,22329,16055203,4857420926,11084516.6,793153.039,17A/4FC58000,17A/4FC59EB0,1,1.0011177062988281,6209236,6202303.646147456,5.914977689883667,4003,3998.53081691987,4001,3996.5330498367225,0.0,0.0,6415924.880348426,0.0,streaming,17A/4FBD9150,17A/4FB4FD30,17A/4FB4F7E0,519856,1082064,1462000,1083424,0.114567,0.114567,0.114567,1710.0886231743236,True,183061784,reserved,7.3,37.7,0.0,14810965.690356161,0.0,18.97878728990196,6184129.958992063,231706.02072116354,1003.63,1
2026-09-13T22:07:36.118888+00:00,1789337256.118857,F_lat_northeurope_rep3,r3-pub,F01,load,16,1,1000,6,99.5,2303785418,22050330,806557353140,60320,1789156079.537691,5984381.57,192964.18600000002,88605408,85002632,431149088,8165,22329,16055203,4857465308,11084516.6,793162.969,17A/5021C000,17A/5024B2C8,1,1.0002951622009277,6213865,6212031.443127015,5.924254840018286,4009,4007.8170439004066,4006,4004.8179291257243,0.0,0.0,6043912.0656125005,0.0,streaming,17A/5021A000,17A/50111DB8,17A/50111DB8,8192,1090120,1322752,1090120,0.002261,0.002261,0.002261,6694.024177090826,True,189107480,reserved,4.8,37.7,0.0,6068480.813846697,0.0,12.99616402362317,6398077.52935473,217040.9377191314,1003.63,1
2026-09-13T22:07:37.119168+00:00,1789337257.119168,F_lat_northeurope_rep3,r3-pub,F01,load,16,1,1000,6,99.5,2303809896,22050330,806563616401,60320,1789156079.537691,5984418.902000001,192964.18600000002,88609445,85002632,431153125,8165,22329,16055203,4857510258,11084516.6,793171.835,17A/50842000,17A/508433F8,1,1.0003111362457275,6263261,6261312.878617621,5.971253279321309,4037,4035.744333659309,4037,4035.744333659309,0.0,0.0,6445098.696188324,0.0,streaming,17A/507BB0F8,17A/50739B58,17A/50739B58,552712,1082536,1604904,1082536,0.113258,0.273197,0.113258,-7581.641076658954,True,101933312,reserved,5.2,37.7,0.0,15039928.5331002,0.0,34.98911361854739,6123139.869249017,236056.5542499313,1003.62,1
2026-09-13T22:07:38.120021+00:00,1789337258.120021,F_lat_northeurope_rep3,r3-pub,F01,load,16,1,1000,6,99.5,2303832758,22050330,806569464292,60320,1789156079.537691,5984447.063999999,192964.18600000002,88613221,85002632,431156895,8165,22329,16055203,4857551775,11084516.6,793179.535,17A/50D68000,17A/50E3EF18,1,1.0008530616760254,5847891,5842906.640268592,5.5722299959836885,3776,3772.781584618148,3770,3766.7866986256404,0.0,0.0,5393926.64789339,0.0,streaming,17A/50D65BC8,17A/50D65BC8,17A/50D65B30,9272,9272,828776,9424,0.113341,0.113341,0.113341,-1072197.3495319784,True,107331840,reserved,2.5,37.7,0.0,8189110.183941331,0.0,81.93010856427122,5825906.142741506,234528.93235588804,1003.62,1
2026-09-13T22:07:39.120636+00:00,1789337259.1206226,F_lat_northeurope_rep3,r3-pub,F01,load,16,1,1000,6,99.5,2303857301,22050330,806575734568,60320,1789156079.537691,5984490.566,192964.18600000002,88617268,85002632,431160939,8165,22329,16055203,4857596867,11084516.6,793188.654,17A/51428000,17A/5143E038,1,1.0006015300750732,6270276,6266506.507869874,5.976206310148119,4047,4044.5670712659826,4044,4041.5688747713452,0.0,0.0,7073632.997012267,0.0,streaming,17A/51423B88,17A/5131BF90,17A/5131BF90,17528,1097840,1721776,1097840,0.113356,0.113356,0.113356,1087761.6786357884,True,114409728,reserved,5.4,37.7,0.0,7155503.749292501,0.0,23.98557195709997,7140767.613521358,212985.88258605846,1003.61,1
2026-09-13T22:07:40.121195+00:00,1789337260.121195,F_lat_northeurope_rep3,r3-pub,F01,load,16,1,1000,6,99.5,2303881876,22050330,806582005721,60320,1789156079.537691,5984518.188000001,192964.18600000002,88621320,85002632,431164988,8165,22329,16055203,4857641554,11084516.6,793198.668,17A/5194E000,17A/51A477E8,4,1.0005724430084229,6271153,6267565.176135087,5.977215934882247,4052,4049.681787974137,4049,4046.6835043206515,0.0,0.0,5395439.418427552,0.0,streaming,17A/51949FD8,17A/51949FD8,17A/51949B10,16424,16424,945000,17648,0.113396,0.113396,0.113396,-1079574.0054085287,True,119808256,reserved,6.0,37.7,0.0,8940546.046923956,0.0,32.98112018833823,5460678.073015854,262516.7241366739,1003.6,1
2026-09-13T22:07:41.121900+00:00,1789337261.1219,F_lat_northeurope_rep3,r3-pub,F01,load,16,1,1000,6,99.5,2303906546,22050330,806588292701,60320,1789156079.537691,5984552.047,192964.18600000002,88625381,85002632,431169046,8165,22329,16055203,4857686732,11084516.6,793208.429,17A/51F84000,17A/5204E4E0,2,1.0007050037384033,6286980,6282550.77821465,5.9915073187014105,4061,4058.13899683627,4058,4055.141110357445,0.0,0.0,6508051.799151875,0.0,streaming,17A/51F81FF0,17A/51F81FF0,17A/51F81FF0,8208,8208,244384,8208,0.114404,0.114404,0.114404,-9433.34945336971,True,126320896,reserved,4.3,37.7,0.0,16184174.096758815,0.0,39.97181971766826,6589614.2972857775,238047.17585110862,1003.6,1
2026-09-13T22:07:42.122174+00:00,1789337262.1221645,F_lat_northeurope_rep3,r3-pub,F01,load,16,1,1000,6,99.5,2303931295,22050331,806594621756,60320,1789156079.537691,5984596.514,192964.18600000002,88629458,85002632,431173119,8165,22329,16055203,4857732301,11084516.6,793217.55,17A/52638000,17A/5265CAA8,2,1.0002644062042236,6329055,6327382.0009424575,6.034261704390008,4077,4075.92230085572,4073,4071.9233582009683,0.0,0.0,7026878.049847297,0.0,streaming,17A/52635E98,17A/5252DFE0,17A/5252DFE0,8552,1089568,2412320,1089568,0.113567,0.290625,0.113567,1081074.1572855879,True,133349632,reserved,4.6,37.7,0.0,15572970.410005404,0.0,28.992334246950183,7077292.719895753,209867.50972836287,1003.59,1
2026-09-13T22:07:43.122356+00:00,1789337263.1223567,F_lat_northeurope_rep3,r3-pub,F01,load,16,1,1000,6,99.5,2303956013,22050331,806600940918,60320,1789156079.537691,5984625.028000001,192964.18600000002,88633539,85002632,431177197,8165,22329,16055203,4857777537,11084516.6,793226.272,17A/52B68000,17A/52C66AD8,4,1.0001921653747559,6319162,6317947.909172346,6.025264653370233,4081,4080.2159237779224,4078,4077.216500163285,0.0,0.0,5438442.919578271,0.0,streaming,17A/52B61FC0,17A/52B61FC0,17A/52B61F40,24640,24640,370480,24768,0.113449,0.286059,0.113449,-1064595.4216218407,True,138789120,reserved,6.4,37.7,0.0,5495775.902164186,0.0,18.996349559367932,5491077.804975794,233856.06096240622,1003.59,1
2026-09-13T22:07:44.126427+00:00,1789337264.1229022,F_lat_northeurope_rep3,r3-pub,F01,load,16,1,1000,6,99.5,2303982260,22050331,806607650011,60320,1789156079.537691,5984668.9690000005,192964.18600000002,88637873,85002632,431181528,8165,22329,16055203,4857825481,11084516.6,793236.057,17A/53219FC0,17A/5327B308,1,1.0005455017089844,6709093,6705435.173653288,6.3948013054402235,4334,4331.637084567668,4331,4328.6387201805655,0.0,0.0,7016652.404122202,0.0,streaming,17A/53217BA8,17A/5310DCE0,17A/5310DCE0,9240,1098464,1216872,1098464,0.112834,0.112834,0.112834,1073110.6163248655,True,145809600,reserved,3.9,37.7,0.0,15437594.765672717,0.0,22.987460301120528,7114183.200905878,215573.40433952122,1003.58,1
2026-09-13T22:07:45.126165+00:00,1789337265.1256506,F_lat_northeurope_rep3,r3-pub,F01,load,16,1,1000,6,99.5,2304005377,22050331,806613565375,60320,1789156079.537691,5984709.597999999,192964.18600000002,88641690,85002632,431185343,8165,22329,16055203,4857868361,11084516.6,793244.864,17A/53857EE8,17A/53887288,1,1.0027484893798828,5915364,5899150.24819251,5.625868080322752,3817,3806.5377713612907,3815,3804.5432532730742,0.0,0.0,6527251.917425137,0.0,streaming,17A/53855FD8,17A/5374BC30,17A/5374B5D8,7952,1098424,1590616,1100048,0.114197,0.291914,0.114197,1579.6583258675096,True,152354792,reserved,4.5,37.7,0.0,14909421.613036374,0.0,18.94792183805725,6586027.373707747,243072.91666999538,1003.58,1
2026-09-13T22:07:46.126326+00:00,1789337266.1263266,F_lat_northeurope_rep3,r3-pub,F01,load,16,1,1000,6,99.5,2304030136,22050331,806619905159,60320,1789156079.537691,5984738.743000001,192964.18600000002,88645518,85002632,431189167,8165,22329,16055203,4857909551,11084516.6,793253.449,17A/53D8A000,17A/53E95390,1,1.000675916671753,6339784,6335501.728757613,6.042005280263532,3828,3825.414338672129,3824,3821.417040512597,0.0,0.0,5444280.120300995,0.0,streaming,17A/53D83C78,17A/53D83C78,17A/53D82628,25480,25480,838280,31192,0.114392,0.114392,0.114392,-1068134.0304011852,True,157802752,reserved,2.3,37.7,0.0,13835128.605919413,0.0,17.98784171789402,5504460.443417289,245277.21304250348,1003.57,1
2026-09-13T22:07:47.127147+00:00,1789337267.1271474,F_lat_northeurope_rep3,r3-pub,F01,load,16,1,1000,6,99.5,2304054821,22050331,806626207952,60320,1789156079.537691,5984775.745999999,192964.18600000002,88649845,85002632,431193491,8165,22329,16055203,4857959275,11084516.6,793262.583,17A/54424000,17A/5449BFF8,1,1.0008208751678467,6302793,6297623.437303868,6.005881726554745,4327,4323.450986445824,4324,4320.453447051478,0.0,0.0,6916562.365707128,0.0,streaming,17A/54421C70,17A/54317E50,17A/54317DC0,9104,1098160,2604136,1098304,0.113642,0.113642,0.113642,1066236.7527266413,True,164724992,reserved,3.1,37.7,0.0,7051619.5006588055,0.0,26.97785454911885,6974384.900624073,218544.60216301744,1003.57,1
2026-09-13T22:07:48.127416+00:00,1789337268.1274164,F_lat_northeurope_rep3,r3-pub,F01,load,16,1,1000,6,99.5,2304079558,22050332,806632531817,60320,1789156079.537691,5984809.970000001,192964.18600000002,88653921,85002632,431197565,8165,22329,16055203,4858004609,11084516.6,793271.112,17A/54A5E000,17A/54AA6CA8,1,1.0002689361572266,6323865,6322164.741309119,6.029286137875671,4076,4074.904110947335,4074,4072.9046486750353,0.0,0.0,6527268.581470514,0.0,streaming,17A/54A5BFD8,17A/54951FF8,17A/54951560,8232,1097736,1928712,1100448,0.113637,0.113637,0.113637,2143.423555905566,True,171254016,reserved,3.9,37.7,0.0,14921810.9854947,0.0,18.994891586849697,6586035.776846818,236171.4849483915,1003.56,1
2026-09-13T22:07:49.127875+00:00,1789337269.1278753,F_lat_northeurope_rep3,r3-pub,F01,load,16,1,1000,6,99.5,2304104215,22050332,806638828222,60320,1789156079.537691,5984845.886,192964.18600000002,88657981,85002632,431201622,8165,22329,16055203,4858049778,11084516.6,793279.596,17A/55092000,17A/550AC3C8,1,1.0004589557647705,6296405,6293516.554296727,6.001965097710349,4060,4058.1374944027125,4057,4055.1388706383755,0.0,0.0,6501464.115564713,0.0,streaming,17A/54FFFD80,17A/54F7DFD0,17A/54F7DAC8,598656,1130544,2239200,1131832,0.113476,0.282969,0.113476,31369.602739983922,True,177758464,reserved,6.4,37.7,0.0,14923070.970549986,0.0,19.990825095579865,5968355.788704572,228156.28635710778,1003.56,1
2026-09-13T22:07:50.128820+00:00,1789337270.1288202,F_lat_northeurope_rep3,r3-pub,F01,load,16,1,1000,6,99.5,2304128894,22050332,806645129605,60320,1789156079.537691,5984878.637,192964.18600000002,88662049,85002632,431205687,8165,22329,16055203,4858094827,11084516.6,793289.246,17A/55638000,17A/556B0088,1,1.0009448528289795,6301383,6295434.740675617,6.003794422793977,4068,4064.159966957795,4065,4061.1627988405694,0.0,0.0,5917225.093131047,0.0,streaming,17A/55635DE8,17A/5552DFD0,17A/5552DA80,8728,1089584,2019416,1090944,0.113802,0.113802,0.113802,-40849.403325705585,True,183681280,reserved,3.7,37.7,0.0,5917225.093131047,0.0,11.988672468902049,6577217.497440729,218505.54441820874,1003.55,1
2026-09-13T22:07:51.129400+00:00,1789337271.1294005,F_lat_northeurope_rep3,r3-pub,F01,load,16,1,1000,6,99.5,2304153467,22050332,806651415851,60320,1789156079.537691,5984911.161,192964.18600000002,88666110,85002632,431209745,8165,22329,16055203,4858139793,11084516.6,793299.22,17A/55C69420,17A/55CB2FA0,1,1.0005803108215332,6286246,6282600.139151884,5.991554392959484,4061,4058.6447245455875,4058,4055.646464468356,0.0,0.0,6489450.101880079,0.0,streaming,17A/55C67FD8,17A/55B5FC30,17A/55B5F6A8,5192,1087472,2328344,1088888,0.113292,0.113292,0.113292,-2054.807572929261,True,190174496,reserved,6.0,37.7,0.0,14884418.410923913,0.0,18.988980489132274,6564276.679207518,236703.63831718825,1003.54,1
2026-09-13T22:07:52.129916+00:00,1789337272.1299162,F_lat_northeurope_rep3,r3-pub,F01,load,16,1,1000,6,99.5,2304178014,22050332,806657688866,60320,1789156079.537691,5984943.084000001,192964.18600000002,88669910,85002632,431213545,8165,22329,16055203,4858182124,11084516.6,793308.097,17A/56208000,17A/562B06A8,1,1.0005156993865967,6273015,6269781.677434851,5.979329755244113,3800,3798.0413524042965,3800,3798.0413524042965,0.0,0.0,5890050.504567771,0.0,streaming,17A/56205C40,17A/560FFE58,17A/560FFE58,9152,1081768,1108136,1081768,0.113292,0.286279,0.113292,-7116.330112925944,True,100200864,reserved,3.7,37.7,0.0,14570150.18248827,0.0,36.980928957620776,5962019.390257566,256757.59026819465,1003.54,1
2026-09-13T22:07:53.130666+00:00,1789337273.1306667,F_lat_northeurope_rep3,r3-pub,F01,load,16,1,1000,6,99.5,2304202552,22050332,806663950384,60320,1789156079.537691,5984977.729,192964.18600000002,88674219,85002632,431217848,8165,22329,16055203,4858229619,11084516.6,793318.047,17A/56836000,17A/568AE8A0,1,1.0007505416870117,6261518,6256821.994265093,5.966970438256352,4309,4305.76834136519,4303,4299.77284123797,0.0,0.0,6475012.233394926,0.0,streaming,17A/56833F78,17A/56725B80,17A/567255F8,8328,1115264,2359048,1116680,0.113197,0.285127,0.113197,34885.81674025099,True,106680736,reserved,2.7,37.7,0.0,14857328.95526143,0.0,18.985750402863452,6556931.749383197,198732.84271696256,1003.53,1
2026-09-13T22:07:54.131188+00:00,1789337274.1311886,F_lat_northeurope_rep3,r3-pub,F01,load,16,1,1000,6,99.5,2304227090,22050333,806670234158,60320,1789156079.537691,5985010.960999999,192964.18600000002,88678270,85002632,431221896,8165,22329,16055203,4858274165,11084516.6,793327.273,17A/56E6A000,17A/56EB1F70,1,1.0005218982696533,6283774,6280496.219890275,5.989547939195895,4051,4048.8868929365544,4048,4045.8884578146562,0.0,0.0,6501055.110586864,0.0,streaming,17A/56E67B80,17A/56D59D30,17A/56D59D30,9344,1114832,1641832,1114832,0.113340,0.113340,0.113340,-1847.0360350892995,True,113185184,reserved,5.4,37.7,0.0,6509242.837426394,0.0,11.993740487592854,6562373.108829683,239769.86452259065,1003.53,1
2026-09-13T22:07:55.142810+00:00,1789337275.1350646,F_lat_northeurope_rep3,r3-pub,F01,load,16,1,1000,6,99.5,2304251640,22050333,806676507130,60320,1789156079.537691,5985043.863,192964.18600000002,88682323,85002632,431225946,8165,22329,16055203,4858318937,11084516.6,793336.531,17A/57421E58,17A/574C9420,1,1.003875970840454,6272972,6248752.01938364,5.959274310477867,4053,4037.3513439183043,4050,4034.362926935389,0.0,0.0,5972968.946532303,0.0,streaming,17A/5741FF68,17A/57315FC8,17A/57315F18,7920,1097360,2475864,1097536,0.119719,0.284836,0.119719,-17229.220045499875,True,119181304,reserved,10.4,37.7,0.0,14358172.143449768,0.0,19.922779886100688,6041096.884630813,277270.3083698348,1003.52,1
2026-09-13T22:07:56.135726+00:00,1789337276.135726,F_lat_northeurope_rep3,r3-pub,F01,load,16,1,1000,6,99.5,2304276210,22050333,806682780485,60320,1789156079.537691,5985080.141000001,192964.18600000002,88686376,85002632,431229996,8165,22329,16055203,4858363818,11084516.6,793346.192,17A/57A50000,17A/57AB2288,2,1.0006613731384277,6273355,6269208.713757523,5.978783334500812,4053,4050.321226338896,4050,4047.323209146935,0.0,0.0,6476012.938998036,0.0,streaming,17A/57A4DCF8,17A/57945E80,17A/579453A0,8968,1089920,1779704,1092704,0.113732,0.113732,0.113732,-4828.806357184689,True,125661600,reserved,5.1,37.7,0.0,14875026.057332268,0.0,18.987442215751052,6556761.534046305,201083.0090991876,1003.52,1
2026-09-13T22:07:57.136255+00:00,1789337277.1362553,F_lat_northeurope_rep3,r3-pub,F01,load,16,1,1000,6,99.5,2304300878,22050333,806689071514,60320,1789156079.537691,5985116.171,192964.18600000002,88690435,85002632,431234055,8165,22329,16055203,4858408928,11084516.6,793356.626,17A/58086000,17A/580B6038,1,1.0005292892456055,6291029,6287700.98748774,5.996418941009273,4059,4056.8527514676434,4059,4056.8527514676434,0.0,0.0,6509194.753219569,0.0,streaming,17A/57FFFE28,17A/57F77C78,17A/57F77C78,549336,1106824,2179120,1106824,0.094657,0.114736,0.094657,14112.530389436592,True,132174240,reserved,6.7,37.7,0.0,14934303.43380188,0.0,24.98677476883249,6026655.15623883,245403.1107726299,1003.51,1
2026-09-13T22:07:58.136850+00:00,1789337278.13685,F_lat_northeurope_rep3,r3-pub,F01,load,16,1,1000,6,99.5,2304325485,22050333,806695353848,60320,1789156079.537691,5985152.494999999,192964.18600000002,88694500,85002632,431238114,8165,22329,16055203,4858453869,11084516.6,793365.763,17A/5863E000,17A/586B93A8,4,1.0005948543548584,6282334,6278599.1479544295,5.987738750414304,4065,4062.583354599541,4059,4056.5869216038222,0.0,0.0,5992979.050313346,0.0,streaming,17A/5863BEA8,17A/58533DF8,17A/58533DF8,8536,1090056,1393024,1090056,0.113441,0.113441,0.113441,-16758.031412035696,True,138170784,reserved,3.9,37.7,0.0,5992979.050313346,0.0,11.99286599143776,6615286.867798053,232172.89094474146,1003.51,1
2026-09-13T22:07:59.137297+00:00,1789337279.1372979,F_lat_northeurope_rep3,r3-pub,F01,load,16,1,1000,6,99.5,2304350093,22050333,806701640169,60320,1789156079.537691,5985192.174000001,192964.18600000002,88698566,85002632,431242177,8165,22329,16055203,4858499105,11084516.6,793374.913,17A/58C6F4C8,17A/58CBEE20,3,1.0004477500915527,6286321,6283507.558915223,5.99241977588198,4066,4064.180262915193,4063,4061.181605564296,0.0,0.0,6490477.887931458,0.0,streaming,17A/58C6DC48,17A/58B65F70,17A/58B659E8,6272,1086808,2119816,1088224,0.114038,0.114038,0.114038,-1831.1800889475242,True,144664168,reserved,2.3,37.7,0.0,14894578.95091109,0.0,18.99149655567847,6575041.024779192,231034.5542571795,1003.5,1
2026-09-13T22:08:00.137721+00:00,1789337280.1377215,F_lat_northeurope_rep3,r3-pub,F01,load,16,1,1000,6,99.5,2304374621,22050334,806707916603,60320,1789156079.537691,5985228.779999999,192964.18600000002,88702620,85002632,431246228,8165,22329,16055203,4858543911,11084516.6,793385.653,17A/59213478,17A/592CB1F0,4,1.0004236698150635,6276434,6273775.990486361,5.983139029013024,4054,4052.283169938807,4051,4049.284440409992,0.0,0.0,5912039.247425395,0.0,streaming,17A/59211C18,17A/59211C18,17A/59211C18,6240,6240,1206592,6240,0.113115,0.113115,0.113115,-1081525.7901684928,True,150578712,reserved,4.8,37.7,0.0,14411814.14936461,0.0,20.99110670170571,5979662.597453195,266614.04367742187,1003.5,1
2026-09-13T22:08:01.138937+00:00,1789337281.138428,F_lat_northeurope_rep3,r3-pub,F01,load,16,1,1000,6,99.5,2304399299,22050334,806714215879,60320,1789156079.537691,5985262.631999999,192964.18600000002,88706696,85002632,431250301,8165,22329,16055203,4858589182,11084516.6,793395.197,17A/59846000,17A/598D2CB0,3,1.000706434249878,6299276,6294829.117114541,6.003216855158368,4076,4073.1226066866843,4073,4070.124724493343,0.0,0.0,6494619.978007594,0.0,streaming,17A/59843BD8,17A/5973BFE8,17A/5973BAD8,9256,1089560,1933144,1090856,0.112971,0.285933,0.112971,1083850.3310044368,True,157077920,reserved,5.8,37.7,0.0,6499856.278905298,0.0,11.991528773366097,6570536.348083646,197181.704090781,1003.49,1
2026-09-13T22:08:02.141666+00:00,1789337282.1406677,F_lat_northeurope_rep3,r3-pub,F01,load,16,1,1000,6,99.5,2304423924,22050334,806720511509,60320,1789156079.537691,5985298.729,192964.18600000002,88710762,85002632,431254364,8165,22329,16055203,4858634352,11084516.6,793403.748,17A/59E7C000,17A/59EDC328,1,1.00223970413208,6295630,6281561.161510651,5.99056354666772,4066,4056.913713592175,4063,4053.9204176893772,0.0,0.0,6498086.209466047,0.0,streaming,17A/59E79CD0,17A/59D6BE50,17A/59D6BD88,9008,1114544,1642144,1114744,0.113035,0.113035,0.113035,23834.617508679265,True,163590560,reserved,6.6,37.7,0.0,15109072.148676712,0.0,34.92178553264293,6568905.594995644,240800.67772708696,1003.49,1
2026-09-13T22:08:03.141641+00:00,1789337283.1416411,F_lat_northeurope_rep3,r3-pub,F01,load,16,1,1000,6,99.5,2304448573,22050334,806726799097,60320,1789156079.537691,5985334.585999999,192964.18600000002,88714829,85002632,431258428,8165,22329,16055203,4858679398,11084516.6,793412.474,17A/5A420000,17A/5A4E2510,1,1.0009734630584717,6287588,6281473.2178696245,5.990479677075982,4067,4063.0447760056422,4064,4060.0476935546913,0.0,0.0,5908871.931457486,0.0,streaming,17A/5A41DE88,17A/5A41DE88,17A/5A41DE88,8568,8568,823824,8568,0.113844,0.113844,0.113844,-1105100.2257543195,True,169505184,reserved,2.7,37.7,0.0,10667887.20589312,0.0,91.9105284958247,5984019.777805143,260407.50291576266,1003.48,1
2026-09-13T22:08:04.142445+00:00,1789337284.1424453,F_lat_northeurope_rep3,r3-pub,F01,load,16,1,1000,6,99.5,2304473233,22050334,806733093158,60320,1789156079.537691,5985372.259,192964.18600000002,88718895,85002632,431262491,8165,22329,16055203,4858724641,11084516.6,793422.973,17A/5AA58000,17A/5AAE66E0,1,1.0008041858673096,6294061,6289003.472288125,5.99766108731091,4066,4062.732807693398,4063,4059.7352183124144,0.0,0.0,6515592.252793152,0.0,streaming,17A/5AA53FE8,17A/5A94BC08,17A/5A94BB88,16408,1098744,2195920,1098872,0.114435,0.114435,0.114435,1089427.8974813926,True,176026016,reserved,2.1,37.7,0.0,16383112.932117455,0.0,36.97026903213373,6577887.156112297,198488.37845122433,1003.48,1
2026-09-13T22:08:05.143624+00:00,1789337285.1436243,F_lat_northeurope_rep3,r3-pub,F01,load,16,1,1000,6,99.5,2304497929,22050334,806739386019,60320,1789156079.537691,5985419.884,192964.18600000002,88722962,85002632,431266555,8165,22329,16055203,4858769807,11084516.6,793432.994,17A/5B214000,17A/5B235F10,2,1.0011789798736572,6292861,6285450.580268996,5.994272785443302,4067,4062.2107353005263,4064,4059.214268075077,0.0,0.0,8100529.638590138,0.0,streaming,17A/5B211FF0,17A/5B101FC8,17A/5B101068,8208,1122360,1184176,1126296,0.112424,0.233593,0.112424,27391.705730238908,True,184136096,reserved,5.6,37.7,0.0,8137350.227856457,0.0,16.97998094421169,6890324.446155014,251280.74505893793,1003.47,1
2026-09-13T22:08:06.144012+00:00,1789337286.1440125,F_lat_northeurope_rep3,r3-pub,F01,load,16,1,1000,6,99.5,2304522618,22050334,806745696613,60320,1789156079.537691,5985461.651000001,192964.18600000002,88727038,85002632,431270628,8165,22329,16055203,4858815642,11084516.6,793444.866,17A/5B95E000,17A/5B9757B0,2,1.0003881454467773,6310594,6308145.522038012,6.015916368520748,4076,4074.4185329981515,4073,4071.4196969826967,0.0,0.0,7640170.502606811,0.0,streaming,17A/5B959CA8,17A/5B853E60,17A/5B853E60,17240,1089952,2201808,1089952,0.113413,0.282526,0.113413,-36329.8987152318,True,191779232,reserved,7.2,37.9,0.0,16033712.58746424,0.0,20.991852108184784,6382146.798779389,222820.51323234028,1003.46,1
2026-09-13T22:08:07.144123+00:00,1789337287.144123,F_lat_northeurope_rep3,r3-pub,F01,load,16,1,1000,6,99.5,2304588232,22050337,806754558284,60320,1789156079.537691,5985493.289000001,192964.18600000002,88731122,85002632,431274752,8178,22380,16055203,4858973779,11084516.6,793456.004,17A/5BF9E000,17A/5BFA1830,1,1.0001106262207031,8861671,8860690.775266713,8.450213217989647,4084,4083.5482524897684,4124,4123.543827930413,12.99856201820935,50.9943586868213,6552875.080195138,0.0,streaming,17A/5BEBA060,17A/5BE95FE0,17A/5BE95FE0,941984,1089568,2515952,1089568,0.113721,0.266635,0.113721,-383.9575242301839,True,5572456,reserved,11.3,37.7,0.0,15161714.716801502,0.0,33.99623912454753,5834409.561320197,218420.8369282878,1003.46,1
2026-09-13T22:08:08.144352+00:00,1789337288.1443527,F_lat_northeurope_rep3,r3-pub,F01,load,16,1,1000,6,99.5,2304612718,22050337,806760822080,60320,1789156079.537691,5985528.432,192964.18600000002,88735165,85002632,431278792,8178,22380,16055203,4859018947,11084516.6,793466.078,17A/5C544000,17A/5C587738,1,1.0002295970916748,6263796,6262358.180774668,5.972250157141369,4043,4042.0719520354723,4040,4039.072640668639,0.0,0.0,5921456.4508204125,0.0,streaming,17A/5C52FF88,17A/5C42FCE8,17A/5C42F648,82040,1131288,2091312,1132984,0.114227,0.114227,0.114227,43406.03410080932,True,11487080,reserved,3.5,37.7,0.0,14357279.6103571,0.0,18.995638656609938,6556811.57513169,201190.80717580073,1003.45,1
2026-09-13T22:08:09.145085+00:00,1789337289.1450858,F_lat_northeurope_rep3,r3-pub,F01,load,16,1,1000,6,99.5,2304636048,22050337,806766786010,60320,1789156079.537691,5985556.205,192964.18600000002,88739020,85002632,431282644,8178,22380,16055203,4859061424,11084516.6,793474.909,17A/5CA80000,17A/5CB35D50,1,1.0007331371307373,5963930,5959560.824676543,5.683480095554869,3855,3852.175826867195,3852,3849.1780246672984,0.0,0.0,5484619.022146916,0.0,streaming,17A/5CA7DD20,17A/5CA7DD20,17A/5CA7DD20,8928,8928,1385464,8928,0.113887,0.113887,0.113887,-1123232.516535676,True,16975720,reserved,1.8,37.7,0.0,5631966.995876236,0.0,19.985347999311,5635030.749724531,245118.29467674947,1003.45,1
2026-09-13T22:08:10.145387+00:00,1789337290.145366,F_lat_northeurope_rep3,r3-pub,F01,load,16,1,1000,6,99.5,2304659266,22050337,806772717901,60320,1789156079.537691,5985591.843,192964.18600000002,88742849,85002632,431286471,8178,22380,16055203,4859104126,11084516.6,793483.549,17A/5D000000,17A/5D0DA6F0,1,1.0002801418304443,5931891,5930229.6945984,5.655507750128174,3829,3827.9276373448656,3827,3825.928197471612,0.0,0.0,5765552.827477387,0.0,streaming,17A/5CFE3380,17A/5CFCDBD0,17A/5CFCDBD0,117888,205872,974616,205872,0.113887,0.302946,0.113887,196888.84319907214,True,22742888,reserved,5.6,37.7,0.0,14254182.807136921,0.0,21.993838605794476,5838810.304993542,214573.88887800416,1003.44,1
2026-09-13T22:08:11.145659+00:00,1789337291.1456594,F_lat_northeurope_rep3,r3-pub,F01,load,16,1,1000,6,99.5,2304682043,22050337,806778531881,60320,1789156079.537691,5985630.154000001,192964.18600000002,88746609,85002632,431290228,8178,22380,16055203,4859145938,11084516.6,793491.823,17A/5D63C000,17A/5D668EF0,1,1.000293493270874,5813980,5812274.1366524175,5.543016564037721,3760,3758.8967890864933,3757,3755.8976693079667,0.0,0.0,6535297.934033205,0.0,streaming,17A/5D639FD8,17A/5D52DB90,17A/5D52D648,8232,1107056,2380568,1108408,0.098639,0.122665,0.098639,902271.1894773849,True,29280104,reserved,3.3,37.7,0.0,14921444.656401627,0.0,20.9938384496852,6608119.561375605,205937.55871229773,1003.44,1
2026-09-13T22:08:12.145758+00:00,1789337292.1457431,F_lat_northeurope_rep3,r3-pub,F01,load,16,1,1000,6,99.5,2304704886,22050337,806784356795,60320,1789156079.537691,5985658.396,192964.18600000002,88750378,85002632,431293994,8178,22380,16055203,4859187877,11084516.6,793500.562,17A/5DB76000,17A/5DBFC858,1,1.0000836849212646,5824914,5824426.583319963,5.554606040306056,3769,3768.6846179244776,3766,3765.684868958234,0.0,0.0,5479989.407517901,0.0,streaming,17A/5DB73C40,17A/5DA65B70,17A/5DA65B70,9152,1115280,1686344,1115280,0.113005,0.113005,0.113005,6871.4249653428,True,34760552,reserved,7.6,37.7,0.0,5545519.923601822,0.0,15.998661153301047,5550872.475673923,213472.13560114003,1003.43,1
2026-09-13T22:08:13.146331+00:00,1789337293.1463318,F_lat_northeurope_rep3,r3-pub,F01,load,16,1,1000,6,99.5,2304727819,22050338,806790207145,60320,1789156079.537691,5985694.964,192964.18600000002,88754158,85002632,431297771,8178,22380,16055203,4859229758,11084516.6,793509.685,17A/5E114000,17A/5E19B380,1,1.0005886554718018,5850350,5846908.185503481,5.57604616690014,3780,3777.7761913737054,3777,3774.777956301187,0.0,0.0,5886582.830806431,0.0,streaming,17A/5E0FFFD0,17A/5DFFFD18,17A/5DFFF740,81968,1131240,1384448,1132736,0.121036,0.121036,0.121036,17445.73047529614,True,40650600,reserved,4.8,37.7,0.0,14356221.131876325,0.0,30.981762416027742,5865240.394148552,219003.08263706425,1003.43,1
2026-09-13T22:08:14.146701+00:00,1789337294.1467018,F_lat_northeurope_rep3,r3-pub,F01,load,16,1,1000,6,99.5,2304751002,22050338,806796132463,60320,1789156079.537691,5985728.987,192964.18600000002,88757983,85002632,431301593,8178,22380,16055203,4859272477,11084516.6,793517.983,17A/5E748000,17A/5E748A40,1,1.0003700256347656,5925318,5923126.291434215,5.648733416971412,3825,3823.5851754683667,3822,3820.586285134666,0.0,0.0,6502042.077752907,0.0,streaming,17A/5E684DF8,17A/5E633FE8,17A/5E633A18,799240,1130520,1705296,1132008,0.101331,0.287167,0.101331,-727.7307209780316,True,47155048,reserved,6.9,37.7,0.0,14895736.195758862,0.0,20.99223233590476,6009912.17843129,216031.0629687959,1003.42,1
2026-09-13T22:08:15.147422+00:00,1789337295.1474223,F_lat_northeurope_rep3,r3-pub,F01,load,16,1,1000,6,99.5,2304774559,22050338,806802150768,60320,1789156079.537691,5985762.864,192964.18600000002,88761877,85002632,431305484,8178,22380,16055203,4859315994,11084516.6,793527.066,17A/5EC80000,17A/5ED0BAA0,1,1.000720500946045,6018305,6013971.927536722,5.735370566879961,3894,3891.1963893202483,3891,3888.1985492668427,0.0,0.0,5468316.073096062,0.0,streaming,17A/5EC6BF08,17A/5EB6BFF0,17A/5EB6BFF0,82168,1130512,2009496,1130512,0.113558,0.113558,0.113558,-1494.9229066315079,True,52627304,reserved,2.3,37.7,0.0,13867256.628480133,0.0,16.98776030263077,6101769.669180807,228900.0772777716,1003.42,1
2026-09-13T22:08:16.147656+00:00,1789337296.147657,F_lat_northeurope_rep3,r3-pub,F01,load,16,1,1000,6,99.5,2304798275,22050338,806808209697,60320,1789156079.537691,5985794.93,192964.18600000002,88765795,85002632,431309399,8178,22380,16055203,4859359588,11084516.6,793536.281,17A/5F20C000,17A/5F2E11A8,1,1.000234603881836,6058929,6057507.885135896,5.776889691482444,3918,3917.081037583117,3915,3914.081741229684,0.0,0.0,5814955.788799243,0.0,streaming,17A/5F209DE8,17A/5F209DE8,17A/5F209DE8,8728,8728,1128952,8728,0.113375,0.113375,0.113375,-1121520.8868463857,True,58443624,reserved,2.9,37.7,0.0,5843621.063814451,0.0,12.99695086487507,5969890.440528517,213490.91420279132,1003.41,1
2026-09-13T22:08:17.147925+00:00,1789337297.1479251,F_lat_northeurope_rep3,r3-pub,F01,load,16,1,1000,6,99.5,2304822575,22050338,806814413628,60320,1789156079.537691,5985829.176999999,192964.18600000002,88769805,85002632,431313409,8178,22380,16055203,4859404043,11084516.6,793546.13,17A/5F82A000,17A/5F8D0B78,1,1.0002682209014893,6203931,6202267.422240729,5.914943144074182,4010,4008.9247225969025,4010,4008.9247225969025,0.0,0.0,6412616.002354944,0.0,streaming,17A/5F827CA8,17A/5F827CA8,17A/5F827CA8,9048,9048,897896,9048,0.113036,0.113036,0.113036,319.9141923269349,True,64857960,reserved,4.3,37.7,0.0,14901347.147234764,0.0,28.992223679628474,6498715.908560484,227941.86122849415,1003.41,1
2026-09-13T22:08:18.148571+00:00,1789337298.148572,F_lat_northeurope_rep3,r3-pub,F01,load,16,1,1000,6,99.5,2304846996,22050338,806820651657,60320,1789156079.537691,5985865.933,192964.18600000002,88773843,85002632,431317441,8178,22380,16055203,4859448611,11084516.6,793555.695,17A/5FE54000,17A/5FECE220,1,1.0006468296051025,6238029,6233996.666398063,5.945202509306014,4038,4035.389790415431,4032,4029.393668884353,0.0,0.0,6459309.927110612,0.0,streaming,17A/5FE51BA8,17A/5FD45FC0,17A/5FD45468,9304,1105984,2189072,1108888,0.113867,0.113867,0.113867,1099129.0507901206,True,71321448,reserved,4.4,37.7,0.0,14842495.43453934,0.0,18.987718181746704,6535018.956269179,185630.92841987536,1003.4,1
2026-09-13T22:08:19.149546+00:00,1789337299.1495461,F_lat_northeurope_rep3,r3-pub,F01,load,16,1,1000,6,99.5,2304871870,22050339,806827008371,60320,1789156079.537691,5985903.99,192964.18600000002,88777944,85002632,431321539,8178,22380,16055203,4859493872,11084516.6,793564.786,17A/60422000,17A/604E6618,1,1.000974178314209,6356714,6350527.45387065,6.056334928389216,4101,4097.008782890584,4098,4094.0117025812274,0.0,0.0,6080732.282475902,0.0,streaming,17A/6041FE70,17A/6041FE70,17A/6041FE28,8592,8592,1088792,8664,0.114059,0.114059,0.114059,-1099153.2287605486,True,77408104,reserved,6.3,37.7,0.0,14485728.317607464,0.0,18.981508625925652,6139602.931965825,255740.86279740566,1003.4,1
2026-09-13T22:08:20.150083+00:00,1789337300.1500833,F_lat_northeurope_rep3,r3-pub,F01,load,16,1,1000,6,99.5,2304896867,22050339,806833387201,60320,1789156079.537691,5985940.301000001,192964.18600000002,88782067,85002632,431325659,8178,22380,16055203,4859539760,11084516.6,793573.904,17A/60A6E000,17A/60B01AC8,1,1.0005371570587158,6378830,6375405.405984,6.080060392364502,4123,4120.786490449194,4120,4117.788101055222,0.0,0.0,6599207.189276352,0.0,streaming,17A/60A6BE48,17A/6095BD50,17A/6095BD50,8632,1122992,1514808,1122992,0.115164,0.115164,0.115164,1113729.752202103,True,84010856,reserved,4.1,37.7,0.0,6599207.189276352,0.0,11.993557575888996,6675846.022186283,230920.95917677277,1003.39,1
2026-09-13T22:08:21.150653+00:00,1789337301.1506531,F_lat_northeurope_rep3,r3-pub,F01,load,16,1,1000,6,99.5,2304922018,22050339,806839799310,60320,1789156079.537691,5985984.017999999,192964.18600000002,88786212,85002632,431329801,8178,22380,16055203,4859585955,11084516.6,793582.878,17A/6110E000,17A/61126F40,1,1.0005698204040527,6412109,6408457.33025472,6.111581163649292,4145,4142.639439520727,4142,4139.641148008409,0.0,0.0,6942859.816813902,0.0,streaming,17A/6110BC08,17A/60F99E00,17A/60F99E00,9208,1524224,2274024,1524224,0.115119,0.115119,0.115119,401003.50002359,True,90957672,reserved,3.7,37.7,0.0,15408563.885900663,0.0,22.986901594445534,7021563.969581771,207859.5573830258,1003.39,1
2026-09-13T22:08:22.151509+00:00,1789337302.1515098,F_lat_northeurope_rep3,r3-pub,F01,load,16,1,1000,6,99.5,2304947245,22050339,806846244187,60320,1789156079.537691,5986019.897,192964.18600000002,88790373,85002632,431333958,8178,22380,16055203,4859631842,11084516.6,793592.388,17A/61656000,17A/6174E758,1,1.000856637954712,6444877,6439360.799135377,6.141053008208634,4161,4157.4385803177165,4157,4153.442003936733,0.0,0.0,5533052.177499353,0.0,streaming,17A/61653FD0,17A/61653FD0,17A/61653A88,8240,8240,622856,9592,0.114293,0.114293,0.114293,-1513335.6192703156,True,4228592,reserved,1.9,37.7,0.0,14143660.004022013,0.0,32.97175514311094,5592650.123636669,249033.66830772648,1003.38,1
2026-09-13T22:08:23.151892+00:00,1789337303.1518612,F_lat_northeurope_rep3,r3-pub,F01,load,16,1,1000,6,99.5,2304972373,22050339,806852664740,60320,1789156079.537691,5986052.200999999,192964.18600000002,88794523,85002632,431338106,8178,22380,16055203,4859677545,11084516.6,793601.655,17A/61CAE000,17A/61D75670,1,1.0003514289855957,6420553,6418297.424246945,6.120965408560701,4150,4148.542082064399,4148,4146.542784675452,0.0,0.0,6649567.149362049,0.0,streaming,17A/61CABCE8,17A/61CABCE8,17A/61CABCE8,8984,8984,1063024,8984,0.113384,0.113384,0.113384,-607.7864062397963,True,10880496,reserved,4.3,37.7,0.0,6665945.393572301,0.0,11.99578433368019,6734272.381488249,239147.95647624828,1003.37,1
2026-09-13T22:08:24.152641+00:00,1789337304.1526341,F_lat_northeurope_rep3,r3-pub,F01,load,16,1,1000,6,99.5,2304997511,22050339,806859088150,60320,1789156079.537691,5986090.467,192964.18600000002,88798674,85002632,431342254,8178,22380,16055203,4859723871,11084516.6,793610.596,17A/6231C000,17A/6239CBC0,5,1.0007729530334473,6423410,6418448.84049871,6.121109810351095,4151,4147.7939500841685,4148,4144.796267152284,0.0,0.0,6736808.763230707,0.0,streaming,17A/62319C10,17A/6220BFE8,17A/6220B4D0,9200,1114136,1662704,1116976,0.113384,0.113384,0.113384,1107136.2356881853,True,17622512,reserved,7.1,37.7,0.0,15143494.789765257,0.0,21.983008167152903,6810232.010508997,194507.65471825682,1003.37,1
2026-09-13T22:08:25.153360+00:00,1789337305.1533601,F_lat_northeurope_rep3,r3-pub,F01,load,16,1,1000,6,99.5,2305022493,22050340,806865473128,60320,1789156079.537691,5986124.538000001,192964.18600000002,88802798,85002632,431346375,8178,22380,16055203,4859769966,11084516.6,793620.684,17A/6296C000,17A/629C4838,3,1.0007259845733643,6384978,6380345.967255046,6.08477207875733,4124,4121.008211611663,4121,4118.010387985369,0.0,0.0,6614334.095483602,0.0,streaming,17A/62969D38,17A/62859BC8,17A/62859BC8,8904,1123384,2075824,1123384,0.113889,0.113889,0.113889,6403.351265763224,True,24241648,reserved,3.9,37.7,0.0,15013228.627619958,0.0,18.986216299859745,6680135.324806205,256540.75536916277,1003.36,1
2026-09-13T22:08:26.157179+00:00,1789337306.157179,F_lat_northeurope_rep3,r3-pub,F01,load,16,1,1000,6,99.5,2305047542,22050340,806871882623,60320,1789156079.537691,5986159.637,192964.18600000002,88806932,85002632,431350506,8178,22380,16055203,4859816066,11084516.6,793630.361,17A/62FB6000,17A/62FE6738,1,1.0038189888000488,6409495,6385110.335143013,6.089315734045995,4134,4118.272363966462,4131,4115.283777345296,0.0,0.0,6569471.262825029,0.0,streaming,17A/62FB3E68,17A/62EA9F90,17A/62EA9F90,8600,1097840,1459624,1097840,0.113655,0.113655,0.113655,-25446.81888368633,True,30836208,reserved,2.9,37.7,0.0,9580818.95969762,0.0,114.5624871446887,6641485.24224418,240539.38279114995,1003.36,1
2026-09-13T22:08:27.157816+00:00,1789337307.1578164,F_lat_northeurope_rep3,r3-pub,F01,load,16,1,1000,6,99.5,2305072287,22050340,806878196414,60320,1789156079.537691,5986199.476,192964.18600000002,88811013,85002632,431354584,8178,22380,16055203,4859861510,11084516.6,793641.136,17A/63533990,17A/635F4528,1,1.0006372928619385,6313791,6309769.828727677,6.017465428092649,4081,4078.4008642410954,4078,4075.4027749020306,0.0,0.0,5753661.232766346,0.0,streaming,17A/63531E20,17A/63531E20,17A/63531E20,7024,7024,1075088,7024,0.114090,0.114090,0.114090,-1090121.2734937551,True,36593536,reserved,6.7,37.7,0.0,5886296.705126571,0.0,18.987899147410147,5822987.051916653,259251.78069072097,1003.35,1
2026-09-13T22:08:28.158752+00:00,1789337308.1587524,F_lat_northeurope_rep3,r3-pub,F01,load,16,1,1000,6,99.5,2305097151,22050340,806884536509,60320,1789156079.537691,5986232.08,192964.18600000002,88815113,85002632,431358680,8178,22380,16055203,4859907081,11084516.6,793651.414,17A/63B6E000,17A/63BFF6D0,1,1.0009360313415527,6340095,6334166.022080734,6.04073145111154,4100,4096.165860374491,4096,4092.169600998516,0.0,0.0,6524564.802854536,0.0,streaming,17A/63B6BFD0,17A/63A63F48,17A/63A63F00,8240,1089720,2458560,1089792,0.113807,0.286231,0.113807,1081755.4430014554,True,43124208,reserved,3.7,37.7,0.0,9632967.240750507,0.0,39.96259375975114,6591209.42140283,203740.29270049522,1003.35,1
2026-09-13T22:08:29.159289+00:00,1789337309.1592891,F_lat_northeurope_rep3,r3-pub,F01,load,16,1,1000,6,99.5,2305121797,22050340,806890826124,60320,1789156079.537691,5986264.938999999,192964.18600000002,88819170,85002632,431362734,8178,22380,16055203,4859952544,11084516.6,793660.885,17A/64113D08,17A/642034E8,1,1.0005366802215576,6289615,6286241.298627088,5.995026873232925,4057,4054.823856234459,4054,4051.8254654115103,0.0,0.0,5918879.454463006,0.0,streaming,17A/64111D50,17A/64111D50,17A/64111888,8120,8120,1173560,9344,0.113221,0.113221,0.113221,-1079868.4559578034,True,49046264,reserved,12.9,37.7,0.0,14623064.09072394,0.0,30.98337183713784,5988589.042705744,247511.16565277948,1003.34,1
2026-09-13T22:08:30.159696+00:00,1789337310.1596777,F_lat_northeurope_rep3,r3-pub,F01,load,16,1,1000,6,99.5,2305146429,22050340,806897116594,60320,1789156079.537691,5986301.017999999,192964.18600000002,88823239,85002632,431366800,8178,22380,16055203,4859997659,11084516.6,793670.101,17A/64742000,17A/64803770,1,1.0003886222839355,6290470,6288026.3328450825,5.996729214520533,4069,4067.4193102179397,4066,4064.4204756318854,0.0,0.0,6478114.460362818,0.0,streaming,17A/6473FB98,17A/6473FB98,17A/6473F610,9320,9320,1340384,10736,0.114248,0.284374,0.114248,1391.4592479290666,True,55526896,reserved,3.3,37.7,0.0,14879081.657303475,0.0,18.992619045008812,6557427.637494775,234136.0095292252,1003.34,1
2026-09-13T22:08:31.160206+00:00,1789337311.1602066,F_lat_northeurope_rep3,r3-pub,F01,load,16,1,1000,6,99.5,2305170897,22050341,806903380391,60320,1789156079.537691,5986334.140000001,192964.18600000002,88827280,85002632,431370837,8178,22380,16055203,4860042559,11084516.6,793680.016,17A/64D70000,17A/64E01DB8,1,1.0005288124084473,6263797,6260486.377120864,5.97046506607138,4041,4038.864198495802,4037,4034.866312627457,0.0,0.0,6476447.174371539,0.0,streaming,17A/64D6DFE8,17A/64C67D80,17A/64C67D38,8216,1081984,1626304,1082056,0.114293,0.114293,0.114293,1070753.7721189118,True,62006768,reserved,6.8,37.7,0.0,6492822.514888281,0.0,11.99365760503579,6539093.046457042,204897.64758149724,1003.33,1
2026-09-13T22:08:32.160487+00:00,1789337312.1604877,F_lat_northeurope_rep3,r3-pub,F01,load,16,1,1000,6,99.5,2305195343,22050341,806909629075,60320,1789156079.537691,5986372.050000001,192964.18600000002,88831316,85002632,431374872,8178,22380,16055203,4860087236,11084516.6,793690.853,17A/6530CC40,17A/653FBB88,1,1.0002810955047607,6248684,6246928.016615965,5.957534805885282,4036,4034.865817356428,4035,4033.8660983729405,0.0,0.0,5883338.220073351,0.0,streaming,17A/6530BFF8,17A/6530BFF8,17A/6530BFF8,3144,3144,1125016,3144,0.113840,0.113840,0.113840,-1078608.8079127003,True,67891760,reserved,3.3,37.7,0.0,14368824.987887211,0.0,21.993817636729787,5961565.23081228,248690.09433240464,1003.33,1
2026-09-13T22:08:33.161495+00:00,1789337313.1614857,F_lat_northeurope_rep3,r3-pub,F01,load,16,1,1000,6,99.5,2305219828,22050341,806915877085,60320,1789156079.537691,5986405.725,192964.18600000002,88835358,85002632,431378911,8178,22380,16055203,4860132177,11084516.6,793702.85,17A/65934000,17A/659F2538,1,1.0009980201721191,6248010,6241780.577074138,5.952625824998988,4042,4037.9700244611754,4039,4034.9730155365382,0.0,0.0,6445727.034395699,0.0,streaming,17A/65931FC8,17A/65931FC8,17A/65930EE0,8248,8248,1390440,12576,0.113875,0.284479,0.113875,9422.596059059328,True,74343920,reserved,5.8,37.7,0.0,14972321.321297895,0.0,27.972083296613782,6517091.81090916,239952.52254215206,1003.32,1
2026-09-13T22:08:34.162867+00:00,1789337314.1628678,F_lat_northeurope_rep3,r3-pub,F01,load,16,1,1000,6,99.5,2305244295,22050341,806922124678,60320,1789156079.537691,5986444.601,192964.18600000002,88839395,85002632,431382945,8178,22380,16055203,4860177186,11084516.6,793712.669,17A/65F5C000,17A/65FED390,1,1.0013821125030518,6247593,6238970.041499478,5.949945489406088,4037,4031.4281128001444,4034,4028.432253414858,0.0,0.0,6446386.368800179,0.0,streaming,17A/65F59E28,17A/65E53E38,17A/65E53DF0,8664,1081800,1661696,1081872,0.113598,0.113598,0.113598,1067820.1524163347,True,80799216,reserved,4.3,37.7,0.0,14847958.450980108,0.0,17.975156311717267,6520607.78645085,202148.60788157236,1003.32,1
2026-09-13T22:08:35.163392+00:00,1789337315.163392,F_lat_northeurope_rep3,r3-pub,F01,load,16,1,1000,6,99.5,2305268812,22050341,806928379728,60320,1789156079.537691,5986480.024,192964.18600000002,88843436,85002632,431386983,8178,22380,16055203,4860222136,11084516.6,793723.259,17A/66529A18,17A/665E8EA0,1,1.0005242824554443,6255050,6251772.305464812,5.96215467974168,4041,4038.882484773632,4038,4035.884056796814,0.0,0.0,6081955.337521741,0.0,streaming,17A/66527F50,17A/66527F50,17A/665274C0,6856,6856,915016,9560,0.113276,0.113276,0.113276,-1071750.100225831,True,86884360,reserved,6.2,37.7,32750.829314789004,6116217.374536847,0.9994759922726136,12.993187899543978,6149238.062369549,254500.5698163447,1003.31,1
2026-09-13T22:08:36.164880+00:00,1789337316.1647563,F_lat_northeurope_rep3,r3-pub,F01,load,16,1,1000,6,99.5,2305293333,22050341,806934637996,60320,1789156079.537691,5986513.353,192964.18600000002,88847477,85002632,431391021,8178,22380,16055203,4860266835,11084516.6,793733.101,17A/66B58000,17A/66BE8960,1,1.0013642311096191,6258268,6249741.907662476,5.960218341505505,4041,4035.4946526521503,4038,4032.4987397697064,0.0,0.0,6472553.940555606,0.0,streaming,17A/66B55F20,17A/66A47CE0,17A/66A47710,8416,1114912,2240800,1116400,0.113102,0.283595,0.113102,1105332.0716014616,True,93365744,reserved,4.4,37.7,0.0,14864585.270342613,0.0,18.97411492214572,6536453.766425256,219011.21808293567,1003.3,1
2026-09-13T22:08:37.165343+00:00,1789337317.1652935,F_lat_northeurope_rep3,r3-pub,F01,load,16,1,1000,6,99.5,2305317961,22050342,806940931788,60320,1789156079.537691,5986555.6,192964.18600000002,88851534,85002632,431395075,8178,22380,16055203,4860312033,11084516.6,793744.353,17A/67110000,17A/671EA110,1,1.0005371570587158,6293792,6290413.060222464,5.999005375120605,4057,4054.821923781805,4054,4051.8235343878328,0.0,0.0,5993324.643362642,0.0,streaming,17A/67109FD8,17A/67109FD8,17A/671093D8,24616,24616,1036808,27688,0.113671,0.113671,0.113671,-1088127.504630105,True,3933952,reserved,6.0,37.7,0.0,14573931.509816261,0.0,37.979598990315154,6036243.589147961,238695.78287534282,1003.3,1
2026-09-13T22:08:38.165875+00:00,1789337318.1658757,F_lat_northeurope_rep3,r3-pub,F01,load,16,1,1000,6,99.5,2305342495,22050342,806947197674,60320,1789156079.537691,5986590.254000001,192964.18600000002,88855582,85002632,431399120,8178,22380,16055203,4860356869,11084516.6,793754.453,17A/67742000,17A/677EA630,1,1.000582218170166,6265886,6262240.01008019,5.972137460785094,4048,4045.6445522316576,4045,4042.646297869826,0.0,0.0,6492475.962525251,0.0,streaming,17A/6773FFF8,17A/6773FFF8,17A/6773EF48,8200,8200,324648,12472,0.113232,0.287108,0.113232,-15207.146123210698,True,10430208,reserved,3.3,37.7,0.0,6508850.429013335,0.0,11.993017447327048,6577928.210673698,238801.96515681435,1003.29,1
2026-09-13T22:08:39.166919+00:00,1789337319.16692,F_lat_northeurope_rep3,r3-pub,F01,load,16,1,1000,6,99.5,2305367044,22050342,806953468693,60320,1789156079.537691,5986627.4629999995,192964.18600000002,88859639,85002632,431403174,8178,22380,16055203,4860401778,11084516.6,793764.389,17A/67D736F8,17A/67DEC138,1,1.0010442733764648,6271019,6264477.173270482,5.974270985861284,4057,4052.7678024828733,4054,4049.770932034895,0.0,0.0,6487169.621475682,0.0,streaming,17A/67D71DB0,17A/67C63B48,17A/67C63B48,6472,1113008,1652648,1113008,0.112727,0.112727,0.112727,1099387.9384454747,True,16924152,reserved,4.3,37.7,0.0,14877519.802162772,0.0,18.980179503863592,6573199.782468983,195854.4743867364,1003.29,1
2026-09-13T22:08:40.167404+00:00,1789337320.1674042,F_lat_northeurope_rep3,r3-pub,F01,load,16,1,1000,6,99.5,2305391702,22050342,806959776374,60320,1789156079.537691,5986665.704,192964.18600000002,88863707,85002632,431407238,8178,22380,16055203,4860446951,11084516.6,793773.487,17A/68316000,17A/683F3268,3,1.0004842281341553,6307681,6304628.121688092,6.012561914146511,4068,4066.03111334057,4064,4062.033049315653,0.0,0.0,5905884.204711015,0.0,streaming,17A/68313DB0,17A/68313DB0,17A/683136D8,8784,8784,379648,10536,0.114571,0.114571,0.114571,-1101938.4104195684,True,22832896,reserved,4.3,37.7,0.0,14415035.834094275,0.0,28.985964180648114,5963584.264718617,279562.62791030743,1003.28,1
2026-09-13T22:08:41.168314+00:00,1789337321.1683145,F_lat_northeurope_rep3,r3-pub,F01,load,16,1,1000,6,99.5,2305416361,22050342,806966072612,60320,1789156079.537691,5986703.551000001,192964.18600000002,88867777,85002632,431411305,8178,22380,16055203,4860491940,11084516.6,793782.762,17A/6894E000,17A/68A03EF8,3,1.0009102821350098,6296238,6290511.85943429,5.999099597391405,4070,4066.2985211006253,4067,4063.3012494634504,0.0,0.0,6514901.601460843,0.0,streaming,17A/68947BD0,17A/68947BD0,17A/68947BD0,25648,25648,681968,25648,0.113841,0.113841,0.113841,15098.256326995737,True,29353728,reserved,5.0,37.7,0.0,14904065.095804267,0.0,18.98272036877442,6572762.93132596,234038.95851716553,1003.28,1
2026-09-13T22:08:42.168695+00:00,1789337322.1686952,F_lat_northeurope_rep3,r3-pub,F01,load,16,1,1000,6,99.5,2305440990,22050342,806972357283,60320,1789156079.537691,5986738.923,192964.18600000002,88871838,85002632,431415364,8178,22380,16055203,4860537265,11084516.6,793792.146,17A/68F9BDA0,17A/690094C8,2,1.0003807544708252,6284671,6282278.9941859925,5.99124812525367,4061,4059.4543446091793,4059,4057.455105828283,0.0,0.0,6607820.0429762285,0.0,streaming,17A/68F9BDA0,17A/68E77BC8,17A/68E776B0,0,1196504,2123848,1197808,0.113841,0.113841,0.113841,1171713.8647074848,True,35964064,reserved,4.4,37.6,0.0,26732605.440961547,0.0,103.9604166065882,6713393.845279,197268.8889885629,1003.27,1
2026-09-13T22:08:43.172365+00:00,1789337323.1690323,F_lat_northeurope_rep3,r3-pub,F01,load,16,1,1000,6,99.5,2305465635,22050343,806978654375,60320,1789156079.537691,5986782.681,192964.18600000002,88875903,85002632,431419426,8178,22380,16055203,4860582460,11084516.6,793802.343,17A/69529480,17A/6961C838,1,1.0003371238708496,6297092,6294969.815408948,6.003351035508106,4065,4063.6300533067283,4062,4060.631064337498,0.0,0.0,5820213.866971994,0.0,streaming,17A/69527BF8,17A/69527BF8,17A/69527BF8,6280,6280,652600,6280,0.114038,0.114038,0.114038,-1191126.4428429175,True,5822352,reserved,9.8,37.7,0.0,10584591.681480976,0.0,368.87564321529715,5873439.923197889,253291.60935220146,1004.19,1
2026-09-13T22:08:44.172201+00:00,1789337324.1722014,F_lat_northeurope_rep3,r3-pub,F01,load,16,1,1000,6,99.5,2305490377,22050343,806984967475,60320,1789156079.537691,5986816.511,192964.18600000002,88879974,85002632,431423494,8178,22380,16055203,4860627497,11084516.6,793811.918,17A/69B62000,17A/69C25640,1,1.003169059753418,6313100,6293156.610663191,6.001621828711692,4071,4058.139513394347,4068,4055.1489905399662,0.0,0.0,6503167.074953013,0.0,streaming,17A/69B5FF30,17A/69B5FF30,17A/69B5FF30,8400,8400,978264,8400,0.113416,0.113416,0.113416,2113.3028170955577,True,12346128,reserved,3.1,37.7,0.0,14743931.599760054,0.0,40.87047900986692,6566853.249659901,248530.39233614635,1004.19,1
2026-09-13T22:08:45.172521+00:00,1789337325.1725218,F_lat_northeurope_rep3,r3-pub,F01,load,16,1,1000,6,99.5,2305515074,22050343,806991272874,60320,1789156079.537691,5986853.274,192964.18600000002,88884044,85002632,431427561,8178,22380,16055203,4860672501,11084516.6,793821.447,17A/6A214000,17A/6A22CE00,1,1.0003204345703125,6305399,6303379.179401132,6.011370829964764,4070,4068.6962490656983,4067,4065.697210061473,0.0,0.0,7018295.095626706,0.0,streaming,17A/6A1FECD8,17A/6A107B40,17A/6A107568,86824,1098944,1155344,1100440,0.113648,0.113648,0.113648,1091690.1847247432,True,19366672,reserved,4.3,37.6,0.0,14716308.386045732,0.0,21.992952697652424,7091287.706270879,228337.832664704,1004.18,1
2026-09-13T22:08:46.173614+00:00,1789337326.1736145,F_lat_northeurope_rep3,r3-pub,F01,load,16,1,1000,6,99.5,2305539777,22050343,806997589042,60320,1789156079.537691,5986884.131999999,192964.18600000002,88888117,85002632,431431634,8178,22380,16055203,4860717604,11084516.6,793831.185,17A/6A742000,17A/6A835110,1,1.0010926723480225,6316168,6309274.030730524,6.016992598276638,4073,4068.5544031072995,4073,4068.5544031072995,0.0,0.0,5425367.85057183,0.0,streaming,17A/6A73FBB8,17A/6A73FBB8,17A/6A73FBB8,9288,9288,404448,9288,0.113666,0.284369,0.113666,-1089961.0297224002,True,24797968,reserved,3.3,37.7,0.0,5441733.967768125,0.0,9.989085202816842,5480720.368406199,234935.29270208985,1004.18,1
2026-09-13T22:08:47.174130+00:00,1789337327.1741307,F_lat_northeurope_rep3,r3-pub,F01,load,16,1,1000,6,99.5,2305564361,22050343,807003870522,60320,1789156079.537691,5986918.8149999995,192964.18600000002,88892180,85002632,431435691,8178,22380,16055203,4860762534,11084516.6,793839.904,17A/6AD7A000,17A/6AE3A3E0,1,1.0005161762237549,6281480,6278239.322134871,5.9873955937718115,4063,4060.9038579815556,4057,4054.9069534410955,0.0,0.0,6517467.838062905,0.0,streaming,17A/6AD73EB8,17A/6AD73EB8,17A/6AD73710,24904,24904,749656,26864,0.112884,0.112884,0.112884,17566.932367187746,True,31318800,reserved,7.9,37.7,0.0,7585972.301463922,0.0,28.985038612223754,6571545.924240594,234970.71370430713,1004.17,1
2026-09-13T22:08:48.174309+00:00,1789337328.1743097,F_lat_northeurope_rep3,r3-pub,F01,load,16,1,1000,6,99.5,2305589004,22050343,807010161198,60320,1789156079.537691,5986972.493000001,192964.18600000002,88896247,85002632,431439755,8178,22380,16055203,4860807569,11084516.6,793849.573,17A/6B428000,17A/6B440350,1,1.0001790523529053,6290676,6289549.8413022,5.998182145406914,4067,4066.2719244443756,4064,4063.272461505272,0.0,0.0,7002906.11318326,0.0,streaming,17A/6B425BA8,17A/6B31BE18,17A/6B31BE18,9304,1098216,1392072,1098216,0.113882,0.277614,0.113882,1071160.2062447334,True,38322960,reserved,3.7,37.7,0.0,7101192.514771797,0.0,23.99570351282641,7098453.005287415,220367.54267298046,1004.17,1
2026-09-13T22:08:49.174636+00:00,1789337329.1746361,F_lat_northeurope_rep3,r3-pub,F01,load,16,1,1000,6,99.5,2305613707,22050344,807016479396,60320,1789156079.537691,5987006.932,192964.18600000002,88900321,85002632,431443825,8178,22380,16055203,4860852865,11084516.6,793858.592,17A/6B9558C0,17A/6BA47A30,1,1.00032639503479,6318198,6316136.444425483,6.023537105966075,4074,4072.6707005050202,4070,4068.6720056591635,0.0,0.0,5427668.435972013,0.0,streaming,17A/6B953E78,17A/6B953E78,17A/6B9537D8,6728,6728,1654128,8424,0.113012,0.113012,0.113012,-1089436.4133639585,True,43752400,reserved,10.4,37.7,0.0,5445902.4844691185,0.0,9.996737114641679,5481328.921455986,239516.82289825732,1004.16,1
2026-09-13T22:08:50.174784+00:00,1789337330.1747842,F_lat_northeurope_rep3,r3-pub,F01,load,16,1,1000,6,99.5,2305638365,22050344,807022777349,60320,1789156079.537691,5987039.021,192964.18600000002,88904388,85002632,431447889,8178,22380,16055203,4860897992,11084516.6,793867.695,17A/6BF8B9E0,17A/6C04B990,1,1.000148057937622,6297953,6297020.676105532,6.005306888680965,4067,4066.397937507822,4064,4063.398381615881,0.0,0.0,6511963.852062195,0.0,streaming,17A/6BF89B40,17A/6BF89B40,17A/6BF89AC0,7840,7840,974640,7968,0.112928,0.112928,0.112928,-455.9324955750103,True,50265328,reserved,3.7,37.8,0.0,6552629.8311412,0.0,11.998223567763429,6585532.9595718635,224747.7243154526,1004.16,1
2026-09-13T22:08:51.175211+00:00,1789337331.1752117,F_lat_northeurope_rep3,r3-pub,F01,load,16,1,1000,6,99.5,2305662980,22050344,807029060178,60320,1789156079.537691,5987079.187000001,192964.18600000002,88908444,85002632,431451942,8178,22380,16055203,4860942815,11084516.6,793876.378,17A/6C638000,17A/6C650628,1,1.000427484512329,6282829,6280144.3355613565,5.98921235614906,4056,4054.2668637069164,4053,4051.2681456124583,0.0,0.0,6994545.939939901,0.0,streaming,17A/6C635E98,17A/6C52DED8,17A/6C52D950,8552,1089832,1799976,1091248,0.114305,0.114305,0.114305,1082817.1124547406,True,57262864,reserved,2.7,37.7,0.0,15668693.876039566,0.0,31.986326340882968,7066553.157969418,216459.46693034028,1004.15,1
2026-09-13T22:08:52.175552+00:00,1789337332.175552,F_lat_northeurope_rep3,r3-pub,F01,load,16,1,1000,6,99.5,2305687692,22050344,807035357758,60320,1789156079.537691,5987107.044,192964.18600000002,88912510,85002632,431456005,8178,22380,16055203,4860987931,11084516.6,793884.724,17A/6CB64000,17A/6CC57A80,1,1.000340223312378,6297580,6295438.1451813765,6.00379766958368,4066,4064.6171224990353,4063,4061.6181428218347,0.0,0.0,5421259.561114857,0.0,streaming,17A/6CB61C48,17A/6CB61C48,17A/6CB61088,9144,9144,2048808,12152,0.114361,0.114361,0.114361,-1078728.991249439,True,3651072,reserved,4.3,37.7,0.0,13884812.063248096,0.0,27.990476987204374,5476867.6419494,230735.49840444967,1004.15,1
2026-09-13T22:08:53.176209+00:00,1789337333.1762097,F_lat_northeurope_rep3,r3-pub,F01,load,16,1,1000,6,99.5,2305712421,22050344,807041660872,60320,1789156079.537691,5987145.846000001,192964.18600000002,88916585,85002632,431460077,8178,22380,16055203,4861032957,11084516.6,793893.442,17A/6D214000,17A/6D25D4E8,1,1.0006577968597412,6303114,6298970.556948037,6.007166439960515,4075,4072.3212398765518,4072,4069.323211969894,0.0,0.0,7007742.329102041,0.0,streaming,17A/6D211F10,17A/6D103C20,17A/6D1036B0,8432,1115104,1144416,1116496,0.114731,0.266341,0.114731,1103618.043516621,True,10663424,reserved,4.7,37.8,0.0,7028208.866278157,0.0,14.990139533287921,7094867.018754781,214086.17478651143,1004.14,1
2026-09-13T22:08:54.176482+00:00,1789337334.1764822,F_lat_northeurope_rep3,r3-pub,F01,load,16,1,1000,6,99.5,2305737115,22050344,807047973159,60320,1789156079.537691,5987184.8719999995,192964.18600000002,88920657,85002632,431464147,8178,22380,16055203,4861077847,11084516.6,793901.747,17A/6D84C000,17A/6D864AD0,1,1.000272512435913,6312287,6310567.291935281,6.018225948272019,4072,4070.8906316776256,4070,4068.891176554012,0.0,0.0,6519055.476312297,0.0,streaming,17A/6D8011A0,17A/6D73FE30,17A/6D73F860,306784,1098192,2521184,1099680,0.113608,0.113608,0.113608,-16811.418679344537,True,17184256,reserved,4.6,37.7,0.0,14905378.099106006,0.0,17.995096112523886,6444419.815458043,237133.37820546894,1004.13,1
2026-09-13T22:08:55.177115+00:00,1789337335.177107,F_lat_northeurope_rep3,r3-pub,F01,load,16,1,1000,6,99.5,2305761801,22050345,807054291218,60320,1789156079.537691,5987214.061000001,192964.18600000002,88924730,85002632,431468217,8178,22380,16055203,4861122805,11084516.6,793910.164,17A/6DD7E000,17A/6DE71678,1,1.0006248950958252,6318059,6314113.341538388,6.021607724703205,4073,4070.456391763017,4070,4067.4582652775543,0.0,0.0,5444277.897441579,0.0,streaming,17A/6DD7BFC8,17A/6DD7BFC8,17A/6DD7AF00,8248,8248,751264,12544,0.113029,0.113029,0.113029,-1086457.0782999457,True,22631936,reserved,1.4,37.7,0.0,15657415.75767973,0.0,30.980640349779897,5624384.3498027725,255844.12426145334,1004.13,1
2026-09-13T22:08:56.177381+00:00,1789337336.1773815,F_lat_northeurope_rep3,r3-pub,F01,load,16,1,1000,6,99.5,2305786499,22050345,807060606562,60320,1789156079.537691,5987254.861,192964.18600000002,88928800,85002632,431472284,8178,22380,16055203,4861168176,11084516.6,793918.335,17A/6E432000,17A/6E47D2A0,1,1.000274419784546,6315344,6313611.420114386,6.02112905513228,4070,4068.8834178891207,4067,4065.8842409226177,0.0,0.0,7026807.704943564,0.0,streaming,17A/6E42FB88,17A/6E325C90,17A/6E3256C0,9336,1098608,2343200,1100096,0.113704,0.113704,0.113704,1087253.636091437,True,29660672,reserved,7.7,37.7,0.0,15503201.614753108,0.0,22.993690076523286,7097710.247883007,204516.8765228086,1004.12,1
2026-09-13T22:08:57.177933+00:00,1789337337.177934,F_lat_northeurope_rep3,r3-pub,F01,load,16,1,1000,6,99.5,2305811198,22050345,807066910023,60320,1789156079.537691,5987288.282,192964.18600000002,88932872,85002632,431476353,8178,22380,16055203,4861212985,11084516.6,793926.865,17A/6EA68000,17A/6EA82710,1,1.0005524158477783,6303461,6299980.7907704795,6.008129874010543,4072,4069.7518046066107,4069,4066.75346093917,0.0,0.0,6509044.300774361,0.0,streaming,17A/6EA65CA8,17A/6E95BFE8,17A/6E95BA60,9048,1097752,1770120,1099168,0.113411,0.113411,0.113411,-927.4876411284222,True,36173312,reserved,5.4,37.7,0.0,6574544.117637499,0.0,17.99006200464612,6582743.588120061,234806.28928464116,1004.12,1
2026-09-13T22:08:58.178817+00:00,1789337338.178817,F_lat_northeurope_rep3,r3-pub,F01,load,16,1,1000,6,99.5,2305835849,22050345,807073205675,60320,1789156079.537691,5987316.308,192964.18600000002,88936937,85002632,431480415,8178,22380,16055203,4861258009,11084516.6,793935.933,17A/6EF94000,17A/6F0888D8,1,1.0008831024169922,6295652,6290097.1999596,5.998704147300339,4065,4061.413356048869,4062,4058.4160030185744,0.0,0.0,5418319.069333836,0.0,streaming,17A/6EF91C60,17A/6EF91C60,17A/6EF91C60,9120,9120,417584,9120,0.112342,0.112342,0.112342,-1089086.2253221052,True,41596416,reserved,1.6,37.7,0.0,13807710.37759242,0.0,18.983235858531,5475864.251044781,224579.67314783583,1004.11,1
2026-09-13T22:08:59.179334+00:00,1789337339.1793344,F_lat_northeurope_rep3,r3-pub,F01,load,16,1,1000,6,99.5,2305860573,22050345,807079506426,60320,1789156079.537691,5987353.737,192964.18600000002,88941007,85002632,431484482,8178,22380,16055203,4861302937,11084516.6,793944.599,17A/6F62A000,17A/6F68D2C0,1,1.0005173683166504,6300751,6297492.876711258,6.0057572142708375,4070,4067.895399804693,4067,4064.8969511070486,0.0,0.0,6902284.976440698,0.0,streaming,17A/6F627B68,17A/6F521B88,17A/6F520CB0,9368,1082488,1509856,1086288,0.112342,0.112342,0.112342,1076610.9955815286,True,48502272,reserved,4.1,37.7,0.0,15323400.158254763,0.0,24.98707248037281,6979687.9306045985,210632.02566344984,1004.11,1
2026-09-13T22:09:00.180182+00:00,1789337340.180182,F_lat_northeurope_rep3,r3-pub,F01,load,16,1,1000,6,99.5,2305885301,22050345,807085819057,60320,1789156079.537691,5987385.693,192964.18600000002,88945073,85002632,431488545,8178,22380,16055203,4861348205,11084516.6,793952.913,17A/6FC64000,17A/6FC96078,1,1.000847578048706,6312631,6307285.083616196,6.015095790497013,4066,4062.5566661481485,4063,4059.559206728954,0.0,0.0,6523494.828982107,0.0,streaming,17A/6FC5FCA0,17A/6FB5C000,17A/6FB5BFC0,17248,1081344,2204696,1081408,0.112995,0.112995,0.112995,-4875.867321889563,True,55031296,reserved,5.8,37.7,0.0,14929554.037720658,0.0,21.981369074092292,6563405.001995541,237479.71740451502,1004.1,1
2026-09-13T22:09:01.180686+00:00,1789337341.180687,F_lat_northeurope_rep3,r3-pub,F01,load,16,1,1000,6,99.5,2305908379,22050345,807091708987,60320,1789156079.537691,5987418.651000001,192964.18600000002,88948872,85002632,431492341,8178,22380,16055203,4861390397,11084516.6,793961.14,17A/7020C000,17A/7029D6A0,1,1.000504970550537,5889930,5886957.259951454,5.614239940597013,3799,3797.0825851165587,3796,3794.084099263611,0.0,0.0,5928014.527240587,0.0,streaming,17A/70209FF8,17A/70101FD8,17A/70101A90,8200,1089576,1385272,1090928,0.112808,0.286514,0.112808,9515.195106688507,True,60962304,reserved,3.3,37.7,0.0,5977141.719455289,0.0,13.992933980424276,5992392.018503382,236771.43739690623,1004.1,1
2026-09-13T22:09:02.181040+00:00,1789337342.1810403,F_lat_northeurope_rep3,r3-pub,F01,load,16,1,1000,6,99.5,2305933016,22050346,807098015241,60320,1789156079.537691,5987452.640000001,192964.18600000002,88952937,85002632,431496403,8178,22380,16055203,4861435411,11084516.6,793969.488,17A/70840000,17A/708A0DC8,1,1.0003533363342285,6306254,6304026.558364988,6.011988218655575,4065,4063.564195123393,4062,4060.565254757988,0.0,0.0,6502150.553958663,0.0,streaming,17A/7083BFF8,17A/70731E40,17A/70731D70,16392,1106368,2112296,1106576,0.114327,0.114327,0.114327,15642.472945951009,True,67466752,reserved,4.1,37.7,0.0,14957403.006052263,0.0,23.991522923237742,6560750.848345459,217678.08642290146,1004.09,1
2026-09-13T22:09:03.181470+00:00,1789337343.1814704,F_lat_northeurope_rep3,r3-pub,F01,load,16,1,1000,6,99.5,2305957590,22050346,807104295874,60320,1789156079.537691,5987484.3719999995,192964.18600000002,88956990,85002632,431500453,8178,22380,16055203,4861480243,11084516.6,793977.906,17A/70E70000,17A/70EA2DB8,1,1.0004301071166992,6280633,6277932.816417499,5.987103287141323,4053,4051.2575253067844,4050,4048.2588150733964,0.0,0.0,6485274.63722478,0.0,streaming,17A/70E6DB98,17A/70D69CC0,17A/70D69738,9320,1073984,1837096,1075400,0.121390,0.286134,0.121390,-31162.59674536499,True,73954816,reserved,3.7,37.7,0.0,15009480.31569826,0.0,29.98710233387701,6559997.498390413,228342.7881417733,1004.09,1
2026-09-13T22:09:04.181763+00:00,1789337344.1817636,F_lat_northeurope_rep3,r3-pub,F01,load,16,1,1000,6,99.5,2305982177,22050346,807110571992,60320,1789156079.537691,5987521.166999999,192964.18600000002,88961039,85002632,431504499,8178,22380,16055203,4861525059,11084516.6,793985.942,17A/71418000,17A/714AA100,1,1.000293254852295,6276118,6274278.037520849,5.983617818375444,4049,4047.8129592085297,4046,4044.813838715167,0.0,0.0,5929269.213032715,0.0,streaming,17A/71415B50,17A/7130DF38,17A/7130DF38,9392,1089736,1574336,1089736,0.114034,0.114034,0.114034,14331.797130949242,True,79885824,reserved,3.3,37.7,0.0,5941553.610573529,0.0,12.996188804571718,5974319.001963517,241444.1953181645,1004.08,1
2026-09-13T22:09:05.182281+00:00,1789337345.1822817,F_lat_northeurope_rep3,r3-pub,F01,load,16,1,1000,6,99.5,2306006873,22050346,807116881400,60320,1789156079.537691,5987560.387,192964.18600000002,88965104,85002632,431508561,8178,22380,16055203,4861570069,11084516.6,793994.354,17A/71B5E000,17A/71C39180,2,1.0005180835723877,6309408,6306140.891998693,6.0140046043383535,4065,4062.8950808023014,4062,4059.896634248204,0.0,0.0,7622802.751119093,0.0,streaming,17A/71B59C48,17A/71A4FBB0,17A/71A46F78,17336,1107024,2439880,1142920,0.113203,0.113203,0.113203,53156.460511042955,True,87512576,reserved,8.1,37.7,0.0,16023442.517658502,0.0,20.989125878683478,6366142.805992741,231956.8269784393,1004.07,1
2026-09-13T22:09:06.183200+00:00,1789337346.1832,F_lat_northeurope_rep3,r3-pub,F01,load,16,1,1000,6,99.5,2306031503,22050346,807123201272,60320,1789156079.537691,5987607.768999999,192964.18600000002,88969161,85002632,431512615,8178,22380,16055203,4861615658,11084516.6,794004.284,17A/72318000,17A/72333A48,4,1.0009181499481201,6319872,6314074.732611826,6.021570904361559,4057,4053.2784825715107,4054,4050.281234494677,0.0,0.0,8094456.075574151,0.0,streaming,17A/72315FE0,17A/7220DFD0,17A/7220D4B8,8224,1089584,1734040,1092424,0.094770,0.189201,0.094770,-50449.679629265716,True,95614464,reserved,11.6,37.9,0.0,16520383.8104615,0.0,24.977067306947934,6859209.217412887,212353.02807828676,1004.07,1
2026-09-13T22:09:07.183687+00:00,1789337347.1836877,F_lat_northeurope_rep3,r3-pub,F01,load,16,1,1000,6,99.5,2306096829,22050348,807132017075,60320,1789156079.537691,5987639.858999999,192964.18600000002,88973219,85002632,431516714,8191,22431,16055203,4861773685,11084516.6,794015.324,17A/7293F2F0,17A/729653E8,3,1.0004878044128418,8815803,8811504.709119115,8.403305729979625,4058,4056.0214548357503,4099,4097.001464606145,12.99366163451571,50.975134104638556,6448806.243856685,0.0,streaming,17A/7293DF48,17A/72835FC8,17A/72835B00,5032,1086248,1876312,1087472,0.112834,0.112834,0.112834,-4949.585570317061,True,4177840,reserved,10.9,37.7,0.0,16343259.685805045,0.0,103.94929307612568,6361297.930797955,226863.33506404376,1004.07,1
2026-09-13T22:09:08.184986+00:00,1789337348.184464,F_lat_northeurope_rep3,r3-pub,F01,load,16,1,1000,6,99.5,2306121135,22050348,807138217862,60320,1789156079.537691,5987668.562000001,192964.18600000002,88977219,85002632,431520711,8191,22431,16055203,4861818499,11084516.6,794025.105,17A/72E66000,17A/72F49528,1,1.0007762908935547,6200787,6195977.119385548,5.9089442437987785,4000,3996.8972450661813,3997,3993.8995721323818,0.0,0.0,5397681.828750036,0.0,streaming,17A/72E63C38,17A/72E63C38,17A/72E63C38,9160,9160,834432,9160,0.111936,0.111936,0.111936,-1077475.565530451,True,9579712,reserved,5.4,37.7,0.0,5525310.751579489,0.0,15.987588980264725,5452435.324110197,248096.40502005926,1004.06,1
2026-09-13T22:09:09.184659+00:00,1789337349.1846595,F_lat_northeurope_rep3,r3-pub,F01,load,16,1,1000,6,99.5,2306144346,22050348,807144146949,60320,1789156079.537691,5987706.862,192964.18600000002,88981044,85002632,431524533,8191,22431,16055203,4861860934,11084516.6,794033.545,17A/73428000,17A/734F4618,1,1.0001955032348633,5929087,5927928.070886105,5.653312750707727,3825,3824.252346295366,3822,3821.252932690428,0.0,0.0,6036323.879154943,0.0,streaming,17A/73425D80,17A/73425D80,17A/73425D80,8832,8832,682808,8832,0.112181,0.112181,0.112181,-327.93588747317125,True,15617216,reserved,3.5,37.7,0.0,14435577.7978434,0.0,45.99100860904231,6083234.707936166,222250.54929866196,1004.06,1
2026-09-13T22:09:10.187150+00:00,1789337350.1871505,F_lat_northeurope_rep3,r3-pub,F01,load,16,1,1000,6,99.5,2306167378,22050348,807150040472,60320,1789156079.537691,5987740.166999999,192964.18600000002,88984842,85002632,431528327,8191,22431,16055203,4861902991,11084516.6,794042.478,17A/73A7A000,17A/73A8F010,1,1.0024909973144531,5893523,5878878.728874378,5.606535652994516,3798,3788.5627004874486,3794,3784.5726397181093,0.0,0.0,6610860.364585592,0.0,streaming,17A/73A67798,17A/73969BB0,17A/73969BB0,75880,1115216,2133976,1115216,0.113747,0.113747,0.113747,1103634.84855611,True,22244544,reserved,2.3,37.7,0.0,14978624.287126565,0.0,23.94036461603443,6673516.288846524,219966.065122509,1004.05,1
2026-09-13T22:09:11.187969+00:00,1789337351.1879694,F_lat_northeurope_rep3,r3-pub,F01,load,16,1,1000,6,99.5,2306190140,22050348,807155848919,60320,1789156079.537691,5987772.324000001,192964.18600000002,88988592,85002632,431532075,8191,22431,16055203,4861944402,11084516.6,794050.197,17A/73FA8000,17A/740181E0,1,1.0008189678192139,5808447,5803693.961413037,5.534833871281659,3750,3746.931383775885,3748,3744.9330203712047,0.0,0.0,5426851.583193715,0.0,streaming,17A/73FA5CD0,17A/73E9DDB8,17A/73E9D7E8,9008,1090120,1431048,1091608,0.113375,0.301455,0.113375,-23588.68162884829,True,27675840,reserved,3.7,37.7,0.0,14070524.693076916,0.0,66.9451740567958,5492903.488808618,201057.34050830698,1004.04,1
2026-09-13T22:09:12.188403+00:00,1789337352.1884036,F_lat_northeurope_rep3,r3-pub,F01,load,16,1,1000,6,99.5,2306212920,22050348,807161673905,60320,1789156079.537691,5987815.012,192964.18600000002,88992345,85002632,431535825,8191,22431,16055203,4861986036,11084516.6,794058.945,17A/7453E000,17A/745AF1F8,1,1.000434160232544,5824986,5822458.120228544,5.552728767612976,3753,3751.3713037623997,3750,3748.3726056778573,0.0,0.0,5854738.105542614,0.0,streaming,17A/7453BFE0,17A/7442DD70,17A/7442DD70,8224,1114768,2127208,1114768,0.112602,0.112602,0.112602,23149.949212666448,True,33533120,reserved,3.3,37.7,0.0,5871114.995348327,0.0,12.994358366349907,5896694.889575501,210422.64285644493,1004.04,1
2026-09-13T22:09:13.188899+00:00,1789337353.1888993,F_lat_northeurope_rep3,r3-pub,F01,load,16,1,1000,6,99.5,2306235879,22050349,807167547578,60320,1789156079.537691,5987847.682,192964.18600000002,88996122,85002632,431539599,8191,22431,16055203,4862028126,11084516.6,794068.078,17A/74A70000,17A/74B52280,1,1.0004956722259521,5873673,5870763.025822952,5.598795915434792,3777,3775.1287735175747,3774,3772.1302597975446,0.0,0.0,5444981.074110728,0.0,streaming,17A/74A6DD20,17A/74A6DD20,17A/74A6D678,8928,8928,350456,10632,0.112585,0.112585,0.112585,-1103588.9815929576,True,38980800,reserved,6.9,37.7,0.0,13849902.987756837,0.0,19.990091466865632,5474151.615083752,245182.46985940036,1004.04,1
2026-09-13T22:09:14.189462+00:00,1789337354.1894624,F_lat_northeurope_rep3,r3-pub,F01,load,16,1,1000,6,99.5,2306259106,22050349,807173497885,60320,1789156079.537691,5987889.92,192964.18600000002,88999943,85002632,431543417,8191,22431,16055203,4862070535,11084516.6,794077.284,17A/75107DE0,17A/75107DE0,1,1.000563144683838,5950307,5946958.002216045,5.671461107460065,3821,3818.8494352421662,3818,3815.8511237253574,0.0,0.0,6909612.8882346125,0.0,streaming,17A/75054498,17A/74F93CC0,17A/74F92640,735560,1524000,2140576,1529760,0.112607,0.112607,0.112607,1518272.9926355826,True,45894304,reserved,9.6,37.7,0.0,15404572.996610167,0.0,32.98142668489701,6511235.232493604,200266.22114221146,1004.03,1
2026-09-13T22:09:15.190201+00:00,1789337355.190201,F_lat_northeurope_rep3,r3-pub,F01,load,16,1,1000,6,99.5,2306282759,22050349,807179533163,60320,1789156079.537691,5987920.630000001,192964.18600000002,89003834,85002632,431547305,8191,22431,16055203,4862113480,11084516.6,794086.069,17A/7562BF98,17A/756CC2B0,1,1.0007386207580566,6035278,6030823.508568396,5.751441486900707,3891,3888.128147840021,3888,3885.1303620668214,0.0,0.0,5386797.19976881,0.0,streaming,17A/75629FE8,17A/75519FD8,17A/75517200,8112,1122240,2384496,1133976,0.112607,0.112607,0.112607,-395491.88148669107,True,51285080,reserved,8.3,37.7,2046.4884211710005,13922260.729226317,3.9970476975996103,19.985238487998053,5879541.248785797,245428.7212518601,1004.02,1
2026-09-13T22:09:16.190552+00:00,1789337356.190553,F_lat_northeurope_rep3,r3-pub,F01,load,16,1,1000,6,99.5,2306306686,22050349,807185652324,60320,1789156079.537691,5987954.890000001,192964.18600000002,89007763,85002632,431551230,8191,22431,16055203,4862156999,11084516.6,794094.671,17A/75C4C000,17A/75CAE100,1,1.000351905822754,6119161,6117008.389130031,5.833633793954879,3929,3927.6178484095926,3925,3923.619255537707,0.0,0.0,6420372.633486027,0.0,streaming,17A/75C49C10,17A/75B45DA0,17A/75B45D58,9200,1073760,1602384,1073832,0.114054,0.299961,0.114054,-60122.842421671296,True,57707712,reserved,5.4,37.7,0.0,6436646.906474601,0.0,11.995778615656684,6454967.459365362,199595.76108947562,1004.02,1
2026-09-13T22:09:17.190776+00:00,1789337357.1907594,F_lat_northeurope_rep3,r3-pub,F01,load,16,1,1000,6,99.5,2306330996,22050349,807191870376,60320,1789156079.537691,5987994.839,192964.18600000002,89011758,85002632,431555225,8191,22431,16055203,4862201146,11084516.6,794103.247,17A/76214000,17A/762A2F90,1,1.000206470489502,6218052,6216768.4207810415,5.928772373944322,3995,3994.1753206663852,3995,3994.1753206663852,0.0,0.0,6060828.617748506,0.0,streaming,17A/76211FD8,17A/7610BB38,17A/7610BB38,8232,1082568,1482184,1082568,0.113438,0.113438,0.113438,8734.196646143064,True,63769792,reserved,6.0,37.7,0.0,8952007.674593402,0.0,31.993394308216352,6094519.661542202,230154.47989187567,1004.01,1
2026-09-13T22:09:18.191666+00:00,1789337358.191666,F_lat_northeurope_rep3,r3-pub,F01,load,16,1,1000,6,99.5,2306355485,22050349,807198137176,60320,1789156079.537691,5988029.143999999,192964.18600000002,89015793,85002632,431559255,8191,22431,16055203,4862245718,11084516.6,794112.719,17A/76844000,17A/768A3BE0,1,1.0009064674377441,6266800,6261124.494522054,5.971073622247747,4035,4031.3457163778144,4030,4026.3502446103075,0.0,0.0,6482188.107555169,0.0,streaming,17A/76841CB8,17A/76733D50,17A/76733D08,9032,1114800,1760448,1114872,0.113518,0.113518,0.113518,32274.743995506546,True,70257856,reserved,3.7,37.7,0.0,9453190.990184622,0.0,56.94837814957507,6536501.873894561,232552.19900402706,1004.01,1
2026-09-13T22:09:19.192590+00:00,1789337359.19259,F_lat_northeurope_rep3,r3-pub,F01,load,16,1,1000,6,99.5,2306380175,22050349,807204446745,60320,1789156079.537691,5988063.548,192964.18600000002,89019863,85002632,431563322,8191,22431,16055203,4862290889,11084516.6,794121.636,17A/76E82000,17A/76EB4300,1,1.0009241104125977,6309569,6303743.644859439,6.011718411311568,4070,4066.242343110586,4067,4063.245112882249,0.0,0.0,6539364.904799699,0.0,streaming,17A/76E7FE58,17A/76D73B98,17A/76D73608,8616,1107048,2165744,1108472,0.113692,0.113692,0.113692,-6394.091153785688,True,76803264,reserved,7.3,37.7,0.0,6555733.778153391,0.0,11.988920913348165,6595824.7296876265,245617.02275176387,1004.0,1
2026-09-13T22:09:20.192965+00:00,1789337360.192965,F_lat_northeurope_rep3,r3-pub,F01,load,16,1,1000,6,99.5,2306405123,22050350,807210818369,60320,1789156079.537691,5988098.483999999,192964.18600000002,89023971,85002632,431567427,8191,22431,16055203,4862336241,11084516.6,794132.179,17A/77438000,17A/774CD040,1,1.0003750324249268,6371624,6369235.330229175,6.074176149586845,4108,4106.459944369199,4105,4103.461069044683,0.0,0.0,5986107.015770005,0.0,streaming,17A/77435FD0,17A/77329C78,17A/77329770,8240,1106824,2369672,1108112,0.121320,0.263829,0.121320,-359.8650389417993,True,82791616,reserved,4.1,37.8,5347882.370706291,16607659.589151923,15.994001730746636,32.987628569664935,6049502.240505143,238614.51182100904,1004.0,1
2026-09-13T22:09:21.193783+00:00,1789337361.1937754,F_lat_northeurope_rep3,r3-pub,F01,load,16,1,1000,6,99.5,2306430211,22050350,807217239064,60320,1789156079.537691,5988139.081,192964.18600000002,89028103,85002632,431571556,8191,22431,16055203,4862381724,11084516.6,794140.955,17A/77A72000,17A/77AED338,1,1.0008103847503662,6420695,6415495.97989186,6.1182937430304145,4132,4128.654201595492,4129,4125.656630781168,0.0,0.0,6523737.262806825,0.0,streaming,17A/77A63DB8,17A/77961CD0,17A/77961C88,57928,1114928,1653520,1115000,0.114625,0.114625,0.114625,6882.4225896877415,True,89320640,reserved,4.3,37.7,0.0,14921923.500748862,0.0,18.984615157384884,6513036.93418996,222617.59409658093,1003.99,1
2026-09-13T22:09:22.194823+00:00,1789337362.194824,F_lat_northeurope_rep3,r3-pub,F01,load,16,1,1000,6,99.5,2306455325,22050350,807223656706,60320,1789156079.537691,5988178.7530000005,192964.18600000002,89032239,85002632,431575688,8191,22431,16055203,4862427301,11084516.6,794150.214,17A/7810E000,17A/7810F820,1,1.0010485649108887,6417642,6410919.734519859,6.113929495353564,4136,4131.667678249135,4132,4127.671868115432,0.0,0.0,6923172.604135278,0.0,streaming,17A/780C18C0,17A/77F99FE8,17A/77F99AE0,313152,1523736,2029464,1525024,0.115055,0.282789,0.115055,409594.5135653828,True,3921208,reserved,3.6,37.7,0.0,15384828.009189507,0.0,29.968576002774192,7032990.452992377,236770.7305200512,1003.99,1
2026-09-13T22:09:23.195375+00:00,1789337363.1953752,F_lat_northeurope_rep3,r3-pub,F01,load,16,1,1000,6,99.5,2306480458,22050350,807230080400,60320,1789156079.537691,5988206.251,192964.18600000002,89036372,85002632,431579819,8191,22431,16055203,4862473210,11084516.6,794159.818,17A/78656000,17A/787309F0,1,1.0005512237548828,6423694,6420155.058021987,6.122736986181247,4133,4130.723047331469,4131,4128.724149171619,0.0,0.0,5534741.11921796,0.0,streaming,17A/78653CB0,17A/78653CB0,17A/78653CB0,9040,9040,473024,9040,0.114667,0.284990,0.114667,-1515148.8139815507,True,9459000,reserved,7.1,37.7,0.0,5637084.705002316,0.0,13.992287118954891,5579216.603274639,251381.43258282388,1003.98,1
2026-09-13T22:09:24.196059+00:00,1789337364.1959608,F_lat_northeurope_rep3,r3-pub,F01,load,16,1,1000,6,99.5,2306505533,22050350,807236477726,60320,1789156079.537691,5988240.521,192964.18600000002,89040493,85002632,431583936,8191,22431,16055203,4862519074,11084516.6,794168.645,17A/78C8B610,17A/78D4E460,1,1.0005855560302734,6397326,6393582.1993881,6.0973951333886145,4121,4118.5883357637795,4117,4114.5906766172,0.0,0.0,6506286.204878049,0.0,streaming,17A/78C89D50,17A/78C89D50,17A/78C89C00,6336,6336,719992,6672,0.114055,0.114055,0.114055,-2366.6142147752075,True,15969096,reserved,1.8,37.7,0.0,14892527.590663273,0.0,18.988880946253776,6557484.225568295,237565.89185943443,1003.98,1
2026-09-13T22:09:25.196488+00:00,1789337365.1964889,F_lat_northeurope_rep3,r3-pub,F01,load,16,1,1000,6,99.5,2306530431,22050351,807242845515,60320,1789156079.537691,5988278.741,192964.18600000002,89044588,85002632,431588028,8191,22431,16055203,4862564820,11084516.6,794177.981,17A/7931E000,17A/79368170,1,1.00052809715271,6367789,6364427.963713735,6.069591487611518,4095,4092.8385835975005,4092,4089.8401670527405,0.0,0.0,6888378.267050382,0.0,streaming,17A/7931DE40,17A/7920FFF0,17A/7920FFF0,448,1105936,2438208,1105936,0.113535,0.113535,0.113535,1098683.7882197127,True,22861112,reserved,12.7,37.7,0.0,15306860.490558008,0.0,19.989443631733824,6970471.913629368,226599.33353715306,1003.97,1
2026-09-13T22:09:26.197377+00:00,1789337366.197344,F_lat_northeurope_rep3,r3-pub,F01,load,16,1,1000,6,99.5,2306555399,22050351,807249229115,60320,1789156079.537691,5988311.357000001,192964.18600000002,89048702,85002632,431592139,8191,22431,16055203,4862610235,11084516.6,794186.549,17A/79962000,17A/79979B38,1,1.0008552074432373,6383600,6378145.362611845,6.082673418628545,4114,4110.484682903868,4111,4107.4872463339325,0.0,0.0,6564370.101828752,0.0,streaming,17A/7995FCD0,17A/79855FF8,17A/79855F30,9008,1097736,1786200,1097936,0.114058,0.114058,0.114058,-7993.164186492693,True,29431096,reserved,5.4,37.7,0.0,14962180.23209845,0.0,18.983764942920146,6616745.310160745,239030.57926944745,1003.96,1
2026-09-13T22:09:27.197815+00:00,1789337367.1978157,F_lat_northeurope_rep3,r3-pub,F01,load,16,1,1000,6,99.5,2306580158,22050351,807255559489,60320,1789156079.537691,5988338.800000001,192964.18600000002,89052780,85002632,431596215,8191,22431,16055203,4862655391,11084516.6,794195.946,17A/79E92000,17A/79F86570,1,1.000471591949463,6330374,6327390.053789522,6.034269384183427,4078,4076.0777545455717,4076,4074.0786972848823,0.0,0.0,5436923.990416278,0.0,streaming,17A/79E90000,17A/79E90000,17A/79E8EED0,8192,8192,1092032,12592,0.113418,0.113418,0.113418,-1084832.4017728074,True,34870584,reserved,6.2,37.7,0.0,5436923.990416278,0.0,9.995286303446719,5482665.419126742,241663.03365884372,1003.96,1
2026-09-13T22:09:28.198805+00:00,1789337368.198806,F_lat_northeurope_rep3,r3-pub,F01,load,16,1,1000,6,99.5,2306604814,22050351,807261877563,60320,1789156079.537691,5988377.396,192964.18600000002,89056838,85002632,431600270,8191,22431,16055203,4862700493,11084516.6,794205.911,17A/7A530000,17A/7A5995D8,1,1.000990390777588,6318074,6311822.828880508,6.019423321609982,4058,4053.984970672566,4055,4050.9879389051885,0.0,0.0,6931758.849962533,0.0,streaming,17A/7A52DBE0,17A/7A425FD0,17A/7A4254F8,9248,1089584,2353712,1092360,0.113381,0.287288,0.113381,1078699.6657992054,True,41809208,reserved,5.0,37.7,0.0,15475744.964910451,0.0,28.971307084648696,6971449.540668502,223033.11006469518,1003.95,1
2026-09-13T22:09:29.199381+00:00,1789337369.1993816,F_lat_northeurope_rep3,r3-pub,F01,load,16,1,1000,6,99.5,2306629390,22050351,807268141831,60320,1789156079.537691,5988412.07,192964.18600000002,89060884,85002632,431604313,8191,22431,16055203,4862745657,11084516.6,794216.087,17A/7AB5DFA8,17A/7AB9FE48,3,1.0005755424499512,6264268,6260664.721687757,5.9706351487042975,4046,4043.6726947104858,4043,4040.6744203446597,0.0,0.0,6476056.754429533,0.0,streaming,17A/7AB5BFE8,17A/7AA53BA0,17A/7AA53698,8128,1090568,2152640,1091856,0.113772,0.113772,0.113772,-503.71009345874563,True,48288992,reserved,4.5,37.7,0.0,14868114.76879981,0.0,18.989070983563824,6544753.216699335,244680.17617195152,1003.95,1
2026-09-13T22:09:30.203077+00:00,1789337370.202778,F_lat_northeurope_rep3,r3-pub,F01,load,16,1,1000,6,99.5,2306653974,22050351,807274424214,60320,1789156079.537691,5988450.479,192964.18600000002,89064931,85002632,431608357,8191,22431,16055203,4862790485,11084516.6,794226.514,17A/7B114000,17A/7B1A59F8,1,1.0033965110778809,6282383,6261117.046591343,5.971066519347518,4047,4033.3008489859926,4044,4030.3110040275155,0.0,0.0,5968169.047714771,0.0,streaming,17A/7B0FFFF8,17A/7AFFFCA8,17A/7AFFFCA8,81928,1131352,1933272,1131352,0.113258,0.113259,0.113258,39362.30549334094,True,54277432,reserved,2.9,37.7,0.0,7045764.981189245,0.0,14.949224792386927,5943020.465154031,229339.0473849663,1003.94,1
2026-09-13T22:09:31.203262+00:00,1789337371.2032628,F_lat_northeurope_rep3,r3-pub,F01,load,16,1,1000,6,99.5,2306678542,22050352,807280716071,60320,1789156079.537691,5988483.165999999,192964.18600000002,89068964,85002632,431612387,8191,22431,16055203,4862835325,11084516.6,794235.971,17A/7B734000,17A/7B7ADF30,1,1.0004847049713135,6291857,6288808.783119182,5.997475417250807,4033,4031.046131900274,4030,4028.0475853107127,0.0,0.0,6419416.476920705,0.0,streaming,17A/7B731B70,17A/7B627C90,17A/7B627748,9360,1098608,2175008,1099960,0.114332,0.114332,0.114332,-31376.7915131697,True,60699960,reserved,4.1,37.7,0.0,14812148.477996882,0.0,17.991279537367948,6509363.878967776,222004.39336688165,1003.94,1
2026-09-13T22:09:32.203491+00:00,1789337372.2034917,F_lat_northeurope_rep3,r3-pub,F01,load,16,1,1000,6,99.5,2306703029,22050352,807286984042,60320,1789156079.537691,5988518.3780000005,192964.18600000002,89072986,85002632,431616406,8191,22431,16055203,4862879947,11084516.6,794245.779,17A/7BD62000,17A/7BDAB650,1,1.0002288818359375,6267971,6266536.703574317,5.976235107015912,4022,4021.0796479077358,4019,4018.0803343961193,0.0,0.0,6478389.214382694,0.0,streaming,17A/7BD5FD70,17A/7BC57DA8,17A/7BC57DA8,8848,1090136,1473304,1090136,0.114374,0.114374,0.114374,-9821.751979374838,True,67179832,reserved,3.7,37.7,0.0,14873267.779164314,0.0,18.995652240240425,6514077.046086254,232818.71202575095,1003.93,1
2026-09-13T22:09:33.204408+00:00,1789337373.2044084,F_lat_northeurope_rep3,r3-pub,F01,load,16,1,1000,6,99.5,2306727525,22050352,807293246849,60320,1789156079.537691,5988551.595000001,192964.18600000002,89077017,85002632,431620434,8191,22431,16055203,4862924322,11084516.6,794255.074,17A/7C317B48,17A/7C3A7328,1,1.0009167194366455,6262807,6257071.021378231,5.967207929018241,4031,4027.308088398006,4028,4024.3108360375013,0.0,0.0,5981660.495560305,0.0,streaming,17A/7C315FD8,17A/7C20DD28,17A/7C20D858,7024,1089056,2313424,1090288,0.114374,0.114374,0.114374,151.86078626556608,True,73166976,reserved,4.3,37.7,0.0,14531574.623097941,0.0,30.971607725214135,6027537.439274309,225872.93788762618,1003.93,1
2026-09-13T22:09:34.205283+00:00,1789337374.2052834,F_lat_northeurope_rep3,r3-pub,F01,load,16,1,1000,6,99.5,2306751940,22050352,807299501048,60320,1789156079.537691,5988588.725,192964.18600000002,89081042,85002632,431624456,8191,22431,16055203,4862968849,11084516.6,794265.91,17A/7C941F48,17A/7C9A22C0,1,1.0008749961853027,6254199,6248731.383876127,5.959254630924346,4025,4021.4812192738686,4022,4018.4838419675775,0.0,0.0,6458860.5216821255,0.0,streaming,17A/7C93FFE0,17A/7C839C58,17A/7C839C58,8040,1082096,1562768,1082096,0.114326,0.188905,0.114326,-8184.838297712182,True,79631488,reserved,1.9,37.7,0.0,6482391.931788048,0.0,11.98950922516433,6505262.919760818,243620.83270072658,1003.92,1
2026-09-13T22:09:35.205624+00:00,1789337375.205624,F_lat_northeurope_rep3,r3-pub,F01,load,16,1,1000,6,99.5,2306776413,22050352,807305749425,60320,1789156079.537691,5988621.460000001,192964.18600000002,89085078,85002632,431628489,8191,22431,16055203,4863013509,11084516.6,794275.663,17A/7CF68000,17A/7CF97E58,1,1.0003407001495361,6248377,6246248.902065027,5.956887151780154,4036,4034.6254025220383,4033,4031.626424274376,0.0,0.0,6445092.15613863,0.0,streaming,17A/7CF65BD0,17A/7CE5BFB0,17A/7CE5BFB0,9264,1097808,1839616,1097808,0.113940,0.285829,0.113940,15706.648742424744,True,86078776,reserved,2.1,37.7,0.0,14859321.426967826,0.0,19.993188317750437,6522660.728514422,229559.78894557877,1003.91,1
2026-09-13T22:09:36.206462+00:00,1789337376.206462,F_lat_northeurope_rep3,r3-pub,F01,load,16,1,1000,6,99.5,2306800881,22050352,807312002237,60320,1789156079.537691,5988658.0879999995,192964.18600000002,89089108,85002632,431632515,8191,22431,16055203,4863058060,11084516.6,794284.517,17A/7D51E000,17A/7D5983B0,1,1.000837802886963,6252812,6247577.761315045,5.958154450717015,4030,4026.62648070974,4026,4022.6298291159837,0.0,0.0,5983339.1411938295,0.0,streaming,17A/7D51BB98,17A/7D411CE0,17A/7D411CE0,9320,1098528,1644408,1098528,0.114551,0.114551,0.114551,719.3972868761819,True,92067128,reserved,4.3,37.7,0.0,14381295.309271626,0.0,18.984095070343688,6026177.251301509,203032.89845152886,1003.91,1
2026-09-13T22:09:37.206651+00:00,1789337377.206652,F_lat_northeurope_rep3,r3-pub,F01,load,16,1,1000,6,99.5,2306825421,22050352,807318282358,60320,1789156079.537691,5988691.028000001,192964.18600000002,89093152,85002632,431636557,8191,22431,16055203,4863102924,11084516.6,794292.935,17A/7DB4E000,17A/7DB975C8,1,1.000190019607544,6280121,6278927.880588334,5.988052254284224,4044,4043.231706697884,4042,4041.232086664898,0.0,0.0,6486831.374847948,0.0,streaming,17A/7DB49B68,17A/7DA46000,17A/7DA45AF8,17560,1081344,1970368,1082632,0.113037,0.113037,0.113037,-15892.980022173482,True,3334248,reserved,3.1,37.7,0.0,14988511.888853213,0.0,28.994490478298378,6541330.019036967,236766.00981573507,1003.9,1
2026-09-13T22:09:38.207072+00:00,1789337378.207073,F_lat_northeurope_rep3,r3-pub,F01,load,16,1,1000,6,99.5,2306850021,22050353,807324566587,60320,1789156079.537691,5988724.467,192964.18600000002,89097205,85002632,431640607,8191,22431,16055203,4863147945,11084516.6,794301.713,17A/7E10A000,17A/7E19C370,1,1.0004210472106934,6284229,6281584.1565121645,5.990585476410069,4053,4051.294213871551,4050,4048.295476481565,0.0,0.0,6010397.33896527,0.0,streaming,17A/7E107DF0,17A/7DFFFB68,17A/7DFFFB68,8720,1090712,1098280,1090712,0.123767,0.123767,0.123767,8076.599370363221,True,9347176,reserved,3.5,37.7,0.0,6100471.41352742,0.0,18.992003469913513,6073775.653702632,234762.15404986095,1003.9,1
2026-09-13T22:09:39.207407+00:00,1789337379.207408,F_lat_northeurope_rep3,r3-pub,F01,load,16,1,1000,6,99.5,2306874761,22050353,807330878011,60320,1789156079.537691,5988758.736,192964.18600000002,89101269,85002632,431644668,8191,22431,16055203,4863193169,11084516.6,794310.639,17A/7E742000,17A/7E7A38B8,1,1.0003349781036377,6311424,6309310.519127041,6.017027396323243,4064,4062.6391048568908,4061,4059.640109454683,0.0,0.0,6518648.395522187,0.0,streaming,17A/7E73FF30,17A/7E637B48,17A/7E637B48,8400,1090744,2473448,1090744,0.113687,0.287051,0.113687,31.98928429021174,True,15868008,reserved,2.5,37.7,0.0,14904447.336495453,0.0,18.99363754731322,6571898.55788378,229717.04981827864,1003.89,1
2026-09-13T22:09:40.207752+00:00,1789337380.2077188,F_lat_northeurope_rep3,r3-pub,F01,load,16,1,1000,6,99.5,2306897917,22050353,807336782697,60320,1789156079.537691,5988791.492000001,192964.18600000002,89105077,85002632,431648472,8191,22431,16055203,4863235463,11084516.6,794319.171,17A/7ED7C000,17A/7EDAD2A0,1,1.0003108978271484,5904686,5902850.816507166,5.629397217280546,3808,3806.816469031425,3804,3802.817712236224,0.0,0.0,6526994.771507729,0.0,streaming,17A/7ED7A000,17A/7EC71B78,17A/7EC715A8,8192,1090696,1454136,1092184,0.113331,0.287487,0.113331,1439.5524462723877,True,22397032,reserved,6.0,37.7,0.0,14921185.03599383,0.0,16.994716379604576,6574729.930750442,250763.03831625835,1003.89,1
2026-09-13T22:09:41.208089+00:00,1789337381.2080894,F_lat_northeurope_rep3,r3-pub,F01,load,16,1,1000,6,99.5,2306922641,22050353,807343098984,60320,1789156079.537691,5988826.183,192964.18600000002,89109148,85002632,431652540,8191,22431,16055203,4863280328,11084516.6,794327.975,17A/7F3258C8,17A/7F3B6C90,1,1.0003705024719238,6316287,6313947.6667818595,6.021449724943027,4071,4069.4922430644697,4068,4066.4933541602218,0.0,0.0,5935153.011138127,0.0,streaming,17A/7F323FD0,17A/7F219D30,17A/7F219828,6392,1096600,2276984,1097888,0.113089,0.113089,0.113089,5701.8874366101045,True,28334384,reserved,4.8,37.7,0.0,6039362.401301474,0.0,21.991851964484976,5992779.660322156,232446.87785716294,1003.88,1
2026-09-13T22:09:42.208760+00:00,1789337382.2087607,F_lat_northeurope_rep3,r3-pub,F01,load,16,1,1000,6,99.5,2306947244,22050353,807349408296,60320,1789156079.537691,5988859.788000001,192964.18600000002,89113202,85002632,431656591,8191,22431,16055203,4863324843,11084516.6,794337.152,17A/7F961058,17A/7F9C20B8,1,1.00067138671875,6309312,6305078.853796889,6.0129917657822505,4054,4051.280024397682,4051,4048.2820372064652,0.0,0.0,6530671.393961574,0.0,streaming,17A/7F95FE10,17A/7F855EC8,17A/7F855EC8,4680,1094032,1590736,1094032,0.114885,0.266808,0.114885,-3853.4128697773713,True,34869440,reserved,18.5,37.5,4870458.03915828,10118518.561024703,273.8161634644709,30.97920097590729,6579475.627447393,228923.30393412625,1003.88,1
2026-09-13T22:09:43.209510+00:00,1789337383.2095103,F_lat_northeurope_rep3,r3-pub,F01,load,16,1,1000,6,99.5,2306972030,22050353,807355743219,60320,1789156079.537691,5988892.683,192964.18600000002,89117282,85002632,431660669,8191,22431,16055203,4863369580,11084516.6,794346.751,17A/7FF9C000,17A/7FFCD0A8,1,1.0007495880126953,6334923,6330177.974472107,6.036928152534587,4080,4076.9439716704055,4078,4074.9454697235083,0.0,0.0,6528138.585571042,0.0,streaming,17A/7FF99F08,17A/7FE8DFF0,17A/7FE8DA68,8440,1105936,1937784,1107352,0.114976,0.114976,0.114976,13310.022966335735,True,41402472,reserved,21.3,37.4,9808199.890935635,10080891.484585872,642.5183759274684,113.91461097314368,6581872.307417269,245175.2195943821,1003.87,1
2026-09-13T22:09:44.210580+00:00,1789337384.2105799,F_lat_northeurope_rep3,r3-pub,F01,load,16,1,1000,6,99.5,2306996728,22050354,807362070270,60320,1789156079.537691,5988924.308,192964.18600000002,89121342,85002632,431664729,8191,22431,16055203,4863414590,11084516.6,794354.833,17A/80533AD0,17A/805DBFA0,1,1.0010695457458496,6327051,6320291.1594778495,6.027499351003503,4060,4055.662283657911,4060,4055.662283657911,0.0,0.0,5857878.730723851,0.0,streaming,17A/80531C80,17A/80531C80,17A/80531C80,7760,7760,596376,7760,0.114461,0.114461,0.114461,-1098417.1925645245,True,47266616,reserved,8.5,37.4,0.0,14623463.536784645,0.0,36.96046908752283,5876858.431066093,259303.66287049363,1003.87,1
2026-09-13T22:09:45.211152+00:00,1789337385.2111523,F_lat_northeurope_rep3,r3-pub,F01,load,16,1,1000,6,99.5,2307019861,22050354,807367992658,60320,1789156079.537691,5988972.182,192964.18600000002,89125154,85002632,431668535,8191,22431,16055203,4863456851,11084516.6,794362.419,17A/80B80000,17A/80BE1DA8,1,1.0005724430084229,5922388,5918999.709999154,5.6447980022422355,3812,3809.8190956953135,3806,3803.8225283883426,0.0,0.0,6600301.703436387,0.0,streaming,17A/80B65C38,17A/80A5DF30,17A/80A5DF30,107464,1188048,2059800,1188048,0.114217,0.114217,0.114217,1179612.7389349502,True,53870696,reserved,7.3,37.4,53217.535993594975,6623536.402895128,1.9988557689901958,11.993134613941175,6560344.576614273,201166.8434469423,1003.86,1
2026-09-13T22:09:46.211819+00:00,1789337386.2117546,F_lat_northeurope_rep3,r3-pub,F01,load,16,1,1000,6,99.5,2307044532,22050354,807374285201,60320,1789156079.537691,5989008.717,192964.18600000002,89129219,85002632,431672597,8191,22431,16055203,4863501766,11084516.6,794370.184,17A/8110C000,17A/811E6848,1,1.0006022453308105,6292543,6288755.626287459,5.997424722945651,4065,4062.5533462160724,4062,4059.5551518646216,0.0,0.0,5812819.25674378,0.0,streaming,17A/81107DE8,17A/81107DE8,17A/81107458,16920,16920,669312,19368,0.114240,0.263687,0.114240,-1167976.5915512422,True,59687016,reserved,3.5,37.4,0.0,14216845.970895175,0.0,19.987962343006508,5963014.802177834,262900.66929944744,1003.86,1
2026-09-13T22:09:47.212299+00:00,1789337387.2122998,F_lat_northeurope_rep3,r3-pub,F01,load,16,1,1000,6,99.5,2307069206,22050354,807380582863,60320,1789156079.537691,5989046.058,192964.18600000002,89133270,85002632,431676645,8191,22431,16055203,4863546760,11084516.6,794378.581,17A/81742000,17A/817E96F8,1,1.0005452632904053,6297662,6294229.987446478,6.002645480581739,4051,4048.792342165343,4048,4045.7939770637645,0.0,0.0,6509090.831715552,0.0,streaming,17A/8173DDD0,17A/8173DDD0,17A/8173DDD0,16944,16944,994136,16944,0.113442,0.113442,0.113442,-2422.6790020757326,True,66199656,reserved,6.0,37.4,0.0,14929971.23475888,0.0,20.988555711052136,6562234.85423097,234187.30625881816,1003.85,1
2026-09-13T22:09:48.212762+00:00,1789337388.2127628,F_lat_northeurope_rep3,r3-pub,F01,load,16,1,1000,6,99.5,2307093814,22050354,807386863646,60320,1789156079.537691,5989080.675000001,192964.18600000002,89137320,85002632,431680692,8191,22431,16055203,4863591415,11084516.6,794386.881,17A/81D74000,17A/81DEBF48,1,1.0004630088806152,6280783,6277876.287527471,5.987049376990767,4050,4048.1256818594525,4047,4045.1270702432603,0.0,0.0,6493249.567786064,0.0,streaming,17A/81D71FD0,17A/81C69FC8,17A/81C69930,8240,1089592,2342304,1091280,0.113137,0.113137,0.113137,1073838.8030978164,True,72695912,reserved,7.3,37.4,0.0,15008986.705866149,0.0,22.9893557241401,6558067.556481674,201011.92969144325,1003.85,1
2026-09-13T22:09:49.213345+00:00,1789337389.2133455,F_lat_northeurope_rep3,r3-pub,F01,load,16,1,1000,6,99.5,2307118386,22050354,807393131758,60320,1789156079.537691,5989113.965,192964.18600000002,89141366,85002632,431684735,8191,22431,16055203,4863636143,11084516.6,794395.623,17A/82312000,17A/823F0458,4,1.0005826950073242,6268112,6264461.729426689,5.974256257464113,4046,4043.6437889527797,4043,4040.6455360197942,0.0,0.0,5886617.89714131,0.0,streaming,17A/82307C78,17A/82307C78,17A/82307B28,41864,41864,1163888,42200,0.113347,0.113347,0.113347,-1048469.0623120569,True,78585960,reserved,2.7,37.4,0.0,5902992.355825987,0.0,12.992429376269435,5915893.838196623,265273.42649880337,1003.84,1
2026-09-13T22:09:50.213817+00:00,1789337390.2138171,F_lat_northeurope_rep3,r3-pub,F01,load,16,1,1000,6,99.5,2307143014,22050355,807399434985,60320,1789156079.537691,5989148.119999999,192964.18600000002,89145420,85002632,431688786,8191,22431,16055203,4863680994,11084516.6,794403.772,17A/82946000,17A/829F02E8,1,1.000471591949463,6303227,6300255.850061554,6.0083921909919304,4054,4052.0890674172992,4051,4049.090481526265,0.0,0.0,6501382.0005881395,0.0,streaming,17A/82941FC8,17A/82941FC8,17A/82941A30,16440,16440,325384,17872,0.113314,0.113314,0.113314,-24316.532519025175,True,85090408,reserved,7.9,37.4,0.0,14894224.00386628,0.0,18.991043976548763,6576764.450831474,241374.1698846741,1003.83,1
2026-09-13T22:09:51.214246+00:00,1789337391.2142465,F_lat_northeurope_rep3,r3-pub,F01,load,16,1,1000,6,99.5,2307167572,22050355,807405719001,60320,1789156079.537691,5989183.333000001,192964.18600000002,89149466,85002632,431692829,8191,22431,16055203,4863725720,11084516.6,794412.066,17A/82F7C000,17A/82FFE0E0,4,1.000429391860962,6284016,6281318.852808498,5.990332463081835,4046,4044.2634262012034,4043,4041.2647138238913,0.0,0.0,6509844.725658677,0.0,streaming,17A/82F79DB0,17A/82E71FC8,17A/82E71AB8,8784,1089592,1675888,1090888,0.113314,0.113314,0.113314,1072555.453417872,True,91603048,reserved,5.0,37.4,0.0,14903040.755595963,0.0,17.9922742638709,6548925.944501389,199699.25076708043,1003.83,1
2026-09-13T22:09:52.215003+00:00,1789337392.215004,F_lat_northeurope_rep3,r3-pub,F01,load,16,1,1000,6,99.5,2307192148,22050355,807412006298,60320,1789156079.537691,5989216.336999999,192964.18600000002,89153515,85002632,431696875,8191,22431,16055203,4863770569,11084516.6,794420.614,17A/83538000,17A/836082E8,4,1.0007574558258057,6287297,6282538.254798057,5.9914953754406515,4049,4045.9353826735605,4046,4042.937653321123,0.0,0.0,6008376.919898387,0.0,streaming,17A/83535FD8,17A/83535FD8,17A/83535A08,8232,8232,453136,9720,0.113431,0.113431,0.113431,-1080349.6828388264,True,1674176,reserved,3.9,37.4,0.0,6082049.116463899,0.0,22.98259170202319,6056677.334467982,252647.63058034092,1003.82,1
2026-09-13T22:09:53.215824+00:00,1789337393.215318,F_lat_northeurope_rep3,r3-pub,F01,load,16,1,1000,6,99.5,2307216780,22050355,807418310665,60320,1789156079.537691,5989247.68,192964.18600000002,89157567,85002632,431700924,8191,22431,16055203,4863815512,11084516.6,794430.18,17A/83B6A000,17A/83C0E640,3,1.0003139972686768,6304367,6302388.067360708,6.01042563186713,4052,4050.72808244596,4049,4047.7290241420756,0.0,0.0,6494216.833652039,0.0,streaming,17A/83B67FF8,17A/83A5FDA8,17A/83A5FDA8,8200,1090136,1855832,1090136,0.114367,0.114367,0.114367,1080076.8588163706,True,8170432,reserved,4.1,37.4,638775.4262608562,14904759.946086645,36.9883857479024,20.99340812718785,6544994.8894812,244162.33369410632,1003.82,1
2026-09-13T22:09:54.218993+00:00,1789337394.2179687,F_lat_northeurope_rep3,r3-pub,F01,load,16,1,1000,6,99.5,2307241352,22050355,807424581258,60320,1789156079.537691,5989281.592,192964.18600000002,89161612,85002632,431704966,8191,22431,16055203,4863860297,11084516.6,794438.675,17A/8410A000,17A/842147D8,1,1.0026507377624512,6270593,6254015.245621486,5.964293714162336,4045,4034.306112442461,4042,4031.314043632244,0.0,0.0,5882646.646391254,0.0,streaming,17A/84107C70,17A/84107C70,17A/84107310,9104,9104,541128,11504,0.113875,0.113875,0.113875,-1075780.3883006272,True,14068672,reserved,6.0,37.3,0.0,14265418.11749879,0.0,18.949769131373735,5957190.051372728,225892.21896494573,1003.81,1
2026-09-13T22:09:55.218410+00:00,1789337395.218411,F_lat_northeurope_rep3,r3-pub,F01,load,16,1,1000,6,99.5,2307266003,22050355,807430879460,60320,1789156079.537691,5989316.159,192964.18600000002,89165660,85002632,431709011,8191,22431,16055203,4863905195,11084516.6,794447.932,17A/84740000,17A/84819B20,1,1.0004422664642334,6298202,6295417.747851785,6.003778217174325,4048,4046.2104967900405,4045,4043.2118230028937,0.0,0.0,6509760.951041179,0.0,streaming,17A/8473DC90,17A/8473DC90,17A/8473CB50,9072,9072,887304,13488,0.114196,0.114196,0.114196,1983.1229312330634,True,20581312,reserved,5.4,37.3,0.0,14894660.591124406,0.0,17.992042722880615,6535829.421830774,262307.9899727346,1003.81,1
2026-09-13T22:09:56.218904+00:00,1789337396.2189043,F_lat_northeurope_rep3,r3-pub,F01,load,16,1,1000,6,99.5,2307290608,22050356,807437157564,60320,1789156079.537691,5989354.107000001,192964.18600000002,89169705,85002632,431713053,8191,22431,16055203,4863950182,11084516.6,794457.929,17A/84D739F0,17A/84E1E058,1,1.0004932880401611,6278104,6275008.613299152,5.984314549731399,4045,4043.0056336746043,4042,4040.0071128090854,0.0,0.0,6499689.78076639,0.0,streaming,17A/84D71F60,17A/84C65E80,17A/84C654F0,6800,1104752,2216888,1107200,0.121691,0.121691,0.121691,1093172.7509561232,True,27084208,reserved,4.2,37.3,32751.8439071074,6509428.9765375955,0.9995069551729553,11.994083462075464,6555549.225970142,248913.2140884521,1003.8,1
2026-09-13T22:09:57.219392+00:00,1789337397.219392,F_lat_northeurope_rep3,r3-pub,F01,load,16,1,1000,6,99.5,2307315193,22050356,807443456118,60320,1789156079.537691,5989387.936000001,192964.18600000002,89173753,85002632,431717098,8191,22431,16055203,4863995345,11084516.6,794467.777,17A/853195D8,17A/85422A08,1,1.0004878044128418,6298554,6295483.035594267,6.003840480417506,4048,4046.0263305015073,4045,4043.0277932012345,0.0,0.0,5918880.743854064,0.0,streaming,17A/85317D60,17A/85317D60,17A/85317D60,6264,6264,1231096,6264,0.113830,0.266326,0.113830,-1100399.220404399,True,34081728,reserved,8.4,37.4,0.0,15442579.041797753,0.0,19.99024866848571,6205237.0579803875,230162.72560677733,1003.8,1
2026-09-13T22:09:58.220235+00:00,1789337398.2202358,F_lat_northeurope_rep3,r3-pub,F01,load,16,1,1000,6,99.5,2307338259,22050356,807449361496,60320,1789156079.537691,5989422.226,192964.18600000002,89177551,85002632,431720893,8191,22431,16055203,4864037590,11084516.6,794478.693,17A/8594DC70,17A/85A268C0,1,1.0008437633514404,5905378,5900399.4591774875,5.627059420754898,3798,3794.7980884468525,3795,3791.8006176028975,0.0,0.0,6500650.988935032,0.0,streaming,17A/8594BDE8,17A/8594BDE8,17A/8594BDA0,7816,7816,762064,7888,0.113224,0.113224,0.113224,1622.630883527564,True,39512112,reserved,2.9,37.3,0.0,13926936.960994491,0.0,23.979766751638877,6295868.776660776,241850.93504449786,1003.79,1
2026-09-13T22:09:59.220834+00:00,1789337399.2208347,F_lat_northeurope_rep3,r3-pub,F01,load,16,1,1000,6,99.5,2307362876,22050356,807455659910,60320,1789156079.537691,5989456.102,192964.18600000002,89181607,85002632,431724946,8191,22431,16055203,4864082504,11084516.6,794488.625,17A/85F7E000,17A/8602A600,1,1.0005989074707031,6298414,6294644.090628705,6.003040400150971,4056,4053.5722852753133,4053,4050.5740809222993,0.0,0.0,6485092.029935075,0.0,streaming,17A/85F79FC8,17A/85E71BB8,17A/85E71BB8,16440,1098824,2333576,1098824,0.113554,0.284229,0.113554,1090283.0213533307,True,46001088,reserved,5.4,37.3,0.0,14884141.776295172,0.0,17.98922611808571,6550819.665163305,246968.08896649268,1003.79,1
2026-09-13T22:10:00.221362+00:00,1789337400.2213626,F_lat_northeurope_rep3,r3-pub,F01,load,16,1,1000,6,99.5,2307387475,22050356,807461949839,60320,1789156079.537691,5989494.908,192964.18600000002,89185659,85002632,431728995,8191,22431,16055203,4864127394,11084516.6,794497.512,17A/86630000,17A/86631BE0,1,1.0005278587341309,6289929,6286610.557709034,5.995379026135477,4052,4049.8622448420333,4049,4046.863827582772,0.0,0.0,7016840.099667391,0.0,streaming,17A/86542298,17A/86523B80,17A/86523B80,981320,1106016,1701640,1106016,0.113048,0.287451,0.113048,7188.205642868683,True,53028768,reserved,2.5,37.4,0.0,7049590.811917881,0.0,14.99208629630565,6341068.811444154,220053.84265717436,1003.78,1
2026-09-13T22:10:01.221859+00:00,1789337401.2218592,F_lat_northeurope_rep3,r3-pub,F01,load,16,1,1000,6,99.5,2307412105,22050356,807468244242,60320,1789156079.537691,5989526.055,192964.18600000002,89189707,85002632,431733040,8191,22431,16055203,4864172421,11084516.6,794507.074,17A/86B58000,17A/86C33088,1,1.0004966259002686,6294403,6291278.588107341,5.999830806834546,4048,4045.9906562478627,4045,4042.992145386019,0.0,0.0,5404036.215649319,0.0,streaming,17A/86B55CE8,17A/86B55CE8,17A/86B55CE8,8984,8984,1264128,8984,0.113888,0.113888,0.113888,-1096487.4559300656,True,58428352,reserved,2.9,37.4,0.0,13796668.217225913,0.0,15.99205792983345,6168047.787714527,244781.4351993751,1003.78,1
2026-09-13T22:10:02.222630+00:00,1789337402.2226307,F_lat_northeurope_rep3,r3-pub,F01,load,16,1,1000,6,99.5,2307436682,22050356,807474516523,60320,1789156079.537691,5989577.786,192964.18600000002,89193752,85002632,431737082,8191,22431,16055203,4864217188,11084516.6,794516.736,17A/87204000,17A/87237948,1,1.0007715225219727,6272281,6267445.524622517,5.9771018263077895,4045,4041.8815973165233,4042,4038.883910099725,0.0,0.0,6990574.614243581,0.0,streaming,17A/87201FE0,17A/870FFD70,17A/870FEC40,8224,1065616,1507560,1070016,0.113873,0.113873,0.113873,1060214.0210046838,True,65424320,reserved,3.3,37.3,0.0,15393179.815087885,0.0,21.98303958985501,7045121.530069517,218573.3657256393,1003.77,1
2026-09-13T22:10:03.222707+00:00,1789337403.2227073,F_lat_northeurope_rep3,r3-pub,F01,load,16,1,1000,6,99.5,2307459794,22050357,807480420036,60320,1789156079.537691,5989612.915000001,192964.18600000002,89197550,85002632,431740877,8191,22431,16055203,4864259251,11084516.6,794526.013,17A/8783A000,17A/8783CF20,1,1.0000765323638916,5903513,5903061.224770271,5.629597878237029,3798,3797.709352325893,3795,3794.709581905415,0.0,0.0,6512141.6104085585,0.0,streaming,17A/87755AB0,17A/8772FEE8,17A/8772FA20,943440,1098008,2218784,1099232,0.113779,0.113779,0.113779,29213.764201567483,True,71945152,reserved,5.2,37.3,0.0,6520332.983503412,0.0,11.999081681914355,5780036.64013255,253978.5624202402,1003.77,1
2026-09-13T22:10:04.223110+00:00,1789337404.223111,F_lat_northeurope_rep3,r3-pub,F01,load,16,1,1000,6,99.5,2307482852,22050357,807486307849,60320,1789156079.537691,5989649.7809999995,192964.18600000002,89201349,85002632,431744672,8191,22431,16055203,4864301360,11084516.6,794534.259,17A/87D60000,17A/87E3DCC8,1,1.000403642654419,5887813,5885437.386430925,5.612790476256299,3799,3797.467180267288,3795,3793.468794186459,0.0,0.0,5396349.803041327,0.0,streaming,17A/87D5DDF8,17A/87D5DDF8,17A/87D5D828,8712,8712,459168,10200,0.113534,0.113534,0.113534,-1088592.5975943261,True,77335488,reserved,4.5,37.3,0.0,14543121.77572291,0.0,26.98910604559536,6232249.398309865,243036.89994058624,1003.76,1
2026-09-13T22:10:05.223612+00:00,1789337405.223613,F_lat_northeurope_rep3,r3-pub,F01,load,16,1,1000,6,99.5,2307507488,22050357,807492604776,60320,1789156079.537691,5989689.389,192964.18600000002,89205404,85002632,431748724,8191,22431,16055203,4864346269,11084516.6,794543.772,17A/88438000,17A/8848B3D0,2,1.000502109527588,6296927,6293766.839705368,6.002203788476341,4055,4052.9649676747504,4052,4049.966473247371,0.0,0.0,7172590.57393534,0.0,streaming,17A/88433FD8,17A/8832BD48,17A/8832BD48,16424,1098424,2472752,1098424,0.112980,0.112980,0.112980,1087677.8665802437,True,84511680,reserved,4.3,37.3,0.0,15581552.354108393,0.0,20.989460991657154,6951755.457351402,224170.4418853258,1003.75,1
2026-09-13T22:10:06.224042+00:00,1789337406.2240422,F_lat_northeurope_rep3,r3-pub,F01,load,16,1,1000,6,99.5,2307530525,22050357,807498494908,60320,1789156079.537691,5989727.016000001,192964.18600000002,89209197,85002632,431752514,8191,22431,16055203,4864387934,11084516.6,794551.738,17A/88A72000,17A/88B2C9C8,2,1.0004291534423828,5890132,5887605.313912143,5.614857973014968,3793,3791.3729192603423,3790,3788.3742061683884,0.0,0.0,6526223.248827008,0.0,streaming,17A/88A6DDF0,17A/88961F00,17A/88961360,16912,1114368,2172480,1117344,0.112980,0.268666,0.112980,18911.883899922403,True,91040704,reserved,3.7,37.4,0.0,10092308.850915039,0.0,27.987988858236115,5961759.4903920395,253259.312894056,1003.75,1
2026-09-13T22:10:07.224189+00:00,1789337407.2241895,F_lat_northeurope_rep3,r3-pub,F01,load,16,1,1000,6,99.5,2307555119,22050357,807504798920,60320,1789156079.537691,5989770.702,192964.18600000002,89213246,85002632,431756560,8191,22431,16055203,4864432972,11084516.6,794561.168,17A/89114000,17A/891D10A0,2,1.0001473426818848,6304012,6303083.286804379,6.0110886447948255,4049,4048.4034973713456,4046,4045.4039393342714,0.0,0.0,6953983.381438796,0.0,streaming,17A/8910FFD8,17A/8910FFD8,17A/8910FF40,16424,16424,1260240,16576,0.110512,0.110512,0.110512,-1100605.833784752,True,97995712,reserved,5.5,37.4,0.0,7048177.502624364,0.0,20.99690625952044,6343111.388956457,238731.82461271033,1003.74,1
2026-09-13T22:10:08.224293+00:00,1789337408.2242932,F_lat_northeurope_rep3,r3-pub,F01,load,16,1,1000,6,99.5,2307579738,22050357,807511077039,60320,1789156079.537691,5989817.766000001,192964.18600000002,89217297,85002632,431760609,8191,22431,16055203,4864478287,11084516.6,794571.679,17A/8986A000,17A/898858C0,2,1.0001037120819092,6278119,6277467.950729712,5.986659956674301,4051,4050.579905925017,4049,4048.5801133276705,0.0,0.0,7691490.299528052,0.0,streaming,17A/89863FD8,17A/89757D98,17A/897577C8,24616,1122920,2209720,1124408,0.110512,0.125008,0.110512,1107717.1163516967,True,105688000,reserved,3.1,37.4,0.0,11021192.969132049,0.0,94.99014837395127,6967995.334697105,225804.58133676494,1003.74,1
2026-09-13T22:10:09.224631+00:00,1789337409.2246315,F_lat_northeurope_rep3,r3-pub,F01,load,16,1,1000,6,99.5,2307604328,22050358,807517381413,60320,1789156079.537691,5989852.728,192964.18600000002,89221344,85002632,431764653,8191,22431,16055203,4864523551,11084516.6,794582.163,17A/89EA0000,17A/89ED1638,2,1.0003383159637451,6304374,6302241.850974433,6.010286189054902,4047,4045.6312983483417,4044,4042.632312952976,0.0,0.0,6510437.415091511,0.0,streaming,17A/89E9BFC8,17A/89D93FE8,17A/89D93598,16440,1097752,1985896,1100392,0.112999,0.112999,0.112999,-24007.87775170096,True,112200640,reserved,1.6,37.5,0.0,16059078.957225727,0.0,46.98410452739611,6243316.7862644885,233273.07999312633,1003.73,1
2026-09-13T22:10:10.226079+00:00,1789337410.2260797,F_lat_northeurope_rep3,r3-pub,F01,load,16,1,1000,6,99.5,2307628996,22050358,807523675189,60320,1789156079.537691,5989892.004000001,192964.18600000002,89225401,85002632,431768705,8191,22431,16055203,4864568776,11084516.6,794591.107,17A/8A42A000,17A/8A4D4E50,2,1.001448154449463,6293776,6284674.820195707,5.993532962985713,4057,4051.1333332381037,4052,4046.1405635397577,0.0,0.0,5799729.09650322,0.0,streaming,17A/8A423BF0,17A/8A423BF0,17A/8A423668,25616,25616,570544,27032,0.114108,0.114108,0.114108,-1071807.8566833746,True,118008768,reserved,2.5,37.5,0.0,14196657.047928544,0.0,21.968186672723263,5857128.972617227,279572.1363667746,1003.73,1
2026-09-13T22:10:11.226259+00:00,1789337411.2262597,F_lat_northeurope_rep3,r3-pub,F01,load,16,1,1000,6,99.5,2307694284,22050361,807532499149,60320,1789156079.537691,5989932.052,192964.18600000002,89229456,85002632,431772803,8204,22482,16055203,4864726189,11084516.6,794601.491,17A/8AA9A000,17A/8AAFCE68,1,1.0001800060272217,8823960,8822371.91988003,8.413669509773284,4055,4054.270206926768,4098,4097.26246806064,12.997660342798516,50.990821344824944,6748993.140557022,0.0,streaming,17A/8AA97B90,17A/8A9925D8,17A/8A96D408,9328,1079848,2179016,1231864,0.113958,0.113958,0.113958,1204615.1620103556,True,124758976,reserved,14.7,37.4,0.0,6826803.1342891725,0.0,14.99730039553675,6666090.063610547,209977.20283791004,1003.72,1
2026-09-13T22:10:12.226972+00:00,1789337412.226972,F_lat_northeurope_rep3,r3-pub,F01,load,16,1,1000,6,99.5,2307717168,22050361,807538342945,60320,1789156079.537691,5989973.027,192964.18600000002,89233220,85002632,431776564,8204,22482,16055203,4864768382,11084516.6,794610.69,17A/8B0D4000,17A/8B0D4E90,1,1.0007123947143555,5843796,5839635.87426941,5.569110750455294,3764,3761.3204551887266,3761,3758.3225908514346,0.0,0.0,6524376.068973996,0.0,streaming,17A/8AFFFFC0,17A/8AFC3C60,17A/8AFC2AE8,868416,1115040,2368640,1119512,0.113120,0.284367,0.113120,-112272.01800780122,True,131288000,reserved,5.4,37.4,0.0,14931570.827865204,0.0,17.987186023750553,5710529.848719603,252274.2811355512,1003.72,1
2026-09-13T22:10:13.228177+00:00,1789337413.227648,F_lat_northeurope_rep3,r3-pub,F01,load,16,1,1000,6,99.5,2307740708,22050715,807546711926,60320,1789156079.537691,5990047.563,192964.18600000002,89237092,85002632,431780433,8204,22482,16055203,4864811383,11084516.6,794620.249,17A/8BC92000,17A/8BC94D18,3,1.000675916671753,8368981,8363328.08711458,7.9758911963601875,3872,3869.384618426981,3869,3866.386644807332,0.0,0.0,12304259.345974484,0.0,streaming,17A/8BC8DFE0,17A/8BA35B70,17A/8BA35B28,16416,2475152,8037200,2475224,0.113943,0.113943,0.113943,1354796.2706138634,True,143600576,reserved,3.9,37.4,32745.866522886186,20781345.542086646,0.9993245398830013,32.97770981613904,6863296.9831459,244928.4487780843,1003.71,1
2026-09-13T22:10:14.228239+00:00,1789337414.2282393,F_lat_northeurope_rep3,r3-pub,F01,load,16,1,1000,6,99.5,2307763331,22051637,807558467436,60320,1789156079.537691,5990104.2930000005,192964.18600000002,89240818,85002632,431784156,8204,22482,16055203,4864852784,11084516.6,794630.166,17A/8C536530,17A/8C58C648,1,1.0005912780761719,11755510,11748563.332075227,11.204303104472377,3726,3723.798199764391,3723,3720.79997255041,0.0,0.0,9056325.193462422,0.0,streaming,17A/8C535EE8,17A/8C435D68,17A/8C434D08,1608,1050568,2164144,1054760,0.107569,0.248467,0.107569,-1419624.6070934315,True,152662256,reserved,4.4,37.4,0.0,9169618.205788052,0.0,21.986999569193934,5275137.926595221,196656.72119222718,1003.71,1
2026-09-13T22:10:15.228606+00:00,1789337415.2286067,F_lat_northeurope_rep3,r3-pub,F01,load,16,1,1000,6,99.5,2307782886,22051975,807565545862,60320,1789156079.537691,5990134.028000001,192964.18600000002,89244040,85002632,431787373,8204,22482,16055203,4864888442,11084516.6,794638.169,17A/8CA66000,17A/8CAF4E40,1,1.0003674030303955,7078426,7075826.319967492,6.748033828704349,3222,3220.8166621979603,3217,3215.818498538435,0.0,0.0,5436162.73733658,0.0,streaming,17A/8CA63CE0,17A/8CA63CE0,17A/8CA63CE0,8992,8992,1599296,8992,0.111210,0.111210,0.111210,-1045383.9227788443,True,158100416,reserved,3.5,37.4,0.0,13831206.372864584,0.0,16.993756442385266,4896009.191386241,209637.97837146034,1003.7,1
2026-09-13T22:10:16.228975+00:00,1789337416.2289755,F_lat_northeurope_rep3,r3-pub,F01,load,16,1,1000,6,99.5,2307802524,22052043,807570951852,60320,1789156079.537691,5990159.672,192964.18600000002,89247272,85002632,431790603,8204,22482,16055203,4864924335,11084516.6,794644.888,17A/8CF36000,17A/8CFA19D0,4,1.0003688335418701,5405990,5403996.824710887,5.153652977667701,3232,3230.8083695059713,3230,3228.8091069010793,0.0,0.0,5044411.451857561,0.0,streaming,17A/8CF35FD8,17A/8CE59C80,17A/8CE59C80,40,902016,1892456,902016,0.113631,0.316424,0.113631,892694.7442356747,True,163146688,reserved,2.5,37.4,0.0,13446304.55186707,0.0,16.993732141584626,5001280.360050917,173010.18803956575,1003.7,1
2026-09-13T22:10:17.229606+00:00,1789337417.2295957,F_lat_northeurope_rep3,r3-pub,F01,load,16,1,1000,6,99.5,2307820723,22052052,807575677129,60320,1789156079.537691,5990186.0540000005,192964.18600000002,89250264,85002632,431793592,8204,22482,16055203,4864958019,11084516.6,794651.725,17A/8D3CC000,17A/8D3FAD98,2,1.0006201267242432,4725277,4722348.5454657655,4.503582520929113,2992,2990.145730722997,2989,2987.1475899502134,0.0,0.0,4805723.842216109,0.0,streaming,17A/8D3CBFE0,17A/8D2DBF70,17A/8D2DAEC0,32,983184,1416184,987456,0.111361,0.111361,0.111361,85387.0492088813,True,167955392,reserved,5.8,37.4,0.0,13209600.373791639,0.0,13.991323606324183,4778828.520723724,147607.46466646256,1003.69,1
2026-09-13T22:10:18.230175+00:00,1789337418.2301404,F_lat_northeurope_rep3,r3-pub,F01,load,16,1,1000,6,99.5,2307838195,22052056,807580176747,60320,1789156079.537691,5990203.169000001,192964.18600000002,89253136,85002632,431796462,8204,22482,16055203,4864990169,11084516.6,794658.272,17A/8D77E000,17A/8D845628,2,1.000544786453247,4499618,4497168.003793557,4.2888336217818805,2872,2870.4362252295855,2870,2868.4373142092304,0.0,0.0,3872706.202123677,0.0,streaming,17A/8D77DD68,17A/8D77DD68,17A/8D77D8A0,664,664,933576,1888,0.112188,0.315872,0.112188,-985031.3682545515,True,171830208,reserved,4.1,37.4,0.0,3872706.202123677,0.0,3.9978220407097287,3877935.3533529253,176209.00372183218,1003.69,1
2026-09-13T22:10:19.230482+00:00,1789337419.2304823,F_lat_northeurope_rep3,r3-pub,F01,load,16,1,1000,6,99.5,2307855650,22052058,807584664679,60320,1789156079.537691,5990227.3040000005,192964.18600000002,89256186,85002632,431799509,8204,22482,16055203,4865024424,11084516.6,794665.282,17A/8DBF8000,17A/8DC93B30,1,1.0003418922424316,4487932,4486398.135281088,4.278562674790466,3050,3048.957585054167,3047,3045.958610380343,0.0,0.0,4692411.700841187,0.0,streaming,17A/8DBF7E18,17A/8DBF7E18,17A/8DBF67B8,488,488,915056,6216,0.111415,0.315937,0.111415,4326.520796103093,True,176524224,reserved,3.3,37.4,0.0,13196896.083604839,0.0,17.993848042942624,4704168.681220801,167534.72117849113,1003.69,1
2026-09-13T22:10:20.233687+00:00,1789337420.232664,F_lat_northeurope_rep3,r3-pub,F01,load,16,1,1000,6,99.5,2307873352,22052063,807589227081,60320,1789156079.537691,5990256.616,192964.18600000002,89258919,85002632,431802239,8204,22482,16055203,4865055089,11084516.6,794671.666,17A/8E102000,17A/8E115028,1,1.0021817684173584,4562402,4552469.565680613,4.341573301010716,2733,2727.0502079836706,2730,2724.056739039671,0.0,0.0,5272336.981687683,0.0,streaming,17A/8E0C6E50,17A/8DFBDFD8,17A/8DFBD5C8,242096,1327144,2847496,1329720,0.114197,0.114197,0.114197,1320622.7070864325,True,181808064,reserved,1.4,37.4,0.0,13654944.074277945,0.0,18.958636645331044,5193625.711451176,142266.60720954547,1003.68,1
2026-09-13T22:10:21.233711+00:00,1789337421.2337117,F_lat_northeurope_rep3,r3-pub,F01,load,16,1,1000,6,99.5,2307892100,22052068,807594040667,60320,1789156079.537691,5990278.295000001,192964.18600000002,89262002,85002632,431805319,8204,22482,16055203,4865089412,11084516.6,794678.323,17A/8E5017C8,17A/8E5D09C8,1,1.0010476112365723,4813586,4808548.510548746,4.585789213703867,3083,3079.7735945762233,3080,3076.776734120911,0.0,0.0,4187812.800253793,0.0,streaming,17A/8E4FFF50,17A/8E4FFF50,17A/8E4FFF00,6264,6264,644456,6344,0.113078,0.113078,0.113078,-1321991.067303245,True,186000264,reserved,4.4,37.4,0.0,4189914.598386452,0.0,5.993720910625151,4257638.649909091,205872.3258381527,1003.68,1
2026-09-13T22:10:22.234277+00:00,1789337422.234278,F_lat_northeurope_rep3,r3-pub,F01,load,16,1,1000,6,99.5,2307911703,22052077,807599109464,60320,1789156079.537691,5990303.923,192964.18600000002,89265225,85002632,431808539,8204,22482,16055203,4865125424,11084516.6,794685.463,17A/8E9F4000,17A/8EAE3290,1,1.0005662441253662,5068797,5065928.447776921,4.83124584939663,3223,3221.176027997376,3220,3218.1777257683993,0.0,0.0,5184704.191709683,0.0,streaming,17A/8E9F1FC0,17A/8E9F1FC0,17A/8E9F1A40,8256,8256,945944,9664,0.096773,0.124049,0.096773,3318.121133400958,True,969056,reserved,3.7,37.4,0.0,13627867.300199991,0.0,25.985285984465335,5172244.247080131,196287.85315626953,1003.67,1
2026-09-13T22:10:23.234857+00:00,1789337423.2348576,F_lat_northeurope_rep3,r3-pub,F01,load,16,1,1000,6,99.5,2307932909,22052079,807604556694,60320,1789156079.537691,5990342.207,192964.18600000002,89268712,85002632,431812023,8204,22482,16055203,4865164536,11084516.6,794694.364,17A/8F002000,17A/8F045140,1,1.000579595565796,5447230,5444074.638479675,5.191874159316707,3487,3484.980120974996,3484,3481.981858754484,0.0,0.0,6345122.395195313,0.0,streaming,17A/8EFFFBF8,17A/8EF01C28,17A/8EF01C28,9224,1049560,2109808,1049560,0.096773,0.124049,0.096773,1039293.6300204803,True,7317856,reserved,5.2,37.4,0.0,14741152.09361182,0.0,18.98899406324202,6362418.370524705,187490.33143527052,1003.67,1
2026-09-13T22:10:24.235437+00:00,1789337424.2354372,F_lat_northeurope_rep3,r3-pub,F01,load,16,1,1000,6,99.5,2307955220,22052080,807610264986,60320,1789156079.537691,5990371.231000001,192964.18600000002,89272393,85002632,431815700,8204,22482,16055203,4865205705,11084516.6,794703.171,17A/8F51A000,17A/8F5F31F0,1,1.000579595565796,5708292,5704985.415750101,5.440698066473104,3681,3678.8677445680987,3677,3674.870061607416,0.0,0.0,5338090.06666754,0.0,streaming,17A/8F517DC0,17A/8F517DC0,17A/8F5178F8,8768,8768,1143112,9992,0.094920,0.113760,0.094920,-1038965.8200177043,True,12659040,reserved,1.2,37.4,0.0,13742307.019787526,0.0,18.98899406324202,5376207.973697648,240061.86120972614,1003.66,1
2026-09-13T22:10:25.236290+00:00,1789337425.2357724,F_lat_northeurope_rep3,r3-pub,F01,load,16,1,1000,6,99.5,2307978989,22052080,807616359039,60320,1789156079.537691,5990408.494,192964.18600000002,89276307,85002632,431819612,8204,22482,16055203,4865249238,11084516.6,794711.187,17A/8FB48000,17A/8FBEDEC8,1,1.0003352165222168,6094053,6092010.857307106,5.809794289881808,3914,3912.688402201296,3912,3910.6890724096756,0.0,0.0,6477700.56774372,0.0,streaming,17A/8FB45E98,17A/8FA3DC60,17A/8FA3DC18,8552,1090464,1447480,1090536,0.113286,0.285456,0.113286,1080181.9051783846,True,19138912,reserved,4.6,37.4,0.0,6494079.077396674,0.0,11.995978749722932,6536587.827761213,263379.7107693334,1003.66,1
2026-09-13T22:10:26.236051+00:00,1789337426.236051,F_lat_northeurope_rep3,r3-pub,F01,load,16,1,1000,6,99.5,2308003729,22052080,807622675006,60320,1789156079.537691,5990447.943,192964.18600000002,89280381,85002632,431823683,8204,22482,16055203,4865294437,11084516.6,794719.818,17A/90204000,17A/9021DF98,1,1.0002787113189697,6315967,6314207.158994469,6.0216971960015,4074,4072.8648464666558,4071,4069.865682367638,0.0,0.0,7059536.427291035,0.0,streaming,17A/90201F70,17A/90101D78,17A/901011D0,8336,1057416,2332248,1060400,0.112437,0.112437,0.112437,-30127.603096003717,True,26200416,reserved,4.8,37.4,0.0,15490850.52461832,0.0,21.993870059466477,7121163.25119766,225348.19290792718,1003.65,1
2026-09-13T22:10:27.236592+00:00,1789337427.236592,F_lat_northeurope_rep3,r3-pub,F01,load,16,1,1000,6,99.5,2308029431,22052080,807629249251,60320,1789156079.537691,5990485.754000001,192964.18600000002,89284612,85002632,431827911,8204,22482,16055203,4865341253,11084516.6,794728.82,17A/90806000,17A/90885CB0,1,1.0005409717559814,6574245,6570690.442053552,6.266298715642502,4231,4228.712386034987,4228,4225.714008072778,0.0,0.0,6296241.910957346,0.0,streaming,17A/90803DB8,17A/90703B48,17A/90703B48,8776,1057976,1420336,1057976,0.113024,0.113024,0.113024,-2422.68939346462,True,32500064,reserved,6.0,37.4,0.0,14696689.506070787,0.0,16.9908084525159,6326870.3418413075,245070.42382248564,1003.65,1
2026-09-13T22:10:28.237165+00:00,1789337428.237166,F_lat_northeurope_rep3,r3-pub,F01,load,16,1,1000,6,99.5,2308055654,22052081,807635965649,60320,1789156079.537691,5990519.363000001,192964.18600000002,89288927,85002632,431832223,8204,22482,16055203,4865388954,11084516.6,794738.36,17A/90E29EE0,17A/90EF9398,1,1.0005738735198975,6716398,6712545.847686915,6.40158257263843,4315,4312.525156009075,4312,4309.526876642209,0.0,0.0,6434931.16340296,0.0,streaming,17A/90E28000,17A/90E28000,17A/90E27F80,7904,7904,659216,8032,0.114150,0.114150,0.114150,-1049341.8105216203,True,38938688,reserved,4.3,37.4,0.0,14737142.744020257,0.0,16.99024974557457,6476918.068230097,280084.2670557968,1003.64,1
2026-09-13T22:10:29.237963+00:00,1789337429.2379634,F_lat_northeurope_rep3,r3-pub,F01,load,16,1,1000,6,99.5,2308080434,22052081,807642304240,60320,1789156079.537691,5990558.101000001,192964.18600000002,89293005,85002632,431836298,8204,22482,16055203,4865434159,11084516.6,794747.355,17A/9150E000,17A/91575358,1,1.0007975101470947,6338591,6333539.937632708,6.040134370453556,4078,4074.750345252783,4075,4071.7527358766774,0.0,0.0,7219874.077162717,0.0,streaming,17A/9150BCA8,17A/91407C88,17A/91406B58,9048,1074040,1662920,1078440,0.112773,0.112773,0.112773,1069555.0190194559,True,46164320,reserved,6.0,37.4,0.0,7321904.7067003455,0.0,20.983265632738707,7297755.96556644,238657.66808801785,1003.63,1
2026-09-13T22:10:30.238740+00:00,1789337430.2387135,F_lat_northeurope_rep3,r3-pub,F01,load,16,1,1000,6,99.5,2308107007,22052081,807649084709,60320,1789156079.537691,5990591.525,192964.18600000002,89297386,85002632,431840676,8204,22482,16055203,4865482724,11084516.6,794756.895,17A/91B1C000,17A/91BE9A18,1,1.0007500648498535,6780469,6775387.02035188,6.461512585021858,4381,4377.716428784142,4378,4374.718677292166,0.0,0.0,6344041.557421768,0.0,streaming,17A/91B19FF0,17A/91B19FF0,17A/91B19FF0,8208,8208,774896,8208,0.112997,0.112997,0.112997,-1069429.8582539398,True,52513120,reserved,1.9,37.4,0.0,12851800.316325389,0.0,133.8995666416515,6392660.090369153,283095.65989636566,1003.63,1
2026-09-13T22:10:31.239601+00:00,1789337431.2396014,F_lat_northeurope_rep3,r3-pub,F01,load,16,1,1000,6,99.5,2308133308,22052081,807655817066,60320,1789156079.537691,5990636.201,192964.18600000002,89301720,85002632,431845007,8204,22482,16055203,4865530790,11084516.6,794766.1,17A/92202000,17A/92250BB0,1,1.0008878707885742,6732357,6726384.839388398,6.414780463589095,4334,4330.155381526755,4331,4327.158042776275,0.0,0.0,7227119.251930668,0.0,streaming,17A/921FFFC0,17A/920FFB68,17A/920FF598,8256,1057944,1892720,1059432,0.115261,0.115261,0.115261,1050291.4768781913,True,59746656,reserved,7.2,37.4,0.0,17126553.83314261,0.0,65.94145251055971,7295336.683665759,240039.87560635613,1003.62,1
2026-09-13T22:10:32.240148+00:00,1789337432.2401488,F_lat_northeurope_rep3,r3-pub,F01,load,16,1,1000,6,99.5,2308159397,22052081,807662482331,60320,1789156079.537691,5990670.495,192964.18600000002,89306019,85002632,431849303,8204,22482,16055203,4865578222,11084516.6,794776.532,17A/92823DE8,17A/9289EDB0,1,1.0005474090576172,6665265,6661618.369766001,6.353014344945908,4299,4296.647975980556,4296,4293.64961730925,0.0,0.0,6426665.984829624,0.0,streaming,17A/92821FA0,17A/92711CD8,17A/9270FFB0,7752,1122576,2129720,1130040,0.113753,0.113753,0.113753,70569.36968784254,True,66176840,reserved,3.0,37.4,0.0,14827595.240062907,0.0,26.985228041748083,6499260.246073488,243601.65025020254,1003.62,1
2026-09-13T22:10:33.240959+00:00,1789337433.2409596,F_lat_northeurope_rep3,r3-pub,F01,load,16,1,1000,6,99.5,2308185083,22052082,807669039693,60320,1789156079.537691,5990707.297,192964.18600000002,89310256,85002632,431853537,8204,22482,16055203,4865625003,11084516.6,794786.738,17A/92E78000,17A/92EDB7A8,1,1.0008108615875244,6557362,6552049.1949882135,6.248521037090505,4237,4233.567163009311,4234,4230.569593623182,0.0,0.0,6630679.436745555,0.0,streaming,17A/92E75DD8,17A/92D63E98,17A/92D638C8,8744,1130856,1580896,1132344,0.112609,0.112609,0.112609,2302.133288546956,True,72812896,reserved,6.6,37.4,0.0,6638329.233818956,0.0,11.990277544515395,6686171.440411367,254448.67734154736,1003.61,1
2026-09-13T22:10:34.241274+00:00,1789337434.241261,F_lat_northeurope_rep3,r3-pub,F01,load,16,1,1000,6,99.5,2308210507,22052083,807675549607,60320,1789156079.537691,5990744.231000001,192964.18600000002,89314445,85002632,431857723,8204,22482,16055203,4865671464,11084516.6,794795.729,17A/93413518,17A/93506538,1,1.0003013610839844,6509914,6507952.756302842,6.206467396071283,4189,4187.737978743284,4186,4184.738882554162,0.0,0.0,5877292.812667081,0.0,streaming,17A/93411CB0,17A/93411CB0,17A/93411CB0,6248,6248,1279736,6248,0.112555,0.286250,0.112555,-1125756.7407283115,True,78691960,reserved,3.1,37.4,0.0,14348060.053069334,0.0,28.99126316150757,5923758.80962387,263677.53785137075,1003.61,1
2026-09-13T22:10:35.242007+00:00,1789337435.2420077,F_lat_northeurope_rep3,r3-pub,F01,load,16,1,1000,6,99.5,2308235479,22052083,807681928171,60320,1789156079.537691,5990779.526000001,192964.18600000002,89318556,85002632,431861831,8204,22482,16055203,4865717226,11084516.6,794804.169,17A/93A54000,17A/93B16160,1,1.000746726989746,6378564,6373804.5081464015,6.078533657213594,4111,4107.932495933232,4108,4104.934734442645,0.0,0.0,6551499.818262387,0.0,streaming,17A/93A51C60,17A/93A51C60,17A/93A51C60,9120,9120,606728,9120,0.114453,0.114453,0.114453,2869.8570003211485,True,85248352,reserved,4.4,37.4,0.0,14947430.350330058,0.0,23.982091924689264,6604829.995179915,243073.4904641786,1003.6,1
2026-09-13T22:10:36.242164+00:00,1789337436.2421649,F_lat_northeurope_rep3,r3-pub,F01,load,16,1,1000,6,99.5,2308260279,22052083,807688264560,60320,1789156079.537691,5990821.243000001,192964.18600000002,89322637,85002632,431865909,8204,22482,16055203,4865762439,11084516.6,794813.282,17A/94104000,17A/9411C1E0,1,1.000157117843628,6336389,6335393.596619565,6.041902157420697,4081,4080.3589028079627,4078,4077.359374087447,0.0,0.0,7011250.4074548455,0.0,streaming,17A/94101C08,17A/93F876F0,17A/93F876F0,9208,1558800,2497848,1558800,0.113740,0.113740,0.113740,1549436.5558695034,True,92260704,reserved,2.7,37.5,0.0,7031727.190186898,0.0,14.997643602577662,7068398.428481014,225762.52867832207,1003.6,1
2026-09-13T22:10:37.242358+00:00,1789337437.242358,F_lat_northeurope_rep3,r3-pub,F01,load,16,1,1000,6,99.5,2308284829,22052084,807694533256,60320,1789156079.537691,5990849.271000001,192964.18600000002,89326680,85002632,431869948,8204,22482,16055203,4865807067,11084516.6,794823.565,17A/94620000,17A/9470F8C0,1,1.0001931190490723,6268696,6267485.629135228,5.977140072951534,4043,4042.2193704390393,4039,4038.2201427660843,0.0,0.0,5356533.551334242,0.0,streaming,17A/9461DED8,17A/9461DED8,17A/9461DE10,8488,8488,1275224,8688,0.097031,0.122793,0.097031,-1549812.7016448183,True,97618272,reserved,4.1,37.5,0.0,13780378.746360647,0.0,27.99459371068343,5417506.776243029,236318.36242257064,1003.59,1
2026-09-13T22:10:38.242809+00:00,1789337438.242801,F_lat_northeurope_rep3,r3-pub,F01,load,16,1,1000,6,99.5,2308309171,22052084,807700756690,60320,1789156079.537691,5990885.95,192964.18600000002,89330687,85002632,431873953,8204,22482,16055203,4865851653,11084516.6,794832.895,17A/94C44000,17A/94D03F70,1,1.0004429817199707,6223434,6220678.353203713,5.932501176074708,4007,4005.2257582047596,4005,4003.2266437759076,0.0,0.0,6436060.942653787,0.0,streaming,17A/94C41E18,17A/94C41E18,17A/94C41E18,8680,8680,485160,8680,0.113270,0.113270,0.113270,-7.996457715407556,True,104057184,reserved,5.0,37.5,0.0,6444249.315354364,0.0,11.994686573111334,6478440.169431018,249714.38109396157,1003.58,1
2026-09-13T22:10:39.243343+00:00,1789337439.243343,F_lat_northeurope_rep3,r3-pub,F01,load,16,1,1000,6,99.5,2308333397,22052084,807706953432,60320,1789156079.537691,5990925.354,192964.18600000002,89334682,85002632,431877944,8204,22482,16055203,4865895989,11084516.6,794841.584,17A/95201BD8,17A/952ED028,1,1.000542163848877,6196742,6193384.171000277,5.906471415519978,3995,3992.835229084268,3991,3988.837396564534,0.0,0.0,6016793.911854849,0.0,streaming,17A/951FFD08,17A/951FFD08,17A/951FF6B0,7888,7888,750920,9512,0.113270,0.113270,0.113270,831.5491641046586,True,110077240,reserved,6.5,37.5,0.0,23072546.89916975,0.0,33.98157641773845,6063690.486227589,222917.14238410437,1003.58,1
2026-09-13T22:10:40.244095+00:00,1789337440.244096,F_lat_northeurope_rep3,r3-pub,F01,load,16,1,1000,6,99.5,2308357619,22052084,807713150422,60320,1789156079.537691,5990961.101000001,192964.18600000002,89338678,85002632,431881937,8204,22482,16055203,4865940373,11084516.6,794850.665,17A/95816000,17A/958D8E50,1,1.0007529258728027,6196990,6192327.636309751,5.905463825521232,3996,3992.9935718298343,3993,3989.99582890804,0.0,0.0,6369644.130133877,0.0,streaming,17A/95813FC8,17A/95813FC8,17A/95813FC8,8248,8248,958520,8248,0.113046,0.113046,0.113046,-1263.0490177159436,True,116451680,reserved,6.6,37.5,0.0,6393138.440659618,0.0,11.99097168717668,6444469.79195714,254012.7472305884,1003.57,1
2026-09-13T22:10:41.244781+00:00,1789337441.2447488,F_lat_northeurope_rep3,r3-pub,F01,load,16,1,1000,6,99.5,2308381801,22052085,807719327319,60320,1789156079.537691,5990993.873000001,192964.18600000002,89342661,85002632,431885918,8204,22482,16055203,4865984760,11084516.6,794858.884,17A/95E30000,17A/95ECA078,2,1.00065279006958,6176897,6172867.413451664,5.886905110789932,3983,3980.401633340815,3981,3978.40293806924,0.0,0.0,6393778.205080626,0.0,streaming,17A/95E2BC58,17A/95D2BBC8,17A/95D2BBC8,17320,1066040,2208608,1066040,0.112804,0.112804,0.112804,1057101.9343547192,True,122849632,reserved,6.9,37.5,0.0,23168236.005605854,0.0,24.983690894682493,6445148.670950636,238800.11365719,1003.57,1
2026-09-13T22:10:42.245522+00:00,1789337442.2455223,F_lat_northeurope_rep3,r3-pub,F01,load,16,1,1000,6,99.5,2308406034,22052085,807725531769,60320,1789156079.537691,5991029.53,192964.18600000002,89346652,85002632,431889906,8204,22482,16055203,4866028817,11084516.6,794868.402,17A/96420000,17A/964B9A88,3,1.0007734298706055,6204450,6199655.001634288,5.912451745638168,3991,3987.915626932676,3988,3984.9179454290934,0.0,0.0,6221108.40892826,0.0,streaming,17A/9641C000,17A/96317CA0,17A/96317CA0,16384,1082208,2272000,1082208,0.113328,0.265184,0.113328,16155.504849974319,True,129075552,reserved,5.4,37.5,0.0,14631883.264420085,0.0,17.986089021495406,6265437.123776071,239410.83251078962,1003.56,1
2026-09-13T22:10:43.245683+00:00,1789337443.245684,F_lat_northeurope_rep3,r3-pub,F01,load,16,1,1000,6,99.5,2308430384,22052085,807731749702,60320,1789156079.537691,5991062.222,192964.18600000002,89350661,85002632,431893912,8204,22482,16055203,4866073359,11084516.6,794877.478,17A/96A42000,17A/96AB1230,2,1.0001616477966309,6217933,6216928.047279345,5.928924605635972,4009,4008.3520587215867,4006,4005.3525435865995,0.0,0.0,6429680.656288871,0.0,streaming,17A/96A3FDB8,17A/9693BFD0,17A/9693B4F8,8776,1073200,1454184,1075976,0.112707,0.284804,0.112707,-6230.992773747301,True,135506272,reserved,3.7,37.5,0.0,14825123.55144313,0.0,18.996929188253965,6500559.198928624,204593.92784236022,1003.56,1
2026-09-13T22:10:44.249020+00:00,1789337444.2490208,F_lat_northeurope_rep3,r3-pub,F01,load,16,1,1000,6,99.5,2308454761,22052085,807737961289,60320,1789156079.537691,5991097.198000001,192964.18600000002,89354673,85002632,431897921,8204,22482,16055203,4866117767,11084516.6,794885.892,17A/9706A000,17A/970B1CC0,1,1.0033369064331055,6211587,6190928.45102488,5.904129458451156,4012,3998.6568562127227,4009,3995.6668336382863,0.0,0.0,6433826.921555973,0.0,streaming,17A/97000000,17A/96F60000,17A/96F5F020,434176,1089536,1754416,1093600,0.113490,0.113490,0.113490,17565.385950621392,True,141961568,reserved,2.5,37.5,1020.5943720742342,6500165.555740798,1.9933483829574887,21.926832212532375,6065273.749008388,239569.5787315543,1003.55,1
2026-09-13T22:10:45.249436+00:00,1789337445.2494366,F_lat_northeurope_rep3,r3-pub,F01,load,16,1,1000,6,99.5,2308479194,22052085,807744204539,60320,1789156079.537691,5991131.303,192964.18600000002,89358696,85002632,431901941,8204,22482,16055203,4866162265,11084516.6,794895.2,17A/97635660,17A/976AB990,1,1.0004158020019531,6243250,6240655.123106313,5.951552508455575,4023,4021.3279237987745,4020,4018.329170686322,0.0,0.0,6073474.637087088,0.0,streaming,17A/97633DD8,17A/97529C10,17A/97529BC0,6280,1096272,1629160,1096352,0.113662,0.113662,0.113662,2750.856188489741,True,148037568,reserved,5.6,37.5,0.0,22846180.512405958,0.0,24.989609270437327,6566318.711534282,224123.80887158585,1003.55,1
2026-09-13T22:10:46.250365+00:00,1789337446.2503653,F_lat_northeurope_rep3,r3-pub,F01,load,16,1,1000,6,99.5,2308503733,22052085,807750472776,60320,1789156079.537691,5991166.705,192964.18600000002,89362738,85002632,431905979,8204,22482,16055203,4866207020,11084516.6,794904.446,17A/97C66000,17A/97CADFA8,1,1.0009286403656006,6268237,6262421.462643386,5.972310507434259,4042,4038.249918119651,4038,4034.253629234822,0.0,0.0,6484506.225767763,0.0,streaming,17A/97C63D00,17A/97B59B90,17A/97B595C0,8960,1098864,1933272,1100352,0.114377,0.114377,0.114377,3996.2888848289467,True,154528096,reserved,6.0,37.5,0.0,14887422.938119894,0.0,17.983299981730262,6534774.544577806,247675.99807060123,1003.54,1
2026-09-13T22:10:47.251030+00:00,1789337447.2510304,F_lat_northeurope_rep3,r3-pub,F01,load,16,1,1000,6,99.5,2308528319,22052086,807756769232,60320,1789156079.537691,5991201.143,192964.18600000002,89366789,85002632,431910028,8204,22482,16055203,4866251872,11084516.6,794914.494,17A/9820D1D0,17A/982B52A8,1,1.0006651878356934,6296456,6292270.458232291,6.000776727897922,4051,4048.307115351717,4049,4046.3084448430272,0.0,0.0,5923435.802558628,0.0,streaming,17A/9820BEC8,17A/98103CB8,17A/981036E0,4872,1086744,1128064,1088240,0.114692,0.114692,0.114692,-12103.948600627005,True,160455472,reserved,6.0,37.5,0.0,6291367.059162363,0.0,18.987369832555572,5976860.265255913,267256.2244105088,1003.54,1
2026-09-13T22:10:48.251503+00:00,1789337448.2515037,F_lat_northeurope_rep3,r3-pub,F01,load,16,1,1000,6,99.5,2308552950,22052086,807763059831,60320,1789156079.537691,5991237.807,192964.18600000002,89370850,85002632,431914085,8204,22482,16055203,4866297041,11084516.6,794924.081,17A/98844000,17A/988BF7A0,1,1.0004732608795166,6290599,6287623.313860414,5.99634486566583,4061,4059.0789967039923,4057,4055.080888852031,0.0,0.0,6513189.562179345,0.0,streaming,17A/98841C28,17A/98733F38,17A/987339B0,9176,1114312,2485968,1115728,0.113733,0.285170,0.113733,27474.997158679966,True,166971744,reserved,3.9,37.5,0.0,14918763.532849144,0.0,17.991485333827104,6568980.15867258,209411.89354308057,1003.53,1
2026-09-13T22:10:49.252076+00:00,1789337449.2520683,F_lat_northeurope_rep3,r3-pub,F01,load,16,1,1000,6,99.5,2308577635,22052086,807769379779,60320,1789156079.537691,5991277.875,192964.18600000002,89374920,85002632,431918152,8204,22482,16055203,4866342001,11084516.6,794932.879,17A/98E69CA8,17A/98ECCEA8,1,1.0005645751953125,6319948,6316381.927439648,6.023771216811798,4070,4067.7034755158375,4067,4064.7051682857273,0.0,0.0,6442610.661827276,0.0,streaming,17A/98E67E30,17A/98D5DFE8,17A/98D5DB20,7800,1096896,2146152,1098120,0.113544,0.113544,0.113544,-17598.064569258688,True,173417992,reserved,2.9,37.5,0.0,23288995.610754427,0.0,27.984200814359568,6478516.390343587,237663.8209018956,1003.53,1
2026-09-13T22:10:50.253039+00:00,1789337450.2525234,F_lat_northeurope_rep3,r3-pub,F01,load,16,1,1000,6,99.5,2308602323,22052086,807775708783,60320,1789156079.537691,5991311.186000001,192964.18600000002,89378986,85002632,431922215,8204,22482,16055203,4866387047,11084516.6,794942.082,17A/9942A000,17A/994D46D0,1,1.0004551410675049,6329004,6326124.720841387,6.033062668649089,4066,4064.15023832203,4063,4061.151603124055,0.0,0.0,6027424.671500708,0.0,streaming,17A/99427D38,17A/9931FBD0,17A/9931EC88,8904,1090608,2312352,1094520,0.114208,0.285937,0.114208,-3598.3622375699233,True,179448160,reserved,5.2,37.4,0.0,14427737.34422347,0.0,18.99135625384126,6088121.046087985,275952.40272884147,1003.52,1
2026-09-13T22:10:51.253154+00:00,1789337451.2531152,F_lat_northeurope_rep3,r3-pub,F01,load,16,1,1000,6,99.5,2308627022,22052086,807782019325,60320,1789156079.537691,5991358.4290000005,192964.18600000002,89383054,85002632,431926281,8204,22482,16055203,4866432225,11084516.6,794952.221,17A/99A64000,17A/99ADEAF0,1,1.00059175491333,6310542,6306809.914245807,6.01464263367253,4068,4065.594164677446,4066,4063.595347487339,0.0,0.0,6525162.702910274,0.0,streaming,17A/99A61FC8,17A/99959F50,17A/99959F50,8248,1089712,1636912,1089712,0.114399,0.114399,0.114399,-4805.1565250170015,True,185977184,reserved,4.4,37.5,0.0,6533349.858120953,0.0,11.992903140641435,6579049.814946962,204976.70402827306,1003.52,1
2026-09-13T22:10:52.253471+00:00,1789337452.253471,F_lat_northeurope_rep3,r3-pub,F01,load,16,1,1000,6,99.5,2308651728,22052086,807788318843,60320,1789156079.537691,5991395.599,192964.18600000002,89387122,85002632,431930346,8204,22482,16055203,4866477146,11084516.6,794961.554,17A/9A0A0000,17A/9A0E9AC0,1,1.0003557205200195,6299518,6297277.9290203815,6.005552224178678,4068,4066.553443494393,4065,4063.554510276477,0.0,0.0,6534891.405031132,0.0,streaming,17A/99FFFC40,17A/99F93BE8,17A/99F93048,656320,1098776,1840984,1101752,0.113231,0.113231,0.113231,12035.71864790376,True,192514400,reserved,5.8,37.5,0.0,14981934.618426634,0.0,23.99146574332975,5920470.9669888625,244823.91111102636,1003.51,1
2026-09-13T22:10:53.253744+00:00,1789337453.2537444,F_lat_northeurope_rep3,r3-pub,F01,load,16,1,1000,6,99.5,2308676428,22052087,807794645637,60320,1789156079.537691,5991428.904,192964.18600000002,89391191,85002632,431934410,8204,22482,16055203,4866522116,11084516.6,794970.93,17A/9A62F388,17A/9A6F0500,1,1.0002734661102295,6326794,6325064.309266393,6.032051381365197,4069,4067.8875706092144,4064,4062.8889375659496,0.0,0.0,5827918.261862193,0.0,streaming,17A/9A62DFF0,17A/9A62DFF0,17A/9A62CF00,5016,5016,440576,9352,0.113199,0.113199,0.113199,-1092101.3472925795,True,101701416,reserved,1.4,37.4,0.0,14250183.057869107,0.0,22.99371199901989,6549643.894360821,255973.99978595864,1003.5,1
2026-09-13T22:10:54.254350+00:00,1789337454.2543263,F_lat_northeurope_rep3,r3-pub,F01,load,16,1,1000,6,99.5,2308701105,22052087,807800954303,60320,1789156079.537691,5991461.945,192964.18600000002,89395261,85002632,431938477,8204,22482,16055203,4866567324,11084516.6,794978.677,17A/9AC64000,17A/9ACF55C8,1,1.000581979751587,6308666,6304996.619633549,6.012913341172742,4070,4067.632720119998,4067,4064.6344650437422,0.0,0.0,6503854.888147838,0.0,streaming,17A/9AC61BA8,17A/9AB59D18,17A/9AB59850,9304,1090280,1841632,1091504,0.115135,0.115135,0.115135,1081522.5757600234,True,108209056,reserved,6.6,37.4,0.0,23341807.540645905,0.0,27.98371404505158,6565630.935739007,221789.92275585007,1003.5,1
2026-09-13T22:10:55.254413+00:00,1789337455.2544136,F_lat_northeurope_rep3,r3-pub,F01,load,16,1,1000,6,99.5,2308725723,22052087,807807238497,60320,1789156079.537691,5991497.078000001,192964.18600000002,89399318,85002632,431942532,8204,22482,16055203,4866612336,11084516.6,794987.41,17A/9B21E000,17A/9B2F8288,1,1.0000872611999512,6284194,6283645.681537761,5.9925514998796094,4057,4056.646012201198,4055,4054.6461867083704,0.0,0.0,6004212.065250425,0.0,streaming,17A/9B20DFE8,17A/9B20DFE8,17A/9B209A68,65560,65560,640784,83352,0.094566,0.112545,0.094566,-1008064.0351226676,True,114213792,reserved,2.7,37.5,0.0,6024690.278296982,0.0,12.99886570338072,6003594.119173141,265562.82666908245,1003.49,1
2026-09-13T22:10:56.255196+00:00,1789337456.2551725,F_lat_northeurope_rep3,r3-pub,F01,load,16,1,1000,6,99.5,2308750345,22052087,807813531992,60320,1789156079.537691,5991529.995,192964.18600000002,89403380,85002632,431946591,8204,22482,16055203,4866657458,11084516.6,794995.435,17A/9B83A000,17A/9B8FC258,1,1.0007588863372803,6293495,6288722.574359372,5.997393202170727,4062,4058.9197412642375,4059,4055.9220161968337,0.0,0.0,6401286.151398682,0.0,streaming,17A/9B837B90,17A/9B837B90,17A/9B836A20,9328,9328,863280,13792,0.113177,0.113177,0.113177,-69507.25189619408,True,120619936,reserved,6.0,37.4,0.0,14799904.554640431,0.0,17.98635040442055,6534216.27254593,245165.9469125217,1003.49,1
2026-09-13T22:10:57.255521+00:00,1789337457.2555215,F_lat_northeurope_rep3,r3-pub,F01,load,16,1,1000,6,99.5,2308774952,22052087,807819818463,60320,1789156079.537691,5991564.223,192964.18600000002,89407438,85002632,431950646,8204,22482,16055203,4866702357,11084516.6,795003.235,17A/9BE6DFA8,17A/9BEFDAA8,1,1.0003490447998047,6286471,6284277.505616135,5.993154054275641,4058,4056.5840704252473,4055,4053.5851171942777,0.0,0.0,6502090.4791304,0.0,streaming,17A/9BE6BB80,17A/9BD61EE0,17A/9BD61EE0,9256,1097928,2220152,1097928,0.113177,0.113177,0.113177,1083757.7200035846,True,127124296,reserved,6.6,37.4,0.0,14887859.470071748,0.0,17.993719385819237,6575301.925055914,232536.83422724993,1003.48,1
2026-09-13T22:10:58.255774+00:00,1789337458.2557743,F_lat_northeurope_rep3,r3-pub,F01,load,16,1,1000,6,99.5,2308799545,22052087,807826100363,60320,1789156079.537691,5991598.630000001,192964.18600000002,89411492,85002632,431954698,8204,22482,16055203,4866747212,11084516.6,795011.386,17A/9C42A000,17A/9C503B48,1,1.0002527236938477,6281900,6280312.816146584,5.9893730317560046,4054,4052.9757170057233,4052,4050.9762223254047,0.0,0.0,6011496.752335196,0.0,streaming,17A/9C427B68,17A/9C427B68,17A/9C427B68,9368,9368,1279400,9368,0.113438,0.284243,0.113438,-1088284.9646037864,True,133137312,reserved,3.9,37.5,0.0,6044168.495411602,0.0,12.996715422070647,6057717.07136544,236037.34776958567,1003.48,1
2026-09-13T22:10:59.257320+00:00,1789337459.2573206,F_lat_northeurope_rep3,r3-pub,F01,load,16,1,1000,6,99.5,2308824170,22052088,807832394213,60320,1789156079.537691,5991631.343,192964.18600000002,89415549,85002632,431958751,8204,22482,16055203,4866792029,11084516.6,795019.876,17A/9CA5E000,17A/9CB07240,1,1.0015463829040527,6293850,6284132.325205497,5.993015599446771,4057,4050.7360110836294,4053,4046.742187064814,0.0,0.0,6494405.162884125,0.0,streaming,17A/9CA5BE08,17A/9CA5BE08,17A/9CA5B7F8,8696,8696,332512,10248,0.113046,0.285359,0.113046,878.6412841394118,True,139641760,reserved,3.2,37.5,0.0,14947765.03170118,0.0,21.966032103485297,6554039.944677073,242636.79061509858,1003.47,1
2026-09-13T22:11:00.258060+00:00,1789337460.25806,F_lat_northeurope_rep3,r3-pub,F01,load,16,1,1000,6,99.5,2308848867,22052089,807838692443,60320,1789156079.537691,5991672.572000001,192964.18600000002,89419609,85002632,431962809,8204,22482,16055203,4866836727,11084516.6,795028.306,17A/9D10A000,17A/9D10AB80,1,1.000739336013794,6298230,6293576.93191865,6.002022678297663,4060,4057.0005134124535,4058,4055.0019909920534,0.0,0.0,6990799.450201255,0.0,streaming,17A/9D0C3AC0,17A/9CF85E98,17A/9CF85D98,288064,1589608,2309080,1589864,0.113197,0.287108,0.113197,1578448.9958114596,True,146637728,reserved,4.1,37.5,0.0,18044898.756484065,0.0,53.96010535080603,7062300.586835914,200590.69607436022,1003.47,1
2026-09-13T22:11:01.258543+00:00,1789337461.258544,F_lat_northeurope_rep3,r3-pub,F01,load,16,1,1000,6,99.5,2308873493,22052089,807844977321,60320,1789156079.537691,5991700.5540000005,192964.18600000002,89423665,85002632,431966862,8204,22482,16055203,4866881802,11084516.6,795036.532,17A/9D634000,17A/9D711DE0,1,1.0004839897155762,6284878,6281837.655179974,5.990827231578802,4056,4054.0378873559634,4053,4051.039338622712,0.0,0.0,5412292.506089362,0.0,streaming,17A/9D62FE78,17A/9D62FE78,17A/9D62F8F0,16776,16776,515712,18192,0.113298,0.284335,0.113298,-1570911.6948955923,True,152052640,reserved,3.9,37.4,0.0,19114972.549872342,0.0,60.9704909094462,5452500.046053532,252056.00748462824,1003.46,1
2026-09-13T22:11:02.258819+00:00,1789337462.2588196,F_lat_northeurope_rep3,r3-pub,F01,load,16,1,1000,6,99.5,2308898040,22052089,807851264782,60320,1789156079.537691,5991739.011,192964.18600000002,89427711,85002632,431970905,8204,22482,16055203,4866926622,11084516.6,795044.414,17A/9DC6C000,17A/9DD15740,1,1.0002756118774414,6287461,6285728.57854538,5.994537905259495,4046,4044.8851816010642,4043,4041.8860082088736,0.0,0.0,6519035.276448351,0.0,streaming,17A/9DC69FD8,17A/9DC69FD8,17A/9DC699B0,8232,8232,838704,9808,0.112972,0.112972,0.112972,-8381.68990670868,True,158573472,reserved,10.7,37.3,0.0,6527225.01925796,0.0,11.996693568762424,6578332.933309816,243544.876139446,1003.45,1
2026-09-13T22:11:03.259566+00:00,1789337463.2595663,F_lat_northeurope_rep3,r3-pub,F01,load,16,1,1000,6,99.5,2308921123,22052089,807857181588,60320,1789156079.537691,5991780.571,192964.18600000002,89431517,85002632,431974708,8204,22482,16055203,4866968679,11084516.6,795052.381,17A/9E31A000,17A/9E31D4A0,1,1.000746726989746,5916806,5912391.058023041,5.638495500586549,3806,3803.160077723639,3803,3800.162316233053,0.0,0.0,6998933.707301314,0.0,streaming,17A/9E2B6DE0,17A/9E211F20,17A/9E211ED8,406048,1081568,1650536,1081640,0.114195,0.114195,0.114195,1071032.231325981,True,165577632,reserved,6.6,37.3,0.0,15422211.818193773,0.0,22.982838094493875,6856728.8954723785,217592.51779419626,1003.45,1
2026-09-13T22:11:04.260263+00:00,1789337464.260263,F_lat_northeurope_rep3,r3-pub,F01,load,16,1,1000,6,99.5,2308945736,22052089,807863474326,60320,1789156079.537691,5991810.44,192964.18600000002,89435579,85002632,431978767,8204,22482,16055203,4867013582,11084516.6,795060.305,17A/9E844000,17A/9E923810,4,1.0006966590881348,6292738,6288357.15883586,5.997044714771137,4062,4059.172140837782,4059,4056.1742293600582,0.0,0.0,5411142.278554454,0.0,streaming,17A/9E841C70,17A/9E841C70,17A/9E841C70,9104,9104,894264,9104,0.112770,0.112770,0.112770,-1071789.328223927,True,170992544,reserved,4.5,37.2,0.0,22254448.236384697,0.0,33.9763300808677,5667927.3868750455,244044.9838440913,1003.44,1
2026-09-13T22:11:05.260784+00:00,1789337465.2607841,F_lat_northeurope_rep3,r3-pub,F01,load,16,1,1000,6,99.5,2308970356,22052090,807869760548,60320,1789156079.537691,5991844.424000001,192964.18600000002,89439896,85002632,431983081,8204,22482,16055203,4867061292,11084516.6,795069.291,17A/9EE7A000,17A/9EF30A40,6,1.000521183013916,6286222,6282947.434519801,5.991885599632074,4317,4314.7512249522815,4314,4311.752787686853,0.0,0.0,6509247.490774433,0.0,streaming,17A/9EE77C60,17A/9EE77C60,17A/9EE77C60,9120,9120,1261824,9120,0.113493,0.113493,0.113493,15.99166541562115,True,177505184,reserved,4.4,37.4,0.0,14901673.500892412,0.0,20.98906085800276,6570392.622970149,243491.09657642458,1003.44,1
2026-09-13T22:11:06.265605+00:00,1789337466.2645874,F_lat_northeurope_rep3,r3-pub,F01,load,16,1,1000,6,99.5,2308996537,22052090,807876466029,60320,1789156079.537691,5991885.222,192964.18600000002,89443957,85002632,431987139,8204,22482,16055203,4867106408,11084516.6,795077.319,17A/9F526000,17A/9F53E6D8,2,1.0038032531738281,6705481,6680074.983617148,6.370615943543576,4061,4045.613507587187,4058,4042.6248741169184,0.0,0.0,6969461.373909805,0.0,streaming,17A/9F523C20,17A/9F41DD18,17A/9F41DCD0,9184,1082088,2320064,1082160,0.113451,0.286364,0.113451,1068974.4196457413,True,184501152,reserved,4.2,37.5,0.0,6993944.259298247,0.0,14.943167351343956,7048647.21012689,219984.34384607492,1003.43,1
2026-09-13T22:11:07.265428+00:00,1789337467.265428,F_lat_northeurope_rep3,r3-pub,F01,load,16,1,1000,6,99.5,2309021589,22052136,807883201813,60320,1789156079.537691,5991918.664000001,192964.18600000002,89448026,85002632,431991250,8217,22533,16055203,4867183124,11084516.6,795086.076,17A/9FB551E0,17A/9FBB4808,1,1.000840663909912,6735784,6730126.22577284,6.4183485276916885,4069,4065.5822117617913,4111,4107.546933534707,12.989080548759716,50.95716215282658,6479001.337403373,0.0,streaming,17A/9FB53F98,17A/9FA47D80,17A/9FA47D18,4680,1102944,2392816,1103048,0.112921,0.112921,0.112921,20870.454961730225,True,190985600,reserved,10.1,37.3,0.0,14982860.449952476,0.0,25.978161097519433,6092164.53714038,225491.4374865109,1003.43,1
2026-09-13T22:11:08.266600+00:00,1789337468.266045,F_lat_northeurope_rep3,r3-pub,F01,load,16,1,1000,6,99.5,2309044742,22052136,807889100428,60320,1789156079.537691,5991954.154,192964.18600000002,89451838,85002632,431995059,8217,22533,16055203,4867226494,11084516.6,795094.691,17A/A010BEA8,17A/A01B27C8,1,1.0006170272827148,5898615,5894977.63796638,5.621888769117718,3812,3809.6493424181513,3809,3806.651192358536,0.0,0.0,5987929.284264642,0.0,streaming,17A/A010A000,17A/9FFFFFD8,17A/9FFFFFD8,7848,1097424,1097680,1097424,0.112781,0.277690,0.112781,-5620.53197842594,True,102700520,reserved,5.2,37.3,0.0,14429496.60691769,0.0,26.983350536539895,6047812.334788696,259684.76741360035,1003.42,1
2026-09-13T22:11:09.266525+00:00,1789337469.2665257,F_lat_northeurope_rep3,r3-pub,F01,load,16,1,1000,6,99.5,2309069227,22052136,807895361372,60320,1789156079.537691,5991989.1680000005,192964.18600000002,89455873,85002632,431999091,8217,22533,16055203,4867271344,11084516.6,795103.513,17A/A0732000,17A/A07A9760,1,1.0004806518554688,6260944,6257936.111396653,5.968032943150189,4035,4033.0615015060816,4032,4030.0629427689023,0.0,0.0,6444350.510969612,0.0,streaming,17A/A072DC90,17A/A0629D78,17A/A0629D78,17264,1081992,2396920,1081992,0.113398,0.113398,0.113398,-15424.586144050025,True,109147968,reserved,5.0,37.3,0.0,6521793.28795516,0.0,15.992313264955962,6491549.824531971,208330.86538300224,1003.42,1
2026-09-13T22:11:10.267273+00:00,1789337470.2672734,F_lat_northeurope_rep3,r3-pub,F01,load,16,1,1000,6,99.5,2309093668,22052136,807901613656,60320,1789156079.537691,5992025.411,192964.18600000002,89459904,85002632,432003119,8217,22533,16055203,4867316064,11084516.6,795112.582,17A/A0D5C000,17A/A0DA1200,1,1.0007476806640625,6252284,6247612.780727301,5.958187847831059,4031,4027.9883509948922,4028,4024.990592361058,0.0,0.0,6458658.985560723,0.0,streaming,17A/A0D57FE8,17A/A0C53ED0,17A/A0C53ED0,16408,1081648,2301232,1081648,0.113135,0.113135,0.113135,-343.74299001296026,True,115611456,reserved,5.2,37.3,0.0,14857371.4306625,0.0,19.98505755889304,6507378.558877792,242442.73025844325,1003.41,1
2026-09-13T22:11:11.267727+00:00,1789337471.2677279,F_lat_northeurope_rep3,r3-pub,F01,load,16,1,1000,6,99.5,2309117976,22052137,807907845500,60320,1789156079.537691,5992065.842,192964.18600000002,89463914,85002632,432007126,8217,22533,16055203,4867360580,11084516.6,795120.966,17A/A131A000,17A/A138F9C8,1,1.0004544258117676,6231844,6229013.375540309,5.940450072803792,4010,4008.1785801949854,4007,4005.1799428531936,0.0,0.0,6018385.090469734,0.0,streaming,17A/A1315FC8,17A/A1211B70,17A/A1211B70,16440,1082512,2231456,1082512,0.113135,0.284686,0.113135,863.6075544360268,True,121632576,reserved,2.1,37.3,0.0,15119657.237486208,0.0,36.98319388209837,6088287.325090022,235381.03678128598,1003.41,1
2026-09-13T22:11:12.267976+00:00,1789337472.2679763,F_lat_northeurope_rep3,r3-pub,F01,load,16,1,1000,6,99.5,2309142209,22052137,807914034861,60320,1789156079.537691,5992099.855,192964.18600000002,89467913,85002632,432011122,8217,22533,16055203,4867404982,11084516.6,795129.703,17A/A1938000,17A/A19815C0,1,1.0002484321594238,6189361,6187823.745584751,5.901168580612898,3999,3998.006766545596,3996,3995.0075116569647,0.0,0.0,6412742.868441364,0.0,streaming,17A/A1931B70,17A/A1831D30,17A/A1830BC0,25744,1073872,2454688,1078336,0.113145,0.284829,0.113145,-4174.962804974846,True,128046912,reserved,2.7,37.2,0.0,23185791.903649423,0.0,23.99403910905084,6481007.909209872,241177.08385625406,1003.4,1
2026-09-13T22:11:13.268427+00:00,1789337473.2684278,F_lat_northeurope_rep3,r3-pub,F01,load,16,1,1000,6,99.5,2309166563,22052137,807920241037,60320,1789156079.537691,5992136.436000001,192964.18600000002,89471926,85002632,432015132,8217,22533,16055203,4867449353,11084516.6,795138.948,17A/A1F5C000,17A/A1F74A90,1,1.0004515647888184,6206176,6203374.774380046,5.915999197368666,4013,4011.1886884269998,4010,4008.19004250991,0.0,0.0,6436005.72643331,0.0,streaming,17A/A1F59C08,17A/A1E53DE8,17A/A1E53DE8,9208,1081880,1597760,1081880,0.113039,0.113039,0.113039,3542.4003767219756,True,134485824,reserved,4.1,37.3,0.0,6436005.72643331,0.0,11.994583668358834,6503068.443271742,238407.34363821725,1003.4,1
2026-09-13T22:11:14.269282+00:00,1789337474.2692826,F_lat_northeurope_rep3,r3-pub,F01,load,16,1,1000,6,99.5,2309190930,22052137,807926482478,60320,1789156079.537691,5992174.901000001,192964.18600000002,89475945,85002632,432019148,8217,22533,16055203,4867494109,11084516.6,795148.922,17A/A2526000,17A/A256D770,1,1.000854730606079,6241441,6236110.805231867,5.94721870921313,4019,4015.5677713250634,4016,4012.5703333270603,0.0,0.0,6065087.983671793,0.0,streaming,17A/A2523FB8,17A/A2419FE8,17A/A2419450,8264,1097752,2519024,1100720,0.112958,0.264682,0.112958,18823.910627460613,True,140556096,reserved,6.2,37.3,32740.016106190516,14557029.661214959,0.9991459993344274,24.978649983360686,6118432.388576258,227133.8617366967,1003.39,1
2026-09-13T22:11:15.269751+00:00,1789337475.2697518,F_lat_northeurope_rep3,r3-pub,F01,load,16,1,1000,6,99.5,2309215366,22052137,807932731430,60320,1789156079.537691,5992220.693,192964.18600000002,89479970,85002632,432023170,8217,22533,16055203,4867539010,11084516.6,795157.563,17A/A2B52000,17A/A2B6AF60,1,1.0004692077636719,6248952,6246021.318305391,5.956670110993758,4025,4023.1123244632377,4022,4020.113731426371,0.0,0.0,6468644.861610496,0.0,streaming,17A/A2B4FFE0,17A/A2A47E50,17A/A2A47E50,8224,1089968,1789952,1089968,0.112847,0.112847,0.112847,-10746.957444131362,True,147027776,reserved,1.8,37.2,0.0,23246180.71153443,0.0,29.985930368670097,6518585.429108504,243898.56090167654,1003.39,1
2026-09-13T22:11:16.270183+00:00,1789337476.2701836,F_lat_northeurope_rep3,r3-pub,F01,load,16,1,1000,6,99.5,2309236822,22052137,807938209709,60320,1789156079.537691,5992254.747,192964.18600000002,89483501,85002632,432026698,8217,22533,16055203,4867578357,11084516.6,795165.516,17A/A3106000,17A/A3166998,1,1.000431776046753,5478279,5475914.631228172,5.22223914263551,3531,3529.476056781094,3528,3526.477351550184,0.0,0.0,5977579.024559623,0.0,streaming,17A/A3103FA8,17A/A2FFFFF0,17A/A2FFF498,8280,1073168,1582328,1076072,0.113234,0.113234,0.113234,-13890.002629575214,True,153007936,reserved,4.3,37.2,0.0,14387131.98102912,0.0,19.991368206066802,6041009.636740652,224619.01488972537,1003.38,1
2026-09-13T22:11:17.271657+00:00,1789337477.271657,F_lat_northeurope_rep3,r3-pub,F01,load,16,1,1000,6,99.5,2309261326,22052138,807944473404,60320,1789156079.537691,5992293.372,192964.18600000002,89487545,85002632,432030739,8217,22533,16055203,4867623220,11084516.6,795175.225,17A/A3734000,17A/A3764488,1,1.0014734268188477,6263695,6254479.482193004,5.96473644465733,4044,4038.0502284974777,4041,4035.054642274557,0.0,0.0,6470338.429830467,0.0,streaming,17A/A3731F50,17A/A3629E38,17A/A3629298,8368,1089992,1878712,1092968,0.113546,0.113546,0.113546,16871.141607490947,True,159487808,reserved,3.2,37.2,0.0,6470338.429830467,0.0,11.98234489168391,6548770.865376466,251668.18534626008,1003.38,1
2026-09-13T22:11:18.272803+00:00,1789337478.272279,F_lat_northeurope_rep3,r3-pub,F01,load,16,1,1000,6,99.5,2309285908,22052138,807950751752,60320,1789156079.537691,5992327.3950000005,192964.18600000002,89491600,85002632,432034791,8217,22533,16055203,4867667998,11084516.6,795185.598,17A/A3D64000,17A/A3D64A50,1,1.000622034072876,6278348,6274445.081370998,5.983777123805044,4055,4052.4792198456344,4052,4049.481084787795,0.0,0.0,6484030.711967582,0.0,streaming,17A/A3CD7118,17A/A3C59FD8,17A/A3C59FD8,577256,1089576,2209760,1089576,0.115233,0.115233,0.115233,-3389.8913720632286,True,165975872,reserved,3.3,37.3,0.0,14883797.770652859,0.0,18.98818869964662,6149706.672911257,248023.72079478417,1003.37,1
2026-09-13T22:11:19.272290+00:00,1789337479.2722902,F_lat_northeurope_rep3,r3-pub,F01,load,16,1,1000,6,99.5,2309310472,22052138,807957024214,60320,1789156079.537691,5992360.766000001,192964.18600000002,89495652,85002632,432038840,8217,22533,16055203,4867712664,11084516.6,795194.33,17A/A4322000,17A/A4369B90,1,1.0000112056732178,6272462,6272391.713628164,5.981818879726566,4052,4051.954595120914,4049,4048.954628737557,0.0,0.0,6021052.530052921,0.0,streaming,17A/A431FF90,17A/A4213FD0,17A/A4213FD0,8304,1105968,2268456,1105968,0.113007,0.265414,0.113007,16391.816318662888,True,171996992,reserved,2.7,37.3,0.0,14483293.704943625,0.0,23.99973106685635,6487062.308099632,230331.4189813871,1003.37,1
2026-09-13T22:11:20.272771+00:00,1789337480.2727714,F_lat_northeurope_rep3,r3-pub,F01,load,16,1,1000,6,99.5,2309335087,22052138,807963312719,60320,1789156079.537691,5992393.826,192964.18600000002,89499716,85002632,432042900,8217,22533,16055203,4867757571,11084516.6,795202.39,17A/A4956000,17A/A496F678,1,1.000481128692627,6288505,6285480.874804174,5.9943016765634285,4064,4062.0456332950616,4060,4058.047556884338,0.0,0.0,6501320.028394389,0.0,streaming,17A/A4953FE0,17A/A4849D30,17A/A48486F8,8224,1098448,1350800,1104136,0.113320,0.113320,0.113320,-1831.1189961113566,True,178501440,reserved,4.4,37.3,0.0,6509508.088883551,0.0,11.994229232170458,6566243.791709025,248178.59415745502,1003.36,1
2026-09-13T22:11:21.273205+00:00,1789337481.2732058,F_lat_northeurope_rep3,r3-pub,F01,load,16,1,1000,6,99.5,2309359771,22052138,807969629696,60320,1789156079.537691,5992425.104,192964.18600000002,89503788,85002632,432046969,8217,22533,16055203,4867802677,11084516.6,795211.085,17A/A4E84000,17A/A4F74150,1,1.000434398651123,6316977,6314234.105221816,6.021722893926445,4072,4070.231896754292,4069,4067.2331993843845,0.0,0.0,5428937.676796169,0.0,streaming,17A/A4E81FF0,17A/A4E81FF0,17A/A4E81FB0,8208,8208,601280,8272,0.113797,0.113797,0.113797,-1095388.164858729,True,183932736,reserved,5.4,37.3,0.0,22198868.84131887,0.0,20.9908815893517,5491652.433590412,256043.77492954215,1003.35,1
2026-09-13T22:11:22.273570+00:00,1789337482.2735703,F_lat_northeurope_rep3,r3-pub,F01,load,16,1,1000,6,99.5,2309384396,22052138,807975913372,60320,1789156079.537691,5992467.961,192964.18600000002,89507849,85002632,432051027,8217,22533,16055203,4867847560,11084516.6,795219.554,17A/A5538000,17A/A557EAD0,1,1.0003645420074463,6283676,6281386.1708757235,5.990396662593578,4061,4059.520134380944,4058,4056.521227608439,0.0,0.0,7026174.664183251,0.0,streaming,17A/A5535F20,17A/A5429FD0,17A/A5429A80,8416,1105968,1452976,1107328,0.113851,0.291636,0.113851,1098655.4939207542,True,190961472,reserved,7.7,37.3,0.0,15464954.374487258,0.0,25.99052536171006,7090063.374064697,225368.84358934208,1003.35,1
2026-09-13T22:11:23.274244+00:00,1789337483.274204,F_lat_northeurope_rep3,r3-pub,F01,load,16,1,1000,6,99.5,2309409116,22052139,807982238650,60320,1789156079.537691,5992501.4520000005,192964.18600000002,89511923,85002632,432055099,8217,22533,16055203,4867892861,11084516.6,795228.844,17A/A5B72000,17A/A5B894E0,1,1.000633716583252,6325278,6321272.105039788,6.028434853591717,4074,4071.4198737086494,4072,4069.421140339131,0.0,0.0,6524889.06959272,0.0,streaming,17A/A5B6E000,17A/A5A65F00,17A/A5A65A38,16384,1097984,1809432,1099208,0.113385,0.113385,0.113385,-8114.8574802440435,True,102184576,reserved,7.3,37.3,0.0,14949118.495704275,0.0,23.984800434218847,6580670.719835919,247954.86688895445,1003.34,1
2026-09-13T22:11:24.275190+00:00,1789337484.275152,F_lat_northeurope_rep3,r3-pub,F01,load,16,1,1000,6,99.5,2309432355,22052139,807988169305,60320,1789156079.537691,5992577.358,192964.18600000002,89515750,85002632,432058922,8217,22533,16055203,4867935284,11084516.6,795236.692,17A/A6116000,17A/A61941C8,1,1.0009479522705078,5930655,5925038.34644664,5.650556894728317,3827,3823.375622397744,3823,3819.379410615776,0.0,0.0,5909022.528677458,0.0,streaming,17A/A6113CD8,17A/A5FFFD10,17A/A5FFFC00,9000,1139440,1544296,1139712,0.113086,0.113086,0.113086,40465.64050420649,True,108099200,reserved,4.2,37.3,0.0,6052246.758943186,0.0,18.982005964347305,5989228.4972474445,218447.92179654524,1003.34,1
2026-09-13T22:11:25.275730+00:00,1789337485.2757308,F_lat_northeurope_rep3,r3-pub,F01,load,16,1,1000,6,99.5,2309457047,22052139,807994481041,60320,1789156079.537691,5992612.562000001,192964.18600000002,89519824,85002632,432062993,8217,22533,16055203,4867980513,11084516.6,795245.398,17A/A6750000,17A/A67A4420,3,1.0005788803100586,6311736,6308084.374161609,6.01585805336152,4074,4071.643006034219,4071,4068.6447416704236,0.0,0.0,6525246.663188404,0.0,streaming,17A/A674DD88,17A/A6645BC8,17A/A6645AB8,8824,1090616,1884248,1090888,0.113385,0.113385,0.113385,-48795.753099316324,True,114628224,reserved,6.9,37.3,0.0,23292756.282021344,0.0,24.98553636496207,6588319.151766661,267585.1002541978,1003.33,1
2026-09-13T22:11:26.276423+00:00,1789337486.2764235,F_lat_northeurope_rep3,r3-pub,F01,load,16,1,1000,6,99.5,2309483221,22052139,808001164216,60320,1789156079.537691,5992647.053,192964.18600000002,89524145,85002632,432067312,8217,22533,16055203,4868028228,11084516.6,795254.583,17A/A6D82000,17A/A6DAACB0,2,1.00069260597229,6683175,6678549.396801542,6.369161030580083,4321,4318.009320955902,4319,4316.010705209104,0.0,0.0,6491759.768413724,0.0,streaming,17A/A6D80000,17A/A6C73E48,17A/A6C73940,8192,1106360,2219232,1107648,0.113506,0.113506,0.113506,16748.399958162674,True,121124480,reserved,5.2,37.3,0.0,14882748.11976816,0.0,17.987541721177095,6579015.334687408,240442.46811059443,1003.33,1
2026-09-13T22:11:27.279620+00:00,1789337487.2796202,F_lat_northeurope_rep3,r3-pub,F01,load,16,1,1000,6,99.5,2309507850,22052139,808007449427,60320,1789156079.537691,5992681.759000001,192964.18600000002,89528210,85002632,432071374,8217,22533,16055203,4868073237,11084516.6,795262.856,17A/A7325710,17A/A73B6DC8,1,1.0031967163085938,6285211,6265182.987367957,5.9749441026382035,4065,4052.046756051745,4062,4049.0563156413746,0.0,0.0,5893496.164695683,0.0,streaming,17A/A7323C98,17A/A7217B80,17A/A7216A98,6776,1104784,2278992,1109112,0.113506,0.287987,0.113506,1459.3349202607023,True,127036816,reserved,4.3,37.2,0.0,14282152.01174225,0.0,19.93626940246861,5960368.393152383,235928.8025492239,1003.32,1
2026-09-13T22:11:28.280041+00:00,1789337488.2800412,F_lat_northeurope_rep3,r3-pub,F01,load,16,1,1000,6,99.5,2309532467,22052139,808013740050,60320,1789156079.537691,5992725.763,192964.18600000002,89532274,85002632,432075435,8217,22533,16055203,4868118231,11084516.6,795271.872,17A/A795C000,17A/A79BBA00,1,1.0004210472106934,6290623,6287975.465469356,5.9966807036107594,4064,4062.2895843015012,4061,4059.290846911515,0.0,0.0,6512186.062222985,0.0,streaming,17A/A7959B78,17A/A7851D88,17A/A7851CC0,9352,1090168,2302016,1090368,0.114272,0.286602,0.114272,-18736.111212634678,True,133551744,reserved,5.8,37.3,0.0,6534464.681872323,0.0,11.994949559945377,6577639.503234217,248700.28543851746,1003.32,1
2026-09-13T22:11:29.280490+00:00,1789337489.2804906,F_lat_northeurope_rep3,r3-pub,F01,load,16,1,1000,6,99.5,2309557080,22052140,808020027700,60320,1789156079.537691,5992759.829000001,192964.18600000002,89536336,85002632,432079493,8217,22533,16055203,4868163030,11084516.6,795281.192,17A/A7F8E000,17A/A7FBE718,1,1.0004494190216064,6287650,6284825.479881864,5.993676643258919,4062,4060.1752799981127,4058,4056.177076866652,0.0,0.0,6493337.770492225,0.0,streaming,17A/A7F8C000,17A/A7E81BA8,17A/A7E81BA8,8192,1098840,1575496,1098840,0.113063,0.284529,0.113063,8468.194232433287,True,140048000,reserved,1.8,37.3,0.0,14898648.2640739,0.0,21.990117223032613,6576957.190334372,249796.73659503896,1003.31,1
2026-09-13T22:11:30.281115+00:00,1789337490.2811155,F_lat_northeurope_rep3,r3-pub,F01,load,16,1,1000,6,99.5,2309580129,22052140,808025909758,60320,1789156079.537691,5992792.046,192964.18600000002,89540140,85002632,432083294,8217,22533,16055203,4868205104,11084516.6,795288.867,17A/A8530000,17A/A85C26E0,1,1.0006248950958252,5882058,5878384.626275666,5.606064440036455,3804,3801.6243835665396,3801,3798.6262570810773,0.0,0.0,5902743.404594555,0.0,streaming,17A/A852DCD0,17A/A8421DE8,17A/A84217B0,9008,1106456,2323488,1108048,0.113602,0.113602,0.113602,9202.249559379785,True,145954432,reserved,7.1,37.3,0.0,21621560.792696558,0.0,24.984387378854755,5969231.856287163,228628.13140191927,1003.31,1
2026-09-13T22:11:31.281487+00:00,1789337491.2814877,F_lat_northeurope_rep3,r3-pub,F01,load,16,1,1000,6,99.5,2309604813,22052140,808032204436,60320,1789156079.537691,5992826.546,192964.18600000002,89544206,85002632,432087357,8217,22533,16055203,4868250099,11084516.6,795297.214,17A/A8B69DD8,17A/A8BCA070,1,1.0003721714019775,6294678,6292336.172424994,6.000839397835726,4066,4064.487314058007,4063,4061.488430156833,0.0,0.0,6526043.193355363,0.0,streaming,17A/A8B67ED8,17A/A8A5FE08,17A/A8A5F900,7936,1089488,1653336,1090776,0.112437,0.285269,0.112437,-17265.574247026536,True,152482904,reserved,2.7,37.3,0.0,6534783.940299318,0.0,11.995535604696528,6582166.3059378695,241573.0934031481,1003.3,1
2026-09-13T22:11:32.281600+00:00,1789337492.2816007,F_lat_northeurope_rep3,r3-pub,F01,load,16,1,1000,6,99.5,2309627972,22052140,808038115240,60320,1789156079.537691,5992861.408000001,192964.18600000002,89548016,85002632,432091165,8217,22533,16055203,4868292140,11084516.6,795306.343,17A/A910E000,17A/A91D0F40,1,1.0001130104064941,5910804,5910136.093117681,5.63634499847191,3810,3809.56947900461,3808,3807.569704999883,0.0,0.0,5914507.599092014,0.0,streaming,17A/A910BEC8,17A/A910BEC8,17A/A910BE00,8504,8504,345376,8704,0.113563,0.113563,0.113563,-1081949.728421385,True,158398080,reserved,6.1,37.3,0.0,21698155.882583536,0.0,78.99107318670976,5981443.034691228,266177.9191251599,1003.29,1
2026-09-13T22:11:33.281792+00:00,1789337493.2817929,F_lat_northeurope_rep3,r3-pub,F01,load,16,1,1000,6,99.5,2309652622,22052140,808044425361,60320,1789156079.537691,5992895.010000001,192964.18600000002,89552082,85002632,432095228,8217,22533,16055203,4868337217,11084516.6,795315.463,17A/A9744000,17A/A97D4BE8,1,1.0001921653747559,6310121,6308908.646205702,6.016644140439703,4066,4065.2188057047374,4063,4062.2193820901,0.0,0.0,6511388.736543261,0.0,streaming,17A/A9741C70,17A/A963BD30,17A/A963BD30,9104,1082064,1710232,1082064,0.113819,0.288099,0.113819,1073153.7770022717,True,164910720,reserved,2.7,37.2,0.0,14939337.17667284,0.0,20.995965302459293,6567555.943150954,218163.07661062523,1003.29,1
2026-09-13T22:11:34.282085+00:00,1789337494.2820854,F_lat_northeurope_rep3,r3-pub,F01,load,16,1,1000,6,99.5,2309677223,22052140,808050714375,60320,1789156079.537691,5992936.336,192964.18600000002,89556145,85002632,432099288,8217,22533,16055203,4868382387,11084516.6,795325.006,17A/A9D78C40,17A/A9DD7250,1,1.0002925395965576,6289014,6287174.752434435,5.995917084154544,4063,4061.811759226663,4060,4058.8126365887892,0.0,0.0,6505680.830754438,0.0,streaming,17A/A9D77F30,17A/A9C6DC80,17A/A9C6D2B0,3344,1093568,2043576,1096080,0.113175,0.113175,0.113175,14011.900964144943,True,171418304,reserved,3.3,37.2,0.0,16637180.965792412,0.0,89.9736791362047,6581516.645775707,235686.05249728818,1003.28,1
2026-09-13T22:11:35.282422+00:00,1789337495.2824228,F_lat_northeurope_rep3,r3-pub,F01,load,16,1,1000,6,99.5,2309701847,22052141,808057005480,60320,1789156079.537691,5992972.875,192964.18600000002,89560207,85002632,432103350,8217,22533,16055203,4868427360,11084516.6,795333.751,17A/AA31A000,17A/AA3DBEA8,1,1.0003373622894287,6291105,6288983.3341842005,5.997641882118416,4062,4060.63009653411,4062,4060.63009653411,0.0,0.0,5901305.12219336,0.0,streaming,17A/AA317FF8,17A/AA317FF8,17A/AA3175A8,8200,8200,1200144,10840,0.113017,0.276711,0.113017,-1084874.0044221266,True,177321600,reserved,8.5,37.3,0.0,5920818.539102357,0.0,12.995615769311529,5967720.716076553,269177.1897669982,1003.28,1
2026-09-13T22:11:36.282726+00:00,1789337496.282727,F_lat_northeurope_rep3,r3-pub,F01,drain,0,0,0,0,0,2309725308,22052141,808062998466,60320,1789156079.537691,5992982.871,192964.18600000002,89564261,85002632,432107217,8217,22533,16055203,4868470119,11084516.6,795341.519,17A/AA46B9E8,17A/AA46B9E8,1,1.0003042221069336,5992986,5991163.355660957,5.713618617688138,4054,4052.7670586665013,3867,3865.8239308987077,0.0,0.0,1382467.4228478542,0.0,streaming,17A/AA46B9E8,17A/AA46B9E8,17A/AA46B9E8,0,0,0,0,0.094770,0.291224,0.094770,-10836.70323530954,True,178704488,reserved,12.6,36.1,0.0,9770083.724544402,0.0,9.996958704160093,1411628.551387889,50435.65635835808,1003.28,1
2026-09-13T22:11:37.290087+00:00,1789337497.2900875,F_lat_northeurope_rep3,r3-pub,F01,drain,0,0,0,0,0,2309725308,22052141,808062998466,60320,1789156079.537691,5992982.871,192964.18600000002,89564264,85002632,432107217,8217,22533,16055203,4868470119,11084516.6,795341.519,17A/AA46B9E8,17A/AA46B9E8,1,1.0073604583740234,0,0.0,0.0,3,2.978079966372998,0,0.0,0.0,0.0,0.0,0.0,streaming,17A/AA46B9E8,17A/AA46B9E8,17A/AA46B9E8,0,0,0,0,0.094770,0.291224,0.094770,0.0,True,178704488,reserved,0.0,36.1,0.0,8327315.143518755,0.0,8.934239899118996,53.60543939471397,0.0,1003.28,1
2026-09-13T22:11:38.296952+00:00,1789337498.2969522,F_lat_northeurope_rep3,r3-pub,F01,drain,0,0,0,0,0,2309725308,22052141,808062998466,60320,1789156079.537691,5992982.871,192964.18600000002,89564267,85002632,432107217,8217,22533,16055203,4868470119,11084516.6,795341.519,17A/AA46B9E8,17A/AA46B9E8,1,1.0068647861480713,0,0.0,0.0,3,2.9795460535242264,0,0.0,0.0,0.0,0.0,0.0,streaming,17A/AA46B9E8,17A/AA46B9E8,17A/AA46B9E8,0,0,0,0,0.094770,0.291224,0.094770,0.0,True,178704488,reserved,0.0,36.1,0.0,0.0,0.0,0.0,5716.755694695149,1120.309316125109,1003.28,1
2026-09-13T22:11:39.302996+00:00,1789337499.3029966,F_lat_northeurope_rep3,r3-pub,F01,drain,0,0,0,0,0,2309725308,22052141,808062998466,60320,1789156079.537691,5992982.871,192964.18600000002,89564270,85002632,432107217,8217,22533,16055203,4868470119,11084516.6,795341.519,17A/AA46B9E8,17A/AA46B9E8,1,1.0060443878173828,0,0.0,0.0,3,2.9819757819120802,0,0.0,0.0,0.0,0.0,0.0,streaming,17A/AA46B9E8,17A/AA46B9E8,17A/AA46B9E8,0,0,0,0,0.094770,0.291224,0.094770,0.0,True,178704488,reserved,0.0,36.1,0.0,8387065.324528825,0.0,12.921895054952348,0.0,59.6395156382416,1003.28,1
2026-09-13T22:11:40.309427+00:00,1789337500.3094275,F_lat_northeurope_rep3,r3-pub,F01,drain,0,0,0,0,0,2309725308,22052141,808062998466,60320,1789156079.537691,5992982.871,192964.18600000002,89564273,85002632,432107217,8217,22533,16055203,4868470119,11084516.6,795341.519,17A/AA46B9E8,17A/AA46B9E8,1,1.0064308643341064,0,0.0,0.0,3,2.98083068227932,0,0.0,0.0,0.0,0.0,0.0,streaming,17A/AA46B9E8,17A/AA46B9E8,17A/AA46B9E8,0,0,0,0,0.094770,0.291224,0.094770,0.0,True,178704488,reserved,1.9,36.0,0.0,20349.13745769349,0.0,2.98083068227932,3027.5303629683626,16006.067153612521,1003.28,1
2026-09-13T22:11:41.309743+00:00,1789337501.3097436,F_lat_northeurope_rep3,r3-pub,F01,drain,0,0,0,0,0,2309725308,22052141,808062998466,60320,1789156079.537691,5992982.871,192964.18600000002,89564276,85002632,432107217,8217,22533,16055203,4868470119,11084516.6,795341.519,17A/AA46B9E8,17A/AA46B9E8,1,1.0003161430358887,0,0.0,0.0,3,2.9990518706368294,0,0.0,0.0,0.0,0.0,0.0,streaming,17A/AA46B9E8,17A/AA46B9E8,17A/AA46B9E8,0,0,0,0,0.094770,0.291224,0.094770,0.0,True,178704488,reserved,0.0,36.0,0.0,8385956.838146357,0.0,7.997471655031545,5541.248172979982,950.6994429918749,1003.28,1
2026-09-13T22:11:42.316640+00:00,1789337502.316641,F_lat_northeurope_rep3,r3-pub,F01,drain,0,0,0,0,0,2309725308,22052141,808062998466,60320,1789156079.537691,5992982.871,192964.18600000002,89564279,85002632,432107217,8217,22533,16055203,4868470119,11084516.6,795341.519,17A/AA46B9E8,17A/AA46B9E8,1,1.0068974494934082,0,0.0,0.0,3,2.9794493982573544,0,0.0,0.0,0.0,0.0,0.0,streaming,17A/AA46B9E8,17A/AA46B9E8,17A/AA46B9E8,0,0,0,0,0.094770,0.291224,0.094770,0.0,True,178704488,reserved,0.4,36.0,0.0,8331144.35260561,0.0,8.938348194772063,838.2184307097357,3235.682046507487,1003.28,1
2026-09-13T22:11:43.323637+00:00,1789337503.323638,F_lat_northeurope_rep3,r3-pub,F01,drain,0,0,0,0,0,2309725308,22052141,808062998466,60320,1789156079.537691,5992982.871,192964.18600000002,89564282,85002632,432107217,8217,22533,16055203,4868470119,11084516.6,795341.519,17A/AA46B9E8,17A/AA46B9E8,1,1.0069968700408936,0,0.0,0.0,3,2.9791552379682886,0,0.0,0.0,0.0,0.0,0.0,streaming,17A/AA46B9E8,17A/AA46B9E8,17A/AA46B9E8,0,0,0,0,0.094770,0.291224,0.094770,0.0,True,178704488,reserved,0.0,36.0,0.0,8330321.820820897,0.0,26.812397141714598,0.0,0.0,1003.28,1
2026-09-13T22:11:44.331136+00:00,1789337504.3311362,F_lat_northeurope_rep3,r3-pub,F01,drain,0,0,0,0,0,2309725308,22052141,808062998466,60320,1789156079.537691,5992982.871,192964.18600000002,89564285,85002632,432107217,8217,22533,16055203,4868470119,11084516.6,795341.519,17A/AA46B9E8,17A/AA46B9E8,1,1.0074982643127441,0,0.0,0.0,3,2.9776726236311912,0,0.0,0.0,0.0,0.0,0.0,streaming,17A/AA46B9E8,17A/AA46B9E8,17A/AA46B9E8,0,0,0,0,0.094770,0.291224,0.094770,0.0,True,178704488,reserved,0.0,36.0,0.0,60982.73533196679,0.0,3.970230164841588,4073.4561491274694,649.1326319515996,1003.28,1
2026-09-13T22:11:45.337953+00:00,1789337505.337953,F_lat_northeurope_rep3,r3-pub,F01,drain,0,0,0,0,0,2309725308,22052141,808062998466,60320,1789156079.537691,5992982.871,192964.18600000002,89564288,85002632,432107217,8217,22533,16055203,4868470119,11084516.6,795341.519,17A/AA46B9E8,17A/AA46B9E8,1,1.0068168640136719,0,0.0,0.0,3,2.979687872966798,0,0.0,0.0,0.0,0.0,0.0,streaming,17A/AA46B9E8,17A/AA46B9E8,17A/AA46B9E8,0,0,0,0,0.094770,0.291224,0.094770,0.0,True,178704488,reserved,0.4,36.0,0.0,8331811.176224089,0.0,23.837502983734385,1640.8147887137168,530.3844413880901,1003.28,1
