sample_time,epoch,run_id,host,level_id,phase_state,clients,rows_per_commit,row_bytes,target_wal_mbps,network_latency_ms,xact_commit,tup_inserted,tup_updated,tup_deleted,blks_read,blks_hit,blk_write_time_ms,db_stats_reset,row_count,apply_workers,interval_sec,commits_per_sec,rows_applied_per_sec,row_count_delta,received_lsn,latest_end_lsn,msg_send_age_sec,msg_receipt_age_sec,cpu_pct,mem_used_pct,disk_read_bytes_per_sec,disk_write_bytes_per_sec,disk_read_iops,disk_write_iops,net_sent_bytes_per_sec,net_recv_bytes_per_sec,data_volume_free_gb,db_connected
2026-09-13T21:36:57.897253+00:00,1789335417.8857157,F_lat_eastus_rep2,r3-sub-eastus,idle,idle,0,0,0,0,0,1465358,1453200,87,255,666,14614165,1178.131,,,1,1.000993251800537,3.996030935078731,0.0,,177/FEA31D18,177/FEA31D18,3.377628,3.366555,1.2,17.2,4091.9356775206206,49103.228130247444,0.9990077337696828,6.993054136387779,1793.2188821165805,2057.9559315655465,1019.68,1
2026-09-13T21:36:58.886857+00:00,1789335418.8865051,F_lat_eastus_rep2,r3-sub-eastus,idle,idle,0,0,0,0,0,1465371,1453200,94,255,666,14639129,1178.131,,,1,1.0007894039154053,12.989745843770807,0.0,,177/FEA33518,177/FEA33518,0.292620,0.084590,8.9,17.2,8185.538304013112,171896.30438427537,1.9984224375032011,13.988957062522408,3330.370992099085,2751.8276964419083,1021.61,1
2026-09-13T21:36:59.887480+00:00,1789335419.8869514,F_lat_eastus_rep2,r3-sub-eastus,idle,idle,0,0,0,0,0,1465372,1453200,94,255,666,14639129,1178.131,,,1,1.0004463195800781,0.9995538795322217,0.0,,177/FEA33E78,177/FEA33E78,0.974907,0.963887,3.7,17.3,0.0,81883.4538112796,0.0,11.99464655438666,92.95851079649663,136.9388814959144,1021.61,1
2026-09-13T21:37:00.893085+00:00,1789335420.887153,F_lat_eastus_rep2,r3-sub-eastus,F01,drain,0,0,0,0,0,1465376,1453200,94,255,666,14639129,1178.131,,,1,1.0002014636993408,3.9991943075204244,0.0,,177/FEA33E78,177/FEA33E78,1.980470,1.969450,0.4,17.3,0.0,0.0,0.0,0.0,635.8718948957475,1182.7617164491655,1021.61,1
2026-09-13T21:37:01.887681+00:00,1789335421.8872778,F_lat_eastus_rep2,r3-sub-eastus,F01,drain,0,0,0,0,0,1465378,1453200,94,255,666,14639129,1178.131,,,1,1.0001249313354492,1.9997501685408794,0.0,,177/FEA34FB0,177/FEA34FB0,0.144439,0.133390,0.0,17.2,0.0,36859.39510654549,0.0,3.999500337081759,368.95390609579226,478.9401653655406,1021.61,1
2026-09-13T21:37:02.888632+00:00,1789335422.8882217,F_lat_eastus_rep2,r3-sub-eastus,F01,drain,0,0,0,0,0,1465378,1453200,94,255,666,14639129,1178.131,,,1,1.000943899154663,0.0,0.0,,177/FEA34FB0,177/FEA34FB0,1.145399,1.134350,0.2,17.2,0.0,0.0,0.0,0.0,65.93776140275156,125.88118085979845,1021.61,1
2026-09-13T21:37:03.889038+00:00,1789335423.8886652,F_lat_eastus_rep2,r3-sub-eastus,F01,drain,0,0,0,0,0,1465382,1453200,94,255,666,14639129,1178.131,,,1,1.000443458557129,3.998226952044772,0.0,,177/FEA34FB0,177/FEA34FB0,2.145776,2.134727,0.2,17.2,0.0,139202.2695623908,0.0,10.995124118123124,407.81914910856676,1056.531472077831,1021.61,1
2026-09-13T21:37:04.889182+00:00,1789335424.8888054,F_lat_eastus_rep2,r3-sub-eastus,F01,drain,0,0,0,0,0,1465385,1453200,94,255,666,14639129,1178.131,,,1,1.0001401901245117,2.9995794885780134,0.0,,177/FEA34FB0,177/FEA34FB0,3.145892,3.134843,0.2,17.2,2047.7129308692572,145387.61809171725,3.999439318104018,11.998317954312054,65.9907487487163,125.98233852027657,1021.61,1
2026-09-13T21:37:05.890091+00:00,1789335425.8897378,F_lat_eastus_rep2,r3-sub-eastus,F01,drain,0,0,0,0,0,1465387,1453200,94,255,666,14639129,1178.131,,0,1,1.0009324550628662,1.9981368271991786,0.0,,177/FEA34FB0,177/FEA34FB0,4.149025,4.137976,0.6,17.2,0.0,0.0,0.0,0.0,116.89100439115195,0.0,1021.61,1
2026-09-13T21:37:06.890379+00:00,1789335426.8899665,F_lat_eastus_rep2,r3-sub-eastus,F01,drain,0,0,0,0,0,1465389,1453200,94,255,666,14639129,1178.131,,,1,1.0002286434173584,1.9995428176970074,0.0,,177/FEA34FB0,177/FEA34FB0,5.147087,5.136038,0.2,17.2,0.0,12285.191071930412,0.0,2.999314226545511,3439.2136464388527,16138.310081632546,1021.61,1
2026-09-13T21:37:07.890487+00:00,1789335427.8900926,F_lat_eastus_rep2,r3-sub-eastus,F01,drain,0,0,0,0,0,1465394,1453200,94,255,670,14639244,1178.131,,,1,1.0001261234283447,4.999369462383842,0.0,,177/FEA34FB0,177/FEA34FB0,6.147183,6.136134,0.0,17.2,0.0,57336.76849018781,0.0,8.998865032290915,116.9852454197819,0.0,1021.61,1
2026-09-13T21:37:08.890560+00:00,1789335428.8902075,F_lat_eastus_rep2,r3-sub-eastus,F01,drain,0,0,0,0,0,1465397,1453200,94,255,670,14639244,1178.131,,,1,1.000114917755127,2.999655286348338,0.0,,177/FEA34FB0,177/FEA34FB0,7.147274,7.136225,0.4,17.2,0.0,53241.881562492104,0.0,5.999310572696676,65.99241629966343,125.9855220266302,1021.61,1
2026-09-13T21:37:09.891580+00:00,1789335429.8911562,F_lat_eastus_rep2,r3-sub-eastus,F01,drain,0,0,0,0,0,1465399,1453200,94,255,670,14639244,1178.131,,,1,1.0009486675262451,1.998104463181734,0.0,,177/FEA34FE8,177/FEA34FE8,0.103917,0.092736,0.0,17.2,0.0,49105.4152871543,0.0,6.9933656211360695,500.5251680270244,1192.8683645194953,1021.61,1
2026-09-13T21:37:10.892265+00:00,1789335430.8918278,F_lat_eastus_rep2,r3-sub-eastus,F01,drain,0,0,0,0,0,1465401,1453200,94,255,670,14639244,1178.131,,,1,1.000671625137329,1.9986576512804848,0.0,,177/FEA34FE8,177/FEA34FE8,1.104659,1.093478,0.4,17.2,0.0,196476.0417514768,0.0,43.97046832817067,503.6617281226822,2656.2160185517646,1021.61,1
2026-09-13T21:37:11.892855+00:00,1789335431.8924325,F_lat_eastus_rep2,r3-sub-eastus,F01,drain,0,0,0,0,0,1465403,1453200,94,255,670,14639244,1178.131,,,1,1.0006046295166016,1.9987914716786916,0.0,,177/FEA34FE8,177/FEA34FE8,2.105457,2.094276,0.0,17.2,0.0,0.0,0.0,0.0,2603.425891861496,321.80542694026934,1021.61,1
2026-09-13T21:37:12.893305+00:00,1789335432.892889,F_lat_eastus_rep2,r3-sub-eastus,F01,drain,0,0,0,0,0,1465405,1453200,94,255,670,14639244,1178.131,,,1,1.0004565715789795,1.9990872735669898,0.0,,177/FEA34FE8,177/FEA34FE8,3.105620,3.094439,0.4,17.2,0.0,106447.39914289507,0.0,15.992698188535918,356.8370783317077,1182.4601223148745,1021.61,1
2026-09-13T21:37:13.894151+00:00,1789335433.893772,F_lat_eastus_rep2,r3-sub-eastus,F01,drain,0,0,0,0,0,1465408,1453200,94,255,670,14639244,1178.131,,,1,1.000882863998413,2.997353744288659,0.0,,177/FEA34FE8,177/FEA34FE8,4.106375,4.095194,0.4,17.2,0.0,94124.900513982,0.0,8.992061232865977,116.8967960272577,0.0,1021.61,1
2026-09-13T21:37:14.894413+00:00,1789335434.8940177,F_lat_eastus_rep2,r3-sub-eastus,F01,drain,0,0,0,0,0,1465410,1453200,94,255,670,14639244,1178.131,,,1,1.0002458095550537,1.9995085017048697,0.0,,177/FEA34FE8,177/FEA34FE8,5.106750,5.095569,0.4,17.2,0.0,36854.94070342416,0.0,5.99852550511461,65.9837805562607,125.9690356074068,1021.61,1
2026-09-13T21:37:15.901872+00:00,1789335435.8943322,F_lat_eastus_rep2,r3-sub-eastus,F01,drain,0,0,0,0,0,1465412,1453200,94,255,670,14639244,1178.131,,,1,1.000314474105835,1.999371249514077,0.0,,177/FEA34FE8,177/FEA34FE8,6.114216,6.103035,0.4,17.2,0.0,0.0,0.0,0.0,407.8717349008717,1056.6677053681897,1021.61,1
2026-09-13T21:37:16.894867+00:00,1789335436.8944368,F_lat_eastus_rep2,r3-sub-eastus,F01,drain,0,0,0,0,0,1465414,1453200,94,255,670,14639244,1178.131,,,1,1.0001046657562256,1.9997906903950968,0.0,,177/FEA34FE8,177/FEA34FE8,7.107177,7.095996,0.2,17.2,0.0,32764.570671433266,0.0,3.9995813807901937,65.9930927830382,125.98681349489111,1021.61,1
2026-09-13T21:37:17.894908+00:00,1789335437.8944676,F_lat_eastus_rep2,r3-sub-eastus,F01,drain,0,0,0,0,0,1465414,1453200,94,255,670,14639244,1178.131,,,1,1.000030755996704,0.0,0.0,,177/FEA34FE8,177/FEA34FE8,8.107311,8.096130,0.4,17.2,0.0,32766.992218495325,0.0,5.999815469695188,116.99640165905618,0.0,1021.61,1
2026-09-13T21:37:18.895784+00:00,1789335438.895435,F_lat_eastus_rep2,r3-sub-eastus,F01,drain,0,0,0,0,0,1465419,1453200,94,255,670,14639244,1178.131,,,1,1.0009675025939941,4.995167162812544,0.0,,177/FEA34FE8,177/FEA34FE8,9.107992,9.096811,0.4,17.2,0.0,45012.4503375364,0.0,7.992267460500071,356.6549354248157,1181.856550721448,1021.61,1
2026-09-13T21:37:19.896269+00:00,1789335439.8958588,F_lat_eastus_rep2,r3-sub-eastus,F01,drain,0,0,0,0,0,1465421,1453200,94,255,670,14639244,1178.131,,,1,1.0004236698150635,1.9991530192100677,0.0,,177/FEA34FE8,177/FEA34FE8,10.108663,10.097482,0.2,17.2,0.0,0.0,0.0,0.0,209.9110670170571,59.97459057630203,1021.61,1
2026-09-13T21:37:20.896373+00:00,1789335440.8959477,F_lat_eastus_rep2,r3-sub-eastus,F01,drain,0,0,0,0,0,1465423,1453200,94,255,670,14639244,1178.131,,,1,1.0000889301300049,1.9998221555557198,0.0,,177/FEA34FE8,177/FEA34FE8,11.108654,11.097473,0.4,17.2,0.0,36860.72197120303,0.0,5.999466466667159,65.99413113333875,125.98879580001035,1021.61,1
2026-09-13T21:37:21.896421+00:00,1789335441.896028,F_lat_eastus_rep2,r3-sub-eastus,F01,drain,0,0,0,0,0,1465426,1453200,94,255,670,14639244,1178.131,,,1,1.0000803470611572,2.999758978181923,0.0,,177/FEA34FE8,177/FEA34FE8,12.108776,12.097595,0.4,17.2,0.0,40956.70924877719,0.0,6.99943761575782,3490.7195309443646,16014.713264853894,1021.61,1
2026-09-13T21:37:22.896742+00:00,1789335442.8963304,F_lat_eastus_rep2,r3-sub-eastus,F01,drain,0,0,0,0,0,1465428,1453200,94,255,670,14639244,1178.131,,,1,1.0003023147583008,1.9993955532165817,0.0,,177/FEA34FE8,177/FEA34FE8,13.109069,13.097888,0.4,17.2,0.0,0.0,0.0,0.0,65.9800532561472,125.96191985264464,1021.61,1
2026-09-13T21:37:23.896699+00:00,1789335443.8963501,F_lat_eastus_rep2,r3-sub-eastus,F01,drain,0,0,0,0,0,1465431,1453200,94,255,670,14639244,1178.131,,,1,1.0000197887420654,2.9999406349485636,0.0,,177/FEA34FE8,177/FEA34FE8,14.108880,14.097699,0.4,17.2,0.0,94206.13577907809,0.0,6.999861481546648,116.99768476299397,0.0,1021.61,1
2026-09-13T21:37:24.896942+00:00,1789335444.896567,F_lat_eastus_rep2,r3-sub-eastus,F01,drain,0,0,0,0,0,1465431,1453200,94,255,670,14639244,1178.131,,,1,1.0002169609069824,0.0,0.0,,177/FEA34FE8,177/FEA34FE8,15.109280,15.098099,0.4,17.2,0.0,53236.44977157303,0.0,7.998264689238737,356.92256175727863,1182.7433909211784,1021.61,1
2026-09-13T21:37:25.897865+00:00,1789335445.897517,F_lat_eastus_rep2,r3-sub-eastus,F01,drain,0,0,0,0,0,1465438,1453200,94,255,670,14639989,1178.131,,,1,1.0009498596191406,6.9933572923058165,0.0,,177/FEA34FE8,177/FEA34FE8,16.110319,16.099138,0.4,17.2,0.0,0.0,0.0,0.0,554.4733281756754,2529.5972377311896,1021.61,1
2026-09-13T21:37:26.898819+00:00,1789335446.8984272,F_lat_eastus_rep2,r3-sub-eastus,F01,drain,0,0,0,0,0,1465440,1453200,94,255,670,14639989,1178.131,,,1,1.0009102821350098,1.9981810914499387,0.0,,177/FEA34FE8,177/FEA34FE8,17.111088,17.099907,0.4,17.2,0.0,32738.199002315796,0.0,3.9963621828998774,2551.677253781572,447.5925644847863,1021.61,1
2026-09-13T21:37:27.899293+00:00,1789335447.8989158,F_lat_eastus_rep2,r3-sub-eastus,F01,drain,0,0,0,0,0,1465442,1453200,94,255,670,14639989,1178.131,,,1,1.000488519668579,1.999023437732717,0.0,,177/FEA34FE8,177/FEA34FE8,18.111598,18.100417,0.2,17.2,0.0,159666.00001858757,0.0,34.98291016032255,407.80078129747426,1056.483886841741,1021.61,1
2026-09-13T21:37:28.899313+00:00,1789335448.8989737,F_lat_eastus_rep2,r3-sub-eastus,F01,drain,0,0,0,0,0,1465445,1453200,94,255,670,14639989,1178.131,,,1,1.0000579357147217,2.9998262029248925,0.0,,177/FEA34FE8,177/FEA34FE8,19.111524,19.100343,0.6,17.2,0.0,8191.525418120241,0.0,1.999884135283262,131.99235292869528,251.985401045691,1021.61,1
2026-09-13T21:37:29.900303+00:00,1789335449.8999324,F_lat_eastus_rep2,r3-sub-eastus,F01,drain,0,0,0,0,0,1465451,1453201,94,255,670,14640283,1178.279,,,1,1.0009586811065674,5.994253422495876,0.9990422370826461,,177/FEBF3C38,177/FEBF3C38,0.041115,0.030134,0.8,17.2,0.0,1882355.4214216385,0.0,9.99042237082646,46099.80498794162,1816058.978568834,1021.61,1
2026-09-13T21:37:30.911410+00:00,1789335450.9003706,F_lat_eastus_rep2,r3-sub-eastus,F01,load,16,1,1000,6,23.2,1469305,1457054,94,255,670,14673871,1181.625,,,1,1.0004382133483887,3852.311865518374,3851.3123035397753,,177/FF209E48,177/FF209E48,0.102444,0.091456,1.7,17.2,0.0,12237581.328509854,0.0,41.981603101134326,166412.07600696068,6404686.380935631,1021.6,1
2026-09-13T21:37:31.901464+00:00,1789335451.9010859,F_lat_eastus_rep2,r3-sub-eastus,F01,load,16,1,1000,6,23.2,1474066,1461813,94,255,670,14718361,1185.38,,,1,1.0007152557373047,4757.597101377456,4755.59853086648,,177/FF929DC8,177/FF929DC8,0.018519,0.006031,2.6,17.2,0.0,23813495.26088937,0.0,33.97569868658548,185189.54211751162,7487387.603059487,1021.58,1
2026-09-13T21:37:32.901942+00:00,1789335452.9015887,F_lat_eastus_rep2,r3-sub-eastus,F01,load,16,1,1000,6,23.2,1478872,1466619,94,255,670,14763270,1189.329,,,1,1.0005028247833252,4803.584638594914,4803.584638594914,,177/FFF57EB0,177/FFF57EB0,0.081857,0.068430,2.0,17.2,0.0,15569259.390520427,0.0,21.98894341429216,165928.56700424862,6492360.48024825,1021.58,1
2026-09-13T21:37:33.902078+00:00,1789335453.901749,F_lat_eastus_rep2,r3-sub-eastus,F01,load,16,1,1000,6,23.2,1483411,1471153,94,255,670,14805682,1193.028,,,1,1.0001602172851562,4538.272890238228,4533.273691196327,,178/623D98,178/623D98,0.051687,0.038894,2.1,17.2,0.0,17007963.03033724,0.0,41.99327195197303,183096.66474945267,7109255.974308316,1021.55,1
2026-09-13T21:37:34.902274+00:00,1789335454.9019027,F_lat_eastus_rep2,r3-sub-eastus,F01,load,16,1,1000,6,23.2,1483413,1471153,94,255,670,14805682,1193.028,,,1,1.0001537799835205,1.9996924873222535,0.0,,178/C37EC8,178/C37EC8,0.099452,0.086542,2.5,17.2,0.0,23396850.032787528,0.0,29.995387309833802,161090.22754746245,6449271.23117635,1021.55,1
2026-09-13T21:37:35.902930+00:00,1789335455.9025557,F_lat_eastus_rep2,r3-sub-eastus,F01,load,16,1,1000,6,23.2,1488190,1475928,94,255,670,14850283,1196.989,,27342,1,1.0006530284881592,4773.882518716153,4771.8838239207935,27342,178/131BE08,178/131BE08,0.037649,0.025516,2.1,17.2,0.0,15742935.41468696,0.0,21.985642748954444,188861.66795050705,7258681.873949826,1021.54,1
2026-09-13T21:37:36.903131+00:00,1789335456.9027817,F_lat_eastus_rep2,r3-sub-eastus,F01,load,16,1,1000,6,23.2,1492807,1480543,94,255,670,14893412,1200.701,,,1,1.0002260208129883,4615.956697714464,4613.957149653942,,178/1965EA0,178/1965EA0,0.017563,0.004030,2.2,17.2,0.0,26249427.08315019,0.0,31.992768968348027,173689.7425031917,6576174.647659783,1021.52,1
2026-09-13T21:37:37.903268+00:00,1789335457.9028833,F_lat_eastus_rep2,r3-sub-eastus,F01,load,16,1,1000,6,23.2,1496981,1484712,94,255,670,14937031,1204.12,,,1,1.0001015663146973,4173.576105255881,4168.576613035881,,178/1EBFEB8,178/1EBFEB8,0.159991,0.146900,1.6,17.2,0.0,6126993.7038293285,0.0,12.998679771999628,139293.852436748,5627244.461518143,1021.52,1
2026-09-13T21:37:38.904079+00:00,1789335458.903729,F_lat_eastus_rep2,r3-sub-eastus,F01,load,16,1,1000,6,23.2,1501261,1488989,94,255,670,14977035,1207.45,,,1,1.0008456707000732,4276.38358769761,4273.386122566047,,178/252FFF0,178/252FFF0,0.098325,0.083861,6.4,17.2,4092.539059628367,31389774.587349575,0.9991550438545818,39.966201754183274,161716.2413129956,6814049.557940003,1021.49,1
2026-09-13T21:37:39.904694+00:00,1789335459.9043334,F_lat_eastus_rep2,r3-sub-eastus,F01,load,16,1,1000,6,23.2,1505595,1493321,94,255,670,15017505,1211.373,,,1,1.0006043910980225,4331.38215118569,4329.3833592377505,,178/2B69FE8,178/2B69FE8,0.072331,0.057775,1.8,17.2,0.0,15784635.906572541,0.0,22.986107401308463,153908.97878331764,6605229.857873509,1021.49,1
2026-09-13T21:37:40.904862+00:00,1789335460.904475,F_lat_eastus_rep2,r3-sub-eastus,F01,load,16,1,1000,6,23.2,1509784,1497508,94,255,670,15056612,1214.48,,,1,1.0001416206359863,4188.4068351602355,4186.4071183614,,178/3101C18,178/3101C18,0.124544,0.108275,2.3,17.2,0.0,14358542.534074487,0.0,20.997026387769143,142668.79515449482,5949593.414796736,1021.48,1
2026-09-13T21:37:41.905334+00:00,1789335461.90495,F_lat_eastus_rep2,r3-sub-eastus,F01,load,16,1,1000,6,23.2,1514249,1501971,94,255,670,15098292,1218.318,,,1,1.0004749298095703,4462.880445040102,4460.881394448818,,178/3725EB0,178/3725EB0,0.101499,0.088185,1.8,17.2,0.0,23368869.42729302,0.0,31.984809460533764,162979.59613144543,6506390.9209989,1021.46,1
2026-09-13T21:37:42.905605+00:00,1789335462.9051895,F_lat_eastus_rep2,r3-sub-eastus,F01,load,16,1,1000,6,23.2,1518406,1506126,94,255,670,15137115,1221.617,,,1,1.000239610671997,4156.004177046315,4154.004656152861,,178/3D49F98,178/3D49F98,0.085680,0.073354,2.1,17.2,0.0,14938628.545175577,0.0,18.995448487822948,158290.07200947535,6448053.977453389,1021.46,1
2026-09-13T21:37:43.905545+00:00,1789335463.9052026,F_lat_eastus_rep2,r3-sub-eastus,F01,load,16,1,1000,6,23.2,1522503,1510220,94,255,670,15175388,1224.767,,,1,1.0000131130218506,4096.946276653954,4093.946315992503,,178/4329FD0,178/4329FD0,0.117825,0.104260,2.5,17.2,0.0,14835517.461535363,0.0,33.99955416310335,149542.03905197434,6146872.395927959,1021.45,1
2026-09-13T21:37:44.905593+00:00,1789335464.9052246,F_lat_eastus_rep2,r3-sub-eastus,F01,load,16,1,1000,6,23.2,1527050,1514764,94,255,670,15217897,1228.479,,,1,1.0000219345092773,4546.900265973933,4543.900331776017,,178/4951FC0,178/4951FC0,0.079647,0.068602,1.6,17.2,0.0,24247788.13666616,0.0,27.999385847211375,159473.5020269903,6429209.978434082,1021.43,1
2026-09-13T21:37:45.906064+00:00,1789335465.9057038,F_lat_eastus_rep2,r3-sub-eastus,F01,load,16,1,1000,6,23.2,1531142,1518854,94,255,670,15256182,1231.937,,,1,1.0004792213439941,4090.039965550719,4088.040923534321,,178/4F7FFE8,178/4F7FFE8,0.085551,0.072342,2.1,17.2,0.0,13641334.781212274,0.0,20.98994117218111,167076.93316753703,6468678.071400758,1021.42,1
2026-09-13T21:37:46.913081+00:00,1789335466.9064415,F_lat_eastus_rep2,r3-sub-eastus,F01,load,16,1,1000,6,23.2,1535636,1523347,94,255,670,15298181,1235.299,,,1,1.0007376670837402,4490.687367745446,4489.688104868778,,178/552A000,178/552A000,0.155331,0.141833,1.7,17.2,0.0,31442278.066432584,0.0,34.97420068337575,152875.2289756654,5983750.983861906,1021.4,1
2026-09-13T21:37:47.907041+00:00,1789335467.9066613,F_lat_eastus_rep2,r3-sub-eastus,F01,load,16,1,1000,6,23.2,1539816,1527525,94,255,670,15337217,1238.776,,,1,1.0002198219299316,4179.081346273121,4177.081785820359,,178/5B69C80,178/5B69C80,0.117956,0.105456,2.0,17.2,0.0,12662048.604038972,0.0,16.9962638484792,161505.49754983402,6598696.461808732,1021.4,1
2026-09-13T21:37:48.907991+00:00,1789335468.9076467,F_lat_eastus_rep2,r3-sub-eastus,F01,load,16,1,1000,6,23.2,1544015,1531723,94,255,670,15376438,1242.196,,,1,1.0009853839874268,4194.866445774939,4193.867430188901,,178/6203FA0,178/6203FA0,0.027299,0.012066,1.9,17.2,0.0,9800262.977789115,0.0,23.976374064919874,166327.10393510727,6985923.183157923,1021.39,1
2026-09-13T21:37:49.908773+00:00,1789335469.9083786,F_lat_eastus_rep2,r3-sub-eastus,F01,load,16,1,1000,6,23.2,1548467,1536171,94,255,670,15417992,1245.651,,,1,1.0007319450378418,4448.743764077254,4444.746689715998,,178/6735B78,178/6735B78,0.164932,0.152514,2.7,17.2,0.0,30345532.737891834,0.0,32.975863480357006,141988.0725348754,5571803.745896363,1021.37,1
2026-09-13T21:37:50.909424+00:00,1789335470.9090543,F_lat_eastus_rep2,r3-sub-eastus,F01,load,16,1,1000,6,23.2,1552648,1540350,94,255,670,15457030,1248.8,,,1,1.0006756782531738,4178.176896732964,4176.178247177005,,178/6D6DE78,178/6D6DE78,0.136892,0.123875,1.4,17.2,0.0,12574415.740737617,0.0,17.987846003633905,167041.13393841233,6512725.493015478,1021.37,1
2026-09-13T21:37:51.909454+00:00,1789335471.9090648,F_lat_eastus_rep2,r3-sub-eastus,F01,load,16,1,1000,6,23.2,1557167,1544867,94,255,670,15499221,1252.744,,,1,1.0000104904174805,4518.952594300711,4516.952615281326,,178/741BC90,178/741BC90,0.027353,0.013640,3.5,17.2,0.0,9146272.051787786,0.0,15.999832155081076,184341.06618525693,7103378.482594196,1021.35,1
2026-09-13T21:37:52.909634+00:00,1789335472.9092596,F_lat_eastus_rep2,r3-sub-eastus,F01,load,16,1,1000,6,23.2,1557169,1544867,94,255,670,15499221,1252.744,,,1,1.000194787979126,1.999610499911683,0.0,,178/7947ED0,178/7947ED0,0.168176,0.154929,2.5,17.2,0.0,31766484.270724967,0.0,30.993962748631088,132040.28014066818,5604746.2628019545,1021.34,1
2026-09-13T21:37:53.909841+00:00,1789335473.9094827,F_lat_eastus_rep2,r3-sub-eastus,F01,load,16,1,1000,6,23.2,1561351,1549046,94,255,670,15538286,1256.124,,,1,1.000223159790039,4181.066953976411,4178.067623306414,,178/7F79FE8,178/7F79FE8,0.139666,0.124697,2.5,17.2,0.0,8517779.17418789,0.0,65.98527473994336,155350.33205251666,6449145.809975115,1021.33,1
2026-09-13T21:37:54.909917+00:00,1789335474.9095373,F_lat_eastus_rep2,r3-sub-eastus,F01,load,16,1,1000,6,23.2,1565530,1553223,94,255,670,15577307,1259.396,,,1,1.0000545978546143,4178.771848022176,4176.771957211923,,178/8616FD8,178/8531DC0,0.012836,-0.000228,2.3,17.2,0.0,22965018.159277327,0.0,25.998580533279867,180404.150320429,7173152.361270254,1021.31,1
2026-09-13T21:37:55.910078+00:00,1789335475.9096842,F_lat_eastus_rep2,r3-sub-eastus,F01,load,16,1,1000,6,23.2,1570090,1557781,94,255,670,15619883,1263.177,,,1,1.0001468658447266,4559.330390090872,4557.330683779428,,178/8B69FF0,178/8B69FF0,0.152819,0.139693,1.8,17.2,0.0,10082871.17060826,0.0,19.997063114433647,136221.99364183345,5481058.019783929,1021.31,1
2026-09-13T21:37:56.910341+00:00,1789335476.9099555,F_lat_eastus_rep2,r3-sub-eastus,F01,load,16,1,1000,6,23.2,1574272,1561961,94,255,670,15658928,1266.417,,,1,1.0002713203430176,4180.86564609879,4178.866188592287,,178/920FDD0,178/920FDD0,0.054667,0.041368,2.9,17.2,0.0,16678482.788328858,0.0,26.992676337797068,180045.15008811944,7027036.422067568,1021.3,1
2026-09-13T21:37:57.910363+00:00,1789335477.909993,F_lat_eastus_rep2,r3-sub-eastus,F01,load,16,1,1000,6,23.2,1578748,1566435,94,255,670,15700729,1269.813,,,1,1.000037431716919,4475.83246190631,4473.832536766941,,178/9861FD8,178/9861FD8,0.030278,0.014959,3.1,17.2,0.0,26696728.695608806,0.0,30.998839660209022,170444.6199652351,6642823.347716906,1021.28,1
2026-09-13T21:37:58.915530+00:00,1789335478.910209,F_lat_eastus_rep2,r3-sub-eastus,F01,load,16,1,1000,6,23.2,1582962,1570646,94,255,670,15740088,1273.549,,,1,1.000216007232666,4213.089942100633,4210.090589982385,,178/9DA1E28,178/9DA1E28,0.010881,-0.000122,2.2,17.2,0.0,10786534.030633984,0.0,13.996976551829349,143243.05846334272,5656363.184641532,1021.28,1
2026-09-13T21:37:59.910720+00:00,1789335479.9103327,F_lat_eastus_rep2,r3-sub-eastus,F01,load,16,1,1000,6,23.2,1587179,1574861,94,255,670,15779478,1276.838,,,1,1.0001237392425537,4216.478256174337,4214.478503622203,,178/A425E60,178/A425E60,0.108337,0.093447,2.9,17.2,0.0,32354396.49148486,0.0,41.994803594811984,175898.2344856982,6714558.145660973,1021.26,1
2026-09-13T21:38:00.910784+00:00,1789335480.9104133,F_lat_eastus_rep2,r3-sub-eastus,F01,load,16,1,1000,6,23.2,1591548,1579230,94,255,670,15820326,1280.502,,,1,1.0000805854797363,4368.647950409118,4368.647950409118,,178/AA83B70,178/AA83B70,0.074314,0.060549,3.7,17.2,0.0,6790620.774567174,0.0,12.998952473178878,168967.38368232618,6685285.2630799,1021.25,1
2026-09-13T21:38:01.911525+00:00,1789335481.9111292,F_lat_eastus_rep2,r3-sub-eastus,F01,load,16,1,1000,6,23.2,1595790,1583468,94,255,670,15859966,1284.239,,,1,1.000715970993042,4238.965024002295,4234.967885837276,,178/B12BAA8,178/B10BFE8,0.011311,-0.000237,2.6,17.2,0.0,14456721.40681823,0.0,18.98640628383866,152362.91257418148,6389978.960418192,1021.24,1
2026-09-13T21:38:02.912054+00:00,1789335482.9116251,F_lat_eastus_rep2,r3-sub-eastus,F01,load,16,1,1000,6,23.2,1600031,1587707,94,255,670,15899594,1287.976,,,1,1.0004959106445312,4238.89788541754,4236.898876747218,,178/B8530F8,178/B781F90,0.013623,-0.000310,2.9,17.2,0.0,31539943.00653515,0.0,33.98314739547191,179116.174382516,6848495.7580545535,1021.22,1
2026-09-13T21:38:03.913066+00:00,1789335483.9126916,F_lat_eastus_rep2,r3-sub-eastus,F01,load,16,1,1000,6,23.2,1604124,1591797,94,255,670,15939449,1291.373,,,1,1.0010664463043213,4088.6396853178912,4085.642881248516,,178/BEC7E98,178/BEC7E98,0.019235,0.003364,2.5,17.2,0.0,7283112.951109335,0.0,13.985085657085385,167179.71181417827,6440405.653192823,1021.22,1
2026-09-13T21:38:04.913374+00:00,1789335484.913024,F_lat_eastus_rep2,r3-sub-eastus,F01,load,16,1,1000,6,23.2,1608394,1596065,94,255,670,15983624,1295.225,,,1,1.0003323554992676,4268.581313526379,4266.58197801653,,178/C413DE0,178/C413DE0,0.127593,0.112327,3.1,17.2,0.0,31209339.40442043,0.0,35.988039177271574,135060.11202903546,5575221.044626187,1021.2,1
2026-09-13T21:38:05.913469+00:00,1789335485.913131,F_lat_eastus_rep2,r3-sub-eastus,F01,load,16,1,1000,6,23.2,1612477,1600146,94,255,670,16025837,1298.587,,148978,1,1.0001070499420166,4082.5629618716525,4080.5631759486196,121636,178/CA2D270,178/CA2D270,0.161613,0.147968,3.5,17.2,0.0,14891461.869870288,0.0,20.997752191845382,160104.8607839365,6403171.540857829,1021.19,1
2026-09-13T21:38:06.913646+00:00,1789335486.9132473,F_lat_eastus_rep2,r3-sub-eastus,F01,load,16,1,1000,6,23.2,1616541,1604208,94,255,670,16066169,1301.967,,,1,1.0001163482666016,4063.5272156521705,4061.527448321633,,178/CFFFB80,178/CFFFB80,0.039882,0.028802,2.1,17.2,0.0,14604636.775826788,0.0,20.997556970643597,163575.96821963997,6136578.0197845325,1021.19,1
2026-09-13T21:38:07.913740+00:00,1789335487.913341,F_lat_eastus_rep2,r3-sub-eastus,F01,load,16,1,1000,6,23.2,1620469,1608131,94,255,670,16123900,1305.257,,,1,1.000093698501587,3927.631986768055,3922.63245521667,,178/D627D38,178/D627D38,0.032044,0.017622,2.1,17.2,0.0,23316343.293570906,0.0,27.99737668775599,162140.80764927718,6495792.353989812,1021.16,1
2026-09-13T21:38:08.914512+00:00,1789335488.914158,F_lat_eastus_rep2,r3-sub-eastus,F01,load,16,1,1000,6,23.2,1624548,1612206,94,255,670,16158074,1308.907,,,1,1.000817060470581,4075.669931208074,4071.673196781785,,178/DB29F50,178/DB29F50,0.157245,0.144881,2.5,17.2,0.0,13620359.3427859,0.0,15.986937705155476,131643.43934949618,5274516.401147191,1021.16,1
2026-09-13T21:38:09.914952+00:00,1789335489.9145262,F_lat_eastus_rep2,r3-sub-eastus,F01,load,16,1,1000,6,23.2,1628609,1616266,94,255,670,16192137,1312.231,,,1,1.0003681182861328,4059.5056217479755,4058.5059897308006,,178/E105FB8,178/E105FB8,0.158894,0.145385,1.8,17.2,0.0,14760646.336168516,0.0,24.99080042937685,156161.5140910729,6178135.715268999,1021.15,1
2026-09-13T21:38:10.915788+00:00,1789335490.9153981,F_lat_eastus_rep2,r3-sub-eastus,F01,load,16,1,1000,6,23.2,1633188,1620843,94,255,670,16230503,1316.161,,,1,1.0008718967437744,4575.011062751655,4573.012805026059,,178/E711B48,178/E711B48,0.107607,0.096638,2.1,17.2,0.0,31425783.96129359,0.0,31.972123609533295,164862.25713483285,6388374.996642417,1021.13,1
2026-09-13T21:38:11.916358+00:00,1789335491.9159677,F_lat_eastus_rep2,r3-sub-eastus,F01,load,16,1,1000,6,23.2,1636582,1624235,94,255,670,16258939,1319.063,,,1,1.0005695819854736,3392.0679392083243,3390.0690777238174,,178/ED19CD0,178/ED19CD0,0.096791,0.084154,2.5,17.2,0.0,6353373.233059459,0.0,11.993168907041806,168630.95084820356,6373950.512611716,1021.13,1
2026-09-13T21:38:12.916378+00:00,1789335492.9160638,F_lat_eastus_rep2,r3-sub-eastus,F01,load,16,1,1000,6,23.2,1640572,1628223,94,255,670,16292363,1322.267,,,1,1.000096082687378,3989.6166669090358,3987.616859055948,,178/F309DA8,178/F309DA8,0.096034,0.083783,2.3,17.2,0.0,31126609.271732207,0.0,33.99673350248301,157532.8638190939,6314019.33205442,1021.11,1
2026-09-13T21:38:13.922177+00:00,1789335493.9161582,F_lat_eastus_rep2,r3-sub-eastus,F01,load,16,1,1000,6,23.2,1644702,1632350,94,255,670,16326950,1325.824,,,1,1.0000944137573242,4129.610107993421,4126.6103912079525,,178/F92DD10,178/F92DD10,0.071059,0.058325,2.4,17.2,0.0,15841832.31308842,0.0,19.998111903115838,162734.63561160513,6494045.87272892,1021.1,1
2026-09-13T21:38:14.917466+00:00,1789335494.9171426,F_lat_eastus_rep2,r3-sub-eastus,F01,load,16,1,1000,6,23.2,1648866,1636512,94,255,670,16361829,1329.161,,,1,1.0009844303131104,4159.904863552663,4157.90683047699,,178/FF63FF0,178/FF63FF0,0.037026,0.022627,6.8,17.3,0.0,6628994.217147207,0.0,25.974429983758228,165965.61841429886,6563169.017469137,1021.1,1
2026-09-13T21:38:15.917580+00:00,1789335495.917219,F_lat_eastus_rep2,r3-sub-eastus,F01,load,16,1,1000,6,23.2,1653416,1641062,94,255,670,16399983,1333.138,,,1,1.0000762939453125,4549.652889031293,4549.652889031293,,178/10523CA0,178/10523CA0,0.084087,0.069361,2.7,17.3,0.0,31602324.933949742,0.0,37.99710105125036,162214.62400634718,6090185.355731526,1021.07,1
2026-09-13T21:38:16.918055+00:00,1789335496.9176729,F_lat_eastus_rep2,r3-sub-eastus,F01,load,16,1,1000,6,23.2,1657625,1645267,94,255,670,16435256,1336.701,,,1,1.0004539489746094,4207.090195719564,4203.092010691557,,178/10B63EF8,178/10B63EF8,0.051563,0.038128,2.3,17.2,0.0,14665214.740805985,0.0,16.992286369026512,173729.13583692705,6617570.9604481,1021.07,1
2026-09-13T21:38:17.918342+00:00,1789335497.9179447,F_lat_eastus_rep2,r3-sub-eastus,F01,load,16,1,1000,6,23.2,1657627,1645267,94,255,670,16435256,1336.701,,,1,1.0002717971801758,1.9994565533469164,0.0,,178/11101FD8,178/11101FD8,0.119321,0.105786,1.4,17.2,0.0,6363454.431029469,0.0,12.996467596754956,147838.8178261943,5933493.293254302,1021.06,1
2026-09-13T21:38:18.919240+00:00,1789335498.9188817,F_lat_eastus_rep2,r3-sub-eastus,F01,load,16,1,1000,6,23.2,1662106,1649743,94,255,670,16472785,1340.38,,,1,1.0009369850158691,4474.807172730248,4471.809981053939,,178/1173DFE0,178/1173DFE0,0.098460,0.084947,2.0,17.3,0.0,31841141.327687785,0.0,33.96817233150892,164629.74439633428,6622503.813159533,1021.04,1
2026-09-13T21:38:19.920159+00:00,1789335499.9197674,F_lat_eastus_rep2,r3-sub-eastus,F01,load,16,1,1000,6,23.2,1666320,1653955,94,255,670,16508075,1344.118,,,1,1.0008857250213623,4210.2708577545745,4208.272627636988,,178/11D7BCF8,178/11D7BCF8,0.070572,0.057089,1.6,17.3,0.0,6752419.213348011,0.0,13.987610823104898,160609.74393112562,6616301.775968141,1021.04,1
2026-09-13T21:38:20.920471+00:00,1789335500.9200869,F_lat_eastus_rep2,r3-sub-eastus,F01,load,16,1,1000,6,23.2,1670529,1658162,94,255,670,16543349,1347.443,,,1,1.000319480895996,4207.655734375939,4205.656373133659,,178/122FFBA0,178/122FFBA0,0.163452,0.149688,1.8,17.3,0.0,27135522.718888447,0.0,74.97604658545863,146779.10687942067,5846654.105707729,1021.02,1
2026-09-13T21:38:21.920581+00:00,1789335501.9201806,F_lat_eastus_rep2,r3-sub-eastus,F01,load,16,1,1000,6,23.2,1674935,1662566,94,255,670,16580255,1350.954,,,1,1.000093698501587,4405.587203080461,4403.587390459907,,178/1293BFF0,178/1293BFF0,0.132449,0.118459,2.0,17.3,0.0,18549045.982185602,0.0,33.99681454941799,168496.2121573978,6622737.459423648,1021.01,1
2026-09-13T21:38:22.920571+00:00,1789335502.9201713,F_lat_eastus_rep2,r3-sub-eastus,F01,load,16,1,1000,6,23.2,1679144,1666772,94,255,670,16615508,1354.684,,,1,0.999990701675415,4209.039137012087,4206.039109116854,,178/12F77DE0,178/12F77DE0,0.102665,0.088215,2.2,17.3,0.0,9789531.026237017,0.0,16.000148774576715,167182.55451765686,6608290.446029519,1021.01,1
2026-09-13T21:38:23.920841+00:00,1789335503.9204247,F_lat_eastus_rep2,r3-sub-eastus,F01,load,16,1,1000,6,23.2,1683727,1671352,94,255,670,16653887,1358.623,,,1,1.000253438949585,4581.838783591519,4578.839543715722,,178/1353BE20,178/1353BE20,0.147604,0.134948,5.4,17.3,0.0,28222479.32448532,0.0,27.992905507432365,159079.68301223707,6093810.591044836,1020.99,1
2026-09-13T21:38:24.921114+00:00,1789335504.92072,F_lat_eastus_rep2,r3-sub-eastus,F01,load,16,1,1000,6,23.2,1687917,1675541,94,255,670,16689008,1362.012,,,1,1.0002954006195068,4188.762636922086,4187.76293223547,,178/13B6FFF0,178/13B6FFF0,0.121669,0.105689,3.5,17.3,0.0,14757624.588554092,0.0,16.994979672476244,166732.74704323136,6573150.287333011,1020.98,1
2026-09-13T21:38:25.921762+00:00,1789335505.9214287,F_lat_eastus_rep2,r3-sub-eastus,F01,load,16,1,1000,6,23.2,1692104,1679725,94,255,670,16724082,1365.619,,,1,1.0007085800170898,4184.035276212477,4181.037400447338,,178/14207E90,178/14207E90,0.027011,0.011474,2.7,17.3,0.0,32536049.60541456,0.0,34.97521725995622,173094.34880336677,6989839.139662962,1020.96,1
2026-09-13T21:38:26.922114+00:00,1789335506.921751,F_lat_eastus_rep2,r3-sub-eastus,F01,load,16,1,1000,6,23.2,1696553,1684173,94,255,670,16761349,1369.433,,,1,1.0003223419189453,4447.566362923939,4446.566685161986,,178/1473FFC0,178/1473FFC0,0.157377,0.146327,2.3,17.5,0.0,6313996.734176491,0.0,13.995488667326397,140064.85122707867,5530813.187063954,1020.95,1
2026-09-13T21:38:27.922293+00:00,1789335507.9219165,F_lat_eastus_rep2,r3-sub-eastus,F01,load,16,1,1000,6,23.2,1700764,1688428,107,306,670,16904038,1373.053,,,1,1.0001654624938965,4210.3033527072,4254.296073561894,,178/14D80000,178/14D80000,0.126599,0.111949,9.6,17.3,0.0,16880918.841069292,0.0,20.996525862467635,174064.19890355133,6640675.2173173865,1020.95,1
2026-09-13T21:38:28.928577+00:00,1789335508.9219828,F_lat_eastus_rep2,r3-sub-eastus,F01,load,16,1,1000,6,23.2,1705282,1692943,107,306,670,16941938,1376.783,,,1,1.0000662803649902,4517.700565157625,4514.700763985541,,178/15435B68,178/15435B68,0.045911,0.032442,3.1,17.3,0.0,24050117.949404255,0.0,23.99840937666733,177183.25622910698,7120356.06020147,1020.93,1
2026-09-13T21:38:29.922891+00:00,1789335509.9222453,F_lat_eastus_rep2,r3-sub-eastus,F01,load,16,1,1000,6,23.2,1709546,1697205,107,306,670,16977644,1380.099,,,1,1.0002624988555908,4262.880998616343,4260.88152347628,,178/15A4A750,178/1597BC90,0.013807,-0.000243,2.3,17.3,0.0,14135681.399809554,0.0,28.992389530927287,170148.336256452,6701080.973913127,1020.92,1
2026-09-13T21:38:30.922797+00:00,1789335510.9223993,F_lat_eastus_rep2,r3-sub-eastus,F01,load,16,1,1000,6,23.2,1713822,1701481,107,306,670,17013473,1383.751,,,1,1.0001540184020996,4275.341518730855,4275.341518730855,,178/15FC3C88,178/15FC3C88,0.155953,0.140495,1.4,17.3,0.0,32017596.700917054,0.0,41.99353222326845,139205.55978211897,5534442.59399516,1020.9,1
2026-09-13T21:38:31.923021+00:00,1789335511.92264,F_lat_eastus_rep2,r3-sub-eastus,F01,load,16,1,1000,6,23.2,1718215,1705870,107,306,670,17050264,1387.6,,,1,1.0002408027648926,4391.942408124874,4387.9433711040465,,178/1665BBC8,178/1665BBC8,0.087873,0.074612,2.5,17.3,0.0,14987750.908141797,0.0,20.994944359349503,180373.56554670283,6988913.0504138665,1020.9,1
2026-09-13T21:38:32.923120+00:00,1789335512.9227507,F_lat_eastus_rep2,r3-sub-eastus,F01,load,16,1,1000,6,23.2,1722469,1710122,107,306,670,17086134,1391.181,,,1,1.0001106262207031,4253.529448112506,4251.529669340473,,178/16CABFC0,178/16CABFC0,0.057080,0.042708,1.8,17.3,0.0,7199971.494364408,0.0,18.997898334305972,171570.01985711724,6680183.996490867,1020.89,1
2026-09-13T21:38:33.923844+00:00,1789335513.9234998,F_lat_eastus_rep2,r3-sub-eastus,F01,load,16,1,1000,6,23.2,1726854,1714503,107,306,670,17127409,1395.013,,,1,1.000749111175537,4381.7176063730185,4377.72060057473,,178/1721DFF0,178/1721DFF0,0.167124,0.153366,1.7,17.3,0.0,30475986.0982283,0.0,28.978292037586666,141508.99403113226,5761693.850746382,1020.87,1
2026-09-13T21:38:34.924364+00:00,1789335514.9239962,F_lat_eastus_rep2,r3-sub-eastus,F01,load,16,1,1000,6,23.2,1731061,1718709,107,306,670,17166995,1398.471,,,1,1.0004963874816895,4204.912733957267,4203.91323009847,,178/1785DC60,178/1785DC60,0.137040,0.122862,2.0,17.2,0.0,15565265.597008474,0.0,19.990077175931862,166882.16178397316,6625380.244185354,1020.86,1
2026-09-13T21:38:35.924608+00:00,1789335515.9242468,F_lat_eastus_rep2,r3-sub-eastus,F01,load,16,1,1000,6,23.2,1735272,1722918,107,306,670,17206626,1402.234,,270369,1,1.0002505779266357,4209.945080690431,4207.945581720736,121391,178/17EA1CE0,178/17EA1CE0,0.142616,0.130321,3.4,17.3,0.0,31920321.472027995,0.0,37.99048042418341,169496.52791146399,6618265.608725841,1020.84,1
2026-09-13T21:38:36.924841+00:00,1789335516.9244897,F_lat_eastus_rep2,r3-sub-eastus,F01,load,16,1,1000,6,23.2,1739649,1727289,107,306,670,17252339,1405.532,,,1,1.0002429485321045,4375.93687256023,4369.938329897364,,178/1851BD10,178/1851BD10,0.027067,0.014447,2.2,17.3,0.0,6936938.680930169,0.0,15.996113767640775,181571.88737649043,6865956.925843374,1020.84,1
2026-09-13T21:38:37.924847+00:00,1789335517.9244814,F_lat_eastus_rep2,r3-sub-eastus,F01,load,16,1,1000,6,23.2,1743828,1731463,107,306,670,17298944,1408.784,,,1,0.9999916553497314,4179.0348725844715,4174.034830860873,,178/18A57868,178/18A49CF8,0.011068,-0.000235,1.4,17.2,0.0,13820019.323227957,0.0,20.000166894398046,136792.14148258016,5700167.56590481,1020.83,1
2026-09-13T21:38:38.925728+00:00,1789335518.9253793,F_lat_eastus_rep2,r3-sub-eastus,F01,load,16,1,1000,6,23.2,1743831,1731463,107,306,670,17298944,1408.784,,,1,1.0008978843688965,2.997308763312665,0.0,,178/19102000,178/19102000,0.050412,0.035251,2.7,17.3,0.0,32443957.078074448,0.0,34.96860223864776,168367.82516156233,6903174.747298639,1020.81,1
2026-09-13T21:38:39.925797+00:00,1789335519.925417,F_lat_eastus_rep2,r3-sub-eastus,F01,load,16,1,1000,6,23.2,1748356,1735986,107,306,670,17341518,1412.71,,,1,1.000037670135498,4524.829549057781,4522.8296243952145,,178/1973FE98,178/1973FE98,0.027649,0.014591,1.4,17.3,0.0,6512394.677210093,0.0,11.999547975401851,167714.68216519782,6600541.356712732,1020.81,1
2026-09-13T21:38:40.925786+00:00,1789335520.9254208,F_lat_eastus_rep2,r3-sub-eastus,F01,load,16,1,1000,6,23.2,1752552,1740180,107,306,670,17381033,1416.098,,,1,1.0000038146972656,4195.983993591333,4193.984001220699,,178/19C8BF78,178/19C79D30,0.011283,-0.000213,1.8,17.2,0.0,13606860.093948007,0.0,20.999919891663012,145979.44313261745,5817944.8063018555,1020.8,1
2026-09-13T21:38:41.926397+00:00,1789335521.9260254,F_lat_eastus_rep2,r3-sub-eastus,F01,load,16,1,1000,6,23.2,1756748,1744374,107,306,670,17420561,1419.582,,,1,1.0006046295166016,4193.464507581895,4191.465716110216,,178/1A319B78,178/1A319B78,0.077202,0.063147,2.5,17.2,0.0,32887379.319739614,0.0,39.97582943357383,176986.9884427331,6696648.008951497,1020.78,1
2026-09-13T21:38:42.926562+00:00,1789335522.9261515,F_lat_eastus_rep2,r3-sub-eastus,F01,load,16,1,1000,6,23.2,1761214,1748838,107,306,670,17462588,1423.301,,,1,1.0001261234283447,4465.436803801248,4463.437056016294,,178/1A8DAA30,178/1A87E000,0.012960,-0.000297,1.6,17.3,0.0,5619003.312038406,0.0,13.998234494674758,166676.97812809233,6399690.849049771,1020.77,1
2026-09-13T21:38:43.931189+00:00,1789335523.9262652,F_lat_eastus_rep2,r3-sub-eastus,F01,load,16,1,1000,6,23.2,1765501,1753122,107,306,670,17502925,1426.964,,,1,1.0001137256622314,4286.512513525736,4283.512854663926,,178/1AEBFFF0,178/1AEBFFF0,0.158889,0.145876,1.8,17.3,0.0,32010695.562448673,0.0,34.99602005444385,145021.50733304076,5883411.905084914,1020.75,1
2026-09-13T21:38:44.926724+00:00,1789335524.926383,F_lat_eastus_rep2,r3-sub-eastus,F01,load,16,1,1000,6,23.2,1769028,1756647,107,306,670,17536134,1429.874,,,1,1.0001177787780762,3526.584643169945,3524.584878699761,,178/1B52BCD8,178/1B52BCD8,0.094573,0.079535,1.6,17.2,0.0,11164381.072839264,0.0,32.996113758040316,165397.519682235,6799596.15187382,1020.75,1
2026-09-13T21:38:45.927328+00:00,1789335525.9269545,F_lat_eastus_rep2,r3-sub-eastus,F01,load,16,1,1000,6,23.2,1773329,1760948,107,306,670,17576638,1433.373,,,1,1.0005714893341064,4298.543428278545,4298.543428278545,,178/1BB63DD0,178/1BB63DD0,0.059392,0.045953,2.2,17.3,0.0,6316518.177233022,0.0,18.989147904508805,160030.5442508294,6557402.514403576,1020.74,1
2026-09-13T21:38:46.927948+00:00,1789335526.9276068,F_lat_eastus_rep2,r3-sub-eastus,F01,load,16,1,1000,6,23.2,1777510,1765125,107,306,670,17615986,1436.771,,,1,1.0006523132324219,4178.274456283476,4174.277063835465,,178/1C10BFD8,178/1C10BFD8,0.125102,0.112219,1.7,17.2,0.0,33593958.216525935,0.0,109.92829232030192,154576.16792024855,5950893.153651144,1020.72,1
2026-09-13T21:38:47.927990+00:00,1789335527.9276013,F_lat_eastus_rep2,r3-sub-eastus,F01,load,16,1,1000,6,23.2,1781991,1769604,107,306,670,17658176,1440.52,,,1,0.9999945163726807,4481.024572268763,4479.024561301449,,178/1C741FF0,178/1C741FF0,0.095079,0.080587,1.4,17.2,0.0,14860369.488728104,0.0,17.000093222175625,172674.9468850561,6552455.931226353,1020.72,1
2026-09-13T21:38:48.928283+00:00,1789335528.9279325,F_lat_eastus_rep2,r3-sub-eastus,F01,load,16,1,1000,6,23.2,1786139,1773749,107,306,670,17697226,1444.032,,,1,1.000331163406372,4146.6267889476185,4143.627782108939,,178/1CD73D98,178/1CD73D98,0.063979,0.048779,2.0,17.2,0.0,31524664.18482382,0.0,32.98907522547527,167320.58954361055,6530814.233312113,1020.7,1
2026-09-13T21:38:49.928494+00:00,1789335529.9281025,F_lat_eastus_rep2,r3-sub-eastus,F01,load,16,1,1000,6,23.2,1790300,1777908,107,306,670,17736406,1447.532,,,1,1.0001699924468994,4160.29278165023,4158.293121577338,,178/1D315BF0,178/1D315BF0,0.124894,0.111286,1.4,17.2,0.0,6241243.035824646,0.0,11.997960437347453,149566.57481197335,5935494.010849539,1020.69,1
2026-09-13T21:38:50.929001+00:00,1789335530.9286003,F_lat_eastus_rep2,r3-sub-eastus,F01,load,16,1,1000,6,23.2,1794761,1782367,107,306,670,17778405,1451.43,,,1,1.000497817993164,4458.78033891972,4456.781334060307,,178/1D941C20,178/1D941C20,0.094208,0.081078,1.6,17.2,0.0,14779202.646997707,0.0,22.988555883244462,156788.9476407352,6524469.001934996,1020.68,1
2026-09-13T21:38:51.929860+00:00,1789335531.9294868,F_lat_eastus_rep2,r3-sub-eastus,F01,load,16,1,1000,6,23.2,1798897,1786501,107,306,670,17817318,1454.859,,,1,1.0008864402770996,4132.336930106608,4130.338701417,,178/1DF67BD8,178/1DF67BD8,0.062934,0.049703,2.0,17.3,0.0,23928101.16737073,0.0,26.976087309690136,166567.34799388854,6502490.930138051,1020.66,1
2026-09-13T21:38:52.930678+00:00,1789335532.9302955,F_lat_eastus_rep2,r3-sub-eastus,F01,load,16,1,1000,6,23.2,1803430,1791032,107,306,670,17860007,1458.717,,,1,1.0008087158203125,4529.337053469331,4527.338669593987,,178/1E523DC0,178/1E523DC0,0.062321,0.051334,1.4,17.3,0.0,14504493.986247694,0.0,18.984646815777037,147819.45606732837,6045173.172818613,1020.66,1
2026-09-13T21:38:53.931375+00:00,1789335533.931034,F_lat_eastus_rep2,r3-sub-eastus,F01,load,16,1,1000,6,23.2,1807555,1795154,107,306,670,17898856,1462.261,,,1,1.0007386207580566,4121.955438149598,4118.957652376399,,178/1EB51EB0,178/1EB51EB0,0.083164,0.068432,1.6,17.2,0.0,14734716.632431203,0.0,20.984500412397956,163262.41099422929,6505856.639237319,1020.65,1
2026-09-13T21:38:54.931845+00:00,1789335534.931457,F_lat_eastus_rep2,r3-sub-eastus,F01,load,16,1,1000,6,23.2,1811724,1799321,107,306,670,17938082,1465.682,,,1,1.0004229545593262,4167.237447921607,4165.238293473096,,178/1F10C000,178/1F10C000,0.127627,0.114385,1.8,17.2,0.0,23157181.564476162,0.0,24.989430606390062,154551.6316827285,6040976.941259909,1020.63,1
2026-09-13T21:38:55.932278+00:00,1789335535.9318738,F_lat_eastus_rep2,r3-sub-eastus,F01,load,16,1,1000,6,23.2,1816256,1803851,107,306,670,17980775,1469.762,,,1,1.0004167556762695,4530.112050088988,4528.112883253115,,178/1F741EB8,178/1F741EB8,0.099406,0.083047,1.6,17.2,0.0,14944171.931520391,0.0,22.99041861254341,155218.31188745992,6542182.508304473,1020.62,1
2026-09-13T21:38:56.933206+00:00,1789335536.932853,F_lat_eastus_rep2,r3-sub-eastus,F01,load,16,1,1000,6,23.2,1820411,1808004,107,306,670,18019901,1473.327,,,1,1.0009791851043701,4150.935465822665,4148.937422277142,,178/1FD73B98,178/1FD73B98,0.069389,0.053558,3.3,17.2,0.0,31438783.611388214,0.0,32.96771850111864,159307.0089498146,6519970.741768731,1020.6,1
2026-09-13T21:38:57.934112+00:00,1789335537.9337192,F_lat_eastus_rep2,r3-sub-eastus,F01,load,16,1,1000,6,23.2,1820413,1808004,107,306,670,18019901,1473.327,,,1,1.000866174697876,1.9982691498228773,0.0,,178/20319FD0,178/20319FD0,0.130160,0.117082,1.8,17.2,0.0,6286011.21613402,0.0,11.989614898937264,145362.09103471538,5952259.303596028,1020.6,1
2026-09-13T21:38:58.934483+00:00,1789335538.9341266,F_lat_eastus_rep2,r3-sub-eastus,F01,load,16,1,1000,6,23.2,1824888,1812476,107,306,670,18062022,1477.123,,,1,1.0004074573516846,4473.177370994799,4470.178592868992,,178/2096C000,178/2096C000,0.101101,0.086563,2.2,17.3,0.0,14723216.917026712,0.0,17.992668754839414,162974.59480320962,6675145.163029762,1020.59,1
2026-09-13T21:38:59.939901+00:00,1789335539.9342556,F_lat_eastus_rep2,r3-sub-eastus,F01,load,16,1,1000,6,23.2,1829133,1816719,107,306,670,18101965,1480.804,,,1,1.000128984451294,4244.452531619166,4242.452789554799,,178/20FBFFE8,178/20FBFFE8,0.070979,0.058645,1.9,17.3,0.0,24191951.614395287,0.0,29.996130965506474,169457.14266343572,6678356.595838941,1020.57,1
2026-09-13T21:39:00.935472+00:00,1789335540.935097,F_lat_eastus_rep2,r3-sub-eastus,F01,load,16,1,1000,6,23.2,1833378,1820962,107,306,670,18141913,1484.417,,,1,1.0008413791656494,4241.431348031234,4239.433029374918,,178/215F5760,178/2153BE58,0.012659,-0.000227,2.4,17.3,0.0,14446724.826718928,0.0,24.97898320395309,185121.24284315264,6784234.886111953,1020.57,1
2026-09-13T21:39:01.936094+00:00,1789335541.9357266,F_lat_eastus_rep2,r3-sub-eastus,F01,load,16,1,1000,6,23.2,1837765,1825349,107,306,670,18183218,1488.046,,,1,1.0006296634674072,4384.239404614547,4384.239404614547,,178/21CAC000,178/21CAC000,0.018428,0.007456,1.8,17.3,0.0,32579549.847676344,0.0,35.97734637933068,161034.60239388412,6426011.775144063,1020.54,1
2026-09-13T21:39:02.936219+00:00,1789335542.935829,F_lat_eastus_rep2,r3-sub-eastus,F01,load,16,1,1000,6,23.2,1842248,1829828,107,306,670,18225389,1491.963,,,1,1.0001022815704346,4482.541518613938,4478.541927698378,,178/22437F70,178/22437F70,0.150306,0.139329,1.2,17.3,0.0,5152241.020697146,0.0,10.998875017790168,155507.09449016183,5757369.127244094,1020.54,1
2026-09-13T21:39:03.936456+00:00,1789335543.936097,F_lat_eastus_rep2,r3-sub-eastus,F01,load,16,1,1000,6,23.2,1846603,1834180,107,306,670,18266386,1495.81,,,1,1.0002679824829102,4353.833248955768,4350.834052687831,,178/22A9FFD8,178/22A9FFD8,0.134173,0.119268,1.8,17.3,0.0,15888222.234756501,0.0,20.99437387556168,180161.71981499862,6754818.826879164,1020.53,1
2026-09-13T21:39:04.936494+00:00,1789335544.9360948,F_lat_eastus_rep2,r3-sub-eastus,F01,load,16,1,1000,6,23.2,1850758,1838332,107,306,670,18305497,1499.284,,,1,0.9999978542327881,4155.008915681897,4152.008909244581,,178/2310BB88,178/2310BB88,0.118854,0.105838,1.9,17.2,0.0,31731780.08901329,0.0,31.000066518926303,171573.36815650782,6640771.249549209,1020.51,1
2026-09-13T21:39:05.936556+00:00,1789335545.9362326,F_lat_eastus_rep2,r3-sub-eastus,F01,load,16,1,1000,6,23.2,1854675,1842247,107,306,670,18342349,1502.582,,392517,1,1.0001378059387207,3916.460288513479,3914.4605640873806,122148,178/2386FC40,178/2386FC40,0.022035,0.007050,4.2,17.3,0.0,16406315.112344995,0.0,25.996417539277626,199535.5028227254,7798492.321445037,1020.51,1
2026-09-13T21:39:06.936837+00:00,1789335546.9364579,F_lat_eastus_rep2,r3-sub-eastus,F01,load,16,1,1000,6,23.2,1858918,1846483,107,306,670,18426225,1506.305,,,1,1.000225305557251,4242.044243857755,4235.045820641397,,178/23C91FE0,178/23C91FE0,0.179547,0.165453,5.5,17.3,0.0,21372208.72260407,0.0,22.9948191394599,116678.7116378551,4371993.965463313,1020.49,1
2026-09-13T21:39:07.937652+00:00,1789335547.9372823,F_lat_eastus_rep2,r3-sub-eastus,F01,load,16,1,1000,6,23.2,1863073,1850638,107,306,670,18465367,1509.706,,,1,1.0008244514465332,4151.577226150506,4151.577226150506,,178/2430FEF0,178/2430FEF0,0.041559,0.028084,1.8,17.3,0.0,15306420.599395582,0.0,18.984348326560678,171914.26503551178,6843513.8551027905,1020.48,1
2026-09-13T21:39:08.938070+00:00,1789335548.9377053,F_lat_eastus_rep2,r3-sub-eastus,F01,load,16,1,1000,6,23.2,1867444,1855003,107,306,670,18506464,1513.42,,,1,1.0004229545593262,4369.152047221239,4363.154583875705,,178/24849B78,178/24849B78,0.104766,0.089925,2.5,17.3,0.0,13838626.889662204,0.0,17.992390036600845,140160.7183851206,5513564.012962581,1020.48,1
2026-09-13T21:39:09.938199+00:00,1789335549.9378386,F_lat_eastus_rep2,r3-sub-eastus,F01,load,16,1,1000,6,23.2,1871642,1859199,107,306,670,18545989,1516.892,,,1,1.0001332759857178,4197.440581968946,4195.4408484853975,,178/24D6DBC0,178/24D6DBC0,0.184877,0.169806,1.7,17.3,0.0,22418516.150161758,0.0,25.996535286134492,129894.68815739632,5427137.692874356,1020.46,1
2026-09-13T21:39:10.939112+00:00,1789335550.938705,F_lat_eastus_rep2,r3-sub-eastus,F01,load,16,1,1000,6,23.2,1875428,1862983,107,306,670,18581618,1520.065,,,1,1.000866413116455,3782.7225995238614,3780.7243308500506,,178/25327E90,178/25327E90,0.167606,0.154078,1.4,17.3,0.0,10787709.38709052,0.0,26.97662709644592,151075.1065461186,6040937.052901686,1020.45,1
2026-09-13T21:39:11.939071+00:00,1789335551.9387078,F_lat_eastus_rep2,r3-sub-eastus,F01,load,16,1,1000,6,23.2,1879639,1867192,107,306,670,18621272,1523.617,,,1,1.0000028610229492,4210.98795226683,4208.987957988859,,178/2595DBE0,178/2595DBE0,0.073359,0.055367,1.8,17.3,0.0,17362894.324360874,0.0,76.99977970186319,156327.552743284,6556396.241999888,1020.45,1
2026-09-13T21:39:12.939518+00:00,1789335552.9391377,F_lat_eastus_rep2,r3-sub-eastus,F01,load,16,1,1000,6,23.2,1883751,1871301,107,306,670,18659983,1527.233,,,1,1.0004298686981201,4110.233139431382,4107.234428483353,,178/25F77F58,178/25F77F58,0.014204,0.001427,2.0,17.3,0.0,23177492.721378174,0.0,25.988828216249015,159207.56165274145,6428058.778741343,1020.43,1
2026-09-13T21:39:13.939588+00:00,1789335553.9392385,F_lat_eastus_rep2,r3-sub-eastus,F01,load,16,1,1000,6,23.2,1888135,1875683,107,306,670,18701261,1531.044,,,1,1.00010085105896,4383.557913542407,4381.558115224185,,178/26507FE8,178/26507FE8,0.073740,0.060745,2.1,17.3,0.0,14694965.99711781,0.0,17.99818486399711,148281.0456995175,5857315.283550992,1020.42,1
2026-09-13T21:39:14.947603+00:00,1789335554.9403396,F_lat_eastus_rep2,r3-sub-eastus,F01,load,16,1,1000,6,23.2,1892265,1879811,107,306,670,18740121,1534.389,,,1,1.001101016998291,4125.4578008355475,4123.460000447734,,178/26B2DF80,178/26B2DF80,0.049811,0.036608,1.8,17.2,0.0,14598454.853058,0.0,16.981303296417508,166080.14293954495,6498502.038791861,1020.41,1
2026-09-13T21:39:15.941761+00:00,1789335555.9413698,F_lat_eastus_rep2,r3-sub-eastus,F01,load,16,1,1000,6,23.2,1896832,1884376,107,306,670,18783120,1538.487,,,1,1.0010302066802979,4562.2998881776775,4560.30194647057,,178/27115FE0,178/27115FE0,0.060826,0.046163,1.8,17.3,0.0,23224969.48129066,0.0,31.96706731370389,160373.78185858467,6229145.692495043,1020.39,1
2026-09-13T21:39:16.941926+00:00,1789335556.9415464,F_lat_eastus_rep2,r3-sub-eastus,F01,load,16,1,1000,6,23.2,1900365,1887909,107,306,670,18816392,1541.511,,,1,1.0001766681671143,3532.375941616836,3532.375941616836,,178/27743D60,178/27743D60,0.041937,0.029454,1.6,17.3,0.0,15504716.810099535,0.0,18.996643897741265,174419.18568215598,6513203.324306652,1020.39,1
2026-09-13T21:39:17.942350+00:00,1789335557.941919,F_lat_eastus_rep2,r3-sub-eastus,F01,load,16,1,1000,6,23.2,1904595,1892135,107,306,670,18856202,1545.011,,,1,1.0003726482391357,4228.424285135825,4224.425775173522,,178/27D5F8D8,178/27C85FD8,0.013396,-0.000230,1.9,17.3,0.0,31388239.22792214,0.0,28.989197226699513,169907.684200667,6586606.512681169,1020.37,1
2026-09-13T21:39:18.942494+00:00,1789335558.9421198,F_lat_eastus_rep2,r3-sub-eastus,F01,load,16,1,1000,6,23.2,1904598,1892135,107,306,670,18856202,1545.011,,,1,1.0002007484436035,2.999397875544737,0.0,,178/28319FD8,178/28319FD8,0.111556,0.096439,1.6,17.3,0.0,14873686.130658623,0.0,27.994380171750876,152264.43315202856,5884852.624994696,1020.36,1
2026-09-13T21:39:19.943358+00:00,1789335559.9429612,F_lat_eastus_rep2,r3-sub-eastus,F01,load,16,1,1000,6,23.2,1908995,1896530,107,306,670,18897608,1548.861,,,1,1.0008413791656494,4393.303565911269,4391.3052472549525,,178/28951FD0,178/28951FD0,0.109227,0.095546,1.4,17.3,0.0,6433498.987989279,0.0,14.987389922371852,168350.35352001854,6566457.11978728,1020.36,1
2026-09-13T21:39:20.944058+00:00,1789335560.943675,F_lat_eastus_rep2,r3-sub-eastus,F01,load,16,1,1000,6,23.2,1913173,1900706,107,306,670,18936960,1552.524,,,1,1.00071382522583,4175.019765572994,4173.02119220508,,178/28FA3FE0,178/28FA3FE0,0.080044,0.065575,1.9,17.3,0.0,31443027.17402672,0.0,35.97432062245759,156524.26902831296,6694881.025040395,1020.33,1
2026-09-13T21:39:21.944705+00:00,1789335561.944327,F_lat_eastus_rep2,r3-sub-eastus,F01,load,16,1,1000,6,23.2,1917431,1904962,107,306,670,18977059,1556.109,,,1,1.0006520748138428,4255.2252747710945,4253.226578070873,,178/29547B90,178/29547B90,0.159169,0.143982,1.2,17.2,0.0,14809670.986548373,0.0,16.988921951880837,157933.01585808472,5978753.405486106,1020.33,1
2026-09-13T21:39:22.944861+00:00,1789335562.944527,F_lat_eastus_rep2,r3-sub-eastus,F01,load,16,1,1000,6,23.2,1921931,1909460,107,306,670,19019415,1559.964,,,1,1.000199794769287,4499.1011031331,4497.101502642819,,178/29B93C78,178/29B93C78,0.105962,0.094940,2.4,17.3,0.0,23833958.099840242,0.0,28.99420710907998,167594.5154924434,6650538.257243259,1020.31,1
2026-09-13T21:39:23.945743+00:00,1789335563.9453955,F_lat_eastus_rep2,r3-sub-eastus,F01,load,16,1,1000,6,23.2,1926155,1913681,107,306,670,19059175,1563.577,,,1,1.000868558883667,4220.334391072589,4217.33699448802,,178/2A20BF58,178/2A20BF58,0.062795,0.043299,2.1,17.3,0.0,15060199.33008206,0.0,19.982643897124,176792.44535102515,6833113.038966904,1020.3,1
2026-09-13T21:39:24.946317+00:00,1789335564.945947,F_lat_eastus_rep2,r3-sub-eastus,F01,load,16,1,1000,6,23.2,1930498,1918022,107,306,670,19100050,1567.249,,,1,1.000551462173462,4340.606319804738,4338.607422121199,,178/2A84A000,178/2A84A000,0.023300,0.009324,1.8,17.3,0.0,14897128.796975277,0.0,21.987874518927985,167391.6898149152,6584829.715493217,1020.3,1
2026-09-13T21:39:25.946907+00:00,1789335565.9461951,F_lat_eastus_rep2,r3-sub-eastus,F01,load,16,1,1000,6,23.2,1934690,1922212,107,306,670,19139506,1570.942,,,1,1.0002481937408447,4190.959830002062,4188.960326266374,,178/2ADD4BF8,178/2AD79F48,0.013900,-0.000338,2.3,17.3,0.0,31195585.450949088,0.0,32.991811638852106,160010.28644843271,6261710.882551971,1020.28,1
2026-09-13T21:39:26.947520+00:00,1789335566.9471514,F_lat_eastus_rep2,r3-sub-eastus,F01,load,16,1,1000,6,23.2,1938866,1926386,107,306,670,19178806,1574.754,,,1,1.0009562969207764,4172.0103193781315,4170.012230144713,,178/2B41FB40,178/2B41FB40,0.064797,0.051285,2.3,17.3,0.0,9546838.387846552,0.0,26.974204651151712,164601.5920044113,6259355.197898204,1020.27,1
2026-09-13T21:39:27.948455+00:00,1789335567.948078,F_lat_eastus_rep2,r3-sub-eastus,F01,load,16,1,1000,6,23.2,1943334,1930852,107,306,670,19220894,1578.697,,,1,1.0009264945983887,4463.864253880839,4461.866105154841,,178/2BA4FDF0,178/2BA4FDF0,0.036091,0.022537,8.2,17.5,0.0,27585578.110886835,0.0,51.95186687596321,169699.77407597084,6542523.3874217225,1020.25,1
2026-09-13T21:39:28.948741+00:00,1789335568.948378,F_lat_eastus_rep2,r3-sub-eastus,F01,load,16,1,1000,6,23.2,1947502,1935061,120,357,670,19372580,1582.584,,,1,1.0003001689910889,4166.749271075181,4207.736967839596,,178/2BFEBDB8,178/2BF6BFE0,0.014424,-0.000288,2.3,17.3,0.0,14999145.721561564,0.0,70.97869439691408,151316.57945500998,6037088.853129842,1020.24,1
2026-09-13T21:39:29.954081+00:00,1789335569.948598,F_lat_eastus_rep2,r3-sub-eastus,F01,load,16,1,1000,6,23.2,1952023,1939580,120,357,670,19415113,1586.25,,,1,1.0002198219299316,4520.006403469086,4518.006843016324,,178/2C628000,178/2C628000,0.057882,0.044237,1.6,17.3,0.0,7190995.261543478,0.0,16.9962638484792,160938.6221614759,6494510.364197781,1020.24,1
2026-09-13T21:39:30.948993+00:00,1789335570.9486132,F_lat_eastus_rep2,r3-sub-eastus,F01,load,16,1,1000,6,23.2,1956167,1943722,120,357,670,19454127,1589.662,,,1,1.0000152587890625,4143.936768542961,4141.936799060073,,178/2CC51D78,178/2CC51D78,0.021966,0.008546,1.6,17.3,0.0,31772187.19489754,0.0,29.999542243312938,165492.47478523583,6516780.56182004,1020.22,1
2026-09-13T21:39:31.949775+00:00,1789335571.9493878,F_lat_eastus_rep2,r3-sub-eastus,F01,load,16,1,1000,6,23.2,1960309,1947864,120,357,670,19493144,1592.917,,,1,1.000774621963501,4138.793999265763,4138.793999265763,,178/2D20DB48,178/2D20DB48,0.060001,0.048914,1.9,17.3,4293889.858606669,14648748.757474653,11.9907117313349,23.9814234626698,155027.91197442892,6051752.179843828,1020.21,1
2026-09-13T21:39:32.950081+00:00,1789335572.9496942,F_lat_eastus_rep2,r3-sub-eastus,F01,load,16,1,1000,6,23.2,1964840,1952391,120,357,670,19535768,1596.668,,,1,1.0003063678741455,4529.612272317427,4525.613497413593,,178/2D835CB0,178/2D835CB0,0.039980,0.024611,1.6,17.3,0.0,31685140.690804556,0.0,30.990505504709827,158169.5419336832,6519928.503364843,1020.19,1
2026-09-13T21:39:33.950475+00:00,1789335573.9501321,F_lat_eastus_rep2,r3-sub-eastus,F01,load,16,1,1000,6,23.2,1968992,1956540,120,357,670,19574821,1600.313,,,1,1.0004379749298096,4150.1823241878665,4147.183637537442,,178/2DDFA7F8,178/2DD5BE58,0.014757,-0.000272,1.7,17.3,0.0,5952976.745427763,0.0,10.995184384890784,159812.00634773713,6526498.557252485,1020.19,1
2026-09-13T21:39:34.950920+00:00,1789335574.9505172,F_lat_eastus_rep2,r3-sub-eastus,F01,load,16,1,1000,6,23.2,1973534,1961080,120,357,670,19617576,1604.203,,,1,1.000385046005249,4540.251794183825,4538.2525639794285,,178/2E419F68,178/2E419F68,0.049656,0.033649,2.3,17.3,0.0,15042911.786909137,0.0,18.992686941764127,149252.5309092001,6050753.1816586545,1020.18,1
2026-09-13T21:39:35.950947+00:00,1789335575.9505439,F_lat_eastus_rep2,r3-sub-eastus,F01,load,16,1,1000,6,23.2,1977686,1965230,120,357,670,19656701,1607.898,,512626,1,1.0000267028808594,4151.889132599151,4149.889186003486,120109,178/2EA4BFC8,178/2EA4BFC8,0.069138,0.055155,2.6,17.3,0.0,23141782.047751106,0.0,24.999332445804136,163393.63691918016,6549682.104619093,1020.16,1
2026-09-13T21:39:36.951637+00:00,1789335576.951249,F_lat_eastus_rep2,r3-sub-eastus,F01,load,16,1,1000,6,23.2,1977693,1965230,120,357,670,19663355,1607.898,,,1,1.0007050037384033,6.995068450591946,0.0,,178/2EF77EB8,178/2EF77EB8,0.163692,0.149847,2.2,17.3,0.0,16822699.933656733,0.0,35.97463774590143,172131.64654568778,5491833.237037201,1020.16,1
2026-09-13T21:39:37.951852+00:00,1789335577.95148,F_lat_eastus_rep2,r3-sub-eastus,F01,load,16,1,1000,6,23.2,1981878,1969411,120,357,670,19708480,1611.551,,,1,1.0002310276031494,4184.033372798385,4180.034296695352,,178/2F635CC0,178/2F635CC0,0.039780,0.026635,1.6,17.3,0.0,15577585.147840438,0.0,20.995149540923798,178818.68794712526,7160639.694574346,1020.15,1
2026-09-13T21:39:38.952765+00:00,1789335578.952401,F_lat_eastus_rep2,r3-sub-eastus,F01,load,16,1,1000,6,23.2,1986432,1973962,120,357,670,19751312,1615.262,,,1,1.0009210109710693,4549.809575464721,4546.812335955192,,178/2FC53BE0,178/2FC53BE0,0.025580,0.012185,2.9,17.3,0.0,31706605.86814007,0.0,32.96963460481682,166943.2434412447,6460829.505143554,1020.13,1
2026-09-13T21:39:39.953041+00:00,1789335579.9526348,F_lat_eastus_rep2,r3-sub-eastus,F01,load,16,1,1000,6,23.2,1990542,1978070,120,357,670,19789958,1618.802,,,1,1.0002338886260986,4109.038942527147,4107.039410195017,,178/30209FF0,178/30209FF0,0.073115,0.058596,1.4,17.3,0.0,6101612.902141333,0.0,11.997193992779989,157253.2202603637,6053696.109334169,1020.12,1
2026-09-13T21:39:40.953026+00:00,1789335580.9526215,F_lat_eastus_rep2,r3-sub-eastus,F01,load,16,1,1000,6,23.2,1995095,1982621,120,357,670,19832823,1622.653,,,1,0.9999866485595703,4553.060789919909,4551.060763216672,,178/30849FF0,178/30849FF0,0.040165,0.026395,1.8,17.3,0.0,31703463.28690149,0.0,32.00042725179818,164036.1901194207,6606593.207535653,1020.1,1
2026-09-13T21:39:41.953630+00:00,1789335581.953204,F_lat_eastus_rep2,r3-sub-eastus,F01,load,16,1,1000,6,23.2,1999288,1986812,120,357,670,19872289,1626.181,,,1,1.0005824565887451,4190.559181194387,4188.560345429448,,178/30DFE380,178/30D73D40,0.011794,-0.000238,1.5,17.3,0.0,14687892.939982325,0.0,18.988939766919472,161432.9723016422,6270669.607171459,1020.1,1
2026-09-13T21:39:42.953916+00:00,1789335582.9535167,F_lat_eastus_rep2,r3-sub-eastus,F01,load,16,1,1000,6,23.2,2003473,1990995,120,357,670,19911675,1629.913,,,1,1.0003128051757812,4183.691319701326,4181.691945116045,,178/31427FC8,178/31427FC8,0.074095,0.059737,1.4,17.3,0.0,7403252.224386598,0.0,16.99468397489189,158587.3930426426,6296555.40487976,1020.09,1
2026-09-13T21:39:43.954620+00:00,1789335583.9542382,F_lat_eastus_rep2,r3-sub-eastus,F01,load,16,1,1000,6,23.2,2007976,1995495,120,357,670,19954067,1633.887,,,1,1.0007214546203613,4499.75363195174,4496.755794755237,,178/31A5DFC8,178/31A5DFC8,0.044541,0.029768,2.0,17.3,0.0,31434601.36160845,0.0,30.97765103053608,169302.85567253467,6572487.248707155,1020.07,1
2026-09-13T21:39:44.960096+00:00,1789335584.9545753,F_lat_eastus_rep2,r3-sub-eastus,F01,load,16,1,1000,6,23.2,2012158,1999675,120,357,670,19993445,1637.404,,,1,1.0003371238708496,4180.590623106701,4178.591297127214,,178/31FFFFF8,178/31FFFFF8,0.023262,0.011198,1.4,17.2,0.0,14478574.9267763,0.0,16.994270825636995,152048.74073996395,5964071.369174001,1020.07,1
2026-09-13T21:39:45.955071+00:00,1789335585.9547358,F_lat_eastus_rep2,r3-sub-eastus,F01,load,16,1,1000,6,23.2,2016655,2004170,120,357,670,20035778,1641.062,,,1,1.0001604557037354,4496.278546461637,4494.278867321561,,178/32639BD0,178/32639BD0,0.073941,0.059902,2.2,17.2,0.0,30309632.646563735,0.0,29.995187101145014,164562.59499301188,6601146.808343407,1020.04,1
2026-09-13T21:39:46.955202+00:00,1789335586.9548247,F_lat_eastus_rep2,r3-sub-eastus,F01,load,16,1,1000,6,23.2,2020836,2008351,120,357,670,20075163,1644.599,,,1,1.0000889301300049,4180.628216189232,4180.628216189232,,178/32C6DF88,178/32C6DF88,0.040367,0.026535,1.7,17.3,0.0,8821999.458441257,0.0,24.997776944446496,164013.4142657468,6573104.452966462,1020.04,1
2026-09-13T21:39:47.955397+00:00,1789335587.9549935,F_lat_eastus_rep2,r3-sub-eastus,F01,load,16,1,1000,6,23.2,2025019,2012530,120,357,670,20114490,1648.285,,,1,1.000168800354004,4182.294027287646,4178.294702375107,,178/3320BBA0,178/3320BBA0,0.105341,0.092168,1.2,17.2,0.0,14382724.191065008,0.0,17.99696210642544,145538.43306097813,5962128.590583293,1020.03,1
2026-09-13T21:39:48.955480+00:00,1789335588.9551244,F_lat_eastus_rep2,r3-sub-eastus,F01,load,16,1,1000,6,23.2,2029523,2017031,120,357,670,20156894,1652.308,,,1,1.0001308917999268,4503.410540488547,4500.410933112555,,178/33847F48,178/33847F48,0.066213,0.055148,1.8,17.2,0.0,31911854.999860067,0.0,41.99450326388076,167078.1308427256,6587027.81207351,1020.01,1
2026-09-13T21:39:49.956255+00:00,1789335589.9558818,F_lat_eastus_rep2,r3-sub-eastus,F01,load,16,1,1000,6,23.2,2033692,2021197,120,357,670,20196112,1656.084,,,1,1.0007574558258057,4165.844556771073,4162.846827418635,,178/33E79C08,178/33E79C08,0.044362,0.030723,6.0,17.2,0.0,14660767.1165368,0.0,16.987132997147576,171557.05311066328,6564232.883560402,1020.01,1
2026-09-13T21:39:50.956920+00:00,1789335590.9565578,F_lat_eastus_rep2,r3-sub-eastus,F01,load,16,1,1000,6,23.2,2038195,2025699,120,357,670,20238514,1660.061,,,1,1.000675916671753,4499.958403093155,4498.959078553272,,178/3441FFF8,178/3441FFF8,0.109683,0.095164,1.8,17.3,0.0,6344511.6388091985,0.0,11.991894478596015,144727.17648855565,5982324.447170323,1020.0,1
2026-09-13T21:39:51.956999+00:00,1789335591.9566262,F_lat_eastus_rep2,r3-sub-eastus,F01,load,16,1,1000,6,23.2,2042391,2029893,120,357,670,20277990,1663.846,,,1,1.0000684261322021,4195.712903594176,4193.713040437077,,178/34A59D68,178/34A59D68,0.076648,0.062650,1.8,17.2,0.0,31434649.048548475,0.0,31.997810513587616,174548.05635162044,6609070.766849974,1019.98,1
2026-09-13T21:39:52.957189+00:00,1789335592.9567883,F_lat_eastus_rep2,r3-sub-eastus,F01,load,16,1,1000,6,23.2,2046573,2034073,120,357,670,20317360,1667.868,,,1,1.000162124633789,4181.322104685024,4179.322428881731,,178/34FFFC08,178/34FFFC08,0.053485,0.040389,1.4,17.2,0.0,14743209.762516377,0.0,17.99708222963425,141217.10522853007,5993767.262677521,1019.97,1
2026-09-13T21:39:53.957188+00:00,1789335593.9568567,F_lat_eastus_rep2,r3-sub-eastus,F01,load,16,1,1000,6,23.2,2046576,2034073,120,357,670,20317360,1667.868,,,1,1.0000684261322021,2.9997947356488393,0.0,,178/35637C90,178/35637C90,0.107163,0.093020,2.1,17.3,0.0,23026136.410545867,0.0,24.998289463740328,167490.5392702173,6599330.433343322,1019.95,1
2026-09-13T21:39:54.957491+00:00,1789335594.957105,F_lat_eastus_rep2,r3-sub-eastus,F01,load,16,1,1000,6,23.2,2051091,2038585,120,357,670,20359856,1671.828,,,1,1.0002481937408447,4513.879683315675,4510.880427712143,,178/35C75EC0,178/35C75EC0,0.078096,0.062529,1.9,17.2,0.0,15585507.774522476,0.0,18.995285489036064,169343.96988662434,6593943.424514552,1019.95,1
2026-09-13T21:39:55.957582+00:00,1789335595.9571886,F_lat_eastus_rep2,r3-sub-eastus,F01,load,16,1,1000,6,23.2,2055283,2042775,120,357,670,20399296,1675.383,,,1,1.0000836849212646,4191.649222164874,4189.649389520711,,178/3621BBE8,178/3621BBE8,0.139983,0.126131,1.6,17.2,0.0,14424904.85297313,0.0,17.998493797463677,144641.8956543506,5983071.307148741,1019.94,1
2026-09-13T21:39:56.958015+00:00,1789335596.9576156,F_lat_eastus_rep2,r3-sub-eastus,F01,load,16,1,1000,6,23.2,2059788,2047278,120,357,670,20441677,1679.177,,,1,1.000427007675171,4503.077151494425,4501.07800514526,,178/36853C20,178/36853C20,0.107005,0.093309,1.6,17.3,0.0,23603361.183614764,0.0,32.98591476122442,172436.36834723712,6588670.58709014,1019.92,1
2026-09-13T21:39:57.958864+00:00,1789335597.9584754,F_lat_eastus_rep2,r3-sub-eastus,F01,load,16,1,1000,6,23.2,2063975,2051463,120,357,670,20481101,1682.832,,,1,1.0008597373962402,4183.403371677811,4181.405089675577,,178/36E8BF18,178/36E8BF18,0.078644,0.064716,1.6,17.3,0.0,14732933.546074118,0.0,16.985397018992785,165577.64670514612,6585250.413955516,1019.92,1
2026-09-13T21:39:58.959730+00:00,1789335598.9593756,F_lat_eastus_rep2,r3-sub-eastus,F01,load,16,1,1000,6,23.2,2068153,2055639,120,357,670,20520418,1686.496,,,1,1.0009002685546875,4174.242061132708,4172.243860050308,,178/37413BC0,178/37413BC0,0.155597,0.142977,1.6,17.3,0.0,27226177.12886653,0.0,77.92984221358336,144967.49032700664,5862253.397606525,1019.9,1
2026-09-13T21:39:59.959822+00:00,1789335599.959433,F_lat_eastus_rep2,r3-sub-eastus,F01,load,16,1,1000,6,23.2,2072591,2060075,120,357,670,20562196,1690.343,,,1,1.0000574588775635,4437.745012152689,4435.745127063841,,178/37A49FC8,178/37A49FC8,0.125645,0.111698,1.4,17.2,0.0,16338005.236557482,0.0,31.99816142156062,158453.89541702377,6581196.85181587,1019.89,1
2026-09-13T21:40:00.965720+00:00,1789335600.9602337,F_lat_eastus_rep2,r3-sub-eastus,F01,load,16,1,1000,6,23.2,2076766,2064248,120,357,670,20601486,1693.981,,,1,1.000800609588623,4171.660128900326,4169.661728838577,,178/380A93B0,178/37FFFFD0,0.012368,-0.000229,1.9,17.3,0.0,6106343.203080191,0.0,11.990400370491955,183046.45125596106,6916852.30172415,1019.88,1
2026-09-13T21:40:01.961251+00:00,1789335601.9608705,F_lat_eastus_rep2,r3-sub-eastus,F01,load,16,1,1000,6,23.2,2081329,2068809,120,357,670,20644416,1697.812,,,1,1.0006368160247803,4560.0960577558835,4558.0973305773805,,178/3873BFF0,178/3873BFF0,0.051897,0.039229,1.4,17.3,0.0,32546569.82278522,0.0,36.976452802315954,159576.37920454613,6326147.407955492,1019.86,1
2026-09-13T21:40:02.962301+00:00,1789335602.9618578,F_lat_eastus_rep2,r3-sub-eastus,F01,load,16,1,1000,6,23.2,2085705,2073185,120,357,670,20685619,1701.706,,,1,1.0009872913360596,4371.683874386827,4371.683874386827,,178/38EEFD90,178/38E85F40,0.013666,-0.000246,1.8,17.3,0.0,13765353.585667074,0.0,14.98520523670073,166395.7189483249,6431689.049125569,1019.86,1
2026-09-13T21:40:03.962834+00:00,1789335603.9624722,F_lat_eastus_rep2,r3-sub-eastus,F01,load,16,1,1000,6,23.2,2089750,2077225,120,357,670,20723650,1705.374,,,1,1.0006144046783447,4042.5162590981254,4037.5193292352105,,178/3953BEE0,178/3953BEE0,0.082322,0.067215,1.4,17.3,0.0,7139037.74181255,0.0,17.988947506493513,150195.71904754982,6116082.250452181,1019.85,1
2026-09-13T21:40:04.963400+00:00,1789335604.9630237,F_lat_eastus_rep2,r3-sub-eastus,F01,load,16,1,1000,6,23.2,2093862,2081335,120,357,670,20762355,1708.828,,,1,1.000551462173462,4109.733637355994,4107.734739672455,,178/39B6DDA8,178/39B6DDA8,0.039808,0.026209,1.9,17.3,0.0,31566848.077349924,0.0,30.98291409485307,164312.3879334235,6560755.991241517,1019.83,1
2026-09-13T21:40:05.963829+00:00,1789335605.9634378,F_lat_eastus_rep2,r3-sub-eastus,F01,load,16,1,1000,6,23.2,2098040,2085511,120,357,670,20801706,1712.4,,633887,1,1.0004141330718994,4176.270468281888,4174.271296205161,121261,178/3A215D40,178/3A215D40,0.054229,0.033620,4.1,17.3,0.0,15787637.817052789,0.0,19.991720767266095,178249.18111905962,7051014.941522258,1019.83,1
2026-09-13T21:40:06.964082+00:00,1789335606.9636586,F_lat_eastus_rep2,r3-sub-eastus,F01,load,16,1,1000,6,23.2,2102442,2089907,120,357,670,20861103,1716.222,,,1,1.000220775604248,4401.028360304441,4395.02968466568,,178/3A6BA918,178/3A641B98,0.014817,-0.000350,2.2,17.3,0.0,29361837.622557048,0.0,29.99337819380582,139102.2896079595,5286998.759654178,1019.81,1
2026-09-13T21:40:07.964306+00:00,1789335607.9638507,F_lat_eastus_rep2,r3-sub-eastus,F01,load,16,1,1000,6,23.2,2106048,2093508,120,357,670,20920789,1719.775,,,1,1.0001921653747559,3605.307184793724,3600.308145435996,,178/3AC6BFE0,178/3AC6BFE0,0.100068,0.084933,1.2,17.3,0.0,6265675.954032195,0.0,11.997694458548168,150930.99628853594,5682170.083656448,1019.8,1
2026-09-13T21:40:08.964378+00:00,1789335608.9639554,F_lat_eastus_rep2,r3-sub-eastus,F01,load,16,1,1000,6,23.2,2109851,2097310,120,357,670,20956581,1723.395,,,1,1.0001046657562256,3802.6019977862766,3801.6021024410793,,178/3B213C08,178/3B213C08,0.083050,0.068037,2.3,17.3,0.0,15137231.65020217,0.0,18.998011558753422,144731.85153130954,5989446.110093514,1019.8,1
2026-09-13T21:40:09.964511+00:00,1789335609.9640684,F_lat_eastus_rep2,r3-sub-eastus,F01,load,16,1,1000,6,23.2,2113963,2101418,120,357,670,20995259,1727.079,,,1,1.0001130104064941,4111.535353718361,4107.535805708908,,178/3B72FF40,178/3B72FF40,0.164362,0.147838,2.0,17.2,0.0,29938376.651884794,0.0,31.99638407562927,126465.70805892469,5419249.568403382,1019.78,1
2026-09-13T21:40:10.965258+00:00,1789335610.964877,F_lat_eastus_rep2,r3-sub-eastus,F01,load,16,1,1000,6,23.2,2118207,2105660,120,357,670,21035186,1730.945,,,1,1.0008084774017334,4240.571593696064,4238.573209344652,,178/3BD7FC08,178/3BD7FC08,0.036853,0.021992,2.3,17.3,0.0,7473254.042988831,0.0,13.98869045988334,170535.1262042621,6687255.505044554,1019.77,1
2026-09-13T21:40:11.965442+00:00,1789335611.9649918,F_lat_eastus_rep2,r3-sub-eastus,F01,load,16,1,1000,6,23.2,2121989,2109440,120,357,670,21070764,1734.612,,,1,1.000114917755127,3781.565430989805,3779.5656607989063,,178/3C325FD8,178/3C325FD8,0.033784,0.019923,1.4,17.3,0.0,14416263.315382477,0.0,18.997816813539476,157812.8644998815,5983582.380145256,1019.77,1
2026-09-13T21:40:12.965916+00:00,1789335612.9655612,F_lat_eastus_rep2,r3-sub-eastus,F01,load,16,1,1000,6,23.2,2126542,2113991,120,357,670,21113631,1738.693,,,1,1.0005693435668945,4550.409253764632,4548.41039180383,,178/3CC6FFF8,178/3CC6FFF8,0.018979,0.006566,1.8,17.2,0.0,31635876.317335654,0.0,35.97951529442714,158312.8655884206,6313801.2778598005,1019.74,1
2026-09-13T21:40:13.966022+00:00,1789335613.9656656,F_lat_eastus_rep2,r3-sub-eastus,F01,load,16,1,1000,6,23.2,2126545,2113991,120,357,670,21113631,1738.693,,,1,1.0001044273376465,2.999686750698851,0.0,,178/3D53BFF8,178/3D53BFF8,0.165978,0.152021,0.6,17.3,0.0,4947451.350827297,0.0,9.998955835662837,123440.10947800842,5110518.322177622,1019.74,1
2026-09-13T21:40:14.966163+00:00,1789335614.9657593,F_lat_eastus_rep2,r3-sub-eastus,F01,load,16,1,1000,6,23.2,2129987,2117430,120,357,670,21146011,1741.575,,,1,1.000093698501587,3441.677519973433,3438.677801042602,,178/3DB7E000,178/3DB7E000,0.085827,0.072222,2.0,17.2,0.0,14727836.023832949,0.0,20.998032515816995,160607.95127562253,6246126.747283057,1019.74,1
2026-09-13T21:40:15.971899+00:00,1789335615.9660003,F_lat_eastus_rep2,r3-sub-eastus,F01,load,16,1,1000,6,23.2,2133958,2121399,120,357,670,21183384,1744.905,,,1,1.0002410411834717,3970.0430561233184,3968.043538089512,,178/3E0FFD10,178/3E0FFD10,0.064972,0.051079,2.0,17.2,0.0,31183523.486593973,0.0,29.992770507101373,145353.9637085654,5801149.684014669,1019.71,1
2026-09-13T21:40:16.967048+00:00,1789335616.9666812,F_lat_eastus_rep2,r3-sub-eastus,F01,load,16,1,1000,6,23.2,2137645,2125085,120,357,670,21218130,1748.293,,,1,1.000680923461914,3684.4911435351523,3683.491823995273,,178/3E60FE18,178/3E60FE18,0.037793,0.023949,1.8,17.3,0.0,5386668.0913150795,0.0,12.99115401843151,140748.16127476675,5353681.552623202,1019.71,1
2026-09-13T21:40:17.967952+00:00,1789335617.9676,F_lat_eastus_rep2,r3-sub-eastus,F01,load,16,1,1000,6,23.2,2141049,2128489,120,357,670,21250180,1751.291,,,1,1.0009188652038574,3400.875054249983,3400.875054249983,,178/3EB09ED0,178/3EB09ED0,0.022541,0.008082,1.4,17.2,0.0,13684449.835212491,0.0,23.97796748002338,135430.55757310707,5261155.70708868,1019.71,1
2026-09-13T21:40:18.968779+00:00,1789335618.9684048,F_lat_eastus_rep2,r3-sub-eastus,F01,load,16,1,1000,6,23.2,2144400,2131835,120,357,670,21281680,1754.079,,,1,1.0008046627044678,3348.305743245255,3343.3097633239704,,178/3EEF3BF0,178/3EEF3BF0,0.206959,0.190166,2.0,17.2,0.0,29021383.57500514,0.0,36.97025141750953,105110.42156391664,4184427.9468916035,1019.69,1
2026-09-13T21:40:19.968892+00:00,1789335619.968492,F_lat_eastus_rep2,r3-sub-eastus,F01,load,16,1,1000,6,23.2,2147747,2135180,120,357,670,21313178,1756.914,,,1,1.0000872611999512,3346.707962247328,3344.7081367545,,178/3F3F3F00,178/3F3F3F00,0.184587,0.168331,1.4,17.2,0.0,13777741.737723349,0.0,17.998429435450227,121303.41491845604,5261007.9181361105,1019.68,1
2026-09-13T21:40:20.969165+00:00,1789335620.9687617,F_lat_eastus_rep2,r3-sub-eastus,F01,load,16,1,1000,6,23.2,2151087,2138518,120,357,670,21344626,1759.801,,,1,1.0002696514129639,3339.0996070729257,3337.100146230367,,178/3F90FFC8,178/3F90FFC8,0.168727,0.155482,1.6,17.2,0.0,5880270.37678429,0.0,14.995956319189785,135923.3480771362,5393361.672404411,1019.68,1
2026-09-13T21:40:21.970073+00:00,1789335621.9696677,F_lat_eastus_rep2,r3-sub-eastus,F01,load,16,1,1000,6,23.2,2154546,2141975,120,357,670,21377181,1762.812,,,1,1.000905990600586,3455.869015155413,3453.870825496462,,178/3FE3DB50,178/3FE3DB50,0.168789,0.153100,1.6,17.2,0.0,30704470.03874892,0.0,30.971939713737438,136081.71124869704,5505435.127522329,1019.66,1
2026-09-13T21:40:22.970344+00:00,1789335622.9699223,F_lat_eastus_rep2,r3-sub-eastus,F01,load,16,1,1000,6,23.2,2158509,2145936,120,357,670,21414477,1766.531,,,1,1.0002546310424805,3961.991154062143,3959.9916631945866,,178/40415F40,178/40415F40,0.107457,0.093644,1.8,17.2,0.0,10478995.722395059,0.0,43.98879908623121,151482.42787147363,6181975.877037841,1019.65,1
2026-09-13T21:40:23.970271+00:00,1789335623.9699225,F_lat_eastus_rep2,r3-sub-eastus,F01,load,16,1,1000,6,23.2,2162631,2150055,120,357,670,21453247,1770.178,,,1,1.000000238418579,4121.999017238852,4118.999017954106,,178/40A34000,178/40A34000,0.027255,0.012786,1.6,17.2,0.0,15736828.24804777,0.0,31.999992370607288,170399.9593734838,6490603.452519547,1019.65,1
2026-09-13T21:40:24.970367+00:00,1789335624.9699392,F_lat_eastus_rep2,r3-sub-eastus,F01,load,16,1,1000,6,23.2,2166770,2154191,120,357,670,21492215,1773.737,,,1,1.000016689300537,4138.930924137905,4135.930974204971,,178/40F5FC18,178/40F5DD98,0.011411,0.000124,1.7,17.2,0.0,21954193.599864963,0.0,22.999616152493793,139257.675886795,5564369.134571213,1019.63,1
2026-09-13T21:40:25.971165+00:00,1789335625.970809,F_lat_eastus_rep2,r3-sub-eastus,F01,load,16,1,1000,6,23.2,2171367,2158786,120,357,670,21535486,1777.658,,,1,1.0008697509765625,4593.005229216532,4591.006967206867,,178/41619E80,178/41619E80,0.049348,0.032435,1.8,17.2,0.0,15780450.937386611,0.0,22.980013111155152,182220.51353040722,7017208.775814492,1019.62,1
2026-09-13T21:40:26.971808+00:00,1789335626.9714162,F_lat_eastus_rep2,r3-sub-eastus,F01,load,16,1,1000,6,23.2,2175887,2163305,120,357,670,21578025,1781.695,,,1,1.0006072521209717,4517.256886174896,4516.257493058486,,178/41C59C30,178/41C59C30,0.061021,0.045318,8.1,17.2,0.0,35834623.34896712,0.0,61.96237321744327,173790.46537129863,6637843.155665045,1019.6,1
2026-09-13T21:40:27.972671+00:00,1789335627.9722667,F_lat_eastus_rep2,r3-sub-eastus,F01,load,16,1,1000,6,23.2,2180066,2167482,120,357,670,21617369,1785.528,,,1,1.0008504390716553,4175.449034998932,4173.450734431811,,178/42211DB0,178/42211DB0,0.152738,0.138861,8.4,17.4,0.0,6298387.6050922,0.0,20.9821559547685,156997.48320612995,6052585.644683221,1019.59,1
2026-09-13T21:40:28.973407+00:00,1789335628.973012,F_lat_eastus_rep2,r3-sub-eastus,F01,load,16,1,1000,6,23.2,2184965,2172424,133,408,670,21773038,1789.791,,,1,1.0007452964782715,4895.351511758386,4938.3194878771055,,178/4293FE30,178/4293FE30,0.031196,0.016792,3.1,17.2,0.0,15921573.707187492,0.0,28.978402498671805,197073.1220961398,7625527.721044544,1019.59,1
2026-09-13T21:40:29.973386+00:00,1789335629.9729996,F_lat_eastus_rep2,r3-sub-eastus,F01,load,16,1,1000,6,23.2,2189799,2177256,133,408,670,21818482,1793.834,,,1,0.9999876022338867,4834.059931544409,4832.059906748569,,178/42F69E00,178/42F69E00,0.061693,0.047983,1.6,17.2,0.0,31809930.37207683,0.0,32.000396733434236,161138.997763606,6546140.157514618,1019.57,1
2026-09-13T21:40:30.980240+00:00,1789335630.9730792,F_lat_eastus_rep2,r3-sub-eastus,F01,load,16,1,1000,6,23.2,2194337,2181791,133,408,670,21861199,1797.893,,,1,1.00007963180542,4537.638659641189,4534.638898517584,,178/435AF418,178/43523D50,0.013599,-0.000232,2.1,17.2,0.0,7036367.681337937,0.0,12.998964868958895,183060.42256804998,6905793.079229245,1019.56,1
2026-09-13T21:40:31.974167+00:00,1789335631.9737527,F_lat_eastus_rep2,r3-sub-eastus,F01,load,16,1,1000,6,23.2,2199101,2186554,133,408,670,21906045,1802.166,,,1,1.000673532485962,4760.793450951829,4759.794124030975,,178/43C63FD8,178/43C63FD8,0.016399,0.000806,2.4,17.2,0.0,31595743.240509406,0.0,33.977115309060075,174518.4561503828,6843186.891321187,1019.54,1
2026-09-13T21:40:32.974403+00:00,1789335632.974017,F_lat_eastus_rep2,r3-sub-eastus,F01,load,16,1,1000,6,23.2,2199101,2186554,133,408,670,21906045,1802.166,,,1,1.0002641677856445,0.0,0.0,,178/44221C08,178/44221C08,0.091788,0.079023,1.7,17.2,0.0,15687631.83303666,0.0,23.993661647533067,161145.43056844,6086176.2283027265,1019.54,1
2026-09-13T21:40:33.974592+00:00,1789335633.9742112,F_lat_eastus_rep2,r3-sub-eastus,F01,load,16,1,1000,6,23.2,2203091,2190539,133,408,670,21943559,1805.427,,,1,1.0001943111419678,3989.2248491639925,3984.225820530955,,178/4486DFD8,178/4486DFD8,0.070145,0.053355,1.6,17.2,0.0,14628069.60309064,0.0,20.995920258757856,166878.57363378725,6676058.767397063,1019.53,1
2026-09-13T21:40:34.974815+00:00,1789335634.9744394,F_lat_eastus_rep2,r3-sub-eastus,F01,load,16,1,1000,6,23.2,2207336,2194781,133,408,670,21983502,1809.157,,,1,1.0002281665802002,4244.031653811288,4241.032338154885,,178/44EB1C20,178/44EB1C20,0.036619,0.022529,2.5,17.2,0.0,23517961.98704014,0.0,25.994069022165725,170142.17924081482,6653660.856956457,1019.51,1
2026-09-13T21:40:35.974955+00:00,1789335635.974563,F_lat_eastus_rep2,r3-sub-eastus,F01,load,16,1,1000,6,23.2,2211567,2199010,133,408,670,22023310,1812.744,,749363,1,1.0001235008239746,4230.4775325389255,4228.477779510072,115476,178/45539F50,178/45539F50,0.023396,0.002884,4.2,17.2,0.0,15726697.739870727,0.0,19.99753028853191,167772.27998518173,6930654.058513091,1019.5,1
2026-09-13T21:40:36.975164+00:00,1789335636.9747572,F_lat_eastus_rep2,r3-sub-eastus,F01,load,16,1,1000,6,23.2,2215978,2203414,133,408,670,22078108,1816.969,,,1,1.0001943111419678,4410.143060065758,4403.144419979505,,178/45A5BFE0,178/45A5BFE0,0.112111,0.097175,1.7,17.2,0.0,30460129.25749949,0.0,30.993977524833028,143410.133813129,5452387.540350583,1019.48,1
2026-09-13T21:40:37.975410+00:00,1789335637.97499,F_lat_eastus_rep2,r3-sub-eastus,F01,load,16,1,1000,6,23.2,2220130,2207566,133,408,670,22117166,1820.474,,,1,1.0002326965332031,4151.0340687629905,4151.0340687629905,,178/46041B80,178/45FFFE28,0.011917,-0.000211,1.6,17.2,0.0,6355513.094136267,0.0,19.995347152037528,162733.13256421502,6492136.302389352,1019.48,1
2026-09-13T21:40:38.975436+00:00,1789335638.9750628,F_lat_eastus_rep2,r3-sub-eastus,F01,load,16,1,1000,6,23.2,2224591,2212021,133,408,670,22159114,1824.399,,,1,1.000072956085205,4460.674566646244,4454.675004350822,,178/46613F40,178/46613F40,0.142416,0.127894,2.2,17.2,0.0,14752715.699616412,0.0,20.998468033976938,153213.82211933887,5929633.397160642,1019.47,1
2026-09-13T21:40:39.976343+00:00,1789335639.975955,F_lat_eastus_rep2,r3-sub-eastus,F01,load,16,1,1000,6,23.2,2228710,2216138,133,408,670,22197897,1827.98,,,1,1.000892162322998,4115.328459002117,4113.330241736275,,178/46C31E20,178/46C31E20,0.111691,0.097772,1.8,17.2,0.0,22962170.017056506,0.0,30.972367620554895,166492.46169860932,6487172.389211552,1019.45,1
2026-09-13T21:40:40.976667+00:00,1789335640.9762707,F_lat_eastus_rep2,r3-sub-eastus,F01,load,16,1,1000,6,23.2,2232830,2220256,133,408,670,22236676,1831.663,,,1,1.0003156661987305,4118.699865669692,4116.700496802862,,178/47203F08,178/47203F08,0.128996,0.114596,1.7,17.2,0.0,15723676.566788094,0.0,18.994004234884503,157486.28690246132,6172695.488679168,1019.45,1
2026-09-13T21:40:41.977472+00:00,1789335641.977137,F_lat_eastus_rep2,r3-sub-eastus,F01,load,16,1,1000,6,23.2,2237014,2224438,133,408,670,22276036,1835.253,,,1,1.000866413116455,4180.378065612213,4178.379796938401,,178/4781FCD8,178/4781FCD8,0.095511,0.081695,2.1,17.2,0.0,32260816.805172443,0.0,35.96883612859456,170283.464173125,6471735.803213864,1019.42,1
2026-09-13T21:40:42.977614+00:00,1789335642.9772377,F_lat_eastus_rep2,r3-sub-eastus,F01,load,16,1,1000,6,23.2,2240880,2228302,133,408,670,22312396,1838.616,,,1,1.0001006126403809,3865.611070663495,3863.611271868532,,178/47E43B70,178/47E43B70,0.069180,0.053618,2.0,17.2,0.0,6565227.455131038,0.0,15.998390359704066,162619.6384088019,6509744.0374641875,1019.42,1
2026-09-13T21:40:43.977924+00:00,1789335643.9775562,F_lat_eastus_rep2,r3-sub-eastus,F01,load,16,1,1000,6,23.2,2245393,2232812,133,408,670,22354859,1842.425,,,1,1.0003185272216797,4511.562944389891,4508.563899667273,,178/4841FD60,178/4841FD60,0.082120,0.060324,1.8,17.2,0.0,14642631.923135445,0.0,22.99267620672889,154657.73730062635,6205685.320296308,1019.41,1
2026-09-13T21:40:44.978803+00:00,1789335644.9784114,F_lat_eastus_rep2,r3-sub-eastus,F01,load,16,1,1000,6,23.2,2248980,2236397,133,408,670,22388629,1845.572,,,1,1.0008552074432373,3583.9349921186613,3581.9367010720384,,178/48A4BEE8,178/48A4BEE8,0.051916,0.038217,1.8,17.2,0.0,31774170.49289179,0.0,31.972656745970774,168524.87627144202,6534643.524219185,1019.39,1
2026-09-13T21:40:45.984136+00:00,1789335645.978809,F_lat_eastus_rep2,r3-sub-eastus,F01,load,16,1,1000,6,23.2,2253128,2240543,133,408,670,22427676,1849.214,,,1,1.0003976821899414,4146.351070026206,4144.351865074409,,178/48FFFB98,178/48FFFB98,0.025672,0.013520,2.1,17.2,0.0,6202973.188038433,0.0,15.993639614373022,155641.10430479518,6045761.7082440015,1019.39,1
2026-09-13T21:40:46.979544+00:00,1789335646.9791546,F_lat_eastus_rep2,r3-sub-eastus,F01,load,16,1,1000,6,23.2,2257684,2245097,133,408,670,22470564,1852.773,,,1,1.0003454685211182,4554.426588981763,4552.427279680191,,178/49639FD0,178/49639FD0,0.067884,0.053554,2.5,17.2,0.0,14765075.13133018,0.0,20.992747666509445,173469.07189627225,6591879.713064139,1019.38,1
2026-09-13T21:40:47.980475+00:00,1789335647.9800954,F_lat_eastus_rep2,r3-sub-eastus,F01,load,16,1,1000,6,23.2,2261864,2249277,133,408,670,22509900,1856.327,,,1,1.0009407997131348,4176.071153456797,4176.071153456797,,178/49C6DC00,178/49C6DC00,0.035714,0.021557,1.6,17.2,0.0,27257811.858422913,0.0,37.96428321324361,167434.47769141904,6571110.900749598,1019.36,1
2026-09-13T21:40:48.980679+00:00,1789335648.9803154,F_lat_eastus_rep2,r3-sub-eastus,F01,load,16,1,1000,6,23.2,2266058,2253466,133,408,670,22549354,1859.826,,,1,1.0002200603485107,4193.077269954641,4188.078370014305,,178/4A217C20,178/4A217C20,0.099953,0.086071,1.9,17.2,0.0,6097602.159543691,0.0,14.996699821010877,148785.2582642131,5999485.751074733,1019.35,1
2026-09-13T21:40:49.980858+00:00,1789335649.9805036,F_lat_eastus_rep2,r3-sub-eastus,F01,load,16,1,1000,6,23.2,2270576,2257982,133,408,670,22591892,1863.536,,,1,1.0001881122589111,4517.150268659121,4515.15064481288,,178/4A851B78,178/4A851B78,0.069537,0.048983,1.8,17.2,0.0,33277836.031092517,0.0,100.9810042351862,180596.027673284,6593043.767643768,1019.33,1
2026-09-13T21:40:50.981137+00:00,1789335650.9807372,F_lat_eastus_rep2,r3-sub-eastus,F01,load,16,1,1000,6,23.2,2274764,2262168,133,408,670,22631283,1866.924,,,1,1.0002336502075195,4187.021701510554,4185.022168701809,,178/4AE8BED8,178/4AE8BED8,0.038008,0.024780,2.5,17.2,0.0,15049283.73173306,0.0,26.99369291804798,170165.24085616134,6610137.539992048,1019.33,1
2026-09-13T21:40:51.981818+00:00,1789335651.9814606,F_lat_eastus_rep2,r3-sub-eastus,F01,load,16,1,1000,6,23.2,2279217,2266619,133,408,670,22673190,1870.318,,,1,1.0007233619689941,4449.7811975113755,4447.782643189565,,178/4B41FBD8,178/4B41FBD8,0.118402,0.103432,2.0,17.2,0.0,14432056.399266392,0.0,18.986266057201018,155250.69754973272,5914223.875372439,1019.32,1
2026-09-13T21:40:52.982331+00:00,1789335652.9819653,F_lat_eastus_rep2,r3-sub-eastus,F01,load,16,1,1000,6,23.2,2283415,2270815,133,408,670,22712694,1873.651,,,1,1.000504732131958,4195.882203430018,4193.88321238503,,178/4BA57F18,178/4BA57F18,0.085308,0.071052,2.0,17.2,0.0,23454145.938916996,0.0,25.986883584845277,173936.2088065044,6591399.109075091,1019.3,1
2026-09-13T21:40:53.982496+00:00,1789335653.982144,F_lat_eastus_rep2,r3-sub-eastus,F01,load,16,1,1000,6,23.2,2287614,2275011,133,408,670,22752223,1876.977,,,1,1.0001788139343262,4198.249294526364,4195.249830872261,,178/4BFFFEC0,178/4BFFFEC0,0.048093,0.036936,1.6,17.2,0.0,14517724.028648976,0.0,23.99570923282513,154790.32133364672,6000322.058805441,1019.3,1
2026-09-13T21:40:54.983280+00:00,1789335654.982936,F_lat_eastus_rep2,r3-sub-eastus,F01,load,16,1,1000,6,23.2,2287616,2275011,133,408,670,22752223,1876.977,,,1,1.0007917881011963,1.9984176766623984,0.0,,178/4C63C000,178/4C63C000,0.120662,0.105149,1.8,17.2,0.0,31501969.115689944,0.0,31.974682826598375,173020.00481891545,6587465.123498169,1019.28,1
2026-09-13T21:40:55.983741+00:00,1789335655.983353,F_lat_eastus_rep2,r3-sub-eastus,F01,load,16,1,1000,6,23.2,2292123,2279516,133,408,670,22794671,1880.609,,,1,1.0004169940948486,4505.121390983384,4503.12222462395,,178/4CC73CB8,178/4CC73CB8,0.089188,0.067665,1.6,17.2,0.0,14796773.832688957,0.0,16.992914055184716,172925.890924638,6581656.488110136,1019.27,1
2026-09-13T21:40:56.984096+00:00,1789335656.9836738,F_lat_eastus_rep2,r3-sub-eastus,F01,load,16,1,1000,6,23.2,2296307,2283698,133,408,670,22834012,1884.168,,,1,1.0003209114074707,4182.657737418517,4180.65837903543,,178/4D21BC90,178/4D21BC90,0.150838,0.135628,1.6,17.2,0.0,6600633.781323037,0.0,13.995508681610715,158794.04118074672,5984046.651166804,1019.27,1
2026-09-13T21:40:57.984165+00:00,1789335657.9837773,F_lat_eastus_rep2,r3-sub-eastus,F01,load,16,1,1000,6,23.2,2300811,2288200,133,408,670,22876408,1887.814,,,1,1.00010347366333,4503.534002838795,4501.53420976471,,178/4D84FFC8,178/4D84FFC8,0.118547,0.103974,1.2,17.2,0.0,31834913.9248344,0.0,35.996275333525,158038.6471622304,6576076.549269108,1019.24,1
2026-09-13T21:40:58.984973+00:00,1789335658.9845717,F_lat_eastus_rep2,r3-sub-eastus,F01,load,16,1,1000,6,23.2,2304968,2292353,133,408,670,22915529,1891.148,,,1,1.0007944107055664,4153.700256048881,4149.703431169353,,178/4DE67D20,178/4DE67D20,0.104772,0.089975,1.9,17.2,0.0,14889419.685602086,0.0,21.98253683740086,165066.86911204306,6461369.01927847,1019.24,1
2026-09-13T21:40:59.985157+00:00,1789335659.98474,F_lat_eastus_rep2,r3-sub-eastus,F01,load,16,1,1000,6,23.2,2309095,2296479,133,408,670,22954361,1894.54,,,1,1.0001683235168457,4126.305445755791,4125.30561405098,,178/4E41FFD8,178/4E41FFD8,0.150600,0.135861,1.4,17.2,0.0,6102012.887730899,0.0,13.997643867356693,151591.48358835856,6057018.461350986,1019.23,1
2026-09-13T21:41:00.990801+00:00,1789335660.9847326,F_lat_eastus_rep2,r3-sub-eastus,F01,load,16,1,1000,6,23.2,2313634,2301016,133,408,670,22997059,1898.692,,,1,0.9999926090240479,4539.033547887799,4537.033533105738,,178/4EA4DBF0,178/4EA4DBF0,0.116792,0.104382,2.3,17.2,0.0,31838443.31716891,0.0,33.00024390400911,164535.2160758253,6562256.5014799945,1019.21,1
2026-09-13T21:41:01.985671+00:00,1789335661.9853077,F_lat_eastus_rep2,r3-sub-eastus,F01,load,16,1,1000,6,23.2,2317821,2305201,133,408,670,23036464,1902.278,,,1,1.000575065612793,4184.593584126255,4182.594733596459,,178/511A7358,178/511A7358,0.011743,0.000657,1.4,17.2,0.0,15457606.861837685,0.0,18.989080033054417,189035.29230379182,7077877.755891034,1019.21,1
2026-09-13T21:41:02.986647+00:00,1789335662.9862573,F_lat_eastus_rep2,r3-sub-eastus,F01,load,16,1,1000,6,23.2,2322180,2309560,133,408,670,23077509,1906.123,,,1,1.0009496212005615,4354.864528318336,4354.864528318336,,178/52A9A000,178/52A9A000,0.097479,0.086433,2.3,17.2,0.0,30379854.64595822,0.0,28.972487112005442,165865.49061367172,5768572.041692243,1019.19,1
2026-09-13T21:41:03.986647+00:00,1789335663.986291,F_lat_eastus_rep2,r3-sub-eastus,F01,load,16,1,1000,6,23.2,2325971,2313346,133,408,670,23113146,1909.444,,,1,1.0000336170196533,3790.8725621625745,3785.8727302420225,,178/53115D48,178/53115D48,0.027572,0.012341,1.6,17.2,0.0,7724796.315370448,0.0,18.999361298097842,181988.88207617457,6853458.60714731,1019.18,1
2026-09-13T21:41:04.987398+00:00,1789335664.9870143,F_lat_eastus_rep2,r3-sub-eastus,F01,load,16,1,1000,6,23.2,2330147,2317519,133,408,670,23152431,1913.066,,,1,1.0007233619689941,4172.981423940602,4169.9835924578865,,178/5376C000,178/5376C000,0.042662,0.027676,3.3,17.2,0.0,14702196.989836892,0.0,17.9869888962957,169155.6392437302,6253722.295127055,1019.17,1
2026-09-13T21:41:05.988214+00:00,1789335665.987781,F_lat_eastus_rep2,r3-sub-eastus,F01,load,16,1,1000,6,23.2,2334306,2321677,133,408,670,23191597,1916.523,,870416,1,1.0007667541503906,4155.813512740857,4154.8142789075455,121053,178/53D6DFD0,178/53D6DFD0,0.050428,0.029905,4.9,17.2,0.0,31429085.618159294,0.0,32.974716499266236,169244.2312832339,6353620.33523795,1019.15,1
2026-09-13T21:41:06.988153+00:00,1789335666.9878004,F_lat_eastus_rep2,r3-sub-eastus,F01,load,16,1,1000,6,23.2,2337977,2325342,133,408,670,23252368,1919.745,,,1,1.0000193119049072,3670.9291073661575,3664.929223235349,,178/54107CE8,178/54107CE8,0.076236,0.060102,2.0,17.2,0.0,12435215.852293959,0.0,13.999729638552493,99837.07195596017,3824087.14959261,1019.15,1
2026-09-13T21:41:07.988489+00:00,1789335667.9881127,F_lat_eastus_rep2,r3-sub-eastus,F01,load,16,1,1000,6,23.2,2340525,2327884,133,408,670,23294800,1921.727,,,1,1.000312328338623,2547.2044358704115,2541.2063092553317,,178/54505DA8,178/54505DA8,0.053879,0.040410,0.8,17.2,0.0,4258509.946663349,0.0,6.997814384259372,103698.61198480127,4225817.157547859,1019.15,1
2026-09-13T21:41:08.988568+00:00,1789335668.988208,F_lat_eastus_rep2,r3-sub-eastus,F01,load,16,1,1000,6,23.2,2342867,2330223,133,408,670,23316829,1923.621,,,1,1.0000953674316406,2341.776670773432,2338.776956848445,,178/547EDF68,178/547EDF68,0.037772,0.023859,0.8,17.2,0.0,8011012.01035973,0.0,11.998855699949269,73798.96198253798,3070614.163413676,1019.14,1
2026-09-13T21:41:09.989121+00:00,1789335669.9887168,F_lat_eastus_rep2,r3-sub-eastus,F01,load,16,1,1000,6,23.2,2344824,2332178,133,408,670,23335227,1925.236,,,1,1.0005087852478027,1956.004813606206,1954.00583065924,,178/54AC1FD8,178/54AC1FD8,0.019204,0.006044,2.0,17.2,0.0,28276685.239693284,0.0,24.98728683707468,74188.25411074821,2986024.754655258,1019.13,1
2026-09-13T21:41:10.989422+00:00,1789335670.9890442,F_lat_eastus_rep2,r3-sub-eastus,F01,load,16,1,1000,6,23.2,2346617,2333970,133,408,670,23352100,1926.699,,,1,1.0003273487091064,1792.4132558345173,1791.4135830761043,,178/54CC9BC8,178/54CC9BC8,0.200466,0.185852,0.4,17.2,0.0,4635154.688096343,0.0,7.997382067304037,52068.95529469976,2156472.0816478487,1019.12,1
2026-09-13T21:41:11.990592+00:00,1789335671.9901915,F_lat_eastus_rep2,r3-sub-eastus,F01,load,16,1,1000,6,23.2,2348353,2335704,133,408,670,23368431,1928.089,,,1,1.0011472702026367,1734.0106212831463,1732.0129131941103,,178/54F61E28,178/54F61E28,0.165458,0.154215,0.2,17.2,0.0,2209305.3298265636,0.0,4.994270222589707,65622.71301673971,2743758.1680106004,1019.12,1
2026-09-13T21:41:12.990575+00:00,1789335672.9901896,F_lat_eastus_rep2,r3-sub-eastus,F01,load,16,1,1000,6,23.2,2350136,2337485,133,408,670,23385212,1929.581,,,1,0.9999980926513672,1783.0034008090988,1781.0033969943943,,178/55229DC8,178/55229DC8,0.177512,0.164239,1.2,17.2,0.0,5488650.468769968,0.0,11.000020980874979,75588.14417294344,2941891.6112129427,1019.12,1
2026-09-13T21:41:13.996908+00:00,1789335673.990799,F_lat_eastus_rep2,r3-sub-eastus,F01,load,16,1,1000,6,23.2,2352061,2339406,133,408,670,23403313,1931.116,,,1,1.0006093978881836,1923.8276235090043,1919.8300596159986,,178/55511FF0,178/55511FF0,0.164262,0.151388,1.7,17.2,0.0,3242056.297738786,0.0,11.99269167901717,75781.8187197095,3070258.9906549184,1019.12,1
2026-09-13T21:41:14.991273+00:00,1789335674.9908872,F_lat_eastus_rep2,r3-sub-eastus,F01,load,16,1,1000,6,23.2,2354401,2341745,133,408,670,23425364,1933.096,,,1,1.0000882148742676,2339.7935954021696,2338.7936836092626,,178/558D5D80,178/558D5D80,0.138314,0.122259,1.0,17.2,0.0,13609807.412550297,0.0,72.99356088220443,97959.35852750417,3981918.7355394005,1019.11,1
2026-09-13T21:41:15.991515+00:00,1789335675.9911368,F_lat_eastus_rep2,r3-sub-eastus,F01,load,16,1,1000,6,23.2,2356976,2344320,133,408,670,23449599,1935.241,,,1,1.0002496242523193,2574.357377964323,2574.357377964323,,178/55CE1D40,178/55CE1D40,0.099286,0.088225,1.2,17.2,0.0,21498633.419706717,0.0,19.995008760887945,98069.5194695271,4276963.366217511,1019.09,1
2026-09-13T21:41:16.992491+00:00,1789335676.9920924,F_lat_eastus_rep2,r3-sub-eastus,F01,load,16,1,1000,6,23.2,2360221,2347561,133,408,670,23480129,1937.891,,,1,1.000955581665039,3241.902097795495,3237.905916473097,,178/56215FB8,178/56215FB8,0.114337,0.097980,1.8,17.2,0.0,8429704.728719542,0.0,14.985679958993043,136360.6962188613,5496683.470057489,1019.09,1
2026-09-13T21:41:17.992835+00:00,1789335677.9924388,F_lat_eastus_rep2,r3-sub-eastus,F01,load,16,1,1000,6,23.2,2363708,2351046,133,408,670,23512954,1940.736,,,1,1.0003464221954346,3485.792444128676,3483.793136733133,,178/5678CEC0,178/5672FFD8,0.013401,-0.000272,1.4,17.2,0.0,13634956.548417842,0.0,17.993766559884186,156266.86568931423,6069258.474154724,1019.08,1
2026-09-13T21:41:18.992817+00:00,1789335678.9924712,F_lat_eastus_rep2,r3-sub-eastus,F01,load,16,1,1000,6,23.2,2368531,2355866,133,408,670,23558362,1944.684,,,1,1.0000324249267578,4822.843619648868,4819.843716920494,,178/56E6BEA8,178/56E6BEA8,0.066619,0.045735,2.9,17.2,0.0,24825051.04953796,0.0,37.99876789273419,177744.2366561448,6965528.143260125,1019.06,1
2026-09-13T21:41:19.993713+00:00,1789335679.9933238,F_lat_eastus_rep2,r3-sub-eastus,F01,load,16,1,1000,6,23.2,2373053,2360388,133,408,670,23600950,1948.262,,,1,1.0008525848388672,4518.1478956044475,4518.1478956044475,,178/57529B78,178/57529B78,0.067269,0.054427,1.9,17.2,0.0,15576096.056653358,0.0,20.982110970299296,185754.62842005966,7113873.819036275,1019.06,1
2026-09-13T21:41:20.994292+00:00,1789335680.9938877,F_lat_eastus_rep2,r3-sub-eastus,F01,load,16,1,1000,6,23.2,2378533,2365864,133,408,670,23652522,1952.749,,,1,1.0005638599395752,5476.91178884968,5472.914043018403,,178/57C69FC0,178/57C69FC0,0.084891,0.069280,2.5,17.2,0.0,32696315.857316364,0.0,32.981403108036396,202505.81508334348,7678849.204551514,1019.03,1
2026-09-13T21:41:21.995168+00:00,1789335681.9947987,F_lat_eastus_rep2,r3-sub-eastus,F01,load,16,1,1000,6,23.2,2383097,2370426,133,408,670,23695467,1956.556,,,1,1.000910997390747,4559.845992198898,4557.847812535358,,178/58419FE8,178/58419FE8,0.037549,0.022679,1.8,17.2,0.0,8372788.411603752,0.0,15.985437308322167,209280.34615072203,8125009.137875599,1019.03,1
2026-09-13T21:41:22.995403+00:00,1789335682.995037,F_lat_eastus_rep2,r3-sub-eastus,F01,load,16,1,1000,6,23.2,2388539,2375866,133,408,670,23746702,1960.976,,,1,1.0002384185791016,5440.702835360679,5438.703312084178,,178/58B51FC8,178/58B51FC8,0.051853,0.038382,2.7,17.2,0.0,32580008.32070906,0.0,41.98998880653225,198003.79221720286,7643538.63837853,1019.01,1
2026-09-13T21:41:23.995565+00:00,1789335683.9951954,F_lat_eastus_rep2,r3-sub-eastus,F01,load,16,1,1000,6,23.2,2393183,2380507,133,408,670,23790390,1964.697,,,1,1.0001583099365234,4643.264925024458,4640.265399879093,,178/59209DB8,178/59209DB8,0.129649,0.110346,3.1,17.2,0.0,15677006.174147693,0.0,20.99667601755246,185622.6140957452,7090573.491760605,1019.0,1
2026-09-13T21:41:24.995734+00:00,1789335684.9953582,F_lat_eastus_rep2,r3-sub-eastus,F01,load,16,1,1000,6,23.2,2398132,2385454,133,408,670,23836972,1968.663,,,1,1.0001628398895264,4948.194236597157,4946.194562223912,,178/5997FDA0,178/5997FDA0,0.051034,0.036931,1.9,17.2,0.0,33561254.88896152,0.0,37.993813091673466,207392.2282724595,7874019.795486375,1018.98,1
2026-09-13T21:41:25.995811+00:00,1789335685.9954345,F_lat_eastus_rep2,r3-sub-eastus,F01,load,16,1,1000,6,23.2,2398134,2385454,133,408,670,23836972,1968.663,,,1,1.0000762939453125,1.999847423750019,0.0,,178/59FE9D70,178/59FE9D70,0.117225,0.103077,2.0,17.2,0.0,6430229.4124288615,0.0,11.999084542500114,184512.9227811599,6792062.806731665,1018.97,1
2026-09-13T21:41:26.996526+00:00,1789335686.996164,F_lat_eastus_rep2,r3-sub-eastus,F01,load,16,1,1000,6,23.2,2403173,2390491,133,408,670,23884411,1972.764,,,1,1.0007295608520508,5035.326422964508,5033.32788102247,,178/5A6B1640,178/5A609C90,0.014311,-0.000330,2.7,17.2,0.0,34278991.38983419,0.0,37.972296898720245,198036.52030750728,7525811.462576989,1018.95,1
2026-09-13T21:41:27.996595+00:00,1789335687.996213,F_lat_eastus_rep2,r3-sub-eastus,F01,load,16,1,1000,6,23.2,2407960,2395276,133,408,670,23929489,1976.67,,,1,1.0000488758087158,4786.766042938518,4784.766140685358,,178/5AD19FF0,178/5AD19FF0,0.054019,0.040241,7.9,17.4,0.0,7667337.252691078,0.0,17.999120278440216,166488.86272219228,6395725.403748567,1018.94,1
2026-09-13T21:41:29.001624+00:00,1789335688.996421,F_lat_eastus_rep2,r3-sub-eastus,F01,load,16,1,1000,6,23.2,2412727,2400086,146,459,670,24082494,1980.672,,,1,1.0002081394195557,4766.008005860062,4808.999057727481,,178/5B324000,178/5B324000,0.050936,0.039874,3.9,17.3,0.0,15815460.179298274,0.0,47.99001138688546,168957.83321466533,6380596.9462551875,1018.94,1
2026-09-13T21:41:29.997154+00:00,1789335689.9967742,F_lat_eastus_rep2,r3-sub-eastus,F01,load,16,1,1000,6,23.2,2416789,2404144,146,459,670,24120717,1983.807,,,1,1.0003530979156494,4060.566222530468,4056.567634423594,,178/5B955E78,178/5B955E78,0.020181,0.005936,1.6,17.2,0.0,31806497.192137346,0.0,32.98835188170986,171038.6066245053,6533952.874858935,1018.92,1
2026-09-13T21:41:30.997282+00:00,1789335690.9969032,F_lat_eastus_rep2,r3-sub-eastus,F01,load,16,1,1000,6,23.2,2420914,2408269,146,459,670,24159569,1987.219,,,1,1.000128984451294,4124.46800775714,4124.46800775714,,178/5BE57CA0,178/5BE57CA0,0.138862,0.127824,1.6,17.2,0.0,13719830.355209786,0.0,17.997678579303884,140108.9281267842,5289123.785270731,1018.91,1
2026-09-13T21:41:31.997474+00:00,1789335691.9970348,F_lat_eastus_rep2,r3-sub-eastus,F01,load,16,1,1000,6,23.2,2425428,2412779,146,459,670,24202068,1991.03,,,1,1.000131607055664,4513.406003924807,4509.406530283757,,178/5C4B4538,178/5C40DD28,0.013099,-0.000241,1.6,17.2,0.0,6036709.526433327,0.0,12.99828933341216,184499.71853527272,7027453.137583746,1018.91,1
2026-09-13T21:41:32.997934+00:00,1789335692.9975245,F_lat_eastus_rep2,r3-sub-eastus,F01,load,16,1,1000,6,23.2,2429514,2416863,146,459,670,24240524,1994.354,,,1,1.0004897117614746,4084.0000171577353,4082.0009961018577,,178/5CA3DC60,178/5CA3DC60,0.103577,0.088877,2.0,17.2,0.0,31826718.08182619,0.0,29.98531583816252,140089.39657483943,5568623.979342086,1018.89,1
2026-09-13T21:41:33.998640+00:00,1789335693.9982774,F_lat_eastus_rep2,r3-sub-eastus,F01,load,16,1,1000,6,23.2,2433740,2421086,146,459,670,24280264,1997.718,,,1,1.0007529258728027,4222.820529167388,4219.822786245593,,178/5CFFFCB0,178/5CFFFCB0,0.020388,0.005625,1.6,17.2,0.0,6204864.197208694,0.0,14.988714608970849,155687.7786433802,6081234.281370981,1018.88,1
2026-09-13T21:41:34.998849+00:00,1789335694.998467,F_lat_eastus_rep2,r3-sub-eastus,F01,load,16,1,1000,6,23.2,2438178,2425522,146,459,670,24322038,2001.242,,,1,1.0001895427703857,4437.15896859645,4435.159347610152,,178/5D603E78,178/5D603E78,0.067860,0.053461,2.0,17.2,0.0,31643794.14759175,0.0,33.993556767075106,163322.04348741233,6346073.1477145115,1018.86,1
2026-09-13T21:41:35.999331+00:00,1789335695.9989572,F_lat_eastus_rep2,r3-sub-eastus,F01,load,16,1,1000,6,23.2,2442206,2429548,146,459,670,24359949,2004.409,,977489,1,1.0004901885986328,4026.026487717927,4024.02746761479,107073,178/5DC07BA8,178/5DC07BA8,0.104525,0.089585,3.5,17.2,0.0,14631931.593956668,0.0,16.99167087666454,160541.3044829328,6341224.60399775,1018.86,1
2026-09-13T21:41:36.999941+00:00,1789335696.9995978,F_lat_eastus_rep2,r3-sub-eastus,F01,load,16,1,1000,6,23.2,2446231,2433567,146,459,670,24405475,2007.598,,,1,1.000640630722046,4022.423112177272,4016.4269535007343,,178/5E207FF8,178/5E207FF8,0.026389,0.011374,1.7,17.2,0.0,6402042.654791492,0.0,11.992317353075096,165718.83542280647,6349077.585841857,1018.85,1
2026-09-13T21:41:38.000733+00:00,1789335698.0003202,F_lat_eastus_rep2,r3-sub-eastus,F01,load,16,1,1000,6,23.2,2450325,2437656,146,459,670,24449723,2010.962,,,1,1.0007224082946777,4091.0445954503502,4086.0482048843387,,178/5E729830,178/5E723EB0,0.011134,-0.000277,1.4,17.2,0.0,30313077.581318047,0.0,29.97834339606998,136112.67107740295,5560083.3496691,1018.83,1
2026-09-13T21:41:39.001692+00:00,1789335699.0013173,F_lat_eastus_rep2,r3-sub-eastus,F01,load,16,1,1000,6,23.2,2454480,2441808,146,459,670,24488810,2014.291,,,1,1.0009970664978027,4150.861315245544,4147.864303465582,,178/5ED4FC18,178/5ED4FC18,0.131494,0.116848,2.3,17.2,0.0,15594307.43849664,0.0,25.97410209299257,160193.27665067837,6364239.430080272,1018.83,1
2026-09-13T21:41:40.001784+00:00,1789335700.001402,F_lat_eastus_rep2,r3-sub-eastus,F01,load,16,1,1000,6,23.2,2459092,2446418,146,459,670,24532213,2018.045,,,1,1.000084638595581,4611.609679833331,4609.609849096196,,178/5F331120,178/5F321FC8,0.011585,-0.000219,1.4,17.2,0.0,9837759.345865302,0.0,19.99830737135009,164485.07821398592,6457233.4688278595,1018.82,1
2026-09-13T21:41:41.002738+00:00,1789335701.0023606,F_lat_eastus_rep2,r3-sub-eastus,F01,load,16,1,1000,6,23.2,2459094,2446418,146,459,670,24532213,2018.045,,,1,1.0009586811065674,1.9980844741652921,0.0,,178/5F94DBB0,178/5F94DBB0,0.154945,0.141550,1.8,17.2,0.0,23390312.149665404,0.0,24.976055927066152,153968.39341022907,6214332.436902813,1018.8,1
2026-09-13T21:41:42.002982+00:00,1789335702.002607,F_lat_eastus_rep2,r3-sub-eastus,F01,load,16,1,1000,6,23.2,2463235,2450557,146,459,670,24571197,2021.395,,,1,1.000246524810791,4139.979392363619,4137.979885291721,,178/5FF71ED0,178/5FF71ED0,0.141372,0.120111,1.8,17.2,0.0,18316892.43155903,0.0,81.97978994779443,172197.54903180627,6459273.628790815,1018.79,1
2026-09-13T21:41:43.003078+00:00,1789335703.0027077,F_lat_eastus_rep2,r3-sub-eastus,F01,load,16,1,1000,6,23.2,2467342,2454662,146,459,670,24609857,2024.701,,,1,1.0001006126403809,4106.586825456538,4104.587026661575,,178/60639CA0,178/60639CA0,0.046703,0.032004,2.1,17.2,0.0,32740129.92908142,0.0,31.996780719408132,180323.8571406094,7160095.603875915,1018.77,1
2026-09-13T21:41:44.009708+00:00,1789335704.0036829,F_lat_eastus_rep2,r3-sub-eastus,F01,load,16,1,1000,6,23.2,2471895,2459212,146,459,670,24652717,2028.503,,,1,1.0009751319885254,4548.564549206197,4545.567471752294,,178/60C87E68,178/60C87E68,0.017752,0.004575,1.7,17.2,0.0,6342615.1131123,0.0,17.982464723415667,174286.04809934465,6646940.355833206,1018.77,1
2026-09-13T21:41:45.004361+00:00,1789335705.0039823,F_lat_eastus_rep2,r3-sub-eastus,F01,load,16,1,1000,6,23.2,2476123,2463438,146,459,670,24692529,2031.904,,,1,1.0002994537353516,4226.734288628932,4224.734887357111,,178/6120FBC8,178/6120FBC8,0.099933,0.084282,4.5,17.2,0.0,14937734.83950462,0.0,19.994012718206868,149277.2983554043,5839382.375135619,1018.76,1
2026-09-13T21:41:46.005066+00:00,1789335706.0046837,F_lat_eastus_rep2,r3-sub-eastus,F01,load,16,1,1000,6,23.2,2480542,2467857,146,459,670,24734141,2035.513,,,1,1.0007014274597168,4415.902564681698,4415.902564681698,,178/61843C40,178/61843C40,0.071368,0.060261,1.6,17.2,0.0,31206015.24399952,0.0,29.97897192587711,170157.6467540859,6550518.286598403,1018.74,1
2026-09-13T21:41:47.005262+00:00,1789335707.004899,F_lat_eastus_rep2,r3-sub-eastus,F01,load,16,1,1000,6,23.2,2484704,2472015,146,459,670,24773287,2038.992,,,1,1.0002152919769287,4161.104147661844,4157.105008644388,,178/61E8BD20,178/61E8BD20,0.061390,0.047856,2.3,17.2,0.0,7289310.669895431,0.0,13.996986561092218,171623.05093407785,6619463.882534521,1018.73,1
2026-09-13T21:41:48.005701+00:00,1789335708.0053198,F_lat_eastus_rep2,r3-sub-eastus,F01,load,16,1,1000,6,23.2,2488915,2476224,146,459,670,24812924,2042.326,,,1,1.0004208087921143,4209.228719546795,4207.229560810368,,178/62421C88,178/62421C88,0.142225,0.122874,1.6,17.2,0.0,30465515.843076937,0.0,34.98527788747039,146908.17974632923,5912527.956252388,1018.71,1
2026-09-13T21:41:49.005747+00:00,1789335709.0053797,F_lat_eastus_rep2,r3-sub-eastus,F01,load,16,1,1000,6,23.2,2493365,2480671,146,459,670,24854822,2046.131,,,1,1.0000598430633545,4449.733714303425,4446.733893821872,,178/62A67D28,178/62A67D28,0.110060,0.095790,2.1,17.2,0.0,15858762.963043278,0.0,21.998683531387716,171520.73567374848,6595522.303740921,1018.71,1
2026-09-13T21:41:50.006245+00:00,1789335710.0058475,F_lat_eastus_rep2,r3-sub-eastus,F01,load,16,1,1000,6,23.2,2497561,2484865,146,459,670,24894332,2049.628,,,1,1.0004677772521973,4194.0381243705715,4192.039059487649,,178/630FFFF0,178/630FFFF0,0.018841,0.005450,1.6,17.2,0.0,15446982.253086912,0.0,23.98877859506523,176371.49742556835,6968140.462401574,1018.7,1
2026-09-13T21:41:51.006348+00:00,1789335711.0059676,F_lat_eastus_rep2,r3-sub-eastus,F01,load,16,1,1000,6,23.2,2501992,2489294,146,459,670,24936031,2053.088,,,1,1.0001201629638672,4430.467621879237,4428.4678621762905,,178/6362BF38,178/6362BF38,0.158007,0.143340,1.4,17.2,0.0,22422905.597204927,0.0,25.996876138311933,138319.37913344306,5473294.312733265,1018.68,1
2026-09-13T21:41:52.006453+00:00,1789335712.0060525,F_lat_eastus_rep2,r3-sub-eastus,F01,load,16,1,1000,6,23.2,2506155,2493454,146,459,670,24975199,2056.436,,,1,1.0000848770141602,4162.646686978205,4159.646941587637,,178/63C61FC0,178/63C61FC0,0.126592,0.112372,2.0,17.2,0.0,14654244.19150825,0.0,17.998472343408046,167571.77700791004,6554599.665151407,1018.67,1
2026-09-13T21:41:53.006596+00:00,1789335713.006215,F_lat_eastus_rep2,r3-sub-eastus,F01,load,16,1,1000,6,23.2,2510332,2497629,146,459,670,25014516,2059.831,,,1,1.0001626014709473,4176.320924074597,4174.321249224669,,178/6430DC38,178/6430DC38,0.017095,0.003605,2.5,17.2,0.0,24199329.153483707,0.0,26.995610474027803,184388.01823700962,7073594.823076882,1018.65,1
2026-09-13T21:41:54.006620+00:00,1789335714.0062585,F_lat_eastus_rep2,r3-sub-eastus,F01,load,16,1,1000,6,23.2,2514811,2502105,146,459,670,25056665,2063.534,,,1,1.0000433921813965,4478.805654852585,4475.805785023481,,178/64841F88,178/64841F88,0.158134,0.139264,1.4,17.2,0.0,13651375.637032047,0.0,23.998958632833677,138386.9950864063,5470505.622827684,1018.65,1
2026-09-13T21:41:55.006645+00:00,1789335715.0062761,F_lat_eastus_rep2,r3-sub-eastus,F01,load,16,1,1000,6,23.2,2518990,2506284,146,459,670,25096026,2066.872,,,1,1.0000176429748535,4178.926271308881,4178.926271308881,,178/64E73B60,178/64E73B60,0.128891,0.113611,2.0,17.3,0.0,7196545.031536977,0.0,20.99962950406473,164292.10139858638,6561151.241773631,1018.64,1
2026-09-13T21:41:56.006715+00:00,1789335716.0063167,F_lat_eastus_rep2,r3-sub-eastus,F01,load,16,1,1000,6,23.2,2523478,2510769,146,459,670,25138247,2070.45,,,1,1.0000405311584473,4487.818103533363,4484.8182251219105,,178/65521E48,178/65521E48,0.018799,0.004040,1.9,17.2,0.0,31759096.767016795,0.0,32.99866252598061,178396.76937227408,7066726.577385388,1018.62,1
2026-09-13T21:41:57.007197+00:00,1789335717.0067809,F_lat_eastus_rep2,r3-sub-eastus,F01,load,16,1,1000,6,23.2,2527645,2514934,146,459,670,25177495,2073.925,,,1,1.0004642009735107,4165.06657204252,4163.067500013703,,178/65A4DC20,178/65A4DC20,0.156865,0.144370,1.9,17.2,0.0,14484924.084138913,0.0,16.992112244953887,142269.95814692686,5479240.531211312,1018.62,1
2026-09-13T21:41:58.007258+00:00,1789335718.0068815,F_lat_eastus_rep2,r3-sub-eastus,F01,load,16,1,1000,6,23.2,2531832,2519119,146,459,670,25216895,2077.342,,,1,1.0001006126403809,4186.5787772550575,4184.578978460095,,178/660FFFF8,178/660FFFF8,0.037610,0.024786,2.3,17.3,0.0,7142705.353554917,0.0,13.998591564741059,183011.5867210397,7073989.267261795,1018.61,1
2026-09-13T21:41:59.012531+00:00,1789335719.0071106,F_lat_eastus_rep2,r3-sub-eastus,F01,load,16,1,1000,6,23.2,2536324,2523608,146,459,670,25259164,2080.916,,,1,1.0002291202545166,4490.971027575135,4487.971714778447,,178/6672DE30,178/6672DE30,0.016543,0.005457,2.9,17.2,0.0,31794059.337032583,0.0,32.992440763575125,171374.73457719595,6535671.54527211,1018.59,1
2026-09-13T21:42:00.007466+00:00,1789335720.0071063,F_lat_eastus_rep2,r3-sub-eastus,F01,load,16,1,1000,6,23.2,2536326,2523608,146,459,670,25259164,2080.916,,,1,0.9999957084655762,2.000008583105682,0.0,,178/66C65FD8,178/66C65FD8,0.160089,0.139616,1.2,17.2,0.0,13697082.781502264,0.0,18.00007724795114,143253.61477781917,5510099.646782313,1018.59,1
2026-09-13T21:42:01.007571+00:00,1789335721.0071952,F_lat_eastus_rep2,r3-sub-eastus,F01,load,16,1,1000,6,23.2,2540509,2527791,146,459,670,25298554,2084.324,,,1,1.0000889301300049,4182.628038344788,4182.628038344788,,178/67313BD0,178/67313BD0,0.024911,0.013838,2.2,17.2,0.0,32556208.77212143,0.0,32.99706556666938,187632.31383393763,7070728.199222014,1018.56,1
2026-09-13T21:42:02.007640+00:00,1789335722.007264,F_lat_eastus_rep2,r3-sub-eastus,F01,load,16,1,1000,6,23.2,2545006,2532284,146,459,670,25340863,2088.125,,,1,1.0000686645507812,4496.691236716229,4492.691511355574,,178/67945FD8,178/67945FD8,0.035233,0.021941,1.9,17.2,0.0,6446661.342894851,0.0,14.998970102455733,168411.43610439348,6461638.314507823,1018.56,1
2026-09-13T21:42:03.007825+00:00,1789335723.0074127,F_lat_eastus_rep2,r3-sub-eastus,F01,load,16,1,1000,6,23.2,2549622,2536897,146,459,670,25384304,2092.077,,,1,1.0001487731933594,4615.313365092321,4612.313811345511,,178/6810BFD0,178/6810BFD0,0.092598,0.081559,2.0,17.2,0.0,14481301.570521353,0.0,18.997173729799414,164099.5863805052,5886184.293565945,1018.55,1
2026-09-13T21:42:04.007807+00:00,1789335724.0074189,F_lat_eastus_rep2,r3-sub-eastus,F01,load,16,1,1000,6,23.2,2553546,2540818,146,459,670,25421235,2095.755,,,1,1.0000061988830566,3923.975675733669,3920.9756943302027,,178/68753C68,178/68753C68,0.082966,0.067133,1.8,17.2,0.0,31936314.030524064,0.0,32.99979543812719,167614.96097445837,6568778.280911611,1018.53,1
2026-09-13T21:42:05.008167+00:00,1789335725.0078187,F_lat_eastus_rep2,r3-sub-eastus,F01,load,16,1,1000,6,23.2,2557935,2545207,146,459,670,25462586,2099.45,,,1,1.0003998279571533,4387.2458564516855,4387.2458564516855,,178/68D83EF8,178/68D83EF8,0.082000,0.068152,1.8,17.2,0.0,6108789.535159478,0.0,17.9928059731443,168121.78021206483,6374102.455636477,1018.53,1
2026-09-13T21:42:06.008366+00:00,1789335726.008,F_lat_eastus_rep2,r3-sub-eastus,F01,load,16,1,1000,6,23.2,2561780,2549049,146,459,670,25498799,2102.617,,1098657,1,1.0001811981201172,3844.303419447236,3841.303962943116,121168,178/6941BFF8,178/6941BFF8,0.069745,0.054092,5.0,17.3,0.0,30476909.641266022,0.0,70.98713726417523,181746.06795414802,6969087.2144978,1018.5,1
2026-09-13T21:42:07.009025+00:00,1789335727.0086622,F_lat_eastus_rep2,r3-sub-eastus,F01,load,16,1,1000,6,23.2,2566231,2553494,146,459,670,25566607,2106.459,,,1,1.0006623268127441,4448.053934614572,4442.05790594513,,178/69975FE8,178/69975FE8,0.035516,0.020888,1.7,17.3,0.0,5362208.465557737,0.0,9.993381115737076,148389.7175113567,5641713.341983788,1018.5,1
2026-09-13T21:42:08.009513+00:00,1789335728.0091808,F_lat_eastus_rep2,r3-sub-eastus,F01,load,16,1,1000,6,23.2,2570527,2557785,146,459,670,25625830,2109.915,,,1,1.000518560409546,4293.773419097296,4288.776010555515,,178/69EB1BA8,178/69EB1BA8,0.107358,0.096189,1.6,17.3,0.0,15454385.967283525,0.0,29.984451250679438,150029.2007961913,5534025.273587691,1018.5,1
2026-09-13T21:42:09.009676+00:00,1789335729.0092807,F_lat_eastus_rep2,r3-sub-eastus,F01,load,16,1,1000,6,23.2,2574846,2562101,146,459,670,25666480,2113.6,,,1,1.0000998973846436,4318.568586292826,4315.568885955044,,178/6A423BD8,178/6A423BD8,0.144250,0.130382,2.0,17.2,0.0,30487578.370656654,0.0,30.99690349040926,152939.72172179187,5719082.678597848,1018.48,1
2026-09-13T21:42:10.010596+00:00,1789335730.0102305,F_lat_eastus_rep2,r3-sub-eastus,F01,load,16,1,1000,6,23.2,2579011,2566264,146,459,670,25705660,2117.146,,,1,1.0009498596191406,4161.047588921961,4159.049486838445,,178/6AA53CB8,178/6AA53CB8,0.037284,0.023677,1.2,17.3,0.0,7243040.128661969,0.0,19.981020835159473,176064.76319109122,6550191.237845521,1018.47,1
2026-09-13T21:42:11.011083+00:00,1789335731.0106905,F_lat_eastus_rep2,r3-sub-eastus,F01,load,16,1,1000,6,23.2,2583265,2570516,146,459,670,25745701,2120.587,,,1,1.000459909439087,4252.0444446245,4250.04536402054,,178/6AFA3CC0,178/6AFA3CC0,0.092020,0.074569,1.8,17.2,0.0,13919998.061499445,0.0,15.992644831685944,143298.09585311398,5598277.299427368,1018.46,1
2026-09-13T21:42:12.011766+00:00,1789335732.0113757,F_lat_eastus_rep2,r3-sub-eastus,F01,load,16,1,1000,6,23.2,2583267,2570516,146,459,670,25745701,2120.587,,,1,1.000685214996338,1.9986305084035034,0.0,,178/6B523FE0,178/6B523FE0,0.119539,0.105824,1.6,17.2,0.0,31181961.65226064,0.0,29.979457626052554,151583.13296410113,5801944.420675035,1018.44,1
2026-09-13T21:42:13.011917+00:00,1789335733.0115469,F_lat_eastus_rep2,r3-sub-eastus,F01,load,16,1,1000,6,23.2,2587672,2574919,146,459,670,25787211,2124.399,,,1,1.000171184539795,4404.246061164876,4402.2464034753575,,178/6BB45FD8,178/6BB45FD8,0.070606,0.056513,1.8,17.3,0.0,6552478.3170147855,0.0,11.997946137112034,164644.81535305417,6479910.739462153,1018.44,1
2026-09-13T21:42:14.012406+00:00,1789335734.0120244,F_lat_eastus_rep2,r3-sub-eastus,F01,load,16,1,1000,6,23.2,2591793,2579037,146,459,670,25825961,2127.848,,,1,1.0004775524139404,4119.032945873598,4116.034377846998,,178/6C0FFB48,178/6C0FFB48,0.085789,0.071311,1.6,17.3,0.0,14501106.961365791,0.0,17.991408159603193,165347.03812280655,6048547.501539806,1018.43,1
2026-09-13T21:42:15.018958+00:00,1789335735.0120344,F_lat_eastus_rep2,r3-sub-eastus,F01,load,16,1,1000,6,23.2,2596324,2583566,146,459,670,25868621,2131.484,,,1,1.0000100135803223,4530.954628921887,4528.954648948847,,178/6C72BDE8,178/6C72BDE8,0.061692,0.046868,1.8,17.2,0.0,31731394.255134888,0.0,33.99965954167825,169330.30439739593,6485274.059187297,1018.41,1
2026-09-13T21:42:16.012720+00:00,1789335736.0123591,F_lat_eastus_rep2,r3-sub-eastus,F01,load,16,1,1000,6,23.2,2600443,2587683,146,459,670,25907394,2134.988,,,1,1.0003247261047363,4117.662887369967,4115.6635366113505,,178/6CD4A000,178/6CD4A000,0.026402,0.012780,2.0,17.3,0.0,6273034.98178549,0.0,11.996104551696918,170722.5619274747,6437900.445665599,1018.41,1
2026-09-13T21:42:17.013611+00:00,1789335737.013246,F_lat_eastus_rep2,r3-sub-eastus,F01,load,16,1,1000,6,23.2,2604528,2591768,146,459,670,25945875,2138.39,,,1,1.0008869171142578,4081.3801540915442,4081.3801540915442,,178/6D31FFF8,178/6D31FFF8,0.067149,0.052436,1.8,17.3,0.0,31531713.983226392,0.0,30.972529933130446,154824.6833386374,6154429.531120355,1018.39,1
2026-09-13T21:42:18.013702+00:00,1789335738.0133288,F_lat_eastus_rep2,r3-sub-eastus,F01,load,16,1,1000,6,23.2,2609177,2596413,146,459,670,25989600,2142.294,,,1,1.0000827312469482,4648.615414250196,4644.615745147808,,178/6D967F00,178/6D967F00,0.039574,0.025526,1.6,17.2,0.0,15407877.287099212,0.0,20.99826278753584,173694.63002666968,6628422.6223311545,1018.38,1
2026-09-13T21:42:19.014195+00:00,1789335739.0138416,F_lat_eastus_rep2,r3-sub-eastus,F01,load,16,1,1000,6,23.2,2613388,2600621,146,459,670,26029233,2145.935,,,1,1.0005128383636475,4208.841544589422,4205.843082315907,,178/6DF6BC58,178/6DEADE78,0.012467,-0.000217,3.3,17.2,0.0,14009327.479419652,0.0,16.991286216580423,168999.3306598069,6581983.5063490495,1018.37,1
2026-09-13T21:42:20.014854+00:00,1789335740.0144937,F_lat_eastus_rep2,r3-sub-eastus,F01,load,16,1,1000,6,23.2,2617815,2605046,146,459,670,26070911,2149.721,,,1,1.0006520748138428,4424.1151459397925,4422.116449239571,,178/6E543EA0,178/6E543EA0,0.102807,0.087845,2.2,17.3,0.0,23929612.102642838,0.0,35.976540603982954,162116.28805164783,5914295.436903969,1018.35,1
2026-09-13T21:42:21.014898+00:00,1789335741.0145173,F_lat_eastus_rep2,r3-sub-eastus,F01,load,16,1,1000,6,23.2,2622045,2609274,146,459,670,26110717,2153.234,,,1,1.000023603439331,4229.900159808201,4227.900207013966,,178/6EB8FFE8,178/6EB8FFE8,0.072766,0.058450,1.7,17.3,0.0,14950047.12746963,0.0,17.999575148120005,164798.11019780408,6656519.88323678,1018.35,1
2026-09-13T21:42:22.015815+00:00,1789335742.0154576,F_lat_eastus_rep2,r3-sub-eastus,F01,load,16,1,1000,6,23.2,2626275,2613502,146,459,670,26150525,2156.745,,,1,1.0009403228759766,4226.026170917011,4224.02804979601,,178/6F1EC5E0,178/6F0FFFD0,0.012959,-0.000225,2.2,17.3,0.0,22760549.734414928,0.0,24.976514012511885,172490.8029520886,6824072.168832332,1018.33,1
2026-09-13T21:42:23.016526+00:00,1789335743.0161326,F_lat_eastus_rep2,r3-sub-eastus,F01,load,16,1,1000,6,23.2,2630612,2617837,146,459,670,26191358,2160.484,,,1,1.0006749629974365,4334.074659976389,4332.076008991848,,178/6F741FE0,178/6F741FE0,0.153541,0.138180,1.6,17.3,0.0,14964875.262936264,0.0,17.987858860865806,139905.56891784514,5547697.509460144,1018.32,1
2026-09-13T21:42:24.016854+00:00,1789335744.0164855,F_lat_eastus_rep2,r3-sub-eastus,F01,load,16,1,1000,6,23.2,2634824,2622046,146,459,670,26230978,2163.951,,,1,1.0003528594970703,4210.514280048735,4207.515338253828,,178/6FD85FC8,178/6FD85FC8,0.121355,0.107181,1.8,17.3,0.0,15174421.561239569,0.0,20.992592564345543,168039.70559399624,6616938.1505320575,1018.32,1
2026-09-13T21:42:25.017790+00:00,1789335745.0174432,F_lat_eastus_rep2,r3-sub-eastus,F01,load,16,1,1000,6,23.2,2639274,2626494,146,459,670,26272897,2167.682,,,1,1.000957727432251,4445.742190747206,4443.744104369342,,178/7041FF80,178/7041FF80,0.026913,0.013485,1.6,17.3,0.0,23725885.06901497,0.0,39.96172755727825,188531.43826972734,6965233.205087462,1018.29,1
2026-09-13T21:42:26.018612+00:00,1789335746.0181978,F_lat_eastus_rep2,r3-sub-eastus,F01,load,16,1,1000,6,23.2,2643449,2630667,146,459,670,26312206,2171.253,,,1,1.0007545948028564,4171.8519422061245,4169.853450257762,,178/70978DF0,178/70955EC0,0.011655,-0.000237,1.0,17.3,0.0,13604837.860057097,0.0,16.98718156107883,154320.55051460772,5838565.2490069615,1018.29,1
2026-09-13T21:42:27.019437+00:00,1789335747.0190916,F_lat_eastus_rep2,r3-sub-eastus,F01,load,16,1,1000,6,23.2,2647632,2634848,146,459,670,26351603,2174.895,,,1,1.0008938312530518,4179.264442826234,4177.266228892298,,178/70F89ED8,178/70F89ED8,0.139414,0.125452,8.4,17.3,0.0,33765914.96991201,0.0,38.965171711743515,163903.49793106472,6204535.192534253,1018.27,1
2026-09-13T21:42:28.019519+00:00,1789335748.0191233,F_lat_eastus_rep2,r3-sub-eastus,F01,load,16,1,1000,6,23.2,2652114,2639328,146,459,670,26393793,2178.688,,,1,1.0000317096710205,4481.857881761009,4479.85794517834,,178/71631F00,178/71631F00,0.030292,0.016209,6.6,17.5,0.0,13844041.010013979,0.0,53.99828773206035,184095.16240296373,7042604.6813224275,1018.26,1
2026-09-13T21:42:29.019487+00:00,1789335749.019118,F_lat_eastus_rep2,r3-sub-eastus,F01,load,16,1,1000,6,23.2,2656279,2643533,159,510,670,26544823,2182.236,,,1,0.9999947547912598,4165.021846408992,4205.022056218442,,178/71B96280,178/71B5BC08,0.012314,-0.000255,5.7,17.3,0.0,5529629.0040583825,0.0,13.000068188071284,158370.83068806533,5938088.146511846,1018.26,1
2026-09-13T21:42:30.026587+00:00,1789335750.020055,F_lat_eastus_rep2,r3-sub-eastus,F01,load,16,1,1000,6,23.2,2656281,2643533,159,510,670,26544823,2182.236,,,1,1.0009369850158691,1.9981277842064067,0.0,,178/72207B48,178/72207B48,0.068610,0.053822,1.7,17.3,0.0,33338873.974639814,0.0,65.93821687881142,173852.10318433895,6542247.012579098,1018.24,1
2026-09-13T21:42:31.020541+00:00,1789335751.0201726,F_lat_eastus_rep2,r3-sub-eastus,F01,load,16,1,1000,6,23.2,2660747,2647998,159,510,670,26586870,2186.018,,,1,1.000117540359497,4465.475126448312,4464.475243974857,,178/72833CF0,178/72833CF0,0.031301,0.016493,1.8,17.3,0.0,14874923.59613302,0.0,20.99753194254692,167416.32182534697,6519814.658641169,1018.23,1
2026-09-13T21:42:32.020887+00:00,1789335752.0204802,F_lat_eastus_rep2,r3-sub-eastus,F01,load,16,1,1000,6,23.2,2664890,2652141,159,510,670,26625880,2189.503,,,1,1.000307559967041,4141.726170835405,4141.726170835405,,178/72D9E8F0,178/72D5BE80,0.011726,-0.000248,1.7,17.3,0.0,5478762.951847104,0.0,12.996002949761106,147404.66422632887,5917302.074768912,1018.23,1
2026-09-13T21:42:33.021746+00:00,1789335753.0213706,F_lat_eastus_rep2,r3-sub-eastus,F01,load,16,1,1000,6,23.2,2669057,2656304,159,510,670,26665104,2193.105,,,1,1.0008904933929443,4163.292615433063,4159.296174237543,,178/7341DF40,178/7341DF40,0.051696,0.035528,2.1,17.3,0.0,34232556.13493824,0.0,45.95907374848114,170785.91626995365,6673565.234251516,1018.21,1
2026-09-13T21:42:34.022227+00:00,1789335754.0218747,F_lat_eastus_rep2,r3-sub-eastus,F01,load,16,1,1000,6,23.2,2673589,2660833,159,510,670,26707799,2196.925,,,1,1.0005040168762207,4529.716946214605,4526.718457503518,,178/73A4DD78,178/73A4DD78,0.019210,0.004069,1.9,17.3,0.0,14820050.444469545,0.0,20.989420977605185,168691.97639701288,6542972.231574643,1018.2,1
2026-09-13T21:42:35.022386+00:00,1789335755.0220222,F_lat_eastus_rep2,r3-sub-eastus,F01,load,16,1,1000,6,23.2,2677751,2664993,159,510,670,26746972,2200.297,,,1,1.0001475811004639,4161.385858095608,4159.386153214255,,178/73F77FE8,178/73F77FE8,0.157454,0.144102,2.1,17.2,0.0,30604891.29646289,0.0,29.995573220295103,139665.38802833806,5463907.630499058,1018.18,1
2026-09-13T21:42:36.023201+00:00,1789335756.022826,F_lat_eastus_rep2,r3-sub-eastus,F01,load,16,1,1000,6,23.2,2682291,2669531,159,510,670,26789739,2204.199,,1218865,1,1.0008037090301514,4536.354091252896,4534.355697380097,120208,178/74641E60,178/74641E60,0.108020,0.095175,4.9,17.3,0.0,7383250.015290845,0.0,15.98715098238906,187868.00878486305,7149047.246171273,1018.17,1
2026-09-13T21:42:37.023583+00:00,1789335757.0231917,F_lat_eastus_rep2,r3-sub-eastus,F01,load,16,1,1000,6,23.2,2686477,2673711,159,510,670,26837105,2207.62,,,1,1.0003657341003418,4184.469596776616,4178.471790378942,,178/74BE38D8,178/74B73EF0,0.013659,-0.000230,2.1,17.3,0.0,13577370.292690996,0.0,14.994515994182807,162846.44150322294,6310475.044087022,1018.17,1
2026-09-13T21:42:38.023702+00:00,1789335758.0233014,F_lat_eastus_rep2,r3-sub-eastus,F01,load,16,1,1000,6,23.2,2690662,2677891,159,510,670,26882544,2211.205,,,1,1.0001096725463867,4184.541070725314,4179.541619027912,,178/75205E38,178/75205E38,0.082643,0.069177,2.3,17.3,0.0,32780788.84741454,0.0,37.995832900253745,167194.6633355297,6142931.289083248,1018.15,1
2026-09-13T21:42:39.023679+00:00,1789335759.0233035,F_lat_eastus_rep2,r3-sub-eastus,F01,load,16,1,1000,6,23.2,2695085,2682311,159,510,670,26924164,2214.927,,,1,1.000002145767212,4422.990509291986,4419.990515729274,,178/7583FF08,178/7583FF08,0.051211,0.037743,2.0,17.3,0.0,6496242.060576785,0.0,14.999967813560886,165341.64521531895,6570115.902060719,1018.14,1
2026-09-13T21:42:40.023797+00:00,1789335760.0234077,F_lat_eastus_rep2,r3-sub-eastus,F01,load,16,1,1000,6,23.2,2699276,2686499,159,510,670,26963604,2218.414,,,1,1.0001041889190674,4190.56338973014,4187.563702264335,,178/75E79D50,178/75E79D50,0.019885,0.006315,2.0,17.3,0.0,31838986.73038836,0.0,32.99656212385938,168168.4787079822,6590452.347893707,1018.12,1
2026-09-13T21:42:41.024165+00:00,1789335761.0237648,F_lat_eastus_rep2,r3-sub-eastus,F01,load,16,1,1000,6,23.2,2703759,2690980,159,510,670,27005821,2222.885,,,1,1.0003571510314941,4481.3994635590525,4479.400177606093,,178/76421BB0,178/76421BB0,0.080272,0.067128,2.1,17.2,0.0,14678917.409505978,0.0,25.990717388475435,156493.10832494003,5967014.874482637,1018.12,1
2026-09-13T21:42:42.024227+00:00,1789335762.0238535,F_lat_eastus_rep2,r3-sub-eastus,F01,load,16,1,1000,6,23.2,2707945,2695164,159,510,670,27045237,2226.315,,,1,1.0000886917114258,4185.628769421047,4183.628946788739,,178/76A55C98,178/76A55C98,0.052295,0.038351,1.6,17.2,0.0,14768866.123987645,0.0,20.99813763923602,175833.4050343817,6557338.418433271,1018.11,1
2026-09-13T21:42:43.025200+00:00,1789335763.0248091,F_lat_eastus_rep2,r3-sub-eastus,F01,load,16,1,1000,6,23.2,2712049,2699266,159,510,670,27083873,2229.821,,,1,1.000955581665039,4100.082036780496,4098.083946119297,,178/76FFFB90,178/76FFFB90,0.029671,0.018589,2.1,17.3,0.0,23099846.210496027,0.0,25.97517859558794,149272.3580715297,5967325.732940286,1018.09,1
2026-09-13T21:42:44.025269+00:00,1789335764.0249043,F_lat_eastus_rep2,r3-sub-eastus,F01,load,16,1,1000,6,23.2,2716608,2703823,159,510,670,27126806,2233.623,,,1,1.0000951290130615,4558.566348082331,4556.56653832226,,178/77639CE0,178/77639CE0,0.082179,0.067601,1.8,17.3,0.0,15014507.68470235,0.0,17.998287840640923,164228.3771165682,6570145.988496444,1018.08,1
2026-09-13T21:42:45.031173+00:00,1789335765.024899,F_lat_eastus_rep2,r3-sub-eastus,F01,load,16,1,1000,6,23.2,2720768,2707980,159,510,670,27165965,2236.87,,,1,0.9999947547912598,4160.021820182811,4157.021804447102,,178/77C6BF88,178/77C6BF88,0.060484,0.045742,1.6,17.3,0.0,17502299.803215902,0.0,19.0000996594888,162858.85422868564,6546645.338521349,1018.06,1
2026-09-13T21:42:46.025839+00:00,1789335766.0254834,F_lat_eastus_rep2,r3-sub-eastus,F01,load,16,1,1000,6,23.2,2720769,2707980,159,510,670,27165965,2236.87,,,1,1.000584363937378,0.9994159773444006,0.0,,178/78213FB8,178/78213FB8,0.116097,0.102575,1.6,17.3,0.0,20345230.980717245,0.0,25.984815410954415,154418.763243506,5972482.89637875,1018.06,1
2026-09-13T21:42:47.026656+00:00,1789335767.0262716,F_lat_eastus_rep2,r3-sub-eastus,F01,load,16,1,1000,6,23.2,2725260,2712471,159,510,670,27208265,2240.503,,,1,1.0007882118225098,4487.46292866655,4487.46292866655,,178/78845FD8,178/78845FD8,0.085921,0.072039,2.3,17.3,0.0,14684873.209324354,0.0,18.985035770355037,163988.74213469093,6545017.1401116345,1018.05,1
2026-09-13T21:42:48.027058+00:00,1789335768.026687,F_lat_eastus_rep2,r3-sub-eastus,F01,load,16,1,1000,6,23.2,2729426,2716633,159,510,670,27247448,2243.82,,,1,1.000415325164795,4164.270473679268,4160.272134290234,,178/78E79CB8,178/78E79CB8,0.056044,0.041648,2.1,17.3,0.0,23882049.18398702,0.0,27.988375723240402,164250.78251668357,6548521.234339185,1018.03,1
2026-09-13T21:42:49.028014+00:00,1789335769.0276468,F_lat_eastus_rep2,r3-sub-eastus,F01,load,16,1,1000,6,23.2,2733591,2720795,159,510,670,27286639,2247.343,,,1,1.000959873199463,4161.005961894372,4158.008838752552,,178/7941DEF0,178/7941DEF0,0.109762,0.098681,2.0,17.3,0.0,14395909.752047123,0.0,18.981779898197615,151522.55755788612,5951325.482168386,1018.03,1
2026-09-13T21:42:50.028530+00:00,1789335770.028144,F_lat_eastus_rep2,r3-sub-eastus,F01,load,16,1,1000,6,23.2,2738072,2725274,159,510,670,27328822,2251.048,,,1,1.0004971027374268,4478.7735893884,4476.774583099898,,178/79A51DF8,178/79A51DF8,0.079682,0.068594,1.9,17.3,0.0,14795589.072170382,0.0,21.989069173520377,164063.4436130683,6545545.191567321,1018.02,1
2026-09-13T21:42:51.029419+00:00,1789335771.029052,F_lat_eastus_rep2,r3-sub-eastus,F01,load,16,1,1000,6,23.2,2742235,2729435,159,510,670,27368022,2254.635,,,1,1.0009081363677979,4159.222858460456,4157.224673085265,,178/79FFFDA0,178/79FFFDA0,0.061179,0.048268,2.0,17.3,0.0,23109125.76246709,0.0,27.974595252676618,153970.17408535694,6007524.348658552,1018.0,1
2026-09-13T21:42:52.030205+00:00,1789335772.0298095,F_lat_eastus_rep2,r3-sub-eastus,F01,load,16,1,1000,6,23.2,2746774,2733972,159,510,670,27410770,2258.343,,,1,1.0007574558258057,4535.564510238402,4533.566024003444,,178/7A639E50,178/7A639E50,0.107081,0.091304,1.6,17.3,0.0,15029128.099364357,0.0,20.98410546706465,164734.2211045148,6568890.355730973,1017.99,1
2026-09-13T21:42:53.031071+00:00,1789335773.0306828,F_lat_eastus_rep2,r3-sub-eastus,F01,load,16,1,1000,6,23.2,2750934,2738130,159,510,670,27449945,2261.841,,,1,1.000873327255249,4156.370128683718,4154.371873814158,,178/7AC6FC30,178/7AC6FC30,0.074152,0.060626,1.8,17.3,0.0,30157086.993989233,0.0,27.975568173832716,175648.60128914783,6576633.44676316,1017.97,1
2026-09-13T21:42:54.032020+00:00,1789335774.0316298,F_lat_eastus_rep2,r3-sub-eastus,F01,load,16,1,1000,6,23.2,2755098,2742291,159,510,670,27489176,2265.335,,,1,1.0009469985961914,4160.0604286140315,4157.063266921946,,178/7B211FF8,178/7B211FF8,0.138097,0.124226,2.1,17.3,0.0,7664549.682210508,0.0,16.983916255148543,154854.3531449576,5955737.924546171,1017.97,1
2026-09-13T21:42:55.033014+00:00,1789335775.0326173,F_lat_eastus_rep2,r3-sub-eastus,F01,load,16,1,1000,6,23.2,2759594,2746785,159,510,670,27531497,2269.066,,,1,1.0009875297546387,4491.564446464239,4489.566419575242,,178/7B847F18,178/7B847F18,0.106238,0.092489,1.4,17.3,0.0,14890639.05087168,0.0,27.972376445951667,171145.98824422178,6553087.6309796525,1017.96,1
2026-09-13T21:42:56.033072+00:00,1789335776.0327063,F_lat_eastus_rep2,r3-sub-eastus,F01,load,16,1,1000,6,23.2,2763747,2750936,159,510,670,27570570,2272.35,,,1,1.0000889301300049,4152.630706011452,4150.630883855896,,178/7BE77FC8,178/7BE77FC8,0.076945,0.062675,2.0,17.3,0.0,29664689.91526928,0.0,102.99084101111957,172442.66465141418,6548959.60017136,1017.94,1
2026-09-13T21:42:57.033203+00:00,1789335777.0328078,F_lat_eastus_rep2,r3-sub-eastus,F01,load,16,1,1000,6,23.2,2768242,2755428,159,510,670,27612900,2276.126,,,1,1.0001015663146973,4494.543505779871,4491.543810447872,,178/7C41DE60,178/7C41DE60,0.137501,0.123285,1.4,17.3,0.0,6167949.544095567,0.0,14.998476659999572,166055.13439196325,5968971.753536461,1017.93,1
2026-09-13T21:42:58.034113+00:00,1789335778.033747,F_lat_eastus_rep2,r3-sub-eastus,F01,load,16,1,1000,6,23.2,2772410,2759594,159,510,670,27652123,2279.641,,,1,1.000939130783081,4164.089375483983,4162.09125198327,,178/7CA4FE80,178/7CA4FE80,0.108109,0.094060,1.6,17.3,0.0,15005939.460323758,0.0,30.970914261037297,173746.82900441924,6542516.7211483475,1017.93,1
2026-09-13T21:42:59.035178+00:00,1789335779.0344825,F_lat_eastus_rep2,r3-sub-eastus,F01,load,16,1,1000,6,23.2,2776564,2763746,159,510,670,27691224,2283.221,,,1,1.0007355213165283,4150.9468900785705,4148.948360040015,,178/7D03BBD8,178/7CFFFB40,0.011917,-0.000247,1.9,17.3,0.0,31880295.36318316,0.0,32.97574563615619,165139.53635081238,6488775.367399114,1017.91,1
2026-09-13T21:43:00.039997+00:00,1789335780.034727,F_lat_eastus_rep2,r3-sub-eastus,F01,load,16,1,1000,6,23.2,2781057,2768237,159,510,670,27733530,2286.969,,,1,1.0002446174621582,4491.901202527572,4489.901691642851,,178/7D627FD8,178/7D627FD8,0.137102,0.126017,2.1,17.3,0.0,14963123.758640202,0.0,19.995108847218216,160901.64064900734,6041832.062374116,1017.9,1
2026-09-13T21:43:01.035502+00:00,1789335781.0351493,F_lat_eastus_rep2,r3-sub-eastus,F01,load,16,1,1000,6,23.2,2785239,2772417,159,510,670,27772909,2290.611,,,1,1.0004222393035889,4180.234940509881,4178.2357846320665,,178/7DC5DF10,178/7DC5DF10,0.112283,0.096768,2.2,17.3,0.0,23411042.937533766,0.0,29.987338167215793,167226.39044535666,6548825.8283429155,1017.88,1
2026-09-13T21:43:02.035771+00:00,1789335782.0354252,F_lat_eastus_rep2,r3-sub-eastus,F01,load,16,1,1000,6,23.2,2789720,2776898,159,510,670,27815111,2294.442,,,1,1.0002758502960205,4479.764255703962,4479.764255703962,,178/7E2351F0,178/7E203CE8,0.012595,-0.000237,1.5,17.3,0.0,14495841.317881396,0.0,17.995036063974855,164309.67512747706,6399334.741617191,1017.88,1
2026-09-13T21:43:03.035980+00:00,1789335783.0356045,F_lat_eastus_rep2,r3-sub-eastus,F01,load,16,1,1000,6,23.2,2789724,2776898,159,510,670,27815111,2294.442,,,1,1.0001792907714844,3.9992829654717363,0.0,,178/7EA79D58,178/7EA79D58,0.113027,0.101159,2.5,17.3,0.0,14431716.526410136,0.0,18.996594085990747,167666.93886517844,6327811.481797621,1017.87,1
2026-09-13T21:43:04.036327+00:00,1789335784.035963,F_lat_eastus_rep2,r3-sub-eastus,F01,load,16,1,1000,6,23.2,2794021,2781192,159,510,670,27855534,2297.979,,,1,1.0003585815429688,4295.45972742318,4292.460802782205,,178/7F101FF8,178/7F101FF8,0.096581,0.080717,2.5,17.3,0.0,24174115.60832526,0.0,28.98960486275826,165138.78427992892,6463494.310237265,1017.85,1
2026-09-13T21:43:05.036447+00:00,1789335785.0360608,F_lat_eastus_rep2,r3-sub-eastus,F01,load,16,1,1000,6,23.2,2798131,2785300,159,510,670,27894215,2301.676,,,1,1.0000977516174316,4109.598280121124,4107.598475605249,,178/7F72BFE8,178/7F72BFE8,0.096051,0.079557,1.6,17.3,0.0,14817879.5283092,0.0,19.99804515874026,170638.31982824096,6364333.876069739,1017.84,1
2026-09-13T21:43:06.037151+00:00,1789335786.0368125,F_lat_eastus_rep2,r3-sub-eastus,F01,load,16,1,1000,6,23.2,2802177,2789344,159,510,670,27932291,2305.164,,1340010,1,1.0007517337799072,4042.9607698184877,4040.9622721566893,121145,178/7FD4DF88,178/7FD4DF88,0.140913,0.125622,4.1,17.3,0.0,31822477.96835084,0.0,38.97070440507193,165811.35400410296,6482969.532808078,1017.82,1
2026-09-13T21:43:07.037234+00:00,1789335787.0368533,F_lat_eastus_rep2,r3-sub-eastus,F01,load,16,1,1000,6,23.2,2806305,2793466,159,510,670,27996390,2308.607,,,1,1.0000407695770264,4127.831710047145,4121.831954654635,,178/80309C10,178/80309C10,0.048157,0.034058,2.4,17.3,0.0,9272965.945100639,0.0,13.9994292491909,152828.7692357208,6065168.725636463,1017.82,1
2026-09-13T21:43:08.037732+00:00,1789335788.0373516,F_lat_eastus_rep2,r3-sub-eastus,F01,load,16,1,1000,6,23.2,2810164,2797320,159,510,670,28052749,2311.695,,,1,1.0004982948303223,3857.078037953538,3852.0805281868193,,178/8082DFD0,178/8082DFD0,0.145609,0.130701,1.4,17.3,0.0,10734363.122349331,0.0,17.991035160187533,140323.07773578935,5434303.114851465,1017.81,1
2026-09-13T21:43:09.038640+00:00,1789335789.0383012,F_lat_eastus_rep2,r3-sub-eastus,F01,load,16,1,1000,6,23.2,2814307,2801460,159,510,670,28091771,2315.089,,,1,1.0009496212005615,4139.069451897881,4136.072298058708,,178/80E71FC8,178/80E71FC8,0.018932,0.004987,6.6,17.3,0.0,31390606.81427068,0.0,31.96964095117842,171230.39598579134,6622459.172370064,1017.79,1
2026-09-13T21:43:10.039148+00:00,1789335790.038732,F_lat_eastus_rep2,r3-sub-eastus,F01,load,16,1,1000,6,23.2,2818527,2805678,159,510,670,28131505,2318.634,,,1,1.0004308223724365,4218.182712516423,4216.183573790112,,178/81326000,178/81326000,0.174166,0.160367,1.6,17.3,0.0,13691125.55680629,0.0,15.993109810488807,124929.17771527017,4973256.409874762,1017.79,1
2026-09-13T21:43:11.039247+00:00,1789335791.0388887,F_lat_eastus_rep2,r3-sub-eastus,F01,load,16,1,1000,6,23.2,2822407,2809556,159,510,670,28168020,2322.011,,,1,1.0001566410064697,3879.3923280812382,3877.392641314186,,178/81961E50,178/81961E50,0.065539,0.052005,2.2,17.3,0.0,6274089.220349844,0.0,13.997807369365294,174590.6519445592,6611429.379047862,1017.78,1
2026-09-13T21:43:12.039862+00:00,1789335792.03948,F_lat_eastus_rep2,r3-sub-eastus,F01,load,16,1,1000,6,23.2,2826531,2813678,159,510,670,28206847,2325.444,,,1,1.0005912780761719,4121.563010152536,4119.5641920098815,,178/81E6DFE8,178/81E6DFE8,0.160692,0.146788,1.6,17.3,0.0,30468512.63646449,0.0,28.982863068482914,138818.9194163912,5341346.778752493,1017.76,1
2026-09-13T21:43:13.040089+00:00,1789335793.039698,F_lat_eastus_rep2,r3-sub-eastus,F01,load,16,1,1000,6,23.2,2830903,2818048,159,510,670,28248011,2329.525,,,1,1.0002179145812988,4371.047485017465,4369.047920751675,,178/82519C40,178/82519C40,0.020234,0.005675,1.9,17.3,0.0,16044631.640813898,0.0,21.995206923692642,175893.67020450428,7061934.1015870925,1017.76,1
2026-09-13T21:43:14.040594+00:00,1789335794.0401974,F_lat_eastus_rep2,r3-sub-eastus,F01,load,16,1,1000,6,23.2,2834474,2821616,159,510,670,28281637,2332.647,,,1,1.0004994869232178,3569.2172226711523,3566.218720383834,,178/82A2FBC8,178/82A2FBC8,0.147636,0.134127,1.6,17.3,0.0,5543215.236476799,0.0,12.9935099117124,137157.4916265112,5369003.253084371,1017.75,1
2026-09-13T21:43:15.047811+00:00,1789335795.0402133,F_lat_eastus_rep2,r3-sub-eastus,F01,load,16,1,1000,6,23.2,2838560,2825700,159,510,670,28320093,2335.986,,,1,1.0000159740447998,4085.9347310955563,4083.9347630431357,,178/8303A138,178/83000000,0.012342,-0.000203,2.1,17.3,0.0,31493640.91916905,0.0,33.99945689115245,172290.24782786262,6696046.037060622,1017.73,1
2026-09-13T21:43:16.040799+00:00,1789335796.0404418,F_lat_eastus_rep2,r3-sub-eastus,F01,load,16,1,1000,6,23.2,2843072,2830210,159,510,670,28362567,2339.81,,,1,1.0002284049987793,4510.969671977578,4508.970128683262,,178/8362FDF0,178/8362FDF0,0.129941,0.116094,1.4,17.3,0.0,15123073.814343896,0.0,27.993606120428236,150406.64637011944,6020673.847997097,1017.73,1
2026-09-13T21:43:17.041731+00:00,1789335797.0413938,F_lat_eastus_rep2,r3-sub-eastus,F01,load,16,1,1000,6,23.2,2846673,2833811,159,510,670,28396473,2342.824,,,1,1.0009520053863525,3597.5750891373336,3597.5750891373336,,178/83C6DC88,178/83C6DC88,0.101644,0.087433,2.3,17.3,0.0,31828387.203942932,0.0,33.967662602240864,166500.4906360841,6603606.331203342,1017.7,1
2026-09-13T21:43:18.042200+00:00,1789335798.041812,F_lat_eastus_rep2,r3-sub-eastus,F01,load,16,1,1000,6,23.2,2850885,2838019,159,510,670,28436103,2346.344,,,1,1.0004181861877441,4210.239336062562,4206.241008108086,,178/8421BDC0,178/8421BDC0,0.163016,0.149023,2.0,17.3,0.0,6059545.981566508,0.0,11.994983863426102,153400.84988339056,6022463.488952726,1017.7,1
2026-09-13T21:43:19.043136+00:00,1789335799.0427759,F_lat_eastus_rep2,r3-sub-eastus,F01,load,16,1,1000,6,23.2,2855432,2842563,159,510,670,28478864,2350.114,,,1,1.0009639263153076,4542.621247838732,4539.624136832901,,178/84865C98,178/84865C98,0.132547,0.119075,1.9,17.3,0.0,14674111.238023918,0.0,17.982666034989485,166642.36903524172,6674221.54222126,1017.69,1
2026-09-13T21:43:20.043221+00:00,1789335800.0428386,F_lat_eastus_rep2,r3-sub-eastus,F01,load,16,1,1000,6,23.2,2859637,2846766,159,510,670,28518435,2353.668,,,1,1.0000627040863037,4204.7363458492855,4202.736471249595,,178/84E9FFE0,178/84E9FFE0,0.119277,0.104701,1.9,17.3,0.0,23886374.226729006,0.0,26.998307095821808,167686.48537214927,6566939.226076017,1017.67,1
2026-09-13T21:43:21.043217+00:00,1789335801.0428426,F_lat_eastus_rep2,r3-sub-eastus,F01,load,16,1,1000,6,23.2,2864046,2851173,159,510,670,28559933,2357.26,,,1,1.0000040531158447,4408.98212988467,4406.982137990869,,178/8551FFC8,178/8551FFC8,0.055342,0.042112,2.5,17.3,0.0,12787660.170131948,0.0,56.999768973333225,174542.29255986845,6890443.072236007,1017.67,1
2026-09-13T21:43:22.044098+00:00,1789335802.043742,F_lat_eastus_rep2,r3-sub-eastus,F01,load,16,1,1000,6,23.2,2868237,2855361,159,510,670,28599344,2360.855,,,1,1.000899314880371,4187.234357834398,4184.237053354917,,178/85B69FA8,178/85B69FA8,0.017497,0.006492,2.0,17.3,0.0,15092475.112549653,0.0,40.9631612195682,168292.65191387673,6671398.312224934,1017.64,1
2026-09-13T21:43:23.044713+00:00,1789335803.044326,F_lat_eastus_rep2,r3-sub-eastus,F01,load,16,1,1000,6,23.2,2872469,2859592,159,510,670,28639173,2364.255,,,1,1.0005841255187988,4229.5294239309715,4228.530007715487,,178/86109FD0,178/86109FD0,0.105266,0.091519,1.8,17.3,0.0,32319041.62304486,0.0,29.982486464539022,154061.00903317184,5968491.651717494,1017.64,1
2026-09-13T21:43:24.045398+00:00,1789335804.0450501,F_lat_eastus_rep2,r3-sub-eastus,F01,load,16,1,1000,6,23.2,2876975,2864095,159,510,670,28681565,2368.047,,,1,1.0007240772247314,4502.739668756958,4499.741839416907,,178/86751EF8,178/86751EF8,0.075171,0.060527,2.0,17.3,0.0,6548858.120986596,0.0,15.988423146939931,167143.97485455673,6652555.036411862,1017.63,1
2026-09-13T21:43:25.046208+00:00,1789335805.0458243,F_lat_eastus_rep2,r3-sub-eastus,F01,load,16,1,1000,6,23.2,2881138,2868256,159,510,670,28720760,2371.569,,,1,1.0007741451263428,4159.77972679784,4157.781273890419,,178/86D7BE88,178/86D7BE88,0.058293,0.045043,2.5,17.3,0.0,31789022.68301874,0.0,30.976020065033158,167968.96764232288,6529174.471403921,1017.61,1
2026-09-13T21:43:26.047058+00:00,1789335806.0466697,F_lat_eastus_rep2,r3-sub-eastus,F01,load,16,1,1000,6,23.2,2881140,2868256,159,510,670,28720760,2371.569,,,1,1.0008454322814941,1.9983105637409626,0.0,,178/87315F70,178/87315F70,0.129129,0.118092,1.6,17.3,0.0,14528517.122622294,0.0,21.98141620115059,154582.31112402776,5925048.772498303,1017.61,1
2026-09-13T21:43:27.047297+00:00,1789335807.0469363,F_lat_eastus_rep2,r3-sub-eastus,F01,load,16,1,1000,6,23.2,2885596,2872710,159,510,670,28762679,2375.236,,,1,1.0002665519714355,4454.812560929508,4452.813093891389,,178/8794DCA0,178/8794DCA0,0.105211,0.088759,2.7,17.3,0.0,24237763.376388837,0.0,37.98987372426421,169341.86159294585,6589836.466098524,1017.59,1
2026-09-13T21:43:28.047552+00:00,1789335808.0471625,F_lat_eastus_rep2,r3-sub-eastus,F01,load,16,1,1000,6,23.2,2889786,2876898,159,510,670,28802120,2378.825,,,1,1.0002262592315674,4189.052188270886,4187.052640686986,,178/87F89FF8,178/87F89FF8,0.077128,0.061860,5.1,17.5,0.0,16380293.80731031,0.0,24.994344798752305,169893.56001366305,6587255.572616002,1017.58,1
2026-09-13T21:43:29.047886+00:00,1789335809.0474653,F_lat_eastus_rep2,r3-sub-eastus,F01,load,16,1,1000,6,23.2,2893980,2881135,172,561,670,28953234,2382.701,,,1,1.000302791595459,4192.730476449707,4235.717460352266,,178/88527FF0,178/88527FF0,0.139600,0.126045,6.8,17.3,0.0,15101475.400169797,0.0,42.986983902560176,154531.2092486034,5951454.94946055,1017.58,1
2026-09-13T21:43:30.048718+00:00,1789335810.0483031,F_lat_eastus_rep2,r3-sub-eastus,F01,load,16,1,1000,6,23.2,2900187,2887340,172,561,670,29011737,2388.012,,,1,1.000837802886963,6201.804110611751,6199.805784814873,,178/888BF7A0,178/888BF7A0,0.231140,0.219847,1.2,17.3,0.0,29446050.014288377,0.0,29.974886953174245,93743.46145735713,3810867.244420792,1017.56,1
2026-09-13T21:43:31.058799+00:00,1789335811.048382,F_lat_eastus_rep2,r3-sub-eastus,F01,drain,0,0,0,0,0,2900189,2887340,172,561,670,29011737,2388.012,,,1,1.0000789165496826,1.9998421793552956,0.0,,178/888BF7A0,178/888BF7A0,1.241294,1.230001,0.6,17.3,0.0,135157.3338495483,0.0,6.9994476277435345,449.9644903549415,1236.9023879312504,1017.56,1
2026-09-13T21:43:32.049226+00:00,1789335812.0487845,F_lat_eastus_rep2,r3-sub-eastus,F01,drain,0,0,0,0,0,2900191,2887340,172,561,670,29011737,2388.012,,,1,1.0004024505615234,1.9991954226795476,0.0,,178/888BF7A0,178/888BF7A0,2.231714,2.220421,0.0,17.2,0.0,8385233.358126517,0.0,6.997183979378416,116.95293222675353,65.97344894842507,1017.56,1
2026-09-13T21:43:33.050060+00:00,1789335813.0496433,F_lat_eastus_rep2,r3-sub-eastus,F01,drain,0,0,0,0,0,2900191,2887340,172,561,670,29011737,2388.012,,,1,1.0008587837219238,0.0,0.0,,178/888BF7A0,178/888BF7A0,3.232519,3.221226,0.6,17.2,0.0,8389595.152249716,0.0,6.993993672083176,390.66450368350314,270.7674693049344,1017.56,1
2026-09-13T21:43:34.050420+00:00,1789335814.0500183,F_lat_eastus_rep2,r3-sub-eastus,F01,drain,0,0,0,0,0,2900196,2887340,172,561,670,29011737,2388.012,,,1,1.0003750324249268,4.998125540858323,0.0,,178/888BF7A0,178/888BF7A0,4.233002,4.221709,0.6,17.2,0.0,8385463.179409692,0.0,5.997750649029988,407.8470441340392,1122.5789964767794,1017.56,1
2026-09-13T21:43:35.050550+00:00,1789335815.0501375,F_lat_eastus_rep2,r3-sub-eastus,F01,drain,0,0,0,0,0,2900198,2887340,172,561,670,29011737,2388.012,,,1,1.0001192092895508,1.9997616098392201,0.0,,178/888BF7A0,178/888BF7A0,5.232977,5.221684,0.4,17.2,0.0,0.0,0.0,0.0,65.99213312469426,59.99284829517661,1017.56,1
2026-09-13T21:43:36.050553+00:00,1789335816.0501323,F_lat_eastus_rep2,r3-sub-eastus,F01,drain,0,0,0,0,0,2900201,2887340,172,561,670,29011737,2388.012,,1433834,1,0.9999947547912598,3.000015735708758,0.0,93824,178/888BF7A0,178/888BF7A0,6.298314,6.287021,2.8,17.2,0.0,5468188.681791067,0.0,19.0000996594888,117.00061369264155,66.00034618559268,1017.56,1
2026-09-13T21:43:37.050748+00:00,1789335817.0502913,F_lat_eastus_rep2,r3-sub-eastus,F01,drain,0,0,0,0,0,2900208,2887340,172,561,670,29025884,2388.012,,,1,1.0001590251922607,6.998887000649111,0.0,,178/888BF7A0,178/888BF7A0,7.233370,7.222077,0.4,17.2,0.0,278483.7140738279,0.0,55.99109600519289,356.94323703310465,1116.8223971035795,1017.56,1
2026-09-13T21:43:38.050681+00:00,1789335818.0502882,F_lat_eastus_rep2,r3-sub-eastus,F01,drain,0,0,0,0,0,2900208,2887340,172,561,670,29025884,2388.012,,,1,0.9999969005584717,0.0,0.0,,178/888BF7A0,178/888BF7A0,8.233092,8.221799,0.2,17.2,0.0,28672.08886746294,0.0,6.000018596706809,3200.0099182436315,15025.046569253302,1017.56,1
2026-09-13T21:43:39.050816+00:00,1789335819.0504289,F_lat_eastus_rep2,r3-sub-eastus,F01,drain,0,0,0,0,0,2900214,2887340,172,561,670,29025884,2388.012,,,1,1.00014066696167,5.999156116936447,0.0,,178/888BF7A0,178/888BF7A0,9.233320,9.222027,0.6,17.2,0.0,0.0,0.0,0.0,65.99071728630092,59.99156116936447,1017.56,1
2026-09-13T21:43:40.051797+00:00,1789335820.0513833,F_lat_eastus_rep2,r3-sub-eastus,F01,drain,0,0,0,0,0,2900216,2887340,172,561,670,29025884,2388.012,,,1,1.0009543895721436,1.998093040837652,0.0,,178/888BF7A0,178/888BF7A0,10.234203,10.222910,0.2,17.2,0.0,40920.94547635511,0.0,4.99523260209413,407.610980330881,1121.9292424303417,1017.56,1
2026-09-13T21:43:41.052296+00:00,1789335821.0518713,F_lat_eastus_rep2,r3-sub-eastus,F01,drain,0,0,0,0,0,2900218,2887340,172,561,670,29025884,2388.012,,,1,1.000488042831421,1.9990243904763925,0.0,,178/888BF7D8,178/888BF7D8,0.890530,0.879172,0.4,17.2,0.0,45034.02146865217,0.0,6.996585366667373,596.7087805572031,2727.6687808050374,1017.56,1
2026-09-13T21:43:42.053167+00:00,1789335822.0527713,F_lat_eastus_rep2,r3-sub-eastus,F01,drain,0,0,0,0,0,2900220,2887340,172,561,670,29025884,2388.012,,,1,1.0009000301361084,1.9982015583794397,0.0,,178/888BF7D8,178/888BF7D8,1.891450,1.880092,0.0,17.2,0.0,73661.70224809967,0.0,5.994604675138319,2602.6575297892205,387.6511023256113,1017.56,1
