sample_time,epoch,run_id,host,level_id,phase_state,clients,rows_per_commit,row_bytes,target_wal_mbps,network_latency_ms,xact_commit,tup_inserted,tup_updated,tup_deleted,blks_read,blks_hit,blk_write_time_ms,db_stats_reset,row_count,apply_workers,interval_sec,commits_per_sec,rows_applied_per_sec,row_count_delta,received_lsn,latest_end_lsn,msg_send_age_sec,msg_receipt_age_sec,cpu_pct,mem_used_pct,disk_read_bytes_per_sec,disk_write_bytes_per_sec,disk_read_iops,disk_write_iops,net_sent_bytes_per_sec,net_recv_bytes_per_sec,data_volume_free_gb,db_connected
2026-09-13T21:08:51.038577+00:00,1789333731.03757,F_lat_centralus_rep1,r3-sub,idle,idle,0,0,0,0,0,4983,2001,21,1,494290549,180035061,1.05,,,1,1.0007281303405762,5.995634396684772,0.0,,175/D9EC54D8,175/D9EC54D8,5.481362,5.457925,0.8,35.9,0.0,45023.217229504844,0.0,4.99636199723731,2411.2442998667257,1679.7769034711835,1007.59,1
2026-09-13T21:08:52.037933+00:00,1789333732.0379333,F_lat_centralus_rep1,r3-sub,idle,idle,0,0,0,0,0,4995,2001,28,1,494290550,180036531,1.05,,,1,1.0003633499145508,11.995641384727877,0.0,,175/D9EC7600,175/D9EC7600,0.709601,0.716324,1.0,35.9,0.0,102362.80648301121,0.0,10.99600460266722,6575.610752394998,3217.830801453253,1007.59,1
2026-09-13T21:08:53.039449+00:00,1789333733.0394495,F_lat_centralus_rep1,r3-sub,idle,idle,0,0,0,0,0,4995,2001,28,1,494290550,180036531,1.05,,,1,1.0015161037445068,0.0,0.0,,175/D9EC7600,175/D9EC7600,1.711218,1.717941,0.0,35.9,0.0,57257.19215657147,0.0,5.9909171480787675,182.72297301640242,125.80926010965412,1007.59,1
2026-09-13T21:08:54.040604+00:00,1789333734.040604,F_lat_centralus_rep1,r3-sub,F01,drain,0,0,0,0,0,4999,2001,28,1,494290550,180036531,1.05,,,1,1.0011546611785889,3.995386682104723,0.0,,175/D9EC7600,175/D9EC7600,2.712215,2.718938,0.8,35.9,0.0,16365.103849900945,0.0,1.9976933410523614,290.6643811231186,725.1626828020072,1007.59,1
2026-09-13T21:08:55.041780+00:00,1789333735.04178,F_lat_centralus_rep1,r3-sub,F01,drain,0,0,0,0,0,5001,2001,28,1,494290550,180036531,1.05,,,1,1.001175880432129,1.9976510012773752,0.0,,175/D9EC7600,175/D9EC7600,3.713410,3.720133,0.6,35.9,0.0,102279.73126540161,0.0,5.992953003832126,182.78506661687985,125.85201308047463,1007.59,1
2026-09-13T21:08:56.043062+00:00,1789333736.0430627,F_lat_centralus_rep1,r3-sub,F01,drain,0,0,0,0,0,5208,2001,28,1,494290554,180036810,1.05,,,1,1.0012826919555664,206.73482290572338,0.0,,175/D9EC7600,175/D9EC7600,4.714906,4.721629,0.6,35.9,0.0,57270.539539641555,0.0,8.988470561118408,0.0,0.0,1007.59,1
2026-09-13T21:08:57.044231+00:00,1789333737.0442317,F_lat_centralus_rep1,r3-sub,F01,drain,0,0,0,0,0,5210,2001,28,1,494290554,180036810,1.05,,,1,1.001168966293335,1.997664797186707,0.0,,175/D9EC7600,175/D9EC7600,5.715768,5.722491,0.2,35.9,0.0,28638.52253246863,0.0,4.9941619929667675,473.44655693324955,851.0052036015371,1007.59,1
2026-09-13T21:08:58.045945+00:00,1789333738.0459454,F_lat_centralus_rep1,r3-sub,F01,drain,0,0,0,0,0,5212,2001,28,1,494290554,180036810,1.05,,,1,1.001713752746582,1.9965783583546035,0.0,,175/D9EC7600,175/D9EC7600,6.717614,6.724337,0.4,35.9,0.0,102224.8119477557,0.0,7.986313433418414,0.0,0.0,1007.59,1
2026-09-13T21:08:59.046045+00:00,1789333739.0460455,F_lat_centralus_rep1,r3-sub,F01,drain,0,0,0,0,0,5214,2001,28,1,494290554,180036810,1.05,,,1,1.0001001358032227,1.999799748445905,0.0,,175/D9EC7600,175/D9EC7600,7.717870,7.724593,0.0,35.9,0.0,0.0,0.0,0.0,182.9816769828003,125.987384152092,1007.59,1
2026-09-13T21:09:00.046636+00:00,1789333740.0466366,F_lat_centralus_rep1,r3-sub,F01,drain,0,0,0,0,0,5216,2001,28,1,494290554,180036810,1.05,,,1,1.0005910396575928,1.9988186189278787,0.0,,175/D9EC7600,175/D9EC7600,8.718133,8.724856,0.6,35.9,0.0,32748.644252514365,0.0,4.997046547319697,290.82810905400635,725.57115867082,1007.59,1
2026-09-13T21:09:01.047929+00:00,1789333741.0479298,F_lat_centralus_rep1,r3-sub,F01,drain,0,0,0,0,0,5218,2001,28,1,494290554,180036810,1.05,,,1,1.0012931823730469,1.997416975575561,0.0,,175/D9EC7600,175/D9EC7600,9.719563,9.726286,0.4,35.9,0.0,44997.80962576624,0.0,6.990959414514464,3767.128415935508,16412.775288304387,1007.59,1
2026-09-13T21:09:02.048291+00:00,1789333742.0482914,F_lat_centralus_rep1,r3-sub,F01,drain,0,0,0,0,0,5220,2001,28,1,494290554,180036810,1.05,,,1,1.000361680984497,1.999276899562684,0.0,,175/D9EC7638,175/D9EC7638,0.127145,0.133921,0.4,35.9,0.0,356223.16085648077,0.0,65.97613768556857,302.8904502837466,262.90491229249295,1007.59,1
2026-09-13T21:09:03.049328+00:00,1789333743.049328,F_lat_centralus_rep1,r3-sub,F01,drain,0,0,0,0,0,5222,2001,28,1,494290554,180036810,1.05,,,1,1.0010366439819336,1.9979288590719118,0.0,,175/D9EC7638,175/D9EC7638,1.127983,1.134759,0.0,35.9,0.0,61376.37455068913,0.0,5.993786577215735,356.6303013443362,785.1860416152613,1007.59,1
2026-09-13T21:09:04.050617+00:00,1789333744.050617,F_lat_centralus_rep1,r3-sub,F01,drain,0,0,0,0,0,5224,2001,28,1,494290554,180036810,1.05,,,1,1.001288890838623,1.997425536525141,0.0,,175/D9EC7638,175/D9EC7638,2.129445,2.136221,0.4,35.9,0.0,94086.73247248025,0.0,4.993563841312852,554.2855863857267,2541.723995228242,1007.59,1
2026-09-13T21:09:05.050789+00:00,1789333745.0507894,F_lat_centralus_rep1,r3-sub,F01,drain,0,0,0,0,0,5226,2001,28,1,494290554,180036810,1.05,,,1,1.0001723766326904,1.999655306151784,0.0,,175/D9EC7638,175/D9EC7638,3.129370,3.136146,0.0,35.9,0.0,36857.646602989684,0.0,4.99913826537946,65.98862510300887,59.98965918455352,1007.59,1
2026-09-13T21:09:06.052105+00:00,1789333746.0521057,F_lat_centralus_rep1,r3-sub,F01,drain,0,0,0,0,0,5229,2001,28,1,494290554,180036810,1.05,,,1,1.0013163089752197,2.9960562642491055,0.0,,175/D9EC7638,175/D9EC7638,4.130806,4.137582,6.1,35.8,0.0,0.0,0.0,0.0,407.46365193787835,790.9588537617639,1007.59,1
2026-09-13T21:09:07.053224+00:00,1789333747.0532248,F_lat_centralus_rep1,r3-sub,F01,drain,0,0,0,0,0,5230,2001,28,1,494290554,180036810,1.05,,,1,1.0011191368103027,0.9988821142567822,0.0,,175/D9EC7638,175/D9EC7638,5.132064,5.138840,0.0,35.9,0.0,32731.36911996624,0.0,4.994410571283911,2551.1449198118216,387.5662603316315,1007.59,1
2026-09-13T21:09:08.053369+00:00,1789333748.0533693,F_lat_centralus_rep1,r3-sub,F01,drain,0,0,0,0,0,5232,2001,28,1,494290554,180036810,1.05,,,1,1.0001444816589355,1.9997110784259973,0.0,,175/D9EC7638,175/D9EC7638,6.131941,6.138717,0.6,35.9,0.0,24572.449731698653,0.0,3.9994221568519945,116.98309808792084,65.9904655880579,1007.59,1
2026-09-13T21:09:09.054546+00:00,1789333749.0545466,F_lat_centralus_rep1,r3-sub,F01,drain,0,0,0,0,0,5235,2001,28,1,494290554,180036810,1.05,,,1,1.0011773109436035,2.9964722204626453,0.0,,175/D9EC7638,175/D9EC7638,7.133230,7.140006,0.0,35.9,0.0,0.0,0.0,0.0,356.5801942350548,785.0757217612131,1007.59,1
2026-09-13T21:09:10.054699+00:00,1789333750.0546994,F_lat_centralus_rep1,r3-sub,F01,drain,0,0,0,0,0,5236,2001,28,1,494290554,180036810,1.05,,,1,1.000152826309204,0.9998471970431079,0.0,,175/D9EC7638,175/D9EC7638,8.133534,8.140310,0.4,35.8,0.0,45049.115309974266,0.0,4.999235985215539,116.98212205404361,65.98991500484512,1007.59,1
2026-09-13T21:09:11.056188+00:00,1789333751.0558586,F_lat_centralus_rep1,r3-sub,F01,drain,0,0,0,0,0,5242,2001,28,1,494290557,180037555,1.05,,,1,1.0011591911315918,5.993052906219949,0.0,,175/D9EC7638,175/D9EC7638,9.134325,9.141101,0.6,35.9,32730.059605169216,45003.83195710767,0.9988421510366582,5.993052906219949,65.92358196841944,59.9305290621995,1007.59,1
2026-09-13T21:09:12.056486+00:00,1789333752.0564003,F_lat_centralus_rep1,r3-sub,F01,drain,0,0,0,0,0,5244,2001,28,1,494290557,180037555,1.05,,,1,1.0005416870117188,1.998917212508483,0.0,,175/D9EC7638,175/D9EC7638,10.135083,10.141859,0.4,35.9,0.0,8187.564902434747,0.0,0.9994586062542415,500.728761733375,851.5387325286138,1007.59,1
2026-09-13T21:09:13.056637+00:00,1789333753.0566375,F_lat_centralus_rep1,r3-sub,F01,drain,0,0,0,0,0,5246,2001,28,1,494290557,180037555,1.05,,,1,1.000237226486206,1.9995256595537052,0.0,,175/D9EC7638,175/D9EC7638,11.135557,11.142333,0.2,35.9,0.0,85995.59956608576,0.0,4.9988141488842635,65.98434676527228,59.98576978661116,1007.59,1
2026-09-13T21:09:14.057175+00:00,1789333754.057175,F_lat_centralus_rep1,r3-sub,F01,drain,0,0,0,0,0,5248,2001,28,1,494290557,180037555,1.05,,,1,1.000537395477295,1.998925786322982,0.0,,175/D9EC7638,175/D9EC7638,12.135790,12.142566,0.6,35.9,0.0,45031.80011428413,0.0,7.995703145291928,2188.8237360236653,2353.735113395311,1007.59,1
2026-09-13T21:09:15.058711+00:00,1789333755.058711,F_lat_centralus_rep1,r3-sub,F01,drain,0,0,0,0,0,5250,2001,28,1,494290557,180037555,1.05,,,1,1.0015361309051514,1.9969324503475214,0.0,,175/D9EC7638,175/D9EC7638,13.137409,13.144185,0.4,35.9,0.0,0.0,0.0,0.0,547.1594913952209,1041.4002728562325,1007.59,1
2026-09-13T21:09:16.059170+00:00,1789333756.0591707,F_lat_centralus_rep1,r3-sub,F01,drain,0,0,0,0,0,5252,2001,28,1,494290557,180037555,1.05,,,1,1.0004596710205078,1.9990810803597132,0.0,,175/D9EC7638,175/D9EC7638,14.138012,14.144788,1.0,35.9,0.0,40941.180525766926,0.0,6.996783781258996,3228.515944780937,16221.543426578894,1007.59,1
2026-09-13T21:09:17.059396+00:00,1789333757.059396,F_lat_centralus_rep1,r3-sub,F01,drain,0,0,0,0,0,5254,2001,28,1,494290557,180037555,1.05,,,1,1.000225305557251,1.9995494903878173,0.0,,175/D9EC7638,175/D9EC7638,15.138006,15.144782,0.2,35.9,0.0,45045.850919456745,0.0,6.99842321635736,0.0,0.0,1007.59,1
2026-09-13T21:09:18.060698+00:00,1789333758.060699,F_lat_centralus_rep1,r3-sub,F01,drain,0,0,0,0,0,5256,2001,28,1,494290557,180037555,1.05,,,1,1.00130295753479,1.997397475908794,0.0,,175/D9EC7638,175/D9EC7638,16.139383,16.146159,0.4,35.9,0.0,0.0,0.0,0.0,473.3832017903842,850.8913247371463,1007.59,1
2026-09-13T21:09:19.060895+00:00,1789333759.060895,F_lat_centralus_rep1,r3-sub,F01,drain,0,0,0,0,0,5258,2001,28,1,494290557,180037555,1.05,,,1,1.0001959800720215,1.9996081166572828,0.0,,175/D9EC7638,175/D9EC7638,17.139743,17.146519,0.0,35.9,0.0,131046.31753325168,0.0,25.994905516544677,437.9141775479449,2478.514260596702,1007.59,1
2026-09-13T21:09:20.062027+00:00,1789333760.0620277,F_lat_centralus_rep1,r3-sub,F01,drain,0,0,0,0,0,5260,2001,28,1,494290557,180037555,1.05,,0,1,1.0011327266693115,1.997737109897346,0.0,0,175/D9EC7638,175/D9EC7638,18.141150,18.147926,0.8,35.9,0.0,16365.462404279058,0.0,1.997737109897346,182.79294555560716,125.8574379235328,1007.59,1
2026-09-13T21:09:21.062484+00:00,1789333761.0624847,F_lat_centralus_rep1,r3-sub,F01,drain,0,0,0,0,0,5262,2001,28,1,494290557,180037555,1.05,,,1,1.0004570484161377,1.9990863207633727,0.0,,175/D9EC7638,175/D9EC7638,19.141335,19.148111,0.0,35.9,0.0,49129.54541908064,0.0,6.996802122671804,290.8670596710707,725.6683344371042,1007.59,1
2026-09-13T21:09:22.063070+00:00,1789333762.0630705,F_lat_centralus_rep1,r3-sub,F01,drain,0,0,0,0,0,5270,2002,28,1,494290561,180037889,1.167,,,1,1.0005857944488525,7.995316388043064,0.999414548505383,,175/D9F21BF0,175/D9F21BF0,0.104953,0.109712,1.2,35.9,0.0,360236.97517966834,0.0,0.999414548505383,21367.48304704509,352611.44217457226,1007.59,1
2026-09-13T21:09:23.064646+00:00,1789333763.0646462,F_lat_centralus_rep1,r3-sub,F01,drain,0,0,0,0,0,9468,6198,28,1,494290561,180074686,7.006,,,1,1.0015757083892822,4191.395582817354,4189.398729276231,,175/DA617BA0,175/DA617BA0,0.027451,0.024662,2.1,35.8,0.0,8547172.149139961,0.0,35.94336374021552,307465.52399442694,7308322.215373658,1007.58,1
2026-09-13T21:09:24.064738+00:00,1789333764.0647388,F_lat_centralus_rep1,r3-sub,F01,load,16,1,1000,6,0.1,9470,6198,28,1,494290561,180074686,7.006,,,1,1.0000925064086914,1.9998150042959053,0.0,,175/DAC43C08,175/DAC43C08,0.102349,0.098733,6.6,35.8,2047.810564399007,15151750.365988255,3.9996300085918106,31.997040068734485,262907.6793547655,6484400.151429473,1007.58,1
2026-09-13T21:09:25.065528+00:00,1789333765.0655286,F_lat_centralus_rep1,r3-sub,F01,load,16,1,1000,6,0.1,14270,10996,28,1,494290561,180119538,13.055,,,1,1.0007898807525635,4796.2115647997425,4794.2131433144095,,175/DB54FE58,175/DB54FE58,0.022660,0.019887,4.0,35.8,0.0,18912677.240268465,0.0,42.96606193466436,401544.8274694904,9509263.815541055,1007.57,1
2026-09-13T21:09:26.066442+00:00,1789333766.066442,F_lat_centralus_rep1,r3-sub,F01,load,16,1,1000,6,0.1,20319,17043,28,1,494290561,180176060,20.862,,,1,1.000913381576538,6043.4799967128265,6041.48182180897,,175/DBDBBFE0,175/DBDBBFE0,0.023014,0.027509,5.2,35.9,0.0,9457217.951357925,0.0,28.9735361059137,375587.944890767,8840257.471693503,1007.56,1
2026-09-13T21:09:27.067004+00:00,1789333767.0670044,F_lat_centralus_rep1,r3-sub,F01,load,16,1,1000,6,0.1,25943,22665,28,1,494290561,180228613,27.446,,,1,1.0005624294281006,5620.83867491862,5618.839799145178,,175/DC58BF10,175/DC58BF10,0.101772,0.099123,3.1,35.8,0.0,16747316.816180857,0.0,25.985385054744686,364558.96131188044,8255234.013454976,1007.56,1
2026-09-13T21:09:28.067126+00:00,1789333768.0671263,F_lat_centralus_rep1,r3-sub,F01,load,16,1,1000,6,0.1,31904,28624,28,1,494290561,180284292,35.178,,,1,1.000121831893921,5960.273848548744,5958.27409218285,,175/DCE01F08,175/DCE01F08,0.103116,0.101645,4.3,35.9,5345140.791374113,17758604.435588222,12.998416378314657,29.99634548841844,386325.9331798899,8871828.128376579,1007.55,1
2026-09-13T21:09:29.067897+00:00,1789333769.0678978,F_lat_centralus_rep1,r3-sub,F01,load,16,1,1000,6,0.1,37546,34264,28,1,494290561,180337065,43.245,,,1,1.0007715225219727,5637.650425725544,5635.651967581011,,175/DD65E000,175/DD65E000,0.012551,0.009619,3.3,35.9,0.0,9695943.361324966,0.0,21.98303958985501,354735.313716129,8786317.158427078,1007.54,1
2026-09-13T21:09:30.068932+00:00,1789333770.0689328,F_lat_centralus_rep1,r3-sub,F01,load,16,1,1000,6,0.1,43134,39850,28,1,494290561,180389282,50.456,,,1,1.0010349750518799,5582.222538938157,5580.224606748129,,175/DDDBFFC0,175/DDDBFFC0,0.008982,0.008126,3.3,35.9,0.0,15507789.824421927,0.0,19.979321900279732,330129.32438536716,7830741.378036009,1007.53,1
2026-09-13T21:09:31.070335+00:00,1789333771.070336,F_lat_centralus_rep1,r3-sub,F01,load,16,1,1000,6,0.1,48096,44810,28,1,494290561,180435610,56.981,,,1,1.0014033317565918,4955.046425995015,4953.049228725367,,175/DE437CB0,175/DE437CB0,0.032788,0.029758,2.1,35.9,0.0,7493356.335091508,0.0,13.980380887531279,293266.4498777436,6883755.806871594,1007.53,1
2026-09-13T21:09:32.071250+00:00,1789333772.0712502,F_lat_centralus_rep1,r3-sub,F01,load,16,1,1000,6,0.1,52996,49708,28,1,494290561,180481361,63.924,,,1,1.0009140968322754,4895.525016090467,4893.526842614511,,175/DEA5DFD8,175/DEA5DFD8,0.091905,0.091582,2.7,35.9,0.0,14511151.402470334,0.0,17.983561283597634,275025.5999702725,6486352.84541099,1007.52,1
2026-09-13T21:09:33.073079+00:00,1789333773.073079,F_lat_centralus_rep1,r3-sub,F01,load,16,1,1000,6,0.1,57267,53977,28,1,494290561,180521243,68.516,,,1,1.001828908920288,4263.202990022549,4261.206641162787,,175/DEFFFE10,175/DEFFFE10,0.069639,0.073774,1.6,35.9,0.0,14833159.502270242,0.0,17.967139737861363,274562.84955526865,5935055.324374847,1007.52,1
2026-09-13T21:09:34.074953+00:00,1789333774.074954,F_lat_centralus_rep1,r3-sub,F01,load,16,1,1000,6,0.1,61747,58455,28,1,494290561,180563100,73.932,,,1,1.0018749237060547,4471.616061042776,4469.619803872668,,175/DF625BE8,175/DF625BE8,0.117604,0.114152,2.9,35.9,0.0,14758888.2106189,0.0,25.951343211408968,277681.36861924606,6438722.8858246505,1007.51,1
2026-09-13T21:09:35.075830+00:00,1789333775.0758305,F_lat_centralus_rep1,r3-sub,F01,load,16,1,1000,6,0.1,65830,62536,28,1,494290561,180601263,79.306,,,1,1.0008764266967773,4079.4246833000634,4077.4264346185546,,175/DFC53D38,175/DFC53D38,0.003450,0.003075,1.8,35.9,0.0,6130435.122995345,0.0,11.989492089052353,257750.1009304475,6481380.545058338,1007.51,1
2026-09-13T21:09:36.077294+00:00,1789333776.077294,F_lat_centralus_rep1,r3-sub,F01,load,16,1,1000,6,0.1,69995,66699,28,1,494290561,180640223,84.746,,,1,1.0014636516571045,4158.912800387959,4156.9157234129825,,175/E010BBE8,175/E010BBE8,0.163660,0.160490,2.1,35.9,0.0,14331407.811208485,0.0,16.97515428729779,200068.16989160428,4921635.440132386,1007.5,1
2026-09-13T21:09:37.077456+00:00,1789333777.0774565,F_lat_centralus_rep1,r3-sub,F01,load,16,1,1000,6,0.1,73756,70458,28,1,494290561,180675383,89.183,,,1,1.0001623630523682,3760.3894516905307,3758.38977636392,,175/E0727FE8,175/E0727FE8,0.031367,0.028719,1.8,35.9,0.0,14931591.661201172,0.0,21.99642859271249,256303.38579994923,6412189.897275914,1007.5,1
2026-09-13T21:09:38.078306+00:00,1789333778.078307,F_lat_centralus_rep1,r3-sub,F01,load,16,1,1000,6,0.1,77830,74530,28,1,494290561,180713444,93.745,,,1,1.0008504390716553,4070.538255225089,4068.5399546579683,,175/E0C3BFD0,175/E0C3BFD0,0.104091,0.104569,2.3,35.9,0.0,6466180.907112201,0.0,11.989803402724858,221751.41393339625,5351221.112484876,1007.49,1
2026-09-13T21:09:39.079580+00:00,1789333779.07958,F_lat_centralus_rep1,r3-sub,F01,load,16,1,1000,6,0.1,81727,78425,28,1,494290561,180749832,97.956,,,1,1.0012731552124023,3892.044822846889,3890.0473659195873,,175/E1205EF0,175/E1205EF0,0.041382,0.039129,2.1,35.9,0.0,14595945.096420554,0.0,23.969483127617483,258555.81831221885,6097747.620832623,1007.49,1
2026-09-13T21:09:40.081182+00:00,1789333780.0811825,F_lat_centralus_rep1,r3-sub,F01,load,16,1,1000,6,0.1,81729,78425,28,1,494290561,180749832,97.956,,,1,1.0016024112701416,1.9968003046875464,0.0,,175/E1725FB8,175/E1725FB8,0.104174,0.105985,1.9,35.9,0.0,13838688.729216322,0.0,15.974402437500371,222019.2338774466,5420973.3711748915,1007.48,1
2026-09-13T21:09:41.081555+00:00,1789333781.0815554,F_lat_centralus_rep1,r3-sub,F01,load,16,1,1000,6,0.1,85853,82547,28,1,494290561,180788336,102.274,,,1,1.0003728866577148,4122.462788629195,4120.463534124525,,175/E1D3FFD8,175/E1D3FFD8,0.013317,0.010276,1.7,35.9,0.0,14674592.040420718,0.0,16.993663289693576,245248.55008784833,6453382.619723976,1007.48,1
2026-09-13T21:09:42.082515+00:00,1789333782.082515,F_lat_centralus_rep1,r3-sub,F01,load,16,1,1000,6,0.1,89958,86649,28,1,494290561,180826665,106.912,,,1,1.0009596347808838,4101.064475890289,4098.067352034584,,175/E228BB88,175/E220DBB8,0.002157,-0.000216,7.6,35.9,0.0,5368799.912872002,0.0,9.990412852351495,243579.2528770375,6183368.224788481,1007.47,1
2026-09-13T21:09:43.083555+00:00,1789333783.0835557,F_lat_centralus_rep1,r3-sub,F01,load,16,1,1000,6,0.1,93891,90581,28,1,494290561,180863386,111.582,,,1,1.0010406970977783,3928.9111935234714,3927.9122331386448,,175/E2817E30,175/E2817E30,0.140697,0.141054,1.9,35.9,0.0,14517499.680215802,0.0,17.981286926880877,217681.4595368199,5329722.373394045,1007.47,1
2026-09-13T21:09:44.084851+00:00,1789333784.084852,F_lat_centralus_rep1,r3-sub,F01,load,16,1,1000,6,0.1,97958,94646,28,1,494290561,180901354,116.555,,,1,1.0012962818145752,4061.7348469822305,4059.737436189517,,175/E2E27F08,175/E2E27F08,0.109301,0.109531,3.7,35.9,0.0,14685603.319480892,0.0,17.976697134418526,283980.88074859855,6422317.866142698,1007.46,1
2026-09-13T21:09:45.085241+00:00,1789333785.0852418,F_lat_centralus_rep1,r3-sub,F01,load,16,1,1000,6,0.1,102071,98757,28,1,494290561,180939791,121.866,,,1,1.000389814376831,4111.397318216495,4109.398097541456,,175/E341DFF0,175/E341DFF0,0.114482,0.114720,2.1,35.9,0.0,6252154.820164926,0.0,18.992596412864916,268893.1815719914,6309458.482373552,1007.45,1
2026-09-13T21:09:46.086396+00:00,1789333786.0863967,F_lat_centralus_rep1,r3-sub,F01,load,16,1,1000,6,0.1,106464,103148,28,1,494290561,180980812,127.829,,,1,1.001154899597168,4387.932378663481,4385.934685798166,,175/E3A5DDF0,175/E3A5DDF0,0.093051,0.091227,2.3,35.9,0.0,11664224.99125632,0.0,73.91463601663956,282587.63964880496,6640444.952798996,1007.45,1
2026-09-13T21:09:47.087291+00:00,1789333787.0872915,F_lat_centralus_rep1,r3-sub,F01,load,16,1,1000,6,0.1,110276,106958,28,1,494290561,181016394,133.17,,,1,1.0008947849273682,3808.592129168327,3806.5939171383334,,175/E4111B88,175/E4111B88,0.017513,0.013887,2.3,35.9,0.0,18333675.30367501,0.0,30.972286464905075,301215.4769313518,7089780.171564131,1007.44,1
2026-09-13T21:09:48.088660+00:00,1789333788.0886242,F_lat_centralus_rep1,r3-sub,F01,load,16,1,1000,6,0.1,114828,111508,28,1,494290561,181058902,138.306,,,1,1.0013327598571777,4545.9413518531655,4543.944013825111,,175/E4751F40,175/E4751F40,0.015993,0.012492,2.3,35.9,0.0,14979587.806694169,0.0,19.97338028054994,267219.8600974215,6589634.599532274,1007.44,1
2026-09-13T21:09:49.089902+00:00,1789333789.0899026,F_lat_centralus_rep1,r3-sub,F01,load,16,1,1000,6,0.1,119191,115869,28,1,494290561,181099648,143.544,,,1,1.0012784004211426,4357.429460342799,4355.432013879199,,175/E4D83F60,175/E4D83F60,0.032958,0.029809,2.3,35.9,0.0,6258878.64690192,0.0,11.984678781598346,271836.4841242137,6525427.890236986,1007.43,1
2026-09-13T21:09:50.091148+00:00,1789333790.0911484,F_lat_centralus_rep1,r3-sub,F01,load,16,1,1000,6,0.1,123835,120511,28,1,494290561,181143027,149.373,,120866,1,1.0012457370758057,4638.2219948951415,4636.224483269433,120866,175/E53B2060,175/E5319BC0,0.001792,-0.000272,3.1,35.9,0.0,14764071.848308703,0.0,24.968895321356275,284912.0744654936,6927458.208468616,1007.43,1
2026-09-13T21:09:51.092152+00:00,1789333791.092152,F_lat_centralus_rep1,r3-sub,F01,load,16,1,1000,6,0.1,128289,124963,28,1,494290561,181184634,154.327,,,1,1.0010037422180176,4449.533815059328,4447.5358205307875,,175/E595BEB8,175/E595BEB8,0.145883,0.148038,2.2,35.9,0.0,14718538.381638836,0.0,19.97994528540336,225910.24435026298,5505126.27234493,1007.42,1
2026-09-13T21:09:52.092581+00:00,1789333792.0925817,F_lat_centralus_rep1,r3-sub,F01,load,16,1,1000,6,0.1,132699,129368,28,1,494290561,181245996,159.943,,,1,1.000429630279541,4408.106144125053,4403.108291353937,,175/E5FE8370,175/E5F8BDF8,-0.003210,-0.000187,2.3,35.9,0.0,7058471.46693053,0.0,13.993987759127153,289937.4340991386,6931723.921513899,1007.42,1
2026-09-13T21:09:53.093858+00:00,1789333793.0938582,F_lat_centralus_rep1,r3-sub,F01,load,16,1,1000,6,0.1,136895,133562,28,1,494290561,181285224,165.326,,,1,1.0012764930725098,4190.650663458787,4188.653213190217,,175/E664FC48,175/E664FC48,0.056326,0.053139,2.7,35.9,0.0,14739073.674559213,0.0,21.97195295426437,284666.62502518063,6630021.823072259,1007.41,1
2026-09-13T21:09:54.095540+00:00,1789333794.0955403,F_lat_centralus_rep1,r3-sub,F01,load,16,1,1000,6,0.1,141110,137775,28,1,494290561,181324596,170.82,,,1,1.0016820430755615,4207.922093779655,4205.925452216771,,175/E6C95C80,175/E6C95C80,0.024674,0.021893,2.9,35.9,0.0,15882149.540340638,0.0,20.964736410290097,280604.0119647,6606329.868589664,1007.41,1
2026-09-13T21:09:55.096191+00:00,1789333795.096191,F_lat_centralus_rep1,r3-sub,F01,load,16,1,1000,6,0.1,145273,141936,28,1,494290561,181365610,175.504,,,1,1.0006506443023682,4160.293128979448,4158.294429421927,,175/E7209FD8,175/E7209FD8,0.117729,0.115972,1.6,35.9,0.0,5079830.837008906,0.0,12.991547123884898,240416.5743257201,5713770.367865109,1007.4,1
2026-09-13T21:09:56.097510+00:00,1789333796.0975103,F_lat_centralus_rep1,r3-sub,F01,load,16,1,1000,6,0.1,149591,146252,28,1,494290561,181410281,180.997,,,1,1.001319408416748,4312.310301492581,4310.312936832325,,175/E7837E30,175/E7837E30,0.091331,0.087901,2.3,35.9,0.0,15879720.163560595,0.0,29.960469903839147,272163.9046534652,6487871.847277919,1007.39,1
2026-09-13T21:09:57.098536+00:00,1789333797.0985365,F_lat_centralus_rep1,r3-sub,F01,load,16,1,1000,6,0.1,153715,150374,28,1,494290561,181452931,185.899,,,1,1.0010261535644531,4119.772480784108,4117.774530987413,,175/E7E67FF8,175/E7E67FF8,0.062001,0.058717,2.3,35.9,0.0,14755035.068171166,0.0,17.98154817025071,260052.14656286084,6482812.638703113,1007.39,1
2026-09-13T21:09:58.098945+00:00,1789333798.0989459,F_lat_centralus_rep1,r3-sub,F01,load,16,1,1000,6,0.1,158212,154869,28,1,494290561,181494112,191.312,,,1,1.0004093647003174,4495.159840239122,4493.160658633501,,175/E841DB60,175/E841DB60,0.107671,0.105039,2.3,35.8,0.0,14686339.930855446,0.0,17.992634450590213,257498.58916721342,5994023.258465103,1007.38,1
2026-09-13T21:09:59.100495+00:00,1789333799.1004958,F_lat_centralus_rep1,r3-sub,F01,load,16,1,1000,6,0.1,162842,159497,28,1,494290561,181532931,196.97,,,1,1.0015499591827393,4622.834794759576,4620.83788988063,,175/E8B3B3A8,175/E8A51D48,-0.004838,-0.000196,1.9,35.9,0.0,6273540.268652318,0.0,11.981429273674927,293425.20291229896,6967178.158235862,1007.38,1
2026-09-13T21:10:00.101268+00:00,1789333800.101268,F_lat_centralus_rep1,r3-sub,F01,load,16,1,1000,6,0.1,162844,159497,28,1,494290561,181532931,196.97,,,1,1.00077223777771,1.9984567162266116,0.0,,175/E9215C40,175/E9215C40,0.031728,0.031981,7.8,35.9,8185.678709664201,15908866.572232375,1.9984567162266116,114.91126118303016,257342.2705768589,6068804.43994594,1007.37,1
2026-09-13T21:10:01.102704+00:00,1789333801.102704,F_lat_centralus_rep1,r3-sub,F01,load,16,1,1000,6,0.1,167203,163854,28,1,494290561,181569488,201.922,,,1,1.0014359951019287,4352.749473076739,4350.752340948693,,175/E9839FE0,175/E9839FE0,0.049601,0.046135,1.6,35.8,0.0,13980052.712779744,0.0,17.974189152415992,269930.3812945992,6205845.436350075,1007.37,1
2026-09-13T21:10:02.104472+00:00,1789333802.1044726,F_lat_centralus_rep1,r3-sub,F01,load,16,1,1000,6,0.1,171799,168448,28,1,494290561,181607989,207.45,,,1,1.0017685890197754,4587.885915346136,4585.889446279406,,175/E9E53E18,175/E9E53E18,0.008549,0.005190,2.9,35.9,0.0,7163522.672458578,0.0,13.975283467111817,264366.44440922077,6436040.289812606,1007.36,1
2026-09-13T21:10:03.105589+00:00,1789333803.1055894,F_lat_centralus_rep1,r3-sub,F01,load,16,1,1000,6,0.1,175242,171889,28,1,494290561,181636855,211.627,,,1,1.0011167526245117,3439.1593098146504,3437.161540828409,,175/EA41BC98,175/EA41BC98,0.004311,0.001336,1.9,35.9,0.0,13575367.672522997,0.0,14.98326739681085,258674.12499202188,6110109.519158426,1007.36,1
2026-09-13T21:10:04.106910+00:00,1789333804.1069105,F_lat_centralus_rep1,r3-sub,F01,load,16,1,1000,6,0.1,179130,175775,28,1,494290561,181669429,216.361,,,1,1.0013210773468018,3882.870427837218,3880.8730665060257,,175/EA953FE8,175/EA953FE8,0.084860,0.081639,2.2,35.8,0.0,14951128.402957728,0.0,18.974932646323854,228493.14288503505,5503524.418563066,1007.35,1
2026-09-13T21:10:05.108079+00:00,1789333805.10808,F_lat_centralus_rep1,r3-sub,F01,load,16,1,1000,6,0.1,183311,179954,28,1,494290561,181704476,221.801,,,1,1.0011694431304932,4176.116269516473,4174.118605670735,,175/EAEB26D0,175/EAE85FE0,-0.001113,-0.000182,2.3,35.8,0.0,13623747.801721705,0.0,17.978974611647097,271923.0015138565,6377546.821679988,1007.35,1
2026-09-13T21:10:06.109508+00:00,1789333806.1095083,F_lat_centralus_rep1,r3-sub,F01,load,16,1,1000,6,0.1,187131,183772,28,1,494290561,181736477,226.658,,,1,1.0014283657073975,3814.5514255546336,3812.554278211411,,175/EB47E370,175/EB41DFE8,-0.000261,-0.000178,2.9,35.9,0.0,6290662.633217905,0.0,12.981457730945088,253497.91227520924,6067196.824116401,1007.34,1
2026-09-13T21:10:07.109784+00:00,1789333807.1097846,F_lat_centralus_rep1,r3-sub,F01,load,16,1,1000,6,0.1,191279,187918,28,1,494290561,181771208,231.282,,,1,1.0002763271331787,4146.854111691606,4144.854664193201,,175/EBA55E00,175/EBA55E00,0.075892,0.081231,1.2,35.8,0.0,14725147.042332157,0.0,16.99530373644101,238345.1387710963,5562726.867632011,1007.34,1
2026-09-13T21:10:08.110798+00:00,1789333808.1107986,F_lat_centralus_rep1,r3-sub,F01,load,16,1,1000,6,0.1,195526,192163,28,1,494290561,181806792,236.719,,,1,1.001013994216919,4242.697928836026,4240.699954770174,,175/EBFFFFD8,175/EBFFFFD8,0.000624,0.004002,2.1,35.8,0.0,14460601.034178171,0.0,16.982779559739214,242999.59981107796,5983904.355588837,1007.33,1
2026-09-13T21:10:09.110990+00:00,1789333809.11099,F_lat_centralus_rep1,r3-sub,F01,load,16,1,1000,6,0.1,199958,196593,28,1,494290561,181843947,241.98,,,1,1.0001914501190186,4431.151655488167,4429.152038315114,,175/EC611C58,175/EC611C58,0.055754,0.053999,1.4,35.8,0.0,6544155.1207232615,0.0,12.997511624852477,280719.2562649773,6428874.191270926,1007.32,1
2026-09-13T21:10:10.112314+00:00,1789333810.1123145,F_lat_centralus_rep1,r3-sub,F01,load,16,1,1000,6,0.1,204009,200641,28,1,494290561,181877869,246.583,,,1,1.0013244152069092,4045.6418903587,4042.645858349054,,175/ECC1BD08,175/ECC1BD08,0.027944,0.024910,1.9,35.9,0.0,8569770.066204604,0.0,27.962965423363023,260558.91181489665,6385938.36611753,1007.32,1
2026-09-13T21:10:11.113290+00:00,1789333811.1132903,F_lat_centralus_rep1,r3-sub,F01,load,16,1,1000,6,0.1,208128,204759,28,1,494290561,181912366,251.133,,,1,1.0009758472442627,4114.984403809359,4113.985378705253,,175/ED213C28,175/ED213C28,0.029241,0.026438,1.9,35.9,0.0,10680137.81694299,0.0,42.95807947652401,267276.1792769955,6324026.71595659,1007.31,1
2026-09-13T21:10:12.113693+00:00,1789333812.1136937,F_lat_centralus_rep1,r3-sub,F01,load,16,1,1000,6,0.1,212147,208776,28,1,494290561,181946030,255.892,,,1,1.0004034042358398,4017.379372144301,4015.3801786274344,,175/ED9C3B88,175/ED9C3B88,0.004434,0.008761,2.7,36.1,0.0,18424567.45144657,0.0,33.98628978673955,273906.5049556768,6548862.161264215,1007.31,1
2026-09-13T21:10:13.115009+00:00,1789333813.1150098,F_lat_centralus_rep1,r3-sub,F01,load,16,1,1000,6,0.1,216466,213139,41,52,494290581,182081561,260.859,,,1,1.0013160705566406,4313.3233621218415,4357.265531127018,,175/EE15B888,175/EE15B888,0.109540,0.113815,9.1,35.9,32724.93168094663,5915031.401331103,2.996056977625729,10.98554225129434,236098.27800784033,5740488.112614243,1007.31,1
2026-09-13T21:10:14.116021+00:00,1789333814.1160219,F_lat_centralus_rep1,r3-sub,F01,load,16,1,1000,6,0.1,220637,217308,41,52,494290581,182116589,265.555,,,1,1.0010120868682861,4166.782853790679,4164.784875917847,,175/EE785BD8,175/EE785BD8,0.076066,0.072904,2.3,35.9,0.0,15925513.996413523,0.0,34.964612774556166,267221.5485797593,6538684.2835008,1007.3,1
2026-09-13T21:10:15.117284+00:00,1789333815.1172845,F_lat_centralus_rep1,r3-sub,F01,load,16,1,1000,6,0.1,224850,221519,41,52,494290581,182151868,270.718,,,1,1.0012626647949219,4207.687101628727,4205.689623773693,,175/EECB6000,175/EECB6000,0.157988,0.155117,1.0,35.8,0.0,13957927.815936755,0.0,19.974778550338126,228626.32159253262,5477119.234365177,1007.3,1
2026-09-13T21:10:16.118491+00:00,1789333816.1184914,F_lat_centralus_rep1,r3-sub,F01,load,16,1,1000,6,0.1,229087,225754,41,52,494290581,182187395,275.797,,,1,1.001206874847412,4231.892635221602,4229.895046061715,,175/EF321F48,175/EF321F48,0.030907,0.029493,1.9,35.9,0.0,6676614.162301643,0.0,12.984329539268547,268849.53226177476,6640289.002223669,1007.29,1
2026-09-13T21:10:17.119734+00:00,1789333817.1197343,F_lat_centralus_rep1,r3-sub,F01,load,16,1,1000,6,0.1,229089,225754,41,52,494290581,182187395,275.797,,,1,1.0012428760528564,1.9975173335409762,0.0,,175/EF839B78,175/EF839B78,0.096848,0.093806,1.4,35.9,0.0,13802748.893936137,0.0,20.973932002180252,213185.0374221607,5382274.499914157,1007.29,1
2026-09-13T21:10:18.120393+00:00,1789333818.1203933,F_lat_centralus_rep1,r3-sub,F01,load,16,1,1000,6,0.1,233186,229849,41,52,494290581,182221714,281.315,,,1,1.0006589889526367,4094.3019002789565,4092.303217388901,,175/EFD4BFF8,175/EFD4BFF8,0.159530,0.155990,6.2,35.9,0.0,13794429.62327034,0.0,14.99012167541722,221050.33027437248,5384381.751908713,1007.28,1
2026-09-13T21:10:19.120871+00:00,1789333819.1208708,F_lat_centralus_rep1,r3-sub,F01,load,16,1,1000,6,0.1,237294,233955,41,52,494290581,182256120,286.299,,,1,1.0004775524139404,4106.0391510916625,4104.040105740595,,175/F0313C80,175/F0313C80,0.098021,0.094976,1.4,35.9,0.0,6034622.1516242735,0.0,10.994749430868618,245276.86743987034,6125114.936576376,1007.28,1
2026-09-13T21:10:20.121403+00:00,1789333820.1214035,F_lat_centralus_rep1,r3-sub,F01,load,16,1,1000,6,0.1,241177,237836,41,52,494290581,182288653,291.211,,238553,1,1.000532627105713,3880.9329099367146,3878.9339746238447,117687,175/F0943FE8,175/F0943FE8,0.002536,0.000188,4.5,35.9,0.0,15016130.002137953,0.0,24.986691410872485,266647.97606026684,6546352.235355905,1007.27,1
2026-09-13T21:10:21.122626+00:00,1789333821.1226265,F_lat_centralus_rep1,r3-sub,F01,load,16,1,1000,6,0.1,245370,242023,41,52,494290585,182324306,296.396,,,1,1.001223087310791,4187.877859730621,4181.885189289795,,175/F0E87B80,175/F0E87B80,0.036575,0.034054,1.6,35.9,0.0,13541197.932635684,0.0,17.97801132247822,251007.9953060341,5583055.435741102,1007.27,1
2026-09-13T21:10:22.123818+00:00,1789333822.123818,F_lat_centralus_rep1,r3-sub,F01,load,16,1,1000,6,0.1,249253,245901,41,52,494290585,182366248,301.031,,,1,1.0011913776397705,3878.3793855215426,3873.385335321283,,175/F1419D20,175/F1419D20,0.046806,0.051611,2.3,35.9,0.0,14756691.208057722,0.0,18.977390760986175,233683.59459062354,5896682.823934745,1007.26,1
2026-09-13T21:10:23.125120+00:00,1789333823.1251204,F_lat_centralus_rep1,r3-sub,F01,load,16,1,1000,6,0.1,253347,249993,41,52,494290585,182400527,305.81,,,1,1.0013024806976318,4088.674580280287,4086.677181853184,,175/F1A2BFE8,175/F1A2BFE8,0.018033,0.019784,1.4,35.9,0.0,6136007.968061085,0.0,11.984390562619307,267464.63247889705,6426970.994335638,1007.26,1
2026-09-13T21:10:24.126137+00:00,1789333824.126137,F_lat_centralus_rep1,r3-sub,F01,load,16,1,1000,6,0.1,257429,254073,41,52,494290585,182434721,311.134,,,1,1.001016616821289,4077.8543846378097,4075.856415806532,,175/F1FD9820,175/F1F3DFB0,-0.000003,-0.000186,2.1,35.9,0.0,14534216.27125439,0.0,16.98273506586055,238380.6582129907,6163816.760198239,1007.25,1
2026-09-13T21:10:25.126651+00:00,1789333825.1266518,F_lat_centralus_rep1,r3-sub,F01,load,16,1,1000,6,0.1,261715,258357,41,52,494290585,182471102,316.534,,,1,1.0005147457122803,4283.794934924959,4281.7959638867305,,175/F2649FD0,175/F2649FD0,0.004215,0.003941,1.8,35.9,0.0,14983647.231833093,0.0,25.98662349697829,280070.8347386835,6650931.461547499,1007.24,1
2026-09-13T21:10:26.127736+00:00,1789333826.127736,F_lat_centralus_rep1,r3-sub,F01,load,16,1,1000,6,0.1,265627,262267,41,52,494290585,182507912,321.344,,,1,1.001084327697754,3907.762704663084,3905.7648709694936,,175/F2B87C50,175/F2B87C50,0.150253,0.147019,2.3,35.9,0.0,14881016.102069804,0.0,28.96858855706274,238151.76544445957,5892167.959082149,1007.24,1
2026-09-13T21:10:27.127848+00:00,1789333827.1278486,F_lat_centralus_rep1,r3-sub,F01,load,16,1,1000,6,0.1,269837,266475,41,52,494290585,182547532,325.93,,,1,1.000112533569336,4209.5262869817125,4207.526512023526,,175/F321BFF8,175/F321BFF8,0.087736,0.084935,1.9,35.9,0.0,6986989.7291068705,0.0,13.998424707302608,262875.41769095656,6621300.881378171,1007.23,1
2026-09-13T21:10:28.128858+00:00,1789333828.128858,F_lat_centralus_rep1,r3-sub,F01,load,16,1,1000,6,0.1,274334,270970,41,52,494290585,182589835,331.58,,,1,1.001009464263916,4492.465017108337,4490.467034000883,,175/F386BE90,175/F386BE90,0.075627,0.072669,1.7,35.9,0.0,15119457.44801643,0.0,17.981847967078064,263122.38735293096,6659846.123335313,1007.23,1
2026-09-13T21:10:29.130340+00:00,1789333829.13034,F_lat_centralus_rep1,r3-sub,F01,load,16,1,1000,6,0.1,278571,275205,41,52,494290585,182629730,336.289,,,1,1.0014820098876953,4230.730016283698,4228.732975917267,,175/F3ED3FD8,175/F3ED3FD8,0.039440,0.039846,1.9,35.9,0.0,14347504.85593974,0.0,16.974843114661994,282623.14969765645,6774713.8071514955,1007.22,1
2026-09-13T21:10:30.131365+00:00,1789333830.131365,F_lat_centralus_rep1,r3-sub,F01,load,16,1,1000,6,0.1,283074,279706,41,52,494290585,182672079,341.843,,,1,1.0010249614715576,4498.389324258569,4496.391372082571,,175/F4462960,175/F445DFE0,-0.006315,-0.000115,2.1,35.9,0.0,6477328.987349364,0.0,17.98156958397829,247934.87630433266,6165972.116146252,1007.22,1
2026-09-13T21:10:31.132423+00:00,1789333831.1324232,F_lat_centralus_rep1,r3-sub,F01,load,16,1,1000,6,0.1,287292,283922,41,52,494290585,182711774,346.763,,,1,1.0010581016540527,4213.541644616411,4211.543758582928,,175/F4AB1B98,175/F4AB1B98,0.121679,0.125997,1.7,35.9,0.0,15523798.243401475,0.0,18.979917318091942,265718.8424532872,6386221.7282262165,1007.21,1
2026-09-13T21:10:32.133765+00:00,1789333832.133766,F_lat_centralus_rep1,r3-sub,F01,load,16,1,1000,6,0.1,291496,288124,41,52,494290585,182751360,352.088,,,1,1.0013427734375,4198.362550286481,4196.36523223211,,175/F5145CD0,175/F5145CD0,0.063709,0.061624,2.3,35.9,0.0,15396669.760819212,0.0,17.97586248933317,282865.17615506524,6921739.671827381,1007.21,1
2026-09-13T21:10:33.134688+00:00,1789333833.134689,F_lat_centralus_rep1,r3-sub,F01,load,16,1,1000,6,0.1,295881,292507,41,52,494290585,182792641,357.468,,,1,1.0009231567382812,4380.9556912335265,4378.957535844138,,175/F5781B70,175/F5781B70,0.048416,0.045175,3.1,35.9,0.0,15038916.722690998,0.0,19.981553893881532,276326.90695387713,6590848.61369128,1007.2,1
2026-09-13T21:10:34.135392+00:00,1789333834.1353931,F_lat_centralus_rep1,r3-sub,F01,load,16,1,1000,6,0.1,300141,296765,41,52,494290585,182832753,362.837,,,1,1.000704050064087,4257.002856865805,4255.004263975258,,175/F5DD3C38,175/F5DD3C38,0.017053,0.014076,2.1,35.9,0.0,6450754.345989297,0.0,11.99155734328396,278533.89819112816,6677278.861389712,1007.19,1
2026-09-13T21:10:35.136414+00:00,1789333835.1364145,F_lat_centralus_rep1,r3-sub,F01,load,16,1,1000,6,0.1,304561,301183,41,52,494290585,182874394,368.569,,,1,1.001021385192871,4415.490083809128,4413.492124495187,,175/F6359D78,175/F6359D78,0.110075,0.107244,1.6,35.9,0.0,9018372.76759139,0.0,72.92551495883855,240567.28813401077,5837276.891816011,1007.19,1
2026-09-13T21:10:36.136729+00:00,1789333836.136729,F_lat_centralus_rep1,r3-sub,F01,load,16,1,1000,6,0.1,308782,305402,41,52,494290585,182914116,373.304,,,1,1.000314474105835,4219.67302209946,4217.673650849945,,175/F699DBC0,175/F699DBC0,0.082040,0.078871,7.0,35.9,0.0,8996082.96485361,0.0,22.992769369411885,267698.815654314,6621492.712000101,1007.18,1
2026-09-13T21:10:37.137952+00:00,1789333837.1379526,F_lat_centralus_rep1,r3-sub,F01,load,16,1,1000,6,0.1,312964,309582,41,52,494290585,182953456,378.723,,,1,1.0012235641479492,4176.8893079927875,4174.891752130524,,175/F6FD9FC8,175/F6FD9FC8,0.049563,0.046992,1.8,35.9,0.0,14572122.073870873,0.0,19.975558622634086,274339.3282336009,6575459.503495231,1007.18,1
2026-09-13T21:10:38.139137+00:00,1789333838.139137,F_lat_centralus_rep1,r3-sub,F01,load,16,1,1000,6,0.1,317269,313885,41,52,494290585,182993984,384.139,,,1,1.0011844635009766,4299.906917198981,4297.909283323395,,175/F7587F18,175/F7539F30,0.001232,-0.000191,2.5,35.9,0.0,6459932.445799177,0.0,12.98462019130935,276761.1864761321,6760992.850737938,1007.17,1
2026-09-13T21:10:39.139410+00:00,1789333839.1394103,F_lat_centralus_rep1,r3-sub,F01,load,16,1,1000,6,0.1,317271,313885,41,52,494290585,182993984,384.139,,,1,1.0002732276916504,1.9994536938826586,0.0,,175/F7B67E40,175/F7B67E40,0.128590,0.130790,1.6,35.9,0.0,14684243.85794706,0.0,16.9953563980026,214477.398835405,5438334.096528382,1007.17,1
2026-09-13T21:10:40.140931+00:00,1789333840.1409316,F_lat_centralus_rep1,r3-sub,F01,load,16,1,1000,6,0.1,321424,318036,41,52,494290585,183033070,388.883,,,1,1.001521348953247,4146.691435325429,4144.694473401362,,175/F8211FE0,175/F8211FE0,0.025727,0.022329,2.9,35.9,0.0,15762004.490966592,0.0,23.963543088805753,284471.2200072131,7011472.104253473,1007.16,1
2026-09-13T21:10:41.142722+00:00,1789333841.1427226,F_lat_centralus_rep1,r3-sub,F01,load,16,1,1000,6,0.1,325888,322498,41,52,494290585,183075096,394.391,,,1,1.001791000366211,4456.019267859421,4454.022843456258,,175/F87AD9E0,175/F8737FC8,0.002133,-0.000199,1.2,35.9,0.0,5303014.299447668,0.0,10.980334217395527,257377.03763134798,6503759.763881141,1007.16,1
2026-09-13T21:10:42.143949+00:00,1789333842.1437209,F_lat_centralus_rep1,r3-sub,F01,load,16,1,1000,6,0.1,330030,326638,41,52,494290585,183114087,399.243,,,1,1.0009982585906982,4137.869336387764,4135.871330913893,,175/F8D5FFE8,175/F8D5FFE8,0.135449,0.132384,1.8,35.9,0.0,14419909.201762252,0.0,16.983046527907288,212221.14841546642,5426879.570847716,1007.15,1
2026-09-13T21:10:43.144813+00:00,1789333843.1448135,F_lat_centralus_rep1,r3-sub,F01,load,16,1,1000,6,0.1,334172,330778,41,52,494290585,183153072,404.459,,,1,1.0010926723480225,4137.479091006736,4135.481273966172,,175/F9417FD8,175/F9417FD8,0.009845,0.008779,1.8,35.9,0.0,15727838.625639604,0.0,20.977078925915368,289282.90856505546,7080494.339624763,1007.14,1
2026-09-13T21:10:44.145683+00:00,1789333844.1456833,F_lat_centralus_rep1,r3-sub,F01,load,16,1,1000,6,0.1,338673,335277,41,52,494290585,183195452,409.995,,,1,1.0008697509765625,4497.08865275258,4495.090390742915,,175/F994C300,175/F993DD30,-0.005196,-0.000187,1.4,35.9,0.0,6261434.111566783,0.0,11.989572057993993,231557.60254905248,5912403.68112451,1007.14,1
2026-09-13T21:10:45.146663+00:00,1789333845.1466634,F_lat_centralus_rep1,r3-sub,F01,load,16,1,1000,6,0.1,342817,339419,41,52,494290585,183234449,415.125,,,1,1.0009801387786865,4139.9422820278605,4137.944240385955,,175/F9F6BF20,175/F9F6BF20,0.123045,0.120054,1.9,35.9,0.0,14972588.785114383,0.0,21.97845806095872,242054.75275026407,6018070.455773429,1007.13,1
2026-09-13T21:10:46.147562+00:00,1789333846.1475625,F_lat_centralus_rep1,r3-sub,F01,load,16,1,1000,6,0.1,347330,343930,41,52,494290585,183276931,421.033,,,1,1.000899076461792,4508.946112682598,4506.947909220297,,175/FA608790,175/FA523C10,0.002803,-0.000204,2.3,35.9,0.0,14597307.904057931,0.0,18.98293289186115,287851.1997617956,7120313.293916855,1007.13,1
2026-09-13T21:10:47.149019+00:00,1789333847.1490197,F_lat_centralus_rep1,r3-sub,F01,load,16,1,1000,6,0.1,351478,348076,41,52,494290585,183315986,426.06,,,1,1.0014572143554688,4141.964270205618,4139.967180393561,,175/FAB57E38,175/FAB57E38,0.144079,0.140982,1.5,35.9,0.0,6437722.857835034,0.0,11.982538872340264,220511.6672329598,5427906.37690743,1007.12,1
2026-09-13T21:10:48.149856+00:00,1789333848.1498568,F_lat_centralus_rep1,r3-sub,F01,load,16,1,1000,6,0.1,355628,352224,41,52,494290585,183355089,430.971,,,1,1.0008370876312256,4146.528991868388,4144.530664643392,,175/FB203D20,175/FB203D20,0.035107,0.031780,2.0,35.9,0.0,15662281.298048628,0.0,19.983272249968138,273248.26725522685,7014500.248602666,1007.12,1
2026-09-13T21:10:49.151339+00:00,1789333849.1513395,F_lat_centralus_rep1,r3-sub,F01,load,16,1,1000,6,0.1,360094,356690,41,52,494290585,183397147,436.297,,,1,1.0014827251434326,4459.387953357236,4459.387953357236,,175/FB831E80,175/FB831E80,0.003825,0.000825,1.5,35.9,0.0,14691049.211950036,0.0,16.974830991283703,256800.23583349027,6528819.555088735,1007.11,1
2026-09-13T21:10:50.152826+00:00,1789333850.152779,F_lat_centralus_rep1,r3-sub,F01,load,16,1,1000,6,0.1,364248,360840,41,52,494290585,183436248,441.102,,360173,1,1.0014395713806152,4148.028616717401,4144.0343667253765,121620,175/FBE63D78,175/FBE63D78,0.024094,0.018558,3.7,35.9,0.0,14732583.394582631,0.0,20.96981245812841,264357.4385971428,6532768.6132681575,1007.11,1
2026-09-13T21:10:51.153638+00:00,1789333851.1536047,F_lat_centralus_rep1,r3-sub,F01,load,16,1,1000,6,0.1,368784,365370,41,52,494290585,183490788,446.494,,,1,1.0008256435394287,4532.2579704876425,4526.26292026213,,175/FC419D78,175/FC419D78,0.011630,0.014247,2.1,35.9,0.0,6089819.979477661,0.0,12.989275488610968,266788.7276106558,6039645.405790269,1007.1,1
2026-09-13T21:10:52.155218+00:00,1789333852.1552181,F_lat_centralus_rep1,r3-sub,F01,load,16,1,1000,6,0.1,372954,369535,41,52,494290585,183559247,451.954,,,1,1.0016133785247803,4163.283048536909,4158.291102435545,,175/FC99AEE0,175/FC943E10,0.001013,-0.000202,6.4,35.9,0.0,14533735.583125351,0.0,15.97422752436224,284440.09046645486,6533676.706314175,1007.1,1
2026-09-13T21:10:53.156296+00:00,1789333853.1562965,F_lat_centralus_rep1,r3-sub,F01,load,16,1,1000,6,0.1,377112,373691,41,52,494290585,183598398,457.04,,,1,1.0010783672332764,4153.520979073442,4151.523133484661,,175/FCF77F60,175/FCF77F60,0.132692,0.129871,1.6,35.9,0.0,14999760.749500753,0.0,17.980610299019226,229264.7683860278,5458474.7596755,1007.09,1
2026-09-13T21:10:54.156478+00:00,1789333854.1564786,F_lat_centralus_rep1,r3-sub,F01,load,16,1,1000,6,0.1,381600,378177,41,52,494290585,183640647,463.409,,,1,1.0001821517944336,4487.182651628054,4485.183015865297,,175/FD629E08,175/FD629E08,0.026233,0.023077,2.1,35.9,0.0,7150313.557554728,0.0,12.9976324579244,274506.9980577192,7055196.883227638,1007.09,1
2026-09-13T21:10:55.157775+00:00,1789333855.1577752,F_lat_centralus_rep1,r3-sub,F01,load,16,1,1000,6,0.1,381603,378177,41,52,494290585,183640647,463.409,,,1,1.0012965202331543,2.9961154756649337,0.0,,175/FDB57FD0,175/FDB57FD0,0.166186,0.162993,1.2,35.9,0.0,13773374.541228484,0.0,20.972808329654537,226763.99589117616,5452704.458344346,1007.08,1
2026-09-13T21:10:56.158995+00:00,1789333856.1589952,F_lat_centralus_rep1,r3-sub,F01,load,16,1,1000,6,0.1,385771,382344,41,52,494290585,183679910,468.782,,,1,1.0012199878692627,4162.921286529739,4161.922505031051,,175/FE205B68,175/FE205B68,0.059881,0.056911,1.8,35.9,0.0,15828113.893057162,0.0,29.963444960626713,298804.4621808578,7045703.327410135,1007.07,1
2026-09-13T21:10:57.160171+00:00,1789333857.1601715,F_lat_centralus_rep1,r3-sub,F01,load,16,1,1000,6,0.1,390255,386826,41,52,494290585,183722147,474.389,,,1,1.001176357269287,4478.731411746608,4476.733761696765,,175/FE837B48,175/FE837B48,0.027875,0.024956,1.6,35.9,0.0,14859192.281144341,0.0,19.97650049842376,283322.71126904455,6552939.402099143,1007.07,1
2026-09-13T21:10:58.161264+00:00,1789333858.161265,F_lat_centralus_rep1,r3-sub,F01,load,16,1,1000,6,0.1,394425,390994,41,52,494290585,183761417,480.042,,,1,1.0010933876037598,4165.445553467702,4163.447737854528,,175/FEE57C60,175/FEE57C60,0.014624,0.011859,1.9,35.9,0.0,6480977.779235941,0.0,12.985801485630725,267793.19823667686,6448763.002473511,1007.06,1
2026-09-13T21:10:59.161506+00:00,1789333859.161507,F_lat_centralus_rep1,r3-sub,F01,load,16,1,1000,6,0.1,398529,395096,41,52,494290585,183800039,485.153,,,1,1.000241994857788,4103.007093381933,4101.007577254554,,176/FFED40,176/FFED40,0.023895,0.031434,1.9,35.9,0.0,14115496.122523222,0.0,20.994919337480653,248801.79124591002,5774137.688371254,1007.06,1
2026-09-13T21:11:00.162682+00:00,1789333860.162682,F_lat_centralus_rep1,r3-sub,F01,load,16,1,1000,6,0.1,402768,399332,41,52,494290585,183839947,490.342,,,1,1.0011751651763916,4234.024322060719,4231.027843418072,,176/37CEFB0,176/37A1D40,-0.006134,-0.000177,1.9,35.9,0.0,10019329.632724833,0.0,24.970655355394662,293004.67111398675,6687983.514673275,1007.05,1
2026-09-13T21:11:01.163706+00:00,1789333861.1637068,F_lat_centralus_rep1,r3-sub,F01,load,16,1,1000,6,0.1,406738,403301,41,52,494290585,183877335,495.705,,,1,1.0010247230529785,3965.936013939878,3964.9370376139486,,176/3DD1DC8,176/3DD1DC8,0.121524,0.121704,1.2,35.9,0.0,7029724.479270005,0.0,14.984644888941604,266744.6605970273,5914891.873940897,1007.05,1
2026-09-13T21:11:02.164168+00:00,1789333862.1641684,F_lat_centralus_rep1,r3-sub,F01,load,16,1,1000,6,0.1,411369,407930,41,52,494290585,183920904,501.685,,,1,1.0004615783691406,4628.863416773112,4626.864339503937,,176/4419C78,176/4419C78,0.077489,0.075955,2.3,35.9,0.0,17776626.693641927,0.0,59.97231807522925,255937.86461784836,6292209.652130479,1007.04,1
2026-09-13T21:11:03.165414+00:00,1789333863.1654139,F_lat_centralus_rep1,r3-sub,F01,load,16,1,1000,6,0.1,414769,411328,41,52,494290585,183952900,505.389,,,1,1.0012454986572266,3395.770572311936,3393.773060210576,,176/485BFF8,176/485BFF8,0.048318,0.049180,1.4,35.9,0.0,12387259.684695994,0.0,16.97885286155968,192657.04590801633,4485252.623879636,1007.04,1
2026-09-13T21:11:04.166568+00:00,1789333864.166569,F_lat_centralus_rep1,r3-sub,F01,load,16,1,1000,6,0.1,417632,414189,41,52,494290585,183979870,509.008,,,1,1.001155138015747,2859.6966556795196,2857.6989632899426,,176/4C45C48,176/4C45C48,0.034801,0.038838,2.9,35.9,0.0,13214815.064747643,0.0,17.97923150619328,162241.58857330377,4121477.1250917744,1007.04,1
2026-09-13T21:11:05.166742+00:00,1789333865.1667423,F_lat_centralus_rep1,r3-sub,F01,load,16,1,1000,6,0.1,420081,416636,41,52,494290585,184002927,511.954,,,1,1.0001733303070068,2448.5755876416647,2446.575934242202,,176/4F39D10,176/4F39D10,0.007977,0.008780,2.1,35.9,0.0,2809369.05119986,0.0,22.996014093817184,124112.48754443054,3111150.7432865216,1007.03,1
2026-09-13T21:11:06.168057+00:00,1789333866.1680572,F_lat_centralus_rep1,r3-sub,F01,load,16,1,1000,6,0.1,422180,418732,41,52,494290585,184022670,514.274,,,1,1.0013148784637451,2096.243694311588,2093.247633767074,,176/51A1C68,176/51A1C68,0.146469,0.147139,1.4,35.9,0.0,10774696.583508955,0.0,11.98424217805577,98540.43130906356,2531948.7950580725,1007.03,1
2026-09-13T21:11:07.169214+00:00,1789333867.169215,F_lat_centralus_rep1,r3-sub,F01,load,16,1,1000,6,0.1,424245,420796,41,52,494290585,184042110,516.94,,,1,1.0011577606201172,2062.6119890644795,2061.6131454862402,,176/5409CF0,176/5409CF0,0.129742,0.131385,1.5,35.8,0.0,11152783.746173996,0.0,12.984966517112946,101933.98484649311,2541283.801689862,1007.03,1
2026-09-13T21:11:08.170383+00:00,1789333868.1703835,F_lat_centralus_rep1,r3-sub,F01,load,16,1,1000,6,0.1,425871,422420,41,52,494290585,184057410,519.095,,,1,1.0011684894561768,1624.1022536408677,1622.104587892232,,176/5683FB0,176/5683FB0,0.110485,0.111687,1.6,35.9,0.0,2577468.2555197948,0.0,4.994164371589384,107040.9238091496,2606658.1474388605,1007.03,1
2026-09-13T21:11:09.171563+00:00,1789333869.1715639,F_lat_centralus_rep1,r3-sub,F01,load,16,1,1000,6,0.1,427601,424148,41,52,494290585,184073696,521.169,,,1,1.0011804103851318,1727.9602977194763,1725.962655756795,,176/591BFF0,176/591BFF0,0.089407,0.091734,1.4,35.8,0.0,9241954.700692385,0.0,22.97288257083697,105130.90239101936,2736507.7977765105,1007.02,1
2026-09-13T21:11:10.172834+00:00,1789333870.1728344,F_lat_centralus_rep1,r3-sub,F01,load,16,1,1000,6,0.1,429341,425886,41,52,494290585,184090045,523.444,,,1,1.0012705326080322,1737.7920784982878,1735.7946163390943,,176/5BDDBD8,176/5BDDBD8,0.070482,0.070742,5.3,35.9,0.0,6271200.235609159,0.0,18.975890512337624,115566.16941337493,2901976.9436653154,1007.02,1
2026-09-13T21:11:11.173290+00:00,1789333871.17329,F_lat_centralus_rep1,r3-sub,F01,load,16,1,1000,6,0.1,431552,428095,41,52,494290585,184110855,526.407,,,1,1.000455617904663,2209.993087580117,2207.9939984009397,,176/5F57DA0,176/5F57DA0,0.043181,0.043674,1.9,35.9,0.0,4630466.2766574165,0.0,7.996356716707795,139406.48390990452,3674949.627151135,1007.02,1
2026-09-13T21:11:12.174276+00:00,1789333872.174276,F_lat_centralus_rep1,r3-sub,F01,load,16,1,1000,6,0.1,432924,429465,41,52,494290585,184123752,528.171,,,1,1.000986099243164,1370.648404645535,1368.6503749011538,,176/625BDB0,176/625BDB0,0.187865,0.191065,1.4,36.1,0.0,9898463.132996066,0.0,17.98226769943122,121515.17397890644,3175583.5594554166,1007.02,1
2026-09-13T21:11:13.175262+00:00,1789333873.1752622,F_lat_centralus_rep1,r3-sub,F01,load,16,1,1000,6,0.1,435840,432425,54,103,494290585,184256259,530.974,,,1,1.000986099243164,2913.127367307857,2957.084021684245,,176/675DF50,176/675DF50,0.153007,0.149583,9.0,35.9,0.0,10058049.764739284,0.0,21.97832718819371,208384.5121902421,5292047.515949734,1007.01,1
2026-09-13T21:11:14.176454+00:00,1789333874.176454,F_lat_centralus_rep1,r3-sub,F01,load,16,1,1000,6,0.1,439205,435788,54,103,494290585,184288019,535.121,,,1,1.0011918544769287,3360.994184034827,3358.9965649061287,,176/6D2C9F8,176/6C65FC8,0.001443,-0.000215,2.3,35.9,0.0,6296239.798408451,0.0,12.984524336538707,246585.10643694917,6383352.972182289,1007.01,1
2026-09-13T21:11:15.177769+00:00,1789333875.1777697,F_lat_centralus_rep1,r3-sub,F01,load,16,1,1000,6,0.1,443299,439880,54,103,494290585,184326530,540.042,,,1,1.0013155937194824,4088.6210358439002,4086.6236635743135,,176/731BF68,176/731BF68,0.123138,0.127397,1.8,35.9,0.0,15033022.649817064,0.0,32.95664244817995,250410.56143807998,5991211.999121867,1007.0,1
2026-09-13T21:11:16.178494+00:00,1789333876.1784947,F_lat_centralus_rep1,r3-sub,F01,load,16,1,1000,6,0.1,447799,444378,54,103,494290585,184368925,545.599,,,1,1.0007250308990479,4496.739724754577,4494.741173765798,,176/7A4FFC0,176/7A4FFC0,0.048573,0.044815,2.5,35.9,0.0,16617711.645585483,0.0,31.976815820476993,339613.76952335343,7628933.787277434,1007.0,1
2026-09-13T21:11:17.180170+00:00,1789333877.1801705,F_lat_centralus_rep1,r3-sub,F01,load,16,1,1000,6,0.1,452697,449274,54,103,494290585,184415047,552.294,,,1,1.0016758441925049,4889.805447937595,4887.80879401847,,176/81D1900,176/8115FD0,-0.000756,-0.000205,2.1,35.9,0.0,7458604.540895949,0.0,13.976577433876344,359089.2224120297,8248803.290909814,1006.99,1
2026-09-13T21:11:18.181487+00:00,1789333878.1814876,F_lat_centralus_rep1,r3-sub,F01,load,16,1,1000,6,0.1,457962,454537,54,103,494290585,184464635,559.092,,,1,1.001317024230957,5258.074987832835,5256.077618416754,,176/897FDE0,176/897FDE0,0.016227,0.013197,2.9,35.9,0.0,16865595.601922747,0.0,22.969748284929764,338820.7648427507,7775114.985166059,1006.98,1
2026-09-13T21:11:19.181982+00:00,1789333879.181983,F_lat_centralus_rep1,r3-sub,F01,load,16,1,1000,6,0.1,463122,459695,54,103,494290585,184513185,566.103,,,1,1.000495433807373,5157.444827472808,5155.445817849757,,176/8FFFF90,176/8FFFF90,0.040428,0.046775,2.1,35.9,0.0,15458837.169443583,0.0,19.990096230514762,292768.9523632501,6856362.126406986,1006.98,1
2026-09-13T21:11:20.183526+00:00,1789333880.1835268,F_lat_centralus_rep1,r3-sub,F01,load,16,1,1000,6,0.1,468174,464745,54,103,494290585,184560757,572.634,,465424,1,1.0015437602996826,5044.212944313424,5042.216027074978,105251,176/98A6000,176/98A6000,0.039880,0.037988,4.6,35.9,0.0,17741060.055811554,0.0,26.958382719014736,379897.52927635564,9115397.011977063,1006.97,1
2026-09-13T21:11:21.183717+00:00,1789333881.1836574,F_lat_centralus_rep1,r3-sub,F01,load,16,1,1000,6,0.1,473545,470110,54,103,494290585,184615543,579.381,,,1,1.0001306533813477,5370.298352361418,5364.299136179297,,176/9FA5D78,176/9FA5D78,0.018885,0.016843,1.4,35.9,0.0,7478318.932344693,0.0,13.998171091614198,322586.8529368855,7421949.297228126,1006.96,1
2026-09-13T21:11:22.185238+00:00,1789333882.1852014,F_lat_centralus_rep1,r3-sub,F01,load,16,1,1000,6,0.1,478000,474560,54,103,494290585,184664777,584.677,,,1,1.0015439987182617,4448.13208975476,4443.139797847067,,176/A61DEE0,176/A61DEE0,0.101448,0.098791,2.7,35.9,0.0,14624715.458077785,0.0,19.96916763077333,289336.2651774194,6817370.987932717,1006.96,1
2026-09-13T21:11:23.186254+00:00,1789333883.1862543,F_lat_centralus_rep1,r3-sub,F01,load,16,1,1000,6,0.1,482776,479334,54,103,494290585,184709742,590.468,,,1,1.0010528564453125,4770.976846276961,4768.97894977517,,176/AD45DB0,176/AD45DB0,0.007080,0.004933,2.1,35.9,0.0,16698195.197561162,0.0,22.975809770596754,317575.6384421919,7554427.272555445,1006.95,1
2026-09-13T21:11:24.186768+00:00,1789333884.186769,F_lat_centralus_rep1,r3-sub,F01,load,16,1,1000,6,0.1,487322,483878,54,103,494290585,184752578,596.818,,,1,1.0005147457122803,4543.661169894743,4541.662198856513,,176/B30DD38,176/B30DD38,0.116043,0.115888,2.0,35.9,0.0,6165402.385557552,0.0,9.994855191145495,273828.04818629404,6102299.867308254,1006.95,1
2026-09-13T21:11:25.188633+00:00,1789333885.1886337,F_lat_centralus_rep1,r3-sub,F01,load,16,1,1000,6,0.1,491467,488021,54,103,494290585,184791606,602.267,,,1,1.0018646717071533,4137.2853211172915,4135.289043519648,,176/B941E48,176/B941E48,0.102187,0.099685,1.4,35.9,0.0,9350117.101182854,0.0,90.83063069280423,265640.66736329836,6541177.850730285,1006.94,1
2026-09-13T21:11:26.190119+00:00,1789333886.1901195,F_lat_centralus_rep1,r3-sub,F01,load,16,1,1000,6,0.1,495689,492241,54,103,494290585,184831353,607.731,,,1,1.001485824584961,4215.736155576336,4213.739122816707,,176/BF77E40,176/BF77E40,0.073049,0.071266,5.6,35.9,0.0,15513078.286892911,0.0,34.9480732935035,290604.21311565954,6572238.806003805,1006.94,1
2026-09-13T21:11:27.190267+00:00,1789333887.1902668,F_lat_centralus_rep1,r3-sub,F01,load,16,1,1000,6,0.1,500156,496706,54,103,494290585,184873374,613.123,,,1,1.0001473426818848,4466.341917203705,4464.342211845656,,176/C513D58,176/C513D58,0.101786,0.101405,1.6,35.9,0.0,6274147.550273402,0.0,11.998232148297394,255754.31647310726,5936306.328705039,1006.93,1
2026-09-13T21:11:28.191591+00:00,1789333888.1915917,F_lat_centralus_rep1,r3-sub,F01,load,16,1,1000,6,0.1,504249,500796,54,103,494290585,184911858,618.837,,,1,1.0013248920440674,4087.5843919596387,4084.588361376722,,176/CB35FE8,176/CB35FE8,0.041945,0.039658,2.5,35.9,0.0,14599281.52805438,0.0,20.972214080418375,280781.99416980706,6486433.176290358,1006.92,1
2026-09-13T21:11:29.192349+00:00,1789333889.1923492,F_lat_centralus_rep1,r3-sub,F01,load,16,1,1000,6,0.1,508186,504732,54,103,494290585,184948919,624.105,,,1,1.0007574558258057,3934.0201535158826,3933.0209103984034,,176/D0FFC68,176/D0FFC68,0.028661,0.027501,1.6,35.9,0.0,14685324.51539197,0.0,16.987132997147576,257559.90974586902,6120864.71536238,1006.92,1
2026-09-13T21:11:30.194049+00:00,1789333890.1940498,F_lat_centralus_rep1,r3-sub,F01,load,16,1,1000,6,0.1,508188,504732,54,103,494290585,184948919,624.105,,,1,1.0017006397247314,1.9966044950810877,0.0,,176/D63FFE8,176/D63FFE8,0.108505,0.106280,2.0,35.9,0.0,13555187.509644914,0.0,17.96944045572979,229499.70368709564,5558263.396467446,1006.91,1
2026-09-13T21:11:31.195080+00:00,1789333891.1950808,F_lat_centralus_rep1,r3-sub,F01,load,16,1,1000,6,0.1,512398,508940,54,103,494290585,184988560,629.169,,,1,1.0010309219360352,4205.664288429459,4203.666348149919,,176/DC71FD8,176/DC71FD8,0.018367,0.016141,1.7,35.9,0.0,7279279.63094992,0.0,14.984552096542012,295557.3034924742,6556270.996411209,1006.91,1
2026-09-13T21:11:32.195817+00:00,1789333892.1958177,F_lat_centralus_rep1,r3-sub,F01,load,16,1,1000,6,0.1,516560,513100,54,103,494290585,185027759,635.025,,,1,1.000736951828003,4158.935065201154,4156.936538019414,,176/E209BE0,176/E209BE0,0.065079,0.063059,1.7,35.9,0.0,14399116.544740725,0.0,17.986744635660926,245333.20124886982,5897383.912145509,1006.9,1
2026-09-13T21:11:33.197513+00:00,1789333893.1975138,F_lat_centralus_rep1,r3-sub,F01,load,16,1,1000,6,0.1,520995,517533,54,103,494290585,185069505,640.765,,,1,1.0016961097717285,4427.4904901154805,4425.493876591189,,176/E813FD0,176/E813FD0,0.034352,0.032791,1.7,35.9,0.0,14708364.998400064,0.0,17.96952171861976,270668.9158069966,6398583.300339076,1006.9,1
2026-09-13T21:11:34.198783+00:00,1789333894.1987836,F_lat_centralus_rep1,r3-sub,F01,load,16,1,1000,6,0.1,525062,521598,54,103,494290585,185107784,645.876,,,1,1.001269817352295,4061.842202289249,4059.8447387031715,,176/EE28000,176/EE28000,0.002051,0.001301,1.6,35.9,0.0,14800534.025071733,0.0,17.97717227470039,264785.77043406205,6432535.854352883,1006.89,1
2026-09-13T21:11:35.199753+00:00,1789333895.1997538,F_lat_centralus_rep1,r3-sub,F01,load,16,1,1000,6,0.1,529165,525699,54,103,494290585,185146383,651.083,,,1,1.0009701251983643,4099.023434077915,4097.025372447851,,176/F421D68,176/F421D68,0.007339,0.004396,1.6,35.9,0.0,6678193.316384228,0.0,18.9815854856155,254561.04391677442,6326918.097325797,1006.89,1
2026-09-13T21:11:36.201005+00:00,1789333896.2010055,F_lat_centralus_rep1,r3-sub,F01,load,16,1,1000,6,0.1,533204,529736,54,103,494290585,185184395,656.254,,,1,1.0012516975402832,4033.9507138138956,4031.9532140794,,176/F94DBA0,176/F94DBA0,0.147246,0.144094,2.1,35.9,0.0,13786263.76755246,0.0,15.979997875964925,236398.1010783526,5469574.746743106,1006.88,1
2026-09-13T21:11:37.201416+00:00,1789333897.2014167,F_lat_centralus_rep1,r3-sub,F01,load,16,1,1000,6,0.1,537401,533931,54,103,494290585,185223907,660.982,,,1,1.0004112720489502,4195.274600819012,4193.27542302496,,176/FF93FD0,176/FF93FD0,0.113743,0.111264,1.4,35.9,0.0,14330106.427767778,0.0,16.99301124944561,281255.32754516235,6643815.584351776,1006.88,1
2026-09-13T21:11:38.202707+00:00,1789333898.2027073,F_lat_centralus_rep1,r3-sub,F01,load,16,1,1000,6,0.1,541880,538408,54,103,494290585,185266078,667.032,,,1,1.0012905597686768,4473.227033154853,4471.229610947595,,176/10641E18,176/10641E18,0.026288,0.022582,2.5,35.9,0.0,7486018.845250763,0.0,13.981955450807757,292087.04421178857,7057542.819171864,1006.87,1
2026-09-13T21:11:39.204659+00:00,1789333899.2046597,F_lat_centralus_rep1,r3-sub,F01,load,16,1,1000,6,0.1,546123,542649,54,103,494290585,185306011,672.81,,,1,1.0019524097442627,4234.732067846395,4232.7359650569315,,176/10C1CD30,176/10B8BE88,0.002323,-0.000212,1.5,35.9,0.0,14541081.850103736,0.0,17.964925105169716,268997.8060622588,6693865.8311245255,1006.86,1
2026-09-13T21:11:40.205045+00:00,1789333900.2050452,F_lat_centralus_rep1,r3-sub,F01,load,16,1,1000,6,0.1,550384,546908,54,103,494290585,185346127,678.204,,,1,1.0003855228424072,4259.357920227764,4257.358690976308,,176/1122BFB0,176/1122BFB0,0.087696,0.086067,1.6,35.9,0.0,14608895.936913969,0.0,19.992292514563548,246684.89733719963,5874742.152706879,1006.86,1
2026-09-13T21:11:41.206045+00:00,1789333901.2060454,F_lat_centralus_rep1,r3-sub,F01,load,16,1,1000,6,0.1,554827,551349,54,103,494290585,185387938,683.816,,,1,1.001000165939331,4438.5607027654405,4436.5627010986545,,176/1187FBB8,176/1187FBB8,0.057576,0.054213,1.6,35.9,0.0,15958438.912954368,0.0,19.980016667861538,293817.13411007123,6700939.948102405,1006.85,1
2026-09-13T21:11:42.207447+00:00,1789333902.2074475,F_lat_centralus_rep1,r3-sub,F01,load,16,1,1000,6,0.1,559092,555612,54,103,494290585,185428088,689.336,,,1,1.0014021396636963,4259.028247565286,4257.031047918127,,176/11EB3C10,176/11EB3C10,0.046779,0.044085,2.1,35.9,0.0,6274466.321901536,0.0,11.983197882950394,282345.1127186064,6573091.607543954,1006.85,1
2026-09-13T21:11:43.207616+00:00,1789333903.207617,F_lat_centralus_rep1,r3-sub,F01,load,16,1,1000,6,0.1,563461,559979,54,103,494290585,185469199,694.777,,,1,1.0001695156097412,4368.259511825345,4366.259850799103,,176/1243BFF8,176/1243BFF8,0.140163,0.137839,1.2,35.9,0.0,14685766.533331586,0.0,16.997118723055817,250004.6203143493,5850584.234646122,1006.84,1
2026-09-13T21:11:44.208925+00:00,1789333904.208926,F_lat_centralus_rep1,r3-sub,F01,load,16,1,1000,6,0.1,567694,564210,54,103,494290585,185509055,700.337,,,1,1.0013089179992676,4227.46659288527,4225.469207299215,,176/12A85F18,176/12A85F18,0.105678,0.104769,8.0,35.9,0.0,15094482.56008747,0.0,17.976470274494417,282026.84997978475,6648387.805535224,1006.84,1
2026-09-13T21:11:45.209708+00:00,1789333905.209708,F_lat_centralus_rep1,r3-sub,F01,load,16,1,1000,6,0.1,571904,568418,54,103,494290585,185548676,705.798,,,1,1.0007820129394531,4206.7102981143435,4204.71186091809,,176/13111EB8,176/13111EB8,0.027908,0.024571,1.4,35.9,0.0,7096914.121326935,0.0,18.985153364411527,276027.14320237545,6928112.126670961,1006.83,1
2026-09-13T21:11:46.210813+00:00,1789333906.2108138,F_lat_centralus_rep1,r3-sub,F01,load,16,1,1000,6,0.1,576306,572818,54,103,494290585,185590141,711.114,,,1,1.001105785369873,4397.137709451571,4395.13991857949,,176/136FD648,176/13643ED0,0.001273,-0.000196,2.9,35.9,0.0,14311982.019668764,0.0,16.981222412693484,265939.92751888453,6610894.769282358,1006.83,1
2026-09-13T21:11:47.212103+00:00,1789333907.2121031,F_lat_centralus_rep1,r3-sub,F01,load,16,1,1000,6,0.1,580497,577007,54,103,494290585,185629572,716.507,,,1,1.0012893676757812,4185.603218506412,4183.605793921107,,176/13C81C80,176/13C81C80,0.143153,0.140532,1.4,35.9,0.0,13712112.045961248,0.0,15.979396682439177,225941.6781036414,5480657.417483865,1006.82,1
2026-09-13T21:11:48.213690+00:00,1789333908.21369,F_lat_centralus_rep1,r3-sub,F01,load,16,1,1000,6,0.1,584936,581444,54,103,494290585,185671356,721.779,,,1,1.0015869140625,4431.9668494820235,4429.970018281536,,176/14315FF0,176/14315FF0,0.049407,0.049548,2.9,35.9,0.0,10211507.215600243,0.0,43.93028641072517,281846.7334552102,6967788.718098721,1006.82,1
2026-09-13T21:11:49.213983+00:00,1789333909.213983,F_lat_centralus_rep1,r3-sub,F01,load,16,1,1000,6,0.1,589114,585620,54,103,494290585,185710682,727.079,,,1,1.0002930164337158,4176.776135952214,4174.776721813414,,176/14943FE8,176/14943FE8,0.018179,0.018422,1.7,35.9,0.0,5777763.020484882,0.0,13.995898971596695,271789.36125064443,6568051.452986783,1006.81,1
2026-09-13T21:11:50.215696+00:00,1789333910.2156518,F_lat_centralus_rep1,r3-sub,F01,load,16,1,1000,6,0.1,593280,589783,54,103,494290585,185749879,732.018,,587807,1,1.0016686916351318,4159.059811682233,4156.064809417459,122383,176/14F77CF8,176/14F77CF8,0.049739,0.041504,4.0,35.9,0.0,10439667.414312178,0.0,28.95168855947786,277199.4396138531,6559982.412222113,1006.8,1
2026-09-13T21:11:51.216367+00:00,1789333911.216368,F_lat_centralus_rep1,r3-sub,F01,load,16,1,1000,6,0.1,593285,589783,54,103,494290585,185766939,732.018,,,1,1.000716209411621,4.9964215158858964,0.0,,176/1552BFB8,176/1552BFB8,0.036851,0.034536,1.0,35.9,0.0,15164818.814039856,0.0,21.984254669897943,256187.51608983663,6054524.692432388,1006.8,1
2026-09-13T21:11:52.216738+00:00,1789333912.2167385,F_lat_centralus_rep1,r3-sub,F01,load,16,1,1000,6,0.1,597841,594334,54,103,494290585,185835983,737.645,,,1,1.0003705024719238,4554.312615917888,4549.314467744142,,176/15B59B50,176/15B59B50,0.005687,0.002657,1.8,35.9,0.0,6575739.6721967235,0.0,12.995185251741121,278408.8488333018,6560411.351377478,1006.79,1
2026-09-13T21:11:53.217655+00:00,1789333913.2176557,F_lat_centralus_rep1,r3-sub,F01,load,16,1,1000,6,0.1,602013,598504,54,103,494290585,185875245,742.576,,,1,1.0009171962738037,4168.176963620413,4166.178796332004,,176/160FFFD0,176/160FFFD0,0.073888,0.070433,1.4,35.9,0.0,14543844.440072784,0.0,16.984421951473397,255938.25438675264,5976341.521825204,1006.79,1
2026-09-13T21:11:54.217898+00:00,1789333914.2178981,F_lat_centralus_rep1,r3-sub,F01,load,16,1,1000,6,0.1,606511,603000,54,103,494290585,185917566,748.222,,,1,1.0002424716949463,4496.9096267007935,4494.910111526627,,176/16733FD8,176/16733FD8,0.038745,0.035675,1.8,35.9,0.0,14791165.561016189,0.0,17.99563656749984,266962.26920609886,6566965.696696868,1006.79,1
2026-09-13T21:11:55.218926+00:00,1789333915.2189264,F_lat_centralus_rep1,r3-sub,F01,load,16,1,1000,6,0.1,610687,607174,54,103,494290585,185956864,753.514,,,1,1.001028299331665,4171.710233155346,4169.712287641383,,176/16D67BB8,176/16D67BB8,0.006051,0.003723,1.3,35.9,0.0,7467521.152989186,0.0,15.983564111706308,275791.4038837074,6576703.180514917,1006.78,1
2026-09-13T21:11:56.220443+00:00,1789333916.2204435,F_lat_centralus_rep1,r3-sub,F01,load,16,1,1000,6,0.1,614868,611353,54,103,494290585,185996221,759.119,,,1,1.0015170574188232,4174.666790773941,4172.669820292825,,176/17323E80,176/17323E80,0.056935,0.053858,1.8,35.9,0.0,13672186.508026464,0.0,24.96213101395564,249494.50251400552,6072060.335820002,1006.77,1
2026-09-13T21:11:57.220611+00:00,1789333917.220611,F_lat_centralus_rep1,r3-sub,F01,load,16,1,1000,6,0.1,619437,615920,54,103,494290585,186039212,765.155,,,1,1.0001676082611084,4568.2343261882515,4566.234661348599,,176/17959E50,176/17959E50,0.019323,0.019970,1.6,35.9,0.0,14476933.546342116,0.0,17.996983556880835,283392.50107568357,6592330.071020144,1006.77,1
2026-09-13T21:11:58.220798+00:00,1789333918.2207983,F_lat_centralus_rep1,r3-sub,F01,load,16,1,1000,6,0.1,623626,620107,54,103,494290585,186078658,770.923,,,1,1.0001871585845947,4188.216139395374,4186.216513642499,,176/17F2F758,176/17E87FD8,0.000022,-0.000190,1.8,35.9,0.0,6413135.726594597,0.0,11.997754517246237,259682.39820990688,6580554.392754003,1006.76,1
2026-09-13T21:11:59.222468+00:00,1789333919.2224681,F_lat_centralus_rep1,r3-sub,F01,load,16,1,1000,6,0.1,628076,624554,54,103,494290585,186120520,776.293,,,1,1.0016698837280273,4442.581405600351,4439.586406899946,,176/1852BB40,176/1852BB40,0.070594,0.070111,1.2,35.9,0.0,15334393.346072223,0.0,18.9683251025633,257486.02827119554,5912721.4426745195,1006.76,1
2026-09-13T21:12:00.224101+00:00,1789333920.2241015,F_lat_centralus_rep1,r3-sub,F01,load,16,1,1000,6,0.1,632669,629146,54,103,494290585,186163756,782.475,,,1,1.0016334056854248,4585.510001892337,4584.511632634359,,176/18DA4000,176/18DA4000,0.060645,0.059717,2.5,35.9,0.0,15388112.968788821,0.0,70.88421731642846,285912.9880997012,6501949.678428908,1006.75,1
2026-09-13T21:12:01.225277+00:00,1789333921.2252774,F_lat_centralus_rep1,r3-sub,F01,load,16,1,1000,6,0.1,636626,633101,54,103,494290585,186200994,788.058,,,1,1.001175880432129,3952.352506027287,3950.3548550260093,,176/193426F0,176/19321DF8,-0.006042,-0.000186,1.7,35.9,0.0,5858583.006882205,0.0,10.987080507025563,285619.1460351359,6172778.550490613,1006.75,1
2026-09-13T21:12:02.226290+00:00,1789333922.2262907,F_lat_centralus_rep1,r3-sub,F01,load,16,1,1000,6,0.1,641050,637523,54,103,494290585,186242616,794.403,,,1,1.0010132789611816,4419.521791550138,4417.5238160566705,,176/1996FF58,176/1994BFD8,-0.002320,-0.000188,5.2,35.9,0.0,13924578.51754485,0.0,17.981779441207618,287747.43158144446,6869234.549151923,1006.74,1
2026-09-13T21:12:03.226833+00:00,1789333923.2268338,F_lat_centralus_rep1,r3-sub,F01,load,16,1,1000,6,0.1,644831,641302,54,103,494290585,186278214,798.724,,,1,1.0005431175231934,3778.947587346083,3776.9486729914966,,176/19F8DC40,176/19F8DC40,0.068042,0.065082,1.6,35.9,0.0,15851102.988205163,0.0,18.98968636857328,232769.57876290753,5690280.508943707,1006.73,1
2026-09-13T21:12:04.227007+00:00,1789333924.2270074,F_lat_centralus_rep1,r3-sub,F01,load,16,1,1000,6,0.1,648738,645207,54,103,494290585,186314996,803.136,,,1,1.000173568725586,3906.3219846713923,3904.3223317486018,,176/1A563FD8,176/1A563FD8,0.048069,0.044961,2.2,35.9,0.0,5970931.633005898,0.0,10.998091075348174,267151.6308318983,6188079.942850496,1006.73,1
2026-09-13T21:12:05.228003+00:00,1789333925.2280035,F_lat_centralus_rep1,r3-sub,F01,load,16,1,1000,6,0.1,652983,649449,54,103,494290585,186354923,808.301,,,1,1.0009961128234863,4240.775708934801,4237.778694299511,,176/1AA9DC38,176/1AA9DC38,0.111324,0.108221,1.4,35.9,0.0,13965736.550732384,0.0,17.98208781173767,224026.8439878985,5537264.260063518,1006.73,1
2026-09-13T21:12:06.228470+00:00,1789333926.22847,F_lat_centralus_rep1,r3-sub,F01,load,16,1,1000,6,0.1,657158,653623,54,103,494290585,186394249,813.702,,,1,1.0004665851593018,4173.052915440674,4172.053381808234,,176/1AFFFCB0,176/1AFFFCB0,0.014618,0.019459,1.6,35.9,1023.5224396194612,13994622.316916894,1.9990672648817602,19.9906726488176,232736.40864569673,5712595.587677697,1006.72,1
2026-09-13T21:12:07.229644+00:00,1789333927.2296448,F_lat_centralus_rep1,r3-sub,F01,load,16,1,1000,6,0.1,661222,657685,54,103,494290585,186432514,818.855,,,1,1.0011746883392334,4059.2316678934785,4057.23401451361,,176/1B65BF18,176/1B65BF18,0.020564,0.017704,1.2,35.9,0.0,15129235.863050163,0.0,17.97888041881954,287027.8317530043,6749004.023671953,1006.71,1
2026-09-13T21:12:08.230808+00:00,1789333928.2308087,F_lat_centralus_rep1,r3-sub,F01,load,16,1,1000,6,0.1,661224,657685,54,103,494290585,186432514,818.855,,,1,1.0011639595031738,1.9976747874469005,0.0,,176/1BB95C10,176/1BB95C10,0.098738,0.096328,1.6,35.9,0.0,5478167.6347215865,0.0,10.987211330957953,227875.76184146164,5536433.8152470505,1006.71,1
2026-09-13T21:12:09.231073+00:00,1789333929.2310739,F_lat_centralus_rep1,r3-sub,F01,load,16,1,1000,6,0.1,665138,661597,54,103,494290585,186469336,823.714,,,1,1.000265121459961,3912.962589645461,3910.963119747839,,176/1C148B98,176/1C0FFFF0,0.000714,-0.000187,1.2,35.9,0.0,14794925.54773877,0.0,18.99496402740515,273107.5933161336,6798098.67815349,1006.71,1
2026-09-13T21:12:10.231213+00:00,1789333930.231213,F_lat_centralus_rep1,r3-sub,F01,load,16,1,1000,6,0.1,669461,665917,54,103,494290585,186510018,829.332,,,1,1.0001392364501953,4322.398164623227,4319.398582274425,,176/1C715D00,176/1C715D00,0.115394,0.113076,2.1,35.9,0.0,14718974.582228655,0.0,20.99707644161179,209250.8646524055,5394305.915992989,1006.7,1
2026-09-13T21:12:11.232251+00:00,1789333931.232252,F_lat_centralus_rep1,r3-sub,F01,load,16,1,1000,6,0.1,673573,670027,54,103,494290585,186548713,834.786,,,1,1.0010387897491455,4107.732929140981,4105.735004564551,,176/1CD3BDF0,176/1CD3BDF0,0.083938,0.068220,1.8,35.9,0.0,40745641.84492914,0.0,86.90971907472407,261169.6995932751,6500908.922451229,1006.69,1
2026-09-13T21:12:12.233111+00:00,1789333932.2331114,F_lat_centralus_rep1,r3-sub,F01,load,16,1,1000,6,0.1,677717,674170,54,103,494290585,186587735,839.428,,,1,1.0008594989776611,4140.441294939933,4139.442153700807,,176/1D319C88,176/1D319C88,0.091188,0.079067,3.7,36.0,0.0,144968008.14520562,0.0,404.65220184620483,258758.5972502024,6218290.38577063,1006.69,1
2026-09-13T21:12:13.234415+00:00,1789333933.2344158,F_lat_centralus_rep1,r3-sub,F01,load,16,1,1000,6,0.1,681694,678145,54,103,494290585,186625167,842.828,,,1,1.0013043880462646,3971.8192065051103,3969.8218118827795,,176/1D95DFC8,176/1D95DFC8,0.070237,0.059687,2.1,36.1,0.0,148409296.68744636,0.0,464.3942496919478,267086.6154115399,6628153.316045741,1006.68,1
2026-09-13T21:12:14.235036+00:00,1789333934.2350364,F_lat_centralus_rep1,r3-sub,F01,load,16,1,1000,6,0.1,685917,682410,67,154,494290598,186777607,846.395,,,1,1.0006206035614014,4220.380816634726,4262.354767451364,,176/1DFA3B98,176/1DFA3B98,0.041043,0.040027,9.4,36.1,16373.838337613866,12616042.439131483,1.9987595626970052,14.99069672022754,271574.45992298616,6645171.982601473,1006.68,1
2026-09-13T21:12:15.236033+00:00,1789333935.2360334,F_lat_centralus_rep1,r3-sub,F01,load,16,1,1000,6,0.1,690392,686883,67,154,494290598,186819775,851.664,,,1,1.0009970664978027,4470.542571774683,4468.544563921376,,176/1E547F68,176/1E547F68,0.115184,0.112782,1.2,36.1,0.0,19023336.4685308,0.0,140.859553658152,241241.46621615507,5984814.74172547,1006.67,1
2026-09-13T21:12:16.237228+00:00,1789333936.2372286,F_lat_centralus_rep1,r3-sub,F01,load,16,1,1000,6,0.1,694661,691150,67,154,494290598,186859937,856.253,,,1,1.0011951923370361,4263.903814834651,4261.906202365765,,176/1EB99D40,176/1EB99D40,0.088761,0.085881,1.6,36.0,0.0,15488943.733141366,0.0,18.9773184544058,271510.4927396527,6714082.380188969,1006.67,1
2026-09-13T21:12:17.238742+00:00,1789333937.2387424,F_lat_centralus_rep1,r3-sub,F01,load,16,1,1000,6,0.1,698914,695401,67,154,494290598,186899943,861.62,,,1,1.0015137195587158,4246.571881086107,4244.574903949458,,176/1F233FD0,176/1F233FD0,0.014534,0.011531,1.2,36.0,0.0,15459478.684747348,0.0,17.9727942298495,282367.57467946055,6994536.233698904,1006.66,1
2026-09-13T21:12:18.238918+00:00,1789333938.238918,F_lat_centralus_rep1,r3-sub,F01,load,16,1,1000,6,0.1,703369,699854,67,154,494290598,186941870,867.273,,,1,1.0001757144927979,4454.217329461142,4452.2176808283875,,176/1F77EB28,176/1F771BC8,-0.005086,-0.000173,1.4,36.1,0.0,5663772.793036349,0.0,12.99771611290569,242537.3826668202,6136062.8048364725,1006.66,1
2026-09-13T21:12:19.240081+00:00,1789333939.240081,F_lat_centralus_rep1,r3-sub,F01,load,16,1,1000,6,0.1,707621,704103,67,154,494290598,186981862,872.47,,,1,1.0011630058288574,4247.060643715848,4244.0641286803,,176/1FDBBC60,176/1FDBBC60,0.119879,0.117766,1.6,36.1,0.0,14728470.702722577,0.0,16.98025186810193,251551.4442041331,6093840.827597375,1006.65,1
2026-09-13T21:12:20.240248+00:00,1789333940.2402482,F_lat_centralus_rep1,r3-sub,F01,load,16,1,1000,6,0.1,712051,708532,67,154,494290598,187023556,878.395,,708478,1,1.0001671314239502,4429.2597315140265,4428.259898617523,120671,176/2044BDF0,176/2044BDF0,0.089332,0.087171,7.4,36.1,0.0,15832489.893419435,0.0,23.99598951610308,275099.02230867423,6945794.139534995,1006.64,1
2026-09-13T21:12:21.240494+00:00,1789333941.240494,F_lat_centralus_rep1,r3-sub,F01,load,16,1,1000,6,0.1,716257,712732,67,154,494290598,187067833,883.465,,,1,1.0002458095550537,4204.966379085341,4198.967853580227,,176/20A8FFB8,176/20A8FFB8,0.009080,0.012086,1.9,36.1,0.0,6265339.919582107,0.0,11.99705101022922,267930.1402114491,6653188.582674804,1006.64,1
2026-09-13T21:12:22.241437+00:00,1789333942.241438,F_lat_centralus_rep1,r3-sub,F01,load,16,1,1000,6,0.1,720486,716955,67,154,494290598,187114958,888.554,,,1,1.000943899154663,4225.012014730854,4219.017672785149,,176/20FF70D0,176/20FBDF60,-0.005844,-0.000207,2.5,36.0,0.0,22752284.138235267,0.0,20.980196809966408,248037.87725733238,5769457.21421264,1006.63,1
2026-09-13T21:12:23.242299+00:00,1789333943.2422998,F_lat_centralus_rep1,r3-sub,F01,load,16,1,1000,6,0.1,724866,721334,67,154,494290598,187156186,894.063,,,1,1.0008618831634521,4376.228202592761,4375.229063733721,,176/2163BFD0,176/2163BFD0,0.082009,0.078459,1.8,36.0,0.0,21882451.883146863,0.0,27.975888053104406,271790.7481302045,6612022.209381362,1006.63,1
2026-09-13T21:12:24.244132+00:00,1789333944.2441325,F_lat_centralus_rep1,r3-sub,F01,load,16,1,1000,6,0.1,729063,725529,67,154,494290598,187195700,899.658,,,1,1.0018327236175537,4189.322130390094,4187.325789131866,,176/21C6BEE0,176/21C6BEE0,0.054159,0.051205,3.3,36.0,0.0,14743155.870039703,0.0,19.9634125822735,280498.92299912113,6550203.287734791,1006.62,1
2026-09-13T21:12:25.244818+00:00,1789333945.244819,F_lat_centralus_rep1,r3-sub,F01,load,16,1,1000,6,0.1,733546,730010,67,154,494290598,187237896,905.508,,,1,1.0006864070892334,4479.924947756626,4477.926319629141,,176/22211BE8,176/22211BE8,0.106862,0.108235,1.4,36.0,0.0,6618688.885027886,0.0,13.990396892391873,257951.93995973014,5987850.896695236,1006.62,1
2026-09-13T21:12:26.245470+00:00,1789333946.2454705,F_lat_centralus_rep1,r3-sub,F01,load,16,1,1000,6,0.1,737725,734187,67,154,494290598,187277215,910.896,,,1,1.0006515979766846,4176.278745219544,4174.280047566891,,176/22841BF8,176/22841BF8,0.085208,0.082237,1.6,36.0,0.0,14236611.452782523,0.0,25.983069484495847,260194.4578177414,6547824.450836149,1006.61,1
2026-09-13T21:12:27.245636+00:00,1789333947.245637,F_lat_centralus_rep1,r3-sub,F01,load,16,1,1000,6,0.1,741890,738350,67,154,494290598,187316427,916.635,,,1,1.000166416168213,4164.306991987131,4162.307324764089,,176/22E71F70,176/22E71F70,0.054600,0.051816,1.6,36.0,0.0,15873454.40054236,0.0,21.996339453473443,273860.4251974135,6559404.4090524865,1006.61,1
2026-09-13T21:12:28.246802+00:00,1789333948.2468028,F_lat_centralus_rep1,r3-sub,F01,load,16,1,1000,6,0.1,741892,738350,67,154,494290598,187316427,916.635,,,1,1.0011658668518066,1.9976709816217113,0.0,,176/23427F08,176/23427F08,0.095987,0.096081,1.6,36.0,0.0,14556596.94614538,0.0,28.966229233514813,258643.456168017,6056636.767958803,1006.6,1
2026-09-13T21:12:29.248254+00:00,1789333949.2481859,F_lat_centralus_rep1,r3-sub,F01,load,16,1,1000,6,0.1,746439,742895,67,154,494290598,187359202,922.242,,,1,1.0013830661773682,4540.719883907665,4538.722646219559,,176/23A59E10,176/23A59E10,0.066378,0.064875,1.8,36.0,0.0,6593632.569806707,0.0,11.983426128632498,278672.57738366065,6560672.1562399035,1006.6,1
2026-09-13T21:12:30.249212+00:00,1789333950.2492127,F_lat_centralus_rep1,r3-sub,F01,load,16,1,1000,6,0.1,750615,747069,67,154,494290598,187398524,927.541,,,1,1.0010268688201904,4171.716194712966,4169.71824634385,,176/23FFFDE0,176/23FFFDE0,0.046131,0.048261,2.3,36.0,0.0,6039494.231683764,0.0,11.98769021469243,253093.1065802476,5994004.943215745,1006.59,1
2026-09-13T21:12:31.250581+00:00,1789333951.2505817,F_lat_centralus_rep1,r3-sub,F01,load,16,1,1000,6,0.1,755157,751609,67,154,494290598,187441242,933.658,,,1,1.0013689994812012,4535.79050515161,4533.793239407378,,176/2463DC90,176/2463DC90,0.084586,0.082521,2.0,36.0,0.0,14815429.684448218,0.0,19.97265744232325,281544.56563570973,6621947.557229611,1006.58,1
2026-09-13T21:12:32.251752+00:00,1789333952.2517526,F_lat_centralus_rep1,r3-sub,F01,load,16,1,1000,6,0.1,759328,755778,67,154,494290598,187480496,939.298,,,1,1.0011708736419678,4166.1219975638305,4164.12433657243,,176/24C73D60,176/24C73D60,0.054426,0.052381,2.5,36.0,0.0,14556524.14955462,0.0,16.980118426896457,277858.6626157508,6565771.311432255,1006.58,1
2026-09-13T21:12:33.252943+00:00,1789333953.2529433,F_lat_centralus_rep1,r3-sub,F01,load,16,1,1000,6,0.1,763505,759953,67,154,494290598,187519798,945.12,,,1,1.0011906623840332,4172.032517816073,4170.034896308859,,176/25215FD0,176/25215FD0,0.121232,0.117973,1.0,36.0,0.0,6402616.645201175,0.0,13.983350550496773,248584.02035768837,5970840.744524442,1006.57,1
2026-09-13T21:12:34.254100+00:00,1789333954.2541003,F_lat_centralus_rep1,r3-sub,F01,load,16,1,1000,6,0.1,768005,764451,67,154,494290598,187562160,951.723,,,1,1.0011570453643799,4494.7993132907395,4492.8016247070545,,176/25845F40,176/25845F40,0.095704,0.091288,1.9,36.0,0.0,14630368.00052582,0.0,16.98035296132057,277221.2424465196,6556327.032200035,1006.57,1
2026-09-13T21:12:35.255452+00:00,1789333955.2554526,F_lat_centralus_rep1,r3-sub,F01,load,16,1,1000,6,0.1,772189,768633,67,154,494290598,187601586,957.374,,,1,1.001352310180664,4178.349575330907,4176.352276298721,,176/25E67FE0,176/25E67FE0,0.078993,0.075253,1.9,36.1,0.0,7199224.415529993,0.0,13.981093225294622,273664.92014240084,6488090.089718608,1006.56,1
2026-09-13T21:12:36.256489+00:00,1789333956.2564898,F_lat_centralus_rep1,r3-sub,F01,load,16,1,1000,6,0.1,776689,773131,67,154,494290598,187643937,963.822,,,1,1.0010371208190918,4495.337791587494,4493.339863680122,,176/26421CC8,176/26421CC8,0.127328,0.123790,1.4,36.0,0.0,15176324.318092417,0.0,24.974098842152745,258084.33536271387,6074443.068629137,1006.56,1
2026-09-13T21:12:37.257821+00:00,1789333957.2578218,F_lat_centralus_rep1,r3-sub,F01,load,16,1,1000,6,0.1,780884,777324,67,154,494290598,187683401,969.486,,,1,1.0013320446014404,4189.41950636338,4187.422166908617,,176/26A74000,176/26A74000,0.057457,0.058106,1.9,36.0,0.0,16149496.150836296,0.0,24.9667431845255,303916.1701063194,6691230.981893578,1006.55,1
2026-09-13T21:12:38.258928+00:00,1789333958.2589283,F_lat_centralus_rep1,r3-sub,F01,load,16,1,1000,6,0.1,785127,781565,67,154,494290598,187723333,975.553,,,1,1.0011065006256104,4238.310306993781,4236.312517549051,,176/27021070,176/26FFFF88,-0.001585,-0.000160,5.2,36.0,0.0,17053258.558736064,0.0,101.88726168120802,296848.53690819954,6846231.640406816,1006.55,1
2026-09-13T21:12:39.259849+00:00,1789333959.25985,F_lat_centralus_rep1,r3-sub,F01,load,16,1,1000,6,0.1,789566,786002,67,154,494290598,187765106,982.037,,,1,1.0009217262268066,4434.91222508855,4432.91406684341,,176/27639E10,176/27639E10,0.128377,0.126153,1.4,36.1,0.0,6531196.025331037,0.0,11.988949470840867,231506.61428193713,5617585.124459467,1006.54,1
2026-09-13T21:12:40.261002+00:00,1789333960.2610025,F_lat_centralus_rep1,r3-sub,F01,load,16,1,1000,6,0.1,793753,790187,67,154,494290598,187804526,987.542,,,1,1.001152515411377,4182.179973127818,4180.182275505115,,176/27C71FE0,176/27C71FE0,0.100393,0.097706,2.5,36.0,0.0,14671347.046423336,0.0,16.980429792971794,266686.6395379242,6567654.676768422,1006.54,1
2026-09-13T21:12:41.262510+00:00,1789333961.2625103,F_lat_centralus_rep1,r3-sub,F01,load,16,1,1000,6,0.1,798251,794683,67,154,494290598,187846890,993.478,,,1,1.0015077590942383,4491.228309671792,4489.23132065015,,176/2824EBE0,176/2821DC28,-0.001814,-0.000175,1.2,36.0,0.0,14768388.827438183,0.0,23.963868259698312,277666.3460415919,6908308.934378384,1006.53,1
2026-09-13T21:12:42.263502+00:00,1789333962.2635026,F_lat_centralus_rep1,r3-sub,F01,load,16,1,1000,6,0.1,802442,798872,67,154,494290598,187886332,999.126,,,1,1.0009922981262207,4186.84540115366,4184.847383782553,,176/28853FC8,176/28853FC8,0.127456,0.132477,2.1,36.0,0.0,22939413.26320232,0.0,21.978191082171442,230660.1163987037,5645345.134601066,1006.53,1
2026-09-13T21:12:43.265018+00:00,1789333963.2650185,F_lat_centralus_rep1,r3-sub,F01,load,16,1,1000,6,0.1,806626,803054,67,154,494290598,187925705,1004.415,,,1,1.0015158653259277,4177.667219119272,4175.670246261185,,176/28E83D90,176/28E83D90,0.104956,0.102533,2.3,36.0,0.0,7238946.731653249,0.0,13.978810006613243,262890.4934165139,6551389.975100115,1006.52,1
2026-09-13T21:12:44.266236+00:00,1789333964.266237,F_lat_centralus_rep1,r3-sub,F01,load,16,1,1000,6,0.1,811120,807546,67,154,494290598,187967975,1010.376,,,1,1.001218557357788,4488.530468172353,4486.532902320919,,176/29482CE8,176/29429C18,0.001051,-0.000182,2.5,36.0,0.0,14412645.364945356,0.0,16.979309737189585,292758.25727154856,7084533.090076594,1006.51,1
2026-09-13T21:12:45.267370+00:00,1789333965.26737,F_lat_centralus_rep1,r3-sub,F01,load,16,1,1000,6,0.1,811122,807546,67,154,494290598,187967975,1010.376,,,1,1.0011329650878906,1.9977366341387206,0.0,,176/29A5FC70,176/29A5FC70,0.132370,0.131855,1.4,36.0,0.0,14753460.843938256,0.0,16.980761390179126,255190.87764488018,5479490.928079073,1006.51,1
2026-09-13T21:12:46.268818+00:00,1789333966.2688186,F_lat_centralus_rep1,r3-sub,F01,load,16,1,1000,6,0.1,815306,811728,67,154,494290598,188007331,1016.581,,,1,1.001448631286621,4177.947694256234,4175.950587327813,,176/2A10BBA8,176/2A10BBA8,0.025304,0.025044,3.1,36.0,0.0,6499129.15816569,0.0,18.972515819997238,310939.5632204705,7074011.365813569,1006.5,1
2026-09-13T21:12:47.269690+00:00,1789333967.26969,F_lat_centralus_rep1,r3-sub,F01,load,16,1,1000,6,0.1,819799,816219,67,154,494290598,188049612,1023.029,,,1,1.0008714199066162,4489.088119250331,4487.089860572722,,176/2A6EE280,176/2A641FE0,0.001254,-0.000199,2.0,36.0,0.0,14863719.458977088,0.0,16.98519875968298,266150.07152952184,6596469.704985685,1006.5,1
2026-09-13T21:12:48.269864+00:00,1789333968.269865,F_lat_centralus_rep1,r3-sub,F01,load,16,1,1000,6,0.1,823996,820414,67,154,494290598,188089093,1028.495,,,1,1.0001749992370605,4196.265656711572,4194.266006648808,,176/2AC77FF8,176/2AC77FF8,0.139411,0.137023,1.6,36.0,0.0,7305985.458118854,0.0,12.997725407970083,225179.5937428934,5498608.747664264,1006.49,1
2026-09-13T21:12:49.271403+00:00,1789333969.2714033,F_lat_centralus_rep1,r3-sub,F01,load,16,1,1000,6,0.1,828187,824602,67,154,494290598,188128534,1033.318,,,1,1.0015382766723633,4184.562984377098,4181.567592119133,,176/2B327C20,176/2B327C20,0.029791,0.027585,1.8,36.0,0.0,14694324.064076085,0.0,19.96928171976663,284589.2230369962,7067851.688623667,1006.49,1
2026-09-13T21:12:50.272396+00:00,1789333970.2723968,F_lat_centralus_rep1,r3-sub,F01,load,16,1,1000,6,0.1,832686,829100,67,154,494290598,188170872,1039.041,,830310,1,1.0009934902191162,4494.534723712513,4493.535716216689,121832,176/2B966000,176/2B966000,0.063705,0.061384,4.4,36.1,0.0,8666717.70073248,0.0,15.9841199331852,263060.6518153871,6577969.851291101,1006.48,1
2026-09-13T21:12:51.273732+00:00,1789333971.273733,F_lat_centralus_rep1,r3-sub,F01,load,16,1,1000,6,0.1,836871,833279,67,154,494290598,188227325,1044.181,,,1,1.0013360977172852,4179.415891967157,4173.42389785681,,176/2BE91C30,176/2BE91C30,0.142619,0.140275,1.5,36.0,0.0,15237241.556338852,0.0,33.95463329196735,225439.79041064708,5478434.276468913,1006.48,1
2026-09-13T21:12:52.274683+00:00,1789333972.2746835,F_lat_centralus_rep1,r3-sub,F01,load,16,1,1000,6,0.1,841318,837721,67,154,494290598,188295397,1049.071,,,1,1.000950574874878,4442.776807991633,4437.7815563523345,,176/2C523FC8,176/2C523FC8,0.048907,0.047631,2.9,36.1,0.0,7042521.555953125,0.0,15.98480524575357,284208.83821917063,6964195.0111986045,1006.47,1
2026-09-13T21:12:53.275908+00:00,1789333973.2759085,F_lat_centralus_rep1,r3-sub,F01,load,16,1,1000,6,0.1,845498,841899,67,154,494290598,188334723,1054.082,,,1,1.0012249946594238,4174.885787206967,4172.888234198734,,176/2CB59E18,176/2CB59E18,0.014609,0.014330,1.9,36.0,0.0,23081357.460378785,0.0,22.971859594679483,267482.3355674397,6568888.147101448,1006.47,1
2026-09-13T21:12:54.277237+00:00,1789333974.277237,F_lat_centralus_rep1,r3-sub,F01,load,16,1,1000,6,0.1,849669,846068,67,154,494290598,188373964,1059.128,,,1,1.001328468322754,4165.466309957723,4163.468963369395,,176/2D0FFB78,176/2D0FFB78,0.082176,0.083685,2.7,36.0,0.0,14713765.228984855,0.0,18.974792589114536,249370.71889931988,5965804.6175458515,1006.46,1
2026-09-13T21:12:55.278484+00:00,1789333975.278484,F_lat_centralus_rep1,r3-sub,F01,load,16,1,1000,6,0.1,854160,850557,67,154,494290598,188416257,1064.464,,,1,1.0012471675872803,4485.405947086999,4483.408438315195,,176/2D735D10,176/2D735D10,0.048713,0.049034,2.0,36.0,0.0,14899050.387275735,0.0,16.97882456033823,270295.89571988326,6564518.944746026,1006.45,1
2026-09-13T21:12:56.279551+00:00,1789333976.2794902,F_lat_centralus_rep1,r3-sub,F01,load,16,1,1000,6,0.1,858337,854732,67,154,494290598,188455577,1069.576,,,1,1.0010061264038086,4172.8016340980785,4170.80364432834,,176/2DD69FF0,176/2DD69FF0,0.022643,0.020467,6.4,36.0,0.0,6735239.497705384,0.0,14.984923273035953,269069.2822906336,6547949.934679902,1006.45,1
2026-09-13T21:12:57.280800+00:00,1789333977.2808,F_lat_centralus_rep1,r3-sub,F01,load,16,1,1000,6,0.1,862841,859234,67,154,494290598,188497970,1074.838,,,1,1.001309871673584,4498.108055673154,4496.110671989462,,176/2E30BB80,176/2E30BB80,0.087302,0.085350,2.7,36.0,0.0,14399059.080384342,0.0,17.976453153223083,259891.5753871972,5957734.132820674,1006.44,1
2026-09-13T21:12:58.282193+00:00,1789333978.282193,F_lat_centralus_rep1,r3-sub,F01,load,16,1,1000,6,0.1,867001,863392,67,154,494290598,188537147,1080.089,,,1,1.0013928413391113,4154.213839233207,4152.216621041269,,176/2E941D10,176/2E941D10,0.056333,0.053827,3.1,36.0,0.0,14802806.039812902,0.0,25.96383649520755,272809.02031881746,6563062.69496727,1006.44,1
2026-09-13T21:12:59.282468+00:00,1789333979.2824686,F_lat_centralus_rep1,r3-sub,F01,load,16,1,1000,6,0.1,871163,867552,67,154,494290598,188576332,1084.91,,,1,1.0002756118774414,4160.853219432434,4158.853770504307,,176/2EF77E78,176/2EF77E78,0.051251,0.052892,1.9,36.1,0.0,6195540.435468816,0.0,12.996418032825959,264674.0526874288,6362911.306068941,1006.43,1
2026-09-13T21:13:00.283541+00:00,1789333980.2835414,F_lat_centralus_rep1,r3-sub,F01,load,16,1,1000,6,0.1,875660,872047,67,154,494290598,188618677,1090.113,,,1,1.001072883605957,4492.180413279591,4490.182556747111,,176/2F75DFE8,176/2F75DFE8,0.120236,0.122118,3.1,36.0,0.0,23174880.05112313,0.0,20.97749359103211,248918.93895118704,5965011.237234222,1006.43,1
2026-09-13T21:13:01.284540+00:00,1789333981.28454,F_lat_centralus_rep1,r3-sub,F01,load,16,1,1000,6,0.1,879707,876092,67,154,494290598,188656752,1094.848,,,1,1.0009984970092773,4042.963113422629,4040.965108424644,,176/2FD8DBA8,176/2FD8DBA8,0.090253,0.088096,2.3,36.0,0.0,14734983.163379613,0.0,22.977057476827394,281099.32316650834,6563086.777481058,1006.42,1
2026-09-13T21:13:02.286309+00:00,1789333982.28631,F_lat_centralus_rep1,r3-sub,F01,load,16,1,1000,6,0.1,884035,880418,67,154,494290598,188697475,1099.998,,,1,1.00177001953125,4320.3528910010355,4318.356424785231,,176/30405978,176/30313FF0,0.002888,-0.000199,2.3,36.0,0.0,14596883.23158472,0.0,17.968195942240907,273862.2584536648,6828421.5604703585,1006.42,1
2026-09-13T21:13:03.286937+00:00,1789333983.286938,F_lat_centralus_rep1,r3-sub,F01,load,16,1,1000,6,0.1,884037,880418,67,154,494290598,188697475,1099.998,,,1,1.0006279945373535,1.9987447991845484,0.0,,176/30959CC0,176/30959CC0,0.076825,0.074463,1.8,36.0,0.0,6434870.936203489,0.0,11.99246879510729,217804.22013953983,5518263.560628248,1006.41,1
2026-09-13T21:13:04.287957+00:00,1789333984.2879577,F_lat_centralus_rep1,r3-sub,F01,load,16,1,1000,6,0.1,888259,884638,67,154,494290598,188737190,1104.938,,,1,1.0010197162628174,4217.699143591609,4215.70118094661,,176/30E93F58,176/30E93F58,0.159360,0.156540,2.3,36.0,0.0,13527581.704938883,0.0,14.984719837487951,223056.54561291065,5512939.36607249,1006.41,1
2026-09-13T21:13:05.289715+00:00,1789333985.2897153,F_lat_centralus_rep1,r3-sub,F01,load,16,1,1000,6,0.1,892464,888841,67,154,494290598,188776790,1109.987,,,1,1.0017576217651367,4197.622167915851,4195.625676991753,,176/31425E18,176/31425E18,0.157726,0.154328,2.1,36.0,0.0,14691106.591301186,0.0,17.96841831688117,245837.90993879584,5880473.352047135,1006.4,1
2026-09-13T21:13:06.290435+00:00,1789333986.290435,F_lat_centralus_rep1,r3-sub,F01,load,16,1,1000,6,0.1,896211,892586,67,154,494290598,188812035,1114.652,,,1,1.0007197856903076,3744.304902910736,3742.306341446679,,176/31A6DFE0,176/31A6DFE0,0.036648,0.032825,2.7,36.0,0.0,6147766.925339794,0.0,13.989930248398801,290964.5678676623,6641029.881722231,1006.4,1
2026-09-13T21:13:07.292106+00:00,1789333987.2921069,F_lat_centralus_rep1,r3-sub,F01,load,16,1,1000,6,0.1,900427,896800,67,154,494290598,188851735,1120.043,,,1,1.0016717910766602,4208.963492391432,4206.966830393143,,176/31F815A0,176/31F815A0,0.130709,0.127328,2.3,36.0,0.0,14676008.779481476,0.0,17.9699579845934,222415.16830631165,5350286.438873915,1006.39,1
2026-09-13T21:13:08.293771+00:00,1789333988.2937713,F_lat_centralus_rep1,r3-sub,F01,load,16,1,1000,6,0.1,904188,900559,67,154,494290598,188887131,1125.117,,,1,1.001664400100708,3754.7505927353177,3752.75391600427,,176/32539F98,176/32539F98,0.131899,0.128908,2.1,36.0,0.0,14475746.565957796,0.0,15.973413848382101,249251.14636688537,6041712.173649728,1006.39,1
2026-09-13T21:13:09.294663+00:00,1789333989.2946632,F_lat_centralus_rep1,r3-sub,F01,load,16,1,1000,6,0.1,908334,904703,67,154,494290598,188926116,1129.886,,,1,1.000891923904419,4142.305378813233,4140.307161071403,,176/32B4E000,176/32B4E000,0.076526,0.077010,2.9,36.0,0.0,6163079.002512836,0.0,11.989306450978967,275355.4039330212,6419439.348592023,1006.38,1
2026-09-13T21:13:10.295803+00:00,1789333990.2958035,F_lat_centralus_rep1,r3-sub,F01,load,16,1,1000,6,0.1,912461,908828,67,154,494290598,188964944,1134.868,,,1,1.0011403560638428,4122.299111211556,4120.301389325822,,176/33103C58,176/33103C58,0.102738,0.100950,2.9,36.0,0.0,13890080.36263121,0.0,17.979496971603588,258350.38856780058,6044403.228126495,1006.38,1
2026-09-13T21:13:11.297009+00:00,1789333991.2970095,F_lat_centralus_rep1,r3-sub,F01,load,16,1,1000,6,0.1,916984,913349,67,154,494290598,189007496,1140.101,,,1,1.0012059211730957,4517.552188165726,4515.554597103083,,176/33727F70,176/33727F70,0.071406,0.069245,2.7,36.0,0.0,15996070.000500076,0.0,24.96988828302966,261602.5279725825,6485575.906694398,1006.37,1
2026-09-13T21:13:12.298025+00:00,1789333992.2980251,F_lat_centralus_rep1,r3-sub,F01,load,16,1,1000,6,0.1,921102,917465,67,154,494290598,189046234,1144.843,,,1,1.0010156631469727,4113.821742862559,4111.823772127804,,176/33D51ED8,176/33D51ED8,0.033507,0.041795,3.7,36.2,0.0,16821570.950311583,0.0,21.977678082315762,279142.485264962,6516149.786801392,1006.37,1
2026-09-13T21:13:13.299346+00:00,1789333993.2993464,F_lat_centralus_rep1,r3-sub,F01,load,16,1,1000,6,0.1,925682,922089,80,205,494290598,189200977,1150.358,,,1,1.0013213157653809,4573.956359352223,4617.898298175695,,176/34319FF0,176/34319FF0,0.085580,0.085229,10.1,36.1,0.0,7003098.695287399,0.0,11.98416513367395,257674.530580407,6099654.430437688,1006.36,1
2026-09-13T21:13:14.300372+00:00,1789333994.3003721,F_lat_centralus_rep1,r3-sub,F01,load,16,1,1000,6,0.1,929829,926234,80,205,494290598,189240016,1155.53,,,1,1.001025676727295,4142.750876838646,4140.752926090231,,176/3494DD20,176/3494DD20,0.069800,0.072414,7.4,36.0,0.0,14750950.293578392,0.0,35.963113471471246,272729.2679370248,6530738.573433182,1006.36,1
2026-09-13T21:13:15.300761+00:00,1789333995.3007617,F_lat_centralus_rep1,r3-sub,F01,load,16,1,1000,6,0.1,934060,930463,80,205,494290598,189279871,1160.787,,,1,1.000389575958252,4229.352346007019,4227.353124855515,,176/34F9BD98,176/34F9BD98,0.042081,0.039991,2.1,36.0,0.0,15067410.0992722,0.0,20.991822090793523,275601.63223002816,6658665.943834251,1006.35,1
2026-09-13T21:13:16.302069+00:00,1789333996.3020692,F_lat_centralus_rep1,r3-sub,F01,load,16,1,1000,6,0.1,938550,934951,80,205,494290598,189322126,1166.339,,,1,1.001307487487793,4484.137046917606,4482.139658478,,176/3553DDC8,176/3553DDC8,0.122521,0.120314,2.8,36.0,0.0,14726345.487534132,0.0,22.969967055479945,244131.80072517946,5979455.936179636,1006.34,1
2026-09-13T21:13:17.303245+00:00,1789333997.3032453,F_lat_centralus_rep1,r3-sub,F01,load,16,1,1000,6,0.1,942800,939199,80,205,494290598,189362142,1171.18,,,1,1.001176118850708,4245.007366814495,4243.009716288935,,176/35B89D00,176/35B89D00,0.093956,0.091417,2.7,36.0,0.0,6284065.19246806,0.0,11.985903153358574,261610.31517678092,6655473.372306446,1006.34,1
2026-09-13T21:13:18.304422+00:00,1789333998.3044221,F_lat_centralus_rep1,r3-sub,F01,load,16,1,1000,6,0.1,947172,943569,80,205,494290598,189403307,1175.736,,,1,1.0011768341064453,4366.8609291205075,4364.863280022099,,176/36209C40,176/36209C40,0.032774,0.031096,2.2,36.0,0.0,16119270.292948248,0.0,49.94122746020709,277494.43508444383,6860841.927221117,1006.33,1
2026-09-13T21:13:19.305454+00:00,1789333999.3054543,F_lat_centralus_rep1,r3-sub,F01,load,16,1,1000,6,0.1,951318,947713,80,205,494290598,189442325,1181.324,,,1,1.0010321140289307,4141.725267247697,4139.727329347433,,176/36831EF0,176/36831EF0,0.020005,0.017730,2.5,36.0,0.0,23331311.426163707,0.0,21.977316902906257,270338.9793468493,6509915.025375164,1006.33,1
2026-09-13T21:13:20.306360+00:00,1789334000.3063607,F_lat_centralus_rep1,r3-sub,F01,load,16,1,1000,6,0.1,955533,951926,80,205,494290598,189481999,1186.281,,949839,1,1.0009064674377441,4211.182700008051,4209.184511301049,119529,176/36E75F30,176/36E75F30,0.036919,0.030219,5.7,36.1,0.0,6703171.793040005,0.0,13.987320949018438,278426.61533939355,6632432.915529051,1006.32,1
2026-09-13T21:13:21.308170+00:00,1789334001.308171,F_lat_centralus_rep1,r3-sub,F01,load,16,1,1000,6,0.1,955539,951926,80,205,494290598,189487316,1186.281,,,1,1.0018103122711182,5.989157754223866,0.0,,176/37429CB8,176/37429CB8,0.053618,0.050944,2.1,36.0,0.0,14592207.547613852,0.0,24.954823975932776,253473.13447426245,5992422.843392877,1006.32,1
2026-09-13T21:13:22.309335+00:00,1789334002.3093352,F_lat_centralus_rep1,r3-sub,F01,load,16,1,1000,6,0.1,960054,956436,80,205,494290598,189537433,1191.939,,,1,1.001164197921753,4509.749758703292,4504.755572923997,,176/37A61D78,176/37A61D78,0.007603,0.015858,2.7,36.0,0.0,14671175.847568588,0.0,17.97906880546163,290303.0298160096,6564693.397589581,1006.31,1
2026-09-13T21:13:23.310504+00:00,1789334003.3105047,F_lat_centralus_rep1,r3-sub,F01,load,16,1,1000,6,0.1,964232,960612,80,205,494290598,189576762,1197.101,,,1,1.0011694431304932,4173.119773747865,4171.122109902127,,176/37FFFC20,176/37FFFC20,-0.000091,0.003638,1.6,36.0,0.0,14257886.212912956,0.0,17.978974611647097,257276.13019690136,5934009.513338345,1006.31,1
2026-09-13T21:13:24.311754+00:00,1789334004.3117201,F_lat_centralus_rep1,r3-sub,F01,load,16,1,1000,6,0.1,968720,965098,80,205,494290598,189618993,1202.788,,,1,1.0012154579162598,4482.551647115471,4480.554075080214,,176/38631FF8,176/38631FF8,0.058742,0.056148,2.9,36.0,0.0,7028385.293456544,0.0,12.984218229166915,268060.18412716856,6554588.173916191,1006.3,1
2026-09-13T21:13:25.312598+00:00,1789334005.312598,F_lat_centralus_rep1,r3-sub,F01,load,16,1,1000,6,0.1,972879,969255,80,205,494290598,189658118,1207.555,,,1,1.000877857208252,4155.352194123563,4153.353948298065,,176/38C5FE38,176/38C5FE38,0.026737,0.024365,2.5,36.0,0.0,14916825.157511245,0.0,17.984212429484042,272691.6156995283,6544918.496120759,1006.3,1
2026-09-13T21:13:26.314152+00:00,1789334006.3141525,F_lat_centralus_rep1,r3-sub,F01,load,16,1,1000,6,0.1,977032,973406,80,205,494290598,189697217,1212.816,,,1,1.0015544891357422,4146.554226504133,4144.557330657033,,176/39213CF0,176/39213CF0,0.071616,0.071536,2.9,36.0,0.0,14432349.070167186,0.0,21.965854318105208,249949.45628571918,6028809.2814704925,1006.29,1
2026-09-13T21:13:27.315503+00:00,1789334007.3155038,F_lat_centralus_rep1,r3-sub,F01,load,16,1,1000,6,0.1,981563,977935,80,205,494290598,189739871,1218.679,,,1,1.0013513565063477,4524.88526685416,4522.887965919773,,176/3983FC58,176/3983FC58,0.037827,0.039860,3.3,36.0,0.0,6152070.359691922,0.0,11.98380560632309,290760.0794748156,6526084.932665265,1006.29,1
2026-09-13T21:13:28.316614+00:00,1789334008.3166142,F_lat_centralus_rep1,r3-sub,F01,load,16,1,1000,6,0.1,985727,982097,80,205,494290598,189779066,1223.931,,,1,1.001110315322876,4159.3817746818795,4157.38399284966,,176/39E79FD0,176/39E79FD0,0.015687,0.013014,3.3,36.0,0.0,15735744.361918103,0.0,29.966727483298843,277237.1793117393,6541524.844729923,1006.28,1
2026-09-13T21:13:29.317797+00:00,1789334009.3177972,F_lat_centralus_rep1,r3-sub,F01,load,16,1,1000,6,0.1,990197,986565,80,205,494290598,189821148,1228.975,,,1,1.001183032989502,4464.718091209274,4462.720454479426,,176/3A417DF0,176/3A417DF0,0.074928,0.074071,2.1,36.0,0.0,14368153.999819968,0.0,15.981093838780396,249351.0095297607,5923354.476246087,1006.27,1
2026-09-13T21:13:30.318585+00:00,1789334010.3185854,F_lat_centralus_rep1,r3-sub,F01,load,16,1,1000,6,0.1,994290,990656,80,205,494290598,189859691,1233.849,,,1,1.0007882118225098,4089.776389898061,4087.777965080129,,176/3AA35E70,176/3AA35E70,0.065973,0.063254,2.9,36.0,0.0,6425655.222586186,0.0,11.990548907592654,253012.5724991126,6453046.632353173,1006.27,1
2026-09-13T21:13:31.320029+00:00,1789334011.3200295,F_lat_centralus_rep1,r3-sub,F01,load,16,1,1000,6,0.1,998466,994830,80,205,494290598,189899016,1238.9,,,1,1.0014441013336182,4169.97812902272,4167.981013060544,,176/3AFFFFF0,176/3AFFFFF0,0.038340,0.041300,2.5,36.0,0.0,14151723.477253502,0.0,22.96683356501977,262249.2854571309,6112197.367630068,1006.26,1
2026-09-13T21:13:32.321529+00:00,1789334012.3215296,F_lat_centralus_rep1,r3-sub,F01,load,16,1,1000,6,0.1,1003020,999382,80,205,494290598,189941903,1244.071,,,1,1.001500129699707,4547.178642268859,4545.181638034222,,176/3B629FF8,176/3B629FF8,0.084624,0.081682,8.6,36.0,0.0,23950247.522376347,0.0,22.96554869832757,277506.7039515345,6520086.02530879,1006.26,1
2026-09-13T21:13:33.322427+00:00,1789334013.3224277,F_lat_centralus_rep1,r3-sub,F01,load,16,1,1000,6,0.1,1007194,1003554,80,205,494290598,189981164,1248.67,,,1,1.0008981227874756,4170.2545993147805,4168.256393948554,,176/3BC61B58,176/3BC61B58,0.052480,0.049700,2.3,36.0,0.0,14744645.4978851,0.0,17.983848296038822,278374.9850824343,6567916.204790248,1006.25,1
2026-09-13T21:13:34.323744+00:00,1789334014.3237443,F_lat_centralus_rep1,r3-sub,F01,load,16,1,1000,6,0.1,1011694,1008052,80,205,494290598,190023517,1254.16,,,1,1.0013165473937988,4494.083326309233,4492.085955941984,,176/3C205B50,176/3C205B50,0.116859,0.114527,3.5,36.0,0.0,6307727.57769679,0.0,11.984222203491287,245460.83917190856,5964032.069122864,1006.25,1
2026-09-13T21:13:35.325274+00:00,1789334015.3252742,F_lat_centralus_rep1,r3-sub,F01,load,16,1,1000,6,0.1,1015871,1012227,80,205,494290598,190062831,1259.209,,,1,1.0015299320220947,4170.619236078759,4168.622291268571,,176/3C83FE18,176/3C83FE18,0.088382,0.085617,2.3,36.0,0.0,14682177.266845383,0.0,16.974030886602563,279688.0962253861,6567065.835686779,1006.24,1
2026-09-13T21:13:36.326174+00:00,1789334016.3261743,F_lat_centralus_rep1,r3-sub,F01,load,16,1,1000,6,0.1,1020046,1016400,80,205,494290598,190102123,1264.229,,,1,1.0009000301361084,4171.24575311708,4169.247551558701,,176/3CE7BB98,176/3CE7BB98,0.058102,0.055206,2.9,36.0,0.0,14515447.659667196,0.0,19.982015583794396,276722.9410137351,6570534.321100675,1006.24,1
2026-09-13T21:13:37.327793+00:00,1789334017.3277936,F_lat_centralus_rep1,r3-sub,F01,load,16,1,1000,6,0.1,1020048,1016400,80,205,494290598,190102123,1264.229,,,1,1.0016193389892578,1.996766558060087,0.0,,176/3D429FD0,176/3D429FD0,0.120408,0.117378,1.9,36.0,0.0,6444859.587589525,0.0,11.980599348360522,254705.54537958666,5969635.137070898,1006.23,1
2026-09-13T21:13:38.328972+00:00,1789334018.3289726,F_lat_centralus_rep1,r3-sub,F01,load,16,1,1000,6,0.1,1024541,1020891,80,205,494290598,190144453,1269.41,,,1,1.0011789798736572,4487.709081314301,4485.711436497336,,176/3DA61DF0,176/3DA61DF0,0.085048,0.086350,3.3,36.0,0.0,23884288.90408547,0.0,24.970560212076016,289245.9848053783,6550300.3277471755,1006.23,1
2026-09-13T21:13:39.330186+00:00,1789334019.3301866,F_lat_centralus_rep1,r3-sub,F01,load,16,1,1000,6,0.1,1028710,1025058,80,205,494290598,190183692,1274.66,,,1,1.0012140274047852,4163.944856831792,4161.947281942451,,176/3E016B60,176/3DFFFBF8,-0.007555,-0.000204,2.3,36.0,0.0,7012031.201957615,0.0,11.985449336047374,274673.5387965317,6557034.580325361,1006.22,1
2026-09-13T21:13:40.331053+00:00,1789334020.331053,F_lat_centralus_rep1,r3-sub,F01,load,16,1,1000,6,0.1,1033203,1029549,80,205,494290598,190225983,1280.243,,,1,1.000866413116455,4489.110575715982,4487.112307042172,,176/3E63FF20,176/3E63FF20,0.123688,0.121214,3.3,36.0,0.0,13873419.88703978,0.0,15.986149390486473,243422.09590327443,5959757.3880281225,1006.21,1
2026-09-13T21:13:41.332598+00:00,1789334021.3325987,F_lat_centralus_rep1,r3-sub,F01,load,16,1,1000,6,0.1,1037366,1033710,80,205,494290598,190265157,1284.724,,,1,1.0015456676483154,4156.575316006262,4154.578402570756,,176/3EC6FCC0,176/3EC6FCC0,0.091971,0.089789,3.1,36.0,0.0,17814640.486533593,0.0,31.950614968100027,268469.0360963315,6541190.493472771,1006.21,1
2026-09-13T21:13:42.332962+00:00,1789334022.332962,F_lat_centralus_rep1,r3-sub,F01,load,16,1,1000,6,0.1,1041524,1037866,80,205,494290598,190304287,1289.559,,,1,1.0003633499145508,4156.489739808209,4154.490466244089,,176/3F217938,176/3F20DFC0,-0.006077,-0.000142,3.9,36.0,0.0,16087338.666870043,0.0,64.97639083394267,263472.2673741631,6344134.859141032,1006.2,1
2026-09-13T21:13:43.334172+00:00,1789334023.3341727,F_lat_centralus_rep1,r3-sub,F01,load,16,1,1000,6,0.1,1046013,1042353,80,205,494290598,190346544,1294.999,,,1,1.0012106895446777,4483.571786515254,4481.5742049663495,,176/3F843EC0,176/3F843EC0,0.129102,0.125688,2.3,36.0,0.0,6406579.621035667,0.0,12.984280067876654,259833.422392152,6138038.740671841,1006.2,1
2026-09-13T21:13:44.335365+00:00,1789334024.3353655,F_lat_centralus_rep1,r3-sub,F01,load,16,1,1000,6,0.1,1050167,1046505,80,205,494290598,190385640,1299.878,,,1,1.0011928081512451,4149.0509781733035,4147.053360947413,,176/3FE73FB8,176/3FE73FB8,0.096043,0.094022,2.9,36.0,0.0,14613480.920839557,0.0,17.97855503300902,277525.9647670437,6532897.506602875,1006.19,1
2026-09-13T21:13:45.335563+00:00,1789334025.335563,F_lat_centralus_rep1,r3-sub,F01,load,16,1,1000,6,0.1,1054640,1050976,80,205,494290598,190427741,1305.164,,,1,1.000197410583496,4472.1171567426245,4470.117551485865,,176/40436680,176/4041FCA8,-0.003946,-0.000142,2.7,36.0,0.0,14718118.48764139,0.0,16.99664468245576,274355.83925368736,6623487.45347703,1006.19,1
2026-09-13T21:13:46.336503+00:00,1789334026.336503,F_lat_centralus_rep1,r3-sub,F01,load,16,1,1000,6,0.1,1058799,1055132,80,205,494290598,190466930,1309.733,,,1,1.0009400844573975,4155.093860842395,4152.09667844698,,176/40A55EC8,176/40A55EC8,0.130720,0.127587,2.7,36.0,0.0,7378151.914061273,0.0,26.974641558726773,242132.3751175193,5885700.944021636,1006.18,1
2026-09-13T21:13:47.337811+00:00,1789334027.3378112,F_lat_centralus_rep1,r3-sub,F01,load,16,1,1000,6,0.1,1062963,1059295,80,205,494290598,190506121,1313.675,,,1,1.0013082027435303,4158.5597607119025,4157.561067205487,,176/41111250,176/40FFFE28,0.003234,-0.000178,2.7,36.0,0.0,14186369.352692075,0.0,16.977789609054355,293702.7772210569,7121232.983473701,1006.18,1
2026-09-13T21:13:48.338358+00:00,1789334028.3383582,F_lat_centralus_rep1,r3-sub,F01,load,16,1,1000,6,0.1,1067500,1063830,80,205,494290598,190548819,1319.112,,,1,1.000546932220459,4534.519924948732,4532.5210182152305,,176/41639EB8,176/41639EB8,0.140308,0.141754,2.9,36.0,0.0,14925852.570311476,0.0,16.990707234764923,237533.08550211386,5457460.139207996,1006.17,1
2026-09-13T21:13:49.339406+00:00,1789334029.339406,F_lat_centralus_rep1,r3-sub,F01,load,16,1,1000,6,0.1,1071648,1067976,80,205,494290598,190587846,1324.299,,,1,1.0010478496551514,4143.658069320997,4141.660162826628,,176/41C6DD20,176/41C6DD20,0.117140,0.113516,2.7,36.0,0.0,6759509.050772156,0.0,14.984298707766381,285936.3816610812,6542930.992016337,1006.17,1
2026-09-13T21:13:50.340564+00:00,1789334030.340564,F_lat_centralus_rep1,r3-sub,F01,load,16,1,1000,6,0.1,1076136,1072462,80,205,494290598,190630099,1330.018,,1071641,1,1.0011579990386963,4482.80891158972,4480.811224908975,121802,176/42315D68,176/42315D68,0.126651,0.123906,11.1,36.0,0.0,23852059.33821542,0.0,22.973396828556943,292095.7533983574,7026941.808141198,1006.16,1
2026-09-13T21:13:51.341601+00:00,1789334031.3416018,F_lat_centralus_rep1,r3-sub,F01,load,16,1,1000,6,0.1,1080305,1076625,80,205,494290598,190680828,1335.131,,,1,1.001037836074829,4164.677747193924,4158.683967754451,,176/42842000,176/42842000,0.146219,0.145319,2.2,36.0,0.0,13551887.362413267,0.0,17.981338318419436,240104.81056585474,5457430.082184851,1006.16,1
2026-09-13T21:13:52.342445+00:00,1789334032.3424451,F_lat_centralus_rep1,r3-sub,F01,load,16,1,1000,6,0.1,1084469,1080784,80,205,494290598,190752328,1340.184,,,1,1.0008432865142822,4160.491513613784,4155.49572649369,,176/42E7DB88,176/42E7DB88,0.119485,0.115975,4.1,36.0,0.0,6560355.740475163,0.0,13.98820393626152,268628.4692345422,6553025.921612563,1006.15,1
2026-09-13T21:13:53.343892+00:00,1789334033.3438349,F_lat_centralus_rep1,r3-sub,F01,load,16,1,1000,6,0.1,1088948,1085261,80,205,494290598,190794518,1345.582,,,1,1.001389741897583,4472.783984697628,4470.786760324018,,176/43529C20,176/43529C20,0.008550,0.005802,3.3,36.0,0.0,15698630.954827383,0.0,18.973631549286655,295982.66049575096,7028574.096098386,1006.14,1
2026-09-13T21:13:54.345782+00:00,1789334034.3457048,F_lat_centralus_rep1,r3-sub,F01,load,16,1,1000,6,0.1,1088950,1085261,80,205,494290598,190794518,1345.582,,,1,1.0018699169158936,1.9962671462945014,0.0,,176/43A4FC48,176/43A4FC48,0.153035,0.150572,3.5,36.0,0.0,13593780.759407036,0.0,15.970137170356011,235668.3198222242,5734722.545304579,1006.14,1
2026-09-13T21:13:55.346430+00:00,1789334035.3464305,F_lat_centralus_rep1,r3-sub,F01,load,16,1,1000,6,0.1,1093112,1089421,80,205,494290598,190833701,1350.467,,,1,1.0007257461547852,4158.981635070525,4156.983085510184,,176/440FFFE8,176/440FFFE8,0.040196,0.042032,2.3,36.0,0.0,7711267.577207322,0.0,13.989846922390042,284322.653927194,6762704.992855488,1006.13,1
2026-09-13T21:13:56.347823+00:00,1789334036.3478239,F_lat_centralus_rep1,r3-sub,F01,load,16,1,1000,6,0.1,1097600,1093907,80,205,494290598,190875933,1355.273,,,1,1.0013933181762695,4481.755488616115,4479.758271375199,,176/4472FB80,176/4472FB80,0.014063,0.011339,3.7,36.0,0.0,23388340.599929336,0.0,27.961041372827815,272521.29113164585,6525650.692278462,1006.13,1
2026-09-13T21:13:57.348183+00:00,1789334037.3481839,F_lat_centralus_rep1,r3-sub,F01,load,16,1,1000,6,0.1,1101754,1098059,80,205,494290598,190915031,1359.952,,,1,1.0003600120544434,4152.505048126538,4150.505767891523,,176/44C7B830,176/44C5DF50,-0.007061,-0.000196,2.5,36.0,0.0,13990995.073120018,0.0,17.993522115136656,252790.9921955549,6073297.539675496,1006.12,1
2026-09-13T21:13:58.348690+00:00,1789334038.34869,F_lat_centralus_rep1,r3-sub,F01,load,16,1,1000,6,0.1,1105914,1102217,80,205,494290598,190954200,1364.595,,,1,1.0005061626434326,4157.895428658714,4155.896440471858,,176/45325C20,176/45325C20,0.028014,0.026014,2.5,36.0,0.0,15606052.799061678,0.0,17.990893681696356,275290.6581527571,6540871.255315057,1006.12,1
2026-09-13T21:13:59.350588+00:00,1789334039.3505883,F_lat_centralus_rep1,r3-sub,F01,load,16,1,1000,6,0.1,1110467,1106768,80,205,494290598,190997059,1369.311,,,1,1.0018982887268066,4544.373467077048,4542.377256461157,,176/45953FD0,176/45953FD0,0.025264,0.029639,3.1,36.0,0.0,6406271.047888924,0.0,12.975369003294889,271500.613446174,6332023.990241456,1006.11,1
2026-09-13T21:14:00.352176+00:00,1789334040.3521762,F_lat_centralus_rep1,r3-sub,F01,load,16,1,1000,6,0.1,1114819,1111118,80,205,494290598,191038019,1374.672,,,1,1.0015878677368164,4345.100555015468,4343.103725716288,,176/4612DFD0,176/4612DFD0,0.103631,0.109235,3.3,36.0,0.0,14370525.506187627,0.0,23.96195159015883,249530.77812806776,5845864.540302655,1006.11,1
2026-09-13T21:14:01.353211+00:00,1789334041.3532112,F_lat_centralus_rep1,r3-sub,F01,load,16,1,1000,6,0.1,1118923,1115220,80,205,494290598,191076649,1379.394,,,1,1.0010349750518799,4099.7568539374015,4097.758921747373,,176/46765E68,176/46765E68,0.077649,0.076533,2.9,36.0,0.0,14885841.525394978,0.0,18.980355805265745,286370.6135593745,6576958.01253976,1006.1,1
2026-09-13T21:14:02.354650+00:00,1789334042.35465,F_lat_centralus_rep1,r3-sub,F01,load,16,1,1000,6,0.1,1123211,1119506,80,205,494290598,191117017,1384.993,,,1,1.001438856124878,4281.8390496576585,4279.8419232352435,,176/46D15130,176/46CE3C88,-0.001689,-0.000189,2.5,36.0,0.0,5509384.7879535435,0.0,11.982758534489717,283131.6143425566,6517811.806561328,1006.1,1
2026-09-13T21:14:03.355749+00:00,1789334043.3557494,F_lat_centralus_rep1,r3-sub,F01,load,16,1,1000,6,0.1,1127385,1123678,80,205,494290598,191156316,1390.211,,,1,1.0010993480682373,4169.41636017876,4167.418556460419,,176/47319C20,176/47319C20,0.080010,0.079021,2.3,36.0,0.0,14483917.133678582,0.0,16.98133160590295,236715.7669788505,5680664.971936798,1006.09,1
2026-09-13T21:14:04.357077+00:00,1789334044.3570774,F_lat_centralus_rep1,r3-sub,F01,load,16,1,1000,6,0.1,1131545,1127836,80,205,494290598,191195466,1395.163,,,1,1.0013279914855957,4154.482882105511,4152.485534566037,,176/4783BD20,176/4783BD20,0.179449,0.177439,2.9,36.0,0.0,14726043.939032456,0.0,16.977454085527327,226289.48948468454,5412207.634343316,1006.09,1
2026-09-13T21:14:05.357265+00:00,1789334045.3572655,F_lat_centralus_rep1,r3-sub,F01,load,16,1,1000,6,0.1,1135708,1131997,80,205,494290598,191234652,1399.853,,,1,1.0001881122589111,4162.217035951288,4160.2174121050475,,176/47E85BC0,176/47E85BC0,0.056375,0.052686,2.7,36.0,0.0,23248618.649829216,0.0,23.995486154895733,262084.6986553099,6615060.626002808,1006.08,1
2026-09-13T21:14:06.358138+00:00,1789334046.3581388,F_lat_centralus_rep1,r3-sub,F01,load,16,1,1000,6,0.1,1139504,1135791,80,205,494290598,191270390,1404.416,,,1,1.000873327255249,3792.6877424238924,3790.689487554333,,176/48431B40,176/48431B40,0.041725,0.038306,3.1,36.0,0.0,6355537.535848185,0.0,17.984293826035316,244574.40650486294,5987483.967061199,1006.08,1
2026-09-13T21:14:07.359730+00:00,1789334047.3597307,F_lat_centralus_rep1,r3-sub,F01,load,16,1,1000,6,0.1,1143763,1140048,80,205,494290598,191310470,1409.597,,,1,1.0015919208526611,4252.230785142803,4250.233963924141,,176/4897DC48,176/4897DC48,0.097903,0.094611,2.1,36.0,0.0,13634359.179309785,0.0,15.974569749303793,244375.97279302144,5575577.122513051,1006.07,1
2026-09-13T21:14:08.360923+00:00,1789334048.360923,F_lat_centralus_rep1,r3-sub,F01,load,16,1,1000,6,0.1,1147985,1144268,80,205,494290598,191350214,1414.365,,,1,1.001192331314087,4216.97197226684,4214.974354089546,,176/48F209B0,176/48EB9E98,0.002297,-0.000143,9.1,36.0,0.0,14408931.779436836,0.0,16.9797545069958,278616.7964689395,6650882.943999543,1006.07,1
2026-09-13T21:14:09.362073+00:00,1789334049.3620737,F_lat_centralus_rep1,r3-sub,F01,load,16,1,1000,6,0.1,1147987,1144268,80,205,494290598,191350214,1414.365,,,1,1.0011506080627441,1.9977014286292636,0.0,,176/49521CC8,176/49521CC8,0.075607,0.072446,3.5,36.0,0.0,14495449.419025369,0.0,40.95287928689991,237728.46770831101,5631613.220422326,1006.06,1
2026-09-13T21:14:10.363406+00:00,1789334050.3634067,F_lat_centralus_rep1,r3-sub,F01,load,16,1,1000,6,0.1,1152294,1148573,80,205,494290598,191390759,1419.741,,,1,1.0013329982757568,4301.26641927953,4299.269081727043,,176/49B2C000,176/49B2C000,0.045449,0.042582,3.9,36.0,0.0,5955836.87970866,0.0,12.982694091161802,258462.4699731779,6337252.453406573,1006.06,1
2026-09-13T21:14:11.365140+00:00,1789334051.3651402,F_lat_centralus_rep1,r3-sub,F01,load,16,1,1000,6,0.1,1156328,1152605,80,205,494290598,191428747,1424.653,,,1,1.0017335414886475,4027.018995495737,4025.022456578783,,176/4A103FE0,176/4A103FE0,0.062882,0.066552,2.7,36.0,0.0,15844532.84494505,0.0,23.958467003445136,244861.52239196017,6160178.075728268,1006.05,1
2026-09-13T21:14:12.366260+00:00,1789334052.3662605,F_lat_centralus_rep1,r3-sub,F01,load,16,1,1000,6,0.1,1160619,1156894,80,205,494290598,191469143,1429.463,,,1,1.0011203289031982,4286.198048441499,4284.200286591841,,176/4A72DFB8,176/4A72DFB8,0.032307,0.036189,2.9,36.2,0.0,16754349.617868813,0.0,24.972023120726515,271753.5466471446,6515336.6800033245,1006.05,1
2026-09-13T21:14:13.367116+00:00,1789334053.3671162,F_lat_centralus_rep1,r3-sub,F01,load,16,1,1000,6,0.1,1164404,1160721,93,256,494290598,191616551,1433.458,,,1,1.0008556842803955,3781.7640039896205,3823.728095975767,,176/4AD4FF70,176/4AD4FF70,0.017043,0.013756,10.4,36.1,0.0,6850841.842328044,0.0,14.987175709337993,260776.8573424811,6489307.201836731,1006.04,1
2026-09-13T21:14:14.368314+00:00,1789334054.3683147,F_lat_centralus_rep1,r3-sub,F01,load,16,1,1000,6,0.1,1168533,1164848,93,256,494290598,191655428,1437.103,,,1,1.0011985301971436,4124.0571929195385,4122.059587110423,,176/4B313C90,176/4B313C90,0.065441,0.062496,2.7,36.0,0.0,14523393.274595406,0.0,16.979649377484176,238816.77088850582,6087298.189301105,1006.04,1
2026-09-13T21:14:15.369344+00:00,1789334055.3693447,F_lat_centralus_rep1,r3-sub,F01,load,16,1,1000,6,0.1,1173116,1169429,93,256,494290598,191698564,1442.763,,,1,1.0010299682617188,4578.284512259254,4576.286570076291,,176/4B963FE0,176/4B963FE0,0.034041,0.030451,2.7,36.0,0.0,15115055.972074661,0.0,21.97736401259079,298028.0405771034,6648039.730075377,1006.03,1
2026-09-13T21:14:16.370663+00:00,1789334056.3706636,F_lat_centralus_rep1,r3-sub,F01,load,16,1,1000,6,0.1,1177336,1173647,93,256,494290598,191738277,1448.203,,,1,1.0013189315795898,4214.441440094328,4212.444074482908,,176/4BFB3D50,176/4BFB3D50,0.001401,0.000201,3.5,36.0,0.0,15012519.513923878,0.0,28.96180136557713,288311.7365459032,6656571.437718997,1006.03,1
2026-09-13T21:14:17.371874+00:00,1789334057.371874,F_lat_centralus_rep1,r3-sub,F01,load,16,1,1000,6,0.1,1181771,1178080,93,256,494290598,191780014,1453.411,,,1,1.0012104511260986,4429.638139525801,4427.640557501212,,176/4C541B98,176/4C541B98,0.092166,0.093172,2.5,36.0,0.0,6038386.827864393,0.0,12.984283159827603,254266.2231638425,5867999.073913036,1006.02,1
2026-09-13T21:14:18.373199+00:00,1789334058.3732,F_lat_centralus_rep1,r3-sub,F01,load,16,1,1000,6,0.1,1186000,1182307,93,256,494290598,191819831,1459.086,,,1,1.0013258457183838,4223.400422632632,4221.40307081299,,176/4CB91FC0,176/4CB91FC0,0.063509,0.063780,3.3,36.0,0.0,23164934.870285593,0.0,24.966897745522772,282159.89950534125,6651049.73418717,1006.01,1
2026-09-13T21:14:19.374784+00:00,1789334059.3747847,F_lat_centralus_rep1,r3-sub,F01,load,16,1,1000,6,0.1,1190239,1186544,93,256,494290598,191859748,1464.081,,,1,1.001584768295288,4232.292796559636,4230.295961081193,,176/4D191798,176/4D113FF8,-0.000388,-0.000187,2.9,36.0,0.0,14746805.729822604,0.0,16.97310156676429,277198.70428195904,6763971.67214376,1006.01,1
2026-09-13T21:14:20.376497+00:00,1789334060.3764634,F_lat_centralus_rep1,r3-sub,F01,load,16,1,1000,6,0.1,1194651,1190954,93,256,494290598,191901274,1469.376,,1190759,1,1.001678705215454,4404.605964994544,4402.609316778317,119118,176/4D851DC0,176/4D851DC0,0.039624,0.032844,5.5,36.1,0.0,15706369.635377243,0.0,21.963130378485936,278304.80826687644,6693244.0163614275,1006.0,1
2026-09-13T21:14:21.377550+00:00,1789334061.3775506,F_lat_centralus_rep1,r3-sub,F01,load,16,1,1000,6,0.1,1198795,1195092,93,256,494290598,191945967,1474.02,,,1,1.0010871887207031,4139.499582744285,4133.506098792435,,176/4DD85FD8,176/4DD85FD8,0.121688,0.118397,2.7,36.1,0.0,5253552.397090261,0.0,14.983709879624584,247267.17391751675,5479589.651936334,1006.0,1
2026-09-13T21:14:22.379247+00:00,1789334062.3792477,F_lat_centralus_rep1,r3-sub,F01,load,16,1,1000,6,0.1,1203245,1199537,93,256,494290598,191995689,1479.29,,,1,1.001697063446045,4442.460862060512,4437.469333002017,,176/4E42FC08,176/4E42FC08,0.030192,0.026143,4.3,36.1,0.0,16241748.721944142,0.0,20.96442204567882,300729.64271620417,6992161.857702464,1005.99,1
2026-09-13T21:14:23.380474+00:00,1789334063.3804743,F_lat_centralus_rep1,r3-sub,F01,load,16,1,1000,6,0.1,1207423,1203713,93,256,494290598,192035036,1484.385,,,1,1.0012266635894775,4172.881278472485,4170.883728793944,,176/4EA41370,176/4E95DDF8,-0.003404,-0.000199,3.3,36.0,0.0,14105705.045217123,0.0,17.97794710687045,275889.5763020339,6549761.645869256,1005.99,1
2026-09-13T21:14:24.380766+00:00,1789334064.3807666,F_lat_centralus_rep1,r3-sub,F01,load,16,1,1000,6,0.1,1211602,1207890,93,256,494290598,192074420,1489.216,,,1,1.0002923011779785,4177.778830326562,4175.779414758088,,176/4EF95FF8,176/4EF95FF8,0.140191,0.136625,3.1,36.1,0.0,6437030.4484172445,0.0,12.996201195081431,224310.43379596857,5458997.328650254,1005.98,1
2026-09-13T21:14:25.381808+00:00,1789334065.381809,F_lat_centralus_rep1,r3-sub,F01,load,16,1,1000,6,0.1,1215997,1212283,93,256,494290598,192115789,1494.916,,,1,1.001042366027832,4390.423571621149,4388.425654182413,,176/4F623CF8,176/4F623CF8,0.050088,0.046192,3.1,36.1,0.0,14480649.862522377,0.0,21.97709182608994,289516.2181297152,6918259.641178315,1005.98,1
2026-09-13T21:14:26.383219+00:00,1789334066.3832197,F_lat_centralus_rep1,r3-sub,F01,load,16,1,1000,6,0.1,1220158,1216442,93,256,494290598,192154962,1499.546,,,1,1.001410722732544,4155.1382520110255,4153.1410694818205,,176/4FC55E50,176/4FC55E50,0.022000,0.018146,6.7,36.0,0.0,24316416.278781522,0.0,28.95914667347266,265103.0131528793,6511529.037962526,1005.97,1
2026-09-13T21:14:27.383386+00:00,1789334067.3833866,F_lat_centralus_rep1,r3-sub,F01,load,16,1,1000,6,0.1,1224154,1220436,93,256,494290598,192192576,1504.529,,,1,1.000166893005371,3995.3332068336526,3993.333540563966,,176/5023BED0,176/5023BED0,0.035010,0.032055,3.1,36.0,3248097.9151771963,16840453.446112566,11.997997618119078,25.995661505924666,259921.62089952716,6242994.087954148,1005.96,1
2026-09-13T21:14:28.385150+00:00,1789334068.3851507,F_lat_centralus_rep1,r3-sub,F01,load,16,1,1000,6,0.1,1228253,1224532,93,256,494290598,192231133,1509.253,,,1,1.0017640590667725,4091.7818551192217,4088.7871379771486,,176/50863C48,176/50863C48,0.005446,0.002174,3.5,36.1,0.0,6358063.999554466,0.0,15.971824757723237,266706.51395588886,6502355.460893833,1005.96,1
2026-09-13T21:14:29.386112+00:00,1789334069.3861125,F_lat_centralus_rep1,r3-sub,F01,load,16,1,1000,6,0.1,1232397,1228675,93,256,494290598,192270165,1513.778,,,1,1.0009617805480957,4140.018211015883,4139.019171872298,,176/50D83FD8,176/50D83FD8,0.145024,0.141778,2.3,36.1,0.0,13577469.453986792,0.0,14.985587153773707,222300.1959956535,5418211.869218724,1005.95,1
2026-09-13T21:14:30.387007+00:00,1789334070.3870077,F_lat_centralus_rep1,r3-sub,F01,load,16,1,1000,6,0.1,1236799,1233075,93,256,494290598,192311610,1519.301,,,1,1.0008952617645264,4398.062582731686,4396.0643716536615,,176/51413FE8,176/51413FE8,0.055480,0.058392,4.1,36.1,0.0,16033773.575576713,0.0,72.9347043478903,271299.1162744497,6924269.965852314,1005.95,1
2026-09-13T21:14:31.388750+00:00,1789334071.3887506,F_lat_centralus_rep1,r3-sub,F01,load,16,1,1000,6,0.1,1240961,1237235,93,256,494290598,192350798,1524.1,,,1,1.0017428398132324,4154.7589207385545,4152.7624003537685,,176/51A3DFD0,176/51A3DFD0,0.025664,0.022383,2.9,36.1,0.0,14650434.639229592,0.0,18.966943655461925,275270.2480522961,6531272.039059276,1005.94,1
2026-09-13T21:14:32.390579+00:00,1789334072.3905797,F_lat_centralus_rep1,r3-sub,F01,load,16,1,1000,6,0.1,1245121,1241393,93,256,494290598,192389953,1529.028,,,1,1.0018291473388672,4152.404640102656,4150.408291717992,,176/51FFFED8,176/51FFFED8,0.000277,0.001927,3.5,36.1,0.0,6067365.893821383,0.0,11.978090307988433,280921.15381906036,6067626.417285582,1005.94,1
2026-09-13T21:14:33.391408+00:00,1789334073.3914082,F_lat_centralus_rep1,r3-sub,F01,load,16,1,1000,6,0.1,1245123,1241393,93,256,494290598,192389953,1529.028,,,1,1.000828504562378,1.9983443625784016,0.0,,176/52633CE0,176/52633CE0,0.036935,0.037317,2.2,36.1,0.0,14753856.362690842,0.0,19.983443625784016,292692.502925952,6539073.347897543,1005.93,1
2026-09-13T21:14:34.392253+00:00,1789334074.3922539,F_lat_centralus_rep1,r3-sub,F01,load,16,1,1000,6,0.1,1249667,1245935,93,256,494290598,192432749,1534.767,,,1,1.0008456707000732,4540.1605192752195,4538.162209187511,,176/52BC8078,176/52B57DC0,0.002500,-0.000209,3.1,36.1,0.0,14659474.91158881,0.0,18.983945833237055,275173.29400781495,6547314.12827754,1005.93,1
2026-09-13T21:14:35.393292+00:00,1789334075.393293,F_lat_centralus_rep1,r3-sub,F01,load,16,1,1000,6,0.1,1253831,1250097,93,256,494290598,192471934,1539.794,,,1,1.0010390281677246,4159.6779774128045,4157.680053312222,,176/53203CD8,176/53203CD8,0.077086,0.074190,3.5,36.0,0.0,20736981.691908516,0.0,22.97612715669897,243775.71017052577,5940182.982559682,1005.92,1
2026-09-13T21:14:36.394503+00:00,1789334076.3945038,F_lat_centralus_rep1,r3-sub,F01,load,16,1,1000,6,0.1,1258311,1254575,93,256,494290598,192514088,1545.479,,,1,1.0012109279632568,4474.581604011827,4472.584022938608,,176/53840000,176/53840000,0.044752,0.040896,3.5,36.1,0.0,9838965.721278578,0.0,23.97097287863479,276313.40437202324,6566817.057595366,1005.91,1
2026-09-13T21:14:37.395544+00:00,1789334077.3955445,F_lat_centralus_rep1,r3-sub,F01,load,16,1,1000,6,0.1,1262492,1258754,93,256,494290598,192553464,1550.682,,,1,1.0010406970977783,4176.653368960497,4174.655448190843,,176/53E73E68,176/53E73E68,0.008669,0.009644,3.9,36.0,0.0,15589536.015113361,0.0,21.977128466187736,277617.08470565313,6561186.791947639,1005.91,1
2026-09-13T21:14:38.396739+00:00,1789334078.3967397,F_lat_centralus_rep1,r3-sub,F01,load,16,1,1000,6,0.1,1266660,1262920,93,256,494290598,192592709,1556.152,,,1,1.0011951923370361,4163.024385155967,4161.0267726870825,,176/54419C20,176/54419C20,0.069842,0.071068,4.3,36.1,0.0,14441619.487054681,0.0,80.90330498983525,270699.46207728545,5967176.076879169,1005.9,1
2026-09-13T21:14:39.397121+00:00,1789334079.3971212,F_lat_centralus_rep1,r3-sub,F01,load,16,1,1000,6,0.1,1271151,1267409,93,256,494290598,192634956,1562.039,,,1,1.0003814697265625,4489.2874727353155,4487.288235383841,,176/54A49E90,176/54A49E90,0.049316,0.046801,2.9,36.1,0.0,6272679.162794954,0.0,14.994280136056497,292565.39515870716,6542260.325742438,1005.9,1
2026-09-13T21:14:40.398463+00:00,1789334080.3984632,F_lat_centralus_rep1,r3-sub,F01,load,16,1,1000,6,0.1,1275327,1271583,93,256,494290598,192674288,1567.522,,,1,1.0013420581817627,4170.403076430029,4168.40575694898,,176/54FFFC60,176/54FFFC60,0.024170,0.026776,3.1,36.1,0.0,14844461.868495522,0.0,35.95175065887956,260602.2566093316,6021599.662905099,1005.89,1
2026-09-13T21:14:41.399644+00:00,1789334081.399644,F_lat_centralus_rep1,r3-sub,F01,load,16,1,1000,6,0.1,1279814,1276068,93,256,494290598,192716523,1572.749,,,1,1.001180648803711,4481.708676013084,4479.711034526116,,176/5562FDC0,176/5562FDC0,0.082711,0.079409,2.9,36.1,0.0,14842763.90854761,0.0,23.971697843618013,286743.45668089774,6526695.265043141,1005.89,1
2026-09-13T21:14:42.400780+00:00,1789334082.40078,F_lat_centralus_rep1,r3-sub,F01,load,16,1,1000,6,0.1,1283990,1280242,93,256,494290598,192755855,1577.917,,,1,1.001136064529419,4171.261178132581,4169.263447683284,,176/55C65EA0,176/55C65EA0,0.052055,0.049041,3.3,36.1,0.0,7184414.042042176,0.0,16.98070881902631,272989.8658964642,6565602.052393995,1005.88,1
2026-09-13T21:14:43.402009+00:00,1789334083.4020092,F_lat_centralus_rep1,r3-sub,F01,load,16,1,1000,6,0.1,1288165,1284415,93,256,494290598,192795156,1583.231,,,1,1.0012292861938477,4169.874031423088,4167.8764869768975,,176/56203E58,176/56203E58,0.114727,0.112056,3.1,36.1,0.0,22745798.903439965,0.0,27.96562224666981,251372.99065308398,5936850.911140004,1005.88,1
2026-09-13T21:14:44.403204+00:00,1789334084.4032044,F_lat_centralus_rep1,r3-sub,F01,load,16,1,1000,6,0.1,1292650,1288898,93,256,494290598,192837356,1588.535,,,1,1.0011951923370361,4479.645961474212,4477.648349005326,,176/56837C98,176/56837C98,0.087999,0.084255,9.6,36.1,0.0,15133017.133885344,0.0,32.96060573659955,274570.8350419842,6561047.286560171,1005.87,1
2026-09-13T21:14:45.404090+00:00,1789334085.4040904,F_lat_centralus_rep1,r3-sub,F01,load,16,1,1000,6,0.1,1296824,1293070,93,256,494290598,192876631,1593.523,,,1,1.0008859634399414,4170.305262004469,4168.307032362876,,176/56E6FC48,176/56E6FC48,0.056094,0.052131,2.9,36.1,0.0,6392288.665944422,0.0,13.98760749115059,269530.20609144313,6551888.2665332705,1005.87,1
2026-09-13T21:14:46.405267+00:00,1789334086.4052672,F_lat_centralus_rep1,r3-sub,F01,load,16,1,1000,6,0.1,1301309,1297553,93,256,494290598,192918826,1598.695,,,1,1.0011768341064453,4479.728103180575,4477.730454082167,,176/57415EA0,176/57415EA0,0.122490,0.117658,3.5,36.1,0.0,14634170.009613167,0.0,22.97296463169526,237436.57653861176,5975470.862087426,1005.86,1
2026-09-13T21:14:47.407006+00:00,1789334087.407007,F_lat_centralus_rep1,r3-sub,F01,load,16,1,1000,6,0.1,1305481,1301723,93,256,494290598,192958088,1603.561,,,1,1.001739740371704,4164.7544086170965,4162.75788205496,,176/57A4FE20,176/57A4FE20,0.091422,0.087117,2.5,36.1,0.0,14687279.946127202,0.0,18.967002340298375,268201.3991980676,6553046.400619193,1005.86,1
2026-09-13T21:14:48.407541+00:00,1789334088.407541,F_lat_centralus_rep1,r3-sub,F01,load,16,1,1000,6,0.1,1309651,1305891,93,256,494290598,192997330,1608.846,,,1,1.0005340576171875,4167.774168458617,4165.775236003721,,176/57FFFF70,176/57FFFF70,0.065896,0.066866,3.5,36.1,0.0,14737729.203458846,0.0,17.990392094065975,263154.46035595005,6023765.961903891,1005.85,1
2026-09-13T21:14:49.409180+00:00,1789334089.4091187,F_lat_centralus_rep1,r3-sub,F01,load,16,1,1000,6,0.1,1309653,1305891,93,256,494290598,192997330,1608.846,,,1,1.001577615737915,1.996849738426407,0.0,,176/58638000,176/58638000,0.109165,0.111260,2.5,36.1,0.0,6269277.489167732,0.0,12.979523299771646,275529.3206075525,6574258.3465673365,1005.85,1
2026-09-13T21:14:50.409498+00:00,1789334090.409475,F_lat_centralus_rep1,r3-sub,F01,load,16,1,1000,6,0.1,1314192,1310428,93,256,494290598,193040055,1613.904,,1312323,1,1.0003564357757568,4537.382714472262,4535.3834270898105,121564,176/58D6DD30,176/58D6DD30,0.019295,0.020826,6.0,36.1,0.0,23969440.433904484,0.0,23.991448589410503,316135.3180626622,7639622.965061958,1005.84,1
2026-09-13T21:14:51.410539+00:00,1789334091.4105396,F_lat_centralus_rep1,r3-sub,F01,load,16,1,1000,6,0.1,1318350,1314580,93,256,494290598,193079704,1618.033,,,1,1.0010645389556885,4153.578354036624,4147.58473447813,,176/59207DB0,176/59207DB0,0.134653,0.138376,2.7,36.0,0.0,14214372.247012397,0.0,19.978731861648022,201916.05249633882,4862095.110348771,1005.84,1
2026-09-13T21:14:52.411683+00:00,1789334092.4116838,F_lat_centralus_rep1,r3-sub,F01,load,16,1,1000,6,0.1,1322840,1319065,93,256,494290598,193165750,1622.955,,,1,1.0011441707611084,4484.868544543918,4479.874258859571,,176/5983BFD8,176/5983BFD8,0.111718,0.114161,3.8,36.1,0.0,5866951.205973276,0.0,11.986285642433634,275290.02120691014,6557345.277263263,1005.83,1
2026-09-13T21:14:53.412435+00:00,1789334093.4124353,F_lat_centralus_rep1,r3-sub,F01,load,16,1,1000,6,0.1,1327016,1323239,93,256,494290598,193205045,1626.923,,,1,1.0007514953613281,4172.864111976397,4170.865613838478,,176/59E73C88,176/59E73C88,0.073169,0.076916,3.1,36.1,0.0,15544926.060173592,0.0,18.985732310237438,268882.9357210653,6545225.293553048,1005.82,1
2026-09-13T21:14:54.413633+00:00,1789334094.4136338,F_lat_centralus_rep1,r3-sub,F01,load,16,1,1000,6,0.1,1331188,1327409,93,256,494290598,193244328,1631.439,,,1,1.0011985301971436,4167.005717815528,4165.008112006412,,176/5A415FF0,176/5A415FF0,0.145316,0.141618,2.3,36.1,0.0,14625670.692022134,0.0,18.97725518659996,265724.52113729547,5955368.311243863,1005.82,1
2026-09-13T21:14:55.414634+00:00,1789334095.4146347,F_lat_centralus_rep1,r3-sub,F01,load,16,1,1000,6,0.1,1335658,1331877,93,256,494290598,193286411,1636.648,,,1,1.0010008811950684,4465.530534462054,4463.532534222921,,176/5AA48000,176/5AA48000,0.114089,0.116074,3.0,36.1,0.0,14886348.533689396,0.0,16.983002032629734,272607.1526272942,6559534.685085299,1005.81,1
2026-09-13T21:14:56.415983+00:00,1789334096.4159834,F_lat_centralus_rep1,r3-sub,F01,load,16,1,1000,6,0.1,1339844,1336061,93,256,494290598,193325812,1641.305,,,1,1.0013487339019775,4180.361804311992,4178.36449814653,,176/5B084908,176/5AFFFE58,-0.003858,-0.000187,3.1,36.1,0.0,6229805.649917225,0.0,13.981143158234088,271817.3906700562,6762926.6116023455,1005.81,1
2026-09-13T21:14:57.417228+00:00,1789334097.4172287,F_lat_centralus_rep1,r3-sub,F01,load,16,1,1000,6,0.1,1344392,1340607,93,256,494290598,193368609,1646.33,,,1,1.0012452602386475,4542.34360012449,4540.346087547478,,176/5B637DC8,176/5B637DC8,0.133015,0.128255,2.7,36.1,0.0,14772260.691126406,0.0,17.977613193104844,244786.17750618106,5846618.4385279585,1005.8,1
2026-09-13T21:14:58.417621+00:00,1789334098.4176211,F_lat_centralus_rep1,r3-sub,F01,load,16,1,1000,6,0.1,1348566,1344779,93,256,494290598,193407877,1650.814,,,1,1.0003924369812012,4172.362610612615,4170.363395178684,,176/5BC6FFE8,176/5BC6FFE8,0.102159,0.097355,2.9,36.1,0.0,6198911.317955648,0.0,11.995292603582026,266910.2545454545,6570066.662872531,1005.8,1
2026-09-13T21:14:59.418738+00:00,1789334099.4187386,F_lat_centralus_rep1,r3-sub,F01,load,16,1,1000,6,0.1,1352732,1348943,93,256,494290598,193447078,1655.687,,,1,1.001117467880249,4161.349825231823,4159.352057672902,,176/5C2426C8,176/5C20DC48,-0.000369,-0.000207,3.3,36.1,0.0,22932453.7195531,0.0,23.97321070704843,285559.8959883458,6894757.330141456,1005.79,1
2026-09-13T21:15:00.419617+00:00,1789334100.4196177,F_lat_centralus_rep1,r3-sub,F01,load,16,1,1000,6,0.1,1357169,1353378,93,256,494290598,193488822,1661.307,,,1,1.0008790493011475,4433.103083832242,4431.104840386747,,176/5CB75FA8,176/5CB75FA8,0.001298,0.006820,7.4,36.0,0.0,15763934.72419736,0.0,26.976286514192147,271198.6030575101,6414349.47058057,1005.79,1
2026-09-13T21:15:01.420992+00:00,1789334101.4209929,F_lat_centralus_rep1,r3-sub,F01,load,16,1,1000,6,0.1,1361227,1357434,93,256,494290598,193527002,1665.949,,,1,1.0013751983642578,4052.42710886861,4050.4298554881916,,176/5D109C28,176/5D109C28,0.080622,0.081459,2.5,36.0,0.0,15158929.464995839,0.0,20.971160494391526,265708.59797070146,5908473.676664591,1005.78,1
2026-09-13T21:15:02.421320+00:00,1789334102.4213202,F_lat_centralus_rep1,r3-sub,F01,load,16,1,1000,6,0.1,1365599,1361804,93,256,494290598,193568182,1671.448,,,1,1.0003273487091064,4370.569299781656,4368.56995426483,,176/5D741E00,176/5D741E00,0.052609,0.048464,4.1,36.0,0.0,6223882.620058694,0.0,14.99509137619507,266909.627477997,6446817.642566861,1005.78,1
2026-09-13T21:15:03.422525+00:00,1789334103.4225252,F_lat_centralus_rep1,r3-sub,F01,load,16,1,1000,6,0.1,1369721,1365924,93,256,494290598,193606986,1676.266,,,1,1.0012049674987793,4117.039101691258,4115.041508725858,,176/5DC55E78,176/5DC55E78,0.167842,0.164084,2.3,36.0,0.0,13565989.423655711,0.0,15.980743723207214,218868.2708471152,5372100.793144095,1005.77,1
2026-09-13T21:15:04.423863+00:00,1789334104.4238634,F_lat_centralus_rep1,r3-sub,F01,load,16,1,1000,6,0.1,1373544,1369745,93,256,494290598,193643005,1680.678,,,1,1.001338243484497,3817.890732602573,3815.8934055125374,,176/5E217D70,176/5E217D70,0.154742,0.156455,2.7,36.0,0.0,14619539.496522432,0.0,17.975943810318157,244014.44925316382,6072549.450263898,1005.77,1
2026-09-13T21:15:05.425693+00:00,1789334105.4256938,F_lat_centralus_rep1,r3-sub,F01,load,16,1,1000,6,0.1,1377788,1373987,93,256,494290598,193682931,1685.014,,,1,1.0018303394317627,4236.246231479866,4234.249885470686,,176/5E863EE8,176/5E863EE8,0.027826,0.032715,1.9,36.0,0.0,7191700.746542167,0.0,16.968941078029626,292163.24209747737,6654635.757768538,1005.76,1
2026-09-13T21:15:06.427170+00:00,1789334106.4271708,F_lat_centralus_rep1,r3-sub,F01,load,16,1,1000,6,0.1,1377790,1373987,93,256,494290598,193682931,1685.014,,,1,1.0014770030975342,1.997050350446459,0.0,,176/5EDA3FD8,176/5EDA3FD8,0.094306,0.096760,3.2,36.0,0.0,14012199.937289355,0.0,18.97197832924136,227510.96559908715,5552841.435998914,1005.76,1
2026-09-13T21:15:07.428413+00:00,1789334107.4284132,F_lat_centralus_rep1,r3-sub,F01,load,16,1,1000,6,0.1,1382030,1378225,93,256,494290598,193722851,1689.289,,,1,1.0012423992156982,4234.738763881067,4232.741245596218,,176/5F321C18,176/5F321C18,0.121447,0.119292,2.5,36.0,0.0,21800499.07704485,0.0,80.89949053640719,254316.03795390658,5806922.484060183,1005.75,1
2026-09-13T21:15:08.429840+00:00,1789334108.4298406,F_lat_centralus_rep1,r3-sub,F01,load,16,1,1000,6,0.1,1386438,1382631,93,256,494290598,193764329,1694.48,,,1,1.001427412033081,4401.716936278939,4399.719787033803,,176/5F94DD90,176/5F94DD90,0.047950,0.044163,3.7,36.0,0.0,6560619.293076599,0.0,13.980044715949443,264747.09680829255,6517182.295569521,1005.75,1
2026-09-13T21:15:09.431026+00:00,1789334109.4310267,F_lat_centralus_rep1,r3-sub,F01,load,16,1,1000,6,0.1,1390550,1386741,93,256,494290598,193803038,1699.377,,,1,1.0011861324310303,4107.128401804214,4105.130771258589,,176/5FE87550,176/5FE61E60,-0.000937,-0.000215,2.7,36.0,0.0,13615338.405557716,0.0,16.979859637809252,270204.5016775499,6230400.919411166,1005.74,1
2026-09-13T21:15:10.432224+00:00,1789334110.432225,F_lat_centralus_rep1,r3-sub,F01,load,16,1,1000,6,0.1,1395062,1391251,93,256,494290598,193845510,1704.402,,,1,1.0011982917785645,4506.5997785361,4504.602172251288,,176/6050FB48,176/6050FB48,0.036798,0.032585,3.7,36.0,0.0,15730270.546129977,0.0,20.97486599052706,246547.56408093672,6193395.505084859,1005.73,1
2026-09-13T21:15:11.432422+00:00,1789334111.4324229,F_lat_centralus_rep1,r3-sub,F01,load,16,1,1000,6,0.1,1399161,1395348,93,256,494290598,193884140,1709.116,,,1,1.0001978874206543,4098.189019945489,4096.189415642028,,176/60B33FD8,176/60B33FD8,0.005862,0.001658,3.1,36.0,0.0,15803336.718459053,0.0,26.99465809673779,255333.47271767718,6496910.343169968,1005.73,1
2026-09-13T21:15:12.434370+00:00,1789334112.4343705,F_lat_centralus_rep1,r3-sub,F01,load,16,1,1000,6,0.1,1403293,1399478,93,256,494290598,193923035,1713.977,,,1,1.0019476413726807,4123.967989324381,4121.97187703526,,176/61101C10,176/61101C10,0.032911,0.033338,3.3,36.3,0.0,8041170.683292433,0.0,16.966954457530125,258633.27513299906,6133185.753679798,1005.72,1
2026-09-13T21:15:13.435798+00:00,1789334113.435799,F_lat_centralus_rep1,r3-sub,F01,load,16,1,1000,6,0.1,1407907,1404136,106,307,494290598,194077933,1719.515,,,1,1.0014283657073975,4607.418920813895,4651.3561623647865,,176/6173DE58,176/6173DE58,0.003972,0.009137,11.7,36.1,511.26971986491424,16725166.34594094,0.9985736716111606,42.938667879279905,286079.3740325382,6595619.043938581,1005.72,1
2026-09-13T21:15:14.436982+00:00,1789334114.4369822,F_lat_centralus_rep1,r3-sub,F01,load,16,1,1000,6,0.1,1412109,1408336,106,307,494290598,194117512,1724.734,,,1,1.001183271408081,4197.033769941278,4195.036133687141,,176/61C6FE78,176/61C6FE78,0.150180,0.146029,3.1,36.1,0.0,20946734.3281768,0.0,22.972816922572438,218711.2052841603,5501800.876330083,1005.71,1
2026-09-13T21:15:15.438313+00:00,1789334115.4383132,F_lat_centralus_rep1,r3-sub,F01,load,16,1,1000,6,0.1,1416602,1412827,106,307,494290598,194159804,1729.751,,,1,1.001331090927124,4487.027358593219,4485.030017236178,,176/62319FC0,176/62319FC0,0.051728,0.049861,13.6,36.1,0.0,15916349.891067069,0.0,21.970754927454,304149.1498261739,7051481.836504648,1005.71,1
2026-09-13T21:15:16.439357+00:00,1789334116.4393575,F_lat_centralus_rep1,r3-sub,F01,load,16,1,1000,6,0.1,1420830,1417053,106,307,494290598,194199581,1734.845,,,1,1.0010442733764648,4223.589418017646,4221.59150438566,,176/62967C20,176/62967C20,0.027170,0.022654,3.3,36.1,0.0,6121223.768986664,0.0,15.98330905588513,268971.12061969895,6672799.772850731,1005.7,1
2026-09-13T21:15:17.440547+00:00,1789334117.4405472,F_lat_centralus_rep1,r3-sub,F01,load,16,1,1000,6,0.1,1425064,1421285,106,307,494290598,194239415,1739.949,,,1,1.0011897087097168,4228.968759034256,4226.971135624226,,176/62F17C40,176/62EA1D38,0.003693,-0.000199,2.3,36.1,0.0,14797627.134115402,0.0,18.97742239528835,295493.44887021487,6635103.159980701,1005.7,1
2026-09-13T21:15:18.442174+00:00,1789334118.4421453,F_lat_centralus_rep1,r3-sub,F01,load,16,1,1000,6,0.1,1429484,1425703,106,307,494290598,194281010,1745.074,,,1,1.0015981197357178,4412.9475813775125,4410.950772517161,,176/63535BB8,176/63535BB8,0.092647,0.088422,9.1,36.1,0.0,15392744.551145952,0.0,19.968088603518158,237643.2176837601,5836851.013201359,1005.69,1
2026-09-13T21:15:19.442388+00:00,1789334119.4423888,F_lat_centralus_rep1,r3-sub,F01,load,16,1,1000,6,0.1,1433693,1429910,106,307,494290598,194320628,1750.057,,,1,1.0002434253692627,4207.975671968203,4205.976158700459,,176/63B75FF0,176/63B75FF0,0.060356,0.056215,3.5,36.2,0.0,7526615.830762099,0.0,14.996349508083402,290419.3045735432,6626458.951782758,1005.69,1
2026-09-13T21:15:20.443408+00:00,1789334120.4434085,F_lat_centralus_rep1,r3-sub,F01,load,16,1,1000,6,0.1,1433696,1429910,106,307,494290598,194320628,1750.057,,1432064,1,1.0010197162628174,2.9969439674975904,0.0,119741,176/64213EF0,176/64213EF0,0.094983,0.090405,5.2,36.2,0.0,14603732.336638497,0.0,18.98064512748474,291596.6541495805,6999846.143050712,1005.68,1
2026-09-13T21:15:21.443743+00:00,1789334121.443743,F_lat_centralus_rep1,r3-sub,F01,load,16,1,1000,6,0.1,1438163,1434372,106,307,494290598,194367008,1754.875,,,1,1.0003345012664795,4465.506282493034,4460.507954440098,,176/64747B50,176/64747B50,0.108690,0.105154,3.3,36.1,0.0,13897175.377235826,0.0,22.99230904350566,234119.68666830167,5500993.910570018,1005.68,1
2026-09-13T21:15:22.443964+00:00,1789334122.4439642,F_lat_centralus_rep1,r3-sub,F01,load,16,1,1000,6,0.1,1444143,1440347,106,307,494290598,194433255,1761.187,,,1,1.0002212524414062,5978.6772030724405,5973.678309089938,,176/649ED578,176/649ED578,0.372499,0.378426,2.9,36.1,0.0,11400741.55809643,0.0,17.996018337007346,116402.24571894952,2809413.4104240243,1005.67,1
2026-09-13T21:15:23.444978+00:00,1789334123.444979,F_lat_centralus_rep1,r3-sub,F01,load,16,1,1000,6,0.1,1444145,1440347,106,307,494290598,194433255,1761.187,,,1,1.0010147094726562,1.997972638237872,0.0,,176/649ED578,176/649ED578,1.373712,1.379639,0.2,36.1,0.0,0.0,0.0,0.0,92.90572767806106,59.93917914713616,1005.67,1
2026-09-13T21:15:24.445301+00:00,1789334124.4453015,F_lat_centralus_rep1,r3-sub,F01,drain,0,0,0,0,0,1444147,1440347,106,307,494290598,194433255,1761.187,,,1,1.0003225803375244,1.999355047373987,0.0,,176/649ED578,176/649ED578,2.374039,2.379966,0.6,36.1,0.0,8385902.872620903,0.0,5.998065142121961,473.84714622763494,850.7255726576315,1005.67,1
2026-09-13T21:15:25.445733+00:00,1789334125.4457333,F_lat_centralus_rep1,r3-sub,F01,drain,0,0,0,0,0,1444149,1440347,106,307,494290598,194433255,1761.187,,,1,1.000431776046753,1.9991368206066802,0.0,,176/649ED578,176/649ED578,3.374290,3.380217,0.2,36.1,0.0,8384987.563217881,0.0,7.996547282426721,590.744930489274,263.8860603200818,1005.67,1
2026-09-13T21:15:26.446413+00:00,1789334126.4464138,F_lat_centralus_rep1,r3-sub,F01,drain,0,0,0,0,0,1444151,1440347,106,307,494290598,194433255,1761.187,,,1,1.0006804466247559,1.9986400321360311,0.0,,176/649ED578,176/649ED578,4.375244,4.381171,0.6,36.1,0.0,3213173.6068644547,0.0,6.995240112476109,182.87556294044686,125.91432202456996,1005.67,1
2026-09-13T21:15:27.447097+00:00,1789334127.4470978,F_lat_centralus_rep1,r3-sub,F01,drain,0,0,0,0,0,1444153,1440347,106,307,494290598,194433255,1761.187,,,1,1.0006840229034424,1.9986328893281264,0.0,,176/649ED578,176/649ED578,5.375556,5.381483,0.0,36.1,0.0,5239296.201400324,0.0,2.9979493339921897,290.8010853972424,724.5044223814458,1005.67,1
2026-09-13T21:15:28.448119+00:00,1789334128.4481194,F_lat_centralus_rep1,r3-sub,F01,drain,0,0,0,0,0,1444155,1440347,106,307,494290598,194433255,1761.187,,,1,1.0010216236114502,1.9979588380763156,0.0,,176/649ED578,176/649ED578,6.376656,6.382583,0.4,36.1,0.0,8380046.746378843,0.0,5.993876514228947,182.81323368398287,125.87140679880788,1005.67,1
2026-09-13T21:15:29.449439+00:00,1789334129.449439,F_lat_centralus_rep1,r3-sub,F01,drain,0,0,0,0,0,1444157,1440347,106,307,494290598,194433255,1761.187,,,1,1.0013196468353271,1.9973641846746983,0.0,,176/649ED578,176/649ED578,7.378231,7.384158,0.2,36.0,0.0,8377552.589237826,0.0,5.992092554024095,324.57168000963844,210.72192148318067,1005.67,1
2026-09-13T21:15:30.450625+00:00,1789334130.450625,F_lat_centralus_rep1,r3-sub,F01,drain,0,0,0,0,0,1444159,1440347,106,307,494290598,194433255,1761.187,,,1,1.0011858940124512,1.9976310213327149,0.0,,176/649ED578,176/649ED578,8.379153,8.385080,0.6,36.0,0.0,122734.449950682,0.0,9.988155106663575,473.4385520558534,849.9919995770701,1005.67,1
2026-09-13T21:15:31.451035+00:00,1789334131.451036,F_lat_centralus_rep1,r3-sub,F01,drain,0,0,0,0,0,1444161,1440347,106,307,494290598,194433255,1761.187,,,1,1.000411033630371,1.9991782704977183,0.0,,176/649ED578,176/649ED578,9.379682,9.385609,0.0,36.0,0.0,2915153.773761281,0.0,29.987674057465775,3045.748095103274,16096.38384491238,1005.67,1
2026-09-13T21:15:32.452222+00:00,1789334132.452222,F_lat_centralus_rep1,r3-sub,F01,drain,0,0,0,0,0,1444163,1440347,106,307,494290598,194433255,1761.187,,,1,1.0011861324310303,1.997630545624618,0.0,,176/649ED578,176/649ED578,10.381023,10.386950,0.6,36.0,0.0,8456401.587826863,0.0,8.98933745531078,182.78319492465255,125.85072437435093,1005.67,1
