sample_time,epoch,run_id,host,level_id,phase_state,clients,rows_per_commit,row_bytes,target_wal_mbps,network_latency_ms,xact_commit,tup_inserted,tup_updated,tup_deleted,blks_read,blks_hit,blk_write_time_ms,db_stats_reset,row_count,apply_workers,interval_sec,commits_per_sec,rows_applied_per_sec,row_count_delta,received_lsn,latest_end_lsn,msg_send_age_sec,msg_receipt_age_sec,cpu_pct,mem_used_pct,disk_read_bytes_per_sec,disk_write_bytes_per_sec,disk_read_iops,disk_write_iops,net_sent_bytes_per_sec,net_recv_bytes_per_sec,data_volume_free_gb,db_connected
2026-09-13T21:15:33.453584+00:00,1789334133.4525802,F_lat_centralus_rep2,r3-sub,idle,idle,0,0,0,0,0,1444165,1440347,106,307,494290598,194433255,1761.187,,,1,1.0003581047058105,1.9992840469745266,0.0,,176/649ED5B0,176/649ED5B0,0.976841,0.983014,0.2,36.0,0.0,0.0,0.0,0.0,645.768747172772,1416.492747281452,1005.67,1
2026-09-13T21:15:34.454450+00:00,1789334134.4544508,F_lat_centralus_rep2,r3-sub,idle,idle,0,0,0,0,0,1444167,1440347,106,307,494290598,194433255,1761.187,,,1,1.0018706321716309,1.996265721118951,0.0,,176/649ED5B0,176/649ED5B0,1.977840,1.984013,0.4,36.0,0.0,8372945.2991521,0.0,4.990664302797377,1494.2048922575348,2678.9885977416325,1005.67,1
2026-09-13T21:15:35.454804+00:00,1789334135.4548042,F_lat_centralus_rep2,r3-sub,idle,idle,0,0,0,0,0,1444171,1440347,106,307,494290598,194433290,1761.187,,,1,1.0003533363342285,3.998587153872957,0.0,,176/649ED5B0,176/649ED5B0,2.978831,2.985004,0.2,36.0,0.0,769776.0101663908,0.0,0.9996467884682393,1304.5390589510523,1127.601577392174,1005.67,1
2026-09-13T21:15:36.455773+00:00,1789334136.4557736,F_lat_centralus_rep2,r3-sub,F01,reset,16,1,1000,6,0.1,1444184,1440347,113,307,494290598,194450328,1761.187,,,1,1.000969409942627,12.98740987573749,0.0,,176/649F47A8,176/649F47A8,0.383495,0.389586,12.1,36.0,4092.0331423862117,470583.81137441436,0.9990315289028837,29.970945867086513,3569.5396527700036,3960.1609805710314,1007.59,1
2026-09-13T21:15:37.457171+00:00,1789334137.457172,F_lat_centralus_rep2,r3-sub,F01,reset,16,1,1000,6,0.1,1444186,1440347,113,307,494290598,194450328,1761.187,,,1,1.0013983249664307,1.9972072552318727,0.0,,176/649F47A8,176/649F47A8,1.384755,1.390846,0.0,36.0,0.0,0.0,0.0,0.0,2484.52582550845,327.54198985802714,1007.59,1
2026-09-13T21:15:38.457367+00:00,1789334138.457368,F_lat_centralus_rep2,r3-sub,F01,reset,16,1,1000,6,0.1,1444188,1440347,113,307,494290598,194450328,1761.187,,,1,1.0001959800720215,1.9996081166572828,0.0,,176/649F47A8,176/649F47A8,2.385158,2.391249,1.0,36.0,0.0,32761.57938331292,0.0,5.998824349971848,182.96414267414139,125.97531134940881,1007.59,1
2026-09-13T21:15:39.457775+00:00,1789334139.4577756,F_lat_centralus_rep2,r3-sub,F01,drain,0,0,0,0,0,1444190,1440347,113,307,494290598,194450328,1761.187,,,1,1.0004076957702637,1.999184940755679,0.0,,176/649F47A8,176/649F47A8,3.385325,3.391416,0.2,36.0,0.0,94169.6074493555,0.0,4.997962351889198,290.8814088799513,1074.5619056561775,1007.59,1
2026-09-13T21:15:40.458985+00:00,1789334140.458986,F_lat_centralus_rep2,r3-sub,F01,drain,0,0,0,0,0,1444192,1440347,113,307,494290598,194450328,1761.187,,,1,1.0012104511260986,1.997582024588862,0.0,,176/649F47A8,176/649F47A8,4.386546,4.392637,0.8,36.0,0.0,0.0,0.0,0.0,182.77875524988087,211.74369460641938,1007.59,1
2026-09-13T21:15:41.459856+00:00,1789334141.4598563,F_lat_centralus_rep2,r3-sub,F01,drain,0,0,0,0,0,1444194,1440347,113,307,494290598,194450328,1761.187,,,1,1.0008702278137207,1.9982610576485593,0.0,,176/649F47A8,176/649F47A8,5.387371,5.393462,0.4,36.0,0.0,73663.89562915648,0.0,10.990435817067077,0.0,0.0,1007.59,1
2026-09-13T21:15:42.460330+00:00,1789334142.46033,F_lat_centralus_rep2,r3-sub,F01,drain,0,0,0,0,0,1444196,1440347,113,307,494290598,194450328,1761.187,,,1,1.0004737377166748,1.99905297320896,0.0,,176/649F47A8,176/649F47A8,6.387820,6.393911,1.0,36.0,0.0,32752.4839130556,0.0,4.9976324330224005,473.77555465052353,1200.4313104119806,1007.59,1
2026-09-13T21:15:43.460412+00:00,1789334143.4604127,F_lat_centralus_rep2,r3-sub,F01,drain,0,0,0,0,0,1444198,1440347,113,307,494290598,194450328,1761.187,,,1,1.0000827312469482,1.9998345511938895,0.0,,176/649F47A8,176/649F47A8,7.387870,7.393961,0.2,36.0,0.0,8191.3223216901715,0.0,0.9999172755969448,0.0,0.0,1007.59,1
2026-09-13T21:15:44.461424+00:00,1789334144.4614248,F_lat_centralus_rep2,r3-sub,F01,drain,0,0,0,0,0,1444200,1440347,113,307,494290598,194450328,1761.187,,,1,1.0010120868682861,1.9979778728317807,0.0,,176/649F47A8,176/649F47A8,8.388932,8.395023,0.6,36.0,0.0,20459.293417797435,0.0,2.996966809247671,182.81497536410794,125.87260598840219,1007.59,1
2026-09-13T21:15:45.461528+00:00,1789334145.4615285,F_lat_centralus_rep2,r3-sub,F01,drain,0,0,0,0,0,1444202,1440347,113,307,494290598,194450328,1761.187,,,1,1.0001037120819092,1.9997925973463426,0.0,,176/649F47A8,176/649F47A8,9.389090,9.395181,0.2,36.0,0.0,69624.77906921027,0.0,5.999377792039028,290.96982291389287,1074.8885210736591,1007.59,1
2026-09-13T21:15:46.462375+00:00,1789334146.4623754,F_lat_centralus_rep2,r3-sub,F01,drain,0,0,0,0,0,1444204,1440347,113,307,494290598,194450328,1761.187,,,1,1.0008468627929688,1.9983077075535702,0.0,,176/649F47A8,176/649F47A8,10.389890,10.395981,0.4,36.0,0.0,122776.02555209135,0.0,12.989000099098206,3320.1882561002567,16275.217124170053,1007.59,1
2026-09-13T21:15:47.463555+00:00,1789334147.4635553,F_lat_centralus_rep2,r3-sub,F01,drain,0,0,0,0,0,1444206,1440347,113,307,494290598,194450328,1761.187,,,1,1.0011799335479736,1.9976429141087713,0.0,,176/649F47A8,176/649F47A8,11.391035,11.397126,0.0,36.0,0.0,0.0,0.0,0.0,0.0,0.0,1007.59,1
2026-09-13T21:15:48.464464+00:00,1789334148.464465,F_lat_centralus_rep2,r3-sub,F01,drain,0,0,0,0,0,1444208,1440347,113,307,494290598,194450328,1761.187,,,1,1.0009095668792725,1.9981825193616474,0.0,,176/649F47A8,176/649F47A8,12.391998,12.398089,0.6,36.0,0.0,908485.6715228892,0.0,144.86823265371945,473.56925708871046,1199.9086028766692,1007.59,1
2026-09-13T21:15:49.464933+00:00,1789334149.4649336,F_lat_centralus_rep2,r3-sub,F01,drain,0,0,0,0,0,1444210,1440347,113,307,494290598,194450328,1761.187,,,1,1.0004687309265137,1.9990629773584636,0.0,,176/649F47A8,176/649F47A8,13.392353,13.398444,0.0,36.0,0.0,36846.7287986712,0.0,4.997657443396159,437.7947920415035,2477.8385604358155,1007.59,1
2026-09-13T21:15:50.466684+00:00,1789334150.4666848,F_lat_centralus_rep2,r3-sub,F01,drain,0,0,0,0,0,1444212,1440347,113,307,494290598,194450328,1761.187,,0,1,1.001751184463501,1.996503753645295,0.0,,176/649F47A8,176/649F47A8,14.394734,14.400825,0.4,36.0,0.0,0.0,0.0,0.0,182.6800934585445,125.77973647965358,1007.59,1
2026-09-13T21:15:51.467326+00:00,1789334151.4673262,F_lat_centralus_rep2,r3-sub,F01,drain,0,0,0,0,0,1444214,1440347,113,307,494290598,194450328,1761.187,,,1,1.0006413459777832,1.9987181301664954,0.0,,176/649F47A8,176/649F47A8,15.394962,15.401053,0.0,36.0,0.0,122801.24191742948,0.0,9.993590650832477,290.81348793922507,1074.3109949644913,1007.59,1
2026-09-13T21:15:52.467720+00:00,1789334152.4677205,F_lat_centralus_rep2,r3-sub,F01,drain,0,0,0,0,0,1444219,1440347,113,307,494290602,194450428,1761.187,,,1,1.000394344329834,4.998029055581586,0.0,,176/649F47A8,176/649F47A8,16.395484,16.401575,0.4,36.0,0.0,40943.854023324355,0.0,5.997634866697903,2669.947121491683,453.821038246808,1007.59,1
2026-09-13T21:15:53.468619+00:00,1789334153.468619,F_lat_centralus_rep2,r3-sub,F01,drain,0,0,0,0,0,1444221,1440347,113,307,494290602,194450428,1761.187,,,1,1.0008985996246338,1.9982044142634012,0.0,,176/649F47A8,176/649F47A8,17.396066,17.402157,0.0,36.0,0.0,24553.935842468676,0.0,3.9964088285268025,0.0,0.0,1007.59,1
2026-09-13T21:15:54.469930+00:00,1789334154.4699304,F_lat_centralus_rep2,r3-sub,F01,drain,0,0,0,0,0,1444223,1440347,113,307,494290602,194450428,1761.187,,,1,1.0013113021850586,1.9973808301530263,0.0,,176/649F47A8,176/649F47A8,18.397472,18.403563,6.0,36.0,0.0,0.0,0.0,0.0,473.37925674626723,1199.4271885068922,1007.59,1
2026-09-13T21:15:55.470277+00:00,1789334155.4702778,F_lat_centralus_rep2,r3-sub,F01,drain,0,0,0,0,0,1444225,1440347,113,307,494290602,194450428,1761.187,,,1,1.000347375869751,1.9993054895166813,0.0,,176/649F47A8,176/649F47A8,19.397990,19.404081,0.0,36.0,0.0,32756.621140241306,0.0,4.998263723791703,0.0,0.0,1007.59,1
2026-09-13T21:15:56.471454+00:00,1789334156.4714546,F_lat_centralus_rep2,r3-sub,F01,drain,0,0,0,0,0,1444227,1440347,113,307,494290602,194450428,1761.187,,,1,1.0011768341064453,1.9976490984082833,0.0,,176/649F47A8,176/649F47A8,20.398995,20.405086,1.0,36.0,0.0,53185.40959602214,0.0,6.991771844428992,275.6755755803431,185.78136615197036,1007.59,1
2026-09-13T21:15:57.471879+00:00,1789334157.4718795,F_lat_centralus_rep2,r3-sub,F01,drain,0,0,0,0,0,1444229,1440347,113,307,494290602,194450428,1761.187,,,1,1.000424861907959,1.9991506370460472,0.0,,176/649F47E0,176/649F47E0,0.616426,0.622286,0.0,36.0,0.0,4094.2605046703047,0.0,0.9995753185230236,383.83692231284107,1211.4852860499045,1007.59,1
2026-09-13T21:15:58.472950+00:00,1789334158.4729507,F_lat_centralus_rep2,r3-sub,F01,drain,0,0,0,0,0,1444231,1440347,113,307,494290602,194450428,1761.187,,,1,1.0010712146759033,1.9978598631941482,0.0,,176/649F47E0,176/649F47E0,1.617466,1.623326,0.4,36.0,0.0,0.0,0.0,0.0,182.80417748226455,125.86517138123133,1007.59,1
2026-09-13T21:15:59.474284+00:00,1789334159.4742482,F_lat_centralus_rep2,r3-sub,F01,drain,0,0,0,0,0,1444233,1440347,113,307,494290602,194450428,1761.187,,,1,1.0012974739074707,1.9974084146993651,0.0,,176/649F8DE8,176/649F8DE8,0.033811,0.039633,0.0,36.0,0.0,36816.2318997387,0.0,4.993521036748413,92.87949128352048,136.8224764069065,1007.59,1
2026-09-13T21:16:00.475410+00:00,1789334160.4754102,F_lat_centralus_rep2,r3-sub,F01,drain,0,0,0,0,0,1444235,1440347,113,307,494290602,194450428,1761.187,,,1,1.001162052154541,1.9976785932865908,0.0,,176/649FBF78,176/649FBF78,0.833262,0.839102,0.4,36.0,0.0,45003.70334956032,0.0,6.991875076503068,566.3418811967485,1336.4469789087293,1007.59,1
2026-09-13T21:16:01.476406+00:00,1789334161.4764066,F_lat_centralus_rep2,r3-sub,F01,drain,0,0,0,0,0,1444237,1440347,113,307,494290602,194450428,1761.187,,,1,1.0009963512420654,1.998009280971246,0.0,,176/649FBF78,176/649FBF78,1.834271,1.840111,0.4,36.0,0.0,69562.6911262949,0.0,2.997013921456869,3678.335086268064,16291.767677039541,1007.59,1
2026-09-13T21:16:02.477404+00:00,1789334162.4774046,F_lat_centralus_rep2,r3-sub,F01,drain,0,0,0,0,0,1444239,1440347,113,307,494290602,194450428,1761.187,,,1,1.0009980201721191,1.9980059497581273,0.0,,176/649FBF78,176/649FBF78,2.835298,2.841138,0.6,36.0,0.0,155492.8150339765,0.0,15.984047598065018,0.0,0.0,1007.59,1
2026-09-13T21:16:03.478201+00:00,1789334163.4782016,F_lat_centralus_rep2,r3-sub,F01,drain,0,0,0,0,0,1444241,1440347,113,307,494290602,194450428,1761.187,,,1,1.0007970333099365,1.9984072028924775,0.0,,176/649FBF78,176/649FBF78,3.836039,3.841879,0.4,36.0,0.0,36834.64156371415,0.0,4.996018007231194,473.6225070855172,1200.0435253369328,1007.59,1
2026-09-13T21:16:04.479182+00:00,1789334164.479182,F_lat_centralus_rep2,r3-sub,F01,drain,0,0,0,0,0,1444243,1440347,113,307,494290602,194450428,1761.187,,,1,1.0009803771972656,1.998041166001654,0.0,,176/649FBF78,176/649FBF78,4.837096,4.842936,0.4,36.0,0.0,151403.56739494132,0.0,31.968658656026463,545.4652383184515,2536.5132602390995,1007.59,1
2026-09-13T21:16:05.480174+00:00,1789334165.4801745,F_lat_centralus_rep2,r3-sub,F01,drain,0,0,0,0,0,1444245,1440347,113,307,494290602,194450428,1761.187,,,1,1.0009925365447998,1.9980168952143722,0.0,,176/649FBF78,176/649FBF78,5.838115,5.843955,0.0,36.0,0.0,0.0,0.0,0.0,182.81854591211507,125.87506439850546,1007.59,1
2026-09-13T21:16:06.480282+00:00,1789334166.480282,F_lat_centralus_rep2,r3-sub,F01,drain,0,0,0,0,0,1444249,1440347,113,307,494290602,194450735,1761.187,,,1,1.0001075267791748,3.9995699391263613,0.0,,176/649FBF78,176/649FBF78,6.838228,6.844068,0.8,36.0,0.0,106484.55005930025,0.0,9.998924847815903,1569.8312011070968,1994.7855071392728,1007.59,1
2026-09-13T21:16:07.480950+00:00,1789334167.4809504,F_lat_centralus_rep2,r3-sub,F01,drain,0,0,0,0,0,1444313,1440409,113,307,494290602,194451112,1761.41,,,1,1.0006682872772217,63.95725817807361,61.95859386000881,,176/64F01FD0,176/64F01FD0,0.130861,0.129130,1.7,36.0,0.0,9353109.435961485,0.0,42.97128283839321,226421.685268448,5269750.292925103,1007.58,1
2026-09-13T21:16:08.482295+00:00,1789334168.4822958,F_lat_centralus_rep2,r3-sub,F01,drain,0,0,0,0,0,1448959,1445053,113,307,494290602,194492335,1767.472,,,1,1.0013453960418701,4639.75768837083,4637.760375547597,,176/65623FD0,176/65623FD0,0.038749,0.036575,2.9,36.0,0.0,7461065.911454597,0.0,14.979846174249342,321503.45053020905,7455968.769129706,1007.58,1
2026-09-13T21:16:09.483486+00:00,1789334169.4834867,F_lat_centralus_rep2,r3-sub,F01,load,16,1,1000,6,0.1,1453710,1449802,113,307,494290602,194536728,1774.067,,,1,1.0011909008026123,4745.348760352621,4743.35113932111,,176/65D5BC00,176/65D5BC00,0.034946,0.033516,2.9,36.0,0.0,15513556.892645177,0.0,25.96907340963337,338384.0182011331,7621904.068327595,1007.57,1
2026-09-13T21:16:10.484525+00:00,1789334170.4845257,F_lat_centralus_rep2,r3-sub,F01,load,16,1,1000,6,0.1,1458956,1455046,113,307,494290602,194585740,1781.593,,,1,1.0010390281677246,5240.554915827947,5238.556991727364,,176/66515D18,176/66515D18,0.007501,0.004077,3.9,36.0,0.0,16993031.761344925,0.0,28.969899458446523,346994.46297892043,8038624.642566608,1007.56,1
2026-09-13T21:16:11.485769+00:00,1789334171.4857697,F_lat_centralus_rep2,r3-sub,F01,load,16,1,1000,6,0.1,1464416,1460504,113,307,494290602,194636775,1788.996,,,1,1.001244068145752,5453.2158278966035,5451.21831294133,,176/66C51FD0,176/66C51FD0,0.027193,0.025526,6.4,36.1,0.0,8386366.788220183,0.0,20.973907030371553,335064.1573550514,7685053.270028351,1007.56,1
2026-09-13T21:16:12.486816+00:00,1789334172.4868164,F_lat_centralus_rep2,r3-sub,F01,load,16,1,1000,6,0.1,1469685,1465815,126,358,494290602,194697624,1796.291,,,1,1.0010466575622559,5263.490927416954,5305.447013761898,,176/67319C18,176/67319C18,0.099855,0.099391,7.8,36.0,0.0,17623026.725807596,0.0,43.953995218513185,324395.4690291791,7176534.625763154,1007.55,1
2026-09-13T21:16:13.487300+00:00,1789334173.4873002,F_lat_centralus_rep2,r3-sub,F01,load,16,1,1000,6,0.1,1474463,1470591,126,358,494290602,194742278,1802.622,,,1,1.000483751296997,4775.689753887501,4773.690720922291,,176/67A5BCF8,176/67A5BCF8,0.089811,0.085900,3.1,36.0,0.0,12187896.089459058,0.0,29.985494478155093,327861.3966241478,7530336.190101215,1007.54,1
2026-09-13T21:16:14.488604+00:00,1789334174.4886043,F_lat_centralus_rep2,r3-sub,F01,load,16,1,1000,6,0.1,1479391,1475517,126,358,494290602,194788404,1809.207,,,1,1.0013041496276855,4921.581521291384,4919.584126193457,,176/6810FB78,176/6810FB78,0.121965,0.120090,2.9,36.0,0.0,7297746.6464281175,0.0,15.979160783413583,303465.2359255522,7047684.7645382825,1007.54,1
2026-09-13T21:16:15.489572+00:00,1789334175.4895728,F_lat_centralus_rep2,r3-sub,F01,load,16,1,1000,6,0.1,1483876,1480000,126,358,494290602,194830281,1814.43,,,1,1.0009684562683105,4480.660676082076,4478.662611120612,,176/6877AF58,176/6874FE00,0.000511,-0.000226,1.8,36.0,0.0,14469442.977249721,0.0,20.97968209536758,317758.26501643733,7683940.4397158325,1007.53,1
2026-09-13T21:16:16.490481+00:00,1789334176.4904811,F_lat_centralus_rep2,r3-sub,F01,load,16,1,1000,6,0.1,1488318,1484440,126,358,494290602,194871747,1820.235,,,1,1.000908374786377,4437.968661165466,4435.970476266247,,176/68E86000,176/68E86000,0.003771,0.002126,3.1,36.0,0.0,16745620.700373549,0.0,29.972773488285455,288555.88311132096,6615119.991790599,1007.53,1
2026-09-13T21:16:17.492005+00:00,1789334177.492005,F_lat_centralus_rep2,r3-sub,F01,load,16,1,1000,6,0.1,1492526,1488646,126,358,494290602,194911027,1826.045,,,1,1.0015239715576172,4201.5968858493925,4199.599929154597,,176/69413BD8,176/69413BD8,0.083925,0.080695,2.1,36.0,0.0,14510494.419218149,0.0,20.968045295351057,246967.62835872913,5897428.486723153,1007.52,1
2026-09-13T21:16:18.493041+00:00,1789334178.4930415,F_lat_centralus_rep2,r3-sub,F01,load,16,1,1000,6,0.1,1496634,1492752,126,358,494290602,194949382,1831.05,,,1,1.0010364055633545,4103.746853929989,4101.7489245950665,,176/69A2DD98,176/69A2DD98,0.053544,0.050243,2.7,36.0,0.0,6407695.029223434,0.0,14.984470011915732,274938.0526726322,6453502.554049861,1007.52,1
2026-09-13T21:16:19.494420+00:00,1789334179.49442,F_lat_centralus_rep2,r3-sub,F01,load,16,1,1000,6,0.1,1500726,1496842,126,358,494290602,194987597,1836.283,,,1,1.0013785362243652,4086.3667953465715,4084.3695486235283,,176/69F4FFC8,176/69F4FFC8,0.152416,0.152202,1.9,36.0,0.0,13960403.078649342,0.0,20.971090591954546,237818.15905293368,5405665.094849963,1007.51,1
2026-09-13T21:16:20.494600+00:00,1789334180.4946003,F_lat_centralus_rep2,r3-sub,F01,load,16,1,1000,6,0.1,1504629,1500743,126,358,494290602,195024069,1842.185,,61190,1,1.0001802444458008,3902.2966327060876,3900.296993130015,61190,176/6A603DA0,176/6A511DF0,-0.001296,-0.000216,2.7,36.0,0.0,14538179.573879754,0.0,19.996395760728095,294504.91712442733,7063781.792565541,1007.5,1
2026-09-13T21:16:21.495927+00:00,1789334181.4959276,F_lat_centralus_rep2,r3-sub,F01,load,16,1,1000,6,0.1,1508605,1504717,126,358,494290602,195061274,1847.763,,,1,1.0013272762298584,3970.7297447945425,3968.732395828348,,176/6AB1BFF8,176/6AB1BFF8,0.110530,0.110286,1.4,36.0,0.0,6520369.668329337,0.0,17.97614069574994,219509.6500592518,5243369.600165338,1007.5,1
2026-09-13T21:16:22.497275+00:00,1789334182.497275,F_lat_centralus_rep2,r3-sub,F01,load,16,1,1000,6,0.1,1512501,1508608,126,358,494290602,195108650,1852.596,,,1,1.001347541809082,3890.7570422166327,3885.7637708585517,,176/6B103D50,176/6B103D50,0.085460,0.081316,2.5,36.0,0.0,14688942.036474667,0.0,21.970393975555936,252926.17140941476,6136166.259417956,1007.49,1
2026-09-13T21:16:23.498307+00:00,1789334183.4983075,F_lat_centralus_rep2,r3-sub,F01,load,16,1,1000,6,0.1,1516635,1512740,126,358,494290602,195147280,1857.903,,,1,1.0010323524475098,4129.736656255344,4127.738718830934,,176/6B68DA50,176/6B631DB8,0.001822,-0.000187,2.1,36.0,0.0,13412841.220537918,0.0,17.981436819689453,273929.2085111491,6477338.104154827,1007.49,1
2026-09-13T21:16:24.499865+00:00,1789334184.4998653,F_lat_centralus_rep2,r3-sub,F01,load,16,1,1000,6,0.1,1516637,1512740,126,358,494290602,195147280,1857.903,,,1,1.0015578269958496,1.9968891921088125,0.0,,176/6BC59CC8,176/6BC59CC8,0.106661,0.102650,2.1,36.0,0.0,14710395.748383537,0.0,21.96578111319694,219531.0086682705,5444363.623372289,1007.48,1
2026-09-13T21:16:25.501895+00:00,1789334185.5018957,F_lat_centralus_rep2,r3-sub,F01,load,16,1,1000,6,0.1,1520767,1516868,126,358,494290602,195185851,1863.17,,,1,1.002030372619629,4121.631552148319,4119.635604665439,,176/6C203FF0,176/6C203FF0,0.123836,0.120355,1.6,36.0,0.0,6409514.297664901,0.0,13.971632380163795,239902.90770482676,6001757.196518528,1007.48,1
2026-09-13T21:16:26.503017+00:00,1789334186.5030172,F_lat_centralus_rep2,r3-sub,F01,load,16,1,1000,6,0.1,1525044,1521143,126,358,494290602,195225780,1868.217,,,1,1.0011215209960938,4272.208628323642,4270.210868852834,,176/6C80FBD0,176/6C80FBD0,0.059190,0.060123,1.9,36.0,0.0,14561333.159130918,0.0,25.970873120508465,268106.3131406275,6416384.889627264,1007.47,1
2026-09-13T21:16:27.504406+00:00,1789334187.5044067,F_lat_centralus_rep2,r3-sub,F01,load,16,1,1000,6,0.1,1528673,1524770,126,358,494290602,195259659,1872.869,,,1,1.001389503479004,3623.964488735116,3621.967263885992,,176/6CE43F10,176/6CE43F10,0.033901,0.030055,1.8,36.0,0.0,15759989.439844271,0.0,25.963923038609263,270748.7936093437,6581637.791391318,1007.47,1
2026-09-13T21:16:28.505646+00:00,1789334188.505647,F_lat_centralus_rep2,r3-sub,F01,load,16,1,1000,6,0.1,1532862,1528957,126,358,494290602,195298764,1878.615,,,1,1.0012402534484863,4183.8110139621185,4181.813491396369,,176/6D40BFC0,176/6D40BFC0,0.064799,0.061110,2.1,36.0,0.0,6169116.731699395,0.0,11.9851353944964,257587.52618236525,6133402.026985079,1007.46,1
2026-09-13T21:16:29.505783+00:00,1789334189.5057838,F_lat_centralus_rep2,r3-sub,F01,load,16,1,1000,6,0.1,1537451,1533544,126,358,494290602,195341602,1884.145,,,1,1.0001368522644043,4588.372070892169,4586.372344559246,,176/6DA47C80,176/6DA47C80,0.035613,0.031214,2.5,36.0,0.0,14809109.33985303,0.0,21.996989662154657,272687.6820732331,6606046.947516471,1007.46,1
2026-09-13T21:16:30.506861+00:00,1789334190.506837,F_lat_centralus_rep2,r3-sub,F01,load,16,1,1000,6,0.1,1541668,1537758,126,358,494290602,195381006,1889.633,,,1,1.0010530948638916,4212.563770729229,4209.566926690294,,176/6DFFFE48,176/6DFFFE48,0.006474,0.007811,2.1,36.0,0.0,8261124.252479743,0.0,63.932672830607224,241635.53485930598,6063324.74385414,1007.45,1
2026-09-13T21:16:31.507912+00:00,1789334191.5079122,F_lat_centralus_rep2,r3-sub,F01,load,16,1,1000,6,0.1,1546267,1542356,126,358,494290602,195423950,1895.668,,,1,1.001075267791748,4594.060155081887,4593.06122919472,,176/6E657B40,176/6E657B40,0.050404,0.046726,8.2,36.0,0.0,10065337.067238512,0.0,28.968850727848388,297105.5319907002,6747814.292626441,1007.44,1
2026-09-13T21:16:32.508592+00:00,1789334192.5085924,F_lat_centralus_rep2,r3-sub,F01,load,16,1,1000,6,0.1,1550467,1546554,126,358,494290602,195463161,1901.372,,,1,1.0006802082061768,4197.145067482584,4195.146426974259,,176/6EC93C18,176/6EC93C18,0.038072,0.033821,3.3,36.0,0.0,6270806.545928113,0.0,21.98504559157544,282947.5367635759,6617821.503506302,1007.44,1
2026-09-13T21:16:33.509635+00:00,1789334193.5096352,F_lat_centralus_rep2,r3-sub,F01,load,16,1,1000,6,0.1,1554731,1550816,126,358,494290602,195502970,1906.56,,,1,1.0010428428649902,4259.557950383431,4257.560033896383,,176/6F229DA0,176/6F229DA0,0.127436,0.125614,1.8,36.0,0.0,15765447.115961738,0.0,30.967705549222874,258180.75803860166,5898616.669692699,1007.44,1
2026-09-13T21:16:34.510947+00:00,1789334194.5109472,F_lat_centralus_rep2,r3-sub,F01,load,16,1,1000,6,0.1,1559166,1555249,126,358,494290602,195544379,1911.663,,,1,1.001312017440796,4429.188827010384,4427.191447606997,,176/6F86FCA8,176/6F86FCA8,0.114424,0.113463,2.5,36.0,0.0,14636284.938891716,0.0,20.972483735562133,278352.7962765908,6628880.7927869065,1007.43,1
2026-09-13T21:16:35.511306+00:00,1789334195.511307,F_lat_centralus_rep2,r3-sub,F01,load,16,1,1000,6,0.1,1563408,1559489,126,358,494290602,195583995,1916.647,,,1,1.0003597736358643,4240.47438911124,4238.475108399731,,176/6FEC5E50,176/6FEC5E50,0.082014,0.080816,1.8,36.0,0.0,15317625.122316938,0.0,24.991008893866336,276257.60979528876,6683076.605230977,1007.42,1
2026-09-13T21:16:36.512507+00:00,1789334196.5125074,F_lat_centralus_rep2,r3-sub,F01,load,16,1,1000,6,0.1,1567793,1563871,126,358,494290602,195624931,1922.586,,,1,1.0012004375457764,4379.742392790866,4376.745989785535,,176/7054FDE8,176/7054FDE8,0.019228,0.017071,2.5,36.0,0.0,7273956.070027212,0.0,17.97841803198075,298771.34366146673,6875709.140593793,1007.42,1
2026-09-13T21:16:37.513706+00:00,1789334197.5137064,F_lat_centralus_rep2,r3-sub,F01,load,16,1,1000,6,0.1,1572036,1568113,126,358,494290602,195664616,1928.934,,,1,1.0011990070343018,4237.918705661114,4236.919903232251,,176/70AF91F8,176/70AA5FE0,0.001200,-0.000218,2.1,36.0,0.0,13426972.964965627,0.0,17.978443719514505,289960.33551804535,6530268.162537241,1007.41,1
2026-09-13T21:16:38.514886+00:00,1789334198.5148866,F_lat_centralus_rep2,r3-sub,F01,load,16,1,1000,6,0.1,1576234,1572309,126,358,494290602,195703866,1934.612,,,1,1.0011801719665527,4193.051478191126,4191.053835752731,,176/71135E80,176/71135E80,0.103258,0.097549,2.7,36.0,0.0,16029210.774797618,0.0,23.971709260740123,240235.48082016472,5907605.010177522,1007.41,1
2026-09-13T21:16:39.515810+00:00,1789334199.5158107,F_lat_centralus_rep2,r3-sub,F01,load,16,1,1000,6,0.1,1580631,1576704,126,358,494290602,195744941,1940.789,,,1,1.0009241104125977,4392.940437999324,4390.942284513765,,176/7177DF00,176/7177DF00,0.073815,0.069547,2.3,36.0,0.0,6236540.7477564085,0.0,11.988920913348165,295586.845118599,6604900.342819031,1007.4,1
2026-09-13T21:16:40.517302+00:00,1789334200.517302,F_lat_centralus_rep2,r3-sub,F01,load,16,1,1000,6,0.1,1584761,1580832,126,358,494290602,195783533,1945.775,,,1,1.0014913082122803,4123.8500685265935,4121.853046701642,,176/71DB9EF8,176/71DB9EF8,0.058139,0.053210,2.3,36.0,0.0,15496633.742836608,0.0,23.96426189942815,263630.8451556091,6496683.442629421,1007.4,1
2026-09-13T21:16:41.518440+00:00,1789334201.518441,F_lat_centralus_rep2,r3-sub,F01,load,16,1,1000,6,0.1,1589078,1585147,126,358,494290602,195827412,1951.444,,,1,1.0011389255523682,4312.088851822577,4310.091127082331,,176/723C6908,176/72323E58,0.003152,-0.000184,2.1,36.0,0.0,14683820.22194285,0.0,24.971559253084187,277768.64219575666,6740626.927753001,1007.39,1
2026-09-13T21:16:42.518780+00:00,1789334202.5187805,F_lat_centralus_rep2,r3-sub,F01,load,16,1,1000,6,0.1,1593227,1589294,126,358,494290602,195870337,1956.977,,,1,1.0003395080566406,4147.591859148162,4145.592537933822,,176/7295FBC8,176/7295FBC8,0.139608,0.134889,2.5,36.0,0.0,13741510.646425126,0.0,19.99321214339919,229317.14498175288,5444772.455884652,1007.39,1
2026-09-13T21:16:43.519793+00:00,1789334203.519793,F_lat_centralus_rep2,r3-sub,F01,load,16,1,1000,6,0.1,1597348,1593413,126,358,494290602,195907243,1962.403,,,1,1.0010125637054443,4116.831445896453,4114.833468975368,,176/72F89FE8,176/72F89FE8,0.109602,0.105585,1.2,36.0,0.0,7488097.823920681,0.0,15.983815368683148,260810.91233618456,6466504.252492825,1007.38,1
2026-09-13T21:16:44.521205+00:00,1789334204.5212052,F_lat_centralus_rep2,r3-sub,F01,load,16,1,1000,6,0.1,1601789,1597852,126,358,494290602,195944491,1967.673,,,1,1.0014121532440186,4434.737471093824,4432.740291417583,,176/7362DFB8,176/73529FD8,0.003633,-0.000201,2.3,35.9,0.0,14389407.950882655,0.0,19.971796762413078,277117.66738702456,6968748.059820577,1007.38,1
2026-09-13T21:16:45.522093+00:00,1789334205.5220938,F_lat_centralus_rep2,r3-sub,F01,load,16,1,1000,6,0.1,1601791,1597852,126,358,494290602,195944491,1967.673,,,1,1.0008885860443115,1.9982244056797103,0.0,,176/73B4DBE8,176/73B4DBE8,0.135422,0.135847,1.4,35.9,0.0,14924849.986588474,0.0,23.978692868156525,221494.18335977034,5369593.654015418,1007.37,1
2026-09-13T21:16:46.522247+00:00,1789334206.5222473,F_lat_centralus_rep2,r3-sub,F01,load,16,1,1000,6,0.1,1605887,1601946,126,358,494290602,195978858,1973.185,,,1,1.0001535415649414,4095.3711902984255,4093.3714973344127,,176/74210000,176/74210000,0.003994,0.000658,2.7,35.9,2047.6855951492128,6259774.864371143,3.999385928025806,19.996929640129032,298654.1441753271,7141190.530430413,1007.36,1
2026-09-13T21:16:47.523893+00:00,1789334207.5238929,F_lat_centralus_rep2,r3-sub,F01,load,16,1,1000,6,0.1,1610417,1606474,126,358,494290602,196016850,1978.605,,,1,1.001645565032959,4522.557836963958,4520.561122687152,,176/74725F98,176/74725F98,0.142553,0.138692,1.6,35.9,0.0,14860410.228552468,0.0,21.96385704485807,222006.67358087178,5366121.697771545,1007.36,1
2026-09-13T21:16:48.525757+00:00,1789334208.525757,F_lat_centralus_rep2,r3-sub,F01,load,16,1,1000,6,0.1,1614516,1610571,126,358,494290602,196051192,1983.729,,,1,1.0018641948699951,4091.372883659046,4089.3766051112734,,176/74D47C58,176/74D47C58,0.112883,0.110530,8.4,35.9,0.0,14685455.449287895,0.0,21.95906402549378,263930.98121877917,6443493.073267965,1007.35,1
2026-09-13T21:16:49.526710+00:00,1789334209.5267107,F_lat_centralus_rep2,r3-sub,F01,load,16,1,1000,6,0.1,1618615,1614668,126,358,494290602,196085551,1988.216,,,1,1.0009536743164062,4095.094613443905,4093.0965189752815,,176/75324000,176/75324000,0.123343,0.123454,2.0,35.9,0.0,14706998.313437045,0.0,16.983802983299924,265942.3775848533,6181999.385961569,1007.35,1
2026-09-13T21:16:50.528522+00:00,1789334210.528522,F_lat_centralus_rep2,r3-sub,F01,load,16,1,1000,6,0.1,1622995,1619046,126,358,494290602,196122246,1994.185,,181633,1,1.0018112659454346,4372.080998576596,4370.084614558982,120443,176/7593BFE0,176/7593BFE0,0.144738,0.140826,4.4,35.9,0.0,6243283.752750957,0.0,13.97468812330419,261821.77114215685,6459764.648277054,1007.34,1
2026-09-13T21:16:51.529807+00:00,1789334211.5298076,F_lat_centralus_rep2,r3-sub,F01,load,16,1,1000,6,0.1,1626676,1622721,126,358,494290602,196162914,1997.973,,,1,1.0012855529785156,3676.273955067224,3670.2816584819475,,176/75F5BFA8,176/75F5BFA8,0.071260,0.067266,1.4,35.9,0.0,14636671.782993816,0.0,26.96533463374492,259951.8181658863,6494482.998037953,1007.34,1
2026-09-13T21:16:52.530996+00:00,1789334212.5309968,F_lat_centralus_rep2,r3-sub,F01,load,16,1,1000,6,0.1,1631247,1627287,126,358,494290602,196234505,2003.566,,,1,1.0011892318725586,4565.570478071066,4560.5764171674655,,176/76525F20,176/76525F20,0.100772,0.098411,2.5,35.9,0.0,14678991.275717907,0.0,20.975055795119747,278909.31215643015,6132255.326515041,1007.33,1
2026-09-13T21:16:53.532755+00:00,1789334213.5327556,F_lat_centralus_rep2,r3-sub,F01,load,16,1,1000,6,0.1,1635402,1631440,126,358,494290602,196269328,2009.089,,,1,1.0017588138580322,4147.704959039013,4145.708470490739,,176/76B51F10,176/76B51F10,0.075563,0.071057,1.7,35.9,0.0,7294434.447607041,0.0,15.971908386191146,264821.22875296813,6534052.81735572,1007.32,1
2026-09-13T21:16:54.533912+00:00,1789334214.5339127,F_lat_centralus_rep2,r3-sub,F01,load,16,1,1000,6,0.1,1639568,1635604,126,358,494290602,196304241,2014.158,,,1,1.0011570453643799,4161.185319815382,4159.187631231697,,176/77107E08,176/77107E08,0.124419,0.120598,1.9,35.9,0.0,14474899.884189136,0.0,19.97688583684773,242919.93062036022,6055132.936505113,1007.32,1
2026-09-13T21:16:55.534785+00:00,1789334215.5347853,F_lat_centralus_rep2,r3-sub,F01,load,16,1,1000,6,0.1,1644125,1640159,126,358,494290602,196342424,2019.475,,,1,1.0008726119995117,4553.026974028362,4551.0287177307855,,176/77739E98,176/77739E98,0.093387,0.088464,1.2,35.9,0.0,11229624.894566985,0.0,49.95640743941587,269533.80157047557,6571115.965358445,1007.31,1
2026-09-13T21:16:56.535966+00:00,1789334216.5359662,F_lat_centralus_rep2,r3-sub,F01,load,16,1,1000,6,0.1,1648305,1644337,126,358,494290602,196377450,2024.919,,,1,1.00118088722229,4175.06971352313,4173.072072511875,,176/77D6FB58,176/77D6FB58,0.062388,0.057642,2.3,35.9,0.0,17837495.928979818,0.0,36.9563587082191,257941.40029629052,6583022.1932079885,1007.31,1
2026-09-13T21:16:57.536662+00:00,1789334217.5366628,F_lat_centralus_rep2,r3-sub,F01,load,16,1,1000,6,0.1,1652835,1648865,126,358,494290602,196415393,2030.822,,,1,1.0006966590881348,4526.846331362667,4524.847723710851,,176/78323E48,176/78323E48,0.124395,0.119679,2.0,35.9,0.0,6352566.426865744,0.0,11.991645910894482,249552.1472286696,6045646.245599356,1007.3,1
2026-09-13T21:16:58.538317+00:00,1789334218.5383172,F_lat_centralus_rep2,r3-sub,F01,load,16,1,1000,6,0.1,1657085,1653113,126,358,494290602,196450999,2036.005,,,1,1.0016543865203857,4242.98047030367,4240.983773611762,,176/78969D30,176/78969D30,0.096635,0.092061,2.3,35.9,0.0,14582211.38604551,0.0,19.966966919076093,286308.335349324,6656856.985534995,1007.3,1
2026-09-13T21:16:59.539362+00:00,1789334219.5393622,F_lat_centralus_rep2,r3-sub,F01,load,16,1,1000,6,0.1,1661325,1657351,126,358,494290602,196486501,2041.369,,,1,1.0010449886322021,4235.573873451391,4233.575961246933,,176/78FA9F50,176/78FA9F50,0.081974,0.082886,3.3,35.9,0.0,15515818.146417677,0.0,17.981209840123828,272939.7810315463,6576726.3956794115,1007.29,1
2026-09-13T21:17:00.540457+00:00,1789334220.540414,F_lat_centralus_rep2,r3-sub,F01,load,16,1,1000,6,0.1,1665839,1661863,126,358,494290602,196524314,2046.857,,,1,1.001051902770996,4509.256700381736,4507.258801976604,,176/79860438,176/79769CF0,0.000842,-0.000187,3.8,35.9,0.0,5916592.320143587,0.0,10.988441228223104,313638.08323115925,6990176.014480618,1007.29,1
2026-09-13T21:17:01.540872+00:00,1789334221.540872,F_lat_centralus_rep2,r3-sub,F01,load,16,1,1000,6,0.1,1669960,1665982,126,358,494290602,196558854,2052.662,,,1,1.000458002090454,4119.113437434838,4117.114353019679,,176/79E18170,176/79DB5E18,-0.000618,-0.000187,2.2,35.9,0.0,15152356.189190045,0.0,23.989012981906356,274094.4641624317,6337487.417514551,1007.28,1
2026-09-13T21:17:02.542111+00:00,1789334222.5421114,F_lat_centralus_rep2,r3-sub,F01,load,16,1,1000,6,0.1,1674261,1670281,126,358,494290602,196594880,2058.232,,,1,1.00123929977417,4295.676369245687,4293.67884477731,,176/7A433FD8,176/7A433FD8,0.099893,0.095108,1.8,35.9,0.0,15230532.804135347,0.0,26.966580323095453,254136.04925155413,6000263.874335576,1007.28,1
2026-09-13T21:17:03.542995+00:00,1789334223.5429952,F_lat_centralus_rep2,r3-sub,F01,load,16,1,1000,6,0.1,1678459,1674477,126,358,494290602,196630046,2063.348,,,1,1.0008838176727295,4194.293009713409,4192.294775787867,,176/7AA63E48,176/7AA63E48,0.036506,0.034469,2.3,35.9,0.0,14843073.429385487,0.0,17.98410532988122,284172.8430192298,6548654.183699852,1007.27,1
2026-09-13T21:17:04.544667+00:00,1789334224.5446675,F_lat_centralus_rep2,r3-sub,F01,load,16,1,1000,6,0.1,1678461,1674477,126,358,494290602,196630046,2063.348,,,1,1.0016722679138184,1.9966610477950015,0.0,,176/7AF95F08,176/7AF95F08,0.132592,0.128194,1.7,35.9,0.0,5708469.908934291,0.0,11.97996628677001,225436.01059286634,5511340.562016015,1007.27,1
2026-09-13T21:17:05.544733+00:00,1789334225.5447335,F_lat_centralus_rep2,r3-sub,F01,load,16,1,1000,6,0.1,1682640,1678654,126,358,494290602,196665053,2068.331,,,1,1.0000660419464111,4178.724028931614,4176.724161006785,,176/7B539FF0,176/7B539FF0,0.133682,0.128984,1.2,35.9,0.0,14335053.28517914,0.0,15.998943398637433,239081.2106115009,5981432.974524035,1007.26,1
2026-09-13T21:17:06.544900+00:00,1789334226.5449007,F_lat_centralus_rep2,r3-sub,F01,load,16,1,1000,6,0.1,1686443,1682455,126,358,494290602,196696908,2073.018,,,1,1.0001671314239502,3802.364505405834,3800.364839612825,,176/7BB89C10,176/7BB89C10,0.005148,0.002919,5.8,35.9,0.0,14210744.937963124,0.0,22.996156619598786,282465.7910901179,6690208.855867394,1007.25,1
2026-09-13T21:17:07.546351+00:00,1789334227.5463512,F_lat_centralus_rep2,r3-sub,F01,load,16,1,1000,6,0.1,1690696,1686706,126,358,494290602,196732522,2078.896,,,1,1.001450538635254,4246.839794799909,4244.84269167515,,176/7C117E10,176/7C117E10,0.026619,0.022130,1.6,35.9,0.0,15419553.34213887,0.0,17.973928122830557,256965.26195960946,5887315.221812842,1007.25,1
2026-09-13T21:17:08.547439+00:00,1789334228.547439,F_lat_centralus_rep2,r3-sub,F01,load,16,1,1000,6,0.1,1694868,1690876,126,358,494290602,196767470,2084.375,,,1,1.0010879039764404,4167.466196952654,4165.468370396109,,176/7C64FEB8,176/7C64FEB8,0.094448,0.089783,1.9,35.9,0.0,5437668.338991447,0.0,12.985872617541828,240314.5608336725,5521543.091314872,1007.24,1
2026-09-13T21:17:09.547833+00:00,1789334229.5478334,F_lat_centralus_rep2,r3-sub,F01,load,16,1,1000,6,0.1,1698660,1694666,126,358,494290602,196799242,2088.784,,,1,1.000394344329834,3790.505235753075,3788.506024130842,,176/7CC6BD38,176/7CC6BD38,0.047133,0.042452,1.6,35.9,0.0,15079621.436790358,0.0,17.99290460009371,269359.77949826955,6474802.698269144,1007.24,1
2026-09-13T21:17:10.548818+00:00,1789334230.5488179,F_lat_centralus_rep2,r3-sub,F01,load,16,1,1000,6,0.1,1702745,1698749,126,358,494290602,196835162,2093.567,,,1,1.0009844303131104,4080.982557063552,4078.984523987878,,176/7D209B78,176/7D209B78,0.078122,0.074070,1.9,35.9,0.0,14371004.747296909,0.0,16.98328114322653,240048.68879412865,5937985.4671073705,1007.23,1
2026-09-13T21:17:11.549457+00:00,1789334231.5494573,F_lat_centralus_rep2,r3-sub,F01,load,16,1,1000,6,0.1,1707204,1703206,126,358,494290602,196877115,2098.675,,,1,1.0006394386291504,4456.150565191307,4454.151843251324,,176/7D821EC0,176/7D821EC0,0.047342,0.049198,2.9,35.9,0.0,7441769.445147541,0.0,16.98913648985248,273320.2284877767,6465924.438141085,1007.23,1
2026-09-13T21:17:12.550050+00:00,1789334232.5500507,F_lat_centralus_rep2,r3-sub,F01,load,16,1,1000,6,0.1,1711347,1707347,126,358,494290602,196916082,2102.861,,,1,1.0005934238433838,4140.542903116737,4138.5440892605375,,176/7DE45ED8,176/7DE45ED8,0.011968,0.009358,2.3,36.1,0.0,16628084.498188974,0.0,20.987545490092078,275530.4936354974,6494270.145250433,1007.22,1
2026-09-13T21:17:13.551530+00:00,1789334233.55153,F_lat_centralus_rep2,r3-sub,F01,load,16,1,1000,6,0.1,1715945,1711989,139,409,494290602,197071618,2108.192,,,1,1.001479148864746,4591.208918540329,4635.143932114877,,176/7E423FE0,176/7E423FE0,0.046190,0.041774,8.6,35.9,0.0,15006027.850939933,0.0,72.89218161231928,277928.9017804513,6212308.071568486,1007.22,1
2026-09-13T21:17:14.551842+00:00,1789334234.551842,F_lat_centralus_rep2,r3-sub,F01,load,16,1,1000,6,0.1,1720163,1716205,139,409,494290602,197111308,2113.52,,,1,1.000312089920044,4216.684015422776,4214.684639407877,,176/7EA69DE0,176/7EA69DE0,0.018905,0.014806,2.7,35.9,0.0,6285398.390518859,0.0,12.99594409684592,287811.1770327721,6623621.834391303,1007.22,1
2026-09-13T21:17:15.553083+00:00,1789334235.553084,F_lat_centralus_rep2,r3-sub,F01,load,16,1,1000,6,0.1,1724394,1720434,139,409,494290602,197151120,2118.646,,,1,1.00124192237854,4225.75194409447,4223.754424858311,,176/7EFD5F00,176/7EFADE88,-0.002348,-0.000184,1.4,35.9,0.0,14506400.176988142,0.0,19.975192361590498,246980.2696760315,5908617.955135274,1007.21,1
2026-09-13T21:17:16.554271+00:00,1789334236.5542715,F_lat_centralus_rep2,r3-sub,F01,load,16,1,1000,6,0.1,1728842,1724880,139,409,494290602,197193013,2124.257,,,1,1.0011875629425049,4442.723985630887,4440.726357939507,,176/7F64BFC0,176/7F64BFC0,0.083922,0.079066,2.5,35.9,0.0,15562702.311449688,0.0,28.965601525021523,287720.3140172672,6668778.4058933845,1007.2,1
2026-09-13T21:17:17.555445+00:00,1789334237.5554454,F_lat_centralus_rep2,r3-sub,F01,load,16,1,1000,6,0.1,1733090,1729126,139,409,494290602,197233005,2129.301,,,1,1.001173973083496,4243.0188101241465,4241.02115531712,,176/7FC97C70,176/7FC97C70,0.053422,0.048357,1.4,35.9,0.0,6717745.547545406,0.0,13.983583649185041,274306.97099943133,6670117.461636282,1007.2,1
2026-09-13T21:17:18.555767+00:00,1789334238.5557673,F_lat_centralus_rep2,r3-sub,F01,load,16,1,1000,6,0.1,1737534,1733568,139,409,494290602,197274815,2134.604,,,1,1.000321865081787,4442.570091814054,4440.570735337089,,176/80227E28,176/80227E28,0.146377,0.140663,2.5,35.9,0.0,14323197.862748453,0.0,15.994851815712163,240747.5117824301,5872904.717042921,1007.19,1
2026-09-13T21:17:19.556945+00:00,1789334239.5569453,F_lat_centralus_rep2,r3-sub,F01,load,16,1,1000,6,0.1,1741771,1737803,139,409,494290602,197314670,2139.841,,,1,1.0011780261993408,4232.014575953534,4230.016929233708,,176/8086FBA8,176/8086FBA8,0.112631,0.109398,2.7,35.9,0.0,8988323.519405989,0.0,20.975290558183673,292812.05972216435,6647117.521409682,1007.19,1
2026-09-13T21:17:20.557119+00:00,1789334240.5571194,F_lat_centralus_rep2,r3-sub,F01,load,16,1,1000,6,0.1,1745989,1742019,139,409,494290602,197354371,2145.269,,302276,1,1.0001740455627441,4217.266003565168,4215.26635159572,120643,176/80EB7F50,176/80EB7F50,0.113832,0.110339,3.6,36.0,0.0,6445982.105417024,0.0,11.997911816686111,294860.68080687785,6647981.948240706,1007.18,1
2026-09-13T21:17:21.558165+00:00,1789334241.5581656,F_lat_centralus_rep2,r3-sub,F01,load,16,1,1000,6,0.1,1750350,1746374,139,409,494290602,197397297,2150.208,,,1,1.0010461807250977,4356.442373958366,4350.448644482615,,176/81525BF0,176/81525BF0,0.018936,0.018107,1.6,35.9,0.0,10458434.58732005,0.0,31.966557204005436,287833.87374925334,6793016.277305408,1007.18,1
2026-09-13T21:17:22.558384+00:00,1789334242.558385,F_lat_centralus_rep2,r3-sub,F01,load,16,1,1000,6,0.1,1754526,1750545,139,409,494290602,197445939,2155.566,,,1,1.0002193450927734,4175.084215765356,4170.085312250311,,176/81B67EA0,176/81B67EA0,0.001784,0.004953,2.7,35.9,0.0,14738271.23252918,0.0,23.99473687221469,289938.4034340002,6625858.65041962,1007.17,1
2026-09-13T21:17:23.559576+00:00,1789334243.5595763,F_lat_centralus_rep2,r3-sub,F01,load,16,1,1000,6,0.1,1754528,1750545,139,409,494290602,197445939,2155.566,,,1,1.0011913776397705,1.9976200801038078,0.0,,176/82102000,176/82102000,0.090050,0.085326,1.4,35.9,0.0,14687142.067348829,0.0,16.979770680882368,253105.4558194328,5927971.547249411,1007.17,1
2026-09-13T21:17:24.561033+00:00,1789334244.5610335,F_lat_centralus_rep2,r3-sub,F01,load,16,1,1000,6,0.1,1759013,1755028,139,409,494290602,197488149,2160.88,,,1,1.0014572143554688,4478.473903537173,4476.476813725117,,176/8274FFF8,176/8274FFF8,0.055799,0.050932,2.5,35.9,0.0,6241400.940950611,0.0,12.98108377836862,285337.20253232063,6633034.247274555,1007.16,1
2026-09-13T21:17:25.562236+00:00,1789334245.5622363,F_lat_centralus_rep2,r3-sub,F01,load,16,1,1000,6,0.1,1763235,1759248,139,409,494290602,197527921,2166.196,,,1,1.0012028217315674,4216.927787616604,4214.930190369983,,176/82D7BFE8,176/82D7BFE8,0.043258,0.038397,1.6,35.9,0.0,15480643.545524795,0.0,20.974771089518875,275051.1624844708,6500274.328776198,1007.16,1
2026-09-13T21:17:26.563415+00:00,1789334246.5634158,F_lat_centralus_rep2,r3-sub,F01,load,16,1,1000,6,0.1,1767372,1763383,139,409,494290602,197566882,2171.369,,,1,1.0011794567108154,4132.126335863229,4130.128691997692,,176/83329EB8,176/83329EB8,0.106703,0.101516,7.4,35.9,0.0,14564581.706366207,0.0,25.96937025198065,253357.17617832322,5996872.947957624,1007.15,1
2026-09-13T21:17:27.563596+00:00,1789334247.5635962,F_lat_centralus_rep2,r3-sub,F01,load,16,1,1000,6,0.1,1771889,1767898,139,409,494290602,197609423,2177.525,,,1,1.0001804828643799,4516.184906012094,4514.1852669126865,,176/8395FFE8,176/8395FFE8,0.074335,0.069362,1.8,35.9,0.0,15021416.89165235,0.0,19.99639099407613,278364.7599307853,6565804.9847094,1007.15,1
2026-09-13T21:17:28.565345+00:00,1789334248.565345,F_lat_centralus_rep2,r3-sub,F01,load,16,1,1000,6,0.1,1776051,1772058,139,409,494290602,197648565,2182.873,,,1,1.00174880027771,4154.734199677792,4152.737691172421,,176/83F99EB0,176/83F99EB0,0.046229,0.040344,3.1,36.0,0.0,6403138.190154842,0.0,11.979051032228138,280974.6314864271,6563702.39542807,1007.14,1
2026-09-13T21:17:29.566173+00:00,1789334249.5661738,F_lat_centralus_rep2,r3-sub,F01,load,16,1,1000,6,0.1,1780488,1776493,139,409,494290602,197690321,2188.818,,,1,1.000828742980957,4433.325912267913,4431.327568381383,,176/84527D50,176/84527D50,0.121830,0.116135,1.8,35.9,0.0,14549222.434029415,0.0,18.984266922039744,245968.15561749306,5881311.904040707,1007.14,1
2026-09-13T21:17:30.567348+00:00,1789334250.5673485,F_lat_centralus_rep2,r3-sub,F01,load,16,1,1000,6,0.1,1784685,1780688,139,409,494290602,197729835,2193.767,,,1,1.0011746883392334,4192.075617654757,4190.077964274888,,176/84B73FE8,176/84B73FE8,0.092139,0.086793,2.5,35.9,0.0,14801940.333292453,0.0,16.98005372888512,291027.13381950173,6603430.027747462,1007.13,1
2026-09-13T21:17:31.568232+00:00,1789334251.5682325,F_lat_centralus_rep2,r3-sub,F01,load,16,1,1000,6,0.1,1788876,1784877,139,409,494290602,197769311,2199.564,,,1,1.0008840560913086,4187.298193525888,4185.2999600763405,,176/851CC3E0,176/85113D30,0.004930,-0.000186,2.5,36.0,0.0,6335007.498032878,0.0,15.98586759637657,303867.36420572404,7005631.628685197,1007.12,1
2026-09-13T21:17:32.569550+00:00,1789334252.5695505,F_lat_centralus_rep2,r3-sub,F01,load,16,1,1000,6,0.1,1793337,1789336,139,409,494290602,197811384,2205.125,,,1,1.0013179779052734,4455.128239415291,4453.130871901542,,176/85755FA0,176/85755FA0,0.139338,0.142288,2.3,36.0,0.0,14734372.422698813,0.0,17.976307623733522,232181.98926814215,5518406.861683991,1007.12,1
2026-09-13T21:17:33.570733+00:00,1789334253.570733,F_lat_centralus_rep2,r3-sub,F01,load,16,1,1000,6,0.1,1797538,1793535,139,409,494290602,197850932,2209.755,,,1,1.0011825561523438,4196.037949507342,4194.040311826072,,176/85D91FE0,176/85D91FE0,0.115034,0.109855,1.2,35.9,0.0,15423680.631577343,0.0,27.966927537778048,285814.00888536655,6570311.238022663,1007.11,1
2026-09-13T21:17:34.571923+00:00,1789334254.5719237,F_lat_centralus_rep2,r3-sub,F01,load,16,1,1000,6,0.1,1801975,1797970,139,409,494290602,197892702,2215.678,,,1,1.0011906623840332,4431.723313753871,4429.725692246657,,176/86431BF0,176/86431BF0,0.015151,0.014658,2.7,35.9,0.0,15427646.881184427,0.0,18.977404318531335,307281.1319149058,6983841.602507847,1007.11,1
2026-09-13T21:17:35.573321+00:00,1789334255.5733218,F_lat_centralus_rep2,r3-sub,F01,load,16,1,1000,6,0.1,1806150,1802143,139,409,494290602,197931995,2221.02,,,1,1.0013980865478516,4169.171137916388,4167.17393018565,,176/869B0710,176/8695BD78,0.000443,-0.000170,1.9,36.0,0.0,5538241.059675708,0.0,11.983246384430338,263098.1659933603,6168596.767839762,1007.1,1
2026-09-13T21:17:36.574752+00:00,1789334256.5747528,F_lat_centralus_rep2,r3-sub,F01,load,16,1,1000,6,0.1,1810325,1806316,139,409,494290602,197971318,2226.457,,,1,1.0014309883117676,4169.034160844471,4167.037018731492,,176/86F81D68,176/86F81D68,0.144213,0.143117,1.8,35.9,0.0,15035380.546175444,0.0,22.96713429926296,245387.85285072087,5746970.152883147,1007.1,1
2026-09-13T21:17:37.575865+00:00,1789334257.5758655,F_lat_centralus_rep2,r3-sub,F01,load,16,1,1000,6,0.1,1814745,1810734,139,409,494290602,198012898,2231.975,,,1,1.001112699508667,4415.087334492188,4413.0895574177575,,176/8762DEF8,176/8762DEF8,0.043076,0.038675,1.8,35.9,0.0,15531134.514256945,0.0,20.976659281523972,290009.30678682943,7027702.279126958,1007.09,1
2026-09-13T21:17:38.576887+00:00,1789334258.5768874,F_lat_centralus_rep2,r3-sub,F01,load,16,1,1000,6,0.1,1818906,1814893,139,409,494290602,198052061,2236.853,,,1,1.0010218620300293,4156.752372582224,4154.754414220012,,176/87C5FCD0,176/87C5FCD0,0.013705,0.008682,2.3,35.9,0.0,14845118.337239884,0.0,16.982646078802645,265103.10120683373,6541394.597237644,1007.08,1
2026-09-13T21:17:39.577716+00:00,1789334259.5777166,F_lat_centralus_rep2,r3-sub,F01,load,16,1,1000,6,0.1,1823437,1819422,139,409,494290602,198094727,2242.817,,,1,1.0008292198181152,4527.245917963343,4525.247575028908,,176/8821BF68,176/8821BF68,0.058612,0.054631,1.6,36.0,0.0,6269872.8971366305,0.0,11.990057606612254,258922.29650038996,6031867.256130976,1007.08,1
2026-09-13T21:17:40.579551+00:00,1789334260.5795517,F_lat_centralus_rep2,r3-sub,F01,load,16,1,1000,6,0.1,1827587,1823570,139,409,494290602,198133829,2247.885,,,1,1.0018351078033447,4142.398252642015,4140.401916134718,,176/88853E90,176/88853E90,0.032084,0.027003,2.1,35.9,0.0,14714501.303835006,0.0,17.96702856567621,261555.01834483142,6527362.585983202,1007.07,1
2026-09-13T21:17:41.580468+00:00,1789334261.5804687,F_lat_centralus_rep2,r3-sub,F01,load,16,1,1000,6,0.1,1831764,1827745,139,409,494290602,198173165,2253.47,,,1,1.0009169578552246,4173.173375891762,4171.17520812739,,176/88E48BA8,176/88D8BDD8,0.005059,-0.000197,1.6,35.9,0.0,14539755.656837417,0.0,21.979845408096423,270388.06553934474,6572527.269491562,1007.07,1
2026-09-13T21:17:42.582011+00:00,1789334262.582012,F_lat_centralus_rep2,r3-sub,F01,load,16,1,1000,6,0.1,1831766,1827745,139,409,494290602,198173165,2253.47,,,1,1.0015432834625244,1.9969181891826202,0.0,,176/8942DFE8,176/8942DFE8,0.071134,0.068822,1.6,35.9,0.0,14632905.27927381,0.0,18.97072279723489,240166.35523570995,5889381.015674005,1007.06,1
2026-09-13T21:17:43.583165+00:00,1789334263.5831652,F_lat_centralus_rep2,r3-sub,F01,load,16,1,1000,6,0.1,1836216,1832193,139,409,494290602,198215063,2259.154,,,1,1.0011532306671143,4444.874034951434,4442.87633875595,,176/89A71F50,176/89A71F50,0.042940,0.042936,2.1,35.9,0.0,7274299.055247728,0.0,13.983873368386535,273126.0226946416,6582285.10695497,1007.06,1
2026-09-13T21:17:44.584043+00:00,1789334264.5840435,F_lat_centralus_rep2,r3-sub,F01,load,16,1,1000,6,0.1,1840405,1836380,139,409,494290602,198254515,2264.859,,,1,1.0008783340454102,4185.323887538507,4183.32564266501,,176/89FFFF28,176/89FFFF28,0.028470,0.029756,7.8,36.0,0.0,10079594.74876822,0.0,52.95348914765835,239891.29530813333,5849483.199757598,1007.05,1
2026-09-13T21:17:45.584671+00:00,1789334265.5846713,F_lat_centralus_rep2,r3-sub,F01,load,16,1,1000,6,0.1,1844795,1840768,139,409,494290602,198295849,2269.926,,,1,1.0006277561187744,4387.245879554542,4385.247134279119,,176/8A645FF0,176/8A645FF0,0.114236,0.108898,1.7,35.9,0.0,17961972.26200727,0.0,39.97490550846963,270052.472907742,6594348.357469269,1007.05,1
2026-09-13T21:17:46.585719+00:00,1789334266.5857196,F_lat_centralus_rep2,r3-sub,F01,load,16,1,1000,6,0.1,1849023,1844994,139,409,494290602,198335641,2275.053,,,1,1.0010483264923096,4223.572317247644,4221.5744117049535,,176/8AC93FF8,176/8AC93FF8,0.084483,0.079295,2.7,36.0,0.0,6608112.540559568,0.0,17.98114988421419,272386.4500682473,6658341.883808349,1007.04,1
2026-09-13T21:17:47.586751+00:00,1789334267.586751,F_lat_centralus_rep2,r3-sub,F01,load,16,1,1000,6,0.1,1853255,1849224,139,409,494290602,198375475,2280.347,,,1,1.0010313987731934,4227.639617684817,4225.6416783569875,,176/8B323AB0,176/8B21DB58,0.004825,-0.000193,1.9,36.0,0.0,14403064.696741557,0.0,18.98042361436945,294545.2064354325,6935175.068942012,1007.04,1
2026-09-13T21:17:48.587894+00:00,1789334268.587894,F_lat_centralus_rep2,r3-sub,F01,load,16,1,1000,6,0.1,1857671,1853638,139,409,494290602,198417056,2285.781,,,1,1.001142978668213,4410.958368678225,4408.960652025745,,176/8B86BC20,176/8B86BC20,0.147605,0.142768,1.9,35.9,0.0,14957879.46285226,0.0,16.980591546089183,240241.40919406977,5547163.710210145,1007.03,1
2026-09-13T21:17:49.589465+00:00,1789334269.5894651,F_lat_centralus_rep2,r3-sub,F01,load,16,1,1000,6,0.1,1861894,1857859,139,409,494290602,198456851,2291.392,,,1,1.0015711784362793,4216.37532201479,4214.378459442204,,176/8BEB7F60,176/8BEB7F60,0.112586,0.111225,1.7,35.9,0.0,14452556.454948876,0.0,16.97333186697879,287575.1680970765,6624462.786917261,1007.02,1
2026-09-13T21:17:50.590856+00:00,1789334270.5908568,F_lat_centralus_rep2,r3-sub,F01,load,16,1,1000,6,0.1,1866294,1862257,139,409,494290602,198498280,2297.177,,424608,1,1.0013916492462158,4393.885252899843,4391.888032330343,122332,176/8C54BFE8,176/8C54BFE8,0.091659,0.094244,4.3,36.0,0.0,7571159.601447666,0.0,15.97776455599943,311904.9377285191,6896425.594519803,1007.02,1
2026-09-13T21:17:51.591880+00:00,1789334271.59188,F_lat_centralus_rep2,r3-sub,F01,load,16,1,1000,6,0.1,1870501,1866458,139,409,494290602,198552356,2302.324,,,1,1.001023292541504,4202.699409040546,4196.705542519452,,176/8CB85F58,176/8CB85F58,0.006571,0.008685,1.4,35.9,0.0,15442501.803082746,0.0,21.97751057734538,296025.07974380004,6566419.631766428,1007.01,1
2026-09-13T21:17:52.592127+00:00,1789334272.5921273,F_lat_centralus_rep2,r3-sub,F01,load,16,1,1000,6,0.1,1874666,1870618,139,409,494290602,198619900,2307.481,,,1,1.0002472400665283,4163.970499656643,4158.971735551413,,176/8D0FFCF0,176/8D0FFCF0,0.090761,0.087124,1.8,35.9,0.0,14225986.766085522,0.0,15.996045136736203,239113.881468038,5779911.974178976,1007.01,1
2026-09-13T21:17:53.593141+00:00,1789334273.5931418,F_lat_centralus_rep2,r3-sub,F01,load,16,1,1000,6,0.1,1879029,1874979,139,409,494290602,198660983,2313.089,,,1,1.0010144710540771,4358.578348428592,4356.580375314483,,176/8D72C000,176/8D72C000,0.072919,0.068362,1.7,36.0,0.0,5912721.71496935,0.0,12.986825241707928,282280.6344672065,6524870.70753561,1007.0,1
2026-09-13T21:17:54.595033+00:00,1789334274.595034,F_lat_centralus_rep2,r3-sub,F01,load,16,1,1000,6,0.1,1883170,1879118,139,409,494290602,198699989,2318.395,,,1,1.00189208984375,4133.179652756625,4131.183429789827,,176/8DD62000,176/8DD62000,0.037098,0.036270,2.3,35.9,0.0,15666230.085166007,0.0,18.964118184587267,278961.1803837953,6502814.091501676,1007.0,1
2026-09-13T21:17:55.596478+00:00,1789334275.5964785,F_lat_centralus_rep2,r3-sub,F01,load,16,1,1000,6,0.1,1887701,1883647,139,409,494290602,198742645,2324.232,,,1,1.0014445781707764,4524.464057987369,4522.466942976119,,176/8E318000,176/8E318000,0.091095,0.087164,1.4,35.9,0.0,14491194.336992303,0.0,18.972592606877072,258310.84978512573,6020531.87108257,1006.99,1
2026-09-13T21:17:56.597899+00:00,1789334276.5978997,F_lat_centralus_rep2,r3-sub,F01,load,16,1,1000,6,0.1,1891839,1887783,139,409,494290602,198781649,2329.867,,,1,1.0014212131500244,4132.1273662495105,4130.13020464185,,176/8E94BE28,176/8E94BE28,0.061822,0.057330,2.3,36.0,0.0,6667004.765156484,0.0,17.97445446894422,285434.33696683426,6514018.191686477,1006.99,1
2026-09-13T21:17:57.598228+00:00,1789334277.5982282,F_lat_centralus_rep2,r3-sub,F01,load,16,1,1000,6,0.1,1895988,1891930,139,409,494290602,198820695,2335.369,,,1,1.000328540802002,4147.637331904562,4145.63798877036,,176/8EF73F58,176/8EF73F58,0.014188,0.014541,1.4,35.9,0.0,14527835.013433335,0.0,16.9944166407273,284627.4882567363,6517852.619473068,1006.98,1
2026-09-13T21:17:58.599408+00:00,1789334278.5994081,F_lat_centralus_rep2,r3-sub,F01,load,16,1,1000,6,0.1,1900517,1896456,139,409,494290602,198863339,2341.579,,,1,1.0011799335479736,4523.662378999313,4520.665914628149,,176/8F525DC0,176/8F525DC0,0.076534,0.074027,1.9,35.9,0.0,14850956.857783992,0.0,17.97878622697894,264372.058538983,6018895.103745356,1006.98,1
2026-09-13T21:17:59.600591+00:00,1789334279.6005917,F_lat_centralus_rep2,r3-sub,F01,load,16,1,1000,6,0.1,1904665,1900603,139,409,494290602,198902378,2346.611,,,1,1.0011835098266602,4143.0966044558245,4142.097786566611,,176/8FB57DB0,176/8FB57DB0,0.044522,0.043144,1.4,35.9,0.0,14474517.266578842,0.0,16.97990411662223,297874.46264634695,6528469.492202926,1006.97,1
2026-09-13T21:18:00.601053+00:00,1789334280.6010537,F_lat_centralus_rep2,r3-sub,F01,load,16,1,1000,6,0.1,1909005,1904941,139,409,494290602,198943227,2352.434,,,1,1.0004620552062988,4337.995606545094,4335.996530228715,,176/90374F28,176/90327D78,-0.002022,-0.000187,6.6,35.9,0.0,6173915.310287634,0.0,11.994457898281366,288472.709682616,6258014.4518414335,1006.97,1
2026-09-13T21:18:01.601782+00:00,1789334281.6017828,F_lat_centralus_rep2,r3-sub,F01,load,16,1,1000,6,0.1,1909007,1904941,139,409,494290602,198943227,2352.434,,,1,1.0007290840148926,1.9985428943226722,0.0,,176/90957DE8,176/90957DE8,0.122118,0.121329,1.4,35.9,0.0,14964065.938726276,0.0,19.985428943226722,262450.65142534766,5942534.3931659935,1006.96,1
2026-09-13T21:18:02.602214+00:00,1789334282.6022143,F_lat_centralus_rep2,r3-sub,F01,load,16,1,1000,6,0.1,1913109,1909041,139,409,494290602,198981826,2357.856,,,1,1.0004315376281738,4100.230596213544,4098.231458916512,,176/90F8FFE8,176/90F8FFE8,0.111534,0.108424,2.3,35.9,0.0,14681920.198980294,0.0,16.99266702477578,282801.9603128037,6438279.640074602,1006.96,1
2026-09-13T21:18:03.602512+00:00,1789334283.6025128,F_lat_centralus_rep2,r3-sub,F01,load,16,1,1000,6,0.1,1917203,1913133,139,409,494290602,199020361,2363.078,,,1,1.0002985000610352,4092.778305426027,4090.778902247998,,176/91517FE0,176/91517FE0,0.161293,0.156904,1.8,35.9,0.0,14761673.639517622,0.0,26.99194290339588,250545.21223885464,5819346.924587826,1006.95,1
2026-09-13T21:18:04.603691+00:00,1789334284.6035986,F_lat_centralus_rep2,r3-sub,F01,load,16,1,1000,6,0.1,1921622,1917550,139,409,494290602,199061978,2369.195,,,1,1.0010857582092285,4414.20723825383,4412.209407415064,,176/91B5FE48,176/91B5FE48,0.063363,0.061070,1.9,35.9,0.0,6170068.797151987,0.0,11.986985032596959,288664.58006248367,6611668.32683744,1006.94,1
2026-09-13T21:18:05.604869+00:00,1789334285.6048691,F_lat_centralus_rep2,r3-sub,F01,load,16,1,1000,6,0.1,1925777,1921703,139,409,494290602,199101086,2375.218,,,1,1.0012705326080322,4149.72763572436,4147.730173565166,,176/920FFEA8,176/920FFEA8,0.074252,0.069558,1.6,35.9,0.0,14816886.662345972,0.0,16.978428353144192,252330.40599119017,5944605.185270237,1006.94,1
2026-09-13T21:18:06.606134+00:00,1789334286.606134,F_lat_centralus_rep2,r3-sub,F01,load,16,1,1000,6,0.1,1929596,1925520,139,409,494290602,199137046,2380.369,,,1,1.0012648105621338,3814.175790174752,3812.1783166004266,,176/92641F08,176/92641F08,0.134537,0.129898,2.3,35.9,0.0,13683812.56933205,0.0,18.975998956093292,235897.63418070588,5561923.2207646,1006.93,1
2026-09-13T21:18:07.606427+00:00,1789334287.606428,F_lat_centralus_rep2,r3-sub,F01,load,16,1,1000,6,0.1,1933801,1929723,139,409,494290602,199176623,2385.26,,,1,1.0002939701080322,4203.764218978405,4201.764806745835,,176/92C8A000,176/92C8A000,0.021510,0.018849,1.6,35.9,0.0,7157703.8490262395,0.0,13.995885627989933,280598.51242498873,6628501.418721846,1006.93,1
2026-09-13T21:18:08.607492+00:00,1789334288.6074927,F_lat_centralus_rep2,r3-sub,F01,load,16,1,1000,6,0.1,1937997,1933917,139,409,494290602,199216128,2390.943,,,1,1.0010647773742676,4191.536946296177,4189.5390735858355,,176/93223E88,176/93223E88,0.042918,0.038185,2.3,35.9,0.0,8269211.13108458,0.0,37.959581496485875,249825.99093734592,5900223.575433758,1006.92,1
2026-09-13T21:18:09.608480+00:00,1789334289.6084807,F_lat_centralus_rep2,r3-sub,F01,load,16,1,1000,6,0.1,1942106,1938024,139,409,494290602,199254816,2396.73,,,1,1.0009880065917969,4104.944287984513,4102.946262047309,,176/93749BB0,176/93749BB0,0.149297,0.144350,1.5,35.9,0.0,9411501.374603186,0.0,17.982233434831155,255134.92501229024,5746341.57664356,1006.92,1
2026-09-13T21:18:10.609407+00:00,1789334290.6094074,F_lat_centralus_rep2,r3-sub,F01,load,16,1,1000,6,0.1,1945936,1941852,139,409,494290602,199290874,2401.237,,,1,1.0009267330169678,3826.4538988340455,3824.4557505840016,,176/93D5DF48,176/93D5DF48,0.102119,0.099695,2.1,35.9,0.0,15566757.771605913,0.0,27.974075500614433,262214.99670500937,6116472.662835969,1006.91,1
2026-09-13T21:18:11.609869+00:00,1789334291.6098692,F_lat_centralus_rep2,r3-sub,F01,load,16,1,1000,6,0.1,1950434,1946348,139,409,494290602,199333212,2407.043,,,1,1.0004618167877197,4495.92370695582,4493.924630163044,,176/9431BFD0,176/9431BFD0,0.136161,0.131288,3.7,36.0,0.0,7295702.722004766,0.0,14.993075945828659,264124.023092096,6079957.173708565,1006.91,1
2026-09-13T21:18:12.611095+00:00,1789334292.611096,F_lat_centralus_rep2,r3-sub,F01,load,16,1,1000,6,0.1,1954566,1950478,139,409,494290602,199372149,2411.323,,,1,1.0012266635894775,4126.937635866038,4124.940086187497,,176/94941BB0,176/94941BB0,0.095000,0.100012,4.4,36.2,0.0,16777116.122516073,0.0,35.9558942137409,283191.61915194115,6488201.159875974,1006.9,1
2026-09-13T21:18:13.612715+00:00,1789334293.6127152,F_lat_centralus_rep2,r3-sub,F01,load,16,1,1000,6,0.1,1958739,1954693,152,460,494290602,199523315,2416.515,,,1,1.0016193389892578,4166.253423392372,4208.1855211116335,,176/94F6BB70,176/94F6BB70,0.087278,0.086759,6.6,36.0,0.0,15690943.044150384,0.0,24.95958197575109,281409.30294380325,6484417.529871252,1006.9,1
2026-09-13T21:18:14.612958+00:00,1789334294.6129587,F_lat_centralus_rep2,r3-sub,F01,load,16,1,1000,6,0.1,1963275,1959227,152,460,494290602,199566016,2422.023,,,1,1.0002434253692627,4534.896091244421,4532.896577976677,,176/95537B60,176/95537B60,0.140964,0.136054,2.3,36.0,0.0,7182635.564285484,0.0,11.997079606466722,256800.4882463218,6119118.451331423,1006.89,1
2026-09-13T21:18:15.614133+00:00,1789334295.614133,F_lat_centralus_rep2,r3-sub,F01,load,16,1,1000,6,0.1,1967493,1963443,152,460,494290602,199605702,2426.944,,,1,1.0011742115020752,4213.052984726482,4211.055330395175,,176/95B75E50,176/95B75E50,0.113554,0.108724,1.4,35.9,0.0,13623682.914820792,0.0,15.981234650456072,267963.3543471909,6595883.0382701205,1006.89,1
2026-09-13T21:18:16.615312+00:00,1789334296.6153126,F_lat_centralus_rep2,r3-sub,F01,load,16,1,1000,6,0.1,1971890,1967838,152,460,494290602,199647093,2432.825,,,1,1.0011796951293945,4391.8189925253355,4389.821349135513,,176/96209CA8,176/96209CA8,0.048230,0.044605,2.5,35.9,0.0,15832842.07332163,0.0,21.97407728805035,293871.32143343624,6958155.497849617,1006.88,1
2026-09-13T21:18:17.616337+00:00,1789334297.6163378,F_lat_centralus_rep2,r3-sub,F01,load,16,1,1000,6,0.1,1976124,1972070,152,460,494290602,199686967,2438.394,,,1,1.0010251998901367,4229.663749189016,4227.665797488879,,176/9685DEA0,176/9685DEA0,0.021818,0.016739,1.7,35.9,0.0,14877803.277714211,0.0,19.979517001365217,285244.567300941,6674199.611291753,1006.87,1
2026-09-13T21:18:18.616677+00:00,1789334298.616678,F_lat_centralus_rep2,r3-sub,F01,load,16,1,1000,6,0.1,1980372,1976316,152,460,494290602,199726972,2443.389,,,1,1.000340223312378,4246.555222915864,4244.555903131063,,176/96DAAD90,176/96D9E000,-0.003054,-0.000195,6.1,36.0,0.0,5454016.416469025,0.0,9.996598924001562,248693.38871152606,5955660.74537381,1006.87,1
2026-09-13T21:18:19.617835+00:00,1789334299.6178355,F_lat_centralus_rep2,r3-sub,F01,load,16,1,1000,6,0.1,1980374,1976316,152,460,494290602,199726972,2443.389,,,1,1.001157522201538,1.9976876322139743,0.0,,176/9742FBB0,176/9742FBB0,0.083683,0.079330,1.6,35.9,0.0,15865922.842062423,0.0,20.97572013824673,268531.16920983465,6546531.244741149,1006.86,1
2026-09-13T21:18:20.619166+00:00,1789334300.6191661,F_lat_centralus_rep2,r3-sub,F01,load,16,1,1000,6,0.1,1984788,1980728,152,460,494290602,199768544,2449.004,,544446,1,1.0013306140899658,4408.134474158221,4406.137131850039,119838,176/97A75C48,176/97A75C48,0.093051,0.087552,4.4,36.0,0.0,14922352.108029624,0.0,16.977409619549107,274512.72949426,6631143.507016978,1006.86,1
2026-09-13T21:18:21.620604+00:00,1789334301.620605,F_lat_centralus_rep2,r3-sub,F01,load,16,1,1000,6,0.1,1989013,1984947,152,460,494290602,199812856,2453.793,,,1,1.001438856124878,4218.929567351587,4212.938188084343,,176/97FFFCF0,176/97FFFCF0,0.033382,0.034273,2.4,35.9,0.0,14065905.186170926,0.0,17.974137801734575,231818.44660823804,5864861.308384871,1006.85,1
2026-09-13T21:18:22.621406+00:00,1789334302.6214058,F_lat_centralus_rep2,r3-sub,F01,load,16,1,1000,6,0.1,1993463,1989392,152,460,494290602,199862199,2458.802,,,1,1.0008008480072021,4446.439078125138,4441.443079160952,,176/98641F20,176/98641F20,0.099272,0.097224,2.5,35.9,0.0,6978091.609240666,0.0,14.987996892556644,280219.58670241036,6627089.708413467,1006.85,1
2026-09-13T21:18:23.622909+00:00,1789334303.6229088,F_lat_centralus_rep2,r3-sub,F01,load,16,1,1000,6,0.1,1997661,1993588,152,460,494290602,199901713,2463.961,,,1,1.0015029907226562,4191.699913917223,4189.702915387486,,176/98C6FFC8,176/98C6FFC8,0.075187,0.070025,1.8,35.9,0.0,14592595.464397535,0.0,16.974487502761505,268609.2827400224,6549751.783833197,1006.84,1
2026-09-13T21:18:24.623808+00:00,1789334304.6238089,F_lat_centralus_rep2,r3-sub,F01,load,16,1,1000,6,0.1,2001830,1997755,152,460,494290602,199940961,2469.17,,,1,1.0009000301361084,4165.251148441942,4163.252946883563,,176/9920DFE8,176/9920DFE8,0.137391,0.133733,3.5,35.9,0.0,14830556.052617399,0.0,17.983814025414958,252139.06724099285,5956118.314023152,1006.84,1
2026-09-13T21:18:25.625254+00:00,1789334305.625254,F_lat_centralus_rep2,r3-sub,F01,load,16,1,1000,6,0.1,2006309,2002232,152,460,494290602,199983103,2474.628,,,1,1.0014450550079346,4472.536938099427,4470.539824039101,,176/99839FD0,176/99839FD0,0.102026,0.100846,1.4,35.9,0.0,6445981.202582156,0.0,11.98268436195426,282303.05655437085,6536123.941366048,1006.83,1
2026-09-13T21:18:26.626296+00:00,1789334306.6262963,F_lat_centralus_rep2,r3-sub,F01,load,16,1,1000,6,0.1,2010469,2006390,152,460,494290602,200022240,2480.055,,,1,1.001042366027832,4155.668272569734,4153.670355130998,,176/99E63C78,176/99E63C78,0.078883,0.073825,1.8,35.9,0.0,14595218.440129222,0.0,17.98125694861904,270869.65467399725,6536891.166720175,1006.83,1
2026-09-13T21:18:27.627311+00:00,1789334307.627311,F_lat_centralus_rep2,r3-sub,F01,load,16,1,1000,6,0.1,2015005,2010924,152,460,494290602,200064919,2485.578,,,1,1.0010147094726562,4531.401943523494,4529.403970885256,,176/9A419D98,176/9A419D98,0.127057,0.121677,1.6,35.9,0.0,14747020.059052628,0.0,19.979726382378722,248423.92189322054,6047910.128303037,1006.82,1
2026-09-13T21:18:28.628636+00:00,1789334308.628636,F_lat_centralus_rep2,r3-sub,F01,load,16,1,1000,6,0.1,2019161,2015078,152,460,494290602,200104028,2491.122,,,1,1.0013248920440674,4150.501034200894,4148.503680478949,,176/9AA45FD8,176/9AA45FD8,0.083950,0.082462,1.9,35.9,0.0,14693364.87777286,0.0,20.972214080418375,289815.02637730155,6528972.815860335,1006.82,1
2026-09-13T21:18:29.629182+00:00,1789334309.6291828,F_lat_centralus_rep2,r3-sub,F01,load,16,1,1000,6,0.1,2023334,2019249,152,460,494290602,200143332,2496.67,,,1,1.000546932220459,4170.718899451413,4168.719992717911,,176/9AFFFE60,176/9AFFFE60,0.071230,0.070649,1.6,35.9,0.0,6807924.526721883,0.0,13.992347134512288,269823.4248751012,6059332.955572109,1006.81,1
2026-09-13T21:18:30.630360+00:00,1789334310.6303601,F_lat_centralus_rep2,r3-sub,F01,load,16,1,1000,6,0.1,2027884,2023797,152,460,494290602,200186147,2502.851,,,1,1.0011773109436035,4544.6495343683455,4542.651886221371,,176/9B62DF00,176/9B62DF00,0.112101,0.107814,2.1,35.9,0.0,14949184.161888264,0.0,16.980009249288322,284500.05497182586,6554623.170410279,1006.81,1
2026-09-13T21:18:31.630538+00:00,1789334311.6305385,F_lat_centralus_rep2,r3-sub,F01,load,16,1,1000,6,0.1,2032057,2027968,152,460,494290602,200225393,2507.609,,,1,1.000178337097168,4172.255931988448,4170.256288599045,,176/9BC5FFF8,176/9BC5FFF8,0.080121,0.078269,1.9,35.9,0.0,14685637.006126264,0.0,16.996968809921785,281189.8534177884,6587231.252300091,1006.8,1
2026-09-13T21:18:32.631715+00:00,1789334312.6317158,F_lat_centralus_rep2,r3-sub,F01,load,16,1,1000,6,0.1,2036561,2032470,152,460,494290602,200267770,2513.223,,,1,1.0011773109436035,4498.703626987918,4496.705978840943,,176/9C1FFDD0,176/9C1FFDD0,0.147165,0.142308,1.8,35.9,0.0,9008785.857821006,0.0,17.978833322775873,241491.6891915255,5964403.043025384,1006.8,1
2026-09-13T21:18:33.632587+00:00,1789334313.6325877,F_lat_centralus_rep2,r3-sub,F01,load,16,1,1000,6,0.1,2040728,2036635,152,460,494290602,200306978,2518.383,,,1,1.0008718967437744,4163.369971278914,4161.371713553318,,176/9C831E30,176/9C831E30,0.116619,0.111976,1.4,35.9,0.0,6539706.051588378,0.0,11.989546353574985,285423.1404932061,6571965.924310397,1006.79,1
2026-09-13T21:18:34.634288+00:00,1789334314.6342883,F_lat_centralus_rep2,r3-sub,F01,load,16,1,1000,6,0.1,2044913,2040818,152,460,494290602,200346391,2523.531,,,1,1.0017006397247314,4177.894905957176,4175.898301462095,,176/9CE65E48,176/9CE65E48,0.085667,0.080837,2.0,36.0,0.0,9323024.893511435,0.0,73.87436631800024,261850.68632089449,6570682.636090461,1006.78,1
2026-09-13T21:18:35.635525+00:00,1789334315.6354618,F_lat_centralus_rep2,r3-sub,F01,load,16,1,1000,6,0.1,2044915,2040818,152,460,494290602,200346391,2523.531,,,1,1.001173496246338,1.9976557584659649,0.0,,176/9D423FE8,176/9D423FE8,0.133083,0.127818,1.2,35.9,0.0,14671039.59011113,0.0,29.964836376989474,249319.42459110322,6086975.956563423,1006.78,1
2026-09-13T21:18:36.636485+00:00,1789334316.6364853,F_lat_centralus_rep2,r3-sub,F01,load,16,1,1000,6,0.1,2049485,2045386,152,460,494290602,200389395,2529.585,,,1,1.001023530960083,4565.327246220582,4563.329291189414,,176/9DA59B50,176/9DA59B50,0.102948,0.097932,5.7,36.0,0.0,6219554.093827057,0.0,11.98773018701247,283581.74530396704,6577501.723346156,1006.77,1
2026-09-13T21:18:37.637748+00:00,1789334317.6377482,F_lat_centralus_rep2,r3-sub,F01,load,16,1,1000,6,0.1,2053670,2049569,152,460,494290602,200428781,2534.77,,,1,1.001262903213501,4179.7214163917,4177.723939012301,,176/9E06C5D8,176/9DFFFFD0,0.002257,-0.000186,2.1,36.0,0.0,15156538.758496342,0.0,24.968467242483275,302978.36764587875,7094295.591300221,1006.77,1
2026-09-13T21:18:38.639083+00:00,1789334318.6390839,F_lat_centralus_rep2,r3-sub,F01,load,16,1,1000,6,0.1,2058185,2054082,152,460,494290602,200471262,2540.47,,,1,1.001335620880127,4508.977715215531,4506.980382894284,,176/9E637FE8,176/9E637FE8,0.131068,0.129769,2.7,35.9,0.0,14946820.71416265,0.0,16.977324730601115,232932.88996848976,5485243.793856339,1006.76,1
2026-09-13T21:18:39.640234+00:00,1789334319.6402345,F_lat_centralus_rep2,r3-sub,F01,load,16,1,1000,6,0.1,2062381,2058276,152,460,494290602,200510731,2546.331,,,1,1.0011506080627441,4191.177597264195,4189.179895835566,,176/9EC6FDB8,176/9EC6FDB8,0.108449,0.103066,1.4,36.0,0.0,6276042.734627411,0.0,11.986208571775583,293347.47203349264,6591105.221190103,1006.76,1
2026-09-13T21:18:40.641411+00:00,1789334320.641411,F_lat_centralus_rep2,r3-sub,F01,load,16,1,1000,6,0.1,2066564,2062457,152,460,494290602,200550106,2551.807,,,1,1.0011765956878662,4178.08408428289,4176.086434708765,,176/9F260500,176/9F215C10,0.001302,-0.000089,2.1,36.0,0.0,14838732.810961224,0.0,18.977670954189556,299096.0848363239,6850345.912538915,1006.75,1
2026-09-13T21:18:41.641802+00:00,1789334321.641803,F_lat_centralus_rep2,r3-sub,F01,load,16,1,1000,6,0.1,2071071,2066962,152,460,494290602,200592511,2558.614,,,1,1.000391960144043,4505.234127782327,4503.23491139547,,176/9F84FC50,176/9F84FC50,0.141855,0.136056,1.4,35.9,0.0,14813521.689904641,0.0,16.993339288284794,241108.49507953864,5725293.912973182,1006.75,1
2026-09-13T21:18:42.642427+00:00,1789334322.6424272,F_lat_centralus_rep2,r3-sub,F01,load,16,1,1000,6,0.1,2075269,2071158,152,460,494290602,200632000,2564.086,,,1,1.000624179840088,4195.38132755386,4193.382575134825,,176/9FE85FE0,176/9FE85FE0,0.109682,0.104033,2.1,35.9,0.0,14842831.403867882,0.0,20.98690039986447,299090.3138557257,6584809.894413096,1006.74,1
2026-09-13T21:18:43.644146+00:00,1789334323.6441464,F_lat_centralus_rep2,r3-sub,F01,load,16,1,1000,6,0.1,2079768,2075655,152,460,494290602,200674356,2569.778,,,1,1.0017192363739014,4491.278430756524,4489.281863327871,,176/A04CE7B8,176/A0429DB8,0.004406,-0.000212,1.2,36.0,0.0,6313369.824955046,0.0,11.97940457192227,294735.2803852896,7069980.033164227,1006.73,1
2026-09-13T21:18:44.645138+00:00,1789334324.6451383,F_lat_centralus_rep2,r3-sub,F01,load,16,1,1000,6,0.1,2083953,2079838,152,460,494290602,200713749,2574.753,,,1,1.0009918212890625,4180.853340650295,4178.855322327404,,176/A0A5BE30,176/A0A5BE30,0.141104,0.137682,1.4,36.0,0.0,14567311.830002591,0.0,16.983155744577065,222924.89833996433,5469769.965701742,1006.73,1
2026-09-13T21:18:45.645646+00:00,1789334325.6456468,F_lat_centralus_rep2,r3-sub,F01,load,16,1,1000,6,0.1,2088134,2084017,152,460,494290602,200753077,2579.829,,,1,1.0005085468292236,4178.874846447117,4176.875863023799,,176/A1105D20,176/A1105D20,0.029762,0.029002,2.1,35.9,0.0,15814805.430843355,0.0,19.98983423318401,320920.7967463827,7072152.479280876,1006.72,1
2026-09-13T21:18:46.646680+00:00,1789334326.6466804,F_lat_centralus_rep2,r3-sub,F01,load,16,1,1000,6,0.1,2092628,2088509,152,460,494290602,200795381,2585.918,,,1,1.0010335445404053,4489.360046434094,4487.362111388952,,176/A16EEF38,176/A162FBA0,0.003494,-0.000197,2.1,35.9,0.0,14525786.952200463,0.0,16.982447883707078,292487.7009335644,6587822.1923399465,1006.72,1
2026-09-13T21:18:47.647895+00:00,1789334327.6478958,F_lat_centralus_rep2,r3-sub,F01,load,16,1,1000,6,0.1,2096810,2092689,152,460,494290602,200834722,2591.255,,,1,1.0012154579162598,4176.923125721233,4174.925553685977,,176/A1C63FF8,176/A1C63FF8,0.147349,0.141490,1.0,36.0,0.0,6341092.66871807,0.0,18.97693433493626,220630.8325080571,5484210.173330394,1006.71,1
2026-09-13T21:18:48.648227+00:00,1789334328.648227,F_lat_centralus_rep2,r3-sub,F01,load,16,1,1000,6,0.1,2101323,2097200,152,460,494290602,200877186,2596.617,,,1,1.000331163406372,4511.5059543203,4509.506616427846,,176/A2311FE8,176/A2311FE8,0.029727,0.028516,1.9,36.0,0.0,15518700.77418915,0.0,17.99404103207742,290453.8123261163,7086961.057835261,1006.71,1
2026-09-13T21:18:49.649265+00:00,1789334329.6492653,F_lat_centralus_rep2,r3-sub,F01,load,16,1,1000,6,0.1,2105520,2101394,152,460,494290602,200916688,2601.712,,,1,1.0010383129119873,4192.646720774419,4189.649832482229,,176/A2943258,176/A2845E80,0.004368,-0.000212,1.6,35.9,0.0,13813753.00189513,0.0,14.984441460952176,260966.0355956509,6609223.557841682,1006.7,1
2026-09-13T21:18:50.650755+00:00,1789334330.650756,F_lat_centralus_rep2,r3-sub,F01,load,16,1,1000,6,0.1,2109716,2105589,152,460,494290602,200956206,2607.314,,665790,1,1.001490592956543,4189.754781033749,4188.756269408145,121344,176/A2F87E10,176/A2F87E10,0.033226,0.032305,4.2,36.0,0.0,7439534.682003049,0.0,17.973209260869275,293125.06983551703,6584715.868904973,1006.7,1
2026-09-13T21:18:51.651924+00:00,1789334331.651925,F_lat_centralus_rep2,r3-sub,F01,load,16,1,1000,6,0.1,2114231,2110098,152,460,494290602,201015816,2612.931,,,1,1.001169204711914,4509.727205701646,4503.734212737259,,176/A3533D30,176/A3533D30,0.031170,0.030226,1.3,35.9,0.0,14777474.107643155,0.0,16.98014673243145,266130.8385695588,6003509.66820791,1006.69,1
2026-09-13T21:18:52.653000+00:00,1789334332.6530004,F_lat_centralus_rep2,r3-sub,F01,load,16,1,1000,6,0.1,2118437,2114299,152,460,494290602,201081403,2618.494,,,1,1.001075267791748,4201.482281425184,4196.487651989348,,176/A3B67B50,176/A3B67B50,0.009080,0.006747,2.3,35.9,0.0,14762494.365283148,0.0,21.976369517678087,280682.19147978455,6579595.173227487,1006.69,1
2026-09-13T21:18:53.653340+00:00,1789334333.65334,F_lat_centralus_rep2,r3-sub,F01,load,16,1,1000,6,0.1,2118439,2114299,152,460,494290602,201081403,2618.494,,,1,1.0003397464752197,1.9993207378264897,0.0,,176/A410FFF8,176/A410FFF8,0.073845,0.067994,1.2,36.0,0.0,6272940.790477173,0.0,11.995924426958938,249638.18630612225,5995627.006857688,1006.68,1
2026-09-13T21:18:54.653855+00:00,1789334334.6538558,F_lat_centralus_rep2,r3-sub,F01,load,16,1,1000,6,0.1,2122942,2118800,152,460,494290602,201123788,2624.027,,,1,1.0005156993865967,4500.679002599091,4498.680033466247,,176/A4745FC0,176/A4745FC0,0.041354,0.035913,7.6,36.0,0.0,15171951.833745863,0.0,15.991753062754931,274553.41297334165,6598350.234831347,1006.68,1
2026-09-13T21:18:55.655514+00:00,1789334335.655515,F_lat_centralus_rep2,r3-sub,F01,load,16,1,1000,6,0.1,2127138,2122994,152,460,494290602,201163249,2629.098,,,1,1.0016591548919678,4189.049717668235,4187.053030481548,,176/A4D7BE50,176/A4D7BE50,0.010070,0.010603,1.9,35.9,0.0,15003331.149727117,0.0,19.966871866864796,271209.0222240312,6569049.928675258,1006.67,1
2026-09-13T21:18:56.656354+00:00,1789334336.6563542,F_lat_centralus_rep2,r3-sub,F01,load,16,1,1000,6,0.1,2131321,2127175,152,460,494290602,201202635,2634.033,,,1,1.0008392333984375,4179.492430363922,4177.494107423275,,176/A531FBF0,176/A531FBF0,0.072795,0.069339,2.3,36.0,0.0,6016071.112195271,0.0,11.989937643884069,257328.0417130399,5983390.538823924,1006.67,1
2026-09-13T21:18:57.656865+00:00,1789334337.6568651,F_lat_centralus_rep2,r3-sub,F01,load,16,1,1000,6,0.1,2135832,2131684,152,460,494290602,201245094,2639.389,,,1,1.0005109310150146,4508.69636718872,4506.697388528915,,176/A5953CB0,176/A5953CB0,0.041395,0.037741,1.6,36.0,0.0,14852699.295273358,0.0,22.988254587750067,297933.77639322024,6581202.459547327,1006.66,1
2026-09-13T21:18:58.658431+00:00,1789334338.6584315,F_lat_centralus_rep2,r3-sub,F01,load,16,1,1000,6,0.1,2140009,2135859,152,460,494290602,201284407,2644.686,,,1,1.0015664100646973,4170.467337987286,4168.470465907809,,176/A5F6E808,176/A5E81C98,0.005428,-0.000196,2.1,36.0,0.0,10624765.2607605,0.0,24.960900993459934,271090.36132957094,6571365.54686858,1006.66,1
2026-09-13T21:18:59.659363+00:00,1789334339.6593635,F_lat_centralus_rep2,r3-sub,F01,load,16,1,1000,6,0.1,2144508,2140356,152,460,494290602,201326780,2650.227,,,1,1.000931978225708,4494.810934080762,4492.812796301664,,176/A652DBD8,176/A652DBD8,0.068654,0.062604,1.6,36.0,0.0,7120403.938571006,0.0,12.987895564136455,252847.35177371895,5968672.32735452,1006.65,1
2026-09-13T21:19:00.660410+00:00,1789334340.6604104,F_lat_centralus_rep2,r3-sub,F01,load,16,1,1000,6,0.1,2148867,2144713,152,460,494290602,201367818,2655.623,,,1,1.001046895980835,4354.441352848921,4352.443444451193,,176/A6D7BFC0,176/A6D7BFC0,0.094467,0.095345,2.7,36.0,0.0,15675365.522836024,0.0,55.94143513639357,265141.42450832936,6264741.467336874,1006.64,1
2026-09-13T21:19:01.661978+00:00,1789334341.661979,F_lat_centralus_rep2,r3-sub,F01,load,16,1,1000,6,0.1,2152915,2148759,152,460,494290602,201405924,2661.014,,,1,1.0015685558319092,4041.6604299619867,4039.663562160622,,176/A73D25F8,176/A731BBB0,0.001532,-0.000216,1.6,35.9,0.0,14289010.888638413,0.0,15.974942410916944,322673.8680225086,6978231.254669078,1006.64,1
2026-09-13T21:19:02.662273+00:00,1789334342.6622736,F_lat_centralus_rep2,r3-sub,F01,load,16,1,1000,6,0.1,2157041,2152883,152,460,494290602,201444752,2666.035,,,1,1.0002946853637695,4124.78448638316,4122.785075580259,,176/A797E958,176/A7957D98,0.000239,-0.000197,1.6,35.9,0.0,14876384.14732597,0.0,22.99322423335256,266936.3377682015,6242375.463315806,1006.63,1
2026-09-13T21:19:03.663450+00:00,1789334343.66345,F_lat_centralus_rep2,r3-sub,F01,load,16,1,1000,6,0.1,2161214,2157054,152,460,494290602,201484009,2670.837,,,1,1.001176357269287,4168.096828996117,4166.099178946275,,176/A7F97D08,176/A7F97D08,0.063655,0.058214,1.6,35.9,0.0,6603176.3055525785,0.0,13.983550348896634,249378.64162212287,5768067.691641198,1006.63,1
2026-09-13T21:19:04.664627+00:00,1789334344.6646278,F_lat_centralus_rep2,r3-sub,F01,load,16,1,1000,6,0.1,2165171,2161009,152,460,494290602,201521267,2676.054,,,1,1.0011777877807617,3952.344976381463,3950.34732918592,,176/A853FCC8,176/A853FCC8,0.067388,0.062137,2.1,35.9,0.0,14601426.618147457,0.0,24.97058994428521,243238.51664728223,5998493.048184863,1006.62,1
2026-09-13T21:19:05.665798+00:00,1789334345.665799,F_lat_centralus_rep2,r3-sub,F01,load,16,1,1000,6,0.1,2169221,2165057,152,460,494290602,201559374,2680.67,,,1,1.0011711120605469,4045.2625442463545,4043.2648837306774,,176/A8A5FB88,176/A8A5FB88,0.149516,0.144318,1.6,35.9,0.0,13582813.00387501,0.0,14.98245386757909,225488.92719783884,5431262.383119134,1006.62,1
2026-09-13T21:19:06.666808+00:00,1789334346.6668088,F_lat_centralus_rep2,r3-sub,F01,load,16,1,1000,6,0.1,2173434,2169268,152,460,494290602,201599034,2685.659,,,1,1.0010099411010742,4208.749410985723,4206.751428830022,,176/A8FFFFA8,176/A8FFFFA8,0.025509,0.026139,1.9,36.0,0.0,6317843.350330353,0.0,13.985875089912208,263961.4145183802,5964736.96697995,1006.61,1
2026-09-13T21:19:07.668271+00:00,1789334347.6682427,F_lat_centralus_rep2,r3-sub,F01,load,16,1,1000,6,0.1,2177257,2173089,152,460,494290602,201635029,2690.706,,,1,1.0014338493347168,3817.5262425368746,3815.5291061295834,,176/A9655FA0,176/A9655FA0,0.013021,0.007167,1.7,36.0,0.0,14928994.071782185,0.0,18.972795869265138,267047.09470092505,6688809.255299241,1006.61,1
2026-09-13T21:19:08.669599+00:00,1789334348.6696,F_lat_centralus_rep2,r3-sub,F01,load,16,1,1000,6,0.1,2181521,2177351,152,460,494290602,201675146,2695.83,,,1,1.0013573169708252,4258.220245395413,4256.22295634973,,176/A9B8FFE0,176/A9B8FFE0,0.074551,0.069504,2.3,35.9,0.0,13596649.037515027,0.0,15.978312365461214,219212.45920889944,5535265.889669921,1006.6,1
2026-09-13T21:19:09.670010+00:00,1789334349.67001,F_lat_centralus_rep2,r3-sub,F01,load,16,1,1000,6,0.1,2181523,2177351,152,460,494290602,201675146,2695.83,,,1,1.0004100799560547,1.9991801762811652,0.0,,176/AA0FFE10,176/AA0FFE10,0.134988,0.130686,2.1,35.9,0.0,14776404.492694989,0.0,18.99221167467107,243263.2426201566,5781069.299355771,1006.6,1
2026-09-13T21:19:10.671825+00:00,1789334350.671826,F_lat_centralus_rep2,r3-sub,F01,load,16,1,1000,6,0.1,2185879,2181705,152,460,494290602,201716133,2700.807,,,1,1.0018157958984375,4348.104729266621,4346.108354276141,,176/AA737ED8,176/AA737ED8,0.058461,0.055505,2.7,35.9,0.0,6574430.176650674,0.0,12.976437438123524,262057.1576879141,6588330.93570939,1006.6,1
2026-09-13T21:19:11.672752+00:00,1789334351.6727521,F_lat_centralus_rep2,r3-sub,F01,load,16,1,1000,6,0.1,2190075,2185899,152,460,494290602,201755602,2705.36,,,1,1.0009262561798096,4192.1170256984615,4190.118876496508,,176/AAD57D90,176/AAD57D90,0.024315,0.024448,2.1,36.0,0.0,16291086.28065673,0.0,21.9796412214886,264696.8229319833,6495587.422008871,1006.59,1
2026-09-13T21:19:12.674010+00:00,1789334352.674011,F_lat_centralus_rep2,r3-sub,F01,load,16,1,1000,6,0.1,2194208,2190030,152,460,494290602,201794471,2709.968,,,1,1.0012588500976562,4127.803713891662,4125.806228426434,,176/AB319C48,176/AB319C48,0.058825,0.059073,8.0,36.2,0.0,10435758.943834437,0.0,34.95599564147306,254442.69478881717,6100009.00307078,1006.58,1
2026-09-13T21:19:13.675323+00:00,1789334353.6753235,F_lat_centralus_rep2,r3-sub,F01,load,16,1,1000,6,0.1,2198796,2194662,165,511,494290602,201949551,2715.366,,,1,1.001312494277954,4581.986169371035,4625.928495319668,,176/AB95FFE0,176/AB95FFE0,0.027263,0.031582,7.0,36.0,0.0,6320025.003346581,0.0,13.981649165473954,292353.28798238205,6642057.337750359,1006.58,1
2026-09-13T21:19:14.676674+00:00,1789334354.6766744,F_lat_centralus_rep2,r3-sub,F01,load,16,1,1000,6,0.1,2203024,2198888,165,511,494290602,201989449,2721.187,,,1,1.0013508796691895,4222.296185925137,4220.298884039648,,176/ABF30A48,176/ABE9BD18,0.002110,-0.000174,2.5,36.0,0.0,14791154.929521877,0.0,28.960877339600046,289070.50053786096,6645669.500184049,1006.57,1
2026-09-13T21:19:15.678032+00:00,1789334355.6780324,F_lat_centralus_rep2,r3-sub,F01,load,16,1,1000,6,0.1,2207462,2203324,165,511,494290602,202031224,2727.343,,,1,1.0013580322265625,4431.981226666667,4429.983939047619,,176/AC537EA8,176/AC537EA8,0.092750,0.087183,1.6,36.0,0.0,15429158.705249524,0.0,18.97423238095238,243287.60758857144,5894728.768365715,1006.57,1
2026-09-13T21:19:16.679224+00:00,1789334356.6792247,F_lat_centralus_rep2,r3-sub,F01,load,16,1,1000,6,0.1,2211730,2207590,165,511,494290602,202071389,2733.182,,,1,1.001192331314087,4262.917190344593,4260.9195721672995,,176/ACB7FB98,176/ACB7FB98,0.062304,0.064867,2.1,36.0,0.0,15096240.279989189,0.0,22.972609038876673,273947.3639795157,6658866.425045096,1006.56,1
2026-09-13T21:19:17.681131+00:00,1789334357.6811311,F_lat_centralus_rep2,r3-sub,F01,load,16,1,1000,6,0.1,2215934,2211792,165,511,494290602,202110950,2738.144,,,1,1.001906394958496,4196.000765295195,4194.00457083026,,176/AD213FE8,176/AD213FE8,0.008093,0.003714,1.9,36.0,0.0,6900892.173950456,0.0,11.977166789615211,274286.10235728056,6972652.370673203,1006.56,1
2026-09-13T21:19:18.682561+00:00,1789334358.6825614,F_lat_centralus_rep2,r3-sub,F01,load,16,1,1000,6,0.1,2220398,2216254,165,511,494290602,202152943,2743.358,,,1,1.0014302730560303,4457.624379955446,4455.6272364160395,,176/AD759DD0,176/AD759DD0,0.148556,0.143333,1.9,36.0,0.0,13926960.643439295,0.0,24.964294242582024,228480.2109104986,5590874.522810378,1006.55,1
2026-09-13T21:19:19.683957+00:00,1789334359.6839578,F_lat_centralus_rep2,r3-sub,F01,load,16,1,1000,6,0.1,2224650,2220504,165,511,494290602,202192979,2748.637,,,1,1.0013964176177979,4246.070712051276,4244.073500991985,,176/ADDA3E90,176/ADDA3E90,0.118805,0.113374,1.8,36.0,0.0,14618690.203450773,0.0,20.970716122548637,275788.88354422606,6659198.977227777,1006.55,1
2026-09-13T21:19:20.685515+00:00,1789334360.6855159,F_lat_centralus_rep2,r3-sub,F01,load,16,1,1000,6,0.1,2229082,2224934,165,511,494290602,202234691,2754.147,,786440,1,1.0015580654144287,4425.105396326781,4423.108507610027,120650,176/AE52DD18,176/AE52DD18,0.004967,0.000476,4.1,36.0,0.0,16816550.71394262,0.0,20.96733152591661,341102.53992976167,7980441.949406773,1006.54,1
2026-09-13T21:19:21.686355+00:00,1789334361.6863549,F_lat_centralus_rep2,r3-sub,F01,load,16,1,1000,6,0.1,2233317,2229163,165,511,494290602,202275074,2759.865,,,1,1.0008389949798584,4231.449834831054,4225.454864580998,,176/AEA77E50,176/AEA77E50,0.012391,0.008371,2.0,36.0,0.0,5205744.4065764565,0.0,11.989940500111606,226966.57618198765,5599376.151518537,1006.54,1
2026-09-13T21:19:22.687199+00:00,1789334362.6871998,F_lat_centralus_rep2,r3-sub,F01,load,16,1,1000,6,0.1,2237521,2233362,165,511,494290602,202326647,2764.507,,,1,1.000844955444336,4200.450806222617,4195.455027433104,,176/AEFABDC8,176/AEFABDC8,0.152951,0.147579,2.7,36.0,0.0,14778169.105556943,0.0,20.98227091595503,236102.50390390505,5786671.520394259,1006.53,1
2026-09-13T21:19:23.687807+00:00,1789334363.6878078,F_lat_centralus_rep2,r3-sub,F01,load,16,1,1000,6,0.1,2241903,2237742,165,511,494290602,202367883,2769.588,,,1,1.000607967376709,4379.3375056649575,4377.338720860912,,176/AF627FC0,176/AF627FC0,0.079233,0.074426,1.9,35.9,0.0,18085132.829236377,0.0,102.93741740837304,276207.07510911743,6603110.524216472,1006.53,1
2026-09-13T21:19:24.688981+00:00,1789334364.6889813,F_lat_centralus_rep2,r3-sub,F01,load,16,1,1000,6,0.1,2246076,2241913,165,511,494290602,202407191,2774.878,,,1,1.001173496246338,4168.108740039236,4166.11108428077,,176/AFC5BCE8,176/AFC5BCE8,0.042886,0.043382,2.2,36.0,0.0,6619559.971221363,0.0,14.982418188494737,263918.2928739725,6567488.07739331,1006.52,1
2026-09-13T21:19:25.690448+00:00,1789334365.6904478,F_lat_centralus_rep2,r3-sub,F01,load,16,1,1000,6,0.1,2250629,2246464,165,511,494290602,202450005,2780.439,,,1,1.0014665126800537,4546.332745381155,4544.335674111495,,176/B020FFC0,176/B020FFC0,0.096795,0.091667,1.6,35.9,0.0,14454066.92757237,0.0,15.97657015728058,250661.40187574917,6031092.326628425,1006.51,1
2026-09-13T21:19:26.692177+00:00,1789334366.692177,F_lat_centralus_rep2,r3-sub,F01,load,16,1,1000,6,0.1,2254787,2250620,165,511,494290602,202489129,2785.376,,,1,1.0017292499542236,4150.822190916368,4148.825643445989,,176/B083DEA0,176/B083DEA0,0.068460,0.062577,2.9,35.9,0.0,14981836.659642128,0.0,18.96720096859331,272052.553134945,6548709.644147634,1006.51,1
2026-09-13T21:19:27.693043+00:00,1789334367.693044,F_lat_centralus_rep2,r3-sub,F01,load,16,1,1000,6,0.1,2258943,2254774,165,511,494290602,202528224,2790.215,,,1,1.0008668899536133,4152.4003258741195,4150.402058152332,,176/B0E65FC8,176/B0E65FC8,0.032148,0.028992,2.4,36.0,3245826.225853633,8488257.614750091,10.99047246983044,19.98267721787353,267970.6988932667,6536077.939698042,1006.5,1
2026-09-13T21:19:28.694242+00:00,1789334368.6942427,F_lat_centralus_rep2,r3-sub,F01,load,16,1,1000,6,0.1,2258945,2254774,165,511,494290602,202528224,2790.215,,,1,1.0011987686157227,1.9976053334196964,0.0,,176/B1419FD8,176/B1419FD8,0.085303,0.079738,5.8,36.0,0.0,14789311.03807939,0.0,23.971264001036356,245822.3159226277,6036716.373868987,1006.5,1
2026-09-13T21:19:29.696067+00:00,1789334369.6960673,F_lat_centralus_rep2,r3-sub,F01,load,16,1,1000,6,0.1,2263485,2259312,165,511,494290602,202570959,2796.065,,,1,1.0018246173858643,4531.73132423773,4529.734966826171,,176/B1A4DC68,176/B1A4DC68,0.051323,0.047984,2.0,36.0,0.0,14661504.364234094,0.0,17.967216704026242,284296.26808651304,6556047.721345078,1006.49,1
2026-09-13T21:19:30.697107+00:00,1789334370.6971078,F_lat_centralus_rep2,r3-sub,F01,load,16,1,1000,6,0.1,2267660,2263485,165,511,494290602,202610274,2801.309,,,1,1.0010404586791992,4170.660599980756,4168.662678735256,,176/B1FFFFF8,176/B1FFFFF8,0.028273,0.028622,2.3,35.9,0.0,14484769.196173644,0.0,18.980251832247752,243292.86382824267,6032295.645639998,1006.49,1
2026-09-13T21:19:31.698414+00:00,1789334371.6984143,F_lat_centralus_rep2,r3-sub,F01,load,16,1,1000,6,0.1,2272214,2268037,165,511,494290602,202653132,2806.452,,,1,1.0013065338134766,4548.057808687304,4546.060418345324,,176/B263FC78,176/B263FC78,0.070434,0.065243,1.6,36.0,0.0,6365059.834101944,0.0,11.984342051876954,286892.1656847114,6619111.906479,1006.48,1
2026-09-13T21:19:32.699304+00:00,1789334372.699304,F_lat_centralus_rep2,r3-sub,F01,load,16,1,1000,6,0.1,2276397,2272218,165,511,494290602,202692485,2811.635,,,1,1.000889778137207,4179.2813668105755,4177.283144784847,,176/B2C73CF0,176/B2C73CF0,0.042279,0.037304,2.9,36.0,0.0,15645087.343327213,0.0,19.982220257282215,282329.7891261533,6578197.863358961,1006.48,1
2026-09-13T21:19:33.700008+00:00,1789334373.7000084,F_lat_centralus_rep2,r3-sub,F01,load,16,1,1000,6,0.1,2280579,2276398,165,511,494290602,202731861,2816.413,,,1,1.000704288482666,4179.056738470687,4177.058146056306,,176/B3219F98,176/B3219F98,0.104495,0.099488,1.4,36.0,0.0,14424145.240634719,0.0,18.986627936619573,244438.84453707634,5988068.672200756,1006.47,1
2026-09-13T21:19:34.700264+00:00,1789334374.7002149,F_lat_centralus_rep2,r3-sub,F01,load,16,1,1000,6,0.1,2285085,2280902,165,511,494290602,202774245,2821.596,,,1,1.000206470489502,4505.069836025716,4503.070248881451,,176/B384FFF8,176/B384FFF8,0.073833,0.069177,2.3,36.0,0.0,6732433.951066583,0.0,21.995458586898742,266458.98408312415,6579999.424297943,1006.47,1
2026-09-13T21:19:35.700607+00:00,1789334375.7006075,F_lat_centralus_rep2,r3-sub,F01,load,16,1,1000,6,0.1,2289277,2285092,165,511,494290602,202813671,2826.843,,,1,1.0003926753997803,4190.3545508515235,4188.355335894056,,176/B3E85BA0,176/B3E85BA0,0.044750,0.039384,2.1,36.0,0.0,14772567.176278275,0.0,16.993327138472303,270883.63066203584,6588641.802446215,1006.46,1
2026-09-13T21:19:36.701566+00:00,1789334376.7015665,F_lat_centralus_rep2,r3-sub,F01,load,16,1,1000,6,0.1,2293779,2289592,165,511,494290602,202856033,2832.136,,,1,1.0009589195251465,4497.68708004095,4495.688996042709,,176/B442BF58,176/B442BF58,0.100273,0.099465,3.1,36.0,0.0,14649632.181664787,0.0,16.983713985050233,250742.55806528602,5986991.956516002,1006.45,1
2026-09-13T21:19:37.702575+00:00,1789334377.7025757,F_lat_centralus_rep2,r3-sub,F01,load,16,1,1000,6,0.1,2297972,2293783,165,511,494290602,202895494,2837.351,,,1,1.001009225845337,4188.772582449553,4186.774598866225,,176/B4A63B68,176/B4A63B68,0.075855,0.070685,2.5,36.0,0.0,15700506.64291109,0.0,19.979835833291453,309237.90910976846,6582984.282123035,1006.45,1
2026-09-13T21:19:38.703135+00:00,1789334378.7031353,F_lat_centralus_rep2,r3-sub,F01,load,16,1,1000,6,0.1,2302146,2297955,165,511,494290602,202934803,2842.523,,,1,1.0005595684051514,4171.665667695503,4169.66678620643,,176/B5026540,176/B4FFFCD0,-0.004921,-0.000200,1.9,36.0,0.0,6406655.038257887,0.0,17.989933401657655,266919.6402026282,6356386.167129933,1006.44,1
2026-09-13T21:19:39.704112+00:00,1789334379.704112,F_lat_centralus_rep2,r3-sub,F01,load,16,1,1000,6,0.1,2306588,2302395,165,511,494290602,202976624,2847.458,,,1,1.000976800918579,4437.665284473779,4435.667236169199,,176/B562BC60,176/B562BC60,0.124244,0.119352,1.4,36.0,0.0,14723026.53415717,0.0,17.98243474122648,260766.2832549821,6104683.939120632,1006.44,1
2026-09-13T21:19:40.704479+00:00,1789334380.7044795,F_lat_centralus_rep2,r3-sub,F01,load,16,1,1000,6,0.1,2310781,2306586,165,511,494290602,203016082,2852.409,,,1,1.0003674030303955,4191.46004487773,4189.46077941392,,176/B5C61B70,176/B5C61B70,0.095673,0.089943,2.7,36.0,0.0,14109632.078416623,0.0,16.993756442385266,265787.34892256506,6573385.9180937335,1006.43,1
2026-09-13T21:19:41.705508+00:00,1789334381.705508,F_lat_centralus_rep2,r3-sub,F01,load,16,1,1000,6,0.1,2315342,2311145,165,511,494290602,203058997,2857.804,,,1,1.0010285377502441,4556.313659399355,4554.31571436125,,176/B621E000,176/B621E000,0.142565,0.137421,1.8,36.0,0.0,7029697.690552463,0.0,14.984587785790467,250050.8132990427,6075392.229744168,1006.43,1
2026-09-13T21:19:42.705861+00:00,1789334382.705861,F_lat_centralus_rep2,r3-sub,F01,load,16,1,1000,6,0.1,2319515,2315316,165,511,494290602,203098263,2862.756,,,1,1.0003530979156494,4171.527042496219,4169.5277484427825,,176/B6855FC0,176/B6855FC0,0.108702,0.104859,2.1,36.0,0.0,15039297.655345067,0.0,21.99223458780657,276928.2172237138,6574699.4873150075,1006.42,1
2026-09-13T21:19:43.706989+00:00,1789334383.7069895,F_lat_centralus_rep2,r3-sub,F01,load,16,1,1000,6,0.1,2323693,2319492,165,511,494290602,203137593,2867.715,,,1,1.0011284351348877,4173.29071213233,4171.292966458738,,176/B6E89F68,176/B6E89F68,0.082759,0.077071,2.3,36.0,0.0,10040254.224370016,0.0,25.970693756687545,277913.3927631502,6560320.1042981995,1006.42,1
2026-09-13T21:19:44.708533+00:00,1789334384.7085338,F_lat_centralus_rep2,r3-sub,F01,load,16,1,1000,6,0.1,2323695,2319492,165,511,494290602,203137593,2867.715,,,1,1.0015442371368408,1.996916287709357,0.0,,176/B7425E80,176/B7425E80,0.147584,0.141728,1.9,36.0,0.0,15450828.257210266,0.0,28.955286171785676,248756.86041809845,5935275.527113649,1006.41,1
2026-09-13T21:19:45.709362+00:00,1789334385.7093623,F_lat_centralus_rep2,r3-sub,F01,load,16,1,1000,6,0.1,2328172,2323967,165,511,494290602,203179730,2872.802,,,1,1.000828504562378,4473.293855631752,4471.295511269173,,176/B7A46000,176/B7A46000,0.130648,0.125348,1.9,36.0,0.0,6425396.529660089,0.0,12.98923835675961,271865.75797915994,6484857.266168609,1006.41,1
2026-09-13T21:19:46.710524+00:00,1789334386.7105243,F_lat_centralus_rep2,r3-sub,F01,load,16,1,1000,6,0.1,2332297,2328090,165,511,494290602,203218560,2877.828,,,1,1.001162052154541,4120.212098653594,4118.214420060307,,176/B8107D10,176/B8107D10,0.006457,0.001600,7.4,36.0,0.0,14613929.85132995,0.0,14.982589449649431,305547.93736107403,7171847.93865085,1006.4,1
2026-09-13T21:19:47.711757+00:00,1789334387.711757,F_lat_centralus_rep2,r3-sub,F01,load,16,1,1000,6,0.1,2336851,2332642,165,511,494290602,203261430,2883.011,,,1,1.001232624053955,4548.393540714861,4546.396002927986,,176/B8631D20,176/B8631D20,0.150081,0.144738,1.8,36.0,0.0,14690627.97858589,0.0,17.97784008187692,224881.80527751808,5462416.8935442865,1006.4,1
2026-09-13T21:19:48.712034+00:00,1789334388.7120347,F_lat_centralus_rep2,r3-sub,F01,load,16,1,1000,6,0.1,2341026,2336815,165,511,494290602,203300730,2887.852,,,1,1.0002777576446533,4173.840683842498,4171.841239203532,,176/B8C61BF0,176/B8C61BF0,0.116502,0.112048,2.7,36.0,0.0,16428588.83386053,0.0,42.98805973777902,269343.1878705337,6552014.127988075,1006.39,1
2026-09-13T21:19:49.713291+00:00,1789334389.713292,F_lat_centralus_rep2,r3-sub,F01,load,16,1,1000,6,0.1,2345194,2340981,165,511,494290602,203339964,2892.636,,,1,1.0012571811676025,4162.766648164803,4160.769159370098,,176/B9317B88,176/B9317B88,0.006848,0.001612,2.1,36.0,0.0,7756264.969749096,0.0,13.9824215629336,295066.048520601,7077676.078923187,1006.38,1
2026-09-13T21:19:50.713580+00:00,1789334390.7135801,F_lat_centralus_rep2,r3-sub,F01,load,16,1,1000,6,0.1,2349694,2345479,165,511,494290602,203382314,2897.997,,907707,1,1.0002882480621338,4498.703257503909,4496.703833833908,121267,176/B9949CA0,176/B9949CA0,0.040969,0.037368,5.7,36.0,0.0,14327774.046896292,0.0,18.99452486501651,281297.91642070946,6567601.901479033,1006.38,1
2026-09-13T21:19:51.714761+00:00,1789334391.7147615,F_lat_centralus_rep2,r3-sub,F01,load,16,1,1000,6,0.1,2353877,2349656,165,511,494290602,203439003,2902.792,,,1,1.0011813640594482,4178.064185133615,4172.0712649541265,,176/B9E75EE0,176/B9E75EE0,0.121085,0.115619,2.3,36.0,0.0,6357673.273293217,0.0,11.985840358977619,234299.2073372945,5473031.357458066,1006.37,1
2026-09-13T21:19:52.716529+00:00,1789334392.7165298,F_lat_centralus_rep2,r3-sub,F01,load,16,1,1000,6,0.1,2358373,2354147,165,511,494290602,203507579,2907.824,,,1,1.0017683506011963,4488.063530158238,4483.072356303524,,176/BA51DDF8,176/BA51DDF8,0.010866,0.005825,2.7,36.0,0.0,15386040.086762544,0.0,18.9664606479107,297027.75079830387,7046107.012428478,1006.37,1
2026-09-13T21:19:53.718009+00:00,1789334393.71801,F_lat_centralus_rep2,r3-sub,F01,load,16,1,1000,6,0.1,2362540,2358312,165,511,494290602,203546791,2912.959,,,1,1.0014801025390625,4160.841527889934,4158.84448372008,,176/BAA49D18,176/BAA49D18,0.156168,0.151018,2.9,36.0,0.0,13353675.19144333,0.0,19.970441698535797,244776.70537686834,5789630.752822513,1006.36,1
2026-09-13T21:19:54.719380+00:00,1789334394.7193801,F_lat_centralus_rep2,r3-sub,F01,load,16,1,1000,6,0.1,2366717,2362487,165,511,494290602,203586106,2917.636,,,1,1.0013701915740967,4171.284541068668,4169.287277702104,,176/BB10DFC8,176/BB10DFC8,0.031340,0.025343,3.1,36.0,0.0,16337039.126642985,0.0,19.97263366563882,293564.7600393424,6835028.701264818,1006.36,1
2026-09-13T21:19:55.719959+00:00,1789334395.7199593,F_lat_centralus_rep2,r3-sub,F01,load,16,1,1000,6,0.1,2371271,2367039,165,511,494290602,203628965,2922.916,,,1,1.0005791187286377,4551.3642197394975,4549.365377306586,,176/BB6D5290,176/BB639FA8,0.004709,-0.000205,2.3,36.0,0.0,5346279.869199208,0.0,10.993633381013279,266584.61585619097,6568140.266959084,1006.35,1
2026-09-13T21:19:56.721847+00:00,1789334396.721847,F_lat_centralus_rep2,r3-sub,F01,load,16,1,1000,6,0.1,2375441,2371207,165,511,494290602,203668188,2927.805,,,1,1.0018877983093262,4162.142714021296,4160.14648250378,,176/BBC6FD28,176/BBC6FD28,0.141896,0.137205,2.7,36.0,0.0,14578814.13931582,0.0,16.96796789888778,227489.54562038844,5457285.745196708,1006.35,1
2026-09-13T21:19:57.722734+00:00,1789334397.7227347,F_lat_centralus_rep2,r3-sub,F01,load,16,1,1000,6,0.1,2379944,2375708,165,511,494290602,203710553,2933.161,,,1,1.0008876323699951,4499.00653616568,4497.008309856034,,176/BC31DBA8,176/BC31DBA8,0.032292,0.026583,2.3,36.0,0.0,15771984.276217375,0.0,18.983149941627342,296005.25615294994,7064525.298666255,1006.34,1
2026-09-13T21:19:58.724033+00:00,1789334398.7240334,F_lat_centralus_rep2,r3-sub,F01,load,16,1,1000,6,0.1,2384118,2379880,165,511,494290602,203749837,2938.19,,,1,1.0012986660003662,4168.586398574582,4166.588992537891,,176/BC92ACB0,176/BC849FE8,0.003957,-0.000186,2.3,36.0,0.0,6246479.908920314,0.0,18.975357348566618,266237.24673962814,6557671.774624733,1006.34,1
2026-09-13T21:19:59.725240+00:00,1789334399.7252405,F_lat_centralus_rep2,r3-sub,F01,load,16,1,1000,6,0.1,2388293,2384053,165,511,494290602,203789130,2943.351,,,1,1.0012071132659912,4169.966378266057,4167.968789581859,,176/BCE7BE38,176/BCE7BE38,0.142703,0.140148,1.9,36.0,0.0,14686911.234612264,0.0,16.979503815694127,226598.46998083283,5464045.278458396,1006.33,1
2026-09-13T21:20:00.725424+00:00,1789334400.725424,F_lat_centralus_rep2,r3-sub,F01,load,16,1,1000,6,0.1,2392932,2388690,165,511,494290602,203832786,2949.064,,,1,1.0001835823059082,4638.148517999921,4636.14888509714,,176/BD75BF08,176/BD75BF08,0.034963,0.035587,2.9,35.9,0.0,14730607.721067138,0.0,16.99687967363627,294392.95466253994,7058783.132315664,1006.32,1
2026-09-13T21:20:01.726732+00:00,1789334401.7267327,F_lat_centralus_rep2,r3-sub,F01,load,16,1,1000,6,0.1,2396760,2392516,165,511,494290602,203868815,2954.273,,,1,1.0013086795806885,3822.9969219911554,3820.999535929509,,176/BDD91F70,176/BDD91F70,0.050582,0.046960,2.1,35.9,0.0,15487188.232997198,0.0,16.97778152399416,281640.4229294158,6285054.877018939,1006.32,1
2026-09-13T21:20:02.727790+00:00,1789334402.7277906,F_lat_centralus_rep2,r3-sub,F01,load,16,1,1000,6,0.1,2396762,2392516,165,511,494290602,203868815,2954.273,,,1,1.0010578632354736,1.9978865093131488,0.0,,176/BE325C90,176/BE325C90,0.142772,0.142413,2.7,35.9,0.0,5818356.974066273,0.0,10.988375801222318,261701.15596842006,5754975.0235015685,1006.31,1
2026-09-13T21:20:03.729269+00:00,1789334403.729269,F_lat_centralus_rep2,r3-sub,F01,load,16,1,1000,6,0.1,2401125,2396877,165,511,494290602,203909876,2959.557,,,1,1.0014784336090088,4356.559116582411,4354.562069084551,,176/BE953E40,176/BE953E40,0.052310,0.050225,2.5,35.9,0.0,14327106.324490031,0.0,21.96752247646414,285768.51023007947,6517385.478266066,1006.31,1
2026-09-13T21:20:04.730446+00:00,1789334404.730446,F_lat_centralus_rep2,r3-sub,F01,load,16,1,1000,6,0.1,2405272,2401022,165,511,494290602,203948957,2964.876,,,1,1.0011770725250244,4142.124419150985,4140.1267705282935,,176/BEE8BFF8,176/BEE8BFF8,0.147896,0.144902,8.0,35.9,0.0,14679169.55282919,0.0,16.980013292878404,241311.9583238971,5516082.171230468,1006.3,1
2026-09-13T21:20:05.731623+00:00,1789334405.7316232,F_lat_centralus_rep2,r3-sub,F01,load,16,1,1000,6,0.1,2409488,2405236,165,511,494290602,203988617,2970.046,,,1,1.0011770725250244,4211.043296633844,4209.0456480111525,,176/BF42DF60,176/BF42DF60,0.138002,0.132411,2.5,35.9,0.0,14384604.27752158,0.0,15.981188981532615,252171.17623684852,5959422.327713032,1006.3,1
2026-09-13T21:20:06.732889+00:00,1789334406.7328892,F_lat_centralus_rep2,r3-sub,F01,load,16,1,1000,6,0.1,2413283,2409029,165,511,494290602,204024295,2974.395,,,1,1.0012660026550293,3790.2015947179907,3788.2041235218285,,176/BFA71FC8,176/BFA71FC8,0.010757,0.007490,3.7,35.9,0.0,6778490.413139874,0.0,22.97091875586661,280720.6069662593,6632753.9159322735,1006.29,1
2026-09-13T21:20:07.734093+00:00,1789334407.734093,F_lat_centralus_rep2,r3-sub,F01,load,16,1,1000,6,0.1,2417504,2413248,165,511,494290602,204064022,2979.712,,,1,1.0012037754058838,4215.924973204205,4213.927377860351,,176/BFFB3DB0,176/BFFB3DB0,0.076142,0.070720,2.1,35.9,0.0,13606916.328773504,0.0,14.981965078906203,231256.6189696365,5560293.655248321,1006.29,1
2026-09-13T21:20:08.735444+00:00,1789334408.7354445,F_lat_centralus_rep2,r3-sub,F01,load,16,1,1000,6,0.1,2421685,2417427,165,511,494290602,204103358,2984.355,,,1,1.0013515949249268,4175.35660919725,4173.359308738413,,176/C0543BA8,176/C0543BA8,0.091924,0.086226,3.3,35.9,0.0,14439363.829129377,0.0,19.97300458836283,242387.3904332242,5859062.920292106,1006.28,1
2026-09-13T21:20:09.736469+00:00,1789334409.7364695,F_lat_centralus_rep2,r3-sub,F01,load,16,1,1000,6,0.1,2425458,2421198,165,511,494290602,204138866,2988.801,,,1,1.0010249614715576,3769.1367800194494,3767.138827843452,,176/C0B69D90,176/C0B69D90,0.031248,0.026145,2.3,35.9,0.0,14497268.857977761,0.0,17.98156958397829,277746.32072239264,6491062.910607171,1006.28,1
2026-09-13T21:20:10.737355+00:00,1789334410.7373552,F_lat_centralus_rep2,r3-sub,F01,load,16,1,1000,6,0.1,2429538,2425276,165,511,494290602,204177257,2994.131,,,1,1.0008857250213623,4076.3894398762845,4074.391209758698,,176/C1103CB8,176/C1103CB8,0.061343,0.058894,3.7,35.9,0.0,6269518.930211607,0.0,11.989380705518483,236172.81582765587,5914005.817071337,1006.27,1
2026-09-13T21:20:11.739170+00:00,1789334411.7391703,F_lat_centralus_rep2,r3-sub,F01,load,16,1,1000,6,0.1,2434019,2429755,165,511,494290602,204219424,2999.28,,,1,1.0018150806427002,4472.881359627047,4470.884983211235,,176/C1727B40,176/C1727B40,0.034294,0.029051,3.3,35.9,0.0,10593507.928820107,0.0,73.8659273850483,257131.28598018477,6472308.238602524,1006.27,1
2026-09-13T21:20:12.740134+00:00,1789334412.7401345,F_lat_centralus_rep2,r3-sub,F01,load,16,1,1000,6,0.1,2438155,2433889,165,511,494290602,204258344,3004.018,,,1,1.0009641647338867,4132.016055839106,4130.0179823111375,,176/C1D319B0,176/C1C41BA8,0.003543,-0.000194,6.6,36.1,0.0,9141649.943514924,0.0,15.984588223748961,276072.82032266026,6512135.228870022,1006.26,1
2026-09-13T21:20:13.741545+00:00,1789334413.7415452,F_lat_centralus_rep2,r3-sub,F01,load,16,1,1000,6,0.1,2442724,2438500,178,562,494290602,204413043,3009.453,,,1,1.001410722732544,4562.563487968848,4604.504321082152,,176/C231FB90,176/C231FB90,0.050976,0.045822,5.5,36.0,0.0,7517842.408814203,0.0,20.970416556652616,246351.4663861735,6119978.40733809,1006.26,1
2026-09-13T21:20:14.742669+00:00,1789334414.7426693,F_lat_centralus_rep2,r3-sub,F01,load,16,1,1000,6,0.1,2446867,2442641,178,562,494290602,204452022,3014.401,,,1,1.0011241436004639,4138.3479026887,4136.350148451341,,176/C2952000,176/C2952000,0.036632,0.031865,2.9,35.9,0.0,15318204.138846716,0.0,28.967436441702215,282519.4076159217,6530445.841099552,1006.25,1
2026-09-13T21:20:15.743839+00:00,1789334415.7438397,F_lat_centralus_rep2,r3-sub,F01,load,16,1,1000,6,0.1,2451118,2446890,178,562,494290602,204492017,3019.461,,,1,1.0011703968048096,4246.030459517057,4244.032797574212,,176/C2FA3C10,176/C2FA3C10,0.006920,0.001369,2.3,35.9,0.0,14515618.965942428,0.0,17.97895748560504,288870.90641413047,6669350.2138195895,1006.25,1
2026-09-13T21:20:16.745163+00:00,1789334416.7451637,F_lat_centralus_rep2,r3-sub,F01,load,16,1,1000,6,0.1,2455500,2451270,178,562,494290602,204533283,3024.514,,,1,1.001323938369751,4376.206172733976,4374.208817109726,,176/C3511B40,176/C3511B40,0.120863,0.115672,3.1,35.9,0.0,15032897.370362848,0.0,19.973556242510163,242093.4831485929,5739121.7564979,1006.24,1
2026-09-13T21:20:17.746204+00:00,1789334417.7462041,F_lat_centralus_rep2,r3-sub,F01,load,16,1,1000,6,0.1,2459679,2455447,178,562,494290602,204572618,3029.271,,,1,1.0010404586791992,4174.656442471755,4172.658521226255,,176/C3B5BD58,176/C3B5BD58,0.101318,0.098799,2.1,35.9,0.0,6284916.803763479,0.0,11.987527472998579,273675.25220855756,6631283.423607677,1006.24,1
2026-09-13T21:20:18.746599+00:00,1789334418.7466,F_lat_centralus_rep2,r3-sub,F01,load,16,1,1000,6,0.1,2464180,2459946,178,562,494290602,204614992,3034.473,,,1,1.0003957748413086,4499.219322186749,4497.22011342328,,176/C420FF88,176/C420FF88,0.013141,0.007292,3.9,35.9,0.0,16119572.27883938,0.0,24.990109543361193,281603.54840031994,7071004.474326281,1006.23,1
2026-09-13T21:20:19.748379+00:00,1789334419.7483795,F_lat_centralus_rep2,r3-sub,F01,load,16,1,1000,6,0.1,2464182,2459946,178,562,494290602,204614992,3034.473,,,1,1.001779556274414,1.9964472098411907,0.0,,176/C474DBD0,176/C474DBD0,0.149026,0.145691,2.7,35.9,0.0,13958903.345966745,0.0,16.96980128365012,243287.0569912475,5742341.18072202,1006.23,1
2026-09-13T21:20:20.748637+00:00,1789334420.7486374,F_lat_centralus_rep2,r3-sub,F01,load,16,1,1000,6,0.1,2468407,2464169,178,562,494290602,204654735,3039.894,,1027778,1,1.000257968902588,4223.910362479161,4221.910878283905,120071,176/C4E9DE60,176/C4E9DE60,0.076068,0.076986,4.9,35.9,0.0,15847431.855395427,0.0,18.995099854935876,316898.25010618806,7512568.990821822,1006.22,1
2026-09-13T21:20:21.749247+00:00,1789334421.7492476,F_lat_centralus_rep2,r3-sub,F01,load,16,1,1000,6,0.1,2472625,2468381,178,562,494290602,204697969,3044.748,,,1,1.000610113143921,4215.428111901675,4209.431770348472,,176/C5415C48,176/C5415C48,0.047195,0.041933,2.4,36.0,0.0,6209843.2929852605,0.0,11.992683106405904,234181.1230187881,5785348.2829704,1006.22,1
2026-09-13T21:20:22.749969+00:00,1789334422.7499692,F_lat_centralus_rep2,r3-sub,F01,load,16,1,1000,6,0.1,2477004,2472755,178,562,494290602,204749023,3049.027,,,1,1.0007216930389404,4375.841985299706,4370.845591162574,,176/C5A4FFE8,176/C5A4FFE8,0.015352,0.009895,3.1,35.9,0.0,14767710.246314146,0.0,16.98774006624686,264811.88710444805,6561700.466449751,1006.21,1
2026-09-13T21:20:23.751595+00:00,1789334423.7515953,F_lat_centralus_rep2,r3-sub,F01,load,16,1,1000,6,0.1,2481178,2476927,178,562,494290602,204788341,3053.693,,,1,1.0016260147094727,4167.224032425608,4165.227279175763,,176/C5F8C0E8,176/C5F7DE10,-0.003195,-0.000166,2.3,35.9,0.0,13736128.85243473,0.0,19.967532498445653,238541.12861605608,5818424.156735198,1006.2,1
2026-09-13T21:20:24.752157+00:00,1789334424.7521574,F_lat_centralus_rep2,r3-sub,F01,load,16,1,1000,6,0.1,2485674,2481421,178,562,494290602,204830629,3058.841,,,1,1.0005621910095215,4493.473809422822,4491.474933173079,,176/C6623B68,176/C6623B68,0.049606,0.044344,8.0,35.9,0.0,7380938.502731933,0.0,14.991571873074362,267734.48208123504,6679789.682295119,1006.2,1
2026-09-13T21:20:25.753810+00:00,1789334425.7538102,F_lat_centralus_rep2,r3-sub,F01,load,16,1,1000,6,0.1,2489828,2485573,178,562,494290602,204869718,3063.84,,,1,1.001652717590332,4147.145938957012,4145.149238938256,,176/C6C57E58,176/C6C57E58,0.018001,0.013308,2.7,35.9,0.0,14475915.39998229,0.0,16.971950159429273,273936.26072327286,6522384.34066927,1006.19,1
2026-09-13T21:20:26.755347+00:00,1789334426.755348,F_lat_centralus_rep2,r3-sub,F01,load,16,1,1000,6,0.1,2493972,2489715,178,562,494290602,204908741,3068.624,,,1,1.001537799835205,4137.637142284457,4135.640213161732,,176/C720BFC8,176/C720BFC8,0.068656,0.063347,3.3,35.9,0.0,15017418.21674109,0.0,17.972362104517426,244121.5898593443,6013933.773633972,1006.19,1
2026-09-13T21:20:27.755509+00:00,1789334427.7555099,F_lat_centralus_rep2,r3-sub,F01,load,16,1,1000,6,0.1,2498491,2494232,178,562,494290602,204951275,3074.023,,,1,1.00016188621521,4518.268554604393,4516.2688783244175,,176/C7843D88,176/C7843D88,0.034702,0.029502,2.1,35.9,0.0,5938238.681014917,0.0,11.998057679852337,281387.4472511569,6526551.441288796,1006.18,1
2026-09-13T21:20:28.756553+00:00,1789334428.756553,F_lat_centralus_rep2,r3-sub,F01,load,16,1,1000,6,0.1,2502643,2498381,178,562,494290602,204990358,3078.703,,,1,1.0010430812835693,4147.673639256537,4144.676765239734,,176/C7E6FE88,176/C7E6FE88,0.006449,0.001710,2.9,35.9,0.0,15659058.329338348,0.0,21.977076123228283,262082.62651753088,6510457.064088967,1006.18,1
2026-09-13T21:20:29.757683+00:00,1789334429.757683,F_lat_centralus_rep2,r3-sub,F01,load,16,1,1000,6,0.1,2507162,2502899,178,562,494290602,205032932,3084.057,,,1,1.0011301040649414,4513.898824589597,4512.899953417968,,176/C8425C30,176/C8425C30,0.050863,0.048598,1.9,35.9,0.0,14778051.264194421,0.0,19.977423432571793,270493.3144058505,6016195.073491966,1006.17,1
2026-09-13T21:20:30.757881+00:00,1789334430.7578819,F_lat_centralus_rep2,r3-sub,F01,load,16,1,1000,6,0.1,2511309,2507044,178,562,494290602,205071974,3088.847,,,1,1.0001988410949707,4146.175569909738,4144.175967512869,,176/C8A51E58,176/C8A51E58,0.018056,0.016899,4.1,35.9,0.0,14988379.694169775,0.0,16.99662037339415,273245.6675322719,6518939.7668787055,1006.17,1
2026-09-13T21:20:31.759064+00:00,1789334431.7590647,F_lat_centralus_rep2,r3-sub,F01,load,16,1,1000,6,0.1,2515459,2511191,178,562,494290602,205111013,3093.757,,,1,1.0011827945709229,4145.097201534078,4142.10074572574,,176/C8FF7F68,176/C8F81EC8,0.000249,-0.000213,2.3,35.9,0.0,5097586.602242059,0.0,9.98818602779296,258341.43515305655,5975040.754234849,1006.16,1
2026-09-13T21:20:32.760581+00:00,1789334432.760582,F_lat_centralus_rep2,r3-sub,F01,load,16,1,1000,6,0.1,2519920,2515651,178,562,494290602,205153018,3099.512,,,1,1.0015172958374023,4454.241597764927,4453.243112762066,,176/C9627B48,176/C9627B48,0.057577,0.052316,3.5,35.9,0.0,15704811.155406712,0.0,19.969700057228994,269252.4643566214,6490149.523144414,1006.15,1
2026-09-13T21:20:33.761748+00:00,1789334433.7617486,F_lat_centralus_rep2,r3-sub,F01,load,16,1,1000,6,0.1,2524080,2519809,178,562,494290602,205192159,3104.373,,,1,1.001166582107544,4155.152673237288,4153.155003682847,,176/C9C59FF0,176/C9C59FF0,0.024302,0.020814,2.3,35.9,0.0,14613863.728052769,0.0,22.973199876071543,279223.2631372141,6535623.658378495,1006.15,1
2026-09-13T21:20:34.762699+00:00,1789334434.7626991,F_lat_centralus_rep2,r3-sub,F01,load,16,1,1000,6,0.1,2528612,2524339,178,562,494290602,205234816,3109.776,,,1,1.000950574874878,4527.6960858596985,4525.697985203979,,176/CA213FE0,176/CA213FE0,0.076414,0.070926,2.7,35.9,0.0,14817530.82748766,0.0,17.982905901472765,256658.02732778646,6026839.03823532,1006.14,1
2026-09-13T21:20:35.763872+00:00,1789334435.7638352,F_lat_centralus_rep2,r3-sub,F01,load,16,1,1000,6,0.1,2532771,2528496,178,562,494290602,205273970,3114.683,,,1,1.001136064529419,4154.280469313555,4152.282738864258,,176/CA843FA0,176/CA843FA0,0.039997,0.038125,2.1,35.9,0.0,6145210.64416136,0.0,11.986382695783279,270790.36467178795,6539795.370449973,1006.14,1
2026-09-13T21:20:36.764342+00:00,1789334436.7643423,F_lat_centralus_rep2,r3-sub,F01,load,16,1,1000,6,0.1,2536926,2532649,178,562,494290602,205313111,3119.169,,,1,1.000507116317749,4152.893999686877,4150.895013405439,,176/CAE7BF88,176/CAE7BF88,0.010444,0.007016,2.9,35.9,0.0,11180506.18287397,0.0,27.985807940128172,282012.9866126716,6554661.024437195,1006.13,1
2026-09-13T21:20:37.765658+00:00,1789334437.7656586,F_lat_centralus_rep2,r3-sub,F01,load,16,1,1000,6,0.1,2536928,2532649,178,562,494290602,205313111,3119.169,,,1,1.0013163089752197,1.997370842832737,0.0,,176/CB41DFF0,176/CB41DFF0,0.078043,0.072798,2.7,35.9,0.0,6017295.380084646,0.0,11.984225056996422,244751.8309681951,5933536.632475877,1006.13,1
2026-09-13T21:20:38.766741+00:00,1789334438.7667413,F_lat_centralus_rep2,r3-sub,F01,load,16,1,1000,6,0.1,2541402,2537121,178,562,494290602,205355239,3124.823,,,1,1.0010826587677002,4469.161423200904,4467.1635861766745,,176/CBA59BF8,176/CBA59BF8,0.048634,0.043346,3.3,36.0,0.0,10032530.19322409,0.0,19.978370242292822,264946.1537237026,6548029.718214414,1006.12,1
2026-09-13T21:20:39.767057+00:00,1789334439.7670577,F_lat_centralus_rep2,r3-sub,F01,load,16,1,1000,6,0.1,2545569,2541286,178,562,494290602,205394487,3129.627,,,1,1.0003163814544678,4165.682055452446,4163.682688015224,,176/CBFFFCD8,176/CBFFFCD8,0.020632,0.021428,2.0,35.9,0.0,15097175.53364631,0.0,79.97469748888784,243594.93108140348,5954831.001906507,1006.12,1
2026-09-13T21:20:40.768107+00:00,1789334440.7681074,F_lat_centralus_rep2,r3-sub,F01,load,16,1,1000,6,0.1,2550039,2545754,178,562,494290602,205436594,3134.912,,,1,1.0010497570037842,4465.312506921774,4463.314604234113,,176/CC633DD0,176/CC633DD0,0.082249,0.076579,4.0,35.9,0.0,15000189.446070898,0.0,16.982172845116366,268676.9544852737,6537114.618145063,1006.11,1
2026-09-13T21:20:41.769413+00:00,1789334441.769414,F_lat_centralus_rep2,r3-sub,F01,load,16,1,1000,6,0.1,2554210,2549923,178,562,494290602,205475871,3140.39,,,1,1.0013065338134766,4165.557558198231,4163.560167856252,,176/CCC69E88,176/CCC69E88,0.049328,0.043974,3.5,36.0,0.0,6422329.00998718,0.0,11.984342051876954,279157.2715853958,6546236.121156707,1006.11,1
2026-09-13T21:20:42.769597+00:00,1789334442.7695978,F_lat_centralus_rep2,r3-sub,F01,load,16,1,1000,6,0.1,2558372,2554083,178,562,494290602,205515038,3145.322,,,1,1.0001838207244873,4161.235078753061,4159.235446326943,,176/CD207BD8,176/CD207BD8,0.112332,0.107922,6.4,36.0,0.0,14419365.421801517,0.0,17.996691835068503,245105.94444771548,5938401.398752585,1006.1,1
2026-09-13T21:20:43.770908+00:00,1789334443.7709079,F_lat_centralus_rep2,r3-sub,F01,load,16,1,1000,6,0.1,2562845,2558554,178,562,494290602,205557156,3150.632,,,1,1.001310110092163,4467.147544918221,4465.15016171012,,176/CD835E20,176/CD835E20,0.085124,0.079798,2.5,36.0,0.0,14754941.402359493,0.0,22.96990689316322,272507.9845392601,6513546.536946173,1006.1,1
2026-09-13T21:20:44.771939+00:00,1789334444.7719393,F_lat_centralus_rep2,r3-sub,F01,load,16,1,1000,6,0.1,2566999,2562706,178,562,494290602,205596243,3155.558,,,1,1.0010313987731934,4149.71998389951,4147.722044571682,,176/CDE71ED8,176/CDE71ED8,0.054591,0.048582,4.1,36.0,0.0,7168798.1104236385,0.0,14.984544958712723,275155.2052588583,6567090.710697537,1006.09,1
2026-09-13T21:20:45.773322+00:00,1789334445.7733223,F_lat_centralus_rep2,r3-sub,F01,load,16,1,1000,6,0.1,2571541,2567246,178,562,494290602,205638985,3160.818,,,1,1.0013830661773682,4535.726789687401,4533.729551999295,,176/CE429C30,176/CE429C30,0.099774,0.096908,3.1,36.0,0.0,14471632.774178741,0.0,15.97790150484333,238551.068086155,6034783.495060243,1006.09,1
2026-09-13T21:20:46.774490+00:00,1789334446.7744906,F_lat_centralus_rep2,r3-sub,F01,load,16,1,1000,6,0.1,2575702,2571405,178,562,494290602,205678161,3166.055,,,1,1.0011682510375977,4156.1445797822635,4154.146913557903,,176/CEA61BF0,176/CEA61BF0,0.071852,0.066575,2.9,36.0,0.0,14671116.452981088,0.0,16.980162907065242,286359.46026342135,6549300.772576898,1006.08,1
2026-09-13T21:20:47.775656+00:00,1789334447.7756567,F_lat_centralus_rep2,r3-sub,F01,load,16,1,1000,6,0.1,2579863,2575564,178,562,494290602,205717307,3171.063,,,1,1.0011661052703857,4156.153487513679,4154.155817007783,,176/CEFFFDD0,176/CEFFFDD0,0.047237,0.046877,2.9,36.0,0.0,6345496.483107834,0.0,13.983693541262076,241224.7065982885,5926336.268043756,1006.07,1
2026-09-13T21:20:48.776772+00:00,1789334448.7767725,F_lat_centralus_rep2,r3-sub,F01,load,16,1,1000,6,0.1,2584343,2580042,178,562,494290602,205759487,3176.572,,,1,1.0011157989501953,4475.006792119237,4473.009021229897,,176/CF63BEF0,176/CF63BEF0,0.099173,0.099297,4.9,36.0,0.0,14999199.908488339,0.0,20.97659433805892,275212.91771533305,6565072.698774751,1006.07,1
2026-09-13T21:20:49.778021+00:00,1789334449.7780213,F_lat_centralus_rep2,r3-sub,F01,load,16,1,1000,6,0.1,2588501,2584198,178,562,494290602,205798626,3181.498,,,1,1.001248836517334,4152.813814458815,4150.816309016554,,176/CFC71DC8,176/CFC71DC8,0.067001,0.068267,3.1,36.0,0.0,14669935.64865502,0.0,16.978796259211123,286831.7939813437,6538845.051518475,1006.06,1
2026-09-13T21:20:50.778322+00:00,1789334450.7783225,F_lat_centralus_rep2,r3-sub,F01,load,16,1,1000,6,0.1,2592979,2588674,178,562,494290602,205840775,3186.999,,1148765,1,1.0003011226654053,4476.651978624105,4474.652580688141,120987,176/D0319ED0,176/D0319ED0,0.040283,0.041143,6.3,36.0,0.0,15732094.709708605,0.0,19.993979359643166,312223.9822822517,7034830.653043081,1006.06,1
2026-09-13T21:20:51.779334+00:00,1789334451.7793343,F_lat_centralus_rep2,r3-sub,F01,load,16,1,1000,6,0.1,2597141,2592830,178,562,494290602,205897910,3191.633,,,1,1.001011848449707,4157.792943655759,4151.799008609643,,176/D0845BA8,176/D0845BA8,0.108107,0.102933,2.5,36.0,0.0,5311233.836276731,0.0,9.989891743526572,218898.50788415424,5453767.61369502,1006.05,1
2026-09-13T21:20:52.779575+00:00,1789334452.7795758,F_lat_centralus_rep2,r3-sub,F01,load,16,1,1000,6,0.1,2601306,2596990,178,562,494290602,205963452,3196.79,,,1,1.0002415180206299,4163.994320333839,4158.995527632358,,176/D0E79E28,176/D0E79E28,0.070001,0.068696,3.3,36.0,0.0,15438191.398571312,0.0,19.995170805924797,272785.1174783693,6542386.895666764,1006.05,1
2026-09-13T21:20:53.781402+00:00,1789334453.7814028,F_lat_centralus_rep2,r3-sub,F01,load,16,1,1000,6,0.1,2601308,2596990,178,562,494290602,205963452,3196.79,,,1,1.0018270015716553,1.996352660551594,0.0,,176/D141BBB0,176/D141BBB0,0.139921,0.134963,2.3,36.0,0.0,6001962.405252588,0.0,10.979939633033768,245539.39913188276,5938229.844740808,1006.04,1
2026-09-13T21:20:54.783230+00:00,1789334454.7832308,F_lat_centralus_rep2,r3-sub,F01,load,16,1,1000,6,0.1,2605783,2601463,178,562,494290602,206005584,3202.362,,,1,1.0018279552459717,4466.834825847203,4464.838475087048,,176/D1A4FCB8,176/D1A4FCB8,0.111881,0.106437,3.9,36.0,0.0,14886324.465100782,0.0,22.95803374178451,273717.65637411585,6534513.202311963,1006.04,1
2026-09-13T21:20:55.784244+00:00,1789334455.7842443,F_lat_centralus_rep2,r3-sub,F01,load,16,1,1000,6,0.1,2609944,2605622,178,562,494290602,206044733,3207.501,,,1,1.0010135173797607,4156.787024107103,4154.789049089508,,176/D20FFFC8,176/D20FFFC8,0.006454,0.001582,3.1,36.0,0.0,14669292.417186389,0.0,18.980762667155723,293195.84091955447,7034209.706209875,1006.03,1
2026-09-13T21:20:56.785432+00:00,1789334456.7854323,F_lat_centralus_rep2,r3-sub,F01,load,16,1,1000,6,0.1,2614420,2610096,178,562,494290602,206086885,3213.166,,,1,1.001188039779663,4470.688644048382,4468.691017308414,,176/D2631FA0,176/D2631FA0,0.141930,0.139212,3.7,36.0,0.0,14973570.802243333,0.0,17.978640659711996,227771.39851789124,5456235.774852254,1006.03,1
2026-09-13T21:20:57.785594+00:00,1789334457.785595,F_lat_centralus_rep2,r3-sub,F01,load,16,1,1000,6,0.1,2618580,2614254,178,562,494290602,206126059,3218.27,,,1,1.0001626014709473,4159.323687850209,4157.324013000281,,176/D2C61FE8,176/D2C61FE8,0.112728,0.108415,2.7,36.0,0.0,6298623.834499567,0.0,11.998049099567913,278417.7288677483,6540523.50125793,1006.02,1
2026-09-13T21:20:58.787127+00:00,1789334458.787127,F_lat_centralus_rep2,r3-sub,F01,load,16,1,1000,6,0.1,2622741,2618413,178,562,494290602,206165205,3223.528,,,1,1.0015320777893066,4154.634776336494,4152.63783580473,,176/D3230BB8,176/D3217DE0,-0.001300,-0.000187,3.9,36.0,0.0,14796658.36835788,0.0,19.96940531764717,278453.38774927217,6661249.44767219,1006.01,1
2026-09-13T21:20:59.788027+00:00,1789334459.788027,F_lat_centralus_rep2,r3-sub,F01,load,16,1,1000,6,0.1,2627285,2622955,178,562,494290602,206207980,3229.018,,,1,1.0009000301361084,4539.913940638087,4537.915739079707,,176/D3851C10,176/D3851C10,0.132468,0.126979,2.5,36.0,0.0,11585348.836909452,0.0,17.983814025414958,265189.32161876897,5912470.598282691,1006.01,1
2026-09-13T21:21:00.789379+00:00,1789334460.7893794,F_lat_centralus_rep2,r3-sub,F01,load,16,1,1000,6,0.1,2631763,2627431,178,562,494290602,206250148,3234.496,,,1,1.001352310180664,4471.952533062094,4469.955234029909,,176/D412FFF8,176/D412FFF8,0.043155,0.047076,7.4,36.0,0.0,10438875.40251849,0.0,16.97704177357204,297632.5085286202,6875962.565820376,1006.0,1
2026-09-13T21:21:01.789661+00:00,1789334461.7896616,F_lat_centralus_rep2,r3-sub,F01,load,16,1,1000,6,0.1,2635686,2631352,178,562,494290602,206287093,3239.249,,,1,1.0002822875976562,3921.8928982754805,3919.8934626913483,,176/D475DCE8,176/D475DCE8,0.052846,0.047449,2.7,36.0,0.0,14798766.491758766,0.0,16.99520246512444,267526.4805924841,6360791.427468748,1006.0,1
2026-09-13T21:21:02.790527+00:00,1789334462.7905278,F_lat_centralus_rep2,r3-sub,F01,load,16,1,1000,6,0.1,2639981,2635645,178,562,494290602,206327511,3244.224,,,1,1.000866174697876,4291.282999244629,4289.284730094806,,176/D4D25FF8,176/D4CE5EC8,-0.001398,-0.000185,3.5,36.0,0.0,9662286.771674754,0.0,19.98269149822877,261172.77874727515,6161944.679428967,1005.99,1
2026-09-13T21:21:03.791467+00:00,1789334463.7914677,F_lat_centralus_rep2,r3-sub,F01,load,16,1,1000,6,0.1,2644110,2639772,178,562,494290602,206366396,3249.689,,,1,1.0009398460388184,4125.123019470512,4123.124897397627,,176/D5327D08,176/D5327D08,0.071002,0.065194,2.9,36.0,0.0,7140808.73919251,0.0,15.98497658307779,246146.66003659624,6083852.115688314,1005.99,1
2026-09-13T21:21:04.792400+00:00,1789334464.7924004,F_lat_centralus_rep2,r3-sub,F01,load,16,1,1000,6,0.1,2648387,2644047,178,562,494290602,206406658,3254.634,,,1,1.0009326934814453,4273.014587148446,4271.016450797196,,176/D5875FD8,176/D5875FD8,0.133572,0.129987,3.1,35.9,0.0,17003021.392782077,0.0,50.952476956878826,235975.90680994024,5613545.282906835,1005.98,1
2026-09-13T21:21:05.793034+00:00,1789334465.793035,F_lat_centralus_rep2,r3-sub,F01,load,16,1,1000,6,0.1,2652621,2648279,178,562,494290602,206446537,3260.339,,,1,1.0006346702575684,4231.314510529749,4229.315779065163,,176/D5EBBFD8,176/D5EBBFD8,0.011307,0.005883,3.1,35.9,0.0,15383004.864340574,0.0,18.98794891357233,265637.4078379477,6607134.648151069,1005.98,1
2026-09-13T21:21:06.794114+00:00,1789334466.7941146,F_lat_centralus_rep2,r3-sub,F01,load,16,1,1000,6,0.1,2656647,2652303,178,562,494290602,206484444,3265.292,,,1,1.0010795593261719,4021.6583811879113,4019.6605379781804,,176/D6435C10,176/D6435C10,0.029031,0.023355,2.7,35.9,0.0,14390097.036539685,0.0,28.968726541095236,239938.97164544807,5791792.416481536,1005.97,1
2026-09-13T21:21:07.795981+00:00,1789334467.7959087,F_lat_centralus_rep2,r3-sub,F01,load,16,1,1000,6,0.1,2660490,2656144,178,562,494290602,206520648,3270.092,,,1,1.0017940998077393,3836.1176221117043,3834.1212038852605,,176/D6965FD0,176/D6965FD0,0.104017,0.100275,2.3,36.0,0.0,5282554.569861839,0.0,9.98209113221885,234300.64126455408,5447478.679548359,1005.97,1
2026-09-13T21:21:08.796163+00:00,1789334468.7960737,F_lat_centralus_rep2,r3-sub,F01,load,16,1,1000,6,0.1,2664667,2660319,178,562,494290602,206559981,3275.138,,,1,1.0001649856567383,4176.310968592104,4174.311298508986,,176/D6F36DF8,176/D6E99F18,-0.001955,-0.000418,3.7,35.9,0.0,14481066.831678504,0.0,23.996040997416923,271359.2296192893,6434491.401210395,1005.96,1
2026-09-13T21:21:09.797111+00:00,1789334469.797111,F_lat_centralus_rep2,r3-sub,F01,load,16,1,1000,6,0.1,2664669,2660319,178,562,494290602,206559981,3275.138,,,1,1.001037359237671,1.9979274315227138,0.0,,176/D751DD28,176/D751DD28,0.037773,0.031653,2.5,36.0,0.0,6743212.865842038,0.0,16.982383167943066,240815.1881400115,5928378.142169814,1005.96,1
2026-09-13T21:21:10.797420+00:00,1789334470.7974205,F_lat_centralus_rep2,r3-sub,F01,load,16,1,1000,6,0.1,2669046,2664693,178,562,494290602,206601177,3279.975,,,1,1.0003094673156738,4375.645880614987,4372.646808729713,,176/D7ABC450,176/D7A39FE0,0.003230,-0.000191,4.1,36.0,0.0,13700975.995736487,0.0,15.995050054795474,270996.1355533723,6447349.755977808,1005.95,1
2026-09-13T21:21:11.798525+00:00,1789334471.798525,F_lat_centralus_rep2,r3-sub,F01,load,16,1,1000,6,0.1,2673146,2668791,178,562,494290602,206639764,3285.24,,,1,1.0011045932769775,4095.476164562602,4093.478371311596,,176/D80FFD18,176/D80FFD18,0.036010,0.030306,3.7,36.0,0.0,17155578.063808054,0.0,23.97351901207377,250340.47559370383,6076283.17845207,1005.95,1
2026-09-13T21:21:12.799384+00:00,1789334472.7993844,F_lat_centralus_rep2,r3-sub,F01,load,16,1,1000,6,0.1,2677707,2673351,178,562,494290602,206682753,3290.984,,,1,1.000859260559082,4557.084277216175,4556.085135739039,,176/D86DB458,176/D8625E18,0.003958,-0.000213,7.3,36.2,0.0,6629823.25436384,0.0,11.989697725629052,267145.4524491723,6468771.639664328,1005.94,1
2026-09-13T21:21:13.800219+00:00,1789334473.800219,F_lat_centralus_rep2,r3-sub,F01,load,16,1,1000,6,0.1,2681841,2677529,191,613,494290602,206833198,3295.852,,,1,1.0008347034454346,4130.552213835564,4174.515517514511,,176/D8C5BBB0,176/D8C5BBB0,0.137388,0.137534,6.7,36.0,0.0,18150609.623610433,0.0,34.97080974461653,238507.91662023368,5506958.322913999,1005.94,1
2026-09-13T21:21:14.800399+00:00,1789334474.8003993,F_lat_centralus_rep2,r3-sub,F01,load,16,1,1000,6,0.1,2686036,2681722,191,613,494290602,206872759,3300.418,,,1,1.0001802444458008,4194.2440108127175,4192.244371236645,,176/D9319B50,176/D9319B50,0.029801,0.026682,4.1,35.9,0.0,16090283.81571086,0.0,27.994954065019332,304298.1519482439,7099853.290878319,1005.93,1
2026-09-13T21:21:15.801571+00:00,1789334475.8015716,F_lat_centralus_rep2,r3-sub,F01,load,16,1,1000,6,0.1,2690558,2686242,191,613,494290602,206915343,3305.967,,,1,1.0011723041534424,4516.705047912458,4514.707389775389,,176/D992C740,176/D9859FA0,0.004009,-0.000191,2.7,35.9,0.0,13705532.946801323,0.0,14.982436028015673,275077.5254743677,6649134.19236949,1005.93,1
2026-09-13T21:21:16.802600+00:00,1789334476.8026001,F_lat_centralus_rep2,r3-sub,F01,load,16,1,1000,6,0.1,2694791,2690473,191,613,494290602,206955210,3310.886,,,1,1.0010285377502441,4228.650673150069,4226.652728111964,,176/D9EAB1F8,176/D9E91CA0,-0.001255,-0.000169,3.5,35.9,0.0,6763731.2470798725,0.0,14.984587785790467,254895.83001644828,6101921.94293265,1005.92,1
2026-09-13T21:21:17.804166+00:00,1789334477.8041666,F_lat_centralus_rep2,r3-sub,F01,load,16,1,1000,6,0.1,2699201,2694881,191,613,494290602,206996720,3316.308,,,1,1.0015664100646973,4403.102935246332,4401.106063166855,,176/DA53DFD8,176/DA53DFD8,0.062855,0.060847,3.5,35.9,0.0,15654965.903845724,0.0,20.967156834506344,275134.02729051147,6379998.3064400405,1005.92,1
2026-09-13T21:21:18.804924+00:00,1789334478.8049245,F_lat_centralus_rep2,r3-sub,F01,load,16,1,1000,6,0.1,2703439,2699117,191,613,494290602,207036619,3321.367,,,1,1.0007579326629639,4234.790314100141,4232.791828817412,,176/DAB87D78,176/DAB87D78,0.038319,0.032992,8.3,35.9,0.0,14554344.786698123,0.0,17.986367544549914,296490.28033228486,6659089.85829079,1005.91,1
2026-09-13T21:21:19.805811+00:00,1789334479.8058116,F_lat_centralus_rep2,r3-sub,F01,load,16,1,1000,6,0.1,2707651,2703327,191,613,494290602,207076234,3326.243,,,1,1.000887155532837,4208.266612990633,4206.268385729004,,176/DB10DD90,176/DB10DD90,0.132929,0.128013,2.3,36.0,0.0,6265417.600110528,0.0,15.985818093031842,246849.00653807446,5814715.44302285,1005.91,1
2026-09-13T21:21:20.806639+00:00,1789334480.8066392,F_lat_centralus_rep2,r3-sub,F01,load,16,1,1000,6,0.1,2712052,2707726,191,613,494290602,207117650,3331.381,,1268466,1,1.0008275508880615,4397.360960032398,4395.362613765626,119701,176/DB7AB528,176/DB74FFE0,-0.002597,-0.000820,6.9,36.0,0.0,15396410.686663292,0.0,17.985116400950503,326253.0090326423,7489667.918662624,1005.9,1
2026-09-13T21:21:21.807954+00:00,1789334481.807955,F_lat_centralus_rep2,r3-sub,F01,load,16,1,1000,6,0.1,2716250,2711918,191,613,494290602,207163078,3335.835,,,1,1.0013158321380615,4192.483395609767,4186.491280227762,,176/DBD8BD70,176/DBD8BD70,0.072041,0.066909,2.5,35.9,0.0,14918481.78221987,0.0,18.975032043017052,239537.80845335624,5689209.954701425,1005.89,1
2026-09-13T21:21:22.809123+00:00,1789334482.8091233,F_lat_centralus_rep2,r3-sub,F01,load,16,1,1000,6,0.1,2720685,2716348,191,613,494290602,207212944,3341.198,,,1,1.0011682510375977,4429.824852519668,4424.830686958767,,176/DC321FF0,176/DC321FF0,0.152080,0.146622,3.3,36.0,0.0,5964999.383281212,0.0,10.987164233983393,260759.36759824006,6035233.332397283,1005.89,1
2026-09-13T21:21:23.810155+00:00,1789334483.8101556,F_lat_centralus_rep2,r3-sub,F01,load,16,1,1000,6,0.1,2724864,2720525,191,613,494290602,207252268,3345.813,,,1,1.0010323524475098,4174.690248304568,4172.6923108801575,,176/DC94FFC0,176/DC94FFC0,0.122239,0.116771,2.9,35.9,0.0,14722209.490999216,0.0,16.982468107484483,263320.16078753234,6389244.0482690325,1005.88,1
2026-09-13T21:21:24.810527+00:00,1789334484.8105278,F_lat_centralus_rep2,r3-sub,F01,load,16,1,1000,6,0.1,2729025,2724684,191,613,494290602,207291445,3350.989,,,1,1.0003721714019775,4159.451970928521,4157.452714994405,,176/DCF7FFF0,176/DCF7FFF0,0.090290,0.085390,3.3,35.9,0.0,15079955.671755884,0.0,22.991443242335013,275249.55998536653,6548871.697239067,1005.88,1
2026-09-13T21:21:25.811705+00:00,1789334485.8117056,F_lat_centralus_rep2,r3-sub,F01,load,16,1,1000,6,0.1,2733491,2729148,191,613,494290602,207333494,3356.672,,,1,1.0011777877807617,4460.74618764711,4458.748540451567,,176/DD5202E0,176/DD51DE70,-0.004114,-0.000193,2.9,35.9,0.0,6259507.628401684,0.0,11.9858831732569,258586.4400506377,6253781.37271566,1005.87,1
2026-09-13T21:21:26.811999+00:00,1789334486.8119993,F_lat_centralus_rep2,r3-sub,F01,load,16,1,1000,6,0.1,2733493,2729148,191,613,494290602,207333494,3356.672,,,1,1.0002937316894531,1.9994127091270342,0.0,,176/DDB4BFD8,176/DDB4BFD8,0.123792,0.118867,3.5,35.9,0.0,14704416.846797166,0.0,17.994714382143307,251641.0850389557,6217959.588225199,1005.87,1
2026-09-13T21:21:27.812578+00:00,1789334487.812578,F_lat_centralus_rep2,r3-sub,F01,load,16,1,1000,6,0.1,2737648,2733301,191,613,494290602,207372611,3361.24,,,1,1.0005786418914795,4152.597133340211,4150.598289954729,,176/DE1D97C0,176/DE105B90,-0.001919,-0.000195,3.9,35.9,0.0,10704845.727820057,0.0,71.95836187737551,309705.791255146,7129251.716302046,1005.86,1
2026-09-13T21:21:28.814160+00:00,1789334488.8141603,F_lat_centralus_rep2,r3-sub,F01,load,16,1,1000,6,0.1,2742182,2737833,191,613,494290602,207415265,3366.509,,,1,1.001582384109497,4526.836805372892,4524.839965141144,,176/DE735F50,176/DE735F50,0.141731,0.136591,3.4,35.9,0.0,13871681.671351252,0.0,19.968402317480773,226682.3015281576,5435610.775882832,1005.86,1
2026-09-13T21:21:29.815396+00:00,1789334489.8153963,F_lat_centralus_rep2,r3-sub,F01,load,16,1,1000,6,0.1,2746340,2741989,191,613,494290602,207454424,3371.534,,,1,1.0012359619140625,4152.86721428898,4150.869683161376,,176/DED63FF8,176/DED63FF8,0.111115,0.106717,3.1,36.0,0.0,6381872.248959873,0.0,18.976545712239208,269415.013304479,6526776.153252968,1005.85,1
2026-09-13T21:21:30.815832+00:00,1789334490.8158326,F_lat_centralus_rep2,r3-sub,F01,load,16,1,1000,6,0.1,2750500,2746147,191,613,494290602,207493572,3376.582,,,1,1.0004363059997559,4158.185758605421,4156.186630836861,,176/DF340D90,176/DF31FC30,-0.001404,-0.000173,3.7,36.0,0.0,15246851.707122795,0.0,17.99214991704269,276188.4973015638,6535997.30516137,1005.84,1
2026-09-13T21:21:31.816877+00:00,1789334491.8168774,F_lat_centralus_rep2,r3-sub,F01,load,16,1,1000,6,0.1,2755040,2750685,191,613,494290602,207536317,3382.167,,,1,1.001044750213623,4535.261784282035,4533.2638716017345,,176/DF953BE0,176/DF953BE0,0.128688,0.123172,2.1,35.9,0.0,14771127.861011755,0.0,16.982257782553877,243164.95336302833,6071962.316073172,1005.84,1
2026-09-13T21:21:32.818274+00:00,1789334492.8182745,F_lat_centralus_rep2,r3-sub,F01,load,16,1,1000,6,0.1,2759199,2754842,191,613,494290602,207575482,3386.995,,,1,1.0013971328735352,4153.197431338395,4151.200221705629,,176/DFF89EF8,176/DFF89EF8,0.097909,0.092689,3.5,35.9,0.0,15064520.862678695,0.0,19.972096327667206,271333.910473972,6547288.567909253,1005.83,1
2026-09-13T21:21:33.819286+00:00,1789334493.8192863,F_lat_centralus_rep2,r3-sub,F01,load,16,1,1000,6,0.1,2763672,2759313,191,613,494290602,207617569,3392.104,,,1,1.001011848449707,4468.478576879435,4466.48059853073,,176/E055BA90,176/E0529DA0,0.001596,-0.000229,3.1,36.0,0.0,6170524.364487913,0.0,10.988880917879229,288853.72380737343,6960548.979306179,1005.83,1
2026-09-13T21:21:34.819611+00:00,1789334494.8196115,F_lat_centralus_rep2,r3-sub,F01,load,16,1,1000,6,0.1,2767844,2763483,191,613,494290602,207656847,3397.373,,,1,1.0003252029418945,4170.6436944009865,4168.6443445954255,,176/E0B59E38,176/E0B59E38,0.130571,0.125276,3.5,36.0,0.0,14818604.946076764,0.0,22.992522763955584,238749.3580064009,5539660.486112819,1005.82,1
2026-09-13T21:21:35.821323+00:00,1789334495.821323,F_lat_centralus_rep2,r3-sub,F01,load,16,1,1000,6,0.1,2772006,2767643,191,613,494290602,207695990,3402.67,,,1,1.001711368560791,4154.889452816887,4152.892869706451,,176/E1201F20,176/E1201F20,0.020244,0.017277,3.1,35.9,0.0,15718124.495903112,0.0,18.967539549140042,303272.98814275535,7021337.903058016,1005.82,1
2026-09-13T21:21:36.822793+00:00,1789334496.8227932,F_lat_centralus_rep2,r3-sub,F01,load,16,1,1000,6,0.1,2776494,2772129,191,613,494290602,207738235,3407.387,,,1,1.0014703273773193,4481.410858925106,4479.413795262483,,176/E177DF70,176/E1731BC0,0.002793,-0.000144,8.1,35.9,0.0,13578754.785089577,0.0,14.977977469669472,276041.12917051447,6574493.342446597,1005.81,1
2026-09-13T21:21:37.823346+00:00,1789334497.823346,F_lat_centralus_rep2,r3-sub,F01,load,16,1,1000,6,0.1,2780666,2776299,191,613,494290602,207777513,3412.577,,,1,1.0005526542663574,4169.695599937283,4167.696704635299,,176/E1D63E28,176/E1D63E28,0.131562,0.128314,2.3,36.0,0.0,6181543.743477493,0.0,12.992819462891822,237760.60058971238,5464455.0456057275,1005.81,1
2026-09-13T21:21:38.823521+00:00,1789334498.8235211,F_lat_centralus_rep2,r3-sub,F01,load,16,1,1000,6,0.1,2785213,2780844,191,613,494290602,207820309,3419.064,,,1,1.0001752376556396,4546.203333985692,4544.203684399597,,176/E2429E00,176/E2429E00,0.008290,0.004613,4.1,36.0,0.0,15959315.326996483,0.0,27.995094205322047,295568.205320618,7151264.829116487,1005.8,1
2026-09-13T21:21:39.824563+00:00,1789334499.8245637,F_lat_centralus_rep2,r3-sub,F01,load,16,1,1000,6,0.1,2789389,2785018,191,613,494290602,207859636,3424.352,,,1,1.0010426044464111,4171.650618516262,4169.65270155337,,176/E295BFC8,176/E295BFC8,0.147710,0.144823,2.3,35.9,0.0,9312786.44744142,0.0,20.978128110354763,232227.87818162722,5461422.896204686,1005.8,1
2026-09-13T21:21:40.825852+00:00,1789334500.8258529,F_lat_centralus_rep2,r3-sub,F01,load,16,1,1000,6,0.1,2793558,2789185,191,613,494290602,207898870,3428.739,,,1,1.0012891292572021,4163.632539477121,4161.635114416206,,176/E2F97FF8,176/E2F97FF8,0.121447,0.115979,3.5,36.0,0.0,11789473.84434024,0.0,14.980687956861793,272912.1809229254,6564102.024033559,1005.79,1
2026-09-13T21:21:41.827778+00:00,1789334501.8277235,F_lat_centralus_rep2,r3-sub,F01,load,16,1,1000,6,0.1,2797984,2793609,191,613,494290602,207940538,3434.121,,,1,1.0018706321716309,4417.736040836238,4415.739775115119,,176/E362E000,176/E362E000,0.026359,0.024386,3.1,36.0,0.0,15490766.473870756,0.0,21.95892293230846,302161.76647858834,6943731.831844175,1005.79,1
2026-09-13T21:21:42.828771+00:00,1789334502.8287718,F_lat_centralus_rep2,r3-sub,F01,load,16,1,1000,6,0.1,2802145,2797768,191,613,494290602,207979702,3439.132,,,1,1.0010483264923096,4156.642481567514,4154.6445760248225,,176/E3C261D8,176/E3B59D70,0.005591,-0.000196,3.1,35.9,0.0,13838165.084936507,0.0,15.983244341523724,259273.19703879842,6549362.130171212,1005.78,1
2026-09-13T21:21:43.830170+00:00,1789334503.8301709,F_lat_centralus_rep2,r3-sub,F01,load,16,1,1000,6,0.1,2802147,2797768,191,613,494290602,207979702,3439.132,,,1,1.001399040222168,1.9972058287136814,0.0,,176/E420BCC8,176/E420BCC8,0.060776,0.058560,3.1,36.0,0.0,7239791.240853946,0.0,13.980440800995769,251438.22780590891,5954843.933819853,1005.77,1
2026-09-13T21:21:44.831835+00:00,1789334504.8318355,F_lat_centralus_rep2,r3-sub,F01,load,16,1,1000,6,0.1,2806637,2802256,191,613,494290602,208021983,3445.124,,,1,1.001664638519287,4482.538194257663,4480.541518001869,,176/E4827BA0,176/E4827BA0,0.050037,0.047194,3.7,36.0,0.0,14794700.172212033,0.0,20.965100685837623,273417.8581015432,6435841.650085236,1005.77,1
2026-09-13T21:21:45.832852+00:00,1789334505.8328521,F_lat_centralus_rep2,r3-sub,F01,load,16,1,1000,6,0.1,2810735,2806352,191,613,494290602,208060563,3450.432,,,1,1.001016616821289,4093.8381352880315,4091.8401664567536,,176/E4E61FC0,176/E4E61FC0,0.017923,0.014438,2.5,35.9,0.0,14689706.197579747,0.0,16.98273506586055,287458.76458449644,6559043.965573024,1005.76,1
2026-09-13T21:21:46.834174+00:00,1789334506.8341744,F_lat_centralus_rep2,r3-sub,F01,load,16,1,1000,6,0.1,2814908,2810523,191,613,494290602,208099860,3455.175,,,1,1.0013222694396973,4167.4894560520015,4165.492097098706,,176/E541E000,176/E541E000,0.070243,0.065397,3.7,36.0,0.0,6299510.349979166,0.0,11.984153719775707,256909.29668821505,6075133.037242759,1005.76,1
2026-09-13T21:21:47.835177+00:00,1789334507.8351774,F_lat_centralus_rep2,r3-sub,F01,load,16,1,1000,6,0.1,2819444,2815057,191,613,494290602,208142542,3460.162,,,1,1.0010030269622803,4531.454828628531,4529.456832672345,,176/E5A51FE8,176/E5A51FE8,0.039600,0.034334,3.3,36.0,0.0,14473035.15551299,0.0,19.97995956185419,278378.77857935824,6535943.272673574,1005.75,1
2026-09-13T21:21:48.836662+00:00,1789334508.8366623,F_lat_centralus_rep2,r3-sub,F01,load,16,1,1000,6,0.1,2823627,2819238,191,613,494290602,208181916,3465.374,,,1,1.0014848709106445,4176.7979941588355,4174.800959497511,,176/E5FFFF28,176/E5FFFF28,0.008084,0.011445,3.7,35.9,0.0,14691017.735117361,0.0,15.976277290590811,259528.63348166374,6020942.677363724,1005.75,1
2026-09-13T21:21:49.838035+00:00,1789334509.838035,F_lat_centralus_rep2,r3-sub,F01,load,16,1,1000,6,0.1,2828171,2823780,191,613,494290602,208224691,3470.752,,,1,1.0013728141784668,4537.770484340469,4535.773226204756,,176/E663DDF0,176/E663DDF0,0.057777,0.052738,3.1,35.9,0.0,10397757.810653271,0.0,21.969839492845583,282305.44707959075,6594706.693148815,1005.74,1
2026-09-13T21:21:50.839062+00:00,1789334510.8390627,F_lat_centralus_rep2,r3-sub,F01,load,16,1,1000,6,0.1,2832337,2827944,191,613,494290602,208263891,3475.887,,1390078,1,1.0010275840759277,4161.723479224334,4159.725532282796,121612,176/E6C72000,176/E6C72000,0.105776,0.100659,5.6,36.0,0.0,11960317.767918652,0.0,17.98152247384494,268326.2721955388,6560775.2518254835,1005.74,1
2026-09-13T21:21:51.839863+00:00,1789334511.839863,F_lat_centralus_rep2,r3-sub,F01,load,16,1,1000,6,0.1,2836516,2832117,191,613,494290602,208322005,3480.954,,,1,1.000800371170044,4175.65792378184,4169.662722168369,,176/E7201D88,176/E7201D88,0.105759,0.101253,2.8,36.0,0.0,10432354.244427076,0.0,43.96481183211317,251549.66689878007,5860919.08933094,1005.73,1
2026-09-13T21:21:52.840818+00:00,1789334512.8408184,F_lat_centralus_rep2,r3-sub,F01,load,16,1,1000,6,0.1,2840946,2836542,191,613,494290602,208390383,3486.707,,,1,1.00095534324646,4425.7718687348315,4420.776640892016,,176/E7837F80,176/E7837F80,0.072128,0.068751,4.0,36.0,0.0,6645555.213707607,0.0,12.987592391321176,289908.03831350274,6557011.803056992,1005.73,1
2026-09-13T21:21:53.841742+00:00,1789334513.8417425,F_lat_centralus_rep2,r3-sub,F01,load,16,1,1000,6,0.1,2845111,2840705,191,613,494290602,208429574,3491.753,,,1,1.0009241104125977,4161.154633674592,4159.1564801890345,,176/E7E6FFD8,176/E7E6FFD8,0.046079,0.040446,2.7,36.0,0.0,17048181.597869553,0.0,32.969532511707456,268851.5514818326,6550376.728658609,1005.72,1
2026-09-13T21:21:54.842903+00:00,1789334514.8429036,F_lat_centralus_rep2,r3-sub,F01,load,16,1,1000,6,0.1,2849657,2845249,191,613,494290602,208472364,3497.128,,,1,1.0011610984802246,4540.72776788959,4538.730087393378,,176/E8425F10,176/E8425F10,0.092682,0.087136,9.3,36.0,0.0,14720316.263158422,0.0,20.975645210224677,250260.42300319063,6050436.846972286,1005.72,1
2026-09-13T21:21:55.844079+00:00,1789334515.844079,F_lat_centralus_rep2,r3-sub,F01,load,16,1,1000,6,0.1,2853829,2849419,191,613,494290602,208511624,3502.146,,,1,1.0011754035949707,4167.101973359903,4165.10432140719,,176/E8A5BFF8,176/E8A5BFF8,0.060508,0.057141,2.5,36.0,0.0,6177698.710726766,0.0,12.984737692636324,291329.570175894,6542657.736575766,1005.71,1
2026-09-13T21:21:56.845310+00:00,1789334516.845311,F_lat_centralus_rep2,r3-sub,F01,load,16,1,1000,6,0.1,2857991,2853579,191,613,494290602,208550788,3507.202,,,1,1.0012319087982178,4156.879104058583,4154.881564844715,,176/E8FFFE08,176/E8FFFE08,0.039309,0.041105,4.3,36.0,0.0,14555636.782983381,0.0,16.979083317875038,255468.28637035473,5957700.656144547,1005.7,1
2026-09-13T21:21:57.846132+00:00,1789334517.8461325,F_lat_centralus_rep2,r3-sub,F01,load,16,1,1000,6,0.1,2862479,2858065,191,613,494290602,208593057,3512.155,,,1,1.000821590423584,4484.315729140611,4482.317370972545,,176/E9631E80,176/E9631E80,0.097411,0.092172,2.3,36.0,0.0,15437428.756369008,0.0,17.985223512596033,283845.7950130427,6546266.650010125,1005.7,1
2026-09-13T21:21:58.846379+00:00,1789334518.8463793,F_lat_centralus_rep2,r3-sub,F01,load,16,1,1000,6,0.1,2866649,2862233,191,613,494290602,208632295,3516.675,,,1,1.0002467632293701,4168.971251190905,4166.971744595609,,176/E9C5FD60,176/E9C5FD60,0.066646,0.061772,3.3,36.0,0.0,15069561.386367109,0.0,19.99506595295398,261967.35608922187,6544246.120693465,1005.69,1
2026-09-13T21:21:59.847972+00:00,1789334519.8479729,F_lat_centralus_rep2,r3-sub,F01,load,16,1,1000,6,0.1,2866651,2862233,191,613,494290602,208632295,3516.675,,,1,1.0015935897827148,1.9968178914103063,0.0,,176/EA219FF8,176/EA219FF8,0.115042,0.109585,2.7,36.0,0.0,6195566.808036585,0.0,14.976134185577298,250664.5435445186,6066698.171778639,1005.69,1
2026-09-13T21:22:00.849140+00:00,1789334520.849141,F_lat_centralus_rep2,r3-sub,F01,load,16,1,1000,6,0.1,2871197,2866777,191,613,494290602,208675087,3521.368,,,1,1.0011680126190186,4540.696409294811,4538.698742594725,,176/EA84BFC8,176/EA84BFC8,0.078615,0.077107,3.7,36.0,0.0,14982052.773301981,0.0,17.97900030077136,292020.9158852287,6538661.760552181,1005.68,1
2026-09-13T21:22:01.850315+00:00,1789334521.8503156,F_lat_centralus_rep2,r3-sub,F01,load,16,1,1000,6,0.1,2875358,2870936,191,613,494290602,208714247,3527.191,,,1,1.0011746883392334,4156.117856817117,4154.120203437248,,176/EAE8BFF0,176/EAE8BFF0,0.069987,0.064981,3.1,35.9,0.0,14638292.568413598,0.0,16.98005372888512,278773.5279873863,6482333.278686502,1005.68,1
2026-09-13T21:22:02.851480+00:00,1789334522.8514807,F_lat_centralus_rep2,r3-sub,F01,load,16,1,1000,6,0.1,2879473,2875049,191,613,494290602,208752984,3531.985,,,1,1.0011651515960693,4110.210981115172,4108.213308706368,,176/EB42FE00,176/EB42FE00,0.135301,0.129056,3.1,35.9,0.0,14679344.338514728,0.0,16.98021547483789,252881.3548857387,5956366.9295652425,1005.67,1
2026-09-13T21:22:03.851599+00:00,1789334523.8515992,F_lat_centralus_rep2,r3-sub,F01,load,16,1,1000,6,0.1,2883960,2879534,191,613,494290602,208795208,3537.396,,,1,1.0001184940338135,4486.468380264046,4484.468617224035,,176/EBA5FD48,176/EBA5FD48,0.101479,0.095936,2.3,35.9,0.0,6323474.705974371,0.0,13.998341280075026,269689.0434573654,6553079.499176242,1005.67,1
2026-09-13T21:22:04.851892+00:00,1789334524.8518925,F_lat_centralus_rep2,r3-sub,F01,load,16,1,1000,6,0.1,2888118,2883690,191,613,494290602,208834365,3543.189,,,1,1.000293254852295,4156.781003800708,4154.7815901384665,,176/EC0409A0,176/EBFFFDA0,0.002927,-0.000204,3.7,35.9,0.0,14802699.036680432,0.0,21.993550284659833,293119.0414188039,7029642.523220167,1005.66,1
2026-09-13T21:22:05.852213+00:00,1789334525.8522136,F_lat_centralus_rep2,r3-sub,F01,load,16,1,1000,6,0.1,2892588,2888158,191,613,494290602,208876426,3548.391,,,1,1.0003211498260498,4468.56492115288,4466.565563246323,,176/EC629CE0,176/EC629CE0,0.134932,0.135394,2.3,35.9,0.0,6285341.463682275,0.0,12.995826392614639,222858.42905427548,5459484.687442306,1005.65,1
2026-09-13T21:22:06.852385+00:00,1789334526.8523855,F_lat_centralus_rep2,r3-sub,F01,load,16,1,1000,6,0.1,2898146,2893714,191,613,494290602,208928716,3555.113,,,1,1.0001718997955322,5557.044745144546,5555.045088885048,,176/ECA48EC8,176/ECA48EC8,0.258832,0.263711,2.5,35.9,0.0,13121328.446322966,0.0,15.99725007598286,181684.76842545634,4371266.580168652,1005.65,1
2026-09-13T21:22:07.853551+00:00,1789334527.8535519,F_lat_centralus_rep2,r3-sub,F01,load,16,1,1000,6,0.1,2898148,2893714,191,613,494290602,208928716,3555.113,,,1,1.0011663436889648,1.9976700301676797,0.0,,176/ECA48EC8,176/ECA48EC8,1.259535,1.264414,0.0,35.9,0.0,8378835.39821242,0.0,7.990680120670719,2577.9931739313906,387.54798585252985,1005.65,1
2026-09-13T21:22:08.853721+00:00,1789334528.8537216,F_lat_centralus_rep2,r3-sub,F01,load,16,1,1000,6,0.1,2898150,2893714,191,613,494290602,208928716,3555.113,,,1,1.0001697540283203,1.999660549566438,0.0,,176/ECA48EC8,176/ECA48EC8,2.259714,2.264593,0.4,35.9,0.0,8505948.08104856,0.0,14.997454121748284,182.96894028532907,125.97861462268558,1005.65,1
2026-09-13T21:22:09.853890+00:00,1789334529.85389,F_lat_centralus_rep2,r3-sub,F01,drain,0,0,0,0,0,2898152,2893714,191,613,494290602,208928716,3555.113,,,1,1.0001683235168457,1.9996634096223846,0.0,,176/ECA48EC8,176/ECA48EC8,3.260093,3.264972,0.0,35.9,0.0,40953.10662906644,0.0,3.9993268192447693,290.951026100057,1074.8190826720318,1005.65,1
2026-09-13T21:22:10.854174+00:00,1789334530.854174,F_lat_centralus_rep2,r3-sub,F01,drain,0,0,0,0,0,2898154,2893714,191,613,494290602,208928716,3555.113,,,1,1.00028395652771,1.9994322481614208,0.0,,176/ECA48EC8,176/ECA48EC8,4.260188,4.265067,0.6,35.9,0.0,4201303.012584689,0.0,4.998580620403552,182.94805070677,125.96423163416951,1005.65,1
2026-09-13T21:22:11.855109+00:00,1789334531.8551092,F_lat_centralus_rep2,r3-sub,F01,drain,0,0,0,0,0,2898156,2893714,191,613,494290602,208928716,3555.113,,,1,1.0009353160858154,1.9981311158257997,0.0,,176/ECA48EC8,176/ECA48EC8,5.261079,5.265958,4.7,36.1,0.0,0.0,0.0,0.0,0.0,0.0,1005.65,1
2026-09-13T21:22:12.855641+00:00,1789334532.8556411,F_lat_centralus_rep2,r3-sub,F01,drain,0,0,0,0,0,2898164,2893765,204,664,494290602,208959979,3555.113,,,1,1.0005319118499756,7.995746967438613,50.97288691742116,,176/ECA48EC8,176/ECA48EC8,6.261885,6.266764,10.3,35.9,0.0,4707895.814427855,0.0,73.96065944880716,473.7480078207378,1200.3615134867218,1005.65,1
2026-09-13T21:22:13.856671+00:00,1789334533.8566713,F_lat_centralus_rep2,r3-sub,F01,drain,0,0,0,0,0,2898166,2893765,204,664,494290602,208959979,3555.113,,,1,1.0010302066802979,1.997941707106493,0.0,,176/ECA48EC8,176/ECA48EC8,7.262657,7.267536,0.0,35.9,0.0,40917.84616154098,0.0,6.992795974872726,0.0,0.0,1005.65,1
2026-09-13T21:22:14.856853+00:00,1789334534.8568537,F_lat_centralus_rep2,r3-sub,F01,drain,0,0,0,0,0,2898168,2893765,204,664,494290602,208959979,3555.113,,,1,1.0001823902130127,1.9996352860942215,0.0,,176/ECA48EC8,176/ECA48EC8,8.262871,8.267750,0.8,35.9,0.0,81905.06131841932,0.0,5.998905858282665,182.9666286776213,125.97702302393596,1005.65,1
2026-09-13T21:22:15.857901+00:00,1789334535.8579013,F_lat_centralus_rep2,r3-sub,F01,drain,0,0,0,0,0,2898170,2893765,204,664,494290602,208959979,3555.113,,,1,1.0010476112365723,1.9979069702083836,0.0,,176/ECA48EC8,176/ECA48EC8,9.264131,9.269010,0.0,35.9,0.0,20458.56737493385,0.0,3.995813940416767,290.69546416531983,1073.8749964870062,1005.65,1
2026-09-13T21:22:16.858524+00:00,1789334536.8585246,F_lat_centralus_rep2,r3-sub,F01,drain,0,0,0,0,0,2898172,2893765,204,664,494290602,208959979,3555.113,,,1,1.0006232261657715,1.9987543240063304,0.0,,176/ECA48EC8,176/ECA48EC8,10.264491,10.269370,0.8,35.9,0.0,36841.03970008468,0.0,4.996885810015826,3227.9882332702236,16218.891962149368,1005.65,1
2026-09-13T21:22:17.859698+00:00,1789334537.859699,F_lat_centralus_rep2,r3-sub,F01,drain,0,0,0,0,0,2898174,2893765,204,664,494290602,208959979,3555.113,,,1,1.0011744499206543,1.99765385558781,0.0,,176/ECA48F00,176/ECA48F00,0.708288,0.713370,0.0,35.9,0.0,8182.39019248767,0.0,0.998826927793905,185.78180856966634,196.7689047753993,1005.65,1
