sample_time,epoch,run_id,host,level_id,phase_state,clients,rows_per_commit,row_bytes,target_wal_mbps,network_latency_ms,xact_commit,tup_inserted,tup_updated,tup_deleted,blks_read,blks_hit,blk_write_time_ms,db_stats_reset,row_count,apply_workers,interval_sec,commits_per_sec,rows_applied_per_sec,row_count_delta,received_lsn,latest_end_lsn,msg_send_age_sec,msg_receipt_age_sec,cpu_pct,mem_used_pct,disk_read_bytes_per_sec,disk_write_bytes_per_sec,disk_read_iops,disk_write_iops,net_sent_bytes_per_sec,net_recv_bytes_per_sec,data_volume_free_gb,db_connected
2026-09-13T22:05:01.154144+00:00,1789337101.1406434,F_lat_northeurope_rep3,r3-sub-northeur,idle,idle,0,0,0,0,0,2905382,2892689,185,612,913,29305997,3303.634,,,1,1.000072956085205,1.999854098473994,0.0,,17A/224DBE28,17A/224DBE28,2.265552,2.223455,0.4,16.7,0.0,0.0,0.0,0.0,3993.708634652566,17223.743423107273,1017.52,1
2026-09-13T22:05:02.141244+00:00,1789337102.1408577,F_lat_northeurope_rep3,r3-sub-northeur,idle,idle,0,0,0,0,0,2905384,2892689,185,612,913,29305997,3303.634,,,1,1.0002143383026123,1.9995714152569017,0.0,,17A/224DBE28,17A/224DBE28,3.252667,3.210570,0.6,16.7,0.0,200660.9906638606,0.0,9.99785707628451,460.90121121671586,482.8964967845418,1017.52,1
2026-09-13T22:05:03.141817+00:00,1789337103.1413515,F_lat_northeurope_rep3,r3-sub-northeur,idle,idle,0,0,0,0,0,2905386,2892689,185,612,913,29306032,3303.634,,,1,1.0004937648773193,1.9990129576122249,0.0,,17A/224DBE28,17A/224DBE28,4.253381,4.211284,0.6,16.7,0.0,180135.0556363528,0.0,17.991116618510024,1305.3554613207828,863.5735976884812,1017.52,1
2026-09-13T22:05:04.142232+00:00,1789337104.1417894,F_lat_northeurope_rep3,r3-sub-northeur,idle,idle,0,0,0,0,0,2905400,2892689,185,612,913,29365024,3303.634,,,1,1.0004379749298096,13.993871035315543,0.0,,17A/224DD668,17A/224DBE28,0.205956,0.161652,6.8,16.7,0.0,40942.06840046605,0.0,2.998686650424759,2868.7435622396865,3648.402091350124,1017.6,1
2026-09-13T22:05:05.142669+00:00,1789337105.1421647,F_lat_northeurope_rep3,r3-sub-northeur,idle,idle,0,0,0,0,0,2905403,2892689,192,612,913,29365362,3303.634,,,1,1.0003752708435059,2.998874609795614,0.0,,17A/224E32C8,17A/224E32C8,0.839430,0.797295,3.7,16.7,0.0,147400.684820674,0.0,14.994373048978069,623.7659188374877,647.7569157158525,1019.45,1
2026-09-13T22:05:06.143293+00:00,1789337106.1428142,F_lat_northeurope_rep3,r3-sub-northeur,idle,idle,0,0,0,0,0,2905406,2892689,192,612,913,29365362,3303.634,,,1,1.0006494522094727,2.998052907914839,0.0,,17A/224E32C8,17A/224E32C8,1.840167,1.798032,0.6,16.7,0.0,0.0,0.0,0.0,182.88122738280518,125.91822213242322,1019.45,1
2026-09-13T22:05:07.143733+00:00,1789337107.1432376,F_lat_northeurope_rep3,r3-sub-northeur,idle,idle,0,0,0,0,0,2905407,2892689,192,612,913,29365362,3303.634,,,1,1.0004234313964844,0.9995767478217765,0.0,,17A/224E32C8,17A/224E32C8,2.840469,2.798334,0.0,16.7,0.0,155582.12164496386,0.0,4.997883739108882,827.649547196431,1489.369354254447,1019.45,1
2026-09-13T22:05:08.149594+00:00,1789337108.1434445,F_lat_northeurope_rep3,r3-sub-northeur,F01,drain,0,0,0,0,0,2905409,2892689,192,612,913,29365362,3303.634,,,1,1.0002069473266602,1.9995861909833494,0.0,,17A/224E32C8,17A/224E32C8,3.846337,3.804202,0.2,16.7,0.0,4095.1525191338997,0.0,0.9997930954916747,326.93234222577763,428.9112379659285,1019.45,1
2026-09-13T22:05:09.144109+00:00,1789337109.1436362,F_lat_northeurope_rep3,r3-sub-northeur,F01,drain,0,0,0,0,0,2905411,2892689,192,612,913,29365362,3303.634,,,1,1.0001916885375977,1.9996166963997113,0.0,,17A/224E32C8,17A/224E32C8,4.840948,4.798813,0.0,16.7,0.0,135142.0948094781,0.0,5.998850089199133,290.944229326158,179.96550267597402,1019.45,1
2026-09-13T22:05:10.144573+00:00,1789337110.1440802,F_lat_northeurope_rep3,r3-sub-northeur,F01,drain,0,0,0,0,0,2905411,2892689,192,612,913,29365362,3303.634,,,1,1.000443935394287,0.0,0.0,,17A/224E32C8,17A/224E32C8,5.841290,5.799155,0.2,16.7,0.0,458548.4341200992,0.0,73.9671633581703,0.0,0.0,1019.45,1
2026-09-13T22:05:11.145238+00:00,1789337111.1447418,F_lat_northeurope_rep3,r3-sub-northeur,F01,drain,0,0,0,0,0,2905415,2892689,192,612,913,29365362,3303.634,,,1,1.0006616115570068,3.9973553035337197,0.0,,17A/224E32C8,17A/224E32C8,6.842049,6.799914,0.0,16.7,0.0,8186.583661637058,0.0,1.9986776517668599,798.4717218808605,1774.8257547689714,1019.45,1
2026-09-13T22:05:12.145798+00:00,1789337112.1453469,F_lat_northeurope_rep3,r3-sub-northeur,F01,drain,0,0,0,0,0,2905417,2892689,192,612,913,29365362,3303.634,,,1,1.0006051063537598,1.9987905191570232,0.0,,17A/224E32C8,17A/224E32C8,7.842639,7.800504,0.0,16.7,0.0,0.0,0.0,0.0,0.0,0.0,1019.45,1
2026-09-13T22:05:13.146030+00:00,1789337113.1455772,F_lat_northeurope_rep3,r3-sub-northeur,F01,drain,0,0,0,0,0,2905419,2892689,192,612,913,29365362,3303.634,,,1,1.000230312347412,1.999539481368303,0.0,,17A/224E32C8,17A/224E32C8,8.842715,8.800580,0.0,16.7,0.0,102376.42144605711,0.0,7.998157925473212,620.8570089648581,2692.37991166242,1019.45,1
2026-09-13T22:05:14.146357+00:00,1789337114.145859,F_lat_northeurope_rep3,r3-sub-northeur,F01,drain,0,0,0,0,0,2905421,2892689,192,612,913,29365362,3303.634,,,1,1.000281810760498,1.9994365372688647,0.0,,17A/224E32C8,17A/224E32C8,9.843118,9.800983,0.0,16.7,0.0,53232.998368246255,0.0,6.998027880441026,473.8664593327209,1564.5590904128867,1019.45,1
2026-09-13T22:05:15.146405+00:00,1789337115.145928,F_lat_northeurope_rep3,r3-sub-northeur,F01,drain,0,0,0,0,0,2905423,2892689,192,612,913,29365362,3303.634,,,1,1.0000689029693604,1.9998622035558635,0.0,,17A/224E3300,17A/224E3300,0.117717,0.075447,0.0,16.7,0.0,0.0,0.0,0.0,3357.7686397702946,458.9683757160707,1019.45,1
2026-09-13T22:05:16.147010+00:00,1789337116.1465027,F_lat_northeurope_rep3,r3-sub-northeur,F01,drain,0,0,0,0,0,2905425,2892689,192,612,913,29365362,3303.634,,,1,1.0005748271942139,1.9988510060845208,0.0,,17A/224E3300,17A/224E3300,1.118229,1.075959,0.2,16.7,0.0,8187.293720922197,0.0,1.9988510060845208,3284.112202996868,15553.059678343658,1019.45,1
2026-09-13T22:05:17.147308+00:00,1789337117.1468277,F_lat_northeurope_rep3,r3-sub-northeur,F01,drain,0,0,0,0,0,2905427,2892689,192,612,913,29365362,3303.634,,,1,1.0003249645233154,1.9993502820886404,0.0,,17A/224E3300,17A/224E3300,2.118538,2.076268,0.0,16.7,0.0,12284.008133152607,0.0,2.9990254231329607,473.8460168550078,1564.4915957343612,1019.45,1
2026-09-13T22:05:18.147932+00:00,1789337118.1474268,F_lat_northeurope_rep3,r3-sub-northeur,F01,drain,0,0,0,0,0,2905429,2892689,192,612,913,29365362,3303.634,,,1,1.0005991458892822,1.9988024257431287,0.0,,17A/224E3300,17A/224E3300,3.119245,3.076975,0.4,16.7,0.0,20467.73683960964,0.0,1.9988024257431287,182.89042195549627,125.9245528218171,1019.45,1
2026-09-13T22:05:19.148561+00:00,1789337119.1480522,F_lat_northeurope_rep3,r3-sub-northeur,F01,drain,0,0,0,0,0,2905431,2892689,192,612,913,29365362,3303.634,,0,1,1.0006253719329834,1.9987500378252945,0.0,,17A/224E3300,17A/224E3300,4.122592,4.080322,0.0,16.7,0.0,12280.32023239861,0.0,1.9987500378252945,0.0,0.0,1019.45,1
2026-09-13T22:05:20.157898+00:00,1789337120.1484575,F_lat_northeurope_rep3,r3-sub-northeur,F01,drain,0,0,0,0,0,2905433,2892689,192,612,913,29365362,3303.634,,,1,1.0004053115844727,1.9991897052529026,0.0,,17A/224E3300,17A/224E3300,5.129086,5.086816,0.0,16.7,0.0,32754.724130863557,0.0,3.9983794105058053,473.8079601449379,1564.3659443603963,1019.45,1
2026-09-13T22:05:21.149104+00:00,1789337121.14863,F_lat_northeurope_rep3,r3-sub-northeur,F01,drain,0,0,0,0,0,2905438,2892689,192,612,917,29365480,3303.634,,,1,1.0001723766326904,4.99913826537946,0.0,,17A/224E3300,17A/224E3300,6.120306,6.078036,0.0,16.7,0.0,0.0,0.0,0.0,298.9484682696917,327.94347020889256,1019.45,1
2026-09-13T22:05:22.149926+00:00,1789337122.1494224,F_lat_northeurope_rep3,r3-sub-northeur,F01,drain,0,0,0,0,0,2905438,2892689,192,612,917,29365480,3303.634,,,1,1.0007925033569336,0.0,0.0,,17A/224E3300,17A/224E3300,7.121151,7.078881,0.0,16.7,0.0,16371.025907012247,0.0,1.9984162484145809,0.0,0.0,1019.45,1
2026-09-13T22:05:23.150443+00:00,1789337123.1499617,F_lat_northeurope_rep3,r3-sub-northeur,F01,drain,0,0,0,0,0,2905442,2892689,192,612,917,29365480,3303.634,,,1,1.0005393028259277,3.99784395145936,0.0,,17A/224E3300,17A/224E3300,8.121663,8.079393,0.0,16.7,0.0,0.0,0.0,0.0,419.7736149032328,1351.2712555932637,1019.45,1
2026-09-13T22:05:24.150717+00:00,1789337124.1502218,F_lat_northeurope_rep3,r3-sub-northeur,F01,drain,0,0,0,0,0,2905444,2892689,192,612,917,29365480,3303.634,,,1,1.0002601146697998,1.9994799059444939,0.0,,17A/224E3300,17A/224E3300,9.121942,9.079672,0.0,16.7,0.0,40949.34847374324,0.0,3.9989598118889877,170.95553195825423,278.9274468792569,1019.45,1
2026-09-13T22:05:25.150929+00:00,1789337125.150448,F_lat_northeurope_rep3,r3-sub-northeur,F01,drain,0,0,0,0,0,2905446,2892689,192,612,917,29365480,3303.634,,,1,1.0002262592315674,1.9995475839001844,0.0,,17A/224E3300,17A/224E3300,10.122119,10.079849,0.0,16.7,0.0,4095.0734518275776,0.0,0.9997737919500922,158.96403292006465,59.98642751700553,1019.45,1
2026-09-13T22:05:26.151362+00:00,1789337126.1508768,F_lat_northeurope_rep3,r3-sub-northeur,F01,drain,0,0,0,0,0,2905448,2892689,192,612,917,29365480,3303.634,,,1,1.0004286766052246,1.9991430141593316,0.0,,17A/224E3300,17A/224E3300,11.122650,11.080380,0.0,16.7,0.0,0.0,0.0,0.0,182.92158579557884,185.92030031681784,1019.45,1
2026-09-13T22:05:27.151808+00:00,1789337127.1513019,F_lat_northeurope_rep3,r3-sub-northeur,F01,drain,0,0,0,0,0,2905450,2892689,192,612,917,29365480,3303.634,,,1,1.000425100326538,1.9991501606139244,0.0,,17A/224E3300,17A/224E3300,12.123027,12.080757,0.0,16.7,0.0,106450.74775237024,0.0,22.99022684706013,473.7985880655001,1564.3350006803958,1019.45,1
2026-09-13T22:05:28.151990+00:00,1789337128.151537,F_lat_northeurope_rep3,r3-sub-northeur,F01,drain,0,0,0,0,0,2905452,2892689,192,612,917,29365480,3303.634,,,1,1.0002350807189941,1.9995299490619243,0.0,,17A/224E3300,17A/224E3300,13.123232,13.080962,0.0,16.7,0.0,0.0,0.0,0.0,437.8970588445614,2566.39668962098,1019.45,1
2026-09-13T22:05:29.152068+00:00,1789337129.151564,F_lat_northeurope_rep3,r3-sub-northeur,F01,drain,0,0,0,0,0,2905454,2892689,192,612,917,29365480,3303.634,,,1,1.0000269412994385,1.9999461188527512,0.0,,17A/224E3300,17A/224E3300,14.123421,14.081151,0.0,16.7,0.0,16383.558605641738,0.0,2.999919178279127,116.99684795288594,65.99822192214079,1019.45,1
2026-09-13T22:05:30.152336+00:00,1789337130.1518674,F_lat_northeurope_rep3,r3-sub-northeur,F01,drain,0,0,0,0,0,2905456,2892689,192,612,917,29365480,3303.634,,,1,1.0003035068511963,1.9993931704745258,0.0,,17A/224E3300,17A/224E3300,15.123593,15.081323,0.0,16.7,0.0,0.0,0.0,0.0,3527.929249302301,1820.4474817170558,1019.45,1
2026-09-13T22:05:31.152974+00:00,1789337131.1524818,F_lat_northeurope_rep3,r3-sub-northeur,F01,drain,0,0,0,0,0,2905458,2892689,192,612,917,29365480,3303.634,,,1,1.0006144046783447,1.9987719451659458,0.0,,17A/224E3300,17A/224E3300,16.124190,16.081920,0.2,16.7,0.0,4093.484943699857,0.0,0.9993859725829729,3283.982305907649,15492.481346981247,1019.45,1
2026-09-13T22:05:32.153088+00:00,1789337132.1526146,F_lat_northeurope_rep3,r3-sub-northeur,F01,drain,0,0,0,0,0,2905460,2892689,192,612,917,29365480,3303.634,,,1,1.0001327991485596,1.9997344369694252,0.0,,17A/224E3300,17A/224E3300,17.124385,17.082115,0.0,16.7,0.0,0.0,0.0,0.0,182.97570098270242,125.9832695290738,1019.45,1
2026-09-13T22:05:33.159747+00:00,1789337133.1530914,F_lat_northeurope_rep3,r3-sub-northeur,F01,drain,0,0,0,0,0,2905462,2892689,192,612,917,29365480,3303.634,,,1,1.0004768371582031,1.9990467802142076,0.0,,17A/224E3300,17A/224E3300,18.130942,18.088672,0.0,16.7,0.0,53222.62147642306,0.0,3.998093560428415,407.80554316369836,1504.2827021111912,1019.45,1
2026-09-13T22:05:34.153805+00:00,1789337134.1533067,F_lat_northeurope_rep3,r3-sub-northeur,F01,drain,0,0,0,0,0,2905464,2892689,192,612,917,29365480,3303.634,,,1,1.0002152919769287,1.9995695087274596,0.0,,17A/224E3300,17A/224E3300,19.125071,19.082801,0.0,16.7,0.0,32760.9468309907,0.0,2.9993542630911896,65.98579378800618,59.98708526182379,1019.45,1
2026-09-13T22:05:35.154076+00:00,1789337135.1535664,F_lat_northeurope_rep3,r3-sub-northeur,F01,drain,0,0,0,0,0,2905466,2892689,192,612,917,29365787,3303.634,,,1,1.0002596378326416,1.9994808591233288,0.0,,17A/224E3300,17A/224E3300,20.125426,20.083156,0.6,16.7,0.0,12284.810398453732,0.0,2.999221288684993,1371.6438693586035,955.7518506609512,1019.45,1
2026-09-13T22:05:36.160616+00:00,1789337136.1541767,F_lat_northeurope_rep3,r3-sub-northeur,F01,load,16,1,1000,6,99.5,2905471,2892690,192,612,917,29365838,3303.825,,,1,1.0006103515625,4.9969501036964745,0.9993900207392948,,17A/2279DF70,17A/2279DF70,0.173883,0.127917,1.2,16.7,0.0,2431539.9058192023,0.0,6.995730145175064,91675.04599243625,2842678.9664511406,1019.45,1
2026-09-13T22:05:37.155058+00:00,1789337137.154619,F_lat_northeurope_rep3,r3-sub-northeur,F01,load,16,1,1000,6,99.5,2908808,2896025,192,612,917,29394574,3307.102,,,1,1.0004422664642334,3335.5248092362563,3333.5256933781584,,17A/22EB3C38,17A/22EB3C38,0.072036,0.027271,1.6,16.7,0.0,11168948.348704614,0.0,39.98231716195692,238922.332664706,7456555.215689396,1019.44,1
2026-09-13T22:05:38.155645+00:00,1789337138.15521,F_lat_northeurope_rep3,r3-sub-northeur,F01,load,16,1,1000,6,99.5,2913577,2900794,192,612,917,29439162,3311.515,,,1,1.0005910396575928,4766.182996833527,4766.182996833527,,17A/23521C68,17A/23521C68,0.087879,0.043254,1.4,16.7,0.0,32179636.558626927,0.0,52.96869340158879,217842.24659316434,6766816.543067392,1019.42,1
2026-09-13T22:05:39.156116+00:00,1789337139.1556492,F_lat_northeurope_rep3,r3-sub-northeur,F01,load,16,1,1000,6,99.5,2918383,2905596,192,612,917,29484039,3316.41,,,1,1.000439167022705,4803.890289804025,4799.8920457009835,,17A/23B4FDA0,17A/23B4FDA0,0.151301,0.106773,1.6,16.7,0.0,14755503.869297208,0.0,30.98639179856945,215035.56347181438,6473005.269547818,1019.41,1
2026-09-13T22:05:40.156433+00:00,1789337140.155992,F_lat_northeurope_rep3,r3-sub-northeur,F01,load,16,1,1000,6,99.5,2923194,2910405,192,612,917,29529020,3321.126,,,1,1.000342845916748,4809.351133601637,4807.351819058465,,17A/2420FEB0,17A/2420FEB0,0.120482,0.076102,1.4,16.7,0.0,7746975.980917797,0.0,20.992802703312073,227531.99158575528,7097728.57274065,1019.41,1
2026-09-13T22:05:41.156854+00:00,1789337141.1563694,F_lat_northeurope_rep3,r3-sub-northeur,F01,load,16,1,1000,6,99.5,2927709,2914918,192,612,917,29571172,3325.098,,,1,1.0003774166107178,4513.296606891463,4511.297361439905,,17A/2483BE68,17A/2483BE68,0.151613,0.107094,1.4,16.7,0.0,31490450.98072088,0.0,42.983777208490125,204891.67048016307,6549544.093266573,1019.39,1
2026-09-13T22:05:42.157262+00:00,1789337142.1567543,F_lat_northeurope_rep3,r3-sub-northeur,F01,load,16,1,1000,6,99.5,2932471,2919678,192,612,917,29615664,3330.024,,,1,1.00038480758667,4760.1682511431345,4758.169020462268,,17A/24E66318,17A/24E55ED0,0.041964,-0.000250,1.2,16.7,0.0,12528938.769308647,0.0,23.990768170397992,210090.1557141965,6634523.984836691,1019.38,1
2026-09-13T22:05:43.157416+00:00,1789337143.1569605,F_lat_northeurope_rep3,r3-sub-northeur,F01,load,16,1,1000,6,99.5,2937097,2924302,192,612,917,29658916,3334.563,,,1,1.0002062320709229,4625.046167150835,4623.046579529931,,17A/25545F78,17A/25545F78,0.092846,0.045700,1.4,16.7,0.0,24271986.337992106,0.0,35.992577176271084,227038.17744648666,7030133.161079328,1019.36,1
2026-09-13T22:05:44.157703+00:00,1789337144.157267,F_lat_northeurope_rep3,r3-sub-northeur,F01,load,16,1,1000,6,99.5,2941263,2928466,192,612,917,29697867,3338.407,,,1,1.0003066062927246,4164.723069699375,4162.723682724003,,17A/25B71D98,17A/25B71D98,0.078676,0.033990,2.3,16.7,0.0,15011333.430707958,0.0,27.991417655204632,211639.1101170515,6495567.418154777,1019.35,1
2026-09-13T22:05:45.157840+00:00,1789337145.1573515,F_lat_northeurope_rep3,r3-sub-northeur,F01,load,16,1,1000,6,99.5,2941265,2928466,192,612,917,29697867,3338.407,,,1,1.000084400177002,1.9998312138915735,0.0,,17A/26109F40,17A/26109F40,0.075278,0.033388,1.4,16.7,0.0,14449980.419094954,0.0,58.99502080980142,209182.34497305859,5951144.722332071,1019.35,1
2026-09-13T22:05:46.158347+00:00,1789337146.15786,F_lat_northeurope_rep3,r3-sub-northeur,F01,load,16,1,1000,6,99.5,2945720,2932918,192,612,917,29739449,3342.895,,,1,1.0005085468292236,4452.735575441738,4449.73710030676,,17A/26733E88,17A/26733E88,0.122081,0.077651,2.4,16.7,0.0,23392647.743163068,0.0,32.983226484753615,221837.18540275953,6551152.432202843,1019.33,1
2026-09-13T22:05:47.158827+00:00,1789337147.1583652,F_lat_northeurope_rep3,r3-sub-northeur,F01,load,16,1,1000,6,99.5,2949875,2937072,192,612,917,29778254,3346.601,,,1,1.0005052089691162,4152.901916703821,4151.902421657684,,17A/26D5B638,17A/26D5B638,0.089302,0.044688,1.7,16.7,0.0,14648087.654736428,0.0,22.98838606117639,210370.7188260097,6529654.160153064,1019.32,1
2026-09-13T22:05:48.159104+00:00,1789337148.158608,F_lat_northeurope_rep3,r3-sub-northeur,F01,load,16,1,1000,6,99.5,2954028,2941223,192,612,917,29817025,3350.442,,,1,1.0002427101135254,4151.9922694849165,4149.992754787356,,17A/2730BFF0,17A/2730BFF0,0.140571,0.095686,2.3,16.7,0.0,23116309.437912036,0.0,30.99247781219177,192157.3614649841,5997934.240699522,1019.3,1
2026-09-13T22:05:49.165318+00:00,1789337149.1591532,F_lat_northeurope_rep3,r3-sub-northeur,F01,load,16,1,1000,6,99.5,2958546,2945739,192,612,917,29859230,3355.188,,56486,1,1.0005452632904053,4515.537842977788,4513.538932910069,56486,17A/2794BBA0,17A/2794BBA0,0.142927,0.096827,2.3,16.7,0.0,14680251.397818848,0.0,26.98528591420989,217507.40119873488,6515523.324313473,1019.29,1
2026-09-13T22:05:50.159911+00:00,1789337150.1594715,F_lat_northeurope_rep3,r3-sub-northeur,F01,load,16,1,1000,6,99.5,2962678,2949869,192,612,917,29897857,3359.071,,,1,1.0003182888031006,4130.685249136067,4128.685885511122,,17A/27F79EE8,17A/27F79EE8,0.079606,0.033256,1.4,16.7,0.0,7157529.83839458,0.0,17.99427262450368,210065.13861845597,6489903.336434808,1019.29,1
2026-09-13T22:05:51.160250+00:00,1789337151.1597571,F_lat_northeurope_rep3,r3-sub-northeur,F01,load,16,1,1000,6,99.5,2967127,2954318,192,612,917,29939450,3363.021,,,1,1.0002856254577637,4447.729615192651,4447.729615192651,,17A/2851DFD8,17A/2851DFD8,0.140989,0.095915,2.0,16.7,0.0,30731702.24347885,0.0,37.989149331832046,196146.97543035375,5905454.251925991,1019.27,1
2026-09-13T22:05:52.160637+00:00,1789337152.160175,F_lat_northeurope_rep3,r3-sub-northeur,F01,load,16,1,1000,6,99.5,2971255,2958439,192,612,917,29987437,3367.156,,,1,1.000417947769165,4126.275432388073,4119.278356800205,,17A/28B47F88,17A/28B47F88,0.110399,0.065212,1.6,16.7,0.0,15460034.513064051,0.0,23.989973444116703,216068.6945711176,6495768.10821016,1019.26,1
2026-09-13T22:05:53.161000+00:00,1789337153.1606445,F_lat_northeurope_rep3,r3-sub-northeur,F01,load,16,1,1000,6,99.5,2975374,2962556,192,612,917,30025920,3371.169,,,1,1.000469446182251,4117.06725849343,4115.068196945242,,17A/2910DDA0,17A/2910DDA0,0.139592,0.094382,1.6,16.7,0.0,31356543.79022909,0.0,34.98357709329207,200377.93334418425,6094184.108536313,1019.24,1
2026-09-13T22:05:54.161405+00:00,1789337154.1609569,F_lat_northeurope_rep3,r3-sub-northeur,F01,load,16,1,1000,6,99.5,2979930,2967110,192,612,917,30068469,3375.267,,,1,1.000312328338623,4554.577476383671,4552.578100845311,,17A/29735FF0,17A/29735FF0,0.110860,0.064213,1.9,16.7,0.0,6604785.138430752,0.0,16.994692076058474,208617.8427357712,6494936.447289956,1019.24,1
2026-09-13T22:05:55.161462+00:00,1789337155.1610358,F_lat_northeurope_rep3,r3-sub-northeur,F01,load,16,1,1000,6,99.5,2984078,2971256,192,612,917,30107209,3379.315,,,1,1.0000789165496826,4147.672679982883,4145.672837803528,,17A/29D59E90,17A/29D59E90,0.079856,0.032988,1.2,16.7,0.0,14715766.682467485,0.0,20.998342883230602,210094.42007326026,6510149.241483944,1019.23,1
2026-09-13T22:05:56.161866+00:00,1789337156.161431,F_lat_northeurope_rep3,r3-sub-northeur,F01,load,16,1,1000,6,99.5,2988656,2975831,192,612,917,30149939,3383.481,,,1,1.0003952980041504,4576.191040814955,4573.192226240371,,17A/2A31FF58,17A/2A31FF58,0.112602,0.066804,2.0,16.7,0.0,31440755.532089185,0.0,36.98537975320082,203724.46812435385,6129967.835948943,1019.21,1
2026-09-13T22:05:57.162196+00:00,1789337157.1617522,F_lat_northeurope_rep3,r3-sub-northeur,F01,load,16,1,1000,6,99.5,2992813,2979987,192,612,917,30188769,3387.242,,,1,1.0003211498260498,4155.66540877685,4154.665729823572,,17A/2A947FF8,17A/2A947FF8,0.080799,0.034401,2.1,16.7,0.0,7067426.29727401,0.0,17.994221159004884,212493.75766668867,6534332.500254191,1019.2,1
2026-09-13T22:05:58.162433+00:00,1789337158.1620154,F_lat_northeurope_rep3,r3-sub-northeur,F01,load,16,1,1000,6,99.5,2996975,2984147,192,612,917,30227626,3391.06,,,1,1.0002632141113281,4160.904791143078,4158.905317432774,,17A/2AF79BD0,17A/2AF79BD0,0.048633,0.004190,1.2,16.7,0.0,15093883.076979402,0.0,21.994210813346402,214764.47096063124,6568916.968357786,1019.2,1
2026-09-13T22:05:59.162863+00:00,1789337159.1624253,F_lat_northeurope_rep3,r3-sub-northeur,F01,load,16,1,1000,6,99.5,3001531,2988701,192,612,917,30270219,3395.427,,,1,1.0004098415374756,4554.133526913461,4552.134346260733,,17A/2B53A000,17A/2B53A000,0.093617,0.047038,1.9,16.9,0.0,31640920.23660309,0.0,34.98566142273291,208555.52528286903,6073777.713603572,1019.18,1
2026-09-13T22:06:00.162969+00:00,1789337160.162552,F_lat_northeurope_rep3,r3-sub-northeur,F01,load,16,1,1000,6,99.5,3005714,2992882,192,612,917,30309286,3399.374,,,1,1.000126838684082,4182.469501072271,4180.4697547174665,,17A/2BB6BF00,17A/2BB6BF00,0.063347,0.018900,4.9,16.9,0.0,7875609.068109456,0.0,23.996956257646307,219669.13745567168,6566683.09055801,1019.17,1
2026-09-13T22:06:01.163223+00:00,1789337161.1627839,F_lat_northeurope_rep3,r3-sub-northeur,F01,load,16,1,1000,6,99.5,3005721,2992933,205,663,917,30354636,3399.441,,,1,1.0002317428588867,6.998378175833961,50.98818385250458,,17A/2C113C70,17A/2C113C70,0.118232,0.076527,5.8,16.7,0.0,26191946.20350699,0.0,34.99189087916981,200400.55860162716,5996217.419432715,1019.15,1
2026-09-13T22:06:02.163822+00:00,1789337162.1633692,F_lat_northeurope_rep3,r3-sub-northeur,F01,load,16,1,1000,6,99.5,3010217,2997427,205,663,917,30396666,3403.735,,,1,1.0005853176116943,4493.369951431569,4491.371121382,,17A/2C751D58,17A/2C751D58,0.098357,0.050776,2.0,16.7,0.0,17553373.70122802,0.0,64.9619766109991,215627.78925737695,6590110.69214887,1019.15,1
2026-09-13T22:06:03.164327+00:00,1789337163.1638749,F_lat_northeurope_rep3,r3-sub-northeur,F01,load,16,1,1000,6,99.5,3014408,3001616,205,663,917,30435807,3407.404,,,1,1.0005056858062744,4188.8817419589295,4186.882752819364,,17A/2CD8FD38,17A/2CD8FD38,0.066546,0.019930,2.5,16.7,0.0,14664456.39254556,0.0,22.988375105000088,213489.0416218567,6575366.930272315,1019.14,1
2026-09-13T22:06:04.164521+00:00,1789337164.164079,F_lat_northeurope_rep3,r3-sub-northeur,F01,load,16,1,1000,6,99.5,3018590,3005796,205,663,917,30474867,3411.436,,,1,1.000204086303711,4181.146685227739,4179.14709331706,,17A/2D313BB8,17A/2D313BB8,0.160067,0.115073,2.0,16.7,511.89552913357295,23142284.9765997,0.9997959553390097,28.994082704831282,189633.29844106064,5779479.487394044,1019.12,1
2026-09-13T22:06:05.171627+00:00,1789337165.1645775,F_lat_northeurope_rep3,r3-sub-northeur,F01,load,16,1,1000,6,99.5,3022959,3010163,205,663,917,30515694,3415.578,,,1,1.0004985332489014,4366.82299354565,4364.823990115326,,17A/2DA41FF0,17A/2DA41FF0,0.187176,0.140663,1.9,16.7,0.0,14680937.064748194,0.0,24.987542879066435,199382.60114407723,6273911.246642892,1019.11,1
2026-09-13T22:06:06.165442+00:00,1789337166.1650126,F_lat_northeurope_rep3,r3-sub-northeur,F01,load,16,1,1000,6,99.5,3027530,3014732,205,663,917,30558398,3420.189,,,1,1.0004351139068604,4569.011959355873,4567.012829205203,,17A/2E101FE8,17A/2E101FE8,0.072068,0.030289,2.3,16.7,0.0,32413928.24904287,0.0,38.983037938061486,223309.8347853462,6943127.948472509,1019.09,1
2026-09-13T22:06:07.165587+00:00,1789337167.1651683,F_lat_northeurope_rep3,r3-sub-northeur,F01,load,16,1,1000,6,99.5,3031362,3018564,205,663,917,30594228,3423.784,,,1,1.0001556873321533,3831.403499010836,3831.403499010836,,17A/2E73FF18,17A/2E73FF18,0.053386,0.005956,1.2,16.7,0.0,14923500.600005196,0.0,20.996731074955,215936.38144085862,6555725.356608899,1019.09,1
2026-09-13T22:06:08.166148+00:00,1789337168.165661,F_lat_northeurope_rep3,r3-sub-northeur,F01,load,16,1,1000,6,99.5,3035526,3022724,205,663,917,30633144,3427.918,,,1,1.000492811203003,4161.948944933611,4157.95091520745,,17A/2EC61C78,17A/2EC61C78,0.179952,0.132913,1.0,16.7,0.0,5207545.663157047,0.0,11.994089178483028,179365.60661962442,5392044.739945062,1019.08,1
2026-09-13T22:06:09.166399+00:00,1789337169.165966,F_lat_northeurope_rep3,r3-sub-northeur,F01,load,16,1,1000,6,99.5,3039599,3026795,205,663,917,30671199,3431.881,,,1,1.000304937362671,4071.7583687416027,4069.7589784304114,,17A/2F307D70,17A/2F307D70,0.052930,0.007203,2.0,16.7,0.0,32626978.815128196,0.0,36.98872075704378,229981.86993511987,6976151.710695748,1019.06,1
2026-09-13T22:06:10.166860+00:00,1789337170.1663613,F_lat_northeurope_rep3,r3-sub-northeur,F01,load,16,1,1000,6,99.5,3044041,3031235,205,663,917,30716146,3436.015,,,1,1.0003952980041504,4440.244780100487,4438.245570384098,,17A/2F80BD40,17A/2F80BD40,0.178473,0.133473,1.7,16.7,0.0,13556497.143735811,0.0,21.991306880281567,173379.46344413987,5267090.9294679025,1019.06,1
2026-09-13T22:06:11.167170+00:00,1789337171.166732,F_lat_northeurope_rep3,r3-sub-northeur,F01,load,16,1,1000,6,99.5,3048195,3035387,205,663,917,30759102,3439.858,,,1,1.000370740890503,4152.460513091598,4150.461254298583,,17A/2FE63FC0,17A/2FE63FC0,0.084186,0.037978,1.4,16.7,0.0,7083453.874002916,0.0,17.993329137132587,228648.23075131932,6688260.388387694,1019.05,1
2026-09-13T22:06:12.167718+00:00,1789337172.1672454,F_lat_northeurope_rep3,r3-sub-northeur,F01,load,16,1,1000,6,99.5,3052051,3039241,205,663,917,30798984,3443.743,,,1,1.0005133152008057,3854.021672091481,3852.022698195168,,17A/30413FB0,17A/30413FB0,0.100969,0.055847,1.2,16.7,0.0,30548670.90286115,0.0,34.98204318547766,194156.33660108992,5997940.166139198,1019.03,1
2026-09-13T22:06:13.168098+00:00,1789337173.16764,F_lat_northeurope_rep3,r3-sub-northeur,F01,load,16,1,1000,6,99.5,3056175,3043363,205,663,917,30840394,3447.823,,,1,1.000394582748413,4122.373382580717,4120.374171434945,,17A/30937FF0,17A/30937FF0,0.041540,-0.000158,1.6,16.7,0.0,7238871.666122572,0.0,15.993689166171547,181197.5025914219,5584740.3578004455,1019.03,1
2026-09-13T22:06:14.168545+00:00,1789337174.1681285,F_lat_northeurope_rep3,r3-sub-northeur,F01,load,16,1,1000,6,99.5,3060298,3047484,205,663,917,30875233,3451.599,,,1,1.000488519668579,4120.986816885996,4118.987793448263,,17A/30F49FC0,17A/30F49FC0,0.165561,0.120627,2.2,16.7,0.0,30627214.003565475,0.0,34.98291016032255,197198.6645737382,6252157.697993472,1019.01,1
2026-09-13T22:06:15.169132+00:00,1789337175.1686337,F_lat_northeurope_rep3,r3-sub-northeur,F01,load,16,1,1000,6,99.5,3064845,3052029,205,663,917,30913377,3456.094,,,1,1.0005052089691162,4544.703974789958,4542.7049846976815,,17A/31517E00,17A/31517E00,0.182901,0.135707,2.1,16.7,0.0,14611242.269355591,0.0,21.988891015038284,200122.8961179557,6099153.652870552,1019.0,1
2026-09-13T22:06:16.169684+00:00,1789337176.1692042,F_lat_northeurope_rep3,r3-sub-northeur,F01,load,16,1,1000,6,99.5,3068912,3056094,205,663,917,30947481,3460.04,,,1,1.00057053565979,4064.6809545697483,4062.6820949904177,,17A/31B2BFD8,17A/31B2BFD8,0.148877,0.103549,2.8,16.7,0.0,6410678.479324097,0.0,12.992587265652011,213824.00577978347,6440918.226470008,1018.99,1
2026-09-13T22:06:17.170067+00:00,1789337177.1695862,F_lat_northeurope_rep3,r3-sub-northeur,F01,load,16,1,1000,6,99.5,3073463,3060643,205,663,917,30985633,3464.501,,,1,1.0003819465637207,4549.262424849365,4547.263188450837,,17A/3210DBA0,17A/3210DBA0,0.117024,0.074968,2.0,16.7,0.0,31482119.512633506,0.0,35.98625517349531,199801.68643244152,6195699.573837927,1018.97,1
2026-09-13T22:06:18.170544+00:00,1789337178.1700537,F_lat_northeurope_rep3,r3-sub-northeur,F01,load,16,1,1000,6,99.5,3077013,3064191,205,663,917,31015372,3467.888,,,1,1.0004675388336182,3548.3410127816046,3546.341947422291,,17A/32725FF0,17A/32725FF0,0.154302,0.106782,2.1,16.7,0.0,6345833.0766050285,0.0,14.992990194851851,200672.17796397512,6454413.311128825,1018.97,1
2026-09-13T22:06:19.170830+00:00,1789337179.170344,F_lat_northeurope_rep3,r3-sub-northeur,F01,load,16,1,1000,6,99.5,3077015,3064191,205,663,917,31015372,3467.888,,176270,1,1.0002903938293457,1.999419380949498,0.0,119784,17A/32E5E000,17A/32E5E000,0.069757,0.017828,3.0,16.7,0.0,15691315.33885128,0.0,28.991581023767722,248612.80437571296,7635621.662585966,1018.96,1
2026-09-13T22:06:20.171242+00:00,1789337180.170767,F_lat_northeurope_rep3,r3-sub-northeur,F01,load,16,1,1000,6,99.5,3081841,3069011,205,663,917,31060700,3472.552,,,1,1.0004229545593262,4823.959684257537,4817.962220912004,,17A/3340DD50,17A/3340DD50,0.136348,0.091781,2.1,16.7,0.0,31665071.11380103,0.0,38.9835117459685,204006.71442999868,6022190.88690725,1018.94,1
2026-09-13T22:06:21.179135+00:00,1789337181.171007,F_lat_northeurope_rep3,r3-sub-northeur,F01,load,16,1,1000,6,99.5,3086346,3073511,205,663,917,31118626,3477.302,,,1,1.0002398490905762,4503.919738946585,4498.92093790447,,17A/33B1BFF8,17A/33B1BFF8,0.050875,0.004854,2.9,16.7,0.0,7223611.423369429,0.0,17.99568375161788,240803.2435610241,7489133.738083717,1018.94,1
2026-09-13T22:06:22.172008+00:00,1789337182.1715386,F_lat_northeurope_rep3,r3-sub-northeur,F01,load,16,1,1000,6,99.5,3091107,3078270,205,663,917,31158512,3481.936,,,1,1.0005316734313965,4758.470047901435,4756.471110683245,,17A/3410BFD8,17A/3410BFD8,0.124229,0.076644,2.2,16.7,0.0,32210202.691009294,0.0,36.980338536516086,205426.78003895597,6280993.562599993,1018.91,1
2026-09-13T22:06:23.172489+00:00,1789337183.1719966,F_lat_northeurope_rep3,r3-sub-northeur,F01,load,16,1,1000,6,99.5,3095775,3082938,205,663,917,31197652,3486.763,,,1,1.000458002090454,4665.863024980787,4665.863024980787,,17A/3471D308,17A/3470BB80,0.042026,-0.000266,1.6,16.7,0.0,14787979.074670209,0.0,22.989470774326925,210641.52574087423,6630461.234893744,1018.91,1
2026-09-13T22:06:24.172654+00:00,1789337184.1722076,F_lat_northeurope_rep3,r3-sub-northeur,F01,load,16,1,1000,6,99.5,3100494,3087653,205,663,917,31237195,3491.398,,,1,1.0002110004425049,4718.004498962979,4714.0053427867015,,17A/34E14098,17A/34D2BEB0,0.044384,-0.000252,1.8,16.7,0.0,8468741.091882154,0.0,18.995991837316506,240351.2857723454,7368553.232007425,1018.9,1
2026-09-13T22:06:25.172744+00:00,1789337185.1722915,F_lat_northeurope_rep3,r3-sub-northeur,F01,load,16,1,1000,6,99.5,3104726,3091883,205,663,917,31272640,3495.459,,,1,1.0000839233398438,4231.6448662297935,4229.645034062388,,17A/35447BA0,17A/35447BA0,0.073184,0.027732,2.4,16.7,0.0,30565882.809029393,0.0,41.99647551551307,211371.2610178284,6405101.46249323,1018.88,1
2026-09-13T22:06:26.172933+00:00,1789337186.172404,F_lat_northeurope_rep3,r3-sub-northeur,F01,load,16,1,1000,6,99.5,3109523,3096678,205,663,917,31312824,3500.265,,,1,1.000112533569336,4796.460237209329,4794.460462251142,,17A/35A988A8,17A/35999CD8,0.044813,-0.000251,1.6,16.7,0.0,9866153.726505538,0.0,47.99459899646608,217301.54628137473,6734993.087188446,1018.87,1
2026-09-13T22:06:27.173108+00:00,1789337187.1726472,F_lat_northeurope_rep3,r3-sub-northeur,F01,load,16,1,1000,6,99.5,3113771,3100924,205,663,917,31348412,3504.393,,,1,1.0002431869506836,4246.967192998682,4244.967679254331,,17A/35FDDE98,17A/35FDDE98,0.167569,0.122109,1.6,16.7,0.0,27870598.234201696,0.0,39.990274886993234,182421.63743825268,5547776.85306403,1018.85,1
2026-09-13T22:06:28.173541+00:00,1789337188.173052,F_lat_northeurope_rep3,r3-sub-northeur,F01,load,16,1,1000,6,99.5,3118062,3105213,205,663,917,31384358,3508.384,,,1,1.0004048347473145,4289.2635570717075,4287.264366413553,,17A/36635B70,17A/36635B70,0.137930,0.093159,1.6,16.7,0.0,6231589.236146217,0.0,13.994334607085507,220425.7639915329,6722870.348481244,1018.85,1
2026-09-13T22:06:29.173874+00:00,1789337189.1734025,F_lat_northeurope_rep3,r3-sub-northeur,F01,load,16,1,1000,6,99.5,3122249,3109398,205,663,917,31419429,3512.541,,,1,1.0003504753112793,4185.533073993022,4183.533774698065,,17A/36C6DFE8,17A/36C6DFE8,0.103216,0.060044,1.4,16.7,0.0,15755885.950966854,0.0,32.98843836679478,221196.4760961863,6591395.878477725,1018.84,1
2026-09-13T22:06:30.174171+00:00,1789337190.1736703,F_lat_northeurope_rep3,r3-sub-northeur,F01,load,16,1,1000,6,99.5,3126440,3113587,205,663,917,31454558,3516.427,,,1,1.000267744064331,4189.8781849857,4187.878720330493,,17A/3720FFE0,17A/3720FFE0,0.168493,0.123543,2.1,16.7,0.0,31272778.899074636,0.0,36.99009612132448,215517.29652309525,5957632.879159141,1018.82,1
2026-09-13T22:06:31.174374+00:00,1789337191.1738966,F_lat_northeurope_rep3,r3-sub-northeur,F01,load,16,1,1000,6,99.5,3130923,3118068,205,663,917,31492128,3520.692,,,1,1.0002262592315674,4481.985909312263,4479.986361728363,,17A/3783FFF8,17A/3783FFF8,0.139521,0.093978,1.8,16.7,0.0,14996158.980592588,0.0,21.995023422902026,215079.33631463943,6573591.66420142,1018.82,1
2026-09-13T22:06:32.174718+00:00,1789337192.1742902,F_lat_northeurope_rep3,r3-sub-northeur,F01,load,16,1,1000,6,99.5,3135081,3122224,205,663,917,31526961,3524.763,,,1,1.0003936290740967,4156.363934312928,4154.36472126131,,17A/37E6DC00,17A/37E6DC00,0.108795,0.063587,1.2,16.7,0.0,18670410.78349029,0.0,20.991737041984482,210058.31493998386,6538258.351418926,1018.8,1
2026-09-13T22:06:33.175179+00:00,1789337193.174686,F_lat_northeurope_rep3,r3-sub-northeur,F01,load,16,1,1000,6,99.5,3139605,3126746,205,663,917,31564859,3528.933,,,1,1.0003957748413086,4522.210222966642,4520.211014203172,,17A/3841BFE8,17A/3841BFE8,0.157490,0.110371,1.8,16.7,0.0,19173979.421337266,0.0,22.990900779892296,181137.31040971752,6026934.69087914,1018.79,1
2026-09-13T22:06:34.182550+00:00,1789337194.175049,F_lat_northeurope_rep3,r3-sub-northeur,F01,load,16,1,1000,6,99.5,3143738,3130877,205,663,917,31599468,3532.859,,,1,1.0003631114959717,4131.499804925227,4129.500530884615,,17A/38A43FD8,17A/38A43FD8,0.129583,0.084679,1.7,16.7,0.0,14715680.567214997,0.0,17.993466365510304,219556.27659195673,6524268.962936747,1018.78,1
2026-09-13T22:06:35.176174+00:00,1789337195.175716,F_lat_northeurope_rep3,r3-sub-northeur,F01,load,16,1,1000,6,99.5,3147896,3135033,205,663,917,31634302,3536.93,,,1,1.000666856765747,4155.229057389851,4153.230390214579,,17A/38FFFFC8,17A/38FFFFC8,0.097912,0.053580,1.2,16.7,0.0,23143350.700003646,0.0,29.980007629075402,203998.96191204357,6063079.794217962,1018.76,1
2026-09-13T22:06:36.176189+00:00,1789337196.1757507,F_lat_northeurope_rep3,r3-sub-northeur,F01,load,16,1,1000,6,99.5,3147896,3135033,205,663,917,31634302,3536.93,,,1,1.0000348091125488,0.0,0.0,,17A/39637DE0,17A/39637DE0,0.045946,0.004154,2.0,16.7,0.0,14704128.162347864,0.0,19.999303841981668,213682.5618996531,6582972.85255707,1018.76,1
2026-09-13T22:06:37.176399+00:00,1789337197.1759603,F_lat_northeurope_rep3,r3-sub-northeur,F01,load,16,1,1000,6,99.5,3152487,3139620,205,663,917,31672747,3541.118,,,1,1.0002095699310303,4590.038066039074,4586.038904143156,,17A/39C69D60,17A/39C69D60,0.093906,0.046748,1.4,16.7,0.0,6331089.194074252,0.0,14.996857109689852,206719.67777138684,6555030.262759932,1018.75,1
2026-09-13T22:06:38.176849+00:00,1789337198.1763685,F_lat_northeurope_rep3,r3-sub-northeur,F01,load,16,1,1000,6,99.5,3156654,3143785,205,663,917,31707648,3544.945,,,1,1.0004081726074219,4165.2998387041425,4163.300654716283,,17A/3A20DC80,17A/3A20DC80,0.157273,0.111801,1.9,16.7,0.0,31817029.160247244,0.0,33.986127793602314,182040.6959744672,5951443.783672893,1018.73,1
2026-09-13T22:06:39.177168+00:00,1789337199.176678,F_lat_northeurope_rep3,r3-sub-northeur,F01,load,16,1,1000,6,99.5,3161137,3148266,205,663,917,31745240,3549.39,,,1,1.0003094673156738,4481.613087228006,4479.613705971157,,17A/3A83FFF8,17A/3A83FFF8,0.125089,0.080304,1.4,16.7,0.0,15052237.82436561,0.0,21.993193825343777,216664.94927974578,6557570.646214775,1018.73,1
2026-09-13T22:06:40.177559+00:00,1789337200.1770942,F_lat_northeurope_rep3,r3-sub-northeur,F01,load,16,1,1000,6,99.5,3165298,3152425,205,663,917,31783721,3553.317,,,1,1.0004162788391113,4159.2685845020915,4157.269416713338,,17A/3AE6DD70,17A/3AE6DD70,0.096626,0.050195,1.9,16.7,0.0,31882280.081459466,0.0,39.98335577507418,215364.34837907078,6551998.5416532215,1018.71,1
2026-09-13T22:06:41.177839+00:00,1789337201.1773632,F_lat_northeurope_rep3,r3-sub-northeur,F01,load,16,1,1000,6,99.5,3169482,3156607,205,663,917,31823090,3557.056,,,1,1.0002689361572266,4182.875073651533,4180.875611379233,,17A/3B417CD0,17A/3B417CD0,0.160889,0.113069,1.0,16.7,0.0,6052260.328364755,0.0,13.996235906099777,196099.26181809168,5996494.325859172,1018.7,1
2026-09-13T22:06:42.178469+00:00,1789337202.1779852,F_lat_northeurope_rep3,r3-sub-northeur,F01,load,16,1,1000,6,99.5,3173985,3161108,205,663,917,31865479,3561.442,,,1,1.000622034072876,4500.200721816249,4498.201965111023,,17A/3BA4FFE0,17A/3BA4FFE0,0.126488,0.081091,1.2,16.7,0.0,14769181.066148382,0.0,19.9875670522596,218183.2825641132,6574499.437337872,1018.7,1
2026-09-13T22:06:43.178585+00:00,1789337203.1781118,F_lat_northeurope_rep3,r3-sub-northeur,F01,load,16,1,1000,6,99.5,3178167,3165288,205,663,917,31904820,3565.483,,,1,1.000126600265503,4181.470624708719,4179.470877877199,,17A/3BFFFEC8,17A/3BFFFEC8,0.088165,0.043454,1.8,16.7,0.0,31461488.967143644,0.0,30.99607588856296,198313.89340844157,6009768.161755111,1018.68,1
2026-09-13T22:06:44.178958+00:00,1789337204.1784904,F_lat_northeurope_rep3,r3-sub-northeur,F01,load,16,1,1000,6,99.5,3182675,3169794,205,663,917,31947250,3569.664,,,1,1.0003786087036133,4506.293877916782,4504.294634847608,,17A/3C63BD00,17A/3C63BD00,0.161380,0.113805,2.3,16.7,0.0,6461041.793342631,0.0,14.994323018800293,227080.02552591916,6583638.377208946,1018.67,1
2026-09-13T22:06:45.179211+00:00,1789337205.1788013,F_lat_northeurope_rep3,r3-sub-northeur,F01,load,16,1,1000,6,99.5,3186861,3173978,205,663,917,31986651,3573.921,,,1,1.0003108978271484,4184.698986177927,4182.699607780327,,17A/3CC79CA8,17A/3CC79CA8,0.127829,0.082338,2.7,16.7,0.0,31111735.42905629,0.0,33.98943275920915,219565.73748929834,6576835.2762031155,1018.65,1
2026-09-13T22:06:46.179696+00:00,1789337206.1792622,F_lat_northeurope_rep3,r3-sub-northeur,F01,load,16,1,1000,6,99.5,3191054,3178169,205,663,917,32026131,3577.977,,,1,1.0004608631134033,4191.068491126693,4189.069412428325,,17A/3D29BA98,17A/3D20FB78,0.045266,-0.000305,1.4,16.7,0.0,14943513.086033987,0.0,22.98940503122202,227341.22681440538,6965313.943730061,1018.64,1
2026-09-13T22:06:47.179948+00:00,1789337207.179456,F_lat_northeurope_rep3,r3-sub-northeur,F01,load,16,1,1000,6,99.5,3195459,3182572,205,663,917,32067629,3582.12,,,1,1.0001938343048096,4404.146325358744,4402.146712952225,,17A/3D845C90,17A/3D845C90,0.193779,0.145285,1.6,16.7,0.0,14718171.11353414,0.0,19.996124065192937,169857.07587178142,5489890.870819574,1018.64,1
2026-09-13T22:06:48.180547+00:00,1789337208.1800632,F_lat_northeurope_rep3,r3-sub-northeur,F01,load,16,1,1000,6,99.5,3199672,3186783,205,663,917,32107307,3586.139,,,1,1.0006072521209717,4210.4431994369115,4208.444413204091,,17A/3DE77FE8,17A/3DE77FE8,0.176895,0.131433,2.0,16.7,0.0,24151733.808419693,0.0,29.981793492311258,217919.66781951516,6525901.132695919,1018.62,1
2026-09-13T22:06:49.180697+00:00,1789337209.1802514,F_lat_northeurope_rep3,r3-sub-northeur,F01,load,16,1,1000,6,99.5,3204085,3191194,205,663,917,32148877,3590.412,,299860,1,1.0001881122589111,4412.170016731453,4410.170392885211,123590,17A/3E527C08,17A/3E527C08,0.148736,0.102710,4.8,16.7,0.0,15529110.78389156,0.0,23.995486154895733,240428.77240051652,7040237.644993329,1018.61,1
2026-09-13T22:06:50.188577+00:00,1789337210.1804886,F_lat_northeurope_rep3,r3-sub-northeur,F01,load,16,1,1000,6,99.5,3208308,3195411,205,663,917,32204339,3594.216,,,1,1.000237226486206,4221.998430147649,4215.999853168987,,17A/3EB6FC10,17A/3EB6FC10,0.057063,0.011620,1.9,16.8,0.0,15647104.092476841,0.0,23.994307914644462,225015.62033504643,6625550.243996435,1018.59,1
2026-09-13T22:06:51.181393+00:00,1789337211.1809614,F_lat_northeurope_rep3,r3-sub-northeur,F01,load,16,1,1000,6,99.5,3212505,3199603,205,663,917,32285059,3598.227,,,1,1.0004727840423584,4195.016663064275,4190.019025867392,,17A/3F107F70,17A/3F107F70,0.044979,0.003287,2.0,16.7,0.0,26840686.15190143,0.0,43.97920733257759,189849.24230778305,5895992.468846864,1018.58,1
2026-09-13T22:06:52.181799+00:00,1789337212.1813579,F_lat_northeurope_rep3,r3-sub-northeur,F01,load,16,1,1000,6,99.5,3216951,3204049,205,663,917,32326954,3602.544,,,1,1.000396490097046,4444.237903682274,4444.237903682274,,17A/3F74DFA8,17A/3F74DFA8,0.101042,0.053719,1.4,16.7,0.0,7255235.371023652,0.0,21.99128067499101,216160.29458382298,6587067.293049731,1018.58,1
2026-09-13T22:06:53.182186+00:00,1789337213.1817012,F_lat_northeurope_rep3,r3-sub-northeur,F01,load,16,1,1000,6,99.5,3221128,3208222,205,663,917,32366289,3606.405,,,1,1.0003433227539062,4175.566433033093,4171.567805852788,,17A/3FCAFC60,17A/3FC79FF0,0.043414,-0.000250,1.9,16.7,0.0,31364591.82196054,0.0,40.985928598122285,195421.90721264214,5943733.381087121,1018.56,1
2026-09-13T22:06:54.182560+00:00,1789337214.182111,F_lat_northeurope_rep3,r3-sub-northeur,F01,load,16,1,1000,6,99.5,3221130,3208222,205,663,917,32366289,3606.405,,,1,1.0004098415374756,1.9991806527275946,0.0,,17A/40311B40,17A/40311B40,0.149464,0.101588,1.6,16.7,0.0,15861403.338069405,0.0,23.990167832731135,198686.56999067927,6465961.980200776,1018.55,1
2026-09-13T22:06:55.183086+00:00,1789337215.1826222,F_lat_northeurope_rep3,r3-sub-northeur,F01,load,16,1,1000,6,99.5,3225543,3212633,205,663,917,32407859,3610.779,,,1,1.0005111694335938,4410.745361791686,4408.7463836082325,,17A/4093FFF8,17A/4093FFF8,0.114266,0.069716,1.8,16.7,0.0,6431528.399271003,0.0,15.99182546763358,219382.85818863954,6539003.461304418,1018.55,1
2026-09-13T22:06:56.183510+00:00,1789337216.1830752,F_lat_northeurope_rep3,r3-sub-northeur,F01,load,16,1,1000,6,99.5,3229702,3216790,205,663,917,32447048,3614.703,,,1,1.000452995300293,4157.116845606171,4155.117751186549,,17A/40F6DB80,17A/40F6DB80,0.083247,0.038320,2.7,16.7,0.0,31958898.76905508,0.0,33.98460513359217,213902.10335245857,6512592.826057075,1018.52,1
2026-09-13T22:06:57.183922+00:00,1789337217.1834803,F_lat_northeurope_rep3,r3-sub-northeur,F01,load,16,1,1000,6,99.5,3233843,3220929,205,663,917,32486038,3618.623,,,1,1.0004050731658936,4139.323271217871,4137.324081036167,,17A/4151FFE0,17A/4151FFE0,0.133974,0.088392,1.8,16.7,0.0,14493968.88213855,0.0,17.992711635334864,198999.3906868036,6015836.146206759,1018.52,1
2026-09-13T22:06:58.184403+00:00,1789337218.1839685,F_lat_northeurope_rep3,r3-sub-northeur,F01,load,16,1,1000,6,99.5,3238353,3225437,205,663,917,32528489,3623.016,,,1,1.00048828125,4507.798926305515,4505.799902391411,,17A/41B49D20,17A/41B49D20,0.104832,0.057181,2.5,16.8,0.0,18877438.500732064,0.0,20.989751098096633,205453.68081991214,6518290.241093216,1018.5,1
2026-09-13T22:06:59.184473+00:00,1789337219.1840415,F_lat_northeurope_rep3,r3-sub-northeur,F01,load,16,1,1000,6,99.5,3242505,3229587,205,663,917,32567582,3626.852,,,1,1.000072956085205,4151.697108432011,4149.697254333538,,17A/420FFD10,17A/420FFD10,0.149446,0.105250,1.4,16.7,0.0,20068935.849006224,0.0,31.997665575583905,203271.17013119216,6023801.527022536,1018.49,1
2026-09-13T22:07:00.184933+00:00,1789337220.1844783,F_lat_northeurope_rep3,r3-sub-northeur,F01,load,16,1,1000,6,99.5,3247025,3234105,205,663,917,32610135,3631.009,,,1,1.000436782836914,4518.02660352286,4516.027476707142,,17A/42725FD8,17A/42725FD8,0.120328,0.075273,1.6,16.7,4094.2117185906272,17777067.282120503,0.9995634078590399,112.9506650880715,213285.84040555407,6489188.633779268,1018.49,1
2026-09-13T22:07:01.185555+00:00,1789337221.1850991,F_lat_northeurope_rep3,r3-sub-northeur,F01,load,16,1,1000,6,99.5,3251167,3238245,205,663,917,32649109,3635.12,,,1,1.0006208419799805,4139.430068040567,4137.431308954116,,17A/42D5DD30,17A/42D5DD30,0.086260,0.040871,2.2,16.8,0.0,24204620.755325586,0.0,39.97518172902527,223158.4538636539,6571240.298162362,1018.47,1
2026-09-13T22:07:02.185910+00:00,1789337222.1854506,F_lat_northeurope_rep3,r3-sub-northeur,F01,load,16,1,1000,6,99.5,3255319,3242395,205,663,917,32688216,3639.023,,,1,1.0003514289855957,4150.541379453346,4148.542082064399,,17A/43317FF0,17A/43317FF0,0.133990,0.089152,1.2,16.7,0.0,14797743.643962096,0.0,20.99262258394033,206156.55061254432,6047690.666203979,1018.46,1
2026-09-13T22:07:03.186373+00:00,1789337223.1859095,F_lat_northeurope_rep3,r3-sub-northeur,F01,load,16,1,1000,6,99.5,3259872,3246946,205,663,917,32731090,3643.217,,,1,1.0004589557647705,4550.911333008757,4548.912250499198,,17A/43959EC8,17A/43959EC8,0.102707,0.057488,1.8,16.9,0.0,32269861.56100823,0.0,35.98348517204376,216257.74726021863,6600437.691071674,1018.44,1
2026-09-13T22:07:04.186761+00:00,1789337224.1863248,F_lat_northeurope_rep3,r3-sub-northeur,F01,load,16,1,1000,6,99.5,3264073,3251145,205,663,917,32770653,3647.376,,,1,1.000415325164795,4199.255943333319,4197.256773638802,,17A/43F9BB68,17A/43F9BB68,0.072013,0.024303,1.6,16.9,0.0,15947296.686375698,0.0,34.985469654050505,212377.7941576427,6608605.279923052,1018.43,1
2026-09-13T22:07:05.187355+00:00,1789337225.1868927,F_lat_northeurope_rep3,r3-sub-northeur,F01,load,16,1,1000,6,99.5,3268686,3255756,205,663,917,32814092,3651.882,,,1,1.00056791305542,4610.381704039806,4608.382839221234,,17A/44741FE8,17A/44741FE8,0.105807,0.063220,1.8,16.9,0.0,6107763.321470322,0.0,15.9909185485881,194688.43389665082,6224185.203963318,1018.43,1
2026-09-13T22:07:06.193956+00:00,1789337226.1872747,F_lat_northeurope_rep3,r3-sub-northeur,F01,load,16,1,1000,6,99.5,3273150,3260262,218,714,917,32968741,3656.434,,,1,1.0003819465637207,4462.295641513418,4504.279605882496,,17A/44DC2DE0,17A/44D8FFD0,0.047574,0.003873,12.1,16.8,0.0,31744163.425861303,0.0,34.98663697423155,200917.26034281988,6046409.594632482,1018.41,1
2026-09-13T22:07:07.187843+00:00,1789337227.1873841,F_lat_northeurope_rep3,r3-sub-northeur,F01,load,16,1,1000,6,99.5,3277485,3264595,218,714,917,33009570,3660.439,,,1,1.0001094341278076,4334.525654965489,4332.5258738097955,,17A/45427ED0,17A/45427ED0,0.138894,0.091725,2.5,16.7,0.0,15718727.834729161,0.0,26.997045601861178,214452.53157425104,6610346.602485051,1018.4,1
2026-09-13T22:07:08.187931+00:00,1789337228.1874886,F_lat_northeurope_rep3,r3-sub-northeur,F01,load,16,1,1000,6,99.5,3281650,3268760,218,714,917,33048803,3664.433,,,1,1.0001044273376465,4164.565105553572,4164.565105553572,,17A/45A5FE98,17A/45A5FE98,0.089717,0.043962,2.3,16.7,0.0,23402100.180982765,0.0,27.997076339855944,214117.640264884,6571549.750555338,1018.38,1
2026-09-13T22:07:09.188136+00:00,1789337229.1876564,F_lat_northeurope_rep3,r3-sub-northeur,F01,load,16,1,1000,6,99.5,3281654,3268760,218,714,917,33048803,3664.433,,,1,1.0001678466796875,3.99932872595237,0.0,,17A/45F8BFD8,17A/45F8BFD8,0.185693,0.139853,1.2,16.7,0.0,13530912.88119975,0.0,16.997147085297573,177531.2019772072,5466644.441881398,1018.38,1
2026-09-13T22:07:10.188537+00:00,1789337230.1880696,F_lat_northeurope_rep3,r3-sub-northeur,F01,load,16,1,1000,6,99.5,3285849,3272953,218,714,917,33088282,3668.546,,,1,1.000413179397583,4193.267428290074,4191.268254307576,,17A/46537FD0,17A/46537FD0,0.185452,0.139782,1.6,16.7,0.0,14735415.629846925,0.0,23.990087789978972,192862.31326558845,5978399.848352147,1018.37,1
2026-09-13T22:07:11.188939+00:00,1789337231.1884983,F_lat_northeurope_rep3,r3-sub-northeur,F01,load,16,1,1000,6,99.5,3289794,3276896,218,714,917,33125448,3672.365,,,1,1.0004286766052246,3943.3095954292817,3941.310452415122,,17A/46B71D18,17A/46B71D18,0.079158,0.030606,1.8,16.7,0.0,23075164.21693848,0.0,27.988002198230642,201253.7272354199,6580330.16640301,1018.35,1
2026-09-13T22:07:12.189343+00:00,1789337232.1889055,F_lat_northeurope_rep3,r3-sub-northeur,F01,load,16,1,1000,6,99.5,3293836,3280936,218,714,917,33163509,3676.501,,,1,1.0004072189331055,4040.3546910733335,4038.35550517968,,17A/4710BFD0,17A/4710BFD0,0.068092,0.026180,1.6,16.7,0.0,14616767.775421042,0.0,21.991044830186375,188218.35392272472,5897780.312193578,1018.35,1
2026-09-13T22:07:13.189806+00:00,1789337233.1893125,F_lat_northeurope_rep3,r3-sub-northeur,F01,load,16,1,1000,6,99.5,3298172,3285270,218,714,917,33204351,3680.662,,,1,1.0004069805145264,4334.236050382136,4332.236864012034,,17A/47629CC8,17A/47629CC8,0.205552,0.157575,1.4,16.7,0.0,14076319.212364314,0.0,18.992270515973384,167643.772251312,5392760.251658062,1018.34,1
2026-09-13T22:07:14.189878+00:00,1789337234.1894405,F_lat_northeurope_rep3,r3-sub-northeur,F01,load,16,1,1000,6,99.5,3301728,3288824,218,714,917,33237812,3683.941,,,1,1.0001280307769775,3555.544780839131,3553.5450368679053,,17A/47C73BD0,17A/47C73BD0,0.108897,0.063272,1.9,16.7,0.0,23639085.4695203,0.0,30.99603155399692,206298.58743156175,6665413.621915109,1018.32,1
2026-09-13T22:07:15.190268+00:00,1789337235.189859,F_lat_northeurope_rep3,r3-sub-northeur,F01,load,16,1,1000,6,99.5,3305926,3293020,218,714,917,33277337,3688.435,,,1,1.0004184246063232,4196.244188177526,4194.245024676727,,17A/4820FE88,17A/4820FE88,0.158908,0.111578,1.0,16.7,0.0,13896009.567667184,0.0,24.989543759990028,200362.16354059844,5921606.254234271,1018.32,1
2026-09-13T22:07:16.190647+00:00,1789337236.190241,F_lat_northeurope_rep3,r3-sub-northeur,F01,load,16,1,1000,6,99.5,3310374,3297466,218,714,917,33319225,3692.854,,,1,1.0003821849822998,4446.300690649245,4444.3014547271905,,17A/4882FD48,17A/4882FD48,0.119366,0.073650,2.2,16.7,0.0,30237403.71839509,0.0,88.96599853142598,210130.69120550097,6476583.746955306,1018.3,1
2026-09-13T22:07:17.191220+00:00,1789337237.190771,F_lat_northeurope_rep3,r3-sub-northeur,F01,load,16,1,1000,6,99.5,3314510,3301600,218,714,917,33358190,3696.913,,,1,1.0005300045013428,4133.809062589136,4131.810122036627,,17A/48E65FC8,17A/48E65FC8,0.094728,0.046948,1.2,16.7,0.0,11884389.220217574,0.0,19.989405525092536,212893.165663893,6553152.799518269,1018.29,1
2026-09-13T22:07:18.191702+00:00,1789337238.191229,F_lat_northeurope_rep3,r3-sub-northeur,F01,load,16,1,1000,6,99.5,3319065,3306153,218,714,917,33401071,3701.328,,,1,1.000458002090454,4552.914755524311,4550.915671109152,,17A/49431FF8,17A/49431FF8,0.142317,0.088643,1.4,16.7,0.0,14738849.576083265,0.0,21.989928566747494,204659.26562851135,6114058.748312114,1018.29,1
2026-09-13T22:07:19.198754+00:00,1789337239.1917357,F_lat_northeurope_rep3,r3-sub-northeur,F01,load,16,1,1000,6,99.5,3323325,3310411,218,714,917,33441189,3705.404,,419755,1,1.0005066394805908,4257.842808730948,4255.843821496801,119895,17A/49A8DC88,17A/49A8DC88,0.173596,0.127309,2.8,16.7,0.0,31351284.20165622,0.0,32.983289363408744,211839.6736577695,6732710.942824959,1018.26,1
2026-09-13T22:07:20.192695+00:00,1789337240.192251,F_lat_northeurope_rep3,r3-sub-northeur,F01,load,16,1,1000,6,99.5,3327604,3314684,218,714,917,33493033,3709.684,,,1,1.0005152225494385,4276.796498004868,4270.79958774826,,17A/4A10FFD8,17A/4A10FFD8,0.068482,0.019553,1.4,16.7,0.0,7680139.019194488,0.0,23.987641026435345,222941.1356996901,6880691.912371008,1018.26,1
2026-09-13T22:07:21.193249+00:00,1789337241.1927192,F_lat_northeurope_rep3,r3-sub-northeur,F01,load,16,1,1000,6,99.5,3331958,3319038,218,714,917,33534025,3713.769,,,1,1.0004682540893555,4351.962175914407,4351.962175914407,,17A/4A720040,17A/4A65BF38,0.042888,-0.000232,1.6,16.7,0.0,14542182.563546466,0.0,19.99063930139829,220039.96538638617,6679282.398702848,1018.25,1
2026-09-13T22:07:22.193494+00:00,1789337242.1930459,F_lat_northeurope_rep3,r3-sub-northeur,F01,load,16,1,1000,6,99.5,3336307,3323380,218,714,917,33588814,3718.04,,,1,1.0003266334533691,4347.5799349520485,4340.58222063964,,17A/4AD3D5A0,17A/4ACB5F70,0.044574,-0.000271,1.6,16.7,0.0,23089802.098203056,0.0,26.99118377643258,211823.8112570233,6541838.216791867,1018.23,1
2026-09-13T22:07:23.194011+00:00,1789337243.1935086,F_lat_northeurope_rep3,r3-sub-northeur,F01,load,16,1,1000,6,99.5,3340591,3327662,218,714,917,33629120,3722.145,,,1,1.0004627704620361,4282.018408362715,4280.019333475524,,17A/4B32FF98,17A/4B32FF98,0.173923,0.128427,1.0,16.7,0.0,14755155.749756271,0.0,19.9907488719081,190867.67207920415,5959035.33446498,1018.22,1
2026-09-13T22:07:24.194427+00:00,1789337244.193937,F_lat_northeurope_rep3,r3-sub-northeur,F01,load,16,1,1000,6,99.5,3344837,3331906,218,714,917,33669099,3726.242,,,1,1.0004284381866455,4244.181630518427,4242.182487027839,,17A/4B973E28,17A/4B973E28,0.095341,0.053513,1.6,16.7,0.0,32426427.28029664,0.0,34.98501108529084,225893.2187189965,6602678.160541894,1018.2,1
2026-09-13T22:07:25.194736+00:00,1789337245.1942828,F_lat_northeurope_rep3,r3-sub-northeur,F01,load,16,1,1000,6,99.5,3349021,3336088,218,714,917,33708472,3730.278,,,1,1.0003457069396973,4182.554062035096,4180.554753210031,,17A/4BF9FD80,17A/4BF9FD80,0.175725,0.130526,2.1,16.7,0.0,7345684.545875664,0.0,16.994125013048905,207552.2477476039,6524538.421789266,1018.2,1
2026-09-13T22:07:26.195150+00:00,1789337246.1946976,F_lat_northeurope_rep3,r3-sub-northeur,F01,load,16,1,1000,6,99.5,3353386,3340451,218,714,917,33749585,3734.384,,,1,1.0004148483276367,4363.18993795108,4361.190767303679,,17A/4C625E78,17A/4C625E78,0.116414,0.070147,1.4,16.7,0.0,14600279.098632902,0.0,21.99087712140292,223197.40692900264,6884771.8639060985,1018.19,1
2026-09-13T22:07:27.195618+00:00,1789337247.195153,F_lat_northeurope_rep3,r3-sub-northeur,F01,load,16,1,1000,6,99.5,3357545,3344608,218,714,917,33788722,3738.444,,,1,1.000455379486084,4157.106938778623,4155.107849123043,,17A/4CC63FF0,17A/4CC63FF0,0.084236,0.037093,1.6,16.7,0.0,31909692.980409484,0.0,32.9849793170701,208303.14302178106,6589710.181164259,1018.17,1
2026-09-13T22:07:28.196208+00:00,1789337248.1957316,F_lat_northeurope_rep3,r3-sub-northeur,F01,load,16,1,1000,6,99.5,3362082,3349143,218,714,917,33831435,3742.691,,,1,1.0005786418914795,4534.376219967398,4532.377376581916,,17A/4D213418,17A/4D213418,0.159917,0.114418,1.4,16.7,0.0,14450518.32474371,0.0,20.987855547567857,193645.94834217394,5992538.46620715,1018.17,1
2026-09-13T22:07:29.196637+00:00,1789337249.1961727,F_lat_northeurope_rep3,r3-sub-northeur,F01,load,16,1,1000,6,99.5,3366244,3353303,218,714,917,33870596,3746.677,,,1,1.000441074371338,4160.165057812464,4158.1659395722845,,17A/4D847B50,17A/4D847B50,0.130944,0.085052,1.6,16.7,0.0,22976617.602835357,0.0,26.98809624241627,210756.04091174918,6559980.560698201,1018.15,1
2026-09-13T22:07:30.196837+00:00,1789337250.1963909,F_lat_northeurope_rep3,r3-sub-northeur,F01,load,16,1,1000,6,99.5,3370404,3357461,218,714,917,33909752,3750.724,,,1,1.000218152999878,4159.09268145477,4157.0931176656095,,17A/4DE75D98,17A/4DE75D98,0.096178,0.051161,1.6,16.7,0.0,14734193.691445429,0.0,22.994983575350894,216238.82685123233,6528532.780989026,1018.14,1
2026-09-13T22:07:31.197314+00:00,1789337251.1968415,F_lat_northeurope_rep3,r3-sub-northeur,F01,load,16,1,1000,6,99.5,3370406,3357461,218,714,917,33909752,3750.724,,,1,1.000450611114502,1.999099183688838,0.0,,17A/4E41FB90,17A/4E41FB90,0.147498,0.102163,1.8,16.7,0.0,14755335.082013844,0.0,19.99099183688838,192136.42119310977,6007496.955101695,1018.13,1
2026-09-13T22:07:32.197822+00:00,1789337252.1973538,F_lat_northeurope_rep3,r3-sub-northeur,F01,load,16,1,1000,6,99.5,3374902,3361955,218,714,917,33952067,3754.888,,,1,1.0005123615264893,4493.697602236937,4491.69862643523,,17A/4EA41B48,17A/4EA41B48,0.118232,0.071161,2.9,16.7,0.0,32178073.193299197,0.0,32.98310072816257,207196.8403106147,6473013.476933973,1018.11,1
2026-09-13T22:07:33.197956+00:00,1789337253.1975121,F_lat_northeurope_rep3,r3-sub-northeur,F01,load,16,1,1000,6,99.5,3379018,3366069,218,714,917,33990808,3759.036,,,1,1.0001583099365234,4115.348499440282,4113.348816010039,,17A/4EFFFF10,17A/4EFFFF10,0.092154,0.046188,1.6,16.7,0.0,6134836.794376501,0.0,10.998258866337002,200860.20183419753,6078895.65041545,1018.11,1
2026-09-13T22:07:34.198348+00:00,1789337254.197901,F_lat_northeurope_rep3,r3-sub-northeur,F01,load,16,1,1000,6,99.5,3383570,3370619,218,714,917,34033655,3763.391,,,1,1.0003888607025146,4550.230594134561,4548.231371553658,,17A/4F635F70,17A/4F635F70,0.102257,0.056374,2.4,16.7,0.0,15046948.832906134,0.0,58.97706613662986,215469.2124906606,6576118.805821349,1018.1,1
2026-09-13T22:07:35.205468+00:00,1789337255.1981747,F_lat_northeurope_rep3,r3-sub-northeur,F01,load,16,1,1000,6,99.5,3387745,3374792,218,714,917,34072964,3767.386,,,1,1.0002737045288086,4173.8575962732975,4171.858143532568,,17A/4FC55C88,17A/4FC55C88,0.074158,0.028373,2.1,16.7,0.0,31755788.296927243,0.0,34.99042296277016,208970.80374462632,6478856.707577634,1018.08,1
2026-09-13T22:07:36.198923+00:00,1789337256.198561,F_lat_northeurope_rep3,r3-sub-northeur,F01,load,16,1,1000,6,99.5,3391869,3378914,218,714,917,34111776,3771.206,,,1,1.0003862380981445,4122.4077690635,4120.408541241452,,17A/5021A000,17A/5021A000,0.101228,0.055779,2.6,16.7,0.0,6329971.1239917595,0.0,14.994208665361908,195992.30030667857,6103008.7854937315,1018.08,1
2026-09-13T22:07:37.199625+00:00,1789337257.1991675,F_lat_northeurope_rep3,r3-sub-northeur,F01,load,16,1,1000,6,99.5,3396441,3383486,218,714,917,34154814,3775.479,,,1,1.0006065368652344,4569.228594411807,4569.228594411807,,17A/5083DEA8,17A/5083DEA8,0.071351,0.026080,3.3,16.7,0.0,31491427.28841073,0.0,32.97999641635818,212361.19510642273,6497286.156422153,1018.06,1
2026-09-13T22:07:38.199814+00:00,1789337258.199378,F_lat_northeurope_rep3,r3-sub-northeur,F01,load,16,1,1000,6,99.5,3400587,3387628,218,714,917,34193796,3779.453,,,1,1.0002105236053467,4145.127352845058,4141.128194762236,,17A/50E25340,17A/50D65BC8,0.043874,-0.000261,2.1,16.7,0.0,14676974.150486259,0.0,17.99621137269924,210672.64843450364,6536111.994138044,1018.05,1
2026-09-13T22:07:39.200369+00:00,1789337259.1999195,F_lat_northeurope_rep3,r3-sub-northeur,F01,load,16,1,1000,6,99.5,3405122,3392161,218,714,917,34236487,3783.774,,,1,1.0005414485931396,4532.545859421076,4530.546941732246,,17A/51423B88,17A/51423B88,0.086498,0.040246,1.2,16.7,0.0,10647930.692906477,0.0,38.978894932176836,191326.40658632337,6054211.95545415,1018.05,1
2026-09-13T22:07:40.200626+00:00,1789337260.2002103,F_lat_northeurope_rep3,r3-sub-northeur,F01,load,16,1,1000,6,99.5,3409287,3396324,218,714,917,34275680,3787.815,,,1,1.000290870666504,4163.788875954469,4161.78945752664,,17A/51A55E48,17A/51A55E48,0.056898,0.010063,3.3,16.7,0.0,23074248.377995215,0.0,33.99011327309771,223812.89939278146,6567671.656967759,1018.02,1
2026-09-13T22:07:41.200821+00:00,1789337261.2002728,F_lat_northeurope_rep3,r3-sub-northeur,F01,load,16,1,1000,6,99.5,3413467,3400502,218,714,917,34315006,3791.807,,,1,1.0000624656677246,4179.738909818084,4177.739034741616,,17A/51F81FF0,17A/51F81FF0,0.198988,0.150007,2.2,16.7,0.0,16686061.69401459,0.0,30.99806368525373,177336.9225307219,5484256.42226061,1018.02,1
2026-09-13T22:07:42.201174+00:00,1789337262.200751,F_lat_northeurope_rep3,r3-sub-northeur,F01,load,16,1,1000,6,99.5,3417970,3405003,218,714,917,34357416,3796.0,,,1,1.0004782676696777,4500.847390207111,4498.848346285188,,17A/52635E98,17A/52635E98,0.091423,0.042460,2.2,16.7,0.0,23909205.000240687,0.0,25.987570984984426,218469.5130950764,7074158.658623409,1018.0,1
2026-09-13T22:07:43.201191+00:00,1789337263.2007866,F_lat_northeurope_rep3,r3-sub-northeur,F01,load,16,1,1000,6,99.5,3422163,3409194,218,714,917,34396879,3800.19,,,1,1.0000355243682861,4192.851051615074,4190.851122661286,,17A/52C6FDA8,17A/52C6FDA8,0.056430,0.009914,2.5,16.7,0.0,14978539.896832317,0.0,19.999289537872997,210784.5120133662,6602390.454249934,1017.99,1
2026-09-13T22:07:44.201462+00:00,1789337264.2010193,F_lat_northeurope_rep3,r3-sub-northeur,F01,load,16,1,1000,6,99.5,3426675,3413703,218,714,917,34439313,3804.652,,,1,1.0002326965332031,4510.950317499666,4507.951015426861,,17A/53217BA8,17A/53217BA8,0.119484,0.072861,1.6,16.7,0.0,14578367.664384738,0.0,16.996045079231898,199708.5285177628,6005275.593188535,1017.99,1
2026-09-13T22:07:45.201544+00:00,1789337265.2011092,F_lat_northeurope_rep3,r3-sub-northeur,F01,load,16,1,1000,6,99.5,3430872,3417898,218,714,917,34478813,3808.692,,,1,1.0000898838043213,4196.622791578192,4194.622971329643,,17A/53855FD8,17A/53855FD8,0.089950,0.041642,2.4,16.7,0.0,23328719.125975013,0.0,27.997483479673424,218966.3184742773,6603770.427991068,1017.97,1
2026-09-13T22:07:46.201686+00:00,1789337266.201274,F_lat_northeurope_rep3,r3-sub-northeur,F01,load,16,1,1000,6,99.5,3435051,3422075,218,714,917,34518141,3812.691,,,1,1.0001647472381592,4178.311634698015,4176.311964138217,,17A/53E91BE8,17A/53E91BE8,0.057687,0.010674,1.6,16.7,0.0,14587548.741633303,0.0,18.996870318081427,225788.80191847667,6597425.092437059,1017.96,1
2026-09-13T22:07:47.202276+00:00,1789337267.2018025,F_lat_northeurope_rep3,r3-sub-northeur,F01,load,16,1,1000,6,99.5,3435051,3422075,218,714,917,34518141,3812.691,,,1,1.0005285739898682,0.0,0.0,,17A/54421C70,17A/54421C70,0.138455,0.090241,1.0,16.7,0.0,14664120.927093657,0.0,20.988905810312875,194081.4136128474,5894175.492143135,1017.96,1
2026-09-13T22:07:48.202475+00:00,1789337268.2020202,F_lat_northeurope_rep3,r3-sub-northeur,F01,load,16,1,1000,6,99.5,3439509,3426530,218,714,917,34560107,3816.88,,,1,1.0002176761627197,4457.029810853646,4454.030463740016,,17A/54A5BFD8,17A/54A5BFD8,0.108236,0.059038,1.9,16.7,0.0,23243836.3708919,0.0,26.994124022666764,212113.82787588818,6586475.281334911,1017.93,1
2026-09-13T22:07:49.202854+00:00,1789337269.2024038,F_lat_northeurope_rep3,r3-sub-northeur,F01,load,16,1,1000,6,99.5,3443696,3430715,218,714,917,34599532,3821.053,,541716,1,1.0003836154937744,4185.394417853754,4183.395184790533,121961,17A/55107E88,17A/55107E88,0.128591,0.086860,3.7,16.7,0.0,15526075.95670549,0.0,23.990796758655385,223381.30746943515,7062208.827273588,1017.93,1
2026-09-13T22:07:50.203225+00:00,1789337270.2027893,F_lat_northeurope_rep3,r3-sub-northeur,F01,load,16,1,1000,6,99.5,3448191,3435204,218,714,917,34659858,3825.571,,,1,1.0003855228424072,4493.267742648158,4487.270054893788,,17A/55635DE8,17A/55635DE8,0.135815,0.089779,1.4,16.7,0.0,30573045.392639186,0.0,36.98574115194256,183031.43720008075,5482803.254105118,1017.91,1
2026-09-13T22:07:51.210436+00:00,1789337271.2032573,F_lat_northeurope_rep3,r3-sub-northeur,F01,load,16,1,1000,6,99.5,3452377,3439385,218,714,917,34738448,3829.486,,,1,1.0004680156707764,4184.041802869074,4179.044141852747,,17A/55C67FD8,17A/55C67FD8,0.113062,0.066204,1.4,16.7,0.0,15729470.361377863,0.0,21.989708471839375,211092.2055398286,6564926.511515115,1017.9,1
2026-09-13T22:07:52.204298+00:00,1789337272.2038133,F_lat_northeurope_rep3,r3-sub-northeur,F01,load,16,1,1000,6,99.5,3456556,3443562,218,714,917,34777773,3833.555,,,1,1.0005559921264648,4176.677800028404,4174.678911394746,,17A/56205C40,17A/56205C40,0.169444,0.124172,1.0,16.7,0.0,6001399.269258521,0.0,13.992220435606043,194759.71513183418,5961875.244305201,1017.9,1
2026-09-13T22:07:53.204780+00:00,1789337273.2043252,F_lat_northeurope_rep3,r3-sub-northeur,F01,load,16,1,1000,6,99.5,3461034,3448040,218,714,917,34819952,3837.683,,,1,1.000511884689331,4475.708953113,4475.708953113,,17A/56833F78,17A/56833F78,0.139347,0.093173,1.9,16.7,0.0,31772791.994240846,0.0,31.983628070481462,214678.1095625804,6553710.25606161,1017.88,1
2026-09-13T22:07:54.204866+00:00,1789337274.2044337,F_lat_northeurope_rep3,r3-sub-northeur,F01,load,16,1,1000,6,99.5,3465195,3452197,218,714,917,34859078,3841.691,,,1,1.0001084804534912,4160.548661794396,4156.549095669144,,17A/56E67B80,17A/56E67B80,0.107425,0.056264,2.1,16.7,0.0,15022498.352566143,0.0,20.997722157578064,215700.60070101763,6565187.80544961,1017.87,1
2026-09-13T22:07:55.204855+00:00,1789337275.2044902,F_lat_northeurope_rep3,r3-sub-northeur,F01,load,16,1,1000,6,99.5,3469749,3456749,218,714,917,34901908,3846.114,,,1,1.000056505203247,4553.742689843775,4551.742802847797,,17A/5741FF68,17A/5741FF68,0.156447,0.109766,1.2,16.7,0.0,22838005.53385555,0.0,27.998417943703494,199827.7086947058,6061029.52029507,1017.85,1
2026-09-13T22:07:56.205390+00:00,1789337276.2049265,F_lat_northeurope_rep3,r3-sub-northeur,F01,load,16,1,1000,6,99.5,3473926,3460923,218,714,917,34941231,3850.091,,,1,1.0004363059997559,4175.178344638183,4172.179652985343,,17A/57A4DCF8,17A/57A4DCF8,0.125452,0.078466,1.2,16.7,0.0,14595871.733590968,0.0,20.990841569883134,215393.02273187652,6553639.607718915,1017.84,1
2026-09-13T22:07:57.205590+00:00,1789337277.2051406,F_lat_northeurope_rep3,r3-sub-northeur,F01,load,16,1,1000,6,99.5,3478102,3465097,218,714,917,34980528,3854.085,,,1,1.0002140998840332,4175.106110265966,4173.106538374076,,17A/57FFFE28,17A/57FFFE28,0.099741,0.055271,2.4,16.7,0.0,15135575.475046016,0.0,19.995718918898305,202369.6726765481,6028029.399604596,1017.84,1
2026-09-13T22:07:58.205873+00:00,1789337278.2054217,F_lat_northeurope_rep3,r3-sub-northeur,F01,load,16,1,1000,6,99.5,3482652,3469645,218,714,917,35023369,3858.399,,,1,1.0002810955047607,4548.721374869116,4546.7219369021395,,17A/5863BEA8,17A/5863BEA8,0.139681,0.094455,1.4,16.7,0.0,23741934.24900828,0.0,29.991569504631528,226061.45514116014,6617457.8623419525,1017.82,1
2026-09-13T22:07:59.206283+00:00,1789337279.2058325,F_lat_northeurope_rep3,r3-sub-northeur,F01,load,16,1,1000,6,99.5,3486824,3473815,218,714,917,35062628,3862.481,,,1,1.000410795211792,4170.286866123597,4168.2876873766545,,17A/58C6DC48,17A/58C6DC48,0.106811,0.061131,1.6,16.7,0.0,15607540.497095942,0.0,19.991787469432396,208768.23900704167,6573404.676833586,1017.81,1
2026-09-13T22:08:00.206655+00:00,1789337280.2062385,F_lat_northeurope_rep3,r3-sub-northeur,F01,load,16,1,1000,6,99.5,3491332,3478322,218,714,917,35105048,3872.42,,,1,1.00040602684021,4506.170373881645,4505.170779743695,,17A/59211C18,17A/59211C18,0.166868,0.121632,2.1,16.8,0.0,27067665.801182885,0.0,61.97483655294188,206779.04215889057,5979845.022420601,1017.79,1
2026-09-13T22:08:01.207043+00:00,1789337281.2066283,F_lat_northeurope_rep3,r3-sub-northeur,F01,load,16,1,1000,6,99.5,3495512,3482500,218,714,917,35144401,3876.344,,,1,1.000389814376831,4178.371210830282,4176.371990155243,,17A/59843BD8,17A/59843BD8,0.139726,0.094547,1.4,16.7,0.0,16119668.321538515,0.0,36.985582488210625,217829.08709016026,6584492.270248924,1017.79,1
2026-09-13T22:08:02.207464+00:00,1789337282.207025,F_lat_northeurope_rep3,r3-sub-northeur,F01,load,16,1,1000,6,99.5,3499680,3486666,218,714,917,35183597,3880.263,,,1,1.000396728515625,4166.347091302889,4164.3478844452575,,17A/59E79CD0,17A/59E79CD0,0.107323,0.061470,1.2,16.8,0.0,7500896.180592417,0.0,17.9928617186785,216535.09435343643,6577600.47832586,1017.78,1
2026-09-13T22:08:03.207871+00:00,1789337283.207432,F_lat_northeurope_rep3,r3-sub-northeur,F01,load,16,1,1000,6,99.5,3499682,3486666,218,714,917,35183597,3880.263,,,1,1.0004069805145264,1.9991863701024617,0.0,,17A/5A41DE88,17A/5A41DE88,0.173017,0.119680,1.2,16.8,0.0,31321652.697669286,0.0,32.986575106690616,196602.98641543122,5985931.842378869,1017.76,1
2026-09-13T22:08:04.214262+00:00,1789337284.2079031,F_lat_northeurope_rep3,r3-sub-northeur,F01,load,16,1,1000,6,99.5,3504197,3491179,218,714,917,35226091,3884.676,,,1,1.0004711151123047,4512.873916897824,4510.8748586843585,,17A/5AA53FE8,17A/5AA53FE8,0.151335,0.103634,1.4,16.9,0.0,16748845.3658345,0.0,42.97975158950308,207742.1295433098,6579996.064415148,1017.75,1
2026-09-13T22:08:05.208812+00:00,1789337285.2083852,F_lat_northeurope_rep3,r3-sub-northeur,F01,load,16,1,1000,6,99.5,3508381,3495361,218,714,917,35265476,3888.653,,,1,1.0004820823669434,4181.983939284031,4179.984902984182,,17A/5B211FF0,17A/5B211FF0,0.063516,0.021840,2.3,16.9,0.0,6124663.407767652,0.0,13.993254098942742,223362.3209636239,6892135.423041966,1017.75,1
2026-09-13T22:08:06.209181+00:00,1789337286.2087913,F_lat_northeurope_rep3,r3-sub-northeur,F01,load,16,1,1000,6,99.5,3512769,3499793,231,765,917,35419055,3892.976,,,1,1.00040602684021,4386.219077327564,4430.201219397394,,17A/5B959CA8,17A/5B959CA8,0.068610,0.018616,11.5,16.8,0.0,32635964.9222854,0.0,39.98376551802702,204864.81938471505,6380448.366710542,1017.73,1
2026-09-13T22:08:07.209580+00:00,1789337287.2091594,F_lat_northeurope_rep3,r3-sub-northeur,F01,load,16,1,1000,6,99.5,3516828,3503848,231,765,917,35457290,3896.997,,,1,1.0003681182861328,4057.5063577136257,4053.507829644925,,17A/5BF9DE70,17A/5BF9DE70,0.053665,0.005514,2.5,16.7,0.0,14944898.509574227,0.0,23.991168412201777,198191.0422531989,6506269.923066803,1017.72,1
2026-09-13T22:08:08.209998+00:00,1789337288.2095332,F_lat_northeurope_rep3,r3-sub-northeur,F01,load,16,1,1000,6,99.5,3520964,3507982,231,765,917,35496218,3900.802,,,1,1.0003738403320312,4134.45437420398,4132.455121605235,,17A/5C52FF88,17A/5C52FF88,0.102015,0.056266,1.9,16.7,0.0,22237062.889026165,0.0,25.990283783680724,182652.7170476125,5879307.077889888,1017.7,1
2026-09-13T22:08:09.210263+00:00,1789337289.2097898,F_lat_northeurope_rep3,r3-sub-northeur,F01,load,16,1,1000,6,99.5,3525413,3512429,231,765,917,35538072,3905.055,,,1,1.0002565383911133,4447.858953420191,4445.859466365383,,17A/5CA7DD20,17A/5CA7DD20,0.175522,0.130124,1.0,16.7,0.0,14668109.066899303,0.0,19.994870548079078,187050.01449022497,5637811.684860966,1017.7,1
2026-09-13T22:08:10.210717+00:00,1789337290.2102757,F_lat_northeurope_rep3,r3-sub-northeur,F01,load,16,1,1000,6,99.5,3529726,3516740,231,765,917,35578659,3909.31,,,1,1.000485897064209,4310.905343749389,4308.906315071556,,17A/5CFFFF80,17A/5CFFFF80,0.063146,0.019302,1.2,16.7,0.0,13633055.738240592,0.0,18.990772439424624,182806.17501624033,5832910.805763687,1017.69,1
2026-09-13T22:08:11.211305+00:00,1789337291.210864,F_lat_northeurope_rep3,r3-sub-northeur,F01,load,16,1,1000,6,99.5,3534089,3521101,231,765,917,35619723,3914.226,,,1,1.0005884170532227,4360.434246130121,4358.435422272165,,17A/5D639FD8,17A/5D639FD8,0.082834,0.036113,2.0,16.7,0.0,32499021.02181772,0.0,40.97588908808961,217597.96164861947,6603352.47479539,1017.67,1
2026-09-13T22:08:12.211782+00:00,1789337292.2113087,F_lat_northeurope_rep3,r3-sub-northeur,F01,load,16,1,1000,6,99.5,3538302,3525312,231,765,917,35659379,3918.248,,,1,1.0004446506500244,4211.127519411159,4209.128408317206,,17A/5DB73C40,17A/5DB73C40,0.146628,0.101208,1.0,16.7,0.0,5265114.863253601,0.0,9.995555469763016,178489.63446801118,5548338.927489336,1017.67,1
2026-09-13T22:08:13.212208+00:00,1789337293.2117248,F_lat_northeurope_rep3,r3-sub-northeur,F01,load,16,1,1000,6,99.5,3542489,3529497,231,765,917,35698788,3922.37,,,1,1.0004160404205322,4185.258763184129,4183.259594918934,,17A/5E0FFFD0,17A/5E0FFFD0,0.134117,0.092281,1.6,16.7,0.0,14649393.260267457,0.0,19.991682651942337,190195.87082991644,5864841.988672677,1017.66,1
2026-09-13T22:08:14.212540+00:00,1789337294.2121117,F_lat_northeurope_rep3,r3-sub-northeur,F01,load,16,1,1000,6,99.5,3546903,3533909,231,765,917,35740362,3926.718,,,1,1.0003869533538818,4412.292648561331,4410.293422168689,,17A/5E745FC8,17A/5E745FC8,0.053181,0.007487,1.6,16.7,0.0,31580227.92488811,0.0,33.98684867491737,213793.27197637138,6654124.164337464,1017.64,1
2026-09-13T22:08:15.212987+00:00,1789337295.2125022,F_lat_northeurope_rep3,r3-sub-northeur,F01,load,16,1,1000,6,99.5,3550484,3537488,231,765,917,35774050,3930.144,,,1,1.0003905296325684,3579.6020593230314,3577.602840077389,,17A/5EC6BF08,17A/5EC6BF08,0.155052,0.105800,1.6,16.7,0.0,5199889.289146514,0.0,11.995315473855454,172598.59513406048,5459175.030381259,1017.64,1
2026-09-13T22:08:16.213080+00:00,1789337296.2126827,F_lat_northeurope_rep3,r3-sub-northeur,F01,load,16,1,1000,6,99.5,3550486,3537488,231,765,917,35774050,3930.144,,,1,1.0001804828643799,1.999639099407613,0.0,,17A/5F209DE8,17A/5F209DE8,0.197065,0.149823,2.7,16.7,0.0,31820177.00330937,0.0,39.99278198815226,193084.1516192494,5974510.703195019,1017.61,1
2026-09-13T22:08:17.213714+00:00,1789337297.2132444,F_lat_northeurope_rep3,r3-sub-northeur,F01,load,16,1,1000,6,99.5,3554951,3541950,231,765,917,35816050,3934.358,,,1,1.0005617141723633,4462.493354238847,4459.495038435327,,17A/5F827CA8,17A/5F827CA8,0.166658,0.119052,2.2,16.7,0.0,5935865.740088547,0.0,11.993263214079768,204923.89134597513,6499407.190868929,1017.61,1
2026-09-13T22:08:18.214238+00:00,1789337298.2137454,F_lat_northeurope_rep3,r3-sub-northeur,F01,load,16,1,1000,6,99.5,3559079,3546077,231,765,917,35854901,3938.318,,,1,1.0005009174346924,4125.933248101649,4124.933748768291,,17A/5FE51BA8,17A/5FE51BA8,0.134072,0.087181,2.7,16.7,0.0,15573383.020927675,0.0,23.98798400059098,201454.08813496315,6535891.058217688,1017.6,1
2026-09-13T22:08:19.214562+00:00,1789337299.214074,F_lat_northeurope_rep3,r3-sub-northeur,F01,load,16,1,1000,6,99.5,3563236,3550232,231,765,917,35894023,3942.296,,661294,1,1.000328540802002,4155.634704441376,4153.635361307172,119578,17A/6052BD70,17A/6052BD70,0.072101,0.024158,5.3,16.7,0.0,32568883.792798407,0.0,37.98751954986103,231877.8186754859,7249689.18130211,1017.58,1
2026-09-13T22:08:20.221308+00:00,1789337300.2142777,F_lat_northeurope_rep3,r3-sub-northeur,F01,load,16,1,1000,6,99.5,3567850,3554840,231,765,917,35949219,3946.993,,,1,1.0002038478851318,4613.0596375488985,4607.060860386937,,17A/60A6BE48,17A/60A6BE48,0.155608,0.109853,1.6,16.7,0.0,5553044.023719721,0.0,12.997350517584673,180500.2054148603,5567202.137618145,1017.58,1
2026-09-13T22:08:21.215220+00:00,1789337301.2146502,F_lat_northeurope_rep3,r3-sub-northeur,F01,load,16,1,1000,6,99.5,3572103,3559088,231,765,917,36003094,3951.123,,,1,1.0003724098205566,4251.416730658224,4246.41859201414,,17A/6110BC08,17A/6110BC08,0.043793,0.002024,1.8,16.8,0.0,20591115.666309647,0.0,31.988087322140412,228373.95129777738,7023122.5202025045,1017.56,1
2026-09-13T22:08:22.215535+00:00,1789337302.215066,F_lat_northeurope_rep3,r3-sub-northeur,F01,load,16,1,1000,6,99.5,3576560,3563545,231,765,917,36045073,3955.571,,,1,1.0004158020019531,4455.1475407335665,4455.1475407335665,,17A/61716D48,17A/61653FD0,0.047845,-0.000254,1.9,16.7,0.0,26223976.018272433,0.0,25.98919364125482,206653.0732384377,6720938.420349815,1017.55,1
2026-09-13T22:08:23.215619+00:00,1789337303.2151406,F_lat_northeurope_rep3,r3-sub-northeur,F01,load,16,1,1000,6,99.5,3580842,3567823,231,765,917,36085351,3959.62,,,1,1.0000746250152588,4281.680479528882,4277.680778006669,,17A/61CABCE8,17A/61CABCE8,0.181126,0.136049,1.4,16.7,0.0,6348326.256056274,0.0,14.998880708298278,182341.39277078217,5605576.68375444,1017.55,1
2026-09-13T22:08:24.215832+00:00,1789337304.2153587,F_lat_northeurope_rep3,r3-sub-northeur,F01,load,16,1,1000,6,99.5,3585117,3572096,231,765,917,36125584,3963.887,,,1,1.000218152999878,4274.067599331524,4272.068035542364,,17A/62319C10,17A/62319C10,0.134051,0.088580,2.1,16.7,0.0,31687935.181880135,0.0,32.99280252115563,211807.79349445167,6813186.6828864,1017.52,1
2026-09-13T22:08:25.216080+00:00,1789337305.2156143,F_lat_northeurope_rep3,r3-sub-northeur,F01,load,16,1,1000,6,99.5,3589439,3576416,231,765,917,36166244,3968.04,,,1,1.0002555847167969,4320.895645110236,4318.896156149056,,17A/62969D38,17A/62969D38,0.103629,0.055905,1.8,16.7,0.0,15511683.45077819,0.0,23.99386753416142,213869.33826574782,6680326.610615116,1017.52,1
2026-09-13T22:08:26.216387+00:00,1789337306.2159545,F_lat_northeurope_rep3,r3-sub-northeur,F01,load,16,1,1000,6,99.5,3593688,3580663,231,765,917,36206237,3972.126,,,1,1.000340223312378,4247.554882808264,4245.555563023464,,17A/62FB3E68,17A/62FB3E68,0.071792,0.026469,1.2,16.7,0.0,6702871.526846693,0.0,17.993878063202814,221750.55529155707,6662934.114485414,1017.51,1
2026-09-13T22:08:27.216478+00:00,1789337307.215991,F_lat_northeurope_rep3,r3-sub-northeur,F01,load,16,1,1000,6,99.5,3598104,3585077,231,765,917,36247787,3976.383,,,1,1.0000364780426025,4415.838918839792,4413.838991793216,,17A/63531E20,17A/63531E20,0.165399,0.118105,1.0,16.7,0.0,31148943.747502953,0.0,31.99883274521589,191977.997018446,5823003.588227034,1017.49,1
2026-09-13T22:08:28.216955+00:00,1789337308.216497,F_lat_northeurope_rep3,r3-sub-northeur,F01,load,16,1,1000,6,99.5,3602320,3589291,231,765,917,36287454,3980.297,,,1,1.0005059242248535,4213.868102046837,4211.869113383627,,17A/63B6BFD0,17A/63B6BFD0,0.136297,0.090482,1.4,16.7,0.0,15016530.773308525,0.0,17.99089796889067,214784.33540160127,6593961.954909249,1017.49,1
2026-09-13T22:08:29.217154+00:00,1789337309.2166772,F_lat_northeurope_rep3,r3-sub-northeur,F01,load,16,1,1000,6,99.5,3606499,3593468,231,765,917,36326814,3984.45,,,1,1.0001802444458008,4178.246894204135,4176.247254628062,,17A/64111D50,17A/64111D50,0.119448,0.077428,1.6,16.7,0.0,22855656.39487969,0.0,26.995134276982927,195525.75756818734,6109843.734602127,1017.47,1
2026-09-13T22:08:30.217467+00:00,1789337310.2169898,F_lat_northeurope_rep3,r3-sub-northeur,F01,load,16,1,1000,6,99.5,3610993,3597960,231,765,917,36369126,3988.9,,,1,1.0003125667572021,4492.595763910655,4490.596388848834,,17A/6473FB98,17A/6473FB98,0.168094,0.122815,1.2,16.7,0.0,11612626.279061353,0.0,28.99093839639719,209359.5611608787,6436826.062151079,1017.46,1
2026-09-13T22:08:31.217839+00:00,1789337311.217398,F_lat_northeurope_rep3,r3-sub-northeur,F01,load,16,1,1000,6,99.5,3615161,3602126,231,765,917,36408346,3992.9,,,1,1.0004081726074219,4166.299430698072,4164.300246710212,,17A/64D6DFE8,17A/64D6DFE8,0.136293,0.090350,1.8,16.8,0.0,6505888.474537752,0.0,20.991431872519076,211824.53902559,6536806.854501985,1017.45,1
2026-09-13T22:08:32.217880+00:00,1789337312.2174306,F_lat_northeurope_rep3,r3-sub-northeur,F01,load,16,1,1000,6,99.5,3619628,3606591,231,765,917,36450392,3999.939,,,1,1.000032663345337,4466.85409760204,4464.854162926597,,17A/65319CC0,17A/6530BFF8,0.042134,-0.000261,1.4,16.7,0.0,32672724.799506776,0.0,89.99706039493701,207558.22045416778,6223905.706418566,1017.43,1
2026-09-13T22:08:33.218321+00:00,1789337313.2178364,F_lat_northeurope_rep3,r3-sub-northeur,F01,load,16,1,1000,6,99.5,3623778,3610739,231,765,917,36489442,4003.797,,,1,1.0004057884216309,4148.316661129656,4146.317472377304,,17A/65931FC8,17A/65931FC8,0.168109,0.122349,2.1,16.7,0.0,14944335.761578986,0.0,19.99188752351641,207692.72069868346,6272499.6922502015,1017.43,1
2026-09-13T22:08:34.218513+00:00,1789337314.218066,F_lat_northeurope_rep3,r3-sub-northeur,F01,load,16,1,1000,6,99.5,3627933,3614892,231,765,917,36528534,4007.831,,,1,1.0002295970916748,4154.04624306391,4152.046702152687,,17A/65F59E28,17A/65F59E28,0.132599,0.086488,2.2,16.7,0.0,14963348.458712162,0.0,19.995409112220987,216412.31236247896,6526467.5420334395,1017.42,1
2026-09-13T22:08:35.219072+00:00,1789337315.218589,F_lat_northeurope_rep3,r3-sub-northeur,F01,load,16,1,1000,6,99.5,3627935,3614892,231,765,917,36528534,4007.831,,,1,1.0005230903625488,1.998954366235847,0.0,,17A/66527F50,17A/66527F50,0.172130,0.123321,2.1,16.7,0.0,22372936.932308797,0.0,25.986406761066014,194457.28127024008,6147775.1580636995,1017.4,1
2026-09-13T22:08:36.226006+00:00,1789337316.219079,F_lat_northeurope_rep3,r3-sub-northeur,F01,load,16,1,1000,6,99.5,3632534,3619489,231,765,917,36571821,4012.274,,,1,1.0004899501800537,4596.747822576667,4594.74880199716,,17A/66B55F20,17A/66B55F20,0.146765,0.097993,1.7,16.7,0.0,15716843.529682755,0.0,36.98188072088208,209630.29160088542,6540276.590306978,1017.4,1
2026-09-13T22:08:37.219836+00:00,1789337317.2193658,F_lat_northeurope_rep3,r3-sub-northeur,F01,load,16,1,1000,6,99.5,3636693,3623646,231,765,917,36610953,4016.225,,,1,1.0002868175506592,4157.80746784596,4155.80804131658,,17A/67109FD8,17A/67109FD8,0.094645,0.052952,1.4,16.7,0.0,30690717.363617793,0.0,32.99053773477198,202960.7872841113,6036385.658650552,1017.38,1
2026-09-13T22:08:38.220233+00:00,1789337318.2197964,F_lat_northeurope_rep3,r3-sub-northeur,F01,load,16,1,1000,6,99.5,3641236,3628189,231,765,917,36653725,4020.679,,,1,1.0004305839538574,4541.044699018853,4541.044699018853,,17A/6773FFF8,17A/6773FFF8,0.152708,0.107422,1.4,16.7,0.0,7271365.066879562,0.0,16.992683223271076,214101.81119560736,6577211.958069736,1017.37,1
2026-09-13T22:08:39.220605+00:00,1789337319.2201674,F_lat_northeurope_rep3,r3-sub-northeur,F01,load,16,1,1000,6,99.5,3645415,3632364,231,765,917,36693033,4024.608,,,1,1.000370979309082,4177.4502523916435,4173.451735758581,,17A/67D71DB0,17A/67D71DB0,0.126530,0.076914,1.8,16.7,0.0,14650053.133410553,0.0,20.992212323576098,208464.66392300982,6576159.380936447,1017.36,1
2026-09-13T22:08:40.220749+00:00,1789337320.2202528,F_lat_northeurope_rep3,r3-sub-northeur,F01,load,16,1,1000,6,99.5,3649587,3636534,231,765,917,36732293,4028.687,,,1,1.0000853538513184,4171.643934123894,4169.644104817027,,17A/68313DB0,17A/68313DB0,0.186051,0.139181,1.2,16.7,0.0,31470977.830837384,0.0,31.997268909866875,204990.50327106213,5961657.149602042,1017.34,1
2026-09-13T22:08:41.221118+00:00,1789337321.2206645,F_lat_northeurope_rep3,r3-sub-northeur,F01,load,16,1,1000,6,99.5,3654075,3641020,231,765,917,36774513,4033.225,,,1,1.0004117488861084,4486.152831568689,4484.153654727527,,17A/68947BD0,17A/68947BD0,0.154846,0.106626,1.6,16.7,0.0,6325715.393732792,0.0,17.992591570462658,210486.3324870574,6574173.09155247,1017.34,1
2026-09-13T22:08:42.221257+00:00,1789337322.2208529,F_lat_northeurope_rep3,r3-sub-northeur,F01,load,16,1,1000,6,99.5,3658265,3645208,231,765,917,36813928,4037.172,,,1,1.0001883506774902,4189.210959277671,4187.211335908087,,17A/68F9BDA0,17A/68F9BDA0,0.097228,0.055246,2.3,16.7,0.0,32389163.479115367,0.0,34.993408967713236,214753.55102317134,6712593.678432951,1017.32,1
2026-09-13T22:08:43.221879+00:00,1789337323.2213938,F_lat_northeurope_rep3,r3-sub-northeur,F01,load,16,1,1000,6,99.5,3662770,3649711,231,765,917,36856325,4041.703,,,1,1.0005409717559814,4502.564239916713,4500.56532127524,,17A/69527BF8,17A/69527BF8,0.181113,0.133711,1.0,16.8,0.0,5444734.552388341,0.0,11.993511848834752,188478.03870443814,5872393.201138167,1017.31,1
2026-09-13T22:08:44.222247+00:00,1789337324.221743,F_lat_northeurope_rep3,r3-sub-northeur,F01,load,16,1,1000,6,99.5,3666960,3653899,231,765,917,36895776,4045.765,,,1,1.0003492832183838,4188.537014311321,4186.537712633846,,17A/69B5FF30,17A/69B5FF30,0.156235,0.109728,1.2,16.7,0.0,14715883.988679072,0.0,21.992318452231284,224219.68382720783,6584650.092223857,1017.31,1
2026-09-13T22:08:45.222346+00:00,1789337325.2219336,F_lat_northeurope_rep3,r3-sub-northeur,F01,load,16,1,1000,6,99.5,3671143,3658080,231,765,917,36935146,4049.968,,,1,1.0001904964447021,4182.203305139349,4180.2036860596745,,17A/6A211FC0,17A/6A211FC0,0.047467,0.001387,2.3,16.7,0.0,32159761.67973754,0.0,33.99352435446758,246868.97233846225,7091066.177104114,1017.28,1
2026-09-13T22:08:46.222791+00:00,1789337326.2223217,F_lat_northeurope_rep3,r3-sub-northeur,F01,load,16,1,1000,6,99.5,3675653,3662588,231,765,917,36977574,4054.475,,,1,1.0003881454467773,4508.25014323397,4506.250919223668,,17A/6A73FBB8,17A/6A73FBB8,0.187733,0.141131,1.6,16.7,0.0,6428224.91376886,0.0,18.99262809788147,173101.8113201072,5481322.449648851,1017.28,1
2026-09-13T22:08:47.223403+00:00,1789337327.2228994,F_lat_northeurope_rep3,r3-sub-northeur,F01,load,16,1,1000,6,99.5,3679835,3666768,231,765,917,37016909,4058.558,,,1,1.000577688217163,4179.585502702463,4177.586657411835,,17A/6AD73EB8,17A/6AD73EB8,0.161808,0.112502,3.3,16.7,0.0,14573341.152531484,0.0,21.987298196904398,214254.22785708957,6583472.805332346,1017.27,1
2026-09-13T22:08:48.223656+00:00,1789337328.223237,F_lat_northeurope_rep3,r3-sub-northeur,F01,load,16,1,1000,6,99.5,3684336,3671267,231,765,917,37059283,4062.952,,,1,1.0003376007080078,4499.480972038172,4497.481647011717,,17A/6B425BA8,17A/6B425BA8,0.048838,0.002920,2.7,16.7,0.0,32748751.998139057,0.0,32.98886293651626,235087.63424823392,7095680.4932416845,1017.25,1
2026-09-13T22:08:49.230012+00:00,1789337329.2236795,F_lat_northeurope_rep3,r3-sub-northeur,F01,load,16,1,1000,6,99.5,3688522,3675451,231,765,917,37098684,4067.093,,783305,1,1.0004425048828125,4184.148493861054,4182.149378479372,122011,17A/6BA5DF08,17A/6BA5DF08,0.115131,0.063366,6.2,16.8,0.0,14984729.184168382,0.0,19.991153816823,211946.21276595743,6580189.234134065,1017.25,1
2026-09-13T22:08:50.224504+00:00,1789337330.224041,F_lat_northeurope_rep3,r3-sub-northeur,F01,load,16,1,1000,6,99.5,3692697,3679620,231,765,917,37165420,4071.985,,,1,1.000361442565918,4173.491522515265,4167.493690387099,,17A/6BF89B40,17A/6BF89B40,0.162648,0.114069,1.7,16.8,0.0,21836075.51283706,0.0,25.99060588871782,168680.03185646667,5482980.217561287,1017.23,1
2026-09-13T22:08:51.224818+00:00,1789337331.2244034,F_lat_northeurope_rep3,r3-sub-northeur,F01,load,16,1,1000,6,99.5,3697206,3684129,231,765,917,37207873,4076.02,,,1,1.0003623962402344,4507.366547309896,4507.366547309896,,17A/6C635E98,17A/6C635E98,0.050473,0.003504,1.9,16.7,0.0,15681996.903282883,0.0,27.98985658121027,230130.60153524074,7063984.038743284,1017.22,1
2026-09-13T22:08:52.225129+00:00,1789337332.2246525,F_lat_northeurope_rep3,r3-sub-northeur,F01,load,16,1,1000,6,99.5,3697213,3684129,231,765,917,37237265,4076.02,,,1,1.0002491474151611,6.998256402506681,0.0,,17A/6CB61C48,17A/6CB61C48,0.191551,0.145681,1.6,16.7,0.0,14520798.18066721,0.0,17.995516463588608,172052.13365562673,5477279.35000783,1017.22,1
2026-09-13T22:08:53.225224+00:00,1789337333.224814,F_lat_northeurope_rep3,r3-sub-northeur,F01,load,16,1,1000,6,99.5,3701388,3688302,231,765,917,37276567,4079.887,,,1,1.0001614093780518,4174.326224600302,4172.326547366961,,17A/6D211F10,17A/6D211F10,0.083037,0.034367,2.7,16.8,0.0,23953637.658243507,0.0,29.99515850012193,225959.52801311854,7096924.489832016,1017.19,1
2026-09-13T22:08:54.225626+00:00,1789337334.2252312,F_lat_northeurope_rep3,r3-sub-northeur,F01,load,16,1,1000,6,99.5,3705900,3692812,231,765,917,37319030,4084.005,,,1,1.0004172325134277,4510.118232034192,4508.119066151198,,17A/6D82C818,17A/6D73FE30,0.046165,-0.000275,2.7,16.7,0.0,14567489.969545674,0.0,19.991658829938796,215307.16684961633,6580323.475097317,1017.19,1
2026-09-13T22:08:55.226210+00:00,1789337335.2257173,F_lat_northeurope_rep3,r3-sub-northeur,F01,load,16,1,1000,6,99.5,3710085,3696995,231,765,917,37358428,4087.967,,,1,1.000486135482788,4182.966511555419,4180.967483353958,,17A/6DD7BFC8,17A/6DD7BFC8,0.192614,0.147106,1.6,16.7,0.0,10750869.620806497,0.0,44.978134532853964,180320.33988451373,5482176.9192766175,1017.18,1
2026-09-13T22:08:56.226473+00:00,1789337336.2260754,F_lat_northeurope_rep3,r3-sub-northeur,F01,load,16,1,1000,6,99.5,3714273,3701181,231,765,917,37397873,4091.818,,,1,1.0003581047058105,4186.500794364659,4184.501510317684,,17A/6E42FB88,17A/6E42FB88,0.085706,0.036421,1.9,16.8,0.0,25762806.2178585,0.0,41.98496498646506,215769.73184365532,7095458.083070571,1017.16,1
2026-09-13T22:08:57.226891+00:00,1789337337.226493,F_lat_northeurope_rep3,r3-sub-northeur,F01,load,16,1,1000,6,99.5,3718782,3705688,231,765,917,37440304,4095.806,,,1,1.0004174709320068,4507.118409077098,4505.119243670543,,17A/6EA42810,17A/6E95BFE8,0.057095,-0.000239,2.0,16.8,0.0,14330017.634182584,0.0,17.99248865899041,207261.4743591302,6580312.9106363,1017.16,1
2026-09-13T22:08:58.227282+00:00,1789337338.2268267,F_lat_northeurope_rep3,r3-sub-northeur,F01,load,16,1,1000,6,99.5,3722970,3709874,231,765,917,37479729,4099.578,,,1,1.0003337860107422,4186.602570629387,4184.603237978657,,17A/6EF91C60,17A/6EF91C60,0.194293,0.149313,1.6,16.8,0.0,31491824.46953932,0.0,32.98898873705104,171335.81050331483,5478443.372241703,1017.14,1
2026-09-13T22:08:59.227689+00:00,1789337339.2272465,F_lat_northeurope_rep3,r3-sub-northeur,F01,load,16,1,1000,6,99.5,3727395,3714297,231,765,917,37521364,4103.471,,,1,1.0004198551177979,4423.142920807947,4421.143760165774,,17A/6F627B68,17A/6F627B68,0.100507,0.055301,1.8,16.7,0.0,15828490.327329056,0.0,23.989927706077005,225991.1164731719,6981464.796275558,1017.13,1
2026-09-13T22:09:00.227697+00:00,1789337340.2272766,F_lat_northeurope_rep3,r3-sub-northeur,F01,load,16,1,1000,6,99.5,3731583,3718483,231,765,917,37560792,4107.192,,,1,1.0000300407409668,4187.874193156162,4185.874253235839,,17A/6FC5FCA0,17A/6FC5FCA0,0.070169,0.024866,1.6,16.8,0.0,24288550.35395036,0.0,72.99780709178602,217629.46224969783,6567493.707622728,1017.11,1
2026-09-13T22:09:01.228261+00:00,1789337341.2277985,F_lat_northeurope_rep3,r3-sub-northeur,F01,load,16,1,1000,6,99.5,3735763,3722661,231,765,917,37600156,4110.986,,,1,1.0005218982696533,4177.819603178177,4175.820646430246,,17A/70209FF8,17A/70209FF8,0.130916,0.085397,1.6,16.8,0.0,14819785.5795494,0.0,22.988002601219637,194699.38672696464,5987230.2748795245,1017.11,1
2026-09-13T22:09:02.228733+00:00,1789337342.228273,F_lat_northeurope_rep3,r3-sub-northeur,F01,load,16,1,1000,6,99.5,3740258,3727154,231,765,917,37642447,4115.062,,,1,1.000474452972412,4492.868345258936,4490.869293714883,,17A/7083BFF8,17A/7083BFF8,0.101243,0.055725,1.2,16.8,0.0,7074531.467516813,0.0,16.991938124449813,216966.05980801155,6573850.017319092,1017.1,1
2026-09-13T22:09:03.229211+00:00,1789337343.228776,F_lat_northeurope_rep3,r3-sub-northeur,F01,load,16,1,1000,6,99.5,3744435,3731329,231,765,917,37681752,4118.862,,,1,1.0005030632019043,4174.899761558321,4172.900767178834,,17A/70E6DB98,17A/70E6DB98,0.071605,0.026290,2.1,16.9,0.0,31576562.99311555,0.0,33.98290445127673,205393.67400070632,6557871.975926112,1017.08,1
2026-09-13T22:09:04.229668+00:00,1789337344.2292042,F_lat_northeurope_rep3,r3-sub-northeur,F01,load,16,1,1000,6,99.5,3748913,3735805,231,765,917,37723921,4123.123,,,1,1.0004281997680664,4476.083342151045,4474.084198184028,,17A/71415B50,17A/71415B50,0.133747,0.088554,1.4,16.9,0.0,14747477.13371178,0.0,19.99143967016992,188907.11001930363,5972036.775237959,1017.07,1
2026-09-13T22:09:05.236436+00:00,1789337345.2296824,F_lat_northeurope_rep3,r3-sub-northeur,F01,load,16,1,1000,6,99.5,3753410,3740300,231,765,917,37766233,4127.204,,,1,1.0004782676696777,4494.8502584413445,4492.851214519423,,17A/71B59C48,17A/71B59C48,0.142068,0.099259,1.8,16.9,0.0,14288206.412815068,0.0,19.99043921921879,201422.66605088758,6364730.954958047,1017.07,1
2026-09-13T22:09:06.230362+00:00,1789337346.2299607,F_lat_northeurope_rep3,r3-sub-northeur,F01,load,16,1,1000,6,99.5,3757333,3744267,244,816,917,37914995,4130.92,,,1,1.0002782344818115,3921.9087897401746,3965.896550828262,,17A/72315FE0,17A/72315FE0,0.059882,0.011676,9.9,16.8,2047.430334281896,24341899.24427746,3.998887371644328,33.990542658976786,221992.2341057774,6861795.811798008,1017.05,1
2026-09-13T22:09:07.230778+00:00,1789337347.2303512,F_lat_northeurope_rep3,r3-sub-northeur,F01,load,16,1,1000,6,99.5,3761419,3748353,244,816,917,37953449,4134.485,,,1,1.0003905296325684,4084.404918847782,4084.404918847782,,17A/7293DF48,17A/7293DF48,0.056755,0.011600,1.4,16.8,0.0,15055112.532434434,0.0,39.98438491285151,209016.37291268565,6362344.316011994,1017.04,1
2026-09-13T22:09:08.231296+00:00,1789337348.2305129,F_lat_northeurope_rep3,r3-sub-northeur,F01,load,16,1,1000,6,99.5,3765520,3752450,244,816,917,37992026,4138.187,,,1,1.0001616477966309,4100.33718952787,4096.3378360145525,,17A/72E63C38,17A/72E63C38,0.181887,0.136841,1.6,16.8,0.0,30678176.94029295,0.0,31.994828106532996,186884.79048539422,5452814.5645402055,1017.02,1
2026-09-13T22:09:09.231485+00:00,1789337349.2310042,F_lat_northeurope_rep3,r3-sub-northeur,F01,load,16,1,1000,6,99.5,3769394,3756322,244,816,917,38028501,4141.728,,,1,1.0004913806915283,3872.0973261382173,3870.0983084169275,,17A/73425D80,17A/73425D80,0.164722,0.119563,2.5,16.8,4295105.468104895,16937341.31751075,11.994106327738411,25.987230376766558,199716.86298975424,6079770.5181584535,1017.02,1
2026-09-13T22:09:10.231624+00:00,1789337350.2312012,F_lat_northeurope_rep3,r3-sub-northeur,F01,load,16,1,1000,6,99.5,3773642,3760568,244,816,917,38068467,4145.462,,,1,1.000196933746338,4247.16359016288,4245.163983952822,,17A/73A3E510,17A/73969BB0,0.045070,-0.000257,1.4,16.8,0.0,6273836.469880075,0.0,15.996849680462823,219832.70752134023,6685878.324933912,1017.01,1
2026-09-13T22:09:11.232072+00:00,1789337351.231638,F_lat_northeurope_rep3,r3-sub-northeur,F01,load,16,1,1000,6,99.5,3773644,3760568,244,816,917,38068467,4145.462,,,1,1.000436782836914,1.9991268157180797,0.0,,17A/73FA5CD0,17A/73FA5CD0,0.104666,0.058676,1.6,16.7,0.0,31521336.021429237,0.0,34.9847192750664,181196.8563230553,5492041.170677023,1016.99,1
2026-09-13T22:09:12.232505+00:00,1789337352.2320585,F_lat_northeurope_rep3,r3-sub-northeur,F01,load,16,1,1000,6,99.5,3777845,3764767,244,816,917,38107991,4149.26,,,1,1.0004205703735352,4199.23392661892,4197.2347674060575,,17A/7453BFE0,17A/7453BFE0,0.103325,0.056609,1.8,16.7,0.0,6133228.545779525,0.0,20.991171735062444,188407.76127746262,5894866.793670646,1016.99,1
2026-09-13T22:09:13.233002+00:00,1789337353.2325084,F_lat_northeurope_rep3,r3-sub-northeur,F01,load,16,1,1000,6,99.5,3781639,3768559,244,816,917,38143705,4152.727,,,1,1.0004498958587646,3792.2938626959544,3790.2947620830414,,17A/74A6DD20,17A/74A6DD20,0.184920,0.131668,1.5,16.7,0.0,13617169.691747587,0.0,17.99190551621697,183238.56172991171,5474309.130992369,1016.98,1
2026-09-13T22:09:14.233505+00:00,1789337354.2330363,F_lat_northeurope_rep3,r3-sub-northeur,F01,load,16,1,1000,6,99.5,3785781,3772699,244,816,917,38182693,4156.537,,,1,1.0005278587341309,4139.814762619867,4137.81581778036,,17A/7501E000,17A/74FFFFF0,0.042646,-0.000316,1.4,16.7,0.0,31444777.5995013,0.0,36.98047953088727,229892.64915722987,6301104.906740302,1016.96,1
2026-09-13T22:09:15.233833+00:00,1789337355.233349,F_lat_northeurope_rep3,r3-sub-northeur,F01,load,16,1,1000,6,99.5,3790169,3777085,244,816,917,38224006,4160.611,,,1,1.0003128051757812,4386.627840107389,4384.628465522107,,17A/75629FE8,17A/75629FE8,0.136160,0.090527,1.4,16.7,0.0,14970293.214799447,0.0,20.993433145454684,198604.8753670498,6091095.673747073,1016.96,1
2026-09-13T22:09:16.234063+00:00,1789337356.233571,F_lat_northeurope_rep3,r3-sub-northeur,F01,load,16,1,1000,6,99.5,3794345,3781259,244,816,917,38263341,4164.524,,,1,1.0002219676971436,4175.073268601163,4173.07371243804,,17A/75C49C10,17A/75C49C10,0.090328,0.045423,2.1,16.7,0.0,23026696.81713468,0.0,26.994008202162693,212253.88649360524,6452736.700894229,1016.93,1
2026-09-13T22:09:17.234525+00:00,1789337357.2340665,F_lat_northeurope_rep3,r3-sub-northeur,F01,load,16,1,1000,6,99.5,3798438,3785350,244,816,917,38301881,4168.352,,,1,1.000495433807373,4090.973193574846,4088.9741839517947,,17A/76211FD8,17A/76211FD8,0.122884,0.077137,1.6,16.7,0.0,14893869.073738283,0.0,22.988610665091976,204256.8042737768,6105877.941644017,1016.93,1
2026-09-13T22:09:18.234943+00:00,1789337358.2344909,F_lat_northeurope_rep3,r3-sub-northeur,F01,load,16,1,1000,6,99.5,3802986,3789896,244,816,917,38344671,4172.623,,,1,1.0004243850708008,4546.070715457555,4544.071563867644,,17A/76841CB8,17A/76841CB8,0.093897,0.045922,1.4,16.7,0.0,14690213.692621978,0.0,20.99109169406523,215287.63514171785,6536323.0820660405,1016.92,1
2026-09-13T22:09:19.235269+00:00,1789337359.2348435,F_lat_northeurope_rep3,r3-sub-northeur,F01,load,16,1,1000,6,99.5,3807186,3794094,244,816,917,38384230,4176.708,,903296,1,1.0003526210784912,4198.519513521076,4196.520218514637,119991,17A/76E7FE58,17A/76E7FE58,0.140469,0.094309,3.8,16.7,0.0,33317403.581216663,0.0,38.986252625552844,221459.90856819812,6599505.875120806,1016.9,1
2026-09-13T22:09:20.235665+00:00,1789337360.235219,F_lat_northeurope_rep3,r3-sub-northeur,F01,load,16,1,1000,6,99.5,3811715,3798617,244,816,917,38439418,4180.717,,,1,1.000375509262085,4527.2999569339345,4521.3022091437815,,17A/77435FD0,17A/77435FD0,0.123337,0.077982,1.5,16.7,0.0,6108938.037185534,0.0,12.995120211998486,205116.9766754475,6047938.942910413,1016.9,1
2026-09-13T22:09:21.244153+00:00,1789337361.2358017,F_lat_northeurope_rep3,r3-sub-northeur,F01,load,16,1,1000,6,99.5,3815898,3802795,244,816,917,38491972,4184.394,,,1,1.0005826950073242,4180.564006225773,4175.5669180041305,,17A/77A63DB8,17A/77A63DB8,0.123713,0.074266,1.6,16.7,0.0,11576742.2900665,0.0,25.98485875253887,205281.3835627014,6511640.699474927,1016.89,1
2026-09-13T22:09:22.236687+00:00,1789337362.2362366,F_lat_northeurope_rep3,r3-sub-northeur,F01,load,16,1,1000,6,99.5,3820087,3806982,244,816,917,38531407,4188.316,,,1,1.0004348754882812,4187.179098445043,4185.1799678179505,,17A/7804EFE8,17A/77FFFC70,0.044518,-0.000252,2.5,16.7,0.0,33052634.21955479,0.0,95.95827010043546,218062.1701072989,6751821.79819872,1016.87,1
2026-09-13T22:09:23.236933+00:00,1789337363.236452,F_lat_northeurope_rep3,r3-sub-northeur,F01,load,16,1,1000,6,99.5,3824586,3811481,244,816,917,38573763,4192.478,,,1,1.0002155303955078,4498.030537699204,4498.030537699204,,17A/78653CB0,17A/78653CB0,0.174122,0.126289,1.8,16.7,0.0,6687326.677836236,0.0,20.995474837004505,191241.78158317777,5864417.039875973,1016.86,1
2026-09-13T22:09:24.237359+00:00,1789337364.2368953,F_lat_northeurope_rep3,r3-sub-northeur,F01,load,16,1,1000,6,99.5,3828759,3815650,244,816,917,38613059,4196.507,,,1,1.0004432201385498,4171.151261759851,4167.1530338549765,,17A/78C89D50,17A/78C89D50,0.076873,0.034842,1.6,16.7,0.0,31451532.047608256,0.0,31.985823238992385,213868.20930264148,6557042.786587652,1016.84,1
2026-09-13T22:09:25.237774+00:00,1789337365.237357,F_lat_northeurope_rep3,r3-sub-northeur,F01,load,16,1,1000,6,99.5,3833181,3820070,244,816,917,38654693,4200.615,,,1,1.0004615783691406,4419.959842144396,4417.960764875222,,17A/7931DE40,17A/7931DE40,0.076004,0.021216,2.2,16.7,0.0,15688630.467534745,0.0,23.9889272300917,222038.51182582503,6942275.595752388,1016.84,1
2026-09-13T22:09:26.238115+00:00,1789337366.237643,F_lat_northeurope_rep3,r3-sub-northeur,F01,load,16,1,1000,6,99.5,3837391,3824278,244,816,917,38694322,4204.472,,,1,1.0002861022949219,4208.795853847357,4206.796425888284,,17A/7995FCD0,17A/7995FCD0,0.048007,0.002239,2.3,16.7,0.0,14995261.821180006,0.0,20.993993570259974,218880.3778215919,6619045.275956357,1016.83,1
2026-09-13T22:09:27.238424+00:00,1789337367.237955,F_lat_northeurope_rep3,r3-sub-northeur,F01,load,16,1,1000,6,99.5,3837393,3824278,244,816,917,38694322,4204.472,,,1,1.000312089920044,1.9993760148993722,0.0,,17A/79E90000,17A/79E90000,0.190765,0.142948,1.6,16.7,0.0,22643813.094181947,0.0,24.992200186242155,177670.5508120029,5481448.295239814,1016.81,1
2026-09-13T22:09:28.238692+00:00,1789337368.238213,F_lat_northeurope_rep3,r3-sub-northeur,F01,load,16,1,1000,6,99.5,3841579,3828462,244,816,917,38733733,4208.561,,,1,1.000257968902588,4184.920420671661,4182.920936476406,,17A/7A52DBE0,17A/7A52DBE0,0.095486,0.050071,2.0,16.7,0.0,15470697.041261995,0.0,25.993294538333302,237559.71698051144,6975083.645326557,1016.8,1
2026-09-13T22:09:29.238639+00:00,1789337369.2382288,F_lat_northeurope_rep3,r3-sub-northeur,F01,load,16,1,1000,6,99.5,3846014,3832895,244,816,917,38775485,4212.684,,,1,1.0000157356262207,4434.930213595844,4432.930245066601,,17A/7AB5BFE8,17A/7AB5BFE8,0.062296,0.017593,2.3,16.7,0.0,31854090.755934265,0.0,34.99944926174849,220622.52836635776,6549329.942192034,1016.78,1
2026-09-13T22:09:30.238836+00:00,1789337370.2384117,F_lat_northeurope_rep3,r3-sub-northeur,F01,load,16,1,1000,6,99.5,3850177,3837055,244,816,917,38814635,4217.037,,,1,1.000182867050171,4162.238863656897,4159.2394121577445,,17A/7B0FFFF8,17A/7B0FFFF8,0.115875,0.070888,1.4,16.7,0.0,5454874.483194206,0.0,13.997440329377024,193774.56501689722,5961026.924590311,1016.78,1
2026-09-13T22:09:31.239299+00:00,1789337371.2388415,F_lat_northeurope_rep3,r3-sub-northeur,F01,load,16,1,1000,6,99.5,3854644,3841520,244,816,917,38856710,4221.197,,,1,1.0004298686981201,4465.080601614783,4463.081460982763,,17A/7B731B70,17A/7B731B70,0.098179,0.050883,2.3,16.7,0.0,15558112.05462587,0.0,22.99011726822028,212923.47086478013,6506529.046829359,1016.77,1
2026-09-13T22:09:32.239806+00:00,1789337372.239351,F_lat_northeurope_rep3,r3-sub-northeur,F01,load,16,1,1000,6,99.5,3858794,3845669,244,816,917,38895783,4225.192,,,1,1.00050950050354,4147.886649663369,4146.887158904415,,17A/7BD5FD70,17A/7BD5FD70,0.067391,0.020404,2.5,16.7,0.0,31617298.97025408,0.0,33.98268580447098,213570.1858827516,6524581.722327086,1016.75,1
2026-09-13T22:09:33.246533+00:00,1789337373.2399457,F_lat_northeurope_rep3,r3-sub-northeur,F01,load,16,1,1000,6,99.5,3862933,3849806,244,816,917,38934735,4229.07,,,1,1.0005946159362793,4136.540347188499,4134.541535713656,,17A/7C315FD8,17A/7C315FD8,0.117545,0.072315,1.6,16.7,0.0,14712275.84632284,0.0,25.984549172964723,203246.14660224295,6029313.873885757,1016.75,1
2026-09-13T22:09:34.240725+00:00,1789337374.2403443,F_lat_northeurope_rep3,r3-sub-northeur,F01,load,16,1,1000,6,99.5,3867456,3854327,244,816,917,38977317,4233.217,,,1,1.0003986358642578,4521.197688451984,4519.198485406017,,17A/7C93FFE0,17A/7C93FFE0,0.084975,0.036728,1.4,16.8,0.0,11288172.129747167,0.0,17.9928274136935,217689.22126913976,6507033.063251077,1016.73,1
2026-09-13T22:09:35.240781+00:00,1789337375.240372,F_lat_northeurope_rep3,r3-sub-northeur,F01,load,16,1,1000,6,99.5,3871595,3858466,244,816,917,39016292,4237.044,,,1,1.0000276565551758,4138.885532683899,4138.885532683899,,17A/7CF65BD0,17A/7CF65BD0,0.051557,0.004918,1.4,16.7,0.0,26467619.996807188,0.0,29.999170326290642,206628.2853734247,6521481.638283243,1016.72,1
2026-09-13T22:09:36.240995+00:00,1789337376.2405965,F_lat_northeurope_rep3,r3-sub-northeur,F01,load,16,1,1000,6,99.5,3876112,3862979,244,816,917,39058792,4241.19,,,1,1.0002245903015137,4515.985753398013,4511.986651557501,,17A/7D51BB98,17A/7D51BB98,0.098053,0.050251,1.2,16.7,0.0,14783239.827709746,0.0,19.995509202559276,183219.8505985108,6029488.83528451,1016.72,1
2026-09-13T22:09:37.241130+00:00,1789337377.240715,F_lat_northeurope_rep3,r3-sub-northeur,F01,load,16,1,1000,6,99.5,3880274,3867139,244,816,917,39097990,4244.965,,,1,1.0001184940338135,4161.506886262304,4159.507123222294,,17A/7DB49B68,17A/7DB49B68,0.069306,0.021589,1.9,16.7,0.0,23008601.617981877,0.0,26.996801040144693,210770.02500952967,6540216.023421373,1016.69,1
2026-09-13T22:09:38.241469+00:00,1789337378.2410269,F_lat_northeurope_rep3,r3-sub-northeur,F01,load,16,1,1000,6,99.5,3884441,3871304,244,816,917,39137209,4248.866,,,1,1.0003118515014648,4165.700919913472,4163.701543422032,,17A/7E107DF0,17A/7E107DF0,0.112933,0.067281,1.9,16.7,0.0,15232369.762618659,0.0,25.991894388708964,204758.1458647749,6071659.543854865,1016.69,1
2026-09-13T22:09:39.241581+00:00,1789337379.2411485,F_lat_northeurope_rep3,r3-sub-northeur,F01,load,16,1,1000,6,99.5,3888995,3875856,244,816,917,39180095,4253.2,,,1,1.0001215934753418,4553.446330635876,4551.44657379326,,17A/7E73FF30,17A/7E73FF30,0.083056,0.036306,1.8,16.7,0.0,14924009.337838579,0.0,20.997446847464513,217011.61280380966,6572955.77146448,1016.68,1
2026-09-13T22:09:40.241658+00:00,1789337380.2412562,F_lat_northeurope_rep3,r3-sub-northeur,F01,load,16,1,1000,6,99.5,3893178,3880037,244,816,917,39219483,4257.147,,,1,1.000107765197754,4182.5492667511535,4180.549482258324,,17A/7ED7A000,17A/7ED7A000,0.051827,0.005502,2.7,16.7,0.0,23201339.703038745,0.0,28.996875146015643,210682.29578073195,6571547.815850075,1016.66,1
2026-09-13T22:09:41.241747+00:00,1789337381.241316,F_lat_northeurope_rep3,r3-sub-northeur,F01,load,16,1,1000,6,99.5,3897678,3884534,244,816,917,39261855,4261.445,,,1,1.0000598430633545,4499.7307223293055,4496.730901847753,,17A/7F323FD0,17A/7F323FD0,0.114217,0.067751,2.0,16.7,0.0,14851207.258263154,0.0,19.99880321035247,199215.07835944457,5992987.361277657,1016.66,1
2026-09-13T22:09:42.241877+00:00,1789337382.241424,F_lat_northeurope_rep3,r3-sub-northeur,F01,load,16,1,1000,6,99.5,3901866,3888720,244,816,917,39301240,4265.312,,,1,1.000108003616333,4187.547729701625,4185.547945685531,,17A/7F95FE10,17A/7F95FE10,0.082833,0.037037,2.9,17.0,77815.59563426439,24999283.986923676,4.999460040235943,27.996976225321276,211510.15613824592,6581389.186167399,1016.64,1
2026-09-13T22:09:43.241896+00:00,1789337383.2414975,F_lat_northeurope_rep3,r3-sub-northeur,F01,load,16,1,1000,6,99.5,3906043,3892896,244,816,917,39340544,4269.397,,,1,1.0000734329223633,4176.693293205665,4175.693366633195,,17A/7FF99F08,17A/7FF99F08,0.052278,0.005143,16.7,16.4,2153313.8758693296,21658057.585538782,85.9936852323886,41.99691604372467,219802.85923370268,6581741.683473942,1016.63,1
2026-09-13T22:09:44.242341+00:00,1789337384.2418857,F_lat_northeurope_rep3,r3-sub-northeur,F01,load,16,1,1000,6,99.5,3906043,3892896,244,816,917,39340544,4269.397,,,1,1.0003881454467773,0.0,0.0,,17A/80531C80,17A/80531C80,0.131464,0.085661,3.1,16.4,0.0,6215315.553567599,0.0,14.994180077274846,196060.89985443043,5881890.970801243,1016.63,1
2026-09-13T22:09:45.242754+00:00,1789337385.2423046,F_lat_northeurope_rep3,r3-sub-northeur,F01,load,16,1,1000,6,99.5,3910485,3897334,244,816,917,39382338,4273.413,,,1,1.0004189014434814,4440.140018936808,4436.141693840962,,17A/80B65C38,17A/80B65C38,0.086731,0.041501,2.9,16.4,0.0,28140020.104958437,0.0,42.9819947803428,220231.74460428482,6560196.924038998,1016.6,1
2026-09-13T22:09:46.243376+00:00,1789337386.2428663,F_lat_northeurope_rep3,r3-sub-northeur,F01,load,16,1,1000,6,99.5,3914657,3901504,244,816,917,39421568,4277.342,,,1,1.0005617141723633,4169.657844095066,4167.658966892719,,17A/81107DE8,17A/81107DE8,0.153265,0.111525,1.3,16.3,0.0,16903912.832593538,0.0,86.95115830207833,200020.64556861884,5958496.028334914,1016.6,1
2026-09-13T22:09:47.243699+00:00,1789337387.2432415,F_lat_northeurope_rep3,r3-sub-northeur,F01,load,16,1,1000,6,99.5,3919145,3905990,244,816,917,39463796,4281.513,,,1,1.0003752708435059,4486.316416254238,4484.317166514375,,17A/8173DDD0,17A/8173DDD0,0.132420,0.086539,1.6,16.3,0.0,15298962.74534579,0.0,23.99099687836491,213640.82682670944,6577243.752189172,1016.59,1
2026-09-13T22:09:48.244119+00:00,1789337388.2436686,F_lat_northeurope_rep3,r3-sub-northeur,F01,load,16,1,1000,6,99.5,3923313,3910156,244,816,917,39503051,4285.468,,,1,1.000427007675171,4166.220991660103,4164.221845310938,,17A/81D71FD0,17A/81D71FD0,0.101570,0.055473,2.5,16.3,0.0,23718000.23186129,0.0,36.98420745955466,218570.66864692053,6558339.5386806065,1016.57,1
2026-09-13T22:09:49.250598+00:00,1789337389.244155,F_lat_northeurope_rep3,r3-sub-northeur,F01,load,16,1,1000,6,99.5,3927483,3914324,244,816,917,39542305,4289.396,,1024495,1,1.0004863739013672,4167.972806805162,4165.9737790800755,121199,17A/82419BA0,17A/82419BA0,0.096280,0.045086,6.3,16.4,0.0,15491729.227216834,0.0,24.987846563580106,236884.78542273943,7034870.422626934,1016.57,1
2026-09-13T22:09:50.245069+00:00,1789337390.2446332,F_lat_northeurope_rep3,r3-sub-northeur,F01,load,16,1,1000,6,99.5,3931960,3918795,244,816,917,39612552,4293.7,,,1,1.0004782676696777,4474.859819222126,4468.862687456361,,17A/82941FC8,17A/82941FC8,0.134475,0.088947,2.2,16.3,0.0,30680750.389007486,0.0,29.985658828828186,180885.48831902313,5453671.685151955,1016.55,1
2026-09-13T22:09:51.245483+00:00,1789337391.2449648,F_lat_northeurope_rep3,r3-sub-northeur,F01,load,16,1,1000,6,99.5,3936126,3922961,244,816,917,39651768,4297.562,,,1,1.0003316402435303,4164.618844792102,4164.618844792102,,17A/82F79DB0,17A/82F79DB0,0.102777,0.057162,1.9,16.3,0.0,6313938.044049436,0.0,14.995027045578862,215676.47300196986,6549601.888434693,1016.54,1
2026-09-13T22:09:52.245609+00:00,1789337392.245233,F_lat_northeurope_rep3,r3-sub-northeur,F01,load,16,1,1000,6,99.5,3940676,3927504,244,816,917,39723439,4301.74,,,1,1.0002682209014893,4548.779922148605,4541.7817991914535,,17A/83535FD8,17A/83535FD8,0.152672,0.104752,1.2,16.3,0.0,14651558.145865893,0.0,20.9943688714551,190808.8210859962,6056343.562070053,1016.54,1
2026-09-13T22:09:53.246276+00:00,1789337393.2458196,F_lat_northeurope_rep3,r3-sub-northeur,F01,load,16,1,1000,6,99.5,3944832,3931657,244,816,917,39762558,4305.649,,,1,1.0005865097045898,4153.563894467261,4150.565652964999,,17A/83B67FF8,17A/83B67FF8,0.119937,0.074670,2.0,16.3,470763.8924085319,31442934.41382551,25.984759686272564,34.97948419305922,221513.080428635,6541682.239881966,1016.51,1
2026-09-13T22:09:54.246864+00:00,1789337394.246404,F_lat_northeurope_rep3,r3-sub-northeur,F01,load,16,1,1000,6,99.5,3949000,3935824,244,816,917,39801788,4309.552,,,1,1.000584363937378,4165.565793571462,4164.5663775941175,,17A/84107C70,17A/84107C70,0.170375,0.128670,1.6,16.3,0.0,6377841.019709752,0.0,11.992991728132807,201644.16642096094,5950601.682970772,1016.51,1
2026-09-13T22:09:55.247133+00:00,1789337395.2467074,F_lat_northeurope_rep3,r3-sub-northeur,F01,load,16,1,1000,6,99.5,3953475,3940297,244,816,917,39843930,4313.755,,,1,1.0003035068511963,4473.642218936751,4471.642825766277,,17A/8473DC90,17A/8473DC90,0.150937,0.105819,2.3,16.3,0.0,31419072.096360523,0.0,33.98968389806694,221296.83489446147,6549860.072593591,1016.49,1
2026-09-13T22:09:56.247449+00:00,1789337396.246982,F_lat_northeurope_rep3,r3-sub-northeur,F01,load,16,1,1000,6,99.5,3957629,3944449,244,816,917,39882986,4317.726,,,1,1.000274658203125,4152.859383104006,4150.859932269579,,17A/84D71F60,17A/84D71F60,0.120123,0.074944,2.5,16.3,0.0,15675182.682490772,0.0,22.993684595905666,223807.52942612197,6555110.585105409,1016.48,1
2026-09-13T22:09:57.247832+00:00,1789337397.2473743,F_lat_northeurope_rep3,r3-sub-northeur,F01,load,16,1,1000,6,99.5,3962127,3948945,244,816,917,39925337,4321.956,,,1,1.000392198562622,4496.236582475144,4494.237366564751,,17A/85317D60,17A/85317D60,0.180918,0.137533,2.2,16.4,0.0,6125213.699991111,0.0,13.994511372755007,204954.61709377306,5956848.7324893605,1016.48,1
2026-09-13T22:09:58.247915+00:00,1789337398.2474563,F_lat_northeurope_rep3,r3-sub-northeur,F01,load,16,1,1000,6,99.5,3966289,3953105,244,816,917,39964503,4325.826,,,1,1.000082015991211,4161.658677438489,4159.658841457019,,17A/8594BDE8,17A/8594BDE8,0.152346,0.107068,1.6,16.3,0.0,31798735.995148104,0.0,37.99688364792469,217620.15166755352,6547789.976514835,1016.46,1
2026-09-13T22:09:59.248285+00:00,1789337399.2478387,F_lat_northeurope_rep3,r3-sub-northeur,F01,load,16,1,1000,6,99.5,3970449,3957263,244,816,917,40003638,4329.563,,,1,1.000382423400879,4158.409726810025,4156.410491364443,,17A/85F79FC8,17A/85F79FC8,0.121113,0.076028,1.2,16.3,0.0,15820893.720018648,0.0,21.991589901399173,222385.95440700796,6551706.474128603,1016.45,1
2026-09-13T22:10:00.248668+00:00,1789337400.2482593,F_lat_northeurope_rep3,r3-sub-northeur,F01,load,16,1,1000,6,99.5,3970451,3957263,244,816,917,40003638,4329.563,,,1,1.0004205703735352,1.99915921286309,0.0,,17A/86523B80,17A/86523B80,0.184741,0.139240,1.8,16.3,0.0,23091728.30320195,0.0,26.988649373651715,201240.3642648308,5952116.716049407,1016.43,1
2026-09-13T22:10:01.249098+00:00,1789337401.248658,F_lat_northeurope_rep3,r3-sub-northeur,F01,load,16,1,1000,6,99.5,3974932,3961742,244,816,917,40045821,4333.777,,,1,1.0003986358642578,4479.214424486699,4477.215221440732,,17A/86B55CE8,17A/86B55CE8,0.152455,0.100575,1.4,16.3,0.0,15689617.555745792,0.0,23.990436551591333,219818.3725130935,6553943.363123145,1016.43,1
2026-09-13T22:10:02.249571+00:00,1789337402.249141,F_lat_northeurope_rep3,r3-sub-northeur,F01,load,16,1,1000,6,99.5,3979100,3965908,244,816,917,40085066,4337.694,,,1,1.0004830360412598,4165.987677804176,4163.988643409837,,17A/871CC968,17A/870FFD70,0.044245,-0.000242,1.8,16.3,0.0,11954545.523655195,0.0,54.97344584434494,236508.75774593515,7059431.04037671,1016.42,1
2026-09-13T22:10:03.250402+00:00,1789337403.2496035,F_lat_northeurope_rep3,r3-sub-northeur,F01,load,16,1,1000,6,99.5,3983579,3970385,244,816,917,40127227,4341.939,,,1,1.000462532043457,4476.929276753211,4474.930201389624,,17A/8772FEE8,17A/8772FEE8,0.185389,0.137093,1.4,16.4,0.0,24036498.349300947,0.0,71.966713089134,213429.28211800838,5466968.351956654,1016.4,1
2026-09-13T22:10:04.250527+00:00,1789337404.2500932,F_lat_northeurope_rep3,r3-sub-northeur,F01,load,16,1,1000,6,99.5,3987751,3974555,244,816,917,40166540,4346.081,,,1,1.0004897117614746,4169.9579225604675,4167.95890150459,,17A/87D5DDF8,17A/87D5DDF8,0.154076,0.108147,1.2,16.5,0.0,14836638.323712133,0.0,16.991678974958763,218502.9965126903,6546310.194903295,1016.39,1
2026-09-13T22:10:05.256402+00:00,1789337405.250495,F_lat_northeurope_rep3,r3-sub-northeur,F01,load,16,1,1000,6,99.5,3991915,3978717,244,816,917,40205744,4350.048,,,1,1.0004017353057861,4162.327845950025,4160.3286490979835,,17A/88433FD8,17A/88433FD8,0.067358,0.022674,1.8,16.5,0.0,32369971.839464784,0.0,36.98514176276439,235156.52931978612,6950581.705932976,1016.37,1
2026-09-13T22:10:06.251317+00:00,1789337406.2509124,F_lat_northeurope_rep3,r3-sub-northeur,F01,load,16,1,1000,6,99.5,3996279,3983123,257,867,917,40358447,4354.326,,,1,1.0004174709320068,4362.178917101897,4404.161390639541,,17A/88A6DDF0,17A/88A6DDF0,0.123214,0.077008,9.7,16.3,0.0,6157813.291945888,0.0,13.994157845881428,194228.91507380147,5960609.618747133,1016.37,1
2026-09-13T22:10:07.251761+00:00,1789337407.2513273,F_lat_northeurope_rep3,r3-sub-northeur,F01,load,16,1,1000,6,99.5,4000700,3987544,257,867,917,40400141,4358.542,,,1,1.0004148483276367,4419.166716078287,4419.166716078287,,17A/8910FFD8,17A/8910FFD8,0.047120,0.005453,1.6,16.3,0.0,15288121.748260029,0.0,33.985901005804514,215805.47346024017,6341128.393490631,1016.36,1
2026-09-13T22:10:08.252010+00:00,1789337408.2515922,F_lat_northeurope_rep3,r3-sub-northeur,F01,load,16,1,1000,6,99.5,4004731,3991571,257,867,917,40438058,4362.096,,,1,1.0002648830413818,4029.9325392124497,4025.9335984640375,,17A/89796E08,17A/89757D98,0.042694,-0.000324,1.4,16.3,0.0,27808569.981406845,0.0,31.99152598729804,217958.26655146154,6446076.54364014,1016.34,1
2026-09-13T22:10:09.252596+00:00,1789337409.2520268,F_lat_northeurope_rep3,r3-sub-northeur,F01,load,16,1,1000,6,99.5,4009159,3995997,257,867,917,40479738,4366.205,,,1,1.0004346370697021,4426.076263182692,4424.077132079176,,17A/89E9BFC8,17A/89E9BFC8,0.047709,0.002168,1.6,16.3,0.0,10137289.957997935,0.0,19.991311035152176,232339.0168505386,6760320.714014614,1016.33,1
2026-09-13T22:10:10.252733+00:00,1789337410.2522655,F_lat_northeurope_rep3,r3-sub-northeur,F01,load,16,1,1000,6,99.5,4013508,4000344,257,867,917,40520694,4370.388,,,1,1.0002386569976807,4347.962328364684,4345.962805564792,,17A/8A423BF0,17A/8A423BF0,0.125968,0.079413,1.8,16.3,0.0,14668371.290546933,0.0,17.995705199026055,199500.38783640284,5859628.558640671,1016.33,1
2026-09-13T22:10:11.252908+00:00,1789337411.2524805,F_lat_northeurope_rep3,r3-sub-northeur,F01,load,16,1,1000,6,99.5,4017681,4004515,257,867,917,40559966,4374.42,,,1,1.0002150535583496,4172.102774452554,4170.103204467194,,17A/8AA97B90,17A/8AA97B90,0.078783,0.032893,2.7,16.3,0.0,34149200.0930052,0.0,44.990324670588286,225729.45607724626,6664536.767653365,1016.31,1
2026-09-13T22:10:12.253327+00:00,1789337412.2528584,F_lat_northeurope_rep3,r3-sub-northeur,F01,load,16,1,1000,6,99.5,4021867,4008699,257,867,917,40599395,4378.414,,,1,1.000377893447876,4184.418735576656,4182.4194910780525,,17A/8AFC3C60,17A/8AFC3C60,0.204097,0.158361,2.1,16.3,0.0,6354590.641832517,0.0,14.994333739524569,188226.8702989998,5457447.666284785,1016.3,1
2026-09-13T22:10:13.269079+00:00,1789337413.2684891,F_lat_northeurope_rep3,r3-sub-northeur,F01,load,16,1,1000,6,99.5,4026210,4013040,257,867,917,40640273,4382.642,,,1,1.0156307220458984,4276.160523434551,4274.191303759932,,17A/8BBFFBF8,17A/8BB58D50,0.042550,-0.000257,3.4,16.4,0.0,31315949.103952613,0.0,42.338223004302485,238825.9775279211,6974712.212063109,1016.28,1
2026-09-13T22:10:14.269688+00:00,1789337414.2692194,F_lat_northeurope_rep3,r3-sub-northeur,F01,load,16,1,1000,6,99.5,4030133,4016961,257,867,917,40677201,4386.56,,,1,1.000730276107788,3920.1372174508447,3918.1386769372325,,17A/8C535EE8,17A/8C535EE8,0.100474,0.055698,1.8,16.3,0.0,13531494.273029735,0.0,15.988324108899699,176924.79604857045,5302121.986992322,1016.28,1
2026-09-13T22:10:15.270123+00:00,1789337415.2696478,F_lat_northeurope_rep3,r3-sub-northeur,F01,load,16,1,1000,6,99.5,4033618,4020444,257,867,917,40709976,4389.707,,,1,1.0004284381866455,3483.507532349674,3481.508388859086,,17A/8CA63CE0,17A/8CA63CE0,0.144327,0.099333,1.6,16.3,0.0,14149713.72231126,0.0,18.99186316058646,165371.14868493396,4896062.339929378,1016.27,1
2026-09-13T22:10:16.270286+00:00,1789337416.2698216,F_lat_northeurope_rep3,r3-sub-northeur,F01,load,16,1,1000,6,99.5,4036877,4023701,257,867,917,40740639,4392.777,,,1,1.000173807144165,3258.4336609509387,3256.4340085048198,,17A/8CF35FD8,17A/8CF35FD8,0.127875,0.082396,1.4,16.3,0.0,4291862.043715032,0.0,9.998262230595087,162868.6922577248,4995980.662868683,1016.27,1
2026-09-13T22:10:17.270735+00:00,1789337417.270296,F_lat_northeurope_rep3,r3-sub-northeur,F01,load,16,1,1000,6,99.5,4039873,4026695,257,867,917,40768850,4395.816,,,1,1.000474452972412,2994.579212991273,2992.58016144722,,17A/8D3CBFE0,17A/8D3CBFE0,0.064885,0.017469,2.2,16.3,0.0,30664491.141030632,0.0,32.98435047687317,158079.9984748447,4792766.057897755,1016.25,1
2026-09-13T22:10:18.278796+00:00,1789337418.2707348,F_lat_northeurope_rep3,r3-sub-northeur,F01,load,16,1,1000,6,99.5,4041745,4028565,257,867,917,40786450,4397.615,,,1,1.0004386901855469,1871.1791320793566,1869.1800090749985,,17A/8D77DD68,17A/8D77DD68,0.215902,0.170418,0.8,16.3,0.0,12389061.040513385,0.0,14.993422532687152,127222.18887435703,3877935.787629786,1016.25,1
2026-09-13T22:10:19.271530+00:00,1789337419.2710757,F_lat_northeurope_rep3,r3-sub-northeur,F01,load,16,1,1000,6,99.5,4042963,4029781,257,867,917,40797911,4398.784,,1139825,1,1.0003409385681152,1217.5848783550148,1215.5855599997521,115330,17A/8DCE7FC8,17A/8DCE7FC8,0.063140,0.013712,3.3,16.3,0.0,13266516.932713084,0.0,15.994546842102002,181851.99963963398,5674856.2226451915,1016.24,1
2026-09-13T22:10:20.271926+00:00,1789337420.2714822,F_lat_northeurope_rep3,r3-sub-northeur,F01,load,16,1,1000,6,99.5,4047161,4033971,257,867,917,40863952,4402.952,,,1,1.0004065036773682,4196.294190980048,4188.297441688042,,17A/8E05F0F8,17A/8DFFFE28,0.044077,-0.000271,1.8,16.3,0.0,20856545.737460524,0.0,19.99187323001452,127043.35640843477,3911274.0527143767,1016.22,1
2026-09-13T22:10:21.272602+00:00,1789337421.272118,F_lat_northeurope_rep3,r3-sub-northeur,F01,load,16,1,1000,6,99.5,4051286,4038096,257,867,917,40902820,4406.955,,,1,1.0006358623504639,4122.378734568335,4122.378734568335,,17A/8E4FFF50,17A/8E4FFF50,0.121638,0.079537,1.4,16.2,0.0,13295353.984964872,0.0,16.989197209130108,154488.76640987035,4575117.854807193,1016.22,1
2026-09-13T22:10:22.272910+00:00,1789337422.2724578,F_lat_northeurope_rep3,r3-sub-northeur,F01,load,16,1,1000,6,99.5,4054583,4041388,257,867,917,40933825,4410.191,,,1,1.0003397464752197,3295.8802363069685,3290.881934462402,,17A/8E9F1FC0,17A/8E9F1FC0,0.111926,0.069838,1.2,16.2,0.0,13618669.105174333,0.0,19.9932073782649,176307.10028412225,5171894.866948747,1016.21,1
2026-09-13T22:10:23.273576+00:00,1789337423.2731264,F_lat_northeurope_rep3,r3-sub-northeur,F01,load,16,1,1000,6,99.5,4058644,4045447,257,867,917,40972048,4414.035,,,1,1.0006685256958008,4058.286930905757,4056.2882670638924,,17A/8EFFFBF8,17A/8EFFFBF8,0.068570,0.023090,1.6,16.3,0.0,23094192.938596766,0.0,28.980625707034463,202421.67590826825,6358751.011555576,1016.19,1
2026-09-13T22:10:24.273818+00:00,1789337424.273343,F_lat_northeurope_rep3,r3-sub-northeur,F01,load,16,1,1000,6,99.5,4058646,4045447,257,867,917,40972048,4414.035,,,1,1.0002167224884033,1.9995666489401134,0.0,,17A/8F517DC0,17A/8F517DC0,0.161963,0.115701,1.2,16.2,0.0,14697358.751838345,0.0,21.99523313834125,181865.58563772566,5378098.445122095,1016.19,1
2026-09-13T22:10:25.274353+00:00,1789337425.2739024,F_lat_northeurope_rep3,r3-sub-northeur,F01,load,16,1,1000,6,99.5,4062732,4049531,257,867,917,41010524,4417.971,,,1,1.0005593299865723,4083.7158552655096,4081.7169733001324,,17A/8FB45E98,17A/8FB45E98,0.129049,0.082543,1.2,16.2,0.0,14843793.421225024,0.0,17.989937688394313,222448.57783994375,6530548.268524657,1016.18,1
2026-09-13T22:10:26.274917+00:00,1789337426.2744625,F_lat_northeurope_rep3,r3-sub-northeur,F01,load,16,1,1000,6,99.5,4066885,4053682,257,867,917,41049616,4421.952,,,1,1.0005600452423096,4150.675433970833,4148.676553434368,,17A/901ADD80,17A/90101D78,0.044167,-0.000260,1.9,16.3,0.0,23063947.14613193,0.0,27.9843275105185,238735.29743250157,7081391.100605173,1016.16,1
2026-09-13T22:10:27.275368+00:00,1789337427.274893,F_lat_northeurope_rep3,r3-sub-northeur,F01,load,16,1,1000,6,99.5,4071411,4058206,257,867,917,41092216,4426.256,,,1,1.0004305839538574,4524.0520157955825,4522.052876592845,,17A/90803DB8,17A/90803DB8,0.103723,0.057787,1.6,16.2,0.0,15730058.889049143,0.0,19.99139202737774,215301.29471725,6361820.702088363,1016.15,1
2026-09-13T22:10:28.275607+00:00,1789337428.2751787,F_lat_northeurope_rep3,r3-sub-northeur,F01,load,16,1,1000,6,99.5,4076108,4062901,257,867,917,41136432,4430.815,,,1,1.0002856254577637,4695.65880030566,4693.659371393459,,17A/90E28000,17A/90E28000,0.148362,0.102970,1.4,16.2,0.0,31485151.039321635,0.0,33.99029150742867,218604.5609722031,6477337.90739511,1016.13,1
2026-09-13T22:10:29.276012+00:00,1789337429.2755582,F_lat_northeurope_rep3,r3-sub-northeur,F01,load,16,1,1000,6,99.5,4080790,4067581,257,867,917,41180486,4435.361,,,1,1.0003795623779297,4680.223563215103,4678.224322051834,,17A/9150BCA8,17A/9150BCA8,0.087178,0.041297,1.4,16.2,0.0,15935583.452051243,0.0,27.9893762857802,250404.95569956928,7300584.9726075195,1016.13,1
2026-09-13T22:10:30.276415+00:00,1789337430.275954,F_lat_northeurope_rep3,r3-sub-northeur,F01,load,16,1,1000,6,99.5,4085554,4072343,257,867,917,41225300,4439.859,,,1,1.0003957748413086,4762.115274582909,4760.116065819439,,17A/91B19FF0,17A/91B19FF0,0.149686,0.104523,1.4,16.2,0.0,6419987.130612179,0.0,14.994065726016714,222557.91717564783,6394905.057465698,1016.12,1
2026-09-13T22:10:31.276544+00:00,1789337431.2761056,F_lat_northeurope_rep3,r3-sub-northeur,F01,load,16,1,1000,6,99.5,4090284,4077071,257,867,917,41269851,4444.417,,,1,1.0001516342163086,4729.282878896956,4727.28318211941,,17A/921FFFC0,17A/921FFFC0,0.071014,0.026096,2.3,16.2,0.0,32177392.80625897,0.0,34.994693607059936,252204.7571293034,7295980.679687433,1016.1,1
2026-09-13T22:10:32.277002+00:00,1789337432.2765696,F_lat_northeurope_rep3,r3-sub-northeur,F01,load,16,1,1000,6,99.5,4094920,4081704,257,867,917,41313492,4448.755,,,1,1.0004639625549316,4633.850067083706,4630.851458325887,,17A/92821FA0,17A/92821FA0,0.102474,0.057350,1.4,16.3,0.0,7197428.662608758,0.0,17.99165254691689,225172.5283784331,6513622.9228668455,1016.09,1
2026-09-13T22:10:33.277213+00:00,1789337433.2767825,F_lat_northeurope_rep3,r3-sub-northeur,F01,load,16,1,1000,6,99.5,4099181,4085964,257,867,917,41353564,4452.783,,,1,1.0002129077911377,4260.092993010817,4259.093205873288,,17A/92E75DD8,17A/92E75DD8,0.086835,0.040560,1.6,16.3,0.0,31745433.149949335,0.0,32.99297553845505,226769.7189600393,6688637.936871141,1016.07,1
2026-09-13T22:10:34.285166+00:00,1789337434.2773113,F_lat_northeurope_rep3,r3-sub-northeur,F01,load,16,1,1000,6,99.5,4103666,4090447,257,867,917,41395792,4457.091,,,1,1.0005288124084473,4482.629529882126,4480.630586947954,,17A/93411CB0,17A/93411CB0,0.188596,0.143260,1.0,16.3,0.0,10238681.65809306,0.0,65.96511682769685,199835.32460070506,5920881.964148407,1016.07,1
2026-09-13T22:10:35.278155+00:00,1789337435.2776773,F_lat_northeurope_rep3,r3-sub-northeur,F01,load,16,1,1000,6,99.5,4107846,4094625,257,867,917,41435119,4461.072,,,1,1.000365972518921,4178.470794518093,4176.471526195357,,17A/93A51C60,17A/93A51C60,0.149580,0.104811,1.2,16.2,0.0,17069976.857571512,0.0,37.986098131982665,218584.00426136467,6605807.456005819,1016.06,1
2026-09-13T22:10:36.278332+00:00,1789337436.2779684,F_lat_northeurope_rep3,r3-sub-northeur,F01,load,16,1,1000,6,99.5,4112053,4098832,257,867,917,41474752,4465.126,,,1,1.000291109085083,4205.775660495408,4205.775660495408,,17A/940D1278,17A/93FFFFD0,0.047102,-0.000337,3.5,16.2,0.0,52339835.39840378,0.0,84.97526292895407,239408.30606705954,7066261.946949666,1016.34,1
2026-09-13T22:10:37.278895+00:00,1789337437.2784226,F_lat_northeurope_rep3,r3-sub-northeur,F01,load,16,1,1000,6,99.5,4116497,4103272,257,867,917,41516563,4469.587,,,1,1.0004541873931885,4441.98250754431,4437.9843234691125,,17A/9461DED8,17A/9461DED8,0.101829,0.059966,13.1,16.2,0.0,9879161.009614155,0.0,53.97548501516488,176277.9367834157,5414161.955894952,1017.84,1
2026-09-13T22:10:38.279366+00:00,1789337438.2788846,F_lat_northeurope_rep3,r3-sub-northeur,F01,load,16,1,1000,6,99.5,4120623,4107395,257,867,917,41555403,4473.525,,,1,1.0004620552062988,4124.09444069241,4121.09582621784,,17A/94C41E18,17A/94C41E18,0.152854,0.107758,1.2,16.2,0.0,14706036.99904057,0.0,34.983835536653984,224284.36823996328,6476840.34219952,1017.83,1
2026-09-13T22:10:39.279622+00:00,1789337439.2791529,F_lat_northeurope_rep3,r3-sub-northeur,F01,load,16,1,1000,6,99.5,4120624,4107395,257,867,917,41555403,4473.525,,,1,1.0002682209014893,0.9997318510216714,0.0,,17A/951FFD08,17A/951FFD08,0.184797,0.139466,1.4,16.2,0.0,23361413.98048209,0.0,32.99115108371516,200736.1583666414,6065375.139612183,1017.81,1
2026-09-13T22:10:40.279990+00:00,1789337440.279535,F_lat_northeurope_rep3,r3-sub-northeur,F01,load,16,1,1000,6,99.5,4125163,4111932,257,867,917,41598101,4477.748,,,1,1.0003821849822998,4537.265925102725,4535.26668918067,,17A/95813FC8,17A/95813FC8,0.153560,0.108427,1.2,16.2,0.0,6215352.585582092,0.0,11.9954155323271,213992.2153889493,6442281.856622656,1017.81,1
2026-09-13T22:10:41.280501+00:00,1789337441.2800546,F_lat_northeurope_rep3,r3-sub-northeur,F01,load,16,1,1000,6,99.5,4129260,4116027,257,867,917,41636643,4481.758,,,1,1.0005195140838623,4094.872655983594,4092.8736944722523,,17A/95E2BC58,17A/95E2BC58,0.123573,0.078784,1.9,16.2,0.0,24014660.045886997,0.0,26.98598040311375,217384.0659161493,6442910.817089453,1017.79,1
2026-09-13T22:10:42.280775+00:00,1789337442.2803113,F_lat_northeurope_rep3,r3-sub-northeur,F01,load,16,1,1000,6,99.5,4133357,4120122,257,867,917,41675187,4485.661,,,1,1.0002567768096924,4095.9482554742945,4093.948768896079,,17A/9641C000,17A/9641C000,0.123909,0.078040,1.2,16.2,0.0,6330790.399838299,0.0,12.99666275840025,213542.16732353988,6268265.454794213,1017.78,1
2026-09-13T22:10:43.281202+00:00,1789337443.2807121,F_lat_northeurope_rep3,r3-sub-northeur,F01,load,16,1,1000,6,99.5,4137370,4124133,257,867,917,41712962,4489.401,,,1,1.0004007816314697,4011.392307646476,4009.393108888616,,17A/96A3FDB8,17A/96A3FDB8,0.089939,0.047592,1.9,16.3,0.0,6452709.872409935,0.0,16.993189441811637,217274.9202030036,6497474.931396562,1017.78,1
2026-09-13T22:10:44.281647+00:00,1789337444.281212,F_lat_northeurope_rep3,r3-sub-northeur,F01,load,16,1,1000,6,99.5,4141475,4128236,257,867,917,41751592,4493.247,,,1,1.000499963760376,4102.948674352141,4100.949673779985,,17A/97000000,17A/97000000,0.067998,0.023021,2.0,16.3,1023.4882929443587,31606341.974414743,1.9990005721569506,51.974014876080716,201889.06278499123,6081941.249782373,1017.76,1
2026-09-13T22:10:45.282281+00:00,1789337445.281808,F_lat_northeurope_rep3,r3-sub-northeur,F01,load,16,1,1000,6,99.5,4146044,4132803,257,867,917,41794623,4497.793,,,1,1.0005958080291748,4566.279374085465,4564.280564991971,,17A/97633DD8,17A/97633DD8,0.092263,0.046967,2.0,16.3,0.0,14712258.318366623,0.0,18.988686388186437,220000.92168443455,6565489.228802019,1017.75,1
2026-09-13T22:10:46.282561+00:00,1789337446.282168,F_lat_northeurope_rep3,r3-sub-northeur,F01,load,16,1,1000,6,99.5,4150208,4136965,257,867,917,41833817,4501.789,,,1,1.0003600120544434,4162.501449301613,4160.502169066598,,17A/97C63D00,17A/97C63D00,0.060608,0.014679,2.3,16.3,0.0,13274453.036890578,0.0,21.992082585167026,222795.7908296221,6535354.193710207,1017.73,1
2026-09-13T22:10:47.282819+00:00,1789337447.282372,F_lat_northeurope_rep3,r3-sub-northeur,F01,load,16,1,1000,6,99.5,4154372,4141127,257,867,917,41873003,4506.062,,,1,1.000204086303711,4163.150358031637,4161.150766120958,,17A/9820BEC8,17A/9820BEC8,0.124688,0.079587,3.1,16.3,0.0,20987716.694476493,0.0,30.993674615509303,205516.05698757616,5990125.497428466,1017.72,1
2026-09-13T22:10:48.283227+00:00,1789337448.2827709,F_lat_northeurope_rep3,r3-sub-northeur,F01,load,16,1,1000,6,99.5,4158857,4145610,257,867,917,41915214,4510.383,,,1,1.000398874282837,4483.211762123577,4481.212559554068,,17A/98841C28,17A/98841C28,0.092959,0.047272,2.5,16.3,0.0,14870740.444070118,0.0,19.992025695088415,226226.76396176624,6569504.593566648,1017.72,1
2026-09-13T22:10:49.283798+00:00,1789337449.2833414,F_lat_northeurope_rep3,r3-sub-northeur,F01,load,16,1,1000,6,99.5,4163042,4149793,257,867,917,41954615,4514.383,,1259574,1,1.00057053565979,4182.6136697502825,4180.614810170951,119749,17A/98E67E30,17A/98E67E30,0.181529,0.136071,6.6,16.3,0.0,31910114.141974032,0.0,40.97662137628711,213574.1483323671,6478507.780289118,1017.7,1
2026-09-13T22:10:50.291069+00:00,1789337450.2837415,F_lat_northeurope_rep3,r3-sub-northeur,F01,load,16,1,1000,6,99.5,4167549,4154294,257,867,917,42025700,4518.805,,,1,1.0004000663757324,4505.197621915442,4499.200021353762,,17A/99427D38,17A/99427D38,0.131661,0.086656,2.6,16.3,0.0,14534985.041213237,0.0,20.991601965880694,210386.83130289882,6083787.081351636,1017.69,1
2026-09-13T22:10:51.284573+00:00,1789337451.2841363,F_lat_northeurope_rep3,r3-sub-northeur,F01,load,16,1,1000,6,99.5,4171735,4158475,257,867,917,42094093,4522.591,,,1,1.0003948211669922,4184.347930866834,4179.349904193557,,17A/99A61FC8,17A/99A61FC8,0.095437,0.049623,2.5,16.3,0.0,6329916.814856195,0.0,14.994080019828598,222410.18775012155,6580380.926323416,1017.69,1
2026-09-13T22:10:52.284959+00:00,1789337452.2845204,F_lat_northeurope_rep3,r3-sub-northeur,F01,load,16,1,1000,6,99.5,4175922,4162662,257,867,917,42133526,4526.477,,,1,1.0003840923309326,4185.392422868433,4185.392422868433,,17A/99FFFC40,17A/99FFFC40,0.074008,0.030269,1.8,16.2,0.0,31494335.26735599,0.0,35.986177985016376,198307.8314827636,5920339.043176995,1017.67,1
2026-09-13T22:10:53.285271+00:00,1789337453.2848022,F_lat_northeurope_rep3,r3-sub-northeur,F01,load,16,1,1000,6,99.5,4180358,4167094,257,867,917,42175266,4530.727,,,1,1.000281810760498,4434.750239662342,4430.751366587804,,17A/9A62DFF0,17A/9A62DFF0,0.143635,0.097814,1.9,16.2,0.0,14937998.311335564,0.0,19.994365372688648,214112.66074824228,6545260.475167835,1017.66,1
2026-09-13T22:10:54.285281+00:00,1789337454.2848334,F_lat_northeurope_rep3,r3-sub-northeur,F01,load,16,1,1000,6,99.5,4184531,4171265,257,867,917,42214526,4534.811,,,1,1.0000312328338623,4172.869669454885,4170.869731918601,,17A/9AC61BA8,17A/9AC61BA8,0.112634,0.066555,2.7,16.3,0.0,24010002.09959339,0.0,30.99903181238951,221033.09651001863,6568995.831644548,1017.64,1
2026-09-13T22:10:55.285815+00:00,1789337455.2853708,F_lat_northeurope_rep3,r3-sub-northeur,F01,load,16,1,1000,6,99.5,4189082,4175813,257,867,917,42257339,4540.079,,,1,1.000537395477295,4548.555626777945,4545.55723809846,,17A/9B20DFE8,17A/9B20DFE8,0.082221,0.040070,2.2,16.2,0.0,13759261.834918998,0.0,21.9881836495528,203080.86526148333,5997877.767614316,1017.63,1
2026-09-13T22:10:56.286033+00:00,1789337456.285565,F_lat_northeurope_rep3,r3-sub-northeur,F01,load,16,1,1000,6,99.5,4193210,4179940,257,867,917,42296174,4543.858,,,1,1.0001940727233887,4127.199023245592,4126.199217280659,,17A/9B837B90,17A/9B837B90,0.144590,0.098564,2.1,16.2,0.0,14824642.941171141,0.0,16.996701403869928,220295.24670152305,6534808.77186482,1017.63,1
2026-09-13T22:10:57.286152+00:00,1789337457.2857256,F_lat_northeurope_rep3,r3-sub-northeur,F01,load,16,1,1000,6,99.5,4197379,4184107,257,867,917,42335407,4547.92,,,1,1.0001606941223145,4168.330173841197,4166.3304951778055,,17A/9BE6BB80,17A/9BE6BB80,0.112707,0.067073,1.6,16.4,0.0,23847175.898999233,0.0,28.995340619187992,218865.82954761622,6574571.50500241,1017.61,1
2026-09-13T22:10:58.286716+00:00,1789337458.2862506,F_lat_northeurope_rep3,r3-sub-northeur,F01,load,16,1,1000,6,99.5,4197381,4184107,257,867,917,42335407,4547.92,,,1,1.0005249977111816,1.9989505555335796,0.0,,17A/9C427B68,17A/9C427B68,0.160373,0.115172,1.4,16.5,0.0,14500419.313049475,0.0,17.990554999802217,200492.7417694625,6056098.562116198,1017.6,1
2026-09-13T22:10:59.287284+00:00,1789337459.286825,F_lat_northeurope_rep3,r3-sub-northeur,F01,load,16,1,1000,6,99.5,4201933,4188657,257,867,917,42378238,4552.12,,,1,1.0005743503570557,4549.3870579189,4547.388205960236,,17A/9CA5BE08,17A/9CA5BE08,0.130495,0.085001,1.2,16.4,0.0,14688011.935100637,0.0,19.9885195866384,218544.47890051093,6559876.332686081,1017.6,1
2026-09-13T22:11:00.287284+00:00,1789337460.286859,F_lat_northeurope_rep3,r3-sub-northeur,F01,load,16,1,1000,6,99.5,4206108,4192877,270,918,917,42448614,4555.955,,,1,1.0000340938568115,4174.857663000629,4219.856128829379,,17A/9D0181E8,17A/9D000000,0.050147,-0.000263,11.1,16.3,0.0,32177078.95927735,0.0,87.99699984288752,229541.17405607938,7059711.307213562,1017.58,1
2026-09-13T22:11:01.287928+00:00,1789337461.287478,F_lat_northeurope_rep3,r3-sub-northeur,F01,load,16,1,1000,6,99.5,4210599,4197366,270,918,917,42490954,4560.31,,,1,1.0006189346313477,4488.222083919083,4486.22332102266,,17A/9D62FE78,17A/9D62FE78,0.162916,0.117729,1.2,16.3,0.0,6512705.0612938125,0.0,19.98762896423551,180737.13552765135,5454927.756300126,1017.57,1
2026-09-13T22:11:02.288199+00:00,1789337462.2877316,F_lat_northeurope_rep3,r3-sub-northeur,F01,load,16,1,1000,6,99.5,4214768,4201535,270,918,917,42530215,4564.086,,,1,1.000253677368164,4167.942687268435,4167.942687268435,,17A/9DC69FD8,17A/9DC69FD8,0.130785,0.084977,1.6,16.2,0.0,31363307.838610582,0.0,33.991377156902566,221818.72960846344,6590806.061664198,1017.55,1
2026-09-13T22:11:03.295080+00:00,1789337463.2881613,F_lat_northeurope_rep3,r3-sub-northeur,F01,load,16,1,1000,6,99.5,4218943,4205706,270,918,917,42569495,4568.007,,,1,1.000429630279541,4173.207063882562,4169.2087816656685,,17A/9E222BA0,17A/9E211F20,0.042395,-0.000248,1.8,16.2,0.0,14698325.154455107,0.0,19.991411084467362,204719.04649882534,6258050.352077855,1017.54,1
2026-09-13T22:11:04.288957+00:00,1789337464.2885075,F_lat_northeurope_rep3,r3-sub-northeur,F01,load,16,1,1000,6,99.5,4223431,4210192,270,918,917,42611711,4572.321,,,1,1.0003461837768555,4486.446864879655,4484.447557007605,,17A/9E841C70,17A/9E841C70,0.163109,0.117695,1.2,16.3,0.0,6272900.423639506,0.0,14.994809040373177,210761.03794786922,6269260.68365844,1017.54,1
2026-09-13T22:11:05.289206+00:00,1789337465.2887528,F_lat_northeurope_rep3,r3-sub-northeur,F01,load,16,1,1000,6,99.5,4227603,4214364,270,918,917,42651011,4576.379,,,1,1.0002453327178955,4170.976722944281,4170.976722944281,,17A/9EE77C60,17A/9EE77C60,0.132327,0.086651,2.1,16.2,0.0,32604353.085442323,0.0,40.989943825674864,218688.34859306758,6569053.3962762905,1017.52,1
2026-09-13T22:11:06.289892+00:00,1789337466.2894223,F_lat_northeurope_rep3,r3-sub-northeur,F01,load,16,1,1000,6,99.5,4232097,4218854,270,918,917,42693315,4580.548,,,1,1.0006694793701172,4490.993372585721,4486.99604871159,,17A/9F41DD18,17A/9F41DD18,0.195543,0.149999,1.8,16.3,0.0,6033464.719839738,0.0,12.991302590924427,198703.97179012618,5984248.668970473,1017.51,1
2026-09-13T22:11:07.289905+00:00,1789337467.2895315,F_lat_northeurope_rep3,r3-sub-northeur,F01,load,16,1,1000,6,99.5,4236288,4223043,270,918,917,42732748,4584.468,,,1,1.0001091957092285,4190.542410749406,4188.54262911698,,17A/9FB53F98,17A/9FB53F98,0.070048,0.024154,1.6,16.3,0.0,32432682.490233295,0.0,36.995960199887385,240243.76641153896,7182470.7050173525,1017.49,1
2026-09-13T22:11:08.290594+00:00,1789337468.2901514,F_lat_northeurope_rep3,r3-sub-northeur,F01,load,16,1,1000,6,99.5,4240847,4227600,270,918,917,42775679,4588.99,,,1,1.000619888305664,4556.175679977431,4554.176918985995,,17A/A010A000,17A/A010A000,0.120308,0.073437,1.0,16.2,0.0,14474483.436986884,0.0,18.98822941863812,196603.1280200834,6044616.0132211745,1017.49,1
2026-09-13T22:11:09.290958+00:00,1789337469.2904596,F_lat_northeurope_rep3,r3-sub-northeur,F01,load,16,1,1000,6,99.5,4245362,4232113,270,918,917,42818180,4593.28,,,1,1.0003082752227783,4513.6085663136855,4511.609182674122,,17A/A072DC90,17A/A072DC90,0.086738,0.041608,1.2,16.2,0.0,11792844.558216626,0.0,17.99445275606785,222435.42866867338,6492781.436356257,1017.48,1
2026-09-13T22:11:10.291132+00:00,1789337470.2907233,F_lat_northeurope_rep3,r3-sub-northeur,F01,load,16,1,1000,6,99.5,4249494,4236243,270,918,917,42857059,4597.449,,,1,1.0002636909484863,4130.910716235124,4128.911243477992,,17A/A0D57FE8,17A/A0D57FE8,0.057322,0.011276,1.6,16.3,0.0,26543272.779224914,0.0,30.991827735549087,205271.87166546297,6506291.349862826,1017.46,1
2026-09-13T22:11:11.291446+00:00,1789337471.2910106,F_lat_northeurope_rep3,r3-sub-northeur,F01,load,16,1,1000,6,99.5,4254057,4240804,270,918,917,42900002,4602.054,,,1,1.0002872943878174,4561.689452221411,4559.690026645158,,17A/A1315FC8,17A/A1315FC8,0.086836,0.041951,1.7,16.2,0.0,14520244.415269757,0.0,17.994830186277756,210189.61370360546,6086071.505812525,1017.46,1
2026-09-13T22:11:12.291627+00:00,1789337472.2912107,F_lat_northeurope_rep3,r3-sub-northeur,F01,load,16,1,1000,6,99.5,4258182,4244927,270,918,917,42938823,4606.25,,,1,1.0002000331878662,4124.1750281218065,4122.175428108172,,17A/A1931B70,17A/A1931B70,0.059374,0.011038,2.1,16.2,0.0,7273041.150393205,0.0,15.996800109078523,211871.61864470414,6480919.600991909,1017.45,1
2026-09-13T22:11:13.291830+00:00,1789337473.291391,F_lat_northeurope_rep3,r3-sub-northeur,F01,load,16,1,1000,6,99.5,4258184,4244927,270,918,917,42938823,4606.25,,,1,1.0001802444458008,1.9996395760728094,0.0,,17A/A1E53DE8,17A/A1E53DE8,0.194528,0.149985,2.2,16.3,0.0,29682457.90182548,0.0,29.99459364109214,182703.06878662045,5414608.046973345,1017.43,1
2026-09-13T22:11:14.291933+00:00,1789337474.2915149,F_lat_northeurope_rep3,r3-sub-northeur,F01,load,16,1,1000,6,99.5,4262303,4249044,270,918,917,42977581,4610.374,,,1,1.0001239776611328,4118.489399316873,4116.4896472414575,,17A/A2523FB8,17A/A2523FB8,0.055884,0.010684,1.8,16.3,0.0,15743072.21072827,0.0,21.99727282956329,242432.94373065472,7211120.9820864955,1017.42,1
2026-09-13T22:11:15.292226+00:00,1789337475.291759,F_lat_northeurope_rep3,r3-sub-northeur,F01,load,16,1,1000,6,99.5,4266886,4253625,270,918,917,43020729,4614.774,,,1,1.000244140625,4581.881376617037,4579.881864779107,,17A/A2A47E50,17A/A2A47E50,0.197524,0.151952,1.4,16.3,0.0,30589651.82328533,0.0,36.990969001708564,186975.3517207713,5514949.576763486,1017.4,1
2026-09-13T22:11:16.292592+00:00,1789337476.2921646,F_lat_northeurope_rep3,r3-sub-northeur,F01,load,16,1,1000,6,99.5,4271032,4257769,270,918,917,43059753,4618.822,,,1,1.0004055500030518,4144.319271306874,4142.320082078072,,17A/A3103FA8,17A/A3103FA8,0.070908,0.027356,3.1,16.3,0.0,7214226.270513977,0.0,16.993108444818343,238076.44809574823,7043132.657529245,1017.4,1
2026-09-13T22:11:17.292959+00:00,1789337477.2925377,F_lat_northeurope_rep3,r3-sub-northeur,F01,load,16,1,1000,6,99.5,4275567,4262302,270,918,917,43102462,4623.085,,,1,1.000373125076294,4533.308508916746,4531.309254888558,,17A/A3703840,17A/A3629E38,0.047090,-0.000254,2.5,16.3,0.0,14625454.876033546,0.0,19.992540281882015,223534.5936376946,6566090.027157664,1017.39,1
2026-09-13T22:11:18.293578+00:00,1789337478.2930968,F_lat_northeurope_rep3,r3-sub-northeur,F01,load,16,1,1000,6,99.5,4279729,4266462,270,918,917,43141624,4626.998,,,1,1.0005590915679932,4159.674361139089,4157.675478697408,,17A/A3C59FD8,17A/A3C59FD8,0.182142,0.136804,2.1,16.3,0.0,31349640.680236064,0.0,30.98267784606242,189721.9280697528,5467551.138261027,1017.37,1
2026-09-13T22:11:19.300979+00:00,1789337479.2934682,F_lat_northeurope_rep3,r3-sub-northeur,F01,load,16,1,1000,6,99.5,4283901,4270632,270,918,917,43180890,4630.988,,1380805,1,1.0003714561462402,4170.450860395314,4168.451603031749,121231,17A/A440B7E8,17A/A431FF90,0.045209,-0.000323,7.2,16.3,0.0,15632721.12965393,0.0,19.99257363564388,286783.47251649364,8242062.43525073,1017.36,1
2026-09-13T22:11:20.294341+00:00,1789337480.2938848,F_lat_northeurope_rep3,r3-sub-northeur,F01,load,16,1,1000,6,99.5,4288461,4275186,270,918,917,43250215,4635.37,,,1,1.0004165172576904,4558.101472074577,4552.103970137637,,17A/A48546F0,17A/A4849D30,0.042080,-0.000254,0.9,16.3,0.0,5248885.748502104,0.0,13.994171186193876,150375.36606490245,4617436.757904039,1017.36,1
2026-09-13T22:11:21.294944+00:00,1789337481.2944872,F_lat_northeurope_rep3,r3-sub-northeur,F01,load,16,1,1000,6,99.5,4292640,4279365,270,918,917,43289571,4639.266,,,1,1.0006024837493896,4176.483736419217,4176.483736419217,,17A/A4E81FF0,17A/A4E81FF0,0.165879,0.120469,2.0,16.2,0.0,31716699.204145223,0.0,30.981334249580218,223281.47653884563,6360560.865441567,1017.34,1
2026-09-13T22:11:22.295061+00:00,1789337482.2946436,F_lat_northeurope_rep3,r3-sub-northeur,F01,load,16,1,1000,6,99.5,4297157,4283875,270,918,917,43394983,4643.478,,,1,1.0001564025878906,4516.293639987032,4509.2947346339415,,17A/A5535F20,17A/A5535F20,0.061155,0.013315,1.2,16.2,0.0,15873613.325796671,0.0,22.99640330301123,237673.82719835232,7091309.900779984,1017.33,1
2026-09-13T22:11:23.295263+00:00,1789337483.2947686,F_lat_northeurope_rep3,r3-sub-northeur,F01,load,16,1,1000,6,99.5,4301341,4288057,270,918,917,43434367,4647.571,,,1,1.0001249313354492,4183.47735258752,4181.477602418979,,17A/A5A82AE8,17A/A5A65F00,0.042420,-0.000261,1.9,16.3,0.0,21923149.111704223,0.0,25.996752191031433,198188.24007849666,5827365.979386044,1017.31,1
2026-09-13T22:11:24.295781+00:00,1789337484.295321,F_lat_northeurope_rep3,r3-sub-northeur,F01,load,16,1,1000,6,99.5,4305533,4292247,270,918,917,43473813,4651.554,,,1,1.0005524158477783,4189.685551304252,4187.686655525958,,17A/A6113CD8,17A/A6113CD8,0.081107,0.039220,1.4,16.2,0.0,16039267.654360972,0.0,22.987301450381153,227742.1916041501,6743286.901449523,1017.31,1
2026-09-13T22:11:25.296079+00:00,1789337485.295674,F_lat_northeurope_rep3,r3-sub-northeur,F01,load,16,1,1000,6,99.5,4310037,4296749,270,918,917,43516213,4655.767,,,1,1.0003530979156494,4502.410208340037,4500.410914286599,,17A/A674DD88,17A/A674DD88,0.061060,0.015226,1.6,16.3,0.0,10240480.10781868,0.0,23.991528641243534,221630.7426467276,6586796.215985328,1017.3,1
2026-09-13T22:11:26.296521+00:00,1789337486.2960706,F_lat_northeurope_rep3,r3-sub-northeur,F01,load,16,1,1000,6,99.5,4314216,4300926,270,918,917,43555544,4659.796,,,1,1.000396490097046,4177.3437245812465,4175.344517247157,,17A/A6C92288,17A/A6C73E48,0.042522,-0.000259,1.6,16.3,0.0,28930865.198449846,0.0,33.98652467953156,189012.0585905466,5802152.503990618,1017.28,1
2026-09-13T22:11:27.297016+00:00,1789337487.296574,F_lat_northeurope_rep3,r3-sub-northeur,F01,load,16,1,1000,6,99.5,4318714,4305422,270,918,917,43597858,4664.043,,,1,1.0005035400390625,4495.7362168097725,4493.737223383001,,17A/A7323C98,17A/A7323C98,0.092347,0.047218,1.4,16.3,0.0,7139828.810321951,0.0,14.992450700788483,236050.13930363435,6750415.895316384,1017.28,1
2026-09-13T22:11:28.297494+00:00,1789337488.297068,F_lat_northeurope_rep3,r3-sub-northeur,F01,load,16,1,1000,6,99.5,4322901,4309607,270,918,917,43637272,4668.061,,,1,1.0004940032958984,4184.93262948792,4182.9336170066745,,17A/A7959B78,17A/A7959B78,0.062353,0.017083,2.2,16.3,0.0,33329071.32891428,0.0,73.96346180609173,225842.433093698,6576765.056385796,1017.25,1
2026-09-13T22:11:29.298041+00:00,1789337489.29743,F_lat_northeurope_rep3,r3-sub-northeur,F01,load,16,1,1000,6,99.5,4327075,4313779,270,918,917,43676563,4671.9,,,1,1.0003619194030762,4172.489894947879,4170.490618524809,,17A/A7EC13D8,17A/A7E81BA8,0.043805,-0.000264,2.3,16.2,0.0,13855849.299292486,0.0,17.993487807633404,205671.563470519,6059436.972188048,1017.25,1
2026-09-13T22:11:30.298378+00:00,1789337490.2979248,F_lat_northeurope_rep3,r3-sub-northeur,F01,load,16,1,1000,6,99.5,4327077,4313779,270,918,917,43676563,4671.9,,,1,1.0004947185516357,1.9990110521475777,0.0,,17A/A852DCD0,17A/A852DCD0,0.094797,0.049825,2.0,16.3,0.0,7164455.610896919,0.0,17.991099469328198,223423.46826537832,6487856.337109684,1017.24,1
2026-09-13T22:11:31.298751+00:00,1789337491.2983236,F_lat_northeurope_rep3,r3-sub-northeur,F01,load,16,1,1000,6,99.5,4331577,4318277,270,918,917,43718949,4676.135,,,1,1.000398874282837,4498.205781394893,4496.206578825384,,17A/A8B67ED8,17A/A8B67ED8,0.061386,0.016349,3.1,16.3,0.0,31547096.6744384,0.0,39.98405139017683,221113.80339024737,6577289.488372315,1017.22,1
2026-09-13T22:11:32.299143+00:00,1789337492.2987006,F_lat_northeurope_rep3,r3-sub-northeur,F01,load,16,1,1000,6,99.5,4335760,4322458,270,918,917,43758310,4680.122,,,1,1.0003769397735596,4181.4238550389255,4179.424608634412,,17A/A910BEC8,17A/A910BEC8,0.047326,0.005299,1.8,16.3,0.0,14666343.671737429,0.0,20.992087247386426,205516.53264472215,5992228.2908249395,1017.22,1
2026-09-13T22:11:33.299481+00:00,1789337493.299072,F_lat_northeurope_rep3,r3-sub-northeur,F01,load,16,1,1000,6,99.5,4340258,4326954,270,918,917,43800646,4684.372,,,1,1.0003714561462402,4496.329810656309,4494.330553292744,,17A/A9741C70,17A/A9741C70,0.094230,0.049370,2.2,16.3,0.0,23858529.602538884,0.0,26.989974408119238,224412.6405453754,6566414.864839692,1017.2,1
2026-09-13T22:11:34.299920+00:00,1789337494.2994826,F_lat_northeurope_rep3,r3-sub-northeur,F01,load,16,1,1000,6,99.5,4344433,4331127,270,918,917,43839921,4688.374,,,1,1.000410556793213,4173.286628824511,4171.287449601123,,17A/A9D77F30,17A/A9D77F30,0.062828,0.017364,2.1,16.3,0.0,13969816.596896207,0.0,22.990561068973356,222514.6451008645,6579209.860697717,1017.19,1
2026-09-13T22:11:35.306732+00:00,1789337495.299839,F_lat_northeurope_rep3,r3-sub-northeur,F01,load,16,1,1000,6,99.5,4348613,4335305,270,918,917,43879243,4692.374,,,1,1.0003564357757568,4178.510629322329,4176.511341939879,,17A/AA317FF8,17A/AA317FF8,0.133001,0.087412,2.0,16.3,0.0,15125232.825904196,0.0,20.99251751573419,203084.61337828625,5964504.037376433,1017.19,1
2026-09-13T22:11:36.300755+00:00,1789337496.3002641,F_lat_northeurope_rep3,r3-sub-northeur,F01,load,16,1,1000,6,99.5,4352608,4339298,270,918,917,43916840,4696.131,,,1,1.000425100326538,3993.302445826314,3991.3032956657,,17A/AA46B9E8,17A/AA46B9E8,0.551472,0.509435,0.2,16.2,0.0,9834411.388507435,0.0,13.99405112429747,45451.67847663788,1411487.9760004976,1017.19,1
2026-09-13T22:11:37.301258+00:00,1789337497.3006532,F_lat_northeurope_rep3,r3-sub-northeur,F01,load,16,1,1000,6,99.5,4352608,4339298,270,918,917,43916840,4696.131,,,1,1.0003890991210938,0.0,0.0,,17A/AA46B9E8,17A/AA46B9E8,1.552710,1.510673,2.9,16.2,0.0,0.0,0.0,0.0,0.0,59.97666313308878,1017.19,1
2026-09-13T22:11:38.307606+00:00,1789337498.301054,F_lat_northeurope_rep3,r3-sub-northeur,F01,drain,0,0,0,0,0,4352612,4339298,270,918,917,43916840,4696.131,,,1,1.0004007816314697,3.9983975157203853,0.0,,17A/AA46B9E8,17A/AA46B9E8,2.558355,2.516318,0.2,16.2,0.0,8385247.346888037,0.0,4.997996894650481,290.88341926865803,1438.4235062804084,1017.19,1
2026-09-13T22:11:39.301941+00:00,1789337499.3014731,F_lat_northeurope_rep3,r3-sub-northeur,F01,drain,0,0,0,0,0,4352614,4339298,270,918,917,43916840,4696.131,,,1,1.0004191398620605,1.999162071485121,0.0,,17A/AA46B9E8,17A/AA46B9E8,3.552714,3.510677,0.0,16.2,0.0,8385093.473078329,0.0,4.997905178712803,0.0,0.0,1017.19,1
2026-09-13T22:11:40.302405+00:00,1789337500.3019195,F_lat_northeurope_rep3,r3-sub-northeur,F01,drain,0,0,0,0,0,4352614,4339298,270,918,917,43916840,4696.131,,,1,1.0004463195800781,0.0,0.0,,17A/AA46B9E8,17A/AA46B9E8,4.553459,4.511422,0.2,16.2,0.0,0.0,0.0,0.0,0.0,0.0,1017.19,1
2026-09-13T22:11:41.302799+00:00,1789337501.3023179,F_lat_northeurope_rep3,r3-sub-northeur,F01,drain,0,0,0,0,0,4352618,4339298,270,918,917,43916840,4696.131,,,1,1.0003983974456787,3.9984070448465494,0.0,,17A/AA46B9E8,17A/AA46B9E8,5.553511,5.511474,0.0,16.2,0.0,5891796.723235005,0.0,25.98964579150257,119.95221134539648,0.0,1017.19,1
2026-09-13T22:11:42.303228+00:00,1789337502.3027477,F_lat_northeurope_rep3,r3-sub-northeur,F01,drain,0,0,0,0,0,4352620,4339298,270,918,917,43916840,4696.131,,,1,1.0004298686981201,1.999140632019155,0.0,,17A/AA46B9E8,17A/AA46B9E8,6.553990,6.511953,0.2,16.2,0.0,8188.480028750459,0.0,1.999140632019155,170.92652403763773,1438.381684737782,1017.19,1
2026-09-13T22:11:43.303263+00:00,1789337503.302787,F_lat_northeurope_rep3,r3-sub-northeur,F01,drain,0,0,0,0,0,4352622,4339298,270,918,917,43916840,4696.131,,,1,1.0000393390655518,1.999921324963899,0.0,,17A/AA46B9E8,17A/AA46B9E8,7.554229,7.512192,0.0,16.2,0.0,12287.516620578195,0.0,2.9998819874458484,0.0,0.0,1017.19,1
2026-09-13T22:11:44.303845+00:00,1789337504.3033698,F_lat_northeurope_rep3,r3-sub-northeur,F01,drain,0,0,0,0,0,4352624,4339298,270,918,917,43916840,4696.131,,,1,1.0005826950073242,1.9988352886568361,0.0,,17A/AA46B9E8,17A/AA46B9E8,8.554636,8.512599,0.2,16.2,0.0,0.0,0.0,0.0,437.74492821584715,2565.5050929910494,1017.19,1
2026-09-13T22:11:45.303920+00:00,1789337505.3034294,F_lat_northeurope_rep3,r3-sub-northeur,F01,drain,0,0,0,0,0,4352626,4339298,270,918,917,43916840,4696.131,,,1,1.0000596046447754,1.9998807978154531,0.0,,17A/AA46B9E8,17A/AA46B9E8,9.554621,9.512584,0.2,16.2,0.0,151542.96733526376,0.0,31.99809276504725,3462.793601417457,1760.8950424765064,1017.19,1
2026-09-13T22:11:46.304260+00:00,1789337506.303795,F_lat_northeurope_rep3,r3-sub-northeur,F01,drain,0,0,0,0,0,4352629,4339298,270,918,917,43916840,4696.131,,,1,1.0003657341003418,2.9989031988365613,0.0,,17A/AA46BA20,17A/AA46BA20,0.248949,0.207010,0.2,16.2,0.0,28661.51750568063,0.0,4.998171998060935,92.9659991639334,136.94991274686964,1017.19,1
2026-09-13T22:11:47.304881+00:00,1789337507.304386,F_lat_northeurope_rep3,r3-sub-northeur,F01,drain,0,0,0,0,0,4352826,4339298,270,918,919,43916891,4696.131,,,1,1.0005908012390137,196.88368087739607,0.0,,17A/AA46BA20,17A/AA46BA20,1.249599,1.207660,0.4,16.2,163743.26027894707,12280.74452092103,5.996457285605971,1.9988190952019904,4516.331745608897,15841.640739023376,1017.19,1
