sample_time,epoch,run_id,host,level_id,phase_state,clients,rows_per_commit,row_bytes,target_wal_mbps,network_latency_ms,xact_commit,tup_inserted,tup_updated,tup_deleted,blks_read,blks_hit,blk_write_time_ms,db_stats_reset,row_count,apply_workers,interval_sec,commits_per_sec,rows_applied_per_sec,row_count_delta,received_lsn,latest_end_lsn,msg_send_age_sec,msg_receipt_age_sec,cpu_pct,mem_used_pct,disk_read_bytes_per_sec,disk_write_bytes_per_sec,disk_read_iops,disk_write_iops,net_sent_bytes_per_sec,net_recv_bytes_per_sec,data_volume_free_gb,db_connected
2026-09-13T00:55:18.491044+00:00,1789260918.4900436,D_rowsize_rep2,r3-sub,idle,idle,0,0,0,0,0,144235234,708312746,10680,27473,17860971394,7660391736,202020.325,,,1,1.0005738735198975,9.994264556220335,0.0,,11A/7B5285C8,11A/7B526D20,0.110601,0.108511,3.9,36.8,0.0,135090.47515351902,0.0,7.995411644976269,5584.795034015923,7000.982321632345,1005.1,1
2026-09-13T00:55:19.491217+00:00,1789260919.4912174,D_rowsize_rep2,r3-sub,idle,idle,0,0,0,0,0,144235237,708312746,10687,27473,17860971394,7660391993,202020.325,,,1,1.001173734664917,2.9964829241191295,0.0,,11A/7B528F28,11A/7B528F28,0.770907,0.770558,4.9,36.8,0.0,94097.55443847165,0.0,9.988276413730432,1012.8112283522657,401.52871183196334,1007.41,1
2026-09-13T00:55:20.491362+00:00,1789260920.4913626,D_rowsize_rep2,r3-sub,idle,idle,0,0,0,0,0,144235237,708312746,10687,27473,17860971394,7660391993,202020.325,,,1,1.0001451969146729,0.0,0.0,,11A/7B528F28,11A/7B528F28,1.771061,1.770712,3.7,36.8,0.0,0.0,0.0,0.0,182.97343282208712,125.98170784471573,1007.41,1
2026-09-13T00:55:21.492366+00:00,1789260921.492366,D_rowsize_rep2,r3-sub,D05,drain,0,0,0,0,0,144235241,708312746,10687,27473,17860971394,7660391993,202020.325,,,1,1.0010035037994385,3.995990008843607,0.0,,11A/7B528F28,11A/7B528F28,2.772172,2.771823,0.0,36.8,0.0,32735.15015244683,0.0,3.995990008843607,344.65413826276114,3050.938371752094,1007.41,1
2026-09-13T00:55:22.493021+00:00,1789260922.4930217,D_rowsize_rep2,r3-sub,D05,drain,0,0,0,0,0,144235243,708312746,10687,27473,17860971394,7660391993,202020.325,,,1,1.0006556510925293,1.9986895570083205,0.0,,11A/7B528F28,11A/7B528F28,3.772850,3.772501,1.8,36.8,32746.529702024323,253785.6051906885,0.9993447785041603,12.991482120554084,2669.249903384612,374.7542919390601,1007.41,1
2026-09-13T00:55:23.493902+00:00,1789260923.4939024,D_rowsize_rep2,r3-sub,D05,drain,0,0,0,0,0,144235245,708312746,10687,27473,17860971394,7660391993,202020.325,,,1,1.0008807182312012,1.9982401135017216,0.0,,11A/7B528F28,11A/7B528F28,4.773833,4.773484,0.0,36.8,0.0,24554.374514709154,0.0,4.995600283754304,0.0,0.0,1007.41,1
2026-09-13T00:55:24.495135+00:00,1789260924.4951358,D_rowsize_rep2,r3-sub,D05,drain,0,0,0,0,0,144235247,708312746,10687,27473,17860971394,7660391993,202020.325,,,1,1.0012333393096924,1.9975363598848141,0.0,,11A/7B528F28,11A/7B528F28,5.774844,5.774495,0.4,36.8,0.0,0.0,0.0,0.0,527.349599009591,3176.0828122168546,1007.41,1
2026-09-13T00:55:25.496135+00:00,1789260925.4961355,D_rowsize_rep2,r3-sub,D05,drain,0,0,0,0,0,144235249,708312746,10687,27473,17860971394,7660391993,202020.325,,,1,1.0009996891021729,1.9980026185561166,0.0,,11A/7B528F28,11A/7B528F28,6.775979,6.775630,0.2,36.8,0.0,36827.184265226344,0.0,4.995006546390291,3043.9569893702437,16086.918083304574,1007.41,1
2026-09-13T00:55:26.496418+00:00,1789260926.4964187,D_rowsize_rep2,r3-sub,D05,drain,0,0,0,0,0,144235251,708312746,10687,27473,17860971394,7660391993,202020.325,,,1,1.0002832412719727,1.9994336778618576,0.0,,11A/7B528F28,11A/7B528F28,7.776389,7.776040,0.4,36.8,0.0,40948.40172261084,0.0,7.99773471144743,620.8241569761068,2604.2623654150693,1007.41,1
2026-09-13T00:55:27.497621+00:00,1789260927.4975762,D_rowsize_rep2,r3-sub,D05,drain,0,0,0,0,0,144235253,708312746,10687,27473,17860971394,7660391993,202020.325,,,1,1.001157522201538,1.9976876322139743,0.0,,11A/7B528F28,11A/7B528F28,8.777269,8.776920,0.0,36.8,0.0,126829.1923940008,0.0,8.989594344962883,344.60111655691054,3050.4690143907387,1007.41,1
2026-09-13T00:55:28.497701+00:00,1789260928.4977014,D_rowsize_rep2,r3-sub,D05,drain,0,0,0,0,0,144235255,708312746,10687,27473,17860971394,7660391993,202020.325,,,1,1.0001251697540283,1.9997496918229563,0.0,,11A/7B528F28,11A/7B528F28,9.777498,9.777149,0.6,36.8,0.0,0.0,0.0,0.0,182.9770968018005,125.98423058484624,1007.41,1
2026-09-13T00:55:29.498111+00:00,1789260929.498111,D_rowsize_rep2,r3-sub,D05,drain,0,0,0,0,0,144235257,708312746,10687,27473,17860971394,7660391993,202020.325,,,1,1.0004096031188965,1.9991811291742512,0.0,,11A/7B528F28,11A/7B528F28,10.778068,10.777719,0.2,36.8,0.0,278413.9607733229,0.0,49.97952822935628,92.96192250660268,59.97543387522754,1007.41,1
2026-09-13T00:55:30.499347+00:00,1789260930.4993472,D_rowsize_rep2,r3-sub,D05,drain,0,0,0,0,0,144235259,708312746,10687,27473,17860971394,7660391993,202020.325,,,1,1.0012362003326416,1.9975306519436056,0.0,,11A/7B528F28,11A/7B528F28,11.779013,11.778664,0.8,36.8,0.0,28636.59942626353,0.0,3.995061303887211,527.3480921131119,3176.073736590333,1007.41,1
2026-09-13T00:55:31.499424+00:00,1789260931.4994247,D_rowsize_rep2,r3-sub,D05,drain,0,0,0,0,0,144235261,708312746,10687,27473,17860971394,7660391993,202020.325,,0,1,1.000077486038208,1.9998450399308259,0.0,,11A/7B528F28,11A/7B528F28,12.779725,12.779376,0.2,36.8,0.0,0.0,0.0,0.0,0.0,0.0,1007.41,1
2026-09-13T00:55:32.500568+00:00,1789260932.5005689,D_rowsize_rep2,r3-sub,D05,drain,0,0,0,0,0,144235263,708312746,10687,27473,17860971394,7660391993,202020.325,,,1,1.0011441707611084,1.997714273738939,0.0,,11A/7B528F28,11A/7B528F28,13.780479,13.780130,0.8,36.8,0.0,556419.3612359592,0.0,42.95085688538719,182.79085604711292,125.85599924555316,1007.41,1
2026-09-13T00:55:33.500864+00:00,1789260933.5008643,D_rowsize_rep2,r3-sub,D05,drain,0,0,0,0,0,144235268,708312746,10687,27473,17860971398,7660392069,202020.325,,,1,1.0002954006195068,4.998523433081249,0.0,,11A/7B528F28,11A/7B528F28,14.780673,14.780324,0.2,36.8,0.0,12284.371189140476,0.0,2.999114059848749,344.89811688260613,3053.0981129260267,1007.41,1
2026-09-13T00:55:34.501823+00:00,1789260934.501824,D_rowsize_rep2,r3-sub,D05,drain,0,0,0,0,0,144235270,708312746,10687,27473,17860971398,7660392069,202020.325,,,1,1.0009596347808838,1.998082570470299,0.0,,11A/7B528F28,11A/7B528F28,15.781785,15.781436,6.6,36.8,0.0,0.0,0.0,0.0,182.82455519803236,125.87920193962884,1007.41,1
2026-09-13T00:55:35.502990+00:00,1789260935.50299,D_rowsize_rep2,r3-sub,D05,drain,0,0,0,0,0,144235272,708312746,10687,27473,17860971398,7660392069,202020.325,,,1,1.0011661052703857,1.9976705058945823,0.0,,11A/7B528F28,11A/7B528F28,16.782709,16.782360,0.0,36.8,0.0,28638.60437250473,0.0,3.9953410117891646,0.0,0.0,1007.41,1
2026-09-13T00:55:36.503408+00:00,1789260936.5034082,D_rowsize_rep2,r3-sub,D05,drain,0,0,0,0,0,144235274,708312746,10687,27473,17860971398,7660392069,202020.325,,,1,1.0004181861877441,1.9991639772376835,0.0,,11A/7B528F28,11A/7B528F28,17.783553,17.783204,0.8,36.8,0.0,16377.151301531103,0.0,2.9987459658565254,527.7792899907485,3178.670723807917,1007.41,1
2026-09-13T00:55:37.504462+00:00,1789260937.5044625,D_rowsize_rep2,r3-sub,D05,drain,0,0,0,0,0,144235276,708312746,10687,27473,17860971398,7660392069,202020.325,,,1,1.001054286956787,1.9978936467871444,0.0,,11A/7B528F28,11A/7B528F28,18.784469,18.784120,0.2,36.8,0.0,53191.920452060935,0.0,6.992627763755006,2485.379696603208,248.7377590249995,1007.41,1
2026-09-13T00:55:38.505510+00:00,1789260938.5055103,D_rowsize_rep2,r3-sub,D05,drain,0,0,0,0,0,144235278,708312746,10687,27473,17860971398,7660392069,202020.325,,,1,1.0010478496551514,1.997906494368851,0.0,,11A/7B528F28,11A/7B528F28,19.785235,19.784886,0.4,36.7,0.0,57283.9750065437,0.0,8.990579224659829,182.80844423474986,125.86810914523761,1007.41,1
2026-09-13T00:55:39.505615+00:00,1789260939.505616,D_rowsize_rep2,r3-sub,D05,drain,0,0,0,0,0,144235280,708312746,10687,27473,17860971398,7660392069,202020.325,,,1,1.000105619430542,1.9997887834474881,0.0,,11A/7B528F28,11A/7B528F28,20.785431,20.785082,0.0,36.7,0.0,24573.40457100273,0.0,3.9995775668949762,437.95374357499986,3113.671135827739,1007.41,1
2026-09-13T00:55:40.505903+00:00,1789260940.5059037,D_rowsize_rep2,r3-sub,D05,drain,0,0,0,0,0,144235282,708312746,10687,27473,17860971398,7660392069,202020.325,,,1,1.0002877712249756,1.9994246231269563,0.0,,11A/7B528F60,11A/7B528F60,0.768264,0.767883,0.6,36.7,0.0,98275.71907593615,0.0,6.9979861809443475,3322.044011325438,16361.291691047883,1007.41,1
2026-09-13T00:55:41.506914+00:00,1789260941.5069141,D_rowsize_rep2,r3-sub,D05,drain,0,0,0,0,0,144235284,708312746,10687,27473,17860971398,7660392069,202020.325,,,1,1.0010104179382324,1.9979812039512763,0.0,,11A/7B528F60,11A/7B528F60,1.768815,1.768434,0.4,36.7,2045.932752846107,104342.57039515146,3.9959624079025526,8.990915417780744,437.55788366532954,2476.4977022976072,1007.41,1
2026-09-13T00:55:42.508395+00:00,1789260942.508395,D_rowsize_rep2,r3-sub,D05,drain,0,0,0,0,0,144235292,708312746,10687,27473,17860971399,7660392850,202020.325,,,1,1.0014808177947998,7.988170974273393,0.0,,11A/7B528F60,11A/7B528F60,2.770576,2.770195,1.0,36.7,0.0,98158.64493187144,0.0,3.9940854871366964,527.2192843020439,3175.2979622736734,1007.41,1
2026-09-13T00:55:43.509041+00:00,1789260943.5090413,D_rowsize_rep2,r3-sub,D05,drain,0,0,0,0,0,144235294,708312746,10687,27473,17860971399,7660392850,202020.325,,,1,1.0006463527679443,1.9987081294682054,0.0,,11A/7B528F60,11A/7B528F60,3.771398,3.771017,0.0,36.7,0.0,24560.125494905307,0.0,5.996124388404616,0.0,0.0,1007.41,1
2026-09-13T00:55:44.509712+00:00,1789260944.5097122,D_rowsize_rep2,r3-sub,D05,drain,0,0,0,0,0,144235296,708312746,10687,27473,17860971399,7660392850,202020.325,,,1,1.0006709098815918,1.9986590798733799,0.0,,11A/7B528F60,11A/7B528F60,4.771827,4.771446,0.8,36.7,0.0,0.0,0.0,0.0,182.87730580841426,125.91552203202292,1007.41,1
2026-09-13T00:55:45.509856+00:00,1789260945.5098565,D_rowsize_rep2,r3-sub,D05,drain,0,0,0,0,0,144235298,708312746,10687,27473,17860971399,7660392850,202020.325,,,1,1.0001442432403564,1.9997115551255105,0.0,,11A/7B528F60,11A/7B528F60,5.771998,5.771617,0.0,36.7,0.0,28667.86485427932,0.0,3.999423110251021,434.93726323979854,3143.5465646573025,1007.41,1
2026-09-13T00:55:46.510085+00:00,1789260946.510085,D_rowsize_rep2,r3-sub,D05,drain,0,0,0,0,0,144235300,708312746,10687,27473,17860971399,7660392850,202020.325,,,1,1.0002286434173584,1.9995428176970074,0.0,,11A/7B528F60,11A/7B528F60,6.772540,6.772159,6.6,36.7,0.0,221133.43929474743,0.0,38.99108494509164,182.95816781927616,125.97119751491147,1007.41,1
2026-09-13T00:55:47.510893+00:00,1789260947.5108938,D_rowsize_rep2,r3-sub,D05,drain,0,0,0,0,0,144235302,708312746,10687,27473,17860971399,7660392850,202020.325,,,1,1.0008087158203125,1.9983838753449512,0.0,,11A/7B528F60,11A/7B528F60,7.772950,7.772569,0.0,36.7,0.0,102317.2544176615,0.0,2.9975758130174266,0.0,0.0,1007.41,1
2026-09-13T00:55:48.511377+00:00,1789260948.5113778,D_rowsize_rep2,r3-sub,D05,drain,0,0,0,0,0,144235304,708312746,10687,27473,17860971399,7660392850,202020.325,,,1,1.0004839897155762,1.9990324888343016,0.0,,11A/7B528F60,11A/7B528F60,8.773545,8.773164,0.6,36.7,0.0,4094.0185371326497,0.0,0.9995162444171508,527.7445770522556,3178.4616572465393,1007.41,1
2026-09-13T00:55:49.511600+00:00,1789260949.5116,D_rowsize_rep2,r3-sub,D05,drain,0,0,0,0,0,144235308,708312746,10687,27473,17860971399,7660393091,202020.325,,,1,1.0002222061157227,3.9991113729954644,0.0,,11A/7B528F60,11A/7B528F60,9.773999,9.773618,0.2,36.7,0.0,28665.63032163149,0.0,3.9991113729954644,1134.7478520874631,829.8156098965588,1007.41,1
2026-09-13T00:55:50.512565+00:00,1789260950.5125656,D_rowsize_rep2,r3-sub,D05,drain,0,0,0,0,0,144235357,708315190,10687,27473,17860971399,7660401487,202022.804,,,1,1.0009655952453613,48.95273147524006,2441.6423617446267,,11A/7BAD5E08,11A/7BAD5E08,0.025329,0.023981,0.4,36.7,0.0,5835261.499240893,0.0,6.993247353605723,10238.114125678778,5453418.205309986,1007.41,1
2026-09-13T00:55:51.513847+00:00,1789260951.5138476,D_rowsize_rep2,r3-sub,D05,load,16,1,100000,6,0,144235407,708317686,10687,27473,17860971399,7660410424,202025.025,,,1,1.001281976699829,49.93598323301222,2492.80428299197,,11A/7C11BF90,11A/7C11BF90,0.091605,0.089928,1.6,36.7,0.0,13425860.359843522,0.0,39.948786586409774,11807.86259527807,6060062.141535035,1007.4,1
2026-09-13T00:55:52.515009+00:00,1789260952.515009,D_rowsize_rep2,r3-sub,D05,load,16,1,100000,6,0,144235487,708321742,10687,27473,17860971399,7660424947,202028.691,,,1,1.0011613368988037,79.90720081920854,4051.2950815338727,,11A/7C953A50,11A/7C953A50,0.008979,0.007690,1.9,36.7,0.0,17215974.45361815,0.0,32.96172033792352,19957.82224460757,8177811.805398918,1007.39,1
2026-09-13T00:55:53.516277+00:00,1789260953.5162776,D_rowsize_rep2,r3-sub,D05,load,16,1,100000,6,0,144235574,708326162,10687,27473,17860971399,7660440773,202032.497,,,1,1.0012686252593994,86.88976944370033,4414.399780932821,,11A/7D107F20,11A/7D107F20,0.070573,0.069031,1.0,36.7,0.0,16477783.867167188,0.0,22.970858588564454,15846.896227163139,7570885.38356639,1007.39,1
2026-09-13T00:55:54.517285+00:00,1789260954.517285,D_rowsize_rep2,r3-sub,D05,load,16,1,100000,6,0,144235660,708330530,10687,27473,17860971399,7660456412,202036.672,,,1,1.0010075569152832,85.91343732211035,4363.603421197419,,11A/7D991D08,11A/7D991D08,0.031755,0.030849,1.2,36.7,0.0,9092151.140243847,0.0,18.980875687442985,17079.791138326986,8383891.751888399,1007.38,1
2026-09-13T00:55:55.518708+00:00,1789260955.5187082,D_rowsize_rep2,r3-sub,D05,load,16,1,100000,6,0,144235734,708334274,10687,27473,17860971399,7660469845,202040.241,,,1,1.0014231204986572,73.89483874024378,3738.6794086955774,,11A/7E111B10,11A/7E111B10,0.046664,0.044575,1.2,36.7,0.0,16270732.786643153,0.0,23.96589364548447,17640.89488088036,7384137.482583632,1007.37,1
2026-09-13T00:55:56.519801+00:00,1789260956.5198011,D_rowsize_rep2,r3-sub,D05,load,16,1,100000,6,0,144235736,708334274,10687,27473,17860971399,7660469845,202040.241,,,1,1.0010929107666016,1.9978165647666715,0.0,,11A/7E85FFC8,11A/7E85FFC8,0.145038,0.141186,1.6,36.7,0.0,17695860.00407727,0.0,24.972707059583396,14534.115508677536,7171017.717529022,1007.36,1
2026-09-13T00:55:57.520686+00:00,1789260957.5206864,D_rowsize_rep2,r3-sub,D05,load,16,1,100000,6,0,144235852,708340202,10687,27473,17860971399,7660491415,202046.145,,,1,1.000885248184204,115.89740203529428,5922.756890217453,,11A/7EFFFEB8,11A/7EFFFEB8,0.037751,0.036605,1.0,36.7,0.0,16598682.046857838,0.0,23.978772834888474,14980.738328596573,7577040.438709991,1007.36,1
2026-09-13T00:55:58.521912+00:00,1789260958.521912,D_rowsize_rep2,r3-sub,D05,load,16,1,100000,6,0,144235918,708343530,10687,27473,17860971399,7660503524,202049.442,,,1,1.0012257099151611,65.91920218028811,3323.9258311514973,,11A/7F70F7F8,11A/7F70F7F8,0.051231,0.048921,4.9,36.7,0.0,7470139.775609396,0.0,15.980412649766814,14118.694576068981,6864846.689346806,1007.35,1
2026-09-13T00:55:59.523334+00:00,1789260959.523335,D_rowsize_rep2,r3-sub,D05,load,16,1,100000,6,0,144236016,708348522,10687,27473,17860971399,7660521687,202054.2,,,1,1.0014228820800781,97.86075568439377,4984.9070650662625,,11A/7FDA5F28,11A/7FDA5F28,0.052782,0.051325,0.8,36.7,0.0,15297273.783259751,0.0,17.974424513460082,12063.834585950624,6459788.482726833,1007.34,1
2026-09-13T00:56:00.524313+00:00,1789260960.524313,D_rowsize_rep2,r3-sub,D05,load,16,1,100000,6,0,144236067,708351070,10687,27473,17860971399,7660530957,202056.589,,,1,1.0009779930114746,50.950171088741776,2545.51050851204,,11A/802938B0,11A/802938B0,0.179132,0.177807,2.3,36.7,0.0,13454489.603195118,0.0,15.984367400389576,9602.608715784037,4749433.08763183,1007.34,1
2026-09-13T00:56:01.525985+00:00,1789260961.5259857,D_rowsize_rep2,r3-sub,D05,load,16,1,100000,6,0,144236129,708354190,10687,27473,17860971399,7660542309,202059.935,,814,1,1.0016727447509766,61.896463016385326,3114.789751792294,814,11A/808F3A10,11A/808F3A10,0.025405,0.023906,0.8,36.7,0.0,6816629.518753154,0.0,11.979960583816515,12001.923844886845,6357440.6245656125,1007.33,1
2026-09-13T00:56:02.526759+00:00,1789260962.5267591,D_rowsize_rep2,r3-sub,D05,load,16,1,100000,6,0,144236180,708356738,10687,27473,17860971399,7660551581,202062.37,,,1,1.0007734298706055,50.96058556090365,2546.030823709461,,11A/80DC3DD0,11A/80DC3DD0,0.082993,0.081350,1.4,36.7,0.0,13465425.437746037,0.0,15.987634685773694,9032.014370294277,4746971.550408,1007.33,1
2026-09-13T00:56:03.527962+00:00,1789260963.5279624,D_rowsize_rep2,r3-sub,D05,load,16,1,100000,6,0,144236216,708358350,10687,27473,17860971399,7660557518,202064.018,,,1,1.0012032985687256,35.9567333142669,1610.062613961062,,11A/812B7910,11A/812B7910,0.152073,0.150235,0.4,36.7,0.0,13647833.581385314,0.0,20.97476109998902,10972.796449737114,4849132.046349067,1007.32,1
2026-09-13T00:56:04.528326+00:00,1789260964.528255,D_rowsize_rep2,r3-sub,D05,load,16,1,100000,6,0,144236299,708362562,10687,27473,17860971399,7660572842,202068.283,,,1,1.0002925395965576,82.97572631449988,4210.76818357438,,11A/8185FD98,11A/8185FD98,0.023694,0.022176,1.2,36.7,0.0,14004223.210191987,0.0,16.99502828128311,11015.777448909328,5557871.102629918,1007.32,1
2026-09-13T00:56:05.529459+00:00,1789260965.5294175,D_rowsize_rep2,r3-sub,D05,load,16,1,100000,6,0,144236348,708365006,10687,27473,17860971399,7660581735,202070.706,,,1,1.0011625289916992,48.943102224720064,2441.1620783105272,,11A/81E58000,11A/81E58000,0.035186,0.033925,1.0,36.7,0.0,6513260.146249506,0.0,9.988388209126544,10397.912125700732,5754783.896878915,1007.31,1
2026-09-13T00:56:06.530475+00:00,1789260966.5304754,D_rowsize_rep2,r3-sub,D05,load,16,1,100000,6,0,144236383,708366722,10687,27473,17860971399,7660587979,202072.397,,,1,1.0010578632354736,34.9630139129801,1714.1866249906818,,11A/8232BD58,11A/8232BD58,0.149566,0.147931,1.0,36.7,0.0,13559799.586537013,0.0,17.98097858381834,10629.75517280061,4849721.657755979,1007.31,1
2026-09-13T00:56:07.531470+00:00,1789260967.5314708,D_rowsize_rep2,r3-sub,D05,load,16,1,100000,6,0,144236465,708370882,10687,27473,17860971399,7660603114,202076.418,,,1,1.000995397567749,81.91845856559006,4155.8632638153,,11A/828D1A78,11A/828D1A78,0.057076,0.055981,0.4,36.7,0.0,14342203.805216128,0.0,18.981106253002576,13625.437272879059,5554121.44102662,1007.3,1
2026-09-13T00:56:08.531891+00:00,1789260968.5318918,D_rowsize_rep2,r3-sub,D05,load,16,1,100000,6,0,144236515,708373378,10687,27473,17860971399,7660612197,202079.263,,,1,1.0004210472106934,49.97895649977241,2494.9495084686387,,11A/82EC7BE0,11A/82EC7BE0,0.149187,0.147641,0.8,36.7,0.0,14907259.340035796,0.0,30.986953029858892,11812.02657915621,5859914.699260975,1007.3,1
2026-09-13T00:56:09.532914+00:00,1789260969.5329146,D_rowsize_rep2,r3-sub,D05,load,16,1,100000,6,0,144236581,708376706,10687,27473,17860971399,7660624321,202082.449,,,1,1.0010228157043457,65.93256313899367,3324.599547372287,,11A/83575F40,11A/83575F40,0.047651,0.046062,1.8,36.7,0.0,7029737.873705341,0.0,11.987738752544304,13975.705429007901,6566809.364254796,1007.29,1
2026-09-13T00:56:10.534228+00:00,1789260970.5342288,D_rowsize_rep2,r3-sub,D05,load,16,1,100000,6,0,144236648,708380086,10687,27473,17860971399,7660636683,202085.811,,,1,1.0013141632080078,66.91206662387114,3375.5639580400666,,11A/83C25FE0,11A/83C25FE0,0.002133,0.000920,1.2,36.7,0.0,14227191.148838902,0.0,18.975063669455995,15824.20441276475,6375515.53205569,1007.28,1
2026-09-13T00:56:11.535464+00:00,1789260971.5354643,D_rowsize_rep2,r3-sub,D05,load,16,1,100000,6,0,144236699,708382634,10687,27473,17860971399,7660646004,202088.604,,,1,1.0012354850769043,50.93706801260916,2544.8558685515322,,11A/84115BB0,11A/84115BB0,0.200582,0.199468,0.4,36.7,0.0,14653767.48894698,0.0,18.97655474979557,10265.317353599941,5555033.8385907225,1007.28,1
2026-09-13T00:56:12.535797+00:00,1789260972.5357974,D_rowsize_rep2,r3-sub,D05,load,16,1,100000,6,0,144236764,708385910,10687,27473,17860971399,7660657987,202091.853,,,1,1.0003330707550049,64.97835760937207,3274.909223512352,,11A/847A9C70,11A/847A9C70,0.169272,0.168821,6.8,36.7,0.0,6612837.457235394,0.0,10.996337441586043,10769.413023473313,5560632.915796431,1007.27,1
2026-09-13T00:56:13.536792+00:00,1789260973.5367928,D_rowsize_rep2,r3-sub,D05,load,16,1,100000,6,0,144236815,708388458,10687,27473,17860971399,7660667306,202094.426,,,1,1.000995397567749,50.94928520542796,2545.466249086872,,11A/84E23E68,11A/84E23E68,0.130541,0.128799,0.4,36.7,0.0,9538281.617677258,0.0,63.93635790485078,13591.471082742108,6765495.642093244,1007.27,1
2026-09-13T00:56:14.537927+00:00,1789260974.5379272,D_rowsize_rep2,r3-sub,D05,load,16,1,100000,6,0,144236895,708392514,10687,27473,17860971399,7660682144,202098.382,,,1,1.0011343955993652,79.90935118366912,4051.404105012024,,11A/854D1A50,11A/854D1A50,0.079009,0.076331,1.0,36.7,0.0,15493975.702146813,0.0,26.969406024488325,11548.898979819778,6461576.016601803,1007.26,1
2026-09-13T00:56:15.539301+00:00,1789260975.5393016,D_rowsize_rep2,r3-sub,D05,load,16,1,100000,6,0,144236962,708395894,10687,27473,17860971399,7660694507,202101.866,,,1,1.0013744831085205,66.9080360346461,3375.3606238373704,,11A/85B4DFE8,11A/85B4DFE8,0.022469,0.020988,0.2,36.7,0.0,15298013.139346045,0.0,17.97529326303925,13391.593480964242,6463449.098391479,1007.25,1
2026-09-13T00:56:16.539635+00:00,1789260976.5396357,D_rowsize_rep2,r3-sub,D05,load,16,1,100000,6,0,144237025,708399066,10687,27473,17860971399,7660706107,202105.408,,,1,1.0003340244293213,62.97896348766179,3170.940828299416,,11A/860D9A60,11A/860D9A60,0.003807,0.000919,0.6,36.8,0.0,4864423.163828725,0.0,6.997662609740199,10409.522965032098,5456344.44765969,1007.25,1
2026-09-13T00:56:17.540569+00:00,1789260977.5405695,D_rowsize_rep2,r3-sub,D05,load,16,1,100000,6,0,144237079,708401770,10687,27473,17860971399,7660716000,202108.044,,,1,1.0009338855743408,53.949617230727014,2701.4771294793677,,11A/866E9920,11A/866E9920,0.117350,0.115748,0.4,36.7,0.0,15750794.560175845,0.0,22.978540672346693,10993.73311123926,5958120.79693756,1007.24,1
2026-09-13T00:56:18.541725+00:00,1789260978.5417252,D_rowsize_rep2,r3-sub,D05,load,16,1,100000,6,0,144237111,708403330,10687,27473,17860971399,7660721706,202109.726,,,1,1.0011556148529053,31.96306300964171,1558.1993217200334,,11A/86DAC000,11A/86DAC000,0.085452,0.084642,1.0,36.7,0.0,14012606.823426927,0.0,17.979222942923464,10287.112060509375,5254390.947777777,1007.24,1
2026-09-13T00:56:19.541855+00:00,1789260979.5418556,D_rowsize_rep2,r3-sub,D05,load,16,1,100000,6,0,144237174,708406502,10687,27473,17860971399,7660733309,202113.225,,,1,1.0001304149627686,62.9917849287138,3171.5863776806377,,11A/8739DC88,11A/8739DC88,0.145606,0.144485,0.2,36.8,2195681.65025933,7290441.217380069,9.998696020430762,14.998044030646142,11002.56510088201,5760715.716474316,1007.23,1
2026-09-13T00:56:20.543135+00:00,1789260980.5431352,D_rowsize_rep2,r3-sub,D05,load,16,1,100000,6,0,144237260,708410870,10687,27473,17860971399,7660749287,202118.077,,,1,1.001279592514038,85.89009567654229,4362.4178827341475,,11A/8792DC38,11A/8792DC38,0.024601,0.023196,0.8,36.8,0.0,14350405.328767896,0.0,22.97060698326131,10468.604452110654,5552115.554499388,1007.23,1
2026-09-13T00:56:21.544278+00:00,1789260981.544278,D_rowsize_rep2,r3-sub,D05,load,16,1,100000,6,0,144237294,708412534,10687,27473,17860971399,7660755374,202120.176,,,1,1.0011427402496338,33.96119117991321,1662.100650687517,,11A/87F25EA0,11A/87F25EA0,0.010812,0.009628,0.2,36.7,0.0,14655124.998800457,0.0,16.980595589956604,12615.583664773641,5859028.652135448,1007.22,1
2026-09-13T00:56:22.545485+00:00,1789260982.5454853,D_rowsize_rep2,r3-sub,D05,load,16,1,100000,6,0,144237360,708415862,10687,27473,17860971399,7660767546,202123.917,,,1,1.0012073516845703,65.92041088087541,3323.9867789629297,,11A/88449E18,11A/88449E18,0.153488,0.152089,2.0,36.7,0.0,12215907.103979455,0.0,20.974676189369447,12080.414690972546,4947387.763050059,1007.22,1
2026-09-13T00:56:23.546511+00:00,1789260983.5465117,D_rowsize_rep2,r3-sub,D05,load,16,1,100000,6,0,144237425,708419138,10687,27473,17860971399,7660779531,202127.67,,,1,1.0010263919830322,64.9333529271242,3272.6409875270597,,11A/88AA9FF8,11A/88AA9FF8,0.029108,0.027975,0.4,36.8,0.0,6894683.352281672,0.0,14.98461990625943,11433.264988475945,6361464.643689374,1007.21,1
2026-09-13T00:56:24.547804+00:00,1789260984.5478044,D_rowsize_rep2,r3-sub,D05,load,16,1,100000,6,0,144237475,708421634,10687,27473,17860971399,7660788662,202130.494,,,1,1.0012927055358887,49.93544816971393,2492.7775726321192,,11A/88FFFFF8,11A/88FFFFF8,0.007716,0.006986,6.4,36.8,0.0,13564800.707032792,0.0,15.979343414308458,21323.43507743124,5252778.703890682,1007.2,1
2026-09-13T00:56:25.547925+00:00,1789260985.5479252,D_rowsize_rep2,r3-sub,D05,load,16,1,100000,6,0,144237525,708424130,10687,27473,17860971399,7660797790,202133.381,,,1,1.0001208782196045,49.993956819508675,2495.698324429873,,11A/8962BCE8,11A/8962BCE8,0.104272,0.102680,0.6,36.8,0.0,15325379.495411832,0.0,20.997461864193642,14073.298844691692,6080183.038299461,1007.2,1
2026-09-13T00:56:26.548197+00:00,1789260986.548198,D_rowsize_rep2,r3-sub,D05,load,16,1,100000,6,0,144237607,708428290,10687,27473,17860971399,7660813006,202138.842,,,1,1.0002727508544922,81.9776405284966,4158.865665835925,,11A/89BB7CA8,11A/89BB7CA8,0.060355,0.059076,1.2,36.8,0.0,5405245.714612599,0.0,9.997273235182512,11294.919301109203,5459133.0168048795,1007.19,1
2026-09-13T00:56:27.549491+00:00,1789260987.5494912,D_rowsize_rep2,r3-sub,D05,load,16,1,100000,6,0,144237656,708430734,10687,27473,17860971399,7660821946,202142.346,,,1,1.0012931823730469,48.93671590160125,2440.8435441533356,,11A/8A1AFD40,11A/8A1AFD40,0.152335,0.151280,0.4,36.7,0.0,14980179.89541418,0.0,16.97804429239227,11319.362000586705,5757304.754974608,1007.19,1
2026-09-13T00:56:28.550471+00:00,1789260988.5504718,D_rowsize_rep2,r3-sub,D05,load,16,1,100000,6,0,144237723,708434114,10687,27473,17860971399,7660834309,202146.975,,,1,1.0009806156158447,66.93436311828958,3376.688766265952,,11A/8A82A358,11A/8A73BDE8,0.001711,-0.000043,1.2,36.8,0.0,14362875.539957084,0.0,21.97844759108016,13300.956873983694,6563479.749263591,1007.18,1
2026-09-13T00:56:29.551464+00:00,1789260989.5514646,D_rowsize_rep2,r3-sub,D05,load,16,1,100000,6,0,144237773,708436610,10687,27473,17860971399,7660843438,202150.251,,,1,1.000992774963379,49.950410483061916,2493.524491314451,,11A/8AD31880,11A/8AD31880,0.138830,0.135999,0.2,36.7,0.0,15696672.73629905,0.0,21.978180612547245,10144.928369109875,4847073.946340427,1007.18,1
2026-09-13T00:56:30.552963+00:00,1789260990.5529637,D_rowsize_rep2,r3-sub,D05,load,16,1,100000,6,0,144237838,708439886,10687,27473,17860971399,7660855421,202153.981,,,1,1.0014991760253906,64.90269942903286,3271.096051223256,,11A/8B3C5B00,11A/8B3C5B00,0.078931,0.077488,1.6,36.7,0.0,6920057.615528478,0.0,12.980539885806571,12035.955983347108,6462427.683351299,1007.17,1
2026-09-13T00:56:31.554095+00:00,1789260991.5540953,D_rowsize_rep2,r3-sub,D05,load,16,1,100000,6,0,144237905,708443266,10687,27473,17860971399,7660867786,202159.113,,2525,1,1.001131534576416,66.92427287124468,3376.1797358926424,1711,11A/8BA59968,11A/8BA59968,0.016293,0.015527,0.0,36.8,0.0,15256720.493239185,0.0,21.975134375632585,13227.033154642122,6360767.571560234,1007.16,1
2026-09-13T00:56:32.555252+00:00,1789260992.5552526,D_rowsize_rep2,r3-sub,D05,load,16,1,100000,6,0,144237973,708446698,10687,27473,17860971399,7660880336,202163.42,,,1,1.001157283782959,67.92139567027485,3428.0327932409305,,11A/8BFFFBD8,11A/8BFFFBD8,0.037374,0.036152,0.8,36.7,0.0,14433983.78464254,0.0,18.978037025517974,10577.758531591333,5653813.932823676,1007.16,1
2026-09-13T00:56:33.556230+00:00,1789260993.5562303,D_rowsize_rep2,r3-sub,D05,load,16,1,100000,6,0,144238042,708450026,10687,27473,17860971399,7660892579,202167.757,,,1,1.0009777545928955,68.93260083293536,3324.749211188535,,11A/8C697FF0,11A/8C697FF0,0.008827,0.007981,1.0,36.7,0.0,6993226.3408261,0.0,15.984371207637187,12695.586831665834,6465814.020644506,1007.15,1
2026-09-13T00:56:34.557540+00:00,1789260994.5575407,D_rowsize_rep2,r3-sub,D05,load,16,1,100000,6,0,144238092,708452522,10687,27473,17860971399,7660901707,202170.874,,,1,1.0013103485107422,49.9345683127768,2492.7336501738178,,11A/8CCA7F18,11A/8CCA7F18,0.181688,0.180233,1.2,36.8,0.0,14759028.528947093,0.0,17.97644459259965,11238.273944473547,5955731.915554074,1007.15,1
2026-09-13T00:56:35.559519+00:00,1789260995.5594728,D_rowsize_rep2,r3-sub,D05,load,16,1,100000,6,0,144238125,708454134,10687,27473,17860971399,7660907604,202172.916,,,1,1.001932144165039,32.93636219995774,1608.8913898888447,,11A/8D339BA0,11A/8D339BA0,0.147706,0.145203,1.4,36.7,0.0,15166855.448742721,0.0,16.967216890887318,13186.521738964899,6355753.767443809,1007.14,1
2026-09-13T00:56:36.560490+00:00,1789260996.5604906,D_rowsize_rep2,r3-sub,D05,load,16,1,100000,6,0,144238223,708459126,10687,27473,17860971399,7660925864,202178.165,,,1,1.0010178089141846,97.90035614481397,4986.924264029707,,11A/8D9C7F38,11A/8D9C7F38,0.091038,0.089307,5.5,36.8,0.0,18233218.068116,0.0,101.89628904868393,13375.386412478716,6566454.603969491,1007.13,1
2026-09-13T00:56:37.562224+00:00,1789260997.5622241,D_rowsize_rep2,r3-sub,D05,load,16,1,100000,6,0,144238273,708461622,10687,27473,17860971399,7660934697,202181.014,,,1,1.0017335414886475,49.91347292384403,2491.6805683582943,,11A/8DFFFF88,11A/8DFFFF88,0.025871,0.024586,1.5,36.8,0.0,5724476.382689824,0.0,7.986155667815045,15280.510600905613,6155521.148704474,1007.13,1
2026-09-13T00:56:38.563388+00:00,1789260998.5633883,D_rowsize_rep2,r3-sub,D05,load,16,1,100000,6,0,144238338,708464898,10687,27473,17860971399,7660943570,202184.26,,,1,1.001164197921753,64.92441513083367,3272.1905225940163,,11A/8E5BB9C8,11A/8E5BB9C8,0.011952,0.010934,1.4,36.8,0.0,15444419.638753882,0.0,33.9604632992053,10376.919212218936,5552754.4947572,1007.12,1
2026-09-13T00:56:39.564363+00:00,1789260999.5643637,D_rowsize_rep2,r3-sub,D05,load,16,1,100000,6,0,144238404,708468226,10687,27473,17860971399,7660952596,202187.846,,,1,1.0009753704071045,65.93568828087876,3324.757130284311,,11A/8EBB1880,11A/8EBB1880,0.110439,0.108899,0.6,36.8,0.0,14649391.417129641,0.0,16.98343486022635,11283.993926250389,5860008.32129802,1007.12,1
2026-09-13T00:56:40.564650+00:00,1789261000.5646503,D_rowsize_rep2,r3-sub,D05,load,16,1,100000,6,0,144238422,708469058,10687,27473,17860971399,7660954852,202188.618,,,1,1.00028657913208,17.994843053495813,831.7616344726953,,11A/8F123920,11A/8F123920,0.096483,0.094437,1.0,36.8,0.0,5626291.622230072,0.0,6.9979945208039265,13078.252045879568,5270642.543834284,1007.11,1
2026-09-13T00:56:41.565026+00:00,1789261001.5650268,D_rowsize_rep2,r3-sub,D05,load,16,1,100000,6,0,144238504,708473218,10687,27473,17860971399,7660966122,202193.303,,,1,1.0003764629364014,81.9691416562378,4158.4345035359665,,11A/8F733AD0,11A/8F733AD0,0.105812,0.104731,0.2,36.7,0.0,14891545.884908611,0.0,17.99322621722293,12664.23238588874,6064862.803939957,1007.1,1
2026-09-13T00:56:42.566151+00:00,1789261002.566151,D_rowsize_rep2,r3-sub,D05,load,16,1,100000,6,0,144238586,708477378,10687,27473,17860971399,7660977454,202197.475,,,1,1.0011241436004639,81.90792373170972,4155.328813706249,,11A/8FC24760,11A/8FC23DA8,0.000464,0.000129,1.8,36.8,0.0,87911926.37056607,0.0,436.509300862892,11084.539385985156,5455209.56108272,1007.1,1
2026-09-13T00:56:43.567315+00:00,1789261003.567316,D_rowsize_rep2,r3-sub,D05,load,16,1,100000,6,0,144238620,708479042,10687,27473,17860971399,7660981960,202199.004,,,1,1.0011651515960693,33.96043094967578,1662.063444125309,,11A/902B9F20,11A/902B9F20,0.014982,0.014551,0.6,36.8,0.0,143360898.81992602,0.0,501.4157746099189,12010.0065217324,5855804.100506026,1007.09,1
2026-09-13T00:56:44.567826+00:00,1789261004.5678267,D_rowsize_rep2,r3-sub,D05,load,16,1,100000,6,0,144238693,708482370,10700,27473,17860971399,7661071157,202202.909,,,1,1.0005106925964355,72.96273846964789,3326.301282561482,,11A/907C5CC0,11A/907C5CC0,0.193317,0.191441,1.4,36.8,0.0,75778260.6033391,0.0,290.8514643105142,9097.354048640207,5051213.382722427,1007.09,1
2026-09-13T00:56:45.568251+00:00,1789261005.5682514,D_rowsize_rep2,r3-sub,D05,load,16,1,100000,6,0,144238760,708485750,10700,27473,17860971399,7661080332,202206.284,,,1,1.0004246234893799,66.9715623015263,3378.565381778491,,11A/90E6BD70,11A/90E6BD70,0.113721,0.112459,0.2,36.8,0.0,15304349.413749244,0.0,20.99108669152317,12594.652014913901,6469441.922996317,1007.08,1
2026-09-13T00:56:46.568521+00:00,1789261006.5685215,D_rowsize_rep2,r3-sub,D05,load,16,1,100000,6,0,144238827,708489130,10700,27473,17860971399,7661089492,202210.146,,,1,1.000270128250122,66.98190629486272,3379.08721308412,,11A/914E9B50,11A/914E9B50,0.052454,0.051196,2.1,36.8,0.0,15216625.559564833,0.0,18.99486894928943,12431.641862337583,6366219.304319431,1007.08,1
2026-09-13T00:56:47.568994+00:00,1789261007.5689945,D_rowsize_rep2,r3-sub,D05,load,16,1,100000,6,0,144238892,708492406,10700,27473,17860971399,7661098370,202213.505,,,1,1.0004730224609375,64.96926807692894,3274.4511110772187,,11A/91B97E40,11A/91B97E40,0.003947,0.002918,0.2,36.8,0.0,14009885.009715253,0.0,16.991962420119876,12573.052663687526,6465888.489514543,1007.07,1
2026-09-13T00:56:48.570213+00:00,1789261008.5702133,D_rowsize_rep2,r3-sub,D05,load,16,1,100000,6,0,144238942,708494902,10700,27473,17860971399,7661105136,202215.978,,,1,1.0012187957763672,49.93913439392525,2492.9615889447487,,11A/9210BC40,11A/9210BC40,0.008960,0.006746,1.0,36.8,0.0,6885176.37611325,0.0,16.979305693934585,11053.528006751414,5454795.718017934,1007.07,1
2026-09-13T00:56:49.571864+00:00,1789261009.5718648,D_rowsize_rep2,r3-sub,D05,load,16,1,100000,6,0,144239008,708498230,10700,27473,17860971399,7661114153,202220.0,,,1,1.0016515254974365,65.89117903776298,3322.512785419321,,11A/92703E48,11A/92703E48,0.150178,0.147564,1.0,36.8,0.0,15089319.603935132,0.0,16.971970358211678,11977.219316909734,5853073.499876584,1007.06,1
2026-09-13T00:56:50.572510+00:00,1789261010.57251,D_rowsize_rep2,r3-sub,D05,load,16,1,100000,6,0,144239074,708501558,10700,27473,17860971399,7661123171,202223.597,,,1,1.0006451606750488,65.95744684906636,3325.854289601407,,11A/92D97A78,11A/92D97A78,0.057464,0.056154,6.4,36.8,0.0,15309163.12998063,0.0,17.988394595199917,11956.286274276212,6464717.2186752,1007.05,1
2026-09-13T00:56:51.573362+00:00,1789261011.5733619,D_rowsize_rep2,r3-sub,D05,load,16,1,100000,6,0,144239140,708504886,10700,27473,17860971399,7661132191,202227.024,,,1,1.0008518695831299,65.94382446174578,3325.167391040757,,11A/93323980,11A/93323980,0.040668,0.039441,0.4,36.8,0.0,5864572.149367883,0.0,10.990637410290963,11363.319933385375,5456905.4282476595,1007.05,1
2026-09-13T00:56:52.574917+00:00,1789261012.5749178,D_rowsize_rep2,r3-sub,D05,load,16,1,100000,6,0,144239189,708507330,10700,27473,17860971399,7661138817,202229.335,,,1,1.0015559196472168,48.92387837641609,2440.203239835937,,11A/938FFF28,11A/938FFF28,0.131891,0.130547,1.0,36.8,0.0,14534569.377941025,0.0,13.97825096469031,13812.508846108984,5752667.311905504,1007.04,1
2026-09-13T00:56:53.575059+00:00,1789261013.5750597,D_rowsize_rep2,r3-sub,D05,load,16,1,100000,6,0,144239255,708510658,10700,27473,17860971399,7661147836,202232.656,,,1,1.0001418590545654,65.99063863039372,3327.5279600295503,,11A/93F93DB0,11A/93F93DB0,0.007130,0.006124,0.6,36.8,0.0,14247962.797468068,0.0,18.99730506026486,12214.267295589238,6367003.782862948,1007.04,1
2026-09-13T00:56:54.576060+00:00,1789261014.5760598,D_rowsize_rep2,r3-sub,D05,load,16,1,100000,6,0,144239303,708513050,10700,27473,17860971399,7661154322,202235.157,,,1,1.001000165939331,47.95204000286769,2389.60999347624,,11A/9447F9F8,11A/9447F9F8,0.197032,0.193137,1.4,36.8,0.0,14665396.170263706,0.0,15.98401333428923,9080.91757554307,4951041.137290255,1007.03,1
2026-09-13T00:56:55.576128+00:00,1789261015.5761285,D_rowsize_rep2,r3-sub,D05,load,16,1,100000,6,0,144239371,708516482,10700,27473,17860971399,7661163619,202239.078,,,1,1.0000686645507812,67.99533113113266,3431.764359441872,,11A/94B4DF40,11A/94B4DF40,0.122141,0.121056,0.8,36.8,0.0,6921764.7201348785,0.0,10.99924474180087,15300.949367185176,6484698.731074679,1007.03,1
2026-09-13T00:56:56.576553+00:00,1789261016.5765538,D_rowsize_rep2,r3-sub,D05,load,16,1,100000,6,0,144239437,708519810,10700,27473,17860971399,7661172637,202242.343,,,1,1.0004253387451172,65.97193957800694,3326.5850744788954,,11A/951C9FE8,11A/951C9FE8,0.060918,0.059368,1.5,36.8,0.0,15623690.639029495,0.0,21.990646526002315,13608.211900227068,6670747.672555962,1007.02,1
2026-09-13T00:56:57.577847+00:00,1789261017.5778477,D_rowsize_rep2,r3-sub,D05,load,16,1,100000,6,0,144239504,708523190,10700,27473,17860971399,7661181799,202246.261,,,1,1.0012938976287842,66.91342088338514,3375.632277400624,,11A/95753FC0,11A/95753FC0,0.061381,0.060257,1.0,36.8,0.0,14104757.887215158,0.0,14.980616615683243,10726.121496829202,5353526.085292606,1007.01,1
2026-09-13T00:56:58.578685+00:00,1789261018.5786855,D_rowsize_rep2,r3-sub,D05,load,16,1,100000,6,0,144239568,708526414,10700,27473,17860971399,7661190537,202249.693,,,1,1.000837802886963,63.94642550010506,3221.301184567792,,11A/95DCDD40,11A/95DCDD40,0.025652,0.024353,1.4,36.8,0.0,17794499.716765232,0.0,109.90791882830557,12361.643379489058,6362397.564952077,1007.01,1
2026-09-13T00:56:59.580116+00:00,1789261019.5801163,D_rowsize_rep2,r3-sub,D05,load,16,1,100000,6,0,144239619,708528962,10700,27473,17860971399,7661197441,202252.409,,,1,1.0014307498931885,50.92713600559959,2544.3596576915247,,11A/963DFEB8,11A/963DFEB8,0.169664,0.167092,0.0,36.8,0.0,7026874.300345332,0.0,9.98571294227443,10988.278521678783,5854151.173833329,1007.0,1
2026-09-13T00:57:00.581105+00:00,1789261020.581106,D_rowsize_rep2,r3-sub,D05,load,16,1,100000,6,0,144239653,708530626,10700,27473,17860971399,7661201958,202254.183,,,1,1.0009896755218506,33.96638430089164,1662.3548081377555,,11A/96A9DC00,11A/96A9DC00,0.105824,0.104807,0.8,36.8,0.0,15320261.911797553,0.0,16.98319215044582,13106.029283629336,6465740.015376132,1007.0,1
2026-09-13T00:57:01.581253+00:00,1789261021.581254,D_rowsize_rep2,r3-sub,D05,load,16,1,100000,6,0,144239703,708533122,10700,27473,17860971399,7661208722,202256.952,,4300,1,1.000148057937622,49.99259819901428,2495.630502094793,1775,11A/97133940,11A/97133940,0.024393,0.023878,0.2,36.8,0.0,15107907.15442493,0.0,16.997483387664857,13200.045628467731,6266225.23561494,1006.99,1
2026-09-13T00:57:02.582601+00:00,1789261022.5826013,D_rowsize_rep2,r3-sub,D05,load,16,1,100000,6,0,144239801,708538114,10700,27473,17860971399,7661222250,202262.116,,,1,1.001347303390503,97.86814192056819,4985.283310892617,,11A/97623FE0,11A/97623FE0,0.199503,0.198328,6.2,36.8,0.0,5432169.219992119,0.0,6.990581565754871,10375.021698089622,5349837.146274187,1006.98,1
2026-09-13T00:57:03.583754+00:00,1789261023.583754,D_rowsize_rep2,r3-sub,D05,load,16,1,100000,6,0,144239870,708541442,10700,27473,17860971399,7661231443,202265.548,,,1,1.001152753829956,68.92055157021476,3324.16805254601,,11A/97CB7ED0,11A/97CB7ED0,0.092427,0.091242,0.4,36.8,0.0,15350496.656187851,0.0,19.976971469627465,13999.861605914926,6162179.523952886,1006.98,1
2026-09-13T00:57:04.584896+00:00,1789261024.5848968,D_rowsize_rep2,r3-sub,D05,load,16,1,100000,6,0,144239937,708544822,10700,27473,17860971399,7661240603,202269.47,,,1,1.0011427402496338,66.92352379571132,3376.1419467090186,,11A/98245BE0,11A/98245BE0,0.012496,0.011277,1.2,36.8,0.0,14225535.907545837,0.0,17.979454154071696,10347.175865668261,5451980.8020972125,1006.97,1
2026-09-13T00:57:05.586165+00:00,1789261025.5861654,D_rowsize_rep2,r3-sub,D05,load,16,1,100000,6,0,144239985,708547214,10700,27473,17860971399,7661247088,202272.167,,,1,1.0012686252593994,47.939183141351904,2388.969293210703,,11A/9883FA10,11A/9883FA10,0.063464,0.062921,0.4,36.8,0.0,14661464.096307646,0.0,13.982261749560973,10921.14515938923,5855090.084822335,1006.97,1
2026-09-13T00:57:06.587307+00:00,1789261026.587307,D_rowsize_rep2,r3-sub,D05,load,16,1,100000,6,0,144240036,708549762,10700,27473,17860971399,7661253992,202274.695,,,1,1.0011415481567383,50.94184742796776,2545.094651891409,,11A/98DCDFE8,11A/98DCDFE8,0.005067,0.003864,0.6,36.8,0.0,5187805.869771846,0.0,7.990878027916511,10613.883740580106,5455045.802519212,1006.96,1
2026-09-13T00:57:07.588198+00:00,1789261027.5881987,D_rowsize_rep2,r3-sub,D05,load,16,1,100000,6,0,144240102,708553090,10700,27473,17860971399,7661263012,202278.27,,,1,1.0008916854858398,65.94120118798183,3325.0351144485385,,11A/993C3FD0,11A/993C3FD0,0.053209,0.051758,0.4,36.8,0.0,15313577.105558684,0.0,15.98574574254105,13818.67808531783,5857626.83916605,1006.96,1
2026-09-13T00:57:08.589807+00:00,1789261028.5898073,D_rowsize_rep2,r3-sub,D05,load,16,1,100000,6,0,144240152,708555586,10700,27473,17860971399,7661269774,202280.949,,,1,1.0016086101531982,49.91969866588147,2491.991357400803,,11A/9994FA08,11A/9994FA08,0.051067,0.050017,0.8,36.8,0.0,14509268.243787566,0.0,33.945395092799394,11112.124923025214,5449477.91449711,1006.95,1
2026-09-13T00:57:09.589943+00:00,1789261029.589943,D_rowsize_rep2,r3-sub,D05,load,16,1,100000,6,0,144240218,708558914,10700,27473,17860971399,7661278794,202284.727,,,1,1.0001356601715088,65.99104764315868,3327.548584188365,,11A/99F45FC8,11A/99F45FC8,0.177090,0.176302,0.6,36.8,69622.55499224887,14669881.881307969,2.999593074689031,15.997829731674832,12182.347340670385,5865074.343008716,1006.95,1
2026-09-13T00:57:10.591030+00:00,1789261030.5910308,D_rowsize_rep2,r3-sub,D05,load,16,1,100000,6,0,144240286,708562346,10700,27473,17860971399,7661288093,202288.111,,,1,1.0010879039764404,67.92610292252648,3428.2703710310425,,11A/9A5F3AB0,11A/9A5F3AB0,0.107382,0.106143,1.8,36.8,0.0,7033372.366234987,0.0,12.985872617541828,15342.309040986533,6579012.665959651,1006.94,1
2026-09-13T00:57:11.592227+00:00,1789261031.592227,D_rowsize_rep2,r3-sub,D05,load,16,1,100000,6,0,144240351,708565622,10700,27473,17860971399,7661296974,202291.763,,,1,1.0011961460113525,64.92234339789695,3272.086107254006,,11A/9AC8DF78,11A/9AC8DF78,0.045569,0.044041,1.4,36.8,0.0,15317102.508928467,0.0,19.976105660891367,13648.674192804026,6463741.421480282,1006.93,1
2026-09-13T00:57:12.594009+00:00,1789261032.5940092,D_rowsize_rep2,r3-sub,D05,load,16,1,100000,6,0,144240413,708568742,10700,27473,17860971399,7661305434,202295.282,,,1,1.0017821788787842,61.88970148120594,3114.449493892944,,11A/9B1FFA28,11A/9B1FFA28,0.057602,0.056224,0.8,36.8,0.0,13484576.073332747,0.0,16.969756857750014,10915.54654349979,5350749.008132032,1006.93,1
2026-09-13T00:57:13.595722+00:00,1789261033.595723,D_rowsize_rep2,r3-sub,D05,load,16,1,100000,6,0,144240466,708571394,10700,27473,17860971399,7661312618,202298.318,,,1,1.001713752746582,52.90932649639699,2647.462903178204,,11A/9B7F5BC8,11A/9B7F5BC8,0.183792,0.181444,0.4,36.8,0.0,6918575.272624106,0.0,11.979470150127622,11455.368331059537,5852513.239361636,1006.92,1
2026-09-13T00:57:14.595915+00:00,1789261034.5959158,D_rowsize_rep2,r3-sub,D05,load,16,1,100000,6,0,144240532,708574722,10700,27473,17860971399,7661321636,202302.309,,,1,1.0001928806304932,65.98727233330783,3327.358217049219,,11A/9BE87940,11A/9BE87940,0.075502,0.073977,3.9,36.8,0.0,15369323.555182423,0.0,18.99633597474013,13203.453309600956,6467662.513176641,1006.92,1
2026-09-13T00:57:15.597081+00:00,1789261035.597082,D_rowsize_rep2,r3-sub,D05,load,16,1,100000,6,0,144240598,708578050,10700,27473,17860971399,7661330654,202306.054,,,1,1.0011661052703857,65.92312669452122,3324.123721808585,,11A/9C4159F8,11A/9C4159F8,0.032157,0.031301,1.0,36.8,4091.2291960721045,14233386.373134851,0.9988352529472911,19.97670505894582,14892.63362144411,5460303.711064621,1006.91,1
2026-09-13T00:57:16.598092+00:00,1789261036.5980923,D_rowsize_rep2,r3-sub,D05,load,16,1,100000,6,0,144240616,708578882,10700,27473,17860971399,7661332910,202306.878,,,1,1.0010104179382324,17.98183083556149,831.160180843731,,11A/9CA0DFB0,11A/9CA0DFB0,0.096544,0.092251,1.4,36.8,0.0,14665245.972400896,0.0,12.986877825683298,12035.838772602488,5856523.463636663,1006.91,1
2026-09-13T00:57:17.598136+00:00,1789261037.598136,D_rowsize_rep2,r3-sub,D05,load,16,1,100000,6,0,144240698,708583042,10700,27473,17860971399,7661344189,202311.374,,,1,1.0000436305999756,81.9964224468928,4159.818504622854,,11A/9CF9B810,11A/9CF9B810,0.030981,0.030202,0.6,36.8,0.0,5357334.256292128,0.0,6.999694599124994,11474.499360708473,5458037.862533368,1006.9,1
2026-09-13T00:57:18.599047+00:00,1789261038.5990477,D_rowsize_rep2,r3-sub,D05,load,16,1,100000,6,0,144240768,708586526,10700,27473,17860971399,7661353631,202315.147,,,1,1.0009117126464844,69.93623824714254,3480.8264864720654,,11A/A0FFE298,11A/A0FFE298,0.095297,0.095050,0.6,36.8,0.0,14826290.683283597,0.0,15.98542588506115,13859.364242348018,6165793.5680284165,1006.89,1
2026-09-13T00:57:19.600785+00:00,1789261039.6007857,D_rowsize_rep2,r3-sub,D05,load,16,1,100000,6,0,144240834,708589906,10700,27473,17860971399,7661362791,202318.35,,,1,1.0017380714416504,65.88548631781177,3374.1355114273297,,11A/A88C0A70,11A/A88C0A70,0.003089,0.002820,0.4,36.8,0.0,15832194.514855076,0.0,23.95835866102246,14497.801784751216,6459986.082676241,1006.89,1
2026-09-13T00:57:20.601782+00:00,1789261040.601782,D_rowsize_rep2,r3-sub,D05,load,16,1,100000,6,0,144240867,708591518,10700,27473,17860971399,7661367157,202320.393,,,1,1.0009963512420654,32.96715313602556,1610.3954804628243,,11A/AD43DAB0,11A/AD43DAB0,0.006059,0.003559,1.4,36.8,0.0,6293377.585425974,0.0,9.99004640485623,12179.864576800715,5958840.901466553,1006.88,1
2026-09-13T00:57:21.602131+00:00,1789261041.6021316,D_rowsize_rep2,r3-sub,D05,load,16,1,100000,6,0,144240963,708596406,10700,27473,17860971399,7661380407,202325.662,,,1,1.000349521636963,95.96645764662982,4886.292135174235,,11A/AD9FFA90,11A/AD9FFA90,0.007614,0.006781,0.4,36.8,0.0,17463336.186149385,0.0,107.96226485245855,10952.171978921628,5661593.150694151,1006.88,1
2026-09-13T00:57:22.604096+00:00,1789261042.6040964,D_rowsize_rep2,r3-sub,D05,load,16,1,100000,6,0,144240995,708597966,10700,27473,17860971399,7661384632,202327.173,,,1,1.001964807510376,31.937249452415145,1556.9409108052382,,11A/ADE35A48,11A/ADE35A48,0.164531,0.163126,1.2,36.8,0.0,12828043.364054875,0.0,14.970585680819598,10896.590297545892,4137399.8057881594,1006.87,1
2026-09-13T00:57:23.605132+00:00,1789261043.605132,D_rowsize_rep2,r3-sub,D05,load,16,1,100000,6,0,144241049,708600670,10700,27473,17860971399,7661391958,202329.869,,,1,1.0010356903076172,53.944130586798416,2701.202390864869,,11A/AE2BBDE0,11A/AE2BBDE0,0.023421,0.021518,0.2,36.8,0.0,4770994.72700355,0.0,8.99068843113307,8148.560614750272,4442952.477182179,1006.87,1
2026-09-13T00:57:24.605692+00:00,1789261044.6056929,D_rowsize_rep2,r3-sub,D05,load,16,1,100000,6,0,144241083,708602334,10700,27473,17860971399,7661396470,202331.564,,,1,1.0005607604980469,33.98094482845389,1663.0674174866847,,11A/AE581910,11A/AE581910,0.054928,0.054098,0.4,36.8,0.0,11384591.970536541,0.0,16.990472414226947,5969.652454716326,2730912.6120835254,1006.86,1
2026-09-13T00:57:25.605841+00:00,1789261045.6058419,D_rowsize_rep2,r3-sub,D05,load,16,1,100000,6,0,144241114,708603842,10700,27473,17860971399,7661400556,202333.001,,,1,1.0001490116119385,30.995381328265626,1507.7753239685344,,11A/AE87DEE0,11A/AE87DEE0,0.157980,0.157393,0.2,36.8,0.0,11303275.680670638,0.0,10.998361116481352,9435.593986930411,2947293.818997175,1006.86,1
2026-09-13T00:57:26.605977+00:00,1789261046.605977,D_rowsize_rep2,r3-sub,D05,load,16,1,100000,6,0,144241136,708604882,10700,27473,17860971399,7661403374,202333.984,,,1,1.0001351833343506,21.99702636862969,1039.8594283352218,,11A/AEA71C00,11A/AEA71C00,0.152045,0.151229,0.6,36.8,0.0,10664542.33160829,0.0,10.998513184314845,3974.46271887741,1923034.0378466942,1006.86,1
2026-09-13T00:57:27.606810+00:00,1789261047.6068106,D_rowsize_rep2,r3-sub,D05,load,16,1,100000,6,0,144241154,708605714,10700,27473,17860971399,7661405628,202335.293,,,1,1.000833511352539,17.98500929058078,831.3070960979561,,11A/AED1DFC8,11A/AED1DFC8,0.137852,0.135069,0.4,36.8,0.0,2807515.903621897,0.0,4.995835914050216,5827.143010148173,2629426.3432922005,1006.86,1
2026-09-13T00:57:28.606974+00:00,1789261048.6069746,D_rowsize_rep2,r3-sub,D05,load,16,1,100000,6,0,144241174,708606650,10700,27473,17860971399,7661408166,202336.3,,,1,1.0001640319824219,19.99671989839313,935.8464912447986,,11A/AEE3DD90,11A/AEE3DD90,0.125734,0.123506,7.2,36.8,0.0,8551045.355078626,0.0,10.998195944116222,2603.5729307707857,1112235.5577965346,1006.86,1
2026-09-13T00:57:29.607474+00:00,1789261049.607474,D_rowsize_rep2,r3-sub,D05,load,16,1,100000,6,0,144241192,708607482,10700,27473,17860971399,7661410420,202337.07,,,1,1.0004994869232178,17.991013723909475,831.5846343495936,,11A/AEF93D80,11A/AEF93D80,0.116312,0.115589,0.6,36.8,0.0,9968780.724387743,0.0,20.98951601122772,3001.500789605564,1313926.710789894,1006.86,1
2026-09-13T00:57:30.608752+00:00,1789261050.608753,D_rowsize_rep2,r3-sub,D05,load,16,1,100000,6,0,144241209,708608262,10700,27473,17860971399,7661412532,202338.142,,,1,1.0012788772583008,16.97828685505616,779.0037498202239,,11A/AF103930,11A/AF103930,0.156934,0.156388,1.4,36.8,0.0,1521765.8482641962,0.0,5.992336537078645,3214.8885521426932,1416963.8771217153,1006.85,1
2026-09-13T00:57:31.609892+00:00,1789261051.6098921,D_rowsize_rep2,r3-sub,D05,load,16,1,100000,6,0,144241226,708609042,10700,27473,17860971399,7661414644,202338.871,,5700,1,1.0011391639709473,16.98065624819901,779.1124631526606,1400,11A/AF2A9F58,11A/AF2A9F58,0.145954,0.144948,0.6,36.7,0.0,10105608.055398775,0.0,11.986345586964008,3284.2586908281382,1615929.1916852302,1006.85,1
2026-09-13T00:57:32.611039+00:00,1789261052.6110392,D_rowsize_rep2,r3-sub,D05,load,16,1,100000,6,0,144241246,708609978,10700,27473,17860971399,7661417184,202339.751,,,1,1.0011470317840576,19.977085647809123,934.9276083174669,,11A/AF4D1948,11A/AF4D1948,0.131739,0.130892,0.6,36.7,0.0,2160210.170274451,0.0,4.994271411952281,3517.9647825791862,2019632.4174251002,1006.85,1
2026-09-13T00:57:33.612177+00:00,1789261053.6121774,D_rowsize_rep2,r3-sub,D05,load,16,1,100000,6,0,144241272,708611070,10700,27473,17860971399,7661420292,202340.833,,,1,1.0011382102966309,25.97044017758184,1090.7584874584372,,11A/AF749C00,11A/AF749C00,0.115277,0.113762,0.0,36.7,0.0,11079357.361371234,0.0,10.987493921284624,4869.457533296595,2527611.047080335,1006.85,1
2026-09-13T00:57:34.613173+00:00,1789261054.6131732,D_rowsize_rep2,r3-sub,D05,load,16,1,100000,6,0,144241312,708613046,10700,27473,17860971399,7661425644,202342.939,,,1,1.0009958744049072,39.96020465496926,1974.0341099554814,,11A/AFA79AE0,11A/AFA5DC30,0.000402,-0.000135,2.3,36.7,0.0,3273539.965335082,0.0,8.991046047368084,7273.75625232078,3231445.8857515375,1006.85,1
2026-09-13T00:57:35.613672+00:00,1789261055.6136723,D_rowsize_rep2,r3-sub,D05,load,16,1,100000,6,0,144241332,708613982,10700,27473,17860971399,7661428183,202343.835,,,1,1.0004990100860596,19.990024776016188,935.5331595175576,,11A/AFE13B18,11A/AFE13B18,0.005245,0.004745,0.6,36.7,0.0,8982141.820637085,0.0,11.994014865609712,6362.824886205953,3334324.1386246346,1006.84,1
2026-09-13T00:57:36.614817+00:00,1789261056.6148171,D_rowsize_rep2,r3-sub,D05,load,16,1,100000,6,0,144241380,708616374,10700,27473,17860971399,7661434665,202346.09,,,1,1.0011448860168457,47.94510831591296,2389.2645644096624,,11A/B031B998,11A/B031B998,0.048474,0.047312,0.8,36.7,0.0,7536203.9055284625,0.0,10.987420655730054,10137.393839545846,5051321.812290521,1006.84,1
2026-09-13T00:57:37.615501+00:00,1789261057.6155012,D_rowsize_rep2,r3-sub,D05,load,16,1,100000,6,0,144241444,708619598,10700,27473,17860971399,7661443401,202349.282,,,1,1.0006840229034424,63.956252458500046,3221.7962175969396,,11A/B0911AE0,11A/B0911AE0,0.048166,0.047723,0.2,36.8,0.0,5198364.199826883,0.0,8.993848001976568,13527.746711417423,5757795.535980051,1006.83,1
2026-09-13T00:57:38.615955+00:00,1789261058.6159554,D_rowsize_rep2,r3-sub,D05,load,16,1,100000,6,0,144241481,708621418,10700,27473,17860971399,7661448333,202351.625,,,1,1.0004541873931885,36.98320269557593,1819.1737542148162,,11A/B0FFFD38,11A/B0FFFD38,0.021876,0.020364,1.6,36.8,0.0,8163716.143046259,0.0,22.989558432385042,10870.062954442927,6970862.92194121,1006.82,1
2026-09-13T00:57:39.616224+00:00,1789261059.6162248,D_rowsize_rep2,r3-sub,D05,load,16,1,100000,6,0,144241563,708625578,10700,27473,17860971399,7661459609,202356.228,,,1,1.0002694129943848,81.97791408469303,4158.879543808817,,11A/B1725F58,11A/B1725F58,0.038194,0.034229,1.0,36.8,0.0,11969383.2926062,0.0,23.99353582966625,12431.650751745827,6975517.704887742,1006.82,1
2026-09-13T00:57:40.617250+00:00,1789261060.6172504,D_rowsize_rep2,r3-sub,D05,load,16,1,100000,6,0,144241646,708629738,10700,27473,17860971399,7661470879,202361.062,,,1,1.001025676727295,82.91495605922537,4155.737556703344,,11A/B1F95F58,11A/B1F95F58,0.004993,0.003747,7.0,36.8,0.0,16383579.743547263,0.0,20.978482858358227,18534.989093046595,8194691.895235704,1006.81,1
2026-09-13T00:57:41.617624+00:00,1789261061.6176248,D_rowsize_rep2,r3-sub,D05,load,16,1,100000,6,0,144241721,708633586,10700,27473,17860971399,7661481310,202365.283,,,1,1.0003743171691895,74.97193671687948,3846.5601664873634,,11A/B2691808,11A/B2691808,0.160791,0.158971,0.8,36.8,0.0,8246257.284316926,0.0,15.994013166267624,14853.440102348164,6974125.465098333,1006.8,1
2026-09-13T00:57:42.618720+00:00,1789261062.6187203,D_rowsize_rep2,r3-sub,D05,load,16,1,100000,6,0,144241808,708638006,10700,27473,17860971399,7661493341,202369.799,,,1,1.0010955333709717,86.90479289928146,4415.163041549701,,11A/B2ECBA78,11A/B2ECBA78,0.083340,0.082044,2.5,36.8,0.0,20461679.547229882,0.0,24.972641637724557,16119.340724318447,7878287.073604771,1006.79,1
2026-09-13T00:57:43.619716+00:00,1789261063.619717,D_rowsize_rep2,r3-sub,D05,load,16,1,100000,6,0,144241898,708642218,10713,27473,17860971399,7661586062,202374.126,,,1,1.0009965896606445,89.91039622873399,4207.806543504751,,11A/B3631FD8,11A/B3631FD8,0.026017,0.024453,0.4,36.8,0.0,18593693.71708836,0.0,78.92134780077761,13744.302570165803,7472161.32128454,1006.79,1
2026-09-13T00:57:44.621008+00:00,1789261064.6210082,D_rowsize_rep2,r3-sub,D05,load,16,1,100000,6,0,144241964,708645546,10713,27473,17860971399,7661595104,202377.775,,,1,1.001291275024414,65.91488575428838,3323.7081786404806,,11A/B3CDFD48,11A/B3CDFD48,0.028625,0.027254,1.2,36.8,0.0,13114841.133195546,0.0,21.971628584762794,12844.414328574287,6561527.263722343,1006.78,1
2026-09-13T00:57:45.622351+00:00,1789261065.622315,D_rowsize_rep2,r3-sub,D05,load,16,1,100000,6,0,144242045,708649654,10713,27473,17860971399,7661606239,202382.205,,,1,1.0013067722320557,80.8942895886337,4102.63878555688,,11A/B4375D60,11A/B4375D60,0.043688,0.042577,1.0,36.8,0.0,6680038.710903535,0.0,10.985644265123096,13937.78648764163,7170411.904830366,1006.78,1
2026-09-13T00:57:46.623061+00:00,1789261066.6230125,D_rowsize_rep2,r3-sub,D05,load,16,1,100000,6,0,144242112,708653034,10713,27473,17860971399,7661615397,202385.486,,,1,1.0006976127624512,66.95329252864389,3377.64371263905,,11A/B4A09E08,11A/B4A09E08,0.043216,0.042178,3.9,36.8,0.0,16061499.293109026,0.0,18.986754597675134,12450.314501707078,6363542.711390131,1006.77,1
2026-09-13T00:57:47.624845+00:00,1789261067.6248455,D_rowsize_rep2,r3-sub,D05,load,16,1,100000,6,0,144242178,708656362,10713,27473,17860971399,7661624415,202389.491,,,1,1.0018329620361328,65.87924584339999,3321.911063133866,,11A/B5083E50,11A/B5083E50,0.046232,0.045227,1.0,36.8,0.0,15192888.013052857,0.0,18.965237439766664,11591.752757263697,5750968.692715265,1006.76,1
2026-09-13T00:57:48.626612+00:00,1789261068.6266124,D_rowsize_rep2,r3-sub,D05,load,16,1,100000,6,0,144242227,708658806,10713,27473,17860971399,7661631043,202392.029,,,1,1.0017669200897217,48.91357362410349,2439.689264026713,,11A/B56879D0,11A/B56879D0,0.189107,0.187916,1.6,36.8,0.0,6370312.167453527,0.0,7.985889571282202,12688.58029257101,5956143.969562905,1006.76,1
2026-09-13T00:57:49.627145+00:00,1789261069.6271458,D_rowsize_rep2,r3-sub,D05,load,16,1,100000,6,0,144242293,708662134,10713,27473,17860971399,7661640059,202395.493,,,1,1.0005333423614502,65.9648181681056,3326.2259827796274,,11A/B5D0DC80,11A/B5D0DC80,0.112920,0.111597,0.8,36.8,0.0,15269935.896329857,0.0,21.988272722701865,12524.320249462593,6364633.471354622,1006.75,1
2026-09-13T00:57:50.628243+00:00,1789261070.6282437,D_rowsize_rep2,r3-sub,D05,load,16,1,100000,6,0,144242358,708665410,10713,27473,17860971399,7661648936,202399.21,,,1,1.0010979175567627,64.92871362537268,3272.407166718783,,11A/B6306300,11A/B6281FB0,0.000686,-0.000210,0.8,36.8,0.0,14115702.122813331,0.0,15.982452584707122,11851.987494846875,6259840.211529233,1006.75,1
2026-09-13T00:57:51.629427+00:00,1789261071.6294277,D_rowsize_rep2,r3-sub,D05,load,16,1,100000,6,0,144242408,708667906,10713,27473,17860971399,7661655700,202402.197,,,1,1.0011839866638184,49.940870675141156,2493.0482641030467,,11A/B6879EA0,11A/B6879EA0,0.145837,0.144535,0.4,36.8,0.0,14531786.558513265,0.0,15.98107861604517,9831.359801108289,4849283.512991544,1006.74,1
2026-09-13T00:57:52.630257+00:00,1789261072.6302574,D_rowsize_rep2,r3-sub,D05,load,16,1,100000,6,0,144242473,708671182,10713,27473,17860971399,7661664579,202405.982,,,1,1.0008296966552734,64.94611442608768,3273.2841670748185,,11A/B6E03C30,11A/B6E03C30,0.061952,0.059108,3.7,36.9,0.0,5864702.076303116,0.0,8.992538920535216,13076.150761449375,5554893.123754819,1006.74,1
2026-09-13T00:57:53.631718+00:00,1789261073.6317189,D_rowsize_rep2,r3-sub,D05,load,16,1,100000,6,0,144242525,708673782,10713,27473,17860971399,7661671627,202409.136,,,1,1.0014615058898926,51.92411260360239,2596.2056301801194,,11A/B73F9D20,11A/B73F9D20,0.078174,0.076634,0.4,36.8,0.0,14764980.893460058,0.0,14.978109404885304,11739.842151549103,5854219.024415096,1006.73,1
2026-09-13T00:57:54.633038+00:00,1789261074.6330388,D_rowsize_rep2,r3-sub,D05,load,16,1,100000,6,0,144242589,708677006,10713,27473,17860971399,7661680367,202412.596,,,1,1.0013198852539062,63.91563869099775,3219.750299059012,,11A/B7987FE8,11A/B7987FE8,0.049193,0.047766,0.8,36.8,0.0,14439821.093070213,0.0,21.971000800030478,10528.104110632787,5454195.088330984,1006.73,1
2026-09-13T00:57:55.634032+00:00,1789261075.634032,D_rowsize_rep2,r3-sub,D05,load,16,1,100000,6,0,144242607,708677838,10713,27473,17860971399,7661682619,202413.365,,,1,1.000993251800537,17.98213920785429,831.1744344963761,,11A/B7F7FA20,11A/B7F7FA20,0.160733,0.158385,0.2,36.8,0.0,14563199.076295888,0.0,14.985116006545242,13806.286880697016,5771998.951648577,1006.72,1
2026-09-13T00:57:56.635204+00:00,1789261076.6352048,D_rowsize_rep2,r3-sub,D05,load,16,1,100000,6,0,144242706,708682882,10713,27473,17860971399,7661696292,202418.662,,,1,1.0011727809906006,98.88403068853452,5038.091422151193,,11A/B86158D0,11A/B86158D0,0.069462,0.068454,1.2,36.8,0.0,5948607.586102476,0.0,8.98945733532132,13415.26683007785,6463845.325076568,1006.71,1
2026-09-13T00:57:57.636462+00:00,1789261077.6364627,D_rowsize_rep2,r3-sub,D05,load,16,1,100000,6,0,144242774,708686314,10713,27473,17860971399,7661705598,202423.108,,,1,1.0012578964233398,67.91457050466951,3427.688323118026,,11A/B8BBBC48,11A/B8BBBC48,0.020283,0.018106,0.2,36.8,0.0,15397974.942393286,0.0,16.978642626167378,11325.753375337534,5656452.768293972,1006.71,1
2026-09-13T00:57:58.637614+00:00,1789261078.637614,D_rowsize_rep2,r3-sub,D05,load,16,1,100000,6,0,144242823,708688758,10713,27473,17860971399,7661712216,202425.63,,,1,1.0011513233184814,48.943650034423776,2441.1894017169734,,11A/B91B1930,11A/B91B1930,0.149166,0.147399,1.2,36.8,0.0,14679547.095124636,0.0,17.979300012645467,10748.624857559882,5855721.171668532,1006.7,1
2026-09-13T00:57:59.638730+00:00,1789261079.6387308,D_rowsize_rep2,r3-sub,D05,load,16,1,100000,6,0,144242889,708692086,10713,27473,17860971399,7661721236,202429.486,,,1,1.0011167526245117,65.92637654596774,3324.2875931057674,,11A/B9845D58,11A/B9845D58,0.060557,0.059497,1.2,36.8,0.0,15318317.229031377,0.0,17.979920876173022,12663.85760378453,6461870.688948861,1006.69,1
2026-09-13T00:58:00.639764+00:00,1789261080.6397643,D_rowsize_rep2,r3-sub,D05,load,16,1,100000,6,0,144242954,708695362,10713,27473,17860971399,7661730116,202433.323,,,1,1.0010335445404053,64.93288896711529,3272.617603942611,,11A/B9DB7B60,11A/B9DB7B60,0.030611,0.029377,1.4,36.8,0.0,5098346.63167374,0.0,8.99070770313904,11241.381531491514,5354849.524509252,1006.69,1
2026-09-13T00:58:01.640707+00:00,1789261081.6407075,D_rowsize_rep2,r3-sub,D05,load,16,1,100000,6,0,144243004,708697858,10713,27473,17860971399,7661736877,202436.448,,7422,1,1.0009431838989258,49.95288524293398,2493.648031327264,1722,11A/BA3AF818,11A/BA3AF818,0.137794,0.136177,0.6,36.8,0.0,15312789.223756509,0.0,14.985865572880193,12040.643458956805,5857183.59873662,1006.68,1
2026-09-13T00:58:02.641504+00:00,1789261082.6415045,D_rowsize_rep2,r3-sub,D05,load,16,1,100000,6,0,144243053,708700302,10713,27473,17860971399,7661743503,202438.773,,,1,1.0007970333099365,48.9609764708657,2442.0536019346077,,11A/BAA43F88,11A/BAA43F88,0.012201,0.010963,0.4,36.8,0.0,15298654.462795943,0.0,18.98486842747854,12407.111119157948,6463873.077845755,1006.68,1
2026-09-13T00:58:03.642665+00:00,1789261083.6426651,D_rowsize_rep2,r3-sub,D05,load,16,1,100000,6,0,144243106,708702798,10713,27473,17860971399,7661750387,202441.792,,,1,1.0011606216430664,52.93855836341069,2493.106446699492,,11A/BAF318D0,11A/BAF318D0,0.168725,0.167365,0.0,36.8,0.0,5208163.292961565,0.0,7.9907257907035,10047.338841085813,4849520.541501039,1006.67,1
2026-09-13T00:58:04.643812+00:00,1789261084.6438127,D_rowsize_rep2,r3-sub,D05,load,16,1,100000,6,0,144243190,708707062,10713,27473,17860971399,7661761945,202446.529,,,1,1.0011475086212158,83.90371975822536,4259.112631536583,,11A/BB5C5C88,11A/BB5C5C88,0.061590,0.058817,1.0,36.9,0.0,15489681.45698822,0.0,20.97592993955634,12951.138456966071,6461822.003542174,1006.67,1
2026-09-13T00:58:05.644942+00:00,1789261085.6449428,D_rowsize_rep2,r3-sub,D05,load,16,1,100000,6,0,144243239,708709506,10713,27473,17860971399,7661768563,202449.493,,,1,1.0011301040649414,48.9446874098009,2441.241143460273,,11A/BBB53FF8,11A/BBB53FF8,0.016221,0.015492,0.4,36.8,0.0,16578256.84455033,0.0,82.90630724517295,10940.635942847943,5451996.676393961,1006.66,1
2026-09-13T00:58:06.645061+00:00,1789261086.6450615,D_rowsize_rep2,r3-sub,D05,load,16,1,100000,6,0,144243273,708711170,10713,27473,17860971399,7661773075,202451.17,,,1,1.0001187324523926,33.99596357587319,1663.8024526544996,,11A/BC115918,11A/BC115918,0.153338,0.152521,5.5,36.8,0.0,14338393.567368377,0.0,14.998219224649937,12466.519819529027,5561928.618575084,1006.66,1
2026-09-13T00:58:07.646031+00:00,1789261087.6460316,D_rowsize_rep2,r3-sub,D05,load,16,1,100000,6,0,144243373,708716214,10713,27473,17860971399,7661786748,202457.291,,,1,1.0009701251983643,99.90308150323946,5039.111431023399,,11A/BC813FB0,11A/BC813FB0,0.079148,0.076974,0.2,36.9,0.0,7365654.393070839,0.0,11.988369780388735,15477.984417296891,6866740.402105291,1006.65,1
2026-09-13T00:58:08.646575+00:00,1789261088.6465752,D_rowsize_rep2,r3-sub,D05,load,16,1,100000,6,0,144243438,708719542,10713,27473,17860971399,7661795764,202461.309,,,1,1.0005435943603516,64.96468556330578,3326.1919008412556,,11A/BCE8B948,11A/BCE8B948,0.021827,0.020881,1.0,36.8,0.0,15421249.095961858,0.0,24.986417524348376,13396.717619854624,6465500.3904509,1006.64,1
2026-09-13T00:58:09.647720+00:00,1789261089.6477208,D_rowsize_rep2,r3-sub,D05,load,16,1,100000,6,0,144243504,708722870,10713,27473,17860971399,7661804782,202464.608,,,1,1.001145601272583,65.92447683544295,3324.1918016417294,,11A/BD419AB0,11A/BD419AB0,0.017574,0.014975,0.4,36.9,0.0,14352325.957119,0.0,22.97368132144224,10638.812163247012,5455396.29106651,1006.64,1
2026-09-13T00:58:10.648854+00:00,1789261090.6488543,D_rowsize_rep2,r3-sub,D05,load,16,1,100000,6,0,144243538,708724534,10713,27473,17860971399,7661809296,202466.177,,,1,1.0011334419250488,33.96150660457655,1662.1160879416288,,11A/BDA0BBE8,11A/BDA0BBE8,0.160367,0.159009,1.2,36.8,0.0,14647078.387276385,0.0,15.9818854609772,13765.397721107925,5872009.418340971,1006.63,1
2026-09-13T00:58:11.649715+00:00,1789261091.6497152,D_rowsize_rep2,r3-sub,D05,load,16,1,100000,6,0,144243620,708728694,10713,27473,17860971399,7661820568,202470.41,,,1,1.0008609294891357,81.92946450797598,4156.421614063172,,11A/BDFFFC08,11A/BDFFFC08,0.086416,0.084559,0.6,36.8,0.0,5578045.6959685935,0.0,12.988817543947413,11528.075140158864,5860051.908504102,1006.63,1
2026-09-13T00:58:12.650143+00:00,1789261092.6501439,D_rowsize_rep2,r3-sub,D05,load,16,1,100000,6,0,144243668,708731086,10713,27473,17860971399,7661827051,202472.893,,,1,1.0004286766052246,47.97943233982396,2390.9750449345606,,11A/BE7439B8,11A/BE7439B8,0.009447,0.007997,0.8,36.8,0.0,16671765.204289123,0.0,18.99185863451365,13797.085512220629,7075550.876870009,1006.62,1
2026-09-13T00:58:13.651506+00:00,1789261093.651507,D_rowsize_rep2,r3-sub,D05,load,16,1,100000,6,0,144243736,708734518,10713,27473,17860971399,7661836351,202476.57,,,1,1.0013630390167236,67.9074395104215,3427.328417643626,,11A/BEC43FE0,11A/BEC43FE0,0.193959,0.191582,0.6,36.8,0.0,13081177.844213637,0.0,11.983665795956734,9634.867299949214,4845150.870321839,1006.61,1
2026-09-13T00:58:14.652498+00:00,1789261094.6524985,D_rowsize_rep2,r3-sub,D05,load,16,1,100000,6,0,144243802,708737846,10713,27473,17860971399,7661845369,202480.354,,,1,1.0009915828704834,65.93462035987932,3324.703281176945,,11A/BF2BBF80,11A/BF2BBF80,0.072506,0.071466,0.6,36.8,0.0,7488254.774835458,0.0,17.982169189057995,12296.806697117492,6462777.620415852,1006.61,1
2026-09-13T00:58:15.652847+00:00,1789261095.6527724,D_rowsize_rep2,r3-sub,D05,load,16,1,100000,6,0,144243867,708741122,10713,27473,17860971399,7661854247,202483.636,,,1,1.0002739429473877,64.98219858499189,3275.1028086835913,,11A/BF82FCD0,11A/BF82FCD0,0.043557,0.042130,1.4,36.8,0.0,14135519.674077626,0.0,14.995891981151976,10407.149034919472,5358863.977007489,1006.6,1
2026-09-13T00:58:16.653924+00:00,1789261096.6539247,D_rowsize_rep2,r3-sub,D05,load,16,1,100000,6,0,144243918,708743618,10713,27473,17860971399,7661861017,202486.59,,,1,1.0011522769927979,50.94130151028652,2493.1272268563753,,11A/BFE41F98,11A/BFE41F98,0.138210,0.137398,1.4,36.8,0.0,14667259.254613508,0.0,15.981584787540868,11569.668537130368,5855783.515380423,1006.6,1
2026-09-13T00:58:17.654870+00:00,1789261097.6548707,D_rowsize_rep2,r3-sub,D05,load,16,1,100000,6,0,144243950,708745230,10713,27473,17860971399,7661865385,202488.186,,,1,1.000946044921875,31.969755175462666,1610.4764169639318,,11A/C04BB9A0,11A/C04BB9A0,0.037073,0.035669,1.0,36.8,0.0,15304561.197597487,0.0,17.98298728619775,13571.161071983903,6462843.859385957,1006.59,1
2026-09-13T00:58:18.655123+00:00,1789261098.655124,D_rowsize_rep2,r3-sub,D05,load,16,1,100000,6,0,144244016,708748558,10713,27473,17860971399,7661874408,202492.114,,,1,1.0002532005310059,65.9832929951761,3327.157561938577,,11A/C0B57FC8,11A/C0B57FC8,0.106710,0.106458,7.4,36.9,0.0,5618289.4461288955,0.0,8.997721772069468,10833.257013571641,5259437.307680903,1006.59,1
2026-09-13T00:58:19.655258+00:00,1789261099.6552587,D_rowsize_rep2,r3-sub,D05,load,16,1,100000,6,0,144244100,708752770,10713,27473,17860971399,7661885820,202496.474,,,1,1.0001347064971924,83.98868617828113,4211.4326926538115,,11A/C12D1A38,11A/C12D1A38,0.175006,0.172151,1.2,36.8,0.0,15169540.564326562,0.0,18.997440921277875,12352.336060077203,6165063.5258874595,1006.58,1
2026-09-13T00:58:20.655773+00:00,1789261100.6557732,D_rowsize_rep2,r3-sub,D05,load,16,1,100000,6,0,144244135,708754486,10713,27473,17860971399,7661890472,202497.975,,,1,1.0005145072937012,34.98200150507737,1715.1175595060793,,11A/C197FF30,11A/C197FF30,0.062096,0.060761,1.8,36.9,0.0,15196533.272792175,0.0,14.992286359318873,12881.372439926776,6364774.277211613,1006.57,1
2026-09-13T00:58:21.656770+00:00,1789261101.65677,D_rowsize_rep2,r3-sub,D05,load,16,1,100000,6,0,144244231,708759426,10713,27473,17860971399,7661903860,202503.598,,,1,1.0009968280792236,95.90439980135692,4935.0805731114915,,11A/C1ED8000,11A/C1ED8000,0.013340,0.012285,1.0,36.9,0.0,5851447.113213457,0.0,10.989045810572147,10600.433190543732,5455911.394324381,1006.57,1
2026-09-13T00:58:22.658034+00:00,1789261102.6580343,D_rowsize_rep2,r3-sub,D05,load,16,1,100000,6,0,144244248,708760206,10713,27473,17860971399,7661905974,202504.398,,,1,1.0012643337249756,16.978533467536366,779.0150649810804,,11A/C24CDBA8,11A/C24CDBA8,0.060799,0.059698,1.9,36.9,0.0,14645163.625720216,0.0,15.97979620474011,13999.300212615133,5855368.859678537,1006.56,1
2026-09-13T00:58:23.658189+00:00,1789261103.6581898,D_rowsize_rep2,r3-sub,D05,load,16,1,100000,6,0,144244330,708764366,10713,27473,17860971399,7661917247,202508.572,,,1,1.0001554489135742,81.98725517025684,4159.353433027664,,11A/C29BFA98,11A/C29BFA98,0.190987,0.189207,0.2,36.9,0.0,13596606.422303356,0.0,13.997824053458487,10584.35467356511,4851529.834957982,1006.56,1
2026-09-13T00:58:24.659371+00:00,1789261104.659371,D_rowsize_rep2,r3-sub,D05,load,16,1,100000,6,0,144244398,708767798,10713,27473,17860971399,7661926555,202512.682,,,1,1.0011811256408691,67.91977820843587,3427.951158990469,,11A/C2FFFA78,11A/C2FFFA78,0.005500,0.003346,1.7,36.8,0.0,14314996.190949924,0.0,24.970506694277894,12477.262784996778,6061679.39503979,1006.55,1
2026-09-13T00:58:25.660330+00:00,1789261105.6603305,D_rowsize_rep2,r3-sub,D05,load,16,1,100000,6,0,144244432,708769462,10713,27473,17860971399,7661931063,202514.473,,,1,1.0009596347808838,33.96740369799508,1662.4046986312887,,11A/C3559B58,11A/C3559B58,0.114166,0.112818,1.0,36.9,0.0,6269055.9958231,0.0,7.992330281881196,13623.926006751733,5267080.526333215,1006.55,1
2026-09-13T00:58:26.660514+00:00,1789261106.6605144,D_rowsize_rep2,r3-sub,D05,load,16,1,100000,6,0,144244496,708772686,10713,27473,17860971399,7661939802,202518.07,,,1,1.0001838207244873,63.98823763579912,3223.4074709033807,,11A/C3ACFBA8,11A/C3ACFBA8,0.049445,0.047797,0.4,36.8,0.0,14235079.297410415,0.0,14.99724319589042,11100.959413598088,5459740.386566629,1006.54,1
2026-09-13T00:58:27.661826+00:00,1789261107.6618264,D_rowsize_rep2,r3-sub,D05,load,16,1,100000,6,0,144244563,708776066,10713,27473,17860971399,7661948962,202521.937,,,1,1.001312017440796,66.91221001346014,3375.57119172381,,11A/C4113898,11A/C4113898,0.064482,0.061667,0.2,36.8,0.0,17393371.593115587,0.0,92.87814225748946,12307.851883669893,6160827.88636335,1006.54,1
2026-09-13T00:58:28.662971+00:00,1789261108.662972,D_rowsize_rep2,r3-sub,D05,load,16,1,100000,6,0,144244629,708779394,10713,27473,17860971399,7661957980,202525.676,,,1,1.001145601272583,65.92447683544295,3324.1918016417294,,11A/C47599F8,11A/C47599F8,0.006920,0.005784,1.2,36.8,0.0,14982388.157060938,0.0,15.981691354046776,12510.667763089741,6158682.605369854,1006.53,1
2026-09-13T00:58:29.663865+00:00,1789261109.663865,D_rowsize_rep2,r3-sub,D05,load,16,1,100000,6,0,144244663,708781058,10713,27473,17860971399,7661962493,202527.113,,,1,1.0008931159973145,33.96966115220162,1662.515181095985,,11A/C4C49D08,11A/C4C49D08,0.180832,0.179414,0.2,36.8,0.0,5291402.164079037,0.0,11.989292171365276,9732.307920105763,4847439.674081061,1006.53,1
2026-09-13T00:58:30.665391+00:00,1789261110.665392,D_rowsize_rep2,r3-sub,D05,load,16,1,100000,6,0,144244742,708785062,10713,27473,17860971399,7661973345,202531.339,,,1,1.0015268325805664,78.87956411157357,3997.895882313172,,11A/C52DBAF0,11A/C52DBAF0,0.100326,0.097447,6.4,36.9,0.0,15295686.048199493,0.0,16.974083416414565,12110.50927986425,6462335.096228541,1006.52,1
2026-09-13T00:58:31.667076+00:00,1789261111.6670768,D_rowsize_rep2,r3-sub,D05,load,16,1,100000,6,0,144244809,708788442,10713,27473,17860971399,7661982501,202535.369,,9166,1,1.0016849040985107,66.88730131188129,3374.314603494907,1744,11A/C596D920,11A/C596D920,0.012738,0.011686,0.2,36.8,0.0,15293272.302817343,0.0,17.96972274050542,12390.123829578488,6458069.771773071,1006.51,1
2026-09-13T00:58:32.667818+00:00,1789261112.6678185,D_rowsize_rep2,r3-sub,D05,load,16,1,100000,6,0,144244860,708790990,10713,27473,17860971399,7661989409,202538.507,,,1,1.000741720199585,50.962200306617284,2546.1114976717813,,11A/C5E5FB38,11A/C5E5FB38,0.195555,0.194243,1.2,36.9,0.0,4510446.510713856,0.0,7.994070636332124,9245.142690918101,4848208.985463672,1006.51,1
2026-09-13T00:58:33.668013+00:00,1789261113.6680133,D_rowsize_rep2,r3-sub,D05,load,16,1,100000,6,0,144244930,708794370,10713,27473,17860971399,7661998690,202542.212,,,1,1.000194787979126,69.98636749690891,3379.3417448507444,,11A/C64F18E0,11A/C64F18E0,0.100957,0.100174,0.2,36.9,0.0,16012241.007932786,0.0,18.99629974916099,13263.416445914194,6470860.554149452,1006.5,1
2026-09-13T00:58:34.669007+00:00,1789261114.6690073,D_rowsize_rep2,r3-sub,D05,load,16,1,100000,6,0,144244995,708797646,10713,27473,17860971399,7662007571,202545.634,,,1,1.0009939670562744,64.93545629565797,3272.7469973011616,,11A/C6B87F28,11A/C6B87F28,0.008534,0.007974,1.2,36.8,0.0,15312012.364144774,0.0,18.981133378730792,12566.509303739716,6361547.8310290435,1006.49,1
2026-09-13T00:58:35.670442+00:00,1789261115.670443,D_rowsize_rep2,r3-sub,D05,load,16,1,100000,6,0,144245030,708799362,10713,27473,17860971399,7662012219,202547.521,,,1,1.0014357566833496,34.949820561546886,1713.5397738175561,,11A/C7113F68,11A/C7113F68,0.015923,0.014326,1.0,36.8,0.0,14331807.012297617,0.0,17.974193431652687,10592.791329053984,5551389.555344038,1006.49,1
2026-09-13T00:58:36.670586+00:00,1789261116.6705863,D_rowsize_rep2,r3-sub,D05,load,16,1,100000,6,0,144245112,708803522,10713,27473,17860971399,7662023495,202551.804,,,1,1.00014328956604,81.98825193895928,4159.404000805739,,11A/C7723C18,11A/C7723C18,0.093859,0.092322,2.7,36.9,0.0,6380653.718897567,0.0,6.998997116740426,12712.178477462541,5965962.139873967,1006.48,1
2026-09-13T00:58:37.671095+00:00,1789261117.6710954,D_rowsize_rep2,r3-sub,D05,load,16,1,100000,6,0,144245179,708806902,10713,27473,17860971399,7662032653,202555.545,,,1,1.0005090236663818,66.96591276556147,3378.28037533728,,11A/C7DC1980,11A/C7DC1980,0.012703,0.010904,1.2,36.9,0.0,15180240.898121478,0.0,15.9918597649102,15641.038341317484,6566889.297932843,1006.48,1
2026-09-13T00:58:38.672714+00:00,1789261118.672715,D_rowsize_rep2,r3-sub,D05,load,16,1,100000,6,0,144245213,708808566,10713,27473,17860971399,7662037161,202557.19,,,1,1.001619577407837,33.945023406981555,1661.3093808593328,,11A/C8360000,11A/C8360000,0.013181,0.011553,1.0,36.9,0.0,6072724.752187345,0.0,10.982213455199915,10408.143206405375,5449559.017332854,1006.47,1
2026-09-13T00:58:39.672854+00:00,1789261119.6728544,D_rowsize_rep2,r3-sub,D05,load,16,1,100000,6,0,144245295,708812726,10713,27473,17860971399,7662048437,202561.427,,,1,1.0001394748687744,81.98856465570364,4159.419865460087,,11A/C893BE40,11A/C893BE40,0.175294,0.173872,1.0,36.8,0.0,23094122.950232055,0.0,24.996513614543794,11227.43405510849,5763718.106173488,1006.47,1
2026-09-13T00:58:40.673506+00:00,1789261120.6735063,D_rowsize_rep2,r3-sub,D05,load,16,1,100000,6,0,144245345,708815222,10713,27473,17860971399,7662055200,202564.307,,,1,1.0006518363952637,49.96742941093218,2494.3740761937347,,11A/C8FCFDF8,11A/C8FCFDF8,0.111828,0.110633,1.9,36.8,0.0,15382740.969577117,0.0,29.980457646559312,15414.951973272578,6480987.456498607,1006.46,1
2026-09-13T00:58:41.675043+00:00,1789261121.6750433,D_rowsize_rep2,r3-sub,D05,load,16,1,100000,6,0,144245428,708819434,10713,27473,17860971399,7662066610,202569.055,,,1,1.0015370845794678,82.8726177771546,4205.53573587199,,11A/C965DFF8,11A/C965DFF8,0.062020,0.060774,0.2,36.8,0.0,15181017.492112244,0.0,15.975444390776792,13038.958018697133,6360519.34379924,1006.45,1
2026-09-13T00:58:42.675992+00:00,1789261122.6759925,D_rowsize_rep2,r3-sub,D05,load,16,1,100000,6,0,144245493,708822710,10713,27473,17860971399,7662075564,202572.119,,,1,1.0009491443634033,64.93836411772902,3272.893551533543,,11A/C9BEFB70,11A/C9BEFB70,0.050677,0.049330,5.9,36.9,0.0,7562230.351686939,0.0,10.989569312231065,10627.912576683098,5557276.342483657,1006.45,1
2026-09-13T00:58:43.676786+00:00,1789261123.676786,D_rowsize_rep2,r3-sub,D05,load,16,1,100000,6,0,144245548,708825102,10726,27473,17860971399,7662175650,202578.013,,,1,1.00079345703125,54.95639446240166,2390.10355552845,,11A/CA1FFBD8,11A/CA1FFBD8,0.177912,0.174214,0.8,36.9,0.0,15990384.317131182,0.0,19.984143440873332,11600.795267426969,5857853.045313167,1006.44,1
2026-09-13T00:58:44.677779+00:00,1789261124.67778,D_rowsize_rep2,r3-sub,D05,load,16,1,100000,6,0,144245614,708828430,10726,27473,17860971399,7662184687,202581.682,,,1,1.0009939670562744,65.93446331559117,3324.695362337688,,11A/CA85FFE8,11A/CA85FFE8,0.093618,0.091420,1.6,36.9,0.0,15221989.843564553,0.0,19.98014039866399,12248.82507140096,6361650.728752096,1006.44,1
2026-09-13T00:58:45.679631+00:00,1789261125.6796315,D_rowsize_rep2,r3-sub,D05,load,16,1,100000,6,0,144245665,708830978,10726,27473,17860971399,7662191608,202584.016,,,1,1.0018515586853027,50.90574502566592,2543.2909475567994,,11A/CADEDEF0,11A/CADEDEF0,0.065655,0.064237,0.2,36.9,0.0,5846454.945567303,0.0,10.979670495731865,11786.177201236533,5451266.659870016,1006.43,1
2026-09-13T00:58:46.681421+00:00,1789261126.6814218,D_rowsize_rep2,r3-sub,D05,load,16,1,100000,6,0,144245730,708834254,10726,27473,17860971399,7662200484,202588.07,,,1,1.0017902851104736,64.88383942836104,3270.1455071893965,,11A/CB40B8C0,11A/CB40B8C0,0.150816,0.146057,1.2,36.9,0.0,14637474.74690568,0.0,14.973193714237164,11807.860563047427,5852107.059865825,1006.43,1
2026-09-13T00:58:47.682427+00:00,1789261127.6824274,D_rowsize_rep2,r3-sub,D05,load,16,1,100000,6,0,144245797,708837634,10726,27473,17860971399,7662209644,202591.658,,,1,1.0010056495666504,66.9326891701413,3376.6043193295163,,11A/CBA75950,11A/CBA75950,0.039107,0.037810,1.0,36.9,0.0,14215208.481750483,0.0,13.985935050477288,13093.832193328986,6361442.617987949,1006.42,1
2026-09-13T00:58:48.683617+00:00,1789261128.6835935,D_rowsize_rep2,r3-sub,D05,load,16,1,100000,6,0,144245830,708839246,10726,27473,17860971399,7662214016,202593.254,,,1,1.0011661052703857,32.96156334726061,1610.1224277510332,,11A/CBF63C20,11A/CBF63C20,0.195496,0.194446,0.4,36.8,0.0,23045894.061474163,0.0,19.97670505894582,8929.587161348782,4950249.487982339,1006.42,1
2026-09-13T00:58:49.684260+00:00,1789261129.6842608,D_rowsize_rep2,r3-sub,D05,load,16,1,100000,6,0,144245913,708843458,10726,27473,17860971399,7662225426,202598.025,,,1,1.0006673336029053,82.94464824904226,4209.191065361036,,11A/CC5F9FF0,11A/CC5F9FF0,0.075475,0.074362,0.4,36.8,0.0,7081354.374271968,0.0,15.989329782947905,12072.943319237102,6464614.945217213,1006.41,1
2026-09-13T00:58:50.686072+00:00,1789261130.6860723,D_rowsize_rep2,r3-sub,D05,load,16,1,100000,6,0,144245979,708846786,10726,27473,17860971399,7662234450,202601.767,,,1,1.0018115043640137,65.880656902517,3321.9822147208574,,11A/CCCA5C38,11A/CCCA5C38,0.015878,0.014407,1.7,36.8,0.0,17580952.028676536,0.0,80.85353347127086,13086.294121090878,6457320.535669799,1006.4,1
2026-09-13T00:58:51.687191+00:00,1789261131.6871917,D_rowsize_rep2,r3-sub,D05,load,16,1,100000,6,0,144246046,708850166,10726,27473,17860971399,7662243609,202605.805,,,1,1.0011193752288818,66.92508571685775,3376.220742134018,,11A/CD235D10,11A/CD235D10,0.013006,0.011801,0.6,36.8,0.0,14328153.419986049,0.0,16.98099189830719,10701.021541562644,5556273.445140616,1006.4,1
2026-09-13T00:58:52.688328+00:00,1789261132.6883287,D_rowsize_rep2,r3-sub,D05,load,16,1,100000,6,0,144246096,708852662,10726,27473,17860971399,7662250375,202608.43,,,1,1.0011370182037354,49.94321365691904,2493.1652257533983,,11A/CD845D58,11A/CD845D58,0.142897,0.141694,2.2,36.8,0.0,6267945.232171006,0.0,7.990914185107046,14315.722762619273,5856129.474184421,1006.39,1
2026-09-13T00:58:53.689673+00:00,1789261133.6896734,D_rowsize_rep2,r3-sub,D05,load,16,1,100000,6,0,144246162,708855990,10726,27473,17860971399,7662259391,202611.756,,,1,1.0013446807861328,65.91137024684139,3323.5309118407295,,11A/CDEBFE68,11A/CDEBFE68,0.081623,0.080248,1.0,36.8,0.0,15535717.419287495,0.0,58.92077037217639,12133.684068168528,6460233.048745411,1006.39,1
2026-09-13T00:58:54.690830+00:00,1789261134.69083,D_rowsize_rep2,r3-sub,D05,load,16,1,100000,6,0,144246229,708859370,10726,27473,17860971399,7662268549,202615.049,,,1,1.0011565685272217,66.92259942774201,3376.095314414448,,11A/CE565DD8,11A/CE565DD8,0.003861,0.001128,1.8,36.8,0.0,14286708.442657629,0.0,17.9792058164083,12992.972736657732,6565672.34999994,1006.38,1
2026-09-13T00:58:55.691839+00:00,1789261135.6918392,D_rowsize_rep2,r3-sub,D05,load,16,1,100000,6,0,144246278,708861814,10726,27473,17860971399,7662275173,202617.323,,,1,1.001009225845337,48.950597791564064,2441.5359388282154,,11A/CEA5DF60,11A/CEA5DF60,0.192567,0.191379,0.8,36.8,0.0,14648895.95559596,0.0,16.982860458297736,12514.370174182102,4762040.026129101,1006.38,1
2026-09-13T00:58:56.692818+00:00,1789261136.6928184,D_rowsize_rep2,r3-sub,D05,load,16,1,100000,6,0,144246342,708865038,10726,27473,17860971399,7662283912,202620.828,,,1,1.0009791851043701,63.937393456714936,3220.8461953820147,,11A/CF10DDE8,11A/CF10DDE8,0.070494,0.069080,6.8,36.9,0.0,7152804.080789613,0.0,11.98826127313405,11901.346378903829,6667274.504118821,1006.37,1
2026-09-13T00:58:57.693382+00:00,1789261137.693383,D_rowsize_rep2,r3-sub,D05,load,16,1,100000,6,0,144246410,708868470,10726,27473,17860971399,7662293212,202624.087,,,1,1.0005645751953125,67.96163054915895,3430.0634712457872,,11A/CF7539D0,11A/CF7539D0,0.001917,0.001239,0.2,36.8,0.0,13681107.985786833,0.0,14.991536150549768,12832.754944870601,6064441.166943711,1006.36,1
2026-09-13T00:58:58.694242+00:00,1789261138.6942425,D_rowsize_rep2,r3-sub,D05,load,16,1,100000,6,0,144246441,708869978,10726,27473,17860971399,7662297298,202625.823,,,1,1.0008594989776611,30.973378412919384,1506.7049886026591,,11A/CFC41D00,11A/CFC41D00,0.158641,0.157543,0.6,36.8,0.0,14888451.391250262,0.0,16.98540106514934,9774.598742373882,4948680.614071434,1006.36,1
2026-09-13T00:58:59.695504+00:00,1789261139.6955042,D_rowsize_rep2,r3-sub,D05,load,16,1,100000,6,0,144246524,708874190,10726,27473,17860971399,7662308716,202629.885,,,1,1.0012617111206055,82.89540993943227,4206.69236945649,,11A/D02D5C48,11A/D02D5C48,0.036296,0.034945,0.0,36.9,0.0,6005350.981883019,0.0,14.981098181825109,12620.077108369473,6359825.737142335,1006.35,1
2026-09-13T00:59:00.696464+00:00,1789261140.6964638,D_rowsize_rep2,r3-sub,D05,load,16,1,100000,6,0,144246542,708875022,10726,27473,17860971399,7662310968,202630.729,,,1,1.0009596347808838,17.98274313423269,831.2023493156444,,11A/D07C3F18,11A/D07C3F18,0.193080,0.192188,0.8,36.8,0.0,14649621.713476958,0.0,16.98370184899754,10531.893228948946,4951268.5904511055,1006.35,1
2026-09-13T00:59:01.696891+00:00,1789261141.6968913,D_rowsize_rep2,r3-sub,D05,load,16,1,100000,6,0,144246639,708879962,10726,27473,17860971399,7662324359,202635.681,,10925,1,1.000427484512329,96.9585517208015,4937.889128873809,1759,11A/D0E59FD8,11A/D0E59FD8,0.069540,0.068768,0.0,36.8,0.0,15226514.900703201,0.0,28.98760824642519,11763.971084557865,6365328.920470619,1006.34,1
2026-09-13T00:59:02.697167+00:00,1789261142.6971674,D_rowsize_rep2,r3-sub,D05,load,16,1,100000,6,0,144246708,708883446,10726,27473,17860971399,7662333794,202639.315,,,1,1.0002760887145996,68.98095513676444,3483.0383724128596,,11A/D141BD88,11A/D141BD88,0.042673,0.041463,0.8,36.8,0.0,14774288.985544859,0.0,14.995859812340095,10515.096900412875,5759861.767168431,1006.34,1
2026-09-13T00:59:03.698436+00:00,1789261143.698436,D_rowsize_rep2,r3-sub,D05,load,16,1,100000,6,0,144246746,708885162,10726,27473,17860971399,7662338573,202640.93,,,1,1.0012686252593994,37.95185332023693,1713.8257973033305,,11A/D19F7950,11A/D19F7950,0.199935,0.198711,0.6,36.8,0.0,6921651.018680953,0.0,9.987329821114981,12637.967155638897,5757532.848396702,1006.33,1
2026-09-13T00:59:04.699581+00:00,1789261144.6995814,D_rowsize_rep2,r3-sub,D05,load,16,1,100000,6,0,144246827,708889270,10726,27473,17860971399,7662349709,202645.177,,,1,1.001145362854004,80.90733174759973,4103.300232335057,,11A/D1FFF970,11A/D1FFF970,0.134904,0.134124,2.0,36.9,0.0,14303233.60753379,0.0,21.974830845027086,11422.91661562408,5957013.0585219525,1006.32,1
2026-09-13T00:59:05.700584+00:00,1789261145.7005842,D_rowsize_rep2,r3-sub,D05,load,16,1,100000,6,0,144246893,708892598,10726,27473,17860971399,7662358727,202648.505,,,1,1.0010027885437012,65.9338822582297,3324.666062960431,,11A/D271FDA0,11A/D271FDA0,0.061393,0.060046,2.5,36.8,0.0,16375770.564883256,0.0,15.983971456540534,14442.517209200407,6967259.31218075,1006.32,1
2026-09-13T00:59:06.701261+00:00,1789261146.7012615,D_rowsize_rep2,r3-sub,D05,load,16,1,100000,6,0,144246959,708895926,10726,27473,17860971399,7662367749,202651.486,,,1,1.0006773471832275,65.95532534615792,3325.747314424448,,11A/D2CAD820,11A/D2CAD820,0.044118,0.043191,1.4,36.8,0.0,14228058.664540777,0.0,17.987816003497617,10453.91906736603,5457795.177809678,1006.31,1
2026-09-13T00:59:07.702224+00:00,1789261147.7022245,D_rowsize_rep2,r3-sub,D05,load,16,1,100000,6,0,144247009,708898422,10726,27473,17860971399,7662374508,202654.113,,,1,1.0009629726409912,49.95189768915975,2493.5987326428544,,11A/D32A9EF0,11A/D32A9EF0,0.171422,0.170042,1.2,36.9,0.0,6277219.209639613,0.0,7.9923036302655595,13598.904626896849,5857146.727946716,1006.31,1
2026-09-13T00:59:08.702805+00:00,1789261148.7028053,D_rowsize_rep2,r3-sub,D05,load,16,1,100000,6,0,144247044,708900138,10726,27473,17860971399,7662379160,202655.698,,,1,1.0005807876586914,34.97968423109366,1715.003946873049,,11A/D3945DB0,11A/D3945DB0,0.079394,0.077878,6.8,36.9,0.0,15301960.810007768,0.0,16.99013234081692,13117.381586660122,6465324.019599975,1006.3,1
2026-09-13T00:59:09.703494+00:00,1789261149.703494,D_rowsize_rep2,r3-sub,D05,load,16,1,100000,6,0,144247125,708904246,10726,27473,17860971399,7662390290,202660.248,,,1,1.0006887912750244,80.94424630937867,4105.1723930731805,,11A/D3EC9988,11A/D3EC9988,0.048606,0.047465,0.8,36.9,0.0,14403902.717481898,0.0,21.984857022300382,11531.057508196549,5457800.7144870395,1006.29,1
2026-09-13T00:59:10.704641+00:00,1789261150.7046413,D_rowsize_rep2,r3-sub,D05,load,16,1,100000,6,0,144247190,708907522,10726,27473,17860971399,7662399168,202663.632,,,1,1.0011472702026367,64.9255128936662,3272.245849840776,,11A/D44B5C38,11A/D44B5C38,0.142877,0.141326,1.6,36.9,0.0,14704154.361845683,0.0,24.971351112948536,14319.571582209208,5871986.245150646,1006.29,1
2026-09-13T00:59:11.705633+00:00,1789261151.7056332,D_rowsize_rep2,r3-sub,D05,load,16,1,100000,6,0,144247241,708910070,10726,27473,17860971399,7662406074,202665.982,,,1,1.0009918212890625,50.94946723373119,2545.4753433636683,,11A/D4B37BD8,11A/D4B37BD8,0.030353,0.029140,0.6,36.9,0.0,6714876.042987149,0.0,11.988109937348517,13369.739607627933,6263027.196292739,1006.28,1
2026-09-13T00:59:12.706558+00:00,1789261152.7065585,D_rowsize_rep2,r3-sub,D05,load,16,1,100000,6,0,144247305,708913294,10726,27473,17860971399,7662414810,202669.191,,,1,1.0009253025054932,63.9408353848151,3221.019582510061,,11A/D4FFFA90,11A/D4FFFA90,0.191160,0.189747,1.0,36.8,0.0,21950633.024265487,0.0,17.98335995197925,9726.00050736211,4850475.842550054,1006.28,1
2026-09-13T00:59:13.707274+00:00,1789261153.707274,D_rowsize_rep2,r3-sub,D05,load,16,1,100000,6,0,144247371,708916622,10726,27473,17860971399,7662423827,202672.598,,,1,1.0007154941558838,65.95281114905875,3325.6205379404164,,11A/D56C19B8,11A/D56C19B8,0.092168,0.091489,0.0,36.8,0.0,15308087.153104194,0.0,14.989275261149714,12204.267917628096,6464299.831248861,1006.27,1
2026-09-13T00:59:14.708406+00:00,1789261154.7084067,D_rowsize_rep2,r3-sub,D05,load,16,1,100000,6,0,144247438,708920002,10726,27473,17860971399,7662432991,202675.976,,,1,1.0011327266693115,66.9241931815611,3376.1757157265147,,11A/D5D6F860,11A/D5D6F860,0.022600,0.021202,1.9,36.8,0.0,7208986.189084925,0.0,16.98076543412744,12609.716637672047,6663619.939979829,1006.26,1
2026-09-13T00:59:15.709427+00:00,1789261155.709427,D_rowsize_rep2,r3-sub,D05,load,16,1,100000,6,0,144247501,708923174,10726,27473,17860971399,7662441581,202679.154,,,1,1.0010204315185547,62.9357783481288,3168.76649079785,,11A/D62E1FD8,11A/D62E1FD8,0.036832,0.035091,0.4,36.8,0.0,14108611.128521426,0.0,16.98267034790777,10354.434009180239,5354889.70176993,1006.26,1
2026-09-13T00:59:16.710559+00:00,1789261156.710559,D_rowsize_rep2,r3-sub,D05,load,16,1,100000,6,0,144247555,708925878,10726,27473,17860971399,7662448915,202681.892,,,1,1.0011317729949951,53.93895334922105,2700.943145486921,,11A/D68F1DC0,11A/D68F1DC0,0.150027,0.148531,1.8,36.8,0.0,14753478.411551563,0.0,14.983042597005847,10874.692316906843,5956819.232856186,1006.25,1
2026-09-13T00:59:17.711831+00:00,1789261157.7118313,D_rowsize_rep2,r3-sub,D05,load,16,1,100000,6,0,144247622,708929258,10726,27473,17860971399,7662458071,202685.668,,,1,1.001272439956665,66.91485486497537,3375.7046185614436,,11A/D6F87918,11A/D6F87918,0.072152,0.070576,0.6,36.8,0.0,15422296.05427702,0.0,19.97458354178369,13036.411948545127,6561606.74939215,1006.25,1
2026-09-13T00:59:18.711980+00:00,1789261158.7119806,D_rowsize_rep2,r3-sub,D05,load,16,1,100000,6,0,144247671,708931702,10726,27473,17860971399,7662464696,202688.03,,,1,1.0001492500305176,48.99268783984476,2443.635287358788,,11A/D76E3FD8,11A/D76E3FD8,0.004449,0.004108,0.8,36.8,0.0,5954695.261550491,0.0,7.998806177933839,12439.143457459362,6068157.32733371,1006.24,1
2026-09-13T00:59:19.713171+00:00,1789261159.7131712,D_rowsize_rep2,r3-sub,D05,load,16,1,100000,6,0,144247734,708934874,10726,27473,17860971399,7662473292,202691.378,,,1,1.0011906623840332,62.92507747723548,3168.227710441126,,11A/D7DB3E20,11A/D7DB3E20,0.193397,0.191985,0.4,36.9,0.0,14392591.282950627,0.0,19.97621507213825,9489.700970019274,4946911.898085823,1006.24,1
2026-09-13T00:59:20.714324+00:00,1789261160.7143247,D_rowsize_rep2,r3-sub,D05,load,16,1,100000,6,0,144247802,708938306,10726,27473,17860971399,7662482592,202695.037,,,1,1.0011534690856934,67.92165447131819,3428.045855081824,,11A/D8447D38,11A/D8447D38,0.022279,0.019106,6.2,36.8,0.0,14327665.480797743,0.0,15.98156575795722,11785.405898633579,6461716.609650257,1006.23,1
2026-09-13T00:59:21.715608+00:00,1789261161.7156084,D_rowsize_rep2,r3-sub,D05,load,16,1,100000,6,0,144247851,708940750,10726,27473,17860971399,7662489216,202697.598,,,1,1.0012836456298828,48.93718200018668,2440.866792009311,,11A/D8933D60,11A/D8933D60,0.147135,0.146401,0.0,36.8,0.0,14636699.664439835,0.0,14.980770000057147,9072.354312034608,4949592.477246881,1006.23,1
2026-09-13T00:59:22.715761+00:00,1789261162.7157612,D_rowsize_rep2,r3-sub,D05,load,16,1,100000,6,0,144247901,708943246,10726,27473,17860971399,7662495982,202700.371,,,1,1.000152826309204,49.99235985215539,2495.618603819597,,11A/D8EA7BB8,11A/D8EA7BB8,0.057017,0.055245,1.6,36.9,0.0,5647520.910223138,0.0,10.998319167474186,13249.975055215265,5255624.80225891,1006.22,1
2026-09-13T00:59:23.716824+00:00,1789261163.7168243,D_rowsize_rep2,r3-sub,D05,load,16,1,100000,6,0,144247935,708944910,10726,27473,17860971399,7662500488,202701.943,,,1,1.0010631084442139,33.96389269887345,1662.2328662036891,,11A/D94B9EC0,11A/D94B9EC0,0.056755,0.055626,0.6,36.8,0.0,15257763.342950292,0.0,70.9245994594122,12907.278163592468,6058075.608664743,1006.22,1
2026-09-13T00:59:24.718103+00:00,1789261164.718104,D_rowsize_rep2,r3-sub,D05,load,16,1,100000,6,0,144248017,708949070,10726,27473,17860971399,7662511763,202706.061,,,1,1.001279592514038,81.89520750554031,4154.683697842045,,11A/D99A9E80,11A/D99A9E80,0.199187,0.197799,1.4,36.9,32726.123896848112,6905212.142234951,0.9987220427504917,18.97571881225934,9722.559086176036,4848841.458767603,1006.21,1
2026-09-13T00:59:25.719475+00:00,1789261165.7194753,D_rowsize_rep2,r3-sub,D05,load,16,1,100000,6,0,144248068,708951618,10726,27473,17860971399,7662518667,202708.525,,,1,1.0013713836669922,50.93015521697806,2544.510499860002,,11A/D9FFFE70,11A/D9FFFE70,0.048003,0.046592,0.8,36.9,0.0,5841077.64152478,0.0,8.987674450054952,14415.231187393692,6274530.211749557,1006.2,1
2026-09-13T00:59:26.720579+00:00,1789261166.7205791,D_rowsize_rep2,r3-sub,D05,load,16,1,100000,6,0,144248150,708955778,10726,27473,17860971399,7662529939,202712.702,,,1,1.0011038780212402,81.90958181290775,4155.4129309962955,,11A/DA5C9950,11A/DA5C9950,0.013512,0.012265,1.2,36.9,0.0,15707205.161447167,0.0,24.972433479545046,10773.107803075733,5656567.8390867775,1006.2,1
2026-09-13T00:59:27.721615+00:00,1789261167.721615,D_rowsize_rep2,r3-sub,D05,load,16,1,100000,6,0,144248200,708958274,10726,27473,17860971399,7662536703,202715.09,,,1,1.0010359287261963,49.94825716557874,2493.4169977056904,,11A/DABBF9D8,11A/DABBF9D8,0.092449,0.092112,0.0,36.8,0.0,22922046.393677585,0.0,20.97826800954307,11364.227470312475,5758631.468238474,1006.19,1
2026-09-13T00:59:28.721782+00:00,1789261168.721782,D_rowsize_rep2,r3-sub,D05,load,16,1,100000,6,0,144248217,708959054,10726,27473,17860971399,7662538817,202715.978,,,1,1.000166893005371,16.997163292335358,779.86984517774,,11A/DB117DF8,11A/DB117DF8,0.096473,0.094835,0.4,36.8,0.0,14141127.94465798,0.0,17.996996427178615,10924.17683129742,5356291.072485271,1006.19,1
2026-09-13T00:59:29.721897+00:00,1789261169.721897,D_rowsize_rep2,r3-sub,D05,load,16,1,100000,6,0,144248315,708964046,10726,27473,17860971399,7662552349,202720.988,,,1,1.000114917755127,97.98873935404572,4991.426396483635,,11A/DB743FF0,11A/DB743FF0,0.124752,0.124003,0.2,36.8,0.0,5549442.2705520615,0.0,13.998391336292245,12055.614595833971,5963029.742008293,1006.18,1
2026-09-13T00:59:30.723306+00:00,1789261170.7233064,D_rowsize_rep2,r3-sub,D05,load,16,1,100000,6,0,144248366,708966594,10726,27473,17860971399,7662559256,202723.385,,,1,1.0014095306396484,50.92821512036524,2544.413571111581,,11A/DBDD7F48,11A/DBDD7F48,0.032872,0.031665,0.8,36.8,0.0,16266863.357686367,0.0,19.9718490668099,12642.180459290665,6463061.117329204,1006.18,1
2026-09-13T00:59:31.724184+00:00,1789261171.7241848,D_rowsize_rep2,r3-sub,D05,load,16,1,100000,6,0,144248448,708970754,10726,27473,17860971399,7662570526,202727.615,,12660,1,1.0008783340454102,81.92803981335821,4156.349336872807,1735,11A/DC366000,11A/DC366000,0.002557,0.001740,0.0,36.8,0.0,13676819.184077706,0.0,10.99034680423098,11291.082657692208,5554362.414390894,1006.17,1
2026-09-13T00:59:32.724738+00:00,1789261172.7247388,D_rowsize_rep2,r3-sub,D05,load,16,1,100000,6,0,144248498,708973250,10726,27473,17860971399,7662577292,202730.198,,,1,1.000554084777832,49.97231110310468,2494.6177702669856,,11A/DC959E48,11A/DC959E48,0.095498,0.093999,4.3,36.8,0.0,15302369.190166963,0.0,12.992800886807217,10773.030827607308,5859282.460779464,1006.17,1
2026-09-13T00:59:33.725798+00:00,1789261173.7257984,D_rowsize_rep2,r3-sub,D05,load,16,1,100000,6,0,144248551,708975746,10726,27473,17860971399,7662584175,202733.068,,,1,1.0010595321655273,52.943904230499186,2493.358206779735,,11A/DCFEDBC8,11A/DCFEDBC8,0.003682,0.001485,0.2,36.9,0.0,5855172.256659366,0.0,10.988357481801717,13168.048029555477,6364310.807987524,1006.16,1
2026-09-13T00:59:34.726796+00:00,1789261174.7267969,D_rowsize_rep2,r3-sub,D05,load,16,1,100000,6,0,144248617,708979074,10726,27473,17860971399,7662593193,202736.45,,,1,1.0009984970092773,65.93416493350469,3324.6803166470245,,11A/DD4FFDF0,11A/DD4FFDF0,0.192555,0.191467,1.4,36.9,0.0,14714523.592200248,0.0,18.981047480857413,9017.995558405257,4947878.558057512,1006.15,1
2026-09-13T00:59:35.728253+00:00,1789261175.7282531,D_rowsize_rep2,r3-sub,D05,load,16,1,100000,6,0,144248684,708982454,10726,27473,17860971399,7662602355,202739.765,,,1,1.0014562606811523,66.90257241432506,3375.08499642416,,11A/DDBA7FF8,11A/DDBA7FF8,0.120754,0.119376,1.2,36.8,0.0,15403105.063728034,0.0,17.97382542474405,12401.939543073393,6560505.194237136,1006.15,1
2026-09-13T00:59:36.729378+00:00,1789261176.729378,D_rowsize_rep2,r3-sub,D05,load,16,1,100000,6,0,144248734,708984950,10726,27473,17860971399,7662609121,202742.008,,,1,1.0011248588562012,49.943820251477604,2493.195506953762,,11A/DE205EE8,11A/DE205EE8,0.055980,0.053135,0.8,36.9,0.0,9958462.135672545,0.0,14.983146075443281,12723.687647266435,6363961.44161188,1006.14,1
2026-09-13T00:59:37.730557+00:00,1789261177.7305577,D_rowsize_rep2,r3-sub,D05,load,16,1,100000,6,0,144248815,708989058,10726,27473,17860971399,7662620251,202746.13,,,1,1.0011796951293945,80.90455728782173,4103.159522695947,,11A/DE7ADB68,11A/DE7ADB68,0.044685,0.043486,0.8,36.9,0.0,11177086.445559353,0.0,12.984682033847934,12762.943617577606,5552998.155122865,1006.14,1
2026-09-13T00:59:38.732210+00:00,1789261178.7322102,D_rowsize_rep2,r3-sub,D05,load,16,1,100000,6,0,144248866,708991606,10726,27473,17860971399,7662627155,202748.733,,,1,1.001652479171753,50.91586259754572,2543.7964293832647,,11A/DEDB7D18,11A/DEDB7D18,0.170236,0.168718,1.9,36.8,0.0,14774433.55627381,0.0,18.96865469320331,11300.326445914117,5953711.615560663,1006.13,1
2026-09-13T00:59:39.732340+00:00,1789261179.7323399,D_rowsize_rep2,r3-sub,D05,load,16,1,100000,6,0,144248933,708994986,10726,27473,17860971399,7662636319,202751.913,,,1,1.0001296997070312,66.99131124655769,3379.561671841268,,11A/DF4359C8,11A/DF4359C8,0.078302,0.076930,1.6,36.8,0.0,23737337.27430982,0.0,25.996628244932833,12895.327479803798,6370466.752328571,1006.12,1
2026-09-13T00:59:40.732997+00:00,1789261180.7329972,D_rowsize_rep2,r3-sub,D05,load,16,1,100000,6,0,144248982,708997430,10726,27473,17860971399,7662642937,202754.377,,,1,1.000657320022583,48.96781247639717,2442.3945651492795,,11A/DF9A9CC0,11A/DF9A9CC0,0.060714,0.059529,2.1,36.8,0.0,5804312.709039016,0.0,17.98817601173774,13232.302142856632,5369824.306965278,1006.12,1
2026-09-13T00:59:41.734211+00:00,1789261181.734212,D_rowsize_rep2,r3-sub,D05,load,16,1,100000,6,0,144249032,708999926,10726,27473,17860971399,7662649704,202756.732,,,1,1.0012147426605225,49.93933655744548,2492.9716809476786,,11A/DFF9FAB8,11A/DFF9FAB8,0.152156,0.150948,0.6,36.8,0.0,14551795.313445566,0.0,15.980587698382553,12641.64365615175,5756877.874853997,1006.11,1
2026-09-13T00:59:42.734835+00:00,1789261182.7348351,D_rowsize_rep2,r3-sub,D05,load,16,1,100000,6,0,144249113,709004034,10726,27473,17860971399,7662660898,202760.619,,,1,1.0006232261657715,80.94955012225638,4105.441381509003,,11A/E0633A58,11A/E0633A58,0.048284,0.046020,2.0,36.9,0.0,17053307.932283644,0.0,19.987543240063303,12960.922414019049,6569169.9214175735,1006.11,1
2026-09-13T00:59:43.735424+00:00,1789261183.735424,D_rowsize_rep2,r3-sub,D05,load,16,1,100000,6,0,144249186,709007362,10739,27473,17860971399,7662762513,202763.906,,,1,1.0005888938903809,72.9570360472115,3326.041314590683,,11A/E0BBF970,11A/E0BBF970,0.017604,0.016248,0.6,36.8,0.0,15526984.253836876,0.0,59.96468716209164,10622.744330764535,5455025.56877068,1006.1,1
2026-09-13T00:59:44.736757+00:00,1789261184.7367573,D_rowsize_rep2,r3-sub,D05,load,16,1,100000,6,0,144249236,709009858,10739,27473,17860971399,7662769291,202766.461,,,1,1.001333236694336,49.93342692295238,2492.6766719937827,,11A/E11C5868,11A/E11C5868,0.114219,0.112601,0.8,36.9,0.0,6593960.6896475535,0.0,8.988016846131428,10926.43247928044,5955608.763858914,1006.1,1
2026-09-13T00:59:45.736889+00:00,1789261185.7368896,D_rowsize_rep2,r3-sub,D05,load,16,1,100000,6,0,144249302,709013186,10739,27473,17860971399,7662778314,202769.65,,,1,1.0001323223114014,65.99126788290143,3327.559689610545,,11A/E184BA18,11A/E184BA18,0.016069,0.015009,0.2,36.9,0.0,7208006.21995638,0.0,15.997883123127618,13396.22738022899,6269212.443318834,1006.09,1
2026-09-13T00:59:46.737220+00:00,1789261186.73722,D_rowsize_rep2,r3-sub,D05,load,16,1,100000,6,0,144249352,709015682,10739,27473,17860971399,7662785083,202772.145,,,1,1.0003304481506348,49.98348305046369,2495.1754738791474,,11A/E1D56000,11A/E1D56000,0.192455,0.190875,7.0,36.9,0.0,15289411.642198542,0.0,32.989098813306036,9278.933793488079,5052197.510675956,1006.08,1
2026-09-13T00:59:47.738056+00:00,1789261187.7380564,D_rowsize_rep2,r3-sub,D05,load,16,1,100000,6,0,144249417,709018958,10739,27473,17860971399,7662793961,202775.207,,,1,1.0008363723754883,64.94568122631505,3273.262333806278,,11A/E23CFAF8,11A/E23CFAF8,0.130087,0.128733,0.8,36.9,0.0,6810048.263756452,0.0,12.989136245263008,12247.756314956458,6362605.4925299175,1006.08,1
2026-09-13T00:59:48.738479+00:00,1789261188.7384799,D_rowsize_rep2,r3-sub,D05,load,16,1,100000,6,0,144249470,709021610,10739,27473,17860971399,7662801149,202777.878,,,1,1.0004234313964844,52.977567634554156,2650.8775352233515,,11A/E2A87808,11A/E2A87808,0.053955,0.052653,1.8,36.9,0.0,23816347.410756707,0.0,24.989418695544412,13179.419420030123,6570421.8770890925,1006.07,1
2026-09-13T00:59:49.739562+00:00,1789261189.739562,D_rowsize_rep2,r3-sub,D05,load,16,1,100000,6,0,144249551,709025718,10739,27473,17860971399,7662812281,202782.049,,,1,1.001082181930542,80.91243802161691,4103.559202380275,,11A/E2FFFDB8,11A/E2FFFDB8,0.029992,0.028680,1.0,36.8,0.0,13567653.33072563,0.0,12.985946842975553,11111.97482163539,5452329.587441112,1006.07,1
2026-09-13T00:59:50.740474+00:00,1789261190.740475,D_rowsize_rep2,r3-sub,D05,load,16,1,100000,6,0,144249602,709028266,10739,27473,17860971399,7662819189,202784.634,,,1,1.0009129047393799,50.953484322673916,2545.6760402779046,,11A/E3613DE8,11A/E3613DE8,0.159819,0.158308,1.2,36.8,0.0,15534234.72349828,0.0,24.97719819738917,11254.725507743562,5958192.737611695,1006.06,1
2026-09-13T00:59:51.740566+00:00,1789261191.740566,D_rowsize_rep2,r3-sub,D05,load,16,1,100000,6,0,144249666,709031490,10739,27473,17860971399,7662827924,202788.051,,,1,1.0000910758972168,63.9941716733982,3223.7063980474345,,11A/E3C7DFC8,11A/E3C7DFC8,0.081188,0.080273,0.0,36.9,0.0,6741402.02076246,0.0,10.998998256365315,14083.717312809587,6269455.003760472,1006.06,1
2026-09-13T00:59:52.740923+00:00,1789261192.7409236,D_rowsize_rep2,r3-sub,D05,load,16,1,100000,6,0,144249729,709034662,10739,27473,17860971399,7662836522,202791.103,,,1,1.0003576278686523,62.97747749894895,3170.8660099470803,,11A/E4209A68,11A/E4209A68,0.051142,0.048576,2.1,36.8,0.0,14031973.775125816,0.0,30.988917499482817,13301.243104778012,5456636.554698933,1006.05,1
2026-09-13T00:59:53.742130+00:00,1789261193.7421303,D_rowsize_rep2,r3-sub,D05,load,16,1,100000,6,0,144249766,709036430,10739,27473,17860971399,7662841312,202793.277,,,1,1.001206636428833,36.95540825815332,1765.8692378490557,,11A/E47FFF18,11A/E47FFF18,0.135473,0.134385,0.0,36.8,0.0,14367815.27069164,0.0,15.98071708460684,11248.427237927639,5754471.445125632,1006.04,1
2026-09-13T00:59:54.742541+00:00,1789261194.7425416,D_rowsize_rep2,r3-sub,D05,load,16,1,100000,6,0,144249847,709040590,10739,27473,17860971399,7662852588,202797.238,,,1,1.0004112720489502,80.96670065912319,4158.289811629043,,11A/E4E93FB0,11A/E4E93FB0,0.036553,0.035771,0.8,36.8,0.0,16303566.798677512,0.0,18.99218904349803,12330.928633715353,6469555.252755403,1006.04,1
2026-09-13T00:59:55.743543+00:00,1789261195.7435434,D_rowsize_rep2,r3-sub,D05,load,16,1,100000,6,0,144249880,709042202,10739,27473,17860971399,7662856954,202799.132,,,1,1.0010018348693848,32.96697253737401,1610.3866584923303,,11A/E541FB28,11A/E541FB28,0.016084,0.015406,0.2,36.8,0.0,5532249.599445136,0.0,14.984987516988186,12832.144310380883,5569879.900097797,1006.03,1
2026-09-13T00:59:56.744825+00:00,1789261196.7448258,D_rowsize_rep2,r3-sub,D05,load,16,1,100000,6,0,144249963,709046414,10739,27473,17860971399,7662868370,202803.233,,,1,1.0012824535369873,82.89369269061498,4206.60522425145,,11A/E5A17E28,11A/E5A17E28,0.117245,0.115857,0.6,36.8,0.0,15193059.606969383,0.0,17.976945402783972,10879.048126251433,5857431.116746669,1006.03,1
2026-09-13T00:59:57.745958+00:00,1789261197.745958,D_rowsize_rep2,r3-sub,D05,load,16,1,100000,6,0,144250029,709049742,10739,27473,17860971399,7662877385,202807.026,,,1,1.0011322498321533,65.92535602670412,3324.2361341950195,,11A/E5FFFE08,11A/E5FFFE08,0.011762,0.010683,0.8,36.8,0.0,14655278.563306537,0.0,13.984166429906933,12103.296045084451,5859139.989730066,1006.02,1
2026-09-13T00:59:58.746882+00:00,1789261198.7468822,D_rowsize_rep2,r3-sub,D05,load,16,1,100000,6,0,144250080,709052290,10739,27473,17860971399,7662884291,202809.546,,,1,1.0009241104125977,50.9529138817297,2545.647540600927,,11A/E65B39B0,11A/E65B39B0,0.186898,0.185244,7.4,36.9,0.0,5950085.46406681,0.0,8.991690685011124,11053.785082107008,5554095.402605891,1006.02,1
2026-09-13T00:59:59.748403+00:00,1789261199.7484033,D_rowsize_rep2,r3-sub,D05,load,16,1,100000,6,0,144250148,709055722,10739,27473,17860971399,7662893593,202812.928,,,1,1.001521110534668,67.89672158153292,3426.7874774679553,,11A/E6C47FE8,11A/E6C47FE8,0.121159,0.118662,1.4,36.8,0.0,23679820.375767376,0.0,25.960511192939055,12655.74920655779,6459083.020772807,1006.01,1
2026-09-13T01:00:00.749660+00:00,1789261200.7496605,D_rowsize_rep2,r3-sub,D05,load,16,1,100000,6,0,144250211,709058894,10739,27473,17860971399,7662902189,202815.979,,,1,1.0012571811676025,62.9208970332012,3168.0172284018126,,11A/E72C1898,11A/E72C1898,0.060116,0.058493,1.0,36.8,0.0,15357077.371539086,0.0,20.9736323444004,13745.71914076108,6363297.182618154,1006.0,1
2026-09-13T01:00:01.750811+00:00,1789261201.7508118,D_rowsize_rep2,r3-sub,D05,load,16,1,100000,6,0,144250277,709062222,10739,27473,17860971399,7662911207,202819.592,,14420,1,1.0011513233184814,65.92410004636672,3324.1728023380065,1760,11A/E784DDC0,11A/E784DDC0,0.059917,0.058865,0.0,36.8,0.0,5834178.973703382,0.0,10.987350007727786,10634.755957479794,5452318.618434805,1006.0,1
2026-09-13T01:00:02.751288+00:00,1789261202.7512882,D_rowsize_rep2,r3-sub,D05,load,16,1,100000,6,0,144250329,709064822,10739,27473,17860971399,7662918256,202822.229,,,1,1.000476360321045,51.97524105748347,2598.7620528741736,,11A/E7E6B9B0,11A/E7E6B9B0,0.169926,0.168509,1.8,36.9,0.0,14894153.016487373,0.0,18.990953463311268,11730.412097127422,6061796.400720444,1005.99,1
2026-09-13T01:00:03.752223+00:00,1789261203.752223,D_rowsize_rep2,r3-sub,D05,load,16,1,100000,6,0,144250396,709068046,10739,27473,17860971399,7662927693,202825.489,,,1,1.0009348392486572,66.9374242685897,3220.988893163182,,11A/E84D98A8,11A/E84D98A8,0.093206,0.091873,0.2,36.8,0.0,15075570.7647532,0.0,15.985056541752764,12774.058308928177,6264461.735298132,1005.99,1
2026-09-13T01:00:04.752247+00:00,1789261204.752247,D_rowsize_rep2,r3-sub,D05,load,16,1,100000,6,0,144250463,709071426,10739,27473,17860971399,7662936855,202828.805,,,1,1.0000240802764893,66.99838666032488,3379.918610625345,,11A/E8A65F10,11A/E8A65F10,0.059430,0.058491,1.0,36.9,0.0,5869426.662583131,0.0,11.999711043640279,9752.765150718637,5458086.567766346,1005.98,1
2026-09-13T01:00:05.753229+00:00,1789261205.7532299,D_rowsize_rep2,r3-sub,D05,load,16,1,100000,6,0,144250513,709073922,10739,27473,17860971399,7662943621,202831.312,,,1,1.0009827613830566,49.95091017443204,2493.5494359076474,,11A/E8FFFA90,11A/E8FFFA90,0.146395,0.145455,0.0,36.8,0.0,14440592.343496349,0.0,20.979382273261457,11005.184529630866,5553892.848582778,1005.98,1
2026-09-13T01:00:06.754779+00:00,1789261206.7547793,D_rowsize_rep2,r3-sub,D05,load,16,1,100000,6,0,144250563,709076418,10739,27473,17860971399,7662950383,202833.916,,,1,1.001549482345581,49.92264574177842,2492.1384754295786,,11A/E96F79F8,11A/E96F79F8,0.037148,0.035838,0.6,36.8,0.0,15614333.865337651,0.0,17.97215246704023,12586.497444417175,6764872.948795742,1005.97,1
2026-09-13T01:00:07.755844+00:00,1789261207.755844,D_rowsize_rep2,r3-sub,D05,load,16,1,100000,6,0,144250644,709080526,10739,27473,17860971399,7662961521,202838.291,,,1,1.0010647773742676,80.91384476882516,4103.630547041157,,11A/E9BDFAB0,11A/E9BDFAB0,0.201228,0.200761,0.0,36.9,0.0,5106370.8518523285,0.0,9.98936355170681,11709.531955310722,4947847.643777583,1005.96,1
2026-09-13T01:00:08.757148+00:00,1789261208.7571487,D_rowsize_rep2,r3-sub,D05,load,16,1,100000,6,0,144250697,709083178,10739,27473,17860971399,7662968704,202840.994,,,1,1.0013046264648438,52.93094488848929,2648.5446385712,,11A/EA2A1E68,11A/EA2A1E68,0.084989,0.083525,1.0,36.9,0.0,15519976.228278842,0.0,18.975244393986728,11436.08018713379,6460614.311589952,1005.96,1
2026-09-13T01:00:09.757287+00:00,1789261209.7572877,D_rowsize_rep2,r3-sub,D05,load,16,1,100000,6,0,144250760,709086350,10739,27473,17860971399,7662977303,202844.298,,,1,1.0001389980316162,62.99124434102754,3171.5591595196724,,11A/EA7FFEB8,11A/EA7FFEB8,0.042855,0.041474,0.6,36.8,0.0,14121045.202512488,0.0,13.99805429800612,10742.506812698412,5359758.004187479,1005.95,1
2026-09-13T01:00:10.758343+00:00,1789261210.7583437,D_rowsize_rep2,r3-sub,D05,load,16,1,100000,6,0,144250812,709088950,10739,27473,17860971399,7662984347,202847.278,,,1,1.0010559558868408,51.945148214949604,2597.25741074748,,11A/EAE25990,11A/EAE25990,0.149632,0.148204,4.3,36.8,0.0,23445322.77339855,0.0,28.969409581414205,13958.260692451746,6074417.682888623,1005.95,1
2026-09-13T01:00:11.759629+00:00,1789261211.759629,D_rowsize_rep2,r3-sub,D05,load,16,1,100000,6,0,144250877,709092226,10739,27473,17860971399,7662993225,202850.513,,,1,1.0012853145599365,64.91656179794009,3271.7947146161805,,11A/EB489BF0,11A/EB489BF0,0.083301,0.080985,0.2,36.8,0.0,6708817.059753149,0.0,10.98587968888217,12826.513894937609,6261294.267314174,1005.94,1
2026-09-13T01:00:12.760777+00:00,1789261212.7607775,D_rowsize_rep2,r3-sub,D05,load,16,1,100000,6,0,144250942,709095502,10739,27473,17860971399,7663002107,202853.836,,,1,1.0011484622955322,64.92543558520939,3272.241953494553,,11A/EBB37988,11A/EBB37988,0.011048,0.009631,1.2,36.8,0.0,15485575.400527872,0.0,26.969027089240818,13871.069599566195,6565716.522131179,1005.93,1
2026-09-13T01:00:13.762438+00:00,1789261213.762439,D_rowsize_rep2,r3-sub,D05,load,16,1,100000,6,0,144251007,709098778,10739,27473,17860971399,7663010984,202857.084,,,1,1.0016615390777588,64.89217910857019,3270.5658270719373,,11A/EC0ADB18,11A/EC0ADB18,0.020059,0.018687,0.8,36.8,0.0,13240847.81393449,0.0,13.976777038768963,9488.234926890016,5348302.586253262,1005.93,1
2026-09-13T01:00:14.764076+00:00,1789261214.7640767,D_rowsize_rep2,r3-sub,D05,load,16,1,100000,6,0,144251060,709101430,10739,27473,17860971399,7663018172,202859.862,,,1,1.0016376972198486,52.913343963697756,2647.663928145782,,11A/EC6BDEE8,11A/EC6BDEE8,0.141351,0.137453,1.8,36.9,0.0,7238066.239043239,0.0,11.98037976536553,11246.58150473689,5953855.387584372,1005.92,1
2026-09-13T01:00:15.765045+00:00,1789261215.7650452,D_rowsize_rep2,r3-sub,D05,load,16,1,100000,6,0,144251126,709104758,10739,27473,17860971399,7663027188,202863.09,,,1,1.0009684562683105,65.9361437282981,3324.7800958753955,,11A/ECD6BF58,11A/ECD6BF58,0.058229,0.054656,1.0,36.8,0.0,15897563.904585736,0.0,78.92356597781136,13492.93268476355,6566838.304281237,1005.92,1
2026-09-13T01:00:16.765329+00:00,1789261216.7653294,D_rowsize_rep2,r3-sub,D05,load,16,1,100000,6,0,144251159,709106370,10739,27473,17860971399,7663031560,202864.738,,,1,1.000284194946289,32.990624231318534,1611.5420079056207,,11A/ED2C5838,11A/ED2C5838,0.045898,0.044537,1.0,36.8,0.0,16256499.984859955,0.0,29.991476573925944,9804.21369201639,5254656.653134695,1005.91,1
2026-09-13T01:00:17.765544+00:00,1789261217.765544,D_rowsize_rep2,r3-sub,D05,load,16,1,100000,6,0,144251241,709110530,10739,27473,17860971399,7663042832,202868.868,,,1,1.0002145767211914,81.98240848359221,4159.107552338337,,11A/ED8BD8D8,11A/ED8BD8D8,0.137240,0.136216,0.2,36.8,0.0,14423017.15626892,0.0,15.996567508993603,11244.587173353191,5760184.99838959,1005.91,1
2026-09-13T01:00:18.766639+00:00,1789261218.7666397,D_rowsize_rep2,r3-sub,D05,load,16,1,100000,6,0,144251275,709112194,10739,27473,17860971399,7663047344,202870.513,,,1,1.0010957717895508,33.96278453880778,1662.1786315463573,,11A/EDFFFB68,11A/EDFFFB68,0.042993,0.042480,1.2,36.8,0.0,6849198.841128867,0.0,9.989054276119937,13059.689560599205,6264399.647587702,1005.9,1
2026-09-13T01:00:19.767118+00:00,1789261219.7671187,D_rowsize_rep2,r3-sub,D05,load,16,1,100000,6,0,144251374,709117238,10739,27473,17860971399,7663061013,202875.886,,,1,1.000478982925415,98.9526033925496,5041.5851667880825,,11A/EE71BA58,11A/EE71BA58,0.203586,0.202386,0.8,36.8,0.0,14017989.622322263,0.0,13.99329744945146,10330.052081434345,5253627.602082114,1005.89,1
2026-09-13T01:00:20.767823+00:00,1789261220.7678235,D_rowsize_rep2,r3-sub,D05,load,16,1,100000,6,0,144251423,709119682,10739,27473,17860971399,7663067633,202878.592,,,1,1.0007047653198242,48.96549082020175,2442.2787666239406,,11A/EED95FF8,11A/EED95FF8,0.034033,0.032461,1.6,36.8,0.0,15230482.084422695,0.0,22.98380181356409,10486.60940137137,6363411.288408152,1005.89,1
2026-09-13T01:00:21.768395+00:00,1789261221.7683954,D_rowsize_rep2,r3-sub,D05,load,16,1,100000,6,0,144251475,709122282,10739,27473,17860971399,7663074679,202881.031,,,1,1.0005719661712646,51.97027476092542,2598.513738046271,,11A/EF285C28,11A/EF285C28,0.156079,0.155363,0.0,36.8,0.0,13574571.80413863,0.0,12.992568690231355,9156.762641530744,4852328.632170539,1005.88,1
2026-09-13T01:00:22.769544+00:00,1789261222.7695446,D_rowsize_rep2,r3-sub,D05,load,16,1,100000,6,0,144251539,709125506,10739,27473,17860971399,7663083419,202884.231,,,1,1.0011491775512695,63.92653705868176,3220.299304331094,,11A/EF811EB8,11A/EF811EB8,0.061629,0.060525,1.8,36.9,0.0,5834191.478123533,0.0,8.989669273877123,13422.575078040087,5453308.180658633,1005.88,1
2026-09-13T01:00:23.770674+00:00,1789261223.770674,D_rowsize_rep2,r3-sub,D05,load,16,1,100000,6,0,144251588,709127950,10739,27473,17860971399,7663090043,202886.578,,,1,1.001129388809204,48.944722378276374,2441.242887602193,,11A/EFE07C50,11A/EFE07C50,0.097176,0.095709,0.6,36.8,0.0,14659411.82433608,0.0,16.98082204960609,11812.658915214211,5855899.412735431,1005.87,1
2026-09-13T01:00:24.771670+00:00,1789261224.7716708,D_rowsize_rep2,r3-sub,D05,load,16,1,100000,6,0,144251655,709131330,10739,27473,17860971399,7663099200,202889.843,,,1,1.0009968280792236,66.93327902803036,3376.6340763394414,,11A/F0397C98,11A/F0397C98,0.006095,0.004642,6.8,36.8,0.0,14248069.124621857,0.0,16.983070798156955,10789.244977652654,5455926.379386851,1005.87,1
2026-09-13T01:00:25.772185+00:00,1789261225.7721858,D_rowsize_rep2,r3-sub,D05,load,16,1,100000,6,0,144251705,709133826,10739,27473,17860971399,7663105966,202892.566,,,1,1.0005149841308594,49.97426404706439,2494.715261229454,,11A/F098DCE0,11A/F098DCE0,0.051317,0.049941,0.0,36.9,0.0,6492912.253226526,0.0,17.99073505694318,15345.09751829159,5875675.120554829,1005.86,1
2026-09-13T01:00:26.773313+00:00,1789261226.7733138,D_rowsize_rep2,r3-sub,D05,load,16,1,100000,6,0,144251753,709136218,10739,27473,17860971399,7663112450,202895.052,,,1,1.0011279582977295,47.945919002818506,2389.3049636404553,,11A/F0E7DA10,11A/F0E7DA10,0.196712,0.195151,0.8,36.9,0.0,13583398.492958501,0.0,14.983099688380783,8914.944314586566,4848822.730167288,1005.86,1
2026-09-13T01:00:27.774314+00:00,1789261227.774315,D_rowsize_rep2,r3-sub,D05,load,16,1,100000,6,0,144251820,709139598,10739,27473,17860971399,7663121612,202898.818,,,1,1.0010013580322266,66.93297612673467,3376.6187956472113,,11A/F1511A10,11A/F1511A10,0.083511,0.081485,0.4,36.8,0.0,15295531.696478555,0.0,17.981993586286926,13099.882327610025,6465775.443824753,1005.85,1
2026-09-13T01:00:28.774596+00:00,1789261228.7745965,D_rowsize_rep2,r3-sub,D05,load,16,1,100000,6,0,144251870,709142094,10739,27473,17860971399,7663128378,202901.238,,,1,1.0002813339233398,49.98593726015878,2495.2979880271264,,11A/F1BA5FB0,11A/F1BA5FB0,0.021608,0.020991,0.8,36.8,0.0,14233691.579704272,0.0,14.995781178047634,11987.627473731278,6265173.394188609,1005.84,1
2026-09-13T01:00:29.775742+00:00,1789261229.775743,D_rowsize_rep2,r3-sub,D05,load,16,1,100000,6,0,144251938,709145474,10739,27473,17860971399,7663137538,202904.546,,,1,1.0011465549468994,67.92212355323612,3376.1290824990897,,11A/F2119E20,11A/F2119E20,0.068169,0.066842,0.2,36.9,0.0,5744197.961411375,0.0,11.986257097629904,10841.569544806249,5451958.030549785,1005.84,1
2026-09-13T01:00:30.775878+00:00,1789261230.775879,D_rowsize_rep2,r3-sub,D05,load,16,1,100000,6,0,144252003,709148802,10739,27473,17860971399,7663146557,202907.928,,,1,1.000135898590088,64.99116779192892,3327.5477909467604,,11A/F27619F0,11A/F27619F0,0.152771,0.151829,1.2,36.9,0.0,16021374.717764586,0.0,16.9976900378891,11824.393081651559,6168034.772770767,1005.83,1
2026-09-13T01:00:31.776239+00:00,1789261231.7762396,D_rowsize_rep2,r3-sub,D05,load,16,1,100000,6,0,144252069,709152130,10739,27473,17860971399,7663155573,202911.603,,16159,1,1.0003607273101807,65.97620058262788,3326.799932408873,1739,11A/F2DF5C98,11A/F2DF5C98,0.087511,0.086095,0.6,36.8,0.0,15325799.565546352,0.0,16.993869847040518,13426.156818564776,6466612.316333148,1005.83,1
2026-09-13T01:00:32.776929+00:00,1789261232.7769296,D_rowsize_rep2,r3-sub,D05,load,16,1,100000,6,0,144252135,709155458,10739,27473,17860971399,7663164601,202915.097,,,1,1.00068998336792,65.95449249713738,3325.7053186435332,,11A/F346F9B0,11A/F346F9B0,0.013138,0.012023,0.8,36.9,0.0,6933839.765885717,0.0,11.991725908570432,12576.32254661324,6464482.614513778,1005.82,1
2026-09-13T01:00:33.777362+00:00,1789261233.7773335,D_rowsize_rep2,r3-sub,D05,load,16,1,100000,6,0,144252205,709158838,10739,27473,17860971399,7663173896,202918.57,,,1,1.000403881072998,69.9717397386748,3378.635433096012,,11A/F39FBA20,11A/F39FBA20,0.025877,0.024688,0.4,36.8,0.0,22608980.660631392,0.0,19.99192563962137,10198.880865052843,5459228.121088713,1005.82,1
2026-09-13T01:00:34.777657+00:00,1789261234.7776573,D_rowsize_rep2,r3-sub,D05,load,16,1,100000,6,0,144252255,709161334,10739,27473,17860971399,7663180660,202921.044,,,1,1.00032377243042,49.98381661821186,2495.1921255811358,,11A/F3FFFE18,11A/F3FFFE18,0.138655,0.137362,1.2,36.8,0.0,14671217.86413491,0.0,15.994821317827794,11918.141234446435,5860639.486509638,1005.81,1
2026-09-13T01:00:35.778653+00:00,1789261235.7786536,D_rowsize_rep2,r3-sub,D05,load,16,1,100000,6,0,144252321,709164662,10739,27473,17860971399,7663189678,202924.781,,,1,1.0009963512420654,65.93430627205112,3324.6874435361533,,11A/F466DAE8,11A/F466DAE8,0.072548,0.071476,0.8,36.8,0.0,15385630.50793346,0.0,20.979097450198083,12662.383818155271,6361608.603366502,1005.8,1
2026-09-13T01:00:36.778831+00:00,1789261236.7788317,D_rowsize_rep2,r3-sub,D05,load,16,1,100000,6,0,144252370,709167106,10739,27473,17860971399,7663196307,202927.191,,,1,1.0001780986785889,48.991274718710216,2443.564804337301,,11A/F4BFBA10,11A/F4BFBA10,0.042864,0.042011,7.0,36.9,0.0,5860332.282564384,0.0,9.998219330349023,10837.069932165306,5460463.498666405,1005.8,1
2026-09-13T01:00:37.779387+00:00,1789261237.779388,D_rowsize_rep2,r3-sub,D05,load,16,1,100000,6,0,144252433,709170278,10739,27473,17860971399,7663204901,202930.433,,,1,1.000556230545044,62.96497695654878,3170.2366175582974,,11A/F51F3FC0,11A/F51F3FC0,0.135974,0.134757,0.4,36.8,0.0,14655528.147590559,0.0,14.991661180130661,13379.557881227278,5859475.780592889,1005.79,1
2026-09-13T01:00:38.780428+00:00,1789261238.7804282,D_rowsize_rep2,r3-sub,D05,load,16,1,100000,6,0,144252486,709172930,10739,27473,17860971399,7663212095,202933.226,,,1,1.0010402202606201,52.94492561567755,2649.2442025052237,,11A/F58878A8,11A/F58878A8,0.028263,0.027219,1.6,36.8,0.0,14513414.851820352,0.0,62.93453422240916,13204.264656377845,6361369.774275502,1005.79,1
2026-09-13T01:00:39.781008+00:00,1789261239.7810085,D_rowsize_rep2,r3-sub,D05,load,16,1,100000,6,0,144252552,709176258,10739,27473,17860971399,7663221113,202936.647,,,1,1.0005803108215332,65.96172169909106,3326.0698456753794,,11A/F5D78000,11A/F5D78000,0.190054,0.187830,0.6,36.8,0.0,16841170.8862874,0.0,31.981440823801723,10182.091222277873,4953101.661505674,1005.78,1
2026-09-13T01:00:40.781776+00:00,1789261240.7817762,D_rowsize_rep2,r3-sub,D05,load,16,1,100000,6,0,144252586,709177922,10739,27473,17860971399,7663225619,202938.555,,,1,1.000767707824707,33.97391795734819,1662.7235141478643,,11A/F6429888,11A/F6429888,0.064512,0.063264,0.8,36.8,0.0,7072458.418332331,0.0,15.987726097575619,16207.557331417283,6581266.510203634,1005.78,1
2026-09-13T01:00:41.782795+00:00,1789261241.782795,D_rowsize_rep2,r3-sub,D05,load,16,1,100000,6,0,144252684,709182914,10739,27473,17860971399,7663239155,202943.846,,,1,1.001018762588501,97.90026287477876,4986.919512968322,,11A/F69999A8,11A/F69999A8,0.045282,0.044309,0.2,36.8,0.0,14125001.976423917,0.0,13.985751839254108,11295.492574746158,5354286.253476833,1005.77,1
2026-09-13T01:00:42.783917+00:00,1789261242.783918,D_rowsize_rep2,r3-sub,D05,load,16,1,100000,6,0,144252735,709185462,10739,27473,17860971399,7663246107,202946.321,,,1,1.0011229515075684,50.94279371300024,2545.141929033816,,11A/F6F91ED0,11A/F6F91ED0,0.156411,0.155473,3.7,36.8,0.0,16062858.189180603,0.0,27.96859262674523,12028.492586116645,5859030.592762968,1005.76,1
2026-09-13T01:00:43.784774+00:00,1789261243.7847743,D_rowsize_rep2,r3-sub,D05,load,16,1,100000,6,0,144252789,709187854,10752,27473,17860971399,7663344945,202948.826,,,1,1.0008563995361328,53.95379399584935,2389.9532451494747,,11A/F7625AE0,11A/F7625AE0,0.063155,0.061102,0.2,36.8,0.0,8446910.070134182,0.0,22.980319664898797,12340.431660050654,6362519.141558534,1005.76,1
2026-09-13T01:00:44.785559+00:00,1789261244.785559,D_rowsize_rep2,r3-sub,D05,load,16,1,100000,6,0,144252872,709192066,10752,27473,17860971399,7663356392,202953.139,,,1,1.0007846355438232,82.9349263089936,4208.697706186519,,11A/F7BB3F38,11A/F7BB3F38,0.062598,0.061372,0.4,36.8,0.0,14750410.30378967,0.0,22.981967531407864,11025.349119198017,5554951.387697003,1005.75,1
2026-09-13T01:00:45.787436+00:00,1789261245.7874367,D_rowsize_rep2,r3-sub,D05,load,16,1,100000,6,0,144252921,709194510,10752,27473,17860971399,7663363018,202955.738,,,1,1.001877784729004,48.90816100214651,2439.419295698899,,11A/F81C3B98,11A/F81C3B98,0.179405,0.178423,0.6,36.8,0.0,14856965.816470498,0.0,21.958766164229043,11555.301631058164,5955622.62278722,1005.75,1
2026-09-13T01:00:46.787543+00:00,1789261246.7875433,D_rowsize_rep2,r3-sub,D05,load,16,1,100000,6,0,144252989,709197942,10752,27473,17860971399,7663372314,202959.799,,,1,1.0001065731048584,67.99275380111955,3431.6342800800335,,11A/F8861858,11A/F8861858,0.087073,0.085400,1.2,36.8,0.0,15440274.482008586,0.0,19.99786876503516,12730.643255821382,6569357.883133468,1005.74,1
2026-09-13T01:00:47.788893+00:00,1789261247.788893,D_rowsize_rep2,r3-sub,D05,load,16,1,100000,6,0,144253054,709201218,10752,27473,17860971399,7663381197,202963.452,,,1,1.001349687576294,64.91238855561892,3271.5843832031933,,11A/F8ED58B0,11A/F8ED58B0,0.009354,0.007768,1.0,36.8,0.0,6708385.775062411,0.0,10.98517344787397,12496.134123022453,6258286.268774144,1005.73,1
2026-09-13T01:00:48.790259+00:00,1789261248.7902591,D_rowsize_rep2,r3-sub,D05,load,16,1,100000,6,0,144253072,709202050,10752,27473,17860971399,7663383457,202964.359,,,1,1.001366138458252,17.975443055937166,830.864923474429,,11A/F93C3F80,11A/F93C3F80,0.178254,0.176108,4.7,36.8,0.0,13563805.963033633,0.0,12.982264429287953,9976.370896045128,4848555.202271219,1005.73,1
2026-09-13T01:00:49.791248+00:00,1789261249.7912486,D_rowsize_rep2,r3-sub,D05,load,16,1,100000,6,0,144253170,709207042,10752,27473,17860971399,7663396981,202969.455,,,1,1.0009894371032715,97.9031310096526,4987.0656122467935,,11A/F9A57A60,11A/F9A57A60,0.069889,0.067897,0.2,36.9,0.0,15201598.973946124,0.0,16.983196195551983,12353.776714952695,6361590.606218385,1005.72,1
2026-09-13T01:00:50.792406+00:00,1789261250.7924068,D_rowsize_rep2,r3-sub,D05,load,16,1,100000,6,0,144253220,709209538,10752,27473,17860971399,7663403753,202971.693,,,1,1.0011582374572754,49.942155125236894,2493.1123838518256,,11A/F9FE59E8,11A/F9FE59E8,0.040966,0.039736,1.6,36.9,0.0,14397148.68311725,0.0,18.97801894759002,10805.484682896255,5552842.489833924,1005.72,1
2026-09-13T01:00:51.793792+00:00,1789261251.7937927,D_rowsize_rep2,r3-sub,D05,load,16,1,100000,6,0,144253287,709212918,10752,27473,17860971399,7663412911,202975.208,,,1,1.0013859272003174,66.90727139267787,3375.3220493619583,,11A/FA5F78C8,11A/FA5F78C8,0.140501,0.139365,1.0,36.9,0.0,6389097.176437704,0.0,10.984775900290396,11899.508147987306,5958646.749392933,1005.71,1
2026-09-13T01:00:52.794895+00:00,1789261252.7948956,D_rowsize_rep2,r3-sub,D05,load,16,1,100000,6,0,144253354,709216298,10752,27473,17860971399,7663422080,202978.397,,,1,1.0011029243469238,66.92618548058672,3376.276222751987,,11A/FACA3AB8,11A/FACA3AB8,0.075018,0.073259,2.3,36.8,0.0,15420816.006576914,0.0,28.968050431895744,15311.113000693034,6563054.44745971,1005.71,1
2026-09-13T01:00:53.796181+00:00,1789261253.7961814,D_rowsize_rep2,r3-sub,D05,load,16,1,100000,6,0,144253415,709219366,10752,27473,17860971399,7663430390,202981.657,,,1,1.0012857913970947,60.921667444103704,3064.0602576804945,,11A/FB305AB0,11A/FB305AB0,0.043373,0.042987,0.4,36.8,0.0,14980290.471385911,0.0,22.970464774006317,11957.624988659896,6157899.226150839,1005.7,1
2026-09-13T01:00:54.797532+00:00,1789261254.7975323,D_rowsize_rep2,r3-sub,D05,load,16,1,100000,6,0,144253484,709222850,10752,27473,17860971399,7663439836,202984.982,,,1,1.0013508796691895,68.9069150493932,3479.2998845229845,,11A/FB893FD8,11A/FB893FD8,0.045764,0.044713,0.6,36.8,0.0,14337112.286497284,0.0,23.9676226258759,11255.79477567697,5554941.941867203,1005.7,1
2026-09-13T01:00:55.799184+00:00,1789261255.7991843,D_rowsize_rep2,r3-sub,D05,load,16,1,100000,6,0,144253534,709225346,10752,27473,17860971399,7663446598,202987.389,,,1,1.0016520023345947,49.91753611380278,2491.8834028010347,,11A/FBE87D28,11A/FBE87D28,0.186412,0.185337,0.4,36.9,0.0,6420113.956755077,0.0,15.97361155641689,14294.385641548564,5868918.532882133,1005.69,1
2026-09-13T01:00:56.799602+00:00,1789261256.7996025,D_rowsize_rep2,r3-sub,D05,load,16,1,100000,6,0,144253600,709228674,10752,27473,17860971399,7663455620,202990.542,,,1,1.0004181861877441,65.97241124884356,3326.6088581235053,,11A/FC537AA0,11A/FC537AA0,0.083673,0.082170,1.0,36.8,0.0,23939300.91501309,0.0,29.987459658565253,13326.427072266399,6670795.365516873,1005.68,1
2026-09-13T01:00:57.799809+00:00,1789261257.799809,D_rowsize_rep2,r3-sub,D05,load,16,1,100000,6,0,144253667,709232054,10752,27473,17860971399,7663464777,202993.857,,,1,1.000206470489502,66.98616933282798,3379.3022738053523,,11A/FCBCBC88,11A/FCBCBC88,0.005039,0.002902,0.8,36.8,0.0,14582845.07283948,0.0,20.99566501476698,12531.412633099493,6369690.846812882,1005.68,1
2026-09-13T01:00:58.801108+00:00,1789261258.8011086,D_rowsize_rep2,r3-sub,D05,load,16,1,100000,6,0,144253716,709234498,10752,27473,17860971399,7663471401,202996.035,,,1,1.0012996196746826,48.93640129007525,2440.8278521008965,,11A/FD109F20,11A/FD109F20,0.037337,0.035855,1.2,36.8,0.0,6152388.235203244,0.0,10.985722738588322,10426.449580987462,5148413.021144329,1005.67,1
2026-09-13T01:00:59.802235+00:00,1789261259.8022358,D_rowsize_rep2,r3-sub,D05,load,16,1,100000,6,0,144253782,709237826,10752,27473,17860971399,7663480419,202999.18,,,1,1.0011272430419922,65.92568572947289,3324.25275920736,,11A/FD733FF0,11A/FD733FF0,0.070593,0.069206,0.8,36.8,0.0,14868104.03318098,0.0,15.981984419266155,10979.623296035848,6057738.456474731,1005.67,1
2026-09-13T01:01:00.803389+00:00,1789261260.8033898,D_rowsize_rep2,r3-sub,D05,load,16,1,100000,6,0,144253847,709241102,10752,27473,17860971399,7663489297,203002.434,,,1,1.0011539459228516,64.92507996867933,3272.2240304214383,,11A/FDCBFE68,11A/FDCBFE68,0.018645,0.017391,0.6,36.8,0.0,13521676.716283128,0.0,20.975795066804093,11248.02039272766,5455314.861657519,1005.66,1
2026-09-13T01:01:01.804381+00:00,1789261261.8043816,D_rowsize_rep2,r3-sub,D05,load,16,1,100000,6,0,144253882,709242818,10752,27473,17860971399,7663493947,203004.0,,17918,1,1.0009918212890625,34.965320650599836,1714.2997210408378,1759,11A/FE2B5FA8,11A/FE2B5FA8,0.085073,0.083870,0.2,36.9,0.0,7021771.6573832715,0.0,11.988109937348517,11532.561759729273,5856592.3070684895,1005.65,1
2026-09-13T01:01:02.805501+00:00,1789261262.8055012,D_rowsize_rep2,r3-sub,D05,load,16,1,100000,6,0,144253963,709246926,10752,27473,17860971399,7663505081,203008.391,,,1,1.001119613647461,80.90941271731364,4103.405770897833,,11A/FE841B08,11A/FE841B08,0.037366,0.036005,5.5,36.9,0.0,13665340.09872827,0.0,64.92730650154799,10374.384697308884,5452169.6764220055,1005.65,1
2026-09-13T01:01:03.807013+00:00,1789261263.8070133,D_rowsize_rep2,r3-sub,D05,load,16,1,100000,6,0,144254015,709249370,10752,27473,17860971399,7663511954,203010.728,,,1,1.001512050628662,51.92149207526652,2440.3101275375266,,11A/FEE3BFE0,11A/FEE3BFE0,0.122640,0.121886,0.2,36.8,0.0,17156778.082913913,0.0,32.95017766314991,11871.050370823916,5756145.416704002,1005.64,1
2026-09-13T01:01:04.808233+00:00,1789261264.8081572,D_rowsize_rep2,r3-sub,D05,load,16,1,100000,6,0,144254084,709252854,10752,27473,17860971399,7663521394,203014.223,,,1,1.0011439323425293,68.92115885729854,3480.0190936062045,,11A/FF4EFDA8,11A/FF4EFDA8,0.045652,0.044131,2.5,36.8,0.0,15612476.383318147,0.0,19.97714749486914,13080.03732226557,6764469.904096638,1005.64,1
2026-09-13T01:01:05.809863+00:00,1789261265.809863,D_rowsize_rep2,r3-sub,D05,load,16,1,100000,6,0,144254150,709256182,10752,27473,17860971399,7663530412,203017.515,,,1,1.0017058849334717,65.88760333017649,3322.332483073142,,11A/FFA75EC0,11A/FFA75EC0,0.044756,0.043745,1.4,36.9,0.0,5929085.662099761,0.0,20.964237423237975,10670.79684842813,5348100.755498506,1005.63,1
2026-09-13T01:01:06.811170+00:00,1789261266.8111706,D_rowsize_rep2,r3-sub,D05,load,16,1,100000,6,0,144254200,709258678,10752,27473,17860971399,7663537176,203019.96,,,1,1.001307487487793,49.93471099017379,2492.7407726294755,,11A/FFFFFB80,11A/FFFFFB80,0.162129,0.161279,2.0,36.9,0.0,14210923.395470439,0.0,13.98171907724866,11525.929990751914,5454323.540216791,1005.63,1
2026-09-13T01:01:07.811463+00:00,1789261267.811463,D_rowsize_rep2,r3-sub,D05,load,16,1,100000,6,0,144254267,709262058,10752,27473,17860971399,7663546334,203023.262,,,1,1.0002925395965576,66.9804055791746,3379.011505337465,,11B/719C50,11B/719C50,0.110616,0.109302,0.8,36.8,0.0,15740419.304087134,0.0,18.994443373198767,15605.434792401724,6871424.836150656,1005.62,1
2026-09-13T01:01:08.812427+00:00,1789261268.8124273,D_rowsize_rep2,r3-sub,D05,load,16,1,100000,6,0,144254333,709265334,10752,27473,17860971399,7663555211,203026.567,,,1,1.0009641647338867,65.93642642296446,3272.8444388125995,,11B/D96000,11B/D96000,0.049773,0.047237,2.9,36.9,0.0,6936032.522049149,0.0,13.98651469578034,12611.84010853793,6462747.846442458,1005.61,1
2026-09-13T01:01:09.812749+00:00,1789261269.8127494,D_rowsize_rep2,r3-sub,D05,load,16,1,100000,6,0,144254399,709268714,10752,27473,17860971399,7663564375,203029.804,,,1,1.0003221035003662,65.9787480143148,3378.9116407330916,,11B/1307C00,11B/1307C00,0.044957,0.044233,0.6,36.9,0.0,14118460.394487154,0.0,15.994848003470256,10926.480542370618,5359005.845458695,1005.61,1
2026-09-13T01:01:10.813284+00:00,1789261270.8132849,D_rowsize_rep2,r3-sub,D05,load,16,1,100000,6,0,144254447,709271106,10752,27473,17860971399,7663570853,203032.303,,,1,1.000535488128662,47.97431032633949,2390.7197979292514,,11B/18FDFE0,11B/18FDFE0,0.157996,0.156887,1.0,36.8,0.0,14635362.936888635,0.0,20.988760767773528,14343.319322777043,5774416.86831707,1005.6,1
2026-09-13T01:01:11.813612+00:00,1789261271.813612,D_rowsize_rep2,r3-sub,D05,load,16,1,100000,6,0,144254513,709274434,10752,27473,17860971399,7663579871,203035.459,,,1,1.0003271102905273,65.97841778059126,3326.9117329364803,,11B/1F8FD28,11B/1F8FD28,0.060974,0.060162,0.0,36.8,0.0,14331312.080341762,0.0,14.995094950134376,13378.623714509891,6469361.805180381,1005.6,1
2026-09-13T01:01:12.814590+00:00,1789261272.814591,D_rowsize_rep2,r3-sub,D05,load,16,1,100000,6,0,144254579,709277762,10752,27473,17860971399,7663588893,203038.874,,,1,1.000978946685791,65.93545270709626,3324.7452516547933,,11B/251DFE0,11B/251DFE0,0.016722,0.014367,0.6,36.9,0.0,6985034.024091978,0.0,18.981418203558015,10627.596149971061,5557055.938506244,1005.59,1
2026-09-13T01:01:13.815733+00:00,1789261273.8157332,D_rowsize_rep2,r3-sub,D05,load,16,1,100000,6,0,144254628,709280206,10752,27473,17860971399,7663595513,203041.187,,,1,1.0011422634124756,48.94409295336257,2441.211493428941,,11B/2B15828,11B/2B15828,0.100550,0.098092,0.2,36.8,0.0,21958150.00863948,0.0,20.976039837155387,10655.828237274936,5754768.538451262,1005.59,1
2026-09-13T01:01:14.816850+00:00,1789261274.8168502,D_rowsize_rep2,r3-sub,D05,load,16,1,100000,6,0,144254693,709283482,10752,27473,17860971399,7663604390,203044.38,,,1,1.0011169910430908,64.92747659019825,3272.3448201459923,,11B/30A1C68,11B/30A1C68,0.061167,0.059537,7.2,36.8,0.0,14434564.720496291,0.0,13.984379573273472,9781.07462724956,5553190.136357109,1005.58,1
2026-09-13T01:01:15.818166+00:00,1789261275.8181667,D_rowsize_rep2,r3-sub,D05,load,16,1,100000,6,0,144254745,709286082,10752,27473,17860971399,7663611436,203047.003,,,1,1.0013165473937988,51.93162954846225,2596.581477423112,,11B/3697E08,11B/3697E08,0.143939,0.143112,0.0,36.8,0.0,7326290.591215922,0.0,15.978962937988383,12508.53192489403,5857949.731547926,1005.58,1
2026-09-13T01:01:16.819353+00:00,1789261276.819353,D_rowsize_rep2,r3-sub,D05,load,16,1,100000,6,0,144254812,709289462,10752,27473,17860971399,7663620600,203050.29,,,1,1.0011863708496094,66.92060734221104,3375.9948181593036,,11B/3D45878,11B/3D45878,0.072866,0.071805,1.8,36.9,0.0,15403166.132708464,0.0,16.979855594292356,13187.354906555409,6562333.638665676,1005.57,1
2026-09-13T01:01:17.819823+00:00,1789261277.819823,D_rowsize_rep2,r3-sub,D05,load,16,1,100000,6,0,144254846,709291126,10752,27473,17860971399,7663625106,203052.214,,,1,1.0004699230194092,33.9840301219534,1663.2184153803075,,11B/43BDA00,11B/43BDA00,0.021038,0.019878,0.6,36.8,0.0,15197210.48096419,0.0,14.992954465567676,12747.009886625638,6365004.93766114,1005.56,1
2026-09-13T01:01:18.820950+00:00,1789261278.82095,D_rowsize_rep2,r3-sub,D05,load,16,1,100000,6,0,144254910,709294350,10752,27473,17860971399,7663633843,203055.229,,,1,1.001127004623413,63.92795290151466,3220.370627413801,,11B/49FBDA0,11B/49FBDA0,0.071289,0.070755,1.4,36.8,0.0,14123474.778625831,0.0,14.983113961292498,9727.03758367109,5355112.763157024,1005.56,1
2026-09-13T01:01:19.821272+00:00,1789261279.8212721,D_rowsize_rep2,r3-sub,D05,load,16,1,100000,6,0,144254991,709298458,10752,27473,17860971399,7663644972,203059.032,,,1,1.0003221035003662,80.97391801756818,4106.677224890988,,11B/5203C48,11B/5203C48,0.146045,0.143078,0.6,36.9,2129746.001358072,7510156.952157411,7.997424001735128,14.995170003253365,11921.160152586426,5961708.7127554575,1005.55,1
2026-09-13T01:01:20.821876+00:00,1789261280.8218765,D_rowsize_rep2,r3-sub,D05,load,16,1,100000,6,0,144255058,709301838,10752,27473,17860971399,7663654136,203061.942,,,1,1.0006043910980225,66.95953025598551,3377.9583920183736,,11B/5898000,11B/5898000,0.007232,0.006123,0.4,36.9,0.0,14630261.600127144,0.0,18.988523505428727,12994.14645355707,6465018.600309423,1005.55,1
2026-09-13T01:01:21.823188+00:00,1789261281.823188,D_rowsize_rep2,r3-sub,D05,load,16,1,100000,6,0,144255109,709304386,10752,27473,17860971399,7663661042,203064.34,,,1,1.0013115406036377,50.933199041384064,2544.662571714639,,11B/5D85E78,11B/5D85E78,0.149128,0.146876,0.6,36.9,0.0,14337675.556346068,0.0,14.980352659230608,9773.182074882048,4848602.8604775695,1005.54,1
2026-09-13T01:01:22.824327+00:00,1789261282.8243275,D_rowsize_rep2,r3-sub,D05,load,16,1,100000,6,0,144255175,709307714,10752,27473,17860971399,7663670062,203067.489,,,1,1.0011394023895264,65.9248850284693,3324.2123844658463,,11B/6313FF8,11B/6313FF8,0.042794,0.040434,1.6,36.9,0.0,3559464.337828045,0.0,5.993171366224483,12872.333232755818,5452645.242980908,1005.53,1
2026-09-13T01:01:23.825567+00:00,1789261283.8255677,D_rowsize_rep2,r3-sub,D05,load,16,1,100000,6,0,144255225,709310210,10752,27473,17860971399,7663676826,203069.792,,,1,1.0012402534484863,49.938064143735,2492.908162055251,,11B/6909C50,11B/6909C50,0.058273,0.056942,1.2,36.9,0.0,14751879.930045106,0.0,13.9826579602458,11394.867476317453,5855214.05058214,1005.53,1
2026-09-13T01:01:24.825732+00:00,1789261284.8257325,D_rowsize_rep2,r3-sub,D05,load,16,1,100000,6,0,144255276,709312758,10752,27473,17860971399,7663683734,203072.333,,,1,1.0001647472381592,50.99159927485015,2547.5802931827093,,11B/6DF7D60,11B/6DF7D60,0.183410,0.181959,1.4,36.8,0.0,21991896.895724546,0.0,20.99654087787947,20464.628508973194,4854589.219833635,1005.53,1
2026-09-13T01:01:25.826964+00:00,1789261285.8269641,D_rowsize_rep2,r3-sub,D05,load,16,1,100000,6,0,144255321,709314994,10752,27473,17860971399,7663689792,203074.571,,,1,1.0012316703796387,44.94464301447564,2233.249372897056,,11B/748DCE0,11B/748DCE0,0.012192,0.011528,0.6,36.9,0.0,7073272.060316183,0.0,12.984007981959628,15079.42711627896,6477222.197277276,1005.52,1
2026-09-13T01:01:26.828104+00:00,1789261286.8281045,D_rowsize_rep2,r3-sub,D05,load,16,1,100000,6,0,144255359,709316866,10752,27473,17860971399,7663694863,203076.317,,,1,1.0011403560638428,37.95671582894091,1869.8676850467732,,11B/7975978,11B/7975978,0.169354,0.168440,3.9,36.9,0.0,13795979.670925608,0.0,73.91570977214809,10086.497801069614,4747723.90425633,1005.51,1
2026-09-13T01:01:27.828187+00:00,1789261287.8281875,D_rowsize_rep2,r3-sub,D05,load,16,1,100000,6,0,144255457,709321858,10752,27473,17860971399,7663708391,203081.317,,,1,1.0000829696655273,97.99186964735097,4991.5858497915915,,11B/7FFFEE0,11B/7FFFEE0,0.043836,0.042840,0.0,36.9,0.0,8559929.78548876,0.0,14.998755558268003,11777.022864352037,6471750.041063717,1005.51,1
2026-09-13T01:01:28.828236+00:00,1789261288.8282363,D_rowsize_rep2,r3-sub,D05,load,16,1,100000,6,0,144255507,709324354,10752,27473,17860971399,7663715155,203083.697,,,1,1.0000488758087158,49.9975563290006,2495.87801194371,,11B/859B980,11B/859B980,0.014025,0.011351,1.0,36.9,0.0,14228808.555474788,0.0,29.998533797400363,10817.47128734257,5559002.29926697,1005.5,1
2026-09-13T01:01:29.829582+00:00,1789261289.829583,D_rowsize_rep2,r3-sub,D05,load,16,1,100000,6,0,144255574,709327682,10752,27473,17860971399,7663724175,203086.838,,,1,1.0013465881347656,66.90989992266579,3323.524581233309,,11B/8B91A98,11B/8B91A98,0.113163,0.111786,0.4,36.9,0.0,8086902.273351695,0.0,13.98117311816897,11192.927736316986,5854658.186752611,1005.5,1
2026-09-13T01:01:30.830373+00:00,1789261290.830373,D_rowsize_rep2,r3-sub,D05,load,16,1,100000,6,0,144255606,709329294,10752,27473,17860971399,7663728543,203088.457,,,1,1.0007901191711426,31.974736147977257,1610.7273334543543,,11B/920F9D8,11B/920F9D8,0.005389,0.003792,1.2,36.9,0.0,14394258.82015181,0.0,22.981841606358653,11585.845801118634,6366111.013642499,1005.49,1
2026-09-13T01:01:31.831870+00:00,1789261291.8318708,D_rowsize_rep2,r3-sub,D05,load,16,1,100000,6,0,144255672,709332622,10752,27473,17860971399,7663737560,203091.547,,19645,1,1.001497745513916,65.90129662861325,3323.022957273104,1727,11B/97159F0,11B/97159F0,0.174999,0.174414,0.0,36.9,0.0,14543593.39823158,0.0,16.974576404339775,9573.661092047634,4844538.1147716055,1005.48,1
2026-09-13T01:01:32.832163+00:00,1789261292.8321636,D_rowsize_rep2,r3-sub,D05,load,16,1,100000,6,0,144255755,709336834,10752,27473,17860971399,7663748976,203095.524,,,1,1.0002927780151367,82.97570653733543,4210.7671799428535,,11B/9DA9800,11B/9DA9800,0.079555,0.078538,0.8,36.9,0.0,5957935.647426834,0.0,11.996487692144882,12041.474520990425,6467043.591813386,1005.48,1
2026-09-13T01:01:33.833296+00:00,1789261293.833296,D_rowsize_rep2,r3-sub,D05,load,16,1,100000,6,0,144255809,709339382,10752,27473,17860971399,7663756123,203097.929,,,1,1.0011324882507324,53.93891481271734,2545.117684125996,,11B/A335A60,11B/A335A60,0.047860,0.046644,0.2,36.9,0.0,15293528.258934513,0.0,16.980769478077683,11009.531834551306,5556420.419159172,1005.47,1
2026-09-13T01:01:34.834447+00:00,1789261294.8344471,D_rowsize_rep2,r3-sub,D05,load,16,1,100000,6,0,144255874,709342658,10752,27473,17860971399,7663765003,203101.066,,,1,1.0011510848999023,64.92526550725245,3272.2333815655234,,11B/A92B908,11B/A92B908,0.160466,0.159564,1.6,36.9,0.0,23025783.368456148,0.0,18.978154532889178,12100.071790074711,5855766.515586555,1005.47,1
2026-09-13T01:01:35.835589+00:00,1789261295.8355896,D_rowsize_rep2,r3-sub,D05,load,16,1,100000,6,0,144255939,709345934,10752,27473,17860971399,7663773879,203104.222,,,1,1.0011425018310547,64.9258221293345,3272.261435318459,,11B/AFC0000,11B/AFC0000,0.068534,0.067486,0.0,36.8,0.0,15322014.570297988,0.0,19.977176039795232,13361.73419421704,6461589.622025312,1005.46,1
2026-09-13T01:01:36.836966+00:00,1789261296.836967,D_rowsize_rep2,r3-sub,D05,load,16,1,100000,6,0,144256007,709349366,10752,27473,17860971399,7663783176,203107.218,,,1,1.0013773441314697,67.9064694228516,3427.279456753334,,11B/B567BB0,11B/B567BB0,0.054010,0.053128,0.8,36.9,0.0,5955573.126304945,0.0,11.983494604032636,10892.996595065666,5554838.076374241,1005.46,1
2026-09-13T01:01:37.838083+00:00,1789261297.8380837,D_rowsize_rep2,r3-sub,D05,load,16,1,100000,6,0,144256055,709351758,10752,27473,17860971399,7663789660,203109.407,,,1,1.0011167526245117,47.94645566979472,2389.3317075447703,,11B/BB778B0,11B/BB778B0,0.200460,0.197951,0.6,36.9,0.0,14655505.425852135,0.0,14.98326739681085,13234.220649356464,5856194.079891631,1005.45,1
2026-09-13T01:01:38.838219+00:00,1789261298.83822,D_rowsize_rep2,r3-sub,D05,load,16,1,100000,6,0,144256121,709355086,10752,27473,17860971399,7663798678,203112.439,,,1,1.000136137008667,65.9910161804583,3327.5469977055336,,11B/C203A70,11B/C203A70,0.136359,0.134818,1.6,36.9,0.0,15415245.41460139,0.0,13.998094341309336,12514.296341130546,6569119.699694508,1005.44,1
2026-09-13T01:01:39.839429+00:00,1789261299.8393846,D_rowsize_rep2,r3-sub,D05,load,16,1,100000,6,0,144256189,709358518,10752,27473,17860971399,7663807976,203115.716,,,1,1.0011646747589111,67.92089424886568,3428.0074862074557,,11B/C89DD58,11B/C89DD58,0.060550,0.056765,1.6,36.8,0.0,15186664.475213666,0.0,16.98022356221642,12357.607406573032,6363665.399535006,1005.44,1
2026-09-13T01:01:40.840287+00:00,1789261300.8402874,D_rowsize_rep2,r3-sub,D05,load,16,1,100000,6,0,144256256,709361898,10752,27473,17860971399,7663817140,203118.933,,,1,1.0009028911590576,66.93956086230622,3376.9509808148514,,11B/CE11E68,11B/CE11E68,0.044609,0.043562,7.3,36.9,0.0,5459134.9952766625,0.0,13.987370926452046,13621.701086517658,5469472.661489234,1005.43,1
2026-09-13T01:01:41.841274+00:00,1789261301.8412747,D_rowsize_rep2,r3-sub,D05,load,16,1,100000,6,0,144256302,709364186,10752,27473,17860971399,7663823340,203121.127,,,1,1.0009872913360596,45.95462939254891,2285.743305438085,,11B/D3EFBB8,11B/D3EFBB8,0.196793,0.195695,0.8,36.9,0.0,15123884.320043255,0.0,21.97830101382774,11041.0992184011,5758277.902116617,1005.43,1
2026-09-13T01:01:42.841354+00:00,1789261302.8413546,D_rowsize_rep2,r3-sub,D05,load,16,1,100000,6,0,144256370,709367618,10752,27473,17860971399,7663832683,203124.398,,,1,1.000079870223999,67.9945692585226,3431.725907283082,,11B/DA81F10,11B/DA81F10,0.094239,0.090975,3.3,36.9,0.0,16362213.14637088,0.0,29.997604084642326,13492.922317272118,6370596.179056171,1005.42,1
2026-09-13T01:01:43.841822+00:00,1789261303.8418226,D_rowsize_rep2,r3-sub,D05,load,16,1,100000,6,0,144256441,709370842,10765,27473,17860971399,7663933710,203127.822,,,1,1.0004680156707764,70.96678643184525,3222.491823327734,,11B/DFFFF48,11B/DFFFF48,0.071925,0.070393,0.4,36.9,0.0,7770571.250883702,0.0,12.99391864245054,10809.940778315584,5556655.39819654,1005.42,1
2026-09-13T01:01:44.841878+00:00,1789261304.841878,D_rowsize_rep2,r3-sub,D05,load,16,1,100000,6,0,144256493,709373442,10765,27473,17860971399,7663940760,203130.833,,,1,1.0000553131103516,51.99712387734901,2599.85619386745,,11B/E603868,11B/E603868,0.149637,0.146995,0.6,36.9,0.0,14748880.193562292,0.0,33.99811945826666,11195.38074866922,5862157.745821707,1005.41,1
2026-09-13T01:01:45.842343+00:00,1789261305.8423429,D_rowsize_rep2,r3-sub,D05,load,16,1,100000,6,0,144256558,709376718,10765,27473,17860971399,7663949638,203133.918,,,1,1.000464916229248,64.96979448813155,3274.4776422018303,,11B/EC97948,11B/EC97948,0.027154,0.024466,0.2,36.9,0.0,17313934.470872354,0.0,69.9674709872186,12974.96772692978,6469114.403724846,1005.4,1
2026-09-13T01:01:46.843690+00:00,1789261306.843691,D_rowsize_rep2,r3-sub,D05,load,16,1,100000,6,0,144256593,709378434,10765,27473,17860971399,7663954290,203135.549,,,1,1.0013482570648193,34.95287453996575,1713.6895060166064,,11B/F20BAD0,11B/F20BAD0,0.029443,0.028112,1.4,36.9,0.0,14255340.136948956,0.0,20.97172472397945,10896.30897444475,5349961.876104029,1005.4,1
2026-09-13T01:01:47.844695+00:00,1789261307.8446958,D_rowsize_rep2,r3-sub,D05,load,16,1,100000,6,0,144256659,709381762,10765,27473,17860971399,7663963310,203139.134,,,1,1.001004695892334,65.93375662555216,3324.659728027842,,11B/F81DE48,11B/F81DE48,0.079639,0.078178,0.0,36.9,0.0,6403806.122293629,0.0,9.98996312508366,11975.967794350292,5957531.492580954,1005.39,1
2026-09-13T01:01:48.845909+00:00,1789261308.8459089,D_rowsize_rep2,r3-sub,D05,load,16,1,100000,6,0,144256743,709386026,10765,27473,17860971399,7663974871,203143.688,,,1,1.0012130737304688,83.89822526689578,4258.8337206909955,,11B/FEE5868,11B/FEE5868,0.004443,0.003171,2.1,36.9,0.0,15194112.421363855,0.0,17.978191128620523,13693.388909632633,6565160.975684099,1005.39,1
2026-09-13T01:01:49.846311+00:00,1789261309.8463116,D_rowsize_rep2,r3-sub,D05,load,16,1,100000,6,0,144256779,709387794,10765,27473,17860971399,7663979663,203145.333,,,1,1.0004026889801025,35.9855090320694,1767.288332463853,,11B/100A6620,11B/100A6620,0.334379,0.333830,0.4,36.9,0.0,10653501.952164363,0.0,9.99597473113039,3715.503807561166,1920232.7434349866,1005.38,1
2026-09-13T01:01:50.847450+00:00,1789261310.84745,D_rowsize_rep2,r3-sub,D05,load,16,1,100000,6,0,144256781,709387794,10765,27473,17860971399,7663979663,203145.333,,,1,1.00113844871521,1.997725691752882,0.0,,11B/100A6620,11B/100A6620,1.335253,1.334704,0.4,36.8,0.0,8387251.5442552995,0.0,6.992039921135087,158.81919249435413,119.86354150517292,1005.38,1
2026-09-13T01:01:51.847561+00:00,1789261311.8475611,D_rowsize_rep2,r3-sub,D05,drain,0,0,0,0,0,144256783,709387794,10765,27473,17860971399,7663979663,203145.333,,,1,1.0001111030578613,1.9997778185693138,0.0,,11B/100A6620,11B/100A6620,2.335419,2.334870,0.0,36.8,0.0,61433.17458644931,0.0,2.9996667278539704,461.9486760895115,3119.6533969681295,1005.38,1
2026-09-13T01:01:52.847692+00:00,1789261312.8476927,D_rowsize_rep2,r3-sub,D05,drain,0,0,0,0,0,144256785,709387794,10765,27473,17860971399,7663979663,203145.333,,,1,1.000131607055664,1.9997368205249477,0.0,,11B/100A6620,11B/100A6620,3.335781,3.335232,6.4,36.8,0.0,8412076.91132568,0.0,11.998420923149686,2553.663919810358,308.9593387711044,1005.38,1
2026-09-13T01:01:53.848024+00:00,1789261313.8480244,D_rowsize_rep2,r3-sub,D05,drain,0,0,0,0,0,144256787,709387794,10765,27473,17860971399,7663979663,203145.333,,,1,1.0003316402435303,1.999336939410515,0.0,,11B/100A6620,11B/100A6620,4.335839,4.335290,0.0,36.8,0.0,8783007.201352816,0.0,19.993369394105148,116.96121095551511,65.97811900054698,1005.38,1
2026-09-13T01:01:54.848958+00:00,1789261314.8489583,D_rowsize_rep2,r3-sub,D05,drain,0,0,0,0,0,144256789,709387794,10765,27473,17860971399,7663979663,203145.333,,,1,1.0009338855743408,1.9981339715084079,0.0,,11B/100A6620,11B/100A6620,5.336802,5.336253,0.8,36.8,0.0,0.0,0.0,0.0,410.61653114497784,3111.094593638591,1005.38,1
2026-09-13T01:01:55.849245+00:00,1789261315.8492458,D_rowsize_rep2,r3-sub,D05,drain,0,0,0,0,0,144256791,709387794,10765,27473,17860971399,7663979663,203145.333,,,1,1.0002875328063965,1.9994250996899066,0.0,,11B/100A6620,11B/100A6620,6.337347,6.336798,0.0,36.8,0.0,8386196.693329774,0.0,4.998562749224766,3163.090507709432,16164.35221844305,1005.38,1
2026-09-13T01:01:56.850484+00:00,1789261316.8504844,D_rowsize_rep2,r3-sub,D05,drain,0,0,0,0,0,144256793,709387794,10765,27473,17860971399,7663979663,203145.333,,,1,1.0012385845184326,1.9975258953508501,0.0,,11B/100A6620,11B/100A6620,7.338289,7.337740,0.4,36.8,0.0,8574595.638590222,0.0,11.985155372105101,503.37652562841424,2535.8591241479044,1005.38,1
2026-09-13T01:01:57.850575+00:00,1789261317.8505754,D_rowsize_rep2,r3-sub,D05,drain,0,0,0,0,0,144256795,709387794,10765,27473,17860971399,7663979663,203145.333,,,1,1.0000910758972168,1.9998178647936937,0.0,,11B/100A6620,11B/100A6620,8.338520,8.337971,0.0,36.8,0.0,0.0,0.0,0.0,461.9579267673433,3119.715869078162,1005.38,1
2026-09-13T01:01:58.851799+00:00,1789261318.851799,D_rowsize_rep2,r3-sub,D05,drain,0,0,0,0,0,144256797,709387794,10765,27473,17860971399,7663979663,203145.333,,,1,1.0012235641479492,1.9975558622634086,0.0,,11B/100A6620,11B/100A6620,9.339964,9.339415,0.6,36.7,0.0,8378356.543314864,0.0,4.9938896556585215,65.91934345469248,59.92667586790226,1005.38,1
2026-09-13T01:01:59.852613+00:00,1789261319.8526134,D_rowsize_rep2,r3-sub,D05,drain,0,0,0,0,0,144256799,709387794,10765,27473,17860971399,7663979663,203145.333,,,1,1.000814437866211,1.9983724498060853,0.0,,11B/100AC340,11B/100A6620,0.053188,0.050990,0.6,36.7,0.0,6204482.83423954,0.0,6.9943035743212985,170.86084445842027,814.3367732959797,1005.39,1
2026-09-13T01:02:00.853032+00:00,1789261320.8530324,D_rowsize_rep2,r3-sub,D01,drain,0,0,0,0,0,144256802,709387794,10772,27473,17860971399,7663979919,203145.333,,,1,1.0004189014434814,2.9987438218843816,0.0,,11B/100ACCD8,11B/100ACCD8,0.604803,0.604518,6.2,36.7,0.0,8188.569796292285,0.0,0.9995812739614606,1054.5582440293408,3668.4632754385602,1007.41,1
2026-09-13T01:02:01.854044+00:00,1789261321.8540447,D_rowsize_rep2,r3-sub,D01,drain,0,0,0,0,0,144256804,709387794,10772,27473,17860971399,7663979919,203145.333,,0,1,1.0010123252868652,1.9979773969584738,0.0,,11B/100ACCD8,11B/100ACCD8,1.606430,1.606145,0.6,36.7,0.0,437828.7748598921,0.0,44.95449143156566,116.88167772207072,65.93325409962964,1007.41,1
2026-09-13T01:02:02.854954+00:00,1789261322.8549547,D_rowsize_rep2,r3-sub,D01,drain,0,0,0,0,0,144256806,709387794,10772,27473,17860971399,7663979919,203145.333,,,1,1.0009100437164307,1.9981815674202816,0.0,,11B/100ACCD8,11B/100ACCD8,2.606619,2.606334,1.0,36.7,0.0,184152.41325345315,0.0,31.970905078724506,65.93999172486929,59.94544702260845,1007.41,1
2026-09-13T01:02:03.855139+00:00,1789261323.8551397,D_rowsize_rep2,r3-sub,D01,drain,0,0,0,0,0,144256811,709387794,10772,27473,17860971403,7663980007,203145.333,,,1,1.0001850128173828,4.99907510703014,0.0,,11B/100ACCD8,11B/100ACCD8,3.606967,3.606682,0.2,36.7,0.0,36857.18094911182,0.0,4.99907510703014,1052.8052175405476,3383.3740324379987,1007.41,1
2026-09-13T01:02:04.855566+00:00,1789261324.855566,D_rowsize_rep2,r3-sub,D01,drain,0,0,0,0,0,144256813,709387794,10772,27473,17860971403,7663980007,203145.333,,,1,1.0004262924194336,1.9991477784567164,0.0,,11B/100ACCD8,11B/100ACCD8,4.607153,4.606868,5.0,36.7,0.0,0.0,0.0,0.0,65.97187668907164,59.97443335370149,1007.41,1
2026-09-13T01:02:05.856079+00:00,1789261325.8560796,D_rowsize_rep2,r3-sub,D01,drain,0,0,0,0,0,144256815,709387794,10772,27473,17860971403,7663980007,203145.333,,,1,1.0005135536193848,1.998973419965123,0.0,,11B/100ACCD8,11B/100ACCD8,5.607762,5.607477,0.2,36.7,0.0,28657.282948620003,0.0,3.997946839930246,116.9399450679597,65.96612285884906,1007.41,1
2026-09-13T01:02:06.857238+00:00,1789261326.8572383,D_rowsize_rep2,r3-sub,D01,drain,0,0,0,0,0,144256817,709387794,10772,27473,17860971403,7663980007,203145.333,,,1,1.0011587142944336,1.9976852535409428,0.0,,11B/100ACCD8,11B/100ACCD8,6.609085,6.608800,1.0,36.7,0.0,184106.6729663333,0.0,9.988426267704714,410.52431960266375,3110.395939763248,1007.41,1
2026-09-13T01:02:07.858344+00:00,1789261327.8583448,D_rowsize_rep2,r3-sub,D01,drain,0,0,0,0,0,144256819,709387794,10772,27473,17860971403,7663980007,203145.333,,,1,1.0011065006256104,1.997789444729569,0.0,,11B/100ACCD8,11B/100ACCD8,7.609869,7.609584,0.0,36.7,0.0,0.0,0.0,0.0,2602.1207517602634,314.6518375449071,1007.41,1
2026-09-13T01:02:08.858399+00:00,1789261328.8583992,D_rowsize_rep2,r3-sub,D01,drain,0,0,0,0,0,144256821,709387794,10772,27473,17860971403,7663980007,203145.333,,,1,1.0000543594360352,1.999891287037505,0.0,,11B/100ACCD8,11B/100ACCD8,8.610083,8.609798,0.6,36.7,0.0,16383.10942341124,0.0,2.9998369305562576,65.99641247223767,59.99673861112515,1007.41,1
2026-09-13T01:02:09.858687+00:00,1789261329.8586876,D_rowsize_rep2,r3-sub,D01,drain,0,0,0,0,0,144256823,709387794,10772,27473,17860971403,7663980007,203145.333,,,1,1.000288486480713,1.9994231934394688,0.0,,11B/100ACCD8,11B/100ACCD8,9.610566,9.610281,0.2,36.7,69611.91790278855,36853.368301476294,2.9991347901592036,3.9988463868789377,876.7470703232071,3420.0133723782114,1007.41,1
2026-09-13T01:02:10.859147+00:00,1789261330.859147,D_rowsize_rep2,r3-sub,D01,drain,0,0,0,0,0,144256825,709387794,10772,27473,17860971403,7663980007,203145.333,,,1,1.0004594326019287,1.9990815567589106,0.0,,11B/100ACCD8,11B/100ACCD8,10.610752,10.610467,0.4,36.7,0.0,45035.309310664736,0.0,6.996785448656187,3204.5277354845334,16215.550047649904,1007.41,1
2026-09-13T01:02:11.860143+00:00,1789261331.8601437,D_rowsize_rep2,r3-sub,D01,drain,0,0,0,0,0,144256827,709387794,10772,27473,17860971403,7663980007,203145.333,,,1,1.0009965896606445,1.9980088050829776,0.0,,11B/100ACCD8,11B/100ACCD8,11.611778,11.611493,0.0,36.7,0.0,12275.766098429815,0.0,2.9970132076244664,554.4474434105263,2542.466204468089,1007.41,1
2026-09-13T01:02:12.860286+00:00,1789261332.860286,D_rowsize_rep2,r3-sub,D01,drain,0,0,0,0,0,144256829,709387794,10772,27473,17860971403,7663980007,203145.333,,,1,1.0001423358917236,1.9997153687297984,0.0,,11B/100ACCD8,11B/100ACCD8,12.612157,12.611872,0.6,36.7,0.0,28667.91952611039,0.0,3.9994307374595968,410.94150827397357,3113.556829112296,1007.41,1
2026-09-13T01:02:13.861391+00:00,1789261333.861391,D_rowsize_rep2,r3-sub,D01,drain,0,0,0,0,0,144256831,709387794,10772,27473,17860971403,7663980007,203145.333,,,1,1.0011050701141357,1.9977922994356432,0.0,,11B/100ACCD8,11B/100ACCD8,13.612950,13.612665,0.0,36.7,0.0,16365.914516976789,0.0,2.996688449153465,116.87084951698512,65.92714588137622,1007.41,1
2026-09-13T01:02:14.861582+00:00,1789261334.8615823,D_rowsize_rep2,r3-sub,D01,drain,0,0,0,0,0,144256833,709387794,10772,27473,17860971403,7663980007,203145.333,,,1,1.0001912117004395,1.9996176497089704,0.0,,11B/100ACCD8,11B/100ACCD8,14.613153,14.612868,0.4,36.7,0.0,118761.29145151516,0.0,9.998088248544851,65.98738244039602,59.98852949126911,1007.41,1
2026-09-13T01:02:15.861710+00:00,1789261335.8617103,D_rowsize_rep2,r3-sub,D01,drain,0,0,0,0,0,144256835,709387794,10772,27473,17860971403,7663980007,203145.333,,,1,1.0001280307769775,1.9997439712256078,0.0,,11B/100ACCD8,11B/100ACCD8,15.613617,15.613332,0.0,36.7,0.0,40954.75653070045,0.0,6.9991038992896275,461.9408573531154,3119.600595111948,1007.41,1
2026-09-13T01:02:16.862212+00:00,1789261336.8622127,D_rowsize_rep2,r3-sub,D01,drain,0,0,0,0,0,144256837,709387794,10772,27473,17860971403,7663980007,203145.333,,,1,1.000502347946167,1.9989958085611728,0.0,,11B/100ACCD8,11B/100ACCD8,16.613832,16.613547,0.4,36.7,0.0,135100.13272579832,0.0,9.994979042805864,65.96686168251871,59.96987425683518,1007.41,1
2026-09-13T01:02:17.863202+00:00,1789261337.8632023,D_rowsize_rep2,r3-sub,D01,drain,0,0,0,0,0,144256839,709387794,10772,27473,17860971403,7663980007,203145.333,,,1,1.0009896755218506,1.9980226059348023,0.0,,11B/100ACCD8,11B/100ACCD8,17.614789,17.614504,0.2,36.7,0.0,53195.35386040818,0.0,6.9930791207718075,116.88432244718592,65.93474599584847,1007.41,1
2026-09-13T01:02:18.864091+00:00,1789261338.8640914,D_rowsize_rep2,r3-sub,D01,drain,0,0,0,0,0,144256841,709387794,10772,27473,17860971403,7663980007,203145.333,,,1,1.0008890628814697,1.9982234536984345,0.0,,11B/100ACCD8,11B/100ACCD8,18.615925,18.615640,5.7,36.7,0.0,0.0,0.0,0.0,410.6349197350283,3111.2339174084623,1007.41,1
2026-09-13T01:02:19.865133+00:00,1789261339.8651333,D_rowsize_rep2,r3-sub,D01,drain,0,0,0,0,0,144256843,709387794,10772,27473,17860971403,7663980007,203145.333,,,1,1.0010418891906738,1.9979183904251676,0.0,,11B/100ACCD8,11B/100ACCD8,19.616742,19.616457,0.0,36.7,0.0,225045.52749749087,0.0,39.958367808503354,116.8782258398723,65.93130688403053,1007.41,1
2026-09-13T01:02:20.865645+00:00,1789261340.8656454,D_rowsize_rep2,r3-sub,D01,drain,0,0,0,0,0,144256845,709387794,10772,27473,17860971403,7663980007,203145.333,,,1,1.0005121231079102,1.9989762780558433,0.0,,11B/100ACD10,11B/100ACD10,0.144080,0.143785,0.8,36.7,0.0,28657.323922208572,0.0,3.9979525561116867,251.87101103503628,256.8684517301759,1007.41,1
2026-09-13T01:02:21.865763+00:00,1789261341.865764,D_rowsize_rep2,r3-sub,D01,drain,0,0,0,0,0,144256847,709387794,10772,27473,17860971403,7663980007,203145.333,,,1,1.0001184940338135,1.999763040010718,0.0,,11B/100ACD10,11B/100ACD10,1.144388,1.144093,0.0,36.7,0.0,20477.573529709753,0.0,3.999526080021436,461.94526224247585,3119.63034241672,1007.41,1
2026-09-13T01:02:22.866080+00:00,1789261342.8660805,D_rowsize_rep2,r3-sub,D01,drain,0,0,0,0,0,144256849,709387794,10772,27473,17860971403,7663980007,203145.333,,,1,1.0003166198730469,1.9993669606867333,0.0,,11B/100ACD10,11B/100ACD10,2.144500,2.144205,1.2,36.7,0.0,32757.628283891438,0.0,4.998417401716833,2553.1916087969585,308.90219542610026,1007.41,1
2026-09-13T01:02:23.867277+00:00,1789261343.8672776,D_rowsize_rep2,r3-sub,D01,drain,0,0,0,0,0,144256851,709387794,10772,27473,17860971403,7663980007,203145.333,,,1,1.001197099685669,1.9976086632970775,0.0,,11B/100ACD10,11B/100ACD10,3.145714,3.145419,0.0,36.7,0.0,16364.41016972966,0.0,2.9964129949456164,116.86010680287903,65.92108588880356,1007.41,1
2026-09-13T01:02:24.868418+00:00,1789261344.8684182,D_rowsize_rep2,r3-sub,D01,drain,0,0,0,0,0,144256853,709387794,10772,27473,17860971403,7663980007,203145.333,,,1,1.0011405944824219,1.9977214099823581,0.0,,11B/100ACD10,11B/100ACD10,4.147083,4.146788,0.6,36.7,0.0,94100.669295809,0.0,6.992024934938253,410.5317497513746,3110.4522353425314,1007.41,1
2026-09-13T01:02:25.869291+00:00,1789261345.8692913,D_rowsize_rep2,r3-sub,D01,drain,0,0,0,0,0,144256855,709387794,10772,27473,17860971403,7663980007,203145.333,,,1,1.00087308883667,1.9982553455649712,0.0,,11B/100ACD10,11B/100ACD10,5.147631,5.147336,0.2,36.7,0.0,0.0,0.0,0.0,3161.2399566837844,16154.89534122001,1007.41,1
2026-09-13T01:02:26.869496+00:00,1789261346.8694313,D_rowsize_rep2,r3-sub,D01,drain,0,0,0,0,0,144256857,709387794,10772,27473,17860971403,7663980007,203145.333,,,1,1.0001399517059326,1.9997201357556131,0.0,,11B/100ACD10,11B/100ACD10,6.147802,6.147507,0.8,36.7,0.0,143339.93933096234,0.0,12.998180882411486,503.9294742104145,2538.644712341751,1007.41,1
2026-09-13T01:02:27.869979+00:00,1789261347.8699188,D_rowsize_rep2,r3-sub,D01,drain,0,0,0,0,0,144256859,709387794,10772,27473,17860971403,7663980007,203145.333,,,1,1.0004875659942627,1.9990253432209761,0.0,,11B/100ACD10,11B/100ACD10,7.148275,7.147980,0.2,36.7,0.0,0.0,0.0,0.0,461.7748542840455,3118.4795354247226,1007.41,1
2026-09-13T01:02:28.870035+00:00,1789261348.8700066,D_rowsize_rep2,r3-sub,D01,drain,0,0,0,0,0,144256861,709387794,10772,27473,17860971403,7663980007,203145.333,,,1,1.0000877380371094,1.9998245393203569,0.0,,11B/100ACD10,11B/100ACD10,8.148340,8.148045,0.6,36.7,0.0,28669.484595696635,0.0,3.9996490786407137,65.99420979757177,59.994736179610705,1007.41,1
2026-09-13T01:02:29.871030+00:00,1789261349.8710303,D_rowsize_rep2,r3-sub,D01,drain,0,0,0,0,0,144256863,709387794,10772,27473,17860971403,7663980007,203145.333,,,1,1.001023769378662,1.997954555306319,0.0,,11B/100ACD10,11B/100ACD10,9.149355,9.149060,0.4,36.7,0.0,16367.243717069365,0.0,2.9969318329594783,232.76170569318614,267.72591041104675,1007.41,1
2026-09-13T01:02:30.871192+00:00,1789261350.8711672,D_rowsize_rep2,r3-sub,D01,load,16,1,100,6,0,144256868,709387795,10772,27473,17860971403,7663980324,203145.629,,,1,1.0001368522644043,4.999315832307876,0.9998631664615752,,11B/100E5FD0,11B/100E5FD0,0.110213,0.106932,7.4,36.7,0.0,32763.516238612898,0.0,1.9997263329231505,28566.090665807205,241007.0176438981,1007.41,1
2026-09-13T01:02:31.872756+00:00,1789261351.8727565,D_rowsize_rep2,r3-sub,D01,load,16,1,100,6,0,144266914,709397839,10772,27473,17860971403,7664069173,203150.149,,11651,1,1.001589298248291,10030.0592444126,10028.062417965375,11651,11B/10815FD0,11B/10815FD0,0.059149,0.049212,7.3,36.7,0.0,8964185.236106899,0.0,33.946049602829824,799522.3205764383,7600773.1046191715,1007.41,1
2026-09-13T01:02:32.874241+00:00,1789261352.8742418,D_rowsize_rep2,r3-sub,D01,load,16,1,100,6,0,144278176,709409099,10772,27473,17860971403,7664171511,203154.515,,,1,1.0014853477478027,11245.29682368956,11243.299789979084,,11B/10F4FF40,11B/10F4FF40,0.068509,0.049045,6.3,36.7,0.0,13664439.55548128,0.0,33.94957307808959,753168.283186852,7694756.610598558,1007.4,1
2026-09-13T01:02:33.875969+00:00,1789261353.87597,D_rowsize_rep2,r3-sub,D01,load,16,1,100,6,0,144289371,709420289,10772,27473,17860971403,7664273683,203158.713,,,1,1.0017280578613281,11175.687764902112,11170.696390286255,,11B/11661FC0,11B/11661FC0,0.056790,0.044885,5.9,36.7,0.0,14748785.245711109,0.0,46.91892138904862,712328.055903152,7475503.896723878,1007.4,1
2026-09-13T01:02:34.876258+00:00,1789261354.8762586,D_rowsize_rep2,r3-sub,D01,load,16,1,100,6,0,144289373,709420289,10772,27473,17860971403,7664273683,203158.713,,,1,1.000288724899292,1.9994227168774275,0.0,,11B/11CBFFD8,11B/11CBFFD8,0.119630,0.100439,5.6,36.7,0.0,6371536.378800696,0.0,12.996247659703279,675375.0024204418,6882287.912115676,1007.4,1
2026-09-13T01:02:35.877479+00:00,1789261355.877479,D_rowsize_rep2,r3-sub,D01,load,16,1,100,6,0,144301301,709432215,10772,27473,17860971403,7664382025,203163.005,,,1,1.001220464706421,11913.46004248679,11911.462480440765,,11B/12321640,11B/1230DFF0,0.006823,-0.000152,5.2,36.7,0.0,12350750.345105983,0.0,27.965868644335185,708491.3113596797,7189848.044217504,1007.39,1
2026-09-13T01:02:36.878615+00:00,1789261356.8786151,D_rowsize_rep2,r3-sub,D01,load,16,1,100,6,0,144311678,709442590,10772,27473,17860971403,7664476255,203167.251,,,1,1.001136064529419,10365.22443617859,10363.226705729294,,11B/12A3BFF8,11B/12A3BFF8,0.047209,0.042215,5.8,36.7,0.0,13305076.574442573,0.0,63.92737437751082,679163.4265214504,7123792.911558253,1007.39,1
2026-09-13T01:02:37.880375+00:00,1789261357.8803754,D_rowsize_rep2,r3-sub,D01,load,16,1,100,6,0,144322571,709453481,10772,27473,17860971403,7664575336,203171.075,,,1,1.0017602443695068,10873.85935030382,10871.862864606526,,11B/12FFFF38,11B/12FFFF38,0.030086,0.018544,4.3,36.7,0.0,6272223.354156557,0.0,11.97891418375524,584185.6904276782,6194325.473462445,1007.38,1
2026-09-13T01:02:38.881373+00:00,1789261358.8813734,D_rowsize_rep2,r3-sub,D01,load,16,1,100,6,0,144333434,709464342,10772,27473,17860971403,7664674005,203175.18,,,1,1.0009980201721191,10852.169316111269,10850.17131016151,,11B/1362FF20,11B/1362FF20,0.064165,0.051952,5.4,36.7,0.0,12513079.694050003,0.0,26.97308032173472,630714.5341720475,6670425.780514423,1007.38,1
2026-09-13T01:02:39.881927+00:00,1789261359.8819275,D_rowsize_rep2,r3-sub,D01,load,16,1,100,6,0,144343321,709474227,10772,27473,17860971403,7664763790,203178.532,,,1,1.000554084777832,9881.52479752792,9879.525905083796,,11B/13BC3BA0,11B/13B5BED0,0.018693,-0.000188,4.8,36.7,0.0,9693956.726141082,0.0,21.987816885366062,650240.7115198201,6676730.525250273,1007.38,1
2026-09-13T01:02:40.882920+00:00,1789261360.882921,D_rowsize_rep2,r3-sub,D01,load,16,1,100,6,0,144353215,709484119,10772,27473,17860971403,7664853665,203182.839,,,1,1.0009934902191162,9884.180163683399,9882.18214869175,,11B/1420DFC0,11B/1420DFC0,0.021113,0.001216,5.8,36.7,0.0,12173505.741113849,0.0,30.969232370546326,603851.0798583579,6186468.803752604,1007.37,1
2026-09-13T01:02:41.884434+00:00,1789261361.884435,D_rowsize_rep2,r3-sub,D01,load,16,1,100,6,0,144362507,709493409,10772,27473,17860971403,7664938041,203186.289,,,1,1.001513957977295,9277.953568182478,9275.956591521224,,11B/14743FD8,11B/14743FD8,0.115687,0.094406,3.7,36.7,0.0,6298304.631459768,0.0,17.972789951279015,534157.308281996,5619376.50012022,1007.37,1
2026-09-13T01:02:42.885437+00:00,1789261362.885437,D_rowsize_rep2,r3-sub,D01,load,16,1,100,6,0,144372317,709503216,10785,27473,17860971404,7665040913,203189.709,,,1,1.0010020732879639,9800.179501903891,9797.182505114319,,11B/14D45EE0,11B/14D45EE0,0.090609,0.069617,11.9,36.7,0.0,10970382.872364867,0.0,26.972971106157498,609100.6365224591,6393658.086019626,1007.37,1
2026-09-13T01:02:43.885667+00:00,1789261363.8856673,D_rowsize_rep2,r3-sub,D01,load,16,1,100,6,0,144381857,709512754,10785,27473,17860971404,7665127653,203192.471,,,1,1.000230312347412,9537.803326126805,9535.803786645436,,11B/15313F88,11B/15313F88,0.114921,0.096216,4.3,36.7,0.0,11105794.198468275,0.0,33.99217118326115,596490.6208449039,6087199.042899265,1007.37,1
2026-09-13T01:02:44.886666+00:00,1789261364.8866665,D_rowsize_rep2,r3-sub,D01,load,16,1,100,6,0,144391529,709522424,10785,27473,17860971404,7665215599,203195.963,,,1,1.0009992122650146,9662.345266101305,9660.347262530979,,11B/15930000,11B/15930000,0.061471,0.058405,5.4,36.7,0.0,12582627.284491228,0.0,39.960071406539726,640322.1822219628,6459416.67163686,1007.36,1
2026-09-13T01:02:45.887704+00:00,1789261365.8877041,D_rowsize_rep2,r3-sub,D01,load,16,1,100,6,0,144400498,709531391,10785,27473,17860971404,7665305194,203199.371,,,1,1.00103759765625,8959.703432717517,8957.705505761844,,11B/15F51FA8,11B/15F51FA8,0.038655,0.038199,4.9,36.7,0.0,6424054.416194134,0.0,11.987561734040607,653088.3570513993,6502318.2098652525,1007.36,1
2026-09-13T01:02:46.888569+00:00,1789261366.8885698,D_rowsize_rep2,r3-sub,D01,load,16,1,100,6,0,144410203,709541094,10785,27473,17860971404,7665395979,203202.491,,,1,1.0008656978607178,9696.605669215936,9694.607399114087,,11B/16521F90,11B/16521F90,0.074316,0.053896,5.8,36.7,0.0,11602116.07293586,0.0,32.97145668048695,624821.0937158389,6228756.77858185,1007.35,1
2026-09-13T01:02:47.889502+00:00,1789261367.8895023,D_rowsize_rep2,r3-sub,D01,load,16,1,100,6,0,144419446,709550335,10785,27473,17860971404,7665471097,203206.439,,,1,1.0009324550628662,9234.389346901004,9232.391210073805,,11B/16B3BF68,11B/16B3BF68,0.044832,0.029948,4.5,36.7,0.0,11106187.978790034,0.0,26.974847167188912,655623.6603985265,6584045.673277809,1007.35,1
2026-09-13T01:02:48.890642+00:00,1789261368.8906426,D_rowsize_rep2,r3-sub,D01,load,16,1,100,6,0,144429244,709560131,10785,27473,17860971404,7665550644,203210.131,,,1,1.0011403560638428,9786.839518209554,9784.84179632382,,11B/1710BFF0,11B/1710BFF0,0.060347,0.054126,6.0,36.7,0.0,7241661.92690935,0.0,12.985192257269258,624335.035756106,6292618.174707025,1007.35,1
2026-09-13T01:02:49.891491+00:00,1789261369.8914917,D_rowsize_rep2,r3-sub,D01,load,16,1,100,6,0,144438867,709569752,10785,27473,17860971404,7665628776,203213.328,,,1,1.0008490085601807,9614.836921149203,9612.838617725916,,11B/1772DF20,11B/1772DF20,0.030073,0.010032,5.0,36.7,0.0,11107113.965164673,0.0,27.976247926029064,629834.2653172505,6615991.966186621,1007.34,1
2026-09-13T01:02:50.891987+00:00,1789261370.891987,D_rowsize_rep2,r3-sub,D01,load,16,1,100,6,0,144448437,709579320,10785,27473,17860971404,7665706520,203216.833,,,1,1.000495433807373,9565.261046301313,9563.262036678263,,11B/17CA8148,11B/17C4DFC8,0.011277,-0.000198,4.7,36.7,0.0,11213388.50823781,0.0,46.97672614170969,617013.3107462571,6440679.069846358,1007.34,1
2026-09-13T01:02:51.891996+00:00,1789261371.8919964,D_rowsize_rep2,r3-sub,D01,load,16,1,100,6,0,144458292,709589173,10785,27473,17860971404,7665786543,203219.832,,,1,1.000009298324585,9854.908365863259,9852.908384459735,,11B/18322000,11B/18322000,0.028349,0.008173,4.8,36.7,0.0,11558804.522483736,0.0,30.999711754618065,618522.2487793678,6482826.720572924,1007.33,1
2026-09-13T01:02:52.892289+00:00,1789261372.892289,D_rowsize_rep2,r3-sub,D01,load,16,1,100,6,0,144468721,709599600,10785,27473,17860971404,7665871231,203223.019,,,1,1.0002925395965576,10425.949996794208,10423.950581702293,,11B/188A15C0,11B/1884FF48,0.019905,-0.000171,4.1,36.7,0.0,6330564.059344097,0.0,11.99649055149396,646671.8228858277,6720792.901955915,1007.33,1
2026-09-13T01:02:53.893553+00:00,1789261373.8935535,D_rowsize_rep2,r3-sub,D01,load,16,1,100,6,0,144477690,709608567,10785,27473,17860971404,7665944037,203226.201,,,1,1.0012645721435547,8957.672377040904,8955.674902990946,,11B/18E99FF0,11B/18E99FF0,0.140701,0.119716,4.1,36.7,0.0,10701603.050890464,0.0,52.93306232391214,548998.7514720422,5656426.041196226,1007.33,1
2026-09-13T01:02:54.894673+00:00,1789261374.8946738,D_rowsize_rep2,r3-sub,D01,load,16,1,100,6,0,144488380,709619255,10785,27473,17860971404,7666030862,203230.636,,,1,1.0011203289031982,10678.037086422659,10676.039324573,,11B/19541F08,11B/19541F08,0.047325,0.031595,5.8,36.7,0.0,12470636.785168288,0.0,27.968665895213697,697477.595690215,7205360.626232465,1007.33,1
2026-09-13T01:02:55.895684+00:00,1789261375.895685,D_rowsize_rep2,r3-sub,D01,load,16,1,100,6,0,144498462,709629335,10785,27473,17860971404,7666112681,203234.54,,,1,1.0010111331939697,10071.816052465794,10069.818072689468,,11B/19B6E3D0,11B/19A7DFF8,0.021093,-0.000184,7.9,36.7,0.0,12120096.967641886,0.0,30.968686533072766,695167.0934764305,6809205.985803177,1007.32,1
2026-09-13T01:02:56.896221+00:00,1789261376.8962214,D_rowsize_rep2,r3-sub,D01,load,16,1,100,6,0,144508576,709639447,10785,27473,17860971404,7666194820,203237.909,,,1,1.0005364418029785,10108.577336548035,10106.578408856409,,11B/1A0FFF00,11B/1A0FFF00,0.130878,0.123627,4.1,36.7,0.0,6353583.672119553,0.0,18.98981307043827,585115.1197901898,5880427.492873439,1007.32,1
2026-09-13T01:02:57.896351+00:00,1789261377.8963518,D_rowsize_rep2,r3-sub,D01,load,16,1,100,6,0,144518985,709649854,10785,27473,17860971404,7666285724,203241.297,,,1,1.0001304149627686,10407.642687666379,10405.642948462293,,11B/1A777F40,11B/1A777F40,0.061936,0.042332,5.4,36.7,0.0,11201099.209063683,0.0,22.99700084699075,695477.2993538984,7005385.392924802,1007.32,1
2026-09-13T01:02:58.897138+00:00,1789261378.8971379,D_rowsize_rep2,r3-sub,D01,load,16,1,100,6,0,144529375,709660242,10785,27473,17860971404,7666380850,203244.82,,,1,1.0007860660552979,10381.839188622263,10379.840759519544,,11B/1ADC1FF0,11B/1ADC1FF0,0.035325,0.013867,5.1,36.7,0.0,7416122.437889642,0.0,15.98743282174747,658291.5393664143,6777050.790418622,1007.31,1
2026-09-13T01:02:59.897478+00:00,1789261379.8974786,D_rowsize_rep2,r3-sub,D01,load,16,1,100,6,0,144539655,709670520,10785,27473,17860971404,7666474991,203248.953,,,1,1.0003407001495361,10276.498795323725,10274.49947649195,,11B/1B33EC80,11B/1B323FD0,0.006151,-0.000137,4.4,36.7,0.0,12177355.173271513,0.0,29.989782476625656,610397.0376380003,6223888.520250455,1007.31,1
2026-09-13T01:03:00.898715+00:00,1789261380.898716,D_rowsize_rep2,r3-sub,D01,load,16,1,100,6,0,144549806,709680669,10785,27473,17860971404,7666567962,203251.918,,,1,1.001237392425537,10138.454752882133,10136.457224608488,,11B/1B977F88,11B/1B977F88,0.130496,0.123858,3.9,36.7,0.0,12477360.608492356,0.0,31.96045237831034,605430.84445888,6403704.105045036,1007.31,1
2026-09-13T01:03:01.898912+00:00,1789261381.898913,D_rowsize_rep2,r3-sub,D01,load,16,1,100,6,0,144559928,709690789,10785,27473,17860971404,7666660634,203255.258,,304677,1,1.000196933746338,10120.007029102793,10118.007422892735,293026,11B/1C10DFE0,11B/1C10DFE0,0.006158,0.005899,7.3,36.7,0.0,13247951.03137209,0.0,31.993699360925646,790233.3763807081,8171610.734084521,1007.3,1
2026-09-13T01:03:02.899289+00:00,1789261382.8992898,D_rowsize_rep2,r3-sub,D01,load,16,1,100,6,0,144570276,709701131,10785,27473,17860971404,7666755914,203258.988,,,1,1.0003769397735596,10344.100896950225,10338.103157736687,,11B/1C63DF78,11B/1C63DF78,0.052232,0.038115,5.7,36.7,0.0,5224526.668100771,0.0,10.995855224821462,536059.9376884734,5574805.634026672,1007.3,1
2026-09-13T01:03:03.900027+00:00,1789261383.9000273,D_rowsize_rep2,r3-sub,D01,load,16,1,100,6,0,144580296,709711146,10785,27473,17860971404,7666859040,203262.553,,,1,1.0007374286651611,10012.616409646263,10007.620094072588,,11B/1CC8B700,11B/1CB85FF8,0.020915,-0.000184,4.5,36.7,0.0,12397641.623686299,0.0,27.97936721258437,643886.17987386,6775543.519986316,1007.3,1
2026-09-13T01:03:04.900609+00:00,1789261384.9005337,D_rowsize_rep2,r3-sub,D01,load,16,1,100,6,0,144580298,709711146,10785,27473,17860971404,7666859040,203262.553,,,1,1.0005064010620117,1.998987710500454,0.0,,11B/1D20DF70,11B/1D20DF70,0.131863,0.125706,4.6,36.7,0.0,11565343.297871428,0.0,31.983803368007266,582931.8027160242,5848144.493417735,1007.29,1
2026-09-13T01:03:05.901536+00:00,1789261385.9015365,D_rowsize_rep2,r3-sub,D01,load,16,1,100,6,0,144590656,709721502,10785,27473,17860971404,7666953887,203265.913,,,1,1.0010027885437012,10347.623521677928,10345.625525245861,,11B/1D855F80,11B/1D855F80,0.099942,0.094183,4.6,36.7,0.0,6260601.940097797,0.0,11.987978592405401,656066.1044265704,6719584.677467006,1007.29,1
2026-09-13T01:03:06.901805+00:00,1789261386.9018052,D_rowsize_rep2,r3-sub,D01,load,16,1,100,6,0,144600643,709731487,10785,27473,17860971404,7667045337,203269.188,,,1,1.0002686977386475,9984.317236536604,9982.317773787723,,11B/1DEA3EE0,11B/1DEA3EE0,0.071177,0.049116,6.1,36.7,0.0,12419830.819544405,0.0,33.99086673097472,635712.1855733058,6718666.709448446,1007.29,1
2026-09-13T01:03:07.902534+00:00,1789261387.9025342,D_rowsize_rep2,r3-sub,D01,load,16,1,100,6,0,144610615,709741457,10785,27473,17860971404,7667136722,203272.686,,,1,1.0007290840148926,9964.734871092844,9962.736328198522,,11B/1E462E68,11B/1E425FA0,0.015638,-0.000166,5.2,36.7,0.0,11358118.97701461,0.0,37.97231499213077,662287.1370351188,6816635.100313006,1007.29,1
2026-09-13T01:03:08.904387+00:00,1789261388.904388,D_rowsize_rep2,r3-sub,D01,load,16,1,100,6,0,144620979,709751819,10785,27473,17860971404,7667231647,203276.831,,,1,1.0018537044525146,10344.823754146459,10342.82745469564,,11B/1EA5DFF8,11B/1EA5DFF8,0.134923,0.114088,10.0,36.7,0.0,6353406.661782417,0.0,11.97779670491678,562636.0390692322,5701036.96239885,1007.28,1
2026-09-13T01:03:09.906145+00:00,1789261389.9061453,D_rowsize_rep2,r3-sub,D01,load,16,1,100,6,0,144630860,709761698,10785,27473,17860971404,7667322108,203280.389,,,1,1.0017573833465576,9863.665758060773,9861.66926666151,,11B/1F111FA8,11B/1F111FA8,0.028485,0.006938,5.0,36.7,0.0,13717972.263994716,0.0,56.90000487900659,672867.5138367437,7126979.165503281,1007.28,1
2026-09-13T01:03:10.907162+00:00,1789261390.907163,D_rowsize_rep2,r3-sub,D01,load,16,1,100,6,0,144641461,709772297,10785,27473,17860971404,7667419199,203284.387,,,1,1.0010175704956055,10590.223700820183,10588.225733892381,,11B/1F686BC8,11B/1F639FC8,0.018455,-0.000170,5.0,36.7,0.0,6219591.1275738515,0.0,11.987801566818433,626049.950042062,6605786.146916619,1007.27,1
2026-09-13T01:03:11.908063+00:00,1789261391.908063,D_rowsize_rep2,r3-sub,D01,load,16,1,100,6,0,144651295,709782129,10785,27473,17860971404,7667509290,203288.046,,,1,1.0009000301361084,9825.157062551705,9823.158860993326,,11B/1FC67F98,11B/1FC67F98,0.137224,0.116808,4.1,36.7,0.0,13594676.381565949,0.0,34.9685272716402,546558.0812557363,5535678.722326092,1007.27,1
2026-09-13T01:03:12.908125+00:00,1789261392.9081256,D_rowsize_rep2,r3-sub,D01,load,16,1,100,6,0,144661114,709791946,10785,27473,17860971404,7667599209,203291.922,,,1,1.0000627040863037,9818.384347180532,9816.384472580841,,11B/2030DFF8,11B/2030DFF8,0.029180,0.014821,6.5,36.7,0.0,11861272.24976118,0.0,25.998369795976558,720032.8509979695,7121101.477838356,1007.27,1
2026-09-13T01:03:13.909995+00:00,1789261393.9099953,D_rowsize_rep2,r3-sub,D01,load,16,1,100,6,0,144671687,709802516,10785,27473,17860971404,7667696076,203295.332,,,1,1.0018696784973145,10553.268780285121,10550.274378853092,,11B/208E17A8,11B/20831FE8,0.011023,-0.000188,5.0,36.7,0.0,11324746.365233382,0.0,25.951479077595113,636900.2013885286,6606358.234064214,1007.26,1
2026-09-13T01:03:14.910109+00:00,1789261394.9101095,D_rowsize_rep2,r3-sub,D01,load,16,1,100,6,0,144681509,709812337,10785,27473,17860971404,7667786016,203299.484,,,1,1.0001142024993896,9820.878431136962,9819.87854532642,,11B/20E55FC8,11B/20E55FC8,0.143999,0.122687,4.9,36.7,0.0,6364457.1630847175,0.0,21.997487831909304,534766.9282801995,5520646.528368213,1007.26,1
2026-09-13T01:03:15.911237+00:00,1789261395.911238,D_rowsize_rep2,r3-sub,D01,load,16,1,100,6,0,144691557,709822383,10785,27473,17860971404,7667878020,203302.969,,,1,1.0011284351348877,10036.674264122941,10034.676518449349,,11B/21486B28,11B/21427F18,0.019716,-0.000188,5.0,36.7,0.0,11263577.783085026,0.0,22.974075246300522,722265.9697030534,7343166.712680074,1007.26,1
2026-09-13T01:03:16.911284+00:00,1789261396.9112844,D_rowsize_rep2,r3-sub,D01,load,16,1,100,6,0,144700632,709831456,10785,27473,17860971404,7667961098,203306.473,,,1,1.0000464916229248,9074.578108136395,9072.578201115319,,11B/21A55F70,11B/21A55F70,0.143520,0.122146,4.9,36.7,0.0,11390446.439659182,0.0,31.998512337230263,538705.9546858874,5546701.124862826,1007.26,1
2026-09-13T01:03:17.911739+00:00,1789261397.911739,D_rowsize_rep2,r3-sub,D01,load,16,1,100,6,0,144710507,709841329,10785,27473,17860971404,7668051550,203309.806,,,1,1.0004546642303467,9870.512231153296,9868.513140068504,,11B/220D8CA8,11B/21FFFFC0,0.014333,-0.000184,6.1,36.7,0.0,6894529.30414033,0.0,14.993183135929057,735565.5646486795,7176627.044388378,1007.25,1
2026-09-13T01:03:18.912779+00:00,1789261398.9127796,D_rowsize_rep2,r3-sub,D01,load,16,1,100,6,0,144721160,709851980,10785,27473,17860971404,7668149071,203313.813,,,1,1.0010404586791992,10641.92751415449,10639.92959290899,,11B/22813350,11B/2271DFF0,0.004383,-0.000197,6.3,36.7,0.0,11898787.802958462,0.0,25.972976191496922,671025.8253560414,6662453.991919342,1007.25,1
2026-09-13T01:03:19.914150+00:00,1789261399.91415,D_rowsize_rep2,r3-sub,D01,load,16,1,100,6,0,144730950,709861768,10785,27473,17860971404,7668238737,203317.249,,,1,1.0013704299926758,9776.601851596122,9774.604588705091,,11B/22D8C3F8,11B/22D5FFA8,0.013190,-0.000187,4.4,36.7,0.0,11808968.635199755,0.0,30.95757481097853,613508.2299209628,6269524.05619359,1007.24,1
2026-09-13T01:03:20.915427+00:00,1789261400.9154277,D_rowsize_rep2,r3-sub,D01,load,16,1,100,6,0,144741807,709872623,10785,27473,17860971404,7668338190,203321.015,,,1,1.0012776851654053,10843.145873371268,10841.148425480806,,11B/23427FF8,11B/23427FF8,0.037715,0.017269,11.8,36.7,0.0,7322484.170601307,0.0,13.982135233231809,610943.4066723925,6513460.847699447,1007.24,1
2026-09-13T01:03:21.916433+00:00,1789261401.9164336,D_rowsize_rep2,r3-sub,D01,load,16,1,100,6,0,144751642,709882456,10785,27473,17860971404,7668428213,203324.284,,,1,1.0010058879852295,9825.11703282321,9823.119042577593,,11B/2395B968,11B/23935FE8,0.010000,-0.000192,4.5,36.7,0.0,10393385.418481689,0.0,27.97186343864259,593804.6989877154,6123915.027451321,1007.24,1
2026-09-13T01:03:22.917778+00:00,1789261402.9177785,D_rowsize_rep2,r3-sub,D01,load,16,1,100,6,0,144761385,709892197,10785,27473,17860971404,7668517399,203327.761,,,1,1.001344919204712,9729.91405173163,9727.916737957283,,11B/23F55E68,11B/23F45FF8,0.002324,-0.000179,5.7,36.7,0.0,11596563.55896089,0.0,27.96239284085863,594952.8365042876,6080178.650964239,1007.24,1
2026-09-13T01:03:23.917917+00:00,1789261403.9179173,D_rowsize_rep2,r3-sub,D01,load,16,1,100,6,0,144771032,709901842,10785,27473,17860971404,7668605731,203332.049,,,1,1.000138759613037,9645.661571732819,9643.661849213542,,11B/24556288,11B/2450E000,0.006976,-0.000191,5.2,36.7,0.0,11250150.933409872,0.0,38.99458912590235,658041.6903896793,6638514.842249349,1007.23,1
2026-09-13T01:03:24.919064+00:00,1789261404.9190648,D_rowsize_rep2,r3-sub,D01,load,16,1,100,6,0,144780382,709911190,10785,27473,17860971404,7668691309,203335.204,,,1,1.0011475086212158,9339.283092135798,9337.285384522507,,11B/24B17FE8,11B/24B17FE8,0.135106,0.120278,4.7,36.7,0.0,6562453.528000291,0.0,15.98166090632864,576700.2315124823,6002428.16193595,1007.23,1
2026-09-13T01:03:25.919968+00:00,1789261405.919968,D_rowsize_rep2,r3-sub,D01,load,16,1,100,6,0,144789906,709920712,10785,27473,17860971404,7668778489,203338.711,,,1,1.0009031295776367,9515.406355077497,9513.408159706838,,11B/250FFFF0,11B/250FFFF0,0.121369,0.121200,4.6,36.7,0.0,11102421.075143661,0.0,58.946763434436406,643469.8633341051,6404810.626084421,1007.23,1
2026-09-13T01:03:26.920488+00:00,1789261406.920488,D_rowsize_rep2,r3-sub,D01,load,16,1,100,6,0,144799641,709930445,10785,27473,17860971404,7668867661,203342.748,,,1,1.0005202293395996,9729.938200675517,9727.939240593201,,11B/25717F08,11B/25717F08,0.106660,0.085068,6.5,36.7,32750.96198867338,11016604.838940008,1.9989600823164906,35.98128148169683,638244.9662427087,6577902.981875788,1007.22,1
2026-09-13T01:03:27.920622+00:00,1789261407.9206226,D_rowsize_rep2,r3-sub,D01,load,16,1,100,6,0,144809531,709940333,10785,27473,17860971404,7668958214,203346.749,,,1,1.0001344680786133,9888.67028950613,9886.67055840613,,11B/25D435E0,11B/25D435E0,0.075029,0.059206,5.2,36.7,0.0,7379999.625630175,0.0,14.997983250009296,660760.1488523596,6670133.080020634,1007.22,1
2026-09-13T01:03:28.921644+00:00,1789261408.9216447,D_rowsize_rep2,r3-sub,D01,load,16,1,100,6,0,144819564,709950364,10785,27473,17860971404,7669050015,203350.575,,,1,1.0010221004486084,10022.755736865058,10020.75777897871,,11B/26309FD8,11B/26309FD8,0.107962,0.086281,5.0,36.7,0.0,11072458.834857695,0.0,27.97141040887288,584828.2467866006,6252105.719938903,1007.22,1
2026-09-13T01:03:29.922518+00:00,1789261409.9225187,D_rowsize_rep2,r3-sub,D01,load,16,1,100,6,0,144828798,709959596,10785,27473,17860971404,7669134555,203354.205,,,1,1.0008740425109863,9225.936139610336,9223.937886168791,,11B/26945FD0,11B/26945FD0,0.076129,0.054725,5.4,36.7,0.0,10754887.770887358,0.0,25.97729474007675,645899.4564172684,6726176.036207977,1007.21,1
2026-09-13T01:03:30.924353+00:00,1789261410.9243538,D_rowsize_rep2,r3-sub,D01,load,16,1,100,6,0,144838776,709969572,10785,27473,17860971404,7669225940,203358.62,,,1,1.0018351078033447,9959.722834906512,9957.726498399215,,11B/26F7BFE0,11B/26F7BFE0,0.046537,0.024972,5.2,36.7,0.0,12588482.777023613,0.0,27.948711102162992,665295.1117489025,6707664.712144524,1007.21,1
2026-09-13T01:03:31.924407+00:00,1789261411.9244072,D_rowsize_rep2,r3-sub,D01,load,16,1,100,6,0,144838778,709969572,10785,27473,17860971404,7669225940,203358.62,,592562,1,1.0000534057617188,1.9998931941806086,0.0,287885,11B/27587258,11B/27525F88,0.003313,-0.000287,6.0,36.7,0.0,6188725.486401331,0.0,14.999198956354565,676715.8594740577,6871857.003242319,1007.2,1
2026-09-13T01:03:32.925549+00:00,1789261412.9255493,D_rowsize_rep2,r3-sub,D01,load,16,1,100,6,0,144849575,709980363,10785,27473,17860971404,7669330373,203362.466,,,1,1.0011420249938965,10784.683621752692,10778.690466086256,,11B/27B6DFE8,11B/27B6DFE8,0.073487,0.054434,8.6,36.7,0.0,11181598.335229456,0.0,25.97034122122534,581051.4247501962,6044358.191872818,1007.2,1
2026-09-13T01:03:33.926685+00:00,1789261413.9266853,D_rowsize_rep2,r3-sub,D01,load,16,1,100,6,0,144859635,709990418,10785,27473,17860971404,7669439363,203366.248,,,1,1.001136064529419,10048.584159964983,10043.58983384174,,11B/2813C860,11B/28105FF0,0.005256,-0.000191,4.8,36.7,0.0,12016300.706991954,0.0,26.96936106551238,611392.4187594916,6429865.258151271,1007.2,1
2026-09-13T01:03:34.926771+00:00,1789261414.9267712,D_rowsize_rep2,r3-sub,D01,load,16,1,100,6,0,144870306,710001087,10785,27473,17860971404,7669537084,203370.792,,,1,1.0000858306884766,10670.084179328785,10668.08435097543,,11B/2873FF30,11B/2873FF30,0.132292,0.110944,6.7,36.7,0.0,11602972.108915517,0.0,31.997253653689544,623181.5119017876,6370937.178075765,1007.2,1
2026-09-13T01:03:35.927166+00:00,1789261415.9271667,D_rowsize_rep2,r3-sub,D01,load,16,1,100,6,0,144880252,710011031,10785,27473,17860971404,7669628084,203374.364,,,1,1.0003955364227295,9942.067550166672,9940.068340926744,,11B/28D73FD0,11B/28D73FD0,0.111694,0.096595,4.2,36.7,0.0,6231647.156575976,0.0,11.995255439573704,634009.2262586681,6714150.309005108,1007.19,1
2026-09-13T01:03:36.927837+00:00,1789261416.9278371,D_rowsize_rep2,r3-sub,D01,load,16,1,100,6,0,144890295,710021072,10785,27473,17860971404,7669720040,203378.211,,,1,1.0006704330444336,10036.271352042688,10034.272692010418,,11B/293D8BB8,11B/2930DFB8,0.022173,-0.000201,5.1,36.7,0.0,12447590.723855142,0.0,32.97789053245133,737016.879529658,7188025.909905754,1007.19,1
2026-09-13T01:03:37.929717+00:00,1789261417.9297175,D_rowsize_rep2,r3-sub,D01,load,16,1,100,6,0,144900966,710031741,10785,27473,17860971404,7669817734,203382.498,,,1,1.001880407333374,10650.971834454931,10648.975588211008,,11B/29975770,11B/29953FC8,0.010473,-0.000178,4.4,36.7,0.0,10784967.867332065,0.0,25.951201171008172,599764.1990019017,6219224.324971425,1007.19,1
2026-09-13T01:03:38.930476+00:00,1789261418.9304764,D_rowsize_rep2,r3-sub,D01,load,16,1,100,6,0,144910988,710041761,10785,27473,17860971404,7669909446,203386.797,,,1,1.0007588863372803,10014.400208505709,10012.40172512744,,11B/29F91F40,11B/29F91F40,0.131222,0.109256,4.5,36.7,0.0,6360357.211811734,0.0,11.9909002696137,582838.6916800457,6155624.580608349,1007.18,1
2026-09-13T01:03:39.931281+00:00,1789261419.931281,D_rowsize_rep2,r3-sub,D01,load,16,1,100,6,0,144921645,710052416,10785,27473,17860971404,7670007027,203391.576,,,1,1.0008046627044678,10648.431604227002,10646.43321225849,,11B/2A62FFE0,11B/2A62FFE0,0.038882,0.016662,5.2,36.7,0.0,12003908.902198572,0.0,29.975879527710433,732118.8912329886,7154527.018939752,1007.18,1
2026-09-13T01:03:40.932609+00:00,1789261420.9326098,D_rowsize_rep2,r3-sub,D01,load,16,1,100,6,0,144931663,710062432,10785,27473,17860971404,7670098734,203396.42,,,1,1.001328706741333,10004.706678790832,10002.709332678076,,11B/2ABF2FB8,11B/2AB5FF78,0.020385,-0.000202,4.7,36.7,0.0,11498577.762211608,0.0,42.94294142423695,638151.0843522322,6770259.31081315,1007.17,1
2026-09-13T01:03:41.933027+00:00,1789261421.9330277,D_rowsize_rep2,r3-sub,D01,load,16,1,100,6,0,144941679,710072446,10785,27473,17860971404,7670190375,203400.041,,,1,1.000417947769165,10011.81558401137,10009.816419557694,,11B/2B211FD8,11B/2B211FD8,0.072054,0.050834,4.6,36.7,0.0,12254206.381779848,0.0,52.977858022424385,571150.2890108499,6122660.047891628,1007.17,1
2026-09-13T01:03:42.934693+00:00,1789261422.9346936,D_rowsize_rep2,r3-sub,D01,load,16,1,100,6,0,144952457,710083222,10785,27473,17860971404,7670289011,203404.018,,,1,1.0016658306121826,10760.075536781433,10758.078862901903,,11B/2B853ED8,11B/2B853ED8,0.041058,0.018771,6.4,36.7,0.0,7810349.281075746,0.0,14.975054096467014,647401.538698462,6735472.843150356,1007.17,1
2026-09-13T01:03:43.935481+00:00,1789261423.9354813,D_rowsize_rep2,r3-sub,D01,load,16,1,100,6,0,144962467,710093231,10798,27479,17860971404,7670450375,203407.859,,,1,1.0007877349853516,10002.120979376827,10001.121766491773,,11B/2BE34FB8,11B/2BD85EC0,0.020913,-0.000180,8.5,36.7,0.0,11120072.32998603,0.0,29.976386551578898,655628.538462858,6740442.317769549,1007.17,1
2026-09-13T01:03:44.936059+00:00,1789261424.9360595,D_rowsize_rep2,r3-sub,D01,load,16,1,100,6,0,144973087,710103849,10798,27479,17860971404,7670547537,203412.097,,,1,1.0005781650543213,10613.863435070503,10611.86459073245,,11B/2C41FF08,11B/2C41FF08,0.089761,0.068023,5.2,36.7,0.0,12886757.327249866,0.0,32.980931577902695,585852.2806843139,6022109.226891706,1007.16,1
2026-09-13T01:03:45.936887+00:00,1789261425.9368877,D_rowsize_rep2,r3-sub,D01,load,16,1,100,6,0,144983074,710113834,10798,27479,17860971404,7670638921,203416.682,,,1,1.0008282661437988,9978.73495168158,9976.736606842953,,11B/2CA57FF0,11B/2CA57FF0,0.059987,0.044503,4.7,36.7,0.0,6335360.635277044,0.0,11.990069031759184,647892.3726828813,6726704.498404632,1007.16,1
2026-09-13T01:03:46.937014+00:00,1789261426.9370148,D_rowsize_rep2,r3-sub,D01,load,16,1,100,6,0,144993094,710123852,10798,27479,17860971404,7670730655,203420.923,,,1,1.0001270771026611,10018.726849219647,10016.72710334156,,11B/2D000000,11B/2D000000,0.042449,0.031916,10.9,36.7,0.0,13093248.147960935,0.0,42.994536378886714,587202.380022871,6123915.7905244,1007.16,1
2026-09-13T01:03:47.938298+00:00,1789261427.9382987,D_rowsize_rep2,r3-sub,D01,load,16,1,100,6,0,145003862,710134618,10798,27479,17860971404,7670829177,203425.379,,,1,1.001283884048462,10754.19286332869,10752.195427804298,,11B/2D633ED0,11B/2D633ED0,0.088830,0.068171,3.9,36.7,0.0,6267025.865460037,0.0,12.98333090855061,650434.9169855197,6735641.217684452,1007.16,1
2026-09-13T01:03:48.939515+00:00,1789261428.9395154,D_rowsize_rep2,r3-sub,D01,load,16,1,100,6,0,145013861,710144615,10798,27479,17860971404,7670920671,203428.651,,,1,1.0012166500091553,9986.849499465043,9984.851929808185,,11B/2DC6BFA0,11B/2DC6BFA0,0.062463,0.040693,5.1,36.7,0.0,12768081.71326666,0.0,28.96476002445107,651230.6801869883,6735846.831890312,1007.15,1
2026-09-13T01:03:49.939638+00:00,1789261429.9396389,D_rowsize_rep2,r3-sub,D01,load,16,1,100,6,0,145013863,710144615,10798,27479,17860971404,7670920671,203428.651,,,1,1.0001235008239746,1.9997530288531908,0.0,,11B/2E213FE0,11B/2E213FE0,0.121927,0.100540,4.4,36.7,0.0,6315252.061166839,0.0,12.99839468754574,585911.6394297541,6132805.593455932,1007.15,1
2026-09-13T01:03:50.940659+00:00,1789261430.9406593,D_rowsize_rep2,r3-sub,D01,load,16,1,100,6,0,145024636,710155386,10798,27479,17860971404,7671019332,203432.835,,,1,1.0010204315185547,10762.018097530025,10760.020136312623,,11B/2E84DF78,11B/2E84DF78,0.085720,0.069106,5.9,36.7,0.0,12660105.229595501,0.0,26.97247643491234,654163.470975929,6741849.404374427,1007.15,1
2026-09-13T01:03:51.942275+00:00,1789261431.9422755,D_rowsize_rep2,r3-sub,D01,load,16,1,100,6,0,145034655,710165403,10798,27479,17860971404,7671111027,203436.091,,,1,1.0016162395477295,10002.83302567457,10000.836252937635,,11B/2EE8A000,11B/2EE8A000,0.041938,0.021718,3.9,36.7,0.0,12206830.837248396,0.0,30.949977422488438,676435.717841328,6746429.154394712,1007.14,1
2026-09-13T01:03:52.943214+00:00,1789261432.943215,D_rowsize_rep2,r3-sub,D01,load,16,1,100,6,0,145044683,710175429,10798,27479,17860971404,7671202824,203439.496,,,1,1.0009393692016602,10018.58884619379,10016.59072316902,,11B/2F41FF70,11B/2F41FF70,0.143542,0.121565,5.4,36.7,0.0,10856489.74789269,0.0,29.971845371541054,601889.6034437255,6218370.654123009,1007.14,1
2026-09-13T01:03:53.944207+00:00,1789261433.9442077,D_rowsize_rep2,r3-sub,D01,load,16,1,100,6,0,145055324,710186068,10798,27479,17860971404,7671300255,203443.901,,,1,1.000992774963379,10630.446359005236,10628.448342585914,,11B/2FA57FF8,11B/2FA57FF8,0.113737,0.095967,4.5,36.7,0.0,6236112.943201187,0.0,11.98809851593486,665189.6164029356,6562983.434361296,1007.13,1
2026-09-13T01:03:54.945356+00:00,1789261434.9453564,D_rowsize_rep2,r3-sub,D01,load,16,1,100,6,0,145065363,710196105,10798,27479,17860971404,7671392123,203448.208,,,1,1.0011487007141113,10027.48142492645,10025.483719691878,,11B/3007B278,11B/2FFFFED0,0.019834,-0.000187,5.2,36.7,0.0,12294357.46280294,0.0,28.966725901271744,693205.7141011859,7269678.315327823,1007.13,1
2026-09-13T01:03:55.946715+00:00,1789261435.9467158,D_rowsize_rep2,r3-sub,D01,load,16,1,100,6,0,145076152,710206892,10798,27479,17860971404,7671490905,203452.326,,,1,1.001359462738037,10774.352669019996,10772.355384254213,,11B/3068DFD0,11B/3068DFD0,0.079288,0.074752,4.1,36.7,0.0,11547309.86251734,0.0,25.96470195518768,643907.6315681454,5946241.306512419,1007.13,1
2026-09-13T01:03:56.946856+00:00,1789261436.9468565,D_rowsize_rep2,r3-sub,D01,load,16,1,100,6,0,145086623,710217361,10798,27479,17860971404,7671586788,203456.956,,,1,1.00014066696167,10469.527283406922,10467.527564701277,,11B/30CC9FB8,11B/30CC9FB8,0.069559,0.048810,5.6,36.7,0.0,6519914.863385821,0.0,18.99732770363208,649501.6365781829,6754600.850821022,1007.12,1
2026-09-13T01:03:57.948127+00:00,1789261437.948128,D_rowsize_rep2,r3-sub,D01,load,16,1,100,6,0,145096668,710227404,10798,27479,17860971404,7671678690,203460.787,,,1,1.0012714862823486,10032.24413919584,10030.246678939156,,11B/3131BFE0,11B/3131BFE0,0.023629,0.016628,4.4,36.7,0.0,12714202.06648146,0.0,40.94793526202384,667545.2254030526,6851104.914082812,1007.12,1
2026-09-13T01:03:58.949067+00:00,1789261438.9490676,D_rowsize_rep2,r3-sub,D01,load,16,1,100,6,0,145106849,710237583,10798,27479,17860971404,7671771890,203464.437,,,1,1.0009396076202393,10171.44283480359,10169.444712254764,,11B/31887968,11B/31853FD8,0.015674,-0.000194,11.3,36.7,0.0,11142938.010533448,0.0,54.948370092741136,644241.6656217062,6525492.597429641,1007.12,1
2026-09-13T01:03:59.950417+00:00,1789261439.950418,D_rowsize_rep2,r3-sub,D01,load,16,1,100,6,0,145116862,710247594,10798,27479,17860971404,7671863603,203468.842,,,1,1.0013504028320312,9999.496651403058,9997.499348566465,,11B/31E99F00,11B/31E99F00,0.134144,0.112369,4.4,36.7,0.0,11379704.814390967,0.0,24.966285457413008,581580.6318676714,5836170.818398616,1007.11,1
2026-09-13T01:04:00.951287+00:00,1789261440.9512873,D_rowsize_rep2,r3-sub,D01,load,16,1,100,6,0,145127502,710258232,10798,27479,17860971404,7671961001,203472.585,,,1,1.0008692741394043,10630.758956157171,10628.760693195489,,11B/32539FF0,11B/32539FF0,0.021429,0.012570,6.4,36.7,0.0,7268177.960858038,0.0,13.987840731785752,736569.7189914124,7161307.860272752,1007.11,1
2026-09-13T01:04:01.952342+00:00,1789261441.9523427,D_rowsize_rep2,r3-sub,D01,load,16,1,100,6,0,145137501,710268229,10798,27479,17860971404,7672052544,203475.945,,884968,1,1.0010554790496826,9988.457392483586,9986.459501215963,292406,11B/32B77FE8,11B/32B77FE8,0.132916,0.109263,6.3,36.7,0.0,11342140.60820948,0.0,28.969423380540455,650202.7246460895,6725475.401614441,1007.11,1
2026-09-13T01:04:02.953118+00:00,1789261442.9531188,D_rowsize_rep2,r3-sub,D01,load,16,1,100,6,0,145147515,710278237,10798,27479,17860971404,7672149819,203479.263,,,1,1.0007760524749756,10006.23463684489,10000.239289548997,,11B/3310BEE8,11B/3310BEE8,0.092976,0.085189,5.7,36.7,0.0,11267543.794751188,0.0,28.977511930147973,591662.8385897613,6010795.307425101,1007.1,1
2026-09-13T01:04:03.953553+00:00,1789261443.9535537,D_rowsize_rep2,r3-sub,D01,load,16,1,100,6,0,145158193,710288910,10798,27479,17860971404,7672256192,203483.847,,,1,1.0004348754882812,10673.358418046351,10668.36059147862,,11B/33759ED8,11B/33759ED8,0.059618,0.038488,4.8,36.7,0.0,7345029.826567731,0.0,13.993914389646836,679288.5940409825,6800983.419014864,1007.1,1
2026-09-13T01:04:04.954729+00:00,1789261444.9547296,D_rowsize_rep2,r3-sub,D01,load,16,1,100,6,0,145168286,710299001,10798,27479,17860971404,7672348567,203487.562,,,1,1.001175880432129,10081.145777946274,10079.148126944996,,11B/33DA7FF8,11B/33DA7FF8,0.030585,0.012508,5.7,36.7,0.0,10772101.296872098,0.0,25.96946301660588,664357.794669316,6810698.432983523,1007.1,1
2026-09-13T01:04:05.956463+00:00,1789261445.956463,D_rowsize_rep2,r3-sub,D01,load,16,1,100,6,0,145178657,710309370,10798,27479,17860971404,7672443523,203492.029,,,1,1.0017335414886475,10353.05255386373,10351.056014946776,,11B/34311FF8,11B/34311FF8,0.140845,0.119497,4.1,36.7,0.0,11935533.257908285,0.0,24.956736461922016,567288.581707574,5812776.31110048,1007.1,1
2026-09-13T01:04:06.957540+00:00,1789261446.9575405,D_rowsize_rep2,r3-sub,D01,load,16,1,100,6,0,145188701,710319412,10798,27479,17860971404,7672535466,203495.358,,,1,1.00107741355896,10033.190104941314,10031.19225744929,,11B/34963FC0,11B/34963FC0,0.111925,0.089426,4.7,36.7,0.0,7397597.727904225,0.0,18.979551174221918,638435.1413222229,6774926.602217812,1007.09,1
2026-09-13T01:04:07.958534+00:00,1789261447.9585345,D_rowsize_rep2,r3-sub,D01,load,16,1,100,6,0,145198631,710329340,10798,27479,17860971404,7672626370,203499.24,,,1,1.0009939670562744,9920.13970793667,9918.141693896805,,11B/34FA3F20,11B/34FA3F20,0.079552,0.063085,6.3,36.7,0.0,11805225.994269822,0.0,25.974182518263188,668699.3348905662,6705419.0343813095,1007.09,1
2026-09-13T01:04:08.959621+00:00,1789261448.959622,D_rowsize_rep2,r3-sub,D01,load,16,1,100,6,0,145209241,710339948,10798,27479,17860971404,7672723514,203503.155,,,1,1.0010874271392822,10598.474930725328,10596.47710321718,,11B/3555EC60,11B/35536000,0.012322,-0.000171,5.4,36.7,511.443842085897,11424121.10067268,0.9989137540740176,27.969585114072494,642899.8932082837,6730787.758722417,1007.08,1
2026-09-13T01:04:09.960236+00:00,1789261449.9602365,D_rowsize_rep2,r3-sub,D01,load,16,1,100,6,0,145209243,710339948,10798,27479,17860971404,7672723514,203503.155,,,1,1.0006146430969238,1.9987714689143035,0.0,,11B/35B6BFF0,11B/35B6BFF0,0.112552,0.103314,15.1,36.8,0.0,11203865.621336984,0.0,26.983414830343097,585969.8376842618,5946341.122477115,1007.08,1
2026-09-13T01:04:10.961187+00:00,1789261450.9611874,D_rowsize_rep2,r3-sub,D01,load,16,1,100,6,0,145219173,710349876,10798,27479,17860971404,7672814456,203506.359,,,1,1.000950813293457,9920.567392644438,9918.56929246465,,11B/36215F48,11B/36215F48,0.021279,0.005528,10.6,36.8,0.0,8286521.065614303,0.0,18.981951707980294,718784.5700756403,7198272.786544624,1007.08,1
2026-09-13T01:04:11.962591+00:00,1789261451.9625466,D_rowsize_rep2,r3-sub,D01,load,16,1,100,6,0,145229843,710360544,10798,27479,17860971404,7672912110,203510.428,,,1,1.001359224319458,10655.516762480045,10653.519477238717,,11B/36777FD8,11B/36777FD8,0.132424,0.110932,3.7,36.8,0.0,10087025.469670631,0.0,28.960635999242857,557215.6189795012,5759018.202403093,1007.08,1
2026-09-13T01:04:12.964433+00:00,1789261452.9644005,D_rowsize_rep2,r3-sub,D01,load,16,1,100,6,0,145240053,710370752,10798,27479,17860971404,7673005572,203514.979,,,1,1.0018539428710938,10191.106271179988,10189.109972204242,,11B/36DAFFC0,11B/36DAFFC0,0.102146,0.080907,5.6,36.8,0.0,12212111.443049157,0.0,34.93523207554354,642267.2731675742,6662910.3448654,1007.07,1
2026-09-13T01:04:13.965729+00:00,1789261453.9657297,D_rowsize_rep2,r3-sub,D01,load,16,1,100,6,0,145249953,710380650,10798,27479,17860971404,7673096230,203518.546,,,1,1.0013291835784912,9886.85854997251,9884.8612048109,,11B/37431FF8,11B/37431FF8,0.025257,0.003453,5.6,36.8,0.0,6176749.965377574,0.0,10.985398388858346,686953.9121408021,6978038.905277033,1007.07,1
2026-09-13T01:04:14.966755+00:00,1789261454.9667559,D_rowsize_rep2,r3-sub,D01,load,16,1,100,6,0,145260322,710391017,10798,27479,17860971404,7673191189,203522.522,,,1,1.0010261535644531,10358.370720962757,10356.372771166063,,11B/379AA2C0,11B/37963F08,0.013471,-0.000181,5.9,36.8,0.0,11592072.753224878,0.0,41.95694573058499,650991.9822569767,6322881.752352208,1007.07,1
2026-09-13T01:04:15.968397+00:00,1789261455.9683976,D_rowsize_rep2,r3-sub,D01,load,16,1,100,6,0,145270226,710400919,10798,27479,17860971404,7673281877,203527.072,,,1,1.0016417503356934,9887.76675560972,9885.770033728539,,11B/37FA3EC8,11B/37FA3EC8,0.136319,0.114820,4.3,36.8,0.0,11323234.07665352,0.0,57.904934554257245,590489.5635608006,5899185.011027828,1007.06,1
2026-09-13T01:04:16.969018+00:00,1789261456.9690185,D_rowsize_rep2,r3-sub,D01,load,16,1,100,6,0,145280753,710411444,10798,27479,17860971404,7673378265,203531.183,,,1,1.0006208419799805,10520.468451536226,10518.469692449775,,11B/38643FF8,11B/38643FF8,0.045514,0.023342,4.7,36.7,0.0,12333590.789074242,0.0,40.9745612722509,678964.470353889,7083572.2209969815,1007.06,1
2026-09-13T01:04:17.969534+00:00,1789261457.9695342,D_rowsize_rep2,r3-sub,D01,load,16,1,100,6,0,145290668,710421357,10798,27479,17860971404,7673469013,203534.552,,,1,1.0005156993865967,9909.889476075947,9907.890506943102,,11B/38C41688,11B/38B73FB8,0.021610,-0.000188,4.7,36.8,0.0,6320964.282596765,0.0,12.993299363488383,669065.96309324,6663803.480632637,1007.06,1
2026-09-13T01:04:18.970531+00:00,1789261458.970531,D_rowsize_rep2,r3-sub,D01,load,16,1,100,6,0,145300573,710431260,10798,27479,17860971404,7673559733,203538.192,,,1,1.0009968280792236,9895.136250337919,9893.138242008725,,11B/39313FF8,11B/39313FF8,0.052334,0.047450,4.6,36.8,0.0,12173465.148118906,0.0,27.972116608729102,596015.8746404953,6266315.560695822,1007.05,1
2026-09-13T01:04:19.971077+00:00,1789261459.9710772,D_rowsize_rep2,r3-sub,D01,load,16,1,100,6,0,145310491,710441176,10798,27479,17860971404,7673650559,203542.681,,,1,1.0005462169647217,9912.585577593263,9910.586669430812,,11B/3994BFA0,11B/3994BFA0,0.102517,0.093552,4.5,36.8,0.0,11745008.677009813,0.0,22.98744386818361,609950.8345065464,5970087.037179427,1007.05,1
2026-09-13T01:04:20.972300+00:00,1789261460.9723,D_rowsize_rep2,r3-sub,D01,load,16,1,100,6,0,145320383,710451066,10798,27479,17860971404,7673741139,203547.368,,,1,1.001222848892212,9879.91835278715,9877.920795497868,,11B/39F87EF0,11B/39F87EF0,0.095565,0.073955,5.2,36.8,0.0,11663433.383407712,0.0,32.95969527314759,657213.327410629,6655378.47780117,1007.05,1
2026-09-13T01:04:21.972442+00:00,1789261461.9724422,D_rowsize_rep2,r3-sub,D01,load,16,1,100,6,0,145330888,710461569,10798,27479,17860971404,7673837327,203552.218,,,1,1.0001420974731445,10503.507478128204,10501.507762282772,,11B/3A5299E0,11B/3A503FD8,0.010753,-0.000224,4.6,36.8,0.0,6249607.946502658,0.0,15.997726763450856,618719.0815819209,6523183.072168586,1007.04,1
2026-09-13T01:04:22.973433+00:00,1789261462.973433,D_rowsize_rep2,r3-sub,D01,load,16,1,100,6,0,145340481,710471160,10798,27479,17860971404,7673925144,203555.744,,,1,1.000990867614746,9583.504016234525,9581.50599600806,,11B/3AB0BF60,11B/3AB0BF60,0.129451,0.112233,5.2,36.7,0.0,10888666.772727143,0.0,25.97426294403186,553684.3720869081,5823528.654053153,1007.04,1
2026-09-13T01:04:23.973834+00:00,1789261463.9738348,D_rowsize_rep2,r3-sub,D01,load,16,1,100,6,0,145350060,710480737,10798,27479,17860971404,7674012860,203559.202,,,1,1.0004017353057861,9575.153322851895,9573.154125999854,,11B/3B111FD0,11B/3B111FD0,0.096942,0.080271,4.3,36.8,0.0,6264363.384060349,0.0,11.995181112247911,599012.3555881581,6448725.319361895,1007.04,1
2026-09-13T01:04:24.974393+00:00,1789261464.9743931,D_rowsize_rep2,r3-sub,D01,load,16,1,100,6,0,145359659,710490334,10798,27479,17860971404,7674100765,203562.185,,,1,1.0005583763122559,9593.643136924105,9591.64425305351,,11B/3B71FFB8,11B/3B71FFB8,0.068196,0.046612,9.7,36.8,0.0,13427382.467694439,0.0,28.98381612363778,607424.8283643653,6464725.2505548475,1007.03,1
2026-09-13T01:04:25.975116+00:00,1789261465.9751163,D_rowsize_rep2,r3-sub,D01,load,16,1,100,6,0,145369320,710499993,10798,27479,17860971404,7674189225,203565.652,,,1,1.000723123550415,9654.018951539989,9652.02039674203,,11B/3BD39FF0,11B/3BD39FF0,0.019130,0.018769,3.9,36.8,0.0,11169906.777353356,0.0,28.979044570402614,636088.0297655395,6544585.45612897,1007.03,1
2026-09-13T01:04:26.975848+00:00,1789261466.9758484,D_rowsize_rep2,r3-sub,D01,load,16,1,100,6,0,145378837,710509508,10798,27479,17860971404,7674276385,203568.891,,,1,1.000732183456421,9510.036908305787,9508.038371601298,,11B/3C309FE8,11B/3C309FE8,0.053376,0.031225,4.4,36.8,0.0,7289638.647179249,0.0,31.976587271806785,582137.7683566515,6228561.550275589,1007.03,1
2026-09-13T01:04:27.976733+00:00,1789261467.976734,D_rowsize_rep2,r3-sub,D01,load,16,1,100,6,0,145388350,710519019,10798,27479,17860971404,7674363521,203572.278,,,1,1.0008854866027832,9504.583818363808,9502.585587770229,,11B/3C939DF8,11B/3C833FF8,0.021371,-0.000157,4.9,36.8,0.0,11745119.853721447,0.0,18.983190639011077,691502.6836378501,6664325.828762049,1007.02,1
2026-09-13T01:04:28.978661+00:00,1789261468.9776692,D_rowsize_rep2,r3-sub,D01,load,16,1,100,6,0,145398301,710528968,10798,27479,17860971404,7674454680,203576.289,,,1,1.0009353160858154,9941.701366791267,9939.70323567544,,11B/3CEFD778,11B/3CE75F10,0.004956,-0.000192,4.6,36.8,0.0,11241197.92675527,0.0,26.974770063648297,622134.1079612894,6510402.715614948,1007.02,1
2026-09-13T01:04:29.978267+00:00,1789261469.9782672,D_rowsize_rep2,r3-sub,D01,load,16,1,100,6,0,145409009,710539674,10798,27479,17860971404,7674552757,203580.145,,,1,1.0005979537963867,10701.60093709225,10699.602132285172,,11B/3D523EF0,11B/3D523EF0,0.037587,0.029847,4.5,36.8,0.0,10978907.120806936,0.0,22.986255281389777,639586.5567902493,6218790.450641106,1007.02,1
2026-09-13T01:04:30.978668+00:00,1789261470.9786682,D_rowsize_rep2,r3-sub,D01,load,16,1,100,6,0,145418960,710549625,10798,27479,17860971404,7674643892,203583.968,,,1,1.0004010200500488,9947.01104913124,9947.01104913124,,11B/3DB6DEE8,11B/3DB6DEE8,0.037949,0.016760,7.0,36.8,0.0,7443542.990017602,0.0,14.9939871105385,673769.804799158,6750285.000371307,1007.01,1
2026-09-13T01:04:31.979022+00:00,1789261471.9790225,D_rowsize_rep2,r3-sub,D01,load,16,1,100,6,0,145418964,710549625,10798,27479,17860971404,7674643892,203583.968,,1172508,1,1.000354290008545,3.99858334187364,0.0,287540,11B/3E21FFF8,11B/3E21FFF8,0.037038,0.014979,8.6,36.8,0.0,12263175.279525429,0.0,44.98406259607845,697177.9968015559,7205070.315576328,1007.01,1
2026-09-13T01:04:32.979327+00:00,1789261472.9793277,D_rowsize_rep2,r3-sub,D01,load,16,1,100,6,0,145429660,710560315,10798,27479,17860971404,7674759018,203588.028,,,1,1.00030517578125,10692.73683568247,10686.738666178535,,11B/3E761FD0,11B/3E761FD0,0.086612,0.065263,4.2,36.8,0.0,11317890.054060651,0.0,57.98230520471048,534802.7911403991,5651413.325523217,1007.0,1
2026-09-13T01:04:33.980066+00:00,1789261473.9800668,D_rowsize_rep2,r3-sub,D01,load,16,1,100,6,0,145439735,710570384,10798,27479,17860971404,7674866164,203591.582,,,1,1.0007390975952148,10067.559091285948,10061.563522596347,,11B/3EDADF28,11B/3EDADF28,0.056081,0.048425,4.3,36.8,0.0,7465586.203190353,0.0,14.98892172399893,662894.0565968871,6783394.409504541,1007.0,1
2026-09-13T01:04:34.981881+00:00,1789261474.9808831,D_rowsize_rep2,r3-sub,D01,load,16,1,100,6,0,145449809,710580457,10798,27479,17860971404,7674958434,203595.327,,,1,1.0008163452148438,10065.782846339735,10064.783662019074,,11B/3F3C3BC0,11B/3F31DED0,0.004371,-0.000184,6.0,36.8,0.0,11213885.598152144,0.0,25.978792337188118,652624.23333003,6845647.588348744,1007.0,1
2026-09-13T01:04:35.982812+00:00,1789261475.9828122,D_rowsize_rep2,r3-sub,D01,load,16,1,100,6,0,145460181,710590827,10798,27479,17860971404,7675053383,203598.658,,,1,1.0019290447235107,10352.030470243753,10350.034320905103,,11B/3F973FA8,11B/3F973FA8,0.136402,0.121043,3.7,36.8,0.0,6312047.777540188,0.0,18.96341871718389,533762.3485579056,5751245.5900409175,1007.0,1
2026-09-13T01:04:36.983102+00:00,1789261476.9831023,D_rowsize_rep2,r3-sub,D01,load,16,1,100,6,0,145470127,710600771,10798,27479,17860971404,7675144492,203601.711,,,1,1.0002901554107666,9943.114951396978,9941.115531539468,,11B/3FF9DF38,11B/3FF9DF38,0.120831,0.099051,9.6,36.8,0.0,13365465.937740747,0.0,27.99187800513929,625888.3950956269,6655186.9614934595,1006.99,1
2026-09-13T01:04:37.983946+00:00,1789261477.9839463,D_rowsize_rep2,r3-sub,D01,load,16,1,100,6,0,145480687,710611329,10798,27479,17860971404,7675241114,203606.296,,,1,1.0008440017700195,10551.094857264825,10549.096543844887,,11B/40639FC0,11B/40639FC0,0.027084,0.009348,4.4,36.7,0.0,12375858.753306698,0.0,28.975544589079536,687452.7886295918,7110870.41278523,1006.99,1
2026-09-13T01:04:38.984262+00:00,1789261478.984263,D_rowsize_rep2,r3-sub,D01,load,16,1,100,6,0,145490633,710621273,10798,27479,17860971404,7675332207,203609.24,,,1,1.0003166198730469,9942.851895495125,9940.852528534439,,11B/40BB7380,11B/40B6E000,0.019277,-0.000190,6.4,36.8,0.0,11334139.386226438,0.0,22.992720047897432,629914.5565330801,6687206.69746441,1006.99,1
2026-09-13T01:04:39.985514+00:00,1789261479.985515,D_rowsize_rep2,r3-sub,D01,load,16,1,100,6,0,145500595,710631233,10798,27479,17860971404,7675423427,203613.853,,,1,1.0012521743774414,9949.541439142615,9947.54394035941,,11B/4121BF60,11B/4121BF60,0.062483,0.054980,4.1,36.8,0.0,7322670.739325777,0.0,13.982491482432906,595815.9345530813,6096615.973688647,1006.98,1
2026-09-13T01:04:40.986251+00:00,1789261480.9862516,D_rowsize_rep2,r3-sub,D01,load,16,1,100,6,0,145511276,710641912,10798,27479,17860971404,7675521190,203617.362,,,1,1.0007364749908447,10673.139499684685,10671.140971550674,,11B/4184BFB0,11B/4184BFB0,0.031053,0.009187,5.4,36.8,0.0,11464452.717289994,0.0,26.98012980914582,694158.7694266418,6704135.571816125,1006.98,1
2026-09-13T01:04:41.987472+00:00,1789261481.9874723,D_rowsize_rep2,r3-sub,D01,load,16,1,100,6,0,145521228,710651862,10798,27479,17860971404,7675612273,203621.542,,,1,1.001220703125,9939.86637405511,9937.86881248476,,11B/41DE4168,11B/41D6DFE8,0.022565,-0.000195,4.4,36.7,0.0,11143900.605705926,0.0,34.95732748110217,672708.8222384785,6609050.31163131,1006.98,1
2026-09-13T01:04:42.989372+00:00,1789261482.9893725,D_rowsize_rep2,r3-sub,D01,load,16,1,100,6,0,145531924,710662556,10798,27479,17860971404,7675710167,203625.891,,,1,1.0019001960754395,10675.714050059563,10673.71784324392,,11B/42427FE8,11B/42427FE8,0.065687,0.043159,6.6,36.8,0.0,8434021.705055881,0.0,17.965861340788344,584375.5718318225,6166856.762981186,1006.97,1
2026-09-13T01:04:43.990291+00:00,1789261483.9902909,D_rowsize_rep2,r3-sub,D01,load,16,1,100,6,0,145541876,710672507,10811,27485,17860971404,7675875200,203629.906,,,1,1.0009183883666992,9942.86858515977,9941.869502705473,,11B/42A5FFE0,11B/42A5FFE0,0.035074,0.027757,8.3,36.8,0.0,11536029.444760032,0.0,29.972473628898022,635943.9564685066,6708428.057712958,1006.97,1
2026-09-13T01:04:44.991174+00:00,1789261484.9911745,D_rowsize_rep2,r3-sub,D01,load,16,1,100,6,0,145551870,710682499,10811,27485,17860971404,7675966720,203633.068,,,1,1.0008835792541504,9985.177304484743,9983.179070083206,,11B/42FFFFD0,11B/42FFFFD0,0.021457,0.011515,4.5,36.8,0.0,11172208.4683743,0.0,30.972633223837008,587459.932590918,6041778.609762245,1006.97,1
2026-09-13T01:04:45.992452+00:00,1789261485.9924526,D_rowsize_rep2,r3-sub,D01,load,16,1,100,6,0,145562440,710693067,10811,27485,17860971404,7676063490,203636.6,,,1,1.0012781620025635,10556.507073778504,10554.509626839284,,11B/43635FF8,11B/43635FF8,0.084012,0.068465,4.2,36.8,0.0,12550486.445112169,0.0,28.962980618692207,623062.6250274724,6676159.786238188,1006.96,1
2026-09-13T01:04:46.993282+00:00,1789261486.9932828,D_rowsize_rep2,r3-sub,D01,load,16,1,100,6,0,145572434,710703059,10811,27485,17860971404,7676155001,203640.073,,,1,1.0008301734924316,9985.710128148505,9983.711787118256,,11B/43C71FC0,11B/43C71FC0,0.049559,0.037441,4.8,36.8,0.0,6494960.056326835,0.0,17.985069272230646,679820.6309325916,6726594.75933647,1006.96,1
2026-09-13T01:04:47.994605+00:00,1789261487.9946055,D_rowsize_rep2,r3-sub,D01,load,16,1,100,6,0,145583045,710713668,10811,27485,17860971404,7676252160,203644.003,,,1,1.0013227462768555,10596.982880349116,10594.985522346979,,11B/44207FF0,11B/44207FF0,0.133188,0.125748,3.7,36.8,0.0,11085496.700512303,0.0,39.94716004278246,563935.057002961,6009788.574538341,1006.96,1
2026-09-13T01:04:48.994738+00:00,1789261488.994739,D_rowsize_rep2,r3-sub,D01,load,16,1,100,6,0,145593029,710723650,10811,27485,17860971404,7676343552,203647.058,,,1,1.0001335144042969,9982.667170139484,9980.667437132646,,11B/44843FE0,11B/44843FE0,0.103774,0.081544,9.1,36.8,0.0,12835150.322550625,0.0,68.99078873593994,650133.197853375,6732991.048710995,1006.95,1
2026-09-13T01:04:49.995370+00:00,1789261489.9953704,D_rowsize_rep2,r3-sub,D01,load,16,1,100,6,0,145602935,710733554,10811,27485,17860971404,7676434244,203650.754,,,1,1.000631332397461,9899.749967118994,9897.751228987132,,11B/44E67F10,11B/44E67F10,0.088231,0.067110,5.5,36.8,0.0,6320233.831622568,0.0,11.992428791179885,650253.4739153557,6629784.402318635,1006.95,1
2026-09-13T01:04:50.997145+00:00,1789261490.997146,D_rowsize_rep2,r3-sub,D01,load,16,1,100,6,0,145602937,710733554,10811,27485,17860971404,7676434244,203650.754,,,1,1.0017755031585693,1.9964552873314005,0.0,,11B/45428000,11B/45428000,0.128089,0.127331,4.5,36.8,0.0,11100930.263254534,0.0,26.952146378973907,619192.6215446846,6206047.143694141,1006.95,1
2026-09-13T01:04:51.997715+00:00,1789261491.9977152,D_rowsize_rep2,r3-sub,D01,load,16,1,100,6,0,145613770,710744385,10811,27485,17860971404,7676533406,203654.213,,,1,1.0005693435668945,10826.835810681365,10824.836948720564,,11B/45A5DF50,11B/45A5DF50,0.069308,0.048690,5.5,36.7,0.0,11404962.657880064,0.0,29.982929412022614,655022.067399752,6716456.028967577,1006.94,1
2026-09-13T01:04:52.998837+00:00,1789261492.9988377,D_rowsize_rep2,r3-sub,D01,load,16,1,100,6,0,145623743,710754356,10811,27485,17860971404,7676624713,203657.987,,,1,1.0011224746704102,9961.81811149861,9959.820353930878,,11B/4606FD08,11B/45FFFEC8,0.014687,-0.000171,4.3,36.8,0.0,7143597.492758772,0.0,13.9843029741282,702766.1627830546,7233917.111274747,1006.94,1
2026-09-13T01:04:53.999833+00:00,1789261493.9998336,D_rowsize_rep2,r3-sub,D01,load,16,1,100,6,0,145634494,710765105,10811,27485,17860971404,7676723133,203661.768,,,1,1.0009958744049072,10740.304006139364,10738.305995906614,,11B/4662BFE0,11B/4662BFE0,0.138935,0.133303,4.2,36.7,0.0,12304418.344703238,0.0,27.972143258478482,567934.4086587506,5567826.144451767,1006.94,1
2026-09-13T01:04:55.000385+00:00,1789261495.0003853,D_rowsize_rep2,r3-sub,D01,load,16,1,100,6,0,145644370,710774979,10811,27485,17860971404,7676813501,203665.131,,,1,1.000551700592041,9870.554409288623,9868.555512081395,,11B/46C53FB8,11B/46C53FB8,0.123696,0.100931,5.2,36.7,0.0,11564819.682134518,0.0,23.986766486728122,648815.0483536981,6673895.008172772,1006.94,1
2026-09-13T01:04:56.001375+00:00,1789261496.0013752,D_rowsize_rep2,r3-sub,D01,load,16,1,100,6,0,145654345,710784952,10811,27485,17860971404,7676904839,203668.929,,,1,1.0009899139404297,9965.13537357543,9963.137351445388,,11B/472851F0,11B/47213EE0,0.013122,-0.000199,5.4,36.8,0.0,7283669.793733696,0.0,14.985165975301397,722673.6153138201,7312976.782337125,1006.93,1
2026-09-13T01:04:57.001783+00:00,1789261497.0017838,D_rowsize_rep2,r3-sub,D01,load,16,1,100,6,0,145665268,710795873,10811,27485,17860971404,7677004854,203673.924,,,1,1.00040864944458,10918.538145451235,10916.538962416273,,11B/4784FFF0,11B/4784FFF0,0.140553,0.118565,4.5,36.8,0.0,11701586.15331774,0.0,32.98652007689195,551735.5335806472,5674963.929142344,1006.93,1
2026-09-13T01:04:58.001985+00:00,1789261498.0019855,D_rowsize_rep2,r3-sub,D01,load,16,1,100,6,0,145675293,710805896,10811,27485,17860971404,7677096594,203677.568,,,1,1.00020170211792,10022.978344040142,10020.978747363026,,11B/47E89FE8,11B/47E89FE8,0.109278,0.087128,4.8,36.7,0.0,11048779.437786968,0.0,24.994958463940502,652023.4854820448,6755849.330881613,1006.92,1
2026-09-13T01:04:59.003636+00:00,1789261499.003636,D_rowsize_rep2,r3-sub,D01,load,16,1,100,6,0,145685920,710816521,10811,27485,17860971404,7677193887,203681.598,,,1,1.001650333404541,10609.490802922766,10607.49409815135,,11B/484FD770,11B/4841BFF0,0.022987,-0.000196,4.9,36.7,0.0,11920167.748976132,0.0,31.947276342667593,673806.9938099021,7155995.222042328,1006.92,1
2026-09-13T01:05:00.005118+00:00,1789261500.0051186,D_rowsize_rep2,r3-sub,D01,load,16,1,100,6,0,145695963,710826562,10811,27485,17860971404,7677285867,203685.35,,,1,1.0014827251434326,10028.131037968367,10026.133999028216,,11B/48A8ED68,11B/48A5BFD0,0.006422,-0.000164,4.4,36.8,0.0,6216702.339132532,0.0,11.982233640906145,579616.5879115529,6011371.787903554,1006.92,1
2026-09-13T01:05:01.005955+00:00,1789261501.005956,D_rowsize_rep2,r3-sub,D01,load,16,1,100,6,0,145705936,710836533,10811,27485,17860971404,7677377143,203688.915,,,1,1.0008373260498047,9964.656333674464,9962.658006925507,,11B/49115FF0,11B/49115FF0,0.048961,0.041539,6.0,36.8,0.0,12310460.131047193,0.0,26.977411110920535,685512.0029424825,6886807.496683037,1006.91,1
2026-09-13T01:05:02.006285+00:00,1789261502.006286,D_rowsize_rep2,r3-sub,D01,load,16,1,100,6,0,145716807,710847402,10811,27485,17860971404,7677476620,203692.54,,1464481,1,1.0003299713134766,10867.414065106843,10865.41472483178,291973,11B/4974FFC8,11B/4974FFC8,0.105710,0.105426,12.5,36.8,0.0,11952280.090439517,0.0,29.99010412595026,686125.5982351404,6747229.607783992,1006.91,1
2026-09-13T01:05:03.006714+00:00,1789261503.0067146,D_rowsize_rep2,r3-sub,D01,load,16,1,100,6,0,145726837,710857426,10811,27485,17860971404,7677576280,203695.76,,,1,1.0004286766052246,10025.70221600905,10019.704786966571,,11B/49CB02B8,11B/49C81FF8,0.012164,-0.000187,5.0,36.8,0.0,6288760.155645406,0.0,11.99485808495599,632254.9670870727,6366057.020287877,1006.91,1
2026-09-13T01:05:04.007131+00:00,1789261504.007131,D_rowsize_rep2,r3-sub,D01,load,16,1,100,6,0,145737491,710868074,10811,27485,17860971404,7677681808,203699.025,,,1,1.0004165172576904,10649.56427269354,10643.566770756599,,11B/4A31FF80,11B/4A31FF80,0.069413,0.047260,4.8,36.8,0.0,11955340.394404167,0.0,26.988758716231047,619955.7777195749,6434738.820232643,1006.9,1
2026-09-13T01:05:05.008104+00:00,1789261505.008104,D_rowsize_rep2,r3-sub,D01,load,16,1,100,6,0,145747523,710878105,10811,27485,17860971404,7677773683,203702.565,,,1,1.0009729862213135,10022.248490312346,10021.249462352785,,11B/4A963FE0,11B/4A963FE0,0.037534,0.016519,6.0,36.8,0.0,10901137.343568062,0.0,39.961118382425624,648425.0913205912,6768032.7973427875,1006.9,1
2026-09-13T01:05:06.009961+00:00,1789261506.009962,D_rowsize_rep2,r3-sub,D01,load,16,1,100,6,0,145757521,710888101,10811,27485,17860971404,7677865192,203706.215,,,1,1.0018579959869385,9979.45820670013,9977.461915800612,,11B/4AFA1FD8,11B/4AFA1FD8,0.022240,0.000144,5.7,36.8,0.0,11406646.49658492,0.0,54.89799973679808,649627.9937945269,6753463.092675871,1006.9,1
2026-09-13T01:05:07.010332+00:00,1789261507.010332,D_rowsize_rep2,r3-sub,D01,load,16,1,100,6,0,145768232,710898810,10811,27485,17860971404,7677963311,203710.246,,,1,1.0003700256347656,10707.03812142266,10705.038861200193,,11B/4B53DFE8,11B/4B53DFE8,0.112487,0.090724,4.9,36.8,0.0,6461097.22839678,0.0,17.99334200220408,576557.6588862917,6054706.603345777,1006.89,1
2026-09-13T01:05:08.010588+00:00,1789261508.0105886,D_rowsize_rep2,r3-sub,D01,load,16,1,100,6,0,145778326,710908902,10811,27485,17860971404,7678055726,203714.205,,,1,1.0002565383911133,10091.411165615511,10089.411678560702,,11B/4BB8DFD0,11B/4BB8DFD0,0.100802,0.078078,5.0,36.7,0.0,12505975.737105101,0.0,29.992305822118617,677179.2775176504,6822294.8194633145,1006.89,1
2026-09-13T01:05:09.010946+00:00,1789261509.0109463,D_rowsize_rep2,r3-sub,D01,load,16,1,100,6,0,145788786,710919360,10811,27485,17860971404,7678151488,203717.655,,,1,1.0003576278686523,10456.260549825492,10454.261264825525,,11B/4C20BFF8,11B/4C20BFF8,0.054045,0.033210,4.9,36.7,0.0,12426915.788592603,0.0,26.99034749954955,670671.149306307,7022349.612075302,1006.89,1
2026-09-13T01:05:10.012747+00:00,1789261510.0127478,D_rowsize_rep2,r3-sub,D01,load,16,1,100,6,0,145798981,710929553,10811,27485,17860971404,7678244777,203720.995,,,1,1.0018014907836914,10176.66682849976,10174.670425002261,,11B/4C869FC0,11B/4C869FC0,0.026389,0.014631,4.4,36.7,0.0,11227389.96046132,0.0,26.95144721623281,662515.4844606912,6879707.2707572365,1006.88,1
2026-09-13T01:05:11.012888+00:00,1789261511.0128887,D_rowsize_rep2,r3-sub,D01,load,16,1,100,6,0,145809214,710939784,10811,27485,17860971404,7678338440,203724.482,,,1,1.000140905380249,10231.558318384608,10229.558600155666,,11B/4CDFA460,11B/4CDB3FE8,0.018012,-0.000177,4.7,36.8,0.0,6294665.047827896,0.0,13.99802760259792,649548.4751251223,6813887.886536374,1006.88,1
2026-09-13T01:05:12.013544+00:00,1789261512.013544,D_rowsize_rep2,r3-sub,D01,load,16,1,100,6,0,145809216,710939784,10811,27485,17860971404,7678338440,203724.482,,,1,1.0006554126739502,1.998690033220929,0.0,,11B/4D437FD8,11B/4D437FD8,0.095363,0.078002,5.2,36.7,0.0,12263578.295357242,0.0,33.977730564755795,636078.1063474776,5963221.628966801,1006.88,1
2026-09-13T01:05:13.015454+00:00,1789261513.0154548,D_rowsize_rep2,r3-sub,D01,load,16,1,100,6,0,145819649,710950215,10811,27485,17860971404,7678433953,203729.012,,,1,1.00191068649292,10413.103823175685,10411.10763726115,,11B/4DA81FF8,11B/4DA81FF8,0.074175,0.053292,4.7,36.7,0.0,11189372.616876686,0.0,22.956138017161006,682225.4809883498,6808149.760211388,1006.87,1
2026-09-13T01:05:14.016450+00:00,1789261514.0164506,D_rowsize_rep2,r3-sub,D01,load,16,1,100,6,0,145829771,710960335,10811,27485,17860971404,7678526587,203733.561,,,1,1.0009958744049072,10111.929787939971,10109.931777707223,,11B/4E0519B8,11B/4DFFFF60,0.020411,-0.000207,4.6,36.7,0.0,6383402.93240341,0.0,14.985076745613473,673708.0713753379,7064584.561054343,1006.87,1
2026-09-13T01:05:15.017805+00:00,1789261515.0178058,D_rowsize_rep2,r3-sub,D01,load,16,1,100,6,0,145840270,710970832,10811,27485,17860971404,7678622675,203737.651,,,1,1.0013551712036133,10484.791312737085,10482.794019411484,,11B/4E63FFD0,11B/4E63FFD0,0.138030,0.117091,9.7,36.8,0.0,12201832.428062176,0.0,25.964813232799713,560061.0214314898,5644218.118139385,1006.87,1
2026-09-13T01:05:16.017919+00:00,1789261516.0179195,D_rowsize_rep2,r3-sub,D01,load,16,1,100,6,0,145850340,710980900,10811,27485,17860971404,7678714871,203742.357,,,1,1.0001137256622314,10068.854912807128,10066.855140232588,,11B/4EC66000,11B/4EC66000,0.096815,0.083354,5.4,36.8,0.0,11348725.3586931,0.0,31.99636119263437,659960.9455044257,6682481.030419466,1006.86,1
2026-09-13T01:05:17.019079+00:00,1789261517.0190797,D_rowsize_rep2,r3-sub,D01,load,16,1,100,6,0,145860234,710990792,10811,27485,17860971404,7678805438,203746.375,,,1,1.0011601448059082,9882.534828549451,9880.537146150311,,11B/4F2677D0,11B/4F205FF0,0.019940,0.000053,6.2,36.7,0.0,11357319.864350336,0.0,24.971029989259783,702624.853425796,7169648.169915483,1006.86,1
2026-09-13T01:05:18.020205+00:00,1789261518.0202053,D_rowsize_rep2,r3-sub,D01,load,16,1,100,6,0,145870884,711001440,10811,27485,17860971404,7678902918,203750.244,,,1,1.0011255741119385,10638.02611320485,10636.02836182209,,11B/4F827F40,11B/4F827F40,0.143837,0.119822,4.8,36.7,0.0,6407124.306748352,0.0,21.975265210376218,526636.2318909747,5530285.254086365,1006.86,1
2026-09-13T01:05:19.021076+00:00,1789261519.0210764,D_rowsize_rep2,r3-sub,D01,load,16,1,100,6,0,145880756,711011310,10811,27485,17860971404,7678993280,203754.631,,,1,1.000871181488037,9863.407182253848,9861.40892310023,,11B/4FF49F00,11B/4FF49F00,0.056115,0.041634,5.6,36.7,0.0,13455925.4468463,0.0,33.97040561149016,704626.1427484505,7040489.4559192825,1006.86,1
2026-09-13T01:05:20.021481+00:00,1789261520.0214815,D_rowsize_rep2,r3-sub,D01,load,16,1,100,6,0,145891249,711021801,10811,27485,17860971404,7679089365,203758.743,,,1,1.0004050731658936,10488.751288309375,10486.75209812767,,11B/505E5A98,11B/50527FF8,0.021023,-0.000193,6.1,36.7,0.0,6247965.116989668,0.0,11.995141090223244,670237.5047720413,6717335.987445195,1006.85,1
2026-09-13T01:05:21.022323+00:00,1789261521.0223236,D_rowsize_rep2,r3-sub,D01,load,16,1,100,6,0,145901223,711031773,10811,27485,17860971404,7679180642,203762.737,,,1,1.0008420944213867,9965.608017083088,9963.609699854878,,11B/50B99130,11B/50B6DF38,0.013090,-0.000175,5.4,36.7,0.0,11238152.414545018,0.0,28.97559980904447,656579.0984040349,6393362.185369795,1006.85,1
2026-09-13T01:05:22.022478+00:00,1789261522.0224786,D_rowsize_rep2,r3-sub,D01,load,16,1,100,6,0,145911098,711041646,10811,27485,17860971404,7679271054,203767.313,,,1,1.000154972076416,9873.469887870046,9871.470197766173,,11B/51207F60,11B/51207F60,0.033641,0.011816,4.8,36.7,0.0,12269714.53686119,0.0,36.994266921639664,633876.7668012569,6379909.29220964,1006.84,1
2026-09-13T01:05:23.023242+00:00,1789261523.023242,D_rowsize_rep2,r3-sub,D01,load,16,1,100,6,0,145921305,711051851,10811,27485,17860971404,7679364510,203771.584,,,1,1.0007634162902832,10199.213754072061,10197.215279739921,,11B/517FF568,11B/51711FF0,0.005146,-0.000186,5.0,36.7,0.0,11001649.161809893,0.0,60.95346713024353,651547.5979498302,6554370.286950394,1006.84,1
2026-09-13T01:05:24.024273+00:00,1789261524.0242739,D_rowsize_rep2,r3-sub,D01,load,16,1,100,6,0,145930125,711060669,10811,27485,17860971404,7679445245,203774.999,,,1,1.0010318756103516,8810.908238683456,8808.910300307338,,11B/51D2AAF8,11B/51D17F08,0.000943,-0.000570,4.8,36.7,0.0,5278393.35463551,0.0,10.988661068652837,586602.6989819541,5647695.280984854,1006.84,1
2026-09-13T01:05:25.024619+00:00,1789261525.024601,D_rowsize_rep2,r3-sub,D01,load,16,1,100,6,0,145939331,711069873,10811,27485,17860971404,7679529531,203777.78,,,1,1.0003271102905273,9202.989607395804,9200.990261402454,,11B/52305FC8,11B/52305FC8,0.110239,0.101369,4.9,36.7,0.0,11804906.493607229,0.0,25.991497913566253,605070.0753518622,6205268.1929186145,1006.84,1
2026-09-13T01:05:26.025213+00:00,1789261526.0251727,D_rowsize_rep2,r3-sub,D01,load,16,1,100,6,0,145949062,711079604,10811,27485,17860971404,7679618604,203781.368,,,1,1.0005717277526855,9725.439696218602,9725.439696218602,,11B/52914000,11B/52914000,0.104410,0.082376,5.4,36.7,0.0,10962820.251414564,0.0,26.98457217119538,631009.2345084307,6576548.00498868,1006.83,1
2026-09-13T01:05:27.025438+00:00,1789261527.0254388,D_rowsize_rep2,r3-sub,D01,load,16,1,100,6,0,145958797,711089335,10811,27485,17860971404,7679707656,203785.203,,,1,1.0002660751342773,9732.410447583317,9728.411511600745,,11B/52F29ED0,11B/52F29ED0,0.050549,0.043972,10.3,36.7,0.0,11252813.906028956,0.0,30.9917538649289,658492.7914420963,6569739.955559158,1006.83,1
2026-09-13T01:05:28.027134+00:00,1789261528.0271344,D_rowsize_rep2,r3-sub,D01,load,16,1,100,6,0,145968340,711098875,10811,27485,17860971404,7679795022,203788.828,,,1,1.0016956329345703,9526.845966217104,9523.851044504996,,11B/5351BFF8,11B/5351BFF8,0.072619,0.065135,6.1,36.8,0.0,6485259.380605015,0.0,17.969530272650935,639065.3796948458,6436305.388606127,1006.83,1
2026-09-13T01:05:29.028974+00:00,1789261529.0289748,D_rowsize_rep2,r3-sub,D01,load,16,1,100,6,0,145978211,711108745,10811,27485,17860971404,7679885408,203793.012,,,1,1.001840353012085,9852.867246085993,9851.869083058327,,11B/53B41FD8,11B/53B41FD8,0.044172,0.021916,4.7,36.7,0.0,12073268.92317153,0.0,27.948564774633553,627650.9007742223,6636589.332831353,1006.82,1
2026-09-13T01:05:30.030370+00:00,1789261530.0303702,D_rowsize_rep2,r3-sub,D01,load,16,1,100,6,0,145988127,711118659,10811,27485,17860971404,7679976207,203797.077,,,1,1.0013954639434814,9902.181862249436,9900.18464928811,,11B/540FFFD8,11B/540FFFD8,0.078092,0.056361,4.6,36.7,0.0,11068330.543811576,0.0,24.965162016562715,635353.3872567144,6226454.207657476,1006.82,1
2026-09-13T01:05:31.032251+00:00,1789261531.0322511,D_rowsize_rep2,r3-sub,D01,load,16,1,100,6,0,145998723,711129253,10811,27485,17860971404,7680073189,203800.933,,,1,1.0018808841705322,10576.107566691962,10574.111321398137,,11B/5472FFA0,11B/5472FFA0,0.060241,0.037600,5.1,36.7,0.0,6251026.543125459,0.0,13.973717056784398,664297.5332851204,6702191.953247269,1006.82,1
2026-09-13T01:05:32.032756+00:00,1789261532.032757,D_rowsize_rep2,r3-sub,D01,load,16,1,100,6,0,146007730,711138258,10811,27485,17860971404,7680155661,203804.264,,1755132,1,1.0005059242248535,9002.44544476657,9000.44645610336,290651,11B/54D6DFC8,11B/54D6DFC8,0.126928,0.110666,8.3,36.8,0.0,12519234.216133444,0.0,26.986346953336007,645162.5966134039,6771693.036449588,1006.81,1
2026-09-13T01:05:33.034174+00:00,1789261533.0341747,D_rowsize_rep2,r3-sub,D01,load,16,1,100,6,0,146018245,711148767,10811,27485,17860971404,7680270994,203807.807,,,1,1.001417636871338,10500.114650318434,10494.123144098565,,11B/55321ED8,11B/55321ED8,0.095180,0.073674,4.5,36.8,0.0,10879936.201283257,0.0,31.95469983929528,614596.7250216058,6164853.476405452,1006.81,1
2026-09-13T01:05:34.034842+00:00,1789261534.0348427,D_rowsize_rep2,r3-sub,D01,load,16,1,100,6,0,146028336,711158853,10811,27485,17860971404,7680378138,203811.365,,,1,1.0006680488586426,10084.263219465984,10079.266557480321,,11B/5596FFC8,11B/5596FFC8,0.062737,0.040666,5.0,36.7,0.0,11068189.908364478,0.0,25.982642325449966,649773.9192748527,6818910.634533415,1006.81,1
2026-09-13T01:05:35.036018+00:00,1789261535.0360184,D_rowsize_rep2,r3-sub,D01,load,16,1,100,6,0,146038444,711168959,10811,27485,17860971404,7680470700,203815.279,,,1,1.0011756420135498,10096.130564733814,10094.132913256819,,11B/55FBBFE8,11B/55FBBFE8,0.032463,0.010367,4.5,36.7,0.0,7413236.687493794,0.0,13.983560338966502,652524.8643545789,6797892.11242905,1006.8,1
2026-09-13T01:05:36.037492+00:00,1789261536.0374925,D_rowsize_rep2,r3-sub,D01,load,16,1,100,6,0,146048873,711179386,10811,27485,17860971404,7680566148,203819.699,,,1,1.001474142074585,10413.648802150798,10411.651746095155,,11B/56525F10,11B/56525F10,0.139339,0.119681,4.2,36.7,0.0,10907952.128819348,0.0,22.966144639895326,592292.8761507892,5914217.602993176,1006.8,1
2026-09-13T01:05:37.037890+00:00,1789261537.037891,D_rowsize_rep2,r3-sub,D01,load,16,1,100,6,0,146058968,711189479,10811,27485,17860971404,7680658568,203823.688,,,1,1.0003983974456787,10090.979779431478,10088.980575909056,,11B/56B6DFC8,11B/56B6DFC8,0.113488,0.091296,4.3,36.7,0.0,11398722.77796126,0.0,23.990442269079296,640652.765574628,6753539.407150901,1006.8,1
2026-09-13T01:05:38.038601+00:00,1789261538.0386014,D_rowsize_rep2,r3-sub,D01,load,16,1,100,6,0,146069657,711200166,10811,27485,17860971404,7680756473,203828.024,,,1,1.0007104873657227,10681.410992441779,10679.412412407642,,11B/571FEC80,11B/57109EC8,0.021574,-0.000188,5.4,36.7,0.0,12496209.600959096,0.0,43.968760750999934,711515.4772429027,7190620.155228,1006.79,1
2026-09-13T01:05:39.040050+00:00,1789261539.0400503,D_rowsize_rep2,r3-sub,D01,load,16,1,100,6,0,146079725,711210232,10811,27485,17860971404,7680848680,203832.715,,,1,1.0014488697052002,10053.433884211932,10051.43677775897,,11B/577786B8,11B/5774BFE8,0.013641,-0.000157,4.5,36.7,0.0,6212822.429797678,0.0,13.979745170735702,609616.7447667248,6450159.559220937,1006.79,1
2026-09-13T01:05:40.047943+00:00,1789261540.0469422,D_rowsize_rep2,r3-sub,D01,load,16,1,100,6,0,146079727,711210232,10811,27485,17860971404,7680848680,203832.715,,,1,1.0068919658660889,1.986310416410641,0.0,,11B/57D87EF8,11B/57D87EF8,0.139073,0.123643,9.1,36.7,0.0,11313007.14094181,0.0,54.62353645129263,572122.9481700062,5925940.619525759,1006.79,1
2026-09-13T01:05:41.048172+00:00,1789261541.0481727,D_rowsize_rep2,r3-sub,D01,load,16,1,100,6,0,146089768,711220271,10811,27485,17860971404,7680940547,203836.17,,,1,1.0012304782867432,10028.659951684322,10026.662409616463,,11B/58423FD8,11B/58423FD8,0.043843,0.029541,6.8,36.7,2045.4830774872514,12450855.4926649,3.995084135717288,34.95698618752627,686673.0637050195,7184252.932759768,1006.78,1
2026-09-13T01:05:42.049339+00:00,1789261542.0493393,D_rowsize_rep2,r3-sub,D01,load,16,1,100,6,0,146100419,711230920,10811,27485,17860971404,7681038065,203839.788,,,1,1.001166582107544,10638.589212175566,10636.591542621125,,11B/58A1FF60,11B/58951F30,0.023538,-0.000195,4.0,36.7,0.0,6243212.779677639,0.0,15.981356435528031,639573.8845498317,6726908.508894439,1006.78,1
2026-09-13T01:05:43.050811+00:00,1789261543.0508113,D_rowsize_rep2,r3-sub,D01,load,16,1,100,6,0,146110418,711240917,10811,27485,17860971404,7681129606,203842.833,,,1,1.001471996307373,9984.303142642337,9982.306082307776,,11B/58FB6EC0,11B/58F87F48,0.010010,0.000262,4.3,36.7,0.0,13014314.976411732,0.0,35.947086022114625,585290.4546120703,6136698.80202396,1006.78,1
2026-09-13T01:05:44.051098+00:00,1789261544.051098,D_rowsize_rep2,r3-sub,D01,load,16,1,100,6,0,146121220,711251718,10824,27491,17860971404,7681302566,203846.845,,,1,1.0002868175506592,10798.902685182029,10797.90297191734,,11B/5963BF48,11B/5963BF48,0.049933,0.026445,9.1,36.7,0.0,12313140.375236653,0.0,36.98939079353222,654790.1946801662,6751061.677025447,1006.77,1
2026-09-13T01:05:45.052089+00:00,1789261545.0520895,D_rowsize_rep2,r3-sub,D01,load,16,1,100,6,0,146131238,711261734,10824,27491,17860971404,7681394316,203850.324,,,1,1.0009913444519043,10008.078546858349,10006.080527583672,,11B/59C63FB8,11B/59B69F18,0.021876,-0.000189,4.5,36.7,0.0,6260673.516044685,0.0,14.985144560079382,656181.498112404,6743672.697485889,1006.77,1
2026-09-13T01:05:46.053506+00:00,1789261546.0535064,D_rowsize_rep2,r3-sub,D01,load,16,1,100,6,0,146141256,711271750,10824,27491,17860971404,7681486006,203853.432,,,1,1.0014169216156006,10003.825363603617,10001.828193437195,,11B/5A21BEF0,11B/5A21BEF0,0.062659,0.060918,5.4,36.7,0.0,11984299.187433502,0.0,32.953307745949225,605666.8175942986,6134742.550673805,1006.77,1
2026-09-13T01:05:47.055236+00:00,1789261547.0552368,D_rowsize_rep2,r3-sub,D01,load,16,1,100,6,0,146152043,711282535,10824,27491,17860971404,7681584715,203857.204,,,1,1.0017304420471191,10768.365966752364,10766.369421657946,,11B/5A851FF8,11B/5A851FF8,0.054219,0.032491,4.7,36.7,0.0,11326320.45883888,0.0,30.946448963504526,634673.7338846838,6731087.243610828,1006.76,1
2026-09-13T01:05:48.055252+00:00,1789261548.0552523,D_rowsize_rep2,r3-sub,D01,load,16,1,100,6,0,146162078,711292568,10824,27491,17860971404,7681676557,203861.296,,,1,1.0000154972076416,10034.84448793132,10032.844518925254,,11B/5AE7BA10,11B/5AD83FF8,0.022707,-0.000192,5.4,36.7,0.0,11464526.331854923,0.0,39.999380121300725,648031.9573141991,6755028.315923563,1006.76,1
2026-09-13T01:05:49.056126+00:00,1789261549.056126,D_rowsize_rep2,r3-sub,D01,load,16,1,100,6,0,146172716,711303203,10824,27491,17860971404,7681773936,203864.812,,,1,1.0008738040924072,10628.712587444072,10625.715206567747,,11B/5B41DFF0,11B/5B41DFF0,0.101052,0.079413,3.7,36.7,0.0,6187745.12298876,0.0,17.98428525794259,583644.0094760109,6048195.062402795,1006.76,1
2026-09-13T01:05:50.056837+00:00,1789261550.0567648,D_rowsize_rep2,r3-sub,D01,load,16,1,100,6,0,146182765,711313251,10824,27491,17860971404,7681865920,203868.394,,,1,1.000638723373413,10042.585565869578,10041.586204185245,,11B/5BA59FD0,11B/5BA59FD0,0.065558,0.047073,5.6,36.7,0.0,12431611.639076928,0.0,33.97829726734657,652038.5277519589,6757871.589461287,1006.75,1
2026-09-13T01:05:51.058383+00:00,1789261551.0583835,D_rowsize_rep2,r3-sub,D01,load,16,1,100,6,0,146192816,711323300,10824,27491,17860971404,7681957935,203871.734,,,1,1.0016186237335205,10034.757503344963,10032.760735361013,,11B/5BFFFFE8,11B/5BFFFFE8,0.056633,0.046359,5.0,36.7,0.0,11200814.096468704,0.0,27.954751775311806,611939.5002014951,6124487.758758019,1006.75,1
2026-09-13T01:05:52.065120+00:00,1789261552.065121,D_rowsize_rep2,r3-sub,D01,load,16,1,100,6,0,146203649,711334131,10824,27491,17860971404,7682057095,203876.759,,,1,1.006737470626831,10760.501437633968,10758.514822395782,,11B/5C647FE8,11B/5C647FE8,0.107836,0.101495,9.9,36.7,0.0,6224939.65194125,0.0,14.899614286394305,706077.8214179397,6782003.450958103,1006.75,1
2026-09-13T01:05:53.066650+00:00,1789261553.0666504,D_rowsize_rep2,r3-sub,D01,load,16,1,100,6,0,146213717,711344197,10824,27491,17860971404,7682149240,203880.156,,,1,1.0015294551849365,10052.62496063174,10050.628014870788,,11B/5CC89FD0,11B/5CC89FD0,0.082039,0.073452,7.1,36.7,0.0,11950234.651650824,0.0,33.948077936181875,670028.2218620194,6765145.013881671,1006.75,1
2026-09-13T01:05:54.067605+00:00,1789261554.0676053,D_rowsize_rep2,r3-sub,D01,load,16,1,100,6,0,146224260,711354738,10824,27491,17860971404,7682245751,203884.125,,,1,1.0009548664093018,10532.942447066187,10530.944354977206,,11B/5D2A20A8,11B/5D209EF0,0.015545,-0.000195,5.2,36.7,0.0,11093663.0338129,0.0,29.971381334723098,696540.8964952318,7098716.673898944,1006.74,1
2026-09-13T01:05:55.068997+00:00,1789261555.0689974,D_rowsize_rep2,r3-sub,D01,load,16,1,100,6,0,146234331,711364807,10824,27491,17860971404,7682337913,203887.452,,,1,1.001392126083374,10056.999388830332,10055.002169211857,,11B/5D851EF8,11B/5D851EF8,0.000398,-0.000014,3.9,36.7,0.0,11440585.262846528,0.0,49.93049046187237,557149.3778188028,5744013.60883189,1006.74,1
2026-09-13T01:05:56.069415+00:00,1789261556.069416,D_rowsize_rep2,r3-sub,D01,load,16,1,100,6,0,146244396,711374870,10824,27491,17860971404,7682430022,203890.962,,,1,1.0004186630249023,10060.78792009647,10058.78875707211,,11B/5DE91FC8,11B/5DE91FC8,0.114776,0.107220,5.4,36.7,0.0,7336960.28601307,0.0,14.99372268270711,642333.078890197,6696382.472258261,1006.74,1
2026-09-13T01:05:57.070265+00:00,1789261557.0702653,D_rowsize_rep2,r3-sub,D01,load,16,1,100,6,0,146255071,711385543,10824,27491,17860971404,7682527758,203894.654,,,1,1.0008492469787598,10665.941980997011,10663.943678049753,,11B/5E535FF0,11B/5E535FF0,0.021468,0.000256,4.6,36.7,0.0,13939138.22897253,0.0,66.94314873318967,698883.4753200792,7185961.34403909,1006.73,1
2026-09-13T01:05:58.070573+00:00,1789261558.070573,D_rowsize_rep2,r3-sub,D01,load,16,1,100,6,0,146265082,711395552,10824,27491,17860971404,7682619393,203898.666,,,1,1.0003077983856201,10007.919578510318,10005.92019391767,,11B/5EAA25D8,11B/5EA63FA0,0.005019,-0.000144,6.2,36.7,0.0,5409151.0720324535,0.0,16.99476903752626,637822.6792090276,6066320.79625226,1006.73,1
2026-09-13T01:05:59.071667+00:00,1789261559.0716677,D_rowsize_rep2,r3-sub,D01,load,16,1,100,6,0,146265085,711395552,10824,27491,17860971404,7682619393,203898.666,,,1,1.0010945796966553,2.9967198512942095,0.0,,11B/5F0FFF10,11B/5F0FFF10,0.065592,0.056445,5.6,36.7,0.0,12254106.903382914,0.0,28.968291895844025,659605.0097485172,6724270.749762497,1006.72,1
2026-09-13T01:06:00.072588+00:00,1789261560.072588,D_rowsize_rep2,r3-sub,D01,load,16,1,100,6,0,146275745,711406211,10824,27491,17860971404,7682716975,203902.975,,,1,1.000920295715332,10650.19866779859,10649.19958724814,,11B/5F73BFF0,11B/5F73BFF0,0.030880,0.012118,5.2,36.7,0.0,11515546.292087683,0.0,25.97609431170388,661943.8159423977,6739272.87604772,1006.72,1
2026-09-13T01:06:01.073059+00:00,1789261561.0730598,D_rowsize_rep2,r3-sub,D01,load,16,1,100,6,0,146285760,711416224,10824,27491,17860971404,7682808684,203907.472,,,1,1.000471830368042,10010.276847390893,10008.277790606591,,11B/5FD07528,11B/5FC6BF00,0.020580,-0.000181,4.6,36.7,0.0,6370370.265852899,0.0,12.99386909796122,659119.0076360436,6745129.443092375,1006.72,1
2026-09-13T01:06:02.074590+00:00,1789261562.07459,D_rowsize_rep2,r3-sub,D01,load,16,1,100,6,0,146295774,711426236,10824,27491,17860971404,7682900395,203911.066,,2047525,1,1.0015301704406738,9998.700284379685,9996.703340044878,292393,11B/60390CB0,11B/6031FFD8,0.003450,-0.000306,7.3,36.7,0.0,12866328.324717512,0.0,27.957220687300897,677745.9332067202,6972748.506345338,1006.72,1
2026-09-13T01:06:03.075605+00:00,1789261563.0756059,D_rowsize_rep2,r3-sub,D01,load,16,1,100,6,0,146306568,711437024,10824,27491,17860971404,7683009121,203914.956,,,1,1.0010159015655518,10783.04548720813,10777.051576431471,,11B/60959FE8,11B/60959FE8,0.041796,0.027090,5.5,36.7,0.0,12021834.999003706,0.0,28.970568753848042,560895.1857027342,5890059.279556706,1006.71,1
2026-09-13T01:06:04.094537+00:00,1789261564.0935335,D_rowsize_rep2,r3-sub,D01,load,16,1,100,6,0,146316558,711447009,10824,27491,17860971404,7683108312,203918.709,,,1,1.017927646636963,9814.057053077435,9809.14511261043,,11B/60F670A0,11B/60E8BEE0,0.037189,-0.000224,10.4,36.7,0.0,6196746.911079476,0.0,13.753433307616024,666303.741961233,6621582.606846987,1006.71,1
2026-09-13T01:06:05.094414+00:00,1789261565.0944147,D_rowsize_rep2,r3-sub,D01,load,16,1,100,6,0,146327193,711457642,10824,27491,17860971404,7683205662,203923.809,,,1,1.0008811950683594,10625.636741305383,10623.638502143878,,11B/61528000,11B/61528000,0.103114,0.085039,5.7,36.7,0.0,12256719.439275846,0.0,29.97358742258218,585827.7714568842,6030913.588687947,1006.71,1
2026-09-13T01:06:06.095602+00:00,1789261566.0956028,D_rowsize_rep2,r3-sub,D01,load,16,1,100,6,0,146337202,711467649,10824,27491,17860971404,7683297289,203927.4,,,1,1.001188039779663,9997.123020169853,9995.125393429884,,11B/61B63F08,11B/61B63F08,0.052424,0.041176,5.8,36.7,0.0,10710603.377123782,0.0,23.97152087961599,678501.9127370908,6736744.479572842,1006.7,1
2026-09-13T01:06:07.097346+00:00,1789261567.0973463,D_rowsize_rep2,r3-sub,D01,load,16,1,100,6,0,146347223,711477668,10824,27491,17860971404,7683389042,203931.061,,,1,1.0017435550689697,10003.55824531365,10001.5617263544,,11B/6210FFE0,11B/6210FFE0,0.144143,0.121443,3.9,36.7,0.0,11710526.052940095,0.0,31.944303347972934,598350.7425298403,6126264.520441535,1006.7,1
2026-09-13T01:06:08.098026+00:00,1789261568.0980263,D_rowsize_rep2,r3-sub,D01,load,16,1,100,6,0,146357997,711488440,10824,27491,17860971404,7683487668,203935.662,,,1,1.0006799697875977,10766.678983578404,10764.68034259389,,11B/62763FE8,11B/62763FE8,0.097461,0.073730,5.8,36.7,0.0,6455002.793121818,0.0,18.987089352885622,670851.8410161547,6841346.0913513815,1006.7,1
2026-09-13T01:06:09.099148+00:00,1789261569.099148,D_rowsize_rep2,r3-sub,D01,load,16,1,100,6,0,146368154,711498595,10824,27491,17860971404,7683580687,203939.921,,,1,1.0011217594146729,10145.619056305904,10143.621297310865,,11B/62DA1FC8,11B/62DA1FC8,0.060934,0.039151,4.7,36.7,0.0,11975558.30472571,0.0,33.96190291566415,640774.2055022983,6735830.019260258,1006.69,1
2026-09-13T01:06:10.101901+00:00,1789261570.1009033,D_rowsize_rep2,r3-sub,D01,load,16,1,100,6,0,146378642,711509081,10824,27491,17860971404,7683676718,203943.795,,,1,1.0017552375793457,10469.623323700647,10467.626828024884,,11B/6339E8D8,11B/6331BFF8,0.004496,-0.000200,5.1,36.7,0.0,10839470.154644372,0.0,25.954443784917697,658506.165232553,6841345.812736186,1006.69,1
2026-09-13T01:06:11.100957+00:00,1789261571.1009572,D_rowsize_rep2,r3-sub,D01,load,16,1,100,6,0,146388642,711519079,10824,27491,17860971404,7683768268,203947.632,,,1,1.000053882598877,9999.46120304301,9997.461310802402,,11B/6395FFC8,11B/6395FFC8,0.129076,0.107924,3.6,36.7,0.0,11124136.60260959,0.0,43.997629293389245,559681.842887761,5843270.149418409,1006.69,1
2026-09-13T01:06:12.102023+00:00,1789261572.1020234,D_rowsize_rep2,r3-sub,D01,load,16,1,100,6,0,146398648,711529085,10824,27491,17860971404,7683859910,203951.385,,,1,1.0010662078857422,9995.342886593617,9995.342886593617,,11B/63F98000,11B/63F98000,0.100154,0.084101,5.6,36.7,0.0,7561346.033232542,0.0,16.98189377094658,641460.0702147483,6728435.089448925,1006.68,1
2026-09-13T01:06:13.104535+00:00,1789261573.1035357,D_rowsize_rep2,r3-sub,D01,load,16,1,100,6,0,146409248,711539681,10824,27491,17860971404,7683956906,203955.299,,,1,1.0015122890472412,10583.99394188562,10579.99998190755,,11B/645CD018,11B/6452BFF0,0.009505,-0.000208,5.3,36.7,0.0,11206093.14806981,0.0,27.957719846490313,686055.4858030203,7137230.444571039,1006.68,1
2026-09-13T01:06:14.104771+00:00,1789261574.1047711,D_rowsize_rep2,r3-sub,D01,load,16,1,100,6,0,146419242,711549673,10824,27491,17860971404,7684048437,203958.518,,,1,1.0012354850769043,9981.66779839247,9979.670266313544,,11B/64B73EB0,11B/64B63FA8,0.005559,-0.000181,4.8,36.7,0.0,11385101.876532508,0.0,75.90621899918229,563579.7056839813,5957593.4821585305,1006.67,1
2026-09-13T01:06:15.105953+00:00,1789261575.1059535,D_rowsize_rep2,r3-sub,D01,load,16,1,100,6,0,146429990,711560419,10824,27491,17860971404,7684146828,203962.726,,,1,1.0011823177337646,10735.307455617807,10733.309817460826,,11B/6521BFF8,11B/6521BFF8,0.041739,0.025581,6.0,36.7,0.0,12821704.67119016,0.0,35.95748682566441,698159.5535788066,6886651.789463055,1006.67,1
2026-09-13T01:06:16.107707+00:00,1789261576.107708,D_rowsize_rep2,r3-sub,D01,load,16,1,100,6,0,146440000,711570427,10824,27491,17860971404,7684238444,203966.121,,,1,1.0017545223236084,9992.467991840374,9990.471494739108,,11B/657FADA0,11B/65749ED0,0.021980,-0.000213,4.8,36.7,0.0,6272259.181247044,0.0,11.978982607600848,639869.3349676068,6718813.69139029,1006.67,1
2026-09-13T01:06:17.108219+00:00,1789261577.1082199,D_rowsize_rep2,r3-sub,D01,load,16,1,100,6,0,146450000,711580425,10824,27491,17860971404,7684330005,203970.385,,,1,1.000511884689331,9994.883772025456,9992.884795271051,,11B/65D9C1A0,11B/65D85FF0,0.008339,-0.000156,3.5,36.7,0.0,10541803.81203069,0.0,32.983116447684004,581795.1879509614,6087598.851353203,1006.67,1
2026-09-13T01:06:18.108660+00:00,1789261578.1086605,D_rowsize_rep2,r3-sub,D01,load,16,1,100,6,0,146450002,711580425,10824,27491,17860971404,7684330005,203970.385,,,1,1.0004405975341797,1.9991191930130272,0.0,,11B/66423FF0,11B/66423FF0,0.060324,0.038207,10.4,36.7,0.0,12708384.71703027,0.0,39.98238386026054,650806.2563682154,6662334.59180697,1006.66,1
2026-09-13T01:06:19.109510+00:00,1789261579.10951,D_rowsize_rep2,r3-sub,D01,load,16,1,100,6,0,146460599,711591020,10824,27491,17860971404,7684427013,203974.244,,,1,1.0008494853973389,10588.005643818635,10586.007341347404,,11B/66A92728,11B/66A67FD8,0.006877,-0.000181,4.9,36.7,0.0,6433446.880820188,0.0,18.98387347669662,636167.5849263447,6610528.452610814,1006.66,1
2026-09-13T01:06:20.110037+00:00,1789261580.1100378,D_rowsize_rep2,r3-sub,D01,load,16,1,100,6,0,146471057,711601476,10824,27491,17860971404,7684522741,203978.208,,,1,1.0005278587341309,10452.4825657843,10450.483620944793,,11B/67127070,11B/6710FFF8,0.008312,-0.000192,5.4,36.7,2129308.026160736,12892010.839477872,7.995779358029681,35.981007111133565,630444.214514986,6290322.598276,1006.66,1
2026-09-13T01:06:21.111012+00:00,1789261581.111012,D_rowsize_rep2,r3-sub,D01,load,16,1,100,6,0,146480744,711611161,10824,27491,17860971404,7684611432,203981.751,,,1,1.000974178314209,9677.572318912726,9675.574265373154,,11B/67751FF0,11B/67751FF0,0.126309,0.104184,5.2,36.7,0.0,11875023.609518887,0.0,28.97177632378126,618372.5948280174,6248296.045491724,1006.65,1
2026-09-13T01:06:22.111131+00:00,1789261582.1111312,D_rowsize_rep2,r3-sub,D01,load,16,1,100,6,0,146490670,711621085,10824,27491,17860971404,7684702326,203984.973,,,1,1.0001192092895508,9924.81686963205,9922.817108022211,,11B/67D69FD0,11B/67D69FD0,0.094137,0.072098,5.5,36.7,-28269270.040402364,-742080301550.4625,-2810.6649426290237,-1035477.5614555532,616171.5466276851,6575165.179230305,1006.65,1
2026-09-13T01:06:23.111290+00:00,1789261583.1112907,D_rowsize_rep2,r3-sub,D01,load,16,1,100,6,0,146500436,711630849,10824,27491,17860971404,7684791739,203988.758,,,1,1.000159502029419,9764.442551596876,9762.442870550061,,11B/68313FB8,11B/68313FB8,0.122352,0.105047,4.7,36.7,28268131.175709594,742061315874.1648,2810.551711298261,1035463.8414159042,591474.6585916048,6067939.151390962,1006.64,1
2026-09-13T01:06:24.112430+00:00,1789261584.11243,D_rowsize_rep2,r3-sub,D01,load,16,1,100,6,0,146511051,711641462,10824,27491,17860971404,7684888954,203992.444,,,1,1.0011394023895264,10602.91900874548,10600.92128495674,,11B/6891C000,11B/6891C000,0.113584,0.090210,4.8,36.7,0.0,11152988.258527873,0.0,33.9613044086054,615145.1022006471,6519135.081910026,1006.64,1
2026-09-13T01:06:25.112619+00:00,1789261585.1126199,D_rowsize_rep2,r3-sub,D01,load,16,1,100,6,0,146520732,711651141,10824,27491,17860971404,7684977561,203995.683,,,1,1.0001897811889648,9679.163076923078,9677.163456413435,,11B/68F27F58,11B/68F27F58,0.081059,0.064103,4.6,36.7,0.0,11974431.478156898,0.0,28.994497389811922,619453.4393897642,6513789.805226097,1006.64,1
2026-09-13T01:06:26.113230+00:00,1789261586.11323,D_rowsize_rep2,r3-sub,D01,load,16,1,100,6,0,146530124,711660531,10824,27491,17860971404,7685063544,203998.852,,,1,1.000610113143921,9386.273311280354,9384.27453076262,,11B/6950BFC8,11B/6950BFC8,0.082048,0.063784,5.0,36.7,0.0,6303993.850492618,0.0,14.990853883007379,611958.6359926449,6360240.53365192,1006.64,1
2026-09-13T01:06:27.114575+00:00,1789261587.1145756,D_rowsize_rep2,r3-sub,D01,load,16,1,100,6,0,146539835,711670240,10824,27491,17860971404,7685152427,204002.494,,,1,1.0013456344604492,9697.950104144147,9695.95279179647,,11B/69B1FEF0,11B/69B1FEF0,0.052329,0.030519,4.8,36.7,0.0,11416573.465324808,0.0,29.959685215150284,675920.4581390056,6539468.266148057,1006.63,1
2026-09-13T01:06:28.116198+00:00,1789261588.116199,D_rowsize_rep2,r3-sub,D01,load,16,1,100,6,0,146549590,711679993,10824,27491,17860971404,7685241720,204006.552,,,1,1.0016233921051025,9739.189476693438,9737.192718215387,,11B/6A0FFFF8,11B/6A0FFFF8,0.071003,0.047959,4.3,36.7,0.0,11474747.984713575,0.0,41.931928039069646,590593.2356039935,6313715.364323692,1006.63,1
2026-09-13T01:06:29.116961+00:00,1789261589.1169617,D_rowsize_rep2,r3-sub,D01,load,16,1,100,6,0,146559349,711689750,10824,27491,17860971404,7685331082,204010.352,,,1,1.000762701034546,9751.562473213242,9749.563997452771,,11B/6A729FE8,11B/6A729FE8,0.037565,0.015796,4.2,36.7,0.0,7436759.975473037,0.0,19.984757604699748,634906.7559603888,6616499.58891846,1006.63,1
2026-09-13T01:06:30.118221+00:00,1789261590.118221,D_rowsize_rep2,r3-sub,D01,load,16,1,100,6,0,146568816,711699215,10824,27491,17860971404,7685417762,204014.209,,,1,1.0012593269348145,9455.092946780944,9453.095462266994,,11B/6ACDEE88,11B/6AC56000,0.020655,-0.000179,10.6,36.7,0.0,11622099.976460537,0.0,27.96478319529592,629378.4068201008,6664138.670674681,1006.62,1
2026-09-13T01:06:31.118921+00:00,1789261591.1188278,D_rowsize_rep2,r3-sub,D01,load,16,1,100,6,0,146578757,711709154,10824,27491,17860971404,7685508791,204017.878,,,1,1.0006067752838135,9934.971704724187,9932.97291753885,,11B/6B31BF58,11B/6B31BF58,0.055945,0.039458,4.7,36.7,0.0,12472943.726030648,0.0,68.95815789417252,627564.20954864,6172256.827111959,1006.62,1
2026-09-13T01:06:32.119918+00:00,1789261592.1199186,D_rowsize_rep2,r3-sub,D01,load,16,1,100,6,0,146589153,711719548,10824,27491,17860971404,7685603975,204022.087,,2336201,1,1.0010907649993896,10384.672762420636,10382.674941573692,288676,11B/6B950000,11B/6B950000,0.114494,0.088975,8.7,36.7,0.0,11951379.85316176,0.0,31.96513355112162,664746.9173291252,6686404.703777365,1006.62,1
2026-09-13T01:06:33.120140+00:00,1789261593.12014,D_rowsize_rep2,r3-sub,D01,load,16,1,100,6,0,146598168,711728557,10824,27491,17860971404,7685706726,204025.571,,,1,1.0002214908599854,9013.00370205898,9007.005030709855,,11B/6BEBFB68,11B/6BE7FF40,0.017171,-0.000167,4.7,36.7,0.0,5348191.424482025,0.0,9.997785581873522,657346.4037797186,6465997.840577627,1006.61,1
2026-09-13T01:06:34.120472+00:00,1789261594.120472,D_rowsize_rep2,r3-sub,D01,load,16,1,100,6,0,146608529,711738913,10824,27491,17860971404,7685816877,204029.543,,,1,1.0003318786621094,10357.562545999519,10352.564204842296,,11B/6C530000,11B/6C530000,0.058299,0.051072,4.9,36.7,0.0,12955444.36445729,0.0,34.98838810056782,635327.148475962,6292273.728613322,1006.61,1
2026-09-13T01:06:35.121216+00:00,1789261595.121216,D_rowsize_rep2,r3-sub,D01,load,16,1,100,6,0,146618406,711748788,10824,27491,17860971404,7685907322,204032.582,,,1,1.000744104385376,9869.655945728631,9867.657432830843,,11B/6CB6FFE8,11B/6CB6FFE8,0.025849,0.003922,3.7,36.7,0.0,10907723.515097948,0.0,27.97918056903935,638156.1452137918,6683775.57328505,1006.61,1
2026-09-13T01:06:36.122531+00:00,1789261596.1225314,D_rowsize_rep2,r3-sub,D01,load,16,1,100,6,0,146628388,711758768,10824,27491,17860971404,7685998739,204035.867,,,1,1.0013153553009033,9968.887371152246,9966.889998407076,,11B/6D101F10,11B/6D101F10,0.108060,0.098823,4.8,36.7,0.0,11650084.000254296,0.0,23.9684729420611,566357.0392661972,5982805.485090912,1006.6,1
2026-09-13T01:06:37.123337+00:00,1789261597.123337,D_rowsize_rep2,r3-sub,D01,load,16,1,100,6,0,146638920,711769298,10824,27491,17860971404,7686095177,204039.769,,,1,1.0008056163787842,10523.522078251264,10521.523688187031,,11B/6D73DF80,11B/6D73DF80,0.074224,0.052578,5.4,36.7,0.0,6679291.05372845,0.0,15.987120513864435,657016.696588094,6696461.22116034,1006.6,1
2026-09-13T01:06:38.124940+00:00,1789261598.12494,D_rowsize_rep2,r3-sub,D01,load,16,1,100,6,0,146648926,711779302,10824,27491,17860971404,7686186777,204043.234,,,1,1.0016028881072998,9989.987168375734,9987.99036902167,,11B/6DD93FF0,11B/6DD93FF0,0.044520,0.022036,4.9,36.7,0.0,11205079.511309972,0.0,24.95999192578386,653843.9612904178,6744123.923968116,1006.6,1
2026-09-13T01:06:39.126236+00:00,1789261599.1262367,D_rowsize_rep2,r3-sub,D01,load,16,1,100,6,0,146659430,711789804,10824,27491,17860971404,7686282970,204048.605,,,1,1.0012967586517334,10490.396487594599,10488.39907775309,,11B/6E323FF0,11B/6E323FF0,0.141138,0.118500,3.9,36.7,0.0,12157546.596267438,0.0,30.95985254335801,566885.8858230135,5928933.604053391,1006.59,1
2026-09-13T01:06:40.126777+00:00,1789261600.1267776,D_rowsize_rep2,r3-sub,D01,load,16,1,100,6,0,146669477,711799849,10824,27491,17860971404,7686375001,204053.241,,,1,1.0005409717559814,10041.567795436897,10039.568876795423,,11B/6E971FF8,11B/6E971FF8,0.108892,0.101163,5.4,36.7,0.0,11896540.30769964,0.0,32.982157584295564,644408.393259929,6767461.994201459,1006.59,1
2026-09-13T01:06:41.127883+00:00,1789261601.1278837,D_rowsize_rep2,r3-sub,D01,load,16,1,100,6,0,146679381,711809751,10824,27491,17860971404,7686465660,204056.738,,,1,1.0011060237884521,9893.058042464496,9891.060252068199,,11B/6EFB0000,11B/6EFB0000,0.087802,0.068833,4.6,36.7,0.0,6202675.6931313425,0.0,12.9856375759328,659368.7225075454,6689543.206080196,1006.59,1
2026-09-13T01:06:42.128756+00:00,1789261602.1287563,D_rowsize_rep2,r3-sub,D01,load,16,1,100,6,0,146689853,711820221,10824,27491,17860971404,7686561532,204061.03,,,1,1.0008726119995117,10462.86997411126,10460.871717813683,,11B/6F64FFE0,11B/6F64FFE0,0.018259,0.005640,10.3,36.7,0.0,12625143.148592984,0.0,30.97297261243784,700108.077290801,7054607.065223047,1006.58,1
2026-09-13T01:06:43.130666+00:00,1789261603.1306667,D_rowsize_rep2,r3-sub,D01,load,16,1,100,6,0,146699800,711830166,10824,27491,17860971404,7686652613,204064.498,,,1,1.0019104480743408,9928.033008457001,9926.036822067445,,11B/6FBF9188,11B/6FB7DEF8,0.019076,-0.000196,4.1,36.7,0.0,12681564.529465055,0.0,29.942795843340708,623921.0312672748,6626318.762081014,1006.58,1
2026-09-13T01:06:44.132034+00:00,1789261604.1320343,D_rowsize_rep2,r3-sub,D01,load,16,1,100,6,0,146699809,711830172,10837,27497,17860971404,7686726713,204064.55,,,1,1.0013675689697266,8.98770868848868,5.9918057923257875,,11B/70211F18,11B/70211F18,0.084238,0.077346,8.9,36.8,0.0,7207295.526282607,0.0,12.982245883372538,566063.8686183941,5991689.950747136,1006.58,1
2026-09-13T01:06:45.132580+00:00,1789261605.1325803,D_rowsize_rep2,r3-sub,D01,load,16,1,100,6,0,146710309,711840670,10837,27497,17860971404,7686822998,204067.905,,,1,1.0005459785461426,10494.270353529553,10492.271444890785,,11B/70851F98,11B/70851F98,0.053599,0.031587,4.3,36.8,0.0,11261947.218430948,0.0,49.97271596918835,636987.2186444531,6698709.64824522,1006.57,1
2026-09-13T01:06:46.132997+00:00,1789261606.1329973,D_rowsize_rep2,r3-sub,D01,load,16,1,100,6,0,146720259,711850618,10837,27497,17860971404,7686914100,204070.987,,,1,1.0004169940948486,9945.852638181643,9943.85347182221,,11B/70E8FFF8,11B/70E8FFF8,0.022966,0.000534,5.6,36.7,0.0,12405706.893482994,0.0,29.987495391502442,628780.8021185624,6667432.71992799,1006.57,1
2026-09-13T01:06:47.134916+00:00,1789261607.1349163,D_rowsize_rep2,r3-sub,D01,load,16,1,100,6,0,146730157,711860514,10837,27497,17860971404,7687004725,204074.659,,,1,1.0019190311431885,9879.041811099638,9877.045641810671,,11B/7141BFF0,11B/7141BFF0,0.102695,0.080943,4.5,36.7,0.0,11271042.518391006,0.0,57.88890938005446,586152.1557584525,5967592.005092385,1006.57,1
2026-09-13T01:06:48.135798+00:00,1789261608.1357982,D_rowsize_rep2,r3-sub,D01,load,16,1,100,6,0,146740656,711871011,10837,27497,17860971404,7687100884,204078.711,,,1,1.0008819103240967,10489.748982075525,10487.750744342013,,11B/71A47FD8,11B/71A47FD8,0.074291,0.066770,6.7,36.7,0.0,6359575.424776019,0.0,20.981496201884564,632067.5730817724,6648089.980810399,1006.56,1
2026-09-13T01:06:49.137005+00:00,1789261609.1370058,D_rowsize_rep2,r3-sub,D01,load,16,1,100,6,0,146750551,711880904,10837,27497,17860971404,7687191467,204082.384,,,1,1.0012075901031494,9883.065308145106,9881.06772041228,,11B/71FFFFF8,11B/71FFFFF8,0.055052,0.043155,4.4,36.7,0.0,12608645.9239681,0.0,32.96019759159054,616709.267991453,6085181.594930096,1006.56,1
2026-09-13T01:06:50.137142+00:00,1789261610.137142,D_rowsize_rep2,r3-sub,D01,load,16,1,100,6,0,146761190,711891541,10837,27497,17860971404,7687288836,204086.365,,,1,1.000136137008667,10637.551835513574,10635.55210775053,,11B/72627FB8,11B/72627FB8,0.104035,0.088254,5.0,36.7,0.0,7371796.425686105,0.0,20.997141511964003,633726.7263391638,6631714.178269436,1006.56,1
2026-09-13T01:06:51.137670+00:00,1789261611.1376708,D_rowsize_rep2,r3-sub,D01,load,16,1,100,6,0,146771097,711901446,10837,27497,17860971404,7687379551,204089.889,,,1,1.0005288124084473,9901.76382442413,9899.764881489958,,11B/72C65FD8,11B/72C65FD8,0.075356,0.052891,4.9,36.7,0.0,13554688.112733355,0.0,29.98414401258947,634299.574514324,6660117.04746359,1006.55,1
2026-09-13T01:06:52.138579+00:00,1789261612.1385791,D_rowsize_rep2,r3-sub,D01,load,16,1,100,6,0,146780985,711911332,10837,27497,17860971404,7687470074,204093.619,,,1,1.000908374786377,9879.026141738887,9877.027956839667,,11B/73217FD0,11B/73217FD0,0.136824,0.113852,5.6,36.7,0.0,11442022.355387205,0.0,33.969143286723515,611663.3804074877,6061483.9008564325,1006.55,1
2026-09-13T01:06:53.139775+00:00,1789261613.139775,D_rowsize_rep2,r3-sub,D01,load,16,1,100,6,0,146791642,711921987,10837,27497,17860971404,7687567667,204097.884,,,1,1.0011959075927734,10644.270436165856,10642.272825124068,,11B/73851F48,11B/73851F48,0.108215,0.091446,4.8,36.7,0.0,7241260.122038806,0.0,14.982082813407885,637548.5508472801,6653730.75287237,1006.54,1
2026-09-13T01:06:54.140635+00:00,1789261614.1406357,D_rowsize_rep2,r3-sub,D01,load,16,1,100,6,0,146801537,711931880,10837,27497,17860971404,7687658268,204101.549,,,1,1.0008606910705566,9886.490785661641,9884.492505563478,,11B/73E80000,11B/73E80000,0.078224,0.069845,5.6,36.7,0.0,11348440.498598114,0.0,27.97592137428256,643426.2088075173,6654617.430199857,1006.54,1
2026-09-13T01:06:55.141888+00:00,1789261615.1418889,D_rowsize_rep2,r3-sub,D01,load,16,1,100,6,0,146812185,711942526,10837,27497,17860971404,7687755782,204104.988,,,1,1.0012531280517578,10634.673392450637,10632.675895570012,,11B/74425FE8,11B/74425FE8,0.139500,0.118086,4.2,36.7,0.0,11245811.558071798,0.0,31.95995009000943,594005.6348760347,6065233.485778511,1006.54,1
2026-09-13T01:06:56.143200+00:00,1789261616.1432009,D_rowsize_rep2,r3-sub,D01,load,16,1,100,6,0,146822087,711952426,10837,27497,17860971404,7687846496,204108.886,,,1,1.001312017440796,9889.025426168393,9887.028046765006,,11B/74A5FF10,11B/74A5FF10,0.112502,0.088101,8.8,36.7,0.0,6193218.389458373,0.0,11.984276420321219,638149.736415983,6676666.097633534,1006.54,1
2026-09-13T01:06:57.144055+00:00,1789261617.1440554,D_rowsize_rep2,r3-sub,D01,load,16,1,100,6,0,146831994,711962331,10837,27497,17860971404,7687937205,204112.426,,,1,1.0008544921875,9898.541773386998,9896.543480912307,,11B/75101A38,11B/74FFFFF0,0.021698,-0.000195,4.8,36.7,0.0,11978756.24637151,0.0,31.97267959507257,664616.0907427735,7090048.608854738,1006.53,1
2026-09-13T01:06:58.144443+00:00,1789261618.1444433,D_rowsize_rep2,r3-sub,D01,load,16,1,100,6,0,146842582,711972917,10837,27497,17860971404,7688034180,204116.667,,,1,1.0003879070281982,10583.894432963745,10581.895208476975,,11B/75660E20,11B/7563DF80,0.011352,-0.000192,3.9,36.7,0.0,11644507.013889408,0.0,24.990306084632945,593133.9191840857,6266077.344558812,1006.53,1
2026-09-13T01:06:59.144839+00:00,1789261619.1448398,D_rowsize_rep2,r3-sub,D01,load,16,1,100,6,0,146852610,711982943,10837,27497,17860971404,7688125982,204120.472,,,1,1.000396490097046,10024.02557312772,10022.02636579363,,11B/75C89FE8,11B/75C89FE8,0.130630,0.121815,4.1,36.7,0.0,11349611.99124016,0.0,25.989695343171192,607786.0188623981,6089590.537656754,1006.53,1
2026-09-13T01:07:00.145891+00:00,1789261620.1458912,D_rowsize_rep2,r3-sub,D01,load,16,1,100,6,0,146863111,711993442,10837,27497,17860971404,7688222147,204124.803,,,1,1.001051425933838,10489.970572894463,10487.972673537659,,11B/7632BED8,11B/7632BED8,0.050121,0.034290,6.6,36.7,0.0,7487807.125400778,0.0,18.980043889629062,679862.1752774778,7076564.516544828,1006.52,1
2026-09-13T01:07:01.146805+00:00,1789261621.146806,D_rowsize_rep2,r3-sub,D01,load,16,1,100,6,0,146873157,712003486,10837,27497,17860971404,7688314152,204128.647,,,1,1.0009148120880127,10036.818197387844,10034.820025339788,,11B/7697DFF8,11B/7697DFF8,0.021765,0.003952,6.0,36.7,0.0,12710548.23682768,0.0,43.959785057243195,666376.3908225093,6773684.351674706,1006.52,1
2026-09-13T01:07:02.148260+00:00,1789261622.1482606,D_rowsize_rep2,r3-sub,D01,load,16,1,100,6,0,146883278,712013605,10837,27497,17860971404,7688406820,204131.912,,2626058,1,1.0014545917510986,10106.299460171103,10104.302365129077,289857,11B/76FD3FE8,11B/76FD3FE8,0.084189,0.057774,8.3,36.7,0.0,11206738.770228108,0.0,24.963688025321368,649512.2248754584,6796600.720656223,1006.52,1
2026-09-13T01:07:03.149631+00:00,1789261623.149632,D_rowsize_rep2,r3-sub,D01,load,16,1,100,6,0,146883284,712013605,10837,27497,17860971404,7688418150,204131.912,,,1,1.0013713836669922,5.991782966703301,0.0,,11B/77535F10,11B/77535F10,0.116163,0.101563,4.3,36.7,0.0,11919397.932355188,0.0,56.92193818368136,547487.1850165807,5779100.63577819,1006.51,1
2026-09-13T01:07:04.150379+00:00,1789261624.1503797,D_rowsize_rep2,r3-sub,D01,load,16,1,100,6,0,146893547,712023863,10837,27497,17860971404,7688520053,204136.156,,,1,1.0007476806640625,10255.332286345963,10250.33602195624,,11B/77B8FFF8,11B/77B8FFF8,0.066495,0.055824,6.1,36.7,0.0,7170830.508683388,0.0,13.989540291225127,685116.7514523137,6822704.795547763,1006.51,1
2026-09-13T01:07:05.150595+00:00,1789261625.150558,D_rowsize_rep2,r3-sub,D01,load,16,1,100,6,0,146903679,712033993,10837,27497,17860971404,7688612834,204139.747,,,1,1.000178337097168,10130.193410713384,10128.19376732398,,11B/7821DFE0,11B/7821DFE0,0.025392,0.002174,5.6,36.7,0.0,11442183.434221078,0.0,36.99340270394741,691361.7045605156,7024744.227506119,1006.51,1
2026-09-13T01:07:06.152436+00:00,1789261626.1514356,D_rowsize_rep2,r3-sub,D01,load,16,1,100,6,0,146914110,712044422,10837,27497,17860971404,7688708326,204143.831,,,1,1.0008776187896729,10421.853585470171,10419.855339168673,,11B/787B9238,11B/78762000,0.014668,-0.000147,4.6,36.7,0.0,11585608.25250781,0.0,29.973694522491147,638787.3881855223,6715404.4348876905,1006.5,1
2026-09-13T01:07:07.152265+00:00,1789261627.1522653,D_rowsize_rep2,r3-sub,D01,load,16,1,100,6,0,146924192,712054502,10837,27497,17860971404,7688800691,204146.889,,,1,1.0008296966552734,10073.641932981784,10071.643590999442,,11B/78DB5FA0,11B/78DB5FA0,0.136770,0.114006,4.8,36.7,0.0,7358502.674942779,0.0,14.987564867558692,555343.2335765727,5726850.451335276,1006.5,1
2026-09-13T01:07:08.153292+00:00,1789261628.1532922,D_rowsize_rep2,r3-sub,D01,load,16,1,100,6,0,146934242,712064550,10837,27497,17860971404,7688892755,204150.619,,,1,1.0010268688201904,10039.69055480491,10037.692606435796,,11B/7941BFE0,11B/7941BFE0,0.072705,0.048427,11.9,36.7,0.0,11338372.978316877,0.0,26.97230298305797,687941.5742472927,6873448.869668564,1006.49,1
2026-09-13T01:07:09.154277+00:00,1789261629.1542773,D_rowsize_rep2,r3-sub,D01,load,16,1,100,6,0,146944438,712074744,10837,27497,17860971404,7688986083,204155.068,,,1,1.0009851455688477,10185.965341379504,10183.967309731528,,11B/79A51F98,11B/79A51F98,0.044103,0.021659,4.5,36.7,0.0,12365929.759093149,0.0,27.972443071658113,630560.8058162611,6641582.074848825,1006.49,1
2026-09-13T01:07:10.155577+00:00,1789261630.1555772,D_rowsize_rep2,r3-sub,D01,load,16,1,100,6,0,146954317,712084621,10837,27497,17860971404,7689076559,204159.427,,,1,1.0012998580932617,9866.175372093045,9864.177968434356,,11B/79FFFFD8,11B/79FFFFD8,0.014508,0.000901,4.9,36.7,69541.60578090727,11253468.088427994,2.9961054880331144,29.961054880331144,577961.7317653692,6113952.729063308,1006.49,1
2026-09-13T01:07:11.157495+00:00,1789261631.1574953,D_rowsize_rep2,r3-sub,D01,load,16,1,100,6,0,146965009,712095311,10837,27497,17860971404,7689174428,204163.322,,,1,1.001918077468872,10671.531176492004,10669.535005302987,,11B/7A627FF0,11B/7A627FF0,0.063264,0.041190,4.6,36.7,0.0,6287587.91927848,0.0,11.977027134109994,621486.9399033731,6601976.896864111,1006.48,1
2026-09-13T01:07:12.157800+00:00,1789261632.1578007,D_rowsize_rep2,r3-sub,D01,load,16,1,100,6,0,146974809,712105109,10837,27497,17860971404,7689264113,204167.075,,,1,1.000305414199829,9797.007854685342,9795.008465327242,,11B/7AC49EE0,11B/7AC49EE0,0.034906,0.011759,4.3,36.7,0.0,11899341.772054195,0.0,32.989924408634316,642862.6606149083,6587430.105305458,1006.48,1
2026-09-13T01:07:13.159312+00:00,1789261633.159313,D_rowsize_rep2,r3-sub,D01,load,16,1,100,6,0,146984598,712114896,10837,27497,17860971404,7689353730,204170.775,,,1,1.0015122890472412,9774.218556331918,9772.221576342883,,11B/7B212000,11B/7B212000,0.064539,0.049060,3.7,36.7,0.0,11173374.62792946,0.0,24.96224986293778,581962.9038745698,6194189.594919069,1006.48,1
2026-09-13T01:07:14.160126+00:00,1789261634.1601267,D_rowsize_rep2,r3-sub,D01,load,16,1,100,6,0,146994417,712124713,10837,27497,17860971404,7689443708,204174.415,,,1,1.0008137226104736,9811.01655399828,9809.018180120289,,11B/7B837FE0,11B/7B837FE0,0.036460,0.013588,6.0,36.7,0.0,11393992.450719284,0.0,24.979673474891232,640539.77829949,6600599.9425840285,1006.48,1
2026-09-13T01:07:15.161595+00:00,1789261635.1615958,D_rowsize_rep2,r3-sub,D01,load,16,1,100,6,0,147003647,712133941,10837,27497,17860971404,7689528221,204177.794,,,1,1.0014691352844238,9216.459773748913,9214.462707709097,,11B/7BDCF7C8,11B/7BD5FFF0,0.019962,-0.000181,4.4,36.7,0.0,6670775.728003512,0.0,23.96479247778699,639437.5796894915,6628043.507416558,1006.47,1
2026-09-13T01:07:16.162525+00:00,1789261636.1625254,D_rowsize_rep2,r3-sub,D01,load,16,1,100,6,0,147014222,712144514,10837,27497,17860971404,7689625033,204182.777,,,1,1.000929594039917,10565.178672875038,10563.180530336433,,11B/7C421F70,11B/7C421F70,0.053821,0.031459,5.0,36.7,0.0,11302645.128453294,0.0,30.971209348380725,583215.8460255495,6142580.893411776,1006.47,1
2026-09-13T01:07:17.164280+00:00,1789261637.1642807,D_rowsize_rep2,r3-sub,D01,load,16,1,100,6,0,147022848,712153138,10837,27497,17860971404,7689704022,204186.303,,,1,1.0017552375793457,8610.885849565386,8608.889353889625,,11B/7CA51FF8,11B/7CA51FF8,0.023713,0.000186,5.4,36.7,0.0,13161921.700415026,0.0,47.91589621830959,631046.3637081101,6648605.118445873,1006.46,1
2026-09-13T01:07:18.165243+00:00,1789261638.1652434,D_rowsize_rep2,r3-sub,D01,load,16,1,100,6,0,147032557,712162845,10837,27497,17860971404,7689792907,204190.52,,,1,1.000962734222412,9699.661803635816,9697.66372725233,,11B/7CFE1A98,11B/7CF8FFF8,0.010322,-0.000188,5.0,36.7,0.0,6285404.825672611,0.0,11.988458300919744,581548.1237193159,6101964.430019279,1006.46,1
2026-09-13T01:07:19.167012+00:00,1789261639.167013,D_rowsize_rep2,r3-sub,D01,load,16,1,100,6,0,147043198,712173484,10837,27497,17860971404,7689890311,204195.529,,,1,1.0017695426940918,10622.203557300023,10620.207090133912,,11B/7D7067E8,11B/7D62DFF8,0.012368,-0.000196,6.3,36.7,0.0,11828796.439680265,0.0,32.9417082408515,725424.3306755367,7094489.9970574,1006.46,1
2026-09-13T01:07:20.167420+00:00,1789261640.1674209,D_rowsize_rep2,r3-sub,D01,load,16,1,100,6,0,147053369,712183653,10837,27497,17860971404,7689983415,204200.374,,,1,1.0004079341888428,10166.852593234295,10164.853408769988,,11B/7DD82000,11B/7DD82000,0.102121,0.080589,8.3,36.7,0.0,11578764.626044473,0.0,72.970232947213,612392.1842910476,5976876.82759952,1006.45,1
2026-09-13T01:07:21.167768+00:00,1789261641.1677685,D_rowsize_rep2,r3-sub,D01,load,16,1,100,6,0,147063354,712193636,10837,27497,17860971404,7690074812,204205.37,,,1,1.00034761428833,9981.530277456157,9979.530972443146,,11B/7E3E39D8,11B/7E32DF38,0.020472,-0.000185,6.0,36.7,0.0,7026293.559964554,0.0,13.995135091075232,695848.1132533256,7171095.224836871,1006.45,1
2026-09-13T01:07:22.168903+00:00,1789261642.1689038,D_rowsize_rep2,r3-sub,D01,load,16,1,100,6,0,147073249,712203529,10837,27497,17860971404,7690165424,204209.15,,,1,1.0011353492736816,9883.778459304998,9881.780727428433,,11B/7E960DE8,11B/7E94BFF0,0.007151,-0.000166,5.4,36.7,0.0,11067114.95906947,0.0,25.970514395344107,567199.0309921302,5917014.122313867,1006.45,1
2026-09-13T01:07:23.170048+00:00,1789261643.170048,D_rowsize_rep2,r3-sub,D01,load,16,1,100,6,0,147083012,712213290,10837,27497,17860971404,7690254811,204212.652,,,1,1.0011441707611084,9751.842227256631,9749.844512982892,,11B/7EF67FE0,11B/7EF67FE0,0.122476,0.114604,4.3,36.7,0.0,11463875.368993806,0.0,29.965714106084086,590172.7416050524,6139995.796336504,1006.45,1
2026-09-13T01:07:24.170298+00:00,1789261644.170298,D_rowsize_rep2,r3-sub,D01,load,16,1,100,6,0,147093011,712223287,10837,27497,17860971404,7690346350,204217.487,,,1,1.0002501010894775,9996.499864492927,9994.500364570038,,11B/7F527010,11B/7F50BFD8,0.008537,-0.000196,4.8,36.7,0.0,11404507.720194224,0.0,28.992748881917684,644517.8053946831,6598592.684780518,1006.44,1
2026-09-13T01:07:25.171570+00:00,1789261645.1715698,D_rowsize_rep2,r3-sub,D01,load,16,1,100,6,0,147101751,712232025,10837,27497,17860971404,7690426365,204220.74,,,1,1.0012717247009277,8728.899243220487,8726.901783439429,,11B/7FB13FF0,11B/7FB13FF0,0.125790,0.103960,5.2,36.7,0.0,6140287.245039691,0.0,17.977138029515878,593026.8331279982,5982850.461286426,1006.44,1
2026-09-13T01:07:26.171700+00:00,1789261646.1717007,D_rowsize_rep2,r3-sub,D01,load,16,1,100,6,0,147111464,712241736,10837,27497,17860971404,7690515334,204224.289,,,1,1.0001308917999268,9711.72881433509,9709.72907608443,,11B/800FFFE8,11B/800FFFE8,0.121898,0.115973,5.6,36.7,32763.711498829638,13416739.858770736,0.9998691253304943,36.99515763722829,649629.9687641021,6391929.348862522,1006.44,1
2026-09-13T01:07:27.171831+00:00,1789261647.1718311,D_rowsize_rep2,r3-sub,D01,load,16,1,100,6,0,147120927,712251197,10837,27497,17860971404,7690602010,204227.699,,,1,1.0001304149627686,9461.76604413363,9459.766304929544,,11B/80717FE8,11B/80717FE8,0.086908,0.066240,4.3,36.7,0.0,11115094.425374346,0.0,31.995827265378438,639684.5755598948,6560204.451180745,1006.43,1
2026-09-13T01:07:28.173805+00:00,1789261648.1738052,D_rowsize_rep2,r3-sub,D01,load,16,1,100,6,0,147130711,712260979,10837,27497,17860971404,7690691564,204231.66,,,1,1.001974105834961,9764.723402554238,9762.727342987077,,11B/80D3FFD8,11B/80D3FFD8,0.064799,0.055474,5.4,36.7,0.0,6332203.560004036,0.0,12.97438718654999,651639.5944742567,6647835.469210371,1006.43,1
2026-09-13T01:07:29.175097+00:00,1789261649.1750972,D_rowsize_rep2,r3-sub,D01,load,16,1,100,6,0,147140985,712271251,10837,27497,17860971404,7690785638,204235.689,,,1,1.0012919902801514,10260.743219493286,10258.745800139675,,11B/8130DF00,11B/8130DF00,0.093136,0.087794,3.9,36.7,0.0,11265828.658874882,0.0,26.965161273731624,592062.0615712036,6250625.252928348,1006.43,1
2026-09-13T01:07:30.175325+00:00,1789261650.1753259,D_rowsize_rep2,r3-sub,D01,load,16,1,100,6,0,147150007,712280271,10837,27497,17860971404,7690868271,204238.882,,,1,1.0002286434173584,9019.9376506312,9017.938107813503,,11B/8194DFC8,11B/8194DFC8,0.058840,0.058207,5.0,36.7,0.0,12195099.670736257,0.0,33.99222790084912,681279.2299886801,6725653.223662974,1006.42,1
2026-09-13T01:07:31.175605+00:00,1789261651.1756055,D_rowsize_rep2,r3-sub,D01,load,16,1,100,6,0,147160015,712290277,10837,27497,17860971404,7690959921,204242.525,,,1,1.0002796649932861,10005.20189527913,10003.202454452736,,11B/81F93F38,11B/81F93F38,0.035087,0.026690,5.2,36.7,0.0,6322455.83043263,0.0,11.996644958368261,642093.4289455048,6744220.87751357,1006.42,1
2026-09-13T01:07:32.176331+00:00,1789261652.1763318,D_rowsize_rep2,r3-sub,D01,load,16,1,100,6,0,147170645,712300904,10837,27497,17860971404,7691057271,204246.46,,2914762,1,1.0007262229919434,10622.285851787437,10619.288028875362,288704,11B/82641EF0,11B/82641EF0,0.070071,0.062216,14.1,36.7,0.0,14771736.425376965,0.0,31.97677772880508,684247.0840354033,7174684.579098717,1006.41,1
2026-09-13T01:07:33.177096+00:00,1789261653.1770966,D_rowsize_rep2,r3-sub,D01,load,16,1,100,6,0,147180711,712310965,10837,27497,17860971404,7691171067,204250.599,,,1,1.0007648468017578,10058.306936108818,10053.31075742011,,11B/82B85FF8,11B/82B85FF8,0.082439,0.060333,5.1,36.7,0.0,10899311.696307717,0.0,26.979364919028225,537947.5525349302,5631797.53766517,1006.41,1
2026-09-13T01:07:34.177699+00:00,1789261654.1776998,D_rowsize_rep2,r3-sub,D01,load,16,1,100,6,0,147191224,712321473,10837,27497,17860971404,7691282840,204253.902,,,1,1.000603199005127,10506.662391698123,10501.665405875001,,11B/831ED318,11B/83101FD0,0.005867,-0.000189,6.3,36.7,0.0,6213979.73360681,0.0,10.993368810870288,680385.59208775,7091023.701557889,1006.41,1
2026-09-13T01:07:35.178036+00:00,1789261655.1780362,D_rowsize_rep2,r3-sub,D01,load,16,1,100,6,0,147201287,712331534,10837,27497,17860971404,7691375006,204257.636,,,1,1.0003364086151123,10059.61585856046,10057.616531151425,,11B/8374A5E8,11B/83747FE8,0.002168,-0.000234,4.1,36.7,0.0,10961304.522725686,0.0,39.98654818070341,578931.242542451,5842555.513990821,1006.41,1
2026-09-13T01:07:36.179154+00:00,1789261656.1791549,D_rowsize_rep2,r3-sub,D01,load,16,1,100,6,0,147201289,712331534,10837,27497,17860971404,7691375006,204257.636,,,1,1.0011186599731445,1.997765180057328,0.0,,11B/83D95FC8,11B/83D95FC8,0.116326,0.092817,4.5,36.7,0.0,12487023.266887609,0.0,35.959773241031904,635166.4646996568,6559722.900556228,1006.4,1
2026-09-13T01:07:37.179657+00:00,1789261657.1796572,D_rowsize_rep2,r3-sub,D01,load,16,1,100,6,0,147211331,712341574,10837,27497,17860971404,7691466965,204262.122,,,1,1.000502347946167,10036.957954785648,10034.958958977088,,11B/84423FF0,11B/84423FF0,0.039445,0.016965,4.6,36.7,0.0,7319970.827688708,0.0,13.99297065992821,676262.2810320533,7066283.267113731,1006.4,1
2026-09-13T01:07:38.180502+00:00,1789261658.1805024,D_rowsize_rep2,r3-sub,D01,load,16,1,100,6,0,147221823,712352064,10837,27497,17860971404,7691563047,204266.136,,,1,1.000845193862915,10483.139714649098,10481.141403609325,,11B/84A51270,11B/84945FD8,0.022383,-0.000226,5.6,36.7,0.0,11651464.253918614,0.0,57.951020153416664,650721.014591997,6638701.010648073,1006.39,1
2026-09-13T01:07:39.180797+00:00,1789261659.1807244,D_rowsize_rep2,r3-sub,D01,load,16,1,100,6,0,147231687,712361926,10837,27497,17860971404,7691653345,204270.223,,,1,1.0002219676971436,9861.810996523436,9859.811440360314,,11B/84FDCEE0,11B/84F81FF0,0.003520,-0.000345,4.6,36.7,0.0,11204169.036400583,0.0,27.993786283724273,595748.7630189966,6113845.923699626,1006.39,1
2026-09-13T01:07:40.181650+00:00,1789261660.1816502,D_rowsize_rep2,r3-sub,D01,load,16,1,100,6,0,147242482,712372719,10837,27497,17860971404,7691752169,204273.835,,,1,1.0009257793426514,10785.01545548114,10783.017305327276,,11B/85649FD0,11B/85649FD0,0.055476,0.038697,5.3,36.7,0.0,12653118.00473109,0.0,29.972252307960556,656820.92875234,6799605.066091625,1006.39,1
2026-09-13T01:07:41.183160+00:00,1789261661.1831605,D_rowsize_rep2,r3-sub,D01,load,16,1,100,6,0,147252557,712382794,10837,27497,17860971404,7691844452,204278.575,,,1,1.0015103816986084,10059.80585334755,10059.80585334755,,11B/85C8F150,11B/85B85F70,0.022057,-0.000201,5.2,36.7,0.0,6539626.667565578,0.0,17.972854130050212,653066.6201289851,6792553.651278294,1006.38,1
2026-09-13T01:07:42.183301+00:00,1789261662.1833012,D_rowsize_rep2,r3-sub,D01,load,16,1,100,6,0,147262619,712392852,10837,27497,17860971404,7691936558,204282.696,,,1,1.00014066696167,10060.584808102421,10056.585370691131,,11B/86215FF0,11B/86215FF0,0.119405,0.113373,5.8,36.7,0.0,11200984.391557928,0.0,26.996202526214013,577475.7682382439,5966215.750557702,1006.38,1
2026-09-13T01:07:43.184568+00:00,1789261663.1845684,D_rowsize_rep2,r3-sub,D01,load,16,1,100,6,0,147273165,712403396,10837,27497,17860971404,7692033116,204286.439,,,1,1.0012671947479248,10532.653077338682,10530.655608520678,,11B/8685FFA0,11B/8685FFA0,0.081287,0.079688,4.7,36.7,0.0,12157905.5659211,0.0,26.96582904306319,673759.2158602959,6790928.57098132,1006.38,1
2026-09-13T01:07:44.184778+00:00,1789261664.1847782,D_rowsize_rep2,r3-sub,D01,load,16,1,100,6,0,147283249,712413479,10850,27503,17860971404,7692199329,204290.215,,,1,1.0002098083496094,10081.884736402504,10080.884946166843,,11B/86EA9EE8,11B/86EA9EE8,0.059643,0.042129,9.7,36.7,0.0,12314088.40143555,0.0,30.993497305481714,653883.809717047,6796507.036075653,1006.38,1
2026-09-13T01:07:45.185099+00:00,1789261665.1850991,D_rowsize_rep2,r3-sub,D01,load,16,1,100,6,0,147293799,712424027,10850,27503,17860971404,7692296038,204293.455,,,1,1.0003209114074707,10546.615470785218,10544.616112402131,,11B/8746A670,11B/87431FF0,0.002820,-0.000195,5.0,36.7,0.0,6060135.233472764,0.0,13.995508681610715,622180.3352329198,6412986.9993159585,1006.37,1
2026-09-13T01:07:46.186198+00:00,1789261666.1861985,D_rowsize_rep2,r3-sub,D01,load,16,1,100,6,0,147303837,712434063,10850,27503,17860971404,7692387979,204297.044,,,1,1.0010993480682373,10026.976862356109,10024.979058637768,,11B/87A69F68,11B/87A69F68,0.121962,0.106543,9.4,36.7,0.0,12438166.126096861,0.0,30.96595763429362,604129.8510153218,6257193.1667795135,1006.37,1
2026-09-13T01:07:47.186912+00:00,1789261667.1869125,D_rowsize_rep2,r3-sub,D01,load,16,1,100,6,0,147313793,712444017,10850,27503,17860971404,7692479098,204300.961,,,1,1.0007140636444092,9948.895855167812,9946.897282276053,,11B/880D9300,11B/88000000,0.018351,-0.000215,5.2,36.7,0.0,10998098.657590989,0.0,30.977879822238062,713076.8177687604,7214282.543115466,1006.37,1
2026-09-13T01:07:48.187541+00:00,1789261668.1875412,D_rowsize_rep2,r3-sub,D01,load,16,1,100,6,0,147324485,712454707,10850,27503,17860971404,7692576980,204304.891,,,1,1.0006287097930908,10685.282058527866,10683.283315157396,,11B/8864EB88,11B/88635FF8,0.007730,-0.000161,5.8,36.7,0.0,6520828.291394137,0.0,12.99183190804922,584920.2549075624,5971145.882107945,1006.36,1
2026-09-13T01:07:49.188646+00:00,1789261669.1886463,D_rowsize_rep2,r3-sub,D01,load,16,1,100,6,0,147334381,712464601,10850,27503,17860971404,7692667535,204308.449,,,1,1.0011050701141357,9885.076297607562,9883.078505308127,,11B/88C65FD8,11B/88C65FD8,0.126773,0.109012,4.5,36.7,0.0,13240024.844234223,0.0,35.96026138984158,617075.0887612323,6254149.726048414,1006.36,1
2026-09-13T01:07:50.189622+00:00,1789261670.1896222,D_rowsize_rep2,r3-sub,D01,load,16,1,100,6,0,147345049,712475267,10850,27503,17860971404,7692765216,204312.501,,,1,1.0009758472442627,10657.599810594376,10655.601760386166,,11B/892A6D40,11B/89205FD8,0.013145,-0.000182,5.8,36.7,0.0,11977303.980916526,0.0,39.96100416420839,706521.5428993495,7086742.421936753,1006.36,1
2026-09-13T01:07:51.190038+00:00,1789261671.1900384,D_rowsize_rep2,r3-sub,D01,load,16,1,100,6,0,147354916,712485132,10850,27503,17860971404,7692855554,204316.351,,,1,1.0004162788391113,9862.894285816423,9860.895118027669,,11B/89853348,11B/89833FD0,0.010398,-0.000184,4.5,36.7,0.0,6468987.097560802,0.0,17.99251009878338,643259.224796654,6216031.3976659,1006.35,1
2026-09-13T01:07:52.191318+00:00,1789261672.1913185,D_rowsize_rep2,r3-sub,D01,load,16,1,100,6,0,147364821,712495035,10850,27503,17860971404,7692946231,204319.902,,,1,1.0012800693511963,9892.337122437866,9890.339679303603,,11B/89E5FFF8,11B/89E5FFF8,0.130129,0.112084,4.7,36.7,0.0,11130967.589539472,0.0,42.94502738665606,571000.0802976803,6086226.208366223,1006.35,1
2026-09-13T01:07:53.192831+00:00,1789261673.1918297,D_rowsize_rep2,r3-sub,D01,load,16,1,100,6,0,147375467,712505679,10850,27503,17860971404,7693043701,204324.062,,,1,1.0005111694335938,10640.560870526693,10638.56189234324,,11B/8A4AE2F8,11B/8A413FD8,0.013863,-0.000208,5.0,36.7,0.0,12392257.456774872,0.0,32.983140026994256,728067.8339776878,7293548.760811048,1006.35,1
2026-09-13T01:07:54.192695+00:00,1789261674.1926951,D_rowsize_rep2,r3-sub,D01,load,16,1,100,6,0,147384254,712514464,10850,27503,17860971404,7693124106,204327.409,,,1,1.0008654594421387,8779.401783829855,8777.403513251995,,11B/8AA51F48,11B/8AA51F48,0.147243,0.123128,4.3,36.7,0.0,6376049.787507855,0.0,12.988758756092878,555152.5379941657,5789662.282111153,1006.34,1
2026-09-13T01:07:55.193819+00:00,1789261675.193819,D_rowsize_rep2,r3-sub,D01,load,16,1,100,6,0,147394073,712524281,10850,27503,17860971404,7693214004,204330.226,,,1,1.0011239051818848,9807.976764091032,9805.979009377907,,11B/8B107F60,11B/8B107F60,0.037124,0.015733,6.0,36.7,0.0,12679253.721040491,0.0,66.92478288971374,691038.3384305568,7104176.579129692,1006.34,1
2026-09-13T01:07:56.194832+00:00,1789261676.194832,D_rowsize_rep2,r3-sub,D01,load,16,1,100,6,0,147404938,712535144,10850,27503,17860971404,7693313454,204333.604,,,1,1.0010130405426025,10854.004453439078,10852.006477469738,,11B/8B6B4EA0,11B/8B649FC8,0.020337,-0.000209,4.1,36.7,0.0,9996401.24026349,0.0,27.971663570758782,659067.3380662338,6853708.915001906,1006.34,1
2026-09-13T01:07:57.194932+00:00,1789261677.1949322,D_rowsize_rep2,r3-sub,D01,load,16,1,100,6,0,147415072,712545276,10850,27503,17860971404,7693406221,204336.791,,,1,1.0001001358032227,10132.9853253754,10130.985525626955,,11B/8BCA0D90,11B/8BC8FFC8,0.001082,-0.000193,4.6,36.7,0.0,12794622.800168974,0.0,27.997196478242667,578690.0524067853,5939388.254586476,1006.33,1
2026-09-13T01:07:58.196352+00:00,1789261678.1963527,D_rowsize_rep2,r3-sub,D01,load,16,1,100,6,0,147415074,712545276,10850,27503,17860971404,7693406221,204336.791,,,1,1.001420497894287,1.997163034115491,0.0,,11B/8C325F58,11B/8C325F58,0.068493,0.045429,11.5,36.7,0.0,7231455.732359553,0.0,14.978722755866182,662050.5585756317,6878827.639822468,1006.33,1
2026-09-13T01:07:59.197611+00:00,1789261679.1976116,D_rowsize_rep2,r3-sub,D01,load,16,1,100,6,0,147425681,712555881,10850,27503,17860971404,7693503319,204340.458,,,1,1.0012588500976562,10593.664164831564,10591.666679366337,,11B/8C957FC0,11B/8C957FC0,0.055382,0.048386,5.1,36.7,0.0,12125280.089974627,0.0,26.96605378056493,659997.1625075246,6716042.50923139,1006.33,1
2026-09-13T01:08:00.198740+00:00,1789261680.1987402,D_rowsize_rep2,r3-sub,D01,load,16,1,100,6,0,147435664,712565862,10850,27503,17860971404,7693594678,204343.558,,,1,1.0011286735534668,9971.745154961684,9969.747409763855,,11B/8CFA5FD8,11B/8CFA5FD8,0.023326,0.014233,6.0,36.7,0.0,12196410.23432129,0.0,29.966177967429683,675075.0606324591,6822764.326343319,1006.32,1
2026-09-13T01:08:01.199889+00:00,1789261681.1998892,D_rowsize_rep2,r3-sub,D01,load,16,1,100,6,0,147445805,712576001,10850,27503,17860971404,7693687522,204346.979,,,1,1.0011489391326904,10129.361979632413,10127.364274873587,,11B/8D545FE8,11B/8D545FE8,0.102051,0.079064,4.7,36.7,0.0,6006027.440042123,0.0,16.980490450029684,602397.8815004943,6089147.939647398,1006.32,1
2026-09-13T01:08:02.200891+00:00,1789261682.2008917,D_rowsize_rep2,r3-sub,D01,load,16,1,100,6,0,147456527,712586721,10850,27503,17860971404,7693785664,204351.39,,3207299,1,1.001002550125122,10711.261423519636,10709.263426611686,292537,11B/8DC93FC0,11B/8DC93FC0,0.013417,0.004548,9.2,36.7,0.0,13437791.940009179,0.0,27.97195671129918,751424.6591139855,7928503.278046563,1006.31,1
2026-09-13T01:08:03.201313+00:00,1789261683.2013137,D_rowsize_rep2,r3-sub,D01,load,16,1,100,6,0,147466638,712596826,10850,27503,17860971404,7693938743,204354.653,,,1,1.0004220008850098,10106.734948907002,10100.737479844254,,11B/8E1C49F8,11B/8E10C000,0.006799,-0.000178,4.4,36.7,0.0,10559128.03862277,0.0,25.98903260524004,584834.199450248,5959079.263277054,1006.31,1
2026-09-13T01:08:04.201426+00:00,1789261684.2014267,D_rowsize_rep2,r3-sub,D01,load,16,1,100,6,0,147477163,712607346,10850,27503,17860971404,7694095613,204358.351,,,1,1.0001130104064941,10523.810699874939,10518.811264863123,,11B/8E745FE0,11B/8E745FE0,0.134988,0.127122,5.4,36.7,0.0,6159687.891167542,0.0,11.998644028360976,576105.894038731,5643729.19986898,1006.31,1
2026-09-13T01:08:05.202516+00:00,1789261685.202517,D_rowsize_rep2,r3-sub,D01,load,16,1,100,6,0,147487223,712617403,10850,27503,17860971404,7694187704,204361.868,,,1,1.0010902881622314,10049.043646670289,10046.046913972474,,11B/8ED83FC8,11B/8ED83FC8,0.105278,0.082844,5.4,36.7,0.0,12340081.754941618,0.0,32.964059675956214,649050.3480887866,6766975.04721191,1006.3,1
2026-09-13T01:08:06.203504+00:00,1789261686.2035048,D_rowsize_rep2,r3-sub,D01,load,16,1,100,6,0,147497249,712627428,10850,27503,17860971404,7694279483,204365.776,,,1,1.0009877681732178,10016.106408869757,10015.107395663206,,11B/8F3CBE00,11B/8F311F40,0.022491,-0.000187,5.4,36.7,0.0,11923965.885999275,0.0,28.971382989948427,681805.5341930004,7148254.182024925,1006.3,1
2026-09-13T01:08:07.204951+00:00,1789261687.2049515,D_rowsize_rep2,r3-sub,D01,load,16,1,100,6,0,147507884,712638061,10850,27503,17860971404,7694376832,204369.961,,,1,1.0014467239379883,10619.636317926126,10617.63920719403,,11B/8F973C58,11B/8F94FFE0,0.010930,-0.000182,3.9,36.7,0.0,6351898.556306917,0.0,15.976885856776494,600040.9064568566,6273545.910954554,1006.3,1
2026-09-13T01:08:08.205092+00:00,1789261688.2050927,D_rowsize_rep2,r3-sub,D01,load,16,1,100,6,0,147517897,712648072,10850,27503,17860971404,7694468468,204373.684,,,1,1.0001411437988281,10011.586926588883,10009.587208836643,,11B/8FF85FC0,11B/8FF85FC0,0.124433,0.101611,5.0,36.7,0.0,12183880.320847047,0.0,26.996189655238176,588115.9910748681,6088176.691613809,1006.3,1
2026-09-13T01:08:09.206078+00:00,1789261689.2060783,D_rowsize_rep2,r3-sub,D01,load,16,1,100,6,0,147528674,712658847,10850,27503,17860971404,7694567088,204377.592,,,1,1.0009856224060059,10766.388406354934,10764.390375658757,,11B/9060D658,11B/90529FE8,0.022221,-0.000183,4.6,36.7,0.0,11637553.76625688,0.0,47.952736708271026,710914.3069303393,7245454.717488742,1006.29,1
2026-09-13T01:08:10.207381+00:00,1789261690.2073815,D_rowsize_rep2,r3-sub,D01,load,16,1,100,6,0,147538678,712668849,10850,27503,17860971404,7694658706,204381.442,,,1,1.0013031959533691,9990.979795560233,9988.982398559921,,11B/90B8D260,11B/90B63FF8,0.012893,-0.000176,9.7,36.7,0.0,5154243.011364908,0.0,9.98698500155961,608484.0260795234,6376543.1148162875,1006.29,1
2026-09-13T01:08:11.208145+00:00,1789261691.2081454,D_rowsize_rep2,r3-sub,D01,load,16,1,100,6,0,147548684,712678853,10850,27503,17860971404,7694750298,204385.178,,,1,1.0007638931274414,9998.362319738282,9996.363846358363,,11B/91217FF0,11B/91217FF0,0.050675,0.027234,4.1,36.7,0.0,15409668.660014465,0.0,66.94885822731011,625696.0350989206,6514826.368910315,1006.29,1
2026-09-13T01:08:12.209646+00:00,1789261692.209646,D_rowsize_rep2,r3-sub,D01,load,16,1,100,6,0,147559551,712689718,10850,27503,17860971404,7694849787,204389.762,,,1,1.0015006065368652,10850.717342625978,10848.72033934216,,11B/91865FB8,11B/91865FB8,0.013646,0.004683,6.2,36.7,0.0,11983297.78501061,0.0,35.9460591087269,695691.0414755233,6799967.923683247,1006.28,1
2026-09-13T01:08:13.211478+00:00,1789261693.2113662,D_rowsize_rep2,r3-sub,D01,load,16,1,100,6,0,147569649,712699814,10850,27503,17860971404,7694942253,204393.213,,,1,1.0017201900482178,10080.659350106473,10078.662784578624,,11B/91DE0E10,11B/91D9FF58,0.015539,-0.000182,5.0,36.7,0.0,5360634.689554897,0.0,10.981110403166094,639082.656374516,6719930.442528048,1006.28,1
2026-09-13T01:08:14.212255+00:00,1789261694.2122557,D_rowsize_rep2,r3-sub,D01,load,16,1,100,6,0,147580413,712710576,10850,27503,17860971404,7695040786,204397.255,,,1,1.000889539718628,10754.43350424663,10752.43528174491,,11B/9244BF38,11B/9244BF38,0.062957,0.044052,5.3,36.7,0.0,12154308.260050237,0.0,27.97511502405292,644630.5754992515,6190264.513846121,1006.28,1
2026-09-13T01:08:15.213490+00:00,1789261695.2134905,D_rowsize_rep2,r3-sub,D01,load,16,1,100,6,0,147590561,712720722,10850,27503,17860971404,7695133689,204400.821,,,1,1.001234769821167,10135.485008988011,10133.487475482101,,11B/92A99F28,11B/92A99F28,0.037714,0.019954,5.2,36.7,0.0,12424210.959255699,0.0,29.963002588651985,683096.533016088,6830038.474614137,1006.27,1
2026-09-13T01:08:16.215350+00:00,1789261696.2153506,D_rowsize_rep2,r3-sub,D01,load,16,1,100,6,0,147600689,712730848,10850,27503,17860971404,7695226398,204404.607,,,1,1.0018601417541504,10109.195463417629,10107.19917679373,,11B/92FFFF98,11B/92FFFF98,0.036584,0.031596,4.3,36.7,0.0,5388504.617568429,0.0,10.979576431436998,575343.779013666,5854156.439172167,1006.27,1
2026-09-13T01:08:17.216871+00:00,1789261697.2168717,D_rowsize_rep2,r3-sub,D01,load,16,1,100,6,0,147600691,712730848,10850,27503,17860971404,7695226398,204404.607,,,1,1.001521110534668,1.9969623994568504,0.0,,11B/93669F98,11B/93669F98,0.100296,0.081575,5.6,36.7,0.0,12240708.529304275,0.0,32.949879591038034,677725.105202867,6945581.003566086,1006.27,1
2026-09-13T01:08:18.217494+00:00,1789261698.2174942,D_rowsize_rep2,r3-sub,D01,load,16,1,100,6,0,147611286,712741441,10850,27503,17860971404,7695323340,204408.626,,,1,1.0006225109100342,10588.408600126522,10586.409844373784,,11B/93CCBFF0,11B/93CCBFF0,0.053168,0.043473,6.6,36.7,0.0,12034748.237922378,0.0,28.9819584146927,725875.1348092587,6919348.6299875025,1006.26,1
2026-09-13T01:08:19.218503+00:00,1789261699.2185032,D_rowsize_rep2,r3-sub,D01,load,16,1,100,6,0,147621565,712751718,10850,27503,17860971404,7695417412,204412.398,,,1,1.0010089874267578,10268.639072286149,10266.641088226945,,11B/94315FE8,11B/94315FE8,0.062763,0.046367,5.2,36.7,0.0,10773897.273114247,0.0,25.97379276967019,631145.1824464528,6583553.277519592,1006.26,1
2026-09-13T01:08:20.219497+00:00,1789261700.2194974,D_rowsize_rep2,r3-sub,D01,load,16,1,100,6,0,147632569,712762720,10850,27503,17860971404,7695518113,204416.28,,,1,1.0009942054748535,10993.070628995201,10991.072615431225,,11B/94A3BFD8,11B/94A3BFD8,0.078496,0.069732,5.8,36.7,0.0,7324557.884450398,0.0,21.9781492037345,663507.3373725787,6459161.266505878,1006.25,1
2026-09-13T01:08:21.220166+00:00,1789261701.220167,D_rowsize_rep2,r3-sub,D01,load,16,1,100,6,0,147642633,712772782,10850,27503,17860971404,7695610287,204420.333,,,1,1.0006694793701172,10057.266867312572,10055.268205375505,,11B/94FFFFD0,11B/94FFFFD0,0.048915,0.044244,3.5,36.7,0.0,10990402.152489617,0.0,26.9819361503815,611926.3279474076,6205096.815692314,1006.25,1
2026-09-13T01:08:22.220544+00:00,1789261702.2205443,D_rowsize_rep2,r3-sub,D01,load,16,1,100,6,0,147653464,712783611,10850,27503,17860971404,7695709443,204423.962,,,1,1.0003774166107178,10826.913742910618,10824.91449745906,,11B/95617FF8,11B/95617FF8,0.098010,0.079077,5.1,36.7,0.0,11951713.224902386,0.0,30.988304499144043,663346.6419586609,6589082.170939303,1006.25,1
2026-09-13T01:08:23.221232+00:00,1789261703.221233,D_rowsize_rep2,r3-sub,D01,load,16,1,100,6,0,147663178,712793323,10850,27503,17860971404,7695798377,204427.673,,,1,1.0006885528564453,9707.315999839893,9705.31737599805,,11B/95C1FF70,11B/95C1FF70,0.067457,0.044556,5.4,36.7,0.0,11424069.924021583,0.0,28.9800457067487,657451.3100225102,6518906.388385378,1006.24,1
2026-09-13T01:08:24.221669+00:00,1789261704.2216694,D_rowsize_rep2,r3-sub,D01,load,16,1,100,6,0,147672945,712803088,10850,27503,17860971404,7695887798,204431.292,,,1,1.000436544418335,9762.738131161175,9760.739003869037,,11B/96211FB8,11B/96211FB8,0.031855,0.008853,9.7,36.7,622832.1061205133,6329652.825389078,64.97163699451995,11.994763752834453,623945.6200222347,6429754.126724713,1006.24,1
2026-09-13T01:08:25.221875+00:00,1789261705.2218757,D_rowsize_rep2,r3-sub,D01,load,16,1,100,6,0,147682501,712812642,10850,27503,17860971404,7695975281,204434.567,,,1,1.0002062320709229,9554.02965267907,9552.030065058165,,11B/96731F88,11B/96731F88,0.122312,0.111969,3.3,36.7,0.0,9771040.898000533,0.0,24.994845261299368,564249.6336295392,5702402.981623863,1006.24,1
2026-09-13T01:08:26.222101+00:00,1789261706.2221012,D_rowsize_rep2,r3-sub,D01,load,16,1,100,6,0,147692249,712822388,10850,27503,17860971404,7696064514,204438.206,,,1,1.00022554397583,9745.80189309338,9743.802344079613,,11B/96D49FA0,11B/96D49FA0,0.080493,0.058418,5.4,36.7,0.0,12829874.299141172,0.0,43.9900783028425,613735.5756381622,6463511.193987486,1006.24,1
2026-09-13T01:08:27.222621+00:00,1789261707.2226217,D_rowsize_rep2,r3-sub,D01,load,16,1,100,6,0,147701575,712831712,10850,27503,17860971404,7696149869,204442.234,,,1,1.0005204677581787,9321.148642662303,9319.149683056328,,11B/97311FF8,11B/97311FF8,0.097164,0.081837,5.0,36.7,0.0,6325028.026842452,0.0,15.991676847801507,598146.6839363496,6271826.716409225,1006.23,1
2026-09-13T01:08:28.223739+00:00,1789261708.2237394,D_rowsize_rep2,r3-sub,D01,load,16,1,100,6,0,147711386,712841521,10850,27503,17860971404,7696239643,204445.154,,,1,1.0011177062988281,9800.046426380426,9798.04865929728,,11B/9791FF40,11B/9791FF40,0.063715,0.041990,4.6,36.7,0.0,11038670.009000255,0.0,64.92743020229616,620462.5051498074,6555395.99260775,1006.23,1
2026-09-13T01:08:29.225472+00:00,1789261709.2254722,D_rowsize_rep2,r3-sub,D01,load,16,1,100,6,0,147721151,712851284,10850,27503,17860971404,7696329071,204448.607,,,1,1.0017328262329102,9748.108222351062,9746.111682008543,,11B/97F36000,11B/97F36000,0.036537,0.013836,5.4,36.7,0.0,11060514.051102778,0.0,30.946375309050993,651868.4252922478,6593409.766592124,1006.23,1
2026-09-13T01:08:30.226312+00:00,1789261710.2263124,D_rowsize_rep2,r3-sub,D01,load,16,1,100,6,0,147730810,712860941,10850,27503,17860971404,7696417470,204452.961,,,1,1.000840187072754,9650.891445766716,9648.893124730217,,11B/9851DFE0,11B/9851DFE0,0.054215,0.031989,5.4,36.7,0.0,12015760.513347378,0.0,27.976494510970912,617954.802363508,6389326.7702440405,1006.22,1
2026-09-13T01:08:31.226548+00:00,1789261711.2265482,D_rowsize_rep2,r3-sub,D01,load,16,1,100,6,0,147740554,712870683,10850,27503,17860971404,7696506679,204456.249,,,1,1.0002357959747314,9741.702945658384,9739.70341713916,,11B/98912B60,11B/98912B60,0.140676,0.140148,2.7,36.7,0.0,4353021.575034687,0.0,8.997878336507128,430686.44586969254,4297749.607942044,1006.22,1
2026-09-13T01:08:32.227532+00:00,1789261712.2275329,D_rowsize_rep2,r3-sub,D01,load,16,1,100,6,0,147741940,712872067,10850,27503,17860971404,7696519350,204456.7,,3484237,1,1.0009846687316895,1384.6365916434556,1382.6385590436814,276938,11B/98912B60,11B/98912B60,1.274416,1.273888,5.0,36.7,0.0,3146725.5177754373,0.0,17.982293397966956,368.6370146583226,245.75800977221508,1006.22,1
2026-09-13T01:08:33.228528+00:00,1789261713.2285285,D_rowsize_rep2,r3-sub,D01,load,16,1,100,6,0,147741946,712872067,10850,27503,17860971404,7696541578,204456.7,,,1,1.0009956359863281,5.994032125912235,0.0,,11B/98912B60,11B/98912B60,2.142902,2.142374,0.2,36.7,0.0,32735.407450315353,0.0,4.995026771593529,0.0,0.0,1006.22,1
2026-09-13T01:08:34.229807+00:00,1789261714.2298071,D_rowsize_rep2,r3-sub,D01,drain,0,0,0,0,0,147741951,712872067,10850,27503,17860971404,7696557265,204456.7,,,1,1.0012786388397217,4.9936149699488075,0.0,,11B/98912B60,11B/98912B60,3.144147,3.143619,0.6,36.7,0.0,57270.77136734889,0.0,4.9936149699488075,617.2108102856727,3265.8241903465205,1006.22,1
2026-09-13T01:08:35.230070+00:00,1789261715.2300708,D_rowsize_rep2,r3-sub,D01,drain,0,0,0,0,0,147741953,712872067,10850,27503,17860971404,7696557265,204456.7,,,1,1.0002636909484863,1.9994727571321993,0.0,,11B/98912B60,11B/98912B60,4.144258,4.143730,0.4,36.7,0.0,0.0,0.0,0.0,0.0,0.0,1006.22,1
2026-09-13T01:08:36.230956+00:00,1789261716.2309566,D_rowsize_rep2,r3-sub,D01,drain,0,0,0,0,0,147741955,712872067,10850,27503,17860971404,7696557265,204456.7,,,1,1.0008857250213623,1.998230117586414,0.0,,11B/98912B60,11B/98912B60,5.145372,5.144844,6.3,36.7,0.0,16369.501123267903,0.0,2.997345176379621,116.89646187880521,65.94159388035166,1006.22,1
2026-09-13T01:08:37.231422+00:00,1789261717.2314224,D_rowsize_rep2,r3-sub,D01,drain,0,0,0,0,0,147741957,712872067,10850,27503,17860971404,7696557265,204456.7,,,1,1.0004658699035645,1.9990686940602793,0.0,,11B/98912B60,11B/98912B60,6.145532,6.145004,0.0,36.7,0.0,45035.01953978997,0.0,7.996274776241117,410.8086166293874,3112.549956651855,1006.22,1
2026-09-13T01:08:38.231579+00:00,1789261718.2315795,D_rowsize_rep2,r3-sub,D01,drain,0,0,0,0,0,147741959,712872067,10850,27503,17860971404,7696557265,204456.7,,,1,1.000157117843628,1.9996858136770217,0.0,,11B/98912B60,11B/98912B60,7.145744,7.145216,0.6,36.7,0.0,0.0,0.0,0.0,2604.590772314321,314.9505156541309,1006.22,1
2026-09-13T01:08:39.232459+00:00,1789261719.2324595,D_rowsize_rep2,r3-sub,D01,drain,0,0,0,0,0,147741961,712872067,10850,27503,17860971404,7696557265,204456.7,,,1,1.0008800029754639,1.9982415414977865,0.0,,11B/98912B60,11B/98912B60,8.146755,8.146227,0.0,36.7,0.0,90032.77089372427,0.0,3.996483082995573,173.8470141103074,119.89449248986719,1006.22,1
2026-09-13T01:08:40.232673+00:00,1789261720.2326736,D_rowsize_rep2,r3-sub,D01,drain,0,0,0,0,0,147741963,712872067,10850,27503,17860971404,7696557265,204456.7,,,1,1.0002140998840332,1.9995718918898304,0.0,,11B/98912B60,11B/98912B60,9.146750,9.146222,0.4,36.7,0.0,16380.49293836149,0.0,2.9993578378347454,461.9011070265508,3119.3321513481355,1006.22,1
2026-09-13T01:08:41.233394+00:00,1789261721.233394,D_rowsize_rep2,r3-sub,D01,drain,0,0,0,0,0,147741967,712872067,10857,27503,17860971404,7696557554,204456.7,,,1,1.0007202625274658,3.9971210235090204,0.0,,11B/98914380,11B/98914380,0.154997,0.000494,3.3,36.7,0.0,122791.55784219711,0.0,12.990643326404317,3803.2606538688333,19377.043441715854,1007.41,1
2026-09-13T01:08:42.234153+00:00,1789261722.234153,D_rowsize_rep2,r3-sub,D01,drain,0,0,0,0,0,147741968,712872067,10857,27503,17860971404,7696557554,204456.7,,,1,1.0007591247558594,0.9992414510774063,0.0,,11B/98914D18,11B/98914D18,0.786681,0.786316,1.4,36.7,0.0,8185.785967226112,0.0,0.9992414510774063,302.7701596764541,399.6965804309625,1007.41,1
2026-09-13T01:08:43.234534+00:00,1789261723.2345347,D_rowsize_rep2,r3-sub,D06,drain,0,0,0,0,0,147741972,712872067,10857,27503,17860971404,7696558302,204456.7,,,1,1.0003817081451416,3.9984737500014895,0.0,,11B/98914D18,11B/98914D18,1.786936,1.786571,0.4,36.7,0.0,462671.39456017234,0.0,33.98702687501266,410.84317781265304,3112.8118143761594,1007.41,1
2026-09-13T01:08:44.235650+00:00,1789261724.2356503,D_rowsize_rep2,r3-sub,D06,drain,0,0,0,0,0,147741976,712872067,10857,27503,17860971404,7696558302,204456.7,,,1,1.0011155605316162,3.995542730227772,0.0,,11B/98914D18,11B/98914D18,2.788005,2.787640,0.4,36.7,0.0,180023.17325314248,0.0,32.963227524379114,116.86962485916233,65.92645504875823,1007.41,1
2026-09-13T01:08:45.236507+00:00,1789261725.236508,D_rowsize_rep2,r3-sub,D06,drain,0,0,0,0,0,147741978,712872067,10857,27503,17860971404,7696558302,204456.7,,,1,1.0008575916290283,1.9982862864083741,0.0,,11B/98914D18,11B/98914D18,3.789011,3.788646,0.0,36.7,0.0,0.0,0.0,0.0,65.94344745147635,59.94858859225122,1007.41,1
2026-09-13T01:08:46.236936+00:00,1789261726.2369363,D_rowsize_rep2,r3-sub,D06,drain,0,0,0,0,0,147741980,712872067,10857,27503,17860971404,7696558302,204456.7,,,1,1.0004284381866455,1.9991434905880483,0.0,,11B/98914D18,11B/98914D18,4.789172,4.788807,0.8,36.7,0.0,16376.983474897292,0.0,2.9987152358820723,461.80214632583915,3118.6638453173555,1007.41,1
2026-09-13T01:08:47.237051+00:00,1789261727.2370512,D_rowsize_rep2,r3-sub,D06,drain,0,0,0,0,0,147741982,712872067,10857,27503,17860971404,7696558302,204456.7,,,1,1.000114917755127,1.999770190898892,0.0,,11B/98914D18,11B/98914D18,5.789330,5.788965,0.0,36.7,0.0,28668.70545672652,0.0,3.999540381797784,65.99241629966343,59.99310572696676,1007.41,1
2026-09-13T01:08:48.237197+00:00,1789261728.2371972,D_rowsize_rep2,r3-sub,D06,drain,0,0,0,0,0,147741984,712872067,10857,27503,17860971404,7696558302,204456.7,,,1,1.0001459121704102,1.9997082182336905,0.0,,11B/98914D18,11B/98914D18,6.789466,6.789101,5.2,36.7,0.0,16381.609723770393,0.0,3.999416436467381,182.97330196838269,125.9816177487225,1007.41,1
2026-09-13T01:08:49.238197+00:00,1789261729.2381978,D_rowsize_rep2,r3-sub,D06,drain,0,0,0,0,0,147741986,712872067,10857,27503,17860971404,7696558302,204456.7,,,1,1.0010006427764893,1.9980007150170978,0.0,,11B/98914D18,11B/98914D18,7.790483,7.790118,0.0,36.7,0.0,45010.96010790518,0.0,5.994002145051294,344.6551233404494,3050.947091831108,1007.41,1
2026-09-13T01:08:50.238559+00:00,1789261730.2385595,D_rowsize_rep2,r3-sub,D06,drain,0,0,0,0,0,147741988,712872067,10857,27503,17860971404,7696558302,204456.7,,,1,1.000361680984497,1.999276899562684,0.0,,11B/98914D18,11B/98914D18,8.790797,8.790432,1.0,36.7,0.0,20472.595451521884,0.0,2.998915349344026,116.957698624417,65.97613768556857,1007.41,1
2026-09-13T01:08:51.238832+00:00,1789261731.2388322,D_rowsize_rep2,r3-sub,D06,drain,0,0,0,0,0,147741990,712872067,10857,27503,17860971404,7696558302,204456.7,,,1,1.0002727508544922,1.9994546470365024,0.0,,11B/98914D18,11B/98914D18,9.791144,9.790779,0.0,36.7,0.0,81897.66234261513,0.0,3.998909294073005,65.98200335220459,59.98363941109507,1007.41,1
2026-09-13T01:08:52.238992+00:00,1789261732.2389922,D_rowsize_rep2,r3-sub,D06,drain,0,0,0,0,0,147741992,712872067,10857,27503,17860971404,7696558302,204456.7,,,1,1.0001599788665771,1.9996800934451338,0.0,,11B/98914D18,11B/98914D18,10.791252,10.790887,0.4,36.7,0.0,57334.827639258874,0.0,8.998560420503102,554.9112259310247,3179.491348577763,1007.41,1
2026-09-13T01:08:53.240116+00:00,1789261733.2401166,D_rowsize_rep2,r3-sub,D06,drain,0,0,0,0,0,147741994,712872067,10857,27503,17860971404,7696558302,204456.7,,,1,1.001124382019043,1.9977537615919905,0.0,,11B/98914D18,11B/98914D18,11.792436,11.792071,0.0,36.7,0.0,114559.1917047311,0.0,6.9921381655719665,2551.131553552972,308.6529561659625,1007.41,1
2026-09-13T01:08:54.240263+00:00,1789261734.2402635,D_rowsize_rep2,r3-sub,D06,drain,0,0,0,0,0,147741996,712872067,10857,27503,17860971404,7696558302,204456.7,,,1,1.0001468658447266,1.9997063114433649,0.0,,11B/98914D18,11B/98914D18,12.792515,12.792150,1.0,36.7,0.0,24572.391155016066,0.0,3.9994126228867297,116.98281921943685,65.99030827763104,1007.41,1
2026-09-13T01:08:55.242159+00:00,1789261735.2421591,D_rowsize_rep2,r3-sub,D06,drain,0,0,0,0,0,147741998,712872067,10857,27503,17860971404,7696558302,204456.7,,,1,1.0018956661224365,1.9962158412566586,0.0,,11B/98914D18,11B/98914D18,13.794414,13.794049,0.0,36.7,0.0,0.0,0.0,0.0,410.2223553782433,3108.1080648366174,1007.41,1
2026-09-13T01:08:56.243408+00:00,1789261736.2434087,D_rowsize_rep2,r3-sub,D06,drain,0,0,0,0,0,147742000,712872067,10857,27503,17860971404,7696558302,204456.7,,,1,1.0012495517730713,1.997504015315945,0.0,,11B/98914D18,11B/98914D18,14.795633,14.795268,0.8,36.7,0.0,28636.217563569386,0.0,3.99500803063189,3597.504731584017,18624.727438805872,1007.41,1
2026-09-13T01:08:57.244241+00:00,1789261737.244242,D_rowsize_rep2,r3-sub,D06,drain,0,0,0,0,0,147742002,712872067,10857,27503,17860971404,7696558302,204456.7,,,1,1.00083327293396,1.9983348416634528,0.0,,11B/98914D18,11B/98914D18,15.796509,15.796144,0.2,36.7,0.0,61388.84633590127,0.0,7.993339366653811,65.94504977489395,59.95004524990358,1007.41,1
2026-09-13T01:08:58.245120+00:00,1789261738.24512,D_rowsize_rep2,r3-sub,D06,drain,0,0,0,0,0,147742004,712872067,10857,27503,17860971404,7696558302,204456.7,,,1,1.000878095626831,1.998245349497271,0.0,,11B/98914D18,11B/98914D18,16.797403,16.797038,0.6,36.7,0.0,32739.251806163287,0.0,4.995613373743177,461.59467573386956,3117.2627452157426,1007.41,1
2026-09-13T01:08:59.245270+00:00,1789261739.2452705,D_rowsize_rep2,r3-sub,D06,drain,0,0,0,0,0,147742006,712872067,10857,27503,17860971404,7696558302,204456.7,,,1,1.000150442123413,1.99969916101203,0.0,,11B/98914D18,11B/98914D18,17.797534,17.797169,0.2,36.7,0.0,0.0,0.0,0.0,65.990072313397,59.9909748303609,1007.41,1
2026-09-13T01:09:00.245333+00:00,1789261740.2453337,D_rowsize_rep2,r3-sub,D06,drain,0,0,0,0,0,147742008,712872067,10857,27503,17860971404,7696558302,204456.7,,,1,1.000063180923462,1.9998736461362299,0.0,,11B/98914D18,11B/98914D18,18.797575,18.797210,0.6,36.7,0.0,16382.964909147995,0.0,2.999810469204345,116.99260829896946,65.99583032249559,1007.41,1
2026-09-13T01:09:01.246519+00:00,1789261741.2465193,D_rowsize_rep2,r3-sub,D06,drain,0,0,0,0,0,147742010,712872067,10857,27503,17860971404,7696558302,204456.7,,,1,1.001185655593872,1.9976314970410383,0.0,,11B/98914D18,11B/98914D18,19.798785,19.798420,0.0,36.7,0.0,233195.51043858266,0.0,34.95855119821817,706.162734204007,3315.069469339603,1007.41,1
2026-09-13T01:09:02.246939+00:00,1789261742.2469397,D_rowsize_rep2,r3-sub,D06,drain,0,0,0,0,0,147742012,712872067,10857,27503,17860971404,7696558302,204456.7,,0,1,1.000420331954956,1.9991596892995274,0.0,,11B/98914D18,11B/98914D18,20.799679,20.799314,6.7,36.7,0.0,8188.558087370864,0.0,0.9995798446497637,209.91176737645037,125.94706042587022,1007.41,1
2026-09-13T01:09:03.247492+00:00,1789261743.2474926,D_rowsize_rep2,r3-sub,D06,drain,0,0,0,0,0,147742014,712872067,10857,27503,17860971404,7696558302,204456.7,,,1,1.0005528926849365,1.998894825672928,0.0,,11B/98914D50,11B/98914D50,0.985305,0.984983,0.0,36.7,0.0,155561.99091316995,0.0,6.996131889855248,158.91213864099777,196.8911403287834,1007.41,1
2026-09-13T01:09:04.248163+00:00,1789261744.248163,D_rowsize_rep2,r3-sub,D06,drain,0,0,0,0,0,147742019,712872067,10857,27503,17860971408,7696558346,204456.7,,,1,1.0006704330444336,4.996650080674444,0.0,,11B/98914D50,11B/98914D50,1.985878,1.985556,0.6,36.7,0.0,45025.81320697355,0.0,4.996650080674444,1118.2502880549405,3441.692575568557,1007.41,1
2026-09-13T01:09:05.250121+00:00,1789261745.250121,D_rowsize_rep2,r3-sub,D06,drain,0,0,0,0,0,147742021,712872067,10857,27503,17860971408,7696558346,204456.7,,,1,1.0019581317901611,1.9960913899931874,0.0,,11B/98914D50,11B/98914D50,2.987962,2.987640,0.4,36.7,0.0,0.0,0.0,0.0,0.0,0.0,1007.41,1
2026-09-13T01:09:06.250321+00:00,1789261746.2503216,D_rowsize_rep2,r3-sub,D06,drain,0,0,0,0,0,147742023,712872067,10857,27503,17860971408,7696558346,204456.7,,,1,1.0002005100250244,1.999599060342372,0.0,,11B/98914D50,11B/98914D50,3.988330,3.988008,0.6,36.7,0.0,20475.89437790589,0.0,2.999398590513558,116.97654503002876,65.98676899129828,1007.41,1
2026-09-13T01:09:07.251456+00:00,1789261747.2514567,D_rowsize_rep2,r3-sub,D06,drain,0,0,0,0,0,147742025,712872067,10857,27503,17860971408,7696558346,204456.7,,,1,1.0011351108551025,1.9977323523212906,0.0,,11B/98914D50,11B/98914D50,4.989208,4.988886,0.0,36.7,0.0,28639.49100287802,0.0,3.9954647046425813,410.5339984020252,3110.4692725642494,1007.41,1
2026-09-13T01:09:08.251877+00:00,1789261748.251877,D_rowsize_rep2,r3-sub,D06,drain,0,0,0,0,0,147742027,712872067,10857,27503,17860971408,7696558346,204456.7,,,1,1.000420331954956,1.9991596892995274,0.0,,11B/98914D50,11B/98914D50,5.989701,5.989379,1.9,36.7,0.0,8188.558087370864,0.0,1.9991596892995274,2603.9054953126342,314.86765106467556,1007.41,1
2026-09-13T01:09:09.252871+00:00,1789261749.252872,D_rowsize_rep2,r3-sub,D06,drain,0,0,0,0,0,147742029,712872067,10857,27503,17860971408,7696558346,204456.7,,,1,1.0009949207305908,1.9980121363056176,0.0,,11B/98914D50,11B/98914D50,6.990875,6.990553,0.0,36.7,0.0,28643.501986077332,0.0,3.996024272611235,65.93440049808538,59.940364089168526,1007.41,1
2026-09-13T01:09:10.253196+00:00,1789261750.2531962,D_rowsize_rep2,r3-sub,D06,drain,0,0,0,0,0,147742031,712872067,10857,27503,17860971408,7696558346,204456.7,,,1,1.0003242492675781,1.9993517116718593,0.0,,11B/98914D50,11B/98914D50,7.990975,7.990653,0.4,36.7,0.0,85988.11841558333,0.0,5.998055135015578,786.7448985428766,3329.920275789482,1007.41,1
2026-09-13T01:09:11.253337+00:00,1789261751.2533376,D_rowsize_rep2,r3-sub,D06,drain,0,0,0,0,0,147742033,712872067,10857,27503,17860971408,7696558346,204456.7,,,1,1.0001413822174072,1.999717275537397,0.0,,11B/98914D50,11B/98914D50,8.991198,8.990876,0.2,36.7,0.0,0.0,0.0,0.0,3550.4980227166484,18639.36472528408,1007.41,1
2026-09-13T01:09:12.253594+00:00,1789261752.2535946,D_rowsize_rep2,r3-sub,D06,drain,0,0,0,0,0,147742037,712872067,10857,27503,17860971408,7696558587,204456.7,,,1,1.0002570152282715,3.9989722032463315,0.0,,11B/98914D50,11B/98914D50,9.991631,9.991309,1.0,36.7,0.0,24569.68521674546,0.0,4.998715254057914,1305.6644243599271,895.7697735271782,1007.41,1
2026-09-13T01:09:13.254801+00:00,1789261753.2548008,D_rowsize_rep2,r3-sub,D06,load,16,1,250000,6,0,147742051,712873591,10857,27503,17860971409,7696563618,204458.182,,,1,1.0012061595916748,13.983134108673148,1522.16402725842,,11B/98FFFA70,11B/98FFFA70,0.048380,0.046877,0.6,36.7,0.0,10620406.095320648,0.0,40.95060703254279,7128.402009542876,6544233.609861305,1007.4,1
2026-09-13T01:09:14.254924+00:00,1789261754.254924,D_rowsize_rep2,r3-sub,D06,load,16,1,250000,6,0,147742072,712876004,10857,27503,17860971409,7696572138,204460.218,,,1,1.0001232624053955,20.9974118085134,2412.7026044734685,,11B/99669E00,11B/99669E00,0.032976,0.027662,7.8,36.7,0.0,14944461.909677671,0.0,22.997165314086107,6197.236113769813,6295843.959129603,1007.39,1
2026-09-13T01:09:15.255625+00:00,1789261755.2556252,D_rowsize_rep2,r3-sub,D06,load,16,1,250000,6,0,147742108,712880322,10857,27503,17860971409,7696587382,204463.673,,,1,1.0007011890411377,35.97477488209528,4314.9743872468725,,11B/99E97D40,11B/99E97D40,0.047481,0.045362,0.4,36.8,0.0,8620131.658148142,0.0,16.988088138767214,8232.227652186137,8053822.747750012,1007.39,1
2026-09-13T01:09:16.256865+00:00,1789261756.256865,D_rowsize_rep2,r3-sub,D06,load,16,1,250000,6,0,147742145,712884767,10857,27503,17860971409,7696603075,204467.235,,,1,1.0012397766113281,36.954185065664895,4439.496016672445,,11B/9A6C7928,11B/9A6C7928,0.018770,0.013392,1.4,36.8,0.0,16985533.732547462,0.0,17.977711653566708,9009.829823712515,8052812.311640613,1007.38,1
2026-09-13T01:09:17.258421+00:00,1789261757.2584212,D_rowsize_rep2,r3-sub,D06,load,16,1,250000,6,0,147742176,712888450,10857,27503,17860971409,7696616079,204470.228,,,1,1.001556158065796,30.951834053786026,3677.27757484174,,11B/9ADF48D8,11B/9ADF48D8,0.128185,0.126537,0.8,36.7,0.0,16992437.081977352,0.0,20.967371455790534,7416.458817791051,7292542.650933589,1007.37,1
2026-09-13T01:09:18.258487+00:00,1789261758.2584877,D_rowsize_rep2,r3-sub,D06,load,16,1,250000,6,0,147742210,712892514,10857,27503,17860971409,7696630427,204473.609,,,1,1.0000665187835693,33.99773851179009,4063.7296856445564,,11B/9B623CA0,11B/9B623CA0,0.049987,0.045498,2.1,36.8,0.0,8670655.238560783,0.0,14.999002284613274,9182.389198640247,8059032.922933221,1007.36,1
2026-09-13T01:09:19.259842+00:00,1789261759.2598422,D_rowsize_rep2,r3-sub,D06,load,16,1,250000,6,0,147742242,712896324,10857,27503,17860971409,7696643879,204476.842,,,1,1.001354455947876,31.956716035890604,3804.846503023225,,11B/9BEB7AC0,11B/9BEB7AC0,0.061464,0.059239,1.5,36.8,0.0,12852224.22845034,0.0,19.972947522431628,9077.704648945175,7800910.011036706,1007.36,1
2026-09-13T01:09:20.260846+00:00,1789261760.2608464,D_rowsize_rep2,r3-sub,D06,load,16,1,250000,6,0,147742274,712900134,10857,27503,17860971409,7696657329,204479.859,,,1,1.0010042190551758,31.96789722844929,3806.1777637622436,,11B/9C393EB0,11B/9C393EB0,0.073800,0.072490,2.9,36.8,0.0,12693045.401939161,0.0,15.983948614224644,5409.567609126653,4529161.729487276,1007.35,1
2026-09-13T01:09:21.261121+00:00,1789261761.261121,D_rowsize_rep2,r3-sub,D06,load,16,1,250000,6,0,147742294,712902420,10857,27503,17860971409,7696665401,204481.692,,,1,1.000274658203125,19.994508344265796,2285.3723037495806,,11B/9CB00738,11B/9CB00738,0.010008,0.008570,0.8,36.8,0.0,17006017.1578851,0.0,24.993135430332245,8301.719864539158,7805419.177594044,1007.34,1
2026-09-13T01:09:22.262275+00:00,1789261762.262275,D_rowsize_rep2,r3-sub,D06,load,16,1,250000,6,0,147742329,712906611,10857,27503,17860971409,7696680196,204485.385,,,1,1.0011539459228516,34.95965844467349,4186.169386903616,,11B/9CFFFFE8,11B/9CFFFFE8,0.070383,0.068373,0.8,36.8,0.0,4721335.833764215,0.0,19.976947682670563,6035.035894934777,4783314.3139497,1007.34,1
2026-09-13T01:09:23.263494+00:00,1789261763.2634943,D_rowsize_rep2,r3-sub,D06,load,16,1,250000,6,0,147742347,712908643,10857,27503,17860971409,7696687369,204487.035,,,1,1.0012192726135254,17.97807981963215,2029.5254551940293,,11B/9D749910,11B/9D749910,0.020121,0.019105,1.2,36.8,0.0,16859060.209596664,0.0,28.964684153851795,10775.86128744507,7044886.362992205,1007.33,1
2026-09-13T01:09:24.264787+00:00,1789261764.2647874,D_rowsize_rep2,r3-sub,D06,load,16,1,250000,6,0,147742377,712912199,10857,27503,17860971409,7696699925,204490.099,,,1,1.0012931823730469,29.961254633633416,3551.4073825733476,,11B/9DBA3FD0,11B/9DBA3FD0,0.128968,0.127955,1.4,36.8,0.0,12959369.172220677,0.0,16.97804429239227,4898.665132599063,4276240.041755085,1007.33,1
2026-09-13T01:09:25.266221+00:00,1789261765.266221,D_rowsize_rep2,r3-sub,D06,load,16,1,250000,6,0,147742398,712914612,10857,27503,17860971409,7696708444,204492.258,,,1,1.0014336109161377,20.96993726902041,2409.5456490545835,,11B/9E34FD80,11B/9E34FD80,0.128822,0.125628,0.6,36.8,0.0,16237841.253524436,0.0,20.96993726902041,7881.700707827528,7548095.967225331,1007.32,1
2026-09-13T01:09:26.266895+00:00,1789261766.2668955,D_rowsize_rep2,r3-sub,D06,load,16,1,250000,6,0,147742429,712918295,10857,27503,17860971409,7696721447,204495.224,,,1,1.0006744861602783,30.97910502240458,3680.517541855357,,11B/9E7A9898,11B/9E7A9898,0.043767,0.042488,3.9,36.8,0.0,5059243.610203441,0.0,9.993259684646638,8258.429803391982,4549261.5860207435,1007.32,1
2026-09-13T01:09:27.267039+00:00,1789261767.2670398,D_rowsize_rep2,r3-sub,D06,load,16,1,250000,6,0,147742451,712920835,10857,27503,17860971409,7696730415,204497.459,,,1,1.0001442432403564,21.996827106380614,2539.6336750093983,,11B/9EE0DA18,11B/9EE0DA18,0.028236,0.025735,0.4,36.8,0.0,14870431.040841172,0.0,17.997403996129595,6053.12687736492,6043875.211855132,1007.31,1
2026-09-13T01:09:28.267997+00:00,1789261768.2679973,D_rowsize_rep2,r3-sub,D06,load,16,1,250000,6,0,147742481,712924391,10857,27503,17860971409,7696742988,204500.501,,,1,1.0009574890136719,29.97130280683702,3552.5984260370815,,11B/9F3F1FD8,11B/9F3F1FD8,0.022703,0.020478,1.2,36.8,0.0,5696177.972171726,0.0,14.98565140341851,6980.316423712342,5790567.5951447245,1007.3,1
2026-09-13T01:09:29.269209+00:00,1789261769.2692091,D_rowsize_rep2,r3-sub,D06,load,16,1,250000,6,0,147742502,712926804,10857,27503,17860971409,7696751566,204502.62,,,1,1.0012118816375732,20.974581290078767,2410.0792691885745,,11B/9F849FC8,11B/9F849FC8,0.122567,0.121516,0.4,36.8,0.0,13328615.29586866,0.0,15.980633363869536,4917.041128145608,4276566.307819689,1007.3,1
2026-09-13T01:09:30.270814+00:00,1789261770.270815,D_rowsize_rep2,r3-sub,D06,load,16,1,250000,6,0,147742520,712928836,10857,27503,17860971409,7696758787,204504.446,,,1,1.001605749130249,17.971142852994223,2028.7423487380145,,11B/9FFFFE78,11B/9FFFFE78,0.140560,0.137111,1.4,36.8,0.0,16881181.05819822,0.0,21.964730153659605,8855.779839225486,7795556.29226389,1007.29,1
2026-09-13T01:09:31.271817+00:00,1789261771.2718177,D_rowsize_rep2,r3-sub,D06,load,16,1,250000,6,0,147742555,712933027,10857,27503,17860971409,7696773684,204507.974,,,1,1.0010027885437012,34.96493756118242,4186.801523397587,,11B/A0491C60,11B/A0491C60,0.066065,0.065763,0.2,36.8,192319.14456509572,13044966.656883514,2.9969946481013503,19.97996432067567,6510.471373892166,4282466.591563198,1007.29,1
2026-09-13T01:09:32.273169+00:00,1789261772.273098,D_rowsize_rep2,r3-sub,D06,load,16,1,250000,6,0,147742572,712934932,10857,27503,17860971409,7696780457,204509.59,,508,1,1.0012803077697754,16.978262598477883,1902.564132358845,508,11B/A0BFDF98,11B/A0BFDF98,0.158028,0.153177,2.5,36.8,0.0,7277466.602963944,0.0,12.983377281188968,7957.811552039516,7043540.100882116,1007.28,1
2026-09-13T01:09:33.273794+00:00,1789261773.2737944,D_rowsize_rep2,r3-sub,D06,load,16,1,250000,6,0,147742606,712938996,10857,27503,17860971409,7696794899,204513.15,,,1,1.0006964206695557,33.97633817581855,4061.171716074311,,11B/A115DF58,11B/A115DF58,0.021086,0.019005,0.4,36.8,0.0,13953546.461830376,0.0,23.983297535871916,5830.939213408859,5537190.785885436,1007.28,1
2026-09-13T01:09:34.275440+00:00,1789261774.2754402,D_rowsize_rep2,r3-sub,D06,load,16,1,250000,6,0,147742611,712938996,10857,27503,17860971409,7696794964,204513.15,,,1,1.001645803451538,4.991784503834255,0.0,,11B/A1845C70,11B/A1845C70,0.160505,0.158375,1.2,36.8,0.0,16177151.588080283,0.0,16.97206731303647,7071.361928131606,6540810.112141582,1007.27,1
2026-09-13T01:09:35.276813+00:00,1789261775.2768133,D_rowsize_rep2,r3-sub,D06,load,16,1,250000,6,0,147742661,712945092,10857,27503,17860971409,7696816632,204518.751,,,1,1.001373052597046,49.93144150456791,6087.641348236919,,11B/A1D21CF0,11B/A1D21CF0,0.095816,0.094824,0.6,36.8,0.0,5391125.7008554395,0.0,9.986288300913582,5290.735541824016,5030378.026386747,1007.27,1
2026-09-13T01:09:36.277805+00:00,1789261776.2778053,D_rowsize_rep2,r3-sub,D06,load,16,1,250000,6,0,147742676,712946743,10857,27503,17860971409,7696822498,204520.157,,,1,1.0009920597076416,14.985133852491327,1649.3637326975454,,11B/A250F850,11B/A250F850,0.146608,0.144253,1.2,36.8,0.0,18929316.9873237,0.0,87.91278526794912,8358.707662919662,7799821.111748222,1007.26,1
2026-09-13T01:09:37.278941+00:00,1789261777.2789416,D_rowsize_rep2,r3-sub,D06,load,16,1,250000,6,0,147742713,712951188,10857,27503,17860971409,7696838298,204524.183,,,1,1.001136302947998,36.95800451052257,4439.954866196563,,11B/A2969A48,11B/A2969A48,0.082204,0.081126,0.4,36.8,0.0,12981856.677986316,0.0,18.978434748646723,5474.778992491195,4280203.392267335,1007.25,1
2026-09-13T01:09:38.279952+00:00,1789261778.2799523,D_rowsize_rep2,r3-sub,D06,load,16,1,250000,6,0,147742728,712952839,10857,27503,17860971409,7696844164,204525.655,,,1,1.0010106563568115,14.98485546057287,1649.3330910270538,,11B/A3117D10,11B/A3117D10,0.095056,0.090091,4.5,36.8,0.0,16306080.156435221,0.0,23.975768736916592,10814.07069071342,7297004.23628292,1007.25,1
2026-09-13T01:09:39.280339+00:00,1789261779.2803397,D_rowsize_rep2,r3-sub,D06,load,16,1,250000,6,0,147742766,712957411,10857,27503,17860971409,7696860413,204530.005,,,1,1.00038743019104,37.98528335441329,4570.22935516783,,11B/A35B1CC0,11B/A35B1CC0,0.038883,0.038596,0.4,36.8,0.0,5118017.1256472645,0.0,7.99690175882385,5700.791341321552,4783592.69176957,1007.24,1
2026-09-13T01:09:40.281512+00:00,1789261780.2815123,D_rowsize_rep2,r3-sub,D06,load,16,1,250000,6,0,147742783,712959316,10857,27503,17860971409,7696867186,204531.68,,,1,1.0011725425720215,16.98009012145583,1902.768922433727,,11B/A3D1BFF8,11B/A3D1BFF8,0.102035,0.096394,1.6,36.8,0.0,15665215.867495455,0.0,19.976576613477448,8578.94082665789,7298568.118166651,1007.24,1
2026-09-13T01:09:41.283355+00:00,1789261781.2833555,D_rowsize_rep2,r3-sub,D06,load,16,1,250000,6,0,147742801,712961348,10857,27503,17860971409,7696874408,204533.45,,,1,1.0018432140350342,17.966883188740695,2028.2614799733938,,11B/A41B78D8,11B/A41B78D8,0.171908,0.170336,0.2,36.8,0.0,13745416.255839849,0.0,17.966883188740695,7587.015506534334,4543845.719796241,1007.23,1
2026-09-13T01:09:42.284008+00:00,1789261782.2840087,D_rowsize_rep2,r3-sub,D06,load,16,1,250000,6,0,147742836,712965539,10857,27503,17860971409,7696889303,204537.458,,,1,1.0006532669067383,34.9771505850308,4188.263945767545,,11B/A49A6000,11B/A49A6000,0.028462,0.023152,2.1,36.8,0.0,7826439.246242831,0.0,14.990207393584628,8886.194942916967,7550963.205623767,1007.22,1
2026-09-13T01:09:43.285021+00:00,1789261783.285022,D_rowsize_rep2,r3-sub,D06,load,16,1,250000,6,0,147742853,712967444,10857,27503,17860971409,7696896074,204539.297,,,1,1.0010132789611816,16.98279169447386,1903.071657527806,,11B/A4DFF208,11B/A4DFF208,0.155164,0.153929,0.6,36.8,0.0,14648836.642024849,0.0,21.977730428142642,5343.585457278863,4783634.843455152,1007.22,1
2026-09-13T01:09:44.285279+00:00,1789261784.2852798,D_rowsize_rep2,r3-sub,D06,load,16,1,250000,6,0,147742894,712971635,10870,27509,17860971409,7696959678,204543.713,,,1,1.0002577304840088,40.989435772879006,4189.920129856974,,11B/A55AB8F0,11B/A55AB8F0,0.028031,0.025837,1.2,36.8,0.0,17362565.137683433,0.0,34.99098175733574,8157.897461138847,7050626.83853234,1007.21,1
2026-09-13T01:09:45.285342+00:00,1789261785.2853422,D_rowsize_rep2,r3-sub,D06,load,16,1,250000,6,0,147742908,712973159,10870,27509,17860971409,7696965094,204545.477,,,1,1.0000624656677246,13.999125535275878,1523.9048082686027,,11B/A5A48A40,11B/A5A48A40,0.114237,0.112915,0.6,36.8,0.0,13794466.319450451,0.0,17.998875688211843,5597.650339033883,5036831.370965197,1007.21,1
2026-09-13T01:09:46.285703+00:00,1789261786.285704,D_rowsize_rep2,r3-sub,D06,load,16,1,250000,6,0,147742945,712977604,10870,27509,17860971409,7696980893,204550.471,,,1,1.000361680984497,36.986622641909655,4443.392909278065,,11B/A5FFFC20,11B/A5FFFC20,0.018975,0.017290,1.2,36.8,0.0,5388387.12284056,0.0,8.996746048032078,7092.434801198621,5542317.449168589,1007.2,1
2026-09-13T01:09:47.286843+00:00,1789261787.2868435,D_rowsize_rep2,r3-sub,D06,load,16,1,250000,6,0,147742977,712981414,10870,27509,17860971409,7696994435,204554.018,,,1,1.0011396408081055,31.96357300782742,3805.6629112444525,,11B/A668DCB0,11B/A668DCB0,0.061875,0.060100,0.2,36.8,0.0,15293418.99561714,0.0,25.97040306885978,6691.374236857372,6289485.245951736,1007.2,1
2026-09-13T01:09:48.287870+00:00,1789261788.2878702,D_rowsize_rep2,r3-sub,D06,load,16,1,250000,6,0,147742981,712981668,10870,27509,17860971409,7696995338,204554.221,,,1,1.0010266304016113,3.995897689949769,253.73950331181032,,11B/A6BEDB70,11B/A6BEDB70,0.031176,0.029327,1.2,36.8,0.0,14554529.877146961,0.0,20.97846287223629,5607.243433422013,5283775.515420579,1007.19,1
2026-09-13T01:09:49.288851+00:00,1789261789.2888513,D_rowsize_rep2,r3-sub,D06,load,16,1,250000,6,0,147743012,712985351,10870,27509,17860971409,7697008428,204558.067,,,1,1.000981092453003,30.969615943525408,3679.3901780646474,,11B/A7213E68,11B/A7213E68,0.173193,0.168180,1.2,36.7,0.0,14845722.97323159,0.0,16.983337775481676,7441.699005268411,6041951.287190726,1007.19,1
2026-09-13T01:09:50.289337+00:00,1789261790.2893376,D_rowsize_rep2,r3-sub,D06,load,16,1,250000,6,0,147743049,712989796,10870,27509,17860971409,7697024230,204562.908,,,1,1.0004863739013672,36.98201291409856,4442.839119004543,,11B/A7731C70,11B/A7731C70,0.063026,0.061707,0.6,36.8,0.0,5404091.590889594,0.0,10.994652487975246,6126.020463527299,5034976.119021701,1007.18,1
2026-09-13T01:09:51.289640+00:00,1789261791.2896404,D_rowsize_rep2,r3-sub,D06,load,16,1,250000,6,0,147743067,712991828,10870,27509,17860971409,7697031452,204565.515,,,1,1.000302791595459,17.9945514010717,2031.3849137209831,,11B/A7E67DF8,11B/A7E67DF8,0.082484,0.079847,0.6,36.8,0.0,15920427.428378573,0.0,20.993643301250316,8451.440974703342,7049802.379089965,1007.17,1
2026-09-13T01:09:52.290765+00:00,1789261792.2907658,D_rowsize_rep2,r3-sub,D06,load,16,1,250000,6,0,147743082,712993479,10870,27509,17860971409,7697037320,204567.373,,,1,1.0011253356933594,14.983138938953433,1649.1441592141412,,11B/A8338D58,11B/A8338D58,0.161478,0.160007,7.3,36.8,0.0,13857557.595814647,0.0,25.970774160852617,6358.844165691837,5034838.116956702,1007.17,1
2026-09-13T01:09:53.290907+00:00,1789261793.2909074,D_rowsize_rep2,r3-sub,D06,load,16,1,250000,6,0,147743119,712997924,10870,27509,17860971409,7697053120,204571.905,,,1,1.0001416206359863,36.99476077845039,4444.370585411135,,11B/A899BB90,11B/A899BB90,0.066867,0.064288,0.4,36.8,0.0,14952378.434656575,0.0,24.996459985439454,9428.664706507763,6044148.023912858,1007.16,1
2026-09-13T01:09:54.292055+00:00,1789261794.2920556,D_rowsize_rep2,r3-sub,D06,load,16,1,250000,6,0,147743150,713001607,10870,27509,17860971409,7697066207,204575.322,,,1,1.0011482238769531,30.964445883899483,3678.7759416258646,,11B/A8F7DA50,11B/A8F7DA50,0.093801,0.091571,1.2,36.8,0.0,5384153.786065652,0.0,6.99197165120311,7293.625285297872,5786209.136512412,1007.16,1
2026-09-13T01:09:55.293104+00:00,1789261795.2931044,D_rowsize_rep2,r3-sub,D06,load,16,1,250000,6,0,147743172,713004147,10870,27509,17860971409,7697075235,204577.658,,,1,1.0010488033294678,21.976950501142852,2537.338830586493,,11B/A969FC58,11B/A969FC58,0.021182,0.017926,0.8,36.8,0.0,16080414.807410765,0.0,21.976950501142852,7510.1233576178165,6796376.937239905,1007.15,1
2026-09-13T01:09:56.294043+00:00,1789261796.2940428,D_rowsize_rep2,r3-sub,D06,load,16,1,250000,6,0,147743190,713006179,10870,27509,17860971409,7697082456,204579.613,,,1,1.0009384155273438,17.983124356873358,2030.0949273981478,,11B/A9BC79A0,11B/A9BC79A0,0.119160,0.117327,1.0,36.8,0.0,14449416.4432486,0.0,19.98124928541484,9646.947154998285,5302820.750668852,1007.15,1
2026-09-13T01:09:57.294701+00:00,1789261797.294701,D_rowsize_rep2,r3-sub,D06,load,16,1,250000,6,0,147743223,713010116,10870,27509,17860971409,7697096451,204583.688,,,1,1.0006582736968994,32.978291258295975,3934.410081330644,,11B/AA22DD80,11B/AA22DD80,0.041429,0.039142,0.6,36.8,0.0,6729394.21679102,0.0,7.994737274738418,7381.141188902245,6292420.864854845,1007.14,1
2026-09-13T01:09:58.296517+00:00,1789261798.2965171,D_rowsize_rep2,r3-sub,D06,load,16,1,250000,6,0,147743238,713011767,10870,27509,17860971409,7697102317,204584.929,,,1,1.0018160343170166,14.972808865278523,1648.007162438323,,11B/AA80FCC8,11B/AA80FCC8,0.076351,0.074443,1.9,36.8,0.0,16162137.00456339,0.0,92.83141496472685,6947.383313489235,5785510.314727002,1007.14,1
2026-09-13T01:09:59.297842+00:00,1789261799.2978425,D_rowsize_rep2,r3-sub,D06,load,16,1,250000,6,0,147743276,713016339,10870,27509,17860971409,7697118567,204589.46,,,1,1.0013253688812256,37.94970264506247,4565.948434032253,,11B/AAEB5880,11B/AAEB5880,0.011883,0.008293,0.2,36.8,0.0,15372393.907485077,0.0,19.973527707927616,7849.596389215553,6539787.369330857,1007.13,1
2026-09-13T01:10:00.299105+00:00,1789261800.2991052,D_rowsize_rep2,r3-sub,D06,load,16,1,250000,6,0,147743307,713020022,10870,27509,17860971409,7697131660,204592.851,,,1,1.0012626647949219,30.960906753024098,3678.355470044766,,11B/AB4598D8,11B/AB4598D8,0.091678,0.090113,0.8,36.8,0.0,13769749.42216973,0.0,16.978561767787408,6375.94931326793,5534178.188033146,1007.12,1
2026-09-13T01:10:01.299161+00:00,1789261801.2991617,D_rowsize_rep2,r3-sub,D06,load,16,1,250000,6,0,147743327,713022308,10870,27509,17860971409,7697139786,204594.889,,,1,1.000056505203247,19.99886995978821,2285.8708364037925,,11B/AB9B7FD8,11B/AB9B7FD8,0.059828,0.057407,0.0,36.8,0.0,6209185.148731172,0.0,11.999321975872926,7442.579455535182,6299371.052758335,1007.12,1
2026-09-13T01:10:02.300600+00:00,1789261802.3006008,D_rowsize_rep2,r3-sub,D06,load,16,1,250000,6,0,147743359,713026118,10870,27509,17860971409,7697153326,204598.278,,1213,1,1.001439094543457,31.95401515115443,3804.524928934324,705,11B/ABFFFDA8,11B/ABFFFDA8,0.240635,0.238809,1.8,36.8,0.0,15108880.891950652,0.0,17.97413352252437,5583.964147664236,5281632.231874563,1007.11,1
2026-09-13T01:10:03.301739+00:00,1789261803.3017397,D_rowsize_rep2,r3-sub,D06,load,16,1,250000,6,0,147743380,713028531,10870,27509,17860971409,7697160965,204600.459,,,1,1.0011389255523682,20.976109772590718,2410.2548991076856,,11B/AC5FFD68,11B/AC5FFD68,0.027328,0.025628,0.6,36.8,0.0,14434248.465593304,0.0,14.982935551850511,6607.474578366076,5786439.675995772,1007.11,1
2026-09-13T01:10:04.303093+00:00,1789261804.3030932,D_rowsize_rep2,r3-sub,D06,load,16,1,250000,6,0,147743415,713032341,10870,27509,17860971409,7697170928,204604.43,,,1,1.0013535022735596,34.95269145265181,3804.850126702954,,11B/ACCE7C00,11B/ACCE7C00,0.014874,0.013909,6.8,36.8,0.0,14823839.89899383,0.0,20.971614871591086,8319.739214058349,6794455.6887776395,1007.1,1
2026-09-13T01:10:05.304453+00:00,1789261805.3044536,D_rowsize_rep2,r3-sub,D06,load,16,1,250000,6,0,147743435,713034627,10870,27509,17860971409,7697176850,204606.749,,,1,1.0013604164123535,19.972828636122294,2282.8943131087785,,11B/AD247FB8,11B/AD247FB8,0.018933,0.016592,1.0,36.8,0.0,6691952.158452956,0.0,8.987772886255033,6138.648881312188,5282036.231220402,1007.09,1
2026-09-13T01:10:06.306238+00:00,1789261806.3062384,D_rowsize_rep2,r3-sub,D06,load,16,1,250000,6,0,147743465,713038183,10870,27509,17860971409,7697186061,204610.411,,,1,1.0017848014831543,29.946551350733856,3549.6645534403197,,11B/AD931FE0,11B/AD931FE0,0.013605,0.011654,1.4,36.8,0.0,15712883.622006811,0.0,24.95545945894488,7288.99059876862,6788103.582657867,1007.09,1
2026-09-13T01:10:07.307380+00:00,1789261807.30738,D_rowsize_rep2,r3-sub,D06,load,16,1,250000,6,0,147743486,713040596,10870,27509,17860971409,7697192317,204612.976,,,1,1.0011415481567383,20.976054823280844,2410.2485851703177,,11B/ADE93F48,11B/ADE93F48,0.004678,0.002111,0.6,36.8,0.0,13763232.607186506,0.0,15.981756055833023,6122.011429137538,5537681.469925403,1007.08,1
2026-09-13T01:10:08.308737+00:00,1789261808.3087375,D_rowsize_rep2,r3-sub,D06,load,16,1,250000,6,0,147743505,713042755,10870,27509,17860971409,7697197909,204614.871,,,1,1.0013575553894043,18.974241416305436,2156.073011463339,,11B/AE579DC8,11B/AE579DC8,0.176347,0.170148,1.4,36.8,0.0,7534603.3586035045,0.0,10.985087135755778,9614.947176641514,6539858.779467991,1007.08,1
2026-09-13T01:10:09.308881+00:00,1789261809.308881,D_rowsize_rep2,r3-sub,D06,load,16,1,250000,6,0,147743538,713046692,10870,27509,17860971409,7697208115,204618.674,,,1,1.0001435279846191,32.99526425621933,3936.435011416227,,11B/AE9D1FE0,11B/AE9D1FE0,0.123991,0.122858,0.4,36.8,0.0,12912834.646867415,0.0,23.996555822704966,4625.3361348263825,4281296.514139769,1007.07,1
2026-09-13T01:10:10.309538+00:00,1789261810.3095384,D_rowsize_rep2,r3-sub,D06,load,16,1,250000,6,0,147743556,713048724,10870,27509,17860971409,7697213377,204620.608,,,1,1.000657320022583,17.98817601173774,2030.665203102838,,11B/AF13DBB8,11B/AF13DBB8,0.139471,0.136459,2.5,36.8,0.0,16455103.730844036,0.0,19.98686223526415,8344.514983222783,7302618.842417587,1007.06,1
2026-09-13T01:10:11.310730+00:00,1789261811.3107307,D_rowsize_rep2,r3-sub,D06,load,16,1,250000,6,0,147743591,713052915,10870,27509,17860971409,7697224234,204624.489,,,1,1.001192331314087,34.958318102638415,4186.008890518789,,11B/AF6199E0,11B/AF6199E0,0.078590,0.078286,1.2,36.7,0.0,30830695.596205562,0.0,188.77491775424744,8988.282988732659,4798304.830895589,1007.06,1
2026-09-13T01:10:12.310903+00:00,1789261812.3109033,D_rowsize_rep2,r3-sub,D06,load,16,1,250000,6,0,147743608,713054820,10870,27509,17860971409,7697229170,204626.289,,,1,1.0001726150512695,16.99706605057225,1904.6712250788314,,11B/AFDBD920,11B/AFDBD920,0.156390,0.152855,2.0,36.7,0.0,9664891.694224687,0.0,198.96565553316927,8164.590668763117,7554386.999100841,1007.09,1
2026-09-13T01:10:13.311574+00:00,1789261813.3115742,D_rowsize_rep2,r3-sub,D06,load,16,1,250000,6,0,147743643,713059011,10870,27509,17860971409,7697240028,204630.311,,,1,1.0006709098815918,34.976533897784144,4188.190101874668,,11B/B02E5F60,11B/B02E5F60,0.072184,0.070435,0.4,36.7,0.0,14252709.716211934,0.0,34.976533897784144,5801.107979332485,5037234.469618438,1007.09,1
2026-09-13T01:10:14.312815+00:00,1789261814.3128152,D_rowsize_rep2,r3-sub,D06,load,16,1,250000,6,0,147743661,713061043,10870,27509,17860971409,7697245292,204632.292,,,1,1.0012409687042236,17.977690249026733,2029.48147700124,,11B/B0A0FFF8,11B/B0A0FFF8,0.168815,0.166515,1.0,36.7,0.0,7969118.573250349,0.0,27.96529594293047,7871.232047365537,7043412.345708034,1007.08,1
2026-09-13T01:10:15.313599+00:00,1789261815.3135998,D_rowsize_rep2,r3-sub,D06,load,16,1,250000,6,0,147743691,713064599,10870,27509,17860971409,7697254510,204635.451,,,1,1.0007846355438232,29.976479388792868,3553.2120235515813,,11B/B0EA9860,11B/B0EA9860,0.086977,0.085822,0.6,36.8,0.0,4845861.764619026,0.0,6.994511857385002,5563.6345745599565,4530086.533089543,1007.07,1
2026-09-13T01:10:16.313967+00:00,1789261816.313967,D_rowsize_rep2,r3-sub,D06,load,16,1,250000,6,0,147743714,713067266,10870,27509,17860971409,7697261422,204638.132,,,1,1.0003671646118164,22.9915583134168,2666.0211313862,,11B/B1655E48,11B/B1655E48,0.135318,0.132462,4.7,36.8,0.0,8103008.861896677,0.0,11.995595641782678,8171.999530964449,7556267.605937685,1007.06,1
2026-09-13T01:10:17.314048+00:00,1789261817.3140483,D_rowsize_rep2,r3-sub,D06,load,16,1,250000,6,0,147743746,713071076,10870,27509,17860971409,7697271293,204641.565,,,1,1.0000813007354736,31.997398587961555,3809.6902693791726,,11B/B1AF1E00,11B/B1AF1E00,0.036538,0.035545,0.6,36.8,0.0,13831067.52403791,0.0,63.99479717592311,5903.520039478907,4533333.436657453,1007.06,1
2026-09-13T01:10:18.314349+00:00,1789261818.31435,D_rowsize_rep2,r3-sub,D06,load,16,1,250000,6,0,147743762,713072854,10870,27509,17860971409,7697275895,204643.434,,,1,1.0003015995025635,15.995175862916328,1777.463917766577,,11B/B221BCF0,11B/B221BCF0,0.100562,0.098010,1.7,36.8,0.0,15920446.401284784,0.0,16.9948743543486,7686.681700622728,7049926.745600418,1007.05,1
2026-09-13T01:10:19.315616+00:00,1789261819.3156166,D_rowsize_rep2,r3-sub,D06,load,16,1,250000,6,0,147743798,713077172,10870,27509,17860971409,7697287087,204647.724,,,1,1.0012667179107666,35.95445584680698,4312.537231847571,,11B/B27B1FF0,11B/B27B1FF0,0.006110,0.004996,0.4,36.8,0.0,5555330.962769224,0.0,15.979758154136437,5758.705344796918,5286238.826597759,1007.05,1
2026-09-13T01:10:20.317331+00:00,1789261820.3173313,D_rowsize_rep2,r3-sub,D06,load,16,1,250000,6,0,147743817,713079331,10870,27509,17860971409,7697292675,204649.725,,,1,1.0017147064208984,18.96747634652038,2155.304285901974,,11B/B30324C8,11B/B2FFF980,0.000255,-0.000042,1.0,36.8,0.0,14826672.609276315,0.0,16.97089988899192,7352.392804848559,6789006.846369008,1007.04,1
2026-09-13T01:10:21.318003+00:00,1789261821.3180037,D_rowsize_rep2,r3-sub,D06,load,16,1,250000,6,0,147743835,713081363,10870,27509,17860971409,7697297945,204651.757,,,1,1.0006723403930664,17.98790600420669,2030.6347222526663,,11B/B3614B50,11B/B3614B50,0.141163,0.139854,1.0,36.8,0.0,16872368.02544981,0.0,19.98656222689632,5147.539101537148,5033892.510730681,1007.04,1
2026-09-13T01:10:22.318772+00:00,1789261822.3187723,D_rowsize_rep2,r3-sub,D06,load,16,1,250000,6,0,147743868,713085300,10870,27509,17860971409,7697308145,204655.818,,,1,1.0007686614990234,32.97465365329308,3933.9761040307535,,11B/B3BF8678,11B/B3BB5C50,0.002016,0.000013,1.0,36.8,0.0,5545817.143880875,0.0,19.984638577753383,7698.082780150603,6294834.403151569,1007.03,1
2026-09-13T01:10:23.320727+00:00,1789261823.3207273,D_rowsize_rep2,r3-sub,D06,load,16,1,250000,6,0,147743886,713087332,10870,27509,17860971409,7697313406,204657.96,,,1,1.0019550323486328,17.964878082210035,2028.0351257250438,,11B/B425B968,11B/B425B968,0.192103,0.185697,1.0,36.8,0.0,15632541.87494313,0.0,17.964878082210035,7920.515136689935,5530425.838583854,1007.03,1
2026-09-13T01:10:24.321407+00:00,1789261824.3214076,D_rowsize_rep2,r3-sub,D06,load,16,1,250000,6,0,147743921,713091523,10870,27509,17860971409,7697324264,204662.405,,,1,1.0006802082061768,34.9762088956882,4188.151185195122,,11B/B4674FB8,11B/B4674FB8,0.257366,0.256088,1.2,36.8,0.0,13822789.625064775,0.0,32.97756838736316,5222.447648253329,4279046.357552982,1007.02,1
2026-09-13T01:10:25.321693+00:00,1789261825.321693,D_rowsize_rep2,r3-sub,D06,load,16,1,250000,6,0,147743939,713093555,10870,27509,17860971409,7697329534,204664.27,,,1,1.0002853870391846,17.99486449890013,2031.420258986948,,11B/B4C97F68,11B/B4C97F68,0.082070,0.079674,0.4,36.8,0.0,6207764.384502351,0.0,8.997432249450066,6103.258209210295,5794312.378346234,1007.02,1
2026-09-13T01:10:26.321832+00:00,1789261826.3218322,D_rowsize_rep2,r3-sub,D06,load,16,1,250000,6,0,147743957,713095587,10870,27509,17860971409,7697334798,204666.137,,,1,1.0001392364501953,17.997494092810108,2031.7171109216742,,11B/B52BBD58,11B/B52BBD58,0.174934,0.171141,1.0,36.8,0.0,14858219.19430316,0.0,16.99763330987621,9789.636925705763,6062396.8933768915,1007.01,1
2026-09-13T01:10:27.322674+00:00,1789261827.3226748,D_rowsize_rep2,r3-sub,D06,load,16,1,250000,6,0,147743987,713099143,10870,27509,17860971409,7697344010,204669.636,,,1,1.000842571258545,29.974744142103624,3553.00633897735,,11B/B56D5040,11B/B56D5040,0.068609,0.067208,0.4,36.8,0.0,12965203.891839562,0.0,14.987372071051812,5293.5398154955,4278289.236453622,1007.01,1
2026-09-13T01:10:28.323170+00:00,1789261828.323171,D_rowsize_rep2,r3-sub,D06,load,16,1,250000,6,0,147744009,713101683,10870,27509,17860971409,7697350592,204672.255,,,1,1.0004961490631104,21.9890901335316,2538.740406325921,,11B/B5E3FFD0,11B/B5E3FFD0,0.038902,0.036465,2.0,36.7,0.0,15974666.18433914,0.0,23.988098327489016,8584.740688950133,7051942.18549156,1007.0,1
2026-09-13T01:10:29.325138+00:00,1789261829.3251386,D_rowsize_rep2,r3-sub,D06,load,16,1,250000,6,0,147744043,713105747,10870,27509,17860971409,7697361123,204676.234,,,1,1.0019676685333252,33.93323064981629,4056.0190988486297,,11B/B631E088,11B/B631E088,0.214701,0.214408,0.2,36.8,0.0,5535092.772123258,0.0,11.976434346993985,6027.140585124723,5027370.800670164,1006.99,1
2026-09-13T01:10:30.325703+00:00,1789261830.3257031,D_rowsize_rep2,r3-sub,D06,load,16,1,250000,6,0,147744058,713107398,10870,27509,17860971409,7697365399,204677.544,,,1,1.0005645751953125,14.991536150549768,1650.0684123038445,,11B/B6941A98,11B/B6941A98,0.008394,0.005965,6.8,36.8,0.0,13382268.703033261,0.0,15.990971893919754,6650.245436383878,5789732.260778064,1006.99,1
2026-09-13T01:10:31.326221+00:00,1789261831.3262215,D_rowsize_rep2,r3-sub,D06,load,16,1,250000,6,0,147744093,713111589,10870,27509,17860971409,7697376263,204681.5,,,1,1.0005183219909668,34.981868128463915,4188.828837896922,,11B/B6F65858,11B/B6F65858,0.010985,0.009830,0.2,36.8,0.0,16072565.235986939,0.0,16.99119309096819,7337.196969458675,6044858.816742993,1006.98,1
2026-09-13T01:10:32.327888+00:00,1789261832.3278878,D_rowsize_rep2,r3-sub,D06,load,16,1,250000,6,0,147744113,713113875,10870,27509,17860971409,7697382189,204683.435,,1904,1,1.0016663074493408,19.966729290244693,2282.1971578749685,691,11B/B73BFFA0,11B/B73BFFA0,0.124662,0.124379,0.8,36.8,0.0,4579888.4976791665,0.0,8.985028180610112,4839.935179955314,4274780.900740796,1006.98,1
2026-09-13T01:10:33.329025+00:00,1789261833.3290255,D_rowsize_rep2,r3-sub,D06,load,16,1,250000,6,0,147744115,713113875,10870,27509,17860971409,7697382189,204683.435,,,1,1.0011377334594727,1.9977271190138022,0.0,,11B/B7B6BD58,11B/B7B6BD58,0.149803,0.147401,0.4,36.8,0.0,16193544.063091975,0.0,18.97840763063112,8036.856199792525,7295527.63410617,1006.97,1
2026-09-13T01:10:34.330007+00:00,1789261834.330007,D_rowsize_rep2,r3-sub,D06,load,16,1,250000,6,0,147744167,713119844,10870,27509,17860971409,7697397707,204689.25,,,1,1.0009815692901611,51.949008448652485,5963.1467582693585,,11B/B7FFF940,11B/B7FFF940,0.047575,0.046500,0.4,36.8,0.0,13564925.086112136,0.0,18.98136847162302,5754.351705081505,4784022.15077335,1006.97,1
2026-09-13T01:10:35.331536+00:00,1789261835.3315365,D_rowsize_rep2,r3-sub,D06,load,16,1,250000,6,0,147744169,713119844,10870,27509,17860971409,7697397707,204689.25,,,1,1.0015294551849365,1.996945760951875,0.0,,11B/B87B5F80,11B/B87B5F80,0.097463,0.095354,0.8,36.8,0.0,7803233.304363372,0.0,12.980147446187189,7982.7906794051205,7292632.245799826,1006.96,1
2026-09-13T01:10:36.332656+00:00,1789261836.3326561,D_rowsize_rep2,r3-sub,D06,load,16,1,250000,6,0,147744219,713125940,10870,27509,17860971409,7697413501,204694.985,,,1,1.001119613647461,49.944081924267685,6089.182468206716,,11B/B8C51FB0,11B/B8C51FB0,0.014528,0.013388,1.0,36.8,0.0,13518049.007843772,0.0,15.982106215765658,5420.930652060014,4780219.001567992,1006.96,1
2026-09-13T01:10:37.333799+00:00,1789261837.3337994,D_rowsize_rep2,r3-sub,D06,load,16,1,250000,6,0,147744237,713127972,10870,27509,17860971409,7697418765,204697.032,,,1,1.001143217086792,17.97944559058979,2029.6796355599142,,11B/B937C000,11B/B937C000,0.032086,0.029232,0.0,36.8,0.0,16177090.074212587,0.0,17.97944559058979,7818.062257641461,7298602.113354317,1006.95,1
2026-09-13T01:10:38.334998+00:00,1789261838.3349671,D_rowsize_rep2,r3-sub,D06,load,16,1,250000,6,0,147744255,713130004,10870,27509,17860971409,7697424027,204698.98,,,1,1.0011677742004395,17.979004582299208,2029.6298506239996,,11B/B9855980,11B/B9855980,0.123504,0.121587,1.6,36.8,0.0,12780978.702814488,0.0,14.982503818582673,7788.904318487179,4528597.620534568,1006.95,1
2026-09-13T01:10:39.336272+00:00,1789261839.336273,D_rowsize_rep2,r3-sub,D06,load,16,1,250000,6,0,147744289,713134068,10870,27509,17860971409,7697434559,204702.608,,,1,1.0013058185577393,33.95566006894169,4058.7000741229126,,11B/B9FC3FE0,11B/B9FC3FE0,0.049778,0.047532,0.8,36.8,0.0,8271311.168379494,0.0,14.98043826570957,7658.0000414307315,7294368.877752435,1006.94,1
2026-09-13T01:10:40.338020+00:00,1789261840.33802,D_rowsize_rep2,r3-sub,D06,load,16,1,250000,6,0,147744305,713135846,10870,27509,17860971409,7697439166,204704.233,,,1,1.0017471313476562,15.972094652744458,1774.8990182862278,,11B/BA49FE68,11B/BA49FE68,0.181547,0.179768,1.0,36.8,0.0,13493225.562638517,0.0,14.973838736947929,5699.043023282382,4780277.227804814,1006.93,1
2026-09-13T01:10:41.338669+00:00,1789261841.3386695,D_rowsize_rep2,r3-sub,D06,load,16,1,250000,6,0,147744342,713140291,10870,27509,17860971409,7697450679,204709.115,,,1,1.0006494522094727,36.97598586428301,4442.115058560486,,11B/BAC2DF08,11B/BAC2DF08,0.067654,0.065059,0.4,36.8,0.0,16483886.503489612,0.0,20.98637035540387,11901.270693452605,7569387.044859363,1006.93,1
2026-09-13T01:10:42.339785+00:00,1789261842.3397858,D_rowsize_rep2,r3-sub,D06,load,16,1,250000,6,0,147744372,713143847,10870,27509,17860971409,7697459897,204712.78,,,1,1.0011162757873535,29.966549066846138,3552.034949390162,,11B/BB127BE8,11B/BB127BE8,0.005050,0.004025,6.6,36.8,0.0,4836073.6081253905,0.0,6.992194782264099,5456.9085850726815,4780262.908258327,1006.92,1
2026-09-13T01:10:43.341623+00:00,1789261843.341623,D_rowsize_rep2,r3-sub,D06,load,16,1,250000,6,0,147744390,713145879,10870,27509,17860971409,7697465159,204714.72,,,1,1.0018372535705566,17.96699008331727,2028.2735471833719,,11B/BB8D3A90,11B/BB8D3A90,0.065815,0.063096,1.2,36.8,0.0,17993437.49271991,0.0,19.963322314796965,8121.079517659406,7544952.009979986,1006.91,1
2026-09-13T01:10:44.341928+00:00,1789261844.3419282,D_rowsize_rep2,r3-sub,D06,load,16,1,250000,6,0,147744431,713149943,10883,27509,17860971409,7697565208,204718.942,,,1,1.00030517578125,40.98749161022637,4062.7601439990235,,11B/BBD2DE58,11B/BBD2DE58,0.194080,0.191616,1.4,36.8,0.0,16923603.32613338,0.0,101.96888156690463,5065.454146073586,4280460.707059613,1006.91,1
2026-09-13T01:10:45.342191+00:00,1789261845.3421915,D_rowsize_rep2,r3-sub,D06,load,16,1,250000,6,0,147744452,713152356,10883,27509,17860971409,7697571459,204721.332,,,1,1.0002632141113281,20.99447395819429,2412.3650314820393,,11B/BC51DCA8,11B/BC51DCA8,0.022483,0.019657,0.6,36.8,0.0,16977547.2699828,0.0,30.991842509715383,8634.727217948766,7805742.418446072,1006.9,1
2026-09-13T01:10:46.343496+00:00,1789261846.343496,D_rowsize_rep2,r3-sub,D06,load,16,1,250000,6,0,147744470,713154388,10883,27509,17860971409,7697576721,204723.524,,,1,1.0013046264648438,17.976547320619005,2029.3524530832121,,11B/BC978358,11B/BC978358,0.123865,0.122598,1.0,36.8,0.0,4986518.456054799,0.0,9.986970733677225,5470.862567908383,4530918.843366885,1006.9,1
2026-09-13T01:10:47.344360+00:00,1789261847.3443606,D_rowsize_rep2,r3-sub,D06,load,16,1,250000,6,0,147744504,713158452,10883,27509,17860971409,7697587255,204727.809,,,1,1.0008645057678223,33.97063219253299,4060.489683248649,,11B/BCFFFB48,11B/BCFFFB48,0.011151,0.010043,0.4,36.8,0.0,14839267.367770307,0.0,16.985316096266494,7685.35596544011,6291259.170160531,1006.89,1
2026-09-13T01:10:48.345528+00:00,1789261848.3455284,D_rowsize_rep2,r3-sub,D06,load,16,1,250000,6,0,147744536,713162262,10883,27509,17860971409,7697597127,204731.53,,,1,1.0011677742004395,31.96267481297637,3805.555969919999,,11B/BD5BDFB8,11B/BD5BDFB8,0.152776,0.150962,1.2,36.8,0.0,14593390.215409499,0.0,19.976671758110232,5636.417936550802,5534583.855763071,1006.89,1
2026-09-13T01:10:49.345977+00:00,1789261849.3459778,D_rowsize_rep2,r3-sub,D06,load,16,1,250000,6,0,147744557,713164675,10883,27509,17860971409,7697603375,204733.617,,,1,1.0004494190216064,20.990566440167495,2411.9160390535317,,11B/BDC65A90,11B/BDC65A90,0.013237,0.010825,0.2,36.8,0.0,7074708.49143163,0.0,15.9928125258419,7337.702297012837,6548617.926538581,1006.88,1
2026-09-13T01:10:50.347018+00:00,1789261850.3470182,D_rowsize_rep2,r3-sub,D06,load,16,1,250000,6,0,147744574,713166580,10883,27509,17860971409,7697608313,204735.552,,,1,1.0010404586791992,16.982330586747988,1903.0199863385244,,11B/BE209448,11B/BE209448,0.074398,0.073070,1.2,36.8,0.0,14607521.47749715,0.0,18.980251832247752,6431.308489263738,5786917.950992077,1006.87,1
2026-09-13T01:10:51.348416+00:00,1789261851.3484168,D_rowsize_rep2,r3-sub,D06,load,16,1,250000,6,0,147744608,713170644,10883,27509,17860971409,7697618842,204739.714,,,1,1.0013985633850098,33.9525152553349,4058.3241764023837,,11B/BE7EB078,11B/BE77DAE8,0.001774,0.000647,1.0,36.8,0.0,14054200.310040783,0.0,18.973464407393035,7324.755864643574,6539161.568062245,1006.87,1
2026-09-13T01:10:52.348553+00:00,1789261852.3485534,D_rowsize_rep2,r3-sub,D06,load,16,1,250000,6,0,147744639,713174327,10883,27509,17860971409,7697628386,204743.36,,,1,1.0001366138458252,30.995765549264018,3682.4969199335283,,11B/BEE4FF90,11B/BEE4FF90,0.077585,0.075422,2.0,36.8,0.0,6192306.0452566305,0.0,9.998634048149684,7360.994386247797,5291736.075583623,1006.86,1
2026-09-13T01:10:53.349536+00:00,1789261853.3495371,D_rowsize_rep2,r3-sub,D06,load,16,1,250000,6,0,147744661,713176867,10883,27509,17860971409,7697634964,204745.988,,,1,1.000983715057373,21.978379537112684,2537.503819284828,,11B/BF431FD0,11B/BF431FD0,0.055291,0.051942,0.2,36.8,0.0,15377640.783214677,0.0,17.982310530364924,8641.499227092032,5787414.832885627,1006.86,1
2026-09-13T01:10:54.349890+00:00,1789261854.3498902,D_rowsize_rep2,r3-sub,D06,load,16,1,250000,6,0,147744679,713178899,10883,27509,17860971409,7697640232,204747.75,,,1,1.0003530979156494,17.99364648093265,2031.2827582919526,,11B/BFA959B8,11B/BFA959B8,0.049844,0.048512,5.3,36.8,0.0,15415996.643717445,0.0,34.98764593514682,7284.427883697568,6294441.445845295,1006.85,1
2026-09-13T01:10:55.350828+00:00,1789261855.350828,D_rowsize_rep2,r3-sub,D06,load,16,1,250000,6,0,147744712,713182836,10883,27509,17860971409,7697650432,204752.218,,,1,1.0009377002716064,32.96908488015326,3933.3117325201033,,11B/BFFFFCC0,11B/BFFFFCC0,0.052799,0.051767,0.8,36.8,0.0,14298016.745814016,0.0,14.985947672796938,6647.766387652722,5539042.038775801,1006.85,1
2026-09-13T01:10:56.351217+00:00,1789261856.3512177,D_rowsize_rep2,r3-sub,D06,load,16,1,250000,6,0,147744730,713184868,10883,27509,17860971409,7697655693,204754.119,,,1,1.000389814376831,17.99298607534571,2031.2082058390267,,11B/C06DFFB8,11B/C06DFFB8,0.046035,0.044346,2.1,36.8,0.0,7038280.37712083,0.0,14.99415506278809,10512.90191968949,6564462.078305714,1006.84,1
2026-09-13T01:10:57.352474+00:00,1789261857.352475,D_rowsize_rep2,r3-sub,D06,load,16,1,250000,6,0,147744764,713188932,10883,27509,17860971409,7697666227,204758.184,,,1,1.0012571811676025,33.9573095099816,4058.8972308401535,,11B/C0C3DF78,11B/C0C3DF78,0.046320,0.043771,0.6,36.8,0.0,14068457.400299126,0.0,17.9773991523432,6100.330779028459,5282471.975713745,1006.83,1
2026-09-13T01:10:58.352617+00:00,1789261858.3526177,D_rowsize_rep2,r3-sub,D06,load,16,1,250000,6,0,147744782,713190964,10883,27509,17860971409,7697671491,204760.005,,,1,1.0001428127288818,17.997429737946266,2031.7098459726005,,11B/C13279E8,11B/C13279E8,0.024387,0.022954,1.4,36.8,0.0,15922973.996631626,0.0,17.997429737946266,8101.842953698811,7054312.554373724,1006.83,1
2026-09-13T01:10:59.353757+00:00,1789261859.3537579,D_rowsize_rep2,r3-sub,D06,load,16,1,250000,6,0,147744813,713194647,10883,27509,17860971409,7697681033,204763.711,,,1,1.0011401176452637,30.96469660302266,3678.80572867524,,11B/C18C1E68,11B/C18C1E68,0.036449,0.034177,0.6,36.8,0.0,5421019.400126599,0.0,12.985195349654663,5576.641972086307,5031605.377924625,1006.82,1
2026-09-13T01:11:00.355734+00:00,1789261860.3557348,D_rowsize_rep2,r3-sub,D06,load,16,1,250000,6,0,147744847,713198711,10883,27509,17860971409,7697691565,204767.593,,,1,1.0019769668579102,33.932915750169656,4055.9814590791025,,11B/C1F6DFD8,11B/C1F6DFD8,0.019492,0.017143,0.6,36.8,0.0,14830967.66844874,0.0,17.964484808913348,7703.7699022223405,6786792.735690036,1006.82,1
2026-09-13T01:11:01.357364+00:00,1789261861.3573647,D_rowsize_rep2,r3-sub,D06,load,16,1,250000,6,0,147744869,713201251,10883,27509,17860971409,7697698142,204769.737,,,1,1.0016298294067383,21.96420209752591,2535.8669694416276,,11B/C24CBD98,11B/C24CBD98,0.002424,0.000699,0.8,36.8,0.0,13764701.884094317,0.0,15.973965161837025,6939.689489995572,5284041.913103586,1006.81,1
2026-09-13T01:11:02.358247+00:00,1789261862.3582478,D_rowsize_rep2,r3-sub,D06,load,16,1,250000,6,0,147744899,713204807,10883,27509,17860971409,7697707360,204773.327,,2623,1,1.0008831024169922,29.973530302943683,3552.862458575591,719,11B/C2BB5A78,11B/C2BB5A78,0.004091,0.001613,0.8,36.8,0.0,15927566.327679222,0.0,17.98411818176621,7676.221110583877,6794148.071416729,1006.8,1
2026-09-13T01:11:03.359539+00:00,1789261863.3595393,D_rowsize_rep2,r3-sub,D06,load,16,1,250000,6,0,147744920,713207220,10883,27509,17860971409,7697713612,204775.773,,,1,1.0012915134429932,20.972913200662614,2409.8875977713756,,11B/C2FFF8F8,11B/C2FFF8F8,0.116286,0.115188,0.8,36.8,0.0,5375201.854546052,0.0,8.988391371712549,4949.607515356377,4276384.991296327,1006.8,1
2026-09-13T01:11:04.360551+00:00,1789261864.3605514,D_rowsize_rep2,r3-sub,D06,load,16,1,250000,6,0,147744941,713209252,10883,27509,17860971409,7697719003,204777.769,,,1,1.0010120868682861,20.9787676647337,2029.945518797089,,11B/C374B808,11B/C374B808,0.169229,0.165882,1.0,36.8,0.0,16416537.038440662,0.0,22.976745537565478,9218.669905245835,7299792.975388402,1006.79,1
2026-09-13T01:11:05.361414+00:00,1789261865.3614147,D_rowsize_rep2,r3-sub,D06,load,16,1,250000,6,0,147744972,713212935,10883,27509,17860971409,7697728547,204781.149,,,1,1.0008633136749268,30.973260360773477,3679.8231583460874,,11B/C3C55D08,11B/C3C55D08,0.091657,0.090612,0.6,36.8,0.0,13496955.893407337,0.0,14.987061464890392,5992.826311094172,4781709.884467207,1006.79,1
2026-09-13T01:11:06.361960+00:00,1789261866.3619606,D_rowsize_rep2,r3-sub,D06,load,16,1,250000,6,0,147744993,713215348,10883,27509,17860971409,7697734799,204783.334,,,1,1.0005459785461426,20.988540707059105,2411.6832726730295,,11B/C43C1FE8,11B/C43C1FE8,0.154891,0.152410,1.9,36.8,0.0,7540714.931424865,0.0,9.99454319383767,9453.838407051051,7048894.454853627,1006.78,1
2026-09-13T01:11:07.363334+00:00,1789261867.363335,D_rowsize_rep2,r3-sub,D06,load,16,1,250000,6,0,147745028,713219539,10883,27509,17860971409,7697745654,204787.681,,,1,1.0013742446899414,34.95196744433662,4185.248444548993,,11B/C489F948,11B/C489F948,0.050302,0.050004,0.0,36.8,0.0,13780486.239959924,0.0,15.978042260268166,5779.0581600107425,5033583.624432747,1006.78,1
2026-09-13T01:11:08.363452+00:00,1789261868.3634524,D_rowsize_rep2,r3-sub,D06,load,16,1,250000,6,0,147745042,713221063,10883,27509,17860971409,7697749604,204789.283,,,1,1.000117540359497,13.998354628364615,1523.8208895448338,,11B/C5000000,11B/C5000000,0.102985,0.099765,6.0,36.8,0.0,16193680.588961992,0.0,16.99800204872846,10115.810983940342,7303270.570951586,1006.77,1
2026-09-13T01:11:09.364450+00:00,1789261869.3644505,D_rowsize_rep2,r3-sub,D06,load,16,1,250000,6,0,147745063,713223476,10883,27509,17860971409,7697755860,204792.01,,,1,1.0009980201721191,20.97906247246034,2410.5941783831804,,11B/C54E5EE8,11B/C54E5EE8,0.032294,0.031120,0.2,36.8,0.0,15672038.988950789,0.0,80.91924096520415,5961.050751103373,4780807.657518774,1006.77,1
2026-09-13T01:11:10.364709+00:00,1789261870.3647091,D_rowsize_rep2,r3-sub,D06,load,16,1,250000,6,0,147745097,713227540,10883,27509,17860971409,7697766386,204796.135,,,1,1.0002586841583252,33.991207013223324,4062.9489794629294,,11B/C5C91938,11B/C5C91938,0.094188,0.090698,0.8,36.8,0.0,8140742.11897681,0.0,24.993534568546565,8963.681237663539,7557202.071542829,1006.76,1
2026-09-13T01:11:11.365745+00:00,1789261871.3657458,D_rowsize_rep2,r3-sub,D06,load,16,1,250000,6,0,147745128,713231223,10883,27509,17860971409,7697775930,204799.934,,,1,1.0010366439819336,30.967897315614632,3679.185993980925,,11B/C60EDFF0,11B/C60EDFF0,0.186529,0.184426,0.0,36.8,0.0,12152522.161036447,0.0,11.98757315443147,8258.438938973746,4295873.708373068,1006.75,1
2026-09-13T01:11:12.366091+00:00,1789261872.3660223,D_rowsize_rep2,r3-sub,D06,load,16,1,250000,6,0,147745149,713233636,10883,27509,17860971409,7697782179,204802.638,,,1,1.0002765655517578,20.994193729227565,2412.3328318393387,,11B/C68DDFE0,11B/C68DDFE0,0.018449,0.016347,0.8,36.8,0.0,17309004.9255024,0.0,23.99336426197436,8232.723112389953,7553643.922300847,1006.75,1
2026-09-13T01:11:13.367164+00:00,1789261873.3671641,D_rowsize_rep2,r3-sub,D06,load,16,1,250000,6,0,147745180,713237319,10883,27509,17860971409,7697791723,204806.4,,,1,1.0011417865753174,30.964644984047744,3678.799596007995,,11B/C6D35CD0,11B/C6D35CD0,0.140972,0.135688,0.2,36.8,0.0,12953146.271479102,0.0,11.98631418737332,5957.19815112454,4531677.791134419,1006.74,1
2026-09-13T01:11:14.368595+00:00,1789261874.3685951,D_rowsize_rep2,r3-sub,D06,load,16,1,250000,6,0,147745201,713239732,10883,27509,17860971409,7697797975,204809.056,,,1,1.0014309883117676,20.96999218628357,2409.5519593096315,,11B/C7455F08,11B/C7455F08,0.003140,0.000400,1.2,36.8,0.0,6380629.393915586,0.0,14.978565847345408,7926.65704641519,6790426.978362053,1006.74,1
2026-09-13T01:11:15.369592+00:00,1789261875.369592,D_rowsize_rep2,r3-sub,D06,load,16,1,250000,6,0,147745220,713241891,10883,27509,17860971409,7697803569,204811.25,,,1,1.0009968280792236,18.98107912735189,2156.849991365933,,11B/C797DFF0,11B/C797DFF0,0.053049,0.052022,0.4,36.8,0.0,15389715.099857211,0.0,18.98107912735189,6755.266161008078,5284063.6969344895,1006.73,1
2026-09-13T01:11:16.370853+00:00,1789261876.3708534,D_rowsize_rep2,r3-sub,D06,load,16,1,250000,6,0,147745253,713245828,10883,27509,17860971409,7697813770,204814.695,,,1,1.0012614727020264,32.958423848013915,3932.039839079721,,11B/C7DD7FE8,11B/C7DD7FE8,0.137567,0.136397,0.4,36.8,0.0,12951597.9127854,0.0,14.981101749097235,5180.464984837824,4279502.524387233,1006.73,1
2026-09-13T01:11:17.371021+00:00,1789261877.371021,D_rowsize_rep2,r3-sub,D06,load,16,1,250000,6,0,147745271,713247860,10883,27509,17860971409,7697819038,204816.552,,,1,1.0001676082611084,17.996983556880835,2031.659477087881,,11B/C84FFDD8,11B/C84FFDD8,0.162362,0.159860,0.2,36.8,0.0,6781839.307706519,0.0,10.998156618093843,8998.491778440417,7050866.216574132,1006.72,1
2026-09-13T01:11:18.371117+00:00,1789261878.3711176,D_rowsize_rep2,r3-sub,D06,load,16,1,250000,6,0,147745302,713251543,10883,27509,17860971409,7697828577,204820.238,,,1,1.0000965595245361,30.99700694374747,3682.644405607159,,11B/C89E0EA0,11B/C89E0EA0,0.071797,0.070388,1.2,36.8,0.0,14547587.291887948,0.0,14.99855174697458,6038.416933331967,5036786.650275859,1006.72,1
2026-09-13T01:11:19.371288+00:00,1789261879.3712883,D_rowsize_rep2,r3-sub,D06,load,16,1,250000,6,0,147745324,713254083,10883,27509,17860971409,7697835161,204822.911,,,1,1.0001707077026367,21.996245071537203,2539.5664764411135,,11B/C9259F20,11B/C9259F20,0.006614,0.004578,0.2,36.8,0.0,16741590.081618682,0.0,18.996757107236675,8926.476181758371,7810293.72270168,1006.71,1
2026-09-13T01:11:20.372306+00:00,1789261880.372306,D_rowsize_rep2,r3-sub,D06,load,16,1,250000,6,0,147745342,713256115,10883,27509,17860971409,7697840423,204825.014,,,1,1.0010178089141846,17.98169806741481,2029.9339151659385,,11B/C98E3FD8,11B/C98E3FD8,0.097684,0.097413,7.1,36.8,2128265.8320643706,5810917.5962709235,7.991865807739916,19.97966451934979,4678.238447205753,4277494.328142443,1006.7,1
2026-09-13T01:11:21.372969+00:00,1789261881.3729694,D_rowsize_rep2,r3-sub,D06,load,16,1,250000,6,0,147745373,713259798,10883,27509,17860971409,7697849969,204828.571,,,1,1.0006632804870605,30.979451934032326,3680.5587571948727,,11B/C9FFF870,11B/C9FFF870,0.022104,0.020572,0.0,36.8,0.0,15112408.23450556,0.0,14.990057387434996,8130.607126944742,6292523.292085986,1006.7,1
2026-09-13T01:11:22.373946+00:00,1789261882.373947,D_rowsize_rep2,r3-sub,D06,load,16,1,250000,6,0,147745394,713262211,10883,27509,17860971409,7697856217,204830.631,,,1,1.0009775161743164,20.979492207038675,2410.6435569325868,,11B/CA52B898,11B/CA52B898,0.091720,0.090269,1.2,36.8,0.0,10802880.010060966,0.0,11.988281261164957,6597.550787394448,5790509.683127208,1006.69,1
2026-09-13T01:11:23.374939+00:00,1789261883.37494,D_rowsize_rep2,r3-sub,D06,load,16,1,250000,6,0,147745427,713266148,10883,27509,17860971409,7697866422,204834.414,,,1,1.000993013381958,32.967263066608325,3933.0943846435453,,11B/CAACD890,11B/CAACD890,0.041109,0.039465,0.4,36.8,0.0,13798010.391037304,0.0,16.983135519161866,8662.398122744267,5032746.415461445,1006.69,1
2026-09-13T01:11:24.375271+00:00,1789261884.375271,D_rowsize_rep2,r3-sub,D06,load,16,1,250000,6,0,147745446,713268307,10883,27509,17860971409,7697872012,204836.67,,,1,1.000331163406372,18.99370997830394,2158.2852549030636,,11B/CB131E68,11B/CB131E68,0.188026,0.185221,1.0,36.8,0.0,7108301.990499305,0.0,18.99370997830394,6969.69189309132,6546209.135084001,1006.68,1
2026-09-13T01:11:25.375357+00:00,1789261885.3753574,D_rowsize_rep2,r3-sub,D06,load,16,1,250000,6,0,147745480,713272371,10883,27509,17860971409,7697882542,204840.196,,,1,1.0000863075256348,33.99706579737219,4063.649276485899,,11B/CB5CD8A0,11B/CB5CD8A0,0.062498,0.062198,0.2,36.8,0.0,13421433.629272986,0.0,20.998187698376938,15880.629382172501,4537056.417886907,1006.68,1
2026-09-13T01:11:26.375630+00:00,1789261886.3756306,D_rowsize_rep2,r3-sub,D06,load,16,1,250000,6,0,147745497,713274276,10883,27509,17860971409,7697887480,204842.211,,,1,1.0002732276916504,16.9953563980026,1904.4796434232323,,11B/CBDBBEC8,11B/CBDBBEC8,0.056888,0.053256,0.8,36.8,0.0,16743969.083978118,0.0,20.994263785767917,12892.477418155382,7823937.2836763635,1006.67,1
2026-09-13T01:11:27.375873+00:00,1789261887.375873,D_rowsize_rep2,r3-sub,D06,load,16,1,250000,6,0,147745529,713278086,10883,27509,17860971409,7697897352,204845.653,,,1,1.0002424716949463,31.992242786666385,3809.076406787466,,11B/CC1D1DD8,11B/CC1D1DD8,0.186305,0.183797,0.0,36.8,0.0,4316137.458834735,0.0,5.998545522499947,5092.765148602455,4029031.0740064946,1006.66,1
2026-09-13T01:11:28.376988+00:00,1789261888.3769886,D_rowsize_rep2,r3-sub,D06,load,16,1,250000,6,0,147745549,713280372,10883,27509,17860971409,7697903274,204847.931,,,1,1.0011155605316162,19.97771365113886,2283.4526703251718,,11B/CC93DFD0,11B/CC93DFD0,0.014071,0.011198,0.6,36.8,32731.486046025908,16214359.900050083,1.997771365113886,23.97325638136663,9067.884226251928,7298921.611127266,1006.66,1
2026-09-13T01:11:29.377125+00:00,1789261889.3771253,D_rowsize_rep2,r3-sub,D06,load,16,1,250000,6,0,147745580,713284055,10883,27509,17860971409,7697912817,204851.378,,,1,1.0001366138458252,30.995765549264018,3682.4969199335283,,11B/CCE1D050,11B/CCE1D050,0.076281,0.071488,0.2,36.8,0.0,13777061.86259478,0.0,14.997951072224526,5672.225095515316,5036702.916644278,1006.65,1
2026-09-13T01:11:30.378132+00:00,1789261890.378132,D_rowsize_rep2,r3-sub,D06,load,16,1,250000,6,0,147745602,713286595,10883,27509,17860971409,7697919393,204853.666,,,1,1.001006841659546,21.97787176312073,2537.4451944693938,,11B/CD3BBED8,11B/CD3BBED8,0.029795,0.027398,0.6,36.8,0.0,6456986.836657713,0.0,14.984912565764136,5685.275827450913,5032296.274467688,1006.65,1
2026-09-13T01:11:31.378552+00:00,1789261891.378552,D_rowsize_rep2,r3-sub,D06,load,16,1,250000,6,0,147745619,713288500,10883,27509,17860971409,7697924331,204855.778,,,1,1.0004198551177979,16.99286545847121,1904.2005116698622,,11B/CD99F910,11B/CD99F910,0.202013,0.200429,0.0,36.8,0.0,14866334.293463996,0.0,16.99286545847121,7589.813378010112,6045270.862090077,1006.64,1
2026-09-13T01:11:32.379411+00:00,1789261892.3794115,D_rowsize_rep2,r3-sub,D06,load,16,1,250000,6,0,147745651,713292310,10883,27509,17860971409,7697934205,204859.15,,3312,1,1.0008594989776611,31.972519652045815,3806.728121071705,689,11B/CDEBD900,11B/CDEBD900,0.110752,0.109568,4.9,36.8,0.0,15862462.229930187,0.0,90.92185276050529,5176.550759914043,5032954.181026792,1006.64,1
2026-09-13T01:11:33.380920+00:00,1789261893.3809204,D_rowsize_rep2,r3-sub,D06,load,16,1,250000,6,0,147745673,713294850,10883,27509,17860971409,7697940787,204861.528,,,1,1.0015089511871338,21.966853090950817,2536.1730386825034,,11B/CE6ABD90,11B/CE6ABD90,0.065303,0.059605,0.2,36.8,0.0,8335070.785044064,0.0,12.980413190107301,8408.312267222584,7795892.378940031,1006.63,1
2026-09-13T01:11:34.381068+00:00,1789261894.3810685,D_rowsize_rep2,r3-sub,D06,load,16,1,250000,6,0,147745693,713296755,10883,27509,17860971409,7697945811,204863.055,,,1,1.000148057937622,19.997039279605715,1904.7179913824443,,11B/CEAC3FA0,11B/CEAC3FA0,0.149849,0.148750,1.0,36.8,0.0,12703911.085125003,0.0,14.997779459704285,5078.248125055871,4032632.9366842075,1006.63,1
2026-09-13T01:11:35.382176+00:00,1789261895.3821769,D_rowsize_rep2,r3-sub,D06,load,16,1,250000,6,0,147745710,713298660,10883,27509,17860971409,7697950748,204865.462,,,1,1.0011084079742432,16.9811779269737,1902.8908206402882,,11B/CF22FAF0,11B/CF22FAF0,0.018693,0.016263,0.4,36.8,0.0,16390408.7402512,0.0,20.97674920390869,8366.726253901865,7295938.12400377,1006.62,1
2026-09-13T01:11:36.383468+00:00,1789261896.3834684,D_rowsize_rep2,r3-sub,D06,load,16,1,250000,6,0,147745757,713304375,10883,27509,17860971409,7697965554,204871.677,,,1,1.0012915134429932,46.93937716338776,5707.628521037469,,11B/CF70BB38,11B/CF70BB38,0.143463,0.141150,1.2,36.8,0.0,13033023.674721248,0.0,11.984521828950067,5698.640129665756,4779134.68331063,1006.61,1
2026-09-13T01:11:37.384614+00:00,1789261897.384615,D_rowsize_rep2,r3-sub,D06,load,16,1,250000,6,0,147745775,713306407,10883,27509,17860971409,7697970816,204873.418,,,1,1.0011465549468994,17.979385646444857,2029.6728685319972,,11B/CFDB3CD0,11B/CFDB3CD0,0.022780,0.019062,0.6,36.8,32730.472714594725,7470730.397106246,0.9988547581358254,9.988547581358253,8054.764769607295,6544097.832257432,1006.61,1
2026-09-13T01:11:38.385750+00:00,1789261898.38575,D_rowsize_rep2,r3-sub,D06,load,16,1,250000,6,0,147745796,713308820,10883,27509,17860971409,7697977076,204876.102,,,1,1.0011351108551025,20.976189699373553,2410.2640830756372,,11B/D0353BA0,11B/D0353BA0,0.102209,0.101140,0.6,36.8,0.0,14295197.366293687,0.0,17.979591170891617,9041.736626606162,5534987.1759736985,1006.6,1
2026-09-13T01:11:39.385867+00:00,1789261899.3858678,D_rowsize_rep2,r3-sub,D06,load,16,1,250000,6,0,147745827,713312503,10883,27509,17860971409,7697986614,204879.768,,,1,1.0001177787780762,30.996349287856056,3682.5662718443177,,11B/D09F9EB0,11B/D09F9EB0,0.022748,0.019630,0.6,36.8,0.0,15403241.82499944,0.0,15.998115761474093,7610.103691286207,6547675.822742359,1006.6,1
2026-09-13T01:11:40.386077+00:00,1789261900.3860774,D_rowsize_rep2,r3-sub,D06,load,16,1,250000,6,0,147745848,713314916,10883,27509,17860971409,7697992870,204882.023,,,1,1.0002095699310303,20.99559995356579,2412.4944137121074,,11B/D0F9BD88,11B/D0F9BD88,0.133162,0.131060,0.6,36.8,0.0,5995287.567997868,0.0,11.997485687751881,6937.5460989425255,5542922.370141183,1006.59,1
2026-09-13T01:11:41.387255+00:00,1789261901.387256,D_rowsize_rep2,r3-sub,D06,load,16,1,250000,6,0,147745883,713319107,10883,27509,17860971409,7698003727,204886.361,,,1,1.001178503036499,34.958800946931675,4186.066707674018,,11B/D1643B98,11B/D1643B98,0.010028,0.006692,0.4,36.8,0.0,15374648.929551417,0.0,17.97881191556486,11607.320737265514,6559377.753400074,1006.59,1
2026-09-13T01:11:42.388525+00:00,1789261902.388525,D_rowsize_rep2,r3-sub,D06,load,16,1,250000,6,0,147745914,713322790,10883,27509,17860971409,7698013271,204890.082,,,1,1.0012691020965576,30.96070770094582,3678.33182137366,,11B/D1BE5DE8,11B/D1BE5DE8,0.095461,0.093682,0.8,36.8,0.0,14461007.505056996,0.0,22.970847649088835,5953.444471139937,5533918.891932069,1006.58,1
2026-09-13T01:11:43.389599+00:00,1789261903.3895996,D_rowsize_rep2,r3-sub,D06,load,16,1,250000,6,0,147745916,713322790,10883,27509,17860971409,7698013271,204890.082,,,1,1.0010745525360107,1.9978532017754551,0.0,,11B/D2103F60,11B/D2103F60,0.092209,0.091742,0.6,36.9,0.0,53739118.493939355,0.0,255.72520982725825,7869.543761793518,7047768.802160421,1006.57,1
2026-09-13T01:11:44.390175+00:00,1789261904.3901749,D_rowsize_rep2,r3-sub,D06,load,16,1,250000,6,0,147745941,713325711,10883,27509,17860971409,7698020885,204893.518,,,1,1.000575304031372,24.98562566882637,2919.3205031456732,,11B/D282B920,11B/D282B920,0.116412,0.057894,1.8,36.9,0.0,98181979.51137902,0.0,583.664215623784,4299.5264650916415,5032876.565822285,1006.57,1
2026-09-13T01:11:45.390817+00:00,1789261905.390817,D_rowsize_rep2,r3-sub,D06,load,16,1,250000,6,0,147745986,713331172,10883,27509,17860971409,7698035036,204898.408,,,1,1.0006420612335205,44.971125783506636,5457.495953416216,,11B/D2E91850,11B/D2E91850,0.044192,0.042133,1.0,37.0,0.0,118728249.19386886,0.0,433.72152422315287,7042.478297697139,6292545.800281487,1006.56,1
2026-09-13T01:11:46.391994+00:00,1789261906.391995,D_rowsize_rep2,r3-sub,D06,load,16,1,250000,6,0,147746018,713334982,10883,27509,17860971409,7698044906,204902.405,,,1,1.0011780261993408,31.962347517232264,3805.5170012704666,,11B/D3475ED0,11B/D3475ED0,0.105090,0.037284,6.6,36.9,0.0,130324554.26066352,0.0,441.47992508177066,6511.32948327616,5789075.317605903,1006.55,1
2026-09-13T01:11:47.392438+00:00,1789261907.392438,D_rowsize_rep2,r3-sub,D06,load,16,1,250000,6,0,147746045,713337395,10896,27509,17860971409,7698140966,204905.086,,,1,1.0004429817199707,26.9880447895005,2411.931558409804,,11B/D3A15D80,11B/D3A15D80,0.108001,0.105605,1.4,36.9,0.0,38039085.38053202,0.0,22.989815931796723,7043.879690059631,6042062.476771869,1006.55,1
2026-09-13T01:11:48.393587+00:00,1789261908.3935874,D_rowsize_rep2,r3-sub,D06,load,16,1,250000,6,0,147746076,713341078,10896,27509,17860971409,7698150508,204908.307,,,1,1.0011494159698486,30.96440901378263,3678.771561218111,,11B/D40BDEE8,11B/D40BDEE8,0.104960,0.102911,0.8,36.9,0.0,7266144.177842765,0.0,10.987370940374483,7296.613156312327,6037966.864460573,1006.54,1
2026-09-13T01:11:49.393734+00:00,1789261909.3937347,D_rowsize_rep2,r3-sub,D06,load,16,1,250000,6,0,147746093,713342983,10896,27509,17860971409,7698155444,204909.99,,,1,1.0001473426818848,16.99749554342131,1904.7193535422114,,11B/D4723D40,11B/D4723D40,0.032728,0.030125,0.4,36.9,0.0,15144776.528009817,0.0,16.99749554342131,7900.8358696538335,6298864.908351574,1006.54,1
2026-09-13T01:11:50.394860+00:00,1789261910.3948603,D_rowsize_rep2,r3-sub,D06,load,16,1,250000,6,0,147746129,713347301,10896,27509,17860971409,7698166638,204914.314,,,1,1.0011255741119385,35.959524889706536,4313.145235382023,,11B/D4D059E8,11B/D4D059E8,0.085304,0.081033,1.2,36.9,0.0,14315790.516802354,0.0,16.980886753472532,6856.28274563738,5786182.22308274,1006.53,1
2026-09-13T01:11:51.395867+00:00,1789261911.3958673,D_rowsize_rep2,r3-sub,D06,load,16,1,250000,6,0,147746149,713349587,10896,27509,17860971409,7698172559,204916.573,,,1,1.001007080078125,19.979878662235908,2283.7001310935643,,11B/D536DFF0,11B/D536DFF0,0.033466,0.030581,0.6,36.9,0.0,12251086.175177585,0.0,16.98289686290052,7387.560135361727,6290567.894393464,1006.52,1
2026-09-13T01:11:52.396009+00:00,1789261912.3960094,D_rowsize_rep2,r3-sub,D06,load,16,1,250000,6,0,147746179,713353143,10896,27509,17860971409,7698181773,204920.525,,,1,1.0001420974731445,29.995737681470356,3555.494773176953,,11B/D5951FD8,11B/D5951FD8,0.076431,0.073770,2.2,36.9,0.0,9075446.401998617,0.0,10.998437149872464,6884.021797897447,5795072.534836111,1006.52,1
2026-09-13T01:11:53.396405+00:00,1789261913.396405,D_rowsize_rep2,r3-sub,D06,load,16,1,250000,6,0,147746200,713355556,10896,27509,17860971409,7698188026,204922.766,,,1,1.0003955364227295,20.991697019253984,2412.045947974279,,11B/D5FB5840,11B/D5FB5840,0.002938,0.000547,0.4,36.9,0.0,22076899.782035258,0.0,21.99130163921846,9624.19328101797,6294297.376132249,1006.51,1
2026-09-13T01:11:54.397710+00:00,1789261914.3976662,D_rowsize_rep2,r3-sub,D06,load,16,1,250000,6,0,147746218,713357588,10896,27509,17860971409,7698193294,204924.826,,,1,1.0012612342834473,17.97732637964527,2029.4404001910661,,11B/D6597D98,11B/D6597D98,0.033203,0.030986,1.0,36.9,0.0,7400330.449528216,0.0,21.97228779734422,7433.624457983319,5785574.035676782,1006.51,1
2026-09-13T01:11:55.398819+00:00,1789261915.3987823,D_rowsize_rep2,r3-sub,D06,load,16,1,250000,6,0,147746252,713361652,10896,27509,17860971409,7698203820,204929.028,,,1,1.0011160373687744,33.96209703059192,4059.469480362516,,11B/D6B37908,11B/D6B37908,0.019868,0.018004,0.8,36.9,0.0,18202789.00725199,0.0,121.86399522741806,6736.481834538585,5286482.088439944,1006.5,1
2026-09-13T01:11:56.400002+00:00,1789261916.4000027,D_rowsize_rep2,r3-sub,D06,load,16,1,250000,6,0,147746283,713365335,10896,27509,17860971409,7698213363,204932.525,,,1,1.001220464706421,30.962211713371097,3678.510507753089,,11B/D711BDE0,11B/D711BDE0,0.209544,0.207809,1.4,36.9,0.0,14850355.66503303,0.0,16.979277391203507,11130.415720445404,6558929.058572094,1006.5,1
2026-09-13T01:11:57.401150+00:00,1789261917.4011507,D_rowsize_rep2,r3-sub,D06,load,16,1,250000,6,0,147746301,713367367,10896,27509,17860971409,7698218627,204934.376,,,1,1.001147985458374,17.979359956219387,2029.6699683909887,,11B/D7741ED8,11B/D7741ED8,0.008155,0.005866,0.2,36.9,0.0,6476533.034255995,0.0,13.98394663261508,6014.095905355385,5534665.2847361555,1006.49,1
2026-09-13T01:11:58.402440+00:00,1789261918.4024408,D_rowsize_rep2,r3-sub,D06,load,16,1,250000,6,0,147746336,713371558,10896,27509,17860971409,7698229487,204938.941,,,1,1.0012900829315186,34.95490527333402,4185.60022858694,,11B/D7E27820,11B/D7E27820,0.006575,0.004963,6.2,36.9,0.0,15094766.499383887,0.0,18.975520005524185,8625.8719098796,6794501.529548553,1006.48,1
2026-09-13T01:11:59.403606+00:00,1789261919.403607,D_rowsize_rep2,r3-sub,D06,load,16,1,250000,6,0,147746357,713373971,10896,27509,17860971409,7698235741,204941.128,,,1,1.0011661052703857,20.975540311893113,2410.1894653618133,,11B/D83125D8,11B/D83125D8,0.061012,0.058889,0.2,36.9,0.0,13517421.263822233,0.0,18.97786980599853,6052.941632860584,5031807.382891244,1006.48,1
2026-09-13T01:12:00.405399+00:00,1789261920.4053993,D_rowsize_rep2,r3-sub,D06,load,16,1,250000,6,0,147746375,713376003,10896,27509,17860971409,7698241005,204943.505,,,1,1.0017924308776855,17.96779397128198,2028.3642972024993,,11B/D8A61C40,11B/D8A61C40,0.148557,0.145628,1.0,36.9,0.0,16510054.86786256,0.0,25.95348018074064,7121.235677284759,6787939.088382135,1006.47,1
2026-09-13T01:12:01.405787+00:00,1789261921.405788,D_rowsize_rep2,r3-sub,D06,load,16,1,250000,6,0,147746409,713380067,10896,27509,17860971409,7698251539,204947.388,,,1,1.0003886222839355,33.986791975278926,4062.421252574516,,11B/D8F3DE50,11B/D8F3DE50,0.062460,0.061433,0.0,36.9,0.0,4847780.044647032,0.0,9.996115286846743,6559.450851228832,4787046.646998737,1006.47,1
2026-09-13T01:12:02.406072+00:00,1789261922.4060726,D_rowsize_rep2,r3-sub,D06,load,16,1,250000,6,0,147746411,713380067,10896,27509,17860971409,7698251539,204947.388,,4030,1,1.0002846717834473,1.9994308184630287,0.0,718,11B/D969FE98,11B/D969FE98,0.130072,0.126991,1.9,36.9,0.0,16485802.95707065,0.0,19.994308184630288,8742.511253729594,7301799.383747054,1006.46,1
2026-09-13T01:12:03.407188+00:00,1789261923.407188,D_rowsize_rep2,r3-sub,D06,load,16,1,250000,6,0,147746457,713385655,10896,27509,17860971409,7698266014,204952.504,,,1,1.001115322113037,45.94875234044823,5581.774523444015,,11B/D9B51FD0,11B/D9B51FD0,0.042647,0.041327,0.2,36.9,0.0,13215340.638354724,0.0,12.985516965778848,5639.7099068297985,4528632.116458704,1006.46,1
2026-09-13T01:12:04.408073+00:00,1789261924.4080737,D_rowsize_rep2,r3-sub,D06,load,16,1,250000,6,0,147746481,713388068,10896,27509,17860971409,7698272436,204954.659,,,1,1.0008857250213623,23.978761411036967,2410.8646368680083,,11B/DA341F80,11B/DA341F80,0.043778,0.041076,0.4,37.0,0.0,8352537.948147448,0.0,14.986725881898105,10035.111650518971,7804173.648128796,1006.45,1
2026-09-13T01:12:05.409614+00:00,1789261925.4096146,D_rowsize_rep2,r3-sub,D06,load,16,1,250000,6,0,147746513,713391878,10896,27509,17860971409,7698282310,204958.005,,,1,1.0015408992767334,31.95076708610594,3804.1382061894888,,11B/DA7578D8,11B/DA7578D8,0.160775,0.159273,0.2,36.9,0.0,21266430.572512116,0.0,26.95845972890189,5481.55347821005,4023739.8222181806,1006.45,1
2026-09-13T01:12:06.410847+00:00,1789261926.4108474,D_rowsize_rep2,r3-sub,D06,load,16,1,250000,6,0,147746533,713394164,10896,27509,17860971409,7698288234,204960.089,,,1,1.0012328624725342,19.975373112115204,2283.185146714768,,11B/DADBDD98,11B/DADBDD98,0.064889,0.062649,0.8,36.9,0.0,15725636.45296043,0.0,17.977835800903684,7871.295774828996,6288898.652857321,1006.44,1
2026-09-13T01:12:07.411960+00:00,1789261927.4119608,D_rowsize_rep2,r3-sub,D06,load,16,1,250000,6,0,147746562,713397593,10896,27509,17860971409,7698297115,204964.033,,,1,1.0011134147644043,28.96774688292902,3425.186346950469,,11B/DB3A2AA8,11B/DB3A2AA8,0.051825,0.050380,0.4,36.9,0.0,14851943.626685947,0.0,16.9810930003377,7941.158197216749,6041017.841543196,1006.43,1
2026-09-13T01:12:08.413161+00:00,1789261928.4131613,D_rowsize_rep2,r3-sub,D06,load,16,1,250000,6,0,147746585,713400260,10896,27509,17860971409,7698304027,204967.17,,,1,1.0012004375457764,22.97242304086429,2663.8022717384806,,11B/DB7F9DE0,11B/DB7F9DE0,0.142827,0.141835,1.0,36.9,0.0,4041995.836438068,0.0,5.992806010660249,7611.862434540293,4025499.639092724,1006.43,1
2026-09-13T01:12:09.414127+00:00,1789261929.414127,D_rowsize_rep2,r3-sub,D06,load,16,1,250000,6,0,147746600,713401911,10896,27509,17860971409,7698308301,204968.604,,,1,1.0009658336639404,14.985526474059483,1649.4069472448136,,11B/DBFE99E8,11B/DBFE99E8,0.129899,0.127158,0.4,36.9,0.0,16720107.157642458,0.0,19.980701965412642,8514.776142560599,7799976.520098943,1006.42,1
2026-09-13T01:12:10.414524+00:00,1789261930.4145243,D_rowsize_rep2,r3-sub,D06,load,16,1,250000,6,0,147746638,713406483,10896,27509,17860971409,7698320147,204972.554,,,1,1.0003972053527832,37.984912189553306,4570.184698174678,,11B/DC441898,11B/DC441898,0.039366,0.039079,4.5,37.0,69604.35277849936,4892776.56295922,2.998808857069998,12.994838380636658,5692.738813671213,4283584.537292688,1006.42,1
2026-09-13T01:12:11.415468+00:00,1789261931.4154687,D_rowsize_rep2,r3-sub,D06,load,16,1,250000,6,0,147746655,713408388,10896,27509,17860971409,7698325085,204974.298,,,1,1.0009443759918213,16.98396075521674,1903.2026610992875,,11B/DCB89C48,11B/DCB89C48,0.055488,0.052529,0.8,36.9,0.0,24560997.18392431,0.0,23.977356360305983,12329.356451772339,7315563.357598436,1006.41,1
2026-09-13T01:12:12.415811+00:00,1789261932.415811,D_rowsize_rep2,r3-sub,D06,load,16,1,250000,6,0,147746687,713412198,10896,27509,17860971409,7698334955,204977.617,,,1,1.0003423690795898,31.989047939100136,3808.69602024911,,11B/DD047B20,11B/DD047B20,0.130820,0.128879,1.4,36.9,0.0,13233741.176213969,0.0,13.995208473356309,5710.045057129374,4532149.332204569,1006.41,1
2026-09-13T01:12:13.416649+00:00,1789261933.4166496,D_rowsize_rep2,r3-sub,D06,load,16,1,250000,6,0,147746708,713414611,10896,27509,17860971409,7698341204,204979.586,,,1,1.0008385181427002,20.98240587199883,2410.9783509111035,,11B/DD7CFA10,11B/DD7CFA10,0.050894,0.048201,0.6,36.9,0.0,8111470.384918271,0.0,12.989108396951657,9232.258583679486,7552655.96095117,1006.4,1
2026-09-13T01:12:14.417170+00:00,1789261934.4171708,D_rowsize_rep2,r3-sub,D06,load,16,1,250000,6,0,147746725,713416516,10896,27509,17860971409,7698346140,204981.214,,,1,1.000521183013916,16.991144504097473,1904.0076635473931,,11B/DDC94B90,11B/DDC94B90,0.163498,0.162143,0.4,36.9,0.0,13493383.477731152,0.0,14.992186327144829,5777.988610481617,4783013.174777969,1006.39,1
2026-09-13T01:12:15.417924+00:00,1789261935.4179242,D_rowsize_rep2,r3-sub,D06,load,16,1,250000,6,0,147746757,713420326,10896,27509,17860971409,7698356012,204984.31,,,1,1.000753402709961,31.97590926330756,3807.1316966625564,,11B/DE3FDB28,11B/DE3FDB28,0.022587,0.013953,1.2,36.9,4092.9163857033677,15888701.409300473,0.9992471644783613,26.979673440915754,11844.076640562016,7051939.050009244,1006.39,1
2026-09-13T01:12:16.419591+00:00,1789261936.4195917,D_rowsize_rep2,r3-sub,D06,load,16,1,250000,6,0,147746790,713424263,10896,27509,17860971409,7698366216,204991.167,,,1,1.0016674995422363,32.94506412065985,3930.445983122359,,11B/DE8D9980,11B/DE8D9980,0.132653,0.130682,1.0,36.9,0.0,5381362.580360641,0.0,6.988346934685423,6037.931751568206,4780669.236236991,1006.38,1
2026-09-13T01:12:17.420738+00:00,1789261937.4207387,D_rowsize_rep2,r3-sub,D06,load,16,1,250000,6,0,147746812,713426803,10896,27509,17860971409,7698372792,204993.122,,,1,1.0011470317840576,21.974794212590034,2537.0898772717583,,11B/DEFFFB08,11B/DEFFFB08,0.050617,0.048711,0.2,36.9,0.0,15915184.777211389,0.0,18.978231365418665,7943.888107851297,7044183.098093765,1006.38,1
2026-09-13T01:12:18.420869+00:00,1789261938.4208698,D_rowsize_rep2,r3-sub,D06,load,16,1,250000,6,0,147746846,713430867,10896,27509,17860971409,7698383323,204996.609,,,1,1.0001311302185059,33.99554215712871,4063.4671566638553,,11B/DF524078,11B/DF524078,0.140239,0.138966,0.8,36.9,0.0,16279465.270161966,0.0,98.98701981046301,6722.118527128715,5288536.513051467,1006.37,1
2026-09-13T01:12:19.421871+00:00,1789261939.4218712,D_rowsize_rep2,r3-sub,D06,load,16,1,250000,6,0,147746863,713432772,10896,27509,17860971409,7698388261,204998.275,,,1,1.0010013580322266,16.982993942604317,1903.0943212153663,,11B/DFFFEF60,11B/DFFFEF60,0.009867,0.009598,0.6,36.9,0.0,14845422.41702092,0.0,15.983994298921711,8976.011798488224,6294383.0689559905,1006.37,1
2026-09-13T01:12:20.422212+00:00,1789261940.4222121,D_rowsize_rep2,r3-sub,D06,load,16,1,250000,6,0,147746897,713436836,10896,27509,17860971409,7698398795,205001.609,,,1,1.0003409385681152,33.98841203946675,4062.6148978939086,,11B/E7FFF240,11B/E7FFF240,0.031473,0.031204,0.8,36.9,0.0,6084581.531485075,0.0,8.996932598682376,8328.160608846985,5792557.093878687,1006.36,1
2026-09-13T01:12:21.423503+00:00,1789261941.4235036,D_rowsize_rep2,r3-sub,D06,load,16,1,250000,6,0,147746916,713438995,10896,27509,17860971409,7698404383,205003.516,,,1,1.0012915134429932,18.975492895837604,2156.2152190585994,,11B/EEF99F68,11B/EEF99F68,0.068551,0.068201,0.4,36.9,0.0,22605300.949940246,0.0,24.967753810312637,6966.003313077226,5032235.799816226,1006.36,1
2026-09-13T01:12:22.424090+00:00,1789261942.4240906,D_rowsize_rep2,r3-sub,D06,load,16,1,250000,6,0,147746939,713441662,10896,27509,17860971409,7698411295,205005.676,,,1,1.000586986541748,22.98650722961442,2665.4354252774638,,11B/EF6D18E8,11B/EF6D18E8,0.180536,0.178656,1.4,36.9,0.0,15105373.349135978,0.0,15.990613724949164,8260.151402294052,6297132.667872357,1006.35,1
2026-09-13T01:12:23.424798+00:00,1789261943.4247983,D_rowsize_rep2,r3-sub,D06,load,16,1,250000,6,0,147746965,713444710,10896,27509,17860971409,7698419191,205008.407,,,1,1.0007076263427734,25.981614724992806,3045.8446800683873,,11B/EFB2BBB0,11B/EFB2BBB0,0.015820,0.013845,0.4,36.9,0.0,8018389.976026333,0.0,11.991514488458218,8158.227023647741,4530774.904324523,1006.34,1
2026-09-13T01:12:24.425939+00:00,1789261944.4259396,D_rowsize_rep2,r3-sub,D06,load,16,1,250000,6,0,147746970,713445091,10896,27509,17860971409,7698420177,205008.734,,,1,1.0011413097381592,4.994299956823989,380.56565670998793,,11B/EFEBFA40,11B/EFEBFA40,0.140165,0.137175,5.5,36.9,0.0,9017292.476284986,0.0,8.98973992228318,5088.192796012279,3522267.0023697987,1006.34,1
2026-09-13T01:12:25.426059+00:00,1789261945.4260595,D_rowsize_rep2,r3-sub,D06,load,16,1,250000,6,0,147746988,713447123,10896,27509,17860971409,7698425446,205010.527,,,1,1.000119924545288,17.997841617027913,2031.7563425444841,,11B/EFFFFBD0,11B/EFFFFBD0,0.130584,0.129045,0.4,36.9,0.0,9886558.358984334,0.0,10.998680988183724,2114.7463900007797,1262630.5796018743,1006.34,1
2026-09-13T01:12:26.427435+00:00,1789261946.427435,D_rowsize_rep2,r3-sub,D06,load,16,1,250000,6,0,147747006,713449155,10896,27509,17860971409,7698430708,205012.301,,,1,1.001375436782837,17.97527614400988,2029.2089513682263,,11B/F035E600,11B/F035E600,0.475836,0.474564,0.6,36.9,0.0,12250669.977898004,0.0,27.96154066845981,7989.011619559946,3539918.06648313,1006.34,1
2026-09-13T01:12:27.428648+00:00,1789261947.4285696,D_rowsize_rep2,r3-sub,D06,load,16,1,250000,6,0,147747010,713449409,10896,27509,17860971409,7698431368,205012.494,,,1,1.0011346340179443,3.995466607669378,253.71212958700548,,11B/F0569E68,11B/F0569E68,0.160757,0.159143,0.0,36.9,0.0,1611994.9756638564,0.0,2.9965999557520333,2067.653969468903,1509606.149509069,1006.34,1
2026-09-13T01:12:28.429041+00:00,1789261948.4290414,D_rowsize_rep2,r3-sub,D06,load,16,1,250000,6,0,147747026,713451187,10896,27509,17860971409,7698435970,205014.118,,,1,1.000471830368042,15.99245427441381,1777.1614812442344,,11B/F0776020,11B/F0776020,0.388535,0.387214,0.8,36.9,0.0,11111301.350594323,0.0,14.992925882262945,3415.388515979499,2520871.576236398,1006.33,1
2026-09-13T01:12:29.429945+00:00,1789261949.429946,D_rowsize_rep2,r3-sub,D06,load,16,1,250000,6,0,147747028,713451187,10896,27509,17860971409,7698435970,205014.118,,,1,1.0009045600891113,1.9981925148007502,0.0,,11B/F07B5928,11B/F07B5928,0.184434,0.184061,0.6,36.8,0.0,8381026.857598846,0.0,5.994577544402251,301.7270697349133,398.6394067027497,1006.33,1
2026-09-13T01:12:30.430089+00:00,1789261950.4300897,D_rowsize_rep2,r3-sub,D06,load,16,1,250000,6,0,147747038,713452203,10896,27509,17860971409,7698438606,205015.048,,,1,1.0001437664031982,9.998562542626093,1015.8539543308111,,11B/F0B8B9A8,11B/F0B8B9A8,0.065848,0.063565,1.2,36.8,0.0,11360670.717233064,0.0,11.998275051151312,4322.378587177261,3777647.9011487025,1006.33,1
2026-09-13T01:12:31.430201+00:00,1789261951.4302015,D_rowsize_rep2,r3-sub,D06,load,16,1,250000,6,0,147747048,713453219,10896,27509,17860971409,7698441240,205016.198,,,1,1.0001118183135986,9.998881941883386,1015.8864052953521,,11B/F0B8D758,11B/F0B8D758,0.866372,0.864839,0.6,36.8,0.0,1392484.2947544479,0.0,6.99921735931837,986.8896476638903,255227.46089573856,1006.33,1
2026-09-13T01:12:32.430558+00:00,1789261952.4305582,D_rowsize_rep2,r3-sub,D06,load,16,1,250000,6,0,147747051,713453346,10896,27509,17860971409,7698441568,205016.309,,4583,1,1.000356674194336,2.998930358930359,126.95471852805186,553,11B/F0D97F48,11B/F0D97F48,0.111903,0.109704,1.2,36.8,0.0,10269105.275149435,0.0,8.996791076791077,2363.1571228371226,1762566.3380714047,1006.33,1
2026-09-13T01:12:33.431554+00:00,1789261953.4315546,D_rowsize_rep2,r3-sub,D06,load,16,1,250000,6,0,147747068,713455251,10896,27509,17860971409,7698446502,205017.988,,,1,1.0009963512420654,16.98307888825559,1903.103840125112,,11B/F0FA4FA8,11B/F0FA4FA8,0.386713,0.385160,0.4,36.8,0.0,10810860.585627714,0.0,10.989051045341853,3098.9123947864027,2264748.5150041096,1006.32,1
2026-09-13T01:12:34.432344+00:00,1789261954.4323444,D_rowsize_rep2,r3-sub,D06,load,16,1,250000,6,0,147747074,713455378,10896,27509,17860971409,7698446951,205018.089,,,1,1.0007898807525635,5.995264455999678,126.89976431865985,,11B/F13BBCB8,11B/F13BBCB8,0.102089,0.099633,0.6,36.8,0.0,9036829.981933083,0.0,8.992896683999517,4748.249449151745,3778312.5836130357,1006.32,1
2026-09-13T01:12:35.432984+00:00,1789261955.4329848,D_rowsize_rep2,r3-sub,D06,load,16,1,250000,6,0,147747091,713457283,10896,27509,17860971409,7698451887,205019.893,,,1,1.0006403923034668,16.989120298118415,1903.7808334067986,,11B/F16CDFE8,11B/F16CDFE8,0.038777,0.036158,0.0,36.8,0.0,3233769.119144911,0.0,4.996800087681886,3681.642304604014,3020530.6754030865,1006.32,1
2026-09-13T01:12:36.433122+00:00,1789261956.4331224,D_rowsize_rep2,r3-sub,D06,load,16,1,250000,6,0,147747109,713459315,10896,27509,17860971409,7698457155,205021.748,,,1,1.0001375675201416,17.9975241252374,2031.7205012490224,,11B/F1BA9C40,11B/F1BA9C40,0.059351,0.056593,6.5,36.8,0.0,13428936.614491805,0.0,24.996561285051946,5927.184611911518,4533083.394958761,1006.31,1
2026-09-13T01:12:37.434271+00:00,1789261957.4342716,D_rowsize_rep2,r3-sub,D06,load,16,1,250000,6,0,147747128,713461474,10896,27509,17860971409,7698462747,205023.599,,,1,1.0011491775512695,18.97819068929615,2156.521773588968,,11B/F2003F78,11B/F2003F78,0.074024,0.073662,0.0,36.8,0.0,4860462.465645691,0.0,7.99081713233522,5867.257479417136,4531625.357867975,1006.31,1
2026-09-13T01:12:38.435148+00:00,1789261958.435148,D_rowsize_rep2,r3-sub,D06,load,16,1,250000,6,0,147747157,713464903,10896,27509,17860971409,7698471629,205026.268,,,1,1.0008764266967773,28.97460588187652,3425.99736444671,,11B/F25A5CA8,11B/F25A5CA8,0.054358,0.051968,1.0,36.8,0.0,15326087.807488363,0.0,37.966724948665785,9095.028873886964,5536409.742697202,1006.3,1
2026-09-13T01:12:39.436555+00:00,1789261959.4365556,D_rowsize_rep2,r3-sub,D06,load,16,1,250000,6,0,147747178,713467316,10896,27509,17860971409,7698477887,205028.441,,,1,1.0014076232910156,20.97048146187046,2409.6081794044485,,11B/F2C4CEA8,11B/F2C4CEA8,0.138025,0.136723,0.2,36.8,0.0,7288812.098326559,0.0,10.984537908598812,7648.234167450755,6790578.4236514,1006.3,1
2026-09-13T01:12:40.437570+00:00,1789261960.4375706,D_rowsize_rep2,r3-sub,D06,load,16,1,250000,6,0,147747211,713471253,10896,27509,17860971409,7698488085,205031.513,,,1,1.0010149478912354,32.966540679056465,3933.0082016195547,,11B/F347BFC8,11B/F347BFC8,0.185356,0.183246,1.0,36.8,0.0,16719286.79512433,0.0,17.981749461303526,9590.266379361881,7802888.47479696,1006.29,1
2026-09-13T01:12:41.437888+00:00,1789261961.437888,D_rowsize_rep2,r3-sub,D06,load,16,1,250000,6,0,147747247,713475571,10896,27509,17860971409,7698499271,205034.998,,,1,1.0003173351287842,35.988579559470736,4316.6301816054065,,11B/F3CA9E68,11B/F3CA9E68,0.137650,0.135381,0.2,36.8,0.0,8762659.30038242,0.0,18.993972545276222,12606.999356235707,8075504.358784308,1006.28,1
2026-09-13T01:12:42.439187+00:00,1789261962.4391873,D_rowsize_rep2,r3-sub,D06,load,16,1,250000,6,0,147747277,713479127,10896,27509,17860971409,7698508486,205037.954,,,1,1.0012993812561035,29.96106914833583,3551.3853963827405,,11B/F44DB7F8,11B/F44DB7F8,0.058956,0.056660,0.6,36.8,0.0,20371609.512442872,0.0,21.97145070877961,9497.658920022459,8049153.081358575,1006.28,1
2026-09-13T01:12:43.441029+00:00,1789261963.4410293,D_rowsize_rep2,r3-sub,D06,load,16,1,250000,6,0,147747315,713483699,10896,27509,17860971409,7698520384,205041.819,,,1,1.0018420219421387,37.93013186483676,4563.59376015878,,11B/F4B42AC0,11B/F4AFF870,0.001234,0.000416,1.0,36.9,0.0,16030886.754845634,0.0,17.966904567554252,7650.906861683519,7042186.1386120515,1006.27,1
2026-09-13T01:12:44.441329+00:00,1789261964.441329,D_rowsize_rep2,r3-sub,D06,load,16,1,250000,6,0,147747356,713487763,10909,27509,17860971409,7698610996,205045.341,,,1,1.0002996921539307,40.98771630301645,4062.7824159868014,,11B/F5124B38,11B/F5124B38,0.189521,0.188202,1.0,36.9,0.0,8369715.661885503,0.0,9.997003976345475,7392.784440507479,6042958.972609384,1006.26,1
2026-09-13T01:12:45.441810+00:00,1789261965.4418101,D_rowsize_rep2,r3-sub,D06,load,16,1,250000,6,0,147747374,713489795,10909,27509,17860971409,7698616264,205046.936,,,1,1.000481128692627,17.99134384825569,2031.0228166475308,,11B/F5953C28,11B/F5953C28,0.051593,0.049912,0.4,36.9,0.0,9322106.866910595,0.0,26.98701577238353,8404.956134443448,7300409.563491076,1006.25,1
2026-09-13T01:12:46.442960+00:00,1789261966.4429598,D_rowsize_rep2,r3-sub,D06,load,16,1,250000,6,0,147747408,713493859,10909,27509,17860971409,7698626790,205050.652,,,1,1.0011496543884277,33.96095663716688,4059.3331698072407,,11B/F613F9A8,11B/F613F9A8,0.078953,0.075524,1.0,36.9,0.0,8096675.621340251,0.0,12.985071655387335,8564.154182560847,7550318.74292317,1006.25,1
2026-09-13T01:12:47.443019+00:00,1789261967.443019,D_rowsize_rep2,r3-sub,D06,load,16,1,250000,6,0,147747441,713497796,10909,27509,17860971409,7698636995,205054.006,,,1,1.0000591278076172,32.99804889771303,3936.7672275847335,,11B/F65DB980,11B/F65DB980,0.046344,0.045145,0.6,36.9,0.0,12975360.795363128,0.0,13.999172259635833,5150.695450670298,4533296.956089709,1006.24,1
2026-09-13T01:12:48.444006+00:00,1789261968.444007,D_rowsize_rep2,r3-sub,D06,load,16,1,250000,6,0,147747456,713499447,10909,27509,17860971409,7698641269,205055.328,,,1,1.0009880065917969,14.985194529025964,1649.3704111614577,,11B/F6D47E18,11B/F6D47E18,0.155665,0.153145,4.3,36.9,0.0,16453759.577078005,0.0,19.98025937203462,8436.664519841617,7296637.873682846,1006.24,1
2026-09-13T01:12:49.444521+00:00,1789261969.4445212,D_rowsize_rep2,r3-sub,D06,load,16,1,250000,6,0,147747490,713503511,10909,27509,17860971409,7698651801,205059.088,,,1,1.000514268875122,33.98252384568807,4061.9110855551858,,11B/F7223F48,11B/F7223F48,0.079836,0.078703,0.2,36.9,0.0,13501664.514178019,0.0,13.992803936459794,6179.821909937921,4786168.62244639,1006.23,1
2026-09-13T01:12:50.445517+00:00,1789261970.4455173,D_rowsize_rep2,r3-sub,D06,load,16,1,250000,6,0,147747508,713505543,10909,27509,17860971409,7698657065,205060.869,,,1,1.0009961128234863,17.98208781173767,2029.977912969497,,11B/F7989CD8,11B/F7989CD8,0.129553,0.126273,1.7,36.9,0.0,7868769.817479746,0.0,9.990048784298706,9299.736413303666,7296623.739524905,1006.22,1
2026-09-13T01:12:51.446810+00:00,1789261971.446811,D_rowsize_rep2,r3-sub,D06,load,16,1,250000,6,0,147747545,713509988,10909,27509,17860971409,7698668585,205064.845,,,1,1.001293659210205,36.952196450724216,4439.257114147815,,11B/F7E69820,11B/F7E69820,0.010188,0.009111,0.2,36.9,0.0,13372524.510503294,0.0,19.97416024363471,5518.86047531627,4779329.176791841,1006.22,1
2026-09-13T01:12:52.448710+00:00,1789261972.44871,D_rowsize_rep2,r3-sub,D06,load,16,1,250000,6,0,147747564,713512147,10909,27509,17860971409,7698674172,205066.782,,,1,1.001899003982544,18.96398731256852,2154.9078214650226,,11B/F85D7FF8,11B/F85D7FF8,0.014213,0.012064,0.8,36.9,0.0,16451063.365152493,0.0,19.96209190796686,8425.998994352813,7293415.774398069,1006.21,1
2026-09-13T01:12:53.449708+00:00,1789261973.449708,D_rowsize_rep2,r3-sub,D06,load,16,1,250000,6,0,147747595,713515830,10909,27509,17860971409,7698683718,205069.684,,,1,1.0009980201721191,30.969092221250975,3679.3279564795916,,11B/F8A71C80,11B/F8A71C80,0.117423,0.115501,0.0,36.9,0.0,4861196.427904318,0.0,8.991026773911573,7430.584127150476,4529239.727387704,1006.21,1
2026-09-13T01:12:54.450289+00:00,1789261974.4502895,D_rowsize_rep2,r3-sub,D06,load,16,1,250000,6,0,147747616,713518243,10909,27509,17860971409,7698689966,205071.91,,,1,1.0005815029144287,20.98779553572854,2411.5976489387126,,11B/F8FFFD28,11B/F8FFFD28,0.023305,0.021860,0.4,36.9,0.0,14041115.050676202,0.0,15.990701360555079,6164.415374493982,5286349.972084543,1006.2,1
2026-09-13T01:12:55.451575+00:00,1789261975.4515755,D_rowsize_rep2,r3-sub,D06,load,16,1,250000,6,0,147747633,713520148,10909,27509,17860971409,7698694904,205073.437,,,1,1.0012860298156738,16.978165572857858,1902.553259782013,,11B/F9636000,11B/F9636000,0.153869,0.151731,0.0,36.9,0.0,15094827.601641832,0.0,16.978165572857858,7900.839285110501,6291441.019265671,1006.2,1
2026-09-13T01:12:56.452573+00:00,1789261976.4525733,D_rowsize_rep2,r3-sub,D06,load,16,1,250000,6,0,147747667,713524212,10909,27509,17860971409,7698705436,205076.999,,,1,1.00099778175354,33.966109235965604,4059.9490569107124,,11B/F9B11E10,11B/F9B11E10,0.040704,0.039723,0.8,36.9,0.0,13613808.390391877,0.0,28.971093171853017,9334.686020613606,4799363.282887724,1006.19,1
2026-09-13T01:12:57.452856+00:00,1789261977.4528563,D_rowsize_rep2,r3-sub,D06,load,16,1,250000,6,0,147747685,713526244,10909,27509,17860971409,7698710698,205078.706,,,1,1.0002830028533936,17.994907389862117,2031.42510089999,,11B/FA27BC48,11B/FA27BC48,0.119076,0.117127,0.2,36.9,0.0,7567266.442004523,0.0,12.996322003789306,8019.730393415217,7049961.840682771,1006.19,1
2026-09-13T01:12:58.454000+00:00,1789261978.4540007,D_rowsize_rep2,r3-sub,D06,load,16,1,250000,6,0,147747719,713530308,10909,27509,17860971409,7698721231,205082.396,,,1,1.0011444091796875,33.96113456585024,4059.354437518099,,11B/FA75BF10,11B/FA75BF10,0.042335,0.041324,1.0,36.9,0.0,13640453.739525385,0.0,13.983996585938334,6466.599564097483,5034815.11136852,1006.18,1
2026-09-13T01:12:59.454745+00:00,1789261979.454745,D_rowsize_rep2,r3-sub,D06,load,16,1,250000,6,0,147747721,713530308,10909,27509,17860971409,7698721231,205082.396,,,1,1.000744342803955,1.9985124216603223,0.0,,11B/FAEC5B80,11B/FAEC5B80,0.058304,0.056072,0.0,36.9,0.0,16318605.363527076,0.0,18.98586800577306,7746.234146355409,7298317.54985079,1006.17,1
2026-09-13T01:13:00.455321+00:00,1789261980.455321,D_rowsize_rep2,r3-sub,D06,load,16,1,250000,6,0,147747753,713534118,10909,27509,17860971409,7698731103,205085.8,,,1,1.0005760192871094,31.981577994243125,3807.806629939572,,11B/FB35FA30,11B/FB35FA30,0.151206,0.147043,1.2,36.9,0.0,21614429.671629272,0.0,20.98791055872205,5426.87401589813,4531070.01627938,1006.17,1
2026-09-13T01:13:01.456862+00:00,1789261981.4568624,D_rowsize_rep2,r3-sub,D06,load,16,1,250000,6,0,147747789,713538436,10909,27509,17860971409,7698742289,205089.336,,,1,1.0015413761138916,35.94459585852019,4311.354581030283,,11B/FBB4DAC8,11B/FBB4DAC8,0.067186,0.062249,1.2,36.9,0.0,8273455.493323246,0.0,18.9707589253301,9294.67341241568,7547537.4061234975,1006.16,1
2026-09-13T01:13:02.458767+00:00,1789261982.4587677,D_rowsize_rep2,r3-sub,D06,load,16,1,250000,6,0,147747823,713542500,10909,27509,17860971409,7698752819,205093.31,,5281,1,1.0019052028656006,33.93534628102025,4056.27197900195,698,11B/FBFEA000,11B/FBFEA000,0.016350,0.014511,5.7,36.9,0.0,13204921.9448706,0.0,12.975279460390096,5955.653272319054,5027810.001976539,1006.16,1
2026-09-13T01:13:03.460107+00:00,1789261983.4601073,D_rowsize_rep2,r3-sub,D06,load,16,1,250000,6,0,147747840,713544405,10909,27509,17860971409,7698757755,205094.744,,,1,1.0013396739959717,16.977256011598307,1902.4513354173398,,11B/FC7D7888,11B/FC7D7888,0.004883,0.002524,0.6,36.9,0.0,15912122.942672996,0.0,16.977256011598307,7981.307649687863,7545600.355419849,1006.15,1
2026-09-13T01:13:04.461134+00:00,1789261984.4611342,D_rowsize_rep2,r3-sub,D06,load,16,1,250000,6,0,147747863,713546691,10909,27509,17860971409,7698764000,205096.823,,,1,1.0010268688201904,22.976406244827157,2283.654985898908,,11B/FCBF1A70,11B/FCBF1A70,0.134417,0.133044,1.7,36.9,0.0,5671232.388288412,0.0,8.990767661019323,6062.7743260806965,4280983.991019887,1006.15,1
2026-09-13T01:13:05.462095+00:00,1789261985.462095,D_rowsize_rep2,r3-sub,D06,load,16,1,250000,6,0,147747896,713550628,10909,27509,17860971409,7698774200,205100.073,,,1,1.0009608268737793,32.96832314913487,3933.2208557013328,,11B/FD35BEA0,11B/FD35BEA0,0.064963,0.062572,1.2,36.9,0.0,15918145.41810156,0.0,13.986561335996612,8847.499085113286,7045272.712644587,1006.14,1
2026-09-13T01:13:06.463612+00:00,1789261986.463613,D_rowsize_rep2,r3-sub,D06,load,16,1,250000,6,0,147747930,713554692,10909,27509,17860971409,7698784732,205103.653,,,1,1.0015180110931396,33.94846585224123,4057.8401536325982,,11B/FD877D00,11B/FD877D00,0.006100,0.005182,0.4,36.9,0.0,13782597.863550847,0.0,20.968170085207817,6173.628363659044,5029702.855270503,1006.13,1
2026-09-13T01:13:07.463922+00:00,1789261987.4639225,D_rowsize_rep2,r3-sub,D06,load,16,1,250000,6,0,147747948,713556724,10909,27509,17860971409,7698789994,205105.437,,,1,1.0003094673156738,17.99443131164491,2031.3713569590252,,11B/FDFFF948,11B/FDFFF948,0.019930,0.019683,0.2,36.9,0.0,16190573.546665294,0.0,14.995359426370756,8580.344663769347,7304886.376421787,1006.13,1
2026-09-13T01:13:08.464930+00:00,1789261988.46493,D_rowsize_rep2,r3-sub,D06,load,16,1,250000,6,0,147747964,713558502,10909,27509,17860971409,7698794604,205106.886,,,1,1.0010075569152832,15.983895315741462,1776.21036696177,,11B/FE47EF78,11B/FE47EF78,0.102752,0.098259,2.8,36.9,0.0,5106662.746635608,0.0,8.990941115104572,8500.435327602756,4781008.861459606,1006.12,1
2026-09-13T01:13:09.465041+00:00,1789261989.4650419,D_rowsize_rep2,r3-sub,D06,load,16,1,250000,6,0,147748000,713562820,10909,27509,17860971409,7698805789,205110.559,,,1,1.0001118183135986,35.99597499078019,4317.5172225052465,,11B/FEC67B90,11B/FEC67B90,0.023044,0.021777,0.2,36.9,0.0,15526199.886512095,0.0,65.99262081643035,8207.082297897883,7051285.537142535,1006.12,1
2026-09-13T01:13:10.466322+00:00,1789261990.4663227,D_rowsize_rep2,r3-sub,D06,load,16,1,250000,6,0,147748031,713566503,10909,27509,17860971409,7698815333,205113.641,,,1,1.0012807846069336,30.960346464822525,3678.288904191657,,11B/FF0C7BC8,11B/FF0C7BC8,0.161317,0.159202,0.8,36.9,0.0,14293117.594999233,0.0,17.976975366671144,5513.937833299521,4782648.457475291,1006.11,1
2026-09-13T01:13:11.467307+00:00,1789261991.467307,D_rowsize_rep2,r3-sub,D06,load,16,1,250000,6,0,147748052,713568916,10909,27509,17860971409,7698821585,205115.817,,,1,1.0009844303131104,20.97934729457395,2410.626905800331,,11B/FF833FD8,11B/FF833FD8,0.042767,0.040539,0.8,36.9,0.0,18319757.475412372,0.0,35.96459536212677,11747.435468423577,7315312.584541899,1006.1,1
2026-09-13T01:13:12.468460+00:00,1789261992.4684603,D_rowsize_rep2,r3-sub,D06,load,16,1,250000,6,0,147748083,713572599,10909,27509,17860971409,7698831130,205119.014,,,1,1.0011532306671143,30.964291029998755,3678.7575439834004,,11B/FFD0FF20,11B/FFD0FF20,0.166256,0.164208,1.0,36.9,0.0,4565870.498119497,0.0,5.993088586451372,5127.087285709149,4779929.638554171,1006.1,1
2026-09-13T01:13:13.469809+00:00,1789261993.4698098,D_rowsize_rep2,r3-sub,D06,load,16,1,250000,6,0,147748105,713575139,10909,27509,17860971409,7698837714,205120.997,,,1,1.0013494491577148,21.970352126827756,2536.5770182792044,,11C/4FDF78,11C/4FDF78,0.073426,0.071376,0.2,36.9,0.0,25639129.29856351,0.0,25.9649616044328,8889.00474004063,7800303.886490456,1006.09,1
2026-09-13T01:13:14.469918+00:00,1789261994.469918,D_rowsize_rep2,r3-sub,D06,load,16,1,250000,6,0,147748138,713579076,10909,27509,17860971409,7698847913,205124.484,,,1,1.000108242034912,32.996428399445215,3936.5738972307818,,11C/999C50,11C/999C50,0.019888,0.018888,6.8,36.9,0.0,13249125.887653114,0.0,15.998268314882527,5372.418478491489,4533289.307540506,1006.09,1
2026-09-13T01:13:15.471442+00:00,1789261995.4714425,D_rowsize_rep2,r3-sub,D06,load,16,1,250000,6,0,147748156,713581108,10909,27509,17860971409,7698853175,205126.042,,,1,1.0015244483947754,17.9726016961943,2028.9070359259342,,11C/1145C88,11C/1145C88,0.026854,0.023524,0.2,36.9,0.0,8073196.828054766,0.0,11.981734464129532,7524.5292434733465,7544213.236242168,1006.08,1
2026-09-13T01:13:16.472363+00:00,1789261996.4723632,D_rowsize_rep2,r3-sub,D06,load,16,1,250000,6,0,147748187,713584791,10909,27509,17860971409,7698862719,205129.103,,,1,1.0009207725524902,30.97148230917977,3679.611914345455,,11C/159FF98,11C/159FF98,0.132260,0.129997,0.8,36.9,0.0,13021482.176619029,0.0,18.98252141530373,5580.861296099297,4281062.115508534,1006.08,1
2026-09-13T01:13:17.473376+00:00,1789261997.4733768,D_rowsize_rep2,r3-sub,D06,load,16,1,250000,6,0,147748208,713587204,10909,27509,17860971409,7698868971,205131.018,,,1,1.0010135173797607,20.978737684751064,2410.556858728777,,11C/1D4B9D0,11C/1D4B9D0,0.014203,0.011946,0.8,36.9,0.0,24837546.714734,0.0,27.97165024633475,8307.58012316142,7548027.94249736,1006.07,1
2026-09-13T01:13:18.474612+00:00,1789261998.4746122,D_rowsize_rep2,r3-sub,D06,load,16,1,250000,6,0,147748239,713590887,10909,27509,17860971409,7698878513,205134.017,,,1,1.0012354850769043,30.961747223350667,3678.455323341952,,11C/21E5920,11C/21E5920,0.139062,0.137113,1.2,36.9,0.0,12673749.771289153,0.0,11.985192473555097,4991.832665235698,4527988.737486444,1006.07,1
2026-09-13T01:13:19.474779+00:00,1789261999.4747794,D_rowsize_rep2,r3-sub,D06,load,16,1,250000,6,0,147748259,713593173,10909,27509,17860971409,7698884437,205136.191,,,1,1.0001671314239502,19.9966579300859,2285.618001408818,,11C/284DC08,11C/284DC08,0.032728,0.031016,0.2,36.9,0.0,7293756.984009316,0.0,12.997827654555834,7258.7868286211815,6299031.233940365,1006.06,1
2026-09-13T01:13:20.475752+00:00,1789262000.4757524,D_rowsize_rep2,r3-sub,D06,load,16,1,250000,6,0,147748294,713597364,10909,27509,17860971409,7698895296,205139.827,,,1,1.0009729862213135,34.96597858462242,4186.9261785186445,,11C/30ABFD0,11C/30ABFD0,0.061601,0.061354,1.4,36.9,0.0,14829475.12503403,0.0,15.98444735297025,7642.5638906389,6039992.17084093,1006.05,1
2026-09-13T01:13:21.476295+00:00,1789262001.4762957,D_rowsize_rep2,r3-sub,D06,load,16,1,250000,6,0,147748312,713599396,10909,27509,17860971409,7698900558,205141.545,,,1,1.0005433559417725,17.990224904404368,2030.8965003194267,,11C/364BFF0,11C/364BFF0,0.084783,0.082028,0.4,36.9,0.0,14254526.718210505,0.0,22.98750960007225,5633.938765895969,5286299.657671015,1006.05,1
2026-09-13T01:13:22.476423+00:00,1789262002.4764237,D_rowsize_rep2,r3-sub,D06,load,16,1,250000,6,0,147748330,713601428,10909,27509,17860971409,7698905828,205143.315,,,1,1.0001280307769775,17.99769574103047,2031.7398747652176,,11C/3CF1CC0,11C/3CF1CC0,0.082105,0.081079,1.4,36.9,0.0,7011454.318055917,0.0,12.99833581296645,8008.9746047585595,6550761.300940846,1006.04,1
2026-09-13T01:13:23.477571+00:00,1789262003.4775715,D_rowsize_rep2,r3-sub,D06,load,16,1,250000,6,0,147748365,713605619,10909,27509,17860971409,7698916684,205146.764,,,1,1.001147747039795,34.95987490706381,4186.195306728699,,11C/414B9A8,11C/414B9A8,0.132049,0.131774,1.2,36.9,0.0,12961251.76165852,0.0,14.982803531598778,7012.950906357001,4277080.992951377,1006.04,1
2026-09-13T01:13:24.477706+00:00,1789262004.4777067,D_rowsize_rep2,r3-sub,D06,load,16,1,250000,6,0,147748380,713607270,10909,27509,17860971409,7698920962,205148.077,,,1,1.0001351833343506,14.997972524065698,1650.7768424821645,,11C/4939D38,11C/4939D38,0.084432,0.081295,1.0,36.9,0.0,25006795.498003155,0.0,20.997161533691976,8767.814737568808,7806738.659037667,1006.03,1
2026-09-13T01:13:25.479012+00:00,1789262005.479012,D_rowsize_rep2,r3-sub,D06,load,16,1,250000,6,0,147748401,713609683,10909,27509,17860971409,7698927210,205150.056,,,1,1.001305341720581,20.97262355947777,2409.8543166199934,,11C/4D53B90,11C/4D53B90,0.176219,0.175125,0.6,36.9,0.0,12820129.350295814,0.0,15.979141759602113,5141.288861151979,4027823.3141848654,1006.02,1
2026-09-13T01:13:26.479122+00:00,1789262006.4791226,D_rowsize_rep2,r3-sub,D06,load,16,1,250000,6,0,147748434,713613620,10909,27509,17860971409,7698937415,205153.391,,,1,1.0001106262207031,32.99634973853143,3936.564512745401,,11C/5375800,11C/5375800,0.039628,0.037990,4.1,36.9,0.0,5762434.5236466,0.0,23.997345264386492,9813.91432374806,5811069.143382423,1006.02,1
2026-09-13T01:13:27.480022+00:00,1789262007.4800224,D_rowsize_rep2,r3-sub,D06,load,16,1,250000,6,0,147748453,713615779,10909,27509,17860971409,7698943005,205155.297,,,1,1.0008997917175293,18.982919326415566,2157.059096091116,,11C/5999DB0,11C/5999DB0,0.150286,0.147263,0.2,36.9,0.0,15084283.286833642,0.0,16.984717292056033,6441.204257757955,6290735.648166614,1006.01,1
2026-09-13T01:13:28.481472+00:00,1789262008.4814727,D_rowsize_rep2,r3-sub,D06,load,16,1,250000,6,0,147748487,713619843,10909,27509,17860971409,7698953535,205159.126,,,1,1.0014503002166748,33.95076120367004,4058.114515638678,,11C/5DF3F18,11C/5DF3F18,0.009444,0.009174,1.0,36.9,0.0,13542215.7216047,0.0,18.972484202050907,5562.932078401347,4278919.282437547,1006.01,1
2026-09-13T01:13:29.482816+00:00,1789262009.4828167,D_rowsize_rep2,r3-sub,D06,load,16,1,250000,6,0,147748501,713621367,10909,27509,17860971409,7698957487,205160.366,,,1,1.0013439655303955,13.98120973604153,1521.9545455519494,,11C/63D58F0,11C/63D58F0,0.069331,0.066596,0.4,36.9,0.0,14562188.920044353,0.0,16.977183250907572,6516.242394833642,5785058.081347333,1006.0,1
2026-09-13T01:13:30.484754+00:00,1789262010.4847543,D_rowsize_rep2,r3-sub,D06,load,16,1,250000,6,0,147748535,713625431,10909,27509,17860971409,7698968019,205163.959,,,1,1.0019376277923584,33.934248057850326,4056.1407090324624,,11C/69F7888,11C/69F7888,0.026224,0.023861,0.6,36.9,0.0,6107589.764328314,0.0,20.959388506319318,7596.28123436173,6033185.931263119,1006.0,1
2026-09-13T01:13:31.485895+00:00,1789262011.4858954,D_rowsize_rep2,r3-sub,D06,load,16,1,250000,6,0,147748556,713627844,10909,27509,17860971409,7698974268,205166.067,,,1,1.00114107131958,20.976064814043042,2410.2497331564696,,11C/6F9BBA8,11C/6F9BBA8,0.013885,0.011755,0.4,36.9,0.0,14360573.561376393,0.0,25.970365960243768,6445.645059286655,5286206.061873406,1005.99,1
2026-09-13T01:13:32.487107+00:00,1789262012.487107,D_rowsize_rep2,r3-sub,D06,load,16,1,250000,6,0,147748587,713631527,10909,27509,17860971409,7698983812,205169.245,,5983,1,1.0012116432189941,30.96248451559347,3678.542918417121,702,11C/7641A08,11C/7641A08,0.007452,0.005328,0.8,36.9,0.0,15644148.873100972,0.0,19.975796461673205,7802.546097929555,6792120.37340697,1005.99,1
2026-09-13T01:13:33.488220+00:00,1789262013.4882205,D_rowsize_rep2,r3-sub,D06,load,16,1,250000,6,0,147748608,713633940,10909,27509,17860971409,7698990062,205171.334,,,1,1.0011134147644043,20.976644294534807,2410.3163182244043,,11C/7BE1958,11C/7BE1958,0.048007,0.046343,0.2,36.9,0.0,15645683.864585968,0.0,79.91102588394213,5385.0042567541495,5283264.535262185,1005.98,1
2026-09-13T01:13:34.489525+00:00,1789262014.489525,D_rowsize_rep2,r3-sub,D06,load,16,1,250000,6,0,147748629,713635972,10909,27509,17860971409,7698995377,205173.501,,,1,1.0013046264648438,20.972638540722173,2029.3524530832121,,11C/8287E00,11C/8287E00,0.070805,0.069591,0.8,36.9,0.0,14595486.342250634,0.0,21.971335614089895,8053.493199637314,6794647.52302218,1005.98,1
2026-09-13T01:13:35.490708+00:00,1789262015.4906826,D_rowsize_rep2,r3-sub,D06,load,16,1,250000,6,0,147748663,713640036,10909,27509,17860971409,7699005909,205176.868,,,1,1.001157522201538,33.96068974763756,4059.301268658796,,11C/89B3100,11C/892FEB0,0.002675,0.001143,0.4,36.9,0.0,15047669.98790758,0.0,19.97687632213974,8390.288055298692,7546899.296511516,1005.97,1
2026-09-13T01:13:36.491883+00:00,1789262016.4918032,D_rowsize_rep2,r3-sub,D06,load,16,1,250000,6,0,147748694,713643719,10909,27509,17860971409,7699015450,205180.124,,,1,1.0011205673217773,30.965301295259543,3678.8775700142223,,11C/8ED1E08,11C/8ED1E08,0.158712,0.156402,1.7,36.9,0.0,13972183.22806075,0.0,22.974255799708693,5343.0127944626865,4528605.392783622,1005.96,1
2026-09-13T01:13:37.492030+00:00,1789262017.49203,D_rowsize_rep2,r3-sub,D06,load,16,1,250000,6,0,147748715,713646132,10909,27509,17860971409,7699021702,205182.112,,,1,1.0002267360687256,20.995239621906176,2412.4530098885525,,11C/96BFA78,11C/96BFA78,0.024531,0.021399,0.6,36.9,0.0,9148389.730077432,0.0,15.99637304526185,9306.88979239641,7808925.434945909,1005.96,1
2026-09-13T01:13:38.493403+00:00,1789262018.4934034,D_rowsize_rep2,r3-sub,D06,load,16,1,250000,6,0,147748733,713648164,10909,27509,17860971409,7699026964,205183.922,,,1,1.001373529434204,17.97531038210123,2029.2128164683165,,11C/9B178E8,11C/9B178E8,0.150636,0.149579,0.8,36.9,0.0,14913531.825070327,0.0,31.95610734595774,7556.620758964445,4276180.540162116,1005.95,1
2026-09-13T01:13:39.493745+00:00,1789262019.4937453,D_rowsize_rep2,r3-sub,D06,load,16,1,250000,6,0,147748764,713651847,10909,27509,17860971409,7699036508,205187.132,,,1,1.0003418922424316,30.98940496284563,3681.7412412309823,,11C/A347D18,11C/A347D18,0.039601,0.037385,0.2,36.9,0.0,17000779.565351315,0.0,17.993848042942624,8769.001946260705,8056676.484810062,1005.94,1
2026-09-13T01:13:40.495515+00:00,1789262020.4955153,D_rowsize_rep2,r3-sub,D06,load,16,1,250000,6,0,147748800,713656038,10909,27509,17860971409,7699047368,205190.878,,,1,1.00177001953125,35.936391884481814,4183.594955218425,,11C/A75FDC0,11C/A75FDC0,0.194320,0.192578,6.7,36.9,0.0,21048950.945713762,0.0,19.964662158045453,4983.179674648145,4026048.814963748,1005.94,1
2026-09-13T01:13:41.496052+00:00,1789262021.4960523,D_rowsize_rep2,r3-sub,D06,load,16,1,250000,6,0,147748819,713658324,10909,27509,17860971409,7699053290,205192.751,,,1,1.0005369186401367,18.989804020248986,2284.773262646799,,11C/AE05BE0,11C/AE05BE0,0.026845,0.023861,0.6,36.9,0.0,7057714.581484436,0.0,19.989267389735772,10907.143751209325,6563369.004839206,1005.93,1
2026-09-13T01:13:42.496941+00:00,1789262022.4969413,D_rowsize_rep2,r3-sub,D06,load,16,1,250000,6,0,147748837,713660356,10909,27509,17860971409,7699058553,205194.442,,,1,1.0008890628814697,17.98401108328591,2030.1950289576093,,11C/B3A7930,11C/B3A7930,0.103336,0.102121,1.2,36.9,0.0,14306896.26957768,0.0,17.98401108328591,7241.5617962031265,5536158.007409661,1005.93,1
2026-09-13T01:13:43.497974+00:00,1789262023.4979746,D_rowsize_rep2,r3-sub,D06,load,16,1,250000,6,0,147748868,713664039,10909,27509,17860971409,7699068097,205197.422,,,1,1.0010333061218262,30.968000575424696,3679.1982619125533,,11C/B941D98,11C/B941D98,0.089331,0.086347,0.6,36.9,0.0,14775388.50060996,0.0,17.981419688956276,6784.989029299501,5538384.153748906,1005.92,1
2026-09-13T01:13:44.498219+00:00,1789262024.4982197,D_rowsize_rep2,r3-sub,D06,load,16,1,250000,6,0,147748908,713668103,10922,27509,17860971409,7699169524,205200.912,,,1,1.0002450942993164,39.99019863028719,4063.004180837178,,11C/BFEF930,11C/BFEF930,0.071649,0.069387,1.2,36.9,0.0,17854184.04127254,0.0,26.99338407544385,8149.002725886771,6546823.410903356,1005.92,1
2026-09-13T01:13:45.498557+00:00,1789262025.4985573,D_rowsize_rep2,r3-sub,D06,load,16,1,250000,6,0,147748926,713670135,10922,27509,17860971409,7699174797,205202.768,,,1,1.0003376007080078,17.993925238099777,2031.3142268788195,,11C/C54D8E8,11C/C54D8E8,0.060146,0.051189,0.6,36.9,0.0,5658761.598078041,0.0,9.996625132277654,5958.988241350709,5287289.0074876305,1005.91,1
2026-09-13T01:13:46.499573+00:00,1789262026.499573,D_rowsize_rep2,r3-sub,D06,load,16,1,250000,6,0,147748944,713672167,10922,27509,17860971409,7699180059,205204.749,,,1,1.0010156631469727,17.981736612803807,2029.938266512074,,11C/CC35DB0,11C/CC35DB0,0.033582,0.032480,2.5,36.9,0.0,16604703.21487823,0.0,41.95738542987555,8541.324891081807,6796518.027112127,1005.9,1
2026-09-13T01:13:47.499650+00:00,1789262027.4996502,D_rowsize_rep2,r3-sub,D06,load,16,1,250000,6,0,147748981,713676612,10922,27509,17860971409,7699191580,205208.513,,,1,1.000077247619629,36.99714205884288,4444.656660852881,,11C/D195860,11C/D195860,0.027818,0.026286,0.2,36.9,0.0,14056386.177627193,0.0,15.998764133553678,6740.479314017834,5288933.442481193,1005.9,1
2026-09-13T01:13:48.499847+00:00,1789262028.499847,D_rowsize_rep2,r3-sub,D06,load,16,1,250000,6,0,147749013,713680422,10922,27509,17860971409,7699201453,205211.788,,,1,1.0001966953277588,31.99370698731791,3809.2507381775386,,11C/D87FCC8,11C/D87FCC8,0.025891,0.020999,1.4,36.9,0.0,7010972.974372897,0.0,12.997443463597902,8080.4106209844795,6798932.681707761,1005.89,1
2026-09-13T01:13:49.501143+00:00,1789262029.5011435,D_rowsize_rep2,r3-sub,D06,load,16,1,250000,6,0,147749032,713682454,10922,27509,17860971409,7699206715,205213.508,,,1,1.0012965202331543,18.97539801254458,2029.3688821837152,,11C/DD9F4C0,11C/DCD9B10,0.003743,0.001666,0.0,36.9,0.0,21598876.61944948,0.0,19.974103171099557,5959.273681097553,5536848.364068079,1005.89,1
2026-09-13T01:13:50.501414+00:00,1789262030.5014145,D_rowsize_rep2,r3-sub,D06,load,16,1,250000,6,0,147749053,713684994,10922,27509,17860971409,7699213299,205215.794,,,1,1.0002710819244385,20.99430882236218,2539.3116385142825,,11C/E43B820,11C/E43B820,0.199953,0.197089,1.6,36.9,0.0,16191194.859738464,0.0,18.994850839280065,7731.904020578528,6043087.828122002,1005.88,1
2026-09-13T01:13:51.502674+00:00,1789262031.5026746,D_rowsize_rep2,r3-sub,D06,load,16,1,250000,6,0,147749085,713688804,10922,27509,17860971409,7699223173,205218.966,,,1,1.0012600421905518,31.95972939256675,3805.2052808024787,,11C/E921D50,11C/E921D50,0.089801,0.088813,0.6,36.9,0.0,5195373.610055651,0.0,17.977347783318795,5560.992914306615,4779421.726977568,1005.88,1
2026-09-13T01:13:52.503830+00:00,1789262032.5038307,D_rowsize_rep2,r3-sub,D06,load,16,1,250000,6,0,147749087,713688804,10922,27509,17860971409,7699223173,205218.966,,,1,1.0011560916900635,1.9976904866290892,0.0,,11C/F10FEE0,11C/F10FEE0,0.128398,0.125770,6.7,36.9,0.0,16716929.696494507,0.0,20.975750109605436,9049.537904429775,7801805.397612328,1005.87,1
2026-09-13T01:13:53.503927+00:00,1789262033.5039275,D_rowsize_rep2,r3-sub,D06,load,16,1,250000,6,0,147749137,713694900,10922,27509,17860971409,7699238966,205224.599,,,1,1.0000967979431152,49.99516057129098,6095.409976851796,,11C/F56BD68,11C/F56BD68,0.050258,0.049272,0.0,36.9,0.0,12712753.431616489,0.0,15.998451382813114,7875.237693189756,4281744.535935977,1005.87,1
2026-09-13T01:13:54.504894+00:00,1789262034.504894,D_rowsize_rep2,r3-sub,D06,load,16,1,250000,6,0,147749152,713696551,10922,27509,17860971409,7699243240,205225.927,,,1,1.0009665489196777,14.985515765925632,1649.4057686362144,,11C/FD17DE8,11C/FD17DE8,0.085233,0.082102,1.4,36.9,0.0,8355955.560180432,0.0,16.983584534715714,7903.361014949178,7548369.131970165,1005.86,1
2026-09-13T01:13:55.505332+00:00,1789262035.5053325,D_rowsize_rep2,r3-sub,D06,load,16,1,250000,6,0,147749173,713698964,10922,27509,17860971409,7699249498,205228.014,,,1,1.0004384517669678,20.990796548163395,2411.942479558013,,11C/10171DC8,11C/10171DC8,0.184607,0.182744,0.4,36.9,0.0,21347184.289328557,0.0,19.991234807774664,5385.638657214495,4283145.04748575,1005.85,1
2026-09-13T01:13:56.505454+00:00,1789262036.5054548,D_rowsize_rep2,r3-sub,D06,load,16,1,250000,6,0,147749204,713702647,10922,27509,17860971409,7699259036,205231.301,,,1,1.000122308731079,30.996208893022033,3682.549592032263,,11C/10899850,11C/10899850,0.016781,0.014209,0.8,36.9,0.0,16111693.399224805,0.0,26.996698068115965,11403.605239513428,7069897.289833621,1005.85,1
2026-09-13T01:13:57.506511+00:00,1789262037.5065117,D_rowsize_rep2,r3-sub,D06,load,16,1,250000,6,0,147749238,713706711,10922,27509,17860971409,7699269566,205235.142,,,1,1.0010569095611572,33.96410301478754,4059.7092544734287,,11C/10DB7840,11C/10DB7840,0.094698,0.092677,0.4,36.9,0.0,5180061.143849686,0.0,8.990497856855526,6155.494199327083,5032035.593469179,1005.84,1
2026-09-13T01:13:58.507329+00:00,1789262038.5073292,D_rowsize_rep2,r3-sub,D06,load,16,1,250000,6,0,147749256,713708743,10922,27509,17860971409,7699274829,205236.932,,,1,1.0008175373077393,17.985296349243747,2030.3401212035162,,11C/112D5FF0,11C/112D5FF0,0.082903,0.077504,1.0,36.9,0.0,13239736.021857511,0.0,21.982028871297913,6345.812061891502,5036598.392909696,1005.84,1
2026-09-13T01:13:59.507744+00:00,1789262039.507744,D_rowsize_rep2,r3-sub,D06,load,16,1,250000,6,0,147749278,713711283,10922,27509,17860971409,7699281411,205239.479,,,1,1.0004148483276367,21.99087712140292,2538.9467221983373,,11C/1193BFD8,11C/1193BFD8,0.174459,0.171947,0.2,36.8,0.0,24324245.127587795,0.0,27.98838906360372,6522.294237143366,6293969.957089106,1005.83,1
2026-09-13T01:14:00.508258+00:00,1789262040.5082586,D_rowsize_rep2,r3-sub,D06,load,16,1,250000,6,0,147749312,713715347,10922,27509,17860971409,7699291945,205243.053,,,1,1.0005145072937012,33.98251574778945,4061.910117618127,,11C/11EDDDC0,11C/11EDDDC0,0.033539,0.031909,1.0,36.8,0.0,14312252.241832286,0.0,14.992286359318873,6512.649194488119,5538305.501424772,1005.83,1
2026-09-13T01:14:01.509387+00:00,1789262041.5093875,D_rowsize_rep2,r3-sub,D06,load,16,1,250000,6,0,147749330,713717379,10922,27509,17860971409,7699297209,205244.97,,,1,1.001128911972046,17.97970249859551,2029.7086376192267,,11C/12606000,11C/12606000,0.169300,0.167011,0.6,36.8,0.0,6996261.836253486,0.0,13.984213054463176,8801.064373062503,7047590.890269892,1005.82,1
2026-09-13T01:14:02.509532+00:00,1789262042.5095327,D_rowsize_rep2,r3-sub,D06,load,16,1,250000,6,0,147749363,713721316,10922,27509,17860971409,7699307407,205248.498,,6688,1,1.0001451969146729,32.995209197425545,3936.4284427352845,705,11C/12AA1D38,11C/12AA1D38,0.127900,0.126617,1.5,36.8,0.0,14112766.869793009,0.0,67.99012804317992,5696.172933264647,4533129.803538715,1005.82,1
2026-09-13T01:14:03.510390+00:00,1789262043.51039,D_rowsize_rep2,r3-sub,D06,load,16,1,250000,6,0,147749381,713723348,10922,27509,17860971409,7699312679,205250.396,,,1,1.0008573532104492,17.984580861859502,2030.2593506276949,,11C/1320DFD8,11C/1320DFD8,0.170924,0.168557,0.0,36.8,0.0,16181710.558502108,0.0,23.979441149146002,7715.385189737726,7297735.26324305,1005.81,1
2026-09-13T01:14:04.510664+00:00,1789262044.5106647,D_rowsize_rep2,r3-sub,D06,load,16,1,250000,6,0,147749418,713727412,10922,27509,17860971409,7699323338,205253.8,,,1,1.000274658203125,36.989840436891726,4062.88409555481,,11C/136EBD98,11C/136EBD98,0.078745,0.077648,4.1,36.8,0.0,13521278.270006407,0.0,19.994508344265796,6415.238002257681,4787740.007932392,1005.8,1
2026-09-13T01:14:05.511027+00:00,1789262045.511027,D_rowsize_rep2,r3-sub,D06,load,16,1,250000,6,0,147749449,713731095,10922,27509,17860971409,7699332880,205257.029,,,1,1.0003623962402344,30.98876978633994,3681.665778164194,,11C/13E587F0,11C/13E15B00,0.001837,0.000726,0.8,36.9,0.0,7542098.771761637,0.0,12.995290555561912,8552.900461029823,7804625.633014159,1005.8,1
2026-09-13T01:14:06.511142+00:00,1789262046.5111418,D_rowsize_rep2,r3-sub,D06,load,16,1,250000,6,0,147749467,713733127,10922,27509,17860971409,7699338144,205258.721,,,1,1.0001146793365479,17.9979360086393,2031.7669983086141,,11C/144399D8,11C/144399D8,0.008933,0.003674,0.8,36.9,0.0,20023047.77016605,0.0,38.99552801871848,5912.321978838009,5288590.507949275,1005.79,1
2026-09-13T01:14:07.512440+00:00,1789262047.51244,D_rowsize_rep2,r3-sub,D06,load,16,1,250000,6,0,147749488,713735540,10922,27509,17860971409,7699344400,205260.807,,,1,1.001298189163208,20.9727733728849,2409.87153089387,,11C/14A9DFB8,11C/14A9DFB8,0.183262,0.181060,0.4,36.9,0.0,16182767.706332926,0.0,21.971476866831804,7361.443453882601,6291433.529171386,1005.79,1
2026-09-13T01:14:08.512582+00:00,1789262048.5125823,D_rowsize_rep2,r3-sub,D06,load,16,1,250000,6,0,147749522,713739604,10922,27509,17860971409,7699354926,205264.284,,,1,1.0001423358917236,33.99516126840657,4063.4216292589504,,11C/14F79E70,11C/14F79E70,0.099273,0.098120,2.9,36.9,511.9271343948284,5132069.522308155,0.9998576843648992,13.998007581108588,7967.865886703882,4785152.900994803,1005.78,1
2026-09-13T01:14:09.514076+00:00,1789262049.514076,D_rowsize_rep2,r3-sub,D06,load,16,1,250000,6,0,147749541,713741763,10922,27509,17860971409,7699360523,205265.887,,,1,1.0014936923980713,18.971662172434257,2155.7799279097667,,11C/15729850,11C/15729850,0.187058,0.184625,8.1,37.0,0.0,16441361.663069932,0.0,21.96718777860809,8550.228588555503,7544587.706695926,1005.77,1
2026-09-13T01:14:10.515053+00:00,1789262050.5150535,D_rowsize_rep2,r3-sub,D06,load,16,1,250000,6,0,147749574,713745700,10922,27509,17860971409,7699370723,205269.04,,,1,1.0009775161743164,32.96777346820363,3933.1552771005363,,11C/15BC3F98,11C/15BC3F98,0.135245,0.134061,2.7,37.0,0.0,13217160.01230944,0.0,16.983398453317022,5634.49219274753,4532543.365549385,1005.77,1
2026-09-13T01:14:11.515687+00:00,1789262051.5156877,D_rowsize_rep2,r3-sub,D06,load,16,1,250000,6,0,147749592,713747732,10922,27509,17860971409,7699375991,205270.797,,,1,1.0006341934204102,17.988591753467507,2030.7121357247763,,11C/1636F9F8,11C/1636F9F8,0.147779,0.144740,0.8,36.9,0.0,24941110.511815682,0.0,29.98098625577918,12132.305771505307,7569411.529011924,1005.76,1
2026-09-13T01:14:12.516384+00:00,1789262052.516384,D_rowsize_rep2,r3-sub,D06,load,16,1,250000,6,0,147749626,713751796,10922,27509,17860971409,7699386519,205274.479,,,1,1.0006961822509766,33.976346270773256,4061.1726836594853,,11C/1680BF98,11C/1680BF98,0.057698,0.056596,1.0,37.0,0.0,4862662.700535402,0.0,14.989564531223495,5477.186879709065,4530656.837124729,1005.76,1
2026-09-13T01:14:13.517504+00:00,1789262053.5175045,D_rowsize_rep2,r3-sub,D06,load,16,1,250000,6,0,147749644,713753828,10922,27509,17860971409,7699391789,205276.309,,,1,1.0011205673217773,17.979852364989412,2029.7255558699158,,11C/16F77A18,11C/16F77A18,0.157591,0.156151,0.2,36.9,0.0,15907422.661991272,0.0,17.979852364989412,8195.816036374341,7047192.146770043,1005.75,1
2026-09-13T01:14:14.518638+00:00,1789262054.5186381,D_rowsize_rep2,r3-sub,D06,load,16,1,250000,6,0,147749679,713758019,10922,27509,17860971409,7699402646,205279.941,,,1,1.001133680343628,34.96036612012358,4186.254125983941,,11C/17453848,11C/17453848,0.065478,0.065238,0.8,36.9,0.0,13763340.771105146,0.0,15.981881654913636,5690.548736752687,5031779.57040756,1005.75,1
2026-09-13T01:14:15.518702+00:00,1789262055.5187025,D_rowsize_rep2,r3-sub,D06,load,16,1,250000,6,0,147749696,713759924,10922,27509,17860971409,7699407582,205281.51,,,1,1.0000643730163574,16.99890572916344,1904.8773772974323,,11C/17C018E8,11C/17C018E8,0.091524,0.089697,0.0,36.9,0.0,16223211.662930252,0.0,20.99864825367248,8060.481122516851,7303423.856576615,1005.74,1
2026-09-13T01:14:16.519918+00:00,1789262056.519918,D_rowsize_rep2,r3-sub,D06,load,16,1,250000,6,0,147749729,713763861,10922,27509,17860971409,7699417784,205284.65,,,1,1.0012154579162598,32.9599385817314,3932.2205514023185,,11C/1805BA98,11C/1805BA98,0.173044,0.172065,0.6,37.0,0.0,5052418.99733343,0.0,14.981790264423363,5687.087584375108,4531312.38049608,1005.73,1
2026-09-13T01:14:17.520370+00:00,1789262057.5203705,D_rowsize_rep2,r3-sub,D06,load,16,1,250000,6,0,147749748,713766020,10922,27509,17860971409,7699423382,205286.441,,,1,1.0004525184631348,18.991406038126858,2158.0234545429416,,11C/18849C30,11C/18849C30,0.075636,0.072682,1.0,36.9,0.0,16728685.960738782,0.0,19.990953724344063,7802.4692386114875,7803967.560593127,1005.73,1
2026-09-13T01:14:18.520412+00:00,1789262058.5204124,D_rowsize_rep2,r3-sub,D06,load,16,1,250000,6,0,147749782,713770084,10922,27509,17860971409,7699433910,205290.15,,,1,1.0000419616699219,33.99857336308672,4063.8294749289544,,11C/18CE38B8,11C/18CE38B8,0.001198,0.000169,7.4,36.9,0.0,21355647.881352633,0.0,17.99924472163415,5072.787137380557,4533533.765352558,1005.72,1
2026-09-13T01:14:19.520534+00:00,1789262059.5205345,D_rowsize_rep2,r3-sub,D06,load,16,1,250000,6,0,147749798,713771862,10922,27509,17860971409,7699438518,205291.707,,,1,1.0001220703125,15.998047113389479,1777.782985475406,,11C/19491FB8,11C/19491FB8,0.007223,0.005109,0.2,36.9,0.0,11491973.171243744,0.0,15.998047113389479,8851.919443427316,7557800.416941292,1005.71,1
2026-09-13T01:14:20.520693+00:00,1789262060.520694,D_rowsize_rep2,r3-sub,D06,load,16,1,250000,6,0,147749819,713774275,10922,27509,17860971409,7699444766,205293.685,,,1,1.000159502029419,20.996650991555846,2412.6151829821074,,11C/19B41FC8,11C/19B41FC8,0.115507,0.115296,1.2,37.0,0.0,10119601.902959567,0.0,14.997607851111319,5642.100073588078,4533744.858494203,1005.71,1
2026-09-13T01:14:21.521411+00:00,1789262061.5214112,D_rowsize_rep2,r3-sub,D06,load,16,1,250000,6,0,147749853,713778339,10922,27509,17860971409,7699455299,205297.098,,,1,1.0007171630859375,33.97563392952442,4061.0875379290364,,11C/1A255378,11C/1A2537F8,0.000864,0.000453,1.0,36.9,0.0,15185269.685131818,0.0,20.98495036823567,8918.60390650016,7298765.59474254,1005.7,1
2026-09-13T01:14:22.522042+00:00,1789262062.5220027,D_rowsize_rep2,r3-sub,D06,load,16,1,250000,6,0,147749884,713782022,10922,27509,17860971409,7699464845,205300.161,,,1,1.000591516494751,30.981673828895214,3680.8227326393894,,11C/1A7F3F10,11C/1A7F3F10,0.109894,0.108284,1.0,36.9,0.0,13762611.188471176,0.0,15.99054133104269,6092.396247127265,4534212.938256308,1005.7,1
2026-09-13T01:14:23.522106+00:00,1789262063.5221064,D_rowsize_rep2,r3-sub,D06,load,16,1,250000,6,0,147749905,713784435,10922,27509,17860971409,7699471095,205301.984,,,1,1.0001037120819092,20.9978222721366,2412.7497686983625,,11C/1AD95FF0,11C/1AD95FF0,0.020552,0.018464,0.4,37.0,0.0,6208892.06287781,0.0,9.998962986731714,8472.12133865778,5288983.468513297,1005.69,1
2026-09-13T01:14:24.522251+00:00,1789262064.5222518,D_rowsize_rep2,r3-sub,D06,load,16,1,250000,6,0,147749922,713786340,10922,27509,17860971409,7699476031,205303.604,,,1,1.000145435333252,16.997527958856843,1904.7229859777817,,11C/1B43BA08,11C/1B43BA08,0.112885,0.110808,1.2,37.0,0.0,15660826.362498969,0.0,15.997673373041735,8581.751910051076,6799336.136283128,1005.69,1
2026-09-13T01:14:25.522491+00:00,1789262065.522492,D_rowsize_rep2,r3-sub,D06,load,16,1,250000,6,0,147749942,713788499,10922,27509,17860971409,7699481626,205305.431,,,1,1.0002400875091553,19.99519940238042,2158.4817754869664,,11C/1B8542B0,11C/1B8542B0,0.002469,0.001235,0.4,36.9,0.0,12072109.63726694,0.0,11.997119641428252,5857.5936649273435,4283921.483961499,1005.68,1
2026-09-13T01:14:26.522818+00:00,1789262066.5228186,D_rowsize_rep2,r3-sub,D06,load,16,1,250000,6,0,147749976,713792563,10922,27509,17860971409,7699492151,205308.997,,,1,1.0003266334533691,33.98889808884103,4062.6729950897043,,11C/1BEB9D48,11C/1BEB9D48,0.019331,0.017022,0.6,36.9,0.0,15776734.790632447,0.0,18.993795990822928,10675.513020315688,6061586.083204748,1005.68,1
2026-09-13T01:14:27.523969+00:00,1789262067.52397,D_rowsize_rep2,r3-sub,D06,load,16,1,250000,6,0,147749990,713794214,10922,27509,17860971409,7699496435,205310.435,,,1,1.0011513233184814,13.983900009835363,1649.1013511598703,,11C/1C49BC98,11C/1C49BC98,0.178969,0.176536,0.4,37.0,0.0,6374229.201283217,0.0,12.985050009132838,6748.230604746265,5786076.355369549,1005.67,1
2026-09-13T01:14:28.524068+00:00,1789262068.5240688,D_rowsize_rep2,r3-sub,D06,load,16,1,250000,6,0,147750011,713796627,10922,27509,17860971409,7699502683,205312.753,,,1,1.0000989437103271,20.997922387649805,2412.7612724475703,,11C/1C8B4A10,11C/1C8B4A10,0.043317,0.042032,0.8,36.9,0.0,18565331.077259764,0.0,85.99149168275635,6041.402241246672,4284798.046183308,1005.67,1
2026-09-13T01:14:29.524965+00:00,1789262069.5249655,D_rowsize_rep2,r3-sub,D06,load,16,1,250000,6,0,147750045,713800691,10922,27509,17860971409,7699513217,205316.252,,,1,1.000896692276001,33.9695397760635,4060.3591073506486,,11C/1CF197F8,11C/1CF197F8,0.023016,0.020812,1.0,36.9,0.0,14846974.832345854,0.0,17.983873999092438,7421.345336958813,6039330.578917668,1005.66,1
2026-09-13T01:14:30.525381+00:00,1789262070.5253816,D_rowsize_rep2,r3-sub,D06,load,16,1,250000,6,0,147750059,713802215,10922,27509,17860971409,7699517165,205317.68,,,1,1.0004160404205322,13.994177856359638,1523.3662180780063,,11C/1D4FC070,11C/1D4FC070,0.007538,0.006304,7.0,37.0,0.0,6223330.8428190425,0.0,12.99459372376252,7137.030706743415,6042201.200071782,1005.66,1
2026-09-13T01:14:31.525728+00:00,1789262071.5257282,D_rowsize_rep2,r3-sub,D06,load,16,1,250000,6,0,147750096,713806660,10922,27509,17860971409,7699528679,205321.343,,,1,1.0003466606140137,36.987178002163134,4443.459627557166,,11C/1DA19BC0,11C/1D953BD8,0.005173,0.000057,0.6,37.0,0.0,13229589.822269063,0.0,28.989950326019756,6018.9134797574125,5038705.279334032,1005.65,1
2026-09-13T01:14:32.526866+00:00,1789262072.5268662,D_rowsize_rep2,r3-sub,D06,load,16,1,250000,6,0,147750114,713808692,10922,27509,17860971409,7699533950,205323.004,,7391,1,1.0011379718780518,17.97953978933942,2029.6902695520944,703,11C/1E143AC8,11C/1E143AC8,0.181266,0.179115,1.4,36.9,0.0,25251776.18882626,0.0,30.964762970528998,8102.779265062298,6792596.216526632,1005.64,1
2026-09-13T01:14:33.526991+00:00,1789262073.5269911,D_rowsize_rep2,r3-sub,D06,load,16,1,250000,6,0,147750149,713812883,10922,27509,17860971409,7699544806,205326.532,,,1,1.0001249313354492,34.99562794946539,4190.476478177413,,11C/1E73DC88,11C/1E73DC88,0.023406,0.020685,0.4,37.0,0.0,6601927.212416815,0.0,12.998376095515717,6602.175181437713,6043940.92238919,1005.64,1
2026-09-13T01:14:34.527953+00:00,1789262074.5279534,D_rowsize_rep2,r3-sub,D06,load,16,1,250000,6,0,147750171,713814915,10922,27509,17860971409,7699550265,205328.131,,,1,1.000962257385254,21.978850688605498,2030.0465726930167,,11C/1ED89CC8,11C/1ED89CC8,0.054048,0.053123,1.2,37.0,0.0,14723240.453139098,0.0,19.980773353277723,7411.867875398371,6042108.936053773,1005.63,1
2026-09-13T01:14:35.528279+00:00,1789262075.5282798,D_rowsize_rep2,r3-sub,D06,load,16,1,250000,6,0,147750203,713818852,10922,27509,17860971409,7699560465,205331.386,,,1,1.00032639503479,31.989558766853374,3935.715402034429,,11C/1F471FF0,11C/1F471FF0,0.003341,0.002041,0.8,36.9,0.0,14306754.34641737,0.0,13.995431960498351,7584.524448878642,6546159.366085965,1005.63,1
2026-09-13T01:14:36.529293+00:00,1789262076.5292933,D_rowsize_rep2,r3-sub,D06,load,16,1,250000,6,0,147750236,713822789,10922,27509,17860971409,7699570667,205334.689,,,1,1.0010135173797607,32.966587790323096,3933.0138221364255,,11C/1F9D1F00,11C/1F9D1F00,0.122760,0.121779,0.8,36.9,0.0,23761389.418856725,0.0,23.975700211144073,6770.138347121808,5535450.7244859245,1005.62,1
2026-09-13T01:14:37.530309+00:00,1789262077.5303094,D_rowsize_rep2,r3-sub,D06,load,16,1,250000,6,0,147750255,713824948,10922,27509,17860971409,7699576260,205336.417,,,1,1.0010161399841309,18.98071293865572,2156.808380766195,,11C/20167AC0,11C/20167AC0,0.011121,0.009093,0.6,37.0,0.0,8101847.388922789,0.0,17.981728047147527,9353.495539191239,7551207.915708363,1005.61,1
2026-09-13T01:14:38.530933+00:00,1789262078.530933,D_rowsize_rep2,r3-sub,D06,load,16,1,250000,6,0,147750273,713826980,10922,27509,17860971409,7699581528,205338.07,,,1,1.0006234645843506,17.988784629867766,2030.7339093272947,,11C/2061B850,11C/2061B850,0.152898,0.151933,1.0,36.9,0.0,13221836.65310672,0.0,14.990653858223139,7874.090783262674,4530976.096871062,1005.61,1
2026-09-13T01:14:39.531495+00:00,1789262079.531495,D_rowsize_rep2,r3-sub,D06,load,16,1,250000,6,0,147750307,713831044,10922,27509,17860971409,7699592054,205341.457,,,1,1.0005621910095215,33.98089624563522,4061.7165394782805,,11C/20DC7C88,11C/20DC7C88,0.044760,0.042692,0.2,36.9,0.0,16194671.501279827,0.0,17.989886247689235,8269.35104518782,7299793.121935481,1005.6,1
2026-09-13T01:14:40.532197+00:00,1789262080.5321975,D_rowsize_rep2,r3-sub,D06,load,16,1,250000,6,0,147750322,713832695,10922,27509,17860971409,7699596336,205342.771,,,1,1.0007023811340332,14.989471677884328,1649.841182679135,,11C/212618E8,11C/212618E8,0.169971,0.168876,0.8,36.9,0.0,5108220.082585502,0.0,8.993683006730597,5836.9002713681575,4785351.859134433,1005.6,1
2026-09-13T01:14:41.532488+00:00,1789262081.532488,D_rowsize_rep2,r3-sub,D06,load,16,1,250000,6,0,147750359,713837140,10922,27509,17860971409,7699607848,205346.417,,,1,1.0002906322479248,36.98924973120157,4443.708515005162,,11C/218C7960,11C/218C7960,0.062745,0.060347,0.0,36.9,0.0,23516493.348674767,0.0,20.993898496087375,11218.739472528216,7068420.689005876,1005.59,1
2026-09-13T01:14:42.533625+00:00,1789262082.5336256,D_rowsize_rep2,r3-sub,D06,load,16,1,250000,6,0,147750390,713840823,10922,27509,17860971409,7699617393,205349.613,,,1,1.0011374950408936,30.964777718902376,3678.815365765079,,11C/21EABCD8,11C/21EABCD8,0.124622,0.122554,4.1,36.9,0.0,14773850.81795967,0.0,21.97500354244685,5867.325945833309,5031687.4804436695,1005.59,1
2026-09-13T01:14:43.534488+00:00,1789262083.5344887,D_rowsize_rep2,r3-sub,D06,load,16,1,250000,6,0,147750411,713843236,10922,27509,17860971409,7699623645,205351.649,,,1,1.0008630752563477,20.981891049004222,2410.919195297485,,11C/22511FF0,11C/22511FF0,0.032736,0.030542,1.0,37.0,0.0,7129079.068255642,0.0,10.990514359002212,7550.48336463452,6294234.60185749,1005.58,1
2026-09-13T01:14:44.535772+00:00,1789262084.5357726,D_rowsize_rep2,r3-sub,D06,load,16,1,250000,6,0,147750450,713847046,10935,27509,17860971409,7699723713,205354.965,,,1,1.001283884048462,38.949992725651825,3805.1146739675246,,11C/22AF1F40,11C/22AF1F40,0.094003,0.092427,1.4,37.0,0.0,17033874.480271276,0.0,19.974355243924013,6444.7257194520835,5785398.219511969,1005.57,1
2026-09-13T01:14:45.536106+00:00,1789262085.5361063,D_rowsize_rep2,r3-sub,D06,load,16,1,250000,6,0,147750454,713847300,10935,27509,17860971409,7699724373,205355.141,,,1,1.0003337860107422,3.9986653014607323,253.9152466427565,,11C/231159E0,11C/231159E0,0.066514,0.064469,0.8,36.9,0.0,16255694.076722285,0.0,61.97931217264135,7278.570514983898,6042669.041606367,1005.57,1
2026-09-13T01:14:46.537990+00:00,1789262086.5379906,D_rowsize_rep2,r3-sub,D06,load,16,1,250000,6,0,147750503,713853269,10935,27509,17860971409,7699739850,205359.988,,,1,1.0018842220306396,48.907846757668054,5957.774230541237,,11C/2373BF50,11C/2373BF50,0.081358,0.080375,1.0,36.9,0.0,14840517.170601068,0.0,25.95110236121162,6893.01203486644,6036622.662588492,1005.56,1
2026-09-13T01:14:47.538543+00:00,1789262087.5385435,D_rowsize_rep2,r3-sub,D06,load,16,1,250000,6,0,147750522,713855428,10935,27509,17860971409,7699745442,205361.852,,,1,1.0005528926849365,18.989500843892817,2157.8069643139256,,11C/23CDBCD8,11C/23CDBCD8,0.068006,0.065963,0.2,37.0,0.0,5657543.985315812,0.0,10.993921541201104,5834.773996139277,5286176.311785929,1005.56,1
2026-09-13T01:14:48.540541+00:00,1789262088.5405416,D_rowsize_rep2,r3-sub,D06,load,16,1,250000,6,0,147750540,713857460,10935,27509,17860971409,7699750711,205363.587,,,1,1.0019981861114502,17.964104376130972,2027.9477829054522,,11C/24385570,11C/24385570,0.039488,0.038227,1.9,36.9,0.0,15909841.176326087,0.0,19.96011597347886,7404.205020361983,7038173.419622932,1005.55,1
2026-09-13T01:14:49.541820+00:00,1789262089.5418205,D_rowsize_rep2,r3-sub,D06,load,16,1,250000,6,0,147750559,713859619,10935,27509,17860971409,7699756299,205365.211,,,1,1.0012788772583008,18.97573236741571,2156.2424305921327,,11C/248E3F10,11C/248E3F10,0.040639,0.038414,0.0,36.9,0.0,14104969.475309001,0.0,31.959128197752776,6229.033830293251,5034102.001434399,1005.55,1
2026-09-13T01:14:50.542821+00:00,1789262090.5428214,D_rowsize_rep2,r3-sub,D06,load,16,1,250000,6,0,147750606,713865334,10935,27509,17860971409,7699771107,205370.026,,,1,1.0010008811950684,46.95300561962338,5709.2856833222895,,11C/24FCBA98,11C/24FCBA98,0.008250,0.006343,0.6,37.0,0.0,7259038.56480621,0.0,11.988001434797459,7927.06594875982,6793394.619075089,1005.54,1
2026-09-13T01:14:51.544175+00:00,1789262091.5441751,D_rowsize_rep2,r3-sub,D06,load,16,1,250000,6,0,147750626,713867620,10935,27509,17860971409,7699777031,205372.242,,,1,1.0013537406921387,19.972961788883858,2282.909532469425,,11C/25423A40,11C/25423A40,0.110051,0.109009,0.0,36.9,0.0,21327671.862730842,0.0,18.974313699439666,4943.308042748755,4275972.442106657,1005.53,1
2026-09-13T01:14:52.544457+00:00,1789262092.5444572,D_rowsize_rep2,r3-sub,D06,load,16,1,250000,6,0,147750644,713869652,10935,27509,17860971409,7699782299,205373.867,,,1,1.0002820491790771,17.99492454630416,2031.4270376716695,,11C/25B4DCB8,11C/25B4DCB8,0.152715,0.150509,1.0,36.9,0.0,16137784.351171628,0.0,24.99295075875578,8169.695744022089,7053232.641523618,1005.53,1
2026-09-13T01:14:53.545471+00:00,1789262093.5454714,D_rowsize_rep2,r3-sub,D06,load,16,1,250000,6,0,147750678,713873716,10935,27509,17860971409,7699792828,205377.239,,,1,1.001014232635498,33.96555102966304,4059.8823348397236,,11C/2602DBC8,11C/2602DBC8,0.053348,0.053119,0.2,36.9,0.0,13511288.4103466,0.0,13.985815129861253,7430.463781136285,4780805.151391502,1005.52,1
2026-09-13T01:14:54.545591+00:00,1789262094.5455914,D_rowsize_rep2,r3-sub,D06,load,16,1,250000,6,0,147750697,713875875,10935,27509,17860971409,7699798422,205379.147,,,1,1.000119924545288,18.997721706862794,2158.7411139535143,,11C/267D9D70,11C/267D9D70,0.059262,0.057081,0.4,37.0,0.0,8088629.974728277,0.0,14.99820134752326,8581.970811052808,7555041.965027711,1005.52,1
2026-09-13T01:14:55.546884+00:00,1789262095.5468848,D_rowsize_rep2,r3-sub,D06,load,16,1,250000,6,0,147750728,713879558,10935,27509,17860971409,7699807968,205382.322,,,1,1.001293420791626,30.959955749525744,3678.242484693655,,11C/26C73C30,11C/26C73C30,0.152826,0.151064,0.0,36.9,0.0,13212990.043957599,0.0,12.983207249801119,5557.811411164863,4530828.731914845,1005.51,1
2026-09-13T01:14:56.547021+00:00,1789262096.5470214,D_rowsize_rep2,r3-sub,D06,load,16,1,250000,6,0,147750748,713881844,10935,27509,17860971409,7699813892,205384.224,,,1,1.0001366138458252,19.99726809629937,2285.6877434070175,,11C/272D7958,11C/272D7958,0.014453,0.011931,6.8,36.9,0.0,23507828.50514091,0.0,21.996994905929302,10647.545397874597,6314325.37572663,1005.51,1
2026-09-13T01:14:57.548022+00:00,1789262097.5480227,D_rowsize_rep2,r3-sub,D06,load,16,1,250000,6,0,147750763,713883495,10935,27509,17860971409,7699818166,205385.553,,,1,1.0010013580322266,14.984994655239104,1649.3484117199841,,11C/278BCAB8,11C/278BCAB8,0.002039,0.000749,0.0,36.9,0.0,15160498.912641264,0.0,29.96998931047821,6407.583714580241,6038663.136164691,1005.5,1
2026-09-13T01:14:58.549510+00:00,1789262098.5495107,D_rowsize_rep2,r3-sub,D06,load,16,1,250000,6,0,147750798,713887686,10935,27509,17860971409,7699829028,205389.235,,,1,1.0014879703521729,34.94799841449145,4184.773181575248,,11C/27D98678,11C/27CD4228,0.001890,0.000390,1.0,36.9,0.0,4920166.937469305,0.0,18.971770567866788,5994.080985205491,4781668.019752675,1005.5,1
2026-09-13T01:14:59.551000+00:00,1789262099.5510004,D_rowsize_rep2,r3-sub,D06,load,16,1,250000,6,0,147750818,713889972,10935,27509,17860971409,7699834949,205391.201,,,1,1.0014896392822266,19.970251528846685,2282.5997497471762,,11C/28481FE0,11C/28481FE0,0.092959,0.091488,0.0,36.9,0.0,16085606.24905298,0.0,27.958352140385358,6206.75417516555,6287207.328987238,1005.49,1
2026-09-13T01:15:00.552374+00:00,1789262100.5523748,D_rowsize_rep2,r3-sub,D06,load,16,1,250000,6,0,147750833,713891623,10935,27509,17860971409,7699839225,205392.599,,,1,1.0013744831085205,14.979411052532708,1648.7338431821001,,11C/2891D048,11C/2891D048,0.164702,0.163497,1.2,36.9,0.0,10675886.174784271,0.0,15.97803845603489,5503.435620700517,5030456.722207183,1005.48,1
2026-09-13T01:15:01.554048+00:00,1789262101.554048,D_rowsize_rep2,r3-sub,D06,load,16,1,250000,6,0,147750870,713896068,10935,27509,17860971409,7699850745,205396.517,,,1,1.0016732215881348,36.938194216011055,4437.574953788355,,11C/29109C98,11C/29109C98,0.081859,0.080613,0.6,36.9,0.0,10950764.94368963,0.0,13.976614027679858,8428.89658826436,7295068.733508167,1005.48,1
2026-09-13T01:15:02.554153+00:00,1789262102.554153,D_rowsize_rep2,r3-sub,D06,load,16,1,250000,6,0,147750904,713900132,10935,27509,17860971409,7699861280,205400.022,,8096,1,1.0001049041748047,33.99643363218351,4063.573714152759,705,11C/295A3B70,11C/295A3B70,0.036423,0.035479,1.2,36.9,0.0,13695587.275718376,0.0,20.997797243407465,6074.362773985731,4785097.023345405,1005.47,1
2026-09-13T01:15:03.554484+00:00,1789262103.554485,D_rowsize_rep2,r3-sub,D06,load,16,1,250000,6,0,147750922,713902164,10935,27509,17860971409,7699866542,205401.832,,,1,1.0003321170806885,17.994023877320025,2031.325362150794,,11C/29D91DB8,11C/29D91DB8,0.084281,0.078103,1.2,37.0,0.0,8344876.523970153,0.0,12.995683911397796,8244.261939792124,7804798.8929763045,1005.46,1
2026-09-13T01:15:04.555655+00:00,1789262104.5556555,D_rowsize_rep2,r3-sub,D06,load,16,1,250000,6,0,147750959,713906228,10935,27509,17860971409,7699877402,205405.1,,,1,1.0011703968048096,36.95674594263259,4059.2490678610493,,11C/2A22DE88,11C/2A22DE88,0.033465,0.032213,0.6,36.9,0.0,21601597.559237886,0.0,18.977788457027543,6394.5158790468595,4531934.837946063,1005.46,1
2026-09-13T01:15:05.556645+00:00,1789262105.5566456,D_rowsize_rep2,r3-sub,D06,load,16,1,250000,6,0,147750977,713908260,10935,27509,17860971409,7699882664,205406.905,,,1,1.0009901523590088,17.982194887312172,2029.9900006121297,,11C/2A999F28,11C/2A999F28,0.174651,0.172522,1.4,36.9,0.0,16191839.611811673,0.0,19.98021654145797,7489.584170565519,7296506.347027968,1005.45,1
2026-09-13T01:15:06.557772+00:00,1789262106.5577726,D_rowsize_rep2,r3-sub,D06,load,16,1,250000,6,0,147751011,713912324,10935,27509,17860971409,7699893196,205410.266,,,1,1.001127004623413,33.96172497892966,4059.4250092461807,,11C/2AF7BA80,11C/2AF7BA80,0.007814,0.005668,1.0,36.9,0.0,13018799.752487658,0.0,15.981988225378664,6068.161154323462,5534868.177973442,1005.45,1
2026-09-13T01:15:07.559068+00:00,1789262107.5590687,D_rowsize_rep2,r3-sub,D06,load,16,1,250000,6,0,147751030,713914483,10935,27509,17860971409,7699898784,205412.044,,,1,1.001296043395996,18.975407049007796,2156.2054641477807,,11C/2B5DFFF8,11C/2B5DFFF8,0.177431,0.175087,0.8,36.9,0.0,8357296.580957869,0.0,16.977995780691185,8032.589415535247,6543085.87675999,1005.44,1
2026-09-13T01:15:08.560184+00:00,1789262108.5601845,D_rowsize_rep2,r3-sub,D06,load,16,1,250000,6,0,147751047,713916388,10935,27509,17860971409,7699903722,205413.829,,,1,1.0011157989501953,16.98105255938103,1902.876772095345,,11C/2BA7B820,11C/2BA7B820,0.104823,0.103957,6.4,36.9,0.0,21619141.384738784,0.0,22.974365227397865,7744.3588525224195,4528955.59610039,1005.44,1
2026-09-13T01:15:09.561040+00:00,1789262109.5610406,D_rowsize_rep2,r3-sub,D06,load,16,1,250000,6,0,147751081,713920452,10935,27509,17860971409,7699914254,205417.657,,,1,1.0008561611175537,33.97091542308705,4060.5235376301694,,11C/2C269FD8,11C/2C269FD8,0.169824,0.167442,0.2,36.9,0.0,16730124.318067031,0.0,16.985457711543525,8756.50302258632,7801010.07849315,1005.43,1
2026-09-13T01:15:10.562713+00:00,1789262110.5627134,D_rowsize_rep2,r3-sub,D06,load,16,1,250000,6,0,147751115,713924516,10935,27509,17860971409,7699924787,205421.295,,,1,1.0016727447509766,33.94322165414679,4057.213317719193,,11C/2C6C5EB8,11C/2C6C5EB8,0.122758,0.121844,0.8,37.0,0.0,4588037.384547713,0.0,9.983300486513762,5022.598474765074,4277981.029687813,1005.43,1
2026-09-13T01:15:11.562838+00:00,1789262111.5628388,D_rowsize_rep2,r3-sub,D06,load,16,1,250000,6,0,147751130,713926167,10935,27509,17860971409,7699929063,205422.643,,,1,1.0001254081726074,14.998119113289453,1650.7929770693925,,11C/2CDEFD80,11C/2CDEFD80,0.124366,0.122023,0.6,36.9,0.0,15931442.06696338,0.0,13.998244505736823,11451.563880300275,7069640.409315276,1005.42,1
2026-09-13T01:15:12.563902+00:00,1789262112.5639021,D_rowsize_rep2,r3-sub,D06,load,16,1,250000,6,0,147751152,713928707,10935,27509,17860971409,7699935647,205425.011,,,1,1.001063346862793,21.976631218139435,2537.301967912462,,11C/2CEB5958,11C/2CEB5958,0.718646,0.717321,0.6,36.9,0.0,9676750.257971155,0.0,13.985128956997821,1387.5245800907123,1006713.5143427923,1005.42,1
2026-09-13T01:15:13.564932+00:00,1789262113.5649326,D_rowsize_rep2,r3-sub,D06,drain,0,0,0,0,0,147751154,713928707,10935,27509,17860971409,7699935647,205425.011,,,1,1.001030445098877,1.997941231250414,0.0,,11C/2CEB5958,11C/2CEB5958,1.719782,1.718457,0.2,36.9,0.0,8379972.897998536,0.0,5.993823693751241,344.6448623906964,3050.856260119382,1005.42,1
2026-09-13T01:15:14.565239+00:00,1789262114.565239,D_rowsize_rep2,r3-sub,D06,drain,0,0,0,0,0,147751156,713928707,10935,27509,17860971409,7699935647,205425.011,,,1,1.0003063678741455,1.9993874519167631,0.0,,11C/2CEB5958,11C/2CEB5958,2.720252,2.718927,0.6,36.9,0.0,0.0,0.0,0.0,182.94395185038383,125.96140947075607,1005.42,1
2026-09-13T01:15:15.566387+00:00,1789262115.5663872,D_rowsize_rep2,r3-sub,D06,drain,0,0,0,0,0,147751158,713928707,10935,27509,17860971409,7699935647,205425.011,,,1,1.0011482238769531,1.9977061860580312,0.0,,11C/2CEB5958,11C/2CEB5958,3.721068,3.719743,0.0,36.9,0.0,8378987.047007944,0.0,4.994265465145078,0.0,0.0,1005.42,1
2026-09-13T01:15:16.566559+00:00,1789262116.566559,D_rowsize_rep2,r3-sub,D06,drain,0,0,0,0,0,147751160,713928707,10935,27509,17860971409,7699935647,205425.011,,,1,1.0001718997955322,1.9996562594978575,0.0,,11C/2CEB5958,11C/2CEB5958,4.721350,4.720025,0.4,36.9,0.0,8387166.247836902,0.0,5.998968778493572,461.92059594400513,3119.4637648166577,1005.42,1
2026-09-13T01:15:17.566909+00:00,1789262117.5669098,D_rowsize_rep2,r3-sub,D06,drain,0,0,0,0,0,147751162,713928707,10935,27509,17860971409,7699935647,205425.011,,,1,1.0003507137298584,1.9992988184542784,0.0,,11C/2CEB5958,11C/2CEB5958,5.721944,5.720619,0.0,36.9,0.0,57323.89572272107,0.0,3.9985976369085567,65.9768610089912,59.97896455362835,1005.42,1
2026-09-13T01:15:18.567694+00:00,1789262118.5676947,D_rowsize_rep2,r3-sub,D06,drain,0,0,0,0,0,147751164,713928707,10935,27509,17860971409,7699935647,205425.011,,,1,1.0007848739624023,1.9984314831632202,0.0,,11C/2CEB5958,11C/2CEB5958,6.722413,6.721088,0.8,36.9,0.0,7858152.340835088,0.0,5.99529444948966,182.85648070943463,125.90118343928286,1005.42,1
2026-09-13T01:15:19.568163+00:00,1789262119.5681636,D_rowsize_rep2,r3-sub,D06,drain,0,0,0,0,0,147751166,713928707,10935,27509,17860971409,7699935647,205425.011,,,1,1.0004689693450928,1.9990625009681215,0.0,,11C/2CEB5958,11C/2CEB5958,7.722945,7.721620,0.2,36.8,0.0,9698875.524697047,0.0,66.96859378243207,344.8382814170009,3052.5684389783214,1005.42,1
2026-09-13T01:15:20.569007+00:00,1789262120.5690076,D_rowsize_rep2,r3-sub,D06,drain,0,0,0,0,0,147751168,713928707,10935,27509,17860971409,7699935647,205425.011,,,1,1.0008440017700195,1.9983134199365198,0.0,,11C/2CEBB360,11C/2CEBB360,0.499182,0.498901,4.8,36.8,0.0,8381533.970493425,0.0,7.993253679746079,368.6888259782879,399.662683987304,1005.42,1
2026-09-13T01:15:21.570012+00:00,1789262121.5700123,D_rowsize_rep2,r3-sub,D06,drain,0,0,0,0,0,147751170,713928707,10935,27509,17860971409,7699935647,205425.011,,,1,1.001004695892334,1.9979926250167321,0.0,,11C/2CEBB360,11C/2CEBB360,1.499889,1.499608,0.2,36.8,0.0,0.0,0.0,0.0,0.0,0.0,1005.42,1
2026-09-13T01:15:22.570877+00:00,1789262122.570877,D_rowsize_rep2,r3-sub,D06,drain,0,0,0,0,0,147751173,713928707,10942,27509,17860971409,7699935906,205425.011,,,1,1.0008647441864014,2.997408008850074,0.0,,11C/2CEC1E90,11C/2CEC1E90,0.092943,0.092679,7.0,36.8,0.0,8651462.697928099,0.0,16.98531205015042,1462.7351083188362,5365.360335841632,1007.44,1
2026-09-13T01:15:23.571737+00:00,1789262123.571737,D_rowsize_rep2,r3-sub,D06,drain,0,0,0,0,0,147751175,713928707,10942,27509,17860971409,7699935906,205425.011,,,1,1.0008599758148193,1.9982815262162537,0.0,,11C/2CEC1E90,11C/2CEC1E90,1.093881,1.093617,0.2,36.8,0.0,171884.1837590173,0.0,16.985392972838156,2485.8622186130196,248.78605001392359,1007.44,1
2026-09-13T01:15:24.572702+00:00,1789262124.5727026,D_rowsize_rep2,r3-sub,D06,drain,0,0,0,0,0,147751177,713928707,10942,27509,17860971409,7699935906,205425.011,,,1,1.0009655952453613,1.9980706724587778,0.0,,11C/2CEC1E90,11C/2CEC1E90,2.094544,2.094280,0.4,36.8,0.0,32736.389897564615,0.0,3.9961413449175556,182.8234665299782,125.87845236490301,1007.44,1
2026-09-13T01:15:25.572880+00:00,1789262125.5728803,D_rowsize_rep2,r3-sub,D03,drain,0,0,0,0,0,147751179,713928707,10942,27509,17860971409,7699935906,205425.011,,,1,1.0001776218414307,1.99964481940497,0.0,,11C/2CEC1E90,11C/2CEC1E90,3.094842,3.094578,0.0,36.8,0.0,8190.545180282757,0.0,0.999822409702485,344.9387313473573,3053.4576392313893,1007.44,1
2026-09-13T01:15:26.573504+00:00,1789262126.5735042,D_rowsize_rep2,r3-sub,D03,drain,0,0,0,0,0,147751181,713928707,10942,27509,17860971409,7699935906,205425.011,,,1,1.0006239414215088,1.998752895277276,0.0,,11C/2CEC1E90,11C/2CEC1E90,4.095333,4.095069,1.0,36.8,0.0,40934.45929527861,0.0,5.996258685831828,3665.712809938524,18696.33458242364,1007.44,1
2026-09-13T01:15:27.573581+00:00,1789262127.5735812,D_rowsize_rep2,r3-sub,D03,drain,0,0,0,0,0,147751183,713928707,10942,27509,17860971409,7699935906,205425.011,,,1,1.0000770092010498,1.9998459934578212,0.0,,11C/2CEC1E90,11C/2CEC1E90,5.095497,5.095233,0.0,36.8,0.0,53243.89972982103,0.0,9.999229967289105,0.0,0.0,1007.44,1
2026-09-13T01:15:28.573791+00:00,1789262128.5737915,D_rowsize_rep2,r3-sub,D03,drain,0,0,0,0,0,147751185,713928707,10942,27509,17860971409,7699935906,205425.011,,,1,1.0002102851867676,1.9995795180475908,0.0,,11C/2CEC1E90,11C/2CEC1E90,6.095712,6.095448,0.8,36.8,0.0,0.0,0.0,0.0,527.8889927645639,3179.331433695669,1007.44,1
2026-09-13T01:15:29.573938+00:00,1789262129.5739386,D_rowsize_rep2,r3-sub,D03,drain,0,0,0,0,0,147751187,713928707,10942,27509,17860971409,7699935906,205425.011,,,1,1.0001471042633057,1.9997058347463517,0.0,,11C/2CEC1E90,11C/2CEC1E90,7.095814,7.095550,0.0,36.8,0.0,32763.180396484226,0.0,3.9994116694927033,0.0,0.0,1007.44,1
2026-09-13T01:15:30.574113+00:00,1789262130.5741136,D_rowsize_rep2,r3-sub,D03,drain,0,0,0,0,0,147751189,713928707,10942,27509,17860971409,7699935906,205425.011,,,1,1.0001749992370605,1.999650062764628,0.0,,11C/2CEC1E90,11C/2CEC1E90,8.095999,8.095735,0.4,36.8,32762.266628335667,143334.91649896855,0.999825031382314,13.997550439352397,182.96798074296348,125.97795395417157,1007.44,1
2026-09-13T01:15:31.574325+00:00,1789262131.5743253,D_rowsize_rep2,r3-sub,D03,drain,0,0,0,0,0,147751191,713928707,10942,27509,17860971409,7699935906,205425.011,,,1,1.0002117156982422,1.9995766582316137,0.0,,11C/2CEC1E90,11C/2CEC1E90,9.096193,9.095929,0.0,36.8,0.0,36856.1969645251,0.0,5.998729974694841,344.92697354495334,3053.353557119674,1007.44,1
2026-09-13T01:15:32.575146+00:00,1789262132.5751464,D_rowsize_rep2,r3-sub,D03,drain,0,0,0,0,0,147751193,713928707,10942,27509,17860971409,7699935906,205425.011,,0,1,1.0008211135864258,1.9983591201758657,0.0,,11C/2CEC1E90,11C/2CEC1E90,10.097527,10.097263,0.6,36.8,0.0,180076.1370372876,0.0,10.990975160967261,275.7735585842695,185.8473981763555,1007.44,1
2026-09-13T01:15:33.576574+00:00,1789262133.5765738,D_rowsize_rep2,r3-sub,D03,drain,0,0,0,0,0,147751195,713928707,10942,27509,17860971409,7699935906,205425.011,,,1,1.001427412033081,1.9971492451356347,0.0,,11C/2CEC1E90,11C/2CEC1E90,11.098403,11.098139,0.0,36.8,0.0,0.0,0.0,0.0,0.0,0.0,1007.44,1
2026-09-13T01:15:34.577837+00:00,1789262134.5778372,D_rowsize_rep2,r3-sub,D03,drain,0,0,0,0,0,147751200,713928707,10942,27509,17860971413,7699935982,205425.011,,,1,1.0012633800506592,4.993691070322599,0.0,,11C/2CEC1E90,11C/2CEC1E90,12.099742,12.099478,6.5,36.8,0.0,16363.326899233094,0.0,2.99621464219356,461.4170548978082,3116.0632278813023,1007.44,1
2026-09-13T01:15:35.577976+00:00,1789262135.5779765,D_rowsize_rep2,r3-sub,D03,drain,0,0,0,0,0,147751202,713928707,10942,27509,17860971413,7699935982,205425.011,,,1,1.0001392364501953,1.9997215658677896,0.0,,11C/2CEC1E90,11C/2CEC1E90,13.099912,13.099648,0.0,36.8,0.0,413638.40645662055,0.0,58.99178619309979,65.99081167363705,59.991646976033685,1007.44,1
2026-09-13T01:15:36.578129+00:00,1789262136.5781293,D_rowsize_rep2,r3-sub,D03,drain,0,0,0,0,0,147751204,713928707,10942,27509,17860971413,7699935982,205425.011,,,1,1.000152826309204,1.9996943940862157,0.0,,11C/2CEC1E90,11C/2CEC1E90,14.099998,14.099734,0.6,36.8,0.0,32762.99295270856,0.0,3.9993887881724315,182.97203705888873,125.98074682743159,1007.44,1
2026-09-13T01:15:37.578227+00:00,1789262137.5782275,D_rowsize_rep2,r3-sub,D03,drain,0,0,0,0,0,147751206,713928707,10942,27509,17860971413,7699935982,205425.011,,,1,1.0000982284545898,1.9998035623865835,0.0,,11C/2CEC1E90,11C/2CEC1E90,15.100120,15.099856,0.0,36.8,0.0,98294.34469842535,0.0,4.999508905966459,344.96611451168565,3053.700039764313,1007.44,1
2026-09-13T01:15:38.579119+00:00,1789262138.5791192,D_rowsize_rep2,r3-sub,D03,drain,0,0,0,0,0,147751208,713928707,10942,27509,17860971413,7699935982,205425.011,,,1,1.0008916854858398,1.9982182178176313,0.0,,11C/2CEC1E90,11C/2CEC1E90,16.100985,16.100721,0.4,36.7,0.0,24554.105460543055,0.0,4.995545544544078,2668.6204298954467,374.66591584080584,1007.44,1
2026-09-13T01:15:39.580752+00:00,1789262139.5807524,D_rowsize_rep2,r3-sub,D03,drain,0,0,0,0,0,147751210,713928707,10942,27509,17860971413,7699935982,205425.011,,,1,1.0016331672668457,1.9967389912390738,0.0,,11C/2CEC1E90,11C/2CEC1E90,17.102613,17.102349,0.0,36.7,0.0,28625.250178403363,0.0,3.9934779824781477,0.0,0.0,1007.44,1
2026-09-13T01:15:40.580902+00:00,1789262140.5809026,D_rowsize_rep2,r3-sub,D03,drain,0,0,0,0,0,147751212,713928707,10942,27509,17860971413,7699935982,205425.011,,,1,1.000150203704834,1.9996996377058613,0.0,,11C/2CEC1E90,11C/2CEC1E90,18.102807,18.102543,0.6,36.7,0.0,0.0,0.0,0.0,527.9207043543474,3179.5224239523195,1007.44,1
2026-09-13T01:15:41.581035+00:00,1789262141.5810354,D_rowsize_rep2,r3-sub,D03,drain,0,0,0,0,0,147751214,713928707,10942,27509,17860971413,7699935982,205425.011,,,1,1.0001327991485596,1.9997344369694252,0.0,,11C/2CEC1E90,11C/2CEC1E90,19.102820,19.102556,0.0,36.7,2047.7280634566914,112625.04349011803,3.9994688739388504,10.998539403331838,3484.5372564192235,18579.53265388293,1007.44,1
2026-09-13T01:15:42.582173+00:00,1789262142.5821733,D_rowsize_rep2,r3-sub,D03,drain,0,0,0,0,0,147751216,713928707,10942,27509,17860971413,7699935982,205425.011,,,1,1.0011379718780518,1.9977266432599354,0.0,,11C/2CEC1E90,11C/2CEC1E90,20.104136,20.103872,0.6,36.7,0.0,57278.818315548866,0.0,8.98976989466971,275.6862767698711,185.788577823174,1007.44,1
2026-09-13T01:15:43.582530+00:00,1789262143.5825307,D_rowsize_rep2,r3-sub,D03,drain,0,0,0,0,0,147751224,713928707,10942,27509,17860971414,7699936763,205425.011,,,1,1.0003573894500732,7.99714190585211,0.0,,11C/2CEC1EC8,11C/2CEC1EC8,0.529298,0.529068,0.2,36.7,0.0,28661.75659057396,0.0,4.998213691157568,437.843519345403,3189.8599776967603,1007.44,1
2026-09-13T01:15:44.583607+00:00,1789262144.5835655,D_rowsize_rep2,r3-sub,D03,drain,0,0,0,0,0,147751226,713928707,10942,27509,17860971414,7699936763,205425.011,,,1,1.0010347366333008,1.9979326658797458,0.0,,11C/2CEC1EC8,11C/2CEC1EC8,1.530237,1.530007,0.8,36.7,0.0,0.0,0.0,0.0,182.81083892799674,125.86975795042399,1007.44,1
2026-09-13T01:15:45.584804+00:00,1789262145.584804,D_rowsize_rep2,r3-sub,D03,drain,0,0,0,0,0,147751228,713928707,10942,27509,17860971414,7699936763,205425.011,,,1,1.0012385845184326,1.9975258953508501,0.0,,11C/2CEC1EC8,11C/2CEC1EC8,2.531480,2.531250,0.4,36.7,0.0,32727.46426942833,0.0,3.9950517907017002,0.0,0.0,1007.44,1
2026-09-13T01:15:46.585393+00:00,1789262146.5853937,D_rowsize_rep2,r3-sub,D03,drain,0,0,0,0,0,147751230,713928707,10942,27509,17860971414,7699936763,205425.011,,,1,1.0005896091461182,1.9988214765759533,0.0,,11C/2CEC1EC8,11C/2CEC1EC8,3.532107,3.531877,7.0,36.7,0.0,85965.3140645786,0.0,4.997053691439883,527.6888698160517,3178.126147755766,1007.44,1
2026-09-13T01:15:47.586166+00:00,1789262147.5861669,D_rowsize_rep2,r3-sub,D03,drain,0,0,0,0,0,147751232,713928707,10942,27509,17860971414,7699936763,205425.011,,,1,1.0007731914520264,1.998454811822238,0.0,,11C/2CEC1EC8,11C/2CEC1EC8,4.532864,4.532634,0.2,36.7,0.0,24557.012727671663,0.0,3.996909623644476,0.0,0.0,1007.44,1
2026-09-13T01:15:48.586254+00:00,1789262148.5862541,D_rowsize_rep2,r3-sub,D03,drain,0,0,0,0,0,147751234,713928707,10942,27509,17860971414,7699936763,205425.011,,,1,1.0000872611999512,1.999825492827803,0.0,,11C/2CEC1EC8,11C/2CEC1EC8,5.532926,5.532696,1.0,36.7,0.0,77817.20957691547,0.0,2.9997382392417045,182.98403259374396,125.98900604815158,1007.44,1
2026-09-13T01:15:49.586281+00:00,1789262149.5862813,D_rowsize_rep2,r3-sub,D03,drain,0,0,0,0,0,147751236,713928707,10942,27509,17860971414,7699936763,205425.011,,,1,1.0000271797180176,1.9999456420413988,0.0,,11C/2CEC1EC8,11C/2CEC1EC8,6.533074,6.532844,0.2,36.7,0.0,28671.220724305495,0.0,3.9998912840827976,344.9906232521413,3053.916995397216,1007.44,1
2026-09-13T01:15:50.586808+00:00,1789262150.5868082,D_rowsize_rep2,r3-sub,D03,drain,0,0,0,0,0,147751238,713928707,10942,27509,17860971414,7699936763,205425.011,,,1,1.0005269050598145,1.9989467448458411,0.0,,11C/2CEC1EC8,11C/2CEC1EC8,7.533791,7.533561,1.4,36.7,0.0,45032.27226788711,0.0,4.997366862114602,182.90362715339447,125.933644925288,1007.44,1
2026-09-13T01:15:51.587202+00:00,1789262151.5872028,D_rowsize_rep2,r3-sub,D03,drain,0,0,0,0,0,147751240,713928707,10942,27509,17860971414,7699936763,205425.011,,,1,1.000394582748413,1.9992111457714434,0.0,,11C/2CEC1EC8,11C/2CEC1EC8,8.533882,8.533652,0.0,36.7,0.0,0.0,0.0,0.0,0.0,0.0,1007.44,1
2026-09-13T01:15:52.587301+00:00,1789262152.587301,D_rowsize_rep2,r3-sub,D03,drain,0,0,0,0,0,147751244,713928707,10942,27509,17860971414,7699937004,205425.011,,,1,1.0000982284545898,3.999607124773167,0.0,,11C/2CEC1EC8,11C/2CEC1EC8,9.534126,9.533896,3.1,36.7,0.0,167919.50552647666,0.0,32.99675877937863,1716.831358308882,4009.6061425851,1007.44,1
2026-09-13T01:15:53.588224+00:00,1789262153.5882244,D_rowsize_rep2,r3-sub,D03,drain,0,0,0,0,0,147751247,713928714,10942,27509,17860971414,7699937083,205425.227,,,1,1.0009233951568604,2.9972323701454227,6.993542197005986,,11C/2D309D48,11C/2D309D48,0.043818,0.040541,0.0,36.7,0.0,4861558.860093798,0.0,30.971401158169368,25756.21683411633,4110566.3229654203,1007.44,1
2026-09-13T01:15:54.588457+00:00,1789262154.5884576,D_rowsize_rep2,r3-sub,D03,drain,0,0,0,0,0,147751826,713932753,10942,27509,17860971414,7699953330,205429.585,,,1,1.0002331733703613,578.8650240913483,4038.0584323056232,,11C/2D936000,11C/2D936000,0.106659,0.102905,0.6,36.7,0.0,14951009.822649347,0.0,24.994172024669616,33349.223849076174,6046656.080822219,1007.43,1
2026-09-13T01:15:55.588631+00:00,1789262155.5886312,D_rowsize_rep2,r3-sub,D03,load,16,1,10000,6,0,147752496,713937429,10942,27509,17860971414,7699974122,205434.409,,,1,1.000173568725586,669.8837291348433,4675.188533484369,,11C/2E205A50,11C/2E205A50,0.041835,0.038950,0.0,36.7,0.0,9247162.98170598,0.0,18.99670276651048,48138.644636798956,8558091.582950499,1007.42,1
2026-09-13T01:15:56.589642+00:00,1789262156.5896428,D_rowsize_rep2,r3-sub,D03,load,16,1,10000,6,0,147753300,713943043,10942,27509,17860971414,7699999855,205440.199,,,1,1.001011610031128,803.187487480788,5608.326560593462,,11C/2EA67860,11C/2EA5D8E0,0.000440,-0.000171,0.6,36.7,0.0,17001680.92902616,0.0,25.97372471952797,52472.91786992024,8874289.679541042,1007.41,1
2026-09-13T01:15:57.590631+00:00,1789262157.5906317,D_rowsize_rep2,r3-sub,D03,load,16,1,10000,6,0,147754156,713949021,10942,27509,17860971414,7700027248,205446.959,,,1,1.0009889602661133,855.1542863893644,5972.093836490211,,11C/2F42D828,11C/2F42D828,0.027793,0.023978,0.2,36.7,0.0,18921191.693227883,0.0,31.968384537920166,48078.45232099831,8834793.740031803,1007.4,1
2026-09-13T01:15:58.592170+00:00,1789262158.5921705,D_rowsize_rep2,r3-sub,D03,load,16,1,10000,6,0,147755067,713955384,10942,27509,17860971414,7700056422,205453.58,,,1,1.0015387535095215,909.6003492702984,6353.223954343478,,11C/2FCDD428,11C/2FC81A20,0.002535,-0.000204,4.5,36.7,0.0,17107244.16799825,0.0,30.952371929066135,50466.34473492641,9140779.593321014,1007.39,1
2026-09-13T01:15:59.592262+00:00,1789262159.592262,D_rowsize_rep2,r3-sub,D03,load,16,1,10000,6,0,147755867,713960970,10942,27509,17860971414,7700082020,205459.461,,,1,1.000091552734375,799.9267645174086,5585.488633242806,,11C/30519FD8,11C/30519FD8,0.093800,0.090084,0.0,36.8,0.0,9043140.075798724,0.0,17.998352201641694,41048.24192121083,7376032.704037106,1007.38,1
2026-09-13T01:16:00.593422+00:00,1789262160.5934222,D_rowsize_rep2,r3-sub,D03,load,16,1,10000,6,0,147756624,713966255,10942,27509,17860971414,7700106239,205465.084,,,1,1.0011601448059082,756.1227880747862,5278.875739729518,,11C/30D6FA50,11C/30D6FA50,0.062596,0.058703,1.2,36.8,0.0,17322367.545266327,0.0,33.960600785393304,45370.36380808588,8132567.044584525,1007.37,1
2026-09-13T01:16:01.594688+00:00,1789262161.5946884,D_rowsize_rep2,r3-sub,D03,load,16,1,10000,6,0,147757339,713971246,10942,27509,17860971414,7700129109,205470.48,,,1,1.0012662410736084,714.0957825895945,4984.688183083449,,11C/3143BE10,11C/3143BE10,0.126698,0.122846,0.0,36.8,0.0,7187570.802630241,0.0,14.981030403977508,41026.05112897254,6638190.450597019,1007.37,1
2026-09-13T01:16:02.594836+00:00,1789262162.5948367,D_rowsize_rep2,r3-sub,D03,load,16,1,10000,6,0,147758018,713975985,10942,27509,17860971414,7700150834,205475.619,,7039,1,1.0001482963562012,678.8993217043638,4738.297327771694,7039,11C/31B81EB8,11C/31B81EB8,0.066326,0.062331,0.4,36.8,0.0,16053939.25930517,0.0,23.996441415176335,39276.17548628987,7077946.366344484,1007.36,1
2026-09-13T01:16:03.596042+00:00,1789262163.5960424,D_rowsize_rep2,r3-sub,D03,load,16,1,10000,6,0,147758683,713980626,10942,27509,17860971414,7700172114,205480.844,,,1,1.0012056827545166,664.1991864952787,4635.411164698629,,11C/321FF948,11C/321FF948,0.004919,0.001310,0.0,36.8,0.0,14294189.741938356,0.0,24.969894229145815,34629.24811274858,6348415.824521874,1007.35,1
2026-09-13T01:16:04.597182+00:00,1789262164.597183,D_rowsize_rep2,r3-sub,D03,load,16,1,10000,6,0,147759289,713984833,10942,27509,17860971414,7700191629,205485.632,,,1,1.0011405944824219,605.3095872246545,4202.20698589789,,11C/3272F940,11C/3272F940,0.130875,0.127251,0.4,36.8,0.0,14270571.065381816,0.0,20.97607480481476,29252.63460637167,5025472.973255145,1007.34,1
2026-09-13T01:16:05.598188+00:00,1789262165.5981886,D_rowsize_rep2,r3-sub,D03,load,16,1,10000,6,0,147759291,713984833,10942,27509,17860971414,7700191629,205485.632,,,1,1.0010056495666504,1.9979907214967554,0.0,,11C/32C6BDD8,11C/32C6BDD8,0.177618,0.174950,0.6,36.8,0.0,6129643.726442781,0.0,10.988948968232155,28246.593825160377,5096805.399858331,1007.34,1
2026-09-13T01:16:06.598607+00:00,1789262166.5986073,D_rowsize_rep2,r3-sub,D03,load,16,1,10000,6,0,147760288,713991798,10942,27509,17860971414,7700223549,205493.506,,,1,1.0004186630249023,996.5827676439327,6962.085232337002,,11C/33203FF0,11C/33203FF0,0.111867,0.108245,0.6,36.8,0.0,13519331.955588814,0.0,16.99288570706806,30629.176696234088,5471954.095146399,1007.33,1
2026-09-13T01:16:07.598751+00:00,1789262167.5987518,D_rowsize_rep2,r3-sub,D03,load,16,1,10000,6,0,147760290,713991798,10942,27509,17860971414,7700223549,205493.506,,,1,1.0001444816589355,1.9997110784259973,0.0,,11C/33719F28,11C/33719F28,0.130577,0.127843,0.2,36.8,0.0,14522317.791433904,0.0,17.997399705833974,27536.021549925983,4945028.5340739135,1007.33,1
2026-09-13T01:16:08.599893+00:00,1789262168.5998936,D_rowsize_rep2,r3-sub,D03,load,16,1,10000,6,0,147760850,713995704,10942,27509,17860971414,7700241447,205498.676,,,1,1.0011417865753174,559.3613287440883,3901.545267990016,,11C/33C2FF68,11C/33C2FF68,0.118590,0.114991,1.0,36.8,0.0,5498745.606085885,0.0,15.981752249831095,30425.260845615947,5000906.032627522,1007.32,1
2026-09-13T01:16:09.600735+00:00,1789262169.600736,D_rowsize_rep2,r3-sub,D03,load,16,1,10000,6,0,147761598,714000926,10942,27509,17860971414,7700265380,205504.564,,,1,1.0008423328399658,747.370465313446,5217.605039928897,,11C/340FFB70,11C/340FFB70,0.172972,0.170923,0.6,36.8,0.0,13456313.305397995,0.0,17.9848507695749,28869.68211867207,4694357.788272389,1007.32,1
2026-09-13T01:16:10.601295+00:00,1789262170.601296,D_rowsize_rep2,r3-sub,D03,load,16,1,10000,6,0,147762148,714004762,10942,27509,17860971414,7700282963,205508.941,,,1,1.0005600452423096,549.692147528042,3833.8528689410346,,11C/3462FC68,11C/3462FC68,0.181757,0.177689,1.0,36.8,0.0,13881761.585469183,0.0,18.989365096423267,28085.270977610013,5059844.258296314,1007.31,1
2026-09-13T01:16:11.602196+00:00,1789262171.6021962,D_rowsize_rep2,r3-sub,D03,load,16,1,10000,6,0,147762718,714008738,10942,27509,17860971414,7700301183,205513.768,,,1,1.0009002685546875,569.4873084838783,3972.4237518103514,,11C/34C59800,11C/34C59800,0.040498,0.036974,0.4,36.8,0.0,14879660.309718728,0.0,19.982010823995733,36248.366735269454,6029261.045872399,1007.3,1
2026-09-13T01:16:12.603508+00:00,1789262172.603508,D_rowsize_rep2,r3-sub,D03,load,16,1,10000,6,0,147762720,714008738,10942,27509,17860971414,7700301183,205513.768,,,1,1.0013117790222168,1.9973798789753623,0.0,,11C/35109EC8,11C/35109EC8,0.168712,0.164800,7.3,36.8,0.0,4925123.326538417,0.0,10.985589334364493,25238.892150732678,4554116.00615838,1007.3,1
2026-09-13T01:16:13.603667+00:00,1789262173.6036675,D_rowsize_rep2,r3-sub,D03,load,16,1,10000,6,0,147763244,714012392,10942,27509,17860971414,7700317928,205517.941,,,1,1.000159502029419,523.9164342654888,3653.417272530717,,11C/3574B950,11C/3574B950,0.056711,0.053361,0.2,36.8,0.0,15120020.326073136,0.0,26.995694132000374,34092.56216714625,6113882.8232820565,1007.29,1
2026-09-13T01:16:14.604944+00:00,1789262174.604945,D_rowsize_rep2,r3-sub,D03,load,16,1,10000,6,0,147763821,714016417,10942,27509,17860971414,7700336374,205522.564,,,1,1.0012774467468262,576.2638536148861,4019.8648367416235,,11C/35C6A950,11C/35C69EF0,0.000270,-0.000190,0.4,36.8,0.0,5399822.014933582,0.0,11.984690196496766,30740.730354014206,5583783.014553076,1007.29,1
2026-09-13T01:16:15.605742+00:00,1789262175.605742,D_rowsize_rep2,r3-sub,D03,load,16,1,10000,6,0,147764387,714020365,10942,27509,17860971414,7700354470,205526.857,,,1,1.0007970333099365,565.5492384185711,3944.855818509751,,11C/36303E90,11C/36303E90,0.059819,0.055966,0.0,36.8,0.0,15384601.959777942,0.0,22.98168283326349,32793.862199465555,5862911.064588328,1007.28,1
2026-09-13T01:16:16.607230+00:00,1789262176.60723,D_rowsize_rep2,r3-sub,D03,load,16,1,10000,6,0,147764992,714024586,10942,27509,17860971414,7700373821,205532.182,,,1,1.0014879703521729,604.1011154504951,4214.728608787669,,11C/3691BAA0,11C/3691BAA0,0.045656,0.041883,0.6,36.8,0.0,12809611.677600883,0.0,93.8603385989199,32789.210626716296,5904148.8016283605,1007.27,1
2026-09-13T01:16:17.608422+00:00,1789262177.608422,D_rowsize_rep2,r3-sub,D03,load,16,1,10000,6,0,147765554,714028506,10942,27509,17860971414,7700391787,205537.12,,,1,1.0011920928955078,561.3308414918282,3915.3325598718266,,11C/36F59FC8,11C/36F59FC8,0.014519,0.010279,0.2,36.8,0.0,14985783.553891787,0.0,23.971423835949956,33458.114819027156,6093753.679531655,1007.27,1
2026-09-13T01:16:18.610229+00:00,1789262178.610229,D_rowsize_rep2,r3-sub,D03,load,16,1,10000,6,0,147766192,714032958,10942,27509,17860971414,7700412197,205542.204,,,1,1.0018069744110107,636.8492297381912,4443.9698601793525,,11C/37517938,11C/37517938,0.096284,0.092096,2.1,36.8,0.0,6181981.317949119,0.0,18.965729412265883,30910.146156853963,5580940.383537571,1007.26,1
2026-09-13T01:16:19.611444+00:00,1789262179.6114447,D_rowsize_rep2,r3-sub,D03,load,16,1,10000,6,0,147766753,714036871,10942,27509,17860971414,7700430133,205547.669,,,1,1.0012156963348389,560.3188224611927,3908.2487563113136,,11C/37B6DFE8,11C/37B6DFE8,0.062888,0.058774,0.4,36.8,2127845.186405782,15869603.381333966,7.990286238305778,27.966001834070223,34649.87627241301,6192297.047175515,1007.25,1
2026-09-13T01:16:20.611859+00:00,1789262180.611859,D_rowsize_rep2,r3-sub,D03,load,16,1,10000,6,0,147767386,714041288,10942,27509,17860971414,7700450385,205553.25,,,1,1.0004143714904785,632.7378114899708,4415.170479227806,,11C/38311E90,11C/38311E90,0.067505,0.063492,0.4,36.8,0.0,15181677.145813126,0.0,20.99130180298481,35571.26028385798,5962001.516545354,1007.24,1
2026-09-13T01:16:21.612216+00:00,1789262181.6122162,D_rowsize_rep2,r3-sub,D03,load,16,1,10000,6,0,147767906,714044914,10942,27509,17860971414,7700467010,205557.635,,,1,1.0003571510314941,519.8143477695087,3624.705432715843,,11C/38931C68,11C/38931C68,0.019135,0.015664,0.0,36.9,0.0,6502125.759078241,0.0,13.99500167071754,33162.15610174169,5971440.293939514,1007.24,1
2026-09-13T01:16:22.613137+00:00,1789262182.6131372,D_rowsize_rep2,r3-sub,D03,load,16,1,10000,6,0,147768458,714048757,10942,27509,17860971414,7700484625,205562.438,,,1,1.0009210109710693,551.4920697532995,3839.4638117063946,,11C/38E59C30,11C/38E59C30,0.146267,0.142248,0.8,36.8,0.0,11646489.4554371,0.0,14.986197547644007,28372.868277036145,5015653.528073561,1007.23,1
2026-09-13T01:16:23.614472+00:00,1789262183.614455,D_rowsize_rep2,r3-sub,D03,load,16,1,10000,6,0,147768996,714052516,10942,27509,17860971414,7700501856,205567.018,,,1,1.0013177394866943,537.2919891300388,3754.053135947613,,11C/3940BE60,11C/3940BE60,0.148691,0.144748,0.2,36.9,0.0,14472576.913926298,0.0,25.96578386130299,33242.19544643582,5541434.83250826,1007.23,1
2026-09-13T01:16:24.614830+00:00,1789262184.6148305,D_rowsize_rep2,r3-sub,D03,load,16,1,10000,6,0,147769565,714056485,10942,27509,17860971414,7700520041,205572.865,,,1,1.000375509262085,568.7864154328569,3967.510163186307,,11C/39A59FD8,11C/39A59FD8,0.038563,0.034100,6.6,36.8,0.0,15034866.268461984,0.0,20.992117265536017,44226.39257995762,6152492.682012994,1007.22,1
2026-09-13T01:16:25.616135+00:00,1789262185.616135,D_rowsize_rep2,r3-sub,D03,load,16,1,10000,6,0,147770145,714060531,10942,27509,17860971414,7700538582,205578.645,,,1,1.0013043880462646,579.2444404759779,4040.7293209755285,,11C/39F8BEB0,11C/39F8BEB0,0.118162,0.114262,0.4,36.9,0.0,5497852.66670143,0.0,10.98567042282027,28097.35015232959,5087719.639319725,1007.22,1
2026-09-13T01:16:26.617140+00:00,1789262186.61714,D_rowsize_rep2,r3-sub,D03,load,16,1,10000,6,0,147770753,714064773,10942,27509,17860971414,7700558022,205584.444,,,1,1.0010051727294922,607.3894686699123,4237.740338976591,,11C/3A523FB8,11C/3A523FB8,0.135577,0.131789,0.8,36.9,0.0,14362523.183369378,0.0,26.97288758895992,36951.857001038465,5434024.86639292,1007.21,1
2026-09-13T01:16:27.618198+00:00,1789262187.6181982,D_rowsize_rep2,r3-sub,D03,load,16,1,10000,6,0,147771322,714068742,10942,27509,17860971414,7700576209,205590.23,,,1,1.0010581016540527,568.3985765260167,3964.8048334477326,,11C/3AB41F48,11C/3AB41F48,0.054162,0.050963,0.0,36.8,0.0,14877314.289142795,0.0,21.976746368316988,33084.992714484484,6020291.919162454,1007.2,1
2026-09-13T01:16:28.619558+00:00,1789262188.6195586,D_rowsize_rep2,r3-sub,D03,load,16,1,10000,6,0,147771882,714072648,10942,27509,17860971414,7700594110,205596.047,,,1,1.0013604164123535,559.2392018114242,3900.693432634684,,11C/3B101D80,11C/3B101D80,0.059743,0.055897,0.8,36.9,0.0,14557859.249348454,0.0,26.963318658765097,30944.90204737608,5597233.431775639,1007.2,1
2026-09-13T01:16:29.619689+00:00,1789262189.619689,D_rowsize_rep2,r3-sub,D03,load,16,1,10000,6,0,147771884,714072648,10942,27509,17860971414,7700594110,205596.047,,,1,1.0001304149627686,1.9997392040861524,0.0,,11C/3B61BCA0,11C/3B61BCA0,0.000224,0.000028,0.2,36.9,0.0,6458549.70848023,0.0,12.99830482655999,30107.073587119066,5547535.518361916,1007.19,1
2026-09-13T01:16:30.620545+00:00,1789262190.6205459,D_rowsize_rep2,r3-sub,D03,load,16,1,10000,6,0,147772419,714076379,10942,27509,17860971414,7700611204,205601.314,,,1,1.000856876373291,534.5419636208408,3727.805731344592,,11C/3BC4DDC8,11C/3BC4DDC8,0.105465,0.102418,1.4,36.8,0.0,15023542.681233322,0.0,34.97003500323257,30738.66076784143,5501347.025712392,1007.18,1
2026-09-13T01:16:31.620918+00:00,1789262191.620918,D_rowsize_rep2,r3-sub,D03,load,16,1,10000,6,0,147772991,714080369,10942,27509,17860971414,7700629488,205607.26,,,1,1.0003721714019775,571.7871971572011,3988.515588561596,,11C/3C213DB0,11C/3C213DB0,0.119672,0.116715,0.0,36.9,0.0,14445311.868030073,0.0,21.99181527527697,31185.3936883098,5613199.927513397,1007.18,1
2026-09-13T01:16:32.621170+00:00,1789262192.621171,D_rowsize_rep2,r3-sub,D03,load,16,1,10000,6,0,147773618,714084744,10942,27509,17860971414,7700649532,205614.558,,22755,1,1.0002529621124268,626.8414328669853,4373.89357064284,15716,11C/3C829FE0,11C/3C829FE0,0.095128,0.090973,0.4,36.9,0.0,6506898.0013362365,0.0,13.99645942605709,32970.659672281196,5972054.296529623,1007.17,1
2026-09-13T01:16:33.621873+00:00,1789262193.6218731,D_rowsize_rep2,r3-sub,D03,load,16,1,10000,6,0,147774173,714088615,10942,27509,17860971414,7700667274,205619.235,,,1,1.000702142715454,554.6105842183773,3868.283912629439,,11C/3CE41FB8,11C/3CE41FB8,0.075837,0.071689,0.2,36.9,0.0,14796650.639540328,0.0,23.98316039863253,32665.06446293751,5948005.651160558,1007.16,1
2026-09-13T01:16:34.622605+00:00,1789262194.6226056,D_rowsize_rep2,r3-sub,D03,load,16,1,10000,6,0,147774746,714092591,10942,27509,17860971414,7700686094,205624.271,,,1,1.000732421875,572.5806294218102,3973.0900219565747,,11C/3D40BFD8,11C/3D40BFD8,0.092987,0.089755,1.2,36.9,0.0,14612017.838497194,0.0,22.983166626006344,32043.530617223714,5664535.170529397,1007.16,1
2026-09-13T01:16:35.623740+00:00,1789262195.623741,D_rowsize_rep2,r3-sub,D03,load,16,1,10000,6,0,147775368,714096931,10942,27509,17860971414,7700705982,205629.121,,,1,1.0011353492736816,621.2946136116936,4335.078172145901,,11C/3DA4BDF0,11C/3DA4BDF0,0.059663,0.057567,0.2,36.8,0.0,22960683.604546346,0.0,28.967112210191505,33714.72201484806,6062212.271700421,1007.15,1
2026-09-13T01:16:36.624952+00:00,1789262196.6249526,D_rowsize_rep2,r3-sub,D03,load,16,1,10000,6,0,147775948,714100977,10942,27509,17860971414,7700724521,205633.916,,,1,1.0012116432189941,579.2980973885229,4041.10362419649,,11C/3DFFF908,11C/3DFFF908,0.049146,0.046402,3.9,36.9,0.0,5662003.671645331,0.0,8.989108407752942,30820.65636071559,5605417.234218527,1007.15,1
2026-09-13T01:16:37.626098+00:00,1789262197.6260984,D_rowsize_rep2,r3-sub,D03,load,16,1,10000,6,0,147776569,714105310,10942,27509,17860971414,7700742734,205639.62,,,1,1.001145839691162,620.2892479596867,4328.040759113241,,11C/3E63BB48,11C/3E63BB48,0.065082,0.061298,0.0,36.9,0.0,15354693.982189558,0.0,21.974820378604036,34166.85026684226,6076151.704207797,1007.14,1
2026-09-13T01:16:38.626731+00:00,1789262198.6267316,D_rowsize_rep2,r3-sub,D03,load,16,1,10000,6,0,147777137,714109272,10942,27509,17860971414,7700758108,205644.516,,,1,1.0006332397460938,567.6405474438641,3959.492691853151,,11C/3EC49C38,11C/3EC49C38,0.051621,0.047656,0.8,36.9,0.0,14998246.514185505,0.0,26.9829133468034,34904.89683199268,5895859.507422515,1007.13,1
2026-09-13T01:16:39.627143+00:00,1789262199.6271436,D_rowsize_rep2,r3-sub,D03,load,16,1,10000,6,0,147777697,714113178,10942,27509,17860971414,7700773264,205649.524,,,1,1.0004119873046875,559.7693821210133,3904.391440294068,,11C/3F221D30,11C/3F221D30,0.080515,0.077057,0.0,36.8,0.0,20442905.78234675,0.0,105.95634733004896,31163.161173222703,5716103.038116011,1007.12,1
2026-09-13T01:16:40.627661+00:00,1789262200.6276615,D_rowsize_rep2,r3-sub,D03,load,16,1,10000,6,0,147778244,714116993,10942,27509,17860971414,7700788072,205653.86,,,1,1.0005178451538086,546.7168853104366,3813.0254432528627,,11C/3F84DDE0,11C/3F84DDE0,0.037176,0.033163,1.0,36.8,0.0,6902281.686878229,0.0,13.99275392019399,33414.69636142325,6016227.52573159,1007.12,1
2026-09-13T01:16:41.628805+00:00,1789262201.6288054,D_rowsize_rep2,r3-sub,D03,load,16,1,10000,6,0,147778802,714120885,10942,27509,17860971414,7700803177,205658.387,,,1,1.0011439323425293,557.3624151068491,3887.552902501535,,11C/3FE59E68,11C/3FE59E68,0.035199,0.031719,0.0,36.9,0.0,14745116.584244916,0.0,18.978290120125685,35484.40823776131,5900202.567455613,1007.11,1
2026-09-13T01:16:42.629829+00:00,1789262202.6298292,D_rowsize_rep2,r3-sub,D03,load,16,1,10000,6,0,147779417,714125176,10942,27509,17860971414,7700819841,205663.794,,,1,1.001023769378662,614.371025756693,4286.611498409708,,11C/40415B18,11C/40415B18,0.068697,0.064534,2.2,36.8,0.0,14464551.634960052,0.0,21.977500108369508,30556.716968854842,5574937.549648716,1007.11,1
2026-09-13T01:16:43.631664+00:00,1789262203.631665,D_rowsize_rep2,r3-sub,D03,load,16,1,10000,6,0,147779979,714129096,10942,27509,17860971414,7700835058,205668.709,,,1,1.001835823059082,560.9701580483978,3912.8167607646255,,11C/40A37FD0,11C/40A37FD0,0.039633,0.035764,3.5,36.9,0.0,15045658.832576076,0.0,25.952356066295987,33280.90215240157,5965781.880059133,1007.1,1
2026-09-13T01:16:44.632626+00:00,1789262204.6326268,D_rowsize_rep2,r3-sub,D03,load,16,1,10000,6,0,147780553,714133100,10942,27509,17860971414,7700850660,205672.922,,,1,1.0009617805480957,573.4484684177405,4000.152730913995,,11C/40F59F90,11C/40F59F90,0.166611,0.162678,0.8,36.9,0.0,7660344.429735767,0.0,14.985587153773707,27891.174810603625,5033435.939223569,1007.09,1
2026-09-13T01:16:45.633436+00:00,1789262205.6334367,D_rowsize_rep2,r3-sub,D03,load,16,1,10000,6,0,147781187,714137475,10955,27509,17860971414,7700957312,205678.344,,,1,1.000809907913208,633.4869339193049,4371.459520342207,,11C/41637B20,11C/41637B20,0.009837,0.005896,0.6,36.9,0.0,16473058.339695944,0.0,42.96520214279197,36477.45661923038,6658982.837106312,1007.09,1
2026-09-13T01:16:46.634548+00:00,1789262206.6345482,D_rowsize_rep2,r3-sub,D03,load,16,1,10000,6,0,147781189,714137475,10955,27509,17860971414,7700957312,205678.344,,,1,1.0011115074157715,1.9977794533225561,0.0,,11C/41B53810,11C/41B53810,0.167748,0.164151,0.6,36.8,0.0,15228385.536545902,0.0,20.976684259886838,30604.982335174896,5418154.680892391,1007.08,1
2026-09-13T01:16:47.635856+00:00,1789262207.6358564,D_rowsize_rep2,r3-sub,D03,load,16,1,10000,6,0,147781759,714141451,10955,27509,17860971414,7700972751,205683.07,,,1,1.0013082027435303,569.2552986565283,3970.8053815058893,,11C/42211C00,11C/42211C00,0.044179,0.040888,0.4,36.9,0.0,6786386.031175361,0.0,14.980402596224431,33708.90192202421,6072177.360917246,1007.07,1
2026-09-13T01:16:48.635997+00:00,1789262208.6359973,D_rowsize_rep2,r3-sub,D03,load,16,1,10000,6,0,147782372,714145728,10955,27509,17860971414,7700989355,205688.502,,,1,1.000140905380249,612.9136371708946,4276.397432593664,,11C/42861B70,11C/42861B70,0.012828,0.008870,0.4,36.9,0.0,15419267.342271976,0.0,26.99619609072456,34648.11789377326,6185281.460563852,1007.07,1
2026-09-13T01:16:49.637012+00:00,1789262209.6370122,D_rowsize_rep2,r3-sub,D03,load,16,1,10000,6,0,147782956,714149802,10955,27509,17860971414,7701005182,205693.752,,,1,1.0010149478912354,583.4078714111811,4069.8692947416985,,11C/42D98000,11C/42D98000,0.153067,0.150020,0.0,36.9,0.0,5523993.434512444,0.0,9.989860811835293,28537.036395088697,5110544.0640790975,1007.06,1
2026-09-13T01:16:50.637346+00:00,1789262210.6373467,D_rowsize_rep2,r3-sub,D03,load,16,1,10000,6,0,147783533,714153827,10955,27509,17860971414,7701020809,205699.308,,,1,1.0003345012664795,576.8070573088158,4023.6540826134906,,11C/43437F58,11C/43437F58,0.076242,0.072388,4.4,36.9,0.0,23793896.91134867,0.0,29.98996831761608,35868.00210786883,6460541.940538746,1007.05,1
2026-09-13T01:16:51.637643+00:00,1789262211.6376436,D_rowsize_rep2,r3-sub,D03,load,16,1,10000,6,0,147784145,714158097,10955,27509,17860971414,7701037386,205704.224,,,1,1.0002968311309814,611.8183932543751,4268.732907183303,,11C/43A77880,11C/43A77880,0.045995,0.041940,0.2,36.9,0.0,14995100.987214783,0.0,18.99436188208027,33542.04367723985,6109986.365836748,1007.05,1
2026-09-13T01:16:52.638639+00:00,1789262212.6386397,D_rowsize_rep2,r3-sub,D03,load,16,1,10000,6,0,147784721,714162115,10955,27509,17860971414,7701052985,205709.528,,,1,1.0009961128234863,575.4268099756055,4014.00160153122,,11C/43FFFAE0,11C/43FFFAE0,0.033445,0.031616,0.4,36.9,0.0,13773416.123576092,0.0,17.98208781173767,30323.794079860294,5376409.489563133,1007.04,1
2026-09-13T01:16:53.639612+00:00,1789262213.6396124,D_rowsize_rep2,r3-sub,D03,load,16,1,10000,6,0,147785318,714166280,10955,27509,17860971414,7701069157,205714.699,,,1,1.0009727478027344,596.41983391705,4160.952442654126,,11C/4460FE98,11C/4460FE98,0.142232,0.138036,0.2,36.9,0.0,7001445.359410669,0.0,18.981535752803936,34818.13073982752,5914981.215019874,1007.03,1
2026-09-13T01:16:54.640052+00:00,1789262214.6400523,D_rowsize_rep2,r3-sub,D03,load,16,1,10000,6,0,147785880,714170200,10955,27509,17860971414,7701084362,205719.907,,,1,1.0004398822784424,561.7528948566888,3918.276419640961,,11C/44C3FB58,11C/44C3FB58,0.104224,0.100486,0.6,36.9,0.0,14911072.88328608,0.0,18.99164591152507,33612.21458246597,6034875.365274208,1007.03,1
2026-09-13T01:16:55.641049+00:00,1789262215.6410491,D_rowsize_rep2,r3-sub,D03,load,16,1,10000,6,0,147786457,714174225,10955,27509,17860971414,7701099981,205724.457,,,1,1.0009968280792236,576.425402972739,4020.9917625048083,,11C/45203FA0,11C/45203FA0,0.159041,0.155356,0.0,36.9,0.0,14514043.993404288,0.0,19.98008329194936,31528.57143469609,5652312.6160717495,1007.02,1
2026-09-13T01:16:56.641546+00:00,1789262216.6415462,D_rowsize_rep2,r3-sub,D03,load,16,1,10000,6,0,147787077,714178551,10955,27509,17860971414,7701116772,205729.187,,,1,1.0004971027374268,619.6919494355742,4323.850602029507,,11C/45815850,11C/45815850,0.143952,0.139892,0.4,36.9,0.0,7451016.079510265,0.0,14.992547163763893,32698.74536416905,5930669.847783892,1007.01,1
2026-09-13T01:16:57.642183+00:00,1789262217.642183,D_rowsize_rep2,r3-sub,D03,load,16,1,10000,6,0,147787643,714182499,10955,27509,17860971414,7701132092,205734.264,,,1,1.0006368160247803,565.6397915165089,3945.4874503660376,,11C/45E3D9E8,11C/45E3D9E8,0.128634,0.125111,0.2,36.9,0.0,22223032.01709231,0.0,26.982816909798128,35658.292228092854,5996457.359861328,1007.01,1
2026-09-13T01:16:58.643826+00:00,1789262218.6438262,D_rowsize_rep2,r3-sub,D03,load,16,1,10000,6,0,147788272,714186888,10955,27509,17860971414,7701149120,205739.387,,,1,1.001643180847168,627.9681347882841,4381.799910311254,,11C/4641FB90,11C/4641FB90,0.146456,0.142632,0.8,36.8,0.0,14688695.816364674,0.0,25.95734738393543,32430.71047768302,5754865.7148792865,1007.0,1
2026-09-13T01:16:59.645502+00:00,1789262219.645502,D_rowsize_rep2,r3-sub,D03,load,16,1,10000,6,0,147788847,714190899,10955,27509,17860971414,7701164677,205744.338,,,1,1.0016758441925049,574.0380017484927,4004.2894348055725,,11C/46A63858,11C/46A63858,0.147869,0.144134,0.0,36.9,0.0,14966278.848508319,0.0,18.968212231689325,33010.6792448968,6101464.895489122,1007.0,1
2026-09-13T01:17:00.646512+00:00,1789262220.646512,D_rowsize_rep2,r3-sub,D03,load,16,1,10000,6,0,147789523,714195617,10955,27509,17860971414,7701182980,205750.023,,,1,1.0010099411010742,675.3179686271894,4713.239905300414,,11C/47107970,11C/47107970,0.103165,0.099875,1.2,36.9,0.0,7058471.359663121,0.0,24.9747769462718,35505.14189789784,6434930.099609864,1006.99,1
2026-09-13T01:17:01.647453+00:00,1789262221.6474538,D_rowsize_rep2,r3-sub,D03,load,16,1,10000,6,0,147790127,714199831,10955,27509,17860971414,7701199329,205755.12,,,1,1.0009417533874512,603.4317161372323,4210.03518510314,,11C/47737F08,11C/47737F08,0.114706,0.111072,0.2,36.9,0.0,14952702.242012037,0.0,19.98118265355074,33923.05285006577,6088084.525774763,1006.98,1
2026-09-13T01:17:02.647667+00:00,1789262222.6476672,D_rowsize_rep2,r3-sub,D03,load,16,1,10000,6,0,147790129,714199831,10955,27509,17860971414,7701199329,205755.12,,39386,1,1.000213384628296,1.9995733217899794,0.0,16631,11C/47D58318,11C/47D57FC8,0.001159,-0.000162,5.9,36.9,0.0,19423183.391231738,0.0,91.98037280233905,38133.862819856695,6886044.6239274945,1006.97,1
2026-09-13T01:17:03.649043+00:00,1789262223.6490438,D_rowsize_rep2,r3-sub,D03,load,16,1,10000,6,0,147790786,714204416,10955,27509,17860971414,7701217121,205761.278,,,1,1.0013766288757324,656.0967982023191,4578.696833725469,,11C/48433868,11C/48433868,0.082789,0.078498,0.2,36.9,0.0,15837909.077033332,0.0,26.962882117903526,32541.202840518676,5817001.148249151,1006.97,1
2026-09-13T01:17:04.649959+00:00,1789262224.6499596,D_rowsize_rep2,r3-sub,D03,load,16,1,10000,6,0,147791429,714208882,10955,27509,17860971414,7701235165,205766.834,,,1,1.000915765762329,642.4117013585762,4461.913931986627,,11C/48A71BA0,11C/48A71BA0,0.134597,0.131289,0.8,36.9,0.0,6179301.207519035,0.0,12.98810593726515,34618.29774817211,6066967.0792676285,1006.96,1
2026-09-13T01:17:05.650109+00:00,1789262225.6501098,D_rowsize_rep2,r3-sub,D03,load,16,1,10000,6,0,147792098,714213551,10955,27509,17860971414,7701253274,205772.759,,,1,1.000150203704834,668.8995288126106,4668.298804224333,,11C/49105FF0,11C/49105FF0,0.106444,0.103713,0.2,36.9,0.0,15787708.627673283,0.0,22.996545833617407,36018.589874357975,6429934.200061312,1006.95,1
2026-09-13T01:17:06.651081+00:00,1789262226.6510813,D_rowsize_rep2,r3-sub,D03,load,16,1,10000,6,0,147792705,714217786,10955,27509,17860971414,7701269707,205777.744,,,1,1.0009715557098389,606.4108380877477,4230.889455192111,,11C/49745E60,11C/49745E60,0.137422,0.133474,0.6,36.9,0.0,23316354.862300903,0.0,25.97476406965641,33357.591241762595,6073807.957198719,1006.95,1
2026-09-13T01:17:07.651517+00:00,1789262227.6515174,D_rowsize_rep2,r3-sub,D03,load,16,1,10000,6,0,147793379,714222490,10955,27509,17860971414,7701287956,205783.923,,,1,1.0004360675811768,673.7062185588493,4701.949632197073,,11C/49E79D60,11C/49E79D60,0.012886,0.009482,0.0,36.9,0.0,7607050.81175263,0.0,14.993461837363116,38800.08054272827,7047277.910567658,1006.94,1
2026-09-13T01:17:08.652361+00:00,1789262228.6523612,D_rowsize_rep2,r3-sub,D03,load,16,1,10000,6,0,147793992,714226767,10955,27509,17860971414,7701304551,205789.116,,,1,1.0008437633514404,612.4832091147763,4273.394266531645,,11C/4A429948,11C/4A429948,0.125283,0.121523,0.8,36.9,0.0,14467153.146375412,0.0,23.979766751638877,33042.120269862404,5544004.172459046,1006.93,1
2026-09-13T01:17:09.652942+00:00,1789262229.6529427,D_rowsize_rep2,r3-sub,D03,load,16,1,10000,6,0,147794655,714231394,10955,27509,17860971414,7701322505,205794.631,,,1,1.0005815029144287,662.6146876280011,4624.310949705522,,11C/4AA4D8F8,11C/4AA4D8F8,0.137507,0.133090,0.2,36.9,69591.5323211357,14925336.873109456,2.9982565051040773,20.98779553572854,33284.644881995395,6034139.13050954,1006.93,1
2026-09-13T01:17:10.654009+00:00,1789262230.6540093,D_rowsize_rep2,r3-sub,D03,load,16,1,10000,6,0,147795224,714235363,10955,27509,17860971414,7701337904,205799.475,,,1,1.0010666847229004,568.3937031202888,3964.770839515688,,11C/4B105BD8,11C/4B105BD8,0.048370,0.044872,0.4,36.9,0.0,15486840.423913814,0.0,21.976557941381994,36258.32379992464,6564943.275301528,1006.92,1
2026-09-13T01:17:11.654153+00:00,1789262231.6541536,D_rowsize_rep2,r3-sub,D03,load,16,1,10000,6,0,147795849,714239724,10955,27509,17860971414,7701354826,205804.557,,,1,1.0001442432403564,624.909860976722,4360.371045951176,,11C/4B739FE0,11C/4B739FE0,0.016294,0.012518,0.0,36.9,0.0,6560845.642365066,0.0,12.998125108315818,33520.16494279137,6070923.31034976,1006.91,1
2026-09-13T01:17:12.655310+00:00,1789262232.6553106,D_rowsize_rep2,r3-sub,D03,load,16,1,10000,6,0,147796411,714243644,10955,27509,17860971414,7701370031,205809.973,,,1,1.0011570453643799,561.3504920154212,3915.469624022155,,11C/4BD0A420,11C/4BC59C80,0.002820,-0.000163,1.0,36.9,0.0,13746654.497138355,0.0,16.98035296132057,35600.80824984634,5993186.611213632,1006.9,1
2026-09-13T01:17:13.655745+00:00,1789262233.6557453,D_rowsize_rep2,r3-sub,D03,load,16,1,10000,6,0,147797037,714248012,10955,27509,17860971414,7701386978,205815.26,,,1,1.0004346370697021,625.7280354002631,4366.102330077236,,11C/4C30DD40,11C/4C30DD40,0.033914,0.030043,0.0,36.9,0.0,15660393.412496809,0.0,25.98870434569783,31861.151962273783,5559993.420752041,1006.9,1
2026-09-13T01:17:14.656721+00:00,1789262234.6567218,D_rowsize_rep2,r3-sub,D03,load,16,1,10000,6,0,147797595,714251904,10955,27509,17860971414,7701402079,205820.151,,,1,1.0009765625,557.4556097560976,3888.202926829268,,11C/4C82DFE0,11C/4C82DFE0,0.159516,0.155317,6.7,36.8,0.0,22170477.143414635,0.0,23.97658536585366,27653.99414634146,5001363.855609756,1006.89,1
2026-09-13T01:17:15.657710+00:00,1789262235.65771,D_rowsize_rep2,r3-sub,D03,load,16,1,10000,6,0,147798180,714255985,10955,27509,17860971414,7701417911,205825.292,,,1,1.000988245010376,584.4224474323732,4076.970953797462,,11C/4CE70000,11C/4CE70000,0.081853,0.077925,0.0,36.9,0.0,6588049.393059199,0.0,11.988152767843554,34295.10803060845,6105763.010170661,1006.89,1
2026-09-13T01:17:16.657851+00:00,1789262236.6578515,D_rowsize_rep2,r3-sub,D03,load,16,1,10000,6,0,147798711,714259688,10955,27509,17860971414,7701432281,205830.428,,,1,1.0001413822174072,530.924936655179,3702.4765356574903,,11C/4D42BF70,11C/4D42BF70,0.082362,0.078710,0.6,36.9,0.0,14481408.586342882,0.0,18.99731411760527,31030.612823151558,5625098.7110710945,1006.88,1
2026-09-13T01:17:17.658749+00:00,1789262237.6587493,D_rowsize_rep2,r3-sub,D03,load,16,1,10000,6,0,147799284,714263685,10955,27509,17860971414,7701447783,205835.083,,,1,1.0008978843688965,572.485973792719,3993.414375653574,,11C/4DA75CC0,11C/4DA75CC0,0.005896,0.002056,0.0,36.8,0.0,14478647.848414153,0.0,17.98385257987599,37574.26265688757,6116809.812082219,1006.87,1
2026-09-13T01:17:18.659371+00:00,1789262238.6593716,D_rowsize_rep2,r3-sub,D03,load,16,1,10000,6,0,147799286,714263685,10955,27509,17860971414,7701447783,205835.083,,,1,1.000622272491455,1.9987562289815803,0.0,,11C/4DF8BD98,11C/4DF8BD98,0.130768,0.126766,1.0,36.9,0.0,5939599.950340655,0.0,16.989427946343433,27286.02065994204,4971327.479663391,1006.87,1
2026-09-13T01:17:19.660193+00:00,1789262239.6601934,D_rowsize_rep2,r3-sub,D03,load,16,1,10000,6,0,147799854,714267647,10955,27509,17860971414,7701463153,205839.92,,,1,1.000821828842163,567.5335845313359,3958.7465878752696,,11C/4E547C90,11C/4E547C90,0.145145,0.141978,0.0,36.9,0.0,14463377.57915036,0.0,17.985219228105716,31462.143503032934,5610812.8721536845,1006.86,1
2026-09-13T01:17:20.660779+00:00,1789262240.660779,D_rowsize_rep2,r3-sub,D03,load,16,1,10000,6,0,147800475,714271980,10955,27509,17860971414,7701479968,205845.113,,,1,1.0005855560302734,620.636582506505,4330.464270532506,,11C/4EC83E48,11C/4EC83E48,0.097853,0.097375,1.2,36.8,0.0,14090181.409308134,0.0,17.989466159608842,38920.21003631373,5939840.890347792,1006.85,1
2026-09-13T01:17:21.661912+00:00,1789262241.661913,D_rowsize_rep2,r3-sub,D03,load,16,1,10000,6,0,147801075,714276166,10955,27509,17860971414,7701496209,205849.914,,,1,1.001133918762207,599.3204193319457,4181.258792205875,,11C/4F41DD50,11C/4F41DD50,0.134270,0.130413,0.6,36.8,0.0,15105303.812598057,0.0,17.97961257995837,35887.30670959691,5553075.263770463,1006.85,1
2026-09-13T01:17:22.662152+00:00,1789262242.6621528,D_rowsize_rep2,r3-sub,D03,load,16,1,10000,6,0,147801665,714280282,10955,27509,17860971414,7701512185,205855.011,,,1,1.0002398490905762,589.8585229696971,4115.013017869955,,11C/4FA63B98,11C/4FA63B98,0.071399,0.067446,0.6,36.9,0.0,6601168.715686803,0.0,11.997122501078586,34806.651656254246,6102775.2549051205,1006.84,1
2026-09-13T01:17:23.662253+00:00,1789262243.6622534,D_rowsize_rep2,r3-sub,D03,load,16,1,10000,6,0,147802231,714284230,10955,27509,17860971414,7701527505,205859.595,,,1,1.0001006126403809,565.9430589745314,3947.6028212569786,,11C/4FF7DD60,11C/4FF7DD60,0.165324,0.161865,0.6,36.8,0.0,13949572.496678924,0.0,22.997686142074595,30726.90848460662,4984856.460429597,1006.84,1
2026-09-13T01:17:24.663277+00:00,1789262244.6632774,D_rowsize_rep2,r3-sub,D03,load,16,1,10000,6,0,147802756,714287891,10955,27509,17860971414,7701541715,205863.57,,,1,1.0010240077972412,524.4629458540813,3657.2549424224603,,11C/50517AE8,11C/50517AE8,0.150191,0.146591,1.0,36.8,0.0,19702064.931887995,0.0,90.90691061470743,30442.826308490046,5489747.455800375,1006.83,1
2026-09-13T01:17:25.664584+00:00,1789262245.664584,D_rowsize_rep2,r3-sub,D03,load,16,1,10000,6,0,147803319,714291818,10955,27509,17860971414,7701556950,205868.273,,,1,1.0013065338134766,562.2653812672271,3921.875936476733,,11C/50B51908,11C/50B51908,0.010390,0.006217,0.0,36.8,0.0,11748362.367314128,0.0,15.979122735835938,37094.53473607214,6032632.162095956,1006.82,1
2026-09-13T01:17:26.665827+00:00,1789262246.6658275,D_rowsize_rep2,r3-sub,D03,load,16,1,10000,6,0,147803885,714295766,10955,27509,17860971414,7701572266,205872.863,,,1,1.0012435913085938,565.2970015620833,3943.0963995885245,,11C/50FFFB98,11C/50FFFB98,0.075682,0.073180,4.3,36.8,0.0,8091825.076664,0.0,12.983853392768697,25711.02599154189,4577966.880176782,1006.82,1
2026-09-13T01:17:27.666965+00:00,1789262247.6669655,D_rowsize_rep2,r3-sub,D03,load,16,1,10000,6,0,147804420,714299497,10955,27509,17860971414,7701586744,205877.903,,,1,1.0011379718780518,534.3918770720327,3726.7590530014095,,11C/5161FAB0,11C/5161FAB0,0.029151,0.024638,0.0,36.8,0.0,14876127.385381121,0.0,18.97840311096939,36146.86588314527,6004047.56271914,1006.81,1
2026-09-13T01:17:28.668147+00:00,1789262248.668148,D_rowsize_rep2,r3-sub,D03,load,16,1,10000,6,0,147804977,714303382,10955,27509,17860971414,7701601822,205883.138,,,1,1.0011825561523438,556.3420942336562,3880.4111958667045,,11C/51B3B888,11C/51B3B888,0.098761,0.095325,0.8,36.9,0.0,5547615.633002355,0.0,16.979920290793814,27492.488588476455,4961066.260571376,1006.81,1
2026-09-13T01:17:29.669371+00:00,1789262249.6693714,D_rowsize_rep2,r3-sub,D03,load,16,1,10000,6,0,147805513,714307120,10955,27509,17860971414,7701616334,205887.653,,,1,1.0012233257293701,535.345098566831,3733.4327956022657,,11C/520FF828,11C/520FF828,0.080310,0.076417,0.0,36.9,0.0,14473941.65476832,0.0,18.976785210391398,31251.76890700773,5626697.715912736,1006.8,1
2026-09-13T01:17:30.670440+00:00,1789262250.6704404,D_rowsize_rep2,r3-sub,D03,load,16,1,10000,6,0,147805515,714307120,10955,27509,17860971414,7701616334,205887.653,,,1,1.0010690689086914,1.9978641455581945,0.0,,11C/52623968,11C/52623968,0.172891,0.168344,0.4,36.8,0.0,22217527.93166028,0.0,23.974369746698333,27165.95771922755,5032786.604317246,1006.79,1
2026-09-13T01:17:31.671600+00:00,1789262251.6716006,D_rowsize_rep2,r3-sub,D03,load,16,1,10000,6,0,147806082,714311075,10955,27509,17860971414,7701631679,205892.663,,,1,1.0011601448059082,566.3429601564119,3950.4169443008977,,11C/52C49D20,11C/52C49D20,0.110005,0.106842,0.0,36.8,0.0,6194157.879908648,0.0,11.986094394844695,33501.133833590924,5980530.7183505315,1006.79,1
2026-09-13T01:17:32.671713+00:00,1789262252.6717138,D_rowsize_rep2,r3-sub,D03,load,16,1,10000,6,0,147806647,714315016,10955,27509,17860971414,7701646977,205897.685,,55715,1,1.0001132488250732,564.9360216593055,3940.553736919156,16329,11C/5320FC28,11C/5320FC28,0.131881,0.127706,0.8,36.8,0.0,14866796.352780445,0.0,34.99603673995698,30725.520370918228,5622167.296159345,1006.78,1
2026-09-13T01:17:33.672026+00:00,1789262253.6720269,D_rowsize_rep2,r3-sub,D03,load,16,1,10000,6,0,147807272,714319377,10955,27509,17860971414,7701663897,205903.17,,,1,1.0003130435943604,624.8044089820401,4359.635244113083,,11C/5381BBC8,11C/5381BBC8,0.111022,0.108044,0.2,36.8,0.0,14753269.583461026,0.0,21.99311519616781,32320.88215487734,5876166.503716617,1006.77,1
2026-09-13T01:17:34.673167+00:00,1789262254.6731675,D_rowsize_rep2,r3-sub,D03,load,16,1,10000,6,0,147807833,714323269,10955,27509,17860971414,7701680466,205908.163,,,1,1.0011405944824219,560.3608555000515,3887.5658638256687,,11C/53E2FA78,11C/53E2FA78,0.098506,0.094054,0.4,36.8,0.0,14818809.747366095,0.0,17.979492689841223,33318.99653639076,5959327.823565498,1006.77,1
2026-09-13T01:17:35.673347+00:00,1789262255.673347,D_rowsize_rep2,r3-sub,D03,load,16,1,10000,6,0,147808392,714327168,10955,27509,17860971414,7701695602,205912.652,,,1,1.0001795291900635,558.8996611964986,3898.300141333002,,11C/54422000,11C/54422000,0.111175,0.107767,0.0,36.9,0.0,5938133.931624767,0.0,14.997307545523219,31878.276918764153,5791885.18754334,1006.76,1
2026-09-13T01:17:36.674218+00:00,1789262256.6742187,D_rowsize_rep2,r3-sub,D03,load,16,1,10000,6,0,147809033,714331634,10955,27509,17860971414,7701712931,205918.658,,,1,1.0008716583251953,640.44175361366,4462.110564178792,,11C/54A3DAC0,11C/54A3DAC0,0.093755,0.089705,1.0,36.8,0.0,14732758.068776263,0.0,18.98345291522549,32767.4379898808,5989553.156127262,1006.75,1
2026-09-13T01:17:37.675832+00:00,1789262257.6757553,D_rowsize_rep2,r3-sub,D03,load,16,1,10000,6,0,147809596,714335568,10955,27509,17860971414,7701728193,205923.156,,,1,1.0015366077423096,562.1362171365154,3927.9642597070188,,11C/54FFFFC8,11C/54FFFFC8,0.070220,0.067884,0.0,36.8,0.0,14886565.188674686,0.0,18.970849246170147,31277.93807818558,5596195.842141485,1006.75,1
2026-09-13T01:17:38.676807+00:00,1789262258.6768072,D_rowsize_rep2,r3-sub,D03,load,16,1,10000,6,0,147810228,714339978,10955,27509,17860971414,7701745311,205929.288,,,1,1.001051902770996,631.3358960215456,4405.3659833148995,,11C/5564D990,11C/5564D990,0.116892,0.112564,0.4,36.9,0.0,6865865.776764135,0.0,25.972679266709157,36002.129260469155,6105592.510319822,1006.74,1
2026-09-13T01:17:39.678160+00:00,1789262259.6781604,D_rowsize_rep2,r3-sub,D03,load,16,1,10000,6,0,147810806,714344010,10955,27509,17860971414,7701760961,205934.142,,,1,1.0013532638549805,577.2188705660503,4026.551014052448,,11C/55C6DC28,11C/55C6DC28,0.101269,0.097423,0.4,36.8,0.0,23242019.415208645,0.0,27.962159819808665,33150.139114948164,5986768.322820585,1006.73,1
2026-09-13T01:17:40.679597+00:00,1789262260.6795974,D_rowsize_rep2,r3-sub,D03,load,16,1,10000,6,0,147811366,714347916,10955,27509,17860971414,7701776119,205939.169,,,1,1.0014369487762451,559.1964633263426,3900.3953317012397,,11C/5621DC10,11C/5621DC10,0.151311,0.147643,5.4,36.8,0.0,14352240.565483054,0.0,21.968432487820603,30828.700736203886,5501249.985565423,1006.73,1
2026-09-13T01:17:41.679658+00:00,1789262261.6796582,D_rowsize_rep2,r3-sub,D03,load,16,1,10000,6,0,147811986,714352242,10955,27509,17860971414,7701792911,205945.017,,,1,1.000060796737671,619.9623083141756,4325.737009301813,,11C/5683B908,11C/5683B908,0.134847,0.131260,0.2,36.8,0.0,14900342.107809665,0.0,22.998601760041996,34062.929085036114,6029007.45601528,1006.72,1
2026-09-13T01:17:42.679794+00:00,1789262262.6797948,D_rowsize_rep2,r3-sub,D03,load,16,1,10000,6,0,147812552,714356190,10955,27509,17860971414,7701808235,205949.828,,,1,1.0001366138458252,565.9226871252721,3947.460722209495,,11C/56E6B960,11C/56E6B960,0.090496,0.086379,1.0,36.8,0.0,6528132.166758644,0.0,13.998087667409557,36378.03025738299,6042019.5764691075,1006.71,1
2026-09-13T01:17:43.681247+00:00,1789262263.6812475,D_rowsize_rep2,r3-sub,D03,load,16,1,10000,6,0,147813163,714360453,10955,27509,17860971414,7701824809,205955.492,,,1,1.0014526844024658,610.1136973481316,4256.816189517324,,11C/5741F970,11C/5741F970,0.126451,0.125402,3.1,36.9,0.0,14466536.687795939,0.0,27.95938383919425,31319.5026470117,5543701.750934495,1006.71,1
2026-09-13T01:17:44.682076+00:00,1789262264.6820762,D_rowsize_rep2,r3-sub,D03,load,16,1,10000,6,0,147813743,714364499,10955,27509,17860971414,7701840561,205959.581,,,1,1.000828742980957,579.5197270938448,4042.6496824512005,,11C/57A61930,11C/57A61930,0.074650,0.071045,1.4,36.9,0.0,22435678.588846486,0.0,92.92299072366822,33686.08289524463,6106687.125907503,1006.7,1
2026-09-13T01:17:45.683202+00:00,1789262265.6832027,D_rowsize_rep2,r3-sub,D03,load,16,1,10000,6,0,147814317,714368454,10968,27509,17860971414,7701959411,205964.223,,,1,1.0011265277862549,573.3541006742273,3950.549596109005,,11C/57FFFA88,11C/57FFFA88,0.043969,0.042242,0.6,36.9,0.0,6893993.724511071,0.0,19.977494797011403,30391.76283469345,5457365.1265452085,1006.7,1
2026-09-13T01:17:46.683451+00:00,1789262266.683452,D_rowsize_rep2,r3-sub,D03,load,16,1,10000,6,0,147814319,714368454,10968,27509,17860971414,7701959411,205964.223,,,1,1.0002491474151611,1.999501829287623,0.0,,11C/5861F9E0,11C/5861F9E0,0.094508,0.090732,0.6,36.8,0.0,15339794.129943421,0.0,37.99053475646484,33294.70471038285,5996516.983293642,1006.69,1
2026-09-13T01:17:47.683634+00:00,1789262267.6836348,D_rowsize_rep2,r3-sub,D03,load,16,1,10000,6,0,147814932,714372731,10968,27509,17860971414,7701976024,205968.951,,,1,1.000182867050171,612.8879229934369,4276.21802062468,,11C/58C45BE0,11C/58C45BE0,0.061902,0.057614,0.2,36.9,0.0,6495068.266025533,0.0,12.99762316299295,33296.91109208879,5993885.915763523,1006.68,1
2026-09-13T01:17:48.683829+00:00,1789262268.6838295,D_rowsize_rep2,r3-sub,D03,load,16,1,10000,6,0,147815498,714376679,10968,27509,17860971414,7701991362,205974.254,,,1,1.000194787979126,565.8897714750063,3947.2311268256626,,11C/59215F08,11C/59215F08,0.093979,0.090302,0.8,36.9,0.0,14656729.045368657,0.0,27.994546998763564,31061.949505628087,5632269.90152799,1006.68,1
2026-09-13T01:17:49.684993+00:00,1789262269.684993,D_rowsize_rep2,r3-sub,D03,load,16,1,10000,6,0,147816124,714381047,10968,27509,17860971414,7702008318,205979.345,,,1,1.0011634826660156,625.2725062774101,4362.923813769532,,11C/59837B70,11C/59837B70,0.078963,0.074987,0.2,36.8,0.0,23254607.667074364,0.0,25.969784605771025,33501.02214144462,6001706.118964066,1006.67,1
2026-09-13T01:17:50.685547+00:00,1789262270.6855476,D_rowsize_rep2,r3-sub,D03,load,16,1,10000,6,0,147816688,714384981,10968,27509,17860971414,7702023591,205983.648,,,1,1.0005545616149902,563.6874006047709,3931.819563792853,,11C/59E55EB8,11C/59E55EB8,0.063104,0.059342,0.6,36.8,0.0,14811114.324520389,0.0,21.98780640656908,32831.79274799065,5927834.650442855,1006.66,1
2026-09-13T01:17:51.685676+00:00,1789262271.685676,D_rowsize_rep2,r3-sub,D03,load,16,1,10000,6,0,147817253,714388922,10968,27509,17860971414,7702038887,205988.41,,,1,1.0001285076141357,564.9274025273413,3940.4936165668178,,11C/5A40DCE0,11C/5A40DCE0,0.110801,0.107142,0.0,36.8,0.0,6044919.181858296,0.0,12.99832961567334,30962.021144533897,5590260.608946747,1006.66,1
2026-09-13T01:17:52.686313+00:00,1789262272.6863134,D_rowsize_rep2,r3-sub,D03,load,16,1,10000,6,0,147817879,714393290,10968,27509,17860971414,7702055836,205993.414,,,1,1.0006372928619385,625.6013087515133,4365.218077678291,,11C/5AA49CF0,11C/5AA49CF0,0.080276,0.076459,5.1,36.9,0.0,14867197.241321074,0.0,18.987899147410147,34037.30826640222,6089881.961695763,1006.65,1
2026-09-13T01:17:53.687693+00:00,1789262273.6876934,D_rowsize_rep2,r3-sub,D03,load,16,1,10000,6,0,147818453,714397294,10968,27509,17860971414,7702071383,205998.233,,,1,1.0013799667358398,573.2089906602046,3998.482227532159,,11C/5AFFFE70,11C/5AFFFE70,0.066262,0.064077,0.2,36.8,0.0,14549394.319812043,0.0,25.96417030865038,33515.74938072785,5594190.203605064,1006.64,1
2026-09-13T01:17:54.688547+00:00,1789262274.6885474,D_rowsize_rep2,r3-sub,D03,load,16,1,10000,6,0,147819064,714401557,10968,27509,17860971414,7702087925,206002.741,,,1,1.0008540153503418,610.4786418687883,4259.362439094344,,11C/5B631FE8,11C/5B631FE8,0.111836,0.107398,0.6,36.9,0.0,6498897.8414830705,0.0,11.989760560434465,32929.877379233265,6000331.624685378,1006.64,1
2026-09-13T01:17:55.689037+00:00,1789262275.6890378,D_rowsize_rep2,r3-sub,D03,load,16,1,10000,6,0,147819642,714405589,10968,27509,17860971414,7702103569,206007.397,,,1,1.000490427017212,577.7166721356909,4030.0235675624667,,11C/5BC55E70,11C/5BC55E70,0.097579,0.093320,0.0,36.9,0.0,14492732.37249131,0.0,17.99117664090387,36962.872408737,5995023.878321241,1006.63,1
2026-09-13T01:17:56.689190+00:00,1789262276.6891901,D_rowsize_rep2,r3-sub,D03,load,16,1,10000,6,0,147820203,714409502,10968,27509,17860971414,7702118750,206012.754,,,1,1.000152349472046,560.9145449652117,3912.403947324195,,11C/5C209B30,11C/5C209B30,0.130244,0.126396,0.6,36.8,0.0,23192114.693570808,0.0,26.995887190839063,31231.241936779596,5603118.367874844,1006.62,1
2026-09-13T01:17:57.689417+00:00,1789262277.6894171,D_rowsize_rep2,r3-sub,D03,load,16,1,10000,6,0,147820828,714413863,10968,27509,17860971414,7702135677,206017.878,,,1,1.0002269744873047,624.8581731365142,4360.010388877341,,11C/5C827EF8,11C/5C827EF8,0.114363,0.110219,0.2,36.8,0.0,6494781.85021939,0.0,12.997050001239495,36017.8248726657,5999003.379283648,1006.62,1
2026-09-13T01:17:58.690620+00:00,1789262278.6906207,D_rowsize_rep2,r3-sub,D03,load,16,1,10000,6,0,147821384,714417741,10968,27509,17860971414,7702150730,206023.095,,,1,1.0012035369873047,555.3316378336467,3873.3382940987085,,11C/5CE358D8,11C/5CE358D8,0.077039,0.073935,2.1,36.8,0.0,14429225.892939672,0.0,25.968745654091393,32277.153252216056,5842129.780724264,1006.61,1
2026-09-13T01:17:59.690753+00:00,1789262279.6907537,D_rowsize_rep2,r3-sub,D03,load,16,1,10000,6,0,147821925,714421514,10968,27509,17860971414,7702165367,206028.172,,,1,1.0001330375671387,540.9280362500602,3772.4981160286084,,11C/5D42FF28,11C/5D42FF28,0.083595,0.080429,0.2,36.8,0.0,14694493.080390248,0.0,18.997472622460524,32527.672597572935,5887885.69001221,1006.6,1
2026-09-13T01:18:00.691893+00:00,1789262280.6918938,D_rowsize_rep2,r3-sub,D03,load,16,1,10000,6,0,147822502,714425539,10968,27509,17860971414,7702180981,206032.478,,,1,1.0011401176452637,576.3429012885185,4020.416252489232,,11C/5DA6F820,11C/5DA6F820,0.054349,0.050368,0.6,36.8,0.0,15514343.822852878,0.0,20.976084795595995,33244.09781747742,6094093.017019418,1006.6,1
2026-09-13T01:18:01.693027+00:00,1789262281.6930277,D_rowsize_rep2,r3-sub,D03,load,16,1,10000,6,0,147823071,714429508,10968,27509,17860971414,7702196380,206038.175,,,1,1.001133918762207,568.3555309997952,3964.5045738808208,,11C/5DFFFC48,11C/5DFFFC48,0.040800,0.038686,0.4,36.9,0.0,5343317.112473744,0.0,12.985275752192157,31158.668601067857,5418164.24190938,1006.59,1
2026-09-13T01:18:02.694294+00:00,1789262282.6942945,D_rowsize_rep2,r3-sub,D03,load,16,1,10000,6,0,147823676,714433729,10968,27509,17860971414,7702212762,206043.161,,72239,1,1.0012667179107666,604.234605203284,4215.659948038118,16524,11C/5E613FE8,11C/5E613FE8,0.125583,0.121783,0.8,36.8,0.0,15377385.19075811,0.0,27.964576769738763,33024.16769529221,5923494.603291681,1006.58,1
2026-09-13T01:18:03.694452+00:00,1789262283.6944523,D_rowsize_rep2,r3-sub,D03,load,16,1,10000,6,0,147824248,714437719,10968,27509,17860971414,7702228241,206048.196,,,1,1.0001578330993652,571.9097337141708,3989.3703453138833,,11C/5EC4FDD8,11C/5EC4FDD8,0.108624,0.105824,0.6,36.9,0.0,6577137.909938722,0.0,13.997790685311871,34053.625210788356,6078959.538975048,1006.58,1
2026-09-13T01:18:04.695667+00:00,1789262284.6956677,D_rowsize_rep2,r3-sub,D03,load,16,1,10000,6,0,147824878,714442094,10968,27509,17860971414,7702246056,206054.034,,,1,1.0012154579162598,629.2351911057813,4369.688827123481,,11C/5F30BA60,11C/5F30BA60,0.074870,0.071182,4.7,36.8,0.0,23899782.819774814,0.0,26.967222475962053,37343.61041310168,6596383.373609861,1006.57,1
2026-09-13T01:18:05.696145+00:00,1789262285.6961453,D_rowsize_rep2,r3-sub,D03,load,16,1,10000,6,0,147824880,714442094,10968,27509,17860971414,7702246056,206054.034,,,1,1.0004775524139404,1.9990453510670216,0.0,,11C/5F923AA8,11C/5F923AA8,0.119538,0.115361,0.4,36.9,0.0,14828630.551684612,0.0,18.990930835136705,33233.1294388137,5960068.754778905,1006.56,1
2026-09-13T01:18:06.696801+00:00,1789262286.696802,D_rowsize_rep2,r3-sub,D03,load,16,1,10000,6,0,147825535,714446665,10968,27509,17860971414,7702263788,206060.165,,,1,1.0006566047668457,654.5702060824511,4568.000629012036,,11C/5FF57C18,11C/5FF57C18,0.152106,0.148139,0.6,36.8,0.0,14936496.625115974,0.0,19.98687652160156,36605.96434931325,6681238.067236622,1006.56,1
2026-09-13T01:18:07.698082+00:00,1789262287.698083,D_rowsize_rep2,r3-sub,D03,load,16,1,10000,6,0,147826166,714451068,10968,27509,17860971414,7702280877,206065.039,,,1,1.0012810230255127,630.1927086297351,4397.366871785616,,11C/60647FA0,11C/60647FA0,0.075559,0.071857,0.2,36.9,0.0,7289733.683301835,0.0,15.979529854319749,34237.141433495955,6117811.942036495,1006.55,1
2026-09-13T01:18:08.698929+00:00,1789262288.6989295,D_rowsize_rep2,r3-sub,D03,load,16,1,10000,6,0,147826841,714455779,10968,27509,17860971414,7702299154,206070.657,,,1,1.0008466243743896,674.4290119596794,4707.0149264326665,,11C/60C85860,11C/60C85860,0.124769,0.120873,0.4,36.9,0.0,15216045.724807551,0.0,23.979698203010823,36279.28507297179,6106740.884319253,1006.54,1
2026-09-13T01:18:09.699450+00:00,1789262289.69945,D_rowsize_rep2,r3-sub,D03,load,16,1,10000,6,0,147827505,714460413,10968,27509,17860971414,7702317139,206076.377,,,1,1.0005204677581787,663.6545891837625,4631.589407044511,,11C/61305B78,11C/61305B78,0.108728,0.104785,0.0,36.8,0.0,23613437.966878485,0.0,27.985434483652636,35736.40035582143,6321493.866259088,1006.54,1
2026-09-13T01:18:10.700124+00:00,1789262290.7001247,D_rowsize_rep2,r3-sub,D03,load,16,1,10000,6,0,147828108,714464620,10968,27509,17860971414,7702333461,206081.602,,,1,1.0006747245788574,602.5934154115641,4204.163347655805,,11C/61943FD0,11C/61943FD0,0.141642,0.137591,0.6,36.8,0.0,21493593.744012937,0.0,89.93931573306928,33658.289924505625,6110728.940988779,1006.53,1
2026-09-13T01:18:11.701564+00:00,1789262291.7015648,D_rowsize_rep2,r3-sub,D03,load,16,1,10000,6,0,147828786,714469352,10968,27509,17860971414,7702351827,206087.263,,,1,1.0014400482177734,677.025051281514,4725.195490655051,,11C/61F87980,11C/61F87980,0.140462,0.137354,0.0,36.8,0.0,6282409.028075796,0.0,13.979868315547488,34177.782345445994,6105525.748527263,1006.52,1
2026-09-13T01:18:12.701869+00:00,1789262292.7018695,D_rowsize_rep2,r3-sub,D03,load,16,1,10000,6,0,147829396,714473608,10968,27509,17860971414,7702368336,206092.251,,,1,1.0003046989440918,609.8141902601355,4254.703596306782,,11C/6260FEA0,11C/6260FEA0,0.109298,0.105902,1.4,36.8,0.0,15617385.399159402,0.0,20.993603271250567,38339.31805027288,6412903.994924185,1006.51,1
2026-09-13T01:18:13.702136+00:00,1789262293.7021368,D_rowsize_rep2,r3-sub,D03,load,16,1,10000,6,0,147830053,714478193,10968,27509,17860971414,7702386122,206097.678,,,1,1.0002672672271729,656.8244523498811,4583.774907190571,,11C/62C45890,11C/62C45890,0.085068,0.082574,0.2,36.8,0.0,15056967.765975557,0.0,23.99358730045228,33785.97011744937,6060235.297715965,1006.51,1
2026-09-13T01:18:14.703152+00:00,1789262294.7031527,D_rowsize_rep2,r3-sub,D03,load,16,1,10000,6,0,147830683,714482589,10968,27509,17860971414,7702403181,206102.729,,,1,1.0010159015655518,629.3606315491127,4391.5386290315855,,11C/63205808,11C/63205808,0.159210,0.155418,0.4,36.8,0.0,6072295.145854834,0.0,14.984776941645539,31036.47000153624,5617200.477241153,1006.5,1
2026-09-13T01:18:15.703663+00:00,1789262295.703663,D_rowsize_rep2,r3-sub,D03,load,16,1,10000,6,0,147831252,714486558,10968,27509,17860971414,7702418579,206107.556,,,1,1.0005104541778564,568.7096997577712,3966.975041016861,,11C/63841830,11C/63841830,0.129567,0.125598,0.6,36.8,0.0,14950960.21989279,0.0,17.990816512548122,33070.11921948221,6076723.11130016,1006.5,1
2026-09-13T01:18:16.704776+00:00,1789262296.7047765,D_rowsize_rep2,r3-sub,D03,load,16,1,10000,6,0,147831820,714490520,10968,27509,17860971414,7702433951,206112.142,,,1,1.0011134147644043,567.3682837759891,3957.5935569022336,,11C/63E61AD0,11C/63E61AD0,0.113696,0.109784,1.2,36.8,0.0,14557359.620867383,0.0,19.977756470985533,33304.91781277998,5980700.000318173,1006.49,1
2026-09-13T01:18:17.705080+00:00,1789262297.7050807,D_rowsize_rep2,r3-sub,D03,load,16,1,10000,6,0,147831822,714490520,10968,27509,17860971414,7702433951,206112.142,,,1,1.0003042221069336,1.9993917408320185,0.0,,11C/64415FB8,11C/64415FB8,0.158993,0.156291,3.9,36.8,0.0,14708357.392524514,0.0,18.994221537904174,31226.500208314465,5578817.800294596,1006.48,1
2026-09-13T01:18:18.706057+00:00,1789262298.7060575,D_rowsize_rep2,r3-sub,D03,load,16,1,10000,6,0,147832445,714494867,10968,27509,17860971414,7702450814,206118.044,,,1,1.000976800918579,622.3920468768944,4342.7579900061955,,11C/64A19AE0,11C/64A19AE0,0.146562,0.143485,1.2,36.9,0.0,6477640.634677822,0.0,16.98341058893612,32494.259577396253,5882937.541205807,1006.48,1
2026-09-13T01:18:19.706193+00:00,1789262299.7061937,D_rowsize_rep2,r3-sub,D03,load,16,1,10000,6,0,147833001,714498745,10968,27509,17860971414,7702465856,206122.502,,,1,1.000136137008667,555.924318126285,3877.472132542686,,11C/64FFF950,11C/64FFF950,0.114483,0.111631,0.2,36.8,0.0,14555202.498271342,0.0,19.997277630441907,32386.59098638219,5763541.368718734,1006.47,1
2026-09-13T01:18:20.706343+00:00,1789262300.7063434,D_rowsize_rep2,r3-sub,D03,load,16,1,10000,6,0,147833545,714502539,10968,27509,17860971414,7702480581,206126.907,,,1,1.0001497268676758,543.9185607776241,3793.432021305709,,11C/6583FD58,11C/6583FD58,0.002992,0.002702,1.0,36.9,0.0,15210266.614423309,0.0,18.99715561539496,42116.69399933062,6643736.254180998,1006.46,1
2026-09-13T01:18:21.707344+00:00,1789262301.7073443,D_rowsize_rep2,r3-sub,D03,load,16,1,10000,6,0,147834172,714506914,10968,27509,17860971414,7702497560,206132.595,,,1,1.0010008811950684,626.3730749681672,4370.62552310324,,11C/65F7D9E0,11C/65F7D9E0,0.038886,0.035133,0.4,36.8,0.0,14649018.073284233,0.0,17.982002152196188,33260.709980845546,5458270.919279305,1006.46,1
2026-09-13T01:18:22.708792+00:00,1789262302.708792,D_rowsize_rep2,r3-sub,D03,load,16,1,10000,6,0,147834688,714510512,10968,27509,17860971414,7702511521,206138.033,,,1,1.0014476776123047,515.254078206332,3592.7987856325244,,11C/6650F8C0,11C/6650F8C0,0.086732,0.083063,0.8,36.9,0.0,6008325.88113445,0.0,13.979761811799705,31053.04520166766,5502113.713157108,1006.45,1
2026-09-13T01:18:23.709040+00:00,1789262303.7090402,D_rowsize_rep2,r3-sub,D03,load,16,1,10000,6,0,147835301,714514789,10968,27509,17860971414,7702528112,206143.254,,,1,1.0002481937408447,612.847894988374,4275.938738768802,,11C/66A33FE8,11C/66A33FE8,0.166776,0.163724,1.6,36.8,0.0,22374990.6673649,0.0,25.993548563944085,30398.455293664763,5026683.408640767,1006.45,1
2026-09-13T01:18:24.710556+00:00,1789262304.7105567,D_rowsize_rep2,r3-sub,D03,load,16,1,10000,6,0,147835867,714518737,10968,27509,17860971414,7702543427,206148.238,,,1,1.001516580581665,565.1429152288982,3942.021606578958,,11C/66FFFC90,11C/66FFFC90,0.059164,0.056356,0.8,36.8,0.0,14457434.136128446,0.0,19.969714319042343,31128.7906805232,5614252.533626937,1006.44,1
2026-09-13T01:18:25.712340+00:00,1789262305.71234,D_rowsize_rep2,r3-sub,D03,load,16,1,10000,6,0,147836601,714523861,10968,27509,17860971414,7702563305,206154.76,,,1,1.0017833709716797,732.6933359734818,5114.878274561472,,11C/6754F7F8,11C/6754F7F8,0.106928,0.102479,0.0,36.8,0.0,5650594.893094933,0.0,10.98041784156444,29129.052094062903,5234001.833065193,1006.43,1
2026-09-13T01:18:26.713484+00:00,1789262306.7134843,D_rowsize_rep2,r3-sub,D03,load,16,1,10000,6,0,147836603,714523861,10968,27509,17860971414,7702563305,206154.76,,,1,1.0011441707611084,1.997714273738939,0.0,,11C/67A7FD50,11C/67A7FD50,0.170279,0.166255,0.8,36.8,0.0,13812292.378916163,0.0,16.980571326780982,27547.4809777231,5034933.176675114,1006.43,1
2026-09-13T01:18:27.714624+00:00,1789262307.7146244,D_rowsize_rep2,r3-sub,D03,load,16,1,10000,6,0,147837185,714527921,10968,27509,17860971414,7702579059,206159.787,,,1,1.0011401176452637,581.3372071922319,4055.3763938152256,,11C/67FFFAD8,11C/67FFFAD8,0.017707,0.016148,0.0,36.8,0.0,13321388.050424306,0.0,15.981778891882662,32964.416686869474,5398993.512230042,1006.42,1
2026-09-13T01:18:28.714943+00:00,1789262308.7149434,D_rowsize_rep2,r3-sub,D03,load,16,1,10000,6,0,147837720,714531652,10968,27509,17860971414,7702593535,206164.292,,,1,1.000319004058838,534.82938725468,3729.8101754153477,,11C/6861DA78,11C/6861DA78,0.030935,0.026888,0.6,36.8,0.0,15789139.200509481,0.0,24.992027441807476,36894.23059069387,5953575.785159935,1006.41,1
2026-09-13T01:18:29.716036+00:00,1789262309.716036,D_rowsize_rep2,r3-sub,D03,load,16,1,10000,6,0,147838257,714535390,10968,27509,17860971414,7702608039,206168.894,,,1,1.0010926723480225,536.4138753912644,3733.9200488129354,,11C/68B33CA8,11C/68B33CA8,0.125782,0.121698,0.0,36.8,0.0,5392635.61617924,0.0,10.987993723098526,27833.58700912885,4990416.1103111375,1006.41,1
2026-09-13T01:18:30.716270+00:00,1789262310.7162704,D_rowsize_rep2,r3-sub,D03,load,16,1,10000,6,0,147838821,714539331,10968,27509,17860971414,7702623326,206173.587,,,1,1.0002343654632568,563.8678488503886,3940.0765821265627,,11C/69101BE8,11C/69101BE8,0.095848,0.092556,6.7,36.9,0.0,14521012.776113767,0.0,18.995548099569827,31006.733092634662,5664008.552011817,1006.4,1
2026-09-13T01:18:31.716711+00:00,1789262311.7167118,D_rowsize_rep2,r3-sub,D03,load,16,1,10000,6,0,147839356,714543062,10968,27509,17860971414,7702637804,206177.923,,,1,1.000441312789917,534.7640018064156,3729.3541882985733,,11C/69731FB0,11C/69731FB0,0.033227,0.029636,0.2,36.8,0.0,14911051.562234474,0.0,17.992059873860715,33687.13343715854,6048587.680895487,1006.39,1
2026-09-13T01:18:32.718381+00:00,1789262312.7183812,D_rowsize_rep2,r3-sub,D03,load,16,1,10000,6,0,147839930,714547066,10968,27509,17860971414,7702653342,206182.453,,88715,1,1.0016694068908691,573.0433574702723,3997.326835036534,16476,11C/69C5BCE0,11C/69C5BCE0,0.152584,0.149524,0.8,36.8,0.0,19129153.65906506,0.0,99.83333753837498,28012.236179892632,5040457.425640503,1006.39,1
2026-09-13T01:18:33.718546+00:00,1789262313.7185466,D_rowsize_rep2,r3-sub,D03,load,16,1,10000,6,0,147840495,714551007,10968,27509,17860971414,7702668628,206186.794,,,1,1.0001654624938965,564.9065291568674,3940.348020189759,,11C/6A311A40,11C/6A311A40,0.019360,0.015580,0.0,36.9,0.0,7179100.128188857,0.0,22.996194992226457,35928.05525437676,6536121.517033381,1006.38,1
2026-09-13T01:18:34.718800+00:00,1789262314.7188008,D_rowsize_rep2,r3-sub,D03,load,16,1,10000,6,0,147841120,714555347,10968,27509,17860971414,7702687148,206191.939,,,1,1.0002541542053223,624.8411939828907,4338.8972510171925,,11C/6A835BE0,11C/6A835BE0,0.160090,0.157352,0.4,36.8,0.0,13800012.668746738,0.0,15.995934565962001,28018.87888410319,5008209.1425852785,1006.38,1
2026-09-13T01:18:35.719190+00:00,1789262315.7191904,D_rowsize_rep2,r3-sub,D03,load,16,1,10000,6,0,147841685,714559288,10968,27509,17860971414,7702702437,206196.009,,,1,1.000389575958252,564.779975299921,3939.465279038918,,11C/6AE59AE8,11C/6AE59AE8,0.144536,0.140446,0.0,36.8,0.0,14911822.712377543,0.0,17.992990363537306,33397.9889464525,6045734.727100353,1006.37,1
2026-09-13T01:18:36.719962+00:00,1789262316.7199626,D_rowsize_rep2,r3-sub,D03,load,16,1,10000,6,0,147842314,714563677,10968,27509,17860971414,7702719462,206200.971,,,1,1.00077223777771,628.5146372532694,4385.613263759299,,11C/6B515FC8,11C/6B515FC8,0.036305,0.032616,1.9,36.9,0.0,7105169.119988526,0.0,15.987653729812893,37905.727765028256,6563737.234144832,1006.36,1
2026-09-13T01:18:37.720456+00:00,1789262317.7204564,D_rowsize_rep2,r3-sub,D03,load,16,1,10000,6,0,147842868,714567541,10968,27509,17860971414,7702734451,206205.132,,,1,1.0004937648773193,553.7265892585863,3862.0930341068183,,11C/6BB37FC8,11C/6BB37FC8,0.019268,0.016326,0.0,36.8,0.0,14852954.132924726,0.0,17.991116618510024,33523.44729915701,5995196.782396235,1006.36,1
2026-09-13T01:18:38.721726+00:00,1789262318.721727,D_rowsize_rep2,r3-sub,D03,load,16,1,10000,6,0,147843452,714571615,10968,27509,17860971414,7702750258,206209.782,,,1,1.0012705326080322,583.2589504844829,4068.8304182770257,,11C/6C0FF8C8,11C/6C0FF8C8,0.069635,0.065841,0.8,36.8,0.0,14550984.499714142,0.0,23.969545910321212,36518.601925453964,5637220.727247357,1006.35,1
2026-09-13T01:18:39.722309+00:00,1789262319.7223096,D_rowsize_rep2,r3-sub,D03,load,16,1,10000,6,0,147844074,714575955,10968,27509,17860971414,7702767097,206214.986,,,1,1.0005826950073242,621.6377747722761,4337.472576385335,,11C/6C739918,11C/6C739918,0.038834,0.035109,0.2,36.8,0.0,14970348.852465766,0.0,18.988935242239943,33337.574361863044,6086934.173846988,1006.34,1
2026-09-13T01:18:40.722987+00:00,1789262320.722987,D_rowsize_rep2,r3-sub,D03,load,16,1,10000,6,0,147844639,714579896,10968,27509,17860971414,7702782390,206219.484,,,1,1.0006773471832275,564.6175578875641,3938.332381654672,,11C/6CD53DC0,11C/6CD53DC0,0.022812,0.018916,0.6,36.9,0.0,6401807.753550569,0.0,11.991877335665077,33103.57738510345,5930217.184094426,1006.34,1
2026-09-13T01:18:41.724200+00:00,1789262321.724201,D_rowsize_rep2,r3-sub,D03,load,16,1,10000,6,0,147845263,714584250,10968,27509,17860971414,7702799291,206224.642,,,1,1.0012140274047852,623.2433654744634,4348.720534095855,,11C/6D307928,11C/6D307928,0.071767,0.068079,0.4,36.9,0.0,14445438.841372427,0.0,18.976961448741676,31380.90272410604,5586777.499011762,1006.33,1
2026-09-13T01:18:42.724336+00:00,1789262322.7243364,D_rowsize_rep2,r3-sub,D03,load,16,1,10000,6,0,147845821,714588142,10968,27509,17860971414,7702814396,206228.721,,,1,1.0001354217529297,557.9244448936702,3891.4730099035205,,11C/6D911B78,11C/6D911B78,0.058153,0.054443,5.1,36.8,0.0,23155648.221527617,0.0,25.996479511174595,35622.175982485285,5925061.617769505,1006.32,1
2026-09-13T01:18:43.724723+00:00,1789262323.724724,D_rowsize_rep2,r3-sub,D03,load,16,1,10000,6,0,147846386,714592083,10968,27509,17860971414,7702829709,206233.233,,,1,1.0003876686096191,564.7810521147874,3939.4727900608445,,11C/6DF37CA8,11C/6DF37CA8,0.025645,0.021679,1.3,36.9,0.0,6710742.455802646,0.0,19.992249632381856,33497.0142590558,6006405.505129018,1006.32,1
2026-09-13T01:18:44.725127+00:00,1789262324.7251277,D_rowsize_rep2,r3-sub,D03,load,16,1,10000,6,0,147846935,714595905,10968,27509,17860971414,7702844579,206236.658,,,1,1.000403642654419,548.7784895937724,3820.4579002320547,,11C/6E531C18,11C/6E531C18,0.025731,0.021793,2.5,36.9,0.0,16975164.0997036,0.0,19.99193040414471,32081.05071953102,5811931.056720966,1006.31,1
2026-09-13T01:18:45.725925+00:00,1789262325.7259254,D_rowsize_rep2,r3-sub,D03,load,16,1,10000,6,0,147846943,714595905,10981,27509,17860971414,7702948756,206236.716,,,1,1.0007977485656738,7.9936230986385235,0.0,,11C/6EA53A68,11C/6EA53A68,0.152078,0.148325,0.4,36.9,0.0,14766587.975622552,0.0,16.986449084606864,28597.18663537932,5214868.845858039,1006.31,1
2026-09-13T01:18:46.727062+00:00,1789262326.7270627,D_rowsize_rep2,r3-sub,D03,load,16,1,10000,6,0,147847512,714599874,10981,27509,17860971414,7702964175,206240.827,,,1,1.0011372566223145,568.3536360635702,3964.491355951336,,11C/6F101FC0,11C/6F101FC0,0.028976,0.025779,0.4,36.8,0.0,14405633.098360257,0.0,18.978416669961042,34868.345742894744,6309719.230020714,1006.3,1
2026-09-13T01:18:47.728070+00:00,1789262327.7280698,D_rowsize_rep2,r3-sub,D03,load,16,1,10000,6,0,147848127,714604165,10981,27509,17860971414,7702980831,206245.279,,,1,1.001007080078125,614.3812688637541,4286.682966982714,,11C/6F66D518,11C/6F619F98,0.000563,-0.000180,0.0,36.8,0.0,6424250.265540685,0.0,11.987927197341545,32798.96881192647,5957000.823145635,1006.29,1
2026-09-13T01:18:48.729049+00:00,1789262328.72905,D_rowsize_rep2,r3-sub,D03,load,16,1,10000,6,0,147848690,714608092,10981,27509,17860971414,7702996070,206249.18,,,1,1.0009801387786865,562.4487221963527,3923.154763881131,,11C/6FC57BD0,11C/6FC57BD0,0.107213,0.103360,0.8,36.8,0.0,14984864.752962248,0.0,24.975520523816726,28016.539902796652,5118084.56684344,1006.29,1
2026-09-13T01:18:49.729710+00:00,1789262329.72971,D_rowsize_rep2,r3-sub,D03,load,16,1,10000,6,0,147849264,714612096,10981,27509,17860971414,7703011613,206254.078,,,1,1.0006601810455322,573.6213060864084,4001.358379041775,,11C/70211948,11C/70211948,0.137445,0.133774,0.0,36.8,0.0,14416594.437611165,0.0,16.988784326600943,31506.2002038087,5579992.194918697,1006.28,1
2026-09-13T01:18:50.729808+00:00,1789262330.7298083,D_rowsize_rep2,r3-sub,D03,load,16,1,10000,6,0,147849894,714616492,10981,27509,17860971414,7703028667,206258.891,,,1,1.0000982284545898,629.9381221517738,4395.56823012571,,11C/70854000,11C/70854000,0.078471,0.074764,0.4,36.9,0.0,6610294.680969105,0.0,11.998821374319501,33008.75760075295,6111149.7112081,1006.27,1
2026-09-13T01:18:51.729978+00:00,1789262331.7299786,D_rowsize_rep2,r3-sub,D03,load,16,1,10000,6,0,147850463,714620461,10981,27509,17860971414,7703044070,206263.605,,,1,1.0001702308654785,568.9031551235298,3968.3244686911953,,11C/70E79FC8,11C/70E79FC8,0.046263,0.042465,0.2,36.8,0.0,23277701.41674148,0.0,24.995744952703422,33135.359339101764,5993893.654295643,1006.27,1
2026-09-13T01:18:52.730980+00:00,1789262332.7309806,D_rowsize_rep2,r3-sub,D03,load,16,1,10000,6,0,147851086,714624808,10981,27509,17860971414,7703060940,206268.534,,,1,1.0010020732879639,622.3763333013378,4342.648348091358,,11C/71431A80,11C/71431A80,0.078315,0.074618,1.0,36.8,0.0,14403486.650773715,0.0,17.98198073743833,30788.148019284,5588524.888490123,1006.26,1
2026-09-13T01:18:53.732267+00:00,1789262333.7322674,D_rowsize_rep2,r3-sub,D03,load,16,1,10000,6,0,147851659,714628805,10981,27509,17860971414,7703076443,206272.938,,,1,1.0012867450714111,572.2636425783645,3991.8634893293593,,11C/71A57E48,11C/71A57E48,0.063826,0.061600,0.0,36.8,0.0,15074363.137528123,0.0,23.969157804329402,40044.47297176632,5987464.659359321,1006.25,1
2026-09-13T01:18:54.734137+00:00,1789262334.7341375,D_rowsize_rep2,r3-sub,D03,load,16,1,10000,6,0,147852226,714632760,10981,27509,17860971414,7703091785,206277.485,,,1,1.0018701553344727,565.9416012953375,3947.6173423687123,,11C/71FFFB38,11C/71FFFB38,0.016743,0.014694,4.3,36.9,0.0,5973085.402471308,0.0,12.97573336303243,30471.01446974262,5516789.74622693,1006.25,1
2026-09-13T01:18:55.735755+00:00,1789262335.7357552,D_rowsize_rep2,r3-sub,D03,load,16,1,10000,6,0,147852834,714637002,10981,27509,17860971414,7703108242,206282.336,,,1,1.001617670059204,607.0180450830725,4235.148926385516,,11C/72621FE8,11C/72621FE8,0.083330,0.079735,0.0,36.8,0.0,20262901.311236206,0.0,84.86272011852165,33324.09261312959,5945844.58523778,1006.24,1
2026-09-13T01:18:56.735905+00:00,1789262336.735905,D_rowsize_rep2,r3-sub,D03,load,16,1,10000,6,0,147853398,714640936,10981,27509,17860971414,7703123503,206286.772,,,1,1.0001497268676758,563.9155666885661,3933.4110626823035,,11C/72C3B9A8,11C/72C3B9A8,0.066956,0.063472,1.0,36.8,0.0,14915398.764062922,0.0,19.99700591094206,33714.95196584831,6028204.415835108,1006.23,1
2026-09-13T01:18:57.737252+00:00,1789262337.737253,D_rowsize_rep2,r3-sub,D03,load,16,1,10000,6,0,147854030,714645346,10981,27509,17860971414,7703140618,206291.792,,,1,1.0013480186462402,631.1491991110387,4404.063240632407,,11C/73201900,11C/73201900,0.116481,0.112522,0.2,36.8,0.0,14504863.17398031,0.0,19.973075921235402,34290.775395373,5663349.699005562,1006.23,1
2026-09-13T01:18:58.738624+00:00,1789262338.7386243,D_rowsize_rep2,r3-sub,D03,load,16,1,10000,6,0,147854603,714649343,10981,27509,17860971414,7703156122,206296.585,,,1,1.0013713836669922,572.2152733201652,3991.526086318849,,11C/73841E00,11C/73841E00,0.094610,0.093542,0.8,36.9,0.0,6745053.943189329,0.0,17.975348900109903,35168.77012306503,6095931.139600043,1006.22,1
2026-09-13T01:18:59.740376+00:00,1789262339.740376,D_rowsize_rep2,r3-sub,D03,load,16,1,10000,6,0,147854605,714649343,10981,27509,17860971414,7703156122,206296.585,,,1,1.0017516613006592,1.996502803302797,0.0,,11C/73E6BB90,11C/73E6BB90,0.118550,0.115135,0.4,36.8,0.0,14867014.026872769,0.0,19.96502803302797,32921.33297506147,5994917.934253939,1006.21,1
2026-09-13T01:19:00.740761+00:00,1789262340.7407615,D_rowsize_rep2,r3-sub,D03,load,16,1,10000,6,0,147855268,714653970,10981,27509,17860971414,7703174076,206302.032,,,1,1.0003855228424072,662.7444968577817,4625.216873244277,,11C/7451F8F0,11C/7451F8F0,0.025503,0.021680,0.8,36.8,0.0,15460535.610366354,0.0,19.992292514563548,36531.916111861974,6545038.738062037,1006.21,1
2026-09-13T01:19:01.741682+00:00,1789262341.7416828,D_rowsize_rep2,r3-sub,D03,load,16,1,10000,6,0,147855886,714658282,10981,27509,17860971414,7703190807,206306.885,,,1,1.0009212493896484,617.4311918913202,4308.031228859826,,11C/74B67A98,11C/74B67A98,0.007786,0.003832,0.2,36.9,0.0,5884626.791160335,0.0,11.988955182355733,36348.51395370552,6130786.01712366,1006.2,1
2026-09-13T01:19:02.743021+00:00,1789262342.7430217,D_rowsize_rep2,r3-sub,D03,load,16,1,10000,6,0,147856485,714662461,10981,27509,17860971414,7703207025,206311.875,,105317,1,1.0013389587402344,598.1990361721175,4173.411973561401,16602,11C/75107FE8,11C/75107FE8,0.116404,0.112834,0.8,36.8,0.0,15134934.946570411,0.0,28.96122211851654,30810.74568277491,5477302.11845559,1006.19,1
2026-09-13T01:19:03.744166+00:00,1789262343.7441666,D_rowsize_rep2,r3-sub,D03,load,16,1,10000,6,0,147857076,714666584,10981,27509,17860971414,7703223016,206316.279,,,1,1.0011448860168457,590.3241461396783,4118.285033052273,,11C/75739FD8,11C/75739FD8,0.089770,0.085874,0.0,36.8,0.0,14957850.965587437,0.0,20.97598488821192,33696.421438277575,6073035.067071896,1006.19,1
2026-09-13T01:19:04.744241+00:00,1789262344.7442415,D_rowsize_rep2,r3-sub,D03,load,16,1,10000,6,0,147857657,714670616,10981,27509,17860971414,7703239522,206320.835,,,1,1.000074863433838,580.9565076009305,4031.698173230554,,11C/75D87E80,11C/75D87E80,0.058552,0.054696,0.6,36.8,0.0,22845777.68663368,0.0,25.998053696427185,34485.41830316849,6146665.839488602,1006.18,1
2026-09-13T01:19:05.744469+00:00,1789262345.7444692,D_rowsize_rep2,r3-sub,D03,load,16,1,10000,6,0,147858229,714674606,10981,27509,17860971414,7703255006,206325.165,,,1,1.000227689743042,571.8697911142077,3989.0917247302255,,11C/76415850,11C/76415850,0.013461,0.009687,0.4,36.8,0.0,6412875.8539446555,0.0,9.997723620877757,35277.967568629254,6386856.77822132,1006.17,1
2026-09-13T01:19:06.746210+00:00,1789262346.7462106,D_rowsize_rep2,r3-sub,D03,load,16,1,10000,6,0,147858843,714678883,10981,27509,17860971414,7703271598,206330.085,,,1,1.0017414093017578,612.9326334108275,4269.564939899201,,11C/76A53CE8,11C/76A53CE8,0.013131,0.009303,1.0,36.8,0.0,16118363.332164258,0.0,23.95827883039065,33547.579932254506,6090565.832007174,1006.17,1
2026-09-13T01:19:07.747949+00:00,1789262347.7479496,D_rowsize_rep2,r3-sub,D03,load,16,1,10000,6,0,147859505,714683510,10981,27509,17860971414,7703289552,206335.458,,,1,1.0017390251159668,660.850763923631,4618.967499508521,,11C/76FFFB78,11C/76FFFB78,0.031116,0.029065,0.0,36.8,0.0,13865423.679977,0.0,19.965279876846857,30840.36782576534,5542060.218086547,1006.16,1
2026-09-13T01:19:08.749445+00:00,1789262348.7494457,D_rowsize_rep2,r3-sub,D03,load,16,1,10000,6,0,147860127,714687850,10981,27509,17860971414,7703306394,206340.182,,,1,1.0014960765838623,621.0708304736086,4333.516727098812,,11C/77637C08,11C/77637C08,0.112600,0.108642,6.6,36.9,0.0,15606986.752574824,0.0,24.962653957942464,36040.08127831901,6070913.448546974,1006.15,1
2026-09-13T01:19:09.750090+00:00,1789262349.7500906,D_rowsize_rep2,r3-sub,D03,load,16,1,10000,6,0,147860709,714691910,10981,27509,17860971414,7703322147,206344.912,,,1,1.0006449222564697,581.6248971589054,4057.3833032047346,,11C/77C7FB38,11C/77C7FB38,0.097701,0.093737,0.0,36.9,0.0,6639430.083768703,0.0,14.990332401002714,34253.9088917846,6129257.105676924,1006.15,1
2026-09-13T01:19:10.750257+00:00,1789262350.7502575,D_rowsize_rep2,r3-sub,D03,load,16,1,10000,6,0,147861284,714695921,10981,27509,17860971414,7703337705,206349.203,,,1,1.000166893005371,574.9040525348724,4010.3307038563016,,11C/78315F20,11C/78315F20,0.035649,0.031617,0.8,36.9,0.0,15332865.05207051,0.0,17.996996427178615,39029.48625174136,6432757.417781724,1006.14,1
2026-09-13T01:19:11.751986+00:00,1789262351.7519865,D_rowsize_rep2,r3-sub,D03,load,16,1,10000,6,0,147861887,714700128,10981,27509,17860971414,7703354030,206353.856,,,1,1.0017290115356445,601.9592055895482,4199.738603507843,,11C/78961D50,11C/78961D50,0.003520,-0.000003,0.0,36.9,0.0,13926896.235752659,0.0,15.972383564565128,33790.57570481031,6093168.8407856515,1006.13,1
2026-09-13T01:19:12.752374+00:00,1789262352.752374,D_rowsize_rep2,r3-sub,D03,load,16,1,10000,6,0,147862477,714704244,10981,27509,17860971414,7703370001,206358.159,,,1,1.00038743019104,589.771504713259,4114.4059549148715,,11C/78E9FD00,11C/78E9FD00,0.163217,0.159109,0.6,36.8,0.0,23395479.884758774,0.0,25.989930716177515,31525.785958723325,5169271.268245006,1006.13,1
2026-09-13T01:19:13.752790+00:00,1789262353.7527907,D_rowsize_rep2,r3-sub,D03,load,16,1,10000,6,0,147863081,714708458,10981,27509,17860971414,7703386352,206362.76,,,1,1.0004167556762695,603.7483844337487,4212.244523185127,,11C/7953BD30,11C/7953BD30,0.060627,0.058776,0.2,36.8,0.0,7009430.779935043,0.0,15.99333468698672,36392.833080238284,6473865.979605591,1006.12,1
2026-09-13T01:19:14.754132+00:00,1789262354.7541327,D_rowsize_rep2,r3-sub,D03,load,16,1,10000,6,0,147863662,714712511,10981,27509,17860971414,7703402075,206367.444,,,1,1.0013420581817627,580.2213092446951,4047.567928345524,,11C/79B8B888,11C/79B8B888,0.038811,0.034879,0.4,36.8,0.0,14987629.728897104,0.0,20.971854551013077,33938.4526219823,6103531.705337204,1006.11,1
2026-09-13T01:19:15.755290+00:00,1789262355.7552905,D_rowsize_rep2,r3-sub,D03,load,16,1,10000,6,0,147864238,714716529,10981,27509,17860971414,7703417665,206371.634,,,1,1.0011577606201172,575.3339010659274,4013.35349736614,,11C/7A0FFDA0,11C/7A0FFDA0,0.137303,0.133635,1.4,36.8,0.0,14176227.322264453,0.0,15.98149725183132,30136.10959906267,5361627.518798998,1006.11,1
2026-09-13T01:19:16.756569+00:00,1789262356.7565696,D_rowsize_rep2,r3-sub,D03,load,16,1,10000,6,0,147864832,714720673,10981,27509,17860971414,7703433749,206376.325,,,1,1.0012791156768799,593.2411759117207,4138.706116124866,,11C/7A72BE20,11C/7A72BE20,0.119933,0.116248,0.8,36.9,0.0,6496138.68716606,0.0,10.985947702068902,36265.61208704781,6011533.5531900255,1006.1,1
2026-09-13T01:19:17.757568+00:00,1789262357.7575686,D_rowsize_rep2,r3-sub,D03,load,16,1,10000,6,0,147865394,714724593,10981,27509,17860971414,7703448957,206380.541,,,1,1.0009989738464355,561.4391369857858,3916.087930577012,,11C/7AD4DFE8,11C/7AD4DFE8,0.120849,0.116856,0.4,36.8,0.0,14857733.5128034,0.0,20.97904248523399,32946.08772002532,5978405.729033316,1006.09,1
2026-09-13T01:19:18.759474+00:00,1789262358.7594743,D_rowsize_rep2,r3-sub,D03,load,16,1,10000,6,0,147866019,714728954,10981,27509,17860971414,7703465882,206385.155,,,1,1.0019056797027588,623.8112156280243,4352.705138166103,,11C/7B411B98,11C/7B411B98,0.013642,0.010048,0.6,36.9,0.0,15670105.797441732,0.0,24.952448625120976,37515.507458896886,6556228.927606021,1006.09,1
2026-09-13T01:19:19.759989+00:00,1789262359.759989,D_rowsize_rep2,r3-sub,D03,load,16,1,10000,6,0,147866021,714728954,10981,27509,17860971414,7703465882,206385.155,,,1,1.0005147457122803,1.998971038229099,0.0,,11C/7B953AF0,11C/7B953AF0,0.154419,0.150781,0.0,36.8,0.0,13935610.704142036,0.0,15.991768305832792,28788.18140705637,5145103.579992961,1006.08,1
2026-09-13T01:19:20.760129+00:00,1789262360.7601295,D_rowsize_rep2,r3-sub,D03,load,16,1,10000,6,0,147866600,714732993,10981,27509,17860971414,7703481552,206389.705,,,1,1.0001404285430908,578.918703289929,4038.4328887530623,,11C/7C107FD0,11C/7C107FD0,0.075410,0.075049,6.8,36.9,0.0,7027749.103432197,0.0,14.99789386761474,39444.46087182677,6484519.388389644,1006.07,1
2026-09-13T01:19:21.760436+00:00,1789262361.7604368,D_rowsize_rep2,r3-sub,D03,load,16,1,10000,6,0,147867212,714737263,10981,27509,17860971414,7703498124,206394.623,,,1,1.000307321548462,611.8119769958621,4268.688140150868,,11C/7C935960,11C/7C935960,0.061517,0.057678,0.0,36.8,0.0,23135290.026844833,0.0,21.993241003119227,36798.69096930994,6088955.732695712,1006.07,1
2026-09-13T01:19:22.761635+00:00,1789262362.7616358,D_rowsize_rep2,r3-sub,D03,load,16,1,10000,6,0,147867787,714741274,10981,27509,17860971414,7703513689,206398.872,,,1,1.0011990070343018,574.3113965956022,4006.1965421651485,,11C/7CF85C68,11C/7CF85C68,0.030460,0.027361,1.0,36.9,0.0,15218872.464860491,0.0,20.974851006100256,34180.01791808366,6096880.797037053,1006.06,1
2026-09-13T01:19:23.762642+00:00,1789262363.7626426,D_rowsize_rep2,r3-sub,D03,load,16,1,10000,6,0,147868363,714745292,10981,27509,17860971414,7703529285,206403.62,,,1,1.001006841659546,575.4206425253428,4013.9585792826865,,11C/7D513FD0,11C/7D513FD0,0.063809,0.059949,0.4,36.8,0.0,21478278.774154842,0.0,100.89841127614518,32841.93337329973,5458264.392021297,1006.05,1
2026-09-13T01:19:24.762783+00:00,1789262364.7627835,D_rowsize_rep2,r3-sub,D03,load,16,1,10000,6,0,147868971,714749534,10981,27509,17860971414,7703545751,206408.277,,,1,1.000140905380249,607.9143415985383,4241.40236358717,,11C/7DAD6E48,11C/7DA1DDD0,0.003422,-0.000162,0.4,36.8,0.0,5258523.045810682,0.0,9.9985911447128,32251.455596385607,5908849.411326863,1006.05,1
2026-09-13T01:19:25.764050+00:00,1789262365.7640505,D_rowsize_rep2,r3-sub,D03,load,16,1,10000,6,0,147869529,714753426,10981,27509,17860971414,7703560849,206412.704,,,1,1.0012669563293457,557.2939329243756,3887.0752454151784,,11C/7DFFF988,11C/7DFFF988,0.081807,0.078878,0.0,36.8,0.0,14649216.082963737,0.0,18.97595828953967,26917.896201035426,4759119.403549561,1006.04,1
2026-09-13T01:19:26.765043+00:00,1789262366.7650437,D_rowsize_rep2,r3-sub,D03,load,16,1,10000,6,0,147870073,714757220,10981,27509,17860971414,7703575569,206417.213,,,1,1.000993251800537,543.4602071707075,3790.2353419221763,,11C/7E60FFC8,11C/7E60FFC8,0.005213,0.001182,0.8,36.8,0.0,13691616.776983997,0.0,15.984123740314924,32715.50526548957,5906395.462072612,1006.03,1
2026-09-13T01:19:27.766332+00:00,1789262367.7663329,D_rowsize_rep2,r3-sub,D03,load,16,1,10000,6,0,147870631,714761112,10981,27509,17860971414,7703590673,206421.799,,,1,1.0012891292572021,557.2815919952587,3886.989168540407,,11C/7EB2F820,11C/7EB2F820,0.067372,0.063926,0.0,36.8,0.0,6430622.096912859,0.0,11.984550365489435,30655.481122391517,4973649.323142474,1006.03,1
2026-09-13T01:19:28.766665+00:00,1789262368.766666,D_rowsize_rep2,r3-sub,D03,load,16,1,10000,6,0,147871200,714765081,10981,27509,17860971414,7703606070,206426.297,,,1,1.0003330707550049,568.8105458420416,3967.678482332273,,11C/7F069360,11C/7EFFF970,0.001807,-0.000144,0.4,36.8,0.0,13774356.164792486,0.0,23.992008963460457,32776.08324520742,5730313.400189384,1006.02,1
2026-09-13T01:19:29.767820+00:00,1789262369.7678208,D_rowsize_rep2,r3-sub,D03,load,16,1,10000,6,0,147871736,714768812,10981,27509,17860971414,7703620550,206430.716,,,1,1.001154899597168,535.3816879043083,3726.696040244354,,11C/7F631F88,11C/7F631F88,0.083088,0.079320,0.0,36.8,0.0,14892240.956917927,0.0,17.979235787831247,28356.251376707845,5053788.381833648,1006.02,1
2026-09-13T01:19:30.767969+00:00,1789262370.7679698,D_rowsize_rep2,r3-sub,D03,load,16,1,10000,6,0,147872315,714772858,10981,27509,17860971414,7703636244,206435.315,,,1,1.0001490116119385,578.9137351311548,4045.397188843959,,11C/7FB6BAD0,11C/7FB6BAD0,0.147227,0.143367,0.4,36.8,0.0,13637647.832113488,0.0,15.99761616942742,27352.924096689123,5090539.450510843,1006.01,1
2026-09-13T01:19:31.769182+00:00,1789262371.7691293,D_rowsize_rep2,r3-sub,D03,load,16,1,10000,6,0,147872317,714772858,10981,27509,17860971414,7703636244,206435.315,,,1,1.001159429550171,1.997683826339843,0.0,,11C/80101E00,11C/80101E00,0.180291,0.176491,0.0,36.8,0.0,6185979.792232126,0.0,13.983786784378902,30480.659822293328,5481558.519071997,1006.01,1
2026-09-13T01:19:32.771019+00:00,1789262372.7710197,D_rowsize_rep2,r3-sub,D03,load,16,1,10000,6,0,147872932,714777149,10981,27509,17860971414,7703652889,206440.248,,121774,1,1.0018904209136963,613.8395848112182,4282.903509634045,16457,11C/80735B88,11C/80735B88,0.113942,0.111002,4.1,36.8,32706.171569258535,15012132.750289667,0.9981131460345012,30.941507527069536,32895.81306700509,6036696.103436435,1006.0,1
2026-09-13T01:19:33.772482+00:00,1789262373.7724824,D_rowsize_rep2,r3-sub,D03,load,16,1,10000,6,0,147873503,714781132,10981,27509,17860971414,7703668354,206445.351,,,1,1.001462697982788,570.1660193136955,3977.1825830585803,,11C/80D5BA08,11C/80D5BA08,0.072626,0.068827,0.2,36.8,0.0,14887663.844126768,0.0,22.966407082688264,35288.38375226971,5986328.808926877,1005.99,1
2026-09-13T01:19:34.773174+00:00,1789262374.773174,D_rowsize_rep2,r3-sub,D03,load,16,1,10000,6,0,147874072,714785080,10981,27509,17860971414,7703685339,206449.566,,,1,1.0006916522979736,568.6067218541863,3945.271244077904,,11C/81319920,11C/81319920,0.105634,0.101861,1.0,36.8,0.0,14407954.705019174,0.0,17.98755886357707,30689.773347739745,5558364.544389898,1005.99,1
2026-09-13T01:19:35.774958+00:00,1789262375.7749584,D_rowsize_rep2,r3-sub,D03,load,16,1,10000,6,0,147874697,714789441,10981,27509,17860971414,7703702272,206454.593,,,1,1.001784324645996,623.886783436004,4353.232420103061,,11C/81939878,11C/81939878,0.092004,0.088114,0.2,36.8,0.0,6468330.39865124,0.0,11.978626241971275,33028.067205675296,5973622.118827509,1005.98,1
2026-09-13T01:19:36.775092+00:00,1789262376.775092,D_rowsize_rep2,r3-sub,D03,load,16,1,10000,6,0,147875253,714793319,10981,27509,17860971414,7703717322,206458.738,,,1,1.0001335144042969,555.9257759011973,3877.482300260509,,11C/81F83BC0,11C/81F83BC0,0.059387,0.055721,0.4,36.8,0.0,15030313.23668181,0.0,18.99746356496897,33925.47046102091,6132135.271612143,1005.97,1
2026-09-13T01:19:37.776239+00:00,1789262377.7762392,D_rowsize_rep2,r3-sub,D03,load,16,1,10000,6,0,147875880,714797694,10981,27509,17860971414,7703734299,206463.897,,,1,1.0011472702026367,626.2814859127493,4369.986444765994,,11C/82513880,11C/82513880,0.139037,0.135012,0.4,36.9,0.0,5875115.65487212,0.0,9.988540445179414,30642.844377721405,5439260.698276495,1005.96,1
2026-09-13T01:19:38.776426+00:00,1789262378.7764268,D_rowsize_rep2,r3-sub,D03,load,16,1,10000,6,0,147876443,714801621,10981,27509,17860971414,7703749544,206468.928,,,1,1.000187635421753,562.8943810754046,3926.26329393093,,11C/82B59FC8,11C/82B59FC8,0.108858,0.104672,0.4,36.8,0.0,23637676.734556653,0.0,29.99437199336081,36141.21862720022,6132048.410510285,1005.96,1
2026-09-13T01:19:39.777524+00:00,1789262379.7775242,D_rowsize_rep2,r3-sub,D03,load,16,1,10000,6,0,147877026,714805688,10981,27509,17860971414,7703765322,206473.607,,,1,1.0010974407196045,582.3608934420315,4062.541601421513,,11C/831138B8,11C/831138B8,0.158012,0.153935,0.2,36.8,0.0,14414389.062494596,0.0,17.980267722052428,30623.392641942297,5585057.730225509,1005.95,1
2026-09-13T01:19:40.777889+00:00,1789262380.7778897,D_rowsize_rep2,r3-sub,D03,load,16,1,10000,6,0,147877651,714810049,10981,27509,17860971414,7703782243,206478.707,,,1,1.0003654956817627,624.771648660327,4359.406655692297,,11C/8375BFF0,11C/8375BFF0,0.126120,0.122297,0.4,36.8,0.0,6600339.604376433,0.0,11.995615654278277,33614.7139672013,6102058.723886557,1005.95,1
2026-09-13T01:19:41.778003+00:00,1789262381.7780035,D_rowsize_rep2,r3-sub,D03,load,16,1,10000,6,0,147878220,714814018,10981,27509,17860971414,7703797657,206483.364,,,1,1.0001137256622314,568.93529745653,3968.548674173932,,11C/83D7B980,11C/83D7B980,0.095393,0.091592,0.0,36.8,0.0,14858598.19608032,0.0,21.99749831993613,33737.16321877114,5975328.451814767,1005.94,1
2026-09-13T01:19:42.778141+00:00,1789262382.778142,D_rowsize_rep2,r3-sub,D03,load,16,1,10000,6,0,147878826,714818246,10981,27509,17860971414,7703814069,206488.2,,,1,1.000138521194458,605.9160677825495,4227.414413505972,,11C/843B69E8,11C/84305BB8,0.003030,-0.000196,0.4,36.8,0.0,14243914.915892093,0.0,15.997783967856092,38360.686231922926,6435195.589020438,1005.93,1
2026-09-13T01:19:43.779514+00:00,1789262383.7795148,D_rowsize_rep2,r3-sub,D03,load,16,1,10000,6,0,147879385,714822145,10981,27509,17860971414,7703829193,206492.975,,,1,1.0013728141784668,558.2336489318491,3893.6547355729513,,11C/8491DB20,11C/8491DB20,0.142642,0.138869,0.8,36.9,0.0,14864457.86149252,0.0,20.971210424988964,27846.771557181775,4981503.321610014,1005.93,1
2026-09-13T01:19:44.780441+00:00,1789262384.7804413,D_rowsize_rep2,r3-sub,D03,load,16,1,10000,6,0,147879951,714826093,10981,27509,17860971414,7703844592,206497.159,,,1,1.0009264945983887,565.4760894575995,3944.345585121207,,11C/84F3FDE0,11C/84F3FDE0,0.112356,0.110006,2.5,36.9,0.0,8163956.138735979,0.0,14.986115444989387,33344.10686510139,5957356.54134377,1005.92,1
2026-09-13T01:19:45.780713+00:00,1789262385.7807138,D_rowsize_rep2,r3-sub,D03,load,16,1,10000,6,0,147880499,714829866,10994,27509,17860971414,7703964521,206501.045,,,1,1.000272512435913,547.8507038701716,3771.972090697368,,11C/85525A90,11C/85525A90,0.112789,0.109169,0.6,36.9,0.0,21285207.51625083,0.0,84.97684275358502,31728.35362906503,5759538.454146125,1005.91,1
2026-09-13T01:19:46.780850+00:00,1789262386.7808502,D_rowsize_rep2,r3-sub,D03,load,16,1,10000,6,0,147881073,714833870,10994,27509,17860971414,7703980059,206505.402,,,1,1.000136375427246,573.9217311787047,4003.4540272465742,,11C/85B6D868,11C/85B6D868,0.050917,0.047049,6.7,36.9,0.0,6823005.509708511,0.0,12.998227361190176,34162.34109613729,6135165.31420905,1005.91,1
2026-09-13T01:19:47.782113+00:00,1789262387.7821136,D_rowsize_rep2,r3-sub,D03,load,16,1,10000,6,0,147881644,714837853,10994,27509,17860971414,7703995526,206509.934,,,1,1.0012633800506592,570.2795202308408,3977.9743066189826,,11C/861019F0,11C/861019F0,0.100327,0.096786,0.0,36.9,0.0,14735175.872759402,0.0,29.962146421935596,29902.222129091726,5424717.520104638,1005.9,1
2026-09-13T01:19:48.782204+00:00,1789262388.7822042,D_rowsize_rep2,r3-sub,D03,load,16,1,10000,6,0,147882252,714842095,10994,27509,17860971414,7704011986,206514.759,,,1,1.0000905990600586,607.9449207616116,4241.615713603218,,11C/8671BC18,11C/8671BC18,0.064495,0.060654,0.4,36.8,0.0,15059627.61189353,0.0,23.9978258195373,32577.048550021886,5951844.768458363,1005.89,1
2026-09-13T01:19:49.783228+00:00,1789262389.7832286,D_rowsize_rep2,r3-sub,D03,load,16,1,10000,6,0,147882832,714846141,10994,27509,17860971414,7704027687,206519.405,,,1,1.0010244846343994,579.4064070389161,4041.8591773783696,,11C/86D5FE28,11C/86D5FE28,0.004671,0.001088,0.0,36.9,0.0,5564858.887577076,0.0,11.987718766322402,34191.970851243066,6119319.850839839,1005.89,1
2026-09-13T01:19:50.784627+00:00,1789262390.7846277,D_rowsize_rep2,r3-sub,D03,load,16,1,10000,6,0,147882834,714846141,10994,27509,17860971414,7704027687,206519.405,,,1,1.001399040222168,1.9972058287136814,0.0,,11C/87315988,11C/87315988,0.039383,0.036197,1.0,36.8,0.0,23829956.93175994,0.0,23.966469944564174,30754.972556361976,5572638.654378916,1005.88,1
2026-09-13T01:19:51.785625+00:00,1789262391.785625,D_rowsize_rep2,r3-sub,D03,load,16,1,10000,6,0,147883452,714850453,10994,27509,17860971414,7704044425,206524.479,,,1,1.0009973049163818,617.3842796226355,4307.703905716512,,11C/87831FF0,11C/87831FF0,0.180223,0.176013,0.4,36.8,0.0,13707929.014999928,0.0,15.984059019356259,26973.099595163687,4916396.853247372,1005.88,1
2026-09-13T01:19:52.786891+00:00,1789262392.7868912,D_rowsize_rep2,r3-sub,D03,load,16,1,10000,6,0,147884019,714854408,10994,27509,17860971414,7704059778,206529.066,,,1,1.0012662410736084,566.2829492703498,3949.9983498487363,,11C/87E57E48,11C/87E57E48,0.136160,0.132655,2.1,36.8,0.0,14915129.84996577,0.0,20.97344256556851,33368.7471218195,6032838.971503817,1005.87,1
2026-09-13T01:19:53.787909+00:00,1789262393.787909,D_rowsize_rep2,r3-sub,D03,load,16,1,10000,6,0,147884580,714858321,10994,27509,17860971414,7704074959,206533.554,,,1,1.0010178089141846,560.4295897677616,3909.021363210786,,11C/8851B968,11C/8851B968,0.010236,0.006349,0.4,36.8,0.0,7209813.787257718,0.0,19.97966451934979,39177.12517276703,6605014.357508611,1005.86,1
2026-09-13T01:19:54.789341+00:00,1789262394.7893417,D_rowsize_rep2,r3-sub,D03,load,16,1,10000,6,0,147885207,714862696,10994,27509,17860971414,7704091941,206538.393,,,1,1.0014326572418213,626.1030089900443,4368.74109143771,,11C/88A4DD60,11C/88A4DD60,0.153334,0.149235,0.8,36.8,0.0,13583355.707078021,0.0,17.97424906191515,27641.39934904851,5052267.831903003,1005.86,1
2026-09-13T01:19:55.789552+00:00,1789262395.7895527,D_rowsize_rep2,r3-sub,D03,load,16,1,10000,6,0,147885777,714866672,10994,27509,17860971414,7704107368,206543.257,,,1,1.0002110004425049,569.8797551194953,3975.1612392194966,,11C/89101878,11C/89101878,0.045769,0.042238,0.0,36.8,0.0,15733512.22195901,0.0,20.995569925455086,36325.335338169505,6549439.06545903,1005.85,1
2026-09-13T01:19:56.789690+00:00,1789262396.789691,D_rowsize_rep2,r3-sub,D03,load,16,1,10000,6,0,147886391,714870956,10994,27509,17860971414,7704124002,206548.446,,,1,1.000138282775879,613.9151061149724,4283.407678495996,,11C/89717D10,11C/89717D10,0.044954,0.041323,0.4,36.8,0.0,14784515.556148872,0.0,16.997649517841257,32635.487074255212,5911390.556504542,1005.84,1
2026-09-13T01:19:57.790737+00:00,1789262397.7907376,D_rowsize_rep2,r3-sub,D03,load,16,1,10000,6,0,147886956,714874897,10994,27509,17860971414,7704139291,206553.174,,,1,1.0010466575622559,564.4092567831807,3936.8794353672833,,11C/89D4DE98,11C/89D4DE98,0.013339,0.009829,0.4,36.9,0.0,6076200.299007263,0.0,13.985362114981468,36204.10669793988,6068565.29024692,1005.84,1
2026-09-13T01:19:58.791821+00:00,1789262398.7918212,D_rowsize_rep2,r3-sub,D03,load,16,1,10000,6,0,147887533,714878922,10994,27509,17860971414,7704154921,206557.767,,,1,1.0010836124420166,576.3754324101676,4020.643181024133,,11C/8A317AA0,11C/8A317AA0,0.055889,0.054889,6.6,36.8,0.0,23534689.51761971,0.0,29.967526815086707,31202.188919868277,5630621.588390533,1005.83,1
2026-09-13T01:19:59.792977+00:00,1789262399.7929769,D_rowsize_rep2,r3-sub,D03,load,16,1,10000,6,0,147888159,714883290,10994,27509,17860971414,7704172338,206563.371,,,1,1.0011556148529053,625.277420126116,4362.958100816094,,11C/8A943900,11C/8A943900,0.033319,0.029386,0.0,36.8,0.0,14929051.766039373,0.0,19.97691438102607,33372.4343192231,6051697.568404661,1005.82,1
2026-09-13T01:20:00.793877+00:00,1789262400.7938778,D_rowsize_rep2,r3-sub,D03,load,16,1,10000,6,0,147888715,714887168,10994,27509,17860971414,7704187941,206568.01,,,1,1.0009009838104248,555.4995039402509,3874.5091300005265,,11C/8AF55860,11C/8AF55860,0.032648,0.028675,1.2,36.9,0.0,6334900.3573373845,0.0,10.990098099537336,31957.207073800113,5861988.4433156755,1005.82,1
2026-09-13T01:20:01.794610+00:00,1789262401.7946103,D_rowsize_rep2,r3-sub,D03,load,16,1,10000,6,0,147889347,714891578,10994,27509,17860971414,7704205683,206573.368,,,1,1.000732421875,631.5374481580874,4406.772383508172,,11C/8B5419F8,11C/8B5419F8,0.030882,0.026379,0.0,36.8,0.0,14685691.87801903,0.0,14.989021712612832,32799.97657965357,5823835.495486704,1005.81,1
2026-09-13T01:20:02.795730+00:00,1789262402.7957308,D_rowsize_rep2,r3-sub,D03,load,16,1,10000,6,0,147889917,714895554,10994,27509,17860971414,7704221685,206578.359,,138305,1,1.0011205673217773,569.3619915579981,3971.549611288772,16531,11C/8BB4F8E0,11C/8BB4F8E0,0.028014,0.024079,0.8,36.8,0.0,14786374.871511435,0.0,19.977613738877125,32597.472337725805,5913797.192118893,1005.8,1
2026-09-13T01:20:03.796745+00:00,1789262403.7967458,D_rowsize_rep2,r3-sub,D03,load,16,1,10000,6,0,147890473,714899432,10994,27509,17860971414,7704237284,206583.361,,,1,1.0010149478912354,555.4362611380423,3874.0680228297265,,11C/8C101E50,11C/8C101E50,0.068307,0.064419,0.2,36.8,0.0,14370566.623709409,0.0,16.982763380119998,30934.602989929168,5542853.292739107,1005.8,1
2026-09-13T01:20:04.798629+00:00,1789262404.798629,D_rowsize_rep2,r3-sub,D03,load,16,1,10000,6,0,147891098,714903772,10994,27509,17860971414,7704260356,206588.806,,,1,1.0018832683563232,623.8251697978418,4331.841979076213,,11C/8C721D18,11C/8C721D18,0.053437,0.049168,2.0,36.9,0.0,6561722.5156233525,0.0,23.954886520237125,33991.983972216476,5986955.955298685,1005.79,1
2026-09-13T01:20:05.800231+00:00,1789262405.8001525,D_rowsize_rep2,r3-sub,D03,load,16,1,10000,6,0,147891680,714907832,10994,27509,17860971414,7704276690,206593.98,,,1,1.001523494720459,581.1146748608683,4053.8240205070874,,11C/8CD6DCE0,11C/8CD6DCE0,0.023113,0.019600,0.4,36.9,0.0,14980824.792520475,0.0,18.971097632914944,33306.258091639145,6081315.148477847,1005.78,1
2026-09-13T01:20:06.801100+00:00,1789262406.8011,D_rowsize_rep2,r3-sub,D03,load,16,1,10000,6,0,147891682,714907832,10994,27509,17860971414,7704276690,206593.98,,,1,1.0009474754333496,1.998106842853189,0.0,,11C/8D307CF0,11C/8D307CF0,0.117464,0.113716,1.0,36.8,0.0,14322429.849571658,0.0,16.983908164252107,30607.000618825146,5500726.1970627,1005.78,1
2026-09-13T01:20:07.801669+00:00,1789262407.8016691,D_rowsize_rep2,r3-sub,D03,load,16,1,10000,6,0,147892292,714912088,10994,27509,17860971414,7704293811,206598.85,,,1,1.0005691051483154,609.6530433143636,4253.579266140871,,11C/8D945978,11C/8D945978,0.103000,0.098768,0.4,36.8,0.0,23428074.96192405,0.0,26.984642900799702,34384.43164293011,6111477.926448242,1005.77,1
2026-09-13T01:20:08.801832+00:00,1789262408.8018327,D_rowsize_rep2,r3-sub,D03,load,16,1,10000,6,0,147892869,714916113,10994,27509,17860971414,7704310010,206603.855,,,1,1.0001635551452637,576.9056441135735,4024.341798192606,,11C/8DF81ED0,11C/8DF81ED0,0.089353,0.085360,1.0,36.8,0.0,6577100.28140806,0.0,11.99803765920777,35602.17708075586,6079057.73882846,1005.76,1
2026-09-13T01:20:09.802033+00:00,1789262409.8020332,D_rowsize_rep2,r3-sub,D03,load,16,1,10000,6,0,147893443,714920117,10994,27509,17860971414,7704326114,206608.788,,,1,1.0002005100250244,573.8849303182608,4003.1973188054285,,11C/8E520000,11C/8E520000,0.166271,0.162125,0.2,36.8,0.0,20242469.18199776,0.0,92.9813563059203,31029.778218392927,5622084.715652975,1005.76,1
2026-09-13T01:20:10.802455+00:00,1789262410.8024552,D_rowsize_rep2,r3-sub,D03,load,16,1,10000,6,0,147894059,714924415,10994,27509,17860971414,7704343404,206613.891,,,1,1.0004220008850098,615.740157108764,4296.187005281604,,11C/8EB61F98,11C/8EB61F98,0.151253,0.147199,3.9,36.8,0.0,14952282.123710878,0.0,19.99156354249234,32695.202595569095,5931629.846955035,1005.75,1
2026-09-13T01:20:11.802535+00:00,1789262411.8025348,D_rowsize_rep2,r3-sub,D03,load,16,1,10000,6,0,147894632,714928412,10994,27509,17860971414,7704359489,206619.089,,,1,1.00007963180542,572.9543746087267,3996.6817370175922,,11C/8F209FF0,11C/8F209FF0,0.057017,0.052644,0.2,36.8,0.0,7069133.072170709,0.0,13.998885243494195,38798.910372718696,6538977.289432842,1005.74,1
2026-09-13T01:20:12.803436+00:00,1789262412.8034363,D_rowsize_rep2,r3-sub,D03,load,16,1,10000,6,0,147895246,714932696,10994,27509,17860971414,7704376727,206624.242,,,1,1.000901460647583,613.447001668618,4280.1416207628,,11C/8F82F8A8,11C/8F82F8A8,0.058397,0.054291,1.0,36.8,0.0,14867365.654928854,0.0,18.982887673784596,35433.05849214582,5994819.905765605,1005.74,1
2026-09-13T01:20:13.804432+00:00,1789262413.8044326,D_rowsize_rep2,r3-sub,D03,load,16,1,10000,6,0,147895838,714936826,10994,27509,17860971414,7704393339,206630.151,,,1,1.0009963512420654,591.4107471674888,4125.889165205623,,11C/8FE63CA8,11C/8FE63CA8,0.036074,0.034708,0.4,36.8,0.0,14485407.446299056,0.0,17.982083528741214,33869.25432638408,6055877.219210844,1005.73,1
2026-09-13T01:20:14.805801+00:00,1789262414.8058012,D_rowsize_rep2,r3-sub,D03,load,16,1,10000,6,0,147896379,714940599,10994,27509,17860971414,7704408519,206635.204,,,1,1.001368522644043,540.2606410789982,3767.8436206858787,,11C/90415D70,11C/90415D70,0.123601,0.119334,0.4,36.8,0.0,14839979.152492689,0.0,21.96993364831416,30648.057439398253,5562154.066210735,1005.72,1
2026-09-13T01:20:15.806874+00:00,1789262415.8068745,D_rowsize_rep2,r3-sub,D03,load,16,1,10000,6,0,147897000,714944932,10994,27509,17860971414,7704425950,206641.266,,,1,1.0010733604431152,620.3341578534469,4328.354115908189,,11C/90A3FCC0,11C/90A3FCC0,0.123219,0.120107,0.0,36.8,0.0,6391092.054600284,0.0,14.983916856363452,32997.581701083596,5988442.242980504,1005.72,1
2026-09-13T01:20:16.807195+00:00,1789262416.807195,D_rowsize_rep2,r3-sub,D03,load,16,1,10000,6,0,147897572,714948922,10994,27509,17860971414,7704442008,206646.63,,,1,1.0003204345703125,571.8167701389631,3988.72187561969,,11C/91105BB8,11C/91105BB8,0.031299,0.027572,0.6,36.8,0.0,15649897.23190506,0.0,18.993913693427093,36933.165337034945,6633512.393306588,1005.71,1
2026-09-13T01:20:17.808198+00:00,1789262417.808198,D_rowsize_rep2,r3-sub,D03,load,16,1,10000,6,0,147898198,714953283,10994,27509,17860971414,7704459553,206652.447,,,1,1.0010030269622803,625.3727342860361,4356.630182462306,,11C/917299D8,11C/917299D8,0.031314,0.027418,0.0,36.8,0.0,14869949.040184962,0.0,18.98096158376148,33305.593591632845,5988991.879667816,1005.7,1
2026-09-13T01:20:18.809649+00:00,1789262418.8096497,D_rowsize_rep2,r3-sub,D03,load,16,1,10000,6,0,147898757,714957189,10994,27509,17860971414,7704475269,206656.62,,,1,1.0014517307281494,558.1896589200106,3900.337759823902,,11C/91D3DE40,11C/91D3DE40,0.049313,0.045534,0.4,36.8,0.0,14589252.334085882,0.0,19.971007474776766,32478.849456229455,5890605.427094084,1005.7,1
2026-09-13T01:20:19.810627+00:00,1789262419.8106277,D_rowsize_rep2,r3-sub,D03,load,16,1,10000,6,0,147899329,714961179,10994,27509,17860971414,7704491315,206661.36,,,1,1.0009779930114746,571.4411345639273,3986.1016204721504,,11C/92309CB0,11C/92309CB0,0.095243,0.092323,0.0,36.9,0.0,6498092.910545574,0.0,16.983390362913926,32039.66543111838,5673801.062212659,1005.69,1
2026-09-13T01:20:20.810790+00:00,1789262420.810791,D_rowsize_rep2,r3-sub,D03,load,16,1,10000,6,0,147899943,714965463,10994,27509,17860971414,7704508559,206666.276,,,1,1.0001633167266846,613.8997399039664,4283.300465388586,,11C/92A39FB8,11C/92A39FB8,0.061347,0.061098,1.0,36.8,0.0,22647181.336475495,0.0,25.995754458474146,39581.53567315671,6091361.17883122,1005.68,1
2026-09-13T01:20:21.811060+00:00,1789262421.8110604,D_rowsize_rep2,r3-sub,D03,load,16,1,10000,6,0,147900571,714969845,10994,27509,17860971414,7704526195,206671.162,,,1,1.0002694129943848,627.8308542096003,4380.81975023323,,11C/93209D58,11C/93209D58,0.143461,0.139718,0.0,36.8,0.0,15183877.266159354,0.0,16.995421212680263,32880.14166257889,5611022.317675835,1005.68,1
2026-09-13T01:20:22.811285+00:00,1789262422.811285,D_rowsize_rep2,r3-sub,D03,load,16,1,10000,6,0,147901144,714973842,10994,27509,17860971414,7704542275,206675.496,,,1,1.0002245903015137,572.8713386533233,3996.1025141314717,,11C/9381F850,11C/9381F850,0.160067,0.156409,0.6,36.8,0.0,14816000.46998722,0.0,17.99595828230335,33079.57064925394,5943506.146162585,1005.67,1
2026-09-13T01:20:23.811399+00:00,1789262423.8113995,D_rowsize_rep2,r3-sub,D03,load,16,1,10000,6,0,147901715,714977825,10994,27509,17860971414,7704557803,206680.058,,,1,1.0001144409179688,570.9346617132134,3982.544233982012,,11C/93E61B00,11C/93E61B00,0.097921,0.094428,0.2,36.9,0.0,6601996.461464523,0.0,14.998283582658845,35948.8859764889,6090050.049081908,1005.66,1
2026-09-13T01:20:24.811699+00:00,1789262424.8116996,D_rowsize_rep2,r3-sub,D03,load,16,1,10000,6,0,147902338,714982172,10994,27509,17860971414,7704574686,206684.827,,,1,1.0003001689910889,622.8130508348939,4345.695556949091,,11C/944298C0,11C/944298C0,0.113399,0.109661,5.3,36.9,0.0,14524152.29985773,0.0,18.99429850058264,31691.48719826159,5642449.311682842,1005.66,1
2026-09-13T01:20:25.811841+00:00,1789262425.8118417,D_rowsize_rep2,r3-sub,D03,load,16,1,10000,6,0,147902920,714986232,10994,27509,17860971414,7704590441,206689.645,,,1,1.0001420974731445,581.917311020525,4059.4231662256548,,11C/94A5DF48,11C/9495FAF8,0.003203,-0.000161,0.0,36.9,0.0,13916230.53880474,0.0,14.997868840735178,34075.15800615033,6146036.6637202315,1005.65,1
2026-09-13T01:20:26.812711+00:00,1789262426.8127117,D_rowsize_rep2,r3-sub,D03,load,16,1,10000,6,0,147902922,714986232,10994,27509,17860971414,7704590441,206689.645,,,1,1.0008699893951416,1.998261533656999,0.0,,11C/94F9FD40,11C/94F9FD40,0.099568,0.095798,0.8,36.9,0.0,6621567.306663986,0.0,16.98522303608449,27932.69884822436,5046954.203365307,1005.64,1
2026-09-13T01:20:27.812893+00:00,1789262427.812893,D_rowsize_rep2,r3-sub,D03,load,16,1,10000,6,0,147903496,714990236,10994,27509,17860971414,7704605612,206694.176,,,1,1.0001811981201172,573.896011121642,4003.2746141656003,,11C/9552FB50,11C/9552FB50,0.115169,0.110920,0.2,36.9,0.0,14251497.655415984,0.0,15.997101355307095,32834.05053176781,5436263.959190134,1005.64,1
2026-09-13T01:20:28.813336+00:00,1789262428.8133364,D_rowsize_rep2,r3-sub,D03,load,16,1,10000,6,0,147904108,714994506,10994,27509,17860971414,7704621585,206698.709,,,1,1.000443458557129,611.7287236628501,4268.107271307795,,11C/95AF46F0,11C/95A65E48,0.000359,-0.000100,0.8,36.9,0.0,13600880.573125359,0.0,15.992907808179089,34259.80719533364,6133215.17324871,1005.63,1
2026-09-13T01:20:29.813478+00:00,1789262429.813479,D_rowsize_rep2,r3-sub,D03,load,16,1,10000,6,0,147904688,714998552,10994,27509,17860971414,7704636740,206703.198,,,1,1.0001425743103027,579.9173186882554,4045.4232265735886,,11C/961019D0,11C/961019D0,0.039508,0.035756,0.2,36.9,0.0,15853355.718742417,0.0,25.99629359637007,30352.672488654087,5409620.72705584,1005.63,1
2026-09-13T01:20:30.813776+00:00,1789262430.813776,D_rowsize_rep2,r3-sub,D03,load,16,1,10000,6,0,147905283,715002703,10994,27509,17860971414,7704652274,206707.737,,,1,1.0002970695495605,594.8232961113561,4149.767230518049,,11C/9661D800,11C/9661D800,0.146824,0.143456,0.6,36.9,0.0,5396924.73799907,0.0,9.99703018674548,27348.87548187961,4994105.403357367,1005.62,1
2026-09-13T01:20:31.814688+00:00,1789262431.8146884,D_rowsize_rep2,r3-sub,D03,load,16,1,10000,6,0,147905858,715006714,10994,27509,17860971414,7704667290,206712.533,,,1,1.0009124279022217,574.475832221529,4007.343587896614,,11C/96C69F00,11C/96C69F00,0.070227,0.066406,0.4,36.8,0.0,20543175.83316957,0.0,88.91886794385407,34048.932803669064,6130631.240997482,1005.61,1
2026-09-13T01:20:32.815041+00:00,1789262432.8150413,D_rowsize_rep2,r3-sub,D03,load,16,1,10000,6,0,147906431,715010711,10994,27509,17860971414,7704682246,206717.073,,154803,1,1.0003528594970703,572.7978828271426,3995.590118080435,16498,11C/971FFD58,11C/971FFD58,0.138351,0.134602,1.9,36.9,0.0,14322754.080198599,0.0,20.992592564345543,30148.361864195107,5461385.898118683,1005.61,1
2026-09-13T01:20:33.816038+00:00,1789262433.816038,D_rowsize_rep2,r3-sub,D03,load,16,1,10000,6,0,147907046,715014974,10994,27509,17860971414,7704698774,206721.707,,,1,1.0009965896606445,614.3877075630156,4258.755768034367,,11C/9782DFE8,11C/9782DFE8,0.072196,0.068424,0.0,36.8,0.0,14894596.199428175,0.0,17.9820792457468,32991.121389530126,6031351.2177366875,1005.6,1
2026-09-13T01:20:34.816432+00:00,1789262434.8164325,D_rowsize_rep2,r3-sub,D03,load,16,1,10000,6,0,147907617,715018936,10994,27509,17860971414,7704715476,206726.183,,,1,1.000394582748413,570.7747821177471,3960.4372797732294,,11C/97E55FE8,11C/97E55FE8,0.039526,0.036007,0.6,36.9,0.0,6591958.926729265,0.0,26.989350467914488,33775.67270223565,5995709.196586525,1005.59,1
2026-09-13T01:20:35.817032+00:00,1789262435.8170319,D_rowsize_rep2,r3-sub,D03,load,16,1,10000,6,0,147908239,715023276,10994,27509,17860971414,7704731717,206730.983,,,1,1.0005993843078613,621.6274062873348,4337.400230365005,,11C/98415DA8,11C/98415DA8,0.071740,0.067882,0.4,36.8,0.0,14450218.76562672,0.0,17.989217545292647,31580.071400761244,5619608.694732057,1005.59,1
2026-09-13T01:20:36.817816+00:00,1789262436.8178165,D_rowsize_rep2,r3-sub,D03,load,16,1,10000,6,0,147908808,715027245,10994,27509,17860971414,7704746575,206735.508,,,1,1.0007846355438232,568.5538924074381,3965.8882231372963,,11C/98A35F70,11C/98A35F70,0.056359,0.052544,5.5,36.9,0.0,6454327.705071118,0.0,13.989023714770005,32986.11791942767,5947622.284154617,1005.58,1
2026-09-13T01:20:37.817956+00:00,1789262437.8179562,D_rowsize_rep2,r3-sub,D03,load,16,1,10000,6,0,147909366,715031137,10994,27509,17860971414,7704761149,206739.855,,,1,1.0001397132873535,557.922050876185,3891.456311846079,,11C/98FFFE30,11C/98FFFE30,0.040229,0.037079,0.2,36.8,0.0,22926204.904546246,0.0,23.996647349513335,31954.5355267957,5678574.6276712855,1005.57,1
2026-09-13T01:20:38.819101+00:00,1789262438.819101,D_rowsize_rep2,r3-sub,D03,load,16,1,10000,6,0,147909368,715031137,10994,27509,17860971414,7704761149,206739.855,,,1,1.0011448860168457,1.9977128464963734,0.0,,11C/99635AE0,11C/99635AE0,0.058988,0.055290,0.8,36.8,0.0,14892389.911033444,0.0,17.97941561846736,35783.032506443036,6030581.671371002,1005.57,1
2026-09-13T01:20:39.820441+00:00,1789262439.820441,D_rowsize_rep2,r3-sub,D03,load,16,1,10000,6,0,147910007,715035596,10994,27509,17860971414,7704777850,206745.324,,,1,1.0013399124145508,638.1449416703731,4453.033325364935,,11C/99C6DD30,11C/99C6DD30,0.013837,0.009747,0.2,36.8,0.0,14934485.09801225,0.0,25.965208894256183,34175.208214243874,6093054.840177108,1005.56,1
2026-09-13T01:20:40.821455+00:00,1789262440.821456,D_rowsize_rep2,r3-sub,D03,load,16,1,10000,6,0,147910583,715039614,10994,27509,17860971414,7704792897,206749.407,,,1,1.0010149478912354,575.4159827617128,4013.926074195421,,11C/9A215FE8,11C/9A215FE8,0.075564,0.071874,0.6,36.8,0.0,6195056.340630992,0.0,11.987832974202352,31120.414401029306,5514092.483461834,1005.56,1
2026-09-13T01:20:41.822493+00:00,1789262441.822493,D_rowsize_rep2,r3-sub,D03,load,16,1,10000,6,0,147911191,715043856,10994,27509,17860971414,7704808776,206754.343,,,1,1.0010371208190918,607.3700838411548,4237.6050915364785,,11C/9A81FE70,11C/9A81FE70,0.062812,0.058694,0.4,36.8,0.0,14746689.900891095,0.0,17.981351166349977,32780.00317625601,5895752.39244958,1005.55,1
2026-09-13T01:20:42.822673+00:00,1789262442.8226736,D_rowsize_rep2,r3-sub,D03,load,16,1,10000,6,0,147911760,715047825,10994,27509,17860971414,7704823634,206758.683,,,1,1.0001804828643799,568.8973237814658,3968.2837927744076,,11C/9AE55910,11C/9AE55910,0.016917,0.013217,0.8,36.8,0.0,14755224.93473921,0.0,18.99657144437232,36655.38433124095,6073602.818766164,1005.54,1
2026-09-13T01:20:43.822977+00:00,1789262443.8229778,D_rowsize_rep2,r3-sub,D03,load,16,1,10000,6,0,147912325,715051766,10994,27509,17860971414,7704838392,206763.088,,,1,1.0003042221069336,564.8281667850453,3939.8014253094925,,11C/9B413C28,11C/9B413C28,0.025529,0.024928,0.4,36.9,0.0,14462672.135411076,0.0,16.994829797072157,32543.099669652347,5613726.180393652,1005.54,1
2026-09-13T01:20:44.824001+00:00,1789262444.8240018,D_rowsize_rep2,r3-sub,D03,load,16,1,10000,6,0,147912951,715056134,10994,27509,17860971414,7704854823,206767.697,,,1,1.0010240077972412,625.3596268660093,4363.531709505956,,11C/9BA37860,11C/9BA37860,0.017935,0.014255,3.3,36.9,0.0,8678728.913922,0.0,18.980563754719135,35468.67979533173,5988524.704009123,1005.53,1
2026-09-13T01:20:45.824296+00:00,1789262445.8242967,D_rowsize_rep2,r3-sub,D03,load,16,1,10000,6,0,147913520,715060054,11007,27509,17860971414,7704975641,206772.37,,,1,1.0002949237823486,568.8322378448929,3918.8442396344117,,11C/9BF51FD0,11C/9BF51FD0,0.157732,0.153612,0.2,36.9,0.0,18598546.846217927,0.0,36.989091037365625,27630.85100491212,4951798.596828395,1005.52,1
2026-09-13T01:20:46.825015+00:00,1789262446.825015,D_rowsize_rep2,r3-sub,D03,load,16,1,10000,6,0,147914154,715064478,11007,27509,17860971414,7704992197,206777.009,,,1,1.000718355178833,633.5448897474267,4420.824277985199,,11C/9C621938,11C/9C621938,0.002383,0.000276,0.6,36.8,0.0,14865992.936985223,0.0,24.982054012122507,37197.27914188993,6673362.155735199,1005.52,1
2026-09-13T01:20:47.825660+00:00,1789262447.825661,D_rowsize_rep2,r3-sub,D03,load,16,1,10000,6,0,147914719,715068419,11007,27509,17860971414,7705006948,206781.229,,,1,1.0006458759307861,564.6353156399563,3938.456245906315,,11C/9CB53E78,11C/9CB53E78,0.126955,0.123042,0.0,36.9,0.0,6578023.413005392,0.0,14.990318114335123,28052.88131916675,5077587.5084418375,1005.51,1
2026-09-13T01:20:48.825925+00:00,1789262448.8259254,D_rowsize_rep2,r3-sub,D03,load,16,1,10000,6,0,147915298,715072458,11007,27509,17860971414,7705022065,206785.91,,,1,1.0002644062042236,578.8469492753156,4037.9323456355787,,11C/9D107C28,11C/9D107C28,0.160803,0.156901,5.3,36.9,0.0,14397729.151085721,0.0,14.99603495531906,33375.1753965581,5557456.57400213,1005.5,1
2026-09-13T01:20:49.826088+00:00,1789262449.8260887,D_rowsize_rep2,r3-sub,D03,load,16,1,10000,6,0,147915910,715076728,11007,27509,17860971414,7705038046,206790.359,,,1,1.0001633167266846,611.9000664840837,4269.302751449408,,11C/9D72DA30,11C/9D72DA30,0.127499,0.123804,0.0,36.9,0.0,6720438.439992095,0.0,19.996734198826267,33525.52472104218,6007787.827757355,1005.5,1
2026-09-13T01:20:50.827220+00:00,1789262450.827221,D_rowsize_rep2,r3-sub,D03,load,16,1,10000,6,0,147916484,715080732,11007,27509,17860971414,7705053026,206794.901,,,1,1.0011322498321533,573.3508236261843,3999.471598953383,,11C/9DD679F0,11C/9DD679F0,0.066568,0.063084,1.0,36.8,0.0,23320795.03373737,0.0,21.975118675568037,34224.24959913581,6083695.736523449,1005.49,1
2026-09-13T01:20:51.827586+00:00,1789262451.8275864,D_rowsize_rep2,r3-sub,D03,load,16,1,10000,6,0,147916486,715080732,11007,27509,17860971414,7705053026,206794.901,,,1,1.0003654956817627,1.9992692757130461,0.0,,11C/9E303858,11C/9E303858,0.113113,0.110113,0.0,36.8,0.0,14224305.077917947,0.0,15.994154205704369,29827.098324362934,5408501.216160685,1005.49,1
2026-09-13T01:20:52.828490+00:00,1789262452.8284907,D_rowsize_rep2,r3-sub,D03,load,16,1,10000,6,0,147917092,715084960,11007,27509,17860971414,7705068855,206799.588,,,1,1.0009043216705322,605.4524762052902,4224.179982501595,,11C/9E949B90,11C/9E949B90,0.052921,0.048804,1.0,36.8,0.0,15088307.316721838,0.0,20.98102640315362,34468.82909089523,6194426.24610913,1005.48,1
2026-09-13T01:20:53.829484+00:00,1789262453.829484,D_rowsize_rep2,r3-sub,D03,load,16,1,10000,6,0,147917677,715089041,11007,27509,17860971414,7705084130,206804.098,,,1,1.000993251800537,584.4195242552644,4076.950561514075,,11C/9EF65A20,11C/9EF65A20,0.022347,0.018447,0.0,36.8,0.0,6424339.013707374,0.0,12.987100539005876,34883.35204776978,5936207.850863767,1005.47,1
2026-09-13T01:20:54.831080+00:00,1789262454.8310287,D_rowsize_rep2,r3-sub,D03,load,16,1,10000,6,0,147918238,715092954,11007,27509,17860971414,7705098775,206808.832,,,1,1.001544713973999,560.1347520212304,3906.964856789794,,11C/9F51DE08,11C/9F51DE08,0.055556,0.052010,0.4,36.8,0.0,16546855.840557344,0.0,89.86119016383374,30759.48539308029,5539900.4383782735,1005.47,1
2026-09-13T01:20:55.831202+00:00,1789262455.8311224,D_rowsize_rep2,r3-sub,D03,load,16,1,10000,6,0,147918863,715097315,11007,27509,17860971414,7705115099,206814.113,,,1,1.000093698501587,624.9414439231249,4360.591419117996,,11C/9FB39C88,11C/9FB39C88,0.039898,0.036028,0.4,36.9,0.0,6536603.530043767,0.0,14.998594654154996,36374.5917552567,6050650.0631554555,1005.46,1
2026-09-13T01:20:56.831719+00:00,1789262456.8317196,D_rowsize_rep2,r3-sub,D03,load,16,1,10000,6,0,147919429,715101263,11007,27509,17860971414,7705129862,206818.854,,,1,1.0005972385406494,565.6621647542216,3945.6435096283867,,11C/A0102000,11C/A0102000,0.071777,0.067997,1.0,36.8,0.0,22817476.52361973,0.0,21.98686859468706,31118.41488330777,5600705.043093455,1005.45,1
2026-09-13T01:20:57.831990+00:00,1789262457.8319902,D_rowsize_rep2,r3-sub,D03,load,16,1,10000,6,0,147920051,715105603,11007,27509,17860971414,7705146113,206823.582,,,1,1.0002706050872803,621.8317291706542,4338.825891640899,,11C/A0715FE8,11C/A0715FE8,0.055840,0.052109,0.4,36.8,0.0,14868552.494054615,0.0,22.993777766760523,36331.16860094974,5966883.331015419,1005.45,1
2026-09-13T01:20:58.832613+00:00,1789262458.8326132,D_rowsize_rep2,r3-sub,D03,load,16,1,10000,6,0,147920612,715109516,11007,27509,17860971414,7705160759,206827.865,,,1,1.0006229877471924,560.6507214700696,3910.5637666887383,,11C/A0D2B868,11C/A0D2B868,0.033996,0.033542,1.0,36.8,0.0,14744606.290943567,0.0,17.98879320224822,33168.33653274534,5951622.212285828,1005.44,1
2026-09-13T01:20:59.832957+00:00,1789262459.8329573,D_rowsize_rep2,r3-sub,D03,load,16,1,10000,6,0,147921175,715113443,11007,27509,17860971414,7705175449,206832.199,,,1,1.0003440380096436,562.8063732155442,3925.649427384444,,11C/A1315900,11C/A1315900,0.057045,0.053484,0.2,36.8,0.0,6473548.853137236,0.0,16.994153365300626,31663.106687796,5780364.334959186,1005.43,1
2026-09-13T01:21:00.833269+00:00,1789262460.83327,D_rowsize_rep2,r3-sub,D03,load,16,1,10000,6,0,147921807,715117853,11007,27509,17860971414,7705191960,206837.659,,,1,1.0003128051757812,631.8023689489219,4408.620960545483,,11C/A1927BA8,11C/A1927BA8,0.042475,0.038092,0.6,36.8,0.0,14847451.640279759,0.0,19.993745852813984,32504.832320212336,5918544.648600825,1005.43,1
2026-09-13T01:21:01.834260+00:00,1789262461.8342602,D_rowsize_rep2,r3-sub,D03,load,16,1,10000,6,0,147922367,715121759,11007,27509,17860971414,7705206574,206841.885,,,1,1.0009901523590088,559.4460631608231,3902.1362905467413,,11C/A1F2BA50,11C/A1F2BA50,0.028297,0.024895,0.4,36.9,0.0,9493320.166642174,0.0,13.986151579020579,32565.754940922343,5875597.263508951,1005.42,1
2026-09-13T01:21:02.834996+00:00,1789262462.834997,D_rowsize_rep2,r3-sub,D03,load,16,1,10000,6,0,147922999,715126169,11007,27509,17860971414,7705223084,206846.701,,171250,1,1.0007367134094238,631.5347398886071,4406.753485615122,16447,11C/A2503A10,11C/A2503A10,0.069016,0.066185,6.6,36.8,0.0,19810045.67371088,0.0,21.98380423662873,31686.6560156135,5714177.288967392,1005.41,1
2026-09-13T01:21:03.835440+00:00,1789262463.8354404,D_rowsize_rep2,r3-sub,D03,load,16,1,10000,6,0,147923567,715130131,11007,27509,17860971414,7705237909,206851.062,,,1,1.000443458557129,567.7482271903576,3960.243796000347,,11C/A2B33810,11C/A2B33810,0.012908,0.008803,0.2,36.8,0.0,14878266.105580239,0.0,18.991578022212668,33222.26730127802,6024559.357599941,1005.41,1
2026-09-13T01:21:04.836931+00:00,1789262464.8369315,D_rowsize_rep2,r3-sub,D03,load,16,1,10000,6,0,147924134,715134065,11007,27509,17860971414,7705258271,206855.349,,,1,1.0014910697937012,566.1558221550565,3928.1428648289107,,11C/A3105D20,11C/A3105D20,0.030566,0.026976,0.8,36.9,0.0,6261639.458544318,0.0,23.96426760444684,32007.27491918931,5670757.504777223,1005.4,1
2026-09-13T01:21:05.838694+00:00,1789262465.8386943,D_rowsize_rep2,r3-sub,D03,load,16,1,10000,6,0,147924768,715138489,11007,27509,17860971414,7705274836,206860.596,,,1,1.001762866973877,632.884309153109,4416.214800778162,,11C/A3727A20,11C/A3727A20,0.014078,0.011493,0.8,36.8,0.0,23158917.908468433,0.0,27.950726587203555,32965.88552913608,5994897.792669535,1005.39,1
2026-09-13T01:21:06.839966+00:00,1789262466.8399663,D_rowsize_rep2,r3-sub,D03,load,16,1,10000,6,0,147924770,715138489,11007,27509,17860971414,7705274836,206860.596,,,1,1.0012719631195068,1.9974593054307763,0.0,,11C/A3C45B30,11C/A3C45B30,0.144266,0.140491,0.4,36.8,0.0,13818711.109110093,0.0,14.980944790730822,27277.30427496268,4978707.267972318,1005.39,1
2026-09-13T01:21:07.840845+00:00,1789262467.8408458,D_rowsize_rep2,r3-sub,D03,load,16,1,10000,6,0,147925332,715142409,11007,27509,17860971414,7705289499,206864.728,,,1,1.0008795261383057,561.5061406724594,3916.555287252742,,11C/A4321A78,11C/A4321A78,0.017450,0.013771,0.0,36.8,0.0,7259918.711731059,0.0,13.987697454474079,37586.94130266534,6704357.34247675,1005.38,1
2026-09-13T01:21:08.842493+00:00,1789262468.8424938,D_rowsize_rep2,r3-sub,D03,load,16,1,10000,6,0,147925965,715146826,11007,27509,17860971414,7705306032,206869.652,,,1,1.00164794921875,631.9585643775516,4409.732983974163,,11C/A4863E98,11C/A4863E98,0.159831,0.155924,0.8,36.8,0.0,13936201.847053805,0.0,18.968740478947048,30451.81695204436,5136250.719639266,1005.38,1
2026-09-13T01:21:09.842628+00:00,1789262469.842628,D_rowsize_rep2,r3-sub,D03,load,16,1,10000,6,0,147926540,715150837,11007,27509,17860971414,7705321034,206873.903,,,1,1.0001342296600342,574.9228283042108,4010.4616770925036,,11C/A4F7FB30,11C/A4F7FB30,0.003654,-0.000122,0.2,36.8,0.0,15022111.587068671,0.0,22.996913132168434,38782.79419871953,6940136.427846699,1005.37,1
2026-09-13T01:21:10.842874+00:00,1789262470.8428745,D_rowsize_rep2,r3-sub,D03,load,16,1,10000,6,0,147927152,715155107,11007,27509,17860971414,7705337021,206878.611,,,1,1.000246524810791,611.8491640006121,4268.947598501003,,11C/A5537FB0,11C/A5537FB0,0.082519,0.078458,0.8,36.8,0.0,15503633.96956908,0.0,18.995317183025538,31036.348769991833,5603415.619024737,1005.36,1
2026-09-13T01:21:11.843882+00:00,1789262471.8438826,D_rowsize_rep2,r3-sub,D03,load,16,1,10000,6,0,147927731,715159146,11007,27509,17860971414,7705352145,206883.221,,,1,1.0010080337524414,578.4169362053212,4034.93265169826,,11C/A5B55F60,11C/A5B55F60,0.114587,0.110443,0.0,36.8,0.0,6424244.145067847,0.0,16.982880683057793,33320.411900159386,5927592.78640058,1005.35,1
2026-09-13T01:21:12.844023+00:00,1789262472.8440232,D_rowsize_rep2,r3-sub,D03,load,16,1,10000,6,0,147928393,715163766,11007,27509,17860971414,7705369426,206887.763,,,1,1.00014066696167,661.9068915686546,4619.350210041064,,11C/A6201EB0,11C/A6201EB0,0.083986,0.080210,1.0,36.8,0.0,15464320.680995515,0.0,18.99732770363208,39071.50393025426,6551970.354237318,1005.35,1
2026-09-13T01:21:13.845350+00:00,1789262473.845351,D_rowsize_rep2,r3-sub,D03,load,16,1,10000,6,0,147929000,715168001,11007,27509,17860971414,7705385277,206892.241,,,1,1.0013277530670166,606.1951225668014,4229.38442186228,,11C/A6841CB8,11C/A6841CB8,0.084725,0.081174,0.4,36.8,297077.5543660487,23353056.90706743,57.92309243636653,26.964198203136142,33756.18012830388,6106767.720429641,1005.34,1
2026-09-13T01:21:14.845435+00:00,1789262474.845435,D_rowsize_rep2,r3-sub,D03,load,16,1,10000,6,0,147929674,715172705,11007,27509,17860971414,7705402887,206897.331,,,1,1.0000839233398438,673.9434404156145,4703.605257737464,,11C/A6E85968,11C/A6E85968,0.100372,0.096624,6.4,36.9,0.0,15047441.168481039,0.0,21.998153841459228,33975.148692050076,6079214.81198935,1005.33,1
2026-09-13T01:21:15.845491+00:00,1789262475.8454916,D_rowsize_rep2,r3-sub,D03,load,16,1,10000,6,0,147930287,715176982,11007,27509,17860971414,7705418898,206901.843,,,1,1.0000567436218262,612.9652181334696,4276.757321299918,,11C/A750FA98,11C/A750FA98,0.038749,0.034771,0.2,36.9,0.0,6954613.370048983,0.0,12.999262374771787,35868.96466503375,6441007.513905452,1005.33,1
2026-09-13T01:21:16.846861+00:00,1789262476.8468614,D_rowsize_rep2,r3-sub,D03,load,16,1,10000,6,0,147930941,715181546,11007,27509,17860971414,7705435963,206906.766,,,1,1.0013697147369385,653.1054318651996,4557.757172832984,,11C/A7B41E50,11C/A7B41E50,0.038685,0.034447,0.8,36.9,0.0,14876775.061959514,0.0,20.97127533512109,36594.8754597863,6000458.084133781,1005.32,1
2026-09-13T01:21:17.847948+00:00,1789262477.8479486,D_rowsize_rep2,r3-sub,D03,load,16,1,10000,6,0,147931518,715185571,11007,27509,17860971414,7705451033,206911.053,,,1,1.0010871887207031,576.373373369559,4020.6288176992634,,11C/A8101B68,11C/A8101B68,0.066011,0.062677,0.6,36.8,0.0,19148462.008085996,0.0,98.89248520552225,31100.188226148788,5627444.9053725,1005.31,1
2026-09-13T01:21:18.848800+00:00,1789262478.8488004,D_rowsize_rep2,r3-sub,D03,load,16,1,10000,6,0,147932143,715189932,11007,27509,17860971414,7705467365,206915.591,,,1,1.0008518695831299,624.4680346756229,4357.288158752626,,11C/A872DBF8,11C/A872DBF8,0.056748,0.052955,1.2,36.8,32740.1096964013,15948525.935859483,0.9991488554809967,20.98212596510093,35340.894167218335,6042274.7699106,1005.31,1
2026-09-13T01:21:19.850352+00:00,1789262479.8503523,D_rowsize_rep2,r3-sub,D03,load,16,1,10000,6,0,147932705,715193852,11007,27509,17860971414,7705482032,206919.334,,,1,1.001551866531372,561.1292023710648,3913.9261090650784,,11C/A8D57BF0,11C/A8D57BF0,0.027432,0.023237,0.4,36.9,2192565.4310896485,7758583.71360401,9.984505380268057,23.96281291264334,33101.63068720269,5999544.507675062,1005.3,1
2026-09-13T01:21:20.850447+00:00,1789262480.8504472,D_rowsize_rep2,r3-sub,D03,load,16,1,10000,6,0,147933300,715198003,11007,27509,17860971414,7705497575,206923.647,,,1,1.0000948905944824,594.9435454532885,4150.606146515295,,11C/A9417F48,11C/A9417F48,0.026481,0.026456,1.0,36.9,0.0,14686862.354900062,0.0,20.99800748658665,38513.34544575515,5804376.219289952,1005.29,1
2026-09-13T01:21:21.850699+00:00,1789262481.8506997,D_rowsize_rep2,r3-sub,D03,load,16,1,10000,6,0,147933302,715198003,11007,27509,17860971414,7705497575,206923.647,,,1,1.0002524852752686,1.9994951569149082,0.0,,11C/A9B73698,11C/A9B71FF0,0.000384,-0.000117,0.4,36.9,0.0,13763180.999456782,0.0,14.996213676861812,32970.67538994838,5674966.154608314,1005.29,1
2026-09-13T01:21:22.850989+00:00,1789262482.8509898,D_rowsize_rep2,r3-sub,D03,load,16,1,10000,6,0,147933830,715201685,11007,27509,17860971414,7705511348,206927.601,,,1,1.0002901554107666,527.8468423826266,3680.9319576758166,,11C/AA215800,11C/AA215800,0.060246,0.056309,0.4,36.9,0.0,4962911.984234616,0.0,10.99680921630472,33324.33076511833,5838334.975516986,1005.28,1
2026-09-13T01:21:23.851968+00:00,1789262483.851969,D_rowsize_rep2,r3-sub,D03,load,16,1,10000,6,0,147934442,715205955,11007,27509,17860971414,7705527332,206932.091,,,1,1.0009791851043701,611.4013249298365,4265.8229696902,,11C/AA74F930,11C/AA74F930,0.136890,0.133275,0.0,36.9,0.0,13871856.884368872,0.0,15.984348364178734,30798.842232454135,5076058.599030919,1005.28,1
2026-09-13T01:21:24.853270+00:00,1789262484.85327,D_rowsize_rep2,r3-sub,D03,load,16,1,10000,6,0,147935016,715209959,11007,27509,17860971414,7705542309,206936.292,,,1,1.0013010501861572,573.2541675585825,3998.797363945234,,11C/AAD69918,11C/AAD69918,0.045105,0.041883,0.4,36.9,0.0,14849160.496971138,0.0,21.971414087611176,43452.46616081249,5966223.643617815,1005.27,1
2026-09-13T01:21:25.854410+00:00,1789262485.85441,D_rowsize_rep2,r3-sub,D03,load,16,1,10000,6,0,147935584,715213921,11007,27509,17860971414,7705557148,206940.416,,,1,1.0011398792266846,567.3532857753535,3957.488940566814,,11C/AB327DA0,11C/AB327DA0,0.015742,0.012131,0.2,36.9,0.0,14434234.71569449,0.0,16.98064411651586,31658.912663115894,5609031.381646239,1005.26,1
2026-09-13T01:21:26.855423+00:00,1789262486.8554232,D_rowsize_rep2,r3-sub,D03,load,16,1,10000,6,0,147936107,715217568,11007,27509,17860971414,7705570793,206944.085,,,1,1.0010132789611816,522.4705915417546,3643.3083123380097,,11C/AB86BFB8,11C/AB86BFB8,0.078797,0.074980,5.6,36.9,0.0,5495359.667664629,0.0,12.986840707538834,31698.880191608827,5131082.781769152,1005.26,1
2026-09-13T01:21:27.855762+00:00,1789262487.8557627,D_rowsize_rep2,r3-sub,D03,load,16,1,10000,6,0,147936690,715221635,11007,27509,17860971414,7705586014,206948.103,,,1,1.0003395080566406,582.8021339800864,4065.6196893602255,,11C/ABD9DD50,11C/ABD9DD50,0.156368,0.152150,0.4,36.9,0.0,13405752.638973737,0.0,15.994569714719352,31377.34713785069,5105802.538902426,1005.25,1
2026-09-13T01:21:28.857369+00:00,1789262488.8573697,D_rowsize_rep2,r3-sub,D03,load,16,1,10000,6,0,147937293,715225842,11007,27509,17860971414,7705601759,206952.334,,,1,1.0016069412231445,602.0325690471226,4200.250444413341,,11C/AC415848,11C/AC415848,0.013073,0.012811,1.0,36.9,0.0,15678868.979105193,0.0,19.967912737881345,35223.39806962269,6306943.113119501,1005.24,1
2026-09-13T01:21:29.859187+00:00,1789262489.8591876,D_rowsize_rep2,r3-sub,D03,load,16,1,10000,6,0,147937859,715229790,11007,27509,17860971414,7705616542,206956.763,,,1,1.0018179416656494,564.972912202943,3940.835790419115,,11C/AC947EC8,11C/AC947EC8,0.145243,0.142464,0.0,36.9,0.0,6615301.767286406,0.0,19.96370714498032,27858.355135462785,5039815.908672421,1005.24,1
2026-09-13T01:21:30.860323+00:00,1789262490.860324,D_rowsize_rep2,r3-sub,D03,load,16,1,10000,6,0,147938434,715233801,11007,27509,17860971414,7705631553,206961.095,,,1,1.001136302947998,574.3473673932561,4006.4474619380007,,11C/ACF5DD68,11C/ACF5DD68,0.131475,0.127852,0.6,36.9,0.0,23107950.36787479,0.0,22.973894695730245,32713.827181733097,5966688.034796276,1005.23,1
2026-09-13T01:21:31.861313+00:00,1789262491.8613138,D_rowsize_rep2,r3-sub,D03,load,16,1,10000,6,0,147939053,715238120,11007,27509,17860971414,7705647712,206965.892,,,1,1.0009899139404297,618.3878492474377,4314.728789821782,,11C/AD629C38,11C/AD629C38,0.023503,0.019775,0.0,36.9,0.0,15745820.992296215,0.0,18.98121023538177,36827.54390090071,6597549.993288961,1005.22,1
2026-09-13T01:21:32.861740+00:00,1789262492.8616657,D_rowsize_rep2,r3-sub,D03,load,16,1,10000,6,0,147939630,715242145,11007,27509,17860971414,7705662775,206969.95,,187820,1,1.000351905822754,576.7970217694922,4023.584077334846,16570,11C/ADC6DB68,11C/ADC6DB68,0.126802,0.123012,2.1,36.9,0.0,6109082.178409736,0.0,13.995075051599464,33333.26982825601,6109548.01447931,1005.22,1
2026-09-13T01:21:33.862536+00:00,1789262493.8625367,D_rowsize_rep2,r3-sub,D03,load,16,1,10000,6,0,147940246,715246415,11007,27509,17860971414,7705679326,206974.49,,,1,1.000870943069458,615.463965924377,4266.284309248523,,11C/AE20FCE0,11C/AE20FCE0,0.117471,0.113436,0.0,36.9,0.0,23236850.02651337,0.0,20.981726111058308,30498.43759714547,5522456.254998324,1005.21,1
2026-09-13T01:21:34.864021+00:00,1789262494.8640215,D_rowsize_rep2,r3-sub,D03,load,16,1,10000,6,0,147940826,715250440,11007,27509,17860971414,7705696294,206978.75,,,1,1.0014848709106445,579.1400517839169,4019.032255914251,,11C/AE849FD0,11C/AE849FD0,0.119137,0.115421,0.8,36.9,0.0,6359836.46383839,0.0,30.954037250519697,33855.72861342325,6084594.163124099,1005.2,1
2026-09-13T01:21:35.864316+00:00,1789262495.8643165,D_rowsize_rep2,r3-sub,D03,load,16,1,10000,6,0,147941400,715254444,11007,27509,17860971414,7705711275,206983.357,,,1,1.0002949237823486,573.8307636607532,4002.8194733408636,,11C/AEE95D60,11C/AEE95D60,0.102618,0.098822,0.2,36.9,0.0,15404608.814502826,0.0,21.993513589784964,33878.008569574224,6152500.481287157,1005.2,1
2026-09-13T01:21:36.864394+00:00,1789262496.8643947,D_rowsize_rep2,r3-sub,D03,load,16,1,10000,6,0,147942010,715258700,11007,27509,17860971414,7705727209,206987.723,,,1,1.0000782012939453,609.9523009408215,4255.667201318256,,11C/AF52B9D8,11C/AF52B9D8,0.041499,0.037255,1.0,36.8,0.0,23713985.535646513,0.0,23.998123315704454,35595.21640801863,6409044.804403342,1005.19,1
2026-09-13T01:21:37.864529+00:00,1789262497.8645291,D_rowsize_rep2,r3-sub,D03,load,16,1,10000,6,0,147942588,715262732,11007,27509,17860971414,7705742312,206992.031,,,1,1.0001344680786133,577.9222879003582,4031.457897602499,,11C/AFB63F28,11C/AFB63F28,0.011227,0.007458,0.2,36.9,0.0,6499478.027677629,0.0,13.998117700008677,34444.36833197135,6082195.13890592,1005.18,1
2026-09-13T01:21:38.865585+00:00,1789262498.8655849,D_rowsize_rep2,r3-sub,D03,load,16,1,10000,6,0,147942590,715262732,11007,27509,17860971414,7705742312,206992.031,,,1,1.0010557174682617,1.9978907917914266,0.0,,11C/B00FFBF8,11C/B00FFBF8,0.091017,0.087585,4.7,36.9,0.0,13347061.2742628,0.0,15.983126334331413,32381.813953355442,5436749.328763065,1005.18,1
2026-09-13T01:21:39.866500+00:00,1789262499.8665006,D_rowsize_rep2,r3-sub,D03,load,16,1,10000,6,0,147943197,715266967,11007,27509,17860971414,7705758155,206996.365,,,1,1.000915765762329,606.4446387630727,4231.125280332147,,11C/B07178C0,11C/B07178C0,0.059053,0.054705,0.0,36.9,0.0,16090736.654281355,0.0,23.97804173033566,33641.19254766093,6010566.728777591,1005.17,1
2026-09-13T01:21:40.868236+00:00,1789262500.8682368,D_rowsize_rep2,r3-sub,D03,load,16,1,10000,6,0,147943765,715270929,11007,27509,17860971414,7705772992,207000.627,,,1,1.0017361640930176,567.0155679307766,3955.1332396861567,,11C/B0D3A000,11C/B0D3A000,0.030221,0.026642,1.0,36.9,0.0,6431841.26813827,0.0,11.979202139382604,33146.45231967167,5955818.721391398,1005.16,1
2026-09-13T01:21:41.868506+00:00,1789262501.8685067,D_rowsize_rep2,r3-sub,D03,load,16,1,10000,6,0,147944328,715274856,11007,27509,17860971414,7705787689,207004.715,,,1,1.000269889831543,562.8480930229897,3925.9404285990777,,11C/B1319968,11C/B1319968,0.030305,0.026344,0.4,36.9,0.0,20658744.41494996,0.0,97.97355793295381,32427.248215441734,5740714.639493011,1005.16,1
2026-09-13T01:21:42.869519+00:00,1789262502.869519,D_rowsize_rep2,r3-sub,D03,load,16,1,10000,6,0,147944870,715278636,11007,27509,17860971414,7705801836,207008.905,,,1,1.0010123252868652,541.4518745757464,3776.177280251515,,11C/B1847D58,11C/B1847D58,0.141983,0.138232,0.8,36.9,0.0,13867305.775702564,0.0,16.982807874147028,30975.6425737457,5080927.448662991,1005.15,1
2026-09-13T01:21:43.870077+00:00,1789262503.870077,D_rowsize_rep2,r3-sub,D03,load,16,1,10000,6,0,147945442,715282626,11007,27509,17860971414,7705816761,207012.807,,,1,1.0005578994750977,571.6810594370169,3987.7752222966733,,11C/B1E63B90,11C/B1E63B90,0.093815,0.089918,0.2,36.9,0.0,6451696.601852337,0.0,11.993308939238116,33242.45405233325,5973414.435222049,1005.14,1
2026-09-13T01:21:44.870944+00:00,1789262504.8709447,D_rowsize_rep2,r3-sub,D03,load,16,1,10000,6,0,147946016,715286602,11020,27509,17860971414,7705837655,207016.886,,,1,1.0008678436279297,573.5022896922875,3972.552445673406,,11C/B241FC80,11C/B241FC80,0.111451,0.108079,3.1,36.9,0.0,14474989.97218829,0.0,20.9817910863032,31397.751661289432,5575377.444211738,1005.14,1
2026-09-13T01:21:45.871930+00:00,1789262505.8719301,D_rowsize_rep2,r3-sub,D03,load,16,1,10000,6,0,147946638,715290942,11020,27509,17860971414,7705853900,207021.391,,,1,1.0009853839874268,621.38769451584,4335.727643406344,,11C/B2A6BDD0,11C/B2A6BDD0,0.034009,0.030129,0.0,36.9,0.0,15058441.65271981,0.0,20.97932730680489,33854.640179666865,6180067.260680106,1005.13,1
2026-09-13T01:21:46.872361+00:00,1789262506.8723617,D_rowsize_rep2,r3-sub,D03,load,16,1,10000,6,0,147947219,715294995,11020,27509,17860971414,7705869069,207025.73,,,1,1.0004315376281738,580.7493847879252,4051.2517324362493,,11C/B2F81C68,11C/B2F81C68,0.159487,0.155637,0.4,36.9,0.0,5359351.238278083,0.0,11.994823782194668,27051.326334794525,4932944.2489388995,1005.12,1
2026-09-13T01:21:47.872932+00:00,1789262507.8729327,D_rowsize_rep2,r3-sub,D03,load,16,1,10000,6,0,147947831,715299265,11020,27509,17860971414,7705885047,207030.52,,,1,1.0005710124969482,611.6507397838158,4267.563168099499,,11C/B3637888,11C/B3637888,0.020052,0.016089,0.0,36.9,0.0,15498606.102230348,0.0,18.989156954072712,36066.40563166432,6586468.044435876,1005.12,1
2026-09-13T01:21:48.873286+00:00,1789262508.8732867,D_rowsize_rep2,r3-sub,D03,load,16,1,10000,6,0,147948395,715303199,11020,27509,17860971414,7705899767,207034.918,,,1,1.0003540515899658,563.8003855770631,3932.607654007387,,11C/B3B57EB0,11C/B3B57EB0,0.144169,0.140104,0.8,36.9,0.0,13806823.672126506,0.0,17.993629326927547,27680.199781256873,5004428.174248038,1005.11,1
2026-09-13T01:21:49.873583+00:00,1789262509.873583,D_rowsize_rep2,r3-sub,D03,load,16,1,10000,6,0,147948963,715307161,11020,27509,17860971414,7705914597,207039.042,,,1,1.0002963542938232,567.8317206314218,3960.8261921508683,,11C/B421FAE0,11C/B421FAE0,0.004151,0.000236,0.0,36.9,0.0,14556965.980626602,0.0,23.992889604144583,36823.087319960905,6580748.766846373,1005.1,1
2026-09-13T01:21:50.873993+00:00,1789262510.8739934,D_rowsize_rep2,r3-sub,D03,load,16,1,10000,6,0,147949593,715311557,11020,27509,17860971414,7705931038,207043.801,,,1,1.0004103183746338,629.7416054480133,4394.196980237249,,11C/B4751B80,11C/B4751B80,0.113910,0.109866,0.4,36.9,0.0,6665553.001126543,0.0,14.99384774876222,28056.48790748387,5110657.003525003,1005.1,1
2026-09-13T01:21:51.874127+00:00,1789262511.8741271,D_rowsize_rep2,r3-sub,D03,load,16,1,10000,6,0,147950162,715315526,11020,27509,17860971414,7705945894,207048.103,,,1,1.000133752822876,568.9239048217285,3968.469206041196,,11C/B4D679F8,11C/B4D679F8,0.098942,0.094833,0.4,36.9,0.0,14686291.667031955,0.0,16.997726506097337,35812.210015816956,5983293.7175751785,1005.09,1
2026-09-13T01:21:52.874396+00:00,1789262512.8743966,D_rowsize_rep2,r3-sub,D03,load,16,1,10000,6,0,147950164,715315526,11020,27509,17860971414,7705945894,207048.103,,,1,1.0002694129943848,1.9994613191388544,0.0,,11C/B5325FC8,11C/B5325FC8,0.130652,0.126612,6.8,36.9,0.0,22972370.944755655,0.0,22.993805170096824,30873.68222882305,5582050.123161513,1005.09,1
2026-09-13T01:21:53.875342+00:00,1789262513.8753424,D_rowsize_rep2,r3-sub,D03,load,16,1,10000,6,0,147950808,715320020,11020,27509,17860971414,7705962725,207053.3,,,1,1.000945806503296,643.3914761576849,4489.753561882975,,11C/B5362D38,11C/B5362D38,0.728189,0.727903,1.2,36.9,0.0,8667130.571540521,0.0,7.992440697610992,4433.806476999698,255599.25256468676,1005.09,1
2026-09-13T01:21:54.876630+00:00,1789262514.8766305,D_rowsize_rep2,r3-sub,D03,load,16,1,10000,6,0,147950810,715320020,11020,27509,17860971414,7705962725,207053.3,,,1,1.0012881755828857,1.9974269633572057,0.0,,11C/B5362D38,11C/B5362D38,1.729542,1.729256,0.8,36.9,0.0,0.0,0.0,0.0,116.84947735639653,0.0,1005.09,1
2026-09-13T01:21:55.877751+00:00,1789262515.8777514,D_rowsize_rep2,r3-sub,D03,drain,0,0,0,0,0,147950812,715320020,11020,27509,17860971414,7705962725,207053.3,,,1,1.0011208057403564,1.9977608981175303,0.0,,11C/B5362D38,11C/B5362D38,2.730903,2.730617,0.2,36.8,0.0,8399673.597614674,0.0,7.991043592470121,410.53986456315243,3176.439828006873,1005.09,1
2026-09-13T01:21:56.878921+00:00,1789262516.8789213,D_rowsize_rep2,r3-sub,D03,drain,0,0,0,0,0,147950814,715320020,11020,27509,17860971414,7705962725,207053.3,,,1,1.0011699199676514,1.9976628942913324,0.0,,11C/B5362D38,11C/B5362D38,3.731754,3.731468,0.8,36.8,0.0,0.0,0.0,0.0,554.3514531658448,2542.0260329857206,1005.09,1
2026-09-13T01:21:57.879074+00:00,1789262517.8790748,D_rowsize_rep2,r3-sub,D03,drain,0,0,0,0,0,147950816,715320020,11020,27509,17860971414,7705962725,207053.3,,,1,1.0001535415649414,1.999692964012903,0.0,,11C/B5362D38,11C/B5362D38,4.732182,4.731896,0.2,36.8,0.0,8387320.197731175,0.0,5.9990788920387095,3112.522098486084,16160.518688670276,1005.09,1
2026-09-13T01:21:58.880190+00:00,1789262518.8801901,D_rowsize_rep2,r3-sub,D03,drain,0,0,0,0,0,147950818,715320020,11020,27509,17860971414,7705962725,207053.3,,,1,1.001115322113037,1.9977718408890537,0.0,,11C/B5362D38,11C/B5362D38,5.733012,5.732726,1.8,36.8,0.0,8379262.423328321,0.0,5.993315522667161,461.4852952453714,3116.5240717869237,1005.09,1
2026-09-13T01:21:59.880409+00:00,1789262519.8804097,D_rowsize_rep2,r3-sub,D03,drain,0,0,0,0,0,147950820,715320020,11020,27509,17860971414,7705962725,207053.3,,,1,1.0002195835113525,1.9995609293899612,0.0,,11C/B5362D38,11C/B5362D38,6.733291,6.733005,0.2,36.8,0.0,0.0,0.0,0.0,2786.3881551049108,394.91328355451736,1005.09,1
2026-09-13T01:22:00.880604+00:00,1789262520.8806045,D_rowsize_rep2,r3-sub,D03,drain,0,0,0,0,0,147950822,715320020,11020,27509,17860971414,7705962725,207053.3,,,1,1.000194787979126,1.999610499911683,0.0,,11C/B5362D38,11C/B5362D38,7.733417,7.733131,0.6,36.8,0.0,8575353.624197252,0.0,10.997857749514257,255.95014398869543,65.98714649708555,1005.09,1
2026-09-13T01:22:01.880833+00:00,1789262521.880833,D_rowsize_rep2,r3-sub,D03,drain,0,0,0,0,0,147950824,715320020,11020,27509,17860971414,7705962725,207053.3,,,1,1.0002284049987793,1.9995432943163025,0.0,,11C/B5362D38,11C/B5362D38,8.733586,8.733300,0.2,36.7,0.0,8386692.437524045,0.0,5.998629882948908,527.8794296995038,3258.255798088415,1005.09,1
2026-09-13T01:22:02.882107+00:00,1789262522.8821077,D_rowsize_rep2,r3-sub,D03,drain,0,0,0,0,0,147950826,715320020,11020,27509,17860971414,7705962725,207053.3,,198759,1,1.001274824142456,1.9974535979299233,0.0,10939,11C/B5362D38,11C/B5362D38,9.757664,9.757378,1.0,36.7,0.0,0.0,0.0,0.0,65.91596873168747,125.83957666958516,1005.09,1
2026-09-13T01:22:03.883250+00:00,1789262523.8832507,D_rowsize_rep2,r3-sub,D03,drain,0,0,0,0,0,147950833,715320020,11027,27509,17860971414,7705963554,207053.3,,,1,1.001142978668213,6.992008283683782,0.0,,11C/B5364E98,11C/B5364E98,0.307104,0.306994,6.8,36.8,0.0,4357259.745059534,0.0,70.91894116307836,1093.7498672333916,1345.4621654460077,1007.44,1
2026-09-13T01:22:04.884399+00:00,1789262524.8843992,D_rowsize_rep2,r3-sub,D02,drain,0,0,0,0,0,147950838,715320020,11027,27509,17860971414,7705966079,207053.3,,,1,1.0011484622955322,4.994264275785337,0.0,,11C/B5364E98,11C/B5364E98,1.308405,1.308295,6.2,36.8,0.0,261843.28286229426,0.0,17.979351392827212,410.5285234695547,3175.3532265443173,1007.44,1
2026-09-13T01:22:05.885371+00:00,1789262525.885371,D_rowsize_rep2,r3-sub,D02,drain,0,0,0,0,0,147950840,715320020,11027,27509,17860971414,7705966079,207053.3,,,1,1.000971794128418,1.9980582986771087,0.0,,11C/B5364E98,11C/B5364E98,2.308970,2.308860,0.2,36.8,0.0,237337.3569500617,0.0,5.994174896031327,116.88641047261086,0.0,1007.44,1
2026-09-13T01:22:06.886778+00:00,1789262526.8867788,D_rowsize_rep2,r3-sub,D02,drain,0,0,0,0,0,147950842,715320020,11027,27509,17860971414,7705966079,207053.3,,,1,1.0014078617095947,1.9971882351568695,0.0,,11C/B5364E98,11C/B5364E98,3.310505,3.310395,0.6,36.8,0.0,77714.5886064241,0.0,13.980317646098086,65.9072117601767,125.82285881488278,1007.44,1
2026-09-13T01:22:07.886886+00:00,1789262527.8868861,D_rowsize_rep2,r3-sub,D02,drain,0,0,0,0,0,147950844,715320020,11027,27509,17860971414,7705966079,207053.3,,,1,1.0001072883605957,1.9997854462979237,0.0,,11C/B5364E98,11C/B5364E98,4.310645,4.310535,0.0,36.8,0.0,24573.363564108884,0.0,3.9995708925958473,461.95043809482036,3052.67248377378,1007.44,1
2026-09-13T01:22:08.887040+00:00,1789262528.8870409,D_rowsize_rep2,r3-sub,D02,drain,0,0,0,0,0,147950846,715320020,11027,27509,17860971414,7705966079,207053.3,,,1,1.000154733657837,1.9996905805619276,0.0,,11C/B5364E98,11C/B5364E98,5.310769,5.310659,0.4,36.8,0.0,32762.930471926622,0.0,3.999381161123855,2553.6048713775817,374.94198385536146,1007.44,1
2026-09-13T01:22:09.887200+00:00,1789262529.8872008,D_rowsize_rep2,r3-sub,D02,drain,0,0,0,0,0,147950848,715320020,11027,27509,17860971414,7705966079,207053.3,,,1,1.0001599788665771,1.9996800934451338,0.0,,11C/B5364E98,11C/B5364E98,6.310944,6.310834,0.2,36.8,69620.86213338577,0.0,2.9995201401677005,0.0,441.92930065137455,210.96624985846162,1007.44,1
2026-09-13T01:22:10.887451+00:00,1789262530.8874512,D_rowsize_rep2,r3-sub,D02,drain,0,0,0,0,0,147950850,715320020,11027,27509,17860971414,7705966079,207053.3,,,1,1.0002503395080566,1.9994994462922557,0.0,,11C/B5364E98,11C/B5364E98,7.311200,7.311090,0.4,36.8,0.0,57329.64812409155,0.0,8.99774750831515,410.89713621305856,3178.2043698815405,1007.44,1
2026-09-13T01:22:11.888574+00:00,1789262531.8885748,D_rowsize_rep2,r3-sub,D02,drain,0,0,0,0,0,147950852,715320020,11027,27509,17860971414,7705966079,207053.3,,,1,1.0011236667633057,1.9977551888930194,0.0,,11C/B5364E98,11C/B5364E98,8.312368,8.312258,0.0,36.8,0.0,16365.610507411615,0.0,2.996632783339529,554.377064917813,2476.217556632898,1007.44,1
2026-09-13T01:22:12.888624+00:00,1789262532.8886242,D_rowsize_rep2,r3-sub,D02,drain,0,0,0,0,0,147950854,715320020,11027,27509,17860971414,7705966079,207053.3,,,1,1.000049352645874,1.9999012995793788,0.0,,11C/B5364E98,11C/B5364E98,9.312377,9.312267,0.4,36.8,0.0,0.0,0.0,0.0,3112.846372795303,16228.19909543687,1007.44,1
2026-09-13T01:22:13.889990+00:00,1789262533.8899899,D_rowsize_rep2,r3-sub,D02,drain,0,0,0,0,0,147950856,715320020,11027,27509,17860971414,7705966079,207053.3,,,1,1.0013656616210938,1.997272401734082,0.0,,11C/B5364E98,11C/B5364E98,10.313738,10.313628,0.0,36.8,0.0,36813.7249087626,0.0,5.9918172052022465,554.2430914812078,3108.7544932990986,1007.44,1
2026-09-13T01:22:14.891094+00:00,1789262534.891094,D_rowsize_rep2,r3-sub,D02,drain,0,0,0,0,0,147950858,715320020,11027,27509,17860971414,7705966079,207053.3,,,1,1.0011041164398193,1.9977942025775584,0.0,,11C/B5364E98,11C/B5364E98,11.314889,11.314779,0.4,36.8,0.0,94104.09811821331,0.0,4.994485506443896,14899.54916282343,5238.216399158358,1007.44,1
2026-09-13T01:22:15.891497+00:00,1789262535.8914971,D_rowsize_rep2,r3-sub,D02,drain,0,0,0,0,0,147950860,715320020,11027,27509,17860971414,7705966079,207053.3,,,1,1.0004031658172607,1.9991939933198204,0.0,,11C/B5364E98,11C/B5364E98,12.315274,12.315164,0.0,36.8,0.0,114641.78035293179,0.0,7.996775973279282,116.9528486092095,0.0,1007.44,1
2026-09-13T01:22:16.892587+00:00,1789262536.892551,D_rowsize_rep2,r3-sub,D02,drain,0,0,0,0,0,147950862,715320020,11027,27509,17860971414,7705966079,207053.3,,,1,1.001053810119629,1.9978945984541971,0.0,,11C/B5364E98,11C/B5364E98,13.316288,13.316178,3.9,36.8,0.0,0.0,0.0,0.0,410.5673399823375,3175.653464242946,1007.44,1
2026-09-13T01:22:17.892720+00:00,1789262537.892642,D_rowsize_rep2,r3-sub,D02,drain,0,0,0,0,0,147950864,715320020,11027,27509,17860971414,7705966079,207053.3,,,1,1.0000910758972168,1.9998178647936937,0.0,,11C/B5364E98,11C/B5364E98,14.316381,14.316271,0.6,36.7,0.0,126964.43660002203,0.0,8.999180391571622,116.98934509043109,0.0,1007.44,1
2026-09-13T01:22:18.893676+00:00,1789262538.8936765,D_rowsize_rep2,r3-sub,D02,drain,0,0,0,0,0,147950866,715320020,11027,27509,17860971414,7705966079,207053.3,,,1,1.0010344982147217,1.9979331417317452,0.0,,11C/B5364E98,11C/B5364E98,15.317508,15.317398,0.6,36.7,0.0,126844.77930226504,0.0,4.994832854329363,65.9317936771476,125.86978792909996,1007.44,1
2026-09-13T01:22:19.894157+00:00,1789262539.894158,D_rowsize_rep2,r3-sub,D02,drain,0,0,0,0,0,147950868,715320020,11027,27509,17860971414,7705966079,207053.3,,,1,1.000481367111206,1.9990377289832075,0.0,,11C/B5364E98,11C/B5364E98,16.318214,16.318104,0.4,36.7,0.0,0.0,0.0,0.0,461.77771539512094,3052.5306121573576,1007.44,1
2026-09-13T01:22:20.894892+00:00,1789262540.8948927,D_rowsize_rep2,r3-sub,D02,drain,0,0,0,0,0,147950870,715320020,11027,27509,17860971414,7705966079,207053.3,,,1,1.000734806060791,1.9985314669653922,0.0,,11C/B5364E98,11C/B5364E98,17.318661,17.318551,0.8,36.7,0.0,548460.9875422466,0.0,60.95520974244447,65.95153840985795,125.90748241881971,1007.44,1
2026-09-13T01:22:21.895505+00:00,1789262541.895505,D_rowsize_rep2,r3-sub,D02,drain,0,0,0,0,0,147950872,715320020,11027,27509,17860971414,7705966079,207053.3,,,1,1.0006122589111328,1.9987762314409399,0.0,,11C/B5364E98,11C/B5364E98,18.319344,18.319234,0.2,36.7,0.0,24560.96233194627,0.0,4.9969405786023495,116.92840953929498,0.0,1007.44,1
2026-09-13T01:22:22.895726+00:00,1789262542.8957264,D_rowsize_rep2,r3-sub,D02,drain,0,0,0,0,0,147950874,715320020,11027,27509,17860971414,7705966079,207053.3,,,1,1.0002214908599854,1.9995571163747043,0.0,,11C/B5364E98,11C/B5364E98,19.319738,19.319628,0.8,36.7,0.0,94187.13840971407,0.0,5.998671349124113,410.9089874150017,3179.29581503578,1007.44,1
2026-09-13T01:22:23.896069+00:00,1789262543.8960693,D_rowsize_rep2,r3-sub,D02,drain,0,0,0,0,0,147950876,715320020,11027,27509,17860971414,7705966079,207053.3,,,1,1.000342845916748,1.9993145431725783,0.0,,11C/B5364E98,11C/B5364E98,20.319664,20.319554,0.6,36.7,0.0,0.0,0.0,0.0,2697.075318739808,308.89409692016335,1007.44,1
2026-09-13T01:22:24.897056+00:00,1789262544.8970566,D_rowsize_rep2,r3-sub,D02,drain,0,0,0,0,0,147950879,715320020,11027,27509,17860971414,7705966079,207053.3,,,1,1.0009872913360596,2.9970410473401463,0.0,,11C/B5364ED0,11C/B5364ED0,0.506196,0.506060,0.8,36.7,0.0,28643.720303112223,0.0,3.9960547297868616,158.84317550902776,262.74059848348617,1007.44,1
2026-09-13T01:22:25.898150+00:00,1789262545.898151,D_rowsize_rep2,r3-sub,D02,drain,0,0,0,0,0,147950880,715320020,11027,27509,17860971414,7705966079,207053.3,,,1,1.0010943412780762,0.998906854995625,0.0,,11C/B5364ED0,11C/B5364ED0,1.507529,1.507393,0.0,36.7,0.0,32732.17982449664,0.0,5.993441129973751,551.396583957585,3140.563152106245,1007.44,1
2026-09-13T01:22:26.899050+00:00,1789262546.8990502,D_rowsize_rep2,r3-sub,D02,drain,0,0,0,0,0,147950882,715320020,11027,27509,17860971414,7705966079,207053.3,,,1,1.000899314880371,1.9982029863204,0.0,,11C/B5364ED0,11C/B5364ED0,2.508122,2.507986,0.6,36.7,0.0,0.0,0.0,0.0,503.54715255274084,2602.659389682321,1007.44,1
2026-09-13T01:22:27.899428+00:00,1789262547.8994281,D_rowsize_rep2,r3-sub,D02,drain,0,0,0,0,0,147950884,715320020,11027,27509,17860971414,7705966079,207053.3,,,1,1.000377893447876,1.9992444986032758,0.0,,11C/B5364ED0,11C/B5364ED0,3.508631,3.508495,0.2,36.7,875189.27170857,61416.790997092634,103.96071392737034,7.996977994413103,3162.804796790382,16096.917080504274,1007.44,1
2026-09-13T01:22:28.899703+00:00,1789262548.8997037,D_rowsize_rep2,r3-sub,D02,drain,0,0,0,0,0,147950886,715320020,11027,27509,17860971414,7705966079,207053.3,,,1,1.0002756118774414,1.9994489281270706,0.0,,11C/B5364ED0,11C/B5364ED0,4.509065,4.508929,0.6,36.7,0.0,98276.91371530178,0.0,8.997520176571818,2986.17697415778,3514.0314911833266,1007.44,1
2026-09-13T01:22:29.900049+00:00,1789262549.9000492,D_rowsize_rep2,r3-sub,D02,drain,0,0,0,0,0,147950888,715320020,11027,27509,17860971414,7705966079,207053.3,,,1,1.0003454685211182,1.999309301572328,0.0,,11C/B5364ED0,11C/B5364ED0,5.509177,5.509041,0.0,36.7,0.0,16378.341798480511,0.0,2.998963952358492,232.9195336331762,267.90744641069193,1007.44,1
2026-09-13T01:22:30.901130+00:00,1789262550.90113,D_rowsize_rep2,r3-sub,D02,drain,0,0,0,0,0,147950890,715320020,11027,27509,17860971414,7705966079,207053.3,,,1,1.0010807514190674,1.997840830687164,0.0,,11C/B5364ED0,11C/B5364ED0,6.510295,6.510159,6.2,36.7,0.0,94106.29448868817,0.0,2.9967612460307462,65.92874741267642,59.93522492061492,1007.44,1
2026-09-13T01:22:31.902102+00:00,1789262551.9021025,D_rowsize_rep2,r3-sub,D02,drain,0,0,0,0,0,147950892,715320020,11027,27509,17860971414,7705966079,207053.3,,,1,1.0009725093841553,1.998056870942932,0.0,,11C/B5364ED0,11C/B5364ED0,7.511537,7.511401,0.0,36.7,0.0,16368.0818867645,0.0,2.997085306414398,461.5511371878173,3116.968718670974,1007.44,1
2026-09-13T01:22:32.903497+00:00,1789262552.9034972,D_rowsize_rep2,r3-sub,D02,drain,0,0,0,0,0,147950894,715320020,11027,27509,17860971414,7705966079,207053.3,,0,1,1.0013947486877441,1.9972143878533977,0.0,,11C/B5364ED0,11C/B5364ED0,8.513123,8.512987,1.6,36.7,22496.62286478067,28632.06546426631,4.993035969633494,3.9944287757067953,65.90807479916212,59.91643163560193,1007.44,1
2026-09-13T01:22:33.904655+00:00,1789262553.904474,D_rowsize_rep2,r3-sub,D02,drain,0,0,0,0,0,147950898,715320020,11027,27509,17860971414,7705966347,207053.3,,,1,1.000976800918579,3.9960966091614405,0.0,,11C/B5364ED0,11C/B5364ED0,9.513555,9.513419,1.6,36.7,0.0,0.0,0.0,0.0,1250.7782386675308,895.1256404521627,1007.44,1
2026-09-13T01:22:34.905221+00:00,1789262554.9047718,D_rowsize_rep2,r3-sub,D02,load,16,1,1000,6,0,147950904,715320021,11027,27509,17860971418,7705966472,207053.401,,,1,1.0002977848052979,5.998213823064564,0.999702303844094,,11C/B58DBC48,11C/B58DBC48,0.075759,0.065803,1.6,36.7,0.0,5855536.3102599345,0.0,24.992557596102348,227917.12974189577,5726016.879178502,1007.44,1
2026-09-13T01:22:35.906029+00:00,1789262555.90603,D_rowsize_rep2,r3-sub,D02,load,16,1,1000,6,0,147955225,715324340,11027,27509,17860971418,7706004415,207058.568,,,1,1.001258134841919,4315.57043047866,4313.572943586515,,11C/B5EF5D58,11C/B5EF5D58,0.137367,0.129426,1.6,36.7,0.0,13917082.433692314,0.0,39.94973784289433,260195.63880110896,6397234.416488692,1007.43,1
2026-09-13T01:22:36.907176+00:00,1789262556.9071763,D_rowsize_rep2,r3-sub,D02,load,16,1,1000,6,0,147959991,715329104,11027,27509,17860971418,7706048947,207064.042,,,1,1.0011463165283203,4760.542910977369,4758.545200985352,,11C/B665DFC8,11C/B665DFC8,0.045471,0.039746,3.3,36.7,0.0,16888927.94275361,0.0,79.9083996806944,309820.8472419883,7808231.295409124,1007.42,1
2026-09-13T01:22:37.908308+00:00,1789262557.9083085,D_rowsize_rep2,r3-sub,D02,load,16,1,1000,6,0,147964951,715334062,11027,27509,17860971418,7706095289,207069.814,,,1,1.0011322498321533,4954.390392309885,4952.39265424847,,11C/B6CAFB98,11C/B6CAFB98,0.137691,0.128107,1.6,36.7,0.0,6497091.669048236,0.0,11.986428368491657,256311.79101764137,6566422.169600622,1007.42,1
2026-09-13T01:22:38.909186+00:00,1789262558.9091866,D_rowsize_rep2,r3-sub,D02,load,16,1,1000,6,0,147969899,715339008,11027,27509,17860971418,7706141540,207075.805,,,1,1.000878095626831,4943.658994656248,4941.660749306751,,11C/B742FE30,11C/B742FE30,0.031059,0.021568,2.3,36.7,0.0,17671011.162376635,0.0,25.977189543464522,314709.6548283737,7948957.055571634,1007.41,1
2026-09-13T01:22:39.909460+00:00,1789262559.9094605,D_rowsize_rep2,r3-sub,D02,load,16,1,1000,6,0,147974946,715344053,11027,27509,17860971418,7706188660,207081.677,,,1,1.0002739429473877,5045.617788591601,5043.618336327448,,11C/B7A83C58,11C/B7A83C58,0.094595,0.084652,1.6,36.7,0.0,14827554.096128356,0.0,22.993701037766364,269275.23394875356,6696324.589105396,1007.41,1
2026-09-13T01:22:40.909851+00:00,1789262560.909851,D_rowsize_rep2,r3-sub,D02,load,16,1,1000,6,0,147979830,715348935,11027,27509,17860971418,7706234298,207087.602,,,1,1.0003905296325684,4882.093397859169,4880.094178613527,,11C/B8103C10,11C/B8103C10,0.112233,0.102390,1.8,36.7,0.0,7382205.030182019,0.0,18.99258283360447,267069.7013676547,6785266.152502584,1007.4,1
2026-09-13T01:22:41.910801+00:00,1789262561.910801,D_rowsize_rep2,r3-sub,D02,load,16,1,1000,6,0,147984658,715353761,11027,27509,17860971418,7706279486,207094.15,,,1,1.0009498596191406,4823.418429607497,4821.4203275239815,,11C/B8825FE8,11C/B8825FE8,0.018055,0.008067,1.9,36.7,0.0,17276901.369045667,0.0,25.975327085707317,305907.43088420806,7483308.907051636,1007.39,1
2026-09-13T01:22:42.911090+00:00,1789262562.9110906,D_rowsize_rep2,r3-sub,D02,load,16,1,1000,6,0,147988902,715358003,11027,27509,17860971418,7706319110,207099.599,,,1,1.0002896785736084,4242.770960160114,4240.771539349482,,11C/B8E5BCC8,11C/B8E5BCC8,0.018365,0.008144,7.5,36.7,0.0,15085294.113518734,0.0,18.994497700999567,280393.77593093965,6600878.866825297,1007.39,1
2026-09-13T01:22:43.912218+00:00,1789262563.9122186,D_rowsize_rep2,r3-sub,D02,load,16,1,1000,6,0,147993518,715362617,11027,27509,17860971418,7706362214,207104.778,,,1,1.0011279582977295,4610.799210771046,4608.801464145929,,11C/B9423E10,11C/B9423E10,0.081965,0.071620,1.2,36.7,0.0,14557148.143959744,0.0,18.97859293861566,237784.7886745407,6136384.414281853,1007.38,1
2026-09-13T01:22:44.913416+00:00,1789262564.9134166,D_rowsize_rep2,r3-sub,D02,load,16,1,1000,6,0,147997742,715366881,11074,27509,17860971419,7706425770,207108.421,,,1,1.0011980533599854,4218.945478194254,4258.897613404427,,11C/B9A57BA8,11C/B9A57BA8,0.050637,0.045102,9.4,36.8,114550.76207460763,6864863.527185415,4.994016901271608,15.980854084069145,258164.7049078555,6578568.523876077,1007.38,1
2026-09-13T01:22:45.914248+00:00,1789262565.9142482,D_rowsize_rep2,r3-sub,D02,load,16,1,1000,6,0,148001891,715371028,11074,27509,17860971419,7706464591,207112.993,,,1,1.0008316040039062,4145.552541907746,4143.554203733773,,11C/B9FFFBC0,11C/B9FFFBC0,0.027849,0.022292,1.0,36.8,0.0,14565551.22927863,0.0,28.975903522613795,234500.98803942645,6000624.856343525,1007.37,1
2026-09-13T01:22:46.914882+00:00,1789262566.9148827,D_rowsize_rep2,r3-sub,D02,load,16,1,1000,6,0,148001893,715371028,11074,27509,17860971419,7706464591,207112.993,,,1,1.0006344318389893,1.9987319408191395,0.0,,11C/BA627E60,11C/BA627E60,0.070173,0.059720,1.5,36.7,0.0,8383289.37430548,0.0,19.987319408191397,248455.37200143436,6454703.930315359,1007.37,1
2026-09-13T01:22:47.915866+00:00,1789262567.9158666,D_rowsize_rep2,r3-sub,D02,load,16,1,1000,6,0,148006357,715375490,11074,27509,17860971419,7706506305,207118.049,,,1,1.0009839534759521,4459.611949321068,4457.613915293594,,11C/BAC4BFC8,11C/BAC4BFC8,0.038399,0.028134,1.4,36.7,0.0,6080672.900763166,0.0,11.98820416484158,257191.93510147004,6430584.603926562,1007.36,1
2026-09-13T01:22:48.917292+00:00,1789262568.9172924,D_rowsize_rep2,r3-sub,D02,load,16,1,1000,6,0,148010449,715379580,11074,27509,17860971419,7706544545,207122.891,,,1,1.0014257431030273,4086.174165365961,4084.1770127924683,,11C/BB205538,11C/BB205538,0.071968,0.061971,3.1,36.7,0.0,17636806.444851823,0.0,35.94874632286769,242884.70880159532,5981394.06866012,1007.35,1
2026-09-13T01:22:49.917426+00:00,1789262569.917426,D_rowsize_rep2,r3-sub,D02,load,16,1,1000,6,0,148014925,715384054,11074,27509,17860971419,7706586411,207128.515,,,1,1.000133752822876,4475.401402428922,4473.4016698987925,,11C/BB821FD0,11C/BB821FD0,0.038830,0.029758,1.2,36.7,0.0,14923827.89589081,0.0,22.99692409648463,256297.719456526,6373292.554129871,1007.35,1
2026-09-13T01:22:50.918552+00:00,1789262570.9185526,D_rowsize_rep2,r3-sub,D02,load,16,1,1000,6,0,148018981,715388108,11074,27509,17860971419,7706624340,207133.644,,,1,1.0011265277862549,4051.435944833913,4049.4381953542115,,11C/BBE2DB68,11C/BBE2DB68,0.011693,0.001459,2.1,36.7,0.0,6448032.112658426,0.0,15.981995837609123,242432.8926101725,6365170.458614122,1007.34,1
2026-09-13T01:22:51.918719+00:00,1789262571.9187198,D_rowsize_rep2,r3-sub,D02,load,16,1,1000,6,0,148023038,715392163,11074,27509,17860971419,7706662245,207138.535,,,1,1.0001671314239502,4056.322061117925,4054.322395324916,,11C/BC3FA058,11C/BC309D40,0.008370,-0.000175,1.4,36.7,0.0,13743878.965937823,0.0,18.996825033581604,261112.35991947565,6191878.142589103,1007.34,1
2026-09-13T01:22:52.919705+00:00,1789262572.9197052,D_rowsize_rep2,r3-sub,D02,load,16,1,1000,6,0,148026970,715396093,11074,27509,17860971419,7706698960,207143.288,,,1,1.0009853839874268,3928.129284302706,3926.1312531306294,,11C/BC915FD8,11C/BC915FD8,0.151555,0.142807,1.4,36.7,0.0,14837475.389337508,0.0,21.978342892843216,209649.41482365938,5339547.49539793,1007.34,1
2026-09-13T01:22:53.921209+00:00,1789262573.921209,D_rowsize_rep2,r3-sub,D02,load,16,1,1000,6,0,148031044,715400165,11074,27509,17860971419,7706736996,207148.44,,,1,1.0015039443969727,4067.8821314608444,4065.885134832734,,11C/BCF25FC8,11C/BCF25FC8,0.121684,0.112785,1.4,36.7,0.0,6298367.60532989,0.0,11.981979768662281,258572.12190604606,6416174.430415378,1007.33,1
2026-09-13T01:22:54.922201+00:00,1789262574.9222012,D_rowsize_rep2,r3-sub,D02,load,16,1,1000,6,0,148035025,715404144,11074,27509,17860971419,7706774171,207153.463,,,1,1.0009920597076416,3977.054524451198,3975.0565066041995,,11C/BD51C000,11C/BD51C000,0.123764,0.113065,5.5,36.7,0.0,14657331.052441308,0.0,21.97819631698728,240993.91964253603,6320352.832616682,1007.32,1
2026-09-13T01:22:55.922495+00:00,1789262575.9224956,D_rowsize_rep2,r3-sub,D02,load,16,1,1000,6,0,148039178,715408295,11074,27509,17860971419,7706812940,207158.431,,,1,1.0002944469451904,4151.777521791598,4149.778110512141,,11C/BDB49BC0,11C/BDB49BC0,0.091329,0.082099,1.4,36.7,0.0,14798586.601382088,0.0,24.99264099320731,263814.3206791785,6551729.863156081,1007.32,1
2026-09-13T01:22:56.923078+00:00,1789262576.923079,D_rowsize_rep2,r3-sub,D02,load,16,1,1000,6,0,148043366,715412481,11074,27509,17860971419,7706852043,207163.965,,,1,1.0005834102630615,4185.558102446393,4183.55926858658,,11C/BE103FF8,11C/BE103FF8,0.157485,0.146973,2.1,36.7,0.0,14655130.04672424,0.0,19.988338598120308,240936.43521095248,6072456.26669202,1007.31,1
2026-09-13T01:22:57.924331+00:00,1789262577.9243312,D_rowsize_rep2,r3-sub,D02,load,16,1,1000,6,0,148047951,715417064,11074,27509,17860971419,7706894882,207169.312,,,1,1.0012521743774414,4579.265960496777,4577.268461713572,,11C/BE753FE8,11C/BE753FE8,0.125247,0.114813,1.4,36.7,0.0,7134490.373957627,0.0,15.979990265637605,261029.14599162387,6705526.511515027,1007.31,1
2026-09-13T01:22:58.924480+00:00,1789262578.9244802,D_rowsize_rep2,r3-sub,D02,load,16,1,1000,6,0,148052224,715421335,11074,27509,17860971419,7706934779,207174.549,,,1,1.0001490116119385,4272.36336824771,4270.363666226532,,11C/BEDAFDB0,11C/BEDAFDB0,0.089232,0.084830,1.8,36.7,0.0,14931790.989755489,0.0,19.997020211784275,283940.6895401567,6753791.606626,1007.3,1
2026-09-13T01:22:59.925408+00:00,1789262579.9253647,D_rowsize_rep2,r3-sub,D02,load,16,1,1000,6,0,148056644,715425753,11074,27509,17860971419,7706976041,207180.23,,,1,1.0008845329284668,4416.093819601364,4414.095587103807,,11C/BF43DB78,11C/BF43DB78,0.030539,0.019641,1.7,36.8,0.0,7259882.394964857,0.0,15.985859980457425,287577.6281184389,6948494.827521776,1007.3,1
2026-09-13T01:23:00.926341+00:00,1789262580.9263415,D_rowsize_rep2,r3-sub,D02,load,16,1,1000,6,0,148060845,715429952,11074,27509,17860971419,7707015265,207185.994,,,1,1.000976800918579,4196.900463771803,4194.9024154672215,,11C/BFA53B98,11C/BFA53B98,0.064681,0.054930,2.1,36.7,0.0,8879646.353285452,0.0,20.97950719809756,259167.8446113175,6429100.049166338,1007.29,1
2026-09-13T01:23:01.927622+00:00,1789262581.9276228,D_rowsize_rep2,r3-sub,D02,load,16,1,1000,6,0,148065659,715434764,11074,27509,17860971419,7707060227,207191.457,,,1,1.0012812614440918,4807.839900106627,4805.842459350455,,11C/C00A7070,11C/BFFFFE48,0.009446,-0.000181,1.8,36.7,0.0,16232130.39716664,0.0,77.90018949071809,295978.77380884916,7040108.7800579,1007.28,1
2026-09-13T01:23:02.928552+00:00,1789262582.928552,D_rowsize_rep2,r3-sub,D02,load,16,1,1000,6,0,148070102,715439205,11074,27509,17860971419,7707101722,207197.001,,120459,1,1.0009291172027588,4438.875764166603,4436.877620676094,120459,11C/C0717BA8,11C/C0717BA8,0.078586,0.068251,2.1,36.7,0.0,15795883.77265405,0.0,23.977721886112647,248400.20709441972,6390013.928133503,1007.28,1
2026-09-13T01:23:03.928885+00:00,1789262583.9288857,D_rowsize_rep2,r3-sub,D02,load,16,1,1000,6,0,148074811,715443912,11074,27509,17860971419,7707145732,207202.755,,,1,1.0003337860107422,4707.428726144647,4705.429393493917,,11C/C0D2FC28,11C/C0D2FC28,0.099327,0.088882,2.0,36.7,0.0,6346681.566478474,0.0,11.995995904382196,263941.8998861693,6378761.858525768,1007.27,1
2026-09-13T01:23:04.929050+00:00,1789262584.9290507,D_rowsize_rep2,r3-sub,D02,load,16,1,1000,6,0,148079424,715448520,11074,27509,17860971419,7707208675,207208.226,,,1,1.0001649856567383,4612.239046711844,4607.239871504049,,11C/C13A2670,11C/C1315EF0,0.009862,-0.000177,2.4,36.7,0.0,14620307.858906183,0.0,21.996370914298847,286296.7651401813,7241573.244282474,1007.27,1
2026-09-13T01:23:05.930044+00:00,1789262585.930044,D_rowsize_rep2,r3-sub,D02,load,16,1,1000,6,0,148083554,715452648,11074,27509,17860971419,7707247283,207213.594,,,1,1.000993251800537,4125.90194046879,4123.90392500125,,11C/C19DCFA8,11C/C194BEF8,0.010006,-0.000191,2.3,36.8,0.0,15692573.32329158,0.0,28.9712242793208,252241.46071497473,6489011.777368423,1007.26,1
2026-09-13T01:23:06.931466+00:00,1789262586.9314668,D_rowsize_rep2,r3-sub,D02,load,16,1,1000,6,0,148087776,715456868,11074,27509,17860971419,7707286725,207219.184,,,1,1.0014228820800781,4216.001127546026,4214.003969266752,,11C/C1FA6028,11C/C1F9BFC8,0.002631,-0.000172,1.6,36.8,0.0,6634272.212953827,0.0,21.968741072006765,242706.6570469722,5995663.877310803,1007.26,1
2026-09-13T01:23:07.932666+00:00,1789262587.932666,D_rowsize_rep2,r3-sub,D02,load,16,1,1000,6,0,148087778,715456868,11074,27509,17860971419,7707286725,207219.184,,,1,1.0011992454528809,1.997604382028198,0.0,,11C/C2664000,11C/C2664000,0.071349,0.063485,1.6,36.8,0.0,15677071.343476847,0.0,24.970054775352473,290890.15130875516,6696545.198620543,1007.25,1
2026-09-13T01:23:08.933869+00:00,1789262588.9338698,D_rowsize_rep2,r3-sub,D02,load,16,1,1000,6,0,148092297,715461385,11074,27509,17860971419,7707330739,207225.836,,,1,1.0012037754058838,4513.566679438475,4511.569084094621,,11C/C2CADC70,11C/C2CADC70,0.039773,0.031590,7.6,36.8,0.0,14809692.45645222,0.0,21.973548782395763,263652.62145859137,6611738.951260349,1007.24,1
2026-09-13T01:23:09.934698+00:00,1789262589.9346986,D_rowsize_rep2,r3-sub,D02,load,16,1,1000,6,0,148096505,715465591,11074,27509,17860971419,7707374258,207230.943,,,1,1.000828742980957,4204.515537260171,4202.51719337364,,11C/C322DF10,11C/C3209D18,0.005171,-0.000173,1.0,36.7,0.0,14258647.246176789,0.0,21.981782751835492,249632.11913344671,6424124.052282874,1007.24,1
2026-09-13T01:23:10.935240+00:00,1789262590.9352405,D_rowsize_rep2,r3-sub,D02,load,16,1,1000,6,0,148100765,715469849,11074,27509,17860971419,7707417933,207235.755,,,1,1.0005419254302979,4257.692648079614,4255.6937313434255,,11C/C383DC60,11C/C383DC60,0.136786,0.126914,2.9,36.8,0.0,6570519.268518128,0.0,16.990792257594702,251106.91877499208,5695842.278222466,1007.23,1
2026-09-13T01:23:11.935475+00:00,1789262591.935476,D_rowsize_rep2,r3-sub,D02,load,16,1,1000,6,0,148104898,715473980,11074,27509,17860971419,7707453781,207241.923,,,1,1.0002355575561523,4132.026669895683,4130.027140899847,,11C/C3E69FE0,11C/C3E69FE0,0.090207,0.088934,1.4,36.8,0.0,14520995.469794236,0.0,20.995054456280993,302519.73918954865,6488796.514950569,1007.23,1
2026-09-13T01:23:12.935761+00:00,1789262592.935762,D_rowsize_rep2,r3-sub,D02,load,16,1,1000,6,0,148109027,715478107,11074,27509,17860971419,7707488395,207247.842,,,1,1.0002858638763428,4127.820005372419,4125.820576936782,,11C/C4418000,11C/C4418000,0.139439,0.137878,13.0,36.8,0.0,14761860.117444798,0.0,21.993712792006107,248283.02485208568,5987267.456516179,1007.22,1
2026-09-13T01:23:13.937768+00:00,1789262593.9367702,D_rowsize_rep2,r3-sub,D02,load,16,1,1000,6,0,148113508,715482586,11074,27509,17860971419,7707525978,207253.443,,,1,1.0010082721710205,4476.486483254985,4474.488497768149,,11C/C4A35C18,11C/C4A35C18,0.130444,0.062698,17.9,36.8,0.0,6362864.500795873,0.0,22.97683309860849,173078.48977535724,6460505.052544782,1007.22,1
2026-09-13T01:23:14.937737+00:00,1789262594.9377372,D_rowsize_rep2,r3-sub,D02,load,16,1,1000,6,0,148117603,715486679,11074,27509,17860971419,7707560295,207268.623,,,1,1.000967025756836,4091.0438552196574,4089.0457874027,,11C/C4FFFD70,11C/C4FFFD70,0.092036,0.084906,6.5,36.8,0.0,14633145.371522214,0.0,22.97777989500662,210411.52663420956,6099179.935906402,1007.21,1
2026-09-13T01:23:15.938025+00:00,1789262595.9380255,D_rowsize_rep2,r3-sub,D02,load,16,1,1000,6,0,148122182,715491258,11074,27509,17860971419,7707598675,207274.195,,,1,1.0002882480621338,4577.680492468978,4577.680492468978,,11C/C5621C20,11C/C5621C20,0.124377,0.114055,1.4,36.8,511.8524595204448,14979362.227865817,0.9997118350008688,30.99106688502693,254779.56028547641,6491819.745538627,1007.21,1
2026-09-13T01:23:16.939295+00:00,1789262596.9392958,D_rowsize_rep2,r3-sub,D02,load,16,1,1000,6,0,148126312,715495384,11074,27509,17860971419,7707633241,207279.617,,,1,1.0012702941894531,4124.76034090606,4120.765415636418,,11C/C5C41CE0,11C/C5C41CE0,0.086461,0.080577,1.8,36.8,0.0,15774138.20389596,0.0,21.972088983034705,259029.95575231354,6497935.710024117,1007.2,1
2026-09-13T01:23:17.940482+00:00,1789262597.9404826,D_rowsize_rep2,r3-sub,D02,load,16,1,1000,6,0,148130440,715499510,11074,27509,17860971419,7707667832,207285.642,,,1,1.0011868476867676,4123.106500587482,4121.1088714689795,,11C/C6201FE0,11C/C6201FE0,0.126796,0.116581,4.5,36.8,515484.19877112325,6148990.085341256,34.958509573779516,13.983403829511808,239056.27661109684,6093134.37755883,1007.2,1
2026-09-13T01:23:18.941640+00:00,1789262598.9416401,D_rowsize_rep2,r3-sub,D02,load,16,1,1000,6,0,148135014,715504082,11074,27509,17860971419,7707706165,207292.222,,,1,1.001157522201538,4568.711614873359,4566.713927241145,,11C/C6823E60,11C/C6823E60,0.095834,0.084962,1.8,36.8,0.0,14924932.059784353,0.0,19.97687632213974,249599.0835193428,6495546.260991785,1007.19,1
2026-09-13T01:23:19.942779+00:00,1789262599.9427793,D_rowsize_rep2,r3-sub,D02,load,16,1,1000,6,0,148139151,715508217,11074,27509,17860971419,7707740821,207298.084,,,1,1.0011391639709473,4132.2926411058415,4130.294916841348,,11C/C6E43B58,11C/C6E43B58,0.067078,0.056973,1.4,36.8,0.0,14687908.064324535,0.0,19.977242644940013,268068.6258796566,6482868.949264625,1007.18,1
2026-09-13T01:23:20.943083+00:00,1789262600.9430833,D_rowsize_rep2,r3-sub,D02,load,16,1,1000,6,0,148143578,715512642,11074,27509,17860971419,7707777935,207304.423,,,1,1.0003039836883545,4425.654673169067,4423.655280951688,,11C/C7523BE8,11C/C7523BE8,0.071545,0.066955,7.4,36.8,16379.021044771174,14311169.637868814,1.9993922173792937,20.993618282482586,255313.3888943576,6310902.5885542855,1007.18,1
2026-09-13T01:23:21.943914+00:00,1789262601.9439142,D_rowsize_rep2,r3-sub,D02,load,16,1,1000,6,0,148148023,715517085,11074,27509,17860971419,7707815179,207310.174,,,1,1.000830888748169,4441.309765688557,4439.311426086447,,11C/C7C6DF00,11C/C7C6DF00,0.042974,0.041781,1.7,36.8,0.0,7366679.10921678,0.0,11.99003761265752,279147.0598488871,6589807.603010061,1007.17,1
2026-09-13T01:23:22.945052+00:00,1789262602.9450521,D_rowsize_rep2,r3-sub,D02,load,16,1,1000,6,0,148148025,715517085,11074,27509,17860971419,7707815179,207310.174,,,1,1.0011379718780518,1.9977266432599354,0.0,,11C/C8217F98,11C/C8217F98,0.146840,0.136589,2.0,36.8,0.0,14246060.383910082,0.0,17.97953978933942,227279.3624770396,5829660.010849051,1007.17,1
2026-09-13T01:23:23.945495+00:00,1789262603.9454958,D_rowsize_rep2,r3-sub,D02,load,16,1,1000,6,0,148152434,715521492,11074,27509,17860971419,7707852106,207315.745,,,1,1.000443696975708,4407.044607635782,4405.045494636173,,11C/C8857EF8,11C/C8857EF8,0.115034,0.104559,1.2,36.8,0.0,10223176.007723242,0.0,20.990686495883743,263204.21708488587,6626281.938743591,1007.16,1
2026-09-13T01:23:24.946158+00:00,1789262604.9461582,D_rowsize_rep2,r3-sub,D02,load,16,1,1000,6,0,148156648,715525704,11074,27509,17860971419,7707887384,207321.466,,,1,1.0006623268127441,4211.210802171604,4209.212125948457,,11C/C8E79E30,11C/C8E79E30,0.060543,0.051942,2.1,36.8,0.0,11649500.22364681,0.0,83.94440137219144,252567.717628581,6508243.415881796,1007.16,1
2026-09-13T01:23:25.946852+00:00,1789262605.9468527,D_rowsize_rep2,r3-sub,D02,load,16,1,1000,6,0,148160788,715529842,11074,27509,17860971419,7707922064,207326.276,,,1,1.0006945133209229,4137.126710389289,4135.128098451903,,11C/C9417D70,11C/C9417D70,0.101935,0.091444,1.4,36.8,0.0,5501203.340998571,0.0,50.964604403346314,232572.47531781177,5952804.697840498,1007.15,1
2026-09-13T01:23:26.946976+00:00,1789262606.946976,D_rowsize_rep2,r3-sub,D02,load,16,1,1000,6,0,148165249,715534301,11074,27509,17860971419,7707959424,207332.391,,,1,1.0001232624053955,4460.450194179918,4458.450440674345,,11C/C9A43D48,11C/C9A43D48,0.011864,0.001332,3.7,36.8,0.0,14850265.520551175,0.0,29.996302583590577,253264.78197377195,6543951.376812503,1007.15,1
2026-09-13T01:23:27.947268+00:00,1789262607.9472687,D_rowsize_rep2,r3-sub,D02,load,16,1,1000,6,0,148169422,715538472,11074,27509,17860971419,7707994385,207337.384,,,1,1.0002927780151367,4171.778594943383,4169.779180328025,,11C/C9F65FD8,11C/C9F65FD8,0.106507,0.095754,1.8,36.8,0.0,11686562.431447549,0.0,16.995024230538583,209656.61715177,5453500.334996372,1007.14,1
2026-09-13T01:23:28.948499+00:00,1789262608.9484997,D_rowsize_rep2,r3-sub,D02,load,16,1,1000,6,0,148173426,715542474,11074,27509,17860971419,7708027930,207342.56,,,1,1.0012309551239014,3999.0773152878687,3997.0797741713413,,11C/CA501D90,11C/CA501D90,0.149626,0.139211,2.5,36.8,0.0,9249670.071231421,0.0,13.982787815691848,229484.51486057637,5933920.6100202715,1007.14,1
2026-09-13T01:23:29.949534+00:00,1789262609.9495347,D_rowsize_rep2,r3-sub,D02,load,16,1,1000,6,0,148177311,715546357,11074,27509,17860971419,7708060511,207347.429,,,1,1.0010349750518799,3880.9832791293384,3878.98534693931,,11C/CAB1BBD8,11C/CAB1BBD8,0.102480,0.091623,1.4,36.8,0.0,14869474.464894269,0.0,19.979321900279732,257592.3982942116,6455620.593741076,1007.13,1
2026-09-13T01:23:30.949690+00:00,1789262610.9496903,D_rowsize_rep2,r3-sub,D02,load,16,1,1000,6,0,148181430,715550474,11074,27509,17860971419,7708095013,207352.539,,,1,1.0001556873321533,4118.358823701888,4116.359135028082,,11C/CB105C40,11C/CB105C40,0.105468,0.094519,2.1,36.8,0.0,14685969.580575915,0.0,20.996731074955,242599.23037304077,6276974.754546471,1007.13,1
2026-09-13T01:23:31.949751+00:00,1789262611.9497514,D_rowsize_rep2,r3-sub,D02,load,16,1,1000,6,0,148185459,715554501,11074,27509,17860971419,7708128756,207357.793,,,1,1.00006103515625,4028.7541043637475,4026.75422642661,,11C/CB729DC8,11C/CB729DC8,0.068254,0.061128,1.2,36.8,0.0,6209157.023130912,0.0,12.999206591394568,262741.96350320417,6524780.758986878,1007.12,1
2026-09-13T01:23:32.949836+00:00,1789262612.9498363,D_rowsize_rep2,r3-sub,D02,load,16,1,1000,6,0,148189610,715558650,11074,27509,17860971419,7708163509,207363.462,,241374,1,1.0000848770141602,4150.647705415933,4148.647875155555,120915,11C/CBD63FF8,11C/CBD63FF8,0.088149,0.078194,8.7,36.8,0.0,15448800.751919823,0.0,18.998387473597383,253484.4849937778,6602851.569673823,1007.12,1
2026-09-13T01:23:33.950846+00:00,1789262613.9508467,D_rowsize_rep2,r3-sub,D02,load,16,1,1000,6,0,148193832,715562866,11074,27509,17860971419,7708215129,207368.687,,,1,1.0010104179382324,4217.738321541145,4211.744377929291,,11C/CC31BE50,11C/CC31BE50,0.104148,0.093819,1.0,36.8,0.0,14063741.743064139,0.0,18.980821437537127,235822.72049297113,6056448.455838241,1007.11,1
2026-09-13T01:23:34.951463+00:00,1789262614.9514632,D_rowsize_rep2,r3-sub,D02,load,16,1,1000,6,0,148198388,715567417,11074,27509,17860971419,7708289372,207373.741,,,1,1.0006165504455566,4553.192726995466,4548.195807848192,,11C/CC949FD8,11C/CC949FD8,0.091909,0.081219,2.5,36.8,32747.80932357055,15440592.096063513,0.9993838294546676,24.98459573636669,266700.5656474199,6553956.155412222,1007.11,1
2026-09-13T01:23:35.952463+00:00,1789262615.9524632,D_rowsize_rep2,r3-sub,D02,load,16,1,1000,6,0,148202518,715571545,11074,27509,17860971419,7708323958,207379.55,,,1,1.000999927520752,4125.87442461566,4123.876422472989,,11C/CCF8BFE8,11C/CCF8BFE8,0.069259,0.058651,1.2,36.8,0.0,6780292.199231249,0.0,17.982019284039197,269797.22233236744,6631511.968678323,1007.1,1
2026-09-13T01:23:36.952753+00:00,1789262616.952753,D_rowsize_rep2,r3-sub,D02,load,16,1,1000,6,0,148207046,715576071,11074,27509,17860971419,7708361920,207385.29,,,1,1.0002899169921875,4526.6876363359015,4524.68821600183,,11C/CD531F08,11C/CD531F08,0.145720,0.139417,1.6,36.8,0.0,14573438.912424682,0.0,21.993623674776906,240584.25053771643,5985058.829746014,1007.1,1
2026-09-13T01:23:37.952946+00:00,1789262617.952946,D_rowsize_rep2,r3-sub,D02,load,16,1,1000,6,0,148211308,715580331,11074,27509,17860971419,7708400443,207390.913,,,1,1.0001928806304932,4261.178101281182,4259.1784869680505,,11C/CDB87FC8,11C/CDB87FC8,0.116575,0.105848,1.4,36.8,0.0,14963897.75396658,0.0,18.99633597474013,275394.88166159054,6715214.765142202,1007.09,1
2026-09-13T01:23:38.953237+00:00,1789262618.9532378,D_rowsize_rep2,r3-sub,D02,load,16,1,1000,6,0,148215511,715584532,11074,27509,17860971419,7708439989,207396.011,,,1,1.0002918243408203,4201.773820124666,4199.7744036030745,,11C/CE211FD0,11C/CE211FD0,0.060641,0.049897,3.3,36.8,4094.8050362195177,7251899.719144765,0.9997082607957807,23.992998259098737,271073.8940395583,6924869.154623685,1007.08,1
2026-09-13T01:23:39.953379+00:00,1789262619.9533796,D_rowsize_rep2,r3-sub,D02,load,16,1,1000,6,0,148219979,715588998,11074,27509,17860971419,7708482015,207402.234,,,1,1.0001418590545654,4467.366263645442,4465.366547323309,,11C/CE867F68,11C/CE867F68,0.023646,0.015563,1.2,36.8,0.0,14489592.52010406,0.0,18.99730506026486,268029.97752079373,6714727.455111553,1007.08,1
2026-09-13T01:23:40.953520+00:00,1789262620.953521,D_rowsize_rep2,r3-sub,D02,load,16,1,1000,6,0,148224250,715593267,11074,27509,17860971419,7708522233,207407.48,,,1,1.0001413822174072,4270.396241910112,4268.396524634574,,11C/CEDEDCE0,11C/CEDB5C68,0.008120,-0.000190,1.8,36.8,0.0,14768088.054963924,0.0,22.996748668680066,271215.65492931055,6711441.121572234,1007.07,1
2026-09-13T01:23:41.953668+00:00,1789262621.953668,D_rowsize_rep2,r3-sub,D02,load,16,1,1000,6,0,148228636,715597651,11074,27509,17860971419,7708563476,207413.209,,,1,1.0001471042633057,4385.354895598749,4383.355189764003,,11C/CF437FF8,11C/CF437FF8,0.108150,0.097410,1.4,36.8,0.0,14849911.514706476,0.0,19.997058347463515,244871.97828802973,5788792.443952103,1007.07,1
2026-09-13T01:23:42.953801+00:00,1789262622.9538012,D_rowsize_rep2,r3-sub,D02,load,16,1,1000,6,0,148232826,715601839,11074,27509,17860971419,7708602905,207418.343,,,1,1.0001330375671387,4189.44264674261,4187.442912782351,,11C/CFA67F88,11C/CFA67F88,0.094031,0.088778,2.1,36.8,0.0,7101519.231158498,0.0,13.998137721813018,258246.64349482773,6568746.109998374,1007.06,1
2026-09-13T01:23:43.954873+00:00,1789262623.954828,D_rowsize_rep2,r3-sub,D02,load,16,1,1000,6,0,148237027,715606038,11074,27509,17860971419,7708642454,207423.509,,,1,1.0010268688201904,4196.690549326909,4194.692600957793,,11C/D0059C48,11C/CFFFFFB8,0.008868,-0.000195,1.8,36.8,0.0,14480874.041957209,0.0,23.97538042938486,283095.2982650691,7032503.541385473,1007.06,1
2026-09-13T01:23:44.955136+00:00,1789262624.955105,D_rowsize_rep2,r3-sub,D02,load,16,1,1000,6,0,148237029,715606038,11074,27509,17860971419,7708642454,207423.509,,,1,1.000277042388916,1.999446068684623,0.0,,11C/D0643FC8,11C/D0643FC8,0.140757,0.129860,7.0,36.8,0.0,17272142.88427364,0.0,25.992798892900097,217265.80816147718,5492867.242937018,1007.05,1
2026-09-13T01:23:45.955614+00:00,1789262625.9556146,D_rowsize_rep2,r3-sub,D02,load,16,1,1000,6,0,148241478,715610485,11074,27509,17860971419,7708684336,207429.071,,,1,1.00050950050354,4446.734386590923,4444.735405073013,,11C/D0C7DC60,11C/D0C7DC60,0.109921,0.105732,8.4,36.9,0.0,14987819.69831674,0.0,26.98625049178578,256072.53091655523,6564435.416849659,1007.05,1
2026-09-13T01:23:46.956499+00:00,1789262626.9564998,D_rowsize_rep2,r3-sub,D02,load,16,1,1000,6,0,148245658,715614709,11087,27560,17860971419,7708835837,207433.343,,,1,1.000885248184204,4176.3029354097425,4220.264018940371,,11C/D1305E60,11C/D1305E60,0.018812,0.008258,2.9,36.8,0.0,7771424.360696014,0.0,15.985848556592314,268286.49986314966,6907444.197566613,1007.04,1
2026-09-13T01:23:47.956632+00:00,1789262627.9566326,D_rowsize_rep2,r3-sub,D02,load,16,1,1000,6,0,148250051,715619100,11087,27560,17860971419,7708877178,207438.75,,,1,1.0001327991485596,4392.416690803342,4390.416956366373,,11C/D182FB60,11C/D182FB60,0.157577,0.148388,1.2,36.8,0.0,14362764.637085233,0.0,78.98951026029229,211261.94459363492,5460505.8494724855,1007.04,1
2026-09-13T01:23:48.956730+00:00,1789262628.9567308,D_rowsize_rep2,r3-sub,D02,load,16,1,1000,6,0,148254215,715623262,11087,27560,17860971419,7708916368,207443.633,,,1,1.0000982284545898,4163.591016888867,4161.59121332648,,11C/D1E57ED8,11C/D1E57ED8,0.127236,0.117663,1.9,36.8,0.0,15047225.934250614,0.0,21.997839186252417,253859.0638164777,6514610.079919594,1007.03,1
2026-09-13T01:23:49.957049+00:00,1789262629.9570494,D_rowsize_rep2,r3-sub,D02,load,16,1,1000,6,0,148258350,715627395,11087,27560,17860971419,7708955286,207448.227,,,1,1.0003185272216797,4133.683309340172,4131.683946191761,,11C/D241DF18,11C/D241DF18,0.158806,0.148119,1.2,36.8,0.0,6158422.374831015,0.0,10.996497316261642,239932.5749435128,6107687.535258506,1007.03,1
2026-09-13T01:23:50.958214+00:00,1789262630.9582138,D_rowsize_rep2,r3-sub,D02,load,16,1,1000,6,0,148262930,715631973,11087,27560,17860971419,7708998414,207453.712,,,1,1.001164436340332,4574.673084415368,4572.675410579379,,11C/D2A47BF8,11C/D2A47BF8,0.125933,0.119239,2.3,36.8,0.0,14777544.490174767,0.0,20.975575277887057,258281.2479288853,6501993.84208566,1007.02,1
2026-09-13T01:23:51.958320+00:00,1789262631.9583204,D_rowsize_rep2,r3-sub,D02,load,16,1,1000,6,0,148267068,715636109,11087,27560,17860971419,7709037378,207459.862,,,1,1.0001065731048584,4137.5590474857745,4135.559260609271,,11C/D307A238,11C/D2FFFC70,0.009093,-0.000192,1.6,36.8,0.0,14825939.953546707,0.0,25.99722939454571,302974.7110443504,7110033.261679656,1007.02,1
2026-09-13T01:23:52.959188+00:00,1789262632.9591887,D_rowsize_rep2,r3-sub,D02,load,16,1,1000,6,0,148271585,715640624,11087,27560,17860971419,7709079935,207465.06,,,1,1.000868320465088,4513.081199234101,4511.082934368379,,11C/D362FC58,11C/D362FC58,0.145449,0.134153,1.4,36.8,0.0,14626403.594428323,0.0,18.983516224363058,212086.84065588267,5434639.9908755375,1007.01,1
2026-09-13T01:23:53.959865+00:00,1789262633.959865,D_rowsize_rep2,r3-sub,D02,load,16,1,1000,6,0,148275729,715644766,11087,27560,17860971419,7709118965,207470.727,,,1,1.0006763935089111,4141.1989199314485,4139.2002718040685,,11C/D3C63D28,11C/D3C63D28,0.112937,0.102928,1.4,36.8,0.0,6156219.972770989,0.0,11.991888764280256,268229.5712591023,6522549.190066285,1007.01,1
2026-09-13T01:23:54.960982+00:00,1789262634.9609823,D_rowsize_rep2,r3-sub,D02,load,16,1,1000,6,0,148279886,715648921,11087,27560,17860971419,7709158080,207476.194,,,1,1.00111722946167,4152.360860111598,4150.363092076905,,11C/D4289DE0,11C/D4205C08,0.000601,-0.000197,2.1,36.8,0.0,15265121.356684346,0.0,19.977680346940573,284816.794286245,6979947.79668063,1007.0,1
2026-09-13T01:23:55.962158+00:00,1789262635.962158,D_rowsize_rep2,r3-sub,D02,load,16,1,1000,6,0,148284357,715653390,11087,27560,17860971419,7709200145,207482.445,,,1,1.0011756420135498,4465.749876822802,4463.752225345807,,11C/D483FC48,11C/D483FC48,0.148140,0.137084,1.2,36.8,0.0,14883750.038135994,0.0,17.97886329295693,226365.87476718973,5498743.4461829355,1007.0,1
2026-09-13T01:23:56.962931+00:00,1789262636.9629314,D_rowsize_rep2,r3-sub,D02,load,16,1,1000,6,0,148288515,715657546,11087,27560,17860971419,7709239304,207487.793,,,1,1.0007734298706055,4154.786563965439,4152.788109629717,,11C/D4E6DFD0,11C/D4E6DFD0,0.115495,0.104785,2.0,36.8,0.0,6806383.739505064,0.0,18.98531618935626,262542.94144676847,6528530.639392331,1006.99,1
2026-09-13T01:23:57.963598+00:00,1789262637.9635985,D_rowsize_rep2,r3-sub,D02,load,16,1,1000,6,0,148293053,715662082,11087,27560,17860971419,7709282014,207493.282,,,1,1.0006670951843262,4534.9747401897785,4532.976073490709,,11C/D543F828,11C/D5427EC0,0.002141,-0.000201,1.2,36.8,0.0,14506546.75252019,0.0,18.987333641164785,259670.7748765696,6404834.365838143,1006.98,1
2026-09-13T01:23:58.964759+00:00,1789262638.9647593,D_rowsize_rep2,r3-sub,D02,load,16,1,1000,6,0,148297170,715666197,11087,27560,17860971419,7709320791,207498.997,,,1,1.0011608600616455,4112.226280746233,4110.228599774289,,11C/D5A4BEB0,11C/D5A4BEB0,0.151422,0.140897,8.2,36.8,0.0,14695772.264902636,0.0,18.977969233465732,241945.13555502475,6118286.525526812,1006.98,1
2026-09-13T01:23:59.966127+00:00,1789262639.9661272,D_rowsize_rep2,r3-sub,D02,load,16,1,1000,6,0,148301337,715670362,11087,27560,17860971419,7709360041,207504.696,,,1,1.0013678073883057,4161.308131992045,4159.310863870139,,11C/D60FFB70,11C/D60FFB70,0.044985,0.034205,1.2,36.8,0.0,15780782.928517126,0.0,22.968583401923933,272177.7133127986,7053611.018734341,1006.97,1
2026-09-13T01:24:00.966765+00:00,1789262640.9667659,D_rowsize_rep2,r3-sub,D02,load,16,1,1000,6,0,148305822,715674845,11087,27560,17860971419,7709402301,207510.802,,,1,1.000638723373413,4482.137154236746,4480.138430868078,,11C/D672DDD8,11C/D672DDD8,0.012787,0.002967,1.9,36.8,0.0,6385681.316088247,0.0,11.99234021200467,261715.83597836827,6502411.757626847,1006.97,1
2026-09-13T01:24:01.967169+00:00,1789262641.967169,D_rowsize_rep2,r3-sub,D02,load,16,1,1000,6,0,148309941,715678962,11087,27560,17860971419,7709441076,207516.018,,,1,1.0004031658172607,4117.34002924217,4115.34083524885,,11C/D6C83E48,11C/D6C53FD0,0.007180,-0.000161,1.0,36.8,0.0,13695598.402877029,0.0,23.990327919837846,260022.16795015248,6513431.007264785,1006.96,1
2026-09-13T01:24:02.968040+00:00,1789262642.9680407,D_rowsize_rep2,r3-sub,D02,load,16,1,1000,6,0,148309943,715678962,11087,27560,17860971419,7709441076,207516.018,,363387,1,1.0008716583251953,1.9982582016026833,0.0,122013,11C/D731BED0,11C/D731BED0,0.083489,0.072713,4.3,36.8,0.0,10885871.239706906,0.0,19.982582016026832,241832.20494525912,6080765.649997618,1006.96,1
2026-09-13T01:24:03.968318+00:00,1789262643.9683187,D_rowsize_rep2,r3-sub,D02,load,16,1,1000,6,0,148314497,715683510,11087,27560,17860971419,7709491824,207522.147,,,1,1.0002779960632324,4552.7343577715965,4546.736025284414,,11C/D791ADD8,11C/D7851FE8,0.008676,-0.000152,1.6,36.8,0.0,6109533.57371832,0.0,11.996664974365208,287023.2086779312,6551995.5710249385,1006.95,1
2026-09-13T01:24:04.968600+00:00,1789262644.9686003,D_rowsize_rep2,r3-sub,D02,load,16,1,1000,6,0,148318666,715687674,11087,27560,17860971419,7709544290,207527.881,,,1,1.000281572341919,4167.826455344257,4162.827862809663,,11C/D7E85F08,11C/D7E85F08,0.151510,0.142474,1.6,36.8,0.0,11653934.57434933,0.0,19.994370138374943,234075.0909284624,5470755.586537433,1006.95,1
2026-09-13T01:24:05.969628+00:00,1789262645.9696283,D_rowsize_rep2,r3-sub,D02,load,16,1,1000,6,0,148322835,715691841,11087,27560,17860971419,7709583530,207533.636,,,1,1.001028060913086,4164.718415782724,4162.720469792903,,11C/D8533CD8,11C/D8533CD8,0.045489,0.036352,1.7,36.8,0.0,17160981.465724897,0.0,80.91681258776701,277880.32210233086,7033809.815059057,1006.94,1
2026-09-13T01:24:06.969718+00:00,1789262646.9697182,D_rowsize_rep2,r3-sub,D02,load,16,1,1000,6,0,148327313,715696317,11087,27560,17860971419,7709625684,207539.566,,,1,1.0000898838043213,4477.5975364992,4475.5977162506515,,11C/D8B65C90,11C/D8B65C90,0.016898,0.005300,2.3,36.8,0.0,14678744.61859102,0.0,23.99784298257722,254131.1577247471,6538439.300201374,1006.93,1
2026-09-13T01:24:07.970229+00:00,1789262647.9702294,D_rowsize_rep2,r3-sub,D02,load,16,1,1000,6,0,148331462,715700464,11087,27560,17860971419,7709664750,207544.535,,,1,1.0005111694335938,4146.880241575733,4144.881263392278,,11C/D910DE78,11C/D910DE78,0.077685,0.073110,2.3,36.8,0.0,6427434.491951289,0.0,14.992336375906481,234612.07347928535,5938519.410396602,1006.93,1
2026-09-13T01:24:08.972098+00:00,1789262648.9720986,D_rowsize_rep2,r3-sub,D02,load,16,1,1000,6,0,148335935,715704935,11087,27560,17860971419,7709706910,207550.053,,,1,1.0018692016601562,4464.6546600973215,4462.65839152585,,11C/D973FEC8,11C/D973FEC8,0.049320,0.038379,2.9,36.8,0.0,15131013.085221259,0.0,30.942162857817344,256702.17187416708,6530487.202479497,1006.92,1
2026-09-13T01:24:09.972390+00:00,1789262649.9723902,D_rowsize_rep2,r3-sub,D02,load,16,1,1000,6,0,148340086,715709084,11087,27560,17860971419,7709745965,207555.631,,,1,1.0002915859222412,4149.789979661673,4147.790562663522,,11C/D9D6BEC0,11C/D9D6BEC0,0.008470,0.008282,15.1,36.9,40948.0601221253,14630741.88163537,2.9991254972259744,18.99446148243117,280233.28791829967,6548347.594027639,1006.92,1
2026-09-13T01:24:10.973312+00:00,1789262650.9733121,D_rowsize_rep2,r3-sub,D02,load,16,1,1000,6,0,148344244,715713240,11087,27560,17860971419,7709785107,207560.979,,,1,1.0009219646453857,4154.170002127117,4152.171844357936,,11C/DA31FFC8,11C/DA31FFC8,0.066187,0.062049,11.6,37.0,8184.454222565017,14687003.102392923,1.9981577691809123,20.98065657639958,235744.65176573323,6041251.179998146,1006.91,1
2026-09-13T01:24:11.973615+00:00,1789262651.973616,D_rowsize_rep2,r3-sub,D02,load,16,1,1000,6,0,148348773,715717767,11087,27560,17860971419,7709827754,207565.672,,,1,1.0003037452697754,4527.62475539723,4525.625362703303,,11C/DA94FD60,11C/DA94FD60,0.026214,0.020287,3.1,37.0,0.0,6457430.586004598,0.0,16.994837898377767,265200.4466187972,6536529.560065383,1006.91,1
2026-09-13T01:24:12.974123+00:00,1789262652.9741237,D_rowsize_rep2,r3-sub,D02,load,16,1,1000,6,0,148352924,715721916,11087,27560,17860971419,7709866816,207570.001,,,1,1.0005078315734863,4148.893061108551,4146.894076256173,,11C/DAF165F0,11C/DAE7BEF8,0.009835,-0.000194,5.8,37.1,0.0,14643955.337119088,0.0,19.98984852377042,260701.60749245668,6550095.6546172295,1006.9,1
2026-09-13T01:24:13.975071+00:00,1789262653.9750714,D_rowsize_rep2,r3-sub,D02,load,16,1,1000,6,0,148357397,715726387,11087,27560,17860971419,7709908938,207575.431,,,1,1.0009477138519287,4468.764889613101,4466.766783246183,,11C/DB52BC70,11C/DB52BC70,0.068054,0.063391,4.9,37.0,28644.85287614282,7148936.853517358,0.9990531834592222,14.985797751888333,3624251.246890452,5995874.62656198,1006.9,1
2026-09-13T01:24:14.975298+00:00,1789262654.9752982,D_rowsize_rep2,r3-sub,D02,load,16,1,1000,6,0,148361555,715730543,11087,27560,17860971419,7709948088,207580.224,,,1,1.0002267360687256,4157.057445137423,4155.057898506765,,11C/DBB5FB48,11C/DBB5FB48,0.034555,0.024113,1.8,37.0,0.0,20585924.428424016,0.0,43.990025874470085,259063.2610146463,6543852.272661376,1006.89,1
2026-09-13T01:24:15.975714+00:00,1789262655.9757144,D_rowsize_rep2,r3-sub,D02,load,16,1,1000,6,0,148365715,715734701,11087,27560,17860971419,7709987282,207585.535,,,1,1.0004162788391113,4158.269000607715,4156.269832818961,,11C/DC109D20,11C/DC109D20,0.101970,0.090832,1.0,37.0,0.0,14428297.804939408,0.0,17.99251009878338,227596.25649456037,5937216.46242347,1006.89,1
2026-09-13T01:24:16.976715+00:00,1789262656.9767156,D_rowsize_rep2,r3-sub,D02,load,16,1,1000,6,0,148370183,715739167,11087,27560,17860971419,7710029390,207590.856,,,1,1.0010011196136475,4463.531471098151,4461.533471334902,,11C/DC73FD50,11C/DC73FD50,0.069744,0.058735,3.1,36.9,0.0,14878161.181026665,0.0,17.981997869240537,254999.71478405516,6542181.493790525,1006.88,1
2026-09-13T01:24:17.976803+00:00,1789262657.976803,D_rowsize_rep2,r3-sub,D02,load,16,1,1000,6,0,148374353,715743335,11087,27560,17860971419,7710068655,207595.999,,,1,1.0000874996185303,4169.635158514219,4167.635333498146,,11C/DCD75D78,11C/DCD75D78,0.038918,0.028168,1.7,36.9,0.0,6512582.151546093,0.0,54.99518794203407,276914.77006325405,6543558.441132571,1006.87,1
2026-09-13T01:24:18.976927+00:00,1789262658.9769275,D_rowsize_rep2,r3-sub,D02,load,16,1,1000,6,0,148374355,715743335,11087,27560,17860971419,7710068655,207595.999,,,1,1.000124454498291,1.9997511219774073,0.0,,11C/DD311F48,11C/DD311F48,0.102504,0.091585,2.1,36.9,0.0,14661855.266158834,0.0,17.997760097796668,238680.29516361345,5932624.658174618,1006.87,1
2026-09-13T01:24:19.977488+00:00,1789262659.9774883,D_rowsize_rep2,r3-sub,D02,load,16,1,1000,6,0,148378815,715747793,11087,27560,17860971419,7710110637,207602.137,,,1,1.0005607604980469,4457.500409850129,4455.501530742572,,11C/DD943B98,11C/DD943B98,0.067871,0.058429,1.2,36.9,0.0,14655461.795944199,0.0,18.989351521783057,270166.5012981765,6548194.031453614,1006.86,1
2026-09-13T01:24:20.978472+00:00,1789262660.9784722,D_rowsize_rep2,r3-sub,D02,load,16,1,1000,6,0,148382978,715751954,11087,27560,17860971419,7710149794,207608.231,,,1,1.0009839534759521,4158.907828186291,4156.909794158818,,11C/DDFFFC78,11C/DDFFFC78,0.014856,0.011664,1.9,36.9,0.0,15790926.463018209,0.0,20.979357288472766,261172.01888419746,6339680.049778596,1006.86,1
2026-09-13T01:24:21.978610+00:00,1789262661.97861,D_rowsize_rep2,r3-sub,D02,load,16,1,1000,6,0,148387511,715756485,11087,27560,17860971419,7710192468,207613.889,,,1,1.0001378059387207,4532.375411751749,4530.375687325651,,11C/DE750F28,11C/DE73BFE8,0.003856,-0.000179,1.6,36.9,0.0,6208680.406968301,0.0,10.998484343540534,268055.0604207699,6438445.743940354,1006.85,1
2026-09-13T01:24:22.978912+00:00,1789262662.9789124,D_rowsize_rep2,r3-sub,D02,load,16,1,1000,6,0,148391350,715760322,11087,27560,17860971419,7710228638,207618.549,,,1,1.0003023147583008,3837.8397643992284,3835.840368846012,,11C/DED71FE8,11C/DED71FE8,0.150667,0.140839,5.3,36.9,0.0,15105577.361031106,0.0,23.99274663859898,247629.13805698007,5742960.818188319,1006.85,1
2026-09-13T01:24:23.979771+00:00,1789262663.979771,D_rowsize_rep2,r3-sub,D02,load,16,1,1000,6,0,148395449,715764419,11087,27560,17860971419,7710267243,207624.423,,,1,1.0008585453033447,4095.483841582885,4093.485557200556,,11C/DF41DFD8,11C/DF41DFD8,0.041185,0.030449,1.2,36.9,0.0,15584188.268355763,0.0,19.982843823288047,279212.2836052745,7038680.973508452,1006.84,1
2026-09-13T01:24:24.980763+00:00,1789262664.9807637,D_rowsize_rep2,r3-sub,D02,load,16,1,1000,6,0,148399904,715768872,11087,27560,17860971419,7710309195,207629.418,,,1,1.000992774963379,4450.581574040817,4448.583557621494,,11C/DF94DFD0,11C/DF94DFD0,0.124300,0.117493,2.9,36.9,0.0,5254047.912775803,0.0,9.990082096612383,212378.156283673,5460273.1774961725,1006.84,1
2026-09-13T01:24:25.981551+00:00,1789262665.9815512,D_rowsize_rep2,r3-sub,D02,load,16,1,1000,6,0,148404768,715773734,11087,27560,17860971419,7710355003,207634.621,,,1,1.0007874965667725,4860.172630739371,4858.174204493179,,11C/DFF7FC70,11C/DFF7FC70,0.030620,0.019133,1.2,36.9,0.0,15364284.678564716,0.0,22.98190183121002,260863.57083357256,6549554.248515404,1006.83,1
2026-09-13T01:24:26.982398+00:00,1789262666.9823983,D_rowsize_rep2,r3-sub,D02,load,16,1,1000,6,0,148409111,715778075,11087,27560,17860971419,7710395888,207640.376,,,1,1.0008471012115479,4339.324153252481,4337.325846020958,,11C/E0531C10,11C/E0531C10,0.012529,0.001491,1.4,36.9,0.0,14168349.973571753,0.0,15.986457852185055,236247.87413959074,6031275.898878881,1006.83,1
2026-09-13T01:24:27.983829+00:00,1789262667.9838297,D_rowsize_rep2,r3-sub,D02,load,16,1,1000,6,0,148412795,715781757,11087,27560,17860971419,7710430551,207644.55,,,1,1.0014314651489258,3678.7340204575476,3676.7368792955185,,11C/E0A59E20,11C/E0A59E20,0.080457,0.069302,1.2,36.9,0.0,13955575.080638848,0.0,22.96712336333431,219315.05813764135,5439391.700349594,1006.82,1
2026-09-13T01:24:28.984908+00:00,1789262668.984908,D_rowsize_rep2,r3-sub,D02,load,16,1,1000,6,0,148416952,715785912,11087,27560,17860971419,7710469689,207649.463,,,1,1.0010783672332764,4152.522056279051,4150.5242106902715,,11C/E0F8FF00,11C/E0F8FF00,0.156221,0.145014,1.6,36.9,0.0,5867336.856187693,0.0,14.983841915849355,215024.1250292046,5499216.824767489,1006.82,1
2026-09-13T01:24:29.985586+00:00,1789262669.9855587,D_rowsize_rep2,r3-sub,D02,load,16,1,1000,6,0,148420707,715789665,11087,27560,17860971419,7710505036,207654.365,,,1,1.0006506443023682,3752.5584192452143,3750.559719687694,,11C/E152BBC0,11C/E152BBC0,0.154086,0.143540,1.6,36.9,0.0,14383985.142021995,0.0,17.988296017686782,226841.40693103915,5913616.339222494,1006.81,1
2026-09-13T01:24:30.986049+00:00,1789262670.9860492,D_rowsize_rep2,r3-sub,D02,load,16,1,1000,6,0,148424857,715793813,11087,27560,17860971419,7710544098,207659.742,,,1,1.000490427017212,4147.965725541725,4145.966705914958,,11C/E1B55DD8,11C/E1B55DD8,0.079834,0.068693,2.0,36.9,0.0,13624806.027020078,0.0,18.990686454287417,252949.94651222808,6507850.374352445,1006.81,1
2026-09-13T01:24:31.986229+00:00,1789262671.9862294,D_rowsize_rep2,r3-sub,D02,load,16,1,1000,6,0,148429059,715798013,11087,27560,17860971419,7710583676,207664.829,,,1,1.0001802444458008,4201.242749328972,4199.2431097529,,11C/E2109E18,11C/E2109E18,0.094323,0.083678,1.6,36.9,0.0,15893711.246824598,0.0,18.99657597269169,232839.03205770598,6020169.897813142,1006.8,1
2026-09-13T01:24:32.986335+00:00,1789262672.9863355,D_rowsize_rep2,r3-sub,D02,load,16,1,1000,6,0,148432792,715801744,11087,27560,17860971419,7710618829,207669.774,,482311,1,1.0001060962677002,3732.603984648426,3730.604196818451,118924,11C/E2723FF8,11C/E2723FF8,0.112713,0.106385,4.4,36.9,0.0,6655293.898156958,0.0,16.998196554787903,260660.34491026757,6445861.1181932455,1006.79,1
2026-09-13T01:24:33.987447+00:00,1789262673.9874475,D_rowsize_rep2,r3-sub,D02,load,16,1,1000,6,0,148436916,715805862,11087,27560,17860971419,7710679238,207674.801,,,1,1.0011119842529297,4119.4192706398335,4113.425935134538,,11C/E2D3DC20,11C/E2D3DC20,0.029957,0.021129,1.9,36.9,0.0,14606477.82666598,0.0,13.98444951235637,266202.9864709614,6451453.08576012,1006.79,1
2026-09-13T01:24:34.987533+00:00,1789262674.987533,D_rowsize_rep2,r3-sub,D02,load,16,1,1000,6,0,148436921,715805862,11087,27560,17860971419,7710709923,207674.801,,,1,1.0000855922698975,4.999572075277561,0.0,,11C/E3321FA8,11C/E3321FA8,0.063784,0.052620,2.0,36.9,0.0,12663748.081056332,0.0,17.99845947099922,264343.37425056554,6226991.017704164,1006.78,1
2026-09-13T01:24:35.987995+00:00,1789262675.9879956,D_rowsize_rep2,r3-sub,D02,load,16,1,1000,6,0,148441554,715810493,11087,27560,17860971419,7710753540,207680.878,,,1,1.000462532043457,4630.858079749414,4628.859004385827,,11C/E395DE18,11C/E395DE18,0.031997,0.022202,1.9,36.9,0.0,6149347.729628687,0.0,11.994452181522332,276972.89116266835,6614549.558875985,1006.78,1
2026-09-13T01:24:36.988241+00:00,1789262676.988242,D_rowsize_rep2,r3-sub,D02,load,16,1,1000,6,0,148445761,715814698,11087,27560,17860971419,7710793164,207686.406,,,1,1.000246286392212,4205.964128269075,4203.964620720576,,11C/E3F25900,11C/E3EA5FF8,0.009733,-0.000200,7.9,36.9,0.0,11818145.351618715,0.0,110.97266894173221,261502.59546920782,6698198.324900241,1006.77,1
2026-09-13T01:24:37.988498+00:00,1789262677.9884987,D_rowsize_rep2,r3-sub,D02,load,16,1,1000,6,0,148450020,715818955,11087,27560,17860971419,7710833233,207691.767,,,1,1.0002567768096924,4257.9066683097435,4255.907181731528,,11C/E452FDC8,11C/E452FDC8,0.107262,0.096033,1.5,36.9,0.0,20380558.745145675,0.0,41.98921814252388,226450.85267249864,5801146.400134815,1006.77,1
2026-09-13T01:24:38.989718+00:00,1789262678.9897187,D_rowsize_rep2,r3-sub,D02,load,16,1,1000,6,0,148454418,715823351,11087,27560,17860971419,7710874636,207696.906,,,1,1.0012199878692627,4392.641031227877,4390.643468230502,,11C/E4B87C80,11C/E4B87C80,0.080446,0.070520,2.0,36.9,0.0,6844258.088158344,0.0,21.973192971126256,265066.6219366908,6694705.540452362,1006.76,1
2026-09-13T01:24:39.989897+00:00,1789262679.9898977,D_rowsize_rep2,r3-sub,D02,load,16,1,1000,6,0,148458633,715827564,11087,27560,17860971419,7710914306,207703.344,,,1,1.0001790523529053,4214.245429440139,4212.245787480736,,11C/E5215D08,11C/E5215D08,0.019334,0.008552,1.5,36.9,0.0,15381821.848606037,0.0,20.99624057372311,270773.51736461144,6933282.579440794,1006.76,1
2026-09-13T01:24:40.990188+00:00,1789262680.9901888,D_rowsize_rep2,r3-sub,D02,load,16,1,1000,6,0,148463082,715832011,11087,27560,17860971419,7710956193,207708.492,,,1,1.000291109085083,4447.705232599019,4445.705814647749,,11C/E5755CD0,11C/E5755CD0,0.161490,0.149603,1.6,36.9,32758.46371359961,13848640.534924235,0.9997089756347537,16.995052585790813,230671.84932898745,5733366.964788435,1006.75,1
2026-09-13T01:24:41.990382+00:00,1789262681.9903822,D_rowsize_rep2,r3-sub,D02,load,16,1,1000,6,0,148467319,715836246,11087,27560,17860971419,7710996095,207714.168,,,1,1.0001933574676514,4236.180902788124,4234.181289428299,,11C/E5DA1DC0,11C/E5DA1DC0,0.122434,0.121317,1.7,36.9,0.0,11863818.042186687,0.0,31.9938137571914,272302.34830749576,6502655.6629679995,1006.75,1
2026-09-13T01:24:42.990524+00:00,1789262682.990525,D_rowsize_rep2,r3-sub,D02,load,16,1,1000,6,0,148471555,715840480,11087,27560,17860971419,7711035960,207718.863,,,1,1.0001428127288818,4235.395131663355,4233.395417248027,,11C/E6428000,11C/E6428000,0.052102,0.040778,1.8,36.9,0.0,12552447.350739695,0.0,22.996715776264672,269243.54859409144,6933893.751711542,1006.74,1
2026-09-13T01:24:43.991292+00:00,1789262683.991293,D_rowsize_rep2,r3-sub,D02,load,16,1,1000,6,0,148475937,715844860,11087,27560,17860971419,7711077195,207724.958,,,1,1.0007679462432861,4378.637441825837,4376.638976539747,,11C/E6A63BC0,11C/E6A63BC0,0.018729,0.007888,2.3,36.9,0.0,14722006.290575517,0.0,18.98542021786648,260398.02831239838,6599990.562042156,1006.74,1
2026-09-13T01:24:44.991888+00:00,1789262684.991888,D_rowsize_rep2,r3-sub,D02,load,16,1,1000,6,0,148480150,715849071,11087,27560,17860971419,7711116857,207730.062,,,1,1.0005950927734375,4210.494365230652,4208.495554708349,,11C/E6FA9268,11C/E6F93DE0,-0.000090,-0.000181,1.6,36.9,0.0,16820454.269218452,0.0,39.97621044605414,229357.5110026687,5796294.666930995,1006.73,1
2026-09-13T01:24:45.992331+00:00,1789262685.9923315,D_rowsize_rep2,r3-sub,D02,load,16,1,1000,6,0,148484581,715853500,11087,27560,17860971419,7711158578,207735.233,,,1,1.000443458557129,4429.035906127597,4427.036792651574,,11C/E7627BE0,11C/E7627BE0,0.069875,0.058468,7.9,37.1,0.0,7230329.648446534,0.0,14.993351070167897,266680.7381446483,6671618.413724535,1006.72,1
2026-09-13T01:24:46.993011+00:00,1789262686.9930112,D_rowsize_rep2,r3-sub,D02,load,16,1,1000,6,0,148488772,715857733,11100,27611,17860971419,7711309554,207740.264,,,1,1.0006797313690186,4188.153180904685,4230.124651579463,,11C/E7C5BED0,11C/E7C5BED0,0.037509,0.026657,3.0,36.9,0.0,15693396.705972498,0.0,30.97894264090795,258913.00870613547,6560922.335279017,1006.72,1
2026-09-13T01:24:47.994345+00:00,1789262687.9943454,D_rowsize_rep2,r3-sub,D02,load,16,1,1000,6,0,148492946,715861905,11100,27611,17860971419,7711348854,207745.197,,,1,1.0013341903686523,4168.438509488321,4166.441174313674,,11C/E8211FD8,11C/E8211FD8,0.087258,0.076560,1.7,36.9,0.0,14779129.827327317,0.0,23.968022095764184,235530.75713231266,6051230.506539679,1006.71,1
2026-09-13T01:24:48.996206+00:00,1789262688.9962065,D_rowsize_rep2,r3-sub,D02,load,16,1,1000,6,0,148497490,715866447,11100,27611,17860971419,7711391637,207750.091,,,1,1.0018610954284668,4535.5588920804075,4533.56260735678,,11C/E8841D38,11C/E8841D38,0.057218,0.046124,7.7,36.9,0.0,14513788.454657303,0.0,18.96470487445593,255244.96476294054,6549210.294660539,1006.71,1
2026-09-13T01:24:49.996539+00:00,1789262689.9965394,D_rowsize_rep2,r3-sub,D02,load,16,1,1000,6,0,148501653,715870608,11100,27611,17860971419,7711430811,207754.893,,,1,1.0003328323364258,4161.614879996187,4159.615545439378,,11C/E8E71D30,11C/E8E71D30,0.026839,0.015700,1.7,36.9,0.0,7386725.4589069765,0.0,13.995341897657125,254843.1799489954,6549701.047697404,1006.7,1
2026-09-13T01:24:50.997241+00:00,1789262690.997241,D_rowsize_rep2,r3-sub,D02,load,16,1,1000,6,0,148506197,715875150,11100,27611,17860971419,7711473601,207760.319,,,1,1.000701665878296,4540.81386585064,4538.815268198417,,11C/E9425F20,11C/E9425F20,0.074275,0.063729,2.0,36.9,0.0,14473300.57883751,0.0,17.987378870006935,240053.5626061559,6048751.797257584,1006.7,1
2026-09-13T01:24:51.998114+00:00,1789262691.9981148,D_rowsize_rep2,r3-sub,D02,load,16,1,1000,6,0,148510355,715879306,11100,27611,17860971419,7711512735,207765.586,,,1,1.0008738040924072,4154.369894584738,4152.371640667189,,11C/E9A53D70,11C/E9A53D70,0.036129,0.030027,1.7,36.9,0.0,14974179.500671873,0.0,20.981666134266355,270492.6424220855,6539905.403894121,1006.69,1
2026-09-13T01:24:52.998770+00:00,1789262692.9987705,D_rowsize_rep2,r3-sub,D02,load,16,1,1000,6,0,148514524,715883473,11100,27611,17860971419,7711551966,207770.766,,,1,1.0006556510925293,4166.2683815838445,4164.269692026836,,11C/E9FFFCE0,11C/E9FFFCE0,0.019583,0.013710,1.8,36.8,0.0,13417890.545404468,0.0,18.987550791579046,245089.30692814532,6008003.845714637,1006.69,1
2026-09-13T01:24:53.999395+00:00,1789262693.9993951,D_rowsize_rep2,r3-sub,D02,load,16,1,1000,6,0,148514526,715883473,11100,27611,17860971419,7711551966,207770.766,,,1,1.000624656677246,1.998751466550264,0.0,,11C/EA627ED8,11C/EA627ED8,0.076823,0.065836,1.4,36.9,0.0,7585149.8854761245,0.0,13.991260265851848,269895.40803121525,6516517.413885026,1006.68,1
2026-09-13T01:24:55.000575+00:00,1789262695.0005758,D_rowsize_rep2,r3-sub,D02,load,16,1,1000,6,0,148519017,715887962,11100,27611,17860971419,7711594233,207776.965,,,1,1.001180648803711,4485.703958987021,4483.706317500052,,11C/EAC59F20,11C/EAC59F20,0.046305,0.034835,3.1,36.9,0.0,14801852.2108945,0.0,16.979952639229424,251750.77075367636,6562731.718647303,1006.68,1
2026-09-13T01:24:56.001667+00:00,1789262696.0016675,D_rowsize_rep2,r3-sub,D02,load,16,1,1000,6,0,148523194,715892137,11100,27611,17860971419,7711633566,207783.23,,,1,1.001091718673706,4172.444864026933,4170.4470450831805,,11C/EB211BA0,11C/EB211BA0,0.095252,0.084126,1.7,36.8,0.0,14533125.915051218,0.0,17.980370493771797,242027.7737598309,6052813.030985622,1006.67,1
2026-09-13T01:24:57.001979+00:00,1789262697.0019789,D_rowsize_rep2,r3-sub,D02,load,16,1,1000,6,0,148527744,715896685,11100,27611,17860971419,7711676396,207788.731,,,1,1.0003113746643066,4548.583686281613,4546.584308837094,,11C/EB847B98,11C/EB847B98,0.060321,0.051084,1.6,36.9,0.0,6109329.709512562,0.0,12.995953389376039,261746.4987718115,6593162.056377976,1006.67,1
2026-09-13T01:24:58.002929+00:00,1789262698.0029294,D_rowsize_rep2,r3-sub,D02,load,16,1,1000,6,0,148531916,715900855,11100,27611,17860971419,7711715630,207793.428,,,1,1.000950574874878,4168.037967830243,4166.039867174524,,11C/EBE63E00,11C/EBE63E00,0.046435,0.037825,2.1,36.9,0.0,14895280.920203006,0.0,25.97530852434955,263805.23337329406,6481710.648711107,1006.66,1
2026-09-13T01:24:59.003980+00:00,1789262699.0039804,D_rowsize_rep2,r3-sub,D02,load,16,1,1000,6,0,148536050,715904987,11100,27611,17860971419,7711754528,207799.13,,,1,1.0010509490966797,4129.659937618965,4127.66203731049,,11C/EC42DC30,11C/EC42DC30,0.097544,0.086446,2.0,36.9,0.0,15499358.962699037,0.0,18.98005293051774,237401.50310476165,6128300.468158807,1006.66,1
2026-09-13T01:25:00.004261+00:00,1789262700.004261,D_rowsize_rep2,r3-sub,D02,load,16,1,1000,6,0,148540593,715909528,11100,27611,17860971419,7711797286,207805.441,,,1,1.0002806186676025,4541.725507039598,4539.726068119484,,11C/ECA5DC38,11C/ECA5DC38,0.078105,0.068950,1.7,36.8,0.0,15077241.044706913,0.0,27.992144881599987,262123.44326860257,6553308.019435197,1006.65,1
2026-09-13T01:25:01.004744+00:00,1789262701.0047445,D_rowsize_rep2,r3-sub,D02,load,16,1,1000,6,0,148544811,715913744,11100,27611,17860971419,7711837001,207810.658,,,1,1.000483512878418,4215.961528306149,4213.962494864562,,11C/ECFFFCA0,11C/ECFFFCA0,0.057641,0.052336,6.5,36.9,106444.53269760353,6554526.801879356,3.9980668831732094,135.93427402788913,259480.53781826605,5974958.03084408,1006.64,1
2026-09-13T01:25:02.005442+00:00,1789262702.0054424,D_rowsize_rep2,r3-sub,D02,load,16,1,1000,6,0,148549326,715918257,11100,27611,17860971419,7711879498,207817.32,,,1,1.0006978511810303,4511.851399172454,4509.852793901503,,11C/ED63FFF0,11C/ED63FFF0,0.113962,0.102935,1.6,36.9,0.0,15087327.290831503,0.0,19.986052709512535,268564.5818893456,6629107.869244271,1006.64,1
2026-09-13T01:25:03.006024+00:00,1789262703.0060246,D_rowsize_rep2,r3-sub,D02,load,16,1,1000,6,0,148553514,715922443,11100,27611,17860971419,7711918942,207823.12,,604357,1,1.000582218170166,4185.5630891171395,4183.564252875919,122046,11C/EDC71FC8,11C/EDC71FC8,0.127743,0.116725,3.0,36.9,0.0,14626492.19048091,0.0,20.987780532822335,260428.37386870684,6563695.497218083,1006.63,1
2026-09-13T01:25:04.007892+00:00,1789262704.0078928,D_rowsize_rep2,r3-sub,D02,load,16,1,1000,6,0,148557698,715926621,11100,27611,17860971419,7711967490,207828.076,,,1,1.0018682479858398,4176.197826821572,4170.209015406435,,11C/EE20FEB8,11C/EE20FEB8,0.149181,0.138067,1.6,36.9,0.0,10220904.815165605,0.0,22.957110424688373,230659.0716539668,5944596.020458148,1006.63,1
2026-09-13T01:25:05.008168+00:00,1789262705.008168,D_rowsize_rep2,r3-sub,D02,load,16,1,1000,6,0,148562176,715931094,11100,27611,17860971419,7712022392,207833.735,,,1,1.0002751350402832,4476.768284177794,4471.769659474603,,11C/EE845FD0,11C/EE845FD0,0.117106,0.106035,1.6,36.9,0.0,6248776.742559215,0.0,12.99642422829641,262796.69542061916,6569203.581907863,1006.62,1
2026-09-13T01:25:06.008528+00:00,1789262706.0085285,D_rowsize_rep2,r3-sub,D02,load,16,1,1000,6,0,148566348,715935264,11100,27611,17860971419,7712061629,207839.384,,,1,1.0003604888916016,4170.496582309615,4168.497303027588,,11C/EEE73E90,11C/EEE73E90,0.085356,0.074760,1.4,36.8,0.0,15579663.704299713,0.0,77.97189199907717,257730.0911651035,6558656.677124068,1006.62,1
2026-09-13T01:25:07.008800+00:00,1789262707.0088007,D_rowsize_rep2,r3-sub,D02,load,16,1,1000,6,0,148570835,715939749,11100,27611,17860971419,7712103879,207844.81,,,1,1.000272274017334,4485.77863902908,4483.779183428889,,11C/EF409FF0,11C/EF409FF0,0.149452,0.138608,2.3,36.9,0.0,15257541.767808238,0.0,19.99455600191255,227416.08051015314,5934802.107588084,1006.61,1
2026-09-13T01:25:08.009789+00:00,1789262708.00979,D_rowsize_rep2,r3-sub,D02,load,16,1,1000,6,0,148574985,715943897,11100,27611,17860971419,7712142945,207850.107,,,1,1.0009891986846924,4145.898882278782,4143.900858721057,,11C/EFA37C30,11C/EFA37C30,0.117939,0.106602,2.1,36.9,0.0,5904687.09129577,0.0,22.977270913834214,259338.4627337736,6545220.476513611,1006.61,1
2026-09-13T01:25:09.009937+00:00,1789262709.0099378,D_rowsize_rep2,r3-sub,D02,load,16,1,1000,6,0,148579150,715948060,11100,27611,17860971419,7712182141,207855.959,,,1,1.000147819519043,4164.384422697527,4162.38471829287,,11C/EFFFFFE8,11C/EFFFFFE8,0.091958,0.084666,1.6,36.8,0.0,15480591.666385375,0.0,18.99719184423842,243478.00919778284,6135792.010176108,1006.6,1
2026-09-13T01:25:10.010941+00:00,1789262710.0109413,D_rowsize_rep2,r3-sub,D02,load,16,1,1000,6,0,148579152,715948060,11100,27611,17860971419,7712182141,207855.959,,,1,1.0010035037994385,1.9979950044218036,0.0,,11C/F0635FF0,11C/F0635FF0,0.118051,0.109463,1.4,36.8,0.0,15094996.114047045,0.0,27.97193006190525,269112.94413807936,6567356.632666851,1006.6,1
2026-09-13T01:25:11.011380+00:00,1789262711.0113804,D_rowsize_rep2,r3-sub,D02,load,16,1,1000,6,0,148583760,715952666,11100,27611,17860971419,7712225535,207861.41,,,1,1.000439167022705,4605.977206703485,4603.978084651964,,11C/F0C67FF0,11C/F0C67FF0,0.090109,0.078999,1.8,36.8,0.0,14763692.273220235,0.0,17.992098463685487,263059.4729544682,6569385.942334704,1006.59,1
2026-09-13T01:25:12.012367+00:00,1789262712.012367,D_rowsize_rep2,r3-sub,D02,load,16,1,1000,6,0,148587936,715956840,11100,27611,17860971419,7712264839,207866.694,,,1,1.0009865760803223,4171.884118918399,4169.886090125813,,11C/F1208000,11C/F1208000,0.150495,0.141616,4.3,36.8,0.0,33443613.33104804,0.0,367.637297835721,243186.07843195167,5956771.192025994,1007.12,1
2026-09-13T01:25:13.012859+00:00,1789262713.012859,D_rowsize_rep2,r3-sub,D02,load,16,1,1000,6,0,148592424,715961326,11100,27611,17860971419,7712307072,207871.04,,,1,1.0004920959472656,4485.792559661117,4483.793543368933,,11C/F183BFF8,11C/F183BFF8,0.120769,0.111326,2.3,36.8,0.0,9195091.132918753,0.0,38.98081769758991,269431.41389315715,6595959.155231381,1007.11,1
2026-09-13T01:25:14.028918+00:00,1789262714.0279186,D_rowsize_rep2,r3-sub,D02,load,16,1,1000,6,0,148596608,715965508,11100,27611,17860971419,7712346436,207875.838,,,1,1.015059471130371,4121.925974781255,4119.95564687744,,11C/F1E6DD50,11C/F1E6DD50,0.102599,0.092038,4.9,36.8,0.0,14421917.549025852,0.0,17.732951134336183,254074.76836091312,6478011.571752977,1007.11,1
2026-09-13T01:25:15.029373+00:00,1789262715.0293734,D_rowsize_rep2,r3-sub,D02,load,16,1,1000,6,0,148600783,715969681,11100,27611,17860971419,7712385727,207880.613,,,1,1.0014548301696777,4168.934907720825,4166.937813154253,,11C/F2429FD8,11C/F2429FD8,0.153041,0.142242,3.4,36.8,0.0,14707818.621738946,0.0,19.970945665728504,234747.4822805224,6066136.801168268,1007.1,1
2026-09-13T01:25:16.030236+00:00,1789262716.0302365,D_rowsize_rep2,r3-sub,D02,load,16,1,1000,6,0,148605348,715974244,11100,27611,17860971419,7712428705,207886.615,,,1,1.0008630752563477,4561.063458985917,4559.065183647917,,11C/F2A5DD40,11C/F2A5DD40,0.124415,0.113418,2.3,36.8,0.0,6114147.030983887,0.0,11.989652028002412,268987.84324823413,6576231.217556106,1007.1,1
2026-09-13T01:25:17.030491+00:00,1789262717.0304918,D_rowsize_rep2,r3-sub,D02,load,16,1,1000,6,0,148609537,715978431,11100,27611,17860971419,7712468139,207892.166,,,1,1.0002553462982178,4187.930627417096,4185.931137979323,,11C/F310FDF8,11C/F310FDF8,0.014725,0.003602,1.8,36.8,0.0,16404387.200453833,0.0,19.99489437773739,276628.3639712779,7100805.835515538,1007.09,1
2026-09-13T01:25:18.031509+00:00,1789262718.031509,D_rowsize_rep2,r3-sub,D02,load,16,1,1000,6,0,148614035,715982927,11100,27611,17860971419,7712510447,207898.397,,,1,1.0010170936584473,4493.429761085322,4491.431793205782,,11C/F363DF28,11C/F363DF28,0.156578,0.145112,1.4,36.8,0.0,14055464.276417924,0.0,26.97256637378917,215016.30827638935,5479415.920814944,1007.09,1
2026-09-13T01:25:19.031973+00:00,1789262719.0319738,D_rowsize_rep2,r3-sub,D02,load,16,1,1000,6,0,148618232,715987122,11100,27611,17860971419,7712549947,207903.616,,,1,1.000464916229248,4195.049653333664,4193.050582734029,,11C/F3C75BF8,11C/F3C75BF8,0.125659,0.114340,1.6,36.8,0.0,7557702.301544187,0.0,17.991635396713356,265637.5008147743,6583548.201595042,1007.08,1
2026-09-13T01:25:20.033381+00:00,1789262720.0333812,D_rowsize_rep2,r3-sub,D02,load,16,1,1000,6,0,148622409,715991297,11100,27611,17860971419,7712589278,207909.076,,,1,1.0014073848724365,4171.129615278485,4169.132426092333,,11C/F4321FE0,11C/F4321FE0,0.016219,0.005260,2.1,36.8,0.0,7280633.346766004,0.0,14.978918896140119,284701.315675156,7072208.680488367,1007.07,1
2026-09-13T01:25:21.034389+00:00,1789262721.0343895,D_rowsize_rep2,r3-sub,D02,load,16,1,1000,6,0,148626914,715995800,11100,27611,17860971419,7712631661,207915.552,,,1,1.0010082721710205,4500.462309097011,4498.464323610176,,11C/F4975FA0,11C/F4975FA0,0.093636,0.088819,1.4,36.8,0.0,6800695.048439062,0.0,15.983883894684167,243807.17600933468,5880363.992630759,1007.07,1
2026-09-13T01:25:22.034586+00:00,1789262722.034587,D_rowsize_rep2,r3-sub,D02,load,16,1,1000,6,0,148631101,715999985,11100,27611,17860971419,7712671069,207921.423,,,1,1.000197410583496,4186.173605026016,4184.173999769257,,11C/F50FFC10,11C/F50FFC10,0.107280,0.102490,2.7,36.8,0.0,13980984.005789567,0.0,24.995065709493765,270726.55571266887,6192805.47465777,1007.06,1
2026-09-13T01:25:23.034687+00:00,1789262723.0346873,D_rowsize_rep2,r3-sub,D02,load,16,1,1000,6,0,148635279,716004161,11100,27611,17860971419,7712710360,207926.795,,,1,1.0001003742218018,4177.580678590372,4175.580879318668,,11C/F5739F98,11C/F5739F98,0.110312,0.102068,1.8,36.8,0.0,7453971.8133799,0.0,17.998193445339087,265431.35753404576,6468355.743825876,1007.06,1
2026-09-13T01:25:24.035392+00:00,1789262724.0353925,D_rowsize_rep2,r3-sub,D02,load,16,1,1000,6,0,148639395,716008275,11100,27611,17860971419,7712749116,207931.461,,,1,1.0007052421569824,4113.099268999648,4111.10067848993,,11C/F5D6BE88,11C/F5D6BE88,0.082757,0.071488,1.7,36.8,0.0,14915305.098060593,0.0,20.98520035203902,258079.9911103953,6563014.485507933,1007.05,1
2026-09-13T01:25:25.035467+00:00,1789262725.0354676,D_rowsize_rep2,r3-sub,D02,load,16,1,1000,6,0,148643567,716012445,11100,27611,17860971419,7712788401,207937.275,,,1,1.000075101852417,4171.686698601232,4169.686848793657,,11C/F6327C70,11C/F6327C70,0.065511,0.056462,1.8,36.8,0.0,14588856.34986348,0.0,16.99872336438661,246356.49817063243,6066760.375057663,1007.05,1
2026-09-13T01:25:26.059163+00:00,1789262726.0591629,D_rowsize_rep2,r3-sub,D02,load,16,1,1000,6,0,148647507,716016383,11100,27611,17860971419,7712825481,207941.657,,,1,1.0236952304840088,3848.801755320425,3846.848048845643,,11C/F6877DA8,11C/F6877DA8,0.166158,0.154407,6.1,36.8,0.0,13423995.336485712,0.0,16.606505035646503,214109.62313106516,5509923.102145498,1007.04,1
2026-09-13T01:25:27.059694+00:00,1789262727.0596945,D_rowsize_rep2,r3-sub,D02,load,16,1,1000,6,0,148651741,716020615,11100,27611,17860971419,7712865343,207946.939,,,1,1.0005316734313965,4231.750090908355,4229.751153690165,,11C/F6EB9CB8,11C/F6EB9CB8,0.042644,0.031683,2.9,36.8,0.0,6107984.546897034,0.0,11.993623309140352,256234.76678230177,6632550.649037515,1007.04,1
2026-09-13T01:25:28.060817+00:00,1789262728.0608172,D_rowsize_rep2,r3-sub,D02,load,16,1,1000,6,0,148655952,716024823,11100,27611,17860971419,7712904962,207952.697,,,1,1.0011227130889893,4206.2775571306875,4203.280921492741,,11C/F742DCF0,11C/F742DCF0,0.053175,0.049889,2.2,36.8,0.0,15203666.644457638,0.0,24.971963649552883,235954.0912533493,5798349.117551196,1007.03,1
2026-09-13T01:25:29.062658+00:00,1789262729.062658,D_rowsize_rep2,r3-sub,D02,load,16,1,1000,6,0,148655953,716024823,11100,27611,17860971419,7712904962,207952.697,,,1,1.0018408298492432,0.9981625525788161,0.0,,11C/F7971DE8,11C/F7971DE8,0.125018,0.113611,1.0,36.8,0.0,13406105.640574723,0.0,17.96692594641869,224505.72316347476,5576802.056311421,1007.03,1
2026-09-13T01:25:30.063555+00:00,1789262730.063556,D_rowsize_rep2,r3-sub,D02,load,16,1,1000,6,0,148659673,716028541,11100,27611,17860971419,7712939985,207957.549,,,1,1.0008978843688965,3716.6628665077046,3714.6646606654963,,11C/F7F0CC40,11C/F7EB3B60,0.008997,-0.000193,2.3,36.8,0.0,6318550.672117425,0.0,11.98923505325066,264230.75133859133,6693708.823477455,1007.02,1
2026-09-13T01:25:31.064952+00:00,1789262731.0649524,D_rowsize_rep2,r3-sub,D02,load,16,1,1000,6,0,148663932,716032798,11100,27611,17860971419,7712980063,207963.528,,,1,1.0013964176177979,4253.060950758792,4251.063739699502,,11C/F852A000,11C/F852A000,0.063811,0.051755,2.1,36.8,0.0,17187391.224090695,0.0,66.9065704862266,232481.35893457418,5736760.087145231,1007.02,1
2026-09-13T01:25:32.065598+00:00,1789262732.065598,D_rowsize_rep2,r3-sub,D02,load,16,1,1000,6,0,148668261,716037125,11100,27611,17860971419,7713020818,207970.546,,,1,1.000645637512207,4326.206838579446,4324.208129021314,,11C/F8A5FF58,11C/F8A5FF58,0.159290,0.148172,3.1,36.8,0.0,14564164.828852527,0.0,18.987740802265993,229525.80952734945,5698330.943785721,1007.01,1
2026-09-13T01:25:33.067074+00:00,1789262733.0670745,D_rowsize_rep2,r3-sub,D02,load,16,1,1000,6,0,148672462,716041324,11100,27611,17860971419,7713060378,207974.957,,724297,1,1.001476526260376,4194.806258402279,4192.80920710097,119940,11C/F910FFF0,11C/F910FFF0,0.102089,0.091104,3.5,36.8,0.0,7161521.824961189,0.0,15.976410410482378,270638.3953022702,6917652.903827333,1007.01,1
2026-09-13T01:25:34.068498+00:00,1789262734.0684988,D_rowsize_rep2,r3-sub,D02,load,16,1,1000,6,0,148677002,716045858,11100,27611,17860971419,7713126322,207981.504,,,1,1.0014243125915527,4533.542817880149,4527.551351601013,,11C/F96D0758,11C/F962FD48,0.010602,-0.000190,1.7,36.8,0.0,13861600.747516235,0.0,16.975821124220825,262165.5942430477,6526647.014476661,1007.0,1
2026-09-13T01:25:35.069727+00:00,1789262735.0697274,D_rowsize_rep2,r3-sub,D02,load,16,1,1000,6,0,148681175,716050026,11100,27611,17860971419,7713195567,207987.546,,,1,1.0012285709381104,4167.879464416471,4162.8855997334895,,11C/F9C71F50,11C/F9C71F50,0.147446,0.136404,1.0,36.8,0.0,6390101.307242341,0.0,11.98527523915592,221284.13674053573,5531610.024682715,1007.0,1
2026-09-13T01:25:36.070583+00:00,1789262736.0705838,D_rowsize_rep2,r3-sub,D02,load,16,1,1000,6,0,148685425,716054274,11100,27611,17860971419,7713235591,207992.456,,,1,1.0008563995361328,4246.363416339995,4244.365127673482,,11C/FA325FD8,11C/FA325FD8,0.051158,0.039859,1.8,36.8,0.0,15723366.516209072,0.0,23.979463998155268,277930.98003761884,7094961.877938854,1006.99,1
2026-09-13T01:25:37.071154+00:00,1789262737.0711544,D_rowsize_rep2,r3-sub,D02,load,16,1,1000,6,0,148689879,716058726,11100,27611,17860971419,7713277490,207999.036,,,1,1.00057053565979,4451.460283170312,4449.461423590981,,11C/FA965E48,11C/FA965E48,0.038556,0.026564,1.6,36.8,0.0,14675786.940215126,0.0,19.988595793310786,266958.6905473519,6629828.446453008,1006.99,1
2026-09-13T01:25:38.078147+00:00,1789262738.0771475,D_rowsize_rep2,r3-sub,D02,load,16,1,1000,6,0,148694160,716063005,11100,27611,17860971419,7713317769,208005.694,,,1,1.005993127822876,4255.4962669225615,4253.508181770998,,11C/FAFC1BE8,11C/FAFC1BE8,0.014905,0.003194,6.1,36.8,0.0,14462317.4827111,0.0,17.892766364075243,281575.48214372474,6705176.023019163,1006.98,1
2026-09-13T01:25:39.077798+00:00,1789262739.0777981,D_rowsize_rep2,r3-sub,D02,load,16,1,1000,6,0,148698570,716067413,11100,27611,17860971419,7713359255,208010.692,,,1,1.0006506443023682,4407.132524333261,4405.13382477574,,11C/FB539B68,11C/FB539B68,0.123455,0.113762,2.0,36.8,0.0,6831778.941956378,0.0,18.987645796447158,228842.10518811742,5802399.70169403,1006.98,1
2026-09-13T01:25:40.078377+00:00,1789262740.0783772,D_rowsize_rep2,r3-sub,D02,load,16,1,1000,6,0,148702847,716071690,11100,27611,17860971419,7713399520,208015.906,,,1,1.0005791187286377,4274.524542781254,4274.524542781254,,11C/FBB79D60,11C/FBB79D60,0.107595,0.096963,1.7,36.8,0.0,15518948.686167073,0.0,28.983215277216825,264692.71149344026,6623590.154890482,1006.97,1
2026-09-13T01:25:41.079016+00:00,1789262741.0789797,D_rowsize_rep2,r3-sub,D02,load,16,1,1000,6,0,148707037,716075876,11100,27611,17860971419,7713438922,208020.719,,,1,1.0006024837493896,4187.477113088423,4183.479521572348,,11C/FC211FE0,11C/FC211FE0,0.031367,0.020465,1.8,36.7,0.0,15424435.028551782,0.0,18.98855970135562,281743.2542678035,6983360.638699057,1006.96,1
2026-09-13T01:25:42.079613+00:00,1789262742.0795014,D_rowsize_rep2,r3-sub,D02,load,16,1,1000,6,0,148711478,716080315,11100,27611,17860971419,7713480724,208026.881,,,1,1.0005216598510742,4438.684516496159,4436.6855592718875,,11C/FC782DD0,11C/FC751DE0,0.005949,-0.000198,2.1,36.8,0.0,5620875.8147595655,0.0,12.993221957768537,260950.8724067626,6442118.405471999,1006.96,1
2026-09-13T01:25:43.081272+00:00,1789262743.0812724,D_rowsize_rep2,r3-sub,D02,load,16,1,1000,6,0,148715704,716084539,11100,27611,17860971419,7713520548,208032.046,,,1,1.0017709732055664,4218.529098000538,4216.532633685347,,11C/FCD91FF8,11C/FCD91FF8,0.144102,0.133063,2.1,36.7,0.0,14711354.585212003,0.0,17.96817883672733,239601.67185912858,5759917.340723301,1006.95,1
2026-09-13T01:25:44.081776+00:00,1789262744.0817766,D_rowsize_rep2,r3-sub,D02,load,16,1,1000,6,0,148720151,716088984,11100,27611,17860971419,7713562396,208037.824,,,1,1.0005042552947998,4444.758706887944,4442.759714890243,,11C/FD42DFF0,11C/FD42DFF0,0.046170,0.035992,2.1,36.7,0.0,15696149.133691369,0.0,23.987903972410763,301797.8168528929,7015565.364019179,1006.95,1
2026-09-13T01:25:45.082420+00:00,1789262745.0824208,D_rowsize_rep2,r3-sub,D02,load,16,1,1000,6,0,148724347,716093178,11100,27611,17860971419,7713601880,208042.848,,,1,1.0006442070007324,4193.298647655019,4191.299935239549,,11C/FDA5DD68,11C/FDA5DD68,0.012083,0.005582,2.0,36.8,0.0,11473696.564348968,0.0,24.9839051933688,266399.3836520605,6559894.07031584,1006.94,1
2026-09-13T01:25:46.084016+00:00,1789262746.0840166,D_rowsize_rep2,r3-sub,D02,load,16,1,1000,6,0,148728522,716097351,11100,27611,17860971419,7713641183,208048.173,,,1,1.0015957355499268,4168.348418244526,4166.351604630996,,11C/FDF8B5D0,11C/FDF87FF0,0.001041,-0.000203,7.8,37.0,0.0,6052421.935154917,0.0,11.980881681181872,226321.85017794586,5784066.1600053515,1006.94,1
2026-09-13T01:25:47.084321+00:00,1789262747.084321,D_rowsize_rep2,r3-sub,D02,load,16,1,1000,6,0,148728529,716097402,11113,27662,17860971419,7713753064,208048.214,,,1,1.0003044605255127,6.997869424997396,50.984477239266745,,11C/FE62BDE0,11C/FE62BDE0,0.054916,0.043398,2.9,36.8,0.0,16747541.034855483,0.0,65.97991172140402,259747.9170126855,6721564.548925167,1006.93,1
2026-09-13T01:25:48.085490+00:00,1789262748.0854902,D_rowsize_rep2,r3-sub,D02,load,16,1,1000,6,0,148733000,716101871,11113,27662,17860971419,7713795196,208054.046,,,1,1.001169204711914,4465.778590629471,4463.780926308009,,11C/FEC57D60,11C/FEC57D60,0.023066,0.011963,2.3,36.8,0.0,14761109.241521735,0.0,29.96496482193785,260383.55831671116,6548536.420361172,1006.93,1
2026-09-13T01:25:49.087224+00:00,1789262749.0872242,D_rowsize_rep2,r3-sub,D02,load,16,1,1000,6,0,148737168,716106037,11113,27662,17860971419,7713834418,208058.949,,,1,1.0017340183258057,4160.785122348108,4158.788584381531,,11C/FF207BD8,11C/FF207BD8,0.071933,0.061265,1.2,36.8,4088.9097555513085,14826386.773629045,0.9982689832888937,31.944607465244598,236407.06581552594,6021935.85287429,1006.92,1
2026-09-13T01:25:50.087830+00:00,1789262750.0878308,D_rowsize_rep2,r3-sub,D02,load,16,1,1000,6,0,148741699,716110566,11113,27662,17860971419,7713877073,208063.986,,,1,1.0006065368652344,4528.253447349058,4526.254659687461,,11C/FF833D98,11C/FF833D98,0.042128,0.030039,1.8,36.8,1535.0689241068535,6385886.724284511,0.9993938307987328,11.992725969584793,266595.3001223776,6547891.462438477,1006.92,1
2026-09-13T01:25:51.089008+00:00,1789262751.0890083,D_rowsize_rep2,r3-sub,D02,load,16,1,1000,6,0,148745850,716114715,11113,27662,17860971419,7713916147,208069.153,,,1,1.0011775493621826,4146.11774169773,4144.120094026471,,11C/FFE5FF48,11C/FFE5FF48,0.010147,0.000259,1.4,36.7,0.0,14556427.0885662,0.0,17.978829041329593,267821.62681416626,6536152.357959756,1006.91,1
2026-09-13T01:25:52.090342+00:00,1789262752.0903418,D_rowsize_rep2,r3-sub,D02,load,16,1,1000,6,0,148750021,716118884,11113,27662,17860971419,7713955384,208074.029,,,1,1.001333475112915,4165.445482115395,4163.448145514045,,11D/415B48,11D/415B48,0.054900,0.044773,7.6,36.7,0.0,16321275.984663434,0.0,31.95738562159977,239401.76370610992,6043459.197564131,1006.91,1
2026-09-13T01:25:53.091404+00:00,1789262753.091405,D_rowsize_rep2,r3-sub,D02,load,16,1,1000,6,0,148754565,716123426,11113,27662,17860971419,7713998143,208079.171,,,1,1.0010631084442139,4539.174365402381,4537.176489361272,,11D/A49FF8,11D/A49FF8,0.028426,0.017502,1.6,36.8,0.0,6301141.203578292,0.0,12.986194267216321,256383.43660359015,6563640.13874372,1006.9,1
2026-09-13T01:25:54.092542+00:00,1789262754.0925424,D_rowsize_rep2,r3-sub,D02,load,16,1,1000,6,0,148758737,716127596,11113,27662,17860971419,7714037411,208083.966,,,1,1.0011374950408936,4167.25976268583,4165.262035091062,,11D/FB83D8,11D/F71E40,0.006233,-0.000196,1.9,36.7,0.0,14045591.209652603,0.0,19.977275947678955,240399.54670778682,6052750.026860678,1006.9,1
2026-09-13T01:25:55.093443+00:00,1789262755.0934439,D_rowsize_rep2,r3-sub,D02,load,16,1,1000,6,0,148763271,716132128,11113,27662,17860971419,7714080082,208089.473,,,1,1.000901460647583,4529.916458575755,4527.918259873251,,11D/1633C68,11D/1633C68,0.045729,0.034979,1.4,36.7,0.0,15878166.457782537,0.0,21.980185727540057,258762.73557681657,6566286.750893324,1006.89,1
2026-09-13T01:25:56.094146+00:00,1789262756.094146,D_rowsize_rep2,r3-sub,D02,load,16,1,1000,6,0,148767410,716136265,11113,27662,17860971419,7714119024,208094.604,,,1,1.000702142715454,4136.0958704141685,4134.097273714283,,11D/1C4FC20,11D/1C4FC20,0.023639,0.016701,1.4,36.7,0.0,14784371.261416228,0.0,18.986668648917423,284146.48861289857,6482886.08875766,1006.88,1
2026-09-13T01:25:57.094427+00:00,1789262757.0944276,D_rowsize_rep2,r3-sub,D02,load,16,1,1000,6,0,148771585,716140438,11113,27662,17860971419,7714158316,208100.551,,,1,1.000281572341919,4173.824766385769,4171.825329371932,,11D/2209BC8,11D/2209BC8,0.077033,0.066307,1.4,36.7,0.0,6265115.916638958,0.0,12.996340589943713,240520.27614256754,6074253.658172059,1006.88,1
2026-09-13T01:25:58.094541+00:00,1789262758.0945418,D_rowsize_rep2,r3-sub,D02,load,16,1,1000,6,0,148776140,716144991,11113,27662,17860971419,7714201219,208106.497,,,1,1.0001142024993896,4554.479867015767,4552.480095394684,,11D/2841F18,11D/2841F18,0.047732,0.036143,3.7,36.7,0.0,14776680.466158083,0.0,17.997944589743973,262463.02606642584,6600383.219739377,1006.87,1
2026-09-13T01:25:59.095205+00:00,1789262759.0952055,D_rowsize_rep2,r3-sub,D02,load,16,1,1000,6,0,148780332,716149181,11113,27662,17860971419,7714240700,208111.43,,,1,1.0006637573242188,4189.219374957113,4187.220701591198,,11D/2E79CF0,11D/2E79CF0,0.015903,0.004839,1.6,36.7,0.0,14764471.973589309,0.0,23.984080390975837,256647.6482437347,6579179.021736976,1006.87,1
2026-09-13T01:26:00.095617+00:00,1789262760.0956173,D_rowsize_rep2,r3-sub,D02,load,16,1,1000,6,0,148784834,716153681,11113,27662,17860971419,7714283070,208117.385,,,1,1.0004117488861084,4500.147069456827,4498.147892615665,,11D/341FF88,11D/341FF88,0.070524,0.065128,2.1,36.7,0.0,7300162.16635959,0.0,13.994237888137624,248567.65254594162,5979827.812559059,1006.86,1
2026-09-13T01:26:01.095751+00:00,1789262761.0957508,D_rowsize_rep2,r3-sub,D02,load,16,1,1000,6,0,148789023,716157868,11113,27662,17860971419,7714322512,208122.772,,,1,1.0001335144042969,4188.440782823948,4186.44104981711,,11D/3A55CD0,11D/3A55CD0,0.048858,0.038286,1.8,36.7,0.0,13588713.710983718,0.0,16.997730558130133,255723.85718154392,6581145.322302702,1006.86,1
2026-09-13T01:26:02.096641+00:00,1789262762.0966413,D_rowsize_rep2,r3-sub,D02,load,16,1,1000,6,0,148793205,716162048,11113,27662,17860971419,7714361864,208127.595,,,1,1.0008904933929443,4178.279269916264,4176.281049318503,,11D/4000000,11D/4000000,0.021432,0.017531,1.8,36.7,0.0,14838882.07355482,0.0,18.98309567872047,256634.4687012198,5993833.530842377,1006.85,1
2026-09-13T01:26:03.098432+00:00,1789262763.0984325,D_rowsize_rep2,r3-sub,D02,load,16,1,1000,6,0,148793207,716162048,11113,27662,17860971419,7714361864,208127.595,,846309,1,1.00179123878479,1.996423928029231,0.0,122012,11D/462DC88,11D/462DC88,0.134330,0.123890,3.1,36.7,0.0,15479728.110630235,0.0,22.958875172336157,252025.5620385181,6541638.3636469655,1006.85,1
2026-09-13T01:26:04.099602+00:00,1789262764.0996027,D_rowsize_rep2,r3-sub,D02,load,16,1,1000,6,0,148797699,716166534,11113,27662,17860971419,7714413707,208133.187,,,1,1.0011701583862305,4486.749792103852,4480.756804848148,,11D/4C61BA8,11D/4C61BA8,0.053814,0.042390,7.2,36.8,0.0,6668676.592160624,0.0,13.983636929976386,261674.79903943883,6567738.705475218,1006.84,1
2026-09-13T01:26:05.100522+00:00,1789262765.1005225,D_rowsize_rep2,r3-sub,D02,load,16,1,1000,6,0,148801882,716170712,11113,27662,17860971419,7714466023,208138.11,,,1,1.0009198188781738,4179.155933477555,4174.1605283455,,11D/5203FB0,11D/5203FB0,0.117479,0.106759,1.8,36.7,0.0,14408762.548197044,0.0,19.981620528221637,246763.0227132731,5973478.481724145,1006.84,1
2026-09-13T01:26:06.100662+00:00,1789262766.1006622,D_rowsize_rep2,r3-sub,D02,load,16,1,1000,6,0,148806384,716175212,11113,27662,17860971419,7714508418,208143.406,,,1,1.0001397132873535,4501.37109864621,4499.37137803375,,11D/583DF60,11D/583DF60,0.084754,0.073466,2.1,36.7,0.0,14899166.388485039,0.0,17.997485512135004,266590.7537294184,6587587.626476975,1006.83,1
2026-09-13T01:26:07.101807+00:00,1789262767.1018076,D_rowsize_rep2,r3-sub,D02,load,16,1,1000,6,0,148810564,716179390,11113,27662,17860971419,7714547797,208147.849,,,1,1.001145362854004,4175.217860555146,4173.220148660144,,11D/5E71FF0,11D/5E71FF0,0.050187,0.041557,1.7,36.7,0.0,6165610.13917432,0.0,12.985127317516005,272738.61532115866,6556897.972624662,1006.82,1
2026-09-13T01:26:08.101939+00:00,1789262768.1019394,D_rowsize_rep2,r3-sub,D02,load,16,1,1000,6,0,148814736,716183560,11113,27662,17860971419,7714587063,208152.685,,,1,1.0001318454742432,4171.450013194729,4169.4502768509155,,11D/6415DB8,11D/6415DB8,0.117033,0.110848,1.4,36.7,0.0,14792801.63605291,0.0,17.9976270943205,238969.49295387184,5972433.561664676,1006.82,1
2026-09-13T01:26:09.103635+00:00,1789262769.1036358,D_rowsize_rep2,r3-sub,D02,load,16,1,1000,6,0,148819227,716188049,11113,27662,17860971419,7714629361,208157.925,,,1,1.0016963481903076,4483.394601681003,4481.397988631936,,11D/6A45D58,11D/6A45D58,0.086881,0.076057,1.4,36.7,0.0,6562946.956806736,0.0,17.969517441607227,261541.33482997055,6550657.803489726,1006.81,1
2026-09-13T01:26:10.104439+00:00,1789262770.1044393,D_rowsize_rep2,r3-sub,D02,load,16,1,1000,6,0,148823398,716192218,11113,27662,17860971419,7714668617,208162.772,,,1,1.0008034706115723,4167.651414569116,4165.653020220246,,11D/6FFFE40,11D/6FFFE40,0.063008,0.056621,3.5,36.7,0.0,15044807.938964292,0.0,28.976718058620083,251346.05083481947,6059869.0732896365,1006.81,1
2026-09-13T01:26:11.105580+00:00,1789262771.10558,D_rowsize_rep2,r3-sub,D02,load,16,1,1000,6,0,148827951,716196769,11113,27662,17860971419,7714711461,208167.771,,,1,1.001140832901001,4547.811706777351,4545.81398584312,,11D/7633C88,11D/7633C88,0.104587,0.093532,1.8,36.7,0.0,14990642.182191422,0.0,18.978348875196502,257481.25691072515,6569503.294498402,1006.8,1
2026-09-13T01:26:12.106721+00:00,1789262772.1067219,D_rowsize_rep2,r3-sub,D02,load,16,1,1000,6,0,148832130,716200946,11113,27662,17860971419,7714750809,208173.526,,,1,1.0011417865753174,4174.233915752759,4172.23619672153,,11D/7C53EA0,11D/7C53EA0,0.091544,0.086879,2.1,36.7,0.0,14712417.559140509,0.0,18.978330796674424,263632.9873941825,6477342.257566575,1006.8,1
2026-09-13T01:26:13.107860+00:00,1789262773.1078603,D_rowsize_rep2,r3-sub,D02,load,16,1,1000,6,0,148836241,716205055,11113,27662,17860971419,7714789498,208178.078,,,1,1.00113844871521,4106.3251593980485,4104.327433706296,,11D/8211DF0,11D/8211DF0,0.138182,0.127217,1.9,36.7,0.0,6345671.778117059,0.0,13.984079842270175,246210.7017429298,6081245.813516726,1006.79,1
2026-09-13T01:26:14.108860+00:00,1789262774.1088605,D_rowsize_rep2,r3-sub,D02,load,16,1,1000,6,0,148840806,716209618,11113,27662,17860971419,7714832466,208183.405,,,1,1.001000165939331,4560.438804439396,4558.44080277261,,11D/8847F88,11D/8847F88,0.108832,0.097157,2.9,36.7,9279934.525568305,15196321.157175457,1840.1595351100477,46.953039169474614,256834.12325785952,6561204.706531549,1006.79,1
2026-09-13T01:26:15.109149+00:00,1789262775.1091492,D_rowsize_rep2,r3-sub,D02,load,16,1,1000,6,0,148844983,716213793,11113,27662,17860971419,7714871790,208188.083,,,1,1.000288724899292,4175.794344198507,4173.79492148163,,11D/8E79B90,11D/8E79B90,0.079182,0.067788,4.1,36.8,110654259.36011003,9676054.282201827,5005.554771702639,115.96651757889079,253051.9376047994,6561253.602714327,1006.78,1
2026-09-13T01:26:16.110485+00:00,1789262776.1104858,D_rowsize_rep2,r3-sub,D02,load,16,1,1000,6,0,148849471,716218279,11113,27662,17860971419,7714914057,208193.53,,,1,1.0013365745544434,4482.009460202718,4480.012129783733,,11D/941DE00,11D/941DE00,0.141561,0.130895,5.5,36.8,0.0,6193066.504895581,0.0,11.983982513911013,256565.08164032086,5969386.469938641,1006.78,1
2026-09-13T01:26:17.110573+00:00,1789262777.1105733,D_rowsize_rep2,r3-sub,D02,load,16,1,1000,6,0,148853634,716222440,11113,27662,17860971419,7714953236,208198.433,,,1,1.0000874996185303,4162.635770957961,4160.635945941886,,11D/9A51FF0,11D/9A51FF0,0.110408,0.099292,1.9,36.8,2047.8208164597413,9696431.565936876,3.9996500321479322,26.997637716998543,254959.69112428604,6570167.112883942,1006.77,1
2026-09-13T01:26:18.110782+00:00,1789262778.1107826,D_rowsize_rep2,r3-sub,D02,load,16,1,1000,6,0,148857818,716226622,11113,27662,17860971419,7714992600,208203.436,,,1,1.0002093315124512,4183.124340255083,4181.124758830487,,11D/A078508,11D/9FFFE80,0.009082,-0.000180,2.5,36.8,0.0,14660611.072110817,0.0,25.99455851974956,284535.4377664664,7055633.033665762,1006.77,1
2026-09-13T01:26:19.110957+00:00,1789262779.1109579,D_rowsize_rep2,r3-sub,D02,load,16,1,1000,6,0,148857820,716226622,11113,27662,17860971419,7714992600,208203.436,,,1,1.0001752376556396,1.999649586094432,0.0,,11D/A62BFE8,11D/A62BFE8,0.138506,0.129520,2.0,36.7,0.0,14923208.89185917,0.0,23.995795033133184,219930.45990180306,5477745.092791747,1006.76,1
2026-09-13T01:26:20.111058+00:00,1789262780.1110582,D_rowsize_rep2,r3-sub,D02,load,16,1,1000,6,0,148862312,716231112,11113,27662,17860971419,7715034859,208208.472,,,1,1.0001003742218018,4491.549164247955,4489.54936497625,,11D/AC63E08,11D/AC63E08,0.104048,0.097361,2.1,36.8,5345255.4741414515,8359608.9107610155,14.998494537782571,21.99779198874777,274883.4087917563,6572999.24031635,1006.76,1
2026-09-13T01:26:21.112275+00:00,1789262781.1122751,D_rowsize_rep2,r3-sub,D02,load,16,1,1000,6,0,148866489,716235287,11113,27662,17860971419,7715074192,208213.007,,,1,1.0012168884277344,4171.923234894061,4169.925665712882,,11D/B31DF68,11D/B31DF68,0.081290,0.076001,1.9,36.8,0.0,14212209.326937512,0.0,15.980553449438588,256562.79170778356,6573866.33812766,1006.75,1
2026-09-13T01:26:22.112556+00:00,1789262782.1125562,D_rowsize_rep2,r3-sub,D02,load,16,1,1000,6,0,148871122,716239918,11113,27662,17860971419,7715117797,208218.241,,,1,1.0002810955047607,4631.698050498596,4629.698612531621,,11D/BB6BB58,11D/BB6BB58,0.032034,0.021485,3.1,36.8,-28264694.921314184,-755912536543.9852,-2810.2100625839744,-1058656.4164402524,270697.90803490323,6676879.159282495,1006.74,1
2026-09-13T01:26:23.112792+00:00,1789262783.1127923,D_rowsize_rep2,r3-sub,D02,load,16,1,1000,6,0,148875195,716243989,11113,27662,17860971419,7715156133,208223.414,,,1,1.0002360343933105,4072.0388587784314,4070.03933073582,,11D/C101EA0,11D/C101EA0,0.123478,0.118921,1.6,36.8,28265968.259330574,755966029888.7719,2810.3366638905404,1058731.1030464135,260996.39587404364,5766750.84846211,1006.74,1
2026-09-13T01:26:24.113912+00:00,1789262784.1139126,D_rowsize_rep2,r3-sub,D02,load,16,1,1000,6,0,148879276,716248068,11113,27662,17860971419,7715194511,208228.283,,,1,1.0011203289031982,4076.4330542273965,4074.4352923777383,,11D/C73BFE0,11D/C73BFE0,0.098824,0.087587,1.8,36.8,0.0,14823201.139325691,0.0,22.974261271068393,255977.2213203944,6565061.97132224,1006.73,1
2026-09-13T01:26:25.114061+00:00,1789262785.1140614,D_rowsize_rep2,r3-sub,D02,load,16,1,1000,6,0,148883447,716252237,11113,27662,17860971419,7715233801,208233.171,,,1,1.0001487731933594,4170.37955931544,4168.379856817566,,11D/CC83828,11D/CC81F90,0.000576,-0.000148,1.6,36.7,0.0,14538637.040540386,0.0,16.997471231925793,240365.24009565837,5829085.78829291,1006.73,1
2026-09-13T01:26:26.115072+00:00,1789262786.1150725,D_rowsize_rep2,r3-sub,D02,load,16,1,1000,6,0,148887743,716256531,11113,27662,17860971419,7715274247,208237.861,,,1,1.0010111331939697,4291.660559550987,4289.66257977466,,11D/D313C30,11D/D313C30,0.021401,0.009846,2.5,36.7,0.0,15393587.033176493,0.0,18.980807875109114,262936.13654444576,6694798.666841012,1006.72,1
2026-09-13T01:26:27.115359+00:00,1789262787.1153593,D_rowsize_rep2,r3-sub,D02,load,16,1,1000,6,0,148892119,716260905,11113,27662,17860971419,7715315438,208242.977,,,1,1.0002868175506592,4374.745246283703,4372.745819754323,,11D/D847CE0,11D/D847CE0,0.085623,0.074118,1.4,36.8,0.0,5405169.702465042,0.0,9.997132646900601,211073.46042707114,5501384.106485343,1006.72,1
2026-09-13T01:26:28.115687+00:00,1789262788.1156871,D_rowsize_rep2,r3-sub,D02,load,16,1,1000,6,0,148896322,716265106,11113,27662,17860971419,7715355004,208247.968,,,1,1.0003278255462646,4201.622600775703,4199.623256211927,,11D/DD6BF80,11D/DD6BF80,0.163972,0.153005,1.4,36.7,0.0,13602452.768490631,0.0,14.995084228321566,210868.87179691298,5453594.172511291,1006.71,1
2026-09-13T01:26:29.116338+00:00,1789262789.1163387,D_rowsize_rep2,r3-sub,D02,load,16,1,1000,6,0,148900080,716268862,11113,27662,17860971419,7715390374,208252.291,,,1,1.0006515979766846,3755.552889335977,3753.554191683323,,11D/E321D48,11D/E321D48,0.144184,0.133133,1.5,36.7,0.0,15059371.344102042,0.0,24.983720658169084,233931.57066187408,6020821.844668036,1006.71,1
2026-09-13T01:26:30.117019+00:00,1789262790.1170194,D_rowsize_rep2,r3-sub,D02,load,16,1,1000,6,0,148904338,716273118,11113,27662,17860971419,7715430484,208257.738,,,1,1.000680685043335,4255.103614611693,4253.104975055746,,11D/E97DDB8,11D/E97DDB8,0.022774,0.011199,7.0,36.7,0.0,15807991.736459829,0.0,18.987075781498866,262114.5825240359,6687433.963722603,1006.7,1
2026-09-13T01:26:31.118098+00:00,1789262791.1180983,D_rowsize_rep2,r3-sub,D02,load,16,1,1000,6,0,148908488,716277266,11113,27662,17860971419,7715469574,208262.349,,,1,1.0010788440704346,4145.5276221060685,4143.529777468909,,11D/EE8FD30,11D/EE8FD30,0.136112,0.124821,1.9,36.8,0.0,5192222.401649603,0.0,10.98814550437753,202107.95702897164,5346917.509749504,1006.7,1
2026-09-13T01:26:32.118261+00:00,1789262792.1182613,D_rowsize_rep2,r3-sub,D02,load,16,1,1000,6,0,148912856,716281632,11113,27662,17860971419,7715510715,208267.665,,,1,1.0001630783081055,4367.287790096181,4365.288116199617,,11D/F5056D0,11D/F40FF48,0.011525,-0.000184,2.9,36.8,0.0,15488546.154098175,0.0,18.996902017359762,268102.2783340501,6942419.841918022,1006.69,1
2026-09-13T01:26:33.119393+00:00,1789262793.1193933,D_rowsize_rep2,r3-sub,D02,load,16,1,1000,6,0,148912858,716281632,11113,27662,17860971419,7715510715,208267.665,,965558,1,1.0011320114135742,1.9977385371745813,0.0,119249,11D/FB3FDA8,11D/FB3FDA8,0.052168,0.046960,4.0,36.8,0.0,14917129.638990896,0.0,18.978516103158523,256275.8927643668,6470365.472435207,1006.69,1
2026-09-13T01:26:34.120533+00:00,1789262794.1205337,D_rowsize_rep2,r3-sub,D02,load,16,1,1000,6,0,148917015,716285783,11113,27662,17860971419,7715573836,208272.541,,,1,1.0011403560638428,4152.264939497562,4146.271773840361,,11D/100208F0,11D/FFFFFE0,0.006104,-0.000168,1.5,36.8,0.0,5347374.089531367,0.0,14.982914143002992,232990.3080893537,5983097.138897099,1006.68,1
2026-09-13T01:26:35.121533+00:00,1789262795.1215334,D_rowsize_rep2,r3-sub,D02,load,16,1,1000,6,0,148921318,716290081,11113,27662,17860971419,7715644150,208276.716,,,1,1.0009996891021729,4298.702633823485,4293.707627277095,,11D/10647D60,11D/10647D60,0.135886,0.126509,1.6,36.8,0.0,14460807.688145544,0.0,17.98202356700505,229492.57876997412,5688778.9896393875,1006.68,1
2026-09-13T01:26:36.122003+00:00,1789262796.1220036,D_rowsize_rep2,r3-sub,D02,load,16,1,1000,6,0,148925127,716293888,11113,27662,17860971419,7715680005,208281.28,,,1,1.0004701614379883,3807.2099966732408,3805.210936554221,,11D/10C8A000,11D/10C8A000,0.106789,0.095402,2.2,36.7,0.0,15909575.930902543,0.0,22.98919136872789,274317.0267122563,6602059.965992704,1006.67,1
2026-09-13T01:26:37.122985+00:00,1789262797.1229854,D_rowsize_rep2,r3-sub,D02,load,16,1,1000,6,0,148929326,716298085,11113,27662,17860971419,7715719520,208285.859,,,1,1.0009818077087402,4194.881433071759,4192.883394761175,,11D/11327DA0,11D/11327DA0,0.024882,0.015834,2.5,36.7,0.0,15598637.137812255,0.0,20.979402261135256,279415.6675436628,6983827.2245943835,1006.66,1
2026-09-13T01:26:38.123288+00:00,1789262798.1232882,D_rowsize_rep2,r3-sub,D02,load,16,1,1000,6,0,148933770,716302527,11113,27662,17860971419,7715761361,208291.193,,,1,1.000302791595459,4442.654801464591,4440.655406864472,,11D/1189E850,11D/11867FE0,0.007802,-0.000161,2.0,36.7,0.0,5298619.622510769,0.0,10.996670300654928,261874.70653979646,6663013.495513129,1006.66,1
2026-09-13T01:26:39.124302+00:00,1789262799.1243026,D_rowsize_rep2,r3-sub,D02,load,16,1,1000,6,0,148938006,716306761,11113,27662,17860971419,7715801244,208296.481,,,1,1.0010144710540771,4231.707055682676,4229.709082568567,,11D/11EBDF00,11D/11EBDF00,0.139839,0.128628,1.4,36.7,0.0,14992534.50771467,0.0,24.9746639263614,217592.25895170224,5548775.927436056,1006.65,1
2026-09-13T01:26:40.124621+00:00,1789262800.1246219,D_rowsize_rep2,r3-sub,D02,load,16,1,1000,6,0,148942195,716310948,11113,27662,17860971419,7715840685,208301.704,,,1,1.000319242477417,4187.663120050967,4185.663758332155,,11D/12549F00,11D/12549F00,0.077440,0.066119,2.0,36.7,0.0,11931934.819567824,0.0,73.97638359603046,267013.7578664343,6885083.988730214,1006.65,1
2026-09-13T01:26:41.124880+00:00,1789262801.1248808,D_rowsize_rep2,r3-sub,D02,load,16,1,1000,6,0,148946617,716315368,11113,27662,17860971419,7715882327,208306.998,,,1,1.0002589225769043,4420.855340743054,4418.855858454161,,11D/12B91E10,11D/12B91E10,0.046691,0.035725,1.4,36.8,0.0,6117839.953114252,0.0,11.99689373335971,258194.14770593436,6625455.519983601,1006.64,1
2026-09-13T01:26:42.125441+00:00,1789262802.125441,D_rowsize_rep2,r3-sub,D02,load,16,1,1000,6,0,148950832,716319581,11113,27662,17860971419,7715922008,208311.974,,,1,1.0005602836608887,4212.639726791868,4210.640846731706,,11D/13101F78,11D/13101F78,0.156126,0.146690,8.4,36.8,0.0,23641154.247550547,0.0,58.96696177478534,243529.55436974313,5736259.067769704,1006.64,1
2026-09-13T01:26:43.126237+00:00,1789262803.1262376,D_rowsize_rep2,r3-sub,D02,load,16,1,1000,6,0,148955162,716323909,11113,27662,17860971419,7715962766,208317.082,,,1,1.0007965564727783,4326.553655680745,4324.555247525696,,11D/13739FE8,11D/13739FE8,0.127018,0.115763,1.6,36.8,0.0,17877087.88992685,0.0,23.980897860586115,261094.02386528638,6592291.867242704,1006.63,1
2026-09-13T01:26:44.126394+00:00,1789262804.126394,D_rowsize_rep2,r3-sub,D02,load,16,1,1000,6,0,148959352,716328097,11113,27662,17860971419,7716002194,208321.957,,,1,1.0001564025878906,4189.3447756355245,4187.345088391784,,11D/13D77FF8,11D/13D77FF8,0.094152,0.082914,2.5,36.8,0.0,6147134.5722447885,0.0,15.997497949920858,257536.7205904228,6584198.214360089,1006.63,1
2026-09-13T01:26:45.127510+00:00,1789262805.12751,D_rowsize_rep2,r3-sub,D02,load,16,1,1000,6,0,148963532,716332275,11113,27662,17860971419,7716041568,208327.229,,,1,1.0011160373687744,4175.340164349242,4173.342393935677,,11D/1431BC28,11D/1431BC28,0.155667,0.139587,3.3,36.9,0.0,102048542.01368378,0.0,302.6622176549809,254191.31299587878,6164322.385864203,1006.62,1
2026-09-13T01:26:46.128333+00:00,1789262806.1283338,D_rowsize_rep2,r3-sub,D02,load,16,1,1000,6,0,148968006,716336747,11113,27662,17860971419,7716083692,208330.903,,,1,1.000823736190796,4470.317637577574,4468.31928369399,,11D/1494FCB8,11D/1494FCB8,0.128333,0.097813,2.8,36.9,0.0,146618425.0970101,0.0,411.6609000183193,250977.26094709107,6337582.503929359,1006.62,1
2026-09-13T01:26:47.128996+00:00,1789262807.1289966,D_rowsize_rep2,r3-sub,D02,load,16,1,1000,6,0,148972165,716340904,11113,27662,17860971419,7716122865,208334.14,,,1,1.0006628036499023,4156.245225494653,4154.246550223917,,11D/14F77D50,11D/14F77D50,0.098773,0.094251,3.7,37.1,0.0,85312286.70499042,0.0,207.86222815650103,257469.3483761583,6519362.942446709,1006.61,1
2026-09-13T01:26:48.130071+00:00,1789262808.1300716,D_rowsize_rep2,r3-sub,D02,load,16,1,1000,6,0,148976694,716345475,11126,27713,17860971419,7716277638,208337.859,,,1,1.001075029373169,4524.136420459782,4566.091317712887,,11D/1552DD58,11D/1552DD58,0.146901,0.135619,8.3,37.0,0.0,7168485.667346462,0.0,14.983891876108796,229849.9046011337,6016719.849431733,1006.61,1
2026-09-13T01:26:49.130288+00:00,1789262809.1302884,D_rowsize_rep2,r3-sub,D02,load,16,1,1000,6,0,148980842,716349621,11126,27713,17860971419,7716316717,208342.851,,,1,1.0002167224884033,4147.101229901795,4145.101663252855,,11D/15B5DB70,11D/15B5DB70,0.114435,0.103628,1.3,36.9,0.0,17269089.399972778,0.0,60.98678279267346,254743.791291646,6529844.8357783025,1006.6,1
2026-09-13T01:26:50.131306+00:00,1789262810.1313066,D_rowsize_rep2,r3-sub,D02,load,16,1,1000,6,0,148984988,716353765,11126,27713,17860971419,7716355751,208347.769,,,1,1.0010182857513428,4141.782481913507,4139.784516413307,,11D/161A8F90,11D/160FFBD0,0.010734,-0.000192,1.8,36.9,0.0,22783328.061666638,0.0,26.972534252692878,298906.62764009216,7017046.641388566,1006.59,1
2026-09-13T01:26:51.132575+00:00,1789262811.132575,D_rowsize_rep2,r3-sub,D02,load,16,1,1000,6,0,148989452,716358227,11126,27713,17860971419,7716397764,208353.11,,,1,1.0012683868408203,4458.34509375125,4456.347627311397,,11D/1672DB70,11D/1672DB70,0.148146,0.137333,1.0,36.9,0.0,11883806.735917311,0.0,22.970864058306173,209874.79756854422,5421336.647936101,1006.59,1
2026-09-13T01:26:52.132848+00:00,1789262812.1328487,D_rowsize_rep2,r3-sub,D02,load,16,1,1000,6,0,148993592,716362365,11126,27713,17860971419,7716436752,208358.024,,,1,1.0002737045288086,4138.8671733105275,4136.867720569798,,11D/16D5DD58,11D/16D5DD58,0.114189,0.105323,2.5,36.9,0.0,9532878.807897694,0.0,14.995895555472927,266555.04267764237,6535732.140514062,1006.58,1
2026-09-13T01:26:53.133989+00:00,1789262813.1339893,D_rowsize_rep2,r3-sub,D02,load,16,1,1000,6,0,148998131,716366902,11126,27713,17860971419,7716479439,208363.765,,,1,1.0011405944824219,4533.828739954962,4531.831018544979,,11D/1732AAF0,11D/17313EA8,0.004386,-0.000178,1.2,36.9,0.0,14646973.742565053,0.0,17.979492689841223,278948.8325007716,6776919.283257698,1006.58,1
2026-09-13T01:26:54.135215+00:00,1789262814.135215,D_rowsize_rep2,r3-sub,D02,load,16,1,1000,6,0,148998133,716366902,11126,27713,17860971419,7716479439,208363.765,,,1,1.0012257099151611,1.9975515812208517,0.0,,11D/17941FC8,11D/17941FC8,0.130386,0.129805,5.7,36.9,0.0,23154978.713006124,0.0,29.963273718312777,235994.73890859386,5769258.562576721,1006.57,1
2026-09-13T01:26:55.136119+00:00,1789262815.1361196,D_rowsize_rep2,r3-sub,D02,load,16,1,1000,6,0,149002281,716371048,11126,27713,17860971419,7716518494,208368.575,,,1,1.0009045600891113,4144.251275696756,4142.253083181955,,11D/17F59E40,11D/17F59E40,0.120887,0.109620,2.1,36.9,0.0,6236662.563955391,0.0,11.989155088804502,248580.14432250033,6443562.410611663,1006.57,1
2026-09-13T01:26:56.136640+00:00,1789262816.13664,D_rowsize_rep2,r3-sub,D02,load,16,1,1000,6,0,149006381,716375146,11126,27713,17860971419,7716557102,208373.238,,,1,1.0005204677581787,4097.867192249136,4095.868232643161,,11D/18525BB0,11D/18525BB0,0.145911,0.138705,2.7,36.9,0.0,14631488.781834902,0.0,17.990636453776695,246024.95194480527,6131671.662595881,1006.56,1
2026-09-13T01:26:57.136744+00:00,1789262817.136745,D_rowsize_rep2,r3-sub,D02,load,16,1,1000,6,0,149010970,716379733,11126,27713,17860971419,7716600305,208379.136,,,1,1.0001049041748047,4588.518645237946,4586.518855024287,,11D/18B4FFF0,11D/18B4FFF0,0.123520,0.118783,1.4,36.9,0.0,14830060.26476562,0.0,17.998111922920682,258395.89319205176,6485609.6324734,1006.56,1
2026-09-13T01:26:58.138626+00:00,1789262818.1386268,D_rowsize_rep2,r3-sub,D02,load,16,1,1000,6,0,149015081,716383842,11126,27713,17860971419,7716639014,208383.452,,,1,1.0018818378448486,4103.278295615365,4101.282052221731,,11D/1920DC18,11D/1920DC18,0.013662,0.002588,2.0,36.9,0.0,15241206.520768065,0.0,21.95867732997763,302393.94363281876,7124310.203440724,1006.55,1
2026-09-13T01:26:59.140053+00:00,1789262819.1400533,D_rowsize_rep2,r3-sub,D02,load,16,1,1000,6,0,149019623,716388382,11126,27713,17860971419,7716681766,208388.857,,,1,1.0014264583587646,4535.530254956388,4533.5331038093345,,11D/19739FF0,11D/19739FF0,0.156614,0.145428,1.2,36.9,0.0,6736502.659472555,0.0,17.974360323473135,214461.0801995197,5454859.8695432,1006.55,1
2026-09-13T01:27:00.141107+00:00,1789262820.1410768,D_rowsize_rep2,r3-sub,D02,load,16,1,1000,6,0,149023791,716392548,11126,27713,17860971419,7716721014,208393.799,,,1,1.001023530960083,4163.738284955665,4161.740329924496,,11D/1A33D0F0,11D/1A33D0F0,0.023511,0.019082,2.1,36.9,0.0,15945790.9892395,0.0,61.9366059662311,301383.5246316805,7250155.241644768,1006.54,1
2026-09-13T01:27:01.142145+00:00,1789262821.1421454,D_rowsize_rep2,r3-sub,D02,load,16,1,1000,6,0,149028279,716397034,11126,27713,17860971419,7716763261,208399.805,,,1,1.0010685920715332,4483.2092781103875,4481.21141301319,,11D/1ACE1FD8,11D/1ACE1FD8,0.086441,0.076649,1.9,36.9,0.0,14337063.527585354,0.0,15.982920777577137,228689.62408086527,5876007.944498243,1006.53,1
2026-09-13T01:27:02.143140+00:00,1789262822.14314,D_rowsize_rep2,r3-sub,D02,load,16,1,1000,6,0,149032619,716401372,11126,27713,17860971419,7716804145,208404.74,,,1,1.0009946823120117,4335.687368464176,4333.6893558519805,,11D/1B317DC8,11D/1B317DC8,0.143873,0.139083,2.5,36.9,0.0,5724609.831857083,0.0,12.987081979270574,246244.06538372496,6054814.383230487,1006.53,1
2026-09-13T01:27:03.143910+00:00,1789262823.1439106,D_rowsize_rep2,r3-sub,D02,load,16,1,1000,6,0,149036593,716405344,11126,27713,17860971419,7716841566,208409.026,,1086411,1,1.0007705688476562,3970.9401172497387,3968.941657200796,120853,11D/1B923BD8,11D/1B923BD8,0.018889,0.014108,3.5,36.9,0.0,14742431.941207413,0.0,16.98691041601549,241547.87073559346,6304651.83170317,1006.52,1
2026-09-13T01:27:04.144752+00:00,1789262824.144752,D_rowsize_rep2,r3-sub,D02,load,16,1,1000,6,0,149039967,716408712,11126,27713,17860971419,7716882959,208412.885,,,1,1.0008413791656494,3371.163573205509,3365.16861723656,,11D/1BD31B28,11D/1BD31B28,0.146969,0.135990,2.3,36.9,0.0,12273577.267798886,0.0,16.9857085786881,164249.8036372576,4235422.4038316915,1006.52,1
2026-09-13T01:27:05.145897+00:00,1789262825.1458976,D_rowsize_rep2,r3-sub,D02,load,16,1,1000,6,0,149043180,716411920,11126,27713,17860971419,7716926474,208416.831,,,1,1.001145601272583,3209.323395034518,3204.3291164863786,,11D/1C1F5D20,11D/1C1F5D20,0.116795,0.105720,1.7,36.9,0.0,11058819.00287704,0.0,20.975969902186392,192829.09474367063,5010134.383674251,1006.52,1
2026-09-13T01:27:06.146905+00:00,1789262826.1469057,D_rowsize_rep2,r3-sub,D02,load,16,1,1000,6,0,149046356,716415094,11126,27713,17860971419,7716956356,208420.309,,,1,1.0010080337524414,3172.8017087877383,3170.8037228250255,,11D/1C699B70,11D/1C699B70,0.085709,0.078836,1.8,36.9,0.0,9231270.567689849,0.0,12.98690875763243,197860.54988743685,4872172.685485308,1006.51,1
2026-09-13T01:27:07.147596+00:00,1789262827.1475966,D_rowsize_rep2,r3-sub,D02,load,16,1,1000,6,0,149049543,716418279,11126,27713,17860971419,7716986360,208424.184,,,1,1.0006909370422363,3184.7995040505557,3182.800884970511,,11D/1CB69DC0,11D/1CB69DC0,0.067399,0.057144,1.6,36.9,0.0,18562534.45734563,0.0,111.92266848247952,194904.33337637788,5050137.67281346,1006.51,1
2026-09-13T01:27:08.148862+00:00,1789262828.148862,D_rowsize_rep2,r3-sub,D02,load,16,1,1000,6,0,149052718,716421452,11126,27713,17860971419,7717016249,208427.758,,,1,1.001265287399292,3170.987789107134,3168.9903164840744,,11D/1CFFFC78,11D/1CFFFC78,0.043436,0.034561,8.0,36.9,0.0,13483355.679957977,0.0,19.97472623059612,191667.48554568508,4827057.385114955,1006.5,1
2026-09-13T01:27:09.148954+00:00,1789262829.1489549,D_rowsize_rep2,r3-sub,D02,load,16,1,1000,6,0,149056619,716425351,11126,27713,17860971419,7717052992,208432.149,,,1,1.0000929832458496,3900.6373060823985,3898.6374920316,,11D/1D513F68,11D/1D513F68,0.075856,0.064649,1.8,36.9,0.0,5594615.7944641495,0.0,14.998605380988458,216298.88782733615,5360472.565861538,1006.5,1
2026-09-13T01:27:10.150568+00:00,1789262830.1505682,D_rowsize_rep2,r3-sub,D02,load,16,1,1000,6,0,149060055,716428785,11126,27713,17860971419,7717085323,208436.61,,,1,1.0016133785247803,3430.465360856791,3428.4685824162457,,11D/1DA31FC8,11D/1DA31FC8,0.076228,0.064762,2.5,36.9,69519.83818602447,13609530.675475849,2.99516766081792,17.97100596490752,216988.91474483532,5378617.254428692,1006.5,1
2026-09-13T01:27:11.151342+00:00,1789262831.1513422,D_rowsize_rep2,r3-sub,D02,load,16,1,1000,6,0,149060057,716428785,11126,27713,17860971419,7717085323,208436.61,,,1,1.0007739067077637,1.9984533835213398,0.0,,11D/1DF6DBA0,11D/1DF6DBA0,0.144165,0.137403,1.6,36.9,0.0,9499464.300857404,0.0,14.988400376410048,230737.43075460684,5518245.392875368,1006.49,1
2026-09-13T01:27:12.152520+00:00,1789262832.1525202,D_rowsize_rep2,r3-sub,D02,load,16,1,1000,6,0,149064229,716432955,11126,27713,17860971419,7717124607,208441.671,,,1,1.0011780261993408,4167.091057559156,4165.093410839329,,11D/1E50FEA0,11D/1E50FEA0,0.151704,0.142737,2.1,36.9,0.0,10682072.23903916,0.0,24.970583997837707,228639.65649444127,5951215.312444023,1006.49,1
2026-09-13T01:27:13.153659+00:00,1789262833.1536598,D_rowsize_rep2,r3-sub,D02,load,16,1,1000,6,0,149068134,716436858,11126,27713,17860971419,7717161365,208446.584,,,1,1.0011396408081055,3900.55476861144,3898.5570452984507,,11D/1EB57BB8,11D/1EB57BB8,0.122920,0.111811,1.6,36.9,0.0,14671535.71917685,0.0,24.971541412365173,271903.12809936644,6599872.515952527,1006.48,1
2026-09-13T01:27:14.154639+00:00,1789262834.1546397,D_rowsize_rep2,r3-sub,D02,load,16,1,1000,6,0,149072205,716440927,11126,27713,17860971419,7717199720,208451.295,,,1,1.0009799003601074,4067.0147308007263,4065.016688682917,,11D/1F21FC40,11D/1F21FC40,0.014362,0.003375,4.1,36.9,0.0,16016049.86696786,0.0,26.97356859042486,296796.1693267982,7144576.0273779575,1006.47,1
2026-09-13T01:27:15.155028+00:00,1789262835.1550286,D_rowsize_rep2,r3-sub,D02,load,16,1,1000,6,0,149076749,716445469,11126,27713,17860971419,7717242493,208456.785,,,1,1.0003888607025146,4542.23370381095,4540.234481230048,,11D/1F831C40,11D/1F831C40,0.050249,0.039106,2.4,36.9,0.0,6567430.184484745,0.0,12.994946775867597,269848.0666912142,6404811.420531538,1006.47,1
2026-09-13T01:27:16.156086+00:00,1789262836.1560867,D_rowsize_rep2,r3-sub,D02,load,16,1,1000,6,0,149081543,716450261,11126,27713,17860971419,7717287621,208462.283,,,1,1.0010581016540527,4788.93282225962,4786.934936226136,,11D/1FE6BFB0,11D/1FE6BFB0,0.061430,0.052583,2.9,36.9,0.0,15118722.854340658,0.0,22.97568938505867,273571.53350789356,6582655.880924334,1006.46,1
2026-09-13T01:27:17.156266+00:00,1789262837.156266,D_rowsize_rep2,r3-sub,D02,load,16,1,1000,6,0,149086070,716454786,11126,27713,17860971419,7717330214,208468.286,,,1,1.0001792907714844,4526.188496172637,4524.188854689902,,11D/20515FF0,11D/20515FF0,0.032714,0.021723,1.6,36.9,0.0,15533343.014947118,0.0,22.995877051462482,281472.5345721249,7041857.459943323,1006.46,1
2026-09-13T01:27:18.157421+00:00,1789262838.1574218,D_rowsize_rep2,r3-sub,D02,load,16,1,1000,6,0,149090878,716459592,11126,27713,17860971419,7717375486,208474.961,,,1,1.0011558532714844,4802.449073527227,4800.451382564861,,11D/20B3DEC8,11D/20B3DEC8,0.058934,0.049484,2.7,36.8,0.0,14810401.34914859,0.0,17.979218661291615,262757.29112544627,6500025.923771276,1006.45,1
2026-09-13T01:27:19.158588+00:00,1789262839.158589,D_rowsize_rep2,r3-sub,D02,load,16,1,1000,6,0,149095097,716463809,11126,27713,17860971419,7717415203,208479.566,,,1,1.0011670589447021,4214.081918003886,4212.0842494008975,,11D/21105C00,11D/21105C00,0.141095,0.132096,2.1,36.9,0.0,6316851.86153264,0.0,12.984845919424156,243070.32260581126,6107230.502015266,1006.44,1
2026-09-13T01:27:20.159762+00:00,1789262840.1597621,D_rowsize_rep2,r3-sub,D02,load,16,1,1000,6,0,149099611,716468321,11126,27713,17860971419,7717457683,208485.135,,,1,1.0011732578277588,4508.71012055796,4506.712464323774,,11D/2174FFC8,11D/2174FFC8,0.144365,0.128415,7.4,36.9,0.0,16192969.471812537,0.0,23.97187481023284,278511.2345139877,6629326.091270651,1006.44,1
2026-09-13T01:27:21.160484+00:00,1789262841.1604848,D_rowsize_rep2,r3-sub,D02,load,16,1,1000,6,0,149103844,716472552,11126,27713,17860971419,7717497533,208490.294,,,1,1.0007226467132568,4229.943245416437,4227.944689666181,,11D/26FFE958,11D/26FFE958,0.001134,0.000995,1.6,36.8,0.0,23551364.6837186,0.0,26.980502628453532,322560.9024240381,7422765.962573871,1006.43,1
2026-09-13T01:27:22.162200+00:00,1789262842.1622,D_rowsize_rep2,r3-sub,D02,load,16,1,1000,6,0,149108190,716476896,11126,27713,17860971419,7717538464,208496.027,,,1,1.0017151832580566,4338.558576964692,4336.562001457575,,11D/2D9FBD50,11D/2D9FBD50,0.069484,0.058807,2.3,36.8,0.0,14818487.578196157,0.0,15.97260405693398,265276.0030408202,6068324.711051154,1006.43,1
2026-09-13T01:27:23.163235+00:00,1789262843.1632354,D_rowsize_rep2,r3-sub,D02,load,16,1,1000,6,0,149112389,716481093,11126,27713,17860971419,7717577994,208501.276,,,1,1.001035451889038,4194.656634863564,4192.6587036252395,,11D/2DFFD1E8,11D/2DFFD1E8,0.078457,0.070089,1.4,36.9,0.0,6816877.451365642,0.0,15.983449906600864,266220.341644344,6282332.946482998,1006.42,1
2026-09-13T01:27:24.163631+00:00,1789262844.1636317,D_rowsize_rep2,r3-sub,D02,load,16,1,1000,6,0,149116817,716485519,11126,27713,17860971419,7717619665,208506.737,,,1,1.0003962516784668,4426.246092556517,4424.246884745968,,11D/2E62DEF0,11D/2E62DEF0,0.115193,0.104315,2.0,36.8,0.0,14440869.781110715,0.0,19.99207810549466,252662.88190895732,6151799.339186257,1006.42,1
2026-09-13T01:27:25.164494+00:00,1789262845.164494,D_rowsize_rep2,r3-sub,D02,load,16,1,1000,6,0,149120240,716488940,11126,27713,17860971419,7717651867,208510.771,,,1,1.0008623600006104,3420.0506850891193,3418.052408323072,,11D/2EA81FC8,11D/2EA81FC8,0.091371,0.084335,1.6,36.8,0.0,12964947.547824744,0.0,18.983629277444717,190581.65000818262,4576109.745996649,1006.41,1
2026-09-13T01:27:26.164921+00:00,1789262846.1649215,D_rowsize_rep2,r3-sub,D02,load,16,1,1000,6,0,149122811,716491509,11126,27713,17860971419,7717676065,208513.415,,,1,1.000427484512329,2569.901406950316,2567.9022615540107,,11D/2EEB5F28,11D/2EEB5F28,0.072481,0.066822,1.9,36.8,0.0,4732952.736007771,0.0,7.996581585220742,185296.78849273504,4436539.4480976015,1006.41,1
2026-09-13T01:27:27.166052+00:00,1789262847.166052,D_rowsize_rep2,r3-sub,D02,load,16,1,1000,6,0,149125062,716493758,11126,27713,17860971419,7717697246,208516.06,,,1,1.0011305809020996,2248.457936397934,2246.4601950061992,,11D/2F199D78,11D/2F199D78,0.092895,0.085432,1.2,36.8,0.0,11464030.985506708,0.0,11.986448350411022,115480.44001994739,3066416.16844207,1006.41,1
2026-09-13T01:27:28.166276+00:00,1789262848.166277,D_rowsize_rep2,r3-sub,D02,load,16,1,1000,6,0,149127060,716495754,11126,27713,17860971419,7717716055,208518.144,,,1,1.0002248287200928,1997.5508931893642,1995.551342745731,,11D/2F485FE0,11D/2F485FE0,0.072813,0.067363,0.8,36.9,0.0,11519458.094980342,0.0,10.997527439981484,123319.27428539965,3081611.165305881,1006.41,1
2026-09-13T01:27:29.166582+00:00,1789262849.166582,D_rowsize_rep2,r3-sub,D02,load,16,1,1000,6,0,149128663,716497355,11126,27713,17860971419,7717731144,208520.007,,,1,1.00030517578125,1602.5109524681188,1600.5115626334737,,11D/2F68BEF8,11D/2F68BEF8,0.061784,0.056478,0.0,36.8,0.0,10539887.481603514,0.0,10.99664409054854,83308.57624016108,2141697.4058209774,1006.4,1
2026-09-13T01:27:30.167694+00:00,1789262850.1676946,D_rowsize_rep2,r3-sub,D02,load,16,1,1000,6,0,149130026,716498716,11126,27713,17860971419,7717743983,208521.562,,,1,1.001112461090088,1361.4854004672575,1359.4876229170486,,11D/2F895FE0,11D/2F895FE0,0.042601,0.039396,0.8,36.8,0.0,2307576.9104747116,0.0,8.989998975939338,85213.20362660367,2144660.149032739,1006.4,1
2026-09-13T01:27:31.168700+00:00,1789262851.1687005,D_rowsize_rep2,r3-sub,D02,load,16,1,1000,6,0,149131223,716499911,11126,27713,17860971419,7717755252,208522.953,,,1,1.0010058879852295,1195.7971620019707,1193.7991717563534,,11D/2FA39CE0,11D/2FA39CE0,0.031734,0.027060,0.0,36.8,0.0,10131504.841008136,0.0,10.988946350895302,64132.489898947795,1734585.2015863673,1006.4,1
2026-09-13T01:27:32.168951+00:00,1789262852.168951,D_rowsize_rep2,r3-sub,D02,load,16,1,1000,6,0,149132333,716501019,11126,27713,17860971419,7717765695,208524.411,,,1,1.0002505779266357,1109.7219281800944,1107.7224292104006,,11D/2FBE1CB0,11D/2FBE1CB0,0.016155,0.011718,4.3,36.8,0.0,9795177.544719815,0.0,8.997745363622387,68745.77382652958,1750224.4323905844,1006.4,1
2026-09-13T01:27:33.170116+00:00,1789262853.1701167,D_rowsize_rep2,r3-sub,D02,load,16,1,1000,6,0,149133516,716502200,11126,27713,17860971419,7717776829,208525.706,,1182188,1,1.0011656284332275,1181.622667021973,1179.624995564624,95777,11D/2FDB1FF0,11D/2FDB1FF0,0.118232,0.111256,3.8,36.8,0.0,7527865.3061576355,0.0,8.9895215580708,80129.5986614571,1902556.3262503056,1006.4,1
2026-09-13T01:27:34.170979+00:00,1789262854.1709797,D_rowsize_rep2,r3-sub,D02,load,16,1,1000,6,0,149134730,716503408,11126,27713,17860971419,7717802647,208527.537,,,1,1.0008630752563477,1212.9531301662441,1206.9583041522428,,11D/2FF25CC8,11D/2FF25CC8,0.187578,0.183476,2.0,36.8,0.0,4689968.204489647,0.0,5.994826014001206,62639.9370202986,1519729.3591937348,1006.4,1
2026-09-13T01:27:35.171493+00:00,1789262855.171494,D_rowsize_rep2,r3-sub,D02,load,16,1,1000,6,0,149136312,716504985,11126,27713,17860971419,7717851897,208529.349,,,1,1.000514268875122,1581.1868448199566,1576.1894148426495,,11D/301B1DD8,11D/301B1DD8,0.164990,0.158193,1.4,36.8,0.0,9231732.40735944,0.0,14.992289931921206,109023.93238493102,2691738.722555029,1006.39,1
2026-09-13T01:27:36.172313+00:00,1789262856.172284,D_rowsize_rep2,r3-sub,D02,load,16,1,1000,6,0,149138083,716506754,11126,27713,17860971419,7717868575,208531.322,,,1,1.0007898807525635,1769.6022252625717,1767.6038037772385,,11D/3044BD98,11D/3044BD98,0.146983,0.140081,1.2,36.8,32742.137615699576,6961797.010538122,0.999210742666613,27.977900794665164,102195.2779169705,2746120.891963226,1006.39,1
2026-09-13T01:27:37.172353+00:00,1789262857.1723533,D_rowsize_rep2,r3-sub,D02,load,16,1,1000,6,0,149140615,716509284,11126,27713,17860971419,7717892411,208534.265,,,1,1.0000693798065186,2531.824342516977,2529.8244812669636,,11D/30863BF0,11D/30863BF0,0.116561,0.107950,1.4,36.8,0.0,4366033.085469277,0.0,4.999653125033525,178436.62010182152,4322908.077473987,1006.39,1
2026-09-13T01:27:38.172748+00:00,1789262858.1727483,D_rowsize_rep2,r3-sub,D02,load,16,1,1000,6,0,149143486,716512153,11126,27713,17860971419,7717919417,208537.388,,,1,1.0003950595855713,2869.866231835806,2867.8670216429564,,11D/30CABD08,11D/30CABD08,0.097892,0.087890,2.3,36.8,0.0,15386689.340885676,0.0,59.976305785492286,169879.88732211763,4513606.8563459,1006.38,1
2026-09-13T01:27:39.174036+00:00,1789262859.174037,D_rowsize_rep2,r3-sub,D02,load,16,1,1000,6,0,149147643,716516308,11126,27713,17860971419,7717958563,208541.99,,,1,1.001288652420044,4151.64996622385,4149.652540211715,,11D/3131BEE8,11D/3131BEE8,0.026162,0.019316,2.1,36.8,0.0,15242054.28985294,0.0,20.972973127423828,281859.7807114731,6749845.794881502,1006.38,1
2026-09-13T01:27:40.175184+00:00,1789262860.1751847,D_rowsize_rep2,r3-sub,D02,load,16,1,1000,6,0,149151851,716520514,11126,27713,17860971419,7717998176,208547.859,,,1,1.001147747039795,4203.175817397844,4201.178110260297,,11D/31958000,11D/31958000,0.012124,0.005686,3.3,36.8,0.0,6181960.672937508,0.0,17.979364237918535,269663.49452242116,6566284.566326547,1006.37,1
2026-09-13T01:27:41.176247+00:00,1789262861.1762474,D_rowsize_rep2,r3-sub,D02,load,16,1,1000,6,0,149151853,716520514,11126,27713,17860971419,7717998176,208547.859,,,1,1.0010626316070557,1.9978769927604834,0.0,,11D/31FFFF60,11D/31FFFF60,0.041351,0.035118,1.6,36.8,0.0,7635022.783469695,0.0,13.985138949323384,296313.12830427836,7030710.944330482,1006.37,1
2026-09-13T01:27:42.176885+00:00,1789262862.1768854,D_rowsize_rep2,r3-sub,D02,load,16,1,1000,6,0,149156997,716525656,11126,27713,17860971419,7718046633,208554.788,,,1,1.0006380081176758,5140.720178795229,5138.721453997875,,11D/3273DDA0,11D/3273DDA0,0.104538,0.098618,2.3,36.8,0.0,15579436.193239901,0.0,34.977683953700044,319979.8502580427,7644814.546261359,1006.36,1
2026-09-13T01:27:43.177895+00:00,1789262863.1778948,D_rowsize_rep2,r3-sub,D02,load,16,1,1000,6,0,149162180,716530837,11126,27713,17860971419,7718095431,208561.304,,,1,1.001009464263916,5177.773222964755,5175.775239857303,,11D/32EA0C20,11D/32E9FF68,0.000639,-0.000131,1.4,36.8,0.0,16915788.116400518,0.0,23.97579728943742,340419.35882252344,8047420.416672661,1006.35,1
2026-09-13T01:27:44.178164+00:00,1789262864.1781645,D_rowsize_rep2,r3-sub,D02,load,16,1,1000,6,0,149167514,716536169,11126,27713,17860971419,7718145651,208567.709,,,1,1.0002696514129639,5332.562067103888,5330.562606261329,,11D/3365BD70,11D/3365BD70,0.091103,0.084499,2.1,36.8,0.0,8316733.381092545,0.0,17.995147583027745,336455.2743598697,7913173.2016651435,1006.34,1
2026-09-13T01:27:45.179360+00:00,1789262865.1793606,D_rowsize_rep2,r3-sub,D02,load,16,1,1000,6,0,149172679,716541332,11126,27713,17860971419,7718194317,208574.144,,,1,1.0011961460113525,5158.829286925195,5156.8316763591065,,11D/33D6BE48,11D/33D6BE48,0.118582,0.106987,6.6,37.1,0.0,18295427.996775668,0.0,33.959379623515325,292021.6994090235,7430368.194721004,1006.34,1
2026-09-13T01:27:46.179596+00:00,1789262866.179596,D_rowsize_rep2,r3-sub,D02,load,16,1,1000,6,0,149177711,716546409,11139,27764,17860971419,7718272791,208579.775,,,1,1.0002353191375732,5030.816152681661,5075.805565811764,,11D/34502000,11D/34502000,0.056661,0.045488,9.6,36.9,0.0,16806029.21969799,0.0,30.99270682295936,312361.49536230025,8008984.332713988,1006.33,1
2026-09-13T01:27:47.180578+00:00,1789262867.1805787,D_rowsize_rep2,r3-sub,D02,load,16,1,1000,6,0,149182520,716551216,11139,27764,17860971419,7718318128,208585.627,,,1,1.0009827613830566,4804.278540576874,4802.280504169896,,11D/34B39E18,11D/34B39E18,0.114004,0.104211,1.2,36.9,0.0,6457142.170030387,0.0,11.988218441863689,260279.207645913,6572021.271285953,1006.33,1
2026-09-13T01:27:48.180726+00:00,1789262868.1807263,D_rowsize_rep2,r3-sub,D02,load,16,1,1000,6,0,149187389,716556083,11139,27764,17860971419,7718363958,208590.832,,,1,1.0001475811004639,4868.281533653895,4866.281828772542,,11D/3520FE58,11D/3520FE58,0.079745,0.073198,2.5,36.9,0.0,17384954.309311517,0.0,23.996458576236083,304269.09563202946,7210349.888628706,1006.32,1
2026-09-13T01:27:49.180948+00:00,1789262869.1809483,D_rowsize_rep2,r3-sub,D02,load,16,1,1000,6,0,149192026,716560718,11139,27764,17860971419,7718407642,208596.489,,,1,1.0002219676971436,4635.970964201052,4633.971408037929,,11D/35861FD8,11D/35861FD8,0.073054,0.061724,1.2,36.9,0.0,14660425.859032927,0.0,19.995561631231624,263695.46812419326,6663332.955328605,1006.32,1
2026-09-13T01:27:50.181227+00:00,1789262870.1812272,D_rowsize_rep2,r3-sub,D02,load,16,1,1000,6,0,149196259,716564949,11139,27764,17860971419,7718447493,208601.471,,,1,1.0002789497375488,4231.819535051343,4229.820092795236,,11D/35ECDFC8,11D/35ECDFC8,0.040947,0.029821,2.5,36.9,0.0,7735186.271819585,0.0,19.99442256107415,272132.0888252436,6768964.799045829,1006.31,1
2026-09-13T01:27:51.181384+00:00,1789262871.1813846,D_rowsize_rep2,r3-sub,D02,load,16,1,1000,6,0,149200608,716569296,11139,27764,17860971419,7718488433,208606.832,,,1,1.000157356262207,4348.315765284279,4346.316079947289,,11D/36411B80,11D/36411B80,0.151962,0.140923,1.8,36.9,0.0,13469624.47024003,0.0,16.99732536441314,211244.75931426347,5567422.9311374305,1006.31,1
2026-09-13T01:27:52.182301+00:00,1789262872.1823013,D_rowsize_rep2,r3-sub,D02,load,16,1,1000,6,0,149204722,716573408,11139,27764,17860971419,7718527177,208611.507,,,1,1.0009167194366455,4110.232070371966,4108.23390213163,,11D/36A2FFD8,11D/36A2FFD8,0.113647,0.106709,3.7,36.9,0.0,7349678.406951254,0.0,12.988093562186574,272423.264298623,6459321.6143286005,1006.3,1
2026-09-13T01:27:53.183785+00:00,1789262873.1837857,D_rowsize_rep2,r3-sub,D02,load,16,1,1000,6,0,149208796,716577480,11139,27764,17860971419,7718565529,208616.699,,,1,1.0014843940734863,4067.961541995891,4065.9645063837183,,11D/36FFFCB0,11D/36FFFCB0,0.088000,0.082319,2.1,36.9,0.0,22969040.891826507,0.0,26.95998076433212,266508.3965156778,6140113.651684906,1006.29,1
2026-09-13T01:27:54.185010+00:00,1789262874.1850102,D_rowsize_rep2,r3-sub,D02,load,16,1,1000,6,0,149212722,716581404,11139,27764,17860971419,7718602473,208621.735,,,1,1.0012245178222656,3921.198422646829,3919.2008686872537,,11D/3760BFF8,11D/3760BFF8,0.092372,0.081397,1.9,36.9,0.0,13786638.016040234,0.0,19.975539595755624,252711.5502028842,6356930.824909988,1006.29,1
2026-09-13T01:27:55.186641+00:00,1789262875.1866412,D_rowsize_rep2,r3-sub,D02,load,16,1,1000,6,0,149216738,716585418,11139,27764,17860971419,7718640264,208627.181,,,1,1.0016310214996338,4009.4604837490733,4007.463740480274,,11D/37C0FED0,11D/37C0FED0,0.062153,0.050807,1.4,36.9,0.0,7413955.678890398,0.0,15.973946150394713,242202.96176209106,6325556.880730372,1006.28,1
2026-09-13T01:27:56.186941+00:00,1789262876.1869411,D_rowsize_rep2,r3-sub,D02,load,16,1,1000,6,0,149220774,716589452,11139,27764,17860971419,7718678260,208632.0,,,1,1.0002999305725098,4034.7898431723806,4032.790442853663,,11D/381FFFC0,11D/381FFFC0,0.036691,0.024901,3.1,36.9,0.0,14700230.951314745,0.0,20.993703346536172,236805.97464844995,6268214.9706952255,1006.28,1
2026-09-13T01:27:57.187443+00:00,1789262877.1874437,D_rowsize_rep2,r3-sub,D02,load,16,1,1000,6,0,149224832,716593508,11139,27764,17860971419,7718716461,208636.567,,,1,1.000502586364746,4055.96152903957,4053.962533707367,,11D/3877FC10,11D/38723E40,0.008884,-0.000183,1.6,36.9,0.0,5264809.978291932,0.0,9.994976661014219,248973.8691281981,6498951.715482655,1006.27,1
2026-09-13T01:27:58.187704+00:00,1789262878.1877046,D_rowsize_rep2,r3-sub,D02,load,16,1,1000,6,0,149228906,716597580,11139,27764,17860971419,7718754799,208641.351,,,1,1.000260829925537,4072.937655974475,4070.938177498297,,11D/38D33F78,11D/38D33F78,0.141929,0.130220,7.0,36.9,0.0,15224956.875631824,0.0,17.995306285601508,212052.69031257584,5359236.150833842,1006.27,1
2026-09-13T01:27:59.187842+00:00,1789262879.1878426,D_rowsize_rep2,r3-sub,D02,load,16,1,1000,6,0,149233523,716602195,11139,27764,17860971419,7718798272,208646.567,,,1,1.0001380443572998,4616.362737172884,4614.363013223491,,11D/39319BB8,11D/39319BB8,0.158103,0.147022,1.8,36.9,0.0,22512604.262013506,0.0,28.995997266193122,241544.65612318626,6212436.408208763,1006.26,1
2026-09-13T01:28:00.188784+00:00,1789262880.1887844,D_rowsize_rep2,r3-sub,D02,load,16,1,1000,6,0,149237669,716606339,11139,27764,17860971419,7718837295,208652.349,,,1,1.0009417533874512,4142.099164081068,4140.1010458157125,,11D/39947E40,11D/39947E40,0.127959,0.116505,3.1,36.9,0.0,7349494.5885751555,0.0,19.98118265355074,268046.56623825047,6506322.648605825,1006.26,1
2026-09-13T01:28:01.189237+00:00,1789262881.1892376,D_rowsize_rep2,r3-sub,D02,load,16,1,1000,6,0,149241840,716610508,11139,27764,17860971419,7718876570,208657.127,,,1,1.000453233718872,4169.110418580598,4167.111324637381,,11D/39F7BFF0,11D/39F7BFF0,0.098021,0.086625,1.4,36.9,0.0,14874026.589614186,0.0,18.991392460568537,255038.4079938897,6561684.023547944,1006.25,1
2026-09-13T01:28:02.189349+00:00,1789262882.1893497,D_rowsize_rep2,r3-sub,D02,load,16,1,1000,6,0,149241842,716610508,11139,27764,17860971419,7718876570,208657.127,,,1,1.0001120567321777,1.9997759116462532,0.0,,11D/3A527FC8,11D/3A527FC8,0.159062,0.147820,3.3,36.9,0.0,22967794.30402496,0.0,27.996862763047545,254296.50436471667,6297528.319555714,1006.25,1
2026-09-13T01:28:03.190616+00:00,1789262883.1906164,D_rowsize_rep2,r3-sub,D02,load,16,1,1000,6,0,149246342,716615006,11139,27764,17860971419,7718918958,208662.854,,1298894,1,1.0012667179107666,4494.306980850873,4492.309511081606,116706,11D/3AC78000,11D/3AC78000,0.048952,0.044234,4.6,36.9,0.0,15749649.636716872,0.0,22.970902346571126,294802.56830658606,7422272.075023985,1006.24,1
2026-09-13T01:28:04.191462+00:00,1789262884.1914625,D_rowsize_rep2,r3-sub,D02,load,16,1,1000,6,0,149250563,716619221,11139,27764,17860971419,7718997221,208667.027,,,1,1.0008461475372314,4217.431430781402,4211.436503374463,,11D/3B211B90,11D/3B211B90,0.036772,0.025350,4.3,36.9,0.0,6343432.520195443,0.0,16.985627652993088,243037.3545409999,5906695.064517981,1006.24,1
2026-09-13T01:28:05.191771+00:00,1789262885.1917715,D_rowsize_rep2,r3-sub,D02,load,16,1,1000,6,0,149255022,716623675,11139,27764,17860971419,7719080112,208672.486,,,1,1.0003089904785156,4457.622637048336,4452.624181523501,,11D/3B805510,11D/3B74BCD8,0.010737,-0.000195,1.8,36.9,0.0,14425750.580425207,0.0,21.993204309276386,276997.41043760127,6629921.417408714,1006.23,1
2026-09-13T01:28:06.193052+00:00,1789262886.1930528,D_rowsize_rep2,r3-sub,D02,load,16,1,1000,6,0,149259236,716627887,11139,27764,17860971419,7719119769,208677.681,,,1,1.0012812614440918,4208.60767325495,4206.610232498777,,11D/3BD93E10,11D/3BD93E10,0.147159,0.135593,1.6,36.9,0.0,14734912.724444112,0.0,21.97184831789485,222171.34042752802,5544003.681836559,1006.22,1
2026-09-13T01:28:07.193758+00:00,1789262887.1937582,D_rowsize_rep2,r3-sub,D02,load,16,1,1000,6,0,149263463,716632112,11139,27764,17860971419,7719159534,208682.671,,,1,1.0007054805755615,4224.02003591388,4222.0214458803275,,11D/3C435FB8,11D/3C435FB8,0.055503,0.043525,1.7,36.9,0.0,7081084.432478975,0.0,18.986605318751767,289086.0554032473,7025179.872060436,1006.22,1
2026-09-13T01:28:08.194159+00:00,1789262888.1941593,D_rowsize_rep2,r3-sub,D02,load,16,1,1000,6,0,149267933,716636580,11139,27764,17860971419,7719201621,208687.523,,,1,1.0004010200500488,4468.208158940473,4466.208960659068,,11D/3CA79F30,11D/3CA79F30,0.023980,0.012390,2.3,36.9,0.0,23067613.424509995,0.0,25.989577658266732,258013.5314007244,6625992.844018069,1006.21,1
2026-09-13T01:28:09.194526+00:00,1789262889.1945262,D_rowsize_rep2,r3-sub,D02,load,16,1,1000,6,0,149272133,716640778,11139,27764,17860971419,7719241160,208693.2,,,1,1.0003669261932373,4198.459475247287,4196.460208830502,,11D/3CFBDA70,11D/3CFABD48,0.002943,-0.000177,1.0,36.9,0.0,14080977.320594693,0.0,22.991563793020855,239556.10059194302,5850939.137175533,1006.21,1
2026-09-13T01:28:10.194690+00:00,1789262890.1946905,D_rowsize_rep2,r3-sub,D02,load,16,1,1000,6,0,149276525,716645168,11139,27764,17860971419,7719282506,208698.706,,,1,1.000164270401001,4391.278642896425,4389.278971383265,,11D/3D62E000,11D/3D62E000,0.087594,0.075641,5.1,36.9,0.0,7420732.993215484,0.0,20.996550888165963,251398.70263430715,6539940.681321757,1006.2,1
2026-09-13T01:28:11.194965+00:00,1789262891.1949658,D_rowsize_rep2,r3-sub,D02,load,16,1,1000,6,0,149280732,716649373,11139,27764,17860971419,7719322065,208703.87,,,1,1.0002753734588623,4205.841822789831,4203.842373385129,,11D/3DC6BFB8,11D/3DC6BFB8,0.056036,0.044631,1.2,36.9,0.0,21842049.279341307,0.0,96.97329612802794,256786.28787172036,6604818.208364806,1006.2,1
2026-09-13T01:28:12.195953+00:00,1789262892.1959538,D_rowsize_rep2,r3-sub,D02,load,16,1,1000,6,0,149284895,716653534,11139,27764,17860971419,7719361258,208708.891,,,1,1.0009880065917969,4158.890988289006,4156.892962351802,,11D/3E203FD0,11D/3E203FD0,0.129542,0.120841,2.7,36.9,0.0,14747413.458291255,0.0,23.976311246441544,229618.13576826485,5891857.805650088,1006.19,1
2026-09-13T01:28:13.196239+00:00,1789262893.1962397,D_rowsize_rep2,r3-sub,D02,load,16,1,1000,6,0,149289356,716657993,11139,27764,17860971419,7719403268,208714.401,,,1,1.0002858638763428,4459.725125688147,4457.725697252511,,11D/3E839ED8,11D/3E839ED8,0.099853,0.090570,1.4,36.9,0.0,14765954.946880981,0.0,21.993712792006107,273481.82142641774,6596971.164250866,1006.19,1
2026-09-13T01:28:14.197228+00:00,1789262894.1972282,D_rowsize_rep2,r3-sub,D02,load,16,1,1000,6,0,149293543,716662178,11139,27764,17860971419,7719442692,208720.531,,,1,1.000988483428955,4182.865306958521,4180.867281973109,,11D/3EE6FDD8,11D/3EE6FDD8,0.075361,0.063934,2.5,36.9,0.0,6375266.155050554,0.0,23.976299824935392,265360.6953499506,6562520.0576708075,1006.18,1
2026-09-13T01:28:15.197730+00:00,1789262895.1977308,D_rowsize_rep2,r3-sub,D02,load,16,1,1000,6,0,149298042,716666675,11139,27764,17860971419,7719485027,208725.599,,,1,1.000502586364746,4496.739999790297,4494.741004458094,,11D/3F419FE0,11D/3F419FE0,0.136905,0.125674,1.2,36.9,0.0,14852823.173594967,0.0,30.984427649144077,233567.61210291076,5977806.635893711,1006.18,1
2026-09-13T01:28:16.197876+00:00,1789262896.1978762,D_rowsize_rep2,r3-sub,D02,load,16,1,1000,6,0,149302217,716670848,11139,27764,17860971419,7719524312,208731.177,,,1,1.000145435333252,4174.392895778078,4172.393186606448,,11D/3FA4DB88,11D/3FA4DB88,0.106428,0.095063,4.1,36.9,0.0,14489540.708818344,0.0,19.99709171630217,252389.29367896458,6560703.841850393,1006.17,1
2026-09-13T01:28:17.198885+00:00,1789262897.1988854,D_rowsize_rep2,r3-sub,D02,load,16,1,1000,6,0,149306388,716675017,11139,27764,17860971419,7719563591,208736.153,,,1,1.001009225845337,4166.794763032933,4164.7967794496035,,11D/4003EF78,11D/3FFFFDF8,0.005883,-0.000199,2.0,36.9,0.0,10090552.353770848,0.0,16.982860458297736,294159.12700638344,6803118.117367073,1006.16,1
2026-09-13T01:28:18.199741+00:00,1789262898.1997411,D_rowsize_rep2,r3-sub,D02,load,16,1,1000,6,0,149310887,716679514,11139,27764,17860971419,7719605944,208742.413,,,1,1.0008556842803955,4495.153567754109,4493.155277659531,,11D/40625FE8,11D/40625FE8,0.139580,0.128378,2.9,36.9,0.0,20184200.69675144,0.0,22.98033608765159,224909.5484348934,5716205.732611098,1006.16,1
2026-09-13T01:28:19.200296+00:00,1789262899.2002966,D_rowsize_rep2,r3-sub,D02,load,16,1,1000,6,0,149315062,716683687,11139,27764,17860971419,7719645214,208747.24,,,1,1.0005555152893066,4172.682011345283,4170.68312175901,,11D/40C60000,11D/40C60000,0.107178,0.096123,1.4,36.9,0.0,14680100.979457347,0.0,19.988895862731894,265883.29776292143,6592155.956576628,1006.15,1
2026-09-13T01:28:20.200440+00:00,1789262900.2004404,D_rowsize_rep2,r3-sub,D02,load,16,1,1000,6,0,149319555,716688178,11139,27764,17860971419,7719687528,208753.457,,,1,1.0001437664031982,4492.354150401904,4490.354437893378,,11D/4123CD08,11D/41205BE8,0.008230,-0.000010,2.0,36.9,0.0,14915487.65398804,0.0,28.995831373615673,292472.9522156272,7071732.322479616,1006.15,1
2026-09-13T01:28:21.200795+00:00,1789262901.2007952,D_rowsize_rep2,r3-sub,D02,load,16,1,1000,6,0,149319557,716688178,11139,27764,17860971419,7719687528,208753.457,,,1,1.0003547668457031,1.9992907179383534,0.0,,11D/4183DD68,11D/4183DD68,0.140688,0.129202,1.9,36.9,0.0,6584032.203663099,0.0,13.995035025568475,213830.14015566072,5465434.045203385,1006.14,1
2026-09-13T01:28:22.201825+00:00,1789262902.2018256,D_rowsize_rep2,r3-sub,D02,load,16,1,1000,6,0,149323730,716692349,11139,27764,17860971419,7719726815,208758.364,,,1,1.001030445098877,4168.704379003989,4166.706437772738,,11D/41E73C70,11D/41E73C70,0.099034,0.093889,2.1,36.9,0.0,14411261.985718185,0.0,19.979412312504138,273992.6656006036,6548131.5099787405,1006.14,1
2026-09-13T01:28:23.203659+00:00,1789262903.2036183,D_rowsize_rep2,r3-sub,D02,load,16,1,1000,6,0,149327897,716696514,11139,27764,17860971419,7719766040,208763.328,,,1,1.0017926692962646,4159.543314413768,4157.5468933365355,,11D/42487790,11D/4241E000,0.009655,-0.000197,1.2,36.9,0.0,23182760.97619533,0.0,24.955263465405373,281908.6310527597,7072904.621050434,1006.13,1
2026-09-13T01:28:24.205272+00:00,1789262904.2052727,D_rowsize_rep2,r3-sub,D02,load,16,1,1000,6,0,149332399,716701014,11139,27764,17860971419,7719808452,208769.414,,,1,1.0016543865203857,4494.564253484028,4492.567556792121,,11D/42A51BC0,11D/42A51BC0,0.143516,0.131693,6.6,36.9,0.0,14696709.961146262,0.0,18.96861857312229,223802.74375750223,5469657.0730671855,1006.13,1
2026-09-13T01:28:25.206271+00:00,1789262905.2062716,D_rowsize_rep2,r3-sub,D02,load,16,1,1000,6,0,149336571,716705184,11139,27764,17860971419,7719847715,208774.41,,,1,1.0009989738464355,4167.836440399819,4165.838436353607,,11D/430FFD10,11D/430FFD10,0.036330,0.025244,2.7,36.9,0.0,7525026.695137828,0.0,21.97804450834037,275337.94459441886,7062778.469026275,1006.12,1
2026-09-13T01:28:26.207563+00:00,1789262906.2075632,D_rowsize_rep2,r3-sub,D02,load,16,1,1000,6,0,149341069,716709680,11139,27764,17860971419,7719890031,208780.341,,,1,1.0012915134429932,4492.198265551449,4490.200845246624,,11D/436CA138,11D/4362BFD0,0.010949,-0.000184,2.3,36.9,0.0,14464774.549219817,0.0,19.97420304825011,266574.71517179353,6552573.2635439355,1006.12,1
2026-09-13T01:28:27.207720+00:00,1789262907.2077203,D_rowsize_rep2,r3-sub,D02,load,16,1,1000,6,0,149345238,716713847,11139,27764,17860971419,7719929284,208785.773,,,1,1.000157117843628,4168.345078609752,4166.3453927960745,,11D/43C65B48,11D/43C65B48,0.144726,0.134146,1.6,36.9,0.0,14796523.202181283,0.0,18.997015229931705,232952.3990213978,5475386.719045674,1006.11,1
2026-09-13T01:28:28.208070+00:00,1789262908.2080705,D_rowsize_rep2,r3-sub,D02,load,16,1,1000,6,0,149349418,716718025,11139,27764,17860971419,7719968662,208791.286,,,1,1.0003502368927002,4178.536522352377,4176.537222580917,,11D/44313ED0,11D/44313ED0,0.037394,0.027117,2.3,36.9,0.0,16345507.200348541,0.0,29.98949657190701,278526.44976170064,7081887.661670924,1006.11,1
2026-09-13T01:28:29.209209+00:00,1789262909.2092092,D_rowsize_rep2,r3-sub,D02,load,16,1,1000,6,0,149353907,716722512,11139,27764,17860971419,7720010903,208796.383,,,1,1.001138687133789,4483.894247311316,4481.896522095316,,11D/448C6C68,11D/4483BED0,0.010229,-0.000182,1.2,36.9,0.0,5351474.345016527,0.0,10.987488687998324,258806.30059536852,6560246.931224935,1006.1,1
2026-09-13T01:28:30.209322+00:00,1789262910.2093225,D_rowsize_rep2,r3-sub,D02,load,16,1,1000,6,0,149358084,716726687,11139,27764,17860971419,7720050232,208801.86,,,1,1.0001132488250732,4176.527013222866,4174.5272396948685,,11D/44E6DE58,11D/44E6DE58,0.142840,0.133988,2.5,36.9,0.0,18507728.021546785,0.0,61.992979367923795,222592.79162787838,5476261.819783116,1006.1,1
2026-09-13T01:28:31.210333+00:00,1789262911.210334,D_rowsize_rep2,r3-sub,D02,load,16,1,1000,6,0,149362641,716731242,11139,27764,17860971419,7720093119,208806.905,,,1,1.001011610031128,4552.394751803422,4550.396772978843,,11D/4552FE30,11D/4552FE30,0.022971,0.012016,1.8,36.8,0.0,23953752.144047927,0.0,31.967661193265194,289644.99222040386,7164934.880003011,1006.09,1
2026-09-13T01:28:32.211778+00:00,1789262912.2117782,D_rowsize_rep2,r3-sub,D02,load,16,1,1000,6,0,149366818,716735417,11139,27764,17860971419,7720132457,208811.905,,,1,1.0014441013336182,4170.9766870038075,4168.979571041632,,11D/45A74990,11D/45A59FE8,0.004746,-0.000168,2.0,36.9,0.0,5210779.106942475,0.0,10.984137791965976,252313.63354530718,6258167.571863466,1006.08,1
2026-09-13T01:28:33.212754+00:00,1789262913.2127542,D_rowsize_rep2,r3-sub,D02,load,16,1,1000,6,0,149370997,716739594,11139,27764,17860971419,7720171784,208818.076,,1420971,1,1.0009760856628418,4174.924915646397,4172.9268659140935,122077,11D/461D6170,11D/46107F18,0.008447,-0.000285,5.5,36.9,0.0,16032478.927179366,0.0,25.97464651993451,283301.4734934611,7368197.008538972,1006.08,1
2026-09-13T01:28:34.213916+00:00,1789262914.2139158,D_rowsize_rep2,r3-sub,D02,load,16,1,1000,6,0,149375499,716744090,11139,27764,17860971419,7720265229,208822.805,,,1,1.0011615753173828,4496.7766552295025,4490.783616595256,,11D/4652FCC0,11D/4652FCC0,0.179689,0.179220,1.1,36.9,0.0,4434912.515087722,0.0,9.988397723743896,126246.35534971624,3299690.1613535606,1006.08,1
2026-09-13T01:28:35.215318+00:00,1789262915.2153187,D_rowsize_rep2,r3-sub,D02,drain,0,0,0,0,0,149375511,716744097,11139,27764,17860971419,7720324839,208822.835,,,1,1.0014028549194336,11.983189323906453,6.990193772278765,,11D/465308E0,11D/465308E0,0.979109,0.978783,0.2,36.9,0.0,8560918.273684893,0.0,13.98038754455753,994.6047138842357,6518.854992205111,1006.08,1
2026-09-13T01:28:36.216408+00:00,1789262916.2164083,D_rowsize_rep2,r3-sub,D02,drain,0,0,0,0,0,149375513,716744097,11139,27764,17860971419,7720324839,208822.835,,,1,1.0010895729064941,1.99782322594105,0.0,,11D/465308E0,11D/465308E0,1.980011,1.979685,6.6,36.9,0.0,8404027.199657813,0.0,12.985850968616825,65.92816645605464,59.9346967782315,1006.08,1
2026-09-13T01:28:37.216688+00:00,1789262917.2166889,D_rowsize_rep2,r3-sub,D02,drain,0,0,0,0,0,149375515,716744097,11139,27764,17860971419,7720324839,208822.835,,,1,1.0002806186676025,1.9994389201142848,0.0,,11D/465308E0,11D/465308E0,2.980327,2.980001,0.0,36.9,0.0,0.0,0.0,0.0,116.96717682668566,65.9814843637714,1006.08,1
2026-09-13T01:28:38.216822+00:00,1789262918.2168224,D_rowsize_rep2,r3-sub,D02,drain,0,0,0,0,0,149375517,716744097,11139,27764,17860971419,7720324839,208822.835,,,1,1.0001335144042969,1.999733006838839,0.0,,11D/465308E0,11D/465308E0,3.980367,3.980041,0.6,36.9,0.0,8387488.14951617,0.0,8.998798530774776,410.94513290538146,3113.5842916480724,1006.08,1
2026-09-13T01:28:39.216892+00:00,1789262919.2168925,D_rowsize_rep2,r3-sub,D02,drain,0,0,0,0,0,149375519,716744097,11139,27764,17860971419,7720324839,208822.835,,,1,1.0000700950622559,1.999859819701435,0.0,,11D/465308E0,11D/465308E0,4.980458,4.980132,0.0,36.9,0.0,8388020.041213008,0.0,8.999369188656457,2604.8174151611192,314.97792160297604,1006.08,1
2026-09-13T01:28:40.217966+00:00,1789262920.2179668,D_rowsize_rep2,r3-sub,D02,drain,0,0,0,0,0,149375521,716744097,11139,27764,17860971419,7720324839,208822.835,,,1,1.0010743141174316,1.9978536775896027,0.0,,11D/465308E0,11D/465308E0,5.981522,5.981196,0.6,36.9,0.0,69557.27363895961,0.0,4.994634193974007,65.92917136045689,59.93561032768808,1006.08,1
2026-09-13T01:28:41.218174+00:00,1789262921.2181747,D_rowsize_rep2,r3-sub,D02,drain,0,0,0,0,0,149375523,716744097,11139,27764,17860971419,7720324839,208822.835,,,1,1.0002079010009766,1.999584284425731,0.0,,11D/465308E0,11D/465308E0,6.981733,6.981407,0.2,36.9,0.0,0.0,0.0,0.0,527.8902510883929,3179.339012236912,1006.08,1
2026-09-13T01:28:42.219194+00:00,1789262922.219195,D_rowsize_rep2,r3-sub,D02,drain,0,0,0,0,0,149375525,716744097,11139,27764,17860971419,7720324839,208822.835,,,1,1.0010201930999756,1.997961693266514,0.0,,11D/465308E0,11D/465308E0,7.982762,7.982436,0.8,36.8,0.0,9243433.912502384,0.0,12.98675100623234,437.55361082536655,2476.473518803844,1006.08,1
2026-09-13T01:28:43.220601+00:00,1789262923.2206018,D_rowsize_rep2,r3-sub,D02,drain,0,0,0,0,0,149375527,716744097,11139,27764,17860971419,7720324839,208822.835,,,1,1.0014069080352783,1.9971901371480678,0.0,,11D/465308E0,11D/465308E0,8.984161,8.983835,0.6,36.8,0.0,8409544.544207724,0.0,6.990165480018237,3159.5547969682434,16146.283663773555,1006.08,1
2026-09-13T01:28:44.221598+00:00,1789262924.2215989,D_rowsize_rep2,r3-sub,D02,drain,0,0,0,0,0,149375529,716744097,11139,27764,17860971419,7720324839,208822.835,,,1,1.0009970664978027,1.9980078533071206,0.0,,11D/46536F70,11D/465308E0,0.019823,0.017592,1.0,36.8,0.0,8564388.734918253,0.0,17.982070679764085,464.5368258939056,3859.152168662704,1006.08,1
2026-09-13T01:28:45.222020+00:00,1789262925.2220209,D_rowsize_rep2,r3-sub,D02,drain,0,0,0,0,0,149375538,716744097,11146,27764,17860971419,7720326026,208822.835,,,1,1.0004220008850098,8.996203594121553,0.0,,11D/46537908,11D/46537908,0.574058,0.573815,7.2,36.8,0.0,257939.14945065315,0.0,9.99578177124617,449.81017970607763,416.82409986096525,1007.97,1
2026-09-13T01:28:46.223036+00:00,1789262926.2230368,D_rowsize_rep2,r3-sub,D02,drain,0,0,0,0,0,149375540,716744097,11146,27764,17860971419,7720326026,208822.835,,,1,1.0010159015655518,1.9979702588860717,0.0,,11D/46537908,11D/46537908,1.575137,1.574894,0.6,36.8,0.0,298704.54558450327,0.0,34.96447953050625,65.93301854324037,59.939107766582154,1007.97,1
2026-09-13T01:28:47.223209+00:00,1789262927.2232091,D_rowsize_rep2,r3-sub,D04,drain,0,0,0,0,0,149375542,716744097,11146,27764,17860971419,7720326026,208822.835,,,1,1.0001723766326904,1.999655306151784,0.0,,11D/46537908,11D/46537908,2.575344,2.575101,0.6,36.7,0.0,233431.76181893467,0.0,39.99310612303568,461.9203757210621,3119.462277596783,1007.97,1
2026-09-13T01:28:48.223531+00:00,1789262928.223531,D_rowsize_rep2,r3-sub,D04,drain,0,0,0,0,0,149375544,716744097,11146,27764,17860971419,7720326026,208822.835,,,1,1.000321865081787,1.9993564769640204,0.0,,11D/46537908,11D/46537908,3.575582,3.575339,5.0,36.7,0.0,0.0,0.0,0.0,65.97876373981268,59.98069430892061,1007.97,1
2026-09-13T01:28:49.223675+00:00,1789262929.2236753,D_rowsize_rep2,r3-sub,D04,drain,0,0,0,0,0,149375546,716744097,11146,27764,17860971419,7720326026,208822.835,,,1,1.0001442432403564,1.9997115551255105,0.0,,11D/46537908,11D/46537908,4.575723,4.575480,0.0,36.7,0.0,28667.86485427932,0.0,3.999423110251021,116.98312597484237,65.99048131914185,1007.97,1
2026-09-13T01:28:50.223950+00:00,1789262930.2239506,D_rowsize_rep2,r3-sub,D04,drain,0,0,0,0,0,149375548,716744097,11146,27764,17860971419,7720326026,208822.835,,,1,1.0002753734588623,1.9994494047016071,0.0,,11D/46537908,11D/46537908,5.576082,5.575839,0.6,36.7,0.0,192459.0018989579,0.0,10.99697172585884,500.8620758777526,3203.1179463319745,1007.97,1
2026-09-13T01:28:51.224939+00:00,1789262931.2249398,D_rowsize_rep2,r3-sub,D04,drain,0,0,0,0,0,149375550,716744097,11146,27764,17860971419,7720326026,208822.835,,,1,1.0009891986846924,1.9980235577247143,0.0,,11D/4653E988,11D/4653E988,0.155826,0.155566,0.0,36.7,0.0,12275.856738660645,0.0,2.9970353365870714,302.7005689952942,339.6640048132014,1007.97,1
2026-09-13T01:28:52.226228+00:00,1789262932.2262285,D_rowsize_rep2,r3-sub,D04,drain,0,0,0,0,0,149375552,716744097,11146,27764,17860971419,7720326026,208822.835,,,1,1.001288652420044,1.9974260121356027,0.0,,11D/46540BF8,11D/46540BF8,0.954917,0.954683,0.6,36.7,0.0,0.0,0.0,0.0,158.7953679647804,196.74646219535686,1007.97,1
2026-09-13T01:28:53.227094+00:00,1789262933.227094,D_rowsize_rep2,r3-sub,D04,drain,0,0,0,0,0,149375554,716744097,11146,27764,17860971419,7720326026,208822.835,,,1,1.0008654594421387,1.9982705778604428,0.0,,11D/46540BF8,11D/46540BF8,1.955871,1.955637,0.0,36.7,0.0,32739.665147665495,0.0,3.9965411557208856,461.60050348576226,3117.302101462291,1007.97,1
2026-09-13T01:28:54.227259+00:00,1789262934.2272592,D_rowsize_rep2,r3-sub,D04,drain,0,0,0,0,0,149375556,716744097,11146,27764,17860971419,7720326026,208822.835,,,1,1.0001652240753174,1.999669606438336,0.0,,11D/46540BF8,11D/46540BF8,2.956312,2.956078,0.4,36.7,0.0,20476.61676992856,0.0,3.999339212876672,2553.578087421755,308.9489541947229,1007.97,1
2026-09-13T01:28:55.227715+00:00,1789262935.227715,D_rowsize_rep2,r3-sub,D04,drain,0,0,0,0,0,149375558,716744097,11146,27764,17860971419,7720326026,208822.835,,,1,1.0004558563232422,1.9990887027741184,0.0,,11D/46540BF8,11D/46540BF8,3.956404,3.956170,0.0,36.7,0.0,36847.20296953255,0.0,5.997266108322355,116.94668911228592,65.9699271915459,1007.97,1
2026-09-13T01:28:56.228010+00:00,1789262936.2280107,D_rowsize_rep2,r3-sub,D04,drain,0,0,0,0,0,149375560,716744097,11146,27764,17860971419,7720326026,208822.835,,,1,1.000295639038086,1.999408896677046,0.0,,11D/46540BF8,11D/46540BF8,4.956867,4.956633,0.6,36.7,0.0,0.0,0.0,0.0,410.87852826713294,3113.0796521261605,1007.97,1
2026-09-13T01:28:57.229144+00:00,1789262937.229144,D_rowsize_rep2,r3-sub,D04,drain,0,0,0,0,0,149375562,716744097,11146,27764,17860971419,7720326026,208822.835,,,1,1.0011334419250488,1.99773568262215,0.0,,11D/46540BF8,11D/46540BF8,5.958120,5.957886,0.0,36.7,0.0,45004.9894581118,0.0,5.99320704786645,554.3716519276467,2542.118656136686,1007.97,1
2026-09-13T01:28:58.230290+00:00,1789262938.2302902,D_rowsize_rep2,r3-sub,D04,drain,0,0,0,0,0,149375564,716744097,11146,27764,17860971419,7720326026,208822.835,,,1,1.0011460781097412,1.9977104677632955,0.0,,11D/46540BF8,11D/46540BF8,6.958987,6.958753,0.8,36.7,0.0,49095.73245575075,0.0,6.991986637171535,3109.43634307357,16144.497145229074,1007.97,1
2026-09-13T01:28:59.232159+00:00,1789262939.2321594,D_rowsize_rep2,r3-sub,D04,drain,0,0,0,0,0,149375566,716744097,11146,27764,17860971419,7720326026,208822.835,,,1,1.0018692016601562,1.9962685714720867,0.0,,11D/46540BF8,11D/46540BF8,7.960993,7.960759,0.0,36.7,0.0,0.0,0.0,0.0,461.138040010052,3114.1789714964552,1007.97,1
2026-09-13T01:29:00.232777+00:00,1789262940.232777,D_rowsize_rep2,r3-sub,D04,drain,0,0,0,0,0,149375568,716744097,11146,27764,17860971419,7720326026,208822.835,,,1,1.0006177425384521,1.998765277663606,0.0,,11D/46540BF8,11D/46540BF8,8.961838,8.961604,4.3,36.7,0.0,171925.79412351275,0.0,7.995061110654424,65.959254162899,59.96295832990818,1007.97,1
2026-09-13T01:29:01.234033+00:00,1789262941.2339356,D_rowsize_rep2,r3-sub,D04,drain,0,0,0,0,0,149375570,716744097,11146,27764,17860971419,7720326026,208822.835,,,1,1.0011584758758545,1.997685729275096,0.0,,11D/46540BF8,11D/46540BF8,9.962687,9.962453,0.0,36.7,0.0,16365.041494221587,0.0,2.996528593912644,324.6239310072031,270.68641631677554,1007.97,1
2026-09-13T01:29:02.233974+00:00,1789262942.2339747,D_rowsize_rep2,r3-sub,D04,drain,0,0,0,0,0,149375572,716744097,11146,27764,17860971419,7720326026,208822.835,,,1,1.0000391006469727,1.9999218017636564,0.0,,11D/46540BF8,11D/46540BF8,10.962768,10.962534,1.2,36.7,0.0,0.0,0.0,0.0,437.9828745862407,3113.878245346013,1007.97,1
2026-09-13T01:29:03.234279+00:00,1789262943.2342489,D_rowsize_rep2,r3-sub,D04,drain,0,0,0,0,0,149375574,716744097,11146,27764,17860971419,7720326026,208822.835,,0,1,1.0002741813659668,1.9994517875776971,0.0,,11D/46540BF8,11D/46540BF8,11.963734,11.963500,0.4,36.7,0.0,106466.80878493722,0.0,5.998355362733092,182.9498385633593,125.96546261739492,1007.97,1
2026-09-13T01:29:04.235048+00:00,1789262944.2350483,D_rowsize_rep2,r3-sub,D04,drain,0,0,0,0,0,149375576,716744097,11146,27764,17860971419,7720326026,208822.835,,,1,1.0007994174957275,1.9984024421242612,0.0,,11D/46540BF8,11D/46540BF8,12.963753,12.963519,1.0,36.7,0.0,167801.85626028996,0.0,31.97443907398818,590.5279216477192,263.7891223604025,1007.97,1
2026-09-13T01:29:05.235486+00:00,1789262945.235486,D_rowsize_rep2,r3-sub,D04,drain,0,0,0,0,0,149375581,716744097,11146,27764,17860971423,7720326070,208822.835,,,1,1.0004377365112305,4.997812275090917,0.0,,11D/46540BF8,11D/46540BF8,13.964192,13.963958,0.2,36.7,0.0,61413.117236317186,0.0,8.99606209516365,461.79785421840074,3118.6348596567323,1007.97,1
2026-09-13T01:29:06.235703+00:00,1789262946.2357032,D_rowsize_rep2,r3-sub,D04,drain,0,0,0,0,0,149375583,716744097,11146,27764,17860971423,7720326070,208822.835,,,1,1.0002171993255615,1.9995656956794825,0.0,,11D/46540C30,11D/46540C30,0.765365,0.765047,0.6,36.7,0.0,0.0,0.0,0.0,158.96547280651885,196.95722102442903,1007.97,1
2026-09-13T01:29:07.236060+00:00,1789262947.2360606,D_rowsize_rep2,r3-sub,D04,drain,0,0,0,0,0,149375585,716744097,11146,27764,17860971423,7720326070,208822.835,,,1,1.0003573894500732,1.9992854764630275,0.0,,11D/46540C30,11D/46540C30,1.765735,1.765417,0.2,36.7,0.0,40945.3665579628,0.0,5.997856429389082,116.95820037308711,65.9764207232799,1007.97,1
2026-09-13T01:29:08.236162+00:00,1789262948.2361622,D_rowsize_rep2,r3-sub,D04,drain,0,0,0,0,0,149375587,716744097,11146,27764,17860971423,7720326070,208822.835,,,1,1.0001015663146973,1.9997968879999428,0.0,,11D/46540C30,11D/46540C30,2.765822,2.765504,0.6,36.7,0.0,16382.336106495532,0.0,2.9996953319999142,410.9582604839882,3113.683754615911,1007.97,1
2026-09-13T01:29:09.236435+00:00,1789262949.2364357,D_rowsize_rep2,r3-sub,D04,drain,0,0,0,0,0,149375589,716744097,11146,27764,17860971423,7720326070,208822.835,,,1,1.0002734661102295,1.9994532173060775,0.0,,11D/46540C30,11D/46540C30,3.766076,3.765758,0.2,36.7,0.0,0.0,0.0,0.0,2604.287815541166,314.9138817257072,1007.97,1
2026-09-13T01:29:10.237491+00:00,1789262950.237491,D_rowsize_rep2,r3-sub,D04,drain,0,0,0,0,0,149375591,716744097,11146,27764,17860971423,7720326070,208822.835,,,1,1.0010552406311035,1.9978917434557593,0.0,,11D/46540C30,11D/46540C30,4.767126,4.766808,0.8,36.7,0.0,81833.64581194789,0.0,4.994729358639398,390.5878358456009,270.7143312382554,1007.97,1
2026-09-13T01:29:11.237603+00:00,1789262951.2376034,D_rowsize_rep2,r3-sub,D04,drain,0,0,0,0,0,149375593,716744097,11146,27764,17860971423,7720326070,208822.835,,,1,1.000112533569336,1.9997749581860866,0.0,,11D/46540C30,11D/46540C30,5.767301,5.766983,0.2,36.7,0.0,102388.47785912764,0.0,6.999212353651304,461.94801534098605,3119.6489347702955,1007.97,1
2026-09-13T01:29:12.237842+00:00,1789262952.237842,D_rowsize_rep2,r3-sub,D04,drain,0,0,0,0,0,149375595,716744097,11146,27764,17860971423,7720326070,208822.835,,,1,1.0002386569976807,1.9995227998917837,0.0,,11D/46540C30,11D/46540C30,6.767466,6.767148,0.6,36.7,0.0,0.0,0.0,0.0,503.8797455727295,2538.3941944626195,1007.97,1
2026-09-13T01:29:13.237924+00:00,1789262953.2379246,D_rowsize_rep2,r3-sub,D04,drain,0,0,0,0,0,149375597,716744097,11146,27764,17860971423,7720326070,208822.835,,,1,1.0000824928283691,1.9998350279522725,0.0,,11D/46540C30,11D/46540C30,7.767570,7.767252,0.2,36.7,0.0,36860.95923521629,0.0,3.999670055904545,3163.739014220495,16167.666283480148,1007.97,1
2026-09-13T01:29:14.238764+00:00,1789262954.238764,D_rowsize_rep2,r3-sub,D04,drain,0,0,0,0,0,149375599,716744097,11146,27764,17860971423,7720326070,208822.835,,,1,1.0008394718170166,1.9983224646096491,0.0,,11D/46540C30,11D/46540C30,8.768432,8.768114,5.9,36.7,0.0,98221.54578049347,0.0,13.988257252267543,410.65526647728285,3111.3880773972237,1007.97,1
2026-09-13T01:29:15.239390+00:00,1789262955.23939,D_rowsize_rep2,r3-sub,D04,drain,0,0,0,0,0,149375604,716744124,11146,27764,17860971424,7720326441,208823.015,,,1,1.0006258487701416,4.996872713357791,26.98311265213207,,11D/46575FF8,11D/46575FF8,0.142679,0.141626,0.4,36.7,0.0,184204.7157052216,0.0,4.996872713357791,2042.7215652206648,153904.67894596263,1007.97,1
2026-09-13T01:29:16.240271+00:00,1789262956.2402716,D_rowsize_rep2,r3-sub,D04,drain,0,0,0,0,0,149375729,716747445,11146,27764,17860971424,7720338116,208826.524,,,1,1.0008816719055176,124.88988809438395,3318.0745468915925,,11D/46CB9CC0,11D/46CB9CC0,0.015124,0.012050,1.0,36.7,0.0,7648680.373400489,0.0,20.981501199856503,18184.966825647058,7112784.857421221,1007.96,1
2026-09-13T01:29:17.240518+00:00,1789262957.240518,D_rowsize_rep2,r3-sub,D04,load,16,1,50000,6,0,149375854,716750766,11146,27764,17860971424,7720350186,208829.841,,,1,1.000246524810791,124.96919199358908,3320.1814928856747,,11D/472B9660,11D/472259D8,0.001548,-0.000103,0.2,36.7,0.0,13988487.490768086,0.0,21.994577790871677,16834.84979184037,6357976.601021419,1007.96,1
2026-09-13T01:29:18.241953+00:00,1789262958.2419531,D_rowsize_rep2,r3-sub,D04,load,16,1,50000,6,0,149375856,716750766,11146,27764,17860971424,7720350186,208829.841,,,1,1.0014350414276123,1.9971340299305553,0.0,,11D/4796FB80,11D/4796FB80,0.120964,0.118637,0.6,36.7,0.0,16156015.44852622,0.0,23.965608359166666,15910.16824944177,6144279.704081805,1007.95,1
2026-09-13T01:29:19.242816+00:00,1789262959.242816,D_rowsize_rep2,r3-sub,D04,load,16,1,50000,6,0,149376001,716754627,11146,27764,17860971424,7720364217,208833.976,,,1,1.0008628368377686,144.87499651613427,3857.6714589572034,,11D/4810BCB0,11D/4810BCB0,0.019729,0.018265,0.0,36.7,0.0,8950229.412356539,0.0,16.985344419132986,19228.409020365547,7367132.366805203,1007.94,1
2026-09-13T01:29:20.244338+00:00,1789262960.2443383,D_rowsize_rep2,r3-sub,D04,load,16,1,50000,6,0,149376148,716758542,11146,27764,17860971424,7720378839,208838.557,,,1,1.0015223026275635,146.7765616545286,3909.0492440644857,,11D/48841F48,11D/48841F48,0.098515,0.097132,1.4,36.7,0.0,14837700.529496947,0.0,22.96504025887182,18260.20244583686,7010011.640859868,1007.94,1
2026-09-13T01:29:21.244957+00:00,1789262961.2449577,D_rowsize_rep2,r3-sub,D04,load,16,1,50000,6,0,149376311,716762889,11146,27764,17860971424,7720395117,208843.559,,,1,1.0006194114685059,162.89909843022306,4344.309085129937,,11D/48FA5DC0,11D/48FA5DC0,0.113182,0.110513,0.0,36.7,0.0,16525316.0297305,0.0,26.983286243043082,19371.00137958904,7419549.246105818,1007.93,1
2026-09-13T01:29:22.246061+00:00,1789262962.2460618,D_rowsize_rep2,r3-sub,D04,load,16,1,50000,6,0,149376463,716766939,11146,27764,17860971424,7720410288,208847.991,,,1,1.0011041164398193,151.83235939589443,4045.533260219556,,11D/49765BE8,11D/49765BE8,0.037070,0.035342,0.4,36.7,0.0,16488674.583321724,0.0,24.97242753221948,19904.023640280215,7568499.495282494,1007.92,1
2026-09-13T01:29:23.247048+00:00,1789262963.2470486,D_rowsize_rep2,r3-sub,D04,load,16,1,50000,6,0,149376610,716770854,11146,27764,17860971424,7720424956,208852.883,,,1,1.0009868144989014,146.85508127655896,3911.140429916519,,11D/49EA5EA0,11D/49EA5EA0,0.054800,0.052250,0.0,36.7,0.0,7680612.660066601,0.0,15.984226533503016,19345.90917633037,7166109.379363731,1007.92,1
2026-09-13T01:29:24.248019+00:00,1789262964.2480192,D_rowsize_rep2,r3-sub,D04,load,16,1,50000,6,0,149376748,716774526,11146,27764,17860971424,7720438708,208856.627,,,1,1.0009706020355225,137.8661867984637,3668.4394052460775,,11D/4A551B28,11D/4A551B28,0.040346,0.038140,0.6,36.7,0.0,15402394.404638939,0.0,21.978667460624646,19116.445539047847,6553683.980987882,1007.91,1
2026-09-13T01:29:25.249002+00:00,1789262965.2490022,D_rowsize_rep2,r3-sub,D04,load,16,1,50000,6,0,149376881,716778063,11146,27764,17860971424,7720451999,208860.778,,,1,1.0009829998016357,132.86938941656007,3533.5265441080674,,11D/4ABB1FF8,11D/4ABB1FF8,0.041511,0.039612,0.4,36.7,0.0,14559256.253990363,0.0,21.978395241837003,16658.62457534691,6248678.550224643,1007.9,1
2026-09-13T01:29:26.250140+00:00,1789262966.250141,D_rowsize_rep2,r3-sub,D04,load,16,1,50000,6,0,149377006,716781384,11146,27764,17860971424,7720464561,208864.374,,,1,1.001138687133789,124.85782599998095,3317.222721167494,,11D/4B105A98,11D/4B105A98,0.120897,0.119288,6.7,36.7,0.0,13480969.393600503,0.0,19.97725215999695,14116.925238861846,5234982.992221153,1007.9,1
2026-09-13T01:29:27.250480+00:00,1789262967.2504807,D_rowsize_rep2,r3-sub,D04,load,16,1,50000,6,0,149377151,716785245,11146,27764,17860971424,7720479168,208868.932,,,1,1.0003397464752197,144.95075349242052,3859.6886843740385,,11D/4B747F88,11D/4B747F88,0.055040,0.052832,0.8,36.7,0.0,7722432.330835476,0.0,20.992867747178142,17022.216761854736,6153386.408656994,1007.89,1
2026-09-13T01:29:28.251489+00:00,1789262968.251489,D_rowsize_rep2,r3-sub,D04,load,16,1,50000,6,0,149377234,716787432,11146,27764,17860971424,7720487441,208871.483,,,1,1.0010082721710205,82.91639770367412,2184.797129854642,,11D/4BC65908,11D/4BC65908,0.118524,0.116220,0.8,36.7,0.0,13715962.57663522,0.0,16.982876638101928,16398.465883202538,4994495.189492139,1007.89,1
2026-09-13T01:29:29.251661+00:00,1789262969.2516613,D_rowsize_rep2,r3-sub,D04,load,16,1,50000,6,0,149377313,716789511,11146,27764,17860971424,7720495304,208873.736,,,1,1.0001723766326904,78.98638459299546,2078.6416907447797,,11D/4C223FD0,11D/4C223FD0,0.042620,0.040489,0.8,36.7,0.0,14489150.409041945,0.0,18.996725408441947,16644.130940754374,5697622.862956543,1007.88,1
2026-09-13T01:29:30.252334+00:00,1789262970.2523348,D_rowsize_rep2,r3-sub,D04,load,16,1,50000,6,0,149377445,716793021,11146,27764,17860971424,7720508583,208877.658,,,1,1.000673532485962,131.91115355282147,3507.6374922000255,,11D/4C737B10,11D/4C737B10,0.059714,0.057511,0.6,36.7,0.0,13728737.249471245,0.0,19.98653841709416,13694.77612339292,4979958.835945237,1007.88,1
2026-09-13T01:29:31.253092+00:00,1789262971.253092,D_rowsize_rep2,r3-sub,D04,load,16,1,50000,6,0,149377527,716795181,11146,27764,17860971424,7720516754,208880.25,,,1,1.0007572174072266,81.93795515404481,2158.3656479602046,,11D/4CC3BBE8,11D/4CC3BBE8,0.091814,0.090018,0.2,36.7,0.0,5292120.714074159,0.0,11.990920266445581,12761.33689356471,4928807.820921124,1007.87,1
2026-09-13T01:29:32.254403+00:00,1789262972.2544036,D_rowsize_rep2,r3-sub,D04,load,16,1,50000,6,0,149377719,716800311,11146,27764,17860971424,7720536161,208886.079,,,1,1.0013115406036377,191.74851403815177,5123.280609456868,,11D/4D207FD0,11D/4D207FD0,0.027798,0.026174,0.4,36.7,0.0,14570841.749416461,0.0,20.97249372292285,15429.763239007525,5691117.867836244,1007.87,1
2026-09-13T01:29:33.255286+00:00,1789262973.255286,D_rowsize_rep2,r3-sub,D04,load,16,1,50000,6,0,149377800,716802444,11146,27764,17860971424,7720544230,208888.542,,2201,1,1.0008823871612549,80.92858965151304,2131.119527489843,2201,11D/4D731B50,11D/4D731B50,0.094916,0.092911,0.0,36.7,0.0,13848644.134215182,0.0,18.983249424428983,13029.5029338936,5080642.905928887,1007.86,1
2026-09-13T01:29:34.256264+00:00,1789262974.2562644,D_rowsize_rep2,r3-sub,D04,load,16,1,50000,6,0,149377922,716805684,11146,27764,17860971424,7720556488,208892.817,,,1,1.0009784698486328,121.88074336748596,3236.832856644709,,11D/4DD59FC0,11D/4DD59FC0,0.109997,0.108249,0.4,36.7,0.0,6489905.822831892,0.0,14.985337299281062,15297.032315106107,6045395.762523319,1007.85,1
2026-09-13T01:29:35.257008+00:00,1789262975.2570086,D_rowsize_rep2,r3-sub,D04,load,16,1,50000,6,0,149378056,716809167,11146,27764,17860971424,7720569781,208896.894,,,1,1.000744104385376,133.90036415183118,3480.4102114987163,,11D/4E41BE40,11D/4E41BE40,0.033679,0.032113,0.0,36.7,0.0,15258534.057893112,0.0,18.98587252899099,17677.8458373884,6558195.018326712,1007.85,1
2026-09-13T01:29:36.258132+00:00,1789262976.2581327,D_rowsize_rep2,r3-sub,D04,load,16,1,50000,6,0,149378202,716813055,11146,27764,17860971424,7720584486,208901.279,,,1,1.0011241436004639,145.83605932719047,3883.634237425456,,11D/4EA6F808,11D/4EA6F808,0.048406,0.046503,0.4,36.7,0.0,15277290.13206561,0.0,22.974173729625896,16936.96042432768,6298362.735837108,1007.84,1
2026-09-13T01:29:37.259282+00:00,1789262977.2592824,D_rowsize_rep2,r3-sub,D04,load,16,1,50000,6,0,149378332,716816511,11146,27764,17860971424,7720597559,208905.882,,,1,1.0011496543884277,129.85071655387335,3452.031357001433,,11D/4F10FA38,11D/4F10FA38,0.036374,0.034699,0.0,36.7,0.0,14364541.741549075,0.0,26.968994976573697,18266.999264132584,6450855.745383206,1007.83,1
2026-09-13T01:29:38.260411+00:00,1789262978.2604115,D_rowsize_rep2,r3-sub,D04,load,16,1,50000,6,0,149378457,716819832,11146,27764,17860971424,7720610123,208909.575,,,1,1.001129150390625,124.85901539399482,3317.2543209876544,,11D/4F76B848,11D/4F76B848,0.036240,0.033738,3.3,36.7,0.0,7806353.452949245,0.0,16.980826093583296,17203.574577046184,6301557.593781436,1007.83,1
2026-09-13T01:29:39.261557+00:00,1789262979.2615576,D_rowsize_rep2,r3-sub,D04,load,16,1,50000,6,0,149378519,716821452,11146,27764,17860971424,7720616251,208911.41,,,1,1.0011460781097412,61.929024500662166,1618.1454788882695,,11D/4FDC7E10,11D/4FDC7E10,0.083906,0.081911,0.0,36.8,0.0,9217723.768567204,0.0,33.96107795197602,18570.716508327598,6196930.833224461,1007.82,1
2026-09-13T01:29:40.261918+00:00,1789262980.2619183,D_rowsize_rep2,r3-sub,D04,load,16,1,50000,6,0,149378667,716825394,11146,27764,17860971424,7720631163,208915.77,,,1,1.0003607273101807,147.9466316095292,3940.5785257078655,,11D/5043DB68,11D/5043DB68,0.053607,0.051275,1.4,36.7,0.0,15583754.514151594,0.0,62.97728237432662,16694.977665613158,6354219.859361836,1007.82,1
2026-09-13T01:29:41.262914+00:00,1789262981.2629144,D_rowsize_rep2,r3-sub,D04,load,16,1,50000,6,0,149378812,716829255,11146,27764,17860971424,7720645765,208920.63,,,1,1.0009961128234863,144.85570737233124,3857.1578356177306,,11D/50A8F890,11D/50A8F890,0.039111,0.037178,0.0,36.7,0.0,15025544.86208301,0.0,19.98009756859741,17079.986406515498,6200814.289370301,1007.81,1
2026-09-13T01:29:42.263915+00:00,1789262982.263915,D_rowsize_rep2,r3-sub,D04,load,16,1,50000,6,0,149378936,716832549,11146,27764,17860971424,7720658225,208924.59,,,1,1.0010006427764893,123.87604433106006,3290.70717763316,,11D/50FFFF88,11D/50FFFF88,0.027148,0.026432,0.4,36.8,0.0,5920987.206921709,0.0,18.981006792662427,14763.227283261336,5438188.3161442615,1007.81,1
2026-09-13T01:29:43.264290+00:00,1789262983.26429,D_rowsize_rep2,r3-sub,D04,load,16,1,50000,6,0,149379064,716835951,11146,27764,17860971424,7720671096,208928.339,,,1,1.0003750324249268,127.95201384597308,3400.7246180000034,,11D/5164DFD8,11D/5164DFD8,0.118056,0.115638,0.4,36.7,0.0,14977550.932754226,0.0,20.992127271604957,19752.592137472093,6166748.269442598,1007.8,1
2026-09-13T01:29:44.265542+00:00,1789262984.2654746,D_rowsize_rep2,r3-sub,D04,load,16,1,50000,6,0,149379187,716839218,11146,27764,17860971424,7720683456,208932.467,,,1,1.0011844635009766,122.85448334854232,3263.134935769819,,11D/51C97C70,11D/51C97C70,0.009999,0.008095,0.6,36.7,0.0,15063629.680451278,0.0,31.962142009376862,16447.518514637777,6148911.838356744,1007.79,1
2026-09-13T01:29:45.266390+00:00,1789262985.2663558,D_rowsize_rep2,r3-sub,D04,load,16,1,50000,6,0,149379189,716839218,11146,27764,17860971424,7720683456,208932.467,,,1,1.0008811950683594,1.9982391615054789,0.0,,11D/5220BE38,11D/5220BE38,0.089280,0.086587,1.2,36.8,0.0,6883406.376247737,0.0,12.988554549785611,14699.047272034302,5385578.2550014295,1007.79,1
2026-09-13T01:29:46.267282+00:00,1789262986.2672822,D_rowsize_rep2,r3-sub,D04,load,16,1,50000,6,0,149379343,716843133,11159,27815,17860971424,7720746246,208938.17,,,1,1.0009264945983887,153.85745190189104,3911.3761311422304,,11D/52739F50,11D/52739F50,0.153084,0.151602,0.8,36.7,0.0,14289992.399231097,0.0,18.98241289698656,13613.38727022836,5080362.07198245,1007.78,1
2026-09-13T01:29:47.268173+00:00,1789262987.2681735,D_rowsize_rep2,r3-sub,D04,load,16,1,50000,6,0,149379504,716847426,11159,27815,17860971424,7720762492,208944.889,,,1,1.0008912086486816,160.85664316841041,4289.177447962646,,11D/52D61820,11D/52D61820,0.028128,0.025773,0.2,36.7,0.0,15800574.391448203,0.0,46.95815049015708,16365.41500061219,5947392.632249034,1007.78,1
2026-09-13T01:29:48.269383+00:00,1789262988.2693832,D_rowsize_rep2,r3-sub,D04,load,16,1,50000,6,0,149379616,716850396,11159,27815,17860971424,7720773732,208948.751,,,1,1.0012097358703613,111.8646732920923,2966.4114256920907,,11D/5320B980,11D/5320B980,0.149987,0.148684,0.4,36.7,0.0,13336825.963235509,0.0,20.974626242267306,12327.087480098244,4621920.696743185,1007.77,1
2026-09-13T01:29:49.270444+00:00,1789262989.270444,D_rowsize_rep2,r3-sub,D04,load,16,1,50000,6,0,149379735,716853555,11159,27815,17860971424,7720785679,208952.828,,,1,1.0010607242584229,118.87390756255488,3155.652722605974,,11D/53819F60,11D/53819F60,0.061937,0.059195,0.4,36.7,0.0,6309339.530505367,0.0,10.988344396538686,15832.206394612876,5892454.730325885,1007.77,1
2026-09-13T01:29:50.272187+00:00,1789262990.2721872,D_rowsize_rep2,r3-sub,D04,load,16,1,50000,6,0,149379796,716855148,11159,27815,17860971424,7720791708,208954.489,,,1,1.0017433166503906,60.89384275002761,1590.2277295212127,,11D/53D43C58,11D/53D43C58,0.141808,0.139142,0.6,36.7,0.0,13877630.894992784,0.0,20.963454061484914,13889.785705309576,5130206.4257181045,1007.76,1
2026-09-13T01:29:51.272874+00:00,1789262991.2728744,D_rowsize_rep2,r3-sub,D04,load,16,1,50000,6,0,149379913,716858253,11159,27815,17860971424,7720803451,208959.352,,,1,1.0006871223449707,116.91966188775051,3102.8679500979943,,11D/543EFFA8,11D/5432BA58,0.000963,0.000647,0.0,36.7,0.0,14317969.803013733,0.0,18.98695363989111,18092.56819211729,6200362.592315899,1007.75,1
2026-09-13T01:29:52.273566+00:00,1789262992.2735662,D_rowsize_rep2,r3-sub,D04,load,16,1,50000,6,0,149380045,716861763,11159,27815,17860971424,7720816727,208964.074,,,1,1.0006918907165527,131.90873357180945,3507.5731427049327,,11D/54A93E98,11D/54A93E98,0.127156,0.125058,5.7,36.7,0.0,14829547.573703079,0.0,26.98133186696102,15106.547919735176,5183404.650442223,1007.75,1
2026-09-13T01:29:53.275248+00:00,1789262993.2752485,D_rowsize_rep2,r3-sub,D04,load,16,1,50000,6,0,149380166,716864976,11159,27815,17860971424,7720828881,208969.016,,,1,1.0016822814941406,120.79678580269245,3207.6039073062057,,11D/550FFA00,11D/550FFA00,0.037183,0.035456,0.0,36.8,0.0,6751138.68432698,0.0,14.97480815735857,18236.321374031268,6298301.483969,1007.74,1
2026-09-13T01:29:54.277022+00:00,1789262994.2770224,D_rowsize_rep2,r3-sub,D04,load,16,1,50000,6,0,149380295,716868405,11159,27815,17860971424,7720841851,208973.54,,,1,1.0017738342285156,128.77158056273777,3422.9282926327733,,11D/5573DEA8,11D/5573DEA8,0.068496,0.066660,0.6,36.7,0.0,15013879.865990885,0.0,22.95927405382146,18816.62243106672,6193080.501825908,1007.74,1
2026-09-13T01:29:55.277354+00:00,1789262995.277355,D_rowsize_rep2,r3-sub,D04,load,16,1,50000,6,0,149380416,716871618,11159,27815,17860971424,7720854005,208977.881,,,1,1.0003325939178467,120.95976951635473,3211.931731041717,,11D/55D78000,11D/55D78000,0.069437,0.067865,0.0,36.7,0.0,14830779.37298362,0.0,19.99335033328177,15855.72648180911,5998528.925763263,1007.73,1
2026-09-13T01:29:56.278188+00:00,1789262996.2781882,D_rowsize_rep2,r3-sub,D04,load,16,1,50000,6,0,149380547,716875101,11159,27815,17860971424,7720867179,208982.72,,,1,1.00083327293396,130.89093212895614,3480.1001267569027,,11D/56421F00,11D/56421F00,0.023139,0.020906,0.6,36.7,0.0,15510915.174204387,0.0,23.98001809996143,18677.43659760746,6659083.16623259,1007.73,1
2026-09-13T01:29:57.279818+00:00,1789262997.2798183,D_rowsize_rep2,r3-sub,D04,load,16,1,50000,6,0,149380691,716878935,11159,27815,17860971424,7720881681,208987.442,,,1,1.0016300678253174,143.7656522359045,3827.760490780957,,11D/56A63FD0,11D/56A63FD0,0.072237,0.069667,0.0,36.7,0.0,6677882.598435044,0.0,16.972333944516503,16542.03536039376,6145446.505379372,1007.72,1
2026-09-13T01:29:58.280942+00:00,1789262998.280943,D_rowsize_rep2,r3-sub,D04,load,16,1,50000,6,0,149380813,716882175,11159,27815,17860971424,7720893935,208991.417,,,1,1.001124620437622,121.86295043535148,3236.360323037203,,11D/57103E20,11D/57103E20,0.011773,0.009998,1.2,36.7,0.0,15297739.849116258,0.0,23.97303942990521,20439.013867280017,6466819.282868078,1007.71,1
2026-09-13T01:29:59.281100+00:00,1789262999.2811007,D_rowsize_rep2,r3-sub,D04,load,16,1,50000,6,0,149380841,716882877,11159,27815,17860971424,7720896591,208992.253,,,1,1.0001578330993652,27.995581370623743,701.8892186492095,,11D/57649AA0,11D/57649AA0,0.150693,0.148654,0.2,36.7,0.0,13997918.665112423,0.0,18.997001644351826,14367.732296280828,5240011.952672799,1007.71,1
2026-09-13T01:30:00.282234+00:00,1789263000.2822344,D_rowsize_rep2,r3-sub,D04,load,16,1,50000,6,0,149380987,716886765,11159,27815,17860971424,7720911299,208997.46,,,1,1.001133680343628,145.83467010108694,3883.5972421440138,,11D/57C7DE28,11D/57C7DE28,0.136360,0.134117,1.4,36.7,0.0,5957022.64052589,0.0,12.98527884461733,16924.81267255354,5993568.2095326595,1007.7,1
2026-09-13T01:30:01.282569+00:00,1789263001.2825696,D_rowsize_rep2,r3-sub,D04,load,16,1,50000,6,0,149381109,716890005,11159,27815,17860971424,7720923555,209001.557,,,1,1.0003352165222168,121.9591172888498,3238.9142624251913,,11D/5831DAA8,11D/5831DAA8,0.027022,0.025353,0.2,36.7,0.0,15903532.873019345,0.0,22.99229260363562,16813.363882632497,6557771.726568328,1007.7,1
2026-09-13T01:30:02.283723+00:00,1789263002.283723,D_rowsize_rep2,r3-sub,D04,load,16,1,50000,6,0,149381276,716894460,11159,27815,17860971424,7720940410,209007.777,,,1,1.0011534690856934,166.8075925986785,4449.867215731214,,11D/5882FB98,11D/5882FB98,0.103689,0.099972,0.6,36.7,0.0,15874169.636063749,0.0,93.89169882799867,13508.418456913341,5031580.227755099,1007.69,1
2026-09-13T01:30:03.284862+00:00,1789263003.2848623,D_rowsize_rep2,r3-sub,D04,load,16,1,50000,6,0,149381377,716897133,11159,27815,17860971424,7720950519,209011.194,,5708,1,1.0011391639709473,100.88507535694707,2669.958479496233,3507,11D/58E59888,11D/58E59888,0.030240,0.028454,0.0,36.7,0.0,14867926.993246619,0.0,23.972691173928016,15720.092237303295,6044536.282046409,1007.68,1
2026-09-13T01:30:04.285001+00:00,1789263004.2850018,D_rowsize_rep2,r3-sub,D04,load,16,1,50000,6,0,149381492,716900184,11159,27815,17860971424,7720960402,209014.982,,,1,1.0001394748687744,114.98396262690144,3050.5745215189245,,11D/5931BA48,11D/5931BA48,0.170985,0.168514,6.5,36.8,0.0,5004613.982121577,0.0,9.998605445817518,12649.235749503741,4677944.54429855,1007.68,1
2026-09-13T01:30:05.285288+00:00,1789263005.2852888,D_rowsize_rep2,r3-sub,D04,load,16,1,50000,6,0,149381558,716901831,11159,27815,17860971424,7720965340,209016.863,,,1,1.0002870559692383,65.98105974294413,1646.5273544943782,,11D/5996DC78,11D/5996DC78,0.045973,0.043633,0.0,36.7,0.0,15085333.664923532,0.0,19.994260528164887,17266.043679096787,6256049.163743699,1007.67,1
2026-09-13T01:30:06.286485+00:00,1789263006.286485,D_rowsize_rep2,r3-sub,D04,load,16,1,50000,6,0,149381641,716904018,11159,27815,17860971424,7720971614,209019.764,,,1,1.0011961460113525,82.90083849269918,2184.387154018471,,11D/59E87D10,11D/59E87D10,0.139798,0.137447,1.0,36.7,0.0,13795210.913490063,0.0,17.97849509480223,13417.950172420731,4977447.246329585,1007.67,1
2026-09-13T01:30:07.286519+00:00,1789263007.2865193,D_rowsize_rep2,r3-sub,D04,load,16,1,50000,6,0,149381788,716907933,11159,27815,17860971424,7720982852,209024.398,,,1,1.0000343322753906,146.9949533287813,3914.865593756318,,11D/5A40FD08,11D/5A40FD08,0.124870,0.123083,1.4,36.8,0.0,5967667.11640912,0.0,11.99958802683929,14519.50151247554,5441014.197602164,1007.66,1
2026-09-13T01:30:08.286921+00:00,1789263008.2869215,D_rowsize_rep2,r3-sub,D04,load,16,1,50000,6,0,149381870,716910093,11159,27815,17860971424,7720989052,209027.199,,,1,1.0004022121429443,81.96703186446301,2159.1315710639037,,11D/5AA37DA0,11D/5AA37DA0,0.013549,0.011683,0.4,36.7,0.0,14813369.88275523,0.0,18.992361041765818,15731.672530279498,6001104.2829863075,1007.66,1
2026-09-13T01:30:09.287910+00:00,1789263009.28791,D_rowsize_rep2,r3-sub,D04,load,16,1,50000,6,0,149382032,716914413,11159,27815,17860971424,7721001447,209032.149,,,1,1.000988483428955,161.8400238183139,4315.733968488371,,11D/5AF65B10,11D/5AF65B10,0.110574,0.108194,0.0,36.7,0.0,13691681.99922924,0.0,19.980249854112827,15810.37170955948,5131234.859371435,1007.65,1
2026-09-13T01:30:10.288203+00:00,1789263010.2882035,D_rowsize_rep2,r3-sub,D04,load,16,1,50000,6,0,149382143,716917356,11159,27815,17860971424,7721009897,209035.831,,,1,1.000293493270874,110.96743180547892,2942.1365027344546,,11D/5B515CA8,11D/5B515CA8,0.127370,0.125495,0.6,36.7,0.0,6215903.674099251,0.0,12.996185706947982,14618.709507130796,5592170.735519546,1007.65,1
2026-09-13T01:30:11.289344+00:00,1789263011.2893445,D_rowsize_rep2,r3-sub,D04,load,16,1,50000,6,0,149382268,716920677,11159,27815,17860971424,7721019429,209040.195,,,1,1.00114107131958,124.85752865501811,3317.214821306521,,11D/5BB57AA8,11D/5BB57AA8,0.097110,0.093409,0.0,36.8,0.0,14978364.617720505,0.0,22.973785272523333,16187.528875065787,6149183.34324818,1007.64,1
2026-09-13T01:30:12.290319+00:00,1789263012.2903194,D_rowsize_rep2,r3-sub,D04,load,16,1,50000,6,0,149382399,716924160,11159,27815,17860971424,7721029429,209044.38,,,1,1.0009748935699463,130.87241332576536,3479.6077527758835,,11D/5C211E28,11D/5C211E28,0.066044,0.063287,0.4,36.7,0.0,15475984.56216176,0.0,18.981495062515588,17541.898515932167,6606635.233791596,1007.63,1
2026-09-13T01:30:13.290419+00:00,1789263013.290419,D_rowsize_rep2,r3-sub,D04,load,16,1,50000,6,0,149382545,716928048,11159,27815,17860971424,7721040585,209049.166,,,1,1.0000996589660645,145.98545124086888,3887.6125645513575,,11D/5C895EA0,11D/5C895EA0,0.082725,0.079840,0.0,36.8,0.0,6806873.634011503,0.0,9.999003509648553,19500.056644516608,6371904.98253758,1007.63,1
2026-09-13T01:30:14.290980+00:00,1789263014.2909806,D_rowsize_rep2,r3-sub,D04,load,16,1,50000,6,0,149382547,716928048,11159,27815,17860971424,7721040585,209049.166,,,1,1.0005614757537842,1.9988776786486584,0.0,,11D/5CEF5FC8,11D/5CEF5FC8,0.144793,0.142767,0.6,36.8,0.0,15105758.48286935,0.0,21.987654465135243,16808.562399756567,6254289.368162626,1007.62,1
2026-09-13T01:30:15.291122+00:00,1789263015.291123,D_rowsize_rep2,r3-sub,D04,load,16,1,50000,6,0,149382693,716931936,11159,27815,17860971424,7721051746,209054.33,,,1,1.0001423358917236,145.97922191727528,3887.446676810728,,11D/5D63FEE8,11D/5D63FEE8,0.067631,0.066107,0.0,36.7,0.0,16070416.602922453,0.0,21.996869056027784,18624.349086664977,7168960.599600324,1007.61,1
2026-09-13T01:30:16.291259+00:00,1789263016.29126,D_rowsize_rep2,r3-sub,D04,load,16,1,50000,6,0,149382836,716935743,11159,27815,17860971424,7721062670,209059.43,,,1,1.0001370906829834,142.98039871948632,3806.4781673082825,,11D/5DC8FD60,11D/5DC8FD60,0.127802,0.124970,4.9,36.8,0.0,15288272.120333387,0.0,31.995613699465466,16335.760519433337,6253839.656850174,1007.61,1
2026-09-13T01:30:17.292621+00:00,1789263017.2926211,D_rowsize_rep2,r3-sub,D04,load,16,1,50000,6,0,149382980,716939577,11159,27815,17860971424,7721073680,209064.912,,,1,1.0013611316680908,143.80426346299404,3828.7885147022166,,11D/5E31FD90,11D/5E31FD90,0.146769,0.145165,0.0,36.8,0.0,6949644.618627609,0.0,18.97417365136727,16962.91124432234,6401912.154629998,1007.6,1
2026-09-13T01:30:18.293549+00:00,1789263018.293549,D_rowsize_rep2,r3-sub,D04,load,16,1,50000,6,0,149383088,716942439,11159,27815,17860971424,7721081890,209067.977,,,1,1.0009279251098633,107.89987699478537,2859.3467403618124,,11D/5E957FC8,11D/5E957FC8,0.114426,0.112538,1.4,36.8,0.0,14920171.198501451,0.0,18.98238576760113,16011.142858503987,6096434.964915407,1007.59,1
2026-09-13T01:30:19.294676+00:00,1789263019.2946765,D_rowsize_rep2,r3-sub,D04,load,16,1,50000,6,0,149383249,716946732,11159,27815,17860971424,7721094218,209073.042,,,1,1.0011274814605713,160.81867991987679,4288.1651732672735,,11D/5EF8FC50,11D/5EF8FC50,0.133151,0.131463,0.0,36.8,0.0,14986750.716413042,0.0,19.97747576644432,16421.48508001723,6146099.386886457,1007.59,1
2026-09-13T01:30:20.294774+00:00,1789263020.2947743,D_rowsize_rep2,r3-sub,D04,load,16,1,50000,6,0,149383381,716950242,11159,27815,17860971424,7721104297,209077.459,,,1,1.0000977516174316,131.98709804768572,3509.656925358916,,11D/5F621B40,11D/5F621B40,0.008518,0.006444,0.4,36.8,0.0,6864225.01090277,0.0,10.998924837307143,17527.286679377903,6409776.433986203,1007.58,1
2026-09-13T01:30:21.295956+00:00,1789263021.2959154,D_rowsize_rep2,r3-sub,D04,load,16,1,50000,6,0,149383462,716952348,11159,27815,17860971424,7721110339,209079.989,,,1,1.00114107131958,80.90767856845173,2103.599642779745,,11D/5FB3FFF8,11D/5FB3FFF8,0.132855,0.131324,0.0,36.8,0.0,13849157.124005439,0.0,17.979484126322607,14140.864265352731,5079428.010377486,1007.58,1
2026-09-13T01:30:22.297179+00:00,1789263022.2971795,D_rowsize_rep2,r3-sub,D04,load,16,1,50000,6,0,149383581,716955534,11159,27815,17860971424,7721119489,209084.198,,,1,1.0012640953063965,118.84976257296518,3181.9776769535047,,11D/600FFEC0,11D/600FFEC0,0.119296,0.117510,0.8,36.8,0.0,13393373.499422565,0.0,18.976012511649902,15843.971709727055,5637327.880285912,1007.57,1
2026-09-13T01:30:23.298125+00:00,1789263023.2981255,D_rowsize_rep2,r3-sub,D04,load,16,1,50000,6,0,149383755,716960178,11159,27815,17860971424,7721132819,209089.553,,,1,1.000946044921875,173.83554376657824,4639.610719839019,,11D/60729ED8,11D/60729ED8,0.009938,0.008094,0.2,36.7,0.0,15902011.982316535,0.0,17.98298728619775,17032.88612457697,6049849.570535687,1007.57,1
2026-09-13T01:30:24.299092+00:00,1789263024.2990928,D_rowsize_rep2,r3-sub,D04,load,16,1,50000,6,0,149383837,716962338,11159,27815,17860971424,7721139025,209092.143,,,1,1.000967264175415,81.92076098267871,2157.9127283242196,,11D/60C39AF8,11D/60C39AF8,0.106497,0.104583,0.8,36.8,0.0,5364666.94984638,0.0,10.989370375725194,15666.846021102045,4978776.208136461,1007.56,1
2026-09-13T01:30:25.299645+00:00,1789263025.299646,D_rowsize_rep2,r3-sub,D04,load,16,1,50000,6,0,149383936,716964957,11159,27815,17860971424,7721146542,209095.344,,,1,1.0005531311035156,98.94527029345493,2617.5521504904896,,11D/6120FFD8,11D/6120FFD8,0.075489,0.073013,0.6,36.8,0.0,17320595.439930763,0.0,80.9552211491904,15066.666158321546,5692255.436468933,1007.55,1
2026-09-13T01:30:26.301191+00:00,1789263026.3011916,D_rowsize_rep2,r3-sub,D04,load,16,1,50000,6,0,149384052,716968035,11159,27815,17860971424,7721155374,209099.089,,,1,1.0015456676483154,115.82097925936259,3073.249777244121,,11D/6173F808,11D/6173F808,0.187529,0.185852,0.6,36.7,0.0,13806755.344935128,0.0,11.98148061303751,13425.24902690853,5080352.463555044,1007.55,1
2026-09-13T01:30:27.301306+00:00,1789263027.3013067,D_rowsize_rep2,r3-sub,D04,load,16,1,50000,6,0,149384176,716971329,11159,27815,17860971424,7721164828,209103.14,,,1,1.000115156173706,123.98572227862822,3293.620719240333,,11D/61D7D9E0,11D/61D7D9E0,0.107864,0.105798,0.2,36.7,0.0,15149359.45773075,0.0,26.996891141314208,16941.049133603206,6154873.228349377,1007.54,1
2026-09-13T01:30:28.301371+00:00,1789263028.3013718,D_rowsize_rep2,r3-sub,D04,load,16,1,50000,6,0,149384306,716974785,11159,27815,17860971424,7721174746,209107.439,,,1,1.0000650882720947,129.99153907533466,3455.7750695719737,,11D/62439A68,11D/62439A68,0.028723,0.025928,0.4,36.8,0.0,7077427.342483402,0.0,11.999218991569352,20826.64442970054,6626307.705081108,1007.54,1
2026-09-13T01:30:29.302435+00:00,1789263029.3024359,D_rowsize_rep2,r3-sub,D04,load,16,1,50000,6,0,149384431,716978079,11159,27815,17860971424,7721184196,209111.558,,,1,1.0010640621185303,124.86713361327266,3290.498704976961,,11D/62A6DDD8,11D/62A6DDD8,0.046056,0.044281,0.0,36.8,0.0,14987700.156020088,0.0,20.977678447029806,16080.888935251705,6149716.319824368,1007.53,1
2026-09-13T01:30:30.303588+00:00,1789263030.3035886,D_rowsize_rep2,r3-sub,D04,load,16,1,50000,6,0,149384572,716981859,11159,27815,17860971424,7721195041,209116.621,,,1,1.001152753829956,140.83764886087363,3775.6476077595908,,11D/631018B0,11D/631018B0,0.019414,0.017238,5.7,36.8,0.0,15293218.683590136,0.0,20.975820043108836,17409.930635780336,6450729.896405906,1007.53,1
2026-09-13T01:30:31.305008+00:00,1789263031.3050084,D_rowsize_rep2,r3-sub,D04,load,16,1,50000,6,0,149384702,716985315,11159,27815,17860971424,7721204967,209120.237,,,1,1.0014197826385498,129.81568993721578,3451.100187869367,,11D/6374FE78,11D/6374FE78,0.019096,0.016144,0.8,36.8,0.0,6769269.109243025,0.0,51.92627597488631,16269.900278054281,6144288.445938215,1007.52,1
2026-09-13T01:30:32.305874+00:00,1789263032.3058743,D_rowsize_rep2,r3-sub,D04,load,16,1,50000,6,0,149384844,716989095,11159,27815,17860971424,7721215813,209124.947,,,1,1.0008659362792969,141.87714343429724,3776.7295928284757,,11D/63D75CF8,11D/63D75CF8,0.050300,0.048434,0.6,36.8,0.0,14949742.475624211,0.0,22.980100697104483,16386.81006666133,6099868.902218614,1007.51,1
2026-09-13T01:30:33.306199+00:00,1789263033.3061993,D_rowsize_rep2,r3-sub,D04,load,16,1,50000,6,0,149384846,716989095,11159,27815,17860971424,7721215813,209124.947,,9201,1,1.0003249645233154,1.9993502820886404,0.0,3493,11D/64319B50,11D/64319B50,0.145982,0.144182,0.2,36.8,0.0,14265828.111967895,0.0,18.993827679842084,14008.44775145406,5490205.877863997,1007.51,1
2026-09-13T01:30:34.306574+00:00,1789263034.3065743,D_rowsize_rep2,r3-sub,D04,load,16,1,50000,6,0,149384976,716992551,11159,27815,17860971424,7721225733,209129.409,,,1,1.0003750324249268,129.95126406231643,3454.704373841273,,11D/64967AA0,11D/64967AA0,0.081050,0.079188,1.2,36.8,0.0,15075818.079387933,0.0,19.992502163433294,16061.976238102308,6252269.196322008,1007.5,1
2026-09-13T01:30:35.307635+00:00,1789263035.3076358,D_rowsize_rep2,r3-sub,D04,load,16,1,50000,6,0,149385204,716998572,11159,27815,17860971424,7721243255,209136.684,,,1,1.0010614395141602,227.75824839547712,6014.615849075298,,11D/64FAB9F8,11D/64FAB9F8,0.028237,0.026277,0.0,36.8,0.0,6563017.753624168,0.0,13.985155603231052,16350.64477954899,6149622.547630775,1007.49,1
2026-09-13T01:30:36.307928+00:00,1789263036.3079286,D_rowsize_rep2,r3-sub,D04,load,16,1,50000,6,0,149385206,716998572,11159,27815,17860971424,7721243255,209136.684,,,1,1.0002927780151367,1.9994146153574803,0.0,,11D/65525F88,11D/65525F88,0.131610,0.128065,0.8,36.8,0.0,14208959.928914854,0.0,18.994438845896063,15265.530588254362,5388718.301751482,1007.49,1
2026-09-13T01:30:37.308670+00:00,1789263037.3086705,D_rowsize_rep2,r3-sub,D04,load,16,1,50000,6,0,149385335,717002001,11159,27815,17860971424,7721253093,209140.922,,,1,1.000741958618164,128.9043583004401,3426.457710172163,,11D/65B59D80,11D/65B59D80,0.053545,0.051731,0.0,36.8,0.0,15143963.805541314,0.0,25.98072337838327,15525.480735766958,6097625.81397698,1007.48,1
2026-09-13T01:30:38.309210+00:00,1789263038.30921,D_rowsize_rep2,r3-sub,D04,load,16,1,50000,6,0,149385515,717006807,11159,27815,17860971424,7721266884,209146.549,,,1,1.0005395412445068,179.9029349465885,4803.408363073912,,11D/661098C0,11D/661098C0,0.087392,0.085851,0.6,36.8,0.0,14344644.472669208,0.0,22.987597243175195,14812.008310602452,5542976.335649592,1007.48,1
2026-09-13T01:30:39.310289+00:00,1789263039.3102899,D_rowsize_rep2,r3-sub,D04,load,16,1,50000,6,0,149385567,717008157,11159,27815,17860971424,7721270760,209148.389,,,1,1.001079797744751,51.94391108196015,1348.5438453970426,,11D/66629FF0,11D/66629FF0,0.165031,0.163413,0.2,36.8,0.0,5384521.805497861,0.0,11.987056403529266,15254.528194857952,5029171.511943437,1007.47,1
2026-09-13T01:30:40.311483+00:00,1789263040.3114834,D_rowsize_rep2,r3-sub,D04,load,16,1,50000,6,0,149385690,717011424,11159,27815,17860971424,7721280138,209152.482,,,1,1.0011935234069824,122.85337162533845,3263.105407316916,,11D/66C9F9E8,11D/66C9F9E8,0.104102,0.102223,0.4,36.8,0.0,15202591.351375345,0.0,20.974965887252907,17262.39692520914,6348682.698595721,1007.47,1
2026-09-13T01:30:41.312557+00:00,1789263041.312557,D_rowsize_rep2,r3-sub,D04,load,16,1,50000,6,0,149385856,717015852,11159,27815,17860971424,7721292841,209158.365,,,1,1.0010735988616943,165.8219737177727,4423.251202543961,,11D/67325C88,11D/67325C88,0.008499,0.006694,0.8,36.8,0.0,15294427.919595256,0.0,16.981768392783952,18397.24873470012,6454331.6369016245,1007.46,1
2026-09-13T01:30:42.312856+00:00,1789263042.3128567,D_rowsize_rep2,r3-sub,D04,load,16,1,50000,6,0,149385985,717019281,11159,27815,17860971424,7721302681,209162.581,,,1,1.0002996921539307,128.96135129485663,3427.9726634888634,,11D/6785DE50,11D/6785DE50,0.150245,0.147589,6.5,36.8,0.0,13881279.889330652,0.0,18.994307555056405,13492.956266873489,5086098.73611467,1007.46,1
2026-09-13T01:30:43.314126+00:00,1789263043.3141265,D_rowsize_rep2,r3-sub,D04,load,16,1,50000,6,0,149386109,717022575,11159,27815,17860971424,7721312137,209166.871,,,1,1.001269817352295,123.84274233682491,3289.8225262701712,,11D/67EC7F30,11D/67EC7F30,0.138908,0.136873,0.4,36.8,0.0,6811191.031438484,0.0,13.982245102544749,21026.300438848186,6364359.425964668,1007.45,1
2026-09-13T01:30:44.314254+00:00,1789263044.3142548,D_rowsize_rep2,r3-sub,D04,load,16,1,50000,6,0,149386239,717026031,11159,27815,17860971424,7721322053,209171.278,,,1,1.0001282691955566,129.98332714319156,3455.556758514385,,11D/6854BA80,11D/6854BA80,0.089388,0.087693,1.2,36.8,0.0,15243356.746892493,0.0,19.997434945106395,17031.815342747115,6409544.852837842,1007.44,1
2026-09-13T01:30:45.315084+00:00,1789263045.3150847,D_rowsize_rep2,r3-sub,D04,load,16,1,50000,6,0,149386361,717029271,11159,27815,17860971424,7721331427,209174.922,,,1,1.0008299350738525,121.89883188395785,3237.3132401969133,,11D/68B7E000,11D/68B7E000,0.076762,0.074945,1.8,36.8,0.0,15867023.400762068,0.0,19.98341506294391,16117.623419017411,6097143.766537829,1007.44,1
2026-09-13T01:30:46.316615+00:00,1789263046.3166156,D_rowsize_rep2,r3-sub,D04,load,16,1,50000,6,0,149386517,717033240,11172,27815,17860971424,7721434895,209180.094,,,1,1.0015308856964111,155.7615468758369,3962.9332022448507,,11D/69221950,11D/69221950,0.015273,0.012974,2.3,36.8,0.0,9103759.185279684,0.0,25.960257812639483,17604.050211332567,6448246.471709526,1007.43,1
2026-09-13T01:30:47.317144+00:00,1789263047.3171444,D_rowsize_rep2,r3-sub,D04,load,16,1,50000,6,0,149386519,717033240,11172,27815,17860971424,7721434895,209180.094,,,1,1.0005288124084473,1.9989429341726315,0.0,,11D/69871B08,11D/69871B08,0.030898,0.029212,0.0,36.8,0.0,17759056.790406913,0.0,87.95348910359579,16452.299819707845,6203780.363964254,1007.42,1
2026-09-13T01:30:48.317888+00:00,1789263048.317889,D_rowsize_rep2,r3-sub,D04,load,16,1,50000,6,0,149386744,717039261,11172,27815,17860971424,7721452176,209187.178,,,1,1.0007445812225342,224.83259387238897,6016.520212025129,,11D/69D838A0,11D/69D838A0,0.141500,0.139839,1.6,36.8,0.0,13817807.51998403,0.0,15.98809556425877,12875.413209092141,5030480.398754761,1007.42,1
2026-09-13T01:30:49.318889+00:00,1789263049.31889,D_rowsize_rep2,r3-sub,D04,load,16,1,50000,6,0,149386873,717042690,11172,27815,17860971424,7721462024,209191.296,,,1,1.0010011196136475,128.87098472955716,3425.570594090322,,11D/6A43DF10,11D/6A43DF10,0.048236,0.046044,0.2,36.8,0.0,15352821.988782192,0.0,20.97899751411396,16735.246016973193,6502484.235494413,1007.41,1
2026-09-13T01:30:50.320318+00:00,1789263050.3203185,D_rowsize_rep2,r3-sub,D04,load,16,1,50000,6,0,149386956,717044877,11172,27815,17860971424,7721468302,209194.71,,,1,1.0014283657073975,82.88161474372633,2183.8806198136085,,11D/6AA71AC8,11D/6AA71AC8,0.003813,0.001713,0.4,36.8,0.0,5677138.969380008,0.0,11.982884059333928,16859.917871482838,6147281.434005945,1007.41,1
2026-09-13T01:30:51.321320+00:00,1789263051.321321,D_rowsize_rep2,r3-sub,D04,load,16,1,50000,6,0,149387078,717048117,11172,27815,17860971424,7721477604,209198.701,,,1,1.001002550125122,121.87781138494641,3236.7549908789047,,11D/6AF8D840,11D/6AF8D840,0.129675,0.128002,0.2,36.8,0.0,14698096.421593476,0.0,23.975962895399295,13927.037446865066,5029307.866768894,1007.4,1
2026-09-13T01:30:52.322606+00:00,1789263052.3226066,D_rowsize_rep2,r3-sub,D04,load,16,1,50000,6,0,149387201,717051384,11172,27815,17860971424,7721486975,209202.888,,,1,1.0012855529785156,122.8420799981713,3262.8054906831353,,11D/6B8C7F90,11D/6B8C7F90,0.016417,0.016025,0.6,36.8,0.0,15131651.460395228,0.0,24.967902438652704,21155.803094319206,6248119.711095279,1007.4,1
2026-09-13T01:30:53.324430+00:00,1789263053.3244302,D_rowsize_rep2,r3-sub,D04,load,16,1,50000,6,0,149387324,717054651,11172,27815,17860971424,7721496353,209207.278,,,1,1.0018236637115479,122.77609768600458,3261.0529360989995,,11D/6BDFDB30,11D/6BDFDB30,0.132717,0.130370,0.0,36.8,0.0,13819278.283674281,0.0,17.967233807707988,13484.408972684845,5079008.59633223,1007.39,1
2026-09-13T01:30:54.325094+00:00,1789263054.3250945,D_rowsize_rep2,r3-sub,D04,load,16,1,50000,6,0,149387445,717057864,11172,27815,17860971424,7721505571,209210.724,,,1,1.000664234161377,120.91968101708565,3210.8672322966627,,11D/6C40DF60,11D/6C40DF60,0.007909,0.006261,3.9,36.8,0.0,6475570.704723511,0.0,11.992034481033288,18174.927592212698,6047431.089681661,1007.38,1
2026-09-13T01:30:55.326240+00:00,1789263055.3262405,D_rowsize_rep2,r3-sub,D04,load,16,1,50000,6,0,149387526,717059997,11172,27815,17860971424,7721511693,209213.203,,,1,1.0011460781097412,80.90727394441348,2130.558213869555,,11D/6C92BFE8,11D/6C92BFE8,0.100165,0.098413,0.0,36.8,0.0,13705891.977230418,0.0,16.98053897598801,13307.748281005193,4977839.007679483,1007.38,1
2026-09-13T01:30:56.327314+00:00,1789263056.3272717,D_rowsize_rep2,r3-sub,D04,load,16,1,50000,6,0,149387646,717063183,11172,27815,17860971424,7721520841,209216.776,,,1,1.0010311603546143,119.87638822101215,3182.7181072678723,,11D/6CE4A000,11D/6CE4A000,0.166887,0.164490,0.8,36.8,0.0,13777025.677317047,0.0,16.982488331310055,12985.609754041141,5032186.0092901755,1007.37,1
2026-09-13T01:30:57.328513+00:00,1789263057.3285139,D_rowsize_rep2,r3-sub,D04,load,16,1,50000,6,0,149387721,717065154,11172,27815,17860971424,7721526497,209218.815,,,1,1.0012421607971191,74.90695351890719,1968.5547384768809,,11D/6D415928,11D/6D415928,0.105862,0.104092,0.4,36.8,0.0,6259105.184914255,0.0,13.982631323529342,14942.439087951605,5639996.217802346,1007.37,1
2026-09-13T01:30:58.329461+00:00,1789263058.3294618,D_rowsize_rep2,r3-sub,D04,load,16,1,50000,6,0,149387802,717067287,11172,27815,17860971424,7721532612,209221.216,,,1,1.0009479522705078,80.92328858484903,2130.979932734358,,11D/6D941998,11D/6D941998,0.200477,0.198765,1.0,36.8,0.0,13954132.14874663,0.0,19.981058909839266,16420.43421210591,5147225.675733872,1007.36,1
2026-09-13T01:30:59.330431+00:00,1789263059.3304312,D_rowsize_rep2,r3-sub,D04,load,16,1,50000,6,0,149387962,717071553,11172,27815,17860971424,7721544862,209226.77,,,1,1.000969409942627,159.8450446244614,4261.868502299702,,11D/6DF67D50,11D/6DF67D50,0.092245,0.090454,0.2,36.8,0.0,14911368.770855356,0.0,18.98159904915479,16163.331106119756,6099387.193410776,1007.36,1
2026-09-13T01:31:00.332218+00:00,1789263060.3322184,D_rowsize_rep2,r3-sub,D04,load,16,1,50000,6,0,149388097,717075144,11172,27815,17860971424,7721555164,209231.148,,,1,1.0017871856689453,134.7591603598458,3584.593665571898,,11D/6E509AA0,11D/6E509AA0,0.123552,0.121329,1.0,36.7,0.0,14294069.843225284,0.0,18.96610405064496,14622.866223047266,5532926.632814508,1007.35,1
2026-09-13T01:31:01.332364+00:00,1789263061.3323643,D_rowsize_rep2,r3-sub,D04,load,16,1,50000,6,0,149388176,717077223,11172,27815,17860971424,7721561132,209233.872,,,1,1.0001459121704102,78.98847462023078,2078.6966928539214,,11D/6EB59D60,11D/6EB59D60,0.093282,0.090887,0.0,36.8,0.0,6605884.12111041,0.0,13.997957527635833,16363.61234980629,6152279.307573263,1007.35,1
2026-09-13T01:31:02.332526+00:00,1789263062.3325264,D_rowsize_rep2,r3-sub,D04,load,16,1,50000,6,0,149388301,717080544,11172,27815,17860971424,7721570658,209238.418,,,1,1.000162124633789,124.9797377057934,3320.461671367519,,11D/6F109F70,11D/6F109F70,0.157952,0.155943,0.8,36.8,0.0,13363081.515303038,0.0,17.99708222963425,15351.511141878014,5545117.999774969,1007.34,1
2026-09-13T01:31:03.332716+00:00,1789263063.3327165,D_rowsize_rep2,r3-sub,D04,load,16,1,50000,6,0,149388433,717084054,11172,27815,17860971424,7721580737,209242.529,,12631,1,1.000190019607544,131.97492217708228,3509.333157890597,3430,11D/6F74DF78,11D/6F74DF78,0.094261,0.092557,0.4,36.8,0.0,16077840.89498298,0.0,19.99620032986095,16334.89604946341,6253521.708259229,1007.33,1
2026-09-13T01:31:04.333773+00:00,1789263064.3337731,D_rowsize_rep2,r3-sub,D04,load,16,1,50000,6,0,149388535,717086754,11172,27815,17860971424,7721588483,209245.816,,,1,1.0010566711425781,101.89233331173953,2697.1499994283995,,11D/6FDA7EE8,11D/6FDA7EE8,0.079498,0.077489,0.4,36.8,0.0,15077827.69458237,0.0,18.97994444042207,17498.509829624916,6248349.549342468,1007.33,1
2026-09-13T01:31:05.334296+00:00,1789263065.334296,D_rowsize_rep2,r3-sub,D04,load,16,1,50000,6,0,149388603,717088455,11172,27815,17860971424,7721593527,209247.79,,,1,1.0005228519439697,67.96446464753818,1700.1110936097416,,11D/70331FB8,11D/70331FB8,0.141890,0.138274,0.2,36.8,0.0,5387519.1251522405,0.0,10.994251634160587,14419.460756912253,5390608.5098614395,1007.32,1
2026-09-13T01:31:06.334926+00:00,1789263066.3349268,D_rowsize_rep2,r3-sub,D04,load,16,1,50000,6,0,149388734,717091938,11172,27815,17860971424,7721603531,209252.495,,,1,1.0006308555603027,130.91741002394596,3480.8041153694944,,11D/709979E8,11D/709979E8,0.064260,0.062295,0.4,36.8,0.0,15534519.961705524,0.0,21.98612992768558,16684.474506486855,6301632.5800478915,1007.32,1
2026-09-13T01:31:07.335875+00:00,1789263067.3358755,D_rowsize_rep2,r3-sub,D04,load,16,1,50000,6,0,149388858,717095232,11172,27815,17860971424,7721612981,209256.324,,,1,1.0009486675262451,123.88247671726751,3290.878050860316,,11D/70FDBA40,11D/70FDBA40,0.050558,0.048387,0.6,36.8,0.0,15239047.210780216,0.0,25.975358021362542,15810.001564925471,6197798.349971167,1007.31,1
2026-09-13T01:31:08.337448+00:00,1789263068.3374486,D_rowsize_rep2,r3-sub,D04,load,16,1,50000,6,0,149388985,717098607,11172,27815,17860971424,7721622665,209260.686,,,1,1.001573085784912,126.80053188577119,3369.6991741297466,,11D/7153DE90,11D/7153DE90,0.161460,0.159666,5.8,36.8,0.0,5602706.462107424,0.0,8.98586446434599,16704.722039219196,5813951.156082193,1007.3,1
2026-09-13T01:31:09.337860+00:00,1789263069.3378606,D_rowsize_rep2,r3-sub,D04,load,16,1,50000,6,0,149389107,717101847,11172,27815,17860971424,7721631966,209264.606,,,1,1.0004119873046875,121.9497582477922,3238.665710843006,,11D/71B8DFA8,11D/71B8DFA8,0.139812,0.137875,0.2,36.8,0.0,17585075.17227705,0.0,77.9678782239983,17495.791955828743,5670457.843356771,1007.3,1
2026-09-13T01:31:10.338827+00:00,1789263070.3388274,D_rowsize_rep2,r3-sub,D04,load,16,1,50000,6,0,149389251,717105681,11172,27815,17860971424,7721642968,209269.676,,,1,1.0009667873382568,143.86091708689037,3830.296917438456,,11D/7221D918,11D/7221D918,0.115030,0.113227,1.0,36.8,0.0,15238771.34880938,0.0,21.978751221608253,17273.300391891215,6401398.209264143,1007.29,1
2026-09-13T01:31:11.339852+00:00,1789263071.3398523,D_rowsize_rep2,r3-sub,D04,load,16,1,50000,6,0,149389381,717109137,11172,27815,17860971424,7721652884,209273.201,,,1,1.0010249614715576,129.86689143984322,3452.4613601238316,,11D/7285FC50,11D/7285FC50,0.101383,0.099601,0.0,36.8,0.0,6636909.423550643,0.0,12.98668914398432,16492.09623677209,6200546.67855189,1007.29,1
2026-09-13T01:31:12.340326+00:00,1789263072.3403263,D_rowsize_rep2,r3-sub,D04,load,16,1,50000,6,0,149389505,717112431,11172,27815,17860971424,7721662342,209277.455,,,1,1.000473976135254,123.94125480304993,3292.4394622681166,,11D/72EBE000,11D/72EBE000,0.070562,0.068814,0.6,36.8,0.0,15217619.211658293,0.0,25.98768245870402,16600.131933621396,6254211.652931684,1007.28,1
2026-09-13T01:31:13.341202+00:00,1789263073.3412027,D_rowsize_rep2,r3-sub,D04,load,16,1,50000,6,0,149389633,717115833,11172,27815,17860971424,7721672109,209281.608,,,1,1.0008764266967773,127.88791561655844,3399.0210072463424,,11D/7356BFE8,11D/7356BFE8,0.007930,0.005662,0.0,36.8,0.0,15092820.249403762,0.0,19.982486815087256,20836.738126432236,6468539.799030962,1007.27,1
2026-09-13T01:31:14.342623+00:00,1789263074.342624,D_rowsize_rep2,r3-sub,D04,load,16,1,50000,6,0,149389759,717119181,11172,27815,17860971424,7721681716,209285.715,,,1,1.0014212131500244,125.82118128260954,3343.2485312236254,,11D/73AA9F48,11D/73AA9F48,0.166723,0.164453,0.6,36.8,0.0,13841192.714901559,0.0,18.973035272774457,13972.142607192642,5233482.106409953,1007.27,1
2026-09-13T01:31:15.343908+00:00,1789263075.3439088,D_rowsize_rep2,r3-sub,D04,load,16,1,50000,6,0,149389884,717122502,11172,27815,17860971424,7721691246,209289.822,,,1,1.0012848377227783,124.83960137086211,3316.7385292210647,,11D/740FF848,11D/740FF848,0.104807,0.103135,0.8,36.8,0.0,6029756.741079884,0.0,7.989734487735175,16976.188352815312,6246774.907952557,1007.26,1
2026-09-13T01:31:16.345043+00:00,1789263076.345044,D_rowsize_rep2,r3-sub,D04,load,16,1,50000,6,0,149389968,717124716,11172,27815,17860971424,7721697604,209292.721,,,1,1.0011351108551025,83.90475879749421,2211.4897140196686,,11D/74751FE8,11D/74751FE8,0.073536,0.071164,0.8,36.8,32730.846860432026,16013566.826466369,0.9988661761606453,32.96258381330129,16340.451775811996,6196788.957587463,1007.26,1
2026-09-13T01:31:17.346184+00:00,1789263077.3461843,D_rowsize_rep2,r3-sub,D04,load,16,1,50000,6,0,149390150,717129576,11172,27815,17860971424,7721711554,209298.751,,,1,1.0011403560638428,181.79269160176963,4854.464182332969,,11D/74D6BF90,11D/74D6BF90,0.001927,0.000232,0.4,36.8,0.0,13963724.3822269,0.0,18.978357914470454,17119.477699795218,5996718.605574974,1007.25,1
2026-09-13T01:31:18.347172+00:00,1789263078.347173,D_rowsize_rep2,r3-sub,D04,load,16,1,50000,6,0,149390261,717132519,11172,27815,17860971424,7721720002,209302.415,,,1,1.0009887218475342,110.8903602781121,2940.093065752107,,11D/7530DB08,11D/7530DB08,0.021858,0.020785,1.0,36.8,0.0,5925149.675066352,0.0,9.990122547577666,15422.7511889504,5486677.202379639,1007.24,1
2026-09-13T01:31:19.347461+00:00,1789263079.3474612,D_rowsize_rep2,r3-sub,D04,load,16,1,50000,6,0,149390361,717135165,11172,27815,17860971424,7721727601,209305.658,,,1,1.0002882480621338,99.97118350008688,2645.2375154122988,,11D/7582FFE8,11D/7582FFE8,0.155713,0.154107,0.2,36.8,0.0,14831436.867064409,0.0,12.996253855011295,13244.18239009151,5083571.670317313,1007.24,1
2026-09-13T01:31:20.347820+00:00,1789263080.3478203,D_rowsize_rep2,r3-sub,D04,load,16,1,50000,6,0,149390484,717138432,11172,27815,17860971424,7721736979,209309.485,,,1,1.000359058380127,122.95585167107185,3265.827377312128,,11D/75E65970,11D/75E65970,0.105437,0.103687,6.5,36.8,2162423.56369807,16079730.438036041,8.996769634468672,24.99102676241298,16131.207954602329,6103177.602936262,1007.23,1
2026-09-13T01:31:21.348809+00:00,1789263081.3488092,D_rowsize_rep2,r3-sub,D04,load,16,1,50000,6,0,149390486,717138432,11172,27815,17860971424,7721736979,209309.485,,,1,1.0009889602661133,1.9980240336200104,0.0,,11D/764319E0,11D/764319E0,0.109737,0.108291,0.6,36.8,0.0,5933332.170237983,0.0,11.988144201720063,15470.700092319741,5689685.127482224,1007.23,1
2026-09-13T01:31:22.349839+00:00,1789263082.3498392,D_rowsize_rep2,r3-sub,D04,load,16,1,50000,6,0,149390719,717144669,11172,27815,17860971424,7721754881,209316.329,,,1,1.0010299682617188,232.76026431516613,6230.582697569489,,11D/76A75FE8,11D/76A75FE8,0.032105,0.029535,0.8,36.8,0.0,13858877.795727363,0.0,25.97324837851639,16530.9736218342,6146685.109422515,1007.22,1
2026-09-13T01:31:23.350975+00:00,1789263083.350975,D_rowsize_rep2,r3-sub,D04,load,16,1,50000,6,0,149390843,717147963,11172,27815,17860971424,7721764343,209320.555,,,1,1.0011358261108398,123.85931735327935,3290.2628335621143,,11D/76FFFE70,11D/76FFFE70,0.020166,0.019433,0.4,36.8,0.0,13836955.624507153,0.0,18.97844378800248,14453.583242757679,5438411.909751402,1007.22,1
2026-09-13T01:31:24.351429+00:00,1789263084.35143,D_rowsize_rep2,r3-sub,D04,load,16,1,50000,6,0,149390845,717147963,11172,27815,17860971424,7721764343,209320.555,,,1,1.0004549026489258,1.999090608386802,0.0,,11D/77645FF8,11D/77645FF8,0.113360,0.111132,1.6,36.8,0.0,15312074.49675088,0.0,16.992270171287817,19069.325313401707,6099590.280224164,1007.21,1
2026-09-13T01:31:25.352413+00:00,1789263085.3524137,D_rowsize_rep2,r3-sub,D04,load,16,1,50000,6,0,149390994,717151932,11172,27815,17860971424,7721775736,209325.238,,,1,1.000983715057373,148.85357050135408,3965.099471945465,,11D/77C917F8,11D/77C917F8,0.067212,0.065109,0.4,36.8,0.0,6710838.447171919,0.0,13.986241523617162,26976.462847302442,6248900.862129891,1007.2,1
2026-09-13T01:31:26.352731+00:00,1789263086.3527315,D_rowsize_rep2,r3-sub,D04,load,16,1,50000,6,0,149391138,717155766,11172,27815,17860971424,7721786746,209329.693,,,1,1.0003178119659424,143.95424961692348,3832.781896050588,,11D/7831B890,11D/7831B890,0.051785,0.049611,1.0,36.8,0.0,15256847.19140002,0.0,16.994598913109023,17859.32409309957,6408550.2860347545,1007.2,1
2026-09-13T01:31:27.353017+00:00,1789263087.353017,D_rowsize_rep2,r3-sub,D04,load,16,1,50000,6,0,149391268,717159222,11172,27815,17860971424,7721796670,209334.113,,,1,1.0002856254577637,129.9628792931096,3455.013160284514,,11D/78951C28,11D/78951C28,0.037060,0.034338,0.0,36.8,0.0,13865095.775672136,0.0,16.995145753714336,16435.305658297864,6051958.406609746,1007.19,1
2026-09-13T01:31:28.354163+00:00,1789263088.3541632,D_rowsize_rep2,r3-sub,D04,load,16,1,50000,6,0,149391390,717162462,11172,27815,17860971424,7721805974,209338.304,,,1,1.0011460781097412,121.86033853356103,3236.290957776539,,11D/78EA59F0,11D/78EA59F0,0.178831,0.176980,1.2,36.8,0.0,6697476.169171998,0.0,11.986262806579774,16959.5630160765,5298616.371764405,1007.19,1
2026-09-13T01:31:29.355301+00:00,1789263089.3553016,D_rowsize_rep2,r3-sub,D04,load,16,1,50000,6,0,149391499,717165351,11172,27815,17860971424,7721814266,209341.965,,,1,1.00113844871521,108.87605020053206,2885.714761737038,,11D/7952BDE0,11D/7952BDE0,0.102768,0.101115,0.8,36.8,0.0,15178879.623993738,0.0,18.978394071652378,16729.95380558451,6352422.093229491,1007.18,1
2026-09-13T01:31:30.355731+00:00,1789263090.3557317,D_rowsize_rep2,r3-sub,D04,load,16,1,50000,6,0,149391661,717169671,11172,27815,17860971424,7721826659,209347.616,,,1,1.0004301071166992,161.93035260293587,4318.14273607829,,11D/79B6D860,11D/79B6D860,0.022494,0.021211,1.2,36.8,0.0,15988003.445936091,0.0,16.992691322530305,17482.480660650297,6099678.484874079,1007.17,1
2026-09-13T01:31:31.356028+00:00,1789263091.356028,D_rowsize_rep2,r3-sub,D04,load,16,1,50000,6,0,149391785,717172965,11172,27815,17860971424,7721836117,209352.236,,,1,1.0002963542938232,123.96326295474702,3293.0240981688444,,11D/7A103C10,11D/7A103C10,0.054293,0.052775,0.6,36.8,0.0,16567506.148414975,0.0,100.97007708410847,14485.707098502293,5591969.795740102,1007.17,1
2026-09-13T01:31:32.356932+00:00,1789263092.3569326,D_rowsize_rep2,r3-sub,D04,load,16,1,50000,6,0,149391915,717176421,11172,27815,17860971424,7721846035,209356.589,,,1,1.0009045600891113,129.88251346204876,3452.8766655756963,,11D/7A7378E8,11D/7A7378E8,0.040701,0.038446,4.3,36.8,0.0,7701705.3447270645,0.0,13.98734760360525,16592.99064290543,6099789.373980312,1007.16,1
2026-09-13T01:31:33.357644+00:00,1789263093.3576133,D_rowsize_rep2,r3-sub,D04,load,16,1,50000,6,0,149391917,717176421,11172,27815,17860971424,7721846035,209356.589,,16131,1,1.000680685043335,1.9986395559472492,0.0,3500,11D/7AC65848,11D/7AC65848,0.199397,0.196599,0.6,36.8,0.0,13830969.465949705,0.0,17.98775600352524,14048.437438753213,5284904.644453069,1007.16,1
2026-09-13T01:31:34.358276+00:00,1789263094.3582213,D_rowsize_rep2,r3-sub,D04,load,16,1,50000,6,0,149392039,717179661,11172,27815,17860971424,7721855337,209360.694,,,1,1.000607967376709,121.92587304681078,3238.031382554647,,11D/7B311930,11D/7B311930,0.089033,0.087271,1.0,36.8,0.0,15416163.475532863,0.0,16.989670834391667,17509.354883443648,6352599.826548171,1007.15,1
2026-09-13T01:31:35.358278+00:00,1789263095.358279,D_rowsize_rep2,r3-sub,D04,load,16,1,50000,6,0,149392173,717183144,11172,27815,17860971424,7721865565,209364.88,,,1,1.0000576972961426,133.9922690083742,3482.7990519116966,,11D/7B963FE8,11D/7B963FE8,0.042300,0.040477,0.4,36.8,0.0,14998686.616336547,0.0,19.998846120652868,16493.04839570242,6155740.830398331,1007.15,1
2026-09-13T01:31:36.358443+00:00,1789263096.358443,D_rowsize_rep2,r3-sub,D04,load,16,1,50000,6,0,149392296,717186411,11172,27815,17860971424,7721874942,209368.895,,,1,1.0001640319824219,122.97982737511776,3266.4641954025183,,11D/7BEAB8D0,11D/7BEAB8D0,0.183336,0.182486,1.4,36.8,0.0,5618790.3386819335,0.0,9.998359949196566,15180.509910865147,5236915.978290305,1007.14,1
2026-09-13T01:31:37.359710+00:00,1789263097.3597107,D_rowsize_rep2,r3-sub,D04,load,16,1,50000,6,0,149392445,717190380,11172,27815,17860971424,7721886334,209373.544,,,1,1.001267671585083,148.8113560723694,3963.9749815519067,,11D/7C54D978,11D/7C54D978,0.122003,0.119992,1.2,36.8,0.0,15320099.145632427,0.0,21.972146534175344,16907.566758047928,6449948.583455507,1007.13,1
2026-09-13T01:31:38.360863+00:00,1789263098.3608632,D_rowsize_rep2,r3-sub,D04,load,16,1,50000,6,0,149392571,717193728,11172,27815,17860971424,7721895956,209377.613,,,1,1.001152515411377,125.85495023026155,3344.1458204040923,,11D/7CBAFBE0,11D/7CBAFBE0,0.060017,0.057540,1.0,36.8,0.0,6799715.223412043,0.0,17.979278604323078,16834.59786651451,6301388.552580077,1007.13,1
2026-09-13T01:31:39.361206+00:00,1789263099.3612068,D_rowsize_rep2,r3-sub,D04,load,16,1,50000,6,0,149392675,717196482,11172,27815,17860971424,7721903862,209381.32,,,1,1.0003435611724854,103.9642819094106,2753.0541574857384,,11D/7D165978,11D/7D10BCE0,0.000263,-0.000237,0.2,36.8,0.0,14044454.870617732,0.0,17.993818022782605,20181.066569107512,6252862.7591390805,1007.12,1
2026-09-13T01:31:40.362578+00:00,1789263100.3625782,D_rowsize_rep2,r3-sub,D04,load,16,1,50000,6,0,149392820,717200343,11172,27815,17860971424,7721914942,209386.245,,,1,1.0013713836669922,144.80142169532976,3855.712339073574,,11D/7D737FE8,11D/7D737FE8,0.138543,0.136209,0.4,36.8,0.0,14799032.848064883,0.0,17.975348900109903,13020.144386646274,5027467.41330306,1007.11,1
2026-09-13T01:31:41.363514+00:00,1789263101.3635142,D_rowsize_rep2,r3-sub,D04,load,16,1,50000,6,0,149392984,717204717,11172,27815,17860971424,7721927497,209391.395,,,1,1.0009360313415527,163.84663441497963,4369.909627628786,,11D/7DD6D948,11D/7DD6D948,0.062185,0.060473,0.0,36.8,0.0,6608853.905612604,0.0,13.986907815912897,16640.42404156037,6150334.094526503,1007.11,1
2026-09-13T01:31:42.363618+00:00,1789263102.3636189,D_rowsize_rep2,r3-sub,D04,load,16,1,50000,6,0,149392986,717204717,11172,27815,17860971424,7721927497,209391.395,,,1,1.0001046657562256,1.9997906903950968,0.0,,11D/7E31DE30,11D/7E31DE30,0.154337,0.152641,1.2,36.8,0.0,14588425.091455663,0.0,22.997592939543615,17695.147923961016,5595679.323991958,1007.1,1
2026-09-13T01:31:43.363913+00:00,1789263103.3639133,D_rowsize_rep2,r3-sub,D04,load,16,1,50000,6,0,149393177,717209820,11172,27815,17860971424,7721942141,209397.747,,,1,1.0002944469451904,190.94377718810384,5101.4978795334755,,11D/7E985AF0,11D/7E985AF0,0.062025,0.059620,0.4,36.8,0.0,15142549.322609562,0.0,19.994112794565847,20401.99269557499,6319675.190945431,1007.1,1
2026-09-13T01:31:44.364649+00:00,1789263104.3646498,D_rowsize_rep2,r3-sub,D04,load,16,1,50000,6,0,149393262,717212061,11172,27815,17860971424,7721948573,209400.912,,,1,1.0007364749908447,84.93744569545906,2239.350774159103,,11D/7EFBBAD0,11D/7EFBBAD0,0.017495,0.015543,0.8,36.8,0.0,6532405.047052777,0.0,11.99116880406481,16340.965287739318,6100863.866339892,1007.09,1
2026-09-13T01:31:45.366260+00:00,1789263105.3662603,D_rowsize_rep2,r3-sub,D04,load,16,1,50000,6,0,149393409,717215976,11172,27815,17860971424,7721959813,209405.291,,,1,1.001610517501831,146.76363459784784,3908.7049622488043,,11D/7F535CD8,11D/7F535CD8,0.112847,0.109833,2.5,36.9,4089.413927297855,15343481.055221552,0.9983920720942029,17.97105729769565,15068.731544117805,5330821.618484291,1007.09,1
2026-09-13T01:31:46.367237+00:00,1789263106.3672373,D_rowsize_rep2,r3-sub,D04,load,16,1,50000,6,0,149393543,717219297,11185,27815,17860971424,7722061536,209409.511,,,1,1.0009770393371582,133.86920452114876,3317.758419512948,,11D/7FB93FD0,11D/7FB93FD0,0.048991,0.047126,7.5,36.8,0.0,18925509.033198822,0.0,56.94436311720507,16804.58126306152,6299303.3328471165,1007.08,1
2026-09-13T01:31:47.368194+00:00,1789263107.3681943,D_rowsize_rep2,r3-sub,D04,load,16,1,50000,6,0,149393626,717221484,11185,27815,17860971424,7722067810,209411.932,,,1,1.0009570121765137,82.92064393407074,2184.909015467623,,11D/8010BF50,11D/8010BF50,0.116979,0.114985,0.8,36.8,0.0,4697712.232192035,0.0,11.988526833841552,14332.283829857577,5337542.906445867,1007.07,1
2026-09-13T01:31:48.368565+00:00,1789263108.368565,D_rowsize_rep2,r3-sub,D04,load,16,1,50000,6,0,149393755,717224913,11185,27815,17860971424,7722077649,209415.8,,,1,1.000370740890503,128.9521921494502,3427.729200623758,,11D/80751FE8,11D/80751FE8,0.097569,0.094855,0.8,36.9,0.0,16398400.442417154,0.0,77.97109292757455,16017.061820237524,6201578.821145324,1007.07,1
2026-09-13T01:31:49.369286+00:00,1789263109.3692863,D_rowsize_rep2,r3-sub,D04,load,16,1,50000,6,0,149393856,717227586,11185,27815,17860971424,7722085321,209419.479,,,1,1.0007212162017822,100.92720966119168,2671.073578459063,,11D/80D77888,11D/80D77888,0.069226,0.066309,0.6,36.9,0.0,6426085.403093253,0.0,12.990630946490018,15166.061990375309,5996044.555519951,1007.06,1
2026-09-13T01:31:50.370123+00:00,1789263110.370123,D_rowsize_rep2,r3-sub,D04,load,16,1,50000,6,0,149393979,717230853,11185,27815,17860971424,7722094699,209423.711,,,1,1.0008366107940674,122.89718289023355,3264.269077255228,,11D/81327DA8,11D/81327DA8,0.147666,0.144837,1.2,36.8,0.0,14364942.134354247,0.0,13.98829723953878,14975.471359014802,5592279.438658178,1007.06,1
2026-09-13T01:31:51.370341+00:00,1789263111.370341,D_rowsize_rep2,r3-sub,D04,load,16,1,50000,6,0,149394111,717234363,11185,27815,17860971424,7722104768,209427.932,,,1,1.000218152999878,131.97121008462253,3509.2344499774626,,11D/81953980,11D/81953980,0.082893,0.081773,0.4,36.8,0.0,14943044.130095711,0.0,18.995855997029,16130.48108716136,6101437.953006983,1007.05,1
2026-09-13T01:31:52.370474+00:00,1789263112.3704743,D_rowsize_rep2,r3-sub,D04,load,16,1,50000,6,0,149394235,717237657,11185,27815,17860971424,7722114224,209432.472,,,1,1.0001332759857178,123.98347598002604,3293.5610474048854,,11D/82207D30,11D/82207D30,0.083050,0.082558,2.7,36.9,0.0,6511772.137149652,0.0,18.997468093713668,19008.466627873186,5899335.760211478,1007.04,1
2026-09-13T01:31:53.370640+00:00,1789263113.370641,D_rowsize_rep2,r3-sub,D04,load,16,1,50000,6,0,149394406,717242220,11185,27815,17860971424,7722127320,209438.144,,,1,1.000166654586792,170.97150681417867,4562.239681830978,,11D/82827948,11D/82827948,0.021896,0.019488,0.4,36.9,0.0,14775905.527569825,0.0,15.997333970917303,16731.211666833133,5951661.128373925,1007.04,1
2026-09-13T01:31:54.371617+00:00,1789263114.3716178,D_rowsize_rep2,r3-sub,D04,load,16,1,50000,6,0,149394408,717242220,11185,27815,17860971424,7722127320,209438.144,,,1,1.000976800918579,1.9980483045807202,0.0,,11D/82D53EC8,11D/82D53EC8,0.102844,0.100384,1.0,36.8,0.0,13814601.88418972,0.0,19.9804830458072,15918.450842594597,5080489.373313316,1007.03,1
2026-09-13T01:31:55.372222+00:00,1789263115.3722227,D_rowsize_rep2,r3-sub,D04,load,16,1,50000,6,0,149394620,717247890,11185,27815,17860971424,7722143592,209446.35,,,1,1.0006048679351807,211.87184551428086,5666.572472009304,,11D/832E9BD0,11D/832E9BD0,0.100751,0.098304,0.2,36.8,0.0,15203347.982298113,0.0,25.98428294043067,14559.193610622848,5488572.138703372,1007.03,1
2026-09-13T01:31:56.374174+00:00,1789263116.3741744,D_rowsize_rep2,r3-sub,D04,load,16,1,50000,6,0,149394720,717250536,11185,27815,17860971424,7722151186,209449.535,,,1,1.0019516944885254,99.80521072031105,2640.8458756594305,,11D/8391DD58,11D/8391DD58,0.027334,0.024980,1.8,36.9,0.0,6499954.075455266,0.0,8.982468964827994,16375.040922881435,6042812.276584596,1007.02,1
2026-09-13T01:31:57.375168+00:00,1789263117.375168,D_rowsize_rep2,r3-sub,D04,load,16,1,50000,6,0,149394839,717253695,11185,27815,17860971424,7722160253,209454.019,,,1,1.0009937286376953,118.88186368755109,3155.863927638436,,11D/83E23B40,11D/83E23B40,0.136825,0.134939,1.0,36.8,0.0,13728437.658348085,0.0,20.97915241545019,13672.413331326254,4980884.352577795,1007.02,1
2026-09-13T01:31:58.375322+00:00,1789263118.375322,D_rowsize_rep2,r3-sub,D04,load,16,1,50000,6,0,149394880,717254748,11185,27815,17860971424,7722163271,209455.269,,,1,1.0001540184020996,40.993686217952536,1052.837843597659,,11D/84421AC0,11D/84421AC0,0.075468,0.073835,7.5,36.9,0.0,14595895.9634265,0.0,17.99722809568648,18659.126151205615,5812315.796408539,1007.01,1
2026-09-13T01:31:59.375667+00:00,1789263119.3756678,D_rowsize_rep2,r3-sub,D04,load,16,1,50000,6,0,149394977,717257313,11185,27815,17860971424,7722170633,209458.953,,,1,1.0003457069396973,96.96647801563199,2564.11356814532,,11D/8493FA50,11D/8493FA50,0.121446,0.119228,0.4,36.9,0.0,5187838.528218766,0.0,12.995507362919751,13966.171797488603,5137310.995937321,1007.01,1
2026-09-13T01:32:00.375821+00:00,1789263120.3758216,D_rowsize_rep2,r3-sub,D04,load,16,1,50000,6,0,149395140,717261660,11185,27815,17860971424,7722183113,209464.588,,,1,1.0001537799835205,162.97493771676366,4346.331621194918,,11D/84F81840,11D/84F81840,0.075717,0.073940,2.1,36.9,0.0,15136488.311076963,0.0,18.997078629561408,16101.523907918785,6151960.951546253,1007.0,1
2026-09-13T01:32:01.376090+00:00,1789263121.3760905,D_rowsize_rep2,r3-sub,D04,load,16,1,50000,6,0,149395272,717265170,11185,27815,17860971424,7722193183,209468.789,,,1,1.0002689361572266,131.9645099717979,3509.056287886444,,11D/85523810,11D/85523810,0.106918,0.103892,1.4,36.9,0.0,14422233.339986918,0.0,18.994891586849697,14790.022428202865,5490734.34300544,1007.0,1
2026-09-13T01:32:02.377231+00:00,1789263122.3772318,D_rowsize_rep2,r3-sub,D04,load,16,1,50000,6,0,149395398,717268518,11185,27815,17860971424,7722202792,209472.7,,,1,1.0011413097381592,125.85635891196452,3344.183251089343,,11D/85B6FA80,11D/85B6FA80,0.092832,0.091004,2.3,36.8,0.0,15313850.153690882,0.0,25.97035977548474,16795.830754799073,6250751.955921888,1006.99,1
2026-09-13T01:32:03.377367+00:00,1789263123.3773675,D_rowsize_rep2,r3-sub,D04,load,16,1,50000,6,0,149395516,717271650,11185,27815,17860971424,7722211780,209476.965,,19582,1,1.0001356601715088,117.98399427110189,3131.5751699753487,3451,11D/86213F28,11D/86213F28,0.001828,0.000728,1.4,36.9,0.0,5881058.174639375,0.0,5.999186149378062,17151.67320107188,6508020.12087422,1006.98,1
2026-09-13T01:32:04.378515+00:00,1789263124.3785152,D_rowsize_rep2,r3-sub,D04,load,16,1,50000,6,0,149395651,717275241,11185,27815,17860971424,7722222086,209481.274,,,1,1.001147747039795,134.845231784389,3586.8831654647474,,11D/86759C08,11D/86759C08,0.125537,0.123353,2.4,36.9,0.0,14925077.786152234,0.0,16.980510669145282,14389.484511747467,5130377.624268715,1006.98,1
2026-09-13T01:32:05.379391+00:00,1789263125.379392,D_rowsize_rep2,r3-sub,D04,load,16,1,50000,6,0,149395778,717278535,11185,27815,17860971424,7722231720,209485.543,,,1,1.0008766651153564,126.88876104965696,3291.1147944690556,,11D/86D8DCE0,11D/86D8DCE0,0.126380,0.124519,0.2,36.8,0.0,15006875.99532442,0.0,18.983357952310886,16785.284926253837,6150852.7619539015,1006.97,1
2026-09-13T01:32:06.379873+00:00,1789263126.3798733,D_rowsize_rep2,r3-sub,D04,load,16,1,50000,6,0,149395797,717278994,11185,27815,17860971424,7722233040,209486.036,,,1,1.000481367111206,18.99085842534047,458.77915880164613,,11D/8741DC08,11D/8741DC08,0.043944,0.042063,0.8,36.8,0.0,14157153.212055411,0.0,14.992782967374056,17391.628242153904,6353345.708329888,1006.97,1
2026-09-13T01:32:07.381155+00:00,1789263127.3811555,D_rowsize_rep2,r3-sub,D04,load,16,1,50000,6,0,149395924,717282369,11185,27815,17860971424,7722242724,209490.18,,,1,1.0012822151184082,126.83736721018401,3370.678065624969,,11D/87A51E68,11D/87A51E68,0.002866,0.001205,1.0,36.9,0.0,6627022.731263938,0.0,12.983352549073954,16311.085679344293,6145058.712814922,1006.96,1
2026-09-13T01:32:08.382290+00:00,1789263128.3822901,D_rowsize_rep2,r3-sub,D04,load,16,1,50000,6,0,149396069,717286230,11185,27815,17860971424,7722253809,209495.464,,,1,1.0011346340179443,144.83566452801495,3856.6241430528667,,11D/87FFFFC8,11D/87FFFFC8,0.004214,0.002428,0.8,36.8,0.0,14970278.213081347,0.0,22.97393299409892,15018.958978229191,5641243.253501079,1006.95,1
2026-09-13T01:32:09.382839+00:00,1789263129.382839,D_rowsize_rep2,r3-sub,D04,load,16,1,50000,6,0,149396200,717289713,11185,27815,17860971424,7722263803,209499.721,,,1,1.0005488395690918,130.9281414552617,3481.0894403715765,,11D/88647B28,11D/88647B28,0.036486,0.033243,0.2,36.8,0.0,15515324.575945418,0.0,17.990126306829854,18716.72751933348,6149961.65769386,1006.95,1
2026-09-13T01:32:10.383584+00:00,1789263130.3835847,D_rowsize_rep2,r3-sub,D04,load,16,1,50000,6,0,149396323,717292980,11185,27815,17860971424,7722273175,209503.772,,,1,1.0007457733154297,122.90833824109599,3264.565374257403,,11D/88C6BA50,11D/88C6BA50,0.019021,0.016611,4.7,36.9,69580.10901141459,6495507.823594998,2.9977643473438045,14.988821736719023,16030.045220029771,6046902.3815628225,1006.94,1
2026-09-13T01:32:11.384589+00:00,1789263131.3845897,D_rowsize_rep2,r3-sub,D04,load,16,1,50000,6,0,149396445,717296220,11185,27815,17860971424,7722282477,209507.31,,,1,1.001004934310913,121.87752109732027,3236.7472816009645,,11D/8920FB28,11D/8920FB28,0.131657,0.129314,0.2,36.9,0.0,14305240.173323974,0.0,14.984941118522984,14895.031471811846,5540495.166307929,1006.94,1
2026-09-13T01:32:12.384958+00:00,1789263132.3849585,D_rowsize_rep2,r3-sub,D04,load,16,1,50000,6,0,149396578,717299757,11185,27815,17860971424,7722292625,209511.414,,,1,1.0003688335418701,132.95096322533854,3535.6959167520486,,11D/89885C50,11D/89885C50,0.069967,0.067094,2.3,36.9,0.0,15202840.682424614,0.0,19.992626048923093,17297.62005752826,6356405.544429486,1006.93,1
2026-09-13T01:32:13.386208+00:00,1789263133.3862085,D_rowsize_rep2,r3-sub,D04,load,16,1,50000,6,0,149396702,717303051,11185,27815,17860971424,7722302078,209514.927,,,1,1.0012500286102295,123.84518996929907,3289.887546442509,,11D/89EBBB48,11D/89EBBB48,0.020954,0.019335,0.4,36.8,0.0,15058552.378697988,0.0,23.970036768251433,18764.54378341283,6059867.991636241,1006.92,1
2026-09-13T01:32:14.387349+00:00,1789263134.3873498,D_rowsize_rep2,r3-sub,D04,load,16,1,50000,6,0,149396829,717306426,11185,27815,17860971424,7722311766,209518.556,,,1,1.0011413097381592,126.85521890332932,3371.1524708561924,,11D/8A41B930,11D/8A41B930,0.133687,0.131900,0.4,36.9,0.0,5711497.412383775,0.0,9.988599913647978,14236.751456922462,5336524.372765439,1006.92,1
2026-09-13T01:32:15.388188+00:00,1789263135.3881886,D_rowsize_rep2,r3-sub,D04,load,16,1,50000,6,0,149396968,717310125,11185,27815,17860971424,7722322382,209522.661,,,1,1.0008387565612793,138.8835105442775,3695.9000395919597,,11D/8AA3BDE0,11D/8AA3BDE0,0.086620,0.084690,0.6,36.9,0.0,14868297.118237028,0.0,18.984076980872462,15832.720202047632,6046221.691884982,1006.91,1
2026-09-13T01:32:16.389045+00:00,1789263136.3886693,D_rowsize_rep2,r3-sub,D04,load,16,1,50000,6,0,149397030,717311745,11185,27815,17860971424,7722327030,209524.467,,,1,1.0004806518554688,61.97021390170435,1619.2217180767911,,11D/8AFFF8E8,11D/8AFFF8E8,0.074202,0.072266,1.7,36.8,0.0,14517438.166408664,0.0,25.98750905555344,14899.838365043657,5641764.275532848,1006.91,1
2026-09-13T01:32:17.389589+00:00,1789263137.3895893,D_rowsize_rep2,r3-sub,D04,load,16,1,50000,6,0,149397168,717315417,11185,27815,17860971424,7722337568,209528.37,,,1,1.000920057296753,137.8731488034171,3668.624655117012,,11D/8B6758D0,11D/8B6758D0,0.073758,0.072021,1.0,36.8,0.0,17858513.144672085,0.0,86.92002859345861,17216.16014623539,6302924.9479107885,1006.9,1
2026-09-13T01:32:18.389777+00:00,1789263138.389778,D_rowsize_rep2,r3-sub,D04,load,16,1,50000,6,0,149397291,717318684,11185,27815,17860971424,7722346944,209532.135,,,1,1.0001885890960693,122.97680791495783,3266.3839955948556,,11D/8BBA1F90,11D/8BBA1F90,0.168767,0.166255,1.6,36.8,0.0,5659604.660273009,0.0,16.99679458987222,14487.26785924991,5134972.600158995,1006.9,1
2026-09-13T01:32:19.391323+00:00,1789263139.3913238,D_rowsize_rep2,r3-sub,D04,load,16,1,50000,6,0,149397414,717321951,11185,27815,17860971424,7722356319,209535.806,,,1,1.0015459060668945,122.81014704860135,3261.9573203884606,,11D/8C20D830,11D/8C20D830,0.107934,0.106239,0.8,36.8,0.0,15115448.935786333,0.0,18.970673121328666,17465.99920586328,6295902.126705752,1006.89,1
2026-09-13T01:32:20.391481+00:00,1789263140.3914812,D_rowsize_rep2,r3-sub,D04,load,16,1,50000,6,0,149397540,717325299,11185,27815,17860971424,7722365927,209539.597,,,1,1.000157356262207,125.98017623035621,3347.4732541208937,,11D/8C869FF0,11D/8C869FF0,0.060360,0.058379,0.8,36.8,0.0,15099575.98716175,0.0,18.99701070140292,16896.341254895156,6256916.435016844,1006.88,1
2026-09-13T01:32:21.391633+00:00,1789263141.391634,D_rowsize_rep2,r3-sub,D04,load,16,1,50000,6,0,149397667,717328674,11185,27815,17860971424,7722375615,209543.577,,,1,1.000152826309204,126.9805940244747,3374.484290020489,,11D/8CEABFF8,11D/8CEABFF8,0.013115,0.010822,0.6,36.8,0.0,9681464.417525379,0.0,14.997707955646618,16800.43245191534,6101248.568699709,1006.88,1
2026-09-13T01:32:22.392669+00:00,1789263142.3926694,D_rowsize_rep2,r3-sub,D04,load,16,1,50000,6,0,149397794,717332049,11185,27815,17860971424,7722385302,209547.163,,,1,1.001035451889038,126.86863363364436,3371.50896467362,,11D/8D425A78,11D/8D425A78,0.135535,0.133220,1.0,36.8,0.0,11055944.101794697,0.0,10.988621810788095,14136.362476769302,5435437.865594321,1006.87,1
2026-09-13T01:32:23.394039+00:00,1789263143.3940399,D_rowsize_rep2,r3-sub,D04,load,16,1,50000,6,0,149397916,717335289,11185,27815,17860971424,7722394596,209551.105,,,1,1.0013704299926758,121.83303635288325,3235.5658834700143,,11D/8DA59B18,11D/8DA59B18,0.093882,0.091753,1.0,36.8,0.0,14880854.830224007,0.0,22.96852324685504,15590.634127386995,5995523.554698846,1006.87,1
2026-09-13T01:32:24.394268+00:00,1789263144.3942685,D_rowsize_rep2,r3-sub,D04,load,16,1,50000,6,0,149397976,717336855,11185,27815,17860971424,7722399093,209552.857,,,1,1.0002286434173584,59.98628453091022,1565.6420262567567,,11D/8DFFFF28,11D/8DFFFF28,0.095904,0.094418,6.4,36.8,0.0,14480145.210115314,0.0,16.99611395042456,18239.8295830321,5694307.034180217,1006.86,1
2026-09-13T01:32:25.395400+00:00,1789263145.3954008,D_rowsize_rep2,r3-sub,D04,load,16,1,50000,6,0,149398109,717340392,11185,27815,17860971424,7722409245,209556.894,,,1,1.0011322498321533,132.84958108411587,3532.9997616129162,,11D/8E631A48,11D/8E631A48,0.142560,0.140859,0.8,36.8,0.0,6472543.463749564,0.0,6.992083214953467,15681.24491307921,6044498.11802042,1006.85,1
2026-09-13T01:32:26.397090+00:00,1789263146.39709,D_rowsize_rep2,r3-sub,D04,load,16,1,50000,6,0,149398232,717343659,11185,27815,17860971424,7722418621,209560.553,,,1,1.0016891956329346,122.79257931127063,3261.4907041457004,,11D/8EC8DEE8,11D/8EC8DEE8,0.097086,0.095028,1.0,36.9,0.0,15076484.867601642,0.0,17.96964575286887,16103.797535529322,6247155.3324940875,1006.85,1
2026-09-13T01:32:27.397551+00:00,1789263147.3975515,D_rowsize_rep2,r3-sub,D04,load,16,1,50000,6,0,149398381,717347628,11185,27815,17860971424,7722430009,209564.887,,,1,1.0004615783691406,148.93125655348598,3967.168840676415,,11D/8F347AA8,11D/8F347AA8,0.004095,0.000913,1.4,36.8,0.0,14263880.101485139,0.0,15.992618153394467,18783.3300211618,6559259.387749032,1006.84,1
2026-09-13T01:32:28.398825+00:00,1789263148.398826,D_rowsize_rep2,r3-sub,D04,load,16,1,50000,6,0,149398509,717351030,11185,27815,17860971424,7722439773,209568.972,,,1,1.0012743473052979,127.83709114737923,3397.670188151438,,11D/8F87FB70,11D/8F87FB70,0.146158,0.143870,1.0,36.9,0.0,6659801.100413868,0.0,18.975818217189104,16181.37930288936,5196235.191685782,1006.84,1
2026-09-13T01:32:29.399098+00:00,1789263149.3990986,D_rowsize_rep2,r3-sub,D04,load,16,1,50000,6,0,149398633,717354324,11185,27815,17860971424,7722449226,209572.731,,,1,1.0002727508544922,123.96618811626315,3293.1018036691194,,11D/8FECDC10,11D/8FECDC10,0.084602,0.082753,0.6,36.8,0.0,15249344.728194939,0.0,16.99536449981027,16641.46102728481,6205517.439815724,1006.83,1
2026-09-13T01:32:30.400241+00:00,1789263150.4002419,D_rowsize_rep2,r3-sub,D04,load,16,1,50000,6,0,149398759,717357672,11185,27815,17860971424,7722458836,209576.759,,,1,1.001143217086792,125.85611913412853,3344.176879849701,,11D/90539AC8,11D/90539AC8,0.022055,0.019571,1.0,36.8,0.0,15121528.80988612,0.0,20.97601985568809,17179.360261808546,6298402.558575542,1006.83,1
2026-09-13T01:32:31.401326+00:00,1789263151.4013264,D_rowsize_rep2,r3-sub,D04,load,16,1,50000,6,0,149398761,717357672,11185,27815,17860971424,7722458836,209576.759,,,1,1.001084566116333,1.9978332177859048,0.0,,11D/90A7FF78,11D/90A7FF78,0.163659,0.161825,0.6,36.8,0.0,13944044.761527017,0.0,16.98158235118019,14024.789188857052,5181172.675673095,1006.82,1
2026-09-13T01:32:32.401603+00:00,1789263152.401604,D_rowsize_rep2,r3-sub,D04,load,16,1,50000,6,0,149398885,717360966,11185,27815,17860971424,7722468286,209580.578,,,1,1.0002775192260742,123.96559716341538,3293.0861052926634,,11D/91103FF8,11D/91103FF8,0.071130,0.067969,1.0,36.9,0.0,6854801.660748217,0.0,15.995560924311661,16381.453831610681,6408703.4615752045,1006.81,1
2026-09-13T01:32:33.401745+00:00,1789263153.4017456,D_rowsize_rep2,r3-sub,D04,load,16,1,50000,6,0,149399114,717367095,11185,27815,17860971424,7722485878,209587.139,,23093,1,1.0001416206359863,228.96757346662542,6128.132130030337,3511,11D/91743AC8,11D/91743AC8,0.023269,0.021596,0.0,36.8,0.0,15005618.894708764,0.0,21.99688478718672,16275.695025719338,6152108.7344483705,1006.81,1
2026-09-13T01:32:34.402731+00:00,1789263154.4027317,D_rowsize_rep2,r3-sub,D04,load,16,1,50000,6,0,149399116,717367095,11185,27815,17860971424,7722485878,209587.139,,,1,1.000986099243164,1.9980297443812465,0.0,,11D/91C89DC8,11D/91C89DC8,0.160196,0.157560,1.4,36.8,0.0,13773553.90891474,0.0,16.983252827240594,13249.934249864235,5181582.445472128,1006.8,1
2026-09-13T01:32:35.403015+00:00,1789263155.4030154,D_rowsize_rep2,r3-sub,D04,load,16,1,50000,6,0,149399282,717371442,11185,27815,17860971424,7722498579,209592.087,,,1,1.0002837181091309,165.95291615242448,4345.767027196321,,11D/92329C00,11D/92329C00,0.056012,0.052957,0.4,36.9,0.0,7125018.503222743,0.0,14.995745435460044,17560.017904923712,6510361.892434121,1006.79,1
2026-09-13T01:32:36.403168+00:00,1789263156.4031682,D_rowsize_rep2,r3-sub,D04,load,16,1,50000,6,0,149399412,717374898,11185,27815,17860971424,7722508495,209596.278,,,1,1.000152826309204,129.980135615604,3455.4719129809805,,11D/92975B68,11D/92975B68,0.009900,0.007788,7.2,36.9,0.0,14993164.649983253,0.0,16.997402349732834,16818.429701462115,6202711.062561249,1006.79,1
2026-09-13T01:32:37.403440+00:00,1789263157.4034405,D_rowsize_rep2,r3-sub,D04,load,16,1,50000,6,0,149399576,717379272,11185,27815,17860971424,7722521053,209600.97,,,1,1.000272274017334,163.9553592156829,4372.8093976182745,,11D/92EA3888,11D/92EA3888,0.103741,0.101902,0.4,36.8,0.0,13652346.820685096,0.0,15.99564480153004,13334.36939767548,5083878.791897691,1006.78,1
2026-09-13T01:32:38.403657+00:00,1789263158.4036577,D_rowsize_rep2,r3-sub,D04,load,16,1,50000,6,0,149399705,717382701,11185,27815,17860971424,7722530891,209605.063,,,1,1.0002171993255615,128.9719873713266,3428.2553852424726,,11D/93529C50,11D/93529C50,0.009769,0.007535,3.7,36.9,2420210.331948184,7326152.7645605765,122.97329028428817,28.993702587352495,17703.1548866983,6358505.936798948,1006.78,1
2026-09-13T01:32:39.405424+00:00,1789263159.405424,D_rowsize_rep2,r3-sub,D04,load,16,1,50000,6,0,149399785,717384807,11185,27815,17860971424,7722536931,209607.028,,,1,1.0017664432525635,79.85893372536391,2102.286430320205,,11D/93A53E78,11D/93A53E78,0.165787,0.164072,12.9,37.1,40654202.65802638,14339342.365432383,3751.37341174897,82.85364374006507,18757.865295416417,5233703.958955788,1006.77,1
2026-09-13T01:32:40.405784+00:00,1789263160.4057844,D_rowsize_rep2,r3-sub,D04,load,16,1,50000,6,0,149399868,717386994,11185,27815,17860971424,7722543208,209609.325,,,1,1.0003602504730225,82.97010997863347,2186.212415943029,,11D/9410DCB8,11D/9410DCB8,0.044535,0.042388,7.4,37.1,10463558.49810156,18470402.02893216,682.75403753502,140.94922297575084,52008.263998293536,6649772.416341521,1006.77,1
2026-09-13T01:32:41.406219+00:00,1789263161.4062192,D_rowsize_rep2,r3-sub,D04,load,16,1,50000,6,0,149399980,717389964,11185,27815,17860971424,7722551734,209612.412,,,1,1.0004348754882812,111.95131511717469,2968.7089812322215,,11D/94653970,11D/94653970,0.168491,0.166876,2.0,37.2,831126.5634299049,7627530.973743413,32.98565534702468,65.97131069404936,44362.707745807566,5444892.149867687,1006.76,1
2026-09-13T01:32:42.407220+00:00,1789263162.4072204,D_rowsize_rep2,r3-sub,D04,load,16,1,50000,6,0,149400107,717393339,11185,27815,17860971424,7722561418,209615.795,,,1,1.0010011196136475,126.87298496630822,3371.6246004826007,,11D/94CBDA30,11D/94CBDA30,0.083710,0.081877,2.1,37.2,0.0,15344638.181751924,0.0,23.975997158987383,29544.422499162203,6582723.905986491,1006.75,1
2026-09-13T01:32:43.408204+00:00,1789263163.4082043,D_rowsize_rep2,r3-sub,D04,load,16,1,50000,6,0,149400231,717396633,11185,27815,17860971424,7722570872,209619.325,,,1,1.0009839534759521,123.878109703363,3290.762043249014,,11D/9530B928,11D/9530B928,0.014790,0.012450,2.3,37.1,0.0,15426740.80476254,0.0,37.96264652199834,52474.36766353907,6501481.844340421,1006.75,1
2026-09-13T01:32:44.408591+00:00,1789263164.408591,D_rowsize_rep2,r3-sub,D04,load,16,1,50000,6,0,149400354,717399900,11185,27815,17860971424,7722580248,209623.054,,,1,1.0003867149353027,122.95245245030537,3265.7370906922574,,11D/9593F850,11D/9593F850,0.015073,0.013828,2.2,37.1,32755.333023508992,14793127.27674225,0.9996134345553281,33.98685677488116,54410.958469715624,6347677.258399695,1006.74,1
2026-09-13T01:32:45.408860+00:00,1789263165.4088607,D_rowsize_rep2,r3-sub,D04,load,16,1,50000,6,0,149400456,717402600,11185,27815,17860971424,7722587994,209625.74,,,1,1.0002696514129639,101.97250297049054,2699.2721374541616,,11D/95E85D10,11D/95E85D10,0.125068,0.123050,2.7,37.2,0.0,6887614.744952073,0.0,10.99703463407251,25697.070748563616,5400404.7732223235,1006.74,1
2026-09-13T01:32:46.409549+00:00,1789263166.4095492,D_rowsize_rep2,r3-sub,D04,load,16,1,50000,6,0,149400596,717406137,11198,27815,17860971424,7722692019,209629.425,,,1,1.0006885528564453,139.90366892913167,3534.5662643024193,,11D/96533960,11D/96533960,0.031627,0.029780,9.4,37.2,6484111.346610782,20952996.75423378,351.7577961646739,250.82729215151463,26087.037695678446,6616487.198839605,1006.73,1
2026-09-13T01:32:47.409854+00:00,1789263167.4098544,D_rowsize_rep2,r3-sub,D04,load,16,1,50000,6,0,149400719,717409404,11198,27815,17860971424,7722701402,209632.811,,,1,1.00030517578125,122.96247483067911,3266.003294892916,,11D/96B67FC0,11D/96B67FC0,0.031821,0.030272,2.5,37.3,2509570.1399719324,6535221.608639942,123.96216974800171,20.993593263774482,32725.01311855513,6056204.792970895,1006.73,1
2026-09-13T01:32:48.410292+00:00,1789263168.4102924,D_rowsize_rep2,r3-sub,D04,load,16,1,50000,6,0,149400840,717412617,11198,27815,17860971424,7722710624,209636.342,,,1,1.0004379749298096,120.94702823379862,3211.593402604917,,11D/97109EB0,11D/97109EB0,0.109695,0.107393,11.1,37.3,1911482.8184467587,15664435.370018309,105.95359498167483,204.9102544456919,106258.46145780134,5556542.373743876,1006.72,1
2026-09-13T01:32:49.411864+00:00,1789263169.4118643,D_rowsize_rep2,r3-sub,D04,load,16,1,50000,6,0,149400972,717416127,11198,27815,17860971424,7722720694,209640.322,,,1,1.0015718936920166,131.7928356729527,3504.491312212606,,11D/9773DF80,11D/9773DF80,0.112742,0.111616,3.1,37.3,1627138.3115520328,17270260.9856971,58.90740382351674,115.8179465004736,24537.429768927923,6702118.981449914,1006.71,1
2026-09-13T01:32:50.412616+00:00,1789263170.4126163,D_rowsize_rep2,r3-sub,D04,load,16,1,50000,6,0,149401033,717417720,11198,27815,17860971424,7722725268,209641.877,,,1,1.0007519721984863,60.95416416316733,1591.8030083922222,,11D/97D8DF98,11D/97D8DF98,0.050655,0.049190,13.6,37.3,247019624.1101886,51660864.46617167,692.4792748372944,101.92335646955848,20907.278307966393,6207381.221895728,1006.71,1
2026-09-13T01:32:51.413137+00:00,1789263171.4131372,D_rowsize_rep2,r3-sub,D04,load,16,1,50000,6,0,149401176,717421527,11198,27815,17860971424,7722736197,209645.655,,,1,1.000520944595337,142.92554371046845,3805.0177965437297,,11D/98317A28,11D/98317A28,0.110386,0.109617,13.4,38.1,784487.3255676352,18569782.172340736,48.97448700568499,50.97344565897826,18481.37222902288,5444356.7917542495,1006.7,1
2026-09-13T01:32:52.413582+00:00,1789263172.4135828,D_rowsize_rep2,r3-sub,D04,load,16,1,50000,6,0,149401306,717424983,11198,27815,17860971424,7722746113,209649.239,,,1,1.0004456043243408,129.94209723955615,3454.4606773838923,,11D/98BCDE80,11D/98BCDE80,0.016652,0.016494,13.7,38.7,0.0,19549688.574231807,0.0,31.985747012813817,21332.494148358517,6304535.671641756,1006.7,1
2026-09-13T01:32:53.415103+00:00,1789263173.415103,D_rowsize_rep2,r3-sub,D04,load,16,1,50000,6,0,149401423,717428088,11198,27815,17860971424,7722755025,209652.495,,,1,1.0015201568603516,116.82241160954894,3100.287077330337,,11D/99209B70,11D/99209B70,0.084012,0.082120,13.6,39.4,32718.26310787777,28779802.186266985,0.9984821505089652,67.89678623460964,16543.850751783044,5639287.398573564,1006.69,1
2026-09-13T01:32:54.415980+00:00,1789263174.4159808,D_rowsize_rep2,r3-sub,D04,load,16,1,50000,6,0,149401585,717432408,11198,27815,17860971424,7722767419,209656.847,,,1,1.000877857208252,161.85791186535639,4316.21098307617,,11D/99727DA8,11D/99727DA8,0.162548,0.161396,13.9,38.9,0.0,10677091.038668543,0.0,36.9675477717172,15935.01133543561,5030101.289324929,1006.69,1
2026-09-13T01:32:55.417351+00:00,1789263175.4173515,D_rowsize_rep2,r3-sub,D04,load,16,1,50000,6,0,149401667,717434568,11198,27815,17860971424,7722773621,209658.916,,,1,1.0013706684112549,81.8877590354217,2157.043408737937,,11D/99D5DA80,11D/99D5DA80,0.087484,0.085529,12.2,38.3,175375.6181800563,146755135.3717565,42.94114193320894,404.4456391383633,16228.755757129731,6093763.470904772,1006.68,1
2026-09-13T01:32:56.418055+00:00,1789263176.4180558,D_rowsize_rep2,r3-sub,D04,load,16,1,50000,6,0,149401779,717437538,11198,27815,17860971424,7722782147,209662.25,,,1,1.000704288482666,111.92117520533644,2967.909735355797,,11D/9A31B918,11D/9A31B918,0.040591,0.038858,5.1,38.1,16372.469058609217,96130952.07762401,3.9971848287620158,203.8564262668628,15052.39876891056,5643690.213982557,1006.67,1
2026-09-13T01:32:57.418619+00:00,1789263177.4186199,D_rowsize_rep2,r3-sub,D04,load,16,1,50000,6,0,149401900,717440751,11198,27815,17860971424,7722791363,209665.322,,,1,1.0005640983581543,120.93178257999796,3211.188573797797,,11D/9A82D858,11D/9A82D858,0.118813,0.117443,16.3,37.0,23350412.070888586,6320658.52690252,1696.0432647789796,111.93685660297331,13444.41602699283,4983162.00649372,1006.67,1
2026-09-13T01:32:58.419488+00:00,1789263178.4194884,D_rowsize_rep2,r3-sub,D04,load,16,1,50000,6,0,149402039,717444450,11198,27815,17860971424,7722801981,209668.751,,,1,1.000868558883667,138.8793750850118,3695.7899887730837,,11D/9AE2DEA0,11D/9AE2DEA0,0.008347,0.007255,13.9,37.0,6015383.285408796,14855577.056575513,131.8854497210184,24.978304871404998,21474.348264044307,5914769.674254582,1006.66,1
2026-09-13T01:32:59.420204+00:00,1789263179.4202049,D_rowsize_rep2,r3-sub,D04,load,16,1,50000,6,0,149402041,717444450,11198,27815,17860971424,7722801981,209668.751,,,1,1.0007164478302002,1.9985681301996112,0.0,,11D/9B317FF8,11D/9B317FF8,0.167568,0.165301,12.9,37.0,8742792.245465845,13580798.06669273,214.84607399645822,15.98854504159689,12818.815987100306,4831347.591501126,1006.66,1
2026-09-13T01:33:00.420552+00:00,1789263180.420553,D_rowsize_rep2,r3-sub,D04,load,16,1,50000,6,0,149402157,717447528,11198,27815,17860971424,7722810815,209671.504,,,1,1.0003480911254883,115.95963547997457,3076.928948339325,,11D/9B94BFE8,11D/9B94BFE8,0.074812,0.073609,14.6,37.1,13179924.18535647,6543130.394376805,553.8072246198785,10.996172329997588,17061.061196006256,6099915.673487832,1006.65,1
2026-09-13T01:33:01.421088+00:00,1789263181.4210887,D_rowsize_rep2,r3-sub,D04,load,16,1,50000,6,0,149402279,717450768,11198,27815,17860971424,7722820115,209674.55,,,1,1.0005357265472412,121.93467635684637,3238.265175378543,,11D/9BF7FF38,11D/9BF7FF38,0.044021,0.042367,12.0,37.1,11609012.743685946,14860518.82555937,561.6990828897349,18.98982664573837,15289.808843500294,6048329.749186892,1006.65,1
2026-09-13T01:33:02.422183+00:00,1789263182.4221828,D_rowsize_rep2,r3-sub,D04,load,16,1,50000,6,0,149402399,717453954,11198,27815,17860971424,7722829255,209677.459,,,1,1.001094102859497,119.86885114719523,3182.5179979580334,,11D/9C52F928,11D/9C52F928,0.106195,0.104237,16.8,37.1,11171393.346594924,14426711.693483021,580.3650209710036,13.98469930050611,14824.780165629369,5641598.510937049,1006.64,1
2026-09-13T01:33:03.422486+00:00,1789263183.4224865,D_rowsize_rep2,r3-sub,D04,load,16,1,50000,6,0,149402534,717457545,11198,27815,17860971424,7722839564,209681.414,,26521,1,1.0003037452697754,134.95900684005875,3589.909581945563,3428,11D/9CB67FA0,11D/9CB67FA0,0.077745,0.075880,12.5,37.1,12915373.016538842,17382240.226753023,613.8135570355264,113.9653835538274,16899.866745416246,6049394.525028017,1006.64,1
2026-09-13T01:33:04.424007+00:00,1789263184.424007,D_rowsize_rep2,r3-sub,D04,load,16,1,50000,6,0,149402668,717461109,11198,27815,17860971424,7722849792,209685.064,,,1,1.0015203952789307,133.7965763170305,3558.589537267886,,11D/9D109800,11D/9D109800,0.138788,0.136527,9.8,37.1,15129636.971376784,5987440.723391279,279.57493558782494,12.980264866577587,15549.358828247134,5585487.8506413605,1006.63,1
2026-09-13T01:33:05.425035+00:00,1789263185.425035,D_rowsize_rep2,r3-sub,D04,load,16,1,50000,6,0,149402788,717464214,11198,27815,17860971424,7722859918,209688.241,,,1,1.001028060913086,119.87675938928447,3101.8111491977356,,11D/9D74B868,11D/9D74B868,0.141081,0.139267,0.4,37.1,0.0,14922770.482951526,0.0,14.98459492366056,16006.54429745421,6099013.842260402,1006.62,1
2026-09-13T01:33:06.425660+00:00,1789263186.42566,D_rowsize_rep2,r3-sub,D04,load,16,1,50000,6,0,149402913,717467535,11198,27815,17860971424,7722869452,209691.806,,,1,1.0006248950958252,124.92193689427378,3318.9260194070657,,11D/9DD99830,11D/9DD99830,0.079223,0.077059,1.2,37.1,0.0,15080240.431710359,0.0,20.986885398237995,16558.65257920978,6200139.563193529,1006.62,1
2026-09-13T01:33:07.427208+00:00,1789263187.4272084,D_rowsize_rep2,r3-sub,D04,load,16,1,50000,6,0,149403036,717470802,11198,27815,17860971424,7722878832,209695.166,,,1,1.0015485286712646,122.80982546415575,3261.9487787918442,,11D/9E323998,11D/9E323998,0.175064,0.173296,7.1,37.2,8032106.05348554,5880941.193947151,193.70004991907493,11.981446386746903,13805.621599129117,5483474.682236403,1006.61,1
2026-09-13T01:33:08.427442+00:00,1789263188.4274426,D_rowsize_rep2,r3-sub,D04,load,16,1,50000,6,0,149403104,717472584,11198,27815,17860971424,7722883947,209697.494,,,1,1.0002341270446777,67.98408308754159,1781.5828832646928,,11D/9E93F8C0,11D/9E93F8C0,0.159137,0.157388,1.6,37.1,0.0,14881379.866511127,0.0,20.995084482917257,17143.986129193578,6002237.71382261,1006.6,1
2026-09-13T01:33:09.428285+00:00,1789263189.4282851,D_rowsize_rep2,r3-sub,D04,load,16,1,50000,6,0,149403263,717476823,11198,27815,17860971424,7722896113,209702.093,,,1,1.000842571258545,158.86614395314922,4235.431347279242,,11D/9EF81F20,11D/9EF81F20,0.144589,0.142646,0.2,37.1,28647.862134746505,14962369.137804747,0.9991581380701209,17.984846485262175,19415.640938978588,6147961.90400106,1006.6,1
2026-09-13T01:33:10.429594+00:00,1789263190.429594,D_rowsize_rep2,r3-sub,D04,load,16,1,50000,6,0,149403457,717482007,11198,27815,17860971424,7722910993,209707.871,,,1,1.0013089179992676,193.7464018473287,5177.223439054392,,11D/9F647DA8,11D/9F647DA8,0.002924,0.000472,1.2,37.1,0.0,14366347.629004661,0.0,12.983006309357078,18115.288572725232,6602227.225948702,1006.59,1
2026-09-13T01:33:11.430505+00:00,1789263191.430506,D_rowsize_rep2,r3-sub,D04,load,16,1,50000,6,0,149403459,717482007,11198,27815,17860971424,7722910993,209707.871,,,1,1.0009119510650635,1.9981777596638883,0.0,,11D/9FB8DC88,11D/9FB8DC88,0.160727,0.158489,0.6,37.1,0.0,6658120.120265004,0.0,12.988155437815275,13865.355474307722,5236047.980467489,1006.59,1
2026-09-13T01:33:12.431355+00:00,1789263192.4313548,D_rowsize_rep2,r3-sub,D04,load,16,1,50000,6,0,149403585,717485355,11198,27815,17860971424,7722920595,209711.784,,,1,1.0008487701416016,125.8931456569341,3345.1607274556773,,11D/A023BFB0,11D/A023BFB0,0.068857,0.067046,1.6,37.1,0.0,15355158.999521662,0.0,20.98219094282235,17496.149790464864,6455329.908719292,1006.58,1
2026-09-13T01:33:13.432725+00:00,1789263193.4327254,D_rowsize_rep2,r3-sub,D04,load,16,1,50000,6,0,149403714,717488784,11198,27815,17860971424,7722930438,209715.711,,,1,1.0013706684112549,128.82342579962682,3424.3064113714754,,11D/A0871E50,11D/A0871E50,0.023798,0.021204,0.6,37.1,0.0,15154907.646813028,0.0,23.967148985977083,19022.92587641156,6211342.3093051445,1006.57,1
2026-09-13T01:33:14.433143+00:00,1789263194.4331436,D_rowsize_rep2,r3-sub,D04,load,16,1,50000,6,0,149403838,717492078,11198,27815,17860971424,7722939896,209719.476,,,1,1.0004181861877441,123.94816658873638,3292.623070510465,,11D/A0E9BD80,11D/A0E9BD80,0.040556,0.038794,7.2,37.1,0.0,14821321.92788565,0.0,18.992057783757993,15821.383715859027,6052010.132954311,1006.57,1
2026-09-13T01:33:15.434133+00:00,1789263195.434134,D_rowsize_rep2,r3-sub,D04,load,16,1,50000,6,0,149404045,717497613,11198,27815,17860971424,7722955790,209726.029,,,1,1.000990390777588,206.79519194904415,5529.523610811398,,11D/A1431EB0,11D/A1431EB0,0.103076,0.101266,1.0,37.1,0.0,5974243.164666647,0.0,11.988127069509806,15725.425683429488,5486488.232653036,1006.56,1
2026-09-13T01:33:16.434394+00:00,1789263196.4343941,D_rowsize_rep2,r3-sub,D04,load,16,1,50000,6,0,149404170,717500934,11198,27815,17860971424,7722965324,209729.857,,,1,1.0002601146697998,124.96749412153086,3320.136383820832,,11D/A1A73AB0,11D/A1A73AB0,0.086884,0.084518,1.6,37.1,0.0,14987461.541390024,0.0,18.99505910647269,15964.847309013812,6151426.923616965,1006.56,1
2026-09-13T01:33:17.434967+00:00,1789263197.4349673,D_rowsize_rep2,r3-sub,D04,load,16,1,50000,6,0,149404291,717504147,11198,27815,17860971424,7722974542,209733.089,,,1,1.0005731582641602,120.93068757702466,3211.1594973965307,,11D/A1FFF910,11D/A1FFF910,0.027621,0.026845,1.2,37.1,0.0,14213165.60667266,0.0,18.989116231103047,14688.581118343234,5441182.341374239,1006.55,1
2026-09-13T01:33:18.436597+00:00,1789263198.4365976,D_rowsize_rep2,r3-sub,D04,load,16,1,50000,6,0,149404401,717507063,11198,27815,17860971424,7722982917,209736.542,,,1,1.0016303062438965,109.82095820612585,2911.2537648096636,,11D/A2633DE0,11D/A2633DE0,0.072458,0.069997,1.0,37.1,0.0,6710595.673972458,0.0,26.956053377867256,15751.320523800434,6092158.915281607,1006.55,1
2026-09-13T01:33:19.436744+00:00,1789263199.4367447,D_rowsize_rep2,r3-sub,D04,load,16,1,50000,6,0,149404482,717509196,11198,27815,17860971424,7722989035,209738.961,,,1,1.0001471042633057,80.98808630722723,2132.686272756984,,11D/A2C779A0,11D/A2C779A0,0.042943,0.041158,0.4,37.1,0.0,14923628.670598565,0.0,16.99749959534399,16107.630498881863,6101263.478130816,1006.54,1
2026-09-13T01:33:20.437203+00:00,1789263200.4372034,D_rowsize_rep2,r3-sub,D04,load,16,1,50000,6,0,149404607,717512517,11198,27815,17860971424,7722998571,209742.829,,,1,1.0004587173461914,124.94268662236657,3319.4772981830347,,11D/A321BF08,11D/A321BF08,0.090751,0.088981,2.0,37.1,0.0,14779780.258422565,0.0,21.989912845536516,14741.237938453296,5594358.770591112,1006.53,1
2026-09-13T01:33:21.438346+00:00,1789263201.438346,D_rowsize_rep2,r3-sub,D04,load,16,1,50000,6,0,149404737,717515973,11198,27815,17860971424,7723008489,209746.709,,,1,1.0011425018310547,129.851644258669,3452.056019676616,,11D/A3869B80,11D/A3869B80,0.046726,0.044373,0.6,37.1,0.0,14982434.541103132,0.0,16.980599633825946,16061.649535995366,6145860.343304369,1006.53,1
2026-09-13T01:33:22.438484+00:00,1789263202.4384847,D_rowsize_rep2,r3-sub,D04,load,16,1,50000,6,0,149404862,717519294,11198,27815,17860971424,7723018025,209750.992,,,1,1.000138759613037,124.98265745481523,3320.539243259531,,11D/A3DDB4F0,11D/A3DB17F8,0.000800,-0.000156,1.2,37.1,0.0,5561596.275053005,0.0,8.998751336746697,16236.746995269956,6253788.226765638,1006.52,1
2026-09-13T01:33:23.439491+00:00,1789263203.439491,D_rowsize_rep2,r3-sub,D04,load,16,1,50000,6,0,149404924,717520914,11198,27815,17860971424,7723022677,209752.724,,,1,1.0010063648223877,61.93766810963374,1618.371328025914,,11D/A4437868,11D/A4437868,0.077650,0.075003,0.6,37.1,0.0,15491865.531495942,0.0,21.977882232450682,15539.361732989562,5389251.446924813,1006.51,1
2026-09-13T01:33:24.439839+00:00,1789263204.4398396,D_rowsize_rep2,r3-sub,D04,load,16,1,50000,6,0,149405053,717524343,11198,27815,17860971424,7723032520,209756.665,,,1,1.0003485679626465,128.9550504008088,3427.8051769331273,,11D/A4A7B888,11D/A4A7B888,0.078091,0.076281,1.8,37.1,0.0,14928812.294313839,0.0,19.99303106989284,18504.549906739318,6100309.627501629,1006.51,1
2026-09-13T01:33:25.440803+00:00,1789263205.4408038,D_rowsize_rep2,r3-sub,D04,load,16,1,50000,6,0,149405134,717526476,11198,27815,17860971424,7723038642,209758.953,,,1,1.0009641647338867,80.92197788272911,2130.945417578533,,11D/A508BC48,11D/A4FFFB28,0.000969,-0.000135,1.5,37.1,0.0,16797884.072573308,0.0,74.92775729882325,16496.095046908926,6401010.37153852,1006.5,1
2026-09-13T01:33:26.441114+00:00,1789263206.4411147,D_rowsize_rep2,r3-sub,D04,load,16,1,50000,6,0,149405263,717529905,11198,27815,17860971424,7723048484,209763.031,,,1,1.0003108978271484,128.95990664523472,3427.934262686123,,11D/A562BB50,11D/A562BB50,0.157608,0.155756,5.5,37.1,0.0,6707162.757672309,0.0,13.99564878320377,13879.684836142938,5137672.70871826,1006.5,1
2026-09-13T01:33:27.442124+00:00,1789263207.4421248,D_rowsize_rep2,r3-sub,D04,load,16,1,50000,6,0,149405386,717533172,11198,27815,17860971424,7723057864,209766.824,,,1,1.0010101795196533,122.87587330932341,3263.7030739964193,,11D/A5C6D888,11D/A5C6D888,0.110743,0.108861,0.8,37.1,0.0,14959863.851919988,0.0,16.98284427852437,16839.988588416785,6149198.205910101,1006.49,1
2026-09-13T01:33:28.442290+00:00,1789263208.4422898,D_rowsize_rep2,r3-sub,D04,load,16,1,50000,6,0,149405509,717536439,11198,27815,17860971424,7723067242,209771.108,,,1,1.0001649856567383,122.97971011176173,3266.4610807733784,,11D/A6319D48,11D/A6319D48,0.014893,0.013122,1.8,37.1,0.0,15500802.589904735,0.0,21.996370914298847,20440.627589632983,6574950.227518692,1006.49,1
2026-09-13T01:33:29.442545+00:00,1789263209.442546,D_rowsize_rep2,r3-sub,D04,load,16,1,50000,6,0,149405639,717539895,11198,27815,17860971424,7723077157,209774.989,,,1,1.000256061553955,129.96672051958132,3455.1152778128694,,11D/A6851F18,11D/A6851F18,0.158247,0.157019,0.6,37.1,0.0,5462665.221454658,0.0,9.997440039967794,13334.585525309043,5086925.433968524,1006.48,1
2026-09-13T01:33:30.442845+00:00,1789263210.4428456,D_rowsize_rep2,r3-sub,D04,load,16,1,50000,6,0,149405765,717543243,11198,27815,17860971424,7723086769,209778.91,,,1,1.0002996921539307,125.96225010195299,3346.996931280465,,11D/A6E8BC80,11D/A6E8BC80,0.112667,0.110988,1.0,37.1,0.0,14921352.187823273,0.0,17.994607157421857,16180.150935715152,6100366.767943548,1006.47,1
2026-09-13T01:33:31.443058+00:00,1789263211.443058,D_rowsize_rep2,r3-sub,D04,load,16,1,50000,6,0,149405893,717546645,11198,27815,17860971424,7723096540,209782.901,,,1,1.0002124309539795,127.97281461290834,3401.2774633837043,,11D/A7537AD0,11D/A7537AD0,0.002726,0.001010,0.2,37.1,0.0,14382096.797457092,0.0,15.996601826613542,17087.370113665755,6609176.006435934,1006.47,1
2026-09-13T01:33:32.443838+00:00,1789263212.4438384,D_rowsize_rep2,r3-sub,D04,load,16,1,50000,6,0,149406015,717549885,11198,27815,17860971424,7723105836,209786.675,,,1,1.0007803440093994,121.9048722632128,3237.473656826307,,11D/A7A63A38,11D/A7A63A38,0.160365,0.158542,1.0,37.1,0.0,6487097.832068358,0.0,12.989863437883331,13888.162455626187,5033632.035395658,1006.46,1
2026-09-13T01:33:33.444464+00:00,1789263213.4444642,D_rowsize_rep2,r3-sub,D04,load,16,1,50000,6,0,149406177,717554205,11198,27815,17860971424,7723118238,209791.901,,30031,1,1.0006258487701416,161.8986759127924,4317.298024341131,3510,11D/A8103B28,11D/A8103B28,0.054863,0.052728,0.4,37.1,0.0,22915066.633729566,0.0,23.984989024117397,19262.944309994284,6504848.9482857585,1006.46,1
2026-09-13T01:33:34.445775+00:00,1789263214.4457753,D_rowsize_rep2,r3-sub,D04,load,16,1,50000,6,0,149406307,717557661,11198,27815,17860971424,7723128157,209795.773,,,1,1.0013110637664795,129.82978487324286,3451.474896322518,,11D/A8737EA0,11D/A8737EA0,0.005278,0.003674,1.0,37.1,0.0,15687592.565803682,0.0,18.97512240455088,15936.106747864125,6094052.308826867,1006.45,1
2026-09-13T01:33:35.446753+00:00,1789263215.446753,D_rowsize_rep2,r3-sub,D04,load,16,1,50000,6,0,149406393,717559848,11198,27815,17860971424,7723134695,209798.27,,,1,1.0009777545928955,85.91599524104987,2184.863739443908,,11D/A8C73BB0,11D/A8C73BB0,0.146945,0.145225,0.6,37.1,0.0,14141948.644760093,0.0,16.98339440811451,13753.55240097132,5184988.35382294,1006.45,1
2026-09-13T01:33:36.447653+00:00,1789263216.447653,D_rowsize_rep2,r3-sub,D04,load,16,1,50000,6,0,149406524,717563331,11198,27815,17860971424,7723144693,209802.295,,,1,1.0009000301361084,130.8822020738533,3479.868013917794,,11D/A931DF78,11D/A931DF78,0.069888,0.066921,1.7,37.1,0.0,6514968.332165259,0.0,10.99010857108692,17042.661091418242,6503205.918691859,1006.44,1
2026-09-13T01:33:37.448239+00:00,1789263217.4482396,D_rowsize_rep2,r3-sub,D04,load,16,1,50000,6,0,149406586,717564951,11198,27815,17860971424,7723149341,209804.183,,,1,1.0005865097045898,61.963657713419195,1619.0504112215983,,11D/A9881848,11D/A9881848,0.146648,0.145040,0.2,37.1,0.0,14573212.669342378,0.0,16.990035179485908,13618.012903275,5336220.255034593,1006.43,1
2026-09-13T01:33:38.448388+00:00,1789263218.4483886,D_rowsize_rep2,r3-sub,D04,load,16,1,50000,6,0,149406734,717568893,11198,27815,17860971424,7723160655,209808.923,,,1,1.0001490116119385,147.97794956720364,3941.4126837426807,,11D/A9EF7EC0,11D/A9EF7EC0,0.117697,0.115929,1.0,37.1,0.0,15144751.256202906,0.0,21.996722232962703,16446.549273181976,6256944.642592997,1006.43,1
2026-09-13T01:33:39.449362+00:00,1789263219.4493625,D_rowsize_rep2,r3-sub,D04,load,16,1,50000,6,0,149406797,717570540,11198,27815,17860971424,7723165387,209810.744,,,1,1.0009739398956299,62.93870148764204,1645.3974817483563,,11D/AA539860,11D/AA539860,0.041338,0.039519,1.7,37.1,2046.0073118522366,14655550.374797571,3.9961080309613997,21.9785941702877,18723.76417906964,6248812.032661099,1006.42,1
2026-09-13T01:33:40.450236+00:00,1789263220.4502363,D_rowsize_rep2,r3-sub,D04,load,16,1,50000,6,0,149406923,717573888,11198,27815,17860971424,7723174998,209814.56,,,1,1.0008738040924072,125.88999680559813,3345.077057977322,,11D/AAB65A28,11D/AAB65A28,0.027242,0.024677,5.7,37.1,0.0,7010322.351640043,0.0,16.985158299168003,16062.964116219056,6046006.974363079,1006.41,1
2026-09-13T01:33:41.450891+00:00,1789263221.4508123,D_rowsize_rep2,r3-sub,D04,load,16,1,50000,6,0,149407044,717577101,11198,27815,17860971424,7723184220,209818.531,,,1,1.0005760192871094,120.93034179073182,3211.1503154844736,,11D/AB107AE0,11D/AB107AE0,0.074590,0.072955,1.0,37.1,0.0,14311372.373487867,0.0,14.991364684801464,14757.499395718562,5542793.244186888,1006.41,1
2026-09-13T01:33:42.451121+00:00,1789263222.4510806,D_rowsize_rep2,r3-sub,D04,load,16,1,50000,6,0,149407175,717580584,11198,27815,17860971424,7723194216,209822.577,,,1,1.0002682209014893,130.96487248383895,3482.066037108482,,11D/AB745BB8,11D/AB745BB8,0.012027,0.009698,1.8,37.1,0.0,14934106.360529043,0.0,17.995173318390087,16456.58599966773,6103031.039512765,1006.4,1
2026-09-13T01:33:43.451290+00:00,1789263223.4512904,D_rowsize_rep2,r3-sub,D04,load,16,1,50000,6,0,149407317,717584364,11198,27815,17860971424,7723205064,209826.782,,,1,1.0002098083496094,141.97021346381948,3779.2070907974476,,11D/ABC83B10,11D/ABC83B10,0.151608,0.149901,0.8,37.1,0.0,14046332.962063165,0.0,19.99580471321401,16438.551054733238,5150884.301465681,1006.4,1
2026-09-13T01:33:44.452236+00:00,1789263224.452237,D_rowsize_rep2,r3-sub,D04,load,16,1,50000,6,0,149407400,717586551,11198,27815,17860971424,7723211346,209829.094,,,1,1.0009465217590332,82.921512983669,2184.9319144010133,,11D/AC321C20,11D/AC321C20,0.057467,0.054845,1.2,37.1,0.0,7022089.439551587,0.0,10.989598106269385,19529.514889213995,6556885.764951978,1006.39,1
2026-09-13T01:33:45.453142+00:00,1789263225.453142,D_rowsize_rep2,r3-sub,D04,load,16,1,50000,6,0,149407531,717590034,11198,27815,17860971424,7723221339,209833.194,,,1,1.0009050369262695,130.88154736666587,3479.850606703032,,11D/AC867F38,11D/AC867F38,0.199804,0.197246,4.1,37.1,0.0,13921992.083077583,0.0,16.984628284223817,13358.909693432743,5182023.077761845,1006.39,1
2026-09-13T01:33:46.453800+00:00,1789263226.4538007,D_rowsize_rep2,r3-sub,D04,load,16,1,50000,6,0,149407621,717592221,11211,27815,17860971424,7723320376,209835.564,,,1,1.0006587505340576,89.94075148192773,2185.560261010844,,11D/ACEB3E88,11D/ACEB3E88,0.153294,0.150999,1.6,37.1,0.0,20941340.88051108,0.0,111.9262685108434,16552.0962977241,6199788.885760461,1006.38,1
2026-09-13T01:33:47.454787+00:00,1789263227.4547875,D_rowsize_rep2,r3-sub,D04,load,16,1,50000,6,0,149407746,717595542,11211,27815,17860971424,7723329932,209839.416,,,1,1.0009868144989014,124.8767697929923,3317.72601986022,,11D/AD52FEB0,11D/AD52FEB0,0.074623,0.072100,1.2,37.1,0.0,6809024.755647749,0.0,12.9871840584712,17164.062254507207,6302485.615815196,1006.38,1
2026-09-13T01:33:48.454984+00:00,1789263228.4549847,D_rowsize_rep2,r3-sub,D04,load,16,1,50000,6,0,149407872,717598890,11211,27815,17860971424,7723339542,209843.173,,,1,1.000197172164917,125.97516120473949,3347.339997725935,,11D/ADB57C80,11D/ADB57C80,0.075964,0.073982,0.6,37.1,0.0,15311924.914615538,0.0,42.99152326828411,16382.76977381636,6101027.047288869,1006.37,1
2026-09-13T01:33:49.456104+00:00,1789263229.4561048,D_rowsize_rep2,r3-sub,D04,load,16,1,50000,6,0,149408074,717604290,11211,27815,17860971424,7723355044,209849.353,,,1,1.0011200904846191,201.7739948683044,5393.958278657643,,11D/AE109D10,11D/AE109D10,0.142706,0.140836,0.8,37.1,0.0,14422245.77973528,0.0,18.97874209157319,14998.200658156391,5587330.684066357,1006.36,1
2026-09-13T01:33:50.456584+00:00,1789263230.4565842,D_rowsize_rep2,r3-sub,D04,load,16,1,50000,6,0,149408206,717607800,11211,27815,17860971424,7723365121,209853.127,,,1,1.0004794597625732,131.93674164117803,3508.317902731325,,11D/AE74DC20,11D/AE74DC20,0.095339,0.092997,1.8,37.1,0.0,14930953.208719555,0.0,17.991373860160643,16399.137273536424,6102386.151384727,1006.36,1
2026-09-13T01:33:51.457035+00:00,1789263231.4570353,D_rowsize_rep2,r3-sub,D04,load,16,1,50000,6,0,149408328,717611040,11211,27815,17860971424,7723374429,209857.066,,,1,1.0004510879516602,121.94499208330593,3238.5391340156657,,11D/AED91FB8,11D/AED91FB8,0.079910,0.077866,1.0,37.1,0.0,7504582.773128806,0.0,37.98286638660348,16033.767360723856,6200940.830302493,1006.35,1
2026-09-13T01:33:52.457698+00:00,1789263232.457698,D_rowsize_rep2,r3-sub,D04,load,16,1,50000,6,0,149408351,717611607,11211,27815,17860971424,7723376053,209857.769,,,1,1.0006628036499023,22.98476561345925,566.6244392535389,,11D/AF56DF70,11D/AF56DF70,0.109452,0.109285,7.2,37.1,0.0,14547541.836173877,0.0,16.98873980125249,19535.052096169627,5744437.565814742,1006.34,1
2026-09-13T01:33:53.458472+00:00,1789263233.4584727,D_rowsize_rep2,r3-sub,D04,load,16,1,50000,6,0,149408482,717615090,11211,27815,17860971424,7723386057,209861.8,,,1,1.000774621963501,130.89860306707266,3480.3040800199547,,11D/AFCD5BA8,11D/AFCD5BA8,0.002391,0.000579,1.0,37.1,4092.8296042956454,14210304.386114482,0.9992259776112415,15.987615641779865,17959.088495606844,6405532.134120999,1006.34,1
2026-09-13T01:33:54.459151+00:00,1789263234.459151,D_rowsize_rep2,r3-sub,D04,load,16,1,50000,6,0,149408677,717620301,11211,27815,17860971424,7723401013,209867.638,,,1,1.000678300857544,194.86782098991483,5207.467770145878,,11D/B0201B00,11D/B0201B00,0.049975,0.047547,1.4,37.1,16372.894251788535,15079435.60589724,0.9993221589226401,20.985765337375444,17428.178451610842,5183797.825489636,1006.33,1
2026-09-13T01:33:55.459336+00:00,1789263235.4593363,D_rowsize_rep2,r3-sub,D04,load,16,1,50000,6,0,149408679,717620301,11211,27815,17860971424,7723401013,209867.638,,,1,1.000185251235962,1.9996295661514045,0.0,,11D/B0713800,11D/B0713800,0.144219,0.141891,0.6,37.1,0.0,5356575.687733324,0.0,10.997962613832724,12720.64348507216,4982420.000536819,1006.33,1
2026-09-13T01:33:56.460433+00:00,1789263236.4604335,D_rowsize_rep2,r3-sub,D04,load,16,1,50000,6,0,149408858,717625080,11211,27815,17860971424,7723414744,209873.665,,,1,1.0010972023010254,178.80381604160704,4773.762217110838,,11D/B0D4C000,11D/B0D4C000,0.020604,0.018797,1.4,37.1,0.0,14909465.300365381,0.0,21.975888005113713,16457.942307829708,6098659.536723137,1006.32,1
2026-09-13T01:33:57.461787+00:00,1789263237.4617875,D_rowsize_rep2,r3-sub,D04,load,16,1,50000,6,0,149408940,717627240,11211,27815,17860971424,7723420946,209876.261,,,1,1.0013539791107178,81.88912383692981,2157.0793596069316,,11D/B120D928,11D/B120D928,0.145623,0.143529,0.6,37.1,0.0,13383990.356639063,0.0,12.982422071708385,13853.242998364518,4674395.965507479,1006.32,1
2026-09-13T01:33:58.462969+00:00,1789263238.4629693,D_rowsize_rep2,r3-sub,D04,load,16,1,50000,6,0,149409054,717630264,11211,27815,17860971424,7723429628,209879.536,,,1,1.0011818408966064,113.8654291790865,3020.4303319084,,11D/B1823EF8,11D/B1823EF8,0.044986,0.043923,2.3,37.1,86937.25399778676,6477336.818446864,6.9917368794175925,17.97875197564524,18639.970520527302,6009531.689679684,1006.31,1
2026-09-13T01:33:59.464056+00:00,1789263239.4640565,D_rowsize_rep2,r3-sub,D04,load,16,1,50000,6,0,149409213,717634503,11211,27815,17860971424,7723441792,209884.273,,,1,1.0010871887207031,158.8273247240206,4234.3964119819075,,11D/B1D39958,11D/B1D39958,0.095585,0.093688,0.6,37.0,0.0,13747613.749395074,0.0,19.978279839499447,13725.07824973612,4981148.551478686,1006.31,1
2026-09-13T01:34:00.464203+00:00,1789263240.4642034,D_rowsize_rep2,r3-sub,D04,load,16,1,50000,6,0,149409326,717637500,11211,27815,17860971424,7723450398,209887.806,,,1,1.0001468658447266,112.98340659655011,2996.5599076978824,,11D/B2303D50,11D/B2303D50,0.069995,0.068128,2.1,37.0,0.0,14514092.375562824,0.0,19.997063114433647,14640.849759232595,5694663.648412842,1006.3,1
2026-09-13T01:34:01.464477+00:00,1789263241.4644773,D_rowsize_rep2,r3-sub,D04,load,16,1,50000,6,0,149409409,717639687,11211,27815,17860971424,7723456676,209890.274,,,1,1.0002739429473877,82.97726896237427,2186.401050851958,,11D/B2939FF0,11D/B2939FF0,0.003837,0.002019,0.6,37.1,0.0,6121842.964294916,0.0,10.996987452844783,16891.372727569586,6049682.7320816135,1006.3,1
2026-09-13T01:34:02.465617+00:00,1789263242.4656177,D_rowsize_rep2,r3-sub,D04,load,16,1,50000,6,0,149409532,717642954,11211,27815,17860971424,7723466053,209894.077,,,1,1.0011403560638428,122.85989597262453,3263.278700346051,,11D/B2E67B18,11D/B2E67B18,0.150993,0.149743,1.2,37.0,0.0,14254209.12618767,0.0,14.982914143002992,13829.22975399176,5133358.143912712,1006.29,1
2026-09-13T01:34:03.465902+00:00,1789263243.4659026,D_rowsize_rep2,r3-sub,D04,load,16,1,50000,6,0,149409622,717645330,11211,27815,17860971424,7723472879,209896.764,,33460,1,1.0002849102020264,89.97436538538086,2375.3232461740545,3429,11D/B352DED0,11D/B352DED0,0.041565,0.040183,1.2,37.0,0.0,15535797.69274072,0.0,15.99544273517882,19431.46377772942,6659553.62523123,1006.28,1
2026-09-13T01:34:04.467470+00:00,1789263244.467471,D_rowsize_rep2,r3-sub,D04,load,16,1,50000,6,0,149409746,717648624,11211,27815,17860971424,7723482327,209900.719,,,1,1.00156831741333,123.80583315598962,3288.842051740563,,11D/B3B6FDB0,11D/B3B6FDB0,0.010727,0.009067,5.3,37.0,0.0,15053766.915210662,0.0,16.973380352030837,16587.9847746259,6092948.323046446,1006.28,1
2026-09-13T01:34:05.468146+00:00,1789263245.468146,D_rowsize_rep2,r3-sub,D04,load,16,1,50000,6,0,149409872,717651891,11211,27815,17860971424,7723492929,209904.895,,,1,1.0006752014160156,125.91498202583857,3264.795605384243,,11D/B4113FF0,11D/B4113FF0,0.093769,0.092144,0.6,37.1,0.0,4895510.544348337,0.0,8.993927287559899,16428.907178609414,5542154.929144064,1006.27,1
2026-09-13T01:34:06.468270+00:00,1789263246.4682703,D_rowsize_rep2,r3-sub,D04,load,16,1,50000,6,0,149410003,717655374,11211,27815,17860971424,7723502932,209908.945,,,1,1.000124216079712,130.9837297145888,3482.5674091291057,,11D/B4771F98,11D/B4771F98,0.104250,0.102268,2.3,37.1,0.0,16152617.585166484,0.0,16.997888588916105,16060.005089127675,6253979.155226737,1006.27,1
2026-09-13T01:34:07.468538+00:00,1789263247.468538,D_rowsize_rep2,r3-sub,D04,load,16,1,50000,6,0,149410129,717658722,11211,27815,17860971424,7723512541,209913.271,,,1,1.000267744064331,125.9662732780239,3347.103832816064,,11D/B4DCBFB8,11D/B4DCBFB8,0.076168,0.074435,0.8,37.1,0.0,15134763.756839054,0.0,18.994914224463923,15781.77452354671,6303706.220076288,1006.26,1
2026-09-13T01:34:08.469584+00:00,1789263248.4695845,D_rowsize_rep2,r3-sub,D04,load,16,1,50000,6,0,149410261,717662232,11211,27815,17860971424,7723522611,209917.51,,,1,1.0010464191436768,131.86201706102352,3506.3309082135797,,11D/B540FDA0,11D/B540FDA0,0.029318,0.027326,7.4,37.1,586138.6532923459,6567719.4126762785,26.971776217027536,13.98536544586613,16389.8493478804,6149903.623117004,1006.25,1
2026-09-13T01:34:09.470649+00:00,1789263249.4706495,D_rowsize_rep2,r3-sub,D04,load,16,1,50000,6,0,149410377,717665310,11211,27815,17860971424,7723531447,209921.014,,,1,1.0010650157928467,115.8765896020526,3074.7253689234303,,11D/B5A5F8A0,11D/B5A5F8A0,0.037898,0.036632,1.8,37.1,1570167.7465525032,15065427.082231443,51.94467809747186,23.97446681421778,18470.32880812028,6095735.9449496055,1006.25,1
2026-09-13T01:34:10.471325+00:00,1789263250.4713254,D_rowsize_rep2,r3-sub,D04,load,16,1,50000,6,0,149410501,717668604,11211,27815,17860971424,7723540905,209924.57,,,1,1.000675916671753,123.91624294549216,3291.775034374606,,11D/B5F998B8,11D/B5F998B8,0.156032,0.154329,12.6,37.1,12485384.920179198,16991011.49206257,389.7365705543705,111.92434846689613,14067.491547933008,5183700.250579264,1006.24,1
2026-09-13T01:34:11.472151+00:00,1789263251.4721518,D_rowsize_rep2,r3-sub,D04,load,16,1,50000,6,0,149410647,717672492,11211,27815,17860971424,7723552063,209929.013,,,1,1.000826358795166,145.8794512324401,3884.7897698063493,,11D/B662BF58,11D/B662BF58,0.054055,0.051228,12.1,37.1,10172202.111319106,15375965.935315179,330.7267010817648,20.982660793707137,17691.380572065646,6506820.032037963,1006.24,1
2026-09-13T01:34:12.472875+00:00,1789263252.4728756,D_rowsize_rep2,r3-sub,D04,load,16,1,50000,6,0,149410773,717675840,11211,27815,17860971424,7723561676,209932.517,,,1,1.0007238388061523,125.90886227944365,3345.578340568074,,11D/B6C6DB40,11D/B6C6DB40,0.033505,0.031061,13.6,37.2,12457670.654545974,6593883.091535115,417.69765422863054,12.990596901847361,16557.01538974684,6151083.606985376,1006.23,1
2026-09-13T01:34:13.473588+00:00,1789263253.4735885,D_rowsize_rep2,r3-sub,D04,load,16,1,50000,6,0,149410813,717676866,11211,27815,17860971424,7723564622,209933.711,,,1,1.0007128715515137,39.971505450892884,1025.2691148154024,,11D/B720DB10,11D/B720DB10,0.089467,0.087826,12.1,37.2,12321712.201905323,14264391.321227439,378.73001414721006,15.988602180357153,16754.056509741753,5504061.311273406,1006.22,1
2026-09-13T01:34:14.474228+00:00,1789263254.4742281,D_rowsize_rep2,r3-sub,D04,load,16,1,50000,6,0,149410945,717680376,11211,27815,17860971424,7723574692,209937.746,,,1,1.0006396770477295,131.9156166078189,3507.75616888973,,11D/B7839FA8,11D/B7839FA8,0.066846,0.065025,13.6,37.2,8725554.463081254,15112764.711286454,318.79607346889566,22.985296833180566,15748.925773656196,6101480.023271933,1006.22,1
2026-09-13T01:34:15.474877+00:00,1789263255.4748776,D_rowsize_rep2,r3-sub,D04,load,16,1,50000,6,0,149411067,717683616,11211,27815,17860971424,7723583992,209941.457,,,1,1.0006494522094727,121.92081825520344,3237.897140548026,,11D/B7E6D810,11D/B7E6D810,0.018655,0.016000,8.3,37.2,15861.698584808108,14916136.682075031,2.998052907914839,17.98831744748903,15505.929639735547,6098139.549795712,1006.21,1
2026-09-13T01:34:16.475888+00:00,1789263256.475889,D_rowsize_rep2,r3-sub,D04,load,16,1,50000,6,0,149411199,717687126,11211,27815,17860971424,7723594066,209945.322,,,1,1.0010113716125488,131.86663382990207,3506.453672295123,,11D/B840FCC8,11D/B840FCC8,0.081610,0.079905,1.2,37.2,0.0,5646769.018112461,0.0,6.992927551585716,15074.75382191835,5537310.72112679,1006.21,1
2026-09-13T01:34:17.476067+00:00,1789263257.4760673,D_rowsize_rep2,r3-sub,D04,load,16,1,50000,6,0,149411320,717690339,11211,27815,17860971424,7723603288,209948.904,,,1,1.000178337097168,120.97842505885505,3212.4271050752172,,11D/B8A5F8B0,11D/B8A5F8B0,0.067546,0.065893,0.6,37.2,0.0,15283546.376704747,0.0,19.99643389402563,16452.065986309586,6155001.334928864,1006.2,1
2026-09-13T01:34:18.476497+00:00,1789263258.476497,D_rowsize_rep2,r3-sub,D04,load,16,1,50000,6,0,149411462,717694119,11211,27815,17860971424,7723614139,209953.499,,,1,1.000429630279541,141.93901869971828,3778.3766949643314,,11D/B8FFFD80,11D/B8FFFD80,0.017676,0.015909,6.4,37.2,0.0,14039152.355049182,0.0,25.98883440980757,14921.589233446439,5591326.796705326,1006.2,1
2026-09-13T01:34:19.476652+00:00,1789263259.4766524,D_rowsize_rep2,r3-sub,D04,load,16,1,50000,6,0,149411513,717695442,11211,27815,17860971424,7723617935,209955.173,,,1,1.0001554489135742,50.992073337598775,1322.794373051827,,11D/B96338E0,11D/B96338E0,0.098988,0.096953,0.6,37.2,0.0,15386280.219455937,0.0,21.996580655434766,16254.473259791044,6101442.537386328,1006.19,1
2026-09-13T01:34:20.476799+00:00,1789263260.476799,D_rowsize_rep2,r3-sub,D04,load,16,1,50000,6,0,149411675,717699762,11211,27815,17860971424,7723630337,209961.379,,,1,1.0001466274261475,161.97624983938903,4319.366662383707,,11D/B9C61CA0,11D/B9C61CA0,0.084685,0.082734,1.9,37.2,0.0,6478922.01234112,0.0,11.998240728843632,16497.581002159994,6053648.369120834,1006.18,1
2026-09-13T01:34:21.477787+00:00,1789263261.477788,D_rowsize_rep2,r3-sub,D04,load,16,1,50000,6,0,149411757,717701922,11211,27815,17860971424,7723636535,209963.891,,,1,1.0009889602661133,81.91898537842043,2157.865956309611,,11D/BA213EF8,11D/BA213EF8,0.147981,0.146602,0.4,37.2,0.0,14370939.71163848,0.0,16.98320428577009,13567.582200296682,5588041.648843907,1006.18,1
2026-09-13T01:34:22.478080+00:00,1789263262.47808,D_rowsize_rep2,r3-sub,D04,load,16,1,50000,6,0,149411951,717707106,11211,27815,17860971424,7723651419,209970.291,,,1,1.0002920627593994,193.94335636817192,5182.486388724759,,11D/BA863DB8,11D/BA863DB8,0.054173,0.051008,1.8,37.2,0.0,6510738.455760882,0.0,12.996204292712552,16273.247190521148,6202117.592421838,1006.17,1
2026-09-13T01:34:23.479071+00:00,1789263263.4790714,D_rowsize_rep2,r3-sub,D04,load,16,1,50000,6,0,149412073,717710346,11211,27815,17860971424,7723660718,209974.647,,,1,1.0009913444519043,121.8791757553123,3236.7912249771466,,11D/BAE97C60,11D/BAE97C60,0.024118,0.021347,1.0,37.2,0.0,15066535.873252634,0.0,18.981183109433882,17071.07668284243,6099172.619062886,1006.17,1
2026-09-13T01:34:24.480574+00:00,1789263264.4805746,D_rowsize_rep2,r3-sub,D04,load,16,1,50000,6,0,149412162,717712695,11211,27815,17860971424,7723667458,209977.973,,,1,1.0015032291412354,88.86641341767348,2345.474214810281,,11D/BB421AD8,11D/BB421AD8,0.088490,0.085719,1.8,37.2,0.0,13856418.627725646,0.0,18.971481516132542,18893.59859201368,5433318.477331263,1006.16,1
2026-09-13T01:34:25.481637+00:00,1789263265.4816034,D_rowsize_rep2,r3-sub,D04,load,16,1,50000,6,0,149412244,717714855,11211,27815,17860971424,7723673660,209980.84,,,1,1.0010287761688232,81.91572705215691,2157.780127227548,,11D/BBA55B88,11D/BBA55B88,0.057665,0.056252,1.4,37.2,0.0,15430141.837795714,0.0,17.981501060229565,16132.403367869292,6045009.038760602,1006.15,1
2026-09-13T01:34:26.482400+00:00,1789263266.4824007,D_rowsize_rep2,r3-sub,D04,load,16,1,50000,6,0,149412375,717718338,11211,27815,17860971424,7723683656,209986.057,,,1,1.0007972717285156,130.8956406063586,3480.225314747687,,11D/BBFFFE28,11D/BBFFFE28,0.028751,0.027446,2.3,37.2,0.0,6040879.777338167,0.0,11.990440360887812,15152.919006071972,5643241.802853407,1006.15,1
2026-09-13T01:34:27.482575+00:00,1789263267.4825757,D_rowsize_rep2,r3-sub,D04,load,16,1,50000,6,0,149412499,717721632,11211,27815,17860971424,7723693104,209989.473,,,1,1.0001749992370605,123.97830389140694,3293.4236533733424,,11D/BC639B70,11D/BC639B70,0.103090,0.100807,0.6,37.2,0.0,14882259.615921477,0.0,17.996850564881655,16113.180205757373,6052655.789854585,1006.14,1
2026-09-13T01:34:28.483130+00:00,1789263268.4831307,D_rowsize_rep2,r3-sub,D04,load,16,1,50000,6,0,149412623,717724926,11211,27815,17860971424,7723702561,209993.311,,,1,1.0005550384521484,123.9312134111354,3292.1727175506453,,11D/BCC89978,11D/BCC89978,0.106055,0.103932,1.3,37.2,0.0,14983043.834541604,0.0,16.990569580558887,19329.271511059345,6165723.786213325,1006.14,1
2026-09-13T01:34:29.484353+00:00,1789263269.4843538,D_rowsize_rep2,r3-sub,D04,load,16,1,50000,6,0,149412752,717728355,11211,27815,17860971424,7723712401,209997.158,,,1,1.001223087310791,128.84241447776057,3424.811156932101,,11D/BD343C70,11D/BD343C70,0.010477,0.008743,1.0,37.2,0.0,8173810.715832657,0.0,17.97801132247822,17375.7479431752,6656567.436834583,1006.13,1
2026-09-13T01:34:30.484499+00:00,1789263270.4844992,D_rowsize_rep2,r3-sub,D04,load,16,1,50000,6,0,149412877,717731676,11211,27815,17860971424,7723721933,210000.45,,,1,1.000145435333252,124.98182322688857,3320.5170794919754,,11D/BD897CE8,11D/BD897CE8,0.121250,0.119413,6.8,37.2,0.0,21402583.308164123,0.0,21.996800887932388,13929.974089576092,5287723.978101101,1006.12,1
2026-09-13T01:34:31.484702+00:00,1789263271.4847028,D_rowsize_rep2,r3-sub,D04,load,16,1,50000,6,0,149413005,717735078,11211,27815,17860971424,7723731697,210004.073,,,1,1.0002036094665527,127.97394329367333,3401.3074616021613,,11D/BDEFFAA0,11D/BDEFFAA0,0.046454,0.044340,1.0,37.2,0.0,15143924.553600127,0.0,15.996742911709166,16754.58860715139,6304096.426289546,1006.12,1
2026-09-13T01:34:32.485991+00:00,1789263272.4859915,D_rowsize_rep2,r3-sub,D04,load,16,1,50000,6,0,149413124,717738237,11211,27815,17860971424,7723740759,210007.682,,,1,1.001288652420044,118.84684772206836,3154.9343861681846,,11D/BE527E58,11D/BE527E58,0.046439,0.044521,1.6,37.2,0.0,17500136.40686819,0.0,89.88417054610213,15900.509769605465,5995907.359470858,1006.11,1
2026-09-13T01:34:33.487143+00:00,1789263273.4871435,D_rowsize_rep2,r3-sub,D04,load,16,1,50000,6,0,149413250,717741585,11211,27815,17860971424,7723750368,210011.567,,36963,1,1.0011520385742188,125.8550101735214,3344.14741318214,3503,11D/BEA5F940,11D/BEA5F940,0.188041,0.186306,0.8,37.2,0.0,5555967.311340238,0.0,9.988492870914397,13948.930294231955,5180732.596206457,1006.11,1
2026-09-13T01:34:34.488137+00:00,1789263274.4881377,D_rowsize_rep2,r3-sub,D04,load,16,1,50000,6,0,149413374,717744879,11211,27815,17860971424,7723759824,210014.798,,,1,1.0009942054748535,123.87684096650355,3290.7283398682475,,11D/BF0FFC60,11D/BF0FFC60,0.080947,0.079419,2.5,37.2,0.0,15471594.056484332,0.0,25.974176331686227,17583.518369769587,6451665.7186206225,1006.1,1
2026-09-13T01:34:35.489530+00:00,1789263275.48953,D_rowsize_rep2,r3-sub,D04,load,16,1,50000,6,0,149413507,717748335,11211,27815,17860971424,7723770010,210018.464,,,1,1.0013923645019531,132.81507300702071,3451.194679039576,,11D/BF74B8B8,11D/BF74B8B8,0.003897,0.002447,0.6,37.2,0.0,14095190.357298225,0.0,16.9763627151831,16914.448921751253,6198367.612965651,1006.09,1
2026-09-13T01:34:36.489777+00:00,1789263276.4897773,D_rowsize_rep2,r3-sub,D04,load,16,1,50000,6,0,149413509,717748335,11211,27815,17860971424,7723770010,210018.464,,,1,1.0002472400665283,1.9995056420920254,0.0,,11D/BFC79BF0,11D/BFC79BF0,0.130681,0.128313,1.9,37.2,0.0,14258746.666525558,0.0,16.995797957782216,13778.593379656148,5134799.471836973,1006.09,1
2026-09-13T01:34:37.490902+00:00,1789263277.490903,D_rowsize_rep2,r3-sub,D04,load,16,1,50000,6,0,149413631,717751575,11211,27815,17860971424,7723779310,210021.714,,,1,1.0011255741119385,121.86283434844994,3236.3572400735884,,11D/C03258B8,11D/C03258B8,0.035995,0.034606,0.8,37.2,0.0,7511800.911360137,0.0,13.984259679330322,16951.919358422492,6501656.903304934,1006.08,1
2026-09-13T01:34:38.491311+00:00,1789263278.491311,D_rowsize_rep2,r3-sub,D04,load,16,1,50000,6,0,149413761,717755031,11211,27815,17860971424,7723789230,210025.48,,,1,1.0004081726074219,129.94695921083238,3454.589931020282,,11D/C085D9A8,11D/C085D9A8,0.146105,0.143885,1.2,37.2,0.0,13896151.971416697,0.0,14.993879908942196,13341.554342976766,5137001.216819001,1006.08,1
2026-09-13T01:34:39.491684+00:00,1789263279.491685,D_rowsize_rep2,r3-sub,D04,load,16,1,50000,6,0,149413885,717758325,11211,27815,17860971424,7723798683,210028.89,,,1,1.0003738403320312,123.95366112216959,3292.769030132473,,11D/C0EADDB8,11D/C0EADDB8,0.131020,0.129084,1.6,37.2,0.0,15149536.492247619,0.0,20.992152286819046,18711.005071651376,6252515.557507951,1006.07,1
2026-09-13T01:34:40.492025+00:00,1789263280.4920259,D_rowsize_rep2,r3-sub,D04,load,16,1,50000,6,0,149414008,717761592,11211,27815,17860971424,7723808056,210032.476,,,1,1.0003409385681152,122.95807884865914,3265.8865333217022,,11D/C1533AE0,11D/C1533AE0,0.068662,0.066250,1.7,37.2,32756.8319326249,15272872.88858636,1.9993183552627503,23.991820263153002,18197.795669601554,6405092.257017246,1006.06,1
2026-09-13T01:34:41.493335+00:00,1789263281.4933352,D_rowsize_rep2,r3-sub,D04,load,16,1,50000,6,0,149414137,717765021,11211,27815,17860971424,7723817898,210036.268,,,1,1.0013093948364258,128.8313089492918,3424.515956489315,,11D/C1B75AE0,11D/C1B75AE0,0.023028,0.021103,1.0,37.2,0.0,6585936.408873193,0.0,8.988230856927336,16715.113316932537,6148045.780600772,1006.06,1
2026-09-13T01:34:42.493479+00:00,1789263282.4934795,D_rowsize_rep2,r3-sub,D04,load,16,1,50000,6,0,149414264,717768396,11211,27815,17860971424,7723827586,210039.949,,,1,1.0001442432403564,126.98168375046991,3374.513249274299,,11D/C2109FB0,11D/C2109FB0,0.134081,0.131868,4.7,37.2,0.0,14260215.060371513,0.0,13.997980885878574,14826.861325478098,5493690.57227034,1006.05,1
2026-09-13T01:34:43.493978+00:00,1789263283.493978,D_rowsize_rep2,r3-sub,D04,load,16,1,50000,6,0,149414390,717771744,11211,27815,17860971424,7723837194,210043.532,,,1,1.0004985332489014,125.93721611049484,3346.331742364577,,11D/C274BA88,11D/C274BA88,0.080727,0.078975,0.4,37.2,0.0,16371742.142199675,0.0,212.89386532964605,19105.475285334196,6165987.050443059,1006.05,1
2026-09-13T01:34:44.494986+00:00,1789263284.4949863,D_rowsize_rep2,r3-sub,D04,load,16,1,50000,6,0,149414571,717776577,11211,27815,17860971424,7723851065,210049.143,,,1,1.0010082721710205,180.81768655861464,4828.131928938036,,11D/C2D7F958,11D/C2D7F958,0.022721,0.020088,1.6,37.2,0.0,6657479.448742691,0.0,17.981869381519687,15892.97555503315,6099175.371207038,1006.04,1
2026-09-13T01:34:45.495239+00:00,1789263285.4952395,D_rowsize_rep2,r3-sub,D04,load,16,1,50000,6,0,149414573,717776577,11211,27815,17860971424,7723851065,210049.143,,,1,1.0002532005310059,1.9994937271265487,0.0,,11D/C3317EC8,11D/C3317EC8,0.103932,0.102857,3.9,37.2,0.0,14799196.83550279,0.0,15.99594981701239,14051.442167381821,5490543.791396507,1006.04,1
2026-09-13T01:34:46.496084+00:00,1789263286.4960845,D_rowsize_rep2,r3-sub,D04,load,16,1,50000,6,0,149414791,717782247,11224,27815,17860971424,7723959546,210054.704,,,1,1.000844955444336,217.8159552227713,5665.213147307859,,11D/C3959920,11D/C3959920,0.042256,0.039685,1.7,37.2,351958.6106557455,17741169.502240196,12.989024852734067,32.97214001078648,16788.814200037734,6046275.166879792,1006.03,1
2026-09-13T01:34:47.496658+00:00,1789263287.496658,D_rowsize_rep2,r3-sub,D04,load,16,1,50000,6,0,149414872,717784380,11224,27815,17860971424,7723965675,210057.3,,,1,1.0005736351013184,80.95356219514811,2131.777137805567,,11D/C3E91C08,11D/C3E91C08,0.157098,0.154904,0.8,37.2,0.0,15347100.36452745,0.0,36.97878766938864,14232.835545939557,5237770.431028115,1006.02,1
2026-09-13T01:34:48.497815+00:00,1789263288.4978151,D_rowsize_rep2,r3-sub,D04,load,16,1,50000,6,0,149415004,717787890,11224,27815,17860971424,7723975753,210061.395,,,1,1.0011570453643799,131.847446523195,3505.9434643667764,,11D/C453DFF0,11D/C453DFF0,0.058951,0.056746,2.3,37.2,0.0,7057434.228441566,0.0,21.9745744205325,17754.45728749842,6501488.482889304,1006.02,1
2026-09-13T01:34:49.497947+00:00,1789263289.4979472,D_rowsize_rep2,r3-sub,D04,load,16,1,50000,6,0,149415128,717791184,11224,27815,17860971424,7723985201,210064.912,,,1,1.0001320838928223,123.98362376032752,3293.5649731170874,,11D/C4A67A48,11D/C4A67A48,0.195904,0.194233,0.8,37.2,0.0,13850842.526800193,0.0,17.99762280391851,13639.19848156958,5084342.440258049,1006.01,1
2026-09-13T01:34:50.499139+00:00,1789263290.499139,D_rowsize_rep2,r3-sub,D04,load,16,1,50000,6,0,149415250,717794424,11224,27815,17860971424,7723994502,210068.621,,,1,1.0011918544769287,121.85476685059402,3236.1429884911854,,11D/C5105F18,11D/C5105F18,0.108202,0.106601,3.3,37.2,0.0,15407172.892011842,0.0,17.97857215828436,18152.365022481114,6555328.002971922,1006.01,1
2026-09-13T01:34:51.499323+00:00,1789263291.4993236,D_rowsize_rep2,r3-sub,D04,load,16,1,50000,6,0,149415299,717795693,11224,27815,17860971424,7723998140,210070.085,,,1,1.0001845359802246,48.990959405284,1268.765867047049,,11D/C5749DD0,11D/C5749DD0,0.052431,0.051305,0.8,37.2,0.0,5553151.243791891,0.0,10.997970478737225,18068.665681067192,6151867.759052871,1006.0,1
2026-09-13T01:34:52.499579+00:00,1789263292.499579,D_rowsize_rep2,r3-sub,D04,load,16,1,50000,6,0,149415423,717798987,11224,27815,17860971424,7724007596,210073.752,,,1,1.0002553462982178,123.96834514197181,3293.159104013348,,11D/C5F91AD8,11D/C5F91AD8,0.041107,0.040928,1.8,37.2,0.0,15896612.858752316,0.0,17.99540493996365,19015.144553228256,6050947.912849746,1006.0,1
2026-09-13T01:34:53.499718+00:00,1789263293.4997187,D_rowsize_rep2,r3-sub,D04,load,16,1,50000,6,0,149415639,717804765,11224,27815,17860971424,7724024176,210080.162,,,1,1.0001397132873535,215.96982614562003,5777.1928493953355,,11D/C6637910,11D/C6637910,0.011351,0.009644,1.2,37.2,0.0,14661631.575254655,0.0,15.997764899675557,17190.598245007615,5850387.6231128825,1005.99,1
2026-09-13T01:34:54.500856+00:00,1789263294.5008569,D_rowsize_rep2,r3-sub,D04,load,16,1,50000,6,0,149415641,717804765,11224,27815,17860971424,7724024176,210080.162,,,1,1.0011382102966309,1.9977261675062954,0.0,,11D/C6B61EC0,11D/C6B61EC0,0.092441,0.090522,1.4,37.2,0.0,5715606.4379008915,0.0,15.981809340050363,15861.945769999986,5130483.430932219,1005.98,1
2026-09-13T01:34:55.501003+00:00,1789263295.501003,D_rowsize_rep2,r3-sub,D04,load,16,1,50000,6,0,149415764,717808032,11224,27815,17860971424,7724033554,210084.29,,,1,1.0001461505889893,122.98202610444974,3266.5225957986772,,11D/C7105FB0,11D/C7105FB0,0.076649,0.074273,1.2,37.2,0.0,15337278.447721373,0.0,74.98904030759131,14325.906260362242,5541929.043806111,1005.98,1
2026-09-13T01:34:56.502053+00:00,1789263296.502053,D_rowsize_rep2,r3-sub,D04,load,16,1,50000,6,0,149415915,717812055,11224,27815,17860971424,7724045099,210088.636,,,1,1.0010499954223633,150.84161699265584,4018.78029908248,,11D/C7631A30,11D/C7631A30,0.156202,0.153213,7.1,37.2,0.0,13825866.903041603,0.0,16.98216880049768,14070.226326765282,5082981.8922811495,1005.97,1
2026-09-13T01:34:57.502335+00:00,1789263297.5023358,D_rowsize_rep2,r3-sub,D04,load,16,1,50000,6,0,149416035,717815241,11224,27815,17860971424,7724054241,210092.227,,,1,1.0002827644348145,119.96607785979707,3185.0993671776123,,11D/C7C67FD8,11D/C7C67FD8,0.032693,0.030443,1.0,37.2,0.0,6478040.240612658,0.0,11.996607785979707,16381.367931755289,6051959.721029963,1005.97,1
2026-09-13T01:34:58.503374+00:00,1789263298.5033743,D_rowsize_rep2,r3-sub,D04,load,16,1,50000,6,0,149416097,717816861,11224,27815,17860971424,7724058889,210093.933,,,1,1.0010385513305664,61.93567662063611,1618.3192923456531,,11D/C8215BA0,11D/C8215BA0,0.017165,0.015808,1.4,37.2,0.0,14312943.273718758,0.0,16.982362944367964,17740.575501707688,5553246.668283691,1005.96,1
2026-09-13T01:34:59.503506+00:00,1789263299.503507,D_rowsize_rep2,r3-sub,D04,load,16,1,50000,6,0,149416289,717821991,11224,27815,17860971424,7724073613,210099.735,,,1,1.0001325607299805,191.9745517132872,5129.320053589393,,11D/C87278A8,11D/C87278A8,0.077550,0.075803,0.6,37.2,0.0,13899981.408317799,0.0,24.996686421000938,13684.186014312754,5036676.334508422,1005.96,1
2026-09-13T01:35:00.503927+00:00,1789263300.5039277,D_rowsize_rep2,r3-sub,D04,load,16,1,50000,6,0,149416390,717824664,11224,27815,17860971424,7724081287,210102.676,,,1,1.0004208087921143,100.95751618955741,2671.8756512345244,,11D/C8D5B998,11D/C8D5B998,0.033238,0.030067,1.7,37.2,0.0,14911357.169800593,0.0,19.991587364268796,16001.266526360743,6099589.239219851,1005.95,1
2026-09-13T01:35:01.504062+00:00,1789263301.5040622,D_rowsize_rep2,r3-sub,D04,load,16,1,50000,6,0,149416523,717828201,11224,27815,17860971424,7724091432,210107.253,,,1,1.0001344680786133,132.98211815008244,3536.524450352192,,11D/C9327900,11D/C9327900,0.048120,0.045912,0.4,37.2,0.0,6196414.780010241,0.0,14.997983250009296,15116.967250459371,5745581.402708261,1005.95,1
2026-09-13T01:35:02.505056+00:00,1789263302.5050561,D_rowsize_rep2,r3-sub,D04,load,16,1,50000,6,0,149416525,717828201,11224,27815,17860971424,7724091432,210107.253,,,1,1.0009939670562744,1.998014039866399,0.0,,11D/C985DCE0,11D/C985DCE0,0.191846,0.189972,2.0,37.1,0.0,13879835.90036854,0.0,17.98212635879759,13708.374327523365,5134096.8768406985,1005.94,1
2026-09-13T01:35:03.505200+00:00,1789263303.5052001,D_rowsize_rep2,r3-sub,D04,load,16,1,50000,6,0,149416649,717831495,11224,27815,17860971424,7724100886,210110.972,,40394,1,1.0001440048217773,123.98214597316556,3293.5257164161885,3431,11D/C9EA1870,11D/C9EA1870,0.128031,0.126015,1.0,37.1,0.0,14915484.098370692,0.0,20.996976334165137,16254.659250691553,6101122.408954857,1005.93,1
2026-09-13T01:35:04.506698+00:00,1789263304.5066986,D_rowsize_rep2,r3-sub,D04,load,16,1,50000,6,0,149416772,717834762,11224,27815,17860971424,7724110268,210114.983,,,1,1.0014984607696533,122.8159650944189,3262.1118533615168,,11D/CA559C80,11D/CA559C80,0.067312,0.065848,2.3,37.2,0.0,7149095.3610629365,0.0,19.970075625108766,18769.874080039728,6601060.5696982015,1005.93,1
2026-09-13T01:35:05.506852+00:00,1789263305.5068529,D_rowsize_rep2,r3-sub,D04,load,16,1,50000,6,0,149416907,717838272,11224,27815,17860971424,7724120777,210118.42,,,1,1.0001542568206787,134.97917854106043,3509.4586420675714,,11D/CAB9BDF8,11D/CAB9BDF8,0.036960,0.034792,1.6,37.1,0.0,15030001.519750766,0.0,23.996298407299633,17517.297837328733,6205940.691319636,1005.92,1
2026-09-13T01:35:06.507702+00:00,1789263306.5077026,D_rowsize_rep2,r3-sub,D04,load,16,1,50000,6,0,149417091,717843186,11224,27815,17860971424,7724134881,210123.654,,,1,1.000849723815918,183.84378355870172,4909.828002214457,,11D/CB211B58,11D/CB211B58,0.037570,0.036071,1.0,37.2,0.0,15085037.8840459,0.0,23.979623942439353,16465.00928947742,6249548.609707595,1005.92,1
2026-09-13T01:35:07.507818+00:00,1789263307.507818,D_rowsize_rep2,r3-sub,D04,load,16,1,50000,6,0,149417155,717844860,11224,27815,17860971424,7724139681,210125.289,,,1,1.0001153945922852,63.99261559821378,1673.8068517407792,,11D/CB855978,11D/CB855978,0.006814,0.005099,1.0,37.2,0.0,6708473.878391948,0.0,14.998269280831355,17805.945290202984,6253786.346874264,1005.91,1
2026-09-13T01:35:08.508263+00:00,1789263308.508263,D_rowsize_rep2,r3-sub,D04,load,16,1,50000,6,0,149417319,717849234,11224,27815,17860971424,7724152237,210129.745,,,1,1.0004451274871826,163.9270315723549,4372.0538786431725,,11D/CBE97FC8,11D/CBE97FC8,0.007548,0.005743,7.5,37.1,61412.6635353993,23430978.227539346,1.9991101411262793,27.987541975767908,16021.868226056564,6153514.90137461,1005.9,1
2026-09-13T01:35:09.508400+00:00,1789263309.5084004,D_rowsize_rep2,r3-sub,D04,load,16,1,50000,6,0,149417449,717852690,11224,27815,17860971424,7724162155,210133.938,,,1,1.0001373291015625,129.9821496681669,3455.5254557937296,,11D/CC41FDC0,11D/CC41FDC0,0.098231,0.096511,0.8,37.1,0.0,14334031.520329544,0.0,23.99670455412312,17038.66009611717,5389856.815805935,1005.9,1
2026-09-13T01:35:10.509257+00:00,1789263310.509257,D_rowsize_rep2,r3-sub,D04,load,16,1,50000,6,0,149417573,717855984,11224,27815,17860971424,7724171609,210137.401,,,1,1.000856637954712,123.89386781047749,3291.1806497396196,,11D/CCA4BFD0,11D/CCA4BFD0,0.052611,0.050303,1.6,37.1,0.0,6580730.696315798,0.0,12.98887323819522,16642.74319450906,6147915.462272657,1005.89,1
2026-09-13T01:35:11.510292+00:00,1789263311.5102928,D_rowsize_rep2,r3-sub,D04,load,16,1,50000,6,0,149417694,717859197,11224,27815,17860971424,7724180825,210140.361,,,1,1.0010356903076172,120.87481112967794,3209.675769914506,,11D/CCFFFDF8,11D/CCFFFDF8,0.040712,0.039659,0.8,37.1,0.0,14370268.851832304,0.0,18.980342243503145,15059.40312214789,5591030.423980291,1005.89,1
2026-09-13T01:35:12.510552+00:00,1789263312.5105524,D_rowsize_rep2,r3-sub,D04,load,16,1,50000,6,0,149417827,717862734,11224,27815,17860971424,7724190982,210144.079,,,1,1.0002596378326416,132.96547713170136,3536.081899359607,,11D/CD629B68,11D/CD629B68,0.085626,0.083222,1.2,37.1,0.0,16817905.43548316,0.0,81.97871522405649,16294.769261425568,6052206.6181909535,1005.88,1
2026-09-13T01:35:13.511520+00:00,1789263313.511521,D_rowsize_rep2,r3-sub,D04,load,16,1,50000,6,0,149417947,717865920,11224,27815,17860971424,7724200122,210147.499,,,1,1.0009686946868896,119.88386913292716,3182.916725479216,,11D/CDC5FA80,11D/CDC5FA80,0.056892,0.055169,1.0,37.1,0.0,14993220.14730394,0.0,17.982580369939075,18835.753905268404,6112390.959353482,1005.87,1
2026-09-13T01:35:14.512318+00:00,1789263314.512319,D_rowsize_rep2,r3-sub,D04,load,16,1,50000,6,0,149417989,717867000,11224,27815,17860971424,7724203222,210148.577,,,1,1.000797986984253,41.96651127023185,1079.1388612345334,,11D/CE20FAD0,11D/CE20FAD0,0.089554,0.087066,3.3,37.1,0.0,6102266.470781873,0.0,18.984850336533455,14868.13542145357,5541673.816423519,1005.87,1
2026-09-13T01:35:15.513305+00:00,1789263315.5132737,D_rowsize_rep2,r3-sub,D04,load,16,1,50000,6,0,149418151,717871320,11224,27815,17860971424,7724215617,210153.331,,,1,1.0009546279907227,161.84549775766808,4315.879940204482,,11D/CE499FC0,11D/CE499FC0,0.328450,0.327320,1.0,37.1,0.0,11175507.547684448,0.0,15.98474051927586,7585.75842267885,2591161.404794503,1005.87,1
2026-09-13T01:35:16.513608+00:00,1789263316.513608,D_rowsize_rep2,r3-sub,D04,load,16,1,50000,6,0,149418153,717871320,11224,27815,17860971424,7724215617,210153.331,,,1,1.0003342628479004,1.9993316976928317,0.0,,11D/CE499FC0,11D/CE499FC0,1.329031,1.327901,0.6,37.1,0.0,8385804.936959835,0.0,5.997995093078495,275.9077742816108,185.93784788543334,1005.87,1
2026-09-13T01:35:17.514037+00:00,1789263317.5140378,D_rowsize_rep2,r3-sub,D04,drain,0,0,0,0,0,149418155,717871320,11224,27815,17860971424,7724215617,210153.331,,,1,1.0004298686981201,1.999140632019155,0.0,,11D/CE499FC0,11D/CE499FC0,2.329189,2.328059,0.4,37.1,0.0,0.0,0.0,0.0,344.8517590233042,3052.6877450932493,1005.87,1
2026-09-13T01:35:18.515165+00:00,1789263318.515165,D_rowsize_rep2,r3-sub,D04,drain,0,0,0,0,0,149418157,717871320,11224,27815,17860971424,7724215617,210153.331,,,1,1.0011272430419922,1.9977480524082694,0.0,,11D/CE499FC0,11D/CE499FC0,3.330367,3.329237,0.8,37.1,0.0,8379162.647208214,0.0,4.994370131020673,182.79394679535665,125.85812730172097,1005.87,1
2026-09-13T01:35:19.516323+00:00,1789263319.5163233,D_rowsize_rep2,r3-sub,D04,drain,0,0,0,0,0,149418159,717871320,11224,27815,17860971424,7724215617,210153.331,,,1,1.0011582374572754,1.9976862050094757,0.0,,11D/CE499FC0,11D/CE499FC0,4.331708,4.330578,0.2,37.0,0.0,8391177.024459641,0.0,8.98958792254264,0.0,0.0,1005.87,1
2026-09-13T01:35:20.517435+00:00,1789263320.5174358,D_rowsize_rep2,r3-sub,D04,drain,0,0,0,0,0,149418161,717871320,11224,27815,17860971424,7724215617,210153.331,,,1,1.001112461090088,1.9977775502087416,0.0,,11D/CE499FC0,11D/CE499FC0,5.332568,5.331438,3.9,37.0,0.0,8489755.477367068,0.0,15.982220401669933,461.4866140982193,3116.532978325637,1005.87,1
2026-09-13T01:35:21.517588+00:00,1789263321.517588,D_rowsize_rep2,r3-sub,D04,drain,0,0,0,0,0,149418163,717871320,11224,27815,17860971424,7724215617,210153.331,,,1,1.0001521110534668,1.9996958241615737,0.0,,11D/CE499FC0,11D/CE499FC0,6.332782,6.331652,0.0,37.0,0.0,0.0,0.0,0.0,65.98996219733193,59.99087472484721,1005.87,1
2026-09-13T01:35:22.518711+00:00,1789263322.5187113,D_rowsize_rep2,r3-sub,D04,drain,0,0,0,0,0,149418165,717871320,11224,27815,17860971424,7724215617,210153.331,,,1,1.0011234283447266,1.9977556646604824,0.0,,11D/CE499FC0,11D/CE499FC0,7.334171,7.333041,1.0,37.0,0.0,8379194.57530812,0.0,4.994389161651206,182.79464331643413,125.85860687361038,1005.87,1
2026-09-13T01:35:23.520080+00:00,1789263323.52008,D_rowsize_rep2,r3-sub,D04,drain,0,0,0,0,0,149418167,717871320,11224,27815,17860971424,7724215617,210153.331,,,1,1.001368761062622,1.997266219766693,0.0,,11D/CE499FC0,11D/CE499FC0,8.335211,8.334081,0.0,37.0,0.0,0.0,0.0,0.0,344.5284229097545,3049.8255175837403,1005.87,1
2026-09-13T01:35:24.521127+00:00,1789263324.5211275,D_rowsize_rep2,r3-sub,D04,drain,0,0,0,0,0,149418169,717871320,11224,27815,17860971424,7724215617,210153.331,,,1,1.0010473728179932,1.997907446048143,0.0,,11D/CE499FC0,11D/CE499FC0,9.336359,9.335229,0.4,37.0,0.0,8555774.913918294,0.0,11.987444676288858,2668.205394197295,374.6076461340268,1005.87,1
2026-09-13T01:35:25.522399+00:00,1789263325.5224,D_rowsize_rep2,r3-sub,D04,drain,0,0,0,0,0,149418171,717871320,11224,27815,17860971424,7724215617,210153.331,,,1,1.001272439956665,1.997458354178369,0.0,,11D/CE499FC0,11D/CE499FC0,10.337817,10.336687,0.4,37.0,0.0,441805.8286105884,0.0,13.982208479248584,0.0,0.0,1005.87,1
