sample_time,epoch,run_id,host,level_id,phase_state,clients,rows_per_commit,row_bytes,target_wal_mbps,network_latency_ms,xact_commit,tup_inserted,tup_updated,tup_deleted,blks_read,blks_hit,blk_write_time_ms,db_stats_reset,row_count,apply_workers,interval_sec,commits_per_sec,rows_applied_per_sec,row_count_delta,received_lsn,latest_end_lsn,msg_send_age_sec,msg_receipt_age_sec,cpu_pct,mem_used_pct,disk_read_bytes_per_sec,disk_write_bytes_per_sec,disk_read_iops,disk_write_iops,net_sent_bytes_per_sec,net_recv_bytes_per_sec,data_volume_free_gb,db_connected
2026-09-13T21:58:14.008190+00:00,1789336693.99521,F_lat_northeurope_rep2,r3-sub-northeur,idle,idle,0,0,0,0,0,1452264,1440171,87,255,909,14559344,1933.942,,,1,1.0004377365112305,1.9991249100363668,0.0,,179/9A5016E0,179/9A5016E0,1.859516,1.817464,0.0,16.5,0.0,8405408.645743946,0.0,8.99606209516365,621.72784702131,1357.405813914693,1019.71,1
2026-09-13T21:58:14.995811+00:00,1789336694.9954255,F_lat_northeurope_rep2,r3-sub-northeur,idle,idle,0,0,0,0,0,1452266,1440171,87,255,909,14559344,1933.942,,,1,1.0002155303955078,1.9995690320956672,0.0,,179/9A5016E0,179/9A5016E0,2.847057,2.805005,0.0,16.5,0.0,0.0,0.0,0.0,6541.590088500975,15965.558936767855,1019.71,1
2026-09-13T21:58:15.996245+00:00,1789336695.9958396,F_lat_northeurope_rep2,r3-sub-northeur,idle,idle,0,0,0,0,0,1452268,1440171,87,255,909,14559379,1933.942,,,1,1.0004141330718994,1.9991720767266097,0.0,,179/9A5016E0,179/9A5016E0,3.847543,3.805491,1.6,16.5,0.0,65508.870610177546,0.0,6.997102268543133,1492.3819552764141,1075.554577278916,1019.71,1
2026-09-13T21:58:17.002868+00:00,1789336696.9961545,F_lat_northeurope_rep2,r3-sub-northeur,F01,reset,16,1,1000,6,99.5,1452282,1440171,87,255,909,14632508,1933.942,,,1,1.0003149509429932,13.995592075078207,0.0,,179/9A5072C0,179/9A5016E0,0.176073,0.131538,6.6,16.5,4094.710367108595,65515.36587373752,0.9996851482198719,3.9987405928794875,2977.0623713987784,3425.921002949501,1019.79,1
2026-09-13T21:58:17.996977+00:00,1789336697.9965644,F_lat_northeurope_rep2,r3-sub-northeur,F01,reset,16,1,1000,6,99.5,1452285,1440171,94,255,909,14632811,1933.942,,,1,1.0004098415374756,2.998770979091392,0.0,,179/9A507C20,179/9A507C20,0.852371,0.810557,4.7,16.6,0.0,159678.55709465843,0.0,10.99549359000177,368.84883042824123,262.8922558336787,1021.62,1
2026-09-13T21:58:18.997391+00:00,1789336698.996925,F_lat_northeurope_rep2,r3-sub-northeur,F01,reset,16,1,1000,6,99.5,1452285,1440171,94,255,909,14632811,1933.942,,0,1,1.0003607273101807,0.0,0.0,,179/9A507C20,179/9A507C20,1.855182,1.813368,0.0,16.6,0.0,0.0,0.0,0.0,0.0,0.0,1021.62,1
2026-09-13T21:58:19.997740+00:00,1789336699.9973,F_lat_northeurope_rep2,r3-sub-northeur,F01,reset,16,1,1000,6,99.5,1452289,1440171,94,255,909,14632811,1933.942,,,1,1.0003747940063477,3.998501385646287,0.0,,179/9A507C20,179/9A507C20,2.853148,2.811334,0.2,16.6,0.0,4094.465418901798,0.0,0.9996253464115717,302.88647996270623,125.95279364785804,1021.62,1
2026-09-13T21:58:21.005100+00:00,1789336700.9974864,F_lat_northeurope_rep2,r3-sub-northeur,F01,drain,0,0,0,0,0,1452294,1440171,94,255,913,14632938,1933.942,,,1,1.0001864433288574,4.999067957128888,0.0,,179/9A507C20,179/9A507C20,3.860425,3.818611,0.0,16.6,0.0,4095.236470479985,0.0,0.9998135914257776,170.96812413380798,1086.7973738798203,1021.62,1
2026-09-13T21:58:21.998149+00:00,1789336701.9976985,F_lat_northeurope_rep2,r3-sub-northeur,F01,drain,0,0,0,0,0,1452296,1440171,94,255,913,14632938,1933.942,,,1,1.0002121925354004,1.999575704961439,0.0,,179/9A507C20,179/9A507C20,4.853529,4.811715,0.2,16.6,0.0,0.0,0.0,0.0,182.9611770039717,125.97326941257067,1021.62,1
2026-09-13T21:58:22.998205+00:00,1789336702.9977362,F_lat_northeurope_rep2,r3-sub-northeur,F01,drain,0,0,0,0,0,1452296,1440171,94,255,913,14632938,1933.942,,,1,1.000037670135498,0.0,0.0,,179/9A507C20,179/9A507C20,5.853561,5.811747,0.0,16.6,0.0,90108.60559661764,0.0,6.9997363189844135,182.99310662487824,125.99525374171944,1021.62,1
2026-09-13T21:58:23.998820+00:00,1789336703.9983413,F_lat_northeurope_rep2,r3-sub-northeur,F01,drain,0,0,0,0,0,1452300,1440171,94,255,913,14632938,1933.942,,,1,1.0006051063537598,3.9975810383140464,0.0,,179/9A507C20,179/9A507C20,6.854170,6.812356,0.0,16.6,0.0,4093.5229832335835,0.0,0.9993952595785116,473.71335304021454,1212.2664498687345,1021.62,1
2026-09-13T21:58:24.999352+00:00,1789336704.998815,F_lat_northeurope_rep2,r3-sub-northeur,F01,drain,0,0,0,0,0,1452302,1440171,94,255,913,14632938,1933.942,,,1,1.0004737377166748,1.99905297320896,0.0,,179/9A507C20,179/9A507C20,7.854694,7.812880,0.0,16.6,0.0,8188.1209782639,0.0,0.99952648660448,0.0,0.0,1021.62,1
2026-09-13T21:58:25.999504+00:00,1789336705.9990308,F_lat_northeurope_rep2,r3-sub-northeur,F01,drain,0,0,0,0,0,1452304,1440171,94,255,913,14632938,1933.942,,,1,1.000215768814087,1.999568555464102,0.0,,179/9A507C20,179/9A507C20,8.854851,8.813037,0.0,16.6,0.0,0.0,0.0,0.0,182.96052282496532,125.97281899423842,1021.62,1
2026-09-13T21:58:26.999843+00:00,1789336706.999337,F_lat_northeurope_rep2,r3-sub-northeur,F01,drain,0,0,0,0,0,1452306,1440171,94,255,913,14632938,1933.942,,,1,1.0003061294555664,1.999387928461994,0.0,,179/9A507C20,179/9A507C20,9.855248,9.813434,0.0,16.6,0.0,4094.7464774901637,0.0,0.999693964230997,290.91094359122013,1086.6673391190936,1021.62,1
2026-09-13T21:58:28.000035+00:00,1789336707.9995883,F_lat_northeurope_rep2,r3-sub-northeur,F01,drain,0,0,0,0,0,1452308,1440171,94,255,913,14632938,1933.942,,,1,1.000251293182373,1.9994975399000514,0.0,,179/9A507C58,179/9A507C58,0.137302,0.095325,0.0,16.6,0.0,188368.66423890405,0.0,36.99070448815095,806.7972573496708,2829.289018958573,1021.62,1
2026-09-13T21:58:29.000463+00:00,1789336708.9999962,F_lat_northeurope_rep2,r3-sub-northeur,F01,drain,0,0,0,0,0,1452310,1440171,94,255,913,14632938,1933.942,,,1,1.0004079341888428,1.9991844643072059,0.0,,179/9A507C58,179/9A507C58,1.137819,1.095842,0.0,16.6,0.0,0.0,0.0,0.0,182.92537848410933,185.92415518057012,1021.62,1
2026-09-13T21:58:30.001125+00:00,1789336710.000657,F_lat_northeurope_rep2,r3-sub-northeur,F01,drain,0,0,0,0,0,1452312,1440171,94,255,913,14632938,1933.942,,,1,1.0006608963012695,1.9986790803883465,0.0,,179/9A507C58,179/9A507C58,2.138432,2.096455,0.0,16.6,0.0,20466.47378317667,0.0,2.9980186205825197,3964.3799559502854,3973.374011812033,1021.62,1
2026-09-13T21:58:31.001419+00:00,1789336711.00095,F_lat_northeurope_rep2,r3-sub-northeur,F01,drain,0,0,0,0,0,1452314,1440171,94,255,913,14632938,1933.942,,,1,1.0002930164337158,1.999414138799528,0.0,,179/9A507C58,179/9A507C58,3.138713,3.096736,0.0,16.6,0.0,0.0,0.0,0.0,2781.1850670701433,12931.210942685948,1021.62,1
2026-09-13T21:58:32.002041+00:00,1789336712.0015726,F_lat_northeurope_rep2,r3-sub-northeur,F01,drain,0,0,0,0,0,1452316,1440171,94,255,913,14632938,1933.942,,,1,1.0006225109100342,1.9987557527374273,0.0,,179/9A507C58,179/9A507C58,4.139385,4.097408,0.0,16.6,0.0,49121.421379275016,0.0,3.9975115054748547,182.8861513754746,125.92161242245793,1021.62,1
2026-09-13T21:58:33.008100+00:00,1789336713.001645,F_lat_northeurope_rep2,r3-sub-northeur,F01,drain,0,0,0,0,0,1452318,1440171,94,255,913,14632938,1933.942,,,1,1.0000724792480469,1.9998550520096277,0.0,,179/9A507C58,179/9A507C58,5.145489,5.103512,0.2,16.6,0.0,32765.62517212574,0.0,4.999637630024069,290.9789100674008,1086.9212207672326,1021.62,1
2026-09-13T21:58:34.002387+00:00,1789336714.0018969,F_lat_northeurope_rep2,r3-sub-northeur,F01,drain,0,0,0,0,0,1452320,1440171,94,255,913,14632938,1933.942,,,1,1.0002517700195312,1.9994965867053125,0.0,,179/9A507C58,179/9A507C58,6.139776,6.097799,0.0,16.6,0.0,40949.6900957248,0.0,5.9984897601159375,182.9539376835361,125.9682849624347,1021.62,1
2026-09-13T21:58:35.002980+00:00,1789336715.0025144,F_lat_northeurope_rep2,r3-sub-northeur,F01,drain,0,0,0,0,0,1452320,1440171,94,255,913,14632938,1933.942,,,1,1.000617504119873,0.0,0.0,,179/9A507C58,179/9A507C58,7.140452,7.098475,0.0,16.6,0.0,4093.4722640123864,0.0,0.999382876956149,0.0,0.0,1021.62,1
2026-09-13T21:58:36.003373+00:00,1789336716.0029602,F_lat_northeurope_rep2,r3-sub-northeur,F01,drain,0,0,0,0,0,1452324,1440171,94,255,913,14632938,1933.942,,,1,1.00044584274292,3.998217423776993,0.0,,179/9A507C58,179/9A507C58,8.140732,8.098755,0.2,16.6,0.0,45035.92106142405,0.0,7.996434847553986,302.8649698511072,125.94384884897528,1021.62,1
2026-09-13T21:58:37.003798+00:00,1789336717.0033288,F_lat_northeurope_rep2,r3-sub-northeur,F01,drain,0,0,0,0,0,1452326,1440171,94,255,913,14632938,1933.942,,,1,1.000368595123291,1.9992630813780283,0.0,,179/9A507C58,179/9A507C58,9.141218,9.099241,0.0,16.6,0.0,8188.981581324404,0.0,1.9992630813780283,170.93699345782142,1086.5994847289585,1021.62,1
2026-09-13T21:58:38.004349+00:00,1789336718.0038908,F_lat_northeurope_rep2,r3-sub-northeur,F01,drain,0,0,0,0,0,1452328,1440171,94,255,913,14632938,1933.942,,,1,1.0005619525909424,1.9988767260448246,0.0,,179/9A507C58,179/9A507C58,10.141647,10.099670,0.0,16.6,0.0,8187.3990698796015,0.0,1.9988767260448246,209.8820562347066,65.96293195947922,1021.62,1
2026-09-13T21:58:39.004606+00:00,1789336719.0041254,F_lat_northeurope_rep2,r3-sub-northeur,F01,drain,0,0,0,0,0,1452330,1440171,94,255,913,14632938,1933.942,,,1,1.000234603881836,1.9995309022884722,0.0,,179/9A507C58,179/9A507C58,11.142013,11.100036,0.0,16.6,0.0,4095.039287886791,0.0,0.9997654511442361,248.9415973349148,245.94230098148208,1021.62,1
2026-09-13T21:58:40.005135+00:00,1789336720.004668,F_lat_northeurope_rep2,r3-sub-northeur,F01,drain,0,0,0,0,0,1452332,1440171,94,255,913,14632938,1933.942,,,1,1.0005426406860352,1.9989153072263606,0.0,,179/9A507C58,179/9A507C58,12.142523,12.100546,0.0,16.6,0.0,0.0,0.0,0.0,290.84217720143545,1086.410469477527,1021.62,1
2026-09-13T21:58:41.005410+00:00,1789336721.0049355,F_lat_northeurope_rep2,r3-sub-northeur,F01,drain,0,0,0,0,0,1452334,1440171,94,255,913,14632938,1933.942,,,1,1.000267505645752,1.9994651317887624,0.0,,179/9A507C58,179/9A507C58,13.142698,13.100721,0.2,16.6,0.0,4094.9045899033854,0.0,0.9997325658943812,116.9687102096426,65.98234934902916,1021.62,1
2026-09-13T21:58:42.005880+00:00,1789336722.0054271,F_lat_northeurope_rep2,r3-sub-northeur,F01,drain,0,0,0,0,0,1452336,1440171,94,255,913,14632938,1933.942,,,1,1.0004916191101074,1.9990172449209627,0.0,,179/9A507C58,179/9A507C58,14.143220,14.101243,0.0,16.6,0.0,0.0,0.0,0.0,248.87764699265983,185.90860377764952,1021.62,1
2026-09-13T21:58:43.006444+00:00,1789336723.005956,F_lat_northeurope_rep2,r3-sub-northeur,F01,drain,0,0,0,0,0,1452338,1440171,94,255,913,14632938,1933.942,,,1,1.0005288124084473,1.9989429341726315,0.0,,179/9A507C58,179/9A507C58,15.143844,15.101867,0.0,16.6,0.0,36844.51616266994,0.0,3.997885868345263,728.6146995059241,3652.0687407333976,1021.62,1
2026-09-13T21:58:44.006730+00:00,1789336724.0063136,F_lat_northeurope_rep2,r3-sub-northeur,F01,drain,0,0,0,0,0,1452340,1440171,94,255,913,14632938,1933.942,,,1,1.0003576278686523,1.9992849999666333,0.0,,179/9A507C58,179/9A507C58,16.144037,16.102060,0.0,16.6,0.0,12283.607039794995,0.0,2.99892749994995,206.92599749654656,155.9442299973974,1021.62,1
2026-09-13T21:58:45.007243+00:00,1789336725.0067627,F_lat_northeurope_rep2,r3-sub-northeur,F01,drain,0,0,0,0,0,1452342,1440171,94,255,913,14632938,1933.942,,,1,1.0004491806030273,1.9991020421391987,0.0,,179/9A507C58,179/9A507C58,17.144594,17.102617,0.8,16.6,0.0,94165.70259292482,0.0,20.990571442461587,3419.4640430790996,507.77191870335645,1021.62,1
2026-09-13T21:58:46.013266+00:00,1789336726.0070271,F_lat_northeurope_rep2,r3-sub-northeur,F01,drain,0,0,0,0,0,1452344,1440171,94,255,913,14632938,1933.942,,,1,1.0002644062042236,1.9994713273758746,0.0,,179/9A507C58,179/9A507C58,18.150632,18.108655,0.2,16.6,0.0,0.0,0.0,0.0,3576.0544690117517,16584.61492491919,1021.62,1
2026-09-13T21:58:47.007946+00:00,1789336727.0074816,F_lat_northeurope_rep2,r3-sub-northeur,F01,drain,0,0,0,0,0,1452346,1440171,94,255,913,14632938,1933.942,,,1,1.0004544258117676,1.9990915611945064,0.0,,179/9A507C58,179/9A507C58,19.145236,19.103259,0.0,16.6,0.0,45035.53469058984,0.0,5.99727468358352,0.0,0.0,1021.62,1
2026-09-13T21:58:48.008573+00:00,1789336728.008062,F_lat_northeurope_rep2,r3-sub-northeur,F01,drain,0,0,0,0,0,1452348,1440171,94,255,913,14633245,1933.942,,,1,1.0005803108215332,1.9988400514876077,0.0,,179/9A507C58,179/9A507C58,20.145881,20.103904,0.8,16.6,0.0,40936.244254466204,0.0,4.997100128719019,1344.2199346254163,895.4803430664483,1021.62,1
2026-09-13T21:58:49.015277+00:00,1789336729.0084856,F_lat_northeurope_rep2,r3-sub-northeur,F01,load,16,1,1000,6,99.5,1452353,1440172,94,255,913,14633296,1934.088,,2489,1,1.0004236698150635,4.997882548025169,0.9995765096050339,2489,179/9A8C5FD8,179/9A8C5FD8,0.102639,0.058803,1.6,16.6,0.0,3594765.0065744678,0.0,9.995765096050338,130057.89839423976,3917254.3775623017,1021.62,1
2026-09-13T21:58:50.009364+00:00,1789336730.0089388,F_lat_northeurope_rep2,r3-sub-northeur,F01,load,16,1,1000,6,99.5,1456877,1444694,94,255,913,14673142,1938.265,,,1,1.000453233718872,4521.950499558529,4519.951405615312,,179/9AEDBFD8,179/9AEDBFD8,0.157093,0.113003,1.8,16.5,0.0,27418485.018069424,0.0,53.975536466879,213566.20459486608,6404235.384580115,1021.6,1
2026-09-13T21:58:51.009752+00:00,1789336731.0092995,F_lat_northeurope_rep2,r3-sub-northeur,F01,load,16,1,1000,6,99.5,1461737,1449554,94,255,913,14718572,1942.615,,,1,1.0003607273101807,4858.247497448054,4858.247497448054,,179/9B62DC00,179/9B62DC00,0.079031,0.034942,1.7,16.5,0.0,16034152.043462334,0.0,28.989542680245588,253795.449050328,7679059.953358309,1021.59,1
2026-09-13T21:58:52.009956+00:00,1789336732.0095677,F_lat_northeurope_rep2,r3-sub-northeur,F01,load,16,1,1000,6,99.5,1466598,1454408,94,255,913,14764350,1947.282,,,1,1.0002682209014893,4859.696527816345,4852.698404859193,,179/9BD5DE30,179/9BD5DE30,0.065043,0.020051,2.7,16.5,0.0,33090900.328882694,0.0,42.988469593931875,242949.83577603148,7531606.865616841,1021.57,1
2026-09-13T21:58:53.010112+00:00,1789336733.0096927,F_lat_northeurope_rep2,r3-sub-northeur,F01,load,16,1,1000,6,99.5,1471739,1459547,94,255,913,14812417,1951.8,,,1,1.0001249313354492,5140.35780823433,5138.35805806579,,179/9C43FCF8,179/9C43FCF8,0.078672,0.034327,2.1,16.5,0.0,7408738.416415643,0.0,21.997251853949674,235599.56623155944,7255838.518404092,1021.56,1
2026-09-13T21:58:54.010497+00:00,1789336734.010042,F_lat_northeurope_rep2,r3-sub-northeur,F01,load,16,1,1000,6,99.5,1476709,1464515,94,255,913,14858818,1956.326,,,1,1.0003492832183838,4968.264668526795,4966.2653668493185,,179/9CA85C00,179/9CA85C00,0.171780,0.122157,1.8,16.5,0.0,14593046.893614972,0.0,23.991620129706856,220983.8140622136,6648358.839827455,1021.56,1
2026-09-13T21:58:55.010847+00:00,1789336735.010421,F_lat_northeurope_rep2,r3-sub-northeur,F01,load,16,1,1000,6,99.5,1481785,1469589,94,255,913,14906239,1960.843,,,1,1.0003790855407715,5074.076490969505,5072.077248853284,,179/9D21DEC8,179/9D21DEC8,0.062362,0.018580,2.3,16.5,0.0,30380803.076836545,0.0,36.98597915009292,269369.88577118487,7970224.603096265,1021.53,1
2026-09-13T21:58:56.011152+00:00,1789336736.01077,F_lat_northeurope_rep2,r3-sub-northeur,F01,load,16,1,1000,6,99.5,1481787,1469589,94,255,913,14906239,1960.843,,,1,1.0003490447998047,1.999302153979915,0.0,,179/9D877BD0,179/9D877BD0,0.127152,0.082493,1.8,16.6,0.0,6428476.17382086,0.0,11.99581292387949,221328.74635203852,6604147.856533536,1021.53,1
2026-09-13T21:58:57.011582+00:00,1789336737.0111535,F_lat_northeurope_rep2,r3-sub-northeur,F01,load,16,1,1000,6,99.5,1486699,1474499,94,255,913,14952229,1965.55,,,1,1.0003833770751953,4910.117573485812,4908.118339946119,,179/9DEB9B40,179/9DEB9B40,0.157618,0.113215,1.6,16.6,0.0,32636703.835939363,0.0,35.986203714472566,220955.29080686154,6632797.137633011,1021.51,1
2026-09-13T21:58:58.011893+00:00,1789336738.0115337,F_lat_northeurope_rep2,r3-sub-northeur,F01,load,16,1,1000,6,99.5,1491653,1479497,107,306,913,15017363,1970.122,,,1,1.000380277633667,4952.116820733769,4996.100094878356,,179/9E55DFE8,179/9E55DFE8,0.096445,0.051769,9.2,16.6,0.0,15522033.31790017,0.0,25.990116539983447,237851.55037525928,7054098.484120805,1021.5,1
2026-09-13T21:58:59.011981+00:00,1789336739.0115645,F_lat_northeurope_rep2,r3-sub-northeur,F01,load,16,1,1000,6,99.5,1496132,1483974,107,306,913,15059222,1973.947,,,1,1.000030755996704,4478.862248127459,4476.86230963756,,179/9EBA3B88,179/9EBA3B88,0.065119,0.020739,2.3,16.5,0.0,31616051.616820678,0.0,37.998831308069526,225656.0597229709,6672333.785724077,1021.48,1
2026-09-13T21:59:00.012234+00:00,1789336740.0118678,F_lat_northeurope_rep2,r3-sub-northeur,F01,load,16,1,1000,6,99.5,1500342,1488181,107,306,913,15098513,1977.66,,,1,1.0003032684326172,4208.723626982326,4205.724536511792,,179/9F109F48,179/9F109F48,0.081404,0.039526,1.4,16.6,0.0,6281359.0620825365,0.0,13.995755529157378,192068.75161074428,5722901.424654922,1021.48,1
2026-09-13T21:59:01.012445+00:00,1789336741.0120077,F_lat_northeurope_rep2,r3-sub-northeur,F01,load,16,1,1000,6,99.5,1504668,1492505,107,306,913,15138900,1981.685,,,1,1.0001399517059326,4325.394653639391,4323.394933503636,,179/9F71FFA8,179/9F71FFA8,0.129255,0.084757,1.9,16.5,0.0,14759918.324251095,0.0,22.99678156118955,220284.17085449895,6457881.208508159,1021.47,1
2026-09-13T21:59:02.019709+00:00,1789336742.0123384,F_lat_northeurope_rep2,r3-sub-northeur,F01,load,16,1,1000,6,99.5,1508728,1496563,107,306,913,15176814,1985.575,,,1,1.0003306865692139,4058.6578563578682,4056.6585175123714,,179/9FD27BF0,179/9FD27BF0,0.106801,0.060507,1.9,16.5,0.0,31459164.87669659,0.0,34.98842979618852,209876.5966283027,6341722.877418761,1021.45,1
2026-09-13T21:59:03.013000+00:00,1789336743.0125685,F_lat_northeurope_rep2,r3-sub-northeur,F01,load,16,1,1000,6,99.5,1512763,1500597,107,306,913,15214540,1989.217,,,1,1.000230073928833,4034.0718652367705,4033.072095257777,,179/A0311CC8,179/A0311CC8,0.097546,0.053094,2.5,16.5,0.0,14791348.896246701,0.0,26.993789432811102,209603.77563584122,6130555.519005814,1021.44,1
2026-09-13T21:59:04.013316+00:00,1789336744.012964,F_lat_northeurope_rep2,r3-sub-northeur,F01,load,16,1,1000,6,99.5,1516668,1504502,107,306,913,15251099,1993.304,,,1,1.0003955364227295,3903.4560409612764,3903.4560409612764,,179/A0937CC0,179/A0937CC0,0.052866,0.011078,2.3,16.6,0.0,23039079.205028262,0.0,29.98813859893426,197225.98993747085,5818570.543421856,1021.42,1
2026-09-13T21:59:05.013799+00:00,1789336745.0133696,F_lat_northeurope_rep2,r3-sub-northeur,F01,load,16,1,1000,6,99.5,1520951,1508781,107,306,913,15291142,1997.266,,,1,1.0004055500030518,4281.263733479822,4277.265355022218,,179/A0F95CB8,179/A0F95CB8,0.096311,0.054578,2.5,16.5,0.0,14715056.308869032,0.0,20.99148690242266,226225.25434740903,6393343.179653981,1021.42,1
2026-09-13T21:59:06.013882+00:00,1789336746.0134203,F_lat_northeurope_rep2,r3-sub-northeur,F01,load,16,1,1000,6,99.5,1525393,1513221,107,306,913,15332652,2001.433,,,1,1.0000507831573486,4441.774432670079,4439.7745342312355,,179/A1509D08,179/A1509D08,0.162641,0.118294,2.0,16.5,0.0,13434197.769020842,0.0,19.99898438842899,192332.23276196045,5739681.520850196,1021.41,1
2026-09-13T21:59:07.014274+00:00,1789336747.0138543,F_lat_northeurope_rep2,r3-sub-northeur,F01,load,16,1,1000,6,99.5,1529457,1517283,107,306,913,15370605,2005.264,,,1,1.0004339218139648,4062.2373066191562,4060.238174086371,,179/A1B25C88,179/A1B25C88,0.100071,0.055288,1.8,16.6,0.0,23324790.86443775,0.0,29.986987991775266,217145.77571110864,6483420.702328148,1021.39,1
2026-09-13T21:59:08.014389+00:00,1789336748.0140054,F_lat_northeurope_rep2,r3-sub-northeur,F01,load,16,1,1000,6,99.5,1533593,1521417,107,306,913,15409221,2008.898,,,1,1.0001511573791504,4135.374907567168,4133.375209836236,,179/A2103B80,179/A2103B80,0.083410,0.039050,1.4,16.5,0.0,10250738.525230171,0.0,37.994256887706086,217422.1350398981,6218612.010906478,1021.39,1
2026-09-13T21:59:09.014516+00:00,1789336749.014045,F_lat_northeurope_rep2,r3-sub-northeur,F01,load,16,1,1000,6,99.5,1537609,1525431,107,306,913,15446709,2012.328,,,1,1.0000395774841309,4015.8410631140528,4013.8411422658883,,179/A262BFD0,179/A262BFD0,0.193470,0.148808,1.6,16.6,3248511.4320903476,10010739.800104422,10.999564664904028,30.998773146547716,183952.71961415865,5485700.889760089,1021.38,1
2026-09-13T21:59:10.014786+00:00,1789336750.0143366,F_lat_northeurope_rep2,r3-sub-northeur,F01,load,16,1,1000,6,99.5,1541658,1529478,107,306,913,15484508,2015.986,,,1,1.0002915859222412,4047.8197127559897,4045.820295757839,,179/A2C2C000,179/A2C2C000,0.160325,0.116156,2.5,16.6,0.0,32553707.797089614,0.0,86.97463941955326,218837.19015608766,6365957.77633084,1021.36,1
2026-09-13T21:59:11.014937+00:00,1789336751.0144854,F_lat_northeurope_rep2,r3-sub-northeur,F01,load,16,1,1000,6,99.5,1545647,1533465,107,306,913,15521749,2019.619,,,1,1.0001487731933594,3988.4066320089405,3986.4069295110667,,179/A320DC90,179/A320DC90,0.162799,0.117961,1.6,16.6,0.0,6577197.489326158,0.0,14.997768734052169,210515.6809098988,6242547.276307007,1021.35,1
2026-09-13T21:59:12.015242+00:00,1789336752.0147946,F_lat_northeurope_rep2,r3-sub-northeur,F01,load,16,1,1000,6,99.5,1549736,1537552,107,306,913,15559959,2023.265,,,1,1.0003092288970947,4087.735953919355,4085.7365721859633,,179/A382DFE0,179/A382DFE0,0.131362,0.080430,1.6,16.6,0.0,14470789.213811323,0.0,19.993817333917118,220839.70998004815,6489479.265484015,1021.35,1
2026-09-13T21:59:13.015781+00:00,1789336753.0153263,F_lat_northeurope_rep2,r3-sub-northeur,F01,load,16,1,1000,6,99.5,1553895,1541709,107,306,913,15598790,2027.011,,,1,1.0005316734313965,4156.789945226227,4154.791008008037,,179/A3E55BF8,179/A3E55BF8,0.101427,0.056160,1.6,16.6,0.0,32435362.979266223,0.0,41.977681581991234,212143.20909207457,6538032.901612616,1021.33,1
2026-09-13T21:59:14.016083+00:00,1789336754.0156255,F_lat_northeurope_rep2,r3-sub-northeur,F01,load,16,1,1000,6,99.5,1553897,1541709,107,306,913,15598790,2027.011,,,1,1.0002992153167725,1.9994017483725053,0.0,,179/A442DFE8,179/A442DFE8,0.130586,0.085238,1.4,16.6,0.0,16071991.014117546,0.0,27.991624477215073,228084.7535482161,6202445.133414642,1021.32,1
2026-09-13T21:59:15.016501+00:00,1789336755.0160651,F_lat_northeurope_rep2,r3-sub-northeur,F01,load,16,1,1000,6,99.5,1558532,1546342,107,306,913,15642060,2031.278,,,1,1.0004396438598633,4632.963146199801,4630.964025101117,,179/A4A73D58,179/A4A73D58,0.099745,0.055425,1.6,16.6,0.0,23381976.25770683,0.0,34.98461922696721,227492.98410637566,6646202.038082547,1021.3,1
2026-09-13T21:59:16.016708+00:00,1789336756.016264,F_lat_northeurope_rep2,r3-sub-northeur,F01,load,16,1,1000,6,99.5,1562758,1550566,107,306,913,15681517,2035.028,,,1,1.0001988410949707,4225.1598645860995,4223.16026218923,,179/A500A6E0,179/A4FFFD80,0.042029,-0.000261,2.9,16.5,0.0,14496957.409115028,0.0,20.995825167133955,207271.7858511448,6139753.16475787,1021.3,1
2026-09-13T21:59:17.017037+00:00,1789336757.0165825,F_lat_northeurope_rep2,r3-sub-northeur,F01,load,16,1,1000,6,99.5,1567159,1554965,107,306,913,15722612,2039.1,,,1,1.0003185272216797,4399.5986080788625,4397.599244930451,,179/A5633FC0,179/A5633FC0,0.183922,0.139271,1.5,16.6,0.0,6526944.990346169,0.0,15.994905187289662,214281.7454309712,6299826.333820824,1021.29,1
2026-09-13T21:59:18.023071+00:00,1789336758.0166054,F_lat_northeurope_rep2,r3-sub-northeur,F01,load,16,1,1000,6,99.5,1571361,1559165,107,306,913,15761842,2043.122,,,1,1.0000228881835938,4201.903826053786,4199.903871829106,,179/A5C8FBC0,179/A5C8FBC0,0.170840,0.119688,2.3,16.6,0.0,31399217.328949075,0.0,35.999176044249474,223428.88611863437,6715019.305405302,1021.27,1
2026-09-13T21:59:19.017579+00:00,1789336759.0171332,F_lat_northeurope_rep2,r3-sub-northeur,F01,load,16,1,1000,6,99.5,1575642,1563444,107,306,913,15801818,2046.897,,126920,1,1.0005278587341309,4278.741428965633,4276.742484126125,124431,179/A632FFE0,179/A632FFE0,0.161925,0.116329,2.1,16.6,0.0,16891179.843189996,0.0,24.986810493842754,228497.3856592537,6945281.8723027045,1021.26,1
2026-09-13T21:59:20.017604+00:00,1789336760.0171888,F_lat_northeurope_rep2,r3-sub-northeur,F01,load,16,1,1000,6,99.5,1580067,1567865,107,306,913,15868223,2051.179,,,1,1.0000555515289307,4424.754198139151,4420.7544203329235,,179/A698BBF8,179/A698BBF8,0.085192,0.040348,2.1,16.6,0.0,23915215.473215755,0.0,30.998277998262978,230282.20747128944,6658885.088752346,1021.24,1
2026-09-13T21:59:21.018006+00:00,1789336761.0175726,F_lat_northeurope_rep2,r3-sub-northeur,F01,load,16,1,1000,6,99.5,1584243,1572041,107,306,913,15907279,2055.17,,,1,1.0003838539123535,4174.397641133732,4174.397641133732,,179/A6FC3BE0,179/A6FC3BE0,0.086961,0.042172,1.4,16.6,0.0,14862774.865719365,0.0,21.991558454248587,221797.86202291085,6513652.708923968,1021.24,1
2026-09-13T21:59:22.018369+00:00,1789336762.017948,F_lat_northeurope_rep2,r3-sub-northeur,F01,load,16,1,1000,6,99.5,1588553,1576346,107,306,913,15947521,2059.006,,,1,1.0003752708435059,4308.383189406365,4303.385065056706,,179/A75FCEF0,179/A7527D80,0.044117,-0.000301,1.4,16.6,0.0,14633612.431919135,0.0,21.991747138501168,229464.888517731,6787619.804190684,1021.23,1
2026-09-13T21:59:23.018481+00:00,1789336763.0180197,F_lat_northeurope_rep2,r3-sub-northeur,F01,load,16,1,1000,6,99.5,1592750,1580541,107,306,913,15986737,2063.1,,,1,1.0000717639923096,4196.698828137572,4194.698971655257,,179/A7B77F90,179/A7B77F90,0.198693,0.152224,1.4,16.6,0.0,31647520.84755728,0.0,41.996986128610445,187882.5168005092,5580326.533489565,1021.21,1
2026-09-13T21:59:24.018865+00:00,1789336764.0184178,F_lat_northeurope_rep2,r3-sub-northeur,F01,load,16,1,1000,6,99.5,1596919,1584710,107,306,913,16029039,2067.254,,,1,1.0003981590270996,4167.340735667094,4167.340735667094,,179/A8221FC8,179/A8221FC8,0.121635,0.073680,1.4,16.6,0.0,7189713.350727149,0.0,17.99283598992749,225828.0845095799,6841810.871239908,1021.2,1
2026-09-13T21:59:25.019160+00:00,1789336765.0187373,F_lat_northeurope_rep2,r3-sub-northeur,F01,load,16,1,1000,6,99.5,1601279,1589066,107,306,913,16074142,2071.382,,,1,1.000319480895996,4358.607508167996,4354.608785683437,,179/A8857DE0,179/A8857DE0,0.104807,0.059713,1.6,16.6,0.0,25034945.813080423,0.0,26.991376770765108,221542.2214925766,6500498.215005849,1021.18,1
2026-09-13T21:59:26.019525+00:00,1789336766.0190825,F_lat_northeurope_rep2,r3-sub-northeur,F01,load,16,1,1000,6,99.5,1605467,1593252,107,306,913,16111688,2075.288,,,1,1.000345230102539,4186.554675300161,4184.55536552208,,179/A8E9BF18,179/A8E9BF18,0.072495,0.027712,2.1,16.6,0.0,21295943.999069534,0.0,29.98964667120459,228785.01652528558,6581291.939908746,1021.18,1
2026-09-13T21:59:27.020014+00:00,1789336767.0195558,F_lat_northeurope_rep2,r3-sub-northeur,F01,load,16,1,1000,6,99.5,1609903,1597686,107,306,913,16148882,2079.728,,,1,1.0004732608795166,4433.901607825391,4431.90255389941,,179/A9419FF8,179/A9419FF8,0.157080,0.110798,2.2,16.6,0.0,6419489.906560773,0.0,14.992904444855919,193930.22041332236,5770461.066520442,1021.17,1
2026-09-13T21:59:28.020263+00:00,1789336768.0198085,F_lat_northeurope_rep2,r3-sub-northeur,F01,load,16,1,1000,6,99.5,1613976,1601757,107,306,913,16183049,2083.411,,,1,1.0002527236938477,4071.9709164687497,4069.971421788431,,179/A9A32000,179/A9A32000,0.141461,0.094851,2.3,16.6,0.0,31310103.195065793,0.0,35.9909042457341,207523.55388090282,6423190.707518108,1021.15,1
2026-09-13T21:59:29.020661+00:00,1789336769.0202258,F_lat_northeurope_rep2,r3-sub-northeur,F01,load,16,1,1000,6,99.5,1618114,1605893,107,306,913,16217730,2087.164,,,1,1.0004172325134277,4136.274211914337,4134.275046031343,,179/A9FFFB90,179/A9FFFB90,0.113805,0.068672,2.1,16.6,0.0,14600244.303372646,0.0,18.992075888441857,201998.71956652607,6144852.167885351,1021.14,1
2026-09-13T21:59:30.021309+00:00,1789336770.0208669,F_lat_northeurope_rep2,r3-sub-northeur,F01,load,16,1,1000,6,99.5,1622700,1610477,107,306,913,16256168,2091.826,,,1,1.000641107559204,4583.061764458506,4581.063045852114,,179/AA63BFF0,179/AA63BFF0,0.138800,0.093464,2.0,16.6,0.0,14785273.049682952,0.0,16.98910815433812,219544.24852269233,6568671.774871199,1021.14,1
2026-09-13T21:59:31.021521+00:00,1789336771.0210748,F_lat_northeurope_rep2,r3-sub-northeur,F01,load,16,1,1000,6,99.5,1626865,1614640,107,306,913,16291067,2095.775,,,1,1.0002079010009766,4164.134272316584,4162.134688032159,,179/AAC67BD8,179/AAC67BD8,0.107619,0.062886,1.4,16.6,0.0,24116330.19081345,0.0,28.993972124173098,222008.84413907785,6537597.826867812,1021.12,1
2026-09-13T21:59:32.021606+00:00,1789336772.02115,F_lat_northeurope_rep2,r3-sub-northeur,F01,load,16,1,1000,6,99.5,1631341,1619113,107,306,913,16328563,2100.032,,,1,1.000075340270996,4475.662802351584,4472.6630283553695,,179/AB20DE70,179/AB20DE70,0.168664,0.124118,2.0,16.6,0.0,14416833.831832204,0.0,18.99856864268992,202259.7616947423,5967984.370440231,1021.11,1
2026-09-13T21:59:33.021993+00:00,1789336773.021554,F_lat_northeurope_rep2,r3-sub-northeur,F01,load,16,1,1000,6,99.5,1635509,1623279,107,306,913,16363488,2103.98,,,1,1.000403881072998,4166.317303297094,4164.318110733132,,179/AB839F10,179/AB839F10,0.139201,0.094333,2.5,16.6,0.0,31829448.68811091,0.0,38.98425499726168,215789.84656522714,6560422.369574056,1021.09,1
2026-09-13T21:59:34.028548+00:00,1789336774.0219007,F_lat_northeurope_rep2,r3-sub-northeur,F01,load,16,1,1000,6,99.5,1639682,1627450,107,306,913,16398428,2107.739,,,1,1.0003466606140137,4171.553886568291,4169.554579649255,,179/ABE6A000,179/ABE6A000,0.115003,0.069477,2.7,16.5,0.0,14986164.886878604,0.0,20.992722649876374,210131.1558045054,6555432.489747979,1021.09,1
2026-09-13T21:59:35.022736+00:00,1789336775.0223,F_lat_northeurope_rep2,r3-sub-northeur,F01,load,16,1,1000,6,99.5,1639683,1627450,107,306,913,16398428,2107.739,,,1,1.0003993511199951,0.9996008082976583,0.0,,179/AC427E58,179/AC427E58,0.155874,0.110254,1.6,16.6,0.0,6133358.636359238,0.0,14.994012124464875,204992.136160834,6077349.003868704,1021.08,1
2026-09-13T21:59:36.023125+00:00,1789336776.0227106,F_lat_northeurope_rep2,r3-sub-northeur,F01,load,16,1,1000,6,99.5,1644235,1632002,107,306,913,16436597,2112.095,,,1,1.000410556793213,4550.131912433336,4550.131912433336,,179/ACA59F60,179/ACA59F60,0.117497,0.064882,2.5,16.6,0.0,31321540.728679948,0.0,32.9864571859183,218208.4130536846,6563375.361658865,1021.06,1
2026-09-13T21:59:37.023627+00:00,1789336777.0232008,F_lat_northeurope_rep2,r3-sub-northeur,F01,load,16,1,1000,6,99.5,1648411,1636174,107,306,913,16471570,2116.049,,,1,1.0004901885986328,4173.953975350065,4169.955935143791,,179/ACFFFDB8,179/ACFFFDB8,0.101415,0.056690,1.4,16.6,0.0,6329313.4427132085,0.0,12.993630670390528,198115.88585154753,5989460.034978886,1021.06,1
2026-09-13T21:59:38.024155+00:00,1789336778.0237582,F_lat_northeurope_rep2,r3-sub-northeur,F01,load,16,1,1000,6,99.5,1652904,1640665,107,306,913,16509208,2120.143,,,1,1.0005574226379395,4490.496895374921,4488.498009599103,,179/AD62DC00,179/AD62DC00,0.156603,0.111459,2.3,16.6,0.0,27612128.374562327,0.0,62.96490193826397,215795.71058574927,6561311.576392745,1021.03,1
2026-09-13T21:59:39.024463+00:00,1789336779.0240004,F_lat_northeurope_rep2,r3-sub-northeur,F01,load,16,1,1000,6,99.5,1657085,1644844,107,306,913,16544224,2123.837,,,1,1.0002422332763672,4179.987467940467,4177.9879522896945,,179/ADC61BD0,179/ADC61BD0,0.126147,0.080792,1.4,16.6,0.0,18435726.253627375,0.0,34.9915238885234,221214.41450759416,6570585.385574402,1021.03,1
2026-09-13T21:59:40.024703+00:00,1789336780.02424,F_lat_northeurope_rep2,r3-sub-northeur,F01,load,16,1,1000,6,99.5,1661274,1649031,107,306,913,16579315,2127.778,,,1,1.000239610671997,4187.9965113415965,4185.996990448141,,179/AE218000,179/AE218000,0.171964,0.128546,1.2,16.6,0.0,14479986.440718431,0.0,19.99520893455047,199248.25799100852,6068903.825875997,1021.02,1
2026-09-13T21:59:41.024905+00:00,1789336781.0244534,F_lat_northeurope_rep2,r3-sub-northeur,F01,load,16,1,1000,6,99.5,1665834,1653589,107,306,913,16617526,2131.977,,,1,1.000213384628296,4559.027173681153,4557.0276003593635,,179/AE84BB78,179/AE84BB78,0.141905,0.096615,1.8,16.6,0.0,23493738.797279462,0.0,28.993813165954702,215195.08067769848,6591118.556616742,1021.0,1
2026-09-13T21:59:42.025126+00:00,1789336782.0246856,F_lat_northeurope_rep2,r3-sub-northeur,F01,load,16,1,1000,6,99.5,1670016,1657769,107,306,913,16652558,2135.672,,,1,1.000232219696045,4181.029082697261,4179.0295470288265,,179/AEE7FF68,179/AEE7FF68,0.111405,0.059698,1.6,16.6,0.0,14873218.145802971,0.0,20.995124518565873,210224.18180440008,6570735.145881631,1021.0,1
2026-09-13T21:59:43.025632+00:00,1789336783.025141,F_lat_northeurope_rep2,r3-sub-northeur,F01,load,16,1,1000,6,99.5,1674515,1662266,107,306,913,16690259,2139.971,,,1,1.000455379486084,4496.952180227224,4494.953090571644,,179/AF425DD8,179/AF425DD8,0.173474,0.128547,1.0,16.6,0.0,14575122.788075155,0.0,23.989075866960075,197702.97012306808,5989753.389179866,1020.99,1
2026-09-13T21:59:44.025901+00:00,1789336784.0254624,F_lat_northeurope_rep2,r3-sub-northeur,F01,load,16,1,1000,6,99.5,1678699,1666448,107,306,913,16725317,2143.874,,,1,1.000321388244629,4182.655743612673,4180.656386182648,,179/AFA53FE0,179/AFA53FE0,0.142658,0.097430,1.8,16.6,0.0,23208669.006607793,0.0,27.9910040203525,216572.39617775736,6563584.541085867,1020.97,1
2026-09-13T21:59:45.026320+00:00,1789336785.0258377,F_lat_northeurope_rep2,r3-sub-northeur,F01,load,16,1,1000,6,99.5,1682814,1670561,107,306,913,16759781,2147.45,,,1,1.0003752708435059,4113.45633976965,4111.457090029787,,179/B00471F8,179/AFFFFE20,0.042343,-0.000245,2.1,16.6,0.0,14633612.431919135,0.0,19.992497398637425,218172.12636211063,6425779.592272225,1020.97,1
2026-09-13T21:59:46.027050+00:00,1789336786.0265596,F_lat_northeurope_rep2,r3-sub-northeur,F01,load,16,1,1000,6,99.5,1687381,1675126,107,306,913,16798035,2151.854,,,1,1.0007219314575195,4563.705317568399,4561.706760389695,,179/B062FEB0,179/B062FEB0,0.174581,0.129903,1.6,16.6,0.0,31426400.29303186,0.0,32.976193448600206,213180.09858071746,6170369.4162139185,1020.94,1
2026-09-13T21:59:47.034172+00:00,1789336787.0270102,F_lat_northeurope_rep2,r3-sub-northeur,F01,load,16,1,1000,6,99.5,1691562,1679305,107,306,913,16833052,2155.858,,,1,1.000450611114502,4179.116843501516,4177.117744317827,,179/B0C51FE8,179/B0C51FE8,0.149615,0.104166,1.5,16.6,0.0,6231304.105112394,0.0,11.994595102133028,215839.74021410831,6499508.249344048,1020.94,1
2026-09-13T21:59:48.027907+00:00,1789336788.0274704,F_lat_northeurope_rep2,r3-sub-northeur,F01,load,16,1,1000,6,99.5,1696074,1683815,107,306,913,16870835,2159.806,,,1,1.000460147857666,4509.924767779871,4507.9256876523095,,179/B1274BA8,179/B1209E88,0.043585,-0.000258,2.2,16.6,0.0,15201453.08393002,0.0,22.989421466962995,242171.56527305197,6764486.336104231,1020.93,1
2026-09-13T21:59:49.028395+00:00,1789336789.0279438,F_lat_northeurope_rep2,r3-sub-northeur,F01,load,16,1,1000,6,99.5,1700262,1688003,107,306,913,16905929,2163.649,,248486,1,1.0004734992980957,4186.01792345143,4186.01792345143,121566,179/B1951FD8,179/B1951FD8,0.131393,0.085984,3.6,16.6,0.0,32961288.85286384,0.0,36.98248881750308,237322.62790226605,7020463.815311144,1020.91,1
2026-09-13T21:59:50.028744+00:00,1789336790.028313,F_lat_northeurope_rep2,r3-sub-northeur,F01,load,16,1,1000,6,99.5,1704496,1692229,107,306,913,16952219,2167.455,,,1,1.0003690719604492,4232.437925837232,4224.440877323605,,179/B1E89FF0,179/B1E89FF0,0.147833,0.101242,1.4,16.6,0.0,5421103.222805762,0.0,11.995572770440901,185433.5616718607,5529547.199174804,1020.91,1
2026-09-13T21:59:51.028700+00:00,1789336791.0283341,F_lat_northeurope_rep2,r3-sub-northeur,F01,load,16,1,1000,6,99.5,1708985,1696713,107,306,913,17036183,2171.312,,,1,1.00002121925354,4488.904748792018,4483.904854886035,,179/B2535FF0,179/B2535FF0,0.050465,0.005736,1.6,16.6,0.0,14438093.634430537,0.0,20.99955440513085,237630.9576484607,7061767.154572306,1020.89,1
2026-09-13T21:59:52.029177+00:00,1789336792.0287309,F_lat_northeurope_rep2,r3-sub-northeur,F01,load,16,1,1000,6,99.5,1708988,1696713,107,306,913,17036183,2171.312,,,1,1.000396728515625,2.998810286446417,0.0,,179/B2A77FE8,179/B2A77FE8,0.191912,0.146697,1.8,16.6,0.0,31989356.90991733,0.0,29.98810286446417,188430.2443488606,5563813.676458924,1020.88,1
2026-09-13T21:59:53.029567+00:00,1789336793.0291297,F_lat_northeurope_rep2,r3-sub-northeur,F01,load,16,1,1000,6,99.5,1713229,1700953,107,306,913,17075845,2175.43,,,1,1.000398874282837,4239.3090486434985,4238.3094473587435,,179/B3109FC8,179/B3109FC8,0.075991,0.033847,1.2,16.6,0.0,7132387.074220855,0.0,21.991228264597257,228223.96732870556,6948337.486868016,1020.87,1
2026-09-13T21:59:54.029982+00:00,1789336794.029545,F_lat_northeurope_rep2,r3-sub-northeur,F01,load,16,1,1000,6,99.5,1717647,1705369,107,306,913,17117386,2179.456,,,1,1.000415325164795,4416.165855188432,4414.166685493915,,179/B3749C20,179/B3749C20,0.084606,0.039975,2.0,16.6,0.0,31427843.22583308,0.0,30.98713026501616,215217.61470870435,6620692.259896102,1020.85,1
2026-09-13T21:59:55.030148+00:00,1789336795.029731,F_lat_northeurope_rep2,r3-sub-northeur,F01,load,16,1,1000,6,99.5,1721857,1709577,107,306,913,17157008,2183.059,,,1,1.0001859664916992,4209.217226639562,4207.217598503391,,179/B3D91BA0,179/B3D91BA0,0.052500,0.007646,1.8,16.6,0.0,7142095.809498928,0.0,15.997025089366506,221442.8190558282,6657670.896300527,1020.85,1
2026-09-13T21:59:56.030714+00:00,1789336796.0302567,F_lat_northeurope_rep2,r3-sub-northeur,F01,load,16,1,1000,6,99.5,1726090,1713808,107,306,913,17196853,2186.894,,,1,1.000525712966919,4230.775826287993,4228.776877161469,,179/B4313DF8,179/B4313DF8,0.145134,0.099938,1.4,16.6,0.0,13681639.384766718,0.0,17.990542138715774,200138.78444583344,5823445.539167913,1020.84,1
2026-09-13T21:59:57.031050+00:00,1789336797.0306022,F_lat_northeurope_rep2,r3-sub-northeur,F01,load,16,1,1000,6,99.5,1730496,1718212,107,306,913,17238325,2190.887,,,1,1.0003454685211182,4404.478391363838,4402.479082062267,,179/B4947FF8,179/B4947FF8,0.115518,0.071009,1.8,16.6,0.0,32682981.05886786,0.0,32.988603475943414,220888.68991096472,6569898.3069480015,1020.82,1
2026-09-13T21:59:58.031409+00:00,1789336798.030964,F_lat_northeurope_rep2,r3-sub-northeur,F01,load,16,1,1000,6,99.5,1734665,1722379,107,306,913,17277557,2194.75,,,1,1.000361680984497,4167.492697138415,4165.493420238852,,179/B4F75DD0,179/B4F75DD0,0.085784,0.040572,1.6,16.6,0.0,6350599.109062089,0.0,17.993492096064156,217844.20989169937,6544404.013513446,1020.82,1
2026-09-13T21:59:59.031809+00:00,1789336799.0313725,F_lat_northeurope_rep2,r3-sub-northeur,F01,load,16,1,1000,6,99.5,1739191,1726903,107,306,913,17320185,2199.042,,,1,1.00040864944458,4524.151208121605,4522.1520250866415,,179/B5529C88,179/B5529C88,0.133756,0.088995,1.8,16.6,0.0,32377936.774120606,0.0,33.986111594373526,207560.18064746147,6031860.083727,1020.8,1
2026-09-13T22:00:00.032211+00:00,1789336800.0318022,F_lat_northeurope_rep2,r3-sub-northeur,F01,load,16,1,1000,6,99.5,1743362,1731072,107,306,913,17359442,2202.786,,,1,1.000429630279541,4169.2087816656685,4167.209640557221,,179/B5B5BFD8,179/B5B5BFD8,0.103509,0.057273,2.1,16.6,0.0,14943979.613861041,0.0,20.99098163869073,216465.99965205835,6555425.590670969,1020.79,1
2026-09-13T22:00:01.032641+00:00,1789336801.0321884,F_lat_northeurope_rep2,r3-sub-northeur,F01,load,16,1,1000,6,99.5,1746818,1734526,107,306,913,17391952,2205.894,,,1,1.0003862380981445,3454.6656764993836,3452.666448677335,,179/B60FFCE0,179/B60FFCE0,0.085435,0.043600,1.0,16.6,0.0,6903189.725129435,0.0,15.993822576386036,205260.72048969427,5981706.637004864,1020.78,1
2026-09-13T22:00:02.032998+00:00,1789336802.0325358,F_lat_northeurope_rep2,r3-sub-northeur,F01,load,16,1,1000,6,99.5,1751304,1739010,107,306,913,17434172,2210.181,,,1,1.000347375869751,4484.442212985916,4482.442907496399,,179/B672DD78,179/B672DD78,0.136000,0.089663,1.8,16.6,0.0,27949586.987910893,0.0,42.985068024608644,219082.89588849316,6555407.809510599,1020.76,1
2026-09-13T22:00:03.040002+00:00,1789336803.032917,F_lat_northeurope_rep2,r3-sub-northeur,F01,load,16,1,1000,6,99.5,1755494,1743198,107,306,913,17473611,2213.917,,,1,1.0003812313079834,4188.403249550812,4186.404011722864,,179/B6D5FCC8,179/B6D5FCC8,0.105646,0.061959,1.4,16.8,0.0,17086094.24594229,0.0,61.97637266638433,223225.8992984347,6560070.095896878,1020.76,1
2026-09-13T22:00:04.033621+00:00,1789336804.033259,F_lat_northeurope_rep2,r3-sub-northeur,F01,load,16,1,1000,6,99.5,1759657,1747359,107,306,913,17512801,2217.797,,,1,1.0003418922424316,4161.577189042786,4159.57787259357,,179/B7421BC8,179/B731BFF0,0.041987,-0.000242,1.2,16.8,0.0,22835584.690742843,0.0,25.99111383980601,224518.2389558166,6776048.321644488,1020.74,1
2026-09-13T22:00:05.034294+00:00,1789336805.0338326,F_lat_northeurope_rep2,r3-sub-northeur,F01,load,16,1,1000,6,99.5,1764032,1751734,107,306,913,17554016,2221.969,,,1,1.0005736351013184,4372.491785231765,4372.491785231765,,179/B7B5F320,179/B7B5BBB8,0.041622,-0.000411,3.7,16.8,0.0,14614336.703484396,0.0,17.98968048781069,185869.37880006005,5534451.24449962,1020.73,1
2026-09-13T22:00:06.034478+00:00,1789336806.0340292,F_lat_northeurope_rep2,r3-sub-northeur,F01,load,16,1,1000,6,99.5,1768094,1755836,120,357,913,17704759,2225.778,,,1,1.0001966953277588,4061.2011807026674,4101.193314436815,,179/B8211D20,179/B8211D20,0.087948,0.043221,7.6,16.6,0.0,15885259.443687191,0.0,31.99370698731791,225285.68735788576,6917357.388121319,1020.73,1
2026-09-13T22:00:07.035010+00:00,1789336807.0344489,F_lat_northeurope_rep2,r3-sub-northeur,F01,load,16,1,1000,6,99.5,1772518,1760258,120,357,913,17746419,2229.918,,,1,1.0004196166992188,4422.144394365768,4420.145233247157,,179/B88152D8,179/B873FFD8,0.044529,-0.000259,1.4,16.6,0.0,22195102.56432314,0.0,27.988255660542833,219244.00155574366,6458739.804921946,1020.71,1
2026-09-13T22:00:08.035222+00:00,1789336808.0347757,F_lat_northeurope_rep2,r3-sub-northeur,F01,load,16,1,1000,6,99.5,1776752,1764490,120,357,913,17786288,2233.924,,,1,1.0003268718719482,4232.616476729013,4230.617130259136,,179/B8DA5F28,179/B8DA5F28,0.102719,0.057882,1.6,16.6,0.0,15060165.255591055,0.0,19.993464698767184,189774.96790099327,5624338.561925793,1020.7,1
2026-09-13T22:00:09.035704+00:00,1789336809.0352645,F_lat_northeurope_rep2,r3-sub-northeur,F01,load,16,1,1000,6,99.5,1781143,1768879,120,357,913,17827611,2238.21,,,1,1.0004887580871582,4388.854911668558,4386.855888707197,,179/B931FCD0,179/B931FCD0,0.139814,0.092020,3.3,16.6,0.0,31212648.56559194,0.0,35.982413304501954,188781.7314020695,5778778.575237456,1020.68,1
2026-09-13T22:00:10.036170+00:00,1789336810.0356917,F_lat_northeurope_rep2,r3-sub-northeur,F01,load,16,1,1000,6,99.5,1781145,1768879,120,357,913,17827611,2238.21,,,1,1.00042724609375,1.9991458727350375,0.0,,179/B984BC88,179/B984BC88,0.215750,0.169814,2.4,16.6,0.0,5420787.9895064365,0.0,10.995302300042706,176600.54810566775,5460729.924470746,1020.68,1
2026-09-13T22:00:11.036584+00:00,1789336811.036123,F_lat_northeurope_rep2,r3-sub-northeur,F01,load,16,1,1000,6,99.5,1785333,1773065,120,357,913,17867050,2242.109,,,1,1.0004312992095947,4186.194497621966,4184.195359848507,,179/B9E8BC40,179/B9E8BC40,0.108247,0.062931,1.8,16.6,0.0,14624604.41967316,0.0,20.990946621313583,214696.40161168206,6594231.912988044,1020.67,1
2026-09-13T22:00:12.036920+00:00,1789336812.0364668,F_lat_northeurope_rep2,r3-sub-northeur,F01,load,16,1,1000,6,99.5,1789527,1777257,120,357,913,17906538,2245.832,,,1,1.0003437995910645,4192.558600067783,4190.55928743065,,179/BA437B98,179/BA437B98,0.106930,0.061167,1.6,16.6,0.0,31565211.893059302,0.0,34.987971149826514,185099.36291472364,5978768.501834,1020.65,1
2026-09-13T22:00:13.037300+00:00,1789336813.036863,F_lat_northeurope_rep2,r3-sub-northeur,F01,load,16,1,1000,6,99.5,1793950,1781678,120,357,913,17948189,2250.135,,,1,1.0003962516784668,4421.248073030144,4419.248865219594,,179/BAA49E70,179/BAA49E70,0.060990,0.015687,1.4,16.6,0.0,6239831.456312086,0.0,13.994454673846262,203070.53296046727,6384751.031687101,1020.64,1
2026-09-13T22:00:14.037623+00:00,1789336814.0371501,F_lat_northeurope_rep2,r3-sub-northeur,F01,load,16,1,1000,6,99.5,1797387,1785113,120,357,913,17980541,2253.449,,,1,1.0002870559692383,3436.0136717651353,3434.014245712319,,179/BAF65E68,179/BAF65E68,0.185197,0.140549,1.6,16.6,0.0,13734041.561388036,0.0,24.992825660206105,171604.73983508075,5374594.190655339,1020.64,1
2026-09-13T22:00:15.037748+00:00,1789336815.037339,F_lat_northeurope_rep2,r3-sub-northeur,F01,load,16,1,1000,6,99.5,1801809,1789533,120,357,913,18022199,2257.481,,,1,1.0001888275146484,4421.165162370539,4419.165539954271,,179/BB621C38,179/BB621C38,0.046367,0.000714,2.1,16.6,0.0,32471052.57184484,0.0,36.99301470097466,230684.44043044545,7095421.18925145,1020.62,1
2026-09-13T22:00:16.037986+00:00,1789336816.0375302,F_lat_northeurope_rep2,r3-sub-northeur,F01,load,16,1,1000,6,99.5,1805317,1793038,120,357,913,18055221,2261.046,,,1,1.0001912117004395,3507.329357589534,3504.329931114971,,179/BBB41FE8,179/BBB41FE8,0.188165,0.140818,2.0,16.6,0.0,5372924.633944411,0.0,12.997514723108308,177660.0293236929,5434222.912996239,1020.61,1
2026-09-13T22:00:17.038599+00:00,1789336817.0381932,F_lat_northeurope_rep2,r3-sub-northeur,F01,load,16,1,1000,6,99.5,1809453,1797172,120,357,913,18094173,2264.746,,,1,1.0006630420684814,4133.259475088067,4131.260800293537,,179/BC20A000,179/BC20A000,0.061033,0.016978,3.3,16.6,0.0,16369050.63081067,0.0,25.98277232889017,241199.0748664847,7147100.171918367,1020.59,1
2026-09-13T22:00:18.038963+00:00,1789336818.0383067,F_lat_northeurope_rep2,r3-sub-northeur,F01,load,16,1,1000,6,99.5,1813992,1801710,120,357,913,18136887,2268.774,,,1,1.0001134872436523,4538.484939853818,4537.485053328184,,179/BC77D630,179/BC73DC78,0.043890,-0.000261,1.9,16.6,0.0,22275616.001739305,0.0,23.997276615221775,193505.0396464177,6113878.15282041,1020.59,1
2026-09-13T22:00:19.045232+00:00,1789336819.0387151,F_lat_northeurope_rep2,r3-sub-northeur,F01,load,16,1,1000,6,99.5,1818212,1805928,120,357,913,18176611,2272.709,,368474,1,1.000408411026001,4218.277209077084,4216.2780255656735,119988,179/BCE8BF80,179/BCE8BF80,0.071497,0.022107,6.2,16.6,0.0,15812294.08474942,0.0,23.990202136931284,227966.89580618954,7108874.657207537,1020.58,1
2026-09-13T22:00:20.039397+00:00,1789336820.0389462,F_lat_northeurope_rep2,r3-sub-northeur,F01,load,16,1,1000,6,99.5,1822393,1810103,120,357,913,18228500,2276.715,,,1,1.0002310276031494,4180.034296695352,4174.035682540803,,179/BD423EE0,179/BD423EE0,0.094382,0.049305,1.9,16.6,0.0,31523725.14933641,0.0,33.99214687578139,196190.67453870105,5897631.484333916,1020.56,1
2026-09-13T22:00:21.039966+00:00,1789336821.0395253,F_lat_northeurope_rep2,r3-sub-northeur,F01,load,16,1,1000,6,99.5,1826875,1814585,120,357,913,18270711,2280.785,,,1,1.0005791187286377,4479.405892154683,4479.405892154683,,179/BDA7BFC8,179/BDA7BFC8,0.061717,0.016548,1.2,16.6,0.0,14630631.127502274,0.0,20.987845545570806,223727.43525213542,6701634.957683512,1020.55,1
2026-09-13T22:00:22.040091+00:00,1789336822.0396702,F_lat_northeurope_rep2,r3-sub-northeur,F01,load,16,1,1000,6,99.5,1831155,1818858,120,357,913,18323898,2284.764,,,1,1.0001449584960938,4279.379667559177,4272.380682121579,,179/BDFFFFE0,179/BDFFFFE0,0.046748,0.003713,1.2,16.6,0.0,6241399.256150308,0.0,14.997825937707393,191993.16895896744,5809356.884362771,1020.55,1
2026-09-13T22:00:23.040762+00:00,1789336823.0402794,F_lat_northeurope_rep2,r3-sub-northeur,F01,load,16,1,1000,6,99.5,1835507,1823208,120,357,913,18364921,2289.001,,,1,1.0006091594696045,4349.3505519246655,4347.351769501906,,179/BE64DC00,179/BE64DC00,0.158166,0.112186,1.8,16.6,0.0,31888414.870111194,0.0,31.980518764151952,218324.00586438572,6623599.171841608,1020.53,1
2026-09-13T22:00:24.041221+00:00,1789336824.0407593,F_lat_northeurope_rep2,r3-sub-northeur,F01,load,16,1,1000,6,99.5,1839733,1827432,120,357,913,18404715,2292.911,,,1,1.0004799365997314,4223.972760875787,4221.973720288529,,179/BEC85FE8,179/BEC85FE8,0.145967,0.100257,2.0,16.6,0.0,15336255.56964929,0.0,28.98608851523848,220891.98585140254,6539434.4860486,1020.52,1
2026-09-13T22:00:25.041630+00:00,1789336825.04122,F_lat_northeurope_rep2,r3-sub-northeur,F01,load,16,1,1000,6,99.5,1843921,1831618,120,357,913,18444169,2296.8,,,1,1.0004606246948242,4186.071791958317,4184.072712783552,,179/BF31FC60,179/BF31FC60,0.078943,0.033850,2.5,16.6,0.0,31643408.26472486,0.0,33.9843459710083,235844.36426168596,6966955.84808862,1020.5,1
2026-09-13T22:00:26.041765+00:00,1789336826.0413554,F_lat_northeurope_rep2,r3-sub-northeur,F01,load,16,1,1000,6,99.5,1848343,1836038,120,357,913,18485792,2300.981,,,1,1.0001354217529297,4421.401246092849,4419.401516899681,,179/BF973E50,179/BF973E50,0.049705,0.004294,1.2,16.6,0.0,7355419.916141422,0.0,17.99756273850549,221939.9445036702,6655224.737799866,1020.49,1
2026-09-13T22:00:27.042381+00:00,1789336827.0419536,F_lat_northeurope_rep2,r3-sub-northeur,F01,load,16,1,1000,6,99.5,1852566,1840259,120,357,913,18525555,2304.757,,,1,1.0005981922149658,4220.475344505462,4218.476540174652,,179/BFEADFC8,179/BFEADFC8,0.190812,0.145733,1.4,16.6,0.0,13680648.342665732,0.0,16.989836811885592,183424.27702544763,5505066.911830477,1020.49,1
2026-09-13T22:00:28.042832+00:00,1789336828.0423834,F_lat_northeurope_rep2,r3-sub-northeur,F01,load,16,1,1000,6,99.5,1856925,1844616,120,357,913,18566583,2308.848,,,1,1.0004298686981201,4357.127007485748,4355.127866853729,,179/C0533FD8,179/C0533FD8,0.113206,0.068180,1.6,16.6,0.0,27934999.618082188,0.0,41.98195327240225,229068.53060896683,6875774.319844561,1020.47,1
2026-09-13T22:00:29.043184+00:00,1789336829.042753,F_lat_northeurope_rep2,r3-sub-northeur,F01,load,16,1,1000,6,99.5,1861111,1848800,120,357,913,18605985,2312.87,,,1,1.0003695487976074,4184.453640188624,4182.4543790131875,,179/C0B67C58,179/C0B67C58,0.081843,0.036760,2.1,16.6,0.0,6551179.01967037,0.0,17.993350578928627,220163.63879200755,6527101.917334588,1020.46,1
2026-09-13T22:00:30.043280+00:00,1789336830.0428343,F_lat_northeurope_rep2,r3-sub-northeur,F01,load,16,1,1000,6,99.5,1865249,1852936,120,357,913,18644955,2316.794,,,1,1.0000813007354736,4137.663604905779,4135.663767494031,,179/C1109CE8,179/C1109CE8,0.066762,0.024823,1.6,16.6,0.0,34514185.97129626,0.0,71.9941468229135,195381.11537162264,5931842.736822782,1020.44,1
2026-09-13T22:00:31.043701+00:00,1789336831.0432491,F_lat_northeurope_rep2,r3-sub-northeur,F01,load,16,1,1000,6,99.5,1869686,1857371,120,357,913,18686752,2320.841,,,1,1.0004148483276367,4435.160081257489,4433.160910610089,,179/C1735C50,179/C1735C50,0.114481,0.069094,1.8,16.6,0.0,14976954.835333472,0.0,19.991706474002655,226164.17616974463,6504687.5412517125,1020.44,1
2026-09-13T22:00:32.049643+00:00,1789336832.0436263,F_lat_northeurope_rep2,r3-sub-northeur,F01,load,16,1,1000,6,99.5,1873807,1861490,120,357,913,18725581,2324.952,,,1,1.0003771781921387,4119.446234716577,4117.446988788542,,179/C1D5FC40,179/C1D5FC40,0.088841,0.043868,1.5,16.6,0.0,6452862.121131032,0.0,14.994344460264173,219541.1938494039,6476997.017974273,1020.43,1
2026-09-13T22:00:33.044538+00:00,1789336833.04407,F_lat_northeurope_rep2,r3-sub-northeur,F01,load,16,1,1000,6,99.5,1873809,1861490,120,357,913,18725581,2324.952,,,1,1.000443696975708,1.9991129996079753,0.0,,179/C230BF58,179/C230BF58,0.131629,0.086182,1.8,16.6,0.0,31046192.898103863,0.0,33.98492099333558,197783.24417271485,5976108.418768089,1020.41,1
2026-09-13T22:00:34.044825+00:00,1789336834.0443852,F_lat_northeurope_rep2,r3-sub-northeur,F01,load,16,1,1000,6,99.5,1878298,1865979,120,357,913,18767862,2329.107,,,1,1.0003151893615723,4487.5855607721,4487.5855607721,,179/C293BDF0,179/C293BDF0,0.101719,0.054556,1.4,16.6,0.0,14724574.970615588,0.0,25.991807658737933,219290.88184695205,6499313.485531837,1020.4,1
2026-09-13T22:00:35.045043+00:00,1789336835.044654,F_lat_northeurope_rep2,r3-sub-northeur,F01,load,16,1,1000,6,99.5,1882433,1870110,120,357,913,18806778,2332.929,,,1,1.0002686977386475,4133.88923331119,4129.890307813428,,179/C2F65D10,179/C2F65D10,0.068444,0.023433,3.9,16.7,511.86246371350165,8042894.892330252,0.9997313744404329,21.994090237689523,217612.52800582346,6501308.11321173,1020.38,1
2026-09-13T22:00:36.045336+00:00,1789336836.044981,F_lat_northeurope_rep2,r3-sub-northeur,F01,load,16,1,1000,6,99.5,1886566,1874241,120,357,913,18845670,2336.792,,,1,1.0003271102905273,4131.648495260359,4129.6491492670075,,179/C351DFF8,179/C351DFF8,0.117416,0.070136,4.7,16.7,0.0,30554357.355288636,0.0,30.989862896944377,205741.69977281374,6007358.931074754,1020.38,1
2026-09-13T22:00:37.045856+00:00,1789336837.0454159,F_lat_northeurope_rep2,r3-sub-northeur,F01,load,16,1,1000,6,99.5,1891071,1878744,120,357,913,18888125,2341.061,,,1,1.0004348754882812,4503.041737525643,4501.042606898551,,179/C3B4BF90,179/C3B4BF90,0.085438,0.040616,11.5,16.8,98261.2685828459,14911147.507446865,2.998695940638608,17.992175643831647,218428.01101205684,6520516.387252248,1020.37,1
2026-09-13T22:00:38.046029+00:00,1789336838.045616,F_lat_northeurope_rep2,r3-sub-northeur,F01,load,16,1,1000,6,99.5,1895219,1882890,120,357,913,18927161,2344.843,,,1,1.0002000331878662,4147.170428278607,4145.170828264972,,179/C4103DD8,179/C4103DD8,0.052249,0.010079,2.5,16.7,0.0,22990345.167965908,0.0,27.994400190887415,198038.38575037848,6024411.917679087,1020.35,1
2026-09-13T22:00:39.046368+00:00,1789336839.0459135,F_lat_northeurope_rep2,r3-sub-northeur,F01,load,16,1,1000,6,99.5,1899751,1887420,120,357,913,18969871,2348.983,,,1,1.0002975463867188,4530.651920891459,4528.652515807216,,179/C4737C58,179/C4737C58,0.100139,0.054016,1.6,16.7,0.0,14683886.86252107,0.0,21.993455926657564,211698.01002204238,6537660.742668426,1020.35,1
2026-09-13T22:00:40.046633+00:00,1789336840.0461938,F_lat_northeurope_rep2,r3-sub-northeur,F01,load,16,1,1000,6,99.5,1903906,1891573,120,357,913,19008978,2352.912,,,1,1.0002803802490234,4153.835346611115,4151.83590721443,,179/C4D6DCB0,179/C4D6DCB0,0.068561,0.023530,1.6,16.7,0.0,14733277.080103349,0.0,20.994113665182528,217157.11343445804,6545007.909052599,1020.34,1
2026-09-13T22:00:41.047144+00:00,1789336841.0466917,F_lat_northeurope_rep2,r3-sub-northeur,F01,load,16,1,1000,6,99.5,1908071,1895736,120,357,913,19048212,2357.078,,,1,1.000497817993164,4162.927619726661,4160.928614867248,,179/C530FDE0,179/C530FDE0,0.133962,0.088419,1.6,16.7,0.0,31408876.096334185,0.0,31.984077750600992,191520.65757059873,5933630.132155432,1020.32,1
2026-09-13T22:00:42.047533+00:00,1789336842.047079,F_lat_northeurope_rep2,r3-sub-northeur,F01,load,16,1,1000,6,99.5,1912546,1900209,120,357,913,19090326,2360.979,,,1,1.00038743019104,4473.266921342091,4471.267695902386,,179/C5947D08,179/C5947D08,0.101945,0.056757,1.8,16.7,0.0,6231697.652188109,0.0,14.994190797794719,219194.0775966419,6570840.258103509,1020.32,1
2026-09-13T22:00:43.047960+00:00,1789336843.0475216,F_lat_northeurope_rep2,r3-sub-northeur,F01,load,16,1,1000,6,99.5,1916710,1904371,120,357,913,19129524,2364.801,,,1,1.0004425048828125,4162.1582246625485,4160.159109280867,,179/C5F77DD8,179/C5F77DD8,0.072535,0.027032,2.3,16.7,0.0,32675716.83575078,0.0,37.9831922519637,210323.93063372225,6534097.629893999,1020.3,1
2026-09-13T22:00:44.048189+00:00,1789336844.0477526,F_lat_northeurope_rep2,r3-sub-northeur,F01,load,16,1,1000,6,99.5,1921198,1908857,120,357,913,19171791,2369.422,,,1,1.0002310276031494,4486.963387603143,4484.9638495516265,,179/C651FC80,179/C651FC80,0.134154,0.089307,1.4,16.7,0.0,6081155.085316259,0.0,21.994918566682074,199621.88183510347,5971356.451831383,1020.29,1
2026-09-13T22:00:45.048416+00:00,1789336845.0479815,F_lat_northeurope_rep2,r3-sub-northeur,F01,load,16,1,1000,6,99.5,1925363,1913020,120,357,913,19211016,2373.215,,,1,1.0002288818359375,4164.046925294809,4162.04738295373,,179/C6B55FD8,179/C6B55FD8,0.103670,0.058525,2.0,16.7,0.0,15020690.036887309,0.0,19.99542341077939,223380.87217586307,6559902.557459078,1020.28,1
2026-09-13T22:00:46.048881+00:00,1789336846.0484147,F_lat_northeurope_rep2,r3-sub-northeur,F01,load,16,1,1000,6,99.5,1929525,1917180,120,357,913,19250180,2376.983,,,1,1.0004332065582275,4160.197775040329,4158.198641078272,,179/C710DF38,179/C710DF38,0.071981,0.029820,1.9,16.7,0.0,22899007.999557685,0.0,27.987875468796062,207280.20485586568,6060762.437964015,1020.26,1
2026-09-13T22:00:47.049289+00:00,1789336847.0488334,F_lat_northeurope_rep2,r3-sub-northeur,F01,load,16,1,1000,6,99.5,1934068,1921721,120,357,913,19292928,2381.538,,,1,1.0004186630249023,4541.098809835894,4539.099646811533,,179/C773DFF0,179/C773DFF0,0.120301,0.075035,1.4,16.7,0.0,14895012.009216264,0.0,19.99163024360948,223871.27337549988,6550840.405340248,1020.26,1
2026-09-13T22:00:48.056344+00:00,1789336848.0492241,F_lat_northeurope_rep2,r3-sub-northeur,F01,load,16,1,1000,6,99.5,1938225,1925876,120,357,913,19332050,2385.366,,,1,1.0003907680511475,4155.376211735956,4153.376992966778,,179/C7D71F90,179/C7D71F90,0.095924,0.050076,1.4,16.7,0.0,14682518.540843857,0.0,19.99218769177751,219475.2360897181,6550228.380021368,1020.25,1
2026-09-13T22:00:49.050355+00:00,1789336849.0499,F_lat_northeurope_rep2,r3-sub-northeur,F01,load,16,1,1000,6,99.5,1938227,1925876,120,357,913,19332050,2385.366,,490115,1,1.000675916671753,1.9986490797660026,0.0,121641,179/C8423DE0,179/C8423DE0,0.068828,0.018434,5.2,16.7,0.0,29491746.03717437,0.0,35.97568343578804,227222.4165804373,7080566.127309103,1020.23,1
2026-09-13T22:00:50.050932+00:00,1789336850.05047,F_lat_northeurope_rep2,r3-sub-northeur,F01,load,16,1,1000,6,99.5,1942748,1930389,120,357,913,19431301,2389.693,,,1,1.0005700588226318,4518.424232401926,4510.428790274252,,179/C8959FF8,179/C8959FF8,0.121111,0.075837,1.3,16.7,0.0,8277393.398864583,0.0,15.990884255348554,182200.13520544142,5520748.848411429,1020.23,1
2026-09-13T22:00:51.051603+00:00,1789336851.051167,F_lat_northeurope_rep2,r3-sub-northeur,F01,load,16,1,1000,6,99.5,1946951,1934592,120,357,913,19470871,2393.542,,,1,1.0006968975067139,4200.0729796124915,4200.0729796124915,,179/C8F9FFD8,179/C8F9FFD8,0.090823,0.045779,1.8,16.7,0.0,32384982.986102015,0.0,36.9742327493843,225775.65750720655,6630087.508545999,1020.2,1
2026-09-13T22:00:52.052172+00:00,1789336852.0517294,F_lat_northeurope_rep2,r3-sub-northeur,F01,load,16,1,1000,6,99.5,1951171,1938807,120,357,913,19510553,2397.33,,,1,1.0005624294281006,4217.627881962407,4212.630692528802,,179/C953DEC0,179/C953DEC0,0.169226,0.123363,2.1,16.7,0.0,6050485.029165315,0.0,13.992130414093293,195079.2816711754,5947630.8773670895,1020.2,1
2026-09-13T22:00:53.052682+00:00,1789336853.0521846,F_lat_northeurope_rep2,r3-sub-northeur,F01,load,16,1,1000,6,99.5,1955658,1943292,120,357,913,19552781,2401.336,,,1,1.0004551410675049,4484.958711104513,4482.95962097253,,179/C9B85D38,179/C9B85D38,0.142432,0.094419,2.3,16.7,0.0,14681573.81282218,0.0,18.99135625384126,213340.8997951248,6636764.335995337,1020.19,1
2026-09-13T22:00:54.052767+00:00,1789336854.0523672,F_lat_northeurope_rep2,r3-sub-northeur,F01,load,16,1,1000,6,99.5,1959872,1947504,120,357,913,19592466,2405.736,,,1,1.0001826286315918,4213.230543471265,4211.230908661834,,179/CA217D18,179/CA217D18,0.061133,0.015086,2.5,16.7,0.0,30902772.26898812,0.0,65.98794871122531,233564.344463382,6942487.10308052,1020.17,1
2026-09-13T22:00:55.053397+00:00,1789336855.0529342,F_lat_northeurope_rep2,r3-sub-northeur,F01,load,16,1,1000,6,99.5,1964285,1951915,120,357,913,19634038,2409.981,,,1,1.0005669593811035,4410.499425975092,4408.500559251333,,179/CA77DCA0,179/CA74BCF8,0.043455,-0.000258,2.0,16.7,0.0,14610340.530375186,0.0,27.984134132631446,192715.73800445208,6007065.238010409,1020.17,1
2026-09-13T22:00:56.053851+00:00,1789336856.0534453,F_lat_northeurope_rep2,r3-sub-northeur,F01,load,16,1,1000,6,99.5,1968491,1956119,120,357,913,19673620,2413.853,,,1,1.0005111694335938,4203.851119804177,4201.852141620723,,179/CAD93D48,179/CAD93D48,0.171357,0.125363,1.6,16.7,0.0,23003665.229474068,0.0,28.985183660085863,202315.5824583076,6110783.354333951,1020.15,1
2026-09-13T22:00:57.054147+00:00,1789336857.0537224,F_lat_northeurope_rep2,r3-sub-northeur,F01,load,16,1,1000,6,99.5,1972692,1960318,120,357,913,19713156,2418.163,,,1,1.000277042388916,4199.83646727205,4197.837021203366,,179/CB411DE0,179/CB411DE0,0.095484,0.050229,2.3,16.7,0.0,15904457.791019162,0.0,22.993629789873165,226116.35618450967,6871137.403679115,1020.14,1
2026-09-13T22:00:58.054596+00:00,1789336858.054162,F_lat_northeurope_rep2,r3-sub-northeur,F01,load,16,1,1000,6,99.5,1977061,1964685,120,357,913,19754263,2422.088,,,1,1.0004396438598633,4367.080040074849,4365.080918976166,,179/CBA47F38,179/CBA47F38,0.062544,0.017590,1.4,16.7,0.0,15680786.038700256,0.0,21.990332085522244,217944.1821785123,6584454.185146949,1020.13,1
2026-09-13T22:00:59.054828+00:00,1789336859.05439,F_lat_northeurope_rep2,r3-sub-northeur,F01,load,16,1,1000,6,99.5,1981240,1968862,120,357,913,19793601,2426.179,,,1,1.000227928161621,4178.047705267373,4176.048161019818,,179/CBFB1220,179/CBF6FB48,0.042839,-0.000241,2.1,16.7,0.0,22817711.201033548,0.0,28.99339158955583,198566.7410477539,6031399.274251417,1020.11,1
2026-09-13T22:01:00.055187+00:00,1789336860.0547662,F_lat_northeurope_rep2,r3-sub-northeur,F01,load,16,1,1000,6,99.5,1985783,1973403,120,357,913,19836366,2430.895,,,1,1.0003762245178223,4541.2914548121225,4539.292206978175,,179/CC629FE0,179/CC629FE0,0.078838,0.032863,1.8,16.7,0.0,15599890.938553562,0.0,21.991726173424325,230677.21357654958,6571624.593705924,1020.11,1
2026-09-13T22:01:01.055634+00:00,1789336861.0552404,F_lat_northeurope_rep2,r3-sub-northeur,F01,load,16,1,1000,6,99.5,1989947,1977565,120,357,913,19875562,2435.024,,,1,1.000474214553833,4162.026306551998,4160.027254531559,,179/CCC59FD8,179/CCC59FD8,0.049268,0.003812,1.9,16.7,0.0,34214047.20087182,0.0,49.97630051095098,223460.0320006253,6541591.881924355,1020.09,1
2026-09-13T22:01:02.056106+00:00,1789336862.0556712,F_lat_northeurope_rep2,r3-sub-northeur,F01,load,16,1,1000,6,99.5,1994106,1981722,120,357,913,19914758,2439.345,,,1,1.0004308223724365,4157.208981363934,4155.209842637623,,179/CD210000,179/CD210000,0.095219,0.050763,1.6,16.7,0.0,14919396.39025183,0.0,21.99052598942211,202178.89680802057,6058321.939369096,1020.08,1
2026-09-13T22:01:03.056489+00:00,1789336863.0560706,F_lat_northeurope_rep2,r3-sub-northeur,F01,load,16,1,1000,6,99.5,1998635,1986249,120,357,913,19957420,2444.138,,,1,1.0003993511199951,4527.192060780095,4525.192859163499,,179/CD841EB8,179/CD841EB8,0.064480,0.019097,1.6,16.9,0.0,6317605.057344663,0.0,15.993612932762533,218426.7710243545,6546250.747432244,1020.08,1
2026-09-13T22:01:04.062807+00:00,1789336864.056114,F_lat_northeurope_rep2,r3-sub-northeur,F01,load,16,1,1000,6,99.5,2002798,1990410,120,357,913,19996597,2449.821,,,1,1.0000433921813965,4162.819366186942,4160.819452967538,,179/CDE7BFF8,179/CDE7BFF8,0.080967,0.037753,1.9,16.9,0.0,32373379.248455234,0.0,47.997917265667354,207908.97837589635,6245810.98063696,1020.06,1
2026-09-13T22:01:05.057140+00:00,1789336865.0566754,F_lat_northeurope_rep2,r3-sub-northeur,F01,load,16,1,1000,6,99.5,2007217,1994827,120,357,913,20038190,2454.027,,,1,1.0005614757537842,4416.520230974211,4414.521353295562,,179/CE63BFD8,179/CE63BFD8,0.146593,0.101391,5.7,16.9,0.0,14688200.93131036,0.0,16.990460268513598,208128.14109509494,5949747.3611155925,1020.05,1
2026-09-13T22:01:06.057319+00:00,1789336866.0569088,F_lat_northeurope_rep2,r3-sub-northeur,F01,load,16,1,1000,6,99.5,2011261,1998917,133,408,913,20187891,2457.821,,,1,1.0002334117889404,4043.056302995531,4089.0455685587835,,179/CEC6BCB8,179/CEC6BCB8,0.115052,0.067395,5.6,16.7,0.0,17616880.01252073,0.0,23.994399424305822,206690.75594089838,6559884.845542959,1020.03,1
2026-09-13T22:01:07.057744+00:00,1789336867.0572867,F_lat_northeurope_rep2,r3-sub-northeur,F01,load,16,1,1000,6,99.5,2011265,1998917,133,408,913,20187891,2457.821,,,1,1.000377893447876,3.9984889972065516,0.0,,179/CF21BC78,179/CF21BC78,0.160188,0.114200,1.8,16.7,0.0,20324863.367304523,0.0,32.98753422695405,193789.7681163634,5893410.918628209,1020.03,1
2026-09-13T22:01:08.058106+00:00,1789336868.0576663,F_lat_northeurope_rep2,r3-sub-northeur,F01,load,16,1,1000,6,99.5,2015704,2003354,133,408,913,20229650,2462.102,,,1,1.0003795623779297,4437.315761877797,4435.316520714527,,179/CF7FC978,179/CF767FC8,0.045319,-0.000294,1.8,16.7,0.0,14617171.871485852,0.0,20.99203221433515,215960.02969759022,6615063.170892701,1020.02,1
2026-09-13T22:01:09.058529+00:00,1789336869.0580823,F_lat_northeurope_rep2,r3-sub-northeur,F01,load,16,1,1000,6,99.5,2019952,2007600,133,408,913,20269616,2466.25,,,1,1.0004160404205322,4246.233395272553,4244.234227007359,,179/CFD97E40,179/CFD97E40,0.115388,0.070512,2.2,16.7,0.0,31501518.095164284,0.0,31.986692243107743,183877.49952777007,5557924.6786793955,1020.0,1
2026-09-13T22:01:10.058953+00:00,1789336870.0584984,F_lat_northeurope_rep2,r3-sub-northeur,F01,load,16,1,1000,6,99.5,2024125,2011771,133,408,913,20308897,2470.515,,,1,1.0004160404205322,4171.264585327769,4169.265417062575,,179/D031FBF8,179/D031FBF8,0.129013,0.083938,1.2,16.7,0.0,5916258.597285208,0.0,16.992930254150988,193095.66439858067,5850396.998372517,1019.99,1
2026-09-13T22:01:11.059364+00:00,1789336871.0588999,F_lat_northeurope_rep2,r3-sub-northeur,F01,load,16,1,1000,6,99.5,2027879,2015523,133,408,913,20344234,2474.116,,,1,1.000401496887207,3752.493385586422,3750.4941882579265,,179/D0857C70,179/D0857C70,0.191444,0.146297,3.1,16.7,0.0,13748847.880373348,0.0,17.992775956461266,186649.0609830152,5531669.052094525,1019.99,1
2026-09-13T22:01:12.059934+00:00,1789336872.0594833,F_lat_northeurope_rep2,r3-sub-northeur,F01,load,16,1,1000,6,99.5,2032079,2019721,133,408,913,20383787,2478.301,,,1,1.0005834102630615,4197.551105605265,4195.552271745452,,179/D0E8FB70,179/D0E8FB70,0.083679,0.038773,2.9,16.7,0.0,32089822.46823221,0.0,33.98017561680452,228421.73641466934,6598450.396318485,1019.97,1
2026-09-13T22:01:13.060261+00:00,1789336873.0598018,F_lat_northeurope_rep2,r3-sub-northeur,F01,load,16,1,1000,6,99.5,2035881,2023521,133,408,913,20419569,2482.073,,,1,1.0003185272216797,3800.789345129706,3798.7899819812947,,179/D1419C18,179/D1419C18,0.115549,0.069807,2.2,16.7,0.0,14298677.481987968,0.0,21.992994632523285,193453.37983239745,5872840.340482977,1019.96,1
2026-09-13T22:01:14.060628+00:00,1789336874.0601983,F_lat_northeurope_rep2,r3-sub-northeur,F01,load,16,1,1000,6,99.5,2039960,2027598,133,408,913,20457954,2485.927,,,1,1.000396490097046,4077.383357876742,4075.384150542652,,179/D1A2DCA0,179/D1A2DCA0,0.069826,0.024322,1.9,16.7,0.0,6493681.319663381,0.0,14.994055005675689,214924.7844513553,6426349.016254894,1019.96,1
2026-09-13T22:01:15.060967+00:00,1789336875.0605085,F_lat_northeurope_rep2,r3-sub-northeur,F01,load,16,1,1000,6,99.5,2044053,2031689,133,408,913,20496484,2490.017,,,1,1.0003101825714111,4091.7308164138426,4089.7314365866187,,179/D1F4FFD8,179/D1F4FFD8,0.193670,0.148747,2.1,16.7,0.0,30346043.186292324,0.0,36.98852680364334,189512.21661333705,5441096.266768678,1019.94,1
2026-09-13T22:01:16.061296+00:00,1789336876.0608811,F_lat_northeurope_rep2,r3-sub-northeur,F01,load,16,1,1000,6,99.5,2048669,2036303,133,408,913,20539942,2494.374,,,1,1.0003726482391357,4614.2804964981015,4612.28124151695,,179/D261BDF8,179/D261BDF8,0.055055,0.009736,2.5,16.7,0.0,15894748.849829607,0.0,22.99143228324444,241459.02072110484,7217967.237218911,1019.93,1
2026-09-13T22:01:17.067235+00:00,1789336877.0610826,F_lat_northeurope_rep2,r3-sub-northeur,F01,load,16,1,1000,6,99.5,2052831,2040463,133,408,913,20579106,2498.282,,,1,1.0002014636993408,4161.161676975002,4159.162079821242,,179/D2B63E18,179/D2B4BB70,0.042398,-0.000247,1.9,16.7,0.0,21978804.068825208,0.0,28.994158729523075,195830.54725350637,5807738.95142604,1019.91,1
2026-09-13T22:01:18.061932+00:00,1789336878.0615,F_lat_northeurope_rep2,r3-sub-northeur,F01,load,16,1,1000,6,99.5,2057015,2044645,133,408,913,20618485,2502.258,,,1,1.0004174709320068,4182.254030511993,4180.2548651054385,,179/D320FEA0,179/D320FEA0,0.084317,0.040766,2.7,16.7,0.0,19382372.4229201,0.0,82.96536437201134,232717.8470634918,6863997.480574492,1019.91,1
2026-09-13T22:01:19.062296+00:00,1789336879.0618892,F_lat_northeurope_rep2,r3-sub-northeur,F01,load,16,1,1000,6,99.5,2061631,2049261,133,408,913,20661960,2506.721,,610356,1,1.0003890991210938,4614.204617038963,4614.204617038963,120241,179/D3865C38,179/D3865C38,0.111927,0.062811,3.7,16.7,0.0,15030567.61934977,0.0,22.991054201017366,225995.06551863518,6700051.016038376,1019.9,1
2026-09-13T22:01:20.063007+00:00,1789336880.0622828,F_lat_northeurope_rep2,r3-sub-northeur,F01,load,16,1,1000,6,99.5,2065848,2053470,133,408,913,20716284,2510.927,,,1,1.0003936290740967,4215.340719335646,4207.343867129176,,179/D3E4EFB8,179/D3D97DA0,0.043726,-0.000276,1.7,16.7,0.0,22572362.861706574,0.0,32.9870153516899,221483.8175299783,6548938.147540667,1019.88,1
2026-09-13T22:01:21.062977+00:00,1789336881.0625203,F_lat_northeurope_rep2,r3-sub-northeur,F01,load,16,1,1000,6,99.5,2070323,2057940,133,408,913,20769374,2515.166,,,1,1.0002374649047852,4473.937596834553,4468.938783877196,,179/D4435C60,179/D4435C60,0.132519,0.087639,1.0,16.7,0.0,14832189.875443472,0.0,20.99501442089958,210064.1171444235,5987391.20471766,1019.87,1
2026-09-13T22:01:22.063059+00:00,1789336882.0626514,F_lat_northeurope_rep2,r3-sub-northeur,F01,load,16,1,1000,6,99.5,2074593,2062208,133,408,913,20809583,2519.148,,,1,1.0001311302185059,4269.4401473805765,4267.440409606627,,179/D4A89D80,179/D4A89D80,0.100940,0.053708,1.8,16.7,0.0,24552300.451476976,0.0,28.99619772225684,220396.09941132634,6719076.9259745395,1019.85,1
2026-09-13T22:01:23.063279+00:00,1789336883.0628386,F_lat_northeurope_rep2,r3-sub-northeur,F01,load,16,1,1000,6,99.5,2078855,2066468,133,408,913,20849705,2523.242,,,1,1.0001871585845947,4261.202479375289,4259.202853622414,,179/D50D6190,179/D4FFFFE0,0.044314,-0.000259,1.2,16.7,0.0,13845984.605118986,0.0,20.996070405180916,223986.07908247,6891783.143621506,1019.85,1
2026-09-13T22:01:24.063708+00:00,1789336884.0632513,F_lat_northeurope_rep2,r3-sub-northeur,F01,load,16,1,1000,6,99.5,2078857,2066468,133,408,913,20849705,2523.242,,,1,1.0004127025604248,1.9991749353854293,0.0,,179/D5649E40,179/D5649E40,0.176486,0.130730,1.0,16.7,0.0,14714951.102003677,0.0,20.99133682154701,183698.18728776096,5563065.108785794,1019.84,1
2026-09-13T22:01:25.064190+00:00,1789336885.0637264,F_lat_northeurope_rep2,r3-sub-northeur,F01,load,16,1,1000,6,99.5,2083227,2070836,133,408,913,20890803,2527.27,,,1,1.0004751682281494,4367.924501054144,4365.925450939245,,179/D5C8FE48,179/D5C8FE48,0.150259,0.105251,1.5,16.7,0.0,31528314.74654535,0.0,34.983377010731125,205465.36938448352,6633564.940700813,1019.82,1
2026-09-13T22:01:26.064764+00:00,1789336886.0643427,F_lat_northeurope_rep2,r3-sub-northeur,F01,load,16,1,1000,6,99.5,2087446,2075053,133,408,913,20930532,2531.459,,,1,1.0006163120269775,4216.401381118252,4214.402612983093,,179/D631BFF0,179/D631BFF0,0.074074,0.027206,1.8,16.7,0.0,7744858.750404883,0.0,18.988297284012038,230944.6660247626,6935966.280562579,1019.82,1
2026-09-13T22:01:27.064970+00:00,1789336887.0645592,F_lat_northeurope_rep2,r3-sub-northeur,F01,load,16,1,1000,6,99.5,2091857,2079462,133,408,913,20972038,2535.684,,,1,1.0002164840698242,4410.045295446333,4408.045728320762,,179/D6937FF8,179/D6937FF8,0.055876,0.010372,1.8,16.7,0.0,14906213.04233493,0.0,19.9956712557077,225050.28019942736,6484258.261381784,1019.81,1
2026-09-13T22:01:28.065490+00:00,1789336888.0650342,F_lat_northeurope_rep2,r3-sub-northeur,F01,load,16,1,1000,6,99.5,2095980,2083583,133,408,913,21010828,2539.619,,,1,1.0004749298095703,4121.042793930647,4119.0437433393645,,179/D6E61D30,179/D6E61D30,0.196879,0.151341,2.0,16.7,0.0,30701323.026501466,0.0,29.985758869250407,192361.6417221283,5599793.491143618,1019.79,1
2026-09-13T22:01:29.065785+00:00,1789336889.0653684,F_lat_northeurope_rep2,r3-sub-northeur,F01,load,16,1,1000,6,99.5,2100158,2087759,133,408,913,21050127,2543.66,,,1,1.0003342628479004,4176.603916480325,4174.604584782633,,179/D751DF50,179/D751DF50,0.073949,0.028038,1.4,16.7,0.0,15575977.529392192,0.0,20.99298282577473,226001.45610965116,7024794.872060149,1019.78,1
2026-09-13T22:01:30.066245+00:00,1789336890.065792,F_lat_northeurope_rep2,r3-sub-northeur,F01,load,16,1,1000,6,99.5,2104698,2092297,133,408,913,21092849,2547.977,,,1,1.0004236698150635,4538.077353606854,4536.078200587644,,179/D7AF6690,179/D7A3FC58,0.045563,-0.000282,2.5,16.7,0.0,22366971.78919854,0.0,30.98687179775605,209417.27622131223,6539519.403023917,1019.76,1
2026-09-13T22:01:31.066577+00:00,1789336891.0661638,F_lat_northeurope_rep2,r3-sub-northeur,F01,load,16,1,1000,6,99.5,2108859,2096456,133,408,913,21131981,2552.105,,,1,1.0003716945648193,4159.453953572841,4157.45469668576,,179/D8111C18,179/D8111C18,0.074808,0.021489,1.6,16.7,0.0,15673662.184955038,0.0,18.992940427273243,205238.71388555822,6157306.362691061,1019.76,1
2026-09-13T22:01:32.066987+00:00,1789336892.0665607,F_lat_northeurope_rep2,r3-sub-northeur,F01,load,16,1,1000,6,99.5,2113456,2101051,133,408,913,21175247,2556.704,,,1,1.000396966934204,4595.1758671238995,4593.176660742727,,179/D8727C60,179/D8635D20,0.044485,-0.000233,1.4,16.7,0.0,14485897.577649405,0.0,15.993651049376199,223255.37499824236,6536681.153722537,1019.75,1
2026-09-13T22:01:33.074251+00:00,1789336893.067036,F_lat_northeurope_rep2,r3-sub-northeur,F01,load,16,1,1000,6,99.5,2117613,2105206,133,408,913,21214353,2560.928,,,1,1.0004751682281494,4155.025663817409,4153.026613702509,,179/D8C5DD08,179/D8C5DD08,0.196106,0.147369,1.8,16.7,0.0,27610304.460550815,0.0,28.986226666034362,176828.97648855645,5442758.773957134,1019.73,1
2026-09-13T22:01:34.067832+00:00,1789336894.067428,F_lat_northeurope_rep2,r3-sub-northeur,F01,load,16,1,1000,6,99.5,2121773,2109364,133,408,913,21253508,2565.191,,,1,1.000392198562622,4158.36909361863,4156.369877708237,,179/D9319E00,179/D9319E00,0.061301,0.015946,1.4,16.7,0.0,10457082.747177336,0.0,18.99255114873894,240676.6069806854,7139661.834890748,1019.73,1
2026-09-13T22:01:35.067997+00:00,1789336895.0675542,F_lat_northeurope_rep2,r3-sub-northeur,F01,load,16,1,1000,6,99.5,2126313,2113904,133,408,913,21296305,2569.53,,,1,1.0001261234283447,4539.427471844529,4539.427471844529,,179/D986CE70,179/D9841FD8,0.042999,-0.000251,1.2,16.7,0.0,13879593.458089035,0.0,24.99684731191921,197264.12037284917,5904419.314393684,1019.72,1
2026-09-13T22:01:36.068334+00:00,1789336896.0678995,F_lat_northeurope_rep2,r3-sub-northeur,F01,load,16,1,1000,6,99.5,2130489,2118076,133,408,913,21335588,2573.397,,,1,1.000345230102539,4174.558816631679,4170.560197075518,,179/D9E73FC8,179/D9E73FC8,0.170071,0.124975,1.5,16.6,0.0,32117935.92168841,0.0,34.98792111640535,207024.52890065953,6133523.523045213,1019.7,1
2026-09-13T22:01:37.068694+00:00,1789336897.0682952,F_lat_northeurope_rep2,r3-sub-northeur,F01,load,16,1,1000,6,99.5,2134976,2122561,133,408,913,21377829,2577.505,,,1,1.0003957748413086,4485.224860842467,4483.225652078998,,179/DA51FBF0,179/DA51FBF0,0.059578,0.007126,1.4,16.7,0.0,7058710.34003533,0.0,15.993670107751162,234075.35886199214,7063859.302205644,1019.69,1
2026-09-13T22:01:38.069099+00:00,1789336898.068636,F_lat_northeurope_rep2,r3-sub-northeur,F01,load,16,1,1000,6,99.5,2139168,2126751,133,408,913,21417278,2581.37,,,1,1.0003407001495361,4190.572271400491,4188.572952568717,,179/DAA851D8,179/DAA4BF90,0.043516,-0.000241,1.4,16.7,0.0,30828280.800121456,0.0,30.98944189251318,206005.81378843696,6027327.488623323,1019.67,1
2026-09-13T22:01:39.069101+00:00,1789336899.0686557,F_lat_northeurope_rep2,r3-sub-northeur,F01,load,16,1,1000,6,99.5,2143336,2130917,133,408,913,21456521,2585.337,,,1,1.0000197887420654,4167.917522155204,4165.917561731905,,179/DB10FFB0,179/DB10FFB0,0.076936,0.032122,2.4,16.6,0.0,15613643.025645465,0.0,20.999584444639943,221671.61339761925,6640937.584199074,1019.67,1
2026-09-13T22:01:40.069193+00:00,1789336900.0687613,F_lat_northeurope_rep2,r3-sub-northeur,F01,load,16,1,1000,6,99.5,2147922,2135501,133,408,913,21499705,2589.723,,,1,1.000105619430542,4585.51568044509,4583.515891661643,,179/DB749ED0,179/DB749ED0,0.048019,0.000934,1.7,16.7,0.0,6282600.435319698,0.0,19.99788783447488,219768.78814574514,6597094.218665393,1019.66,1
2026-09-13T22:01:41.069507+00:00,1789336901.0690508,F_lat_northeurope_rep2,r3-sub-northeur,F01,load,16,1,1000,6,99.5,2147924,2135501,133,408,913,21499705,2589.723,,,1,1.0002894401550293,1.999421287192666,0.0,,179/DBC75FF0,179/DBC75FF0,0.186495,0.141186,1.6,16.7,0.0,26980734.691967953,0.0,51.98495346700932,182197.2647954317,5484791.481103406,1019.64,1
2026-09-13T22:01:42.070157+00:00,1789336902.0697224,F_lat_northeurope_rep2,r3-sub-northeur,F01,load,16,1,1000,6,99.5,2152111,2139686,133,408,913,21539130,2593.701,,,1,1.000671625137329,4184.189792955695,4182.191135304414,,179/DC30DFF8,179/DC30DFF8,0.093984,0.048615,2.1,16.7,0.0,16606318.77886961,0.0,31.978522420487757,224009.54955551674,6987722.869668041,1019.64,1
2026-09-13T22:01:43.070370+00:00,1789336903.0699492,F_lat_northeurope_rep2,r3-sub-northeur,F01,load,16,1,1000,6,99.5,2156555,2144128,133,408,913,21580950,2597.989,,,1,1.0002267360687256,4442.9926133214785,4440.993066690821,,179/DC945FD8,179/DC945FD8,0.064184,0.018610,1.8,16.6,0.0,31351867.400838327,0.0,31.9927460905237,217333.72260613478,6598212.947135752,1019.61,1
2026-09-13T22:01:44.070426+00:00,1789336904.0700054,F_lat_northeurope_rep2,r3-sub-northeur,F01,load,16,1,1000,6,99.5,2160749,2148320,133,408,913,21620444,2602.226,,,1,1.000056266784668,4193.764030382355,4191.764142909592,,179/DCEBCEE8,179/DCE71EE8,0.044295,-0.000256,1.2,16.7,0.0,5357266.5638358435,0.0,10.999381100192155,200967.6921941381,6182910.107528359,1019.61,1
2026-09-13T22:01:45.070671+00:00,1789336905.070241,F_lat_northeurope_rep2,r3-sub-northeur,F01,load,16,1,1000,6,99.5,2164935,2152504,133,408,913,21659840,2606.259,,,1,1.0002355575561523,4185.014188285345,4183.014659289508,,179/DD537F78,179/DD537F78,0.078664,0.033268,2.5,16.7,0.0,16343286.215439593,0.0,30.99269943546242,220988.94438432413,6500812.684451046,1019.6,1
2026-09-13T22:01:46.071264+00:00,1789336906.070699,F_lat_northeurope_rep2,r3-sub-northeur,F01,load,16,1,1000,6,99.5,2169503,2157070,133,408,913,21702838,2610.615,,,1,1.000458002090454,4565.908804222843,4563.909719807684,,179/DDB6BD90,179/DDB6BD90,0.047276,0.002241,3.3,16.6,0.0,31618926.46558085,0.0,33.98443505770067,224223.30525746357,6592161.776125923,1019.58,1
2026-09-13T22:01:47.071567+00:00,1789336907.071132,F_lat_northeurope_rep2,r3-sub-northeur,F01,load,16,1,1000,6,99.5,2173696,2161261,133,408,913,21742303,2614.619,,,1,1.0004329681396484,4191.1853502759695,4189.186215837488,,179/DE10DBB8,179/DE10DBB8,0.101998,0.060178,1.6,16.7,0.0,6198660.177634576,0.0,15.99307550785011,208076.90932766462,5981222.321298724,1019.58,1
2026-09-13T22:01:48.071900+00:00,1789336908.0714624,F_lat_northeurope_rep2,r3-sub-northeur,F01,load,16,1,1000,6,99.5,2178193,2165756,133,408,913,21784607,2618.861,,,1,1.0003304481506348,4495.514465558705,4493.515126236685,,179/DE743F10,179/DE743F10,0.082633,0.034698,1.6,16.7,0.0,14740728.953378348,0.0,18.993723559176203,209141.8894494112,6589014.672287038,1019.57,1
2026-09-13T22:01:49.077901+00:00,1789336909.0718384,F_lat_northeurope_rep2,r3-sub-northeur,F01,load,16,1,1000,6,99.5,2182376,2169937,133,408,913,21823979,2623.067,,732404,1,1.0003759860992432,4181.427841256699,4179.428592946273,122048,179/DED79F18,179/DED79F18,0.192616,0.147219,4.6,16.7,0.0,31748447.02524595,0.0,32.98759712203468,223847.83632519605,6575744.611433928,1019.55,1
2026-09-13T22:01:50.072813+00:00,1789336910.0723662,F_lat_northeurope_rep2,r3-sub-northeur,F01,load,16,1,1000,6,99.5,2186572,2174127,133,408,913,21884946,2627.051,,,1,1.0005278587341309,4193.786273286568,4187.789438768045,,179/DF31BF58,179/DF31BF58,0.114205,0.068664,2.1,16.7,0.0,6378201.210782845,0.0,15.991558716059362,190057.676395526,5966749.399215254,1019.55,1
2026-09-13T22:01:51.072905+00:00,1789336911.07248,F_lat_northeurope_rep2,r3-sub-northeur,F01,load,16,1,1000,6,99.5,2191066,2178621,133,408,913,21927253,2631.204,,,1,1.0001137256622314,4493.48897499059,4493.48897499059,,179/DF951E60,179/DF951E60,0.081694,0.036459,1.4,16.7,0.0,31482371.646435894,0.0,29.996588618094723,214706.5823517366,6598041.633345817,1019.52,1
2026-09-13T22:01:52.073208+00:00,1789336912.072796,F_lat_northeurope_rep2,r3-sub-northeur,F01,load,16,1,1000,6,99.5,2195257,2182805,133,408,913,22002018,2635.053,,,1,1.0003161430358887,4189.67546327965,4182.677675581498,,179/DFF85E90,179/DFF85E90,0.051263,0.005447,1.2,16.7,0.0,6371361.738357291,0.0,14.995259353184146,212050.96156524765,6580685.562088173,1019.52,1
2026-09-13T22:01:53.073793+00:00,1789336913.0733452,F_lat_northeurope_rep2,r3-sub-northeur,F01,load,16,1,1000,6,99.5,2199753,2187299,133,408,913,22044329,2639.296,,,1,1.000549077987671,4493.532700107492,4491.533797660824,,179/E0525C50,179/E0525C50,0.113893,0.069232,1.6,16.7,0.0,14590132.879198838,0.0,20.988475690003852,194146.39848620564,5967840.190317559,1019.51,1
2026-09-13T22:01:54.073903+00:00,1789336914.0734878,F_lat_northeurope_rep2,r3-sub-northeur,F01,load,16,1,1000,6,99.5,2203932,2191476,133,408,913,22083637,2643.356,,,1,1.0001425743103027,4178.404266893482,4176.404552001453,,179/E0B59FC8,179/E0B59FC8,0.083624,0.037987,1.9,16.7,0.0,23859894.192041673,0.0,32.995295718469706,213566.55089630221,6577719.186223659,1019.49,1
2026-09-13T22:01:55.074280+00:00,1789336915.0738375,F_lat_northeurope_rep2,r3-sub-northeur,F01,load,16,1,1000,6,99.5,2208111,2195653,133,408,913,22122963,2647.234,,,1,1.000349760055542,4177.5388637749775,4175.53956305051,,179/E1113FF0,179/E1113FF0,0.051166,0.008961,1.6,16.7,0.0,14617607.344843177,0.0,26.99055978031213,198386.61228746755,6075808.924733023,1019.49,1
2026-09-13T22:01:56.074594+00:00,1789336916.0742095,F_lat_northeurope_rep2,r3-sub-northeur,F01,load,16,1,1000,6,99.5,2212678,2200218,133,408,913,22165966,2651.528,,,1,1.0003719329833984,4565.302013601966,4563.302757191367,,179/E1747FF8,179/E1747FF8,0.099846,0.054840,1.6,16.7,0.0,14838385.115155306,0.0,19.992564105986276,212851.8333825882,6568064.120316578,1019.47,1
2026-09-13T22:01:57.075184+00:00,1789336917.0747616,F_lat_northeurope_rep2,r3-sub-northeur,F01,load,16,1,1000,6,99.5,2216876,2204414,133,408,913,22205477,2655.509,,,1,1.0005521774291992,4195.683238415678,4193.684342161073,,179/E1D83B68,179/E1D83B68,0.069154,0.023621,2.3,16.7,0.0,23473502.461756367,0.0,27.98454756446855,217691.79550400085,6617273.091156216,1019.46,1
2026-09-13T22:01:58.075327+00:00,1789336918.0749285,F_lat_northeurope_rep2,r3-sub-northeur,F01,load,16,1,1000,6,99.5,2216878,2204414,133,408,913,22205477,2655.509,,,1,1.000166893005371,1.9996662696865128,0.0,,179/E2313FA8,179/E2313FA8,0.169677,0.124365,1.2,16.7,0.0,14653042.509697726,0.0,21.99632896655164,186631.85244924677,5896629.893715477,1019.46,1
2026-09-13T22:01:59.076035+00:00,1789336919.0755842,F_lat_northeurope_rep2,r3-sub-northeur,F01,load,16,1,1000,6,99.5,2221325,2208859,133,408,913,22247341,2659.658,,,1,1.0006556510925293,4444.086230008001,4442.0875404509925,,179/E294BE48,179/E294BE48,0.116144,0.071041,2.0,16.7,0.0,24248805.244349014,0.0,28.98099857662065,221662.66663045078,6592991.298052396,1019.43,1
2026-09-13T22:02:00.076462+00:00,1789336920.076022,F_lat_northeurope_rep2,r3-sub-northeur,F01,load,16,1,1000,6,99.5,2225517,2213051,133,408,913,22286805,2663.821,,,1,1.0004377365112305,4190.165811436224,4190.165811436224,,179/E2F85DC8,179/E2F85DC8,0.085766,0.040019,1.6,16.7,0.0,19946980.47835582,0.0,70.96893430629102,217699.70489068524,6591511.654684544,1019.43,1
2026-09-13T22:02:01.076769+00:00,1789336921.076398,F_lat_northeurope_rep2,r3-sub-northeur,F01,load,16,1,1000,6,99.5,2229711,2217241,133,408,913,22326240,2667.77,,,1,1.0003759860992432,4192.423706964044,4188.425210343191,,179/E352DD28,179/E352DD28,0.146277,0.100931,1.5,16.7,0.0,31670652.27499064,0.0,31.98797296682151,202049.03237246242,6013177.128987214,1019.41,1
2026-09-13T22:02:02.084186+00:00,1789336922.0768392,F_lat_northeurope_rep2,r3-sub-northeur,F01,load,16,1,1000,6,99.5,2234222,2221750,133,408,913,22368703,2671.973,,,1,1.000441312789917,4509.010116165871,4507.010998402108,,179/E3B61E00,179/E3B61E00,0.123695,0.078665,3.3,16.7,0.0,7009258.724477051,0.0,13.99382434633611,224414.96280666467,6573159.18078336,1019.4,1
2026-09-13T22:02:03.077387+00:00,1789336923.0769513,F_lat_northeurope_rep2,r3-sub-northeur,F01,load,16,1,1000,6,99.5,2238407,2225933,133,408,913,22408088,2675.827,,,1,1.0001120567321777,4184.531095119784,4182.5313192081385,,179/E410BBE0,179/E410BBE0,0.100689,0.058551,2.4,16.9,0.0,15333705.755040916,0.0,33.996190497986305,207375.76214976065,6005628.028948401,1019.4,1
2026-09-13T22:02:04.077724+00:00,1789336924.0773125,F_lat_northeurope_rep2,r3-sub-northeur,F01,load,16,1,1000,6,99.5,2242907,2230433,133,408,913,22450494,2680.068,,,1,1.0003612041473389,4498.375168232948,4498.375168232948,,179/E473FB48,179/E473FB48,0.146338,0.101054,2.0,16.9,0.0,23170894.576781314,0.0,25.9906120831237,227932.6697743635,6575943.741847778,1019.38,1
2026-09-13T22:02:05.078322+00:00,1789336925.0778756,F_lat_northeurope_rep2,r3-sub-northeur,F01,load,16,1,1000,6,99.5,2247226,2234748,133,408,913,22491116,2684.001,,,1,1.000563144683838,4316.56914703243,4312.571398343352,,179/E4FB3CB0,179/E4FB3CB0,0.099492,0.057354,5.1,16.9,0.0,15113920.675919408,0.0,23.986492134470552,217263.64913100065,6387185.090671499,1019.37,1
2026-09-13T22:02:06.078668+00:00,1789336926.078275,F_lat_northeurope_rep2,r3-sub-northeur,F01,load,16,1,1000,6,99.5,2251358,2238922,146,459,913,22641976,2687.72,,,1,1.0003993511199951,4130.350539885924,4172.333773834426,,179/E563FFF0,179/E563FFF0,0.074284,0.027087,7.6,16.6,0.0,32410992.633791544,0.0,43.982435565096964,212995.93983287332,6880374.314811395,1019.35,1
2026-09-13T22:02:07.079020+00:00,1789336927.0785823,F_lat_northeurope_rep2,r3-sub-northeur,F01,load,16,1,1000,6,99.5,2255669,2243231,146,459,913,22682546,2691.559,,,1,1.000307321548462,4309.675543838499,4307.676158292761,,179/E5BC3FD8,179/E5BC3FD8,0.149718,0.103940,1.5,16.7,0.0,5732638.236740313,0.0,12.996006047297724,188845.9635660561,5699688.3629465485,1019.35,1
2026-09-13T22:02:08.079433+00:00,1789336928.0789988,F_lat_northeurope_rep2,r3-sub-northeur,F01,load,16,1,1000,6,99.5,2259885,2247445,146,459,913,22722191,2695.403,,,1,1.0004165172576904,4214.24469435667,4212.245527044357,,179/E61DAA58,179/E6101BC0,0.045020,-0.000284,1.8,16.6,2047.1473278089327,14508133.112181906,3.9983346246268217,23.99000774776093,216104.98854279894,6667070.050265834,1019.34,1
2026-09-13T22:02:09.079576+00:00,1789336929.0791333,F_lat_northeurope_rep2,r3-sub-northeur,F01,load,16,1,1000,6,99.5,2264152,2251710,146,459,913,22762340,2699.36,,,1,1.0001344680786133,4266.426301852644,4264.426570752644,,179/E674DFC8,179/E674DFC8,0.104816,0.059120,1.6,16.7,0.0,22696979.98071167,0.0,25.996504300016117,177720.10231931016,5569090.135149903,1019.32,1
2026-09-13T22:02:10.080224+00:00,1789336930.0797582,F_lat_northeurope_rep2,r3-sub-northeur,F01,load,16,1,1000,6,99.5,2268358,2255914,146,459,913,22801908,2703.265,,,1,1.0006248950958252,4203.373332618525,4201.374581628216,,179/E6C81BE8,179/E6C81BE8,0.168627,0.122479,1.2,16.6,0.0,13823553.729067829,0.0,24.984387378854755,176781.53008881502,5516030.059867165,1019.32,1
2026-09-13T22:02:11.080592+00:00,1789336931.0801096,F_lat_northeurope_rep2,r3-sub-northeur,F01,load,16,1,1000,6,99.5,2272110,2259664,146,459,913,22837202,2706.592,,,1,1.0003514289855957,3750.681901664006,3748.6826042750595,,179/E7215C98,179/E7215C98,0.168863,0.122966,2.0,16.6,0.0,14789554.521856971,0.0,20.99262258394033,196812.83426530194,5915797.017455165,1019.31,1
2026-09-13T22:02:12.080882+00:00,1789336932.080453,F_lat_northeurope_rep2,r3-sub-northeur,F01,load,16,1,1000,6,99.5,2276328,2263880,146,459,913,22876906,2710.421,,,1,1.0003433227539062,4216.552361631215,4214.5530480410625,,179/E7851FF8,179/E7851FF8,0.058812,0.012983,3.1,16.6,0.0,31409632.35851949,0.0,32.98867423751306,214333.41446189283,6604928.37779998,1019.29,1
2026-09-13T22:02:13.081087+00:00,1789336933.0806403,F_lat_northeurope_rep2,r3-sub-northeur,F01,load,16,1,1000,6,99.5,2276330,2263880,146,459,913,22876906,2710.421,,,1,1.0001873970031738,1.9996252762157665,0.0,,179/E7D7BE58,179/E7D7BE58,0.153176,0.107536,1.6,16.6,0.0,6052753.732089657,0.0,14.997189571618248,181349.0157379222,5468993.127077607,1019.29,1
2026-09-13T22:02:14.081512+00:00,1789336934.0810628,F_lat_northeurope_rep2,r3-sub-northeur,F01,load,16,1,1000,6,99.5,2280498,2268046,146,459,913,22916144,2714.203,,,1,1.000422477722168,4166.239856475431,4164.240701074051,,179/E8301CB8,179/E8301CB8,0.196484,0.150615,1.6,16.6,0.0,14280814.673945848,0.0,17.992398612417887,192794.5485982618,5844175.965849999,1019.28,1
2026-09-13T22:02:15.081695+00:00,1789336935.0812776,F_lat_northeurope_rep2,r3-sub-northeur,F01,load,16,1,1000,6,99.5,2284941,2272487,146,459,913,22957923,2718.19,,,1,1.0002148151397705,4442.0457813146195,4440.046210852628,,179/E8937C30,179/E8937C30,0.137350,0.091810,2.2,16.6,0.0,28694507.9852565,0.0,37.9918387778428,221530.41191360136,6589081.565522543,1019.26,1
2026-09-13T22:02:16.082368+00:00,1789336936.081935,F_lat_northeurope_rep2,r3-sub-northeur,F01,load,16,1,1000,6,99.5,2289091,2276635,146,459,913,22996991,2721.9,,,1,1.000657320022583,4147.273913817312,4145.2752275937855,,179/E8F59FF0,179/E8F59FF0,0.106434,0.060924,2.3,16.6,0.0,9676583.38798888,0.0,16.98883289997453,219255.87872084774,6509546.144980976,1019.25,1
2026-09-13T22:02:17.082814+00:00,1789336937.0823665,F_lat_northeurope_rep2,r3-sub-northeur,F01,load,16,1,1000,6,99.5,2293660,2281202,146,459,913,23039977,2725.948,,,1,1.0004315376281738,4567.02915507062,4565.030017773588,,179/E952BB80,179/E952BB80,0.137417,0.092211,2.0,16.6,0.0,31419145.456490457,0.0,36.984039995100225,204556.72607560232,6175838.893132074,1019.23,1
2026-09-13T22:02:18.090327+00:00,1789336938.0826776,F_lat_northeurope_rep2,r3-sub-northeur,F01,load,16,1,1000,6,99.5,2297864,2285404,146,459,913,23079528,2729.763,,,1,1.0003111362457275,4202.692390067807,4200.693012146747,,179/E9B6DC50,179/E9B6DC50,0.113132,0.068094,2.1,16.6,0.0,6322256.9167184075,0.0,14.995334407948882,219759.62481537246,6631356.744558418,1019.23,1
2026-09-13T22:02:19.083686+00:00,1789336939.0832245,F_lat_northeurope_rep2,r3-sub-northeur,F01,load,16,1,1000,6,99.5,2302086,2289624,146,459,913,23119268,2733.625,,851633,1,1.000546932220459,4219.692114422206,4217.693207688704,119229,179/EA21BC60,179/EA21BC60,0.097480,0.044596,5.1,16.7,0.0,15556291.762804061,0.0,21.98797406851931,235635.12355865393,7084848.068314382,1019.22,1
2026-09-13T22:02:20.084108+00:00,1789336940.0836315,F_lat_northeurope_rep2,r3-sub-northeur,F01,load,16,1,1000,6,99.5,2306610,2294140,146,459,913,23187876,2737.955,,,1,1.0004069805145264,4522.159569171768,4514.162823691358,,179/EA761E38,179/EA761E38,0.155514,0.110307,2.6,16.6,0.0,30592861.301566653,0.0,32.986575106690616,181932.95683161938,5565787.832804061,1019.2,1
2026-09-13T22:02:21.084373+00:00,1789336941.0838964,F_lat_northeurope_rep2,r3-sub-northeur,F01,load,16,1,1000,6,99.5,2310767,2298297,146,459,913,23227009,2741.708,,,1,1.0002648830413818,4155.899172787435,4155.899172787435,,179/EAD71FF0,179/EAD71FF0,0.171580,0.126067,2.5,16.6,0.0,15515634.171631651,0.0,27.992585238885784,215076.03000704342,6419170.670549636,1019.2,1
2026-09-13T22:02:22.084527+00:00,1789336942.0841224,F_lat_northeurope_rep2,r3-sub-northeur,F01,load,16,1,1000,6,99.5,2315205,2302730,146,459,913,23268758,2745.595,,,1,1.0002260208129883,4436.997146297767,4431.998276146463,,179/EB427FE0,179/EB427FE0,0.076394,0.032567,2.0,16.7,0.0,11478493.621539779,0.0,18.995706574956642,236025.65328995732,7107670.518530949,1019.17,1
2026-09-13T22:02:23.084885+00:00,1789336943.0844002,F_lat_northeurope_rep2,r3-sub-northeur,F01,load,16,1,1000,6,99.5,2319472,2306995,146,459,913,23308937,2749.518,,,1,1.0002777576446533,4265.815137234955,4263.815692595988,,179/EBA79B68,179/EBA79B68,0.047432,0.002158,2.3,16.6,0.0,27288164.50370054,0.0,28.991947265013756,217814.5003574094,6699733.097914917,1019.17,1
2026-09-13T22:02:24.085365+00:00,1789336944.084902,F_lat_northeurope_rep2,r3-sub-northeur,F01,load,16,1,1000,6,99.5,2323710,2311231,146,459,913,23348829,2753.367,,,1,1.0005018711090088,4235.874137149167,4233.875140387889,,179/EBFBBBB0,179/EBFBBBB0,0.188967,0.142576,2.0,16.6,0.0,13927602.138868732,0.0,19.989967612785122,175693.82434552972,5554426.393865803,1019.16,1
2026-09-13T22:02:25.085745+00:00,1789336945.0853004,F_lat_northeurope_rep2,r3-sub-northeur,F01,load,16,1,1000,6,99.5,2328073,2315592,146,459,913,23389912,2757.391,,,1,1.0003983974456787,4361.262484166374,4359.263280643951,,179/EC631E30,179/EC631E30,0.126732,0.081200,1.9,16.6,0.0,32488816.538477946,0.0,34.98606164240731,225735.067725618,6837338.021996794,1019.14,1
2026-09-13T22:02:26.086327+00:00,1789336946.0858946,F_lat_northeurope_rep2,r3-sub-northeur,F01,load,16,1,1000,6,99.5,2332273,2319790,146,459,913,23429408,2761.17,,,1,1.000594139099121,4197.506097508671,4195.507285081286,,179/ECC70000,179/ECC70000,0.097510,0.050513,1.2,16.6,0.0,6607018.51197342,0.0,15.99049941908065,215748.81519330462,6607718.096323005,1019.14,1
2026-09-13T22:02:27.086586+00:00,1789336947.0861292,F_lat_northeurope_rep2,r3-sub-northeur,F01,load,16,1,1000,6,99.5,2336742,2324257,146,459,913,23471467,2765.094,,,1,1.000234603881836,4467.951801163591,4465.952270261303,,179/ED1FFFE0,179/ED1FFFE0,0.174552,0.129211,1.0,16.6,0.0,14398158.136209957,0.0,20.995074474028957,190542.29803722652,5895560.878532296,1019.13,1
2026-09-13T22:02:28.087088+00:00,1789336948.086634,F_lat_northeurope_rep2,r3-sub-northeur,F01,load,16,1,1000,6,99.5,2340890,2328403,146,459,913,23510528,2768.953,,,1,1.000504732131958,4145.907427305316,4143.908436260327,,179/ED82FEB0,179/ED82FEB0,0.145746,0.097830,2.3,16.6,0.0,31605167.856247026,0.0,32.98335224230362,214250.86070630187,6551577.208467882,1019.11,1
2026-09-13T22:02:29.087534+00:00,1789336949.087076,F_lat_northeurope_rep2,r3-sub-northeur,F01,load,16,1,1000,6,99.5,2345061,2332572,146,459,913,23549789,2772.669,,,1,1.0004420280456543,4169.157115628153,4167.1579992936395,,179/EDE61B50,179/EDE61B50,0.112674,0.067474,1.6,16.6,0.0,6345994.892280033,0.0,14.993372508852145,215340.81332113806,6555037.489589286,1019.11,1
2026-09-13T22:02:30.087934+00:00,1789336950.087478,F_lat_northeurope_rep2,r3-sub-northeur,F01,load,16,1,1000,6,99.5,2345063,2332572,146,459,913,23549789,2772.669,,,1,1.0004019737243652,1.9991963755871678,0.0,,179/EE413FD0,179/EE413FD0,0.158848,0.113839,1.4,16.6,0.0,31358658.643194098,0.0,33.98633838498185,203031.3867173182,6044024.460977267,1019.08,1
2026-09-13T22:02:31.088326+00:00,1789336951.0878723,F_lat_northeurope_rep2,r3-sub-northeur,F01,load,16,1,1000,6,99.5,2349599,2337106,146,459,913,23592484,2776.864,,,1,1.000394344329834,4534.211959223615,4532.212747601382,,179/EEA3DC40,179/EEA3DC40,0.128024,0.082770,1.4,16.6,0.0,11890095.208373392,0.0,36.985415011303736,220405.084504659,6549142.382836053,1019.08,1
2026-09-13T22:02:32.088746+00:00,1789336952.088317,F_lat_northeurope_rep2,r3-sub-northeur,F01,load,16,1,1000,6,99.5,2353754,2341259,146,459,913,23631561,2780.644,,,1,1.0004446506500244,4153.153297686533,4151.15418659258,,179/EEFFFB90,179/EEFFFB90,0.101585,0.057383,1.2,16.6,0.0,6640759.182113018,0.0,15.992888751620823,193518.95167234686,6093970.312139478,1019.07,1
2026-09-13T22:02:33.089213+00:00,1789336953.0887356,F_lat_northeurope_rep2,r3-sub-northeur,F01,load,16,1,1000,6,99.5,2358349,2345852,146,459,913,23674812,2789.322,,,1,1.0004186630249023,4593.077048469278,4591.077885444917,,179/EF633FF8,179/EF633FF8,0.129815,0.084987,2.0,16.6,0.0,32922152.711959314,0.0,81.96568399879887,215528.76607484164,6572909.165966168,1019.05,1
2026-09-13T22:02:34.095453+00:00,1789336954.0889144,F_lat_northeurope_rep2,r3-sub-northeur,F01,load,16,1,1000,6,99.5,2362511,2350012,146,459,913,23713982,2793.021,,,1,1.0001788139343262,4161.2559094590915,4159.256267023023,,179/EFC67F70,179/EFC67F70,0.097301,0.052008,2.5,16.6,0.0,14849440.71308355,0.0,20.99624557872199,221681.36028380087,6564378.197708063,1019.05,1
2026-09-13T22:02:35.089518+00:00,1789336955.0891705,F_lat_northeurope_rep2,r3-sub-northeur,F01,load,16,1,1000,6,99.5,2366672,2354171,146,459,913,23753148,2796.749,,,1,1.000256061553955,4159.934800630599,4157.935312622605,,179/F0203F10,179/F0203F10,0.161452,0.116209,2.6,16.6,0.0,22952202.82327838,0.0,27.99283211190982,198042.288983734,5938094.482299331,1019.03,1
2026-09-13T22:02:36.089825+00:00,1789336956.0893798,F_lat_northeurope_rep2,r3-sub-northeur,F01,load,16,1,1000,6,99.5,2371143,2358642,146,459,913,23795237,2800.816,,,1,1.0002093315124512,4470.064274684626,4470.064274684626,,179/F0837DD8,179/F0837DD8,0.130961,0.085497,2.5,16.6,0.0,14963651.636171209,0.0,25.99455851974956,214473.10402075524,6574566.736001441,1019.02,1
2026-09-13T22:02:37.090193+00:00,1789336957.089744,F_lat_northeurope_rep2,r3-sub-northeur,F01,load,16,1,1000,6,99.5,2375331,2362826,146,459,913,23834651,2804.484,,,1,1.0003643035888672,4186.474852186646,4182.476308870327,,179/F0E6FD80,179/F0E6FD80,0.101203,0.053395,1.9,16.6,0.0,14560071.713620564,0.0,19.99271658159812,214619.81323179766,6572449.633011045,1019.02,1
2026-09-13T22:02:38.090794+00:00,1789336958.0903347,F_lat_northeurope_rep2,r3-sub-northeur,F01,load,16,1,1000,6,99.5,2379885,2367378,146,459,913,23877505,2808.789,,,1,1.0005905628204346,4551.312164251602,4549.313344680125,,179/F142DD30,179/F142DD30,0.149584,0.101439,1.2,16.6,0.0,23095992.36560783,0.0,26.98406421493044,186945.5968810381,6071463.419438851,1019.0,1
2026-09-13T22:02:39.091087+00:00,1789336959.0906382,F_lat_northeurope_rep2,r3-sub-northeur,F01,load,16,1,1000,6,99.5,2384061,2371552,146,459,913,23916821,2812.674,,,1,1.0003035068511963,4174.73293995081,4172.733546780336,,179/F1A63FE0,179/F1A63FE0,0.115592,0.069657,1.6,16.6,0.0,15445424.20793326,0.0,22.993021460457047,207108.141260189,6565419.350246224,1018.99,1
2026-09-13T22:02:40.091380+00:00,1789336960.090962,F_lat_northeurope_rep2,r3-sub-northeur,F01,load,16,1,1000,6,99.5,2388245,2375734,146,459,913,23956179,2816.535,,,1,1.00032377243042,4182.645774611969,4180.64642194724,,179/F2000000,179/F2000000,0.107894,0.062034,1.8,16.6,0.0,14372306.643347343,0.0,18.993850314920508,195149.81586981984,5936929.785814014,1018.98,1
2026-09-13T22:02:41.091697+00:00,1789336961.091243,F_lat_northeurope_rep2,r3-sub-northeur,F01,load,16,1,1000,6,99.5,2392735,2380222,146,459,913,23998468,2820.64,,,1,1.0002810955047607,4488.7382358598525,4486.738797892876,,179/F2641FD0,179/F2641FD0,0.148516,0.102580,2.1,16.6,0.0,23496243.311626337,0.0,32.99072645509468,211617.5152677296,6606663.8964772355,1018.96,1
2026-09-13T22:02:42.092175+00:00,1789336962.0917056,F_lat_northeurope_rep2,r3-sub-northeur,F01,load,16,1,1000,6,99.5,2396916,2384401,146,459,913,24037802,2824.569,,,1,1.000462532043457,4179.067047578739,4177.067972215153,,179/F2C77FF8,179/F2C77FF8,0.116527,0.070689,1.2,16.6,0.0,14968052.795953715,0.0,19.990753635870554,213339.32372664698,6572411.049286934,1018.96,1
2026-09-13T22:02:43.092421+00:00,1789336963.0919604,F_lat_northeurope_rep2,r3-sub-northeur,F01,load,16,1,1000,6,99.5,2401351,2388834,146,459,913,24079552,2828.66,,,1,1.0002548694610596,4433.869941957485,4431.870451566523,,179/F3209B50,179/F3209B50,0.195239,0.149496,1.8,16.6,0.0,31183092.382050417,0.0,31.991846255386587,197220.734457699,5888884.103282354,1018.94,1
2026-09-13T22:02:44.092778+00:00,1789336964.092348,F_lat_northeurope_rep2,r3-sub-northeur,F01,load,16,1,1000,6,99.5,2405529,2393010,146,459,913,24118863,2832.627,,,1,1.0003876686096191,4176.38094820457,4174.381723241331,,179/F383FFD8,179/F383FFD8,0.165786,0.120043,1.5,16.6,0.0,6559249.184988311,0.0,12.994962261048206,212707.53996372674,6560118.847847318,1018.93,1
2026-09-13T22:02:45.093218+00:00,1789336965.0927706,F_lat_northeurope_rep2,r3-sub-northeur,F01,load,16,1,1000,6,99.5,2409714,2397193,146,459,913,24158261,2836.457,,,1,1.000422477722168,4183.232677387159,4181.233521985779,,179/F3E77F18,179/F3E77F18,0.134454,0.088466,1.8,16.6,0.0,14911332.294297816,0.0,20.991131714487537,221535.406226198,6580552.863015827,1018.93,1
2026-09-13T22:02:46.099941+00:00,1789336966.093112,F_lat_northeurope_rep2,r3-sub-northeur,F01,load,16,1,1000,6,99.5,2414215,2401692,146,459,913,24200642,2840.639,,,1,1.0003414154052734,4499.463813738519,4497.464496336281,,179/F445A060,179/F4423DC8,0.043096,-0.000260,1.7,16.6,0.0,31286854.185998358,0.0,37.987030642538045,214799.66408563362,6514107.983182927,1018.9,1
2026-09-13T22:02:47.093904+00:00,1789336967.0934832,F_lat_northeurope_rep2,r3-sub-northeur,F01,load,16,1,1000,6,99.5,2414217,2401692,146,459,913,24200642,2840.639,,,1,1.0003712177276611,1.9992578400476089,0.0,,179/F4A5BE80,179/F4A5BE80,0.167860,0.120844,1.0,16.6,0.0,6371010.967785634,0.0,14.994433800357067,201480.2069753979,6075840.540281005,1018.9,1
2026-09-13T22:02:48.094076+00:00,1789336968.0936913,F_lat_northeurope_rep2,r3-sub-northeur,F01,load,16,1,1000,6,99.5,2418402,2405877,146,459,913,24240040,2844.458,,,1,1.0002081394195557,4184.129117794077,4184.129117794077,,179/F510DFC8,179/F510DFC8,0.045769,0.003930,2.7,16.7,0.0,15311757.019781526,0.0,21.995421885655837,234350.2224807201,7069791.497701289,1018.88,1
2026-09-13T22:02:49.094702+00:00,1789336969.0942504,F_lat_northeurope_rep2,r3-sub-northeur,F01,load,16,1,1000,6,99.5,2422899,2410370,146,459,913,24282367,2848.587,,973480,1,1.0005590915679932,4494.487170120732,4490.489405237369,121847,179/F5745FE0,179/F5745FE0,0.127447,0.076565,5.3,16.6,0.0,32549098.0737212,0.0,34.98044272942531,218238.98442400116,6578313.120602652,1018.87,1
2026-09-13T22:02:50.094817+00:00,1789336970.0943718,F_lat_northeurope_rep2,r3-sub-northeur,F01,load,16,1,1000,6,99.5,2427087,2414552,146,459,913,24353649,2852.518,,,1,1.0001213550567627,4187.491826691678,4181.492554733668,,179/F5C73F80,179/F5C73F80,0.168009,0.120868,2.0,16.6,0.0,13916519.160027396,0.0,16.9979372143645,181642.95670867807,5472791.84903451,1018.87,1
2026-09-13T22:02:51.095211+00:00,1789336971.0948045,F_lat_northeurope_rep2,r3-sub-northeur,F01,load,16,1,1000,6,99.5,2431266,2418726,146,459,913,24418680,2856.117,,,1,1.0004327297210693,4177.192404695863,4172.194567408598,,179/F631FC70,179/F631FC70,0.060755,0.013000,1.9,16.6,0.0,23979895.18664461,0.0,33.985293553400176,229568.6588183033,7053722.644567516,1018.85,1
2026-09-13T22:02:52.095541+00:00,1789336972.0950816,F_lat_northeurope_rep2,r3-sub-northeur,F01,load,16,1,1000,6,99.5,2435760,2423218,146,459,913,24460996,2860.27,,,1,1.000277042388916,4492.755316334347,4490.755870265663,,179/F684FD68,179/F684FD68,0.199223,0.153884,1.6,16.6,0.0,13807886.630102115,0.0,16.995291583819295,185144.70706805872,5607917.3691752,1018.84,1
2026-09-13T22:02:53.095597+00:00,1789336973.0951428,F_lat_northeurope_rep2,r3-sub-northeur,F01,load,16,1,1000,6,99.5,2439924,2427380,146,459,913,24500199,2864.017,,,1,1.000061273574829,4163.7448724669875,4161.744995006628,,179/F6E7FF00,179/F6E7FF00,0.167664,0.122625,1.4,16.6,0.0,14802037.026276648,0.0,19.998774603587837,219490.55102929723,6423330.419582884,1018.84,1
2026-09-13T22:02:54.095932+00:00,1789336974.095528,F_lat_northeurope_rep2,r3-sub-northeur,F01,load,16,1,1000,6,99.5,2444409,2431863,146,459,913,24542379,2868.108,,,1,1.000385046005249,4483.273733358533,4481.274503154136,,179/F752BBD0,179/F752BBD0,0.059844,0.014416,2.1,16.6,0.0,24230798.028015316,0.0,29.98845306594336,228610.97425760602,7029634.267406973,1018.81,1
2026-09-13T22:02:55.096413+00:00,1789336975.0959551,F_lat_northeurope_rep2,r3-sub-northeur,F01,load,16,1,1000,6,99.5,2448565,2436017,146,459,913,24581524,2871.884,,,1,1.00042724609375,4154.225123543408,4152.225977670673,,179/F7A5BF08,179/F7A5BF08,0.200257,0.154551,1.4,16.6,0.0,13355445.937892746,0.0,18.991885790982856,175308.10029894454,5483912.020010982,1018.81,1
2026-09-13T22:02:56.096619+00:00,1789336976.0961876,F_lat_northeurope_rep2,r3-sub-northeur,F01,load,16,1,1000,6,99.5,2452738,2440188,146,459,913,24620802,2875.652,,,1,1.000232458114624,4172.03017773073,4170.030642538911,,179/F8109E48,179/F8109E48,0.080437,0.038558,2.8,16.6,0.0,32633438.092507318,0.0,40.9904714322933,228939.78109012535,7034680.731380202,1018.79,1
2026-09-13T22:02:57.096663+00:00,1789336977.0962694,F_lat_northeurope_rep2,r3-sub-northeur,F01,load,16,1,1000,6,99.5,2457216,2444664,146,459,913,24662966,2879.75,,,1,1.0000817775726318,4477.63382997425,4475.633993516021,,179/F873FFF8,179/F873FFF8,0.058795,0.005306,2.3,16.6,0.0,11885620.022845307,0.0,22.998119269631033,216660.2820480484,6549519.396201873,1018.78,1
2026-09-13T22:02:58.097046+00:00,1789336978.0966187,F_lat_northeurope_rep2,r3-sub-northeur,F01,load,16,1,1000,6,99.5,2461379,2448824,146,459,913,24702160,2883.591,,,1,1.0003492832183838,4161.546441665401,4158.547489149189,,179/F8C7A2F0,179/F8C6BD80,0.042109,-0.000234,1.4,16.6,0.0,5650506.372948558,0.0,13.995111742328998,184339.61326660262,5707693.398480231,1018.78,1
2026-09-13T22:02:59.097432+00:00,1789336979.0970123,F_lat_northeurope_rep2,r3-sub-northeur,F01,load,16,1,1000,6,99.5,2465850,2453293,146,459,913,24744239,2887.626,,,1,1.0003936290740967,4469.240776891077,4467.24156383946,,179/F9313BA0,179/F9313BA0,0.091596,0.045897,1.6,16.6,0.0,35088907.98563855,0.0,79.9685220647028,221534.79746279452,6791168.798513806,1018.76,1
2026-09-13T22:03:00.097714+00:00,1789336980.0972736,F_lat_northeurope_rep2,r3-sub-northeur,F01,load,16,1,1000,6,99.5,2470012,2457453,146,459,913,24783401,2891.445,,,1,1.0002613067626953,4160.912725365877,4158.9132478428755,,179/F9943FE8,179/F9943FE8,0.061155,0.015172,1.6,16.6,0.0,14602520.26270296,0.0,19.994775230013826,215884.58789722077,6536688.918979835,1018.75,1
2026-09-13T22:03:01.098357+00:00,1789336981.097908,F_lat_northeurope_rep2,r3-sub-northeur,F01,load,16,1,1000,6,99.5,2474179,2461618,146,459,913,24822626,2895.246,,,1,1.0006344318389893,4164.357998696677,4162.359266755858,,179/F9E8A138,179/F9E6DDE0,0.042926,-0.000255,2.5,16.6,0.0,23586188.171263758,0.0,33.97844299392537,193591.1795919194,5869788.019592253,1018.73,1
2026-09-13T22:03:02.103480+00:00,1789336982.098282,F_lat_northeurope_rep2,r3-sub-northeur,F01,load,16,1,1000,6,99.5,2478651,2466089,146,459,913,24864723,2899.352,,,1,1.0003740787506104,4470.327745382188,4469.328119321057,,179/FA51FCA0,179/FA51FCA0,0.097967,0.042072,1.6,16.6,0.0,15640869.083234884,0.0,18.99289516150751,220087.66987942677,6641939.3916107565,1018.72,1
2026-09-13T22:03:03.099081+00:00,1789336983.0986884,F_lat_northeurope_rep2,r3-sub-northeur,F01,load,16,1,1000,6,99.5,2482816,2470252,146,459,913,24903957,2903.382,,,1,1.000406265258789,4163.308592357307,4161.309404557856,,179/FAB51CC8,179/FAB51CC8,0.062242,0.016965,2.2,16.8,0.0,16962836.58880345,0.0,37.984568189574475,215294.53331070865,6536890.288575237,1018.72,1
2026-09-13T22:03:04.099505+00:00,1789336984.0991063,F_lat_northeurope_rep2,r3-sub-northeur,F01,load,16,1,1000,6,99.5,2482816,2470252,146,459,913,24903957,2903.382,,,1,1.000417947769165,0.0,0.0,,179/FB111E58,179/FB111E58,0.111676,0.064225,2.0,16.8,0.0,30621185.943645667,0.0,34.98537793933686,187328.7063850658,6061279.701670402,1018.7,1
2026-09-13T22:03:05.099877+00:00,1789336985.099458,F_lat_northeurope_rep2,r3-sub-northeur,F01,load,16,1,1000,6,99.5,2487359,2474791,146,459,913,24946714,2907.48,,,1,1.0003516674041748,4541.4029366179675,4537.404342793078,,179/FB963FE0,179/FB963FE0,0.058889,0.016781,2.9,16.8,0.0,7140912.773741419,0.0,13.99507838711238,215291.2890712309,6322209.684931451,1018.69,1
2026-09-13T22:03:06.100075+00:00,1789336986.0997279,F_lat_northeurope_rep2,r3-sub-northeur,F01,load,16,1,1000,6,99.5,2491383,2478859,159,510,913,25096285,2911.383,,,1,1.000269889831543,4022.9142563490423,4066.9023844005724,,179/FBF8DFD8,179/FBF8DFD8,0.109837,0.062789,8.3,16.6,0.0,30523346.059273936,0.0,33.990826221637036,213236.449650525,6379034.36349023,1018.67,1
2026-09-13T22:03:07.100724+00:00,1789336987.1002822,F_lat_northeurope_rep2,r3-sub-northeur,F01,load,16,1,1000,6,99.5,2495438,2482912,159,510,913,25134496,2915.109,,,1,1.0005543231964111,4052.753464745156,4050.754572777341,,179/FC53DB88,179/FC53DB88,0.160184,0.111823,1.4,16.6,0.0,14962585.891562013,0.0,21.98781164596632,183942.03666228298,5874360.705596802,1018.67,1
2026-09-13T22:03:08.101031+00:00,1789336988.100577,F_lat_northeurope_rep2,r3-sub-northeur,F01,load,16,1,1000,6,99.5,2499889,2487361,159,510,913,25176394,2919.188,,,1,1.0002949237823486,4449.687681278767,4447.688270952423,,179/FCAD3EF8,179/FCA8FE18,0.044016,-0.000244,1.4,16.6,0.0,6330548.970553261,0.0,11.996461958064526,201240.64934653242,6236961.571702911,1018.66,1
2026-09-13T22:03:09.101204+00:00,1789336989.100784,F_lat_northeurope_rep2,r3-sub-northeur,F01,load,16,1,1000,6,99.5,2504170,2491640,159,510,913,25216715,2923.044,,,1,1.0002069473266602,4280.11424179986,4278.114655608876,,179/FD10FBF8,179/FD10FBF8,0.067492,0.019230,1.8,16.6,0.0,32318943.681004737,0.0,34.99275834220862,205733.42401789487,6237023.264709052,1018.64,1
2026-09-13T22:03:10.101787+00:00,1789336990.1013148,F_lat_northeurope_rep2,r3-sub-northeur,F01,load,16,1,1000,6,99.5,2508506,2495974,159,510,913,25257516,2927.224,,,1,1.00053071975708,4333.700019778245,4331.701080654731,,179/FD63BD30,179/FD63BD30,0.129415,0.083799,1.4,16.6,0.0,13878074.631602777,0.0,16.990982549868583,176591.2795190312,5448838.1939173555,1018.64,1
2026-09-13T22:03:11.102170+00:00,1789336991.1017206,F_lat_northeurope_rep2,r3-sub-northeur,F01,load,16,1,1000,6,99.5,2512655,2500121,159,510,913,25296589,2931.052,,,1,1.0004057884216309,4147.31706675348,4145.317878001128,,179/FDB6FFE8,179/FDB6FFE8,0.204740,0.157335,1.4,16.6,0.0,13773354.932041565,0.0,26.989048156747156,169591.18186198972,5509579.27652153,1018.63,1
2026-09-13T22:03:12.102351+00:00,1789336992.101887,F_lat_northeurope_rep2,r3-sub-northeur,F01,load,16,1,1000,6,99.5,2516848,2504312,159,510,913,25336041,2934.946,,,1,1.000166416168213,4192.302333109734,4190.302665886691,,179/FE10BB70,179/FE10BB70,0.195252,0.153418,2.3,16.6,0.0,23056643.001819786,0.0,29.995008345645605,194076.70249883074,5943042.981559484,1018.61,1
2026-09-13T22:03:13.102840+00:00,1789336993.1023974,F_lat_northeurope_rep2,r3-sub-northeur,F01,load,16,1,1000,6,99.5,2520651,2508113,159,510,913,25371831,2938.39,,,1,1.0005104541778564,3801.0597331789168,3799.0607535664117,,179/FE733EC0,179/FE733EC0,0.115779,0.070636,2.5,16.6,0.0,14762640.348557886,0.0,19.989796125053466,213128.20781590132,6513306.255610165,1018.61,1
2026-09-13T22:03:14.103187+00:00,1789336994.1027317,F_lat_northeurope_rep2,r3-sub-northeur,F01,load,16,1,1000,6,99.5,2524721,2512181,159,510,913,25410153,2942.151,,,1,1.0003342628479004,4068.6400048049127,4066.6406731072198,,179/FED53B70,179/FED53B70,0.066674,0.020543,2.1,16.6,0.0,14658780.11441221,0.0,19.993316976928316,209587.94253744185,6477110.9424502095,1018.6,1
2026-09-13T22:03:15.103348+00:00,1789336995.102912,F_lat_northeurope_rep2,r3-sub-northeur,F01,load,16,1,1000,6,99.5,2529253,2516711,159,510,913,25452799,2946.494,,,1,1.0001802444458008,4531.183279380986,4529.183639804914,,179/FF307F80,179/FF307F80,0.098094,0.053115,1.4,16.6,0.0,23146419.986357287,0.0,29.99459364109214,199258.08483692724,6009400.838876202,1018.58,1
2026-09-13T22:03:16.103738+00:00,1789336996.1033063,F_lat_northeurope_rep2,r3-sub-northeur,F01,load,16,1,1000,6,99.5,2533373,2520829,159,510,913,25491591,2950.283,,,1,1.000394344329834,4118.375941799227,4116.376730176994,,179/FF931E98,179/FF931E98,0.065974,0.020549,2.0,16.6,0.0,14657899.740350118,0.0,21.991327844558977,207882.02290299378,6517780.75011809,1018.57,1
2026-09-13T22:03:17.104221+00:00,1789336997.1037595,F_lat_northeurope_rep2,r3-sub-northeur,F01,load,16,1,1000,6,99.5,2537542,2524996,159,510,913,25530842,2954.178,,,1,1.000453233718872,4167.111324637381,4165.112230694163,,179/FFED58F8,179/FFE62000,0.044930,-0.000294,2.9,16.6,0.0,31295639.76080673,0.0,32.98505006309272,210927.40058981866,6294092.305137618,1018.55,1
2026-09-13T22:03:18.111263+00:00,1789336998.104066,F_lat_northeurope_rep2,r3-sub-northeur,F01,load,16,1,1000,6,99.5,2537544,2524996,159,510,913,25530842,2954.178,,,1,1.0003063678741455,1.9993874519167631,0.0,,17A/537E68,17A/537E68,0.090027,0.044702,2.7,16.6,0.0,15682875.270842783,0.0,21.993261971084394,215813.8815598954,6378231.914647503,1018.55,1
2026-09-13T22:03:19.104862+00:00,1789336999.1044636,F_lat_northeurope_rep2,r3-sub-northeur,F01,load,16,1,1000,6,99.5,2542126,2529576,159,510,913,25573976,2958.442,,1093363,1,1.0003976821899414,4580.178544566074,4578.1793396142775,119883,17A/B7DBA0,17A/B7DBA0,0.190489,0.144054,4.0,16.6,0.0,6354464.942465775,0.0,14.994037138474708,216969.71500858443,6629979.375282771,1018.54,1
2026-09-13T22:03:20.105175+00:00,1789337000.1047068,F_lat_northeurope_rep2,r3-sub-northeur,F01,load,16,1,1000,6,99.5,2546348,2533790,159,510,913,25640557,2962.334,,,1,1.0002431869506836,4220.973514322136,4212.975459344737,,17A/110FE48,17A/110FE48,0.067644,0.025486,2.7,16.6,0.0,31543816.955341708,0.0,32.99197678176942,188813.08312206637,5875405.1781307,1018.52,1
2026-09-13T22:03:21.105498+00:00,1789337001.1050599,F_lat_northeurope_rep2,r3-sub-northeur,F01,load,16,1,1000,6,99.5,2550788,2538230,159,510,913,25682383,2966.422,,,1,1.0003530979156494,4438.432798630054,4438.432798630054,,17A/1764000,17A/1764000,0.113237,0.067931,1.8,16.6,0.0,10551666.228648037,0.0,25.990822694680496,218059.00382026247,6658187.008045455,1018.52,1
2026-09-13T22:03:22.105553+00:00,1789337002.1051395,F_lat_northeurope_rep2,r3-sub-northeur,F01,load,16,1,1000,6,99.5,2555021,2542458,159,510,913,25722209,2970.264,,,1,1.00007963180542,4232.662945407923,4227.663343535247,,17A/1DB7B98,17A/1DB7B98,0.084091,0.038034,1.8,16.6,0.0,32949696.156207044,0.0,71.99426696654157,222456.28540436624,6656380.940368156,1018.49,1
2026-09-13T22:03:23.106117+00:00,1789337003.1056437,F_lat_northeurope_rep2,r3-sub-northeur,F01,load,16,1,1000,6,99.5,2559258,2546693,159,510,913,25762104,2974.247,,,1,1.0005042552947998,4234.86454712935,4232.865555131649,,17A/2325C48,17A/2325C48,0.194943,0.148816,1.2,16.6,0.0,5469497.976685359,0.0,11.993951986205381,186398.00781761782,5730738.244896899,1018.49,1
2026-09-13T22:03:24.106404+00:00,1789337004.105946,F_lat_northeurope_rep2,r3-sub-northeur,F01,load,16,1,1000,6,99.5,2563593,2551026,159,510,913,25802909,2978.302,,,1,1.0003023147583008,4333.689861596941,4331.690466043724,,17A/2965B90,17A/2965B90,0.163466,0.117617,1.9,16.6,0.0,14675627.341267413,0.0,19.993955532165817,222655.68789952836,6615711.972634005,1018.48,1
2026-09-13T22:03:25.106823+00:00,1789337005.1063666,F_lat_northeurope_rep2,r3-sub-northeur,F01,load,16,1,1000,6,99.5,2567804,2555235,159,510,913,25842530,2982.242,,,1,1.0004205703735352,4209.229722683236,4207.2305634703725,,17A/2FA9EE8,17A/2FA9EE8,0.131501,0.085584,1.8,16.6,0.0,32582264.864695232,0.0,35.98486583153562,207755.6241395516,6599372.499442812,1018.46,1
2026-09-13T22:03:26.107187+00:00,1789337006.10674,F_lat_northeurope_rep2,r3-sub-northeur,F01,load,16,1,1000,6,99.5,2572238,2559667,159,510,913,25884298,2986.529,,,1,1.000373363494873,4432.34512413397,4430.345870582263,,17A/35E22F0,17A/353BBB0,0.044965,-0.000402,1.3,16.6,0.0,5953361.232244087,0.0,15.994028413654378,221422.32898540708,6916244.726697443,1018.46,1
2026-09-13T22:03:27.107708+00:00,1789337007.1072257,F_lat_northeurope_rep2,r3-sub-northeur,F01,load,16,1,1000,6,99.5,2576414,2563841,159,510,913,25923599,2990.389,,,1,1.0004856586456299,4173.972873987123,4171.973844832915,,17A/3B6FBC0,17A/3B6FBC0,0.183058,0.136085,1.0,16.6,0.0,14631997.843744347,0.0,19.990291542083924,171774.57619197297,5496444.604157765,1018.45,1
2026-09-13T22:03:28.107917+00:00,1789337008.107478,F_lat_northeurope_rep2,r3-sub-northeur,F01,load,16,1,1000,6,99.5,2580581,2568006,159,510,913,25962833,2994.445,,,1,1.0002522468566895,4165.9491524211735,4163.949656787662,,17A/4205B50,17A/4205B50,0.087596,0.042096,2.3,16.6,0.0,24221730.14470742,0.0,31.99193013618372,227492.6157027689,6942675.731869622,1018.43,1
2026-09-13T22:03:29.108167+00:00,1789337009.1077514,F_lat_northeurope_rep2,r3-sub-northeur,F01,load,16,1,1000,6,99.5,2584983,2572406,159,510,913,26004271,2998.577,,,1,1.0002734661102295,4400.796531290676,4398.79707807337,,17A/4839C10,17A/4839C10,0.057700,0.010717,1.2,16.6,0.0,14897174.127737876,0.0,19.994532173060776,214120.44531469917,6526463.233485983,1018.42,1
2026-09-13T22:03:30.108784+00:00,1789337010.1083193,F_lat_northeurope_rep2,r3-sub-northeur,F01,load,16,1,1000,6,99.5,2589134,2576555,159,510,913,26043353,3002.498,,,1,1.00056791305542,4148.643930949325,4146.645066130752,,17A/4D63C40,17A/4D63C40,0.195804,0.150225,1.6,16.6,0.0,22028065.973747857,0.0,25.985242641455663,182984.08095149364,5447343.38257568,1018.4,1
2026-09-13T22:03:31.115570+00:00,1789337011.108666,F_lat_northeurope_rep2,r3-sub-northeur,F01,load,16,1,1000,6,99.5,2593659,2581078,159,510,913,26085941,3006.717,,,1,1.0003466606140137,4523.4319043186,4521.432597399564,,17A/5421C88,17A/5421C88,0.078949,0.033545,1.8,16.6,0.0,15870594.290038653,0.0,25.990989947465987,246632.50222534285,7132051.598613648,1018.4,1
2026-09-13T22:03:32.109661+00:00,1789337012.1091828,F_lat_northeurope_rep2,r3-sub-northeur,F01,load,16,1,1000,6,99.5,2597808,2585225,159,510,913,26124991,3010.566,,,1,1.0005168914794922,4146.85652519545,4144.8575584443315,,17A/5A0B008,17A/5947DA0,0.046635,-0.000248,1.6,16.6,0.0,14639728.84889593,0.0,22.988117637863425,214527.1127632926,6528105.677797922,1018.39,1
2026-09-13T22:03:33.109914+00:00,1789337013.1094432,F_lat_northeurope_rep2,r3-sub-northeur,F01,load,16,1,1000,6,99.5,2601960,2589377,159,510,913,26164068,3014.572,,,1,1.000260353088379,4150.919295341846,4150.919295341846,,17A/5F75D98,17A/5F75D98,0.182545,0.137517,2.0,16.6,0.0,31248440.372042116,0.0,31.991670869686676,180990.878465823,5428600.647055963,1018.37,1
2026-09-13T22:03:34.110233+00:00,1789337014.1098304,F_lat_northeurope_rep2,r3-sub-northeur,F01,load,16,1,1000,6,99.5,2606500,2593913,159,510,913,26206806,3018.831,,,1,1.000387191772461,4538.2428297149045,4534.244377882556,,17A/6645DA0,17A/6645DA0,0.056323,0.011301,2.3,16.6,0.0,7140659.195509551,0.0,16.993420287478717,233114.73989067497,7153373.27272346,1018.37,1
2026-09-13T22:03:35.110718+00:00,1789337015.1102479,F_lat_northeurope_rep2,r3-sub-northeur,F01,load,16,1,1000,6,99.5,2606502,2593913,159,510,913,26206806,3018.831,,,1,1.0004174709320068,1.99916540655449,0.0,,17A/6B71B40,17A/6B71B40,0.198148,0.153139,1.4,16.6,0.0,13683119.695268055,0.0,18.992071362267655,179607.01929026193,5447516.820076,1018.36,1
2026-09-13T22:03:36.111067+00:00,1789337016.110646,F_lat_northeurope_rep2,r3-sub-northeur,F01,load,16,1,1000,6,99.5,2610661,2598070,159,510,913,26245965,3022.739,,,1,1.0003981590270996,4157.34471567269,4155.34551167381,,17A/7205E30,17A/7205E30,0.106187,0.060834,1.9,16.6,0.0,32611655.37502377,0.0,42.98288597593789,230092.3866391927,6938044.554930035,1018.34,1
2026-09-13T22:03:37.111489+00:00,1789337017.1110625,F_lat_northeurope_rep2,r3-sub-northeur,F01,load,16,1,1000,6,99.5,2615073,2602480,159,510,913,26287501,3027.009,,,1,1.0004165172576904,4410.163090963384,4408.163923651071,,17A/783BC50,17A/783BC50,0.074914,0.029369,1.4,16.6,0.0,6542682.859677349,0.0,17.9925058108207,214698.57433858645,6542551.914218392,1018.34,1
2026-09-13T22:03:38.111771+00:00,1789337018.111344,F_lat_northeurope_rep2,r3-sub-northeur,F01,load,16,1,1000,6,99.5,2619234,2606639,159,510,913,26326679,3030.768,,,1,1.000281572341919,4159.828707288907,4157.82927027507,,17A/7E4DFF8,17A/7D61FA8,0.044957,-0.000246,2.0,16.6,0.0,31276441.419142723,0.0,30.991273714481164,219403.22212092284,6551407.304902294,1018.31,1
2026-09-13T22:03:39.112204+00:00,1789337019.1117613,F_lat_northeurope_rep2,r3-sub-northeur,F01,load,16,1,1000,6,99.5,2623399,2610802,159,510,913,26365888,3034.713,,,1,1.0004172325134277,4163.262951334754,4161.26378545176,,17A/8429FE0,17A/8429FE0,0.090996,0.045178,1.6,16.6,0.0,14927787.641642362,0.0,17.992492946944914,193749.16155035183,6037631.903665682,1018.31,1
2026-09-13T22:03:40.112572+00:00,1789337020.112154,F_lat_northeurope_rep2,r3-sub-northeur,F01,load,16,1,1000,6,99.5,2627937,2615338,159,510,913,26408621,3039.131,,,1,1.0003926753997803,4536.218738493371,4534.219523535904,,17A/8A61FE0,17A/8A61FE0,0.062304,0.015010,1.4,16.6,0.0,14838077.452004563,0.0,19.9921495746733,207521.51140754504,6541355.3706647195,1018.3,1
2026-09-13T22:03:41.113091+00:00,1789337021.1126292,F_lat_northeurope_rep2,r3-sub-northeur,F01,load,16,1,1000,6,99.5,2632096,2619495,159,510,913,26447770,3043.256,,,1,1.0004751682281494,4157.024713932307,4155.025663817409,,17A/8F91FB8,17A/8F91FB8,0.202078,0.156452,1.8,16.6,0.0,22787508.10015211,0.0,27.9867016085849,177086.85395337842,5475572.182068142,1018.28,1
2026-09-13T22:03:42.113491+00:00,1789337022.1130369,F_lat_northeurope_rep2,r3-sub-northeur,F01,load,16,1,1000,6,99.5,2636565,2623962,159,510,913,26489840,3047.457,,,1,1.0004076957702637,4467.1787501185645,4465.179565177809,,17A/963DBB8,17A/963DBB8,0.091881,0.046506,1.4,16.6,0.0,15210438.768450249,0.0,26.988996700201668,231739.52077757605,7019697.09918413,1018.28,1
2026-09-13T22:03:43.113833+00:00,1789337023.113422,F_lat_northeurope_rep2,r3-sub-northeur,F01,load,16,1,1000,6,99.5,2640738,2628133,159,510,913,26529143,3051.337,,,1,1.000385046005249,4171.393821472721,4169.394591268325,,17A/9C75BF0,17A/9C75BF0,0.061640,0.015503,1.4,16.6,0.0,32161696.267330233,0.0,33.98691347473581,216762.5364512518,6551741.278193407,1018.25,1
2026-09-13T22:03:44.114327+00:00,1789337024.1138515,F_lat_northeurope_rep2,r3-sub-northeur,F01,load,16,1,1000,6,99.5,2644891,2632284,159,510,913,26568247,3055.178,,,1,1.000429630279541,4151.216511689648,4149.217370581201,,17A/A215EB0,17A/A215EB0,0.122508,0.078394,1.4,16.6,0.0,13347225.627722465,0.0,16.99269942179726,202577.9663716789,5944974.858789554,1018.25,1
2026-09-13T22:03:45.114682+00:00,1789337025.114246,F_lat_northeurope_rep2,r3-sub-northeur,F01,load,16,1,1000,6,99.5,2649363,2636754,159,510,913,26610331,3059.439,,,1,1.000394344329834,4470.23718731217,4468.237975689938,,17A/A849C38,17A/A849C38,0.092024,0.045647,1.8,16.6,0.0,7656500.702361654,0.0,15.993692977861075,213231.9132040883,6527587.882730952,1018.24,1
2026-09-13T22:03:46.115161+00:00,1789337026.1147168,F_lat_northeurope_rep2,r3-sub-northeur,F01,load,16,1,1000,6,99.5,2653516,2640905,159,510,913,26649413,3063.388,,,1,1.0004708766937256,4151.045369480914,4149.04631079106,,17A/AE7BC70,17A/AE7BC70,0.062786,0.017038,2.7,16.6,0.0,29485507.96149827,0.0,40.98070314199795,214546.9748298433,6544956.132695657,1018.22,1
2026-09-13T22:03:47.121238+00:00,1789337027.115076,F_lat_northeurope_rep2,r3-sub-northeur,F01,load,16,1,1000,6,99.5,2657991,2645378,159,510,913,26691599,3067.59,,,1,1.000359296798706,4473.392724314799,4471.3934426503,,17A/B423FC0,17A/B423FC0,0.052633,0.010547,1.6,16.6,0.0,15534642.452697702,0.0,58.9788091026979,199164.44085398508,5958201.237369367,1018.22,1
2026-09-13T22:03:48.115838+00:00,1789337028.1154456,F_lat_northeurope_rep2,r3-sub-northeur,F01,load,16,1,1000,6,99.5,2662144,2649529,159,510,913,26730717,3071.617,,,1,1.0003695487976074,4151.465830793922,4149.466569618486,,17A/BA57C18,17A/BA57C18,0.096805,0.049052,1.2,16.6,0.0,17548970.798942003,0.0,19.992611754365143,217134.75811122122,6527423.798383833,1018.2,1
2026-09-13T22:03:49.116243+00:00,1789337029.1158123,F_lat_northeurope_rep2,r3-sub-northeur,F01,load,16,1,1000,6,99.5,2666297,2653682,159,510,913,26769845,3075.594,,1214273,1,1.0003666877746582,4151.477703879222,4151.477703879222,120910,17A/C103BD0,17A/C103BD0,0.081604,0.039764,5.4,16.6,0.0,21410133.165914256,0.0,26.990103059171435,228669.14981832015,7026807.355647806,1018.19,1
2026-09-13T22:03:50.116666+00:00,1789337030.1162095,F_lat_northeurope_rep2,r3-sub-northeur,F01,load,16,1,1000,6,99.5,2670780,2658157,159,510,913,26842722,3079.92,,,1,1.0003972053527832,4481.220035414934,4473.22321179608,,17A/C62BFE0,17A/C62BFE0,0.128379,0.082400,1.8,16.6,0.0,13740718.113214346,0.0,16.99325019006332,180060.47901391095,5451529.623252788,1018.19,1
2026-09-13T22:03:51.116997+00:00,1789337031.1165824,F_lat_northeurope_rep2,r3-sub-northeur,F01,load,16,1,1000,6,99.5,2674934,2662306,159,510,913,26909271,3083.712,,,1,1.0003728866577148,4152.451606199242,4147.453469937567,,17A/CC61FC8,17A/CC61FC8,0.095256,0.050164,2.2,16.6,0.0,31416893.059751164,0.0,33.98732657938715,225293.99087673874,6514691.758364181,1018.17,1
2026-09-13T22:03:52.117408+00:00,1789337032.1169639,F_lat_northeurope_rep2,r3-sub-northeur,F01,load,16,1,1000,6,99.5,2674936,2662306,159,510,913,26909271,3083.712,,,1,1.0003814697265625,1.9992373514741997,0.0,,17A/D209C08,17A/D209C08,0.159085,0.113503,1.4,16.6,0.0,6714878.477143424,0.0,19.992373514741995,200248.61121703451,5962775.381705587,1018.16,1
2026-09-13T22:03:53.117932+00:00,1789337033.117483,F_lat_northeurope_rep2,r3-sub-northeur,F01,load,16,1,1000,6,99.5,2679409,2666777,159,510,913,26951382,3087.904,,,1,1.000519037246704,4470.679550795059,4468.680588331033,,17A/D842000,17A/D842000,0.129525,0.082430,1.2,16.6,0.0,14828015.707553066,0.0,19.98962464026407,214673.5764179559,6540313.333774655,1018.15,1
2026-09-13T22:03:54.118504+00:00,1789337034.1180573,F_lat_northeurope_rep2,r3-sub-northeur,F01,load,16,1,1000,6,99.5,2683569,2670935,159,510,913,26990562,3091.8,,,1,1.0005743503570557,4157.612074020787,4155.613222062123,,17A/DE75CE0,17A/DE75CE0,0.099345,0.052234,1.8,16.6,0.0,32004146.407083828,0.0,35.97933525594912,216397.711896906,6533654.393266349,1018.13,1
2026-09-13T22:03:55.118745+00:00,1789337035.1182811,F_lat_northeurope_rep2,r3-sub-northeur,F01,load,16,1,1000,6,99.5,2687724,2675088,159,510,913,27029669,3095.649,,,1,1.0002238750457764,4154.070007386938,4152.070455036812,,17A/E419FD8,17A/E419FD8,0.162145,0.114450,1.2,16.6,0.0,6011582.156769465,0.0,13.996866450882584,193489.68248847564,5932252.916606737,1018.13,1
2026-09-13T22:03:56.119041+00:00,1789337036.118666,F_lat_northeurope_rep2,r3-sub-northeur,F01,load,16,1,1000,6,99.5,2692189,2679551,159,510,913,27071719,3099.842,,,1,1.00038480758667,4463.282495034459,4461.283264353593,,17A/EA4BB58,17A/EA4BB58,0.129051,0.083568,1.6,16.6,0.0,31805489.00653254,0.0,33.98692157473049,223111.14513868003,6535183.211919775,1018.11,1
2026-09-13T22:03:57.119566+00:00,1789337037.1191359,F_lat_northeurope_rep2,r3-sub-northeur,F01,load,16,1,1000,6,99.5,2696338,2683698,159,510,913,27110784,3103.709,,,1,1.0004699230194092,4147.051205176019,4145.05214458061,,17A/EFFFB90,17A/EFFFB90,0.105482,0.060112,1.4,16.6,0.0,6177960.833991099,0.0,17.99154535868121,200009.01116156593,6002680.2023947425,1018.1,1
2026-09-13T22:03:58.119986+00:00,1789337038.1195607,F_lat_northeurope_rep2,r3-sub-northeur,F01,load,16,1,1000,6,99.5,2700864,2688222,159,510,913,27153387,3107.881,,,1,1.000424861907959,4524.077891635205,4522.0787409981585,,17A/F639C38,17A/F639C38,0.143788,0.098650,1.4,16.6,0.0,15648263.648849905,0.0,21.99065700750652,223123.2034500723,6567415.75521188,1018.1,1
2026-09-13T22:03:59.120402+00:00,1789337039.119967,F_lat_northeurope_rep2,r3-sub-northeur,F01,load,16,1,1000,6,99.5,2705031,2692387,159,510,913,27192625,3111.837,,,1,1.000406265258789,4165.307780156759,4163.308592357307,,17A/FC69B68,17A/FC69B68,0.112944,0.067818,2.0,16.6,0.0,31452693.86318806,0.0,31.987004791220606,221121.16615220942,6531844.338569421,1018.08,1
2026-09-13T22:04:00.120868+00:00,1789337040.120395,F_lat_northeurope_rep2,r3-sub-northeur,F01,load,16,1,1000,6,99.5,2709179,2696533,159,510,913,27231662,3115.641,,,1,1.0004279613494873,4146.225575707342,4144.226431263895,,17A/10209D58,17A/10209D58,0.175586,0.132761,1.4,16.6,0.0,15533576.229754351,0.0,21.99058887790779,201988.55670469167,5943625.358070913,1018.07,1
2026-09-13T22:04:01.121243+00:00,1789337041.1208801,F_lat_northeurope_rep2,r3-sub-northeur,F01,load,16,1,1000,6,99.5,2713611,2700963,159,510,913,27273360,3119.747,,,1,1.0004851818084717,4429.850717017857,4427.8516869109,,17A/1081BE88,17A/1081BE88,0.161958,0.109245,2.1,16.6,0.0,23732997.181507025,0.0,26.98690644392648,218623.92764740885,6436434.1592345135,1018.05,1
2026-09-13T22:04:02.121768+00:00,1789337042.1213174,F_lat_northeurope_rep2,r3-sub-northeur,F01,load,16,1,1000,6,99.5,2717748,2705098,159,510,913,27312283,3123.702,,,1,1.0004372596740723,4135.1918473605965,4133.19272149772,,17A/10E51FE0,17A/10E51FE0,0.131092,0.085304,2.1,16.6,0.0,11639838.368068924,0.0,33.98513966890508,217057.08968770807,6543976.5829322105,1018.04,1
2026-09-13T22:04:03.128806+00:00,1789337043.1217647,F_lat_northeurope_rep2,r3-sub-northeur,F01,load,16,1,1000,6,99.5,2722284,2709632,159,510,913,27354994,3128.08,,,1,1.0004472732543945,4533.972075554433,4531.972969701013,,17A/11413C30,17A/11413C30,0.183133,0.137119,2.2,16.8,0.0,14685783.441846631,0.0,28.987034874576402,198418.25282232888,6051810.18716261,1018.04,1
2026-09-13T22:04:04.122591+00:00,1789337044.122164,F_lat_northeurope_rep2,r3-sub-northeur,F01,load,16,1,1000,6,99.5,2726432,2713778,159,510,913,27394037,3132.144,,,1,1.0003993511199951,4146.344152818687,4144.344951202092,,17A/11A46000,17A/11A46000,0.147341,0.101931,2.3,16.9,0.0,23100406.82666143,0.0,25.989621015739115,220028.13151924734,6534831.3077982515,1018.02,1
2026-09-13T22:04:05.122963+00:00,1789337045.122546,F_lat_northeurope_rep2,r3-sub-northeur,F01,load,16,1,1000,6,99.5,2730735,2718081,159,510,913,27434582,3136.283,,,1,1.0003819465637207,4301.357111431953,4301.357111431953,,17A/12319D18,17A/12319D18,0.055396,0.012209,4.1,16.9,0.0,16942776.764634863,0.0,77.97021954257316,238498.90616234014,6946353.864011253,1018.01,1
2026-09-13T22:04:06.123279+00:00,1789337046.1228895,F_lat_northeurope_rep2,r3-sub-northeur,F01,load,16,1,1000,6,99.5,2734898,2722284,172,561,913,27585245,3140.546,,,1,1.0003435611724854,4161.570246046888,4201.556508319738,,17A/12955B88,17A/12955B88,0.053786,0.006417,8.9,16.6,0.0,31630732.90831545,0.0,41.98557538649275,211325.39679889983,6351694.80428577,1017.99,1
2026-09-13T22:04:07.123715+00:00,1789337047.1232662,F_lat_northeurope_rep2,r3-sub-northeur,F01,load,16,1,1000,6,99.5,2738962,2726346,172,561,913,27623480,3144.321,,,1,1.0003767013549805,4062.469662173692,4060.470415292701,,17A/12E79DE0,17A/12E79DE0,0.196745,0.150951,1.0,16.6,0.0,13831077.814246533,0.0,17.993221928918913,179999.1940597023,5292620.262775616,1017.99,1
2026-09-13T22:04:08.124155+00:00,1789337048.123743,F_lat_northeurope_rep2,r3-sub-northeur,F01,load,16,1,1000,6,99.5,2742752,2730134,172,561,913,27659166,3147.882,,,1,1.0004768371582031,3788.193648505923,3786.194601725709,,17A/13425FD8,17A/13425FD8,0.196862,0.151361,1.6,16.7,0.0,6407184.816200161,0.0,19.990467802142074,197280.9291223896,5996539.627085168,1017.98,1
2026-09-13T22:04:09.124328+00:00,1789337049.1237833,F_lat_northeurope_rep2,r3-sub-northeur,F01,load,16,1,1000,6,99.5,2746940,2734320,172,561,913,27698584,3151.749,,,1,1.0000402927398682,4187.831260804397,4185.83134138663,,17A/13A65CE0,17A/13A65CE0,0.083846,0.037180,1.9,16.7,-3768680.149551088,-12772266938.370726,-422.98295685775065,-17661.288378301637,216437.27914901348,6589904.474693245,1017.96,1
2026-09-13T22:04:10.124703+00:00,1789337050.1242204,F_lat_northeurope_rep2,r3-sub-northeur,F01,load,16,1,1000,6,99.5,2746942,2734320,172,561,913,27698584,3151.749,,,1,1.0004370212554932,1.9991263392973109,0.0,,17A/13F89C68,17A/13F89C68,0.168615,0.120730,1.0,16.6,7014406.555240689,12815244009.97331,434.8099787971651,17717.25718202242,171504.04908514666,5420639.065510016,1017.95,1
2026-09-13T22:04:11.124930+00:00,1789337051.124508,F_lat_northeurope_rep2,r3-sub-northeur,F01,load,16,1,1000,6,99.5,2751095,2738471,172,561,913,27737682,3155.679,,,1,1.0002875328063965,4151.806219506091,4149.806794406401,,17A/14521EF8,17A/14521EF8,0.167916,0.121630,1.0,16.6,0.0,13062484.107286122,0.0,30.99108904519355,195487.79084688154,5908774.03361975,1017.95,1
2026-09-13T22:04:12.125403+00:00,1789337052.1249268,F_lat_northeurope_rep2,r3-sub-northeur,F01,load,16,1,1000,6,99.5,2754868,2742242,172,561,913,27773200,3159.316,,,1,1.0004189014434814,3771.4201466565905,3769.4209841086677,,17A/14B31868,17A/14A69D18,0.046978,-0.000257,1.6,16.6,0.0,25556526.33422822,0.0,26.988694396959435,215522.7172226524,6690491.3435186,1017.93,1
2026-09-13T22:04:13.125619+00:00,1789337053.125202,F_lat_northeurope_rep2,r3-sub-northeur,F01,load,16,1,1000,6,99.5,2759107,2746479,172,561,913,27813102,3163.283,,,1,1.0002751350402832,4237.834023365268,4235.834573483991,,17A/150FFFE8,17A/150FFFE8,0.050483,0.008727,1.8,16.6,0.0,15499095.655692417,0.0,25.99284845659282,188579.11527752155,5861636.2584719,1017.92,1
2026-09-13T22:04:14.126224+00:00,1789337054.1257284,F_lat_northeurope_rep2,r3-sub-northeur,F01,load,16,1,1000,6,99.5,2763507,2750877,172,561,913,27854532,3167.564,,,1,1.0005264282226562,4397.68493453611,4395.685986838594,,17A/15615F30,17A/15615F30,0.198149,0.151835,1.2,16.6,0.0,13804444.95057991,0.0,18.99000312640593,193478.14764261368,5367566.361580283,1017.92,1
2026-09-13T22:04:15.126401+00:00,1789337055.1259425,F_lat_northeurope_rep2,r3-sub-northeur,F01,load,16,1,1000,6,99.5,2767643,2755011,172,561,913,27893457,3171.568,,,1,1.0002140998840332,4135.114672428169,4133.115100536279,,17A/15C4DD60,17A/15C4DD60,0.138836,0.091194,2.1,16.6,0.0,23211158.49365823,0.0,26.99422054051271,219532.99801058447,6577195.823137003,1017.9,1
2026-09-13T22:04:16.134342+00:00,1789337056.1263561,F_lat_northeurope_rep2,r3-sub-northeur,F01,load,16,1,1000,6,99.5,2771809,2759175,172,561,913,27932665,3175.489,,,1,1.0004136562347412,4164.277420681743,4162.278247652131,,17A/16213C78,17A/16213C78,0.178672,0.130666,2.5,16.6,0.0,14723125.687264584,0.0,17.99255726650777,203985.62007645782,6114252.801207996,1017.89,1
2026-09-13T22:04:17.127136+00:00,1789337057.1266701,F_lat_northeurope_rep2,r3-sub-northeur,F01,load,16,1,1000,6,99.5,2776372,2763736,172,561,913,27975634,3179.713,,,1,1.0003139972686768,4561.56768020753,4559.568308004941,,17A/16841BB0,17A/16841BB0,0.139428,0.091900,2.1,16.6,0.0,31463784.457618073,0.0,32.98964134272376,214936.51052275693,6538639.884935269,1017.87,1
2026-09-13T22:04:18.127170+00:00,1789337058.126715,F_lat_northeurope_rep2,r3-sub-northeur,F01,load,16,1,1000,6,99.5,2780562,2767926,172,561,913,28015083,3183.725,,,1,1.000044822692871,4189.812201334512,4189.812201334512,,17A/16E83FE8,17A/16E83FE8,0.108347,0.060871,1.2,16.6,0.0,15527240.02728912,0.0,25.99883466221893,218015.22797039547,6606347.88569772,1017.87,1
2026-09-13T22:04:19.127514+00:00,1789337059.127057,F_lat_northeurope_rep2,r3-sub-northeur,F01,load,16,1,1000,6,99.5,2785092,2772452,172,561,913,28057690,3188.092,,1333387,1,1.0003421306610107,4528.450678176121,4524.452046230712,119114,17A/1755FF80,17A/1755FF80,0.096506,0.049376,4.1,16.6,0.0,8361171.386906574,0.0,18.993501740694548,252814.5044064943,7260673.900838923,1017.86,1
2026-09-13T22:04:20.127950+00:00,1789337060.1274903,F_lat_northeurope_rep2,r3-sub-northeur,F01,load,16,1,1000,6,99.5,2789393,2776747,172,561,913,28108923,3192.206,,,1,1.0004332065582275,4299.13758540328,4293.14018351711,,17A/17A87CA0,17A/17A87CA0,0.100396,0.058281,1.8,16.6,0.0,30706697.657193393,0.0,31.986143392909785,173963.63781120707,5448968.471122734,1017.84,1
2026-09-13T22:04:21.128342+00:00,1789337061.1278923,F_lat_northeurope_rep2,r3-sub-northeur,F01,load,16,1,1000,6,99.5,2793574,2780923,172,561,913,28164984,3196.359,,,1,1.0004019737243652,4179.320023164974,4174.322032226006,,17A/18101B60,17A/18101B60,0.077684,0.031680,1.2,16.6,0.0,14846128.246536335,0.0,19.991963755871677,219328.8355711048,6857230.573487544,1017.83,1
2026-09-13T22:04:22.128560+00:00,1789337062.1281645,F_lat_northeurope_rep2,r3-sub-northeur,F01,load,16,1,1000,6,99.5,2797943,2785290,172,561,913,28206127,3200.668,,,1,1.000272274017334,4367.810758617797,4365.8113030176055,,17A/18748BA8,17A/18645FE8,0.045736,-0.000273,2.0,16.6,0.0,23721669.20582746,0.0,30.99156180296445,218517.50336150196,6664934.311559725,1017.81,1
2026-09-13T22:04:23.129212+00:00,1789337063.1287181,F_lat_northeurope_rep2,r3-sub-northeur,F01,load,16,1,1000,6,99.5,2802174,2789519,172,561,913,28245933,3204.639,,,1,1.0005536079406738,4228.658980809822,4226.660087413079,,17A/18C8FFE8,17A/18C8FFE8,0.185633,0.140034,1.2,16.6,0.0,13980100.50534882,0.0,21.98782736417303,181069.7583439649,5544617.455748499,1017.81,1
2026-09-13T22:04:24.129631+00:00,1789337064.12917,F_lat_northeurope_rep2,r3-sub-northeur,F01,load,16,1,1000,6,99.5,2806591,2793934,172,561,913,28287491,3208.986,,,1,1.0004518032073975,4415.005286450904,4413.006189649252,,17A/1931DBD8,17A/1931DBD8,0.108432,0.063244,1.6,16.6,0.0,15746101.86067534,0.0,23.989161619837382,239093.9765745142,6937974.400912826,1017.8,1
2026-09-13T22:04:25.129662+00:00,1789337065.1292048,F_lat_northeurope_rep2,r3-sub-northeur,F01,load,16,1,1000,6,99.5,2810811,2798152,172,561,913,28327231,3213.206,,,1,1.0000348091125488,4219.853110658131,4217.8531802739335,,17A/19969C08,17A/19969C08,0.077840,0.032073,1.6,16.6,0.0,31529910.471797734,0.0,34.998781723467914,218506.3939863391,6644381.714969066,1017.78,1
2026-09-13T22:04:26.129733+00:00,1789337066.1293075,F_lat_northeurope_rep2,r3-sub-northeur,F01,load,16,1,1000,6,99.5,2815013,2802352,172,561,913,28366776,3217.32,,,1,1.0001027584075928,4201.568253536874,4199.568459032573,,17A/19FA9B40,17A/19FA9B40,0.046466,0.000470,1.2,16.6,0.0,5954972.0765521545,0.0,14.998458782259188,215431.86256485808,6607367.037484847,1017.78,1
2026-09-13T22:04:27.129908+00:00,1789337067.1294382,F_lat_northeurope_rep2,r3-sub-northeur,F01,load,16,1,1000,6,99.5,2815015,2802352,172,561,913,28366776,3217.32,,,1,1.0001306533813477,1.9997387273734568,0.0,,17A/1A53BB50,17A/1A53BB50,0.125369,0.079276,2.3,16.6,0.0,15439902.724501366,0.0,21.997126001108025,187193.5425307019,5895087.786847307,1017.77,1
2026-09-13T22:04:28.129957+00:00,1789337068.1295342,F_lat_northeurope_rep2,r3-sub-northeur,F01,load,16,1,1000,6,99.5,2819462,2806797,172,561,913,28408620,3221.601,,,1,1.000096082687378,4446.572761339469,4444.572953486382,,17A/1AB71B78,17A/1AB71B78,0.093283,0.047815,2.0,16.6,0.0,23447347.115877222,0.0,30.997021722852157,213960.44210572992,6582033.580525171,1017.75,1
2026-09-13T22:04:29.130162+00:00,1789337069.129619,F_lat_northeurope_rep2,r3-sub-northeur,F01,load,16,1,1000,6,99.5,2823645,2810978,172,561,913,28447983,3225.705,,,1,1.000084638595581,4182.645986717872,4180.646155980737,,17A/1B0FFFD0,17A/1B0FFFD0,0.080656,0.038635,1.4,16.6,0.0,14326595.41708444,0.0,20.998222739917594,188459.0490907604,5885798.834252796,1017.74,1
2026-09-13T22:04:30.130570+00:00,1789337070.1300917,F_lat_northeurope_rep2,r3-sub-northeur,F01,load,16,1,1000,6,99.5,2828070,2815401,172,561,913,28489637,3229.907,,,1,1.0004727840423584,4422.908919242178,4420.909864363424,,17A/1B72BE28,17A/1B72BE28,0.141540,0.094214,2.0,16.6,0.0,31778127.80827622,0.0,32.98440549943319,223578.29574955194,6541190.429546882,1017.72,1
2026-09-13T22:04:31.130632+00:00,1789337071.130191,F_lat_northeurope_rep2,r3-sub-northeur,F01,load,16,1,1000,6,99.5,2832236,2819565,172,561,913,28528883,3233.868,,,1,1.0000994205474854,4165.585855173681,4163.586053995009,,17A/1BD5BE10,17A/1BD5BE10,0.113063,0.064528,1.6,16.6,0.0,6602095.616039303,0.0,12.998707661367705,220836.04435956528,6553766.420954337,1017.72,1
2026-09-13T22:04:32.136419+00:00,1789337072.1302242,F_lat_northeurope_rep2,r3-sub-northeur,F01,load,16,1,1000,6,99.5,2836405,2823732,172,561,913,28568122,3237.881,,,1,1.0000331401824951,4168.861843157721,4166.861909435889,,17A/1C30FE78,17A/1C30FE78,0.163760,0.117964,2.5,16.6,0.0,14482976.031531243,0.0,20.999304079230544,203981.24002448,6056202.296350672,1017.71,1
2026-09-13T22:04:33.131182+00:00,1789337073.1307082,F_lat_northeurope_rep2,r3-sub-northeur,F01,load,16,1,1000,6,99.5,2840934,2828259,172,561,913,28610725,3242.101,,,1,1.0004839897155762,4526.809070965276,4524.810038476441,,17A/1C93DFD0,17A/1C93DFD0,0.127092,0.080385,3.1,16.6,0.0,31642669.27349825,0.0,35.98258479901743,213893.477756537,6542477.508171656,1017.69,1
2026-09-13T22:04:34.131580+00:00,1789337074.131149,F_lat_northeurope_rep2,r3-sub-northeur,F01,load,16,1,1000,6,99.5,2845099,2832424,172,561,913,28649935,3246.092,,,1,1.0004408359527588,4163.164727310944,4163.164727310944,,17A/1CF76000,17A/1CF76000,0.095024,0.049351,3.1,16.7,0.0,6313248.892909291,0.0,14.993390374469186,209873.48022438647,6551900.686618433,1017.69,1
2026-09-13T22:04:35.131909+00:00,1789337075.1315408,F_lat_northeurope_rep2,r3-sub-northeur,F01,load,16,1,1000,6,99.5,2849645,2836966,172,561,913,28692739,3250.53,,,1,1.0003917217254639,4544.219930328005,4540.2214966013635,,17A/1D52FDA0,17A/1D52FDA0,0.063146,0.021207,2.5,16.7,0.0,28640300.971885487,0.0,88.9651504177722,193069.37053304058,6050702.808255681,1017.66,1
2026-09-13T22:04:36.132461+00:00,1789337076.1320233,F_lat_northeurope_rep2,r3-sub-northeur,F01,load,16,1,1000,6,99.5,2853809,2841128,172,561,913,28731916,3254.669,,,1,1.0004825592041016,4161.991592649573,4159.992557302479,,17A/1DB5DDC8,17A/1DB5DDC8,0.111165,0.065272,1.8,16.7,0.0,15364873.53885397,0.0,26.98697718576813,214839.3273052059,6532805.5345606925,1017.66,1
2026-09-13T22:04:37.133028+00:00,1789337077.1325517,F_lat_northeurope_rep2,r3-sub-northeur,F01,load,16,1,1000,6,99.5,2857973,2845290,172,561,913,28771107,3258.829,,,1,1.000528335571289,4161.801172399989,4159.802228513149,,17A/1E101ED0,17A/1E101ED0,0.162641,0.120646,1.0,16.7,0.0,6263570.732778588,0.0,16.991023038136362,195870.51463974913,5977919.652405326,1017.65,1
2026-09-13T22:04:38.133334+00:00,1789337078.132942,F_lat_northeurope_rep2,r3-sub-northeur,F01,load,16,1,1000,6,99.5,2862453,2849768,172,561,913,28813256,3263.137,,,1,1.0003902912139893,4478.252177521085,4476.252957798978,,17A/1E731CA8,17A/1E731CA8,0.142753,0.097166,2.3,16.7,0.0,31530989.731739316,0.0,38.98478458109874,221066.71960163405,6549436.81235556,1017.63,1
2026-09-13T22:04:39.133730+00:00,1789337079.1333299,F_lat_northeurope_rep2,r3-sub-northeur,F01,load,16,1,1000,6,99.5,2866627,2853940,172,561,913,28852551,3267.2,,,1,1.0003879070281982,4172.381503890317,4170.382279403546,,17A/1ED69B60,17A/1ED69B60,0.112003,0.065747,10.7,16.7,0.0,15849467.880016139,0.0,23.990693841247626,218771.13713833713,6561550.728356591,1017.63,1
2026-09-13T22:04:40.134212+00:00,1789337080.1337276,F_lat_northeurope_rep2,r3-sub-northeur,F01,load,16,1,1000,6,99.5,2868714,2856025,172,561,913,28872199,3269.195,,,1,1.0003976821899414,2086.170367199781,2084.1711622479843,,17A/1F30FFF8,17A/1F30FFF8,0.175778,0.129669,15.8,16.8,0.0,5584723.05510523,0.0,12.994832186678082,192376.4952940582,5969370.087830901,1017.62,1
2026-09-13T22:04:41.134641+00:00,1789337081.134219,F_lat_northeurope_rep2,r3-sub-northeur,F01,load,16,1,1000,6,99.5,2873205,2860514,172,561,913,28914457,3273.472,,,1,1.0004913806915283,4488.7942931561,4486.795275434811,,17A/1F945C08,17A/1F945C08,0.144977,0.098874,4.5,16.8,0.0,32256533.762133658,0.0,37.98133670450497,210958.33914542705,6561207.9491007095,1017.6,1
2026-09-13T22:04:42.134898+00:00,1789337082.1344278,F_lat_northeurope_rep2,r3-sub-northeur,F01,load,16,1,1000,6,99.5,2877372,2864679,172,561,913,28953690,3277.336,,,1,1.000208854675293,4166.129884295787,4164.130301917915,,17A/1FF77ED0,17A/1FF77ED0,0.116413,0.068413,2.3,16.7,0.0,14857185.007449502,0.0,19.99582377871748,209146.31881349548,6562310.430785807,1017.6,1
2026-09-13T22:04:43.135154+00:00,1789337083.1346943,F_lat_northeurope_rep2,r3-sub-northeur,F01,load,16,1,1000,6,99.5,2881926,2869231,172,561,913,28996587,3281.66,,,1,1.0002665519714355,4552.786445797347,4550.786978759228,,17A/2052FB88,17A/2052FB88,0.160866,0.115519,3.7,16.8,8189.816988136116,31186823.090822328,1.999467038119169,35.99040668614504,209278.21647881906,6094309.549774969,1017.58,1
2026-09-13T22:04:44.135536+00:00,1789337084.1350787,F_lat_northeurope_rep2,r3-sub-northeur,F01,load,16,1,1000,6,99.5,2886102,2873405,172,561,913,29035888,3285.549,,,1,1.0003843307495117,4174.395651390542,4172.396419756735,,17A/20B63B88,17A/20B63B88,0.130770,0.084872,2.5,16.8,0.0,6362738.603903415,0.0,11.995389802846386,213940.77598121602,6567299.984674621,1017.57,1
2026-09-13T22:04:45.135824+00:00,1789337085.1353467,F_lat_northeurope_rep2,r3-sub-northeur,F01,load,16,1,1000,6,99.5,2890278,2877579,172,561,913,29075197,3289.608,,,1,1.0002679824829102,4174.881204968838,4172.8817407902125,,17A/21105E88,17A/21105E88,0.114460,0.072544,2.5,16.8,0.0,14930015.017505722,0.0,18.994909696936762,199684.48805509234,5963582.864256996,1017.56,1
2026-09-13T22:04:46.135765+00:00,1789337086.1353993,F_lat_northeurope_rep2,r3-sub-northeur,F01,load,16,1,1000,6,99.5,2894770,2882069,172,561,913,29117460,3293.973,,,1,1.0000526905059814,4491.763326717566,4489.763432093026,,17A/2173BFE0,17A/2173BFE0,0.161359,0.115693,1.8,16.8,0.0,31213971.320057455,0.0,33.9982086171855,228351.9680192632,6596763.413197919,1017.54,1
2026-09-13T22:04:47.136143+00:00,1789337087.1357746,F_lat_northeurope_rep2,r3-sub-northeur,F01,load,16,1,1000,6,99.5,2898946,2886242,172,561,913,29156753,3297.731,,,1,1.0003752708435059,4174.433456835494,4171.434582225698,,17A/21D6DBF8,17A/21D6DBF8,0.128672,0.082835,3.1,16.9,0.0,7292239.435156122,0.0,17.993247658773683,222504.50054839536,6563417.940613145,1017.54,1
2026-09-13T22:04:48.143857+00:00,1789337088.1363118,F_lat_northeurope_rep2,r3-sub-northeur,F01,load,16,1,1000,6,99.5,2903441,2890735,172,561,913,29199032,3301.787,,,1,1.0005371570587158,4492.586775301754,4490.587849039105,,17A/223306E8,17A/2230DFD0,0.042769,-0.000265,5.1,16.9,0.0,14672182.733477945,0.0,24.986578283102077,214498.78046598675,6359675.855223223,1017.53,1
2026-09-13T22:04:49.136865+00:00,1789337089.1364093,F_lat_northeurope_rep2,r3-sub-northeur,F01,load,16,1,1000,6,99.5,2905345,2892638,172,561,913,29216948,3303.634,,1452161,1,1.0000975131988525,1903.8143529724202,1902.8144504761112,118774,17A/224DBDF0,17A/224DBDF0,0.757559,0.715395,5.0,16.9,0.0,18753755.26133397,0.0,21.997854918798975,1542417.5939264498,1535247.2931254175,1017.51,1
2026-09-13T22:04:50.137308+00:00,1789337090.1368308,F_lat_northeurope_rep2,r3-sub-northeur,F01,load,16,1,1000,6,99.5,2905353,2892638,172,561,913,29274733,3303.634,,,1,1.0004215240478516,7.996629228478444,0.0,,17A/224DBDF0,17A/224DBDF0,1.621590,1.579426,0.0,16.9,0.0,9433207.676116139,0.0,5.997471921358833,65.97219113494717,59.97471921358833,1017.51,1
2026-09-13T22:04:51.137353+00:00,1789337091.1368608,F_lat_northeurope_rep2,r3-sub-northeur,F01,load,16,1,1000,6,99.5,2905353,2892638,172,561,913,29274733,3303.634,,,1,1.0000300407409668,0.0,0.0,,17A/224DBDF0,17A/224DBDF0,2.621688,2.579524,0.0,16.8,0.0,8388356.0075700395,0.0,4.999849800807261,353.9893658971541,939.9717625517651,1017.51,1
2026-09-13T22:04:52.145176+00:00,1789337092.1372752,F_lat_northeurope_rep2,r3-sub-northeur,F01,drain,0,0,0,0,0,2905358,2892638,172,561,913,29274733,3303.634,,,1,1.0004143714904785,4.99792900071067,0.0,,17A/224DBDF0,17A/224DBDF0,3.629522,3.587358,0.0,16.8,0.0,8385133.439758706,0.0,5.997514800852803,119.95029601705608,358.8513022510261,1017.51,1
2026-09-13T22:04:53.138126+00:00,1789337093.1376734,F_lat_northeurope_rep2,r3-sub-northeur,F01,drain,0,0,0,0,0,2905360,2892638,172,561,913,29274733,3303.634,,,1,1.0003981590270996,1.999203998880832,0.0,,17A/224DBDF0,17A/224DBDF0,4.622434,4.580270,0.0,16.8,0.0,69604.28642503504,0.0,2.998805998321248,116.95343393452868,65.97373196306745,1017.51,1
2026-09-13T22:04:54.138646+00:00,1789337094.1381817,F_lat_northeurope_rep2,r3-sub-northeur,F01,drain,0,0,0,0,0,2905360,2892638,172,561,913,29274733,3303.634,,,1,1.0005083084106445,0.0,0.0,,17A/224DBDF0,17A/224DBDF0,5.622973,5.580809,0.0,16.8,0.0,4388681.196436214,0.0,28.985266545230285,65.96646868914479,59.96951699013162,1017.51,1
2026-09-13T22:04:55.139058+00:00,1789337095.1385932,F_lat_northeurope_rep2,r3-sub-northeur,F01,drain,0,0,0,0,0,2905364,2892638,172,561,913,29274733,3303.634,,,1,1.0004115104675293,3.998354635214715,0.0,,17A/224DBDF0,17A/224DBDF0,6.623377,6.581213,0.0,16.8,0.0,3496545.1350767273,0.0,17.992595858466217,407.8321727919009,1152.5257236006416,1017.51,1
2026-09-13T22:04:56.139548+00:00,1789337096.139086,F_lat_northeurope_rep2,r3-sub-northeur,F01,drain,0,0,0,0,0,2905366,2892638,172,561,913,29274733,3303.634,,,1,1.000492811203003,1.9990148630805045,0.0,,17A/224DBDF0,17A/224DBDF0,7.623869,7.581705,0.0,16.8,0.0,0.0,0.0,0.0,65.96749048165665,59.970445892415135,1017.51,1
2026-09-13T22:04:57.139803+00:00,1789337097.1393478,F_lat_northeurope_rep2,r3-sub-northeur,F01,drain,0,0,0,0,0,2905368,2892638,172,561,913,29274733,3303.634,,,1,1.0002617835998535,1.9994765698257282,0.0,,17A/224DBDF0,17A/224DBDF0,8.624199,8.582035,0.4,17.0,0.0,3296417.0520774885,0.0,4.998691424564321,116.9693793348051,65.98272680424903,1017.51,1
2026-09-13T22:04:58.140184+00:00,1789337098.1397517,F_lat_northeurope_rep2,r3-sub-northeur,F01,drain,0,0,0,0,0,2905370,2892638,172,561,913,29274733,3303.634,,,1,1.000403881072998,1.9991925639621373,0.0,,17A/224DBDF0,17A/224DBDF0,9.624615,9.582451,0.0,17.0,0.0,110547.35201685035,0.0,5.997577691886412,794.6790441749496,3712.5005912776887,1017.51,1
2026-09-13T22:04:59.140724+00:00,1789337099.140248,F_lat_northeurope_rep2,r3-sub-northeur,F01,drain,0,0,0,0,0,2905372,2892638,172,561,913,29274733,3303.634,,,1,1.0004963874816895,1.9990077175931862,0.0,,17A/224DBE28,17A/224DBE28,0.252297,0.210200,4.9,16.9,0.0,8384446.065931971,0.0,0.9995038587965931,209.89581034728454,202.8992833357084,1017.51,1
2026-09-13T22:05:00.141050+00:00,1789337100.1405704,F_lat_northeurope_rep2,r3-sub-northeur,F01,drain,0,0,0,0,0,2905380,2892689,185,612,913,29305997,3303.634,,,1,1.0003223419189453,7.997422095615084,50.98356585954616,,17A/224DBE28,17A/224DBE28,1.253003,1.210906,3.5,16.7,0.0,6154304.209771249,0.0,23.99226628684525,3236.956593200205,381.87690506562024,1017.52,1
