sample_time,epoch,run_id,host,level_id,phase_state,clients,rows_per_commit,row_bytes,target_wal_mbps,network_latency_ms,xact_commit,tup_inserted,tup_updated,tup_deleted,blks_read,blks_hit,blk_write_time_ms,db_stats_reset,row_count,apply_workers,interval_sec,commits_per_sec,rows_applied_per_sec,row_count_delta,received_lsn,latest_end_lsn,msg_send_age_sec,msg_receipt_age_sec,cpu_pct,mem_used_pct,disk_read_bytes_per_sec,disk_write_bytes_per_sec,disk_read_iops,disk_write_iops,net_sent_bytes_per_sec,net_recv_bytes_per_sec,data_volume_free_gb,db_connected
2026-09-13T21:22:18.862514+00:00,1789334538.8611543,F_lat_centralus_rep3,r3-sub,idle,idle,0,0,0,0,0,2898176,2893765,204,664,494290602,208959979,3555.113,,,1,1.001455307006836,1.9970936156678114,0.0,,176/ECA48F00,176/ECA48F00,1.711063,1.716145,0.6,35.9,0.0,36810.4295239891,0.0,6.98982765483734,1088.4160205389571,4099.034646158183,1005.65,1
2026-09-13T21:22:19.862110+00:00,1789334539.8621106,F_lat_centralus_rep3,r3-sub,idle,idle,0,0,0,0,0,2898178,2893765,204,664,494290602,208959979,3555.113,,,1,1.0009562969207764,1.9980892334186453,0.0,,176/ECA48F00,176/ECA48F00,2.710565,2.715647,0.4,35.9,0.0,69565.47475070355,0.0,7.992356933674581,653.3751793278971,204.80414642541115,1005.65,1
2026-09-13T21:22:20.863801+00:00,1789334540.863801,F_lat_centralus_rep3,r3-sub,idle,idle,0,0,0,0,0,2898191,2893765,211,664,494290602,209023345,3555.113,,0,1,1.00169038772583,12.978062043217085,0.0,,176/ECA4A7B0,176/ECA4A7B0,0.421181,0.240739,10.1,35.9,0.0,175830.7778113645,0.0,13.976374508079937,4223.8600388347295,3407.240442576916,1007.59,1
2026-09-13T21:22:21.865318+00:00,1789334541.8653183,F_lat_centralus_rep3,r3-sub,F01,drain,0,0,0,0,0,2898195,2893765,211,664,494290602,209023345,3555.113,,,1,1.0015172958374023,3.993940011445799,0.0,,176/ECA4B110,176/ECA4B110,0.919693,0.924789,0.4,35.9,0.0,0.0,0.0,0.0,383.41824109879667,1555.6396344581385,1007.59,1
2026-09-13T21:22:22.867097+00:00,1789334542.8670971,F_lat_centralus_rep3,r3-sub,F01,drain,0,0,0,0,0,2898200,2893765,211,664,494290606,209023455,3555.113,,,1,1.0017788410186768,4.991121588189725,0.0,,176/ECA4B110,176/ECA4B110,1.920452,1.925548,0.6,35.9,0.0,53153.448465585294,0.0,5.98934590582767,2666.257152410951,453.19384020762703,1007.59,1
2026-09-13T21:22:23.869007+00:00,1789334543.869007,F_lat_centralus_rep3,r3-sub,F01,drain,0,0,0,0,0,2898202,2893765,211,664,494290606,209023455,3555.113,,,1,1.0019099712371826,1.996187339597341,0.0,,176/ECA4B110,176/ECA4B110,2.922424,2.927520,0.0,35.9,0.0,28617.34170046748,0.0,2.9942810093960115,0.0,0.0,1007.59,1
2026-09-13T21:22:24.870555+00:00,1789334544.8705554,F_lat_centralus_rep3,r3-sub,F01,drain,0,0,0,0,0,2898204,2893765,211,664,494290606,209023455,3555.113,,,1,1.0015482902526855,1.9969082064883863,0.0,,176/ECA4B110,176/ECA4B110,3.923892,3.928988,0.8,35.9,0.0,143138.38024108752,0.0,5.990724619465158,473.26724493774753,1544.6084977187668,1007.59,1
2026-09-13T21:22:25.872233+00:00,1789334545.8722334,F_lat_centralus_rep3,r3-sub,F01,drain,0,0,0,0,0,2898206,2893765,211,664,494290606,209023455,3555.113,,,1,1.0016779899597168,1.9966496419477395,0.0,,176/ECA4B110,176/ECA4B110,4.925634,4.930730,0.0,35.9,0.0,20445.692333544852,0.0,3.993299283895479,1030.2712152450335,1351.7318075986198,1007.59,1
2026-09-13T21:22:26.873210+00:00,1789334546.8732107,F_lat_centralus_rep3,r3-sub,F01,drain,0,0,0,0,0,2898208,2893765,211,664,494290606,209023455,3555.113,,,1,1.0009772777557373,1.9980473527672309,0.0,,176/ECA4B110,176/ECA4B110,5.926805,5.931901,0.6,35.9,0.0,32736.00782773831,0.0,4.995118381918077,182.82133277820162,125.87698322433553,1007.59,1
2026-09-13T21:22:27.873827+00:00,1789334547.8738272,F_lat_centralus_rep3,r3-sub,F01,drain,0,0,0,0,0,2898210,2893765,211,664,494290606,209023455,3555.113,,,1,1.0006165504455566,1.9987676589093353,0.0,,176/ECA4B110,176/ECA4B110,6.927080,6.932176,0.0,36.0,0.0,20467.380827231595,0.0,2.998151488364003,290.82069437130826,1420.1244216550826,1007.59,1
2026-09-13T21:22:28.875736+00:00,1789334548.875736,F_lat_centralus_rep3,r3-sub,F01,drain,0,0,0,0,0,2898212,2893765,211,664,494290606,209023455,3555.113,,,1,1.001908779144287,1.9961897147045315,0.0,,176/ECA4B110,176/ECA4B110,7.929125,7.934221,0.4,35.9,0.0,32705.572285719045,0.0,2.9942845720567974,507.032187534951,336.35796692771356,1007.59,1
2026-09-13T21:22:29.875817+00:00,1789334549.8758175,F_lat_centralus_rep3,r3-sub,F01,drain,0,0,0,0,0,2898214,2893765,211,664,494290606,209023455,3555.113,,,1,1.0000815391540527,1.9998369349880776,0.0,,176/ECA4B110,176/ECA4B110,8.929443,8.934539,0.2,35.9,0.0,413662.27032841387,0.0,63.99478191961848,0.0,0.0,1007.59,1
2026-09-13T21:22:30.876128+00:00,1789334550.8761282,F_lat_centralus_rep3,r3-sub,F01,drain,0,0,0,0,0,2898216,2893765,211,664,494290606,209023455,3555.113,,,1,1.0003106594085693,1.999378874141453,0.0,,176/ECA4B110,176/ECA4B110,9.929512,9.934608,3.9,35.9,0.0,32757.823473933568,0.0,4.998447185353633,563.8248425078898,1636.4916084847794,1007.59,1
2026-09-13T21:22:31.876585+00:00,1789334551.8765857,F_lat_centralus_rep3,r3-sub,F01,drain,0,0,0,0,0,2898218,2893765,211,664,494290606,209023455,3555.113,,,1,1.000457525253296,1.9990853679606637,0.0,,176/ECA4B110,176/ECA4B110,10.930010,10.935106,0.2,35.9,0.0,0.0,0.0,0.0,3138.564027698242,16155.608401174104,1007.59,1
2026-09-13T21:22:32.876829+00:00,1789334552.8768294,F_lat_centralus_rep3,r3-sub,F01,drain,0,0,0,0,0,2898220,2893765,211,664,494290606,209023455,3555.113,,,1,1.0002436637878418,1.9995127911394728,0.0,,176/ECA4B110,176/ECA4B110,11.930351,11.935447,1.0,35.9,0.0,102375.05490634101,0.0,8.997807560127628,182.95542038926177,125.96930584178679,1007.59,1
2026-09-13T21:22:33.877617+00:00,1789334553.8776171,F_lat_centralus_rep3,r3-sub,F01,drain,0,0,0,0,0,2898222,2893765,211,664,494290606,209023455,3555.113,,,1,1.0007877349853516,1.99842577010526,0.0,,176/ECA4B110,176/ECA4B110,12.930843,12.935939,0.6,35.9,0.0,20463.87988587786,0.0,2.99763865515789,728.4261932033672,3896.930251705257,1007.59,1
2026-09-13T21:22:34.879002+00:00,1789334554.8790023,F_lat_centralus_rep3,r3-sub,F01,drain,0,0,0,0,0,2898224,2893765,211,664,494290606,209023455,3555.113,,,1,1.00138521194458,1.997233408426533,0.0,,176/ECA4B110,176/ECA4B110,13.932457,13.937553,0.4,35.9,0.0,85897.01442960835,0.0,4.993083521066333,182.74685687102777,125.82570473087159,1007.59,1
2026-09-13T21:22:35.879257+00:00,1789334555.8792572,F_lat_centralus_rep3,r3-sub,F01,drain,0,0,0,0,0,2898226,2893765,211,664,494290606,209023455,3555.113,,,1,1.0002548694610596,1.9994903909616617,0.0,,176/ECA4B110,176/ECA4B110,14.933331,14.938427,0.6,35.9,0.0,32759.650565515865,0.0,5.998471172884986,0.0,0.0,1007.59,1
2026-09-13T21:22:36.880449+00:00,1789334556.8804495,F_lat_centralus_rep3,r3-sub,F01,drain,0,0,0,0,0,2898228,2893765,211,664,494290606,209023455,3555.113,,,1,1.001192331314087,1.9976181772936237,0.0,,176/ECA4B110,176/ECA4B110,15.933881,15.938977,0.4,35.9,0.0,49093.46432516809,0.0,5.99285453188087,473.4355080185888,1544.158851047971,1007.59,1
2026-09-13T21:22:37.880899+00:00,1789334557.8808992,F_lat_centralus_rep3,r3-sub,F01,drain,0,0,0,0,0,2898230,2893765,211,664,494290606,209023455,3555.113,,,1,1.0004496574401855,1.9991010893215035,0.0,,176/ECA4B110,176/ECA4B110,16.934200,16.939296,0.2,35.9,0.0,0.0,0.0,0.0,2486.8817551159505,327.8525786487266,1007.59,1
2026-09-13T21:22:38.882000+00:00,1789334558.8820002,F_lat_centralus_rep3,r3-sub,F01,drain,0,0,0,0,0,2898232,2893765,211,664,494290606,209023455,3555.113,,,1,1.001101016998291,1.9978003878138246,0.0,,176/ECA4B110,176/ECA4B110,17.935604,17.940700,0.2,35.9,0.0,36823.45674818441,0.0,5.993401163441474,182.79873548496494,125.86142443227095,1007.59,1
2026-09-13T21:22:39.882165+00:00,1789334559.882165,F_lat_centralus_rep3,r3-sub,F01,drain,0,0,0,0,0,2898234,2893765,211,664,494290606,209023455,3555.113,,,1,1.0001647472381592,1.999670559798045,0.0,,176/ECA4B110,176/ECA4B110,18.935426,18.940522,0.2,35.9,0.0,86001.83143579432,0.0,12.997858638687292,290.9520664506156,1419.766097456612,1007.59,1
2026-09-13T21:22:40.883337+00:00,1789334560.8833375,F_lat_centralus_rep3,r3-sub,F01,drain,0,0,0,0,0,2898237,2893765,211,664,494290606,209023455,3555.113,,,1,1.0011725425720215,2.996486492021617,0.0,,176/ECA4B110,176/ECA4B110,19.936743,19.941839,0.2,35.9,0.0,0.0,0.0,0.0,182.78567601331866,125.85243266490792,1007.59,1
2026-09-13T21:22:41.884511+00:00,1789334561.884511,F_lat_centralus_rep3,r3-sub,F01,drain,0,0,0,0,0,2898238,2893765,211,664,494290606,209023455,3555.113,,,1,1.001173496246338,0.9988278792329824,0.0,,176/ECA4B148,176/ECA4B148,0.107028,0.112137,0.4,35.9,0.0,77732.78087342763,0.0,5.992967275397895,185.78198553733475,196.76909220889755,1007.59,1
2026-09-13T21:22:42.885684+00:00,1789334562.8856845,F_lat_centralus_rep3,r3-sub,F01,drain,0,0,0,0,0,2898240,2893765,211,664,494290606,209023455,3555.113,,,1,1.001173496246338,1.9976557584659649,0.0,,176/ECA4B148,176/ECA4B148,1.107991,1.113100,0.2,35.9,0.0,0.0,0.0,0.0,473.4444147564337,1544.1879012941909,1007.59,1
2026-09-13T21:22:43.886852+00:00,1789334563.8868525,F_lat_centralus_rep3,r3-sub,F01,drain,0,0,0,0,0,2898242,2893765,211,664,494290606,209023455,3555.113,,,1,1.0011680126190186,1.9976667000857067,0.0,,176/ECA4B148,176/ECA4B148,2.109179,2.114288,0.2,35.9,0.0,32729.77121420422,0.0,4.994166750214267,0.0,0.0,1007.59,1
2026-09-13T21:22:44.887375+00:00,1789334564.8873756,F_lat_centralus_rep3,r3-sub,F01,drain,0,0,0,0,0,2898244,2893765,211,664,494290606,209023455,3555.113,,,1,1.0005230903625488,1.998954366235847,0.0,,176/ECA4B148,176/ECA4B148,3.109889,3.114998,0.2,35.9,0.0,69595.59521486725,0.0,7.995817464943388,182.90432451058,125.93412507285836,1007.59,1
2026-09-13T21:22:45.888262+00:00,1789334565.888262,F_lat_centralus_rep3,r3-sub,F01,drain,0,0,0,0,0,2898246,2893765,211,664,494290606,209023455,3555.113,,,1,1.0008864402770996,1.9982286896066768,0.0,,176/ECA4B148,176/ECA4B148,4.110461,4.115570,0.2,35.9,0.0,139140.66011469212,0.0,28.974315999296813,290.74227433777145,1418.7423696207404,1007.59,1
2026-09-13T21:22:46.889726+00:00,1789334566.889726,F_lat_centralus_rep3,r3-sub,F01,drain,0,0,0,0,0,2898248,2893765,211,664,494290606,209023455,3555.113,,,1,1.0014638900756836,1.9970764995319543,0.0,,176/ECA4B148,176/ECA4B148,5.112089,5.117198,0.2,35.9,0.0,0.0,0.0,0.0,3225.2785467441063,16205.277255452043,1007.59,1
2026-09-13T21:22:47.891609+00:00,1789334567.89161,F_lat_centralus_rep3,r3-sub,F01,drain,0,0,0,0,0,2898250,2893765,211,664,494290606,209023455,3555.113,,,1,1.0018839836120605,1.9962391182155277,0.0,,176/ECA4B148,176/ECA4B148,6.114054,6.119163,0.4,35.9,0.0,40882.977141054005,0.0,8.983076031969874,0.0,0.0,1007.59,1
2026-09-13T21:22:48.892639+00:00,1789334568.892639,F_lat_centralus_rep3,r3-sub,F01,drain,0,0,0,0,0,2898252,2893765,211,664,494290606,209023455,3555.113,,,1,1.0010290145874023,1.9979440863902902,0.0,,176/ECA4B148,176/ECA4B148,7.114912,7.120021,3.5,35.9,0.0,0.0,0.0,0.0,911.0625033939723,4020.862473860459,1007.59,1
2026-09-13T21:22:49.894415+00:00,1789334569.8944156,F_lat_centralus_rep3,r3-sub,F01,drain,0,0,0,0,0,2898254,2893765,211,664,494290606,209023455,3555.113,,,1,1.0017766952514648,1.996452911592201,0.0,,176/ECA4B148,176/ECA4B148,8.116665,8.121774,0.8,35.9,0.0,49064.826755289934,0.0,7.985811646368804,0.0,0.0,1007.59,1
2026-09-13T21:22:50.895743+00:00,1789334570.8957434,F_lat_centralus_rep3,r3-sub,F01,drain,0,0,0,0,0,2898258,2893765,211,664,494290606,209023760,3555.113,,0,1,1.0013277530670166,3.9946960300942433,0.0,0,176/ECA4B148,176/ECA4B148,9.118216,9.123325,0.8,35.9,0.0,32724.54987853204,0.0,4.9933700376178045,1316.2523419160532,954.7323511925241,1007.59,1
2026-09-13T21:22:51.896732+00:00,1789334571.8967319,F_lat_centralus_rep3,r3-sub,F01,load,16,1,1000,6,0.1,2898261,2893766,211,664,494290606,209023809,3555.259,,,1,1.000988483428955,2.997037478116924,0.9990124927056414,,176/ECC9BFF8,176/ECC9BFF8,0.131702,0.129639,1.4,35.9,0.0,4059219.5287613287,0.0,25.974324810346676,104902.30580904857,2412239.5411868664,1007.59,1
2026-09-13T21:22:52.898034+00:00,1789334572.8980346,F_lat_centralus_rep3,r3-sub,F01,load,16,1,1000,6,0.1,2902062,2897562,211,664,494290606,209056867,3560.407,,,1,1.001302719116211,3796.054806836949,3791.0613119581844,,176/ED315C08,176/ED315C08,0.128894,0.127572,2.2,35.9,0.0,6905052.655906707,0.0,12.983086684788303,291194.6551561896,6812401.354528155,1007.58,1
2026-09-13T21:22:53.899522+00:00,1789334573.8995223,F_lat_centralus_rep3,r3-sub,F01,load,16,1,1000,6,0.1,2906842,2902340,211,664,494290606,209101536,3566.594,,,1,1.0014877319335938,4772.899205436248,4770.902176479999,,176/EDA40BB8,176/ED93DFE0,0.004117,-0.000192,2.9,35.9,0.0,14960910.176175276,0.0,23.964347474993716,317051.3126376012,7596263.795775023,1007.57,1
2026-09-13T21:22:54.900512+00:00,1789334574.9005122,F_lat_centralus_rep3,r3-sub,F01,load,16,1,1000,6,0.1,2910991,2906487,211,664,494290606,209140294,3572.095,,,1,1.0009899139404297,4144.896908768366,4142.898886638326,,176/EDFFFFB0,176/EDFFFFB0,0.016700,0.016719,1.6,35.9,0.0,14915155.279864788,0.0,27.972309820562607,240323.10081229862,5952888.153031495,1007.57,1
2026-09-13T21:22:55.902394+00:00,1789334575.9023945,F_lat_centralus_rep3,r3-sub,F01,load,16,1,1000,6,0.1,2915509,2911003,211,664,494290606,209182530,3578.226,,,1,1.0018823146820068,4509.511679956137,4507.515437512598,,176/EE627F28,176/EE627F28,0.097232,0.092940,2.7,35.9,0.0,8103019.567299883,0.0,26.94927298778568,275924.62303094164,6434357.514381398,1007.56,1
2026-09-13T21:22:56.903440+00:00,1789334576.903441,F_lat_centralus_rep3,r3-sub,F01,load,16,1,1000,6,0.1,2919589,2915081,211,664,494290606,209220623,3583.289,,,1,1.0010464191436768,4075.735072795272,4073.7371634458627,,176/EEC3FFC0,176/EEC3FFC0,0.074854,0.072630,1.4,35.9,0.0,6260329.071813538,0.0,11.987456096456683,270835.59245127,6468160.592931181,1007.56,1
2026-09-13T21:22:57.904963+00:00,1789334577.9049633,F_lat_centralus_rep3,r3-sub,F01,load,16,1,1000,6,0.1,2924162,2919652,211,664,494290606,209263341,3588.704,,,1,1.0015223026275635,4566.049091470471,4564.05213144796,,176/EF20BC28,176/EF20BC28,0.109744,0.105821,2.5,35.9,0.0,14682289.112705082,0.0,20.968080236361224,245605.11468856657,6075219.677122491,1007.55,1
2026-09-13T21:22:58.906255+00:00,1789334578.906255,F_lat_centralus_rep3,r3-sub,F01,load,16,1,1000,6,0.1,2928219,2923707,211,664,494290606,209301246,3593.34,,,1,1.0012917518615723,4051.7661235672267,4049.768703738009,,176/EF81BC10,176/EF81BC10,0.079908,0.076050,2.1,35.9,0.0,14063880.95559468,0.0,20.972908206781305,264944.75711678056,6376812.740271856,1007.55,1
2026-09-13T21:22:59.907163+00:00,1789334579.9071634,F_lat_centralus_rep3,r3-sub,F01,load,16,1,1000,6,0.1,2932275,2927761,211,664,494290606,209339195,3598.447,,,1,1.000908374786377,4052.3189756161933,4050.3207907169744,,176/EFE2FFE8,176/EFE2FFE8,0.048397,0.045699,2.3,35.9,0.0,6212085.098525671,0.0,15.985479193752242,262975.1200315189,6356753.685229129,1007.54,1
2026-09-13T21:23:00.907742+00:00,1789334580.907743,F_lat_centralus_rep3,r3-sub,F01,load,16,1,1000,6,0.1,2932277,2927761,211,664,494290606,209339195,3598.447,,,1,1.000579595565796,1.9988414803412653,0.0,,176/F0409BF0,176/F0409BF0,0.106193,0.106578,2.2,35.9,0.0,14818931.013294859,0.0,19.988414803412653,259164.7892373476,5801783.312118587,1007.53,1
2026-09-13T21:23:01.908796+00:00,1789334581.9087958,F_lat_centralus_rep3,r3-sub,F01,load,16,1,1000,6,0.1,2936632,2932114,211,664,494290606,209379872,3603.682,,,1,1.0010528564453125,4350.4196326499505,4348.42173614816,,176/F0A29FD8,176/F0A29FD8,0.071551,0.066889,2.5,35.9,0.0,14693266.100083835,0.0,20.977913268805732,256561.8771739959,6374759.293590427,1007.53,1
2026-09-13T21:23:02.908956+00:00,1789334582.9089565,F_lat_centralus_rep3,r3-sub,F01,load,16,1,1000,6,0.1,2940678,2936158,211,664,494290606,209417641,3608.358,,,1,1.0001606941223145,4045.3499360425726,4043.3502573791807,,176/F0FFFDA8,176/F0FFFDA8,0.016009,0.017896,2.1,35.9,0.0,6069296.699693777,0.0,11.998071980353652,255813.89221111528,6182423.520878537,1007.52,1
2026-09-13T21:23:03.910727+00:00,1789334583.9107275,F_lat_centralus_rep3,r3-sub,F01,load,16,1,1000,6,0.1,2944633,2940111,211,664,494290606,209454572,3612.788,,,1,1.0017709732055664,3948.0081832920328,3946.011718976841,,176/F160BE98,176/F160BE98,0.039024,0.038086,2.3,35.9,0.0,14858549.906242473,0.0,20.96287530951522,265761.34378108836,6359050.292319453,1007.52,1
2026-09-13T21:23:04.911641+00:00,1789334584.9116418,F_lat_centralus_rep3,r3-sub,F01,load,16,1,1000,6,0.1,2948656,2944132,211,664,494290606,209492146,3617.654,,,1,1.0009143352508545,4019.3249894774804,4017.326816477492,,176/F1C1DFF0,176/F1C1DFF0,0.010648,0.008189,1.9,35.9,0.0,14768960.219053252,0.0,25.97624899985446,270850.3519754825,6379079.382852259,1007.51,1
2026-09-13T21:23:05.914686+00:00,1789334585.9146862,F_lat_centralus_rep3,r3-sub,F01,load,16,1,1000,6,0.1,2952715,2948189,211,664,494290606,209530074,3623.027,,,1,1.0030443668365479,4046.680420330239,4044.6864905838333,,176/F2205BB8,176/F2205BB8,0.012248,0.013863,4.2,35.9,0.0,14651842.416851811,0.0,19.939297464056363,253430.4646979028,6208884.876789159,1007.51,1
2026-09-13T21:23:06.915982+00:00,1789334586.9159822,F_lat_centralus_rep3,r3-sub,F01,load,16,1,1000,6,0.1,2956677,2952149,211,664,494290606,209567088,3627.478,,,1,1.001296043395996,3956.8717225352048,3954.874311266888,,176/F2723B88,176/F2723B88,0.145877,0.144423,5.7,35.9,0.0,5052012.372727836,0.0,10.985761975741356,232978.0503364494,5383482.772704977,1007.5,1
2026-09-13T21:23:07.916901+00:00,1789334587.9169016,F_lat_centralus_rep3,r3-sub,F01,load,16,1,1000,6,0.1,2960773,2956243,211,664,494290606,209605360,3632.193,,,1,1.0009193420410156,4092.2378337176287,4090.2396707128837,,176/F2D4BFE8,176/F2D4BFE8,0.119521,0.115255,2.9,35.9,0.0,15877882.794824399,0.0,21.979793052194296,275190.00625797966,6451893.503058483,1007.5,1
2026-09-13T21:23:08.918389+00:00,1789334588.9183896,F_lat_centralus_rep3,r3-sub,F01,load,16,1,1000,6,0.1,2964896,2960364,211,664,494290606,209643930,3637.014,,,1,1.0014879703521729,4116.874213227094,4114.877184746265,,176/F3320C60,176/F331FFA8,-0.004855,-0.000172,2.5,35.9,0.0,14584634.49627227,0.0,18.971770567866788,261783.47395207052,6385186.032490546,1007.49,1
2026-09-13T21:23:09.919713+00:00,1789334589.9197133,F_lat_centralus_rep3,r3-sub,F01,load,16,1,1000,6,0.1,2969473,2964939,211,664,494290606,209686683,3643.187,,,1,1.0013236999511719,4570.9494344568,4568.952078356972,,176/F394FFF0,176/F394FFF0,0.122717,0.118316,2.3,35.9,0.0,6483577.688530274,0.0,21.970917098110032,259564.4145970719,6238060.679383293,1007.49,1
2026-09-13T21:23:10.920732+00:00,1789334590.920733,F_lat_centralus_rep3,r3-sub,F01,load,16,1,1000,6,0.1,2973625,2969089,211,664,494290606,209725462,3648.298,,,1,1.0010197162628174,4147.770451016665,4145.772488371666,,176/F3F7FD48,176/F3F7FD48,0.092859,0.088448,2.1,35.9,0.0,14607824.164135454,0.0,22.976570417481526,285602.76621458534,6543729.252861383,1007.48,1
2026-09-13T21:23:11.922418+00:00,1789334591.922418,F_lat_centralus_rep3,r3-sub,F01,load,16,1,1000,6,0.1,2978113,2973575,211,664,494290606,209767397,3654.466,,,1,1.0016851425170898,4480.449803540368,4478.453168155545,,176/F45336E8,176/F4520000,-0.001362,-0.000208,7.9,36.1,0.0,15743070.6822438,0.0,24.957942310273882,258410.54140980612,6669808.422246828,1007.48,1
2026-09-13T21:23:12.923211+00:00,1789334592.9232113,F_lat_centralus_rep3,r3-sub,F01,load,16,1,1000,6,0.1,2982281,2977787,224,715,494290606,209846941,3659.712,,,1,1.000793218612671,4164.696485231789,4208.661611275503,,176/F4B51C38,176/F4B51C38,0.126115,0.120754,4.7,35.9,0.0,9343756.358544141,0.0,26.978600072278866,236086.7316102821,5851572.423840018,1007.47,1
2026-09-13T21:23:13.924048+00:00,1789334593.9239511,F_lat_centralus_rep3,r3-sub,F01,load,16,1,1000,6,0.1,2986457,2981961,224,715,494290606,209885927,3664.406,,,1,1.0007398128509521,4172.912825465817,4170.9143039976825,,176/F5213D28,176/F5213D28,0.005803,0.007357,2.9,35.9,0.0,7375535.484066234,0.0,13.98965027694479,289666.7008522166,7160709.415152736,1007.47,1
2026-09-13T21:23:14.924820+00:00,1789334594.924786,F_lat_centralus_rep3,r3-sub,F01,load,16,1,1000,6,0.1,2991020,2986522,224,715,494290606,209928538,3669.418,,,1,1.0008349418640137,4559.193338615458,4557.195007106093,,176/F5745D30,176/F5745D30,0.142707,0.138372,2.3,35.9,0.0,15453593.14813119,0.0,60.94911103562194,217471.4240038725,5478493.776194517,1007.46,1
2026-09-13T21:23:15.926034+00:00,1789334595.9260347,F_lat_centralus_rep3,r3-sub,F01,load,16,1,1000,6,0.1,2995210,2990710,224,715,494290606,209967691,3674.793,,,1,1.0012485980987549,4184.774898018617,4182.777392100708,,176/F5D7DC00,176/F5D7DC00,0.114065,0.109832,2.7,35.9,0.0,15995388.18871872,0.0,28.96383580967539,271287.2712289272,6574637.919593594,1007.46,1
2026-09-13T21:23:16.926945+00:00,1789334596.9269452,F_lat_centralus_rep3,r3-sub,F01,load,16,1,1000,6,0.1,2999648,2995146,224,715,494290606,210009146,3680.385,,,1,1.0009105205535889,4433.962785749727,4431.964605134247,,176/F641BDD0,176/F6311F80,0.004388,-0.000174,1.8,35.9,0.0,16270881.028398644,0.0,44.95906384829601,279005.95933944767,6997265.845628629,1007.45,1
2026-09-13T21:23:17.928401+00:00,1789334597.9284012,F_lat_centralus_rep3,r3-sub,F01,load,16,1,1000,6,0.1,3003842,2999338,224,715,494290606,210048317,3686.073,,,1,1.0014560222625732,4187.90232098716,4185.905228797848,,176/F698C1B0,176/F6952000,0.002630,-0.000218,2.3,35.9,0.0,6527711.506722556,0.0,11.982553135871704,273375.95851834497,6581206.616651561,1007.44,1
2026-09-13T21:23:18.929535+00:00,1789334598.9295354,F_lat_centralus_rep3,r3-sub,F01,load,16,1,1000,6,0.1,3008017,3003511,224,715,494290606,210087313,3691.425,,,1,1.0011341571807861,4170.270258041024,4168.272523785675,,176/F6F8FB40,176/F6F8FB40,0.131658,0.126877,1.6,35.9,0.0,14737077.83734697,0.0,20.97620968116443,232152.70234559584,5479250.668508983,1007.44,1
2026-09-13T21:23:19.929812+00:00,1789334599.9298122,F_lat_centralus_rep3,r3-sub,F01,load,16,1,1000,6,0.1,3012510,3008002,224,715,494290606,210129282,3697.6,,,1,1.000276803970337,4491.756663921639,4489.757217376381,,176/F763DC00,176/F763DC00,0.019552,0.016343,2.7,35.9,0.0,15585061.992962401,0.0,22.993635270464658,293417.780793309,7060065.745770731,1007.43,1
2026-09-13T21:23:20.930711+00:00,1789334600.9307113,F_lat_centralus_rep3,r3-sub,F01,load,16,1,1000,6,0.1,3016687,3012176,224,715,494290606,210168295,3702.892,,118649,1,1.000899076461792,4173.2479310160015,4170.250625822549,118649,176/F7C75EE8,176/F7C75EE8,0.013731,0.008921,3.1,35.9,0.0,14744631.448926473,0.0,24.97754327876467,260333.9398824461,6550635.477832101,1007.43,1
2026-09-13T21:23:21.931264+00:00,1789334601.9312649,F_lat_centralus_rep3,r3-sub,F01,load,16,1,1000,6,0.1,3016688,3012176,224,715,494290606,210168295,3702.892,,,1,1.0005536079406738,0.9994466983715014,0.0,,176/F820DDC0,176/F820DDC0,0.072509,0.069060,3.3,35.9,0.0,6701442.028479069,0.0,13.992253777201018,240829.67477969205,5858959.43353351,1007.42,1
2026-09-13T21:23:22.932416+00:00,1789334602.932416,F_lat_centralus_rep3,r3-sub,F01,load,16,1,1000,6,0.1,3021106,3016589,224,715,494290606,210220529,3708.859,,,1,1.0011510848999023,4412.920354016021,4407.926102823155,,176/F8841C20,176/F8841C20,0.045209,0.040240,2.5,35.9,0.0,14303151.85787539,0.0,19.977004771462294,273166.562095214,6525593.487873208,1007.42,1
2026-09-13T21:23:23.933346+00:00,1789334603.933346,F_lat_centralus_rep3,r3-sub,F01,load,16,1,1000,6,0.1,3025259,3020740,224,715,494290606,210259326,3714.307,,,1,1.0009300708770752,4149.141004786569,4147.142863199868,,176/F8E7DC58,176/F8E7DC58,0.012731,0.007530,2.5,35.9,0.0,15705840.455192637,0.0,21.97955745372129,280092.4941283239,6550333.725366913,1007.41,1
2026-09-13T21:23:24.933778+00:00,1789334604.9337785,F_lat_centralus_rep3,r3-sub,F01,load,16,1,1000,6,0.1,3029427,3024906,224,715,494290606,210298290,3719.876,,,1,1.0004324913024902,4166.198155533281,4164.19902014195,,176/F941E000,176/F941E000,0.075107,0.071139,1.8,35.9,0.0,5248801.938812969,0.0,11.994812347984494,245470.83599841569,5930499.11071519,1007.41,1
2026-09-13T21:23:25.940355+00:00,1789334605.9403553,F_lat_centralus_rep3,r3-sub,F01,load,16,1,1000,6,0.1,3033888,3029365,224,715,494290606,210339958,3726.141,,,1,1.0065767765045166,4431.852695321928,4429.865762932185,,176/F9A4E000,176/F9A4E000,0.048850,0.053090,7.6,35.9,0.0,15804918.582808785,0.0,27.817053456403045,288764.85806614056,6484047.866338504,1007.4,1
2026-09-13T21:23:26.942232+00:00,1789334606.9422326,F_lat_centralus_rep3,r3-sub,F01,load,16,1,1000,6,0.1,3038042,3033517,224,715,494290606,210380421,3731.451,,,1,1.0018773078918457,4146.216275464771,4144.220023045193,,176/F9FFFE58,176/F9FFFE58,0.028183,0.028004,2.0,35.9,0.0,6083427.533481923,0.0,11.977514517471654,252465.0453778969,5986662.191821479,1007.39,1
2026-09-13T21:23:27.942889+00:00,1789334607.9428897,F_lat_centralus_rep3,r3-sub,F01,load,16,1,1000,6,0.1,3042520,3037993,224,715,494290606,210426741,3737.963,,,1,1.000657081604004,4475.059520712118,4473.06083401238,,176/FA62FFE8,176/FA62FFE8,0.086969,0.081420,3.1,35.9,0.0,14977422.611126836,0.0,20.98621034724307,267601.1641977956,6495756.757730411,1007.39,1
2026-09-13T21:23:28.944666+00:00,1789334608.9446666,F_lat_centralus_rep3,r3-sub,F01,load,16,1,1000,6,0.1,3046675,3042146,224,715,494290606,210469708,3743.323,,,1,1.001776933670044,4147.629936714569,4145.633484278124,,176/FAC63FB8,176/FAC63FB8,0.056317,0.051625,1.2,35.9,0.0,14580427.547367446,0.0,19.964524364450394,269162.7157077385,6532425.313513371,1007.38,1
2026-09-13T21:23:29.945962+00:00,1789334609.9459622,F_lat_centralus_rep3,r3-sub,F01,load,16,1,1000,6,0.1,3050833,3046302,224,715,494290606,210508271,3748.806,,,1,1.001295566558838,4152.62000439075,4150.622592171226,,176/FB205C28,176/FB205C28,0.121195,0.116742,2.7,35.9,0.0,14710158.01120546,0.0,20.972828305003787,249396.88972978792,5942899.578044154,1007.38,1
2026-09-13T21:23:30.946974+00:00,1789334610.946975,F_lat_centralus_rep3,r3-sub,F01,load,16,1,1000,6,0.1,3055316,3050783,224,715,494290606,210545842,3754.859,,,1,1.0010128021240234,4478.464201943908,4476.466225498696,,176/FB83BFD0,176/FB83BFD0,0.091185,0.086231,1.8,35.9,0.0,6285090.447045553,0.0,14.98482333909405,280177.2359003771,6526234.216124035,1007.37,1
2026-09-13T21:23:31.947928+00:00,1789334611.9479287,F_lat_centralus_rep3,r3-sub,F01,load,16,1,1000,6,0.1,3059470,3054935,224,715,494290606,210580696,3759.798,,,1,1.0009536743164062,4150.0422113310515,4148.044116862428,,176/FBE6FFD0,176/FBE6FFD0,0.058786,0.053876,2.3,35.9,4092.0974717409695,15451760.053293902,0.9990472343117601,22.978086389170485,266244.08984961547,6555231.444133631,1007.36,1
2026-09-13T21:23:32.948472+00:00,1789334612.9484727,F_lat_centralus_rep3,r3-sub,F01,load,16,1,1000,6,0.1,3064008,3059471,224,715,494290606,210618743,3765.373,,,1,1.0005440711975098,4535.53234748436,4533.5334350350495,,176/FC42FEF0,176/FC42FEF0,0.108048,0.103190,2.3,35.9,0.0,13828764.16771919,0.0,19.98912449309987,250789.55262777887,6054609.861162383,1007.36,1
2026-09-13T21:23:33.950053+00:00,1789334613.9500532,F_lat_centralus_rep3,r3-sub,F01,load,16,1,1000,6,0.1,3068162,3063623,224,715,494290606,210653542,3770.715,,,1,1.0015804767608643,4147.445059466552,4145.448215432143,,176/FCA5BF20,176/FCA5BF20,0.077855,0.073030,2.7,35.9,0.0,7287554.189959231,0.0,13.977908240859827,276379.1891144182,6528214.308994693,1007.35,1
2026-09-13T21:23:34.951515+00:00,1789334614.9515152,F_lat_centralus_rep3,r3-sub,F01,load,16,1,1000,6,0.1,3072318,3067777,224,715,494290606,210688372,3776.065,,,1,1.0014619827270508,4149.932869825894,4147.935789522802,,176/FCFFFE20,176/FCFFFE20,0.054085,0.054777,2.1,35.9,0.0,13423447.152126113,0.0,19.970803030923456,248561.60722363106,5945450.853547584,1007.35,1
2026-09-13T21:23:35.953196+00:00,1789334615.9531968,F_lat_centralus_rep3,r3-sub,F01,load,16,1,1000,6,0.1,3076796,3072253,224,715,494290606,210725879,3781.372,,,1,1.0016815662384033,4470.482587411639,4468.48594489828,,176/FD62BEB0,176/FD62BEB0,0.112718,0.108182,2.7,35.9,0.0,8771170.695487196,0.0,75.87241550765621,267159.7531787944,6529780.741161487,1007.35,1
2026-09-13T21:23:36.954228+00:00,1789334616.9542289,F_lat_centralus_rep3,r3-sub,F01,load,16,1,1000,6,0.1,3081000,3076455,224,715,494290606,210761111,3786.504,,,1,1.0010321140289307,4199.665466355359,4197.667528455095,,176/FDC6BE50,176/FDC6BE50,0.081982,0.080107,1.6,35.9,0.0,10221258.495713247,0.0,17.981441102377847,268735.6341818873,6610813.886245357,1007.34,1
2026-09-13T21:23:37.955549+00:00,1789334617.9555495,F_lat_centralus_rep3,r3-sub,F01,load,16,1,1000,6,0.1,3081002,3076455,224,715,494290606,210761111,3786.504,,,1,1.0013206005096436,1.9973622823519832,0.0,,176/FE217D00,176/FE217D00,0.146241,0.144499,2.0,35.9,0.0,6148168.725248063,0.0,12.98285483528789,258253.94970240555,5999494.065080052,1007.33,1
2026-09-13T21:23:38.956555+00:00,1789334618.956555,F_lat_centralus_rep3,r3-sub,F01,load,16,1,1000,6,0.1,3085520,3080971,224,715,494290606,210798962,3791.905,,,1,1.0010054111480713,4513.462114873309,4511.464123675933,,176/FE847F18,176/FE847F18,0.125014,0.122107,1.9,35.9,0.0,16473932.924185446,0.0,36.962837151463575,288034.4069961779,6537367.258079691,1007.33,1
2026-09-13T21:23:39.957458+00:00,1789334619.957435,F_lat_centralus_rep3,r3-sub,F01,load,16,1,1000,6,0.1,3089680,3085129,224,715,494290606,210833841,3797.938,,,1,1.0008800029754639,4156.342406315396,4154.344164773898,,176/FEE91F28,176/FEE91F28,0.097422,0.092968,3.4,35.9,0.0,15542930.175198399,0.0,31.971864663964585,281961.87271304516,6644948.425613656,1007.32,1
2026-09-13T21:23:40.959329+00:00,1789334620.9593291,F_lat_centralus_rep3,r3-sub,F01,load,16,1,1000,6,0.1,3093907,3089354,224,715,494290606,210869277,3803.299,,,1,1.001894235610962,4219.008204416255,4217.011985724787,,176/FF527B80,176/FF527B80,0.017769,0.015522,2.7,35.9,0.0,15461783.738633288,0.0,26.948952334809288,298381.7945790457,6980655.992830506,1007.32,1
2026-09-13T21:23:41.960921+00:00,1789334621.9609218,F_lat_centralus_rep3,r3-sub,F01,load,16,1,1000,6,0.1,3098353,3093798,224,715,494290606,210906528,3809.228,,,1,1.0015926361083984,4438.930399163624,4436.933579370929,,176/FFA9EF80,176/FFA6BF30,0.001358,-0.000199,2.5,35.9,0.0,5287706.607526237,0.0,11.980918756177124,285906.6547380328,6575914.960388328,1007.31,1
2026-09-13T21:23:42.961663+00:00,1789334622.961664,F_lat_centralus_rep3,r3-sub,F01,load,16,1,1000,6,0.1,3102621,3098064,224,715,494290606,210942281,3814.701,,,1,1.0007421970367432,4264.83465235882,4262.836135651997,,177/103C88,177/103C88,0.092384,0.087720,1.6,35.9,0.0,16617426.595222728,0.0,36.972559076212825,240508.49530747122,5992130.658381571,1007.31,1
2026-09-13T21:23:43.963054+00:00,1789334623.9630544,F_lat_centralus_rep3,r3-sub,F01,load,16,1,1000,6,0.1,3107062,3102503,224,715,494290606,210979506,3820.839,,,1,1.0013904571533203,4434.83355396111,4432.836331014043,,177/755FC0,177/755FC0,0.059991,0.052784,7.7,35.9,0.0,15813148.494559225,0.0,22.968063891264475,280556.8976547426,6696698.5276286295,1007.3,1
2026-09-13T21:23:44.963202+00:00,1789334624.963202,F_lat_centralus_rep3,r3-sub,F01,load,16,1,1000,6,0.1,3111324,3106763,224,715,494290606,211015198,3826.535,,,1,1.0001475811004639,4261.371102163258,4259.371397281905,,177/DABB80,177/DABB80,0.027803,0.023203,1.6,35.9,0.0,6446152.669695248,0.0,11.998229288118042,286013.7897701579,6724293.62134752,1007.3,1
2026-09-13T21:23:45.964325+00:00,1789334625.964326,F_lat_centralus_rep3,r3-sub,F01,load,16,1,1000,6,0.1,3115603,3111039,224,715,494290606,211051025,3832.218,,,1,1.0011239051818848,4274.196208732613,4271.199576662924,,177/1329FB8,177/1329FB8,0.137077,0.132760,2.9,35.9,0.0,14630852.309274215,0.0,26.969688627198074,242517.43339990446,5799370.057940214,1007.29,1
2026-09-13T21:23:46.964579+00:00,1789334626.9645798,F_lat_centralus_rep3,r3-sub,F01,load,16,1,1000,6,0.1,3119999,3115434,224,715,494290606,211087880,3838.41,,,1,1.0002539157867432,4394.884069553834,4393.884323405164,,177/197DE00,177/197DE00,0.106067,0.101727,1.8,35.9,0.0,14668147.525780927,0.0,19.99492297340234,288435.7616066668,6712190.668825555,1007.29,1
2026-09-13T21:23:47.965723+00:00,1789334627.9657238,F_lat_centralus_rep3,r3-sub,F01,load,16,1,1000,6,0.1,3124194,3119627,224,715,494290606,211123028,3844.851,,,1,1.0011439323425293,4190.206687048802,4188.208972299315,,177/1F9FF40,177/1F9FF40,0.100851,0.100356,2.3,35.9,0.0,14585555.111773899,0.0,22.973719619099512,265415.38275945664,6483265.5828146115,1007.28,1
2026-09-13T21:23:48.966779+00:00,1789334628.9667795,F_lat_centralus_rep3,r3-sub,F01,load,16,1,1000,6,0.1,3128624,3124055,224,715,494290606,211160137,3850.787,,,1,1.0010557174682617,4425.328103818009,4423.330213026218,,177/2643B80,177/2643B80,0.015933,0.010774,1.7,35.9,0.0,7520508.467840291,0.0,16.982071730227126,284363.7921772573,7036075.89177304,1007.27,1
2026-09-13T21:23:49.968088+00:00,1789334629.9680884,F_lat_centralus_rep3,r3-sub,F01,load,16,1,1000,6,0.1,3132842,3128271,224,715,494290606,211195474,3855.931,,,1,1.0013089179992676,4212.486200989858,4210.4888154038035,,177/2B8E8F8,177/2B7BB48,-0.002535,-0.000171,2.0,35.9,0.0,14480885.708051395,0.0,20.97254865357682,247859.572144729,6041927.612198122,1007.27,1
2026-09-13T21:23:50.969242+00:00,1789334630.9692426,F_lat_centralus_rep3,r3-sub,F01,load,16,1,1000,6,0.1,3137044,3132471,224,715,494290606,211230674,3862.047,,240994,1,1.0011541843414307,4197.155708602584,4195.158014310056,122345,177/3213FF8,177/3213FF8,0.112986,0.108129,3.9,35.9,0.0,15452756.670219295,0.0,26.968872949136074,270306.01702775207,6446626.404748586,1007.26,1
2026-09-13T21:23:51.970017+00:00,1789334631.9700174,F_lat_centralus_rep3,r3-sub,F01,load,16,1,1000,6,0.1,3141495,3136916,224,715,494290606,211278514,3867.83,,,1,1.00077486038208,4447.553766788944,4441.558412351575,,177/3851FE8,177/3851FE8,0.034859,0.030517,2.5,35.9,0.0,14783297.008831333,0.0,19.98451479123318,265189.5151509665,6586015.7573139025,1007.26,1
2026-09-13T21:23:52.971022+00:00,1789334632.9710221,F_lat_centralus_rep3,r3-sub,F01,load,16,1,1000,6,0.1,3145664,3141080,224,715,494290606,211345884,3873.745,,,1,1.001004695892334,4164.815626847378,4159.820645284836,,177/3E7BE50,177/3E7BE50,0.005248,0.000901,1.9,35.9,0.0,6309692.67768484,0.0,11.987955750100392,267701.04186286684,6526382.969838405,1007.25,1
2026-09-13T21:23:53.972763+00:00,1789334633.9727633,F_lat_centralus_rep3,r3-sub,F01,load,16,1,1000,6,0.1,3150146,3145560,224,715,494290606,211383427,3881.844,,,1,1.0017411708831787,4474.209636455766,4472.213112744719,,177/4421F90,177/4421F90,0.068818,0.070594,1.9,35.9,0.0,14948947.328178003,0.0,22.960022677037617,241146.12339135955,5959179.05094884,1007.25,1
2026-09-13T21:23:54.973789+00:00,1789334634.9737892,F_lat_centralus_rep3,r3-sub,F01,load,16,1,1000,6,0.1,3154301,3149713,224,715,494290606,211418272,3886.539,,,1,1.001025915145874,4150.741691232354,4148.7437409598,,177/4A4DBD8,177/4A4DBD8,0.039740,0.034802,2.1,35.9,0.0,14697753.352225631,0.0,20.97847786182417,263882.2791730686,6515179.978182288,1007.24,1
2026-09-13T21:23:55.975304+00:00,1789334635.9753046,F_lat_centralus_rep3,r3-sub,F01,load,16,1,1000,6,0.1,3158429,3153839,224,715,494290606,211456828,3892.033,,,1,1.0015153884887695,4121.753941523475,4119.7569677145975,,177/4FFFFF8,177/4FFFFF8,0.013578,0.012429,3.9,35.9,0.0,6445528.520276338,0.0,17.972764279898872,239151.59242976105,5993322.787638133,1007.24,1
2026-09-13T21:23:56.976632+00:00,1789334636.9766324,F_lat_centralus_rep3,r3-sub,F01,load,16,1,1000,6,0.1,3162978,3158386,224,715,494290606,211499627,3898.137,,,1,1.0013277530670166,4542.968060224678,4540.9707122096315,,177/5635FF8,177/5635FF8,0.058142,0.052980,1.2,35.9,0.0,14660598.345582355,0.0,16.977458127900533,265905.9425692158,6569295.597622119,1007.23,1
2026-09-13T21:23:57.976796+00:00,1789334637.9767962,F_lat_centralus_rep3,r3-sub,F01,load,16,1,1000,6,0.1,3167131,3162537,224,715,494290606,211538705,3903.432,,,1,1.0001637935638428,4152.319876729175,4150.320204262655,,177/5C63E40,177/5C63E40,0.017736,0.018110,2.3,35.9,0.0,14562990.675856993,0.0,18.99688843194181,291684.2240014341,6538372.0567390965,1007.23,1
2026-09-13T21:23:58.976964+00:00,1789334638.976964,F_lat_centralus_rep3,r3-sub,F01,load,16,1,1000,6,0.1,3167133,3162537,224,715,494290606,211538705,3903.432,,,1,1.0001678466796875,1.999664362976185,0.0,,177/6210000,177/6210000,0.088860,0.083717,1.4,35.9,0.0,15267325.430118846,0.0,18.996811448273757,249117.18650739166,6006377.849421026,1007.22,1
2026-09-13T21:23:59.978136+00:00,1789334639.9781368,F_lat_centralus_rep3,r3-sub,F01,load,16,1,1000,6,0.1,3171650,3167051,224,715,494290606,211581193,3909.41,,,1,1.0011727809906006,4511.70875373849,4508.712267960049,,177/683BFE0,177/683BFE0,0.075855,0.076506,2.9,35.9,0.0,6464099.027539142,0.0,11.98594311376176,267301.51386577945,6504417.742516652,1007.21,1
2026-09-13T21:24:00.980031+00:00,1789334640.9800315,F_lat_centralus_rep3,r3-sub,F01,load,16,1,1000,6,0.1,3175788,3171188,224,715,494290606,211620173,3913.993,,,1,1.0018947124481201,4130.174506948776,4129.176398078078,,177/70EFA88,177/6FFFFF0,-0.003816,-0.000167,2.1,35.9,0.0,15065215.748188293,0.0,26.948939508848948,309820.97833565867,6999020.868036678,1007.21,1
2026-09-13T21:24:01.981134+00:00,1789334641.981135,F_lat_centralus_rep3,r3-sub,F01,load,16,1,1000,6,0.1,3180245,3175643,224,715,494290606,211662108,3920.538,,,1,1.001103401184082,4452.08756131321,4450.089765683274,,177/7770000,177/7770000,0.006011,0.010021,7.1,35.9,0.0,14876641.096598849,0.0,19.977956299363743,281990.85096114915,6404319.466317626,1007.2,1
2026-09-13T21:24:02.982704+00:00,1789334642.9827042,F_lat_centralus_rep3,r3-sub,F01,load,16,1,1000,6,0.1,3184310,3179706,224,715,494290606,211700363,3925.603,,,1,1.0015692710876465,4058.6309078608656,4056.6340414855345,,177/7D09BB0,177/7D09BB0,0.126758,0.122050,2.3,35.9,0.0,6306135.963158248,0.0,11.981198251987795,244242.71696589718,5750056.60242149,1007.2,1
2026-09-13T21:24:03.983718+00:00,1789334643.9837182,F_lat_centralus_rep3,r3-sub,F01,load,16,1,1000,6,0.1,3188642,3184036,224,715,494290606,211741148,3930.684,,,1,1.001013994216919,4327.611826634722,4325.61385256887,,177/830FFE0,177/830FFE0,0.143453,0.142033,2.7,35.9,0.0,14702020.23650316,0.0,17.98176659266505,269735.48977327213,6357288.745976296,1007.19,1
2026-09-13T21:24:04.984204+00:00,1789334644.984204,F_lat_centralus_rep3,r3-sub,F01,load,16,1,1000,6,0.1,3192725,3188117,224,715,494290606,211779578,3936.496,,,1,1.000485897064209,4081.0170457984595,4079.0180171206257,,177/8943EB0,177/8943EB0,0.045585,0.044918,1.6,35.9,0.0,8364063.925893552,0.0,63.968917690693466,282375.79443048255,6561326.870536291,1007.19,1
2026-09-13T21:24:05.985372+00:00,1789334645.9853718,F_lat_centralus_rep3,r3-sub,F01,load,16,1,1000,6,0.1,3196903,3192293,224,715,494290606,211818924,3941.861,,,1,1.0011677742004395,4173.126730269228,4171.129063093416,,177/8E71FF0,177/8E71FF0,0.160016,0.155223,2.1,35.9,0.0,9495727.134837523,0.0,22.973172521826765,214561.44068515874,5467405.30514131,1007.18,1
2026-09-13T21:24:06.986758+00:00,1789334646.986758,F_lat_centralus_rep3,r3-sub,F01,load,16,1,1000,6,0.1,3200979,3196367,224,715,494290606,211857288,3946.859,,,1,1.0013861656188965,4070.3578099472443,4068.3605784408915,,177/9429E70,177/9429E70,0.146548,0.140948,1.7,35.9,0.0,6110953.206766096,0.0,11.983389038117501,240329.863006706,6017699.471887219,1007.18,1
2026-09-13T21:24:07.987991+00:00,1789334647.9879515,F_lat_centralus_rep3,r3-sub,F01,load,16,1,1000,6,0.1,3204910,3200296,224,715,494290606,211894267,3951.989,,,1,1.0011935234069824,3926.313852513865,3924.3162367150794,,177/9A61F28,177/9A61F28,0.036511,0.031666,2.1,35.9,0.0,15877625.682101106,0.0,30.96304488118286,265277.38523138326,6564349.295464255,1007.17,1
2026-09-13T21:24:08.989097+00:00,1789334648.9890974,F_lat_centralus_rep3,r3-sub,F01,load,16,1,1000,6,0.1,3209033,3204417,224,715,494290606,211933058,3956.912,,,1,1.001145839691162,4118.281110044748,4116.2833991012385,,177/9F97E68,177/9F97E68,0.117097,0.111967,1.6,35.9,0.0,13624069.000983542,0.0,14.982832076320935,224835.3747036872,5499014.011483386,1007.17,1
2026-09-13T21:24:09.990337+00:00,1789334649.9903376,F_lat_centralus_rep3,r3-sub,F01,load,16,1,1000,6,0.1,3212823,3208205,224,715,494290606,211968757,3961.895,,,1,1.0012402534484863,3785.305262095113,3783.3077395293635,,177/A52BFF8,177/A52BFF8,0.133772,0.129684,2.1,35.9,0.0,7727759.619482863,0.0,22.9715095061181,233656.20708340456,5883456.023377988,1007.16,1
2026-09-13T21:24:10.991487+00:00,1789334650.991487,F_lat_centralus_rep3,r3-sub,F01,load,16,1,1000,6,0.1,3216926,3212306,224,715,494290606,212007407,3967.067,,,1,1.0011494159698486,4098.2893607596825,4096.291656952341,,177/AB3DB98,177/AB3DB98,0.089874,0.086008,1.6,35.9,0.0,13615837.738660317,0.0,18.978186169737743,253493.63037299438,6379499.301623076,1007.16,1
2026-09-13T21:24:11.992298+00:00,1789334651.9922988,F_lat_centralus_rep3,r3-sub,F01,load,16,1,1000,6,0.1,3221097,3216475,224,715,494290606,212046704,3971.875,,,1,1.0008118152618408,4167.6166651857,4165.618287499205,,177/B107E40,177/B107E40,0.090182,0.090952,3.5,35.9,0.0,16943684.858040422,0.0,22.981343394694584,253773.98240802303,6123304.008353128,1007.15,1
2026-09-13T21:24:12.993363+00:00,1789334652.9933631,F_lat_centralus_rep3,r3-sub,F01,load,16,1,1000,6,0.1,3225606,3220982,224,715,494290606,212089180,3976.941,,,1,1.0010643005371094,4504.2061709530035,4502.208297291015,,177/B723B68,177/B723B68,0.060017,0.055406,8.3,36.1,0.0,16562980.011477653,0.0,35.96172591579244,259448.86842997756,6431436.0191903915,1007.15,1
2026-09-13T21:24:13.993775+00:00,1789334653.9937751,F_lat_centralus_rep3,r3-sub,F01,load,16,1,1000,6,0.1,3229704,3225122,237,766,494290606,212239728,3982.994,,,1,1.0004119873046875,4096.312371306987,4138.295074966063,,177/BD49DC8,177/BD49DC8,0.028010,0.022661,2.9,35.9,0.0,7361575.1245062,0.0,14.993822735384287,265393.66118084895,6505701.733477724,1007.14,1
2026-09-13T21:24:14.995381+00:00,1789334654.9953818,F_lat_centralus_rep3,r3-sub,F01,load,16,1,1000,6,0.1,3234372,3229788,237,766,494290606,212283687,3988.667,,,1,1.0016067028045654,4660.511942391449,4658.515150642353,,177/C32BD98,177/C32BD98,0.061374,0.056516,1.7,35.9,0.0,14771019.361765161,0.0,19.967917490965934,247992.54967492598,6217034.073917358,1007.14,1
2026-09-13T21:24:15.996271+00:00,1789334655.9962711,F_lat_centralus_rep3,r3-sub,F01,load,16,1,1000,6,0.1,3238596,3234010,237,766,494290606,212323465,3995.013,,,1,1.0008893013000488,4220.246928919585,4218.248705941876,,177/C969D00,177/C969D00,0.026858,0.030652,2.5,35.9,0.0,14675205.320829703,0.0,27.975121687913916,301232.1138895016,6593233.628762416,1007.13,1
2026-09-13T21:24:16.996608+00:00,1789334656.9966085,F_lat_centralus_rep3,r3-sub,F01,load,16,1,1000,6,0.1,3242816,3238228,237,766,494290606,212363174,3999.949,,,1,1.0003373622894287,4218.576811268819,4216.577485765849,,177/CFC1EC0,177/CFC1EC0,0.016002,0.010956,1.8,35.9,0.0,15919877.233768992,0.0,19.993255029710046,266246.1785796427,6721273.495785586,1007.13,1
2026-09-13T21:24:17.997939+00:00,1789334657.997939,F_lat_centralus_rep3,r3-sub,F01,load,16,1,1000,6,0.1,3242818,3238228,237,766,494290606,212363174,3999.949,,,1,1.0013306140899658,1.997342308182248,0.0,,177/D52BB70,177/D52BB70,0.140512,0.135216,4.8,35.9,0.0,5211369.678078328,0.0,9.986711540911239,227292.56131536936,5724323.134981077,1007.12,1
2026-09-13T21:24:18.998220+00:00,1789334658.9982204,F_lat_centralus_rep3,r3-sub,F01,load,16,1,1000,6,0.1,3247170,3242578,237,766,494290606,212404130,4005.573,,,1,1.0002813339233398,4350.775979124221,4348.776541633814,,177/DB93FD0,177/DB93FD0,0.110034,0.104985,1.9,35.9,0.0,15748785.332434589,0.0,20.994093649266688,274665.72721335606,6741280.449122914,1007.11,1
2026-09-13T21:24:19.999323+00:00,1789334659.9993238,F_lat_centralus_rep3,r3-sub,F01,load,16,1,1000,6,0.1,3251455,3246861,237,766,494290606,212444488,4011.477,,,1,1.001103401184082,4280.277137138682,4278.279341508745,,177/E20FBE8,177/E20FBE8,0.065592,0.062216,2.3,35.9,0.0,14622968.998692049,0.0,17.98016066942737,282003.83663274377,6819669.1689639175,1007.11,1
2026-09-13T21:24:21.000271+00:00,1789334661.0002718,F_lat_centralus_rep3,r3-sub,F01,load,16,1,1000,6,0.1,3255795,3251199,237,766,494290606,212485334,4016.741,,361584,1,1.0009479522705078,4335.889783435121,4333.891677544138,120590,177/E861B48,177/E861B48,0.067907,0.062111,3.2,35.9,0.0,15783310.17528321,0.0,22.978217746315156,275684.66409672535,6688334.77786141,1007.1,1
2026-09-13T21:24:22.000729+00:00,1789334662.0007296,F_lat_centralus_rep3,r3-sub,F01,load,16,1,1000,6,0.1,3260054,3255452,237,766,494290606,212529023,4022.144,,,1,1.000457763671875,4257.051276576274,4251.054021901596,,177/EE95DC8,177/EE95DC8,0.019660,0.014775,2.6,35.9,0.0,6255824.310892841,0.0,12.994051795137723,269084.8227434951,6559554.274349511,1007.1,1
2026-09-13T21:24:23.001503+00:00,1789334663.001503,F_lat_centralus_rep3,r3-sub,F01,load,16,1,1000,6,0.1,3264229,3259622,237,766,494290606,212576631,4026.834,,,1,1.0007734298706055,4171.773425819073,4166.777289979769,,177/F42DFF0,177/F42DFF0,0.098693,0.093748,1.4,35.9,0.0,14726018.45744992,0.0,16.98686185363455,244959.54097392096,5900554.335024161,1007.09,1
2026-09-13T21:24:24.003276+00:00,1789334664.0032768,F_lat_centralus_rep3,r3-sub,F01,load,16,1,1000,6,0.1,3268685,3264076,237,766,494290606,212618604,4032.233,,,1,1.0017738342285156,4448.109790601236,4446.11333198786,,177/FA6BFE0,177/FA6BFE0,0.070263,0.064824,1.8,35.9,0.0,14596827.647491137,0.0,16.969898213694123,274789.5688571222,6574596.755236873,1007.09,1
2026-09-13T21:24:25.004291+00:00,1789334665.0042913,F_lat_centralus_rep3,r3-sub,F01,load,16,1,1000,6,0.1,3272869,3268258,237,766,494290606,212658011,4037.951,,,1,1.0010144710540771,4179.759754715844,4177.7617816017355,,177/FFFFC08,177/FFFFC08,0.045641,0.046559,1.2,35.9,0.0,6100946.766103323,0.0,12.986825241707928,242954.52966220077,5889807.960310192,1007.08,1
2026-09-13T21:24:26.005618+00:00,1789334666.0056179,F_lat_centralus_rep3,r3-sub,F01,load,16,1,1000,6,0.1,3277290,3272677,237,766,494290606,212699632,4043.344,,,1,1.001326560974121,4415.143043543273,4413.145693150356,,177/1062BE38,177/1062BE38,0.118994,0.113477,2.5,35.9,0.0,15511455.10900057,0.0,24.966879911463884,260085.98008889804,6498239.688828316,1007.08,1
2026-09-13T21:24:27.006654+00:00,1789334667.0066547,F_lat_centralus_rep3,r3-sub,F01,load,16,1,1000,6,0.1,3281443,3276828,237,766,494290606,212738743,4048.765,,,1,1.0010368824005127,4148.698287760384,4146.700359377162,,177/10C5BFD0,177/10C5BFD0,0.086883,0.081777,1.4,35.9,0.0,15024932.911495186,0.0,19.979283832219522,257858.63092377485,6533874.14089614,1007.07,1
2026-09-13T21:24:28.008035+00:00,1789334668.008036,F_lat_centralus_rep3,r3-sub,F01,load,16,1,1000,6,0.1,3285587,3280970,237,766,494290606,212777772,4054.117,,,1,1.0013811588287354,4138.284372003789,4136.2871305115095,,177/1120DE60,177/1120DE60,0.136640,0.131341,1.9,35.9,3244159.300739959,16603244.282573475,11.983448953678927,24.965518653497764,238569.4976320785,6016010.933385586,1007.06,1
2026-09-13T21:24:29.008207+00:00,1789334669.0082073,F_lat_centralus_rep3,r3-sub,F01,load,16,1,1000,6,0.1,3290106,3285487,237,766,494290606,212820290,4059.827,,,1,1.000171422958374,4518.225472422916,4516.225815210071,,177/11837CB8,177/11837CB8,0.098554,0.102763,1.8,36.0,0.0,6486951.987499473,0.0,11.99794327706904,289538.36647665576,6500268.704708413,1007.06,1
2026-09-13T21:24:30.009369+00:00,1789334670.0093691,F_lat_centralus_rep3,r3-sub,F01,load,16,1,1000,6,0.1,3294247,3289626,237,766,494290606,212859282,4065.092,,,1,1.001161813735962,4136.194512400883,4134.196833331865,,177/11E5DF00,177/11E5DF00,0.076597,0.072631,1.9,36.0,0.0,9103023.981699271,0.0,23.972148828210862,267244.5116554982,6500146.0410437565,1007.05,1
2026-09-13T21:24:31.010243+00:00,1789334671.0102437,F_lat_centralus_rep3,r3-sub,F01,load,16,1,1000,6,0.1,3298759,3294136,237,766,494290606,212901763,4070.815,,,1,1.0008745193481445,4508.057616391915,4506.059363902379,,177/12413F48,177/12413F48,0.121427,0.116672,1.4,36.0,0.0,6216387.648725622,0.0,14.986893671515675,236822.8937972907,6019588.753167482,1007.05,1
2026-09-13T21:24:32.010848+00:00,1789334672.0108488,F_lat_centralus_rep3,r3-sub,F01,load,16,1,1000,6,0.1,3302894,3298269,237,766,494290606,212940682,4076.019,,,1,1.0006051063537598,4132.499398357146,4130.500607837988,,177/12A3DF00,177/12A3DF00,0.091412,0.086895,2.2,36.0,0.0,17528465.414206207,0.0,94.9425496599586,260811.1814969446,6536969.438258576,1007.04,1
2026-09-13T21:24:33.012564+00:00,1789334673.012564,F_lat_centralus_rep3,r3-sub,F01,load,16,1,1000,6,0.1,3307052,3302425,237,766,494290606,212979814,4080.922,,,1,1.0017151832580566,4150.880479295718,4148.883903788601,,177/12FFFC90,177/12FFFC90,0.062480,0.064643,1.7,36.0,0.0,14712173.925593205,0.0,16.970891810492354,270136.66611289594,6077728.5816896735,1007.04,1
2026-09-13T21:24:34.012681+00:00,1789334674.0126812,F_lat_centralus_rep3,r3-sub,F01,load,16,1,1000,6,0.1,3311093,3306464,237,766,494290606,213017861,4086.062,,,1,1.000117301940918,4040.52603845336,4038.5262730297254,,177/13667FF0,177/13667FF0,0.061644,0.056601,2.0,36.0,0.0,14473566.222590085,0.0,16.99800610089263,273609.9050270859,6775301.244013773,1007.03,1
2026-09-13T21:24:35.013618+00:00,1789334675.013619,F_lat_centralus_rep3,r3-sub,F01,load,16,1,1000,6,0.1,3315246,3310615,237,766,494290606,213056974,4091.243,,,1,1.0009377002716064,4149.109379008379,4147.111252652006,,177/13C9FDB8,177/13C9FDB8,0.030517,0.025854,1.9,36.0,0.0,7431367.604578779,0.0,14.985947672796938,263905.53570748866,6544434.282196074,1007.03,1
2026-09-13T21:24:36.014752+00:00,1789334676.0147526,F_lat_centralus_rep3,r3-sub,F01,load,16,1,1000,6,0.1,3319605,3314972,237,766,494290606,213097997,4096.728,,,1,1.001133680343628,4354.0638833605335,4352.06614815367,,177/14217FE0,177/14217FE0,0.127237,0.121656,6.4,36.0,0.0,13444214.55821983,0.0,20.976219672074148,238071.10346961068,5788272.948734467,1007.02,1
2026-09-13T21:24:37.015612+00:00,1789334677.0156124,F_lat_centralus_rep3,r3-sub,F01,load,16,1,1000,6,0.1,3323793,3319158,237,766,494290606,213137406,4101.996,,,1,1.0008597373962402,4184.402512678928,4182.404230676694,,177/14855FF8,177/14855FF8,0.111288,0.106545,1.2,36.0,0.0,15911568.229760047,0.0,18.98367902122723,263494.4639556351,6594867.146091269,1007.02,1
2026-09-13T21:24:38.017078+00:00,1789334678.017078,F_lat_centralus_rep3,r3-sub,F01,load,16,1,1000,6,0.1,3328053,3323416,237,766,494290606,213177525,4107.277,,,1,1.0014655590057373,4253.765855142698,4251.768781971269,,177/14EADF10,177/14EADF10,0.082104,0.084288,2.9,36.0,0.0,7517430.761647261,0.0,14.978048785713725,280680.6459515895,6698153.460873607,1007.01,1
2026-09-13T21:24:39.018112+00:00,1789334679.0181124,F_lat_centralus_rep3,r3-sub,F01,load,16,1,1000,6,0.1,3332463,3327824,237,766,494290606,213219027,4112.663,,,1,1.0010344982147217,4405.442577518498,4403.4446443767665,,177/1553BB98,177/1553BB98,0.021364,0.016509,1.6,36.0,0.0,15720569.099332333,0.0,18.98036484645158,287426.65763581236,6933431.377617959,1007.0,1
2026-09-13T21:24:40.019068+00:00,1789334680.0190685,F_lat_centralus_rep3,r3-sub,F01,load,16,1,1000,6,0.1,3336739,3332098,237,766,494290606,213259290,4118.433,,,1,1.0009560585021973,4271.915798580097,4269.917708870751,,177/15ABCDF8,177/15A85D38,0.001020,-0.000198,1.4,36.0,0.0,13602099.597032523,0.0,15.984717674761821,276518.63201085007,6710811.072017957,1007.0,1
2026-09-13T21:24:41.020373+00:00,1789334681.0203733,F_lat_centralus_rep3,r3-sub,F01,load,16,1,1000,6,0.1,3336741,3332098,237,766,494290606,213259290,4118.433,,,1,1.0013048648834229,1.997393671140158,0.0,,177/16113B90,177/16113B90,0.100180,0.095672,2.1,36.0,0.0,7379554.678245059,0.0,17.976543040261422,234995.36280331074,5792005.215789314,1006.99,1
2026-09-13T21:24:42.022047+00:00,1789334682.0220473,F_lat_centralus_rep3,r3-sub,F01,load,16,1,1000,6,0.1,3341137,3336492,237,766,494290606,213300685,4123.711,,,1,1.001673936843872,4388.653670925244,4386.657013204168,,177/16751D50,177/16751D50,0.088440,0.082892,2.1,36.0,0.0,14696423.115873206,0.0,25.95655037398916,262687.2780867941,6572654.790983321,1006.99,1
2026-09-13T21:24:43.022773+00:00,1789334683.0227733,F_lat_centralus_rep3,r3-sub,F01,load,16,1,1000,6,0.1,3345321,3340674,237,766,494290606,213340079,4129.102,,,1,1.0007259845733643,4180.964684137535,4178.96613505334,,177/16D99FE0,177/16D99FE0,0.056543,0.052126,1.8,36.0,0.0,15586252.621040566,0.0,19.985490841957628,281483.647214468,6643102.210276058,1006.98,1
2026-09-13T21:24:44.023373+00:00,1789334684.0233736,F_lat_centralus_rep3,r3-sub,F01,load,16,1,1000,6,0.1,3349547,3344898,237,766,494290606,213379875,4134.581,,,1,1.0006003379821777,4223.464493847964,4221.46569380355,,177/173624E8,177/1730BFF0,0.003091,-0.000182,2.1,36.0,0.0,4904063.904171299,0.0,8.994600199865518,271636.9260359386,6829248.14295007,1006.98,1
2026-09-13T21:24:45.025252+00:00,1789334685.0252526,F_lat_centralus_rep3,r3-sub,F01,load,16,1,1000,6,0.1,3353891,3349240,237,766,494290606,213420765,4139.796,,,1,1.0018789768218994,4335.8530326484915,4333.85678355427,,177/17953FF0,177/17953FF0,0.138345,0.133212,1.4,36.0,0.0,15985323.946813384,0.0,20.960615489322816,214630.713863383,5532791.013924423,1006.97,1
2026-09-13T21:24:46.026552+00:00,1789334686.0265527,F_lat_centralus_rep3,r3-sub,F01,load,16,1,1000,6,0.1,3358118,3353465,237,766,494290606,213460545,4145.098,,,1,1.0013000965118408,4221.511627458446,4219.514224275357,,177/17F9DF40,177/17F9DF40,0.109587,0.110746,1.8,36.0,0.0,15127340.996736716,0.0,22.970136605522654,278604.78688838426,6640577.608214951,1006.97,1
2026-09-13T21:24:47.027588+00:00,1789334687.0275881,F_lat_centralus_rep3,r3-sub,F01,load,16,1,1000,6,0.1,3362601,3357946,237,766,494290606,213502734,4150.152,,,1,1.001035451889038,4478.36287070573,4476.364939467405,,177/18653F38,177/18653F38,0.014799,0.009878,1.9,36.0,0.0,15622351.806310939,0.0,19.97931238325108,281581.43597020657,7094308.185188228,1006.96,1
2026-09-13T21:24:48.029297+00:00,1789334688.0292969,F_lat_centralus_rep3,r3-sub,F01,load,16,1,1000,6,0.1,3366850,3362193,237,766,494290606,213542723,4155.781,,,1,1.001708745956421,4241.751923552489,4239.755335214738,,177/18BF9F80,177/18B7DC38,0.003953,-0.000204,2.0,36.0,0.0,5254381.596693158,0.0,10.981235857631768,269485.51771129685,6562528.306292725,1006.95,1
2026-09-13T21:24:49.029437+00:00,1789334689.0294375,F_lat_centralus_rep3,r3-sub,F01,load,16,1,1000,6,0.1,3371024,3366365,237,766,494290606,213582014,4160.887,,,1,1.00014066696167,4173.412938682121,4171.413219976476,,177/19213BF8,177/19213BF8,0.094620,0.092443,1.6,36.0,0.0,15693664.419908585,0.0,18.99732770363208,241415.04087969803,5848809.265771197,1006.95,1
2026-09-13T21:24:50.029766+00:00,1789334690.0297663,F_lat_centralus_rep3,r3-sub,F01,load,16,1,1000,6,0.1,3375454,3370793,237,766,494290606,213623717,4166.882,,,1,1.000328779220581,4428.543986759724,4426.544644102045,,177/1985DFF0,177/1985DFF0,0.064189,0.061420,1.8,35.9,0.0,14728469.58524941,0.0,17.994083919114004,281373.49024318566,6654889.010777983,1006.94,1
2026-09-13T21:24:51.030928+00:00,1789334691.0309284,F_lat_centralus_rep3,r3-sub,F01,load,16,1,1000,6,0.1,3379665,3375002,237,766,494290606,213663371,4172.453,,483906,1,1.001162052154541,4206.112278164917,4204.114599571631,122322,177/19E91FF8,177/19E91FF8,0.093354,0.088197,4.6,36.0,0.0,14466645.004004117,0.0,19.97678593286591,255129.52618441038,6548589.197813476,1006.94,1
2026-09-13T21:24:52.032097+00:00,1789334692.0320976,F_lat_centralus_rep3,r3-sub,F01,load,16,1,1000,6,0.1,3384083,3379414,237,766,494290606,213720257,4177.654,,,1,1.001169204711914,4412.840486110715,4406.847493146327,,177/1A41DB58,177/1A41DB58,0.130597,0.125152,2.5,36.0,0.0,6545946.448568396,0.0,11.98598592877514,242248.76160647438,5865242.331030042,1006.93,1
2026-09-13T21:24:53.033326+00:00,1789334693.0333269,F_lat_centralus_rep3,r3-sub,F01,load,16,1,1000,6,0.1,3388270,3383596,237,766,494290606,213787674,4182.527,,,1,1.0012292861938477,4181.859298100232,4176.865436984755,,177/1AA55BC0,177/1AA55BC0,0.099082,0.095966,1.2,35.9,0.0,14518856.170559071,0.0,17.977900015716305,266691.16023869737,6564579.253355431,1006.93,1
2026-09-13T21:24:54.034863+00:00,1789334694.0348637,F_lat_centralus_rep3,r3-sub,F01,load,16,1,1000,6,0.1,3392448,3387772,237,766,494290606,213826973,4187.685,,,1,1.0015368461608887,4171.588909599476,4169.591978575255,,177/1B03B890,177/1AFFFD10,0.001421,-0.000213,4.9,36.0,0.0,10273363.420867227,0.0,17.972379217996785,286878.112474201,6968858.93589859,1006.92,1
2026-09-13T21:24:55.035534+00:00,1789334695.0355349,F_lat_centralus_rep3,r3-sub,F01,load,16,1,1000,6,0.1,3396960,3392282,237,766,494290606,213869450,4193.139,,,1,1.000671148300171,4508.973809891976,4506.9751512883,,177/1B63FE08,177/1B63FE08,0.133227,0.127527,1.4,36.0,0.0,9631423.88623053,0.0,61.958416713941155,227172.53354026892,5617755.652842819,1006.92,1
2026-09-13T21:24:56.035985+00:00,1789334696.0359852,F_lat_centralus_rep3,r3-sub,F01,load,16,1,1000,6,0.1,3401165,3396485,237,766,494290606,213909033,4199.24,,,1,1.0004503726959229,4203.107035353236,4201.107935693139,,177/1BC7DFD0,177/1BC7DFD0,0.102655,0.103545,2.7,36.0,0.0,6812675.756852938,0.0,19.99099660096664,260612.6271885016,6603527.951313965,1006.91,1
2026-09-13T21:24:57.037033+00:00,1789334697.0370338,F_lat_centralus_rep3,r3-sub,F01,load,16,1,1000,6,0.1,3405625,3400943,237,766,494290606,213951011,4204.869,,,1,1.0010485649108887,4455.328299079097,4453.330394012245,,177/1C31DE68,177/1C31DE68,0.009709,0.004534,2.1,36.0,0.0,16133610.861764422,0.0,23.974860802219354,288264.73571308464,7014960.3587165745,1006.91,1
2026-09-13T21:24:58.038319+00:00,1789334698.0383193,F_lat_centralus_rep3,r3-sub,F01,load,16,1,1000,6,0.1,3409833,3405149,237,766,494290606,213990621,4210.502,,,1,1.0012855529785156,4202.597338474023,4200.599906278931,,177/1C855FD0,177/1C855FD0,0.152203,0.152685,1.9,36.0,0.0,13806251.332477398,0.0,15.97945756073773,228737.94525318022,5517145.417275917,1006.9,1
2026-09-13T21:24:59.039323+00:00,1789334699.0393238,F_lat_centralus_rep3,r3-sub,F01,load,16,1,1000,6,0.1,3414074,3409388,237,766,494290606,214030524,4215.681,,,1,1.0010044574737549,4236.7443704527095,4234.746377351813,,177/1CEA3CD8,177/1CEA3CD8,0.121906,0.116433,1.6,36.0,0.0,6064180.788285007,0.0,11.987958605383758,262269.56137893454,6660438.872396134,1006.9,1
2026-09-13T21:25:00.039605+00:00,1789334700.0396059,F_lat_centralus_rep3,r3-sub,F01,load,16,1,1000,6,0.1,3418503,3413815,237,766,494290606,214072180,4221.434,,,1,1.0002820491790771,4427.751156421174,4425.751720360473,,177/1D539FF0,177/1D539FF0,0.043250,0.038267,2.3,36.0,0.0,16084551.36549154,0.0,20.994078637354853,288125.73437314905,6976553.268877725,1006.89,1
2026-09-13T21:25:01.039907+00:00,1789334701.0399077,F_lat_centralus_rep3,r3-sub,F01,load,16,1,1000,6,0.1,3422829,3418139,237,766,494290606,214112908,4226.863,,,1,1.0003018379211426,4324.694643159332,4322.695246653017,,177/1DD63FD0,177/1DD63FD0,0.043161,0.044280,1.7,36.0,0.0,5945597.393242873,0.0,14.995473797362456,265586.8358215928,6463759.992121213,1006.88,1
2026-09-13T21:25:02.041218+00:00,1789334702.0412188,F_lat_centralus_rep3,r3-sub,F01,load,16,1,1000,6,0.1,3426852,3422160,237,766,494290606,214150733,4232.336,,,1,1.0013110637664795,4017.732496500431,4015.735115194689,,177/1E419ED0,177/1E419ED0,0.006471,0.011073,3.1,36.0,0.0,15724408.298031121,0.0,19.973813057421978,290875.64348327764,6648144.858162156,1006.88,1
2026-09-13T21:25:03.043074+00:00,1789334703.0430746,F_lat_centralus_rep3,r3-sub,F01,load,16,1,1000,6,0.1,3430939,3426245,237,766,494290606,214189200,4237.92,,,1,1.0018558502197266,4079.429190440562,4077.4328952654014,,177/1EA52000,177/1EA52000,0.015328,0.010230,1.6,36.0,0.0,14988120.293659724,0.0,17.96665657644485,262962.9800956096,6442869.998297989,1006.87,1
2026-09-13T21:25:04.044556+00:00,1789334704.0445566,F_lat_centralus_rep3,r3-sub,F01,load,16,1,1000,6,0.1,3430941,3426245,237,766,494290606,214189200,4237.92,,,1,1.0014820098876953,1.997040366430823,0.0,,177/1EF87BB8,177/1EF87BB8,0.142346,0.143736,2.0,36.0,0.0,13464078.10312247,0.0,14.977802748231172,236445.58530467656,5521416.206587756,1006.87,1
2026-09-13T21:25:05.044897+00:00,1789334705.0448978,F_lat_centralus_rep3,r3-sub,F01,load,16,1,1000,6,0.1,3435162,3430464,237,766,494290606,214228935,4243.418,,,1,1.0003411769866943,4219.560383103318,4217.561065224568,,177/1F553FE0,177/1F553FE0,0.121252,0.118020,1.4,36.0,0.0,6444905.146682524,0.0,11.995907272504102,270087.85224042984,6135732.629230397,1006.86,1
2026-09-13T21:25:06.046722+00:00,1789334706.0467227,F_lat_centralus_rep3,r3-sub,F01,load,16,1,1000,6,0.1,3439064,3434364,237,766,494290606,214265653,4249.141,,,1,1.0018248558044434,3894.8923830271506,3892.896026090694,,177/1FB9FB80,177/1FB9FB80,0.018874,0.013397,1.8,36.0,0.0,15450588.903158003,0.0,26.950818642166343,258949.4545847436,6640466.106880649,1006.86,1
2026-09-13T21:25:07.047280+00:00,1789334707.0472806,F_lat_centralus_rep3,r3-sub,F01,load,16,1,1000,6,0.1,3443292,3438590,237,766,494290606,214305509,4254.57,,,1,1.0005578994750977,4225.642516258229,4223.643631435023,,177/2010BF30,177/2010BF30,0.053564,0.048366,1.0,35.9,0.0,13198140.76419539,0.0,14.991636174047644,225720.07089093095,5746060.275988147,1006.85,1
2026-09-13T21:25:08.048447+00:00,1789334708.048447,F_lat_centralus_rep3,r3-sub,F01,load,16,1,1000,6,0.1,3447648,3442944,237,766,494290606,214346503,4260.056,,,1,1.0011663436889648,4350.925325705206,4348.927655675038,,177/2064FFE8,177/2064FFE8,0.113368,0.108696,1.4,35.9,0.0,15006625.11750154,0.0,20.975535316760638,224705.9156733813,5563957.513268731,1006.85,1
2026-09-13T21:25:09.048611+00:00,1789334709.0486116,F_lat_centralus_rep3,r3-sub,F01,load,16,1,1000,6,0.1,3451904,3447198,237,766,494290606,214386528,4265.555,,,1,1.0001647472381592,4255.29895125024,4253.299280690442,,177/20BBB5E0,177/20B97B70,-0.000413,-0.000174,1.2,36.0,0.0,5598309.693939564,0.0,10.998188078889248,258509.41128845207,6495986.804114903,1006.84,1
2026-09-13T21:25:10.049638+00:00,1789334710.0496385,F_lat_centralus_rep3,r3-sub,F01,load,16,1,1000,6,0.1,3456228,3451520,237,766,494290606,214427226,4271.965,,,1,1.0010268688201904,4319.564374027505,4317.5664256583905,,177/21211F78,177/21211F78,0.024547,0.019795,2.1,35.9,0.0,15360610.667846104,0.0,18.98050950659635,237056.5739955428,5941799.551304944,1006.84,1
2026-09-13T21:25:11.050661+00:00,1789334711.0506616,F_lat_centralus_rep3,r3-sub,F01,load,16,1,1000,6,0.1,3460510,3455800,237,766,494290606,214467528,4279.131,,,1,1.0010230541229248,4277.623759376648,4275.625803393755,,177/2175BFE8,177/2175BFE8,0.115808,0.112917,1.4,36.0,0.0,5466663.307564555,0.0,12.986713888812805,230053.64267237016,5590678.433378785,1006.83,1
2026-09-13T21:25:12.052418+00:00,1789334712.0523412,F_lat_centralus_rep3,r3-sub,F01,load,16,1,1000,6,0.1,3464703,3459991,237,766,494290606,214506999,4284.805,,,1,1.0016796588897705,4185.968999956918,4183.972353641651,,177/21D89F30,177/21D89F30,0.057036,0.051975,1.9,36.0,0.0,17624157.427302517,0.0,30.948017886635935,276022.376561433,6539488.889352444,1006.83,1
2026-09-13T21:25:13.053749+00:00,1789334713.053749,F_lat_centralus_rep3,r3-sub,F01,load,16,1,1000,6,0.1,3469324,3464610,237,766,494290606,214550511,4290.055,,,1,1.0014078617095947,4614.503417329947,4612.50622909479,,177/229939C0,177/229939C0,0.139919,0.137456,14.5,36.2,0.0,9943377.100116685,0.0,40.942358820715825,239389.97202472543,5833084.8232285585,1006.82,1
2026-09-13T21:25:14.055059+00:00,1789334714.0550594,F_lat_centralus_rep3,r3-sub,F01,load,16,1,1000,6,0.1,3473066,3468396,250,817,494290606,214697895,4294.579,,,1,1.0013103485107422,3737.1030925282157,3781.045512643459,,177/22FC3C60,177/22FC3C60,0.135853,0.139555,5.3,36.1,511.32997952283444,6058748.927366065,0.998691366255536,15.979061860088576,254320.75118243726,6113242.521765798,1006.82,1
2026-09-13T21:25:15.056239+00:00,1789334715.0562391,F_lat_centralus_rep3,r3-sub,F01,load,16,1,1000,6,0.1,3476615,3471943,250,817,494290606,214731317,4298.451,,,1,1.0011796951293945,3544.8181952404857,3542.820551850663,,177/23517F30,177/23517F30,0.139343,0.134256,10.2,36.1,0.0,15681468.647814421,0.0,34.95875932189828,212344.49822968472,5601086.425624373,1006.81,1
2026-09-13T21:25:16.057929+00:00,1789334716.0579293,F_lat_centralus_rep3,r3-sub,F01,load,16,1,1000,6,0.1,3480562,3475888,250,817,494290606,214768441,4302.96,,,1,1.001690149307251,3940.3402366786445,3938.3436112736895,,177/23A35C58,177/23A35C58,0.158213,0.153005,1.8,36.1,16356.35531739116,13833387.509683574,0.9983127024774878,21.962879454504733,206417.12424046025,5425071.818623966,1006.81,1
2026-09-13T21:25:17.059407+00:00,1789334717.059408,F_lat_centralus_rep3,r3-sub,F01,load,16,1,1000,6,0.1,3483462,3478786,250,817,494290606,214795719,4306.405,,,1,1.001478672027588,2895.7181825237244,2893.721135501294,,177/23F3BBB8,177/23F3BBB8,0.142367,0.137781,1.0,36.0,0.0,13709520.11609268,0.0,16.974899690656315,211962.5768666918,5337072.220598185,1006.8,1
2026-09-13T21:25:18.060561+00:00,1789334718.0605617,F_lat_centralus_rep3,r3-sub,F01,load,16,1,1000,6,0.1,3483464,3478786,250,817,494290606,214795719,4306.405,,,1,1.0011537075042725,1.9976952440057412,0.0,,177/24413B60,177/24413B60,0.174516,0.168558,1.6,36.0,0.0,5253203.339885306,0.0,9.988476220028707,201733.25882543175,5117228.21540681,1006.8,1
2026-09-13T21:25:19.061847+00:00,1789334719.061847,F_lat_centralus_rep3,r3-sub,F01,load,16,1,1000,6,0.1,3487391,3482711,250,817,494290606,214832672,4311.66,,,1,1.0012853145599365,3921.9590489309344,3919.9616162602283,,177/24933FB8,177/24933FB8,0.160839,0.156492,1.0,36.0,0.0,13548537.867013676,0.0,16.978177700999716,215923.47041963763,5423818.686871309,1006.79,1
2026-09-13T21:25:20.062398+00:00,1789334720.0623987,F_lat_centralus_rep3,r3-sub,F01,load,16,1,1000,6,0.1,3490842,3486160,250,817,494290606,214865146,4316.417,,,1,1.000551700592041,3449.0971310707814,3447.098233863554,,177/24E4FEB8,177/24E4FEB8,0.152723,0.158044,2.3,36.0,0.0,13570753.007531302,0.0,15.991177657818747,228225.08808378555,5417499.162504665,1006.79,1
2026-09-13T21:25:21.063148+00:00,1789334721.063148,F_lat_centralus_rep3,r3-sub,F01,load,16,1,1000,6,0.1,3494783,3490099,250,817,494290606,214902219,4321.464,,599529,1,1.0007493495941162,3938.049024561835,3936.0505221388144,115623,177/2550FE48,177/2550FE48,0.032302,0.027136,2.4,36.1,0.0,17284455.899986826,0.0,40.96929967191962,285314.1999200943,7116207.472818596,1006.78,1
2026-09-13T21:25:22.064521+00:00,1789334722.0645218,F_lat_centralus_rep3,r3-sub,F01,load,16,1,1000,6,0.1,3498138,3493448,250,817,494290606,214936848,4325.82,,,1,1.0013737678527832,3350.397331851452,3344.4055631506744,,177/2593D1B0,177/25919FF8,-0.000640,-0.000201,2.2,36.1,0.0,4139465.3355942504,0.0,7.989024934370079,204061.66664238134,5170643.735857484,1006.78,1
2026-09-13T21:25:23.064616+00:00,1789334723.064616,F_lat_centralus_rep3,r3-sub,F01,load,16,1,1000,6,0.1,3502259,3497564,250,817,494290606,214984196,4330.518,,,1,1.0000941753387451,4120.611939974716,4115.612410807069,,177/25F39F28,177/25F39F28,0.104296,0.099114,1.8,36.1,0.0,14531239.515596231,0.0,17.998305003529456,227070.61554786173,5604267.216236493,1006.77,1
2026-09-13T21:25:24.065633+00:00,1789334724.0656338,F_lat_centralus_rep3,r3-sub,F01,load,16,1,1000,6,0.1,3506192,3501495,250,817,494290606,215021192,4335.673,,,1,1.0010178089141846,3929.001027730136,3927.003061278201,,177/2651DC18,177/2651DC18,0.115155,0.110348,1.9,36.0,0.0,14714239.715651961,0.0,16.98271484144732,251159.36775661635,6216474.816516945,1006.77,1
2026-09-13T21:25:25.066970+00:00,1789334725.0669703,F_lat_centralus_rep3,r3-sub,F01,load,16,1,1000,6,0.1,3510347,3505648,250,817,494290606,215060300,4341.19,,,1,1.0013365745544434,4149.453945441688,4147.456615022703,,177/26B7FDF8,177/26B7FDF8,0.085931,0.081300,1.2,36.0,0.0,15924443.793631768,0.0,22.96929981832944,272246.1227597734,6762954.806692525,1006.76,1
2026-09-13T21:25:26.068208+00:00,1789334726.068209,F_lat_centralus_rep3,r3-sub,F01,load,16,1,1000,6,0.1,3514645,3509944,250,817,494290606,215100757,4346.365,,,1,1.0012385845184326,4292.683149108977,4290.685623213626,,177/2720BFF0,177/2720BFF0,0.041284,0.037102,1.8,36.0,0.0,7306406.398149875,0.0,19.9752589535085,277893.80503531493,6931603.623064561,1006.76,1
2026-09-13T21:25:27.069357+00:00,1789334727.0693574,F_lat_centralus_rep3,r3-sub,F01,load,16,1,1000,6,0.1,3519018,3514315,250,817,494290606,215141897,4352.58,,,1,1.0011484622955322,4367.983535601856,4365.9858298915415,,177/2780BCE0,177/2780BCE0,0.104782,0.100380,1.5,36.0,0.0,14785962.879130179,0.0,16.980498537670147,255852.16343706218,6363728.4977613175,1006.75,1
2026-09-13T21:25:28.069526+00:00,1789334728.0695267,F_lat_centralus_rep3,r3-sub,F01,load,16,1,1000,6,0.1,3523742,3519037,250,817,494290606,215186366,4358.666,,,1,1.000169277191162,4723.200469891161,4721.200808388244,,177/27E775D0,177/27E23FD8,0.002537,-0.000192,2.5,36.1,0.0,6519728.3586963,0.0,12.997799768963823,312724.0629490152,7515285.833523321,1006.75,1
2026-09-13T21:25:29.070540+00:00,1789334729.070541,F_lat_centralus_rep3,r3-sub,F01,load,16,1,1000,6,0.1,3528453,3523746,250,817,494290606,215230695,4366.012,,,1,1.001014232635498,4706.226791198312,4704.228817608331,,177/2850DCD8,177/2850DCD8,0.072661,0.069619,1.6,36.1,0.0,15581764.46595998,0.0,20.978722694791877,250079.36135025407,6267106.695858912,1006.74,1
2026-09-13T21:25:30.072014+00:00,1789334730.0720146,F_lat_centralus_rep3,r3-sub,F01,load,16,1,1000,6,0.1,3533178,3528469,250,817,494290606,215275155,4372.498,,,1,1.0014736652374268,4718.047177885411,4716.050120878898,,177/28B23CF8,177/28B23CF8,0.121907,0.119217,5.3,36.1,0.0,14928400.535081068,0.0,19.970570065123432,253702.12799331505,6422636.184322525,1006.74,1
2026-09-13T21:25:31.072816+00:00,1789334731.0728161,F_lat_centralus_rep3,r3-sub,F01,load,16,1,1000,6,0.1,3537435,3532724,250,817,494290606,215315253,4377.958,,,1,1.0008015632629395,4253.590478137136,4251.592079979684,,177/2921FE28,177/2921FE28,0.013130,0.009103,1.6,36.1,0.0,7628829.010925596,0.0,17.985583417070345,301012.71926256164,7400391.118348149,1006.73,1
2026-09-13T21:25:32.074217+00:00,1789334732.074218,F_lat_centralus_rep3,r3-sub,F01,load,16,1,1000,6,0.1,3542072,3537359,250,817,494290606,215358890,4383.807,,,1,1.0014019012451172,4630.508484390208,4628.511284267546,,177/2985DDF8,177/2985DDF8,0.016151,0.011228,2.5,36.1,0.0,14896748.230108015,0.0,18.973401165282283,275615.61412738106,6615164.193081065,1006.72,1
2026-09-13T21:25:33.075154+00:00,1789334733.075154,F_lat_centralus_rep3,r3-sub,F01,load,16,1,1000,6,0.1,3546221,3541506,250,817,494290606,215397928,4388.303,,,1,1.0009360313415527,4145.120037730187,4143.121908042199,,177/29E7DFE8,177/29E7DFE8,0.015311,0.012226,1.4,36.1,0.0,15063276.301275538,0.0,19.98129687987557,249609.35781793756,6493776.62155718,1006.72,1
2026-09-13T21:25:34.075906+00:00,1789334734.0759068,F_lat_centralus_rep3,r3-sub,F01,load,16,1,1000,6,0.1,3550683,3545966,250,817,494290606,215439919,4393.974,,,1,1.0007526874542236,4458.644034572329,4456.6455388150125,,177/2A41BC20,177/2A41BC20,0.096335,0.091394,1.8,36.0,0.0,14382518.458795924,0.0,15.987966058529192,244358.07474280286,5956186.852880825,1006.71,1
2026-09-13T21:25:35.076939+00:00,1789334735.0769396,F_lat_centralus_rep3,r3-sub,F01,load,16,1,1000,6,0.1,3554857,3550138,250,817,494290606,215479171,4399.355,,,1,1.001032829284668,4169.693418529256,4167.695482056553,,177/2AA4DCD0,177/2AA4DCD0,0.063735,0.059412,1.4,36.1,0.0,6162211.487517375,0.0,11.987618836212523,274972.00086504285,6559292.370752787,1006.71,1
2026-09-13T21:25:36.077939+00:00,1789334736.0779393,F_lat_centralus_rep3,r3-sub,F01,load,16,1,1000,6,0.1,3559022,3554301,250,817,494290606,215518358,4404.446,,,1,1.0009996891021729,4160.840453143112,4158.842450524557,,177/2AFFFCA0,177/2AFFFCA0,0.039967,0.039887,1.4,36.1,0.0,15070502.18320318,0.0,24.97503273195146,242378.69665835178,6021776.0960610425,1006.7,1
2026-09-13T21:25:37.079113+00:00,1789334737.0791135,F_lat_centralus_rep3,r3-sub,F01,load,16,1,1000,6,0.1,3563504,3558781,250,817,494290606,215560544,4410.158,,,1,1.0011742115020752,4476.743356459007,4474.7457021277005,,177/2B61BB68,177/2B61BB68,0.083926,0.079546,1.2,36.0,0.0,14695576.285296181,0.0,16.980061816109576,253412.44019795064,6476474.24944341,1006.7,1
2026-09-13T21:25:38.080297+00:00,1789334738.0802972,F_lat_centralus_rep3,r3-sub,F01,load,16,1,1000,6,0.1,3567629,3562904,250,817,494290606,215599372,4415.197,,,1,1.0011837482452393,4120.122811851301,4118.125176548585,,177/2BC3DDD8,177/2BC3DDD8,0.054316,0.049447,2.0,36.1,0.0,6320837.719441169,0.0,12.984629467652585,270964.24654862547,6486279.877576788,1006.69,1
2026-09-13T21:25:39.081960+00:00,1789334739.0819607,F_lat_centralus_rep3,r3-sub,F01,load,16,1,1000,6,0.1,3567631,3562904,250,817,494290606,215599372,4415.197,,,1,1.0016634464263916,1.9966786320648393,0.0,,177/2C201FF8,177/2C201FF8,0.084268,0.079757,1.6,36.1,0.0,14590257.887656646,0.0,16.971768372551132,246448.04687713104,6105981.027679891,1006.68,1
2026-09-13T21:25:40.082690+00:00,1789334740.08269,F_lat_centralus_rep3,r3-sub,F01,load,16,1,1000,6,0.1,3572217,3567488,250,817,494290606,215642557,4421.182,,,1,1.0007293224334717,4582.657764887144,4580.659222468965,,177/2C829E58,177/2C829E58,0.056623,0.051845,1.9,36.0,0.0,30218728.80317285,0.0,57.95773012722512,272486.2696507307,6522008.35299687,1006.68,1
2026-09-13T21:25:41.083543+00:00,1789334741.0835135,F_lat_centralus_rep3,r3-sub,F01,load,16,1,1000,6,0.1,3576366,3571635,250,817,494290606,215681604,4426.4,,,1,1.0008234977722168,4145.586119066416,4143.587764706779,,177/2CE55FE0,177/2CE55FE0,0.025466,0.021248,2.7,36.0,4092.6297285360424,8201629.975986229,0.9991771798183697,20.982720776185765,260677.3327971741,6544600.536038524,1007.66,1
2026-09-13T21:25:42.084586+00:00,1789334742.0845869,F_lat_centralus_rep3,r3-sub,F01,load,16,1,1000,6,0.1,3580530,3575797,250,817,494290606,215720810,4430.975,,,1,1.0010733604431152,4159.535319326495,4157.537463745646,,177/2D429FF8,177/2D429FF8,0.057453,0.053296,3.5,36.0,0.0,14173330.907256968,0.0,103.88849020411993,239799.6085858694,6161076.94372162,1007.66,1
2026-09-13T21:25:43.085600+00:00,1789334743.0856006,F_lat_centralus_rep3,r3-sub,F01,load,16,1,1000,6,0.1,3585158,3580423,250,817,494290606,215764346,4436.234,,,1,1.0010137557983398,4623.31308954793,4621.315115006207,,177/2DA5FF90,177/2DA5FF90,0.028745,0.024057,1.2,36.0,0.0,6636983.719271102,0.0,12.986834521202052,255218.27099793358,6593860.435749815,1007.65,1
2026-09-13T21:25:44.085876+00:00,1789334744.0858767,F_lat_centralus_rep3,r3-sub,F01,load,16,1,1000,6,0.1,3589347,3584610,250,817,494290606,215803743,4441.394,,,1,1.0002760887145996,4187.8437835928435,4185.844335617865,,177/2DFFFFD8,177/2DFFFFD8,0.003013,0.004272,1.9,36.0,0.0,6031742.703910082,0.0,24.993099687233492,231566.06722215575,5960062.494007097,1007.65,1
2026-09-13T21:25:45.086752+00:00,1789334745.0867522,F_lat_centralus_rep3,r3-sub,F01,load,16,1,1000,6,0.1,3593867,3589127,250,817,494290606,215846248,4446.56,,,1,1.000875473022461,4516.046323275788,4513.048947397508,,177/2E645FD8,177/2E645FD8,0.060538,0.056131,1.4,36.1,0.0,7284502.614478977,0.0,13.987754098641823,261925.6911235319,6645089.403495398,1007.64,1
2026-09-13T21:25:46.088429+00:00,1789334746.0884295,F_lat_centralus_rep3,r3-sub,F01,load,16,1,1000,6,0.1,3598067,3593326,250,817,494290606,215885788,4451.884,,,1,1.0016772747039795,4192.967242110194,4191.968916576358,,177/2EC84000,177/2EC84000,0.030027,0.026378,2.0,36.1,0.0,6313634.300896929,0.0,15.973208541372168,272767.49398227566,6605370.978347617,1007.64,1
2026-09-13T21:25:47.089299+00:00,1789334747.0892992,F_lat_centralus_rep3,r3-sub,F01,load,16,1,1000,6,0.1,3602269,3597526,250,817,494290606,215925381,4456.991,,,1,1.0008697509765625,4198.348482307563,4196.350220297898,,177/2F217C20,177/2F217C20,0.109275,0.104922,1.0,36.1,0.0,13730138.198893175,0.0,26.976537130486484,237743.22259997256,5923889.691156069,1007.63,1
2026-09-13T21:25:48.090616+00:00,1789334748.090617,F_lat_centralus_rep3,r3-sub,F01,load,16,1,1000,6,0.1,3606792,3602047,250,817,494290606,215967935,4462.208,,,1,1.0013177394866943,4517.047707872055,4515.050339882724,,177/2F871D98,177/2F871D98,0.062570,0.059262,5.1,36.1,0.0,14783463.24672969,0.0,16.977627909313494,270136.0310850603,6703600.401048519,1007.63,1
2026-09-13T21:25:49.091589+00:00,1789334749.0915895,F_lat_centralus_rep3,r3-sub,F01,load,16,1,1000,6,0.1,3610990,3606243,250,817,494290606,216007434,4467.762,,,1,1.0009725093841553,4193.921372109215,4191.923315238271,,177/2FEADE58,177/2FEADE58,0.034665,0.030357,1.4,36.1,0.0,7021907.12942197,0.0,13.986398096600524,259349.77990526354,6601141.328112275,1007.62,1
2026-09-13T21:25:50.092104+00:00,1789334750.0921042,F_lat_centralus_rep3,r3-sub,F01,load,16,1,1000,6,0.1,3615333,3610584,250,817,494290606,216048299,4473.035,,,1,1.0005147457122803,4340.7656095144885,4338.76663847626,,177/30415FE0,177/30415FE0,0.143439,0.139034,1.8,36.1,0.0,13305151.230452884,0.0,14.992282786718244,229366.9343540024,5724333.423914378,1007.62,1
2026-09-13T21:25:51.093281+00:00,1789334751.0932815,F_lat_centralus_rep3,r3-sub,F01,load,16,1,1000,6,0.1,3619535,3614784,250,817,494290606,216087835,4478.441,,722262,1,1.0011773109436035,4197.058756794679,4195.061108647704,122733,177/30B59C90,177/30B59C90,0.005899,0.007515,4.4,36.1,0.0,16978411.130770743,0.0,25.96942591067626,305475.3605150644,7694339.370055834,1007.61,1
2026-09-13T21:25:52.094442+00:00,1789334752.0944428,F_lat_centralus_rep3,r3-sub,F01,load,16,1,1000,6,0.1,3623727,3618970,250,817,494290606,216143325,4483.324,,,1,1.0011613368988037,4187.137322926527,4181.144282865087,,177/31105EC0,177/31105EC0,0.006427,0.001818,1.7,36.1,0.0,4991323.391971042,0.0,9.988400102401068,242586.27560699423,5999125.993623033,1007.61,1
2026-09-13T21:25:53.094894+00:00,1789334753.094895,F_lat_centralus_rep3,r3-sub,F01,load,16,1,1000,6,0.1,3628236,3623474,250,817,494290606,216213195,4489.059,,,1,1.0004520416259766,4506.9626652685765,4501.964924455459,,177/31633BF0,177/31633BF0,0.146230,0.141601,1.2,36.1,0.0,14960021.447580192,0.0,16.99231876459654,221876.702494638,5483864.065171345,1007.6,1
2026-09-13T21:25:54.095908+00:00,1789334754.0959082,F_lat_centralus_rep3,r3-sub,F01,load,16,1,1000,6,0.1,3632411,3627647,250,817,494290606,216252503,4494.35,,,1,1.0010132789611816,4170.773842613433,4168.775867119965,,177/31C6DC00,177/31C6DC00,0.116681,0.111728,1.6,36.1,0.0,14681571.472509822,0.0,17.981779441207618,264338.1517122323,6578012.638187338,1007.6,1
2026-09-13T21:25:55.097459+00:00,1789334755.0974593,F_lat_centralus_rep3,r3-sub,F01,load,16,1,1000,6,0.1,3636924,3632158,250,817,494290606,216295001,4500.028,,,1,1.0015511512756348,4506.010496070996,4504.0135935688595,,177/32315BF0,177/32315BF0,0.007405,0.003860,1.4,36.1,0.0,7304126.195334709,0.0,13.97831751495545,286945.9034957544,7039910.034569523,1007.59,1
2026-09-13T21:25:56.098484+00:00,1789334756.0984845,F_lat_centralus_rep3,r3-sub,F01,load,16,1,1000,6,0.1,3636926,3632158,250,817,494290606,216295001,4500.028,,,1,1.0010251998901367,1.9979517001365215,0.0,,177/32845D70,177/32845D70,0.149628,0.144997,1.8,36.1,0.0,13637986.337904694,0.0,15.983613601092172,212218.43368510104,5485464.302599626,1007.59,1
2026-09-13T21:25:57.099646+00:00,1789334757.0996468,F_lat_centralus_rep3,r3-sub,F01,load,16,1,1000,6,0.1,3641101,3636331,250,817,494290606,216334281,4505.374,,,1,1.0011622905731201,4170.153070397809,4168.155392280253,,177/32E73DC8,177/32E73DC8,0.119980,0.115444,1.2,36.1,0.0,15563095.16120556,0.0,24.970976469447958,255701.8002080883,6541159.272240598,1007.58,1
2026-09-13T21:25:58.101232+00:00,1789334758.101232,F_lat_centralus_rep3,r3-sub,F01,load,16,1,1000,6,0.1,3645263,3640491,250,817,494290606,216373444,4510.522,,,1,1.0015852451324463,4155.412652319605,4153.41581779182,,177/3351BD28,177/3351BD28,0.002891,0.003175,2.3,36.1,0.0,15262077.865352932,0.0,16.973093486168494,292642.0905504061,7050631.0214925045,1007.57,1
2026-09-13T21:25:59.101692+00:00,1789334759.1016924,F_lat_centralus_rep3,r3-sub,F01,load,16,1,1000,6,0.1,3649752,3644978,250,817,494290606,216415674,4515.814,,,1,1.0004603862762451,4486.934277036438,4484.935197385275,,177/33A43D68,177/33A43D68,0.146784,0.144684,1.4,36.1,0.0,5727667.060690357,0.0,13.993557558144385,228239.92147246283,5458367.042722822,1007.57,1
2026-09-13T21:26:00.103075+00:00,1789334760.1030755,F_lat_centralus_rep3,r3-sub,F01,load,16,1,1000,6,0.1,3653915,3649139,250,817,494290606,216454840,4521.488,,,1,1.0013830661773682,4157.250247791424,4155.253010103319,,177/34105FF8,177/34105FF8,0.022185,0.022303,1.7,36.1,0.0,15584206.011763992,0.0,17.97513919294875,290148.70513951435,7141516.809645473,1007.56,1
2026-09-13T21:26:01.104424+00:00,1789334761.1044245,F_lat_centralus_rep3,r3-sub,F01,load,16,1,1000,6,0.1,3658461,3653683,250,817,494290606,216497618,4526.887,,,1,1.0013489723205566,4539.8758331623,4537.878527472391,,177/37E23F00,177/37E23F00,0.077946,0.079172,2.5,36.1,0.0,5301264.740600986,0.0,8.987875604588803,246544.41840378556,6046413.555475025,1007.56,1
2026-09-13T21:26:02.104711+00:00,1789334762.1047115,F_lat_centralus_rep3,r3-sub,F01,load,16,1,1000,6,0.1,3662512,3657732,250,817,494290606,216535783,4532.527,,,1,1.0002870559692383,4049.8374699797973,4047.838043926981,,177/3852FFC8,177/3852FFC8,0.045965,0.041651,2.5,36.0,0.0,15830591.734146139,0.0,22.993399607389616,278738.98631012026,6578189.691382307,1007.55,1
2026-09-13T21:26:03.105725+00:00,1789334763.1057255,F_lat_centralus_rep3,r3-sub,F01,load,16,1,1000,6,0.1,3666484,3661702,250,817,494290606,216573171,4538.273,,,1,1.001013994216919,3967.9764947814215,3965.9785207155696,,177/38B59BB8,177/38B59BB8,0.094311,0.089895,1.2,36.0,0.0,14493335.841273084,0.0,16.982779559739214,247216.3240770579,6064050.088279378,1007.55,1
2026-09-13T21:26:04.106043+00:00,1789334764.1060438,F_lat_centralus_rep3,r3-sub,F01,load,16,1,1000,6,0.1,3671020,3666236,250,817,494290606,216615837,4543.948,,,1,1.0003182888031006,4534.556701374928,4532.557337749983,,177/390FFFF0,177/390FFFF0,0.032263,0.027518,2.2,36.0,0.0,14437900.577905772,0.0,16.994590812031255,233736.60425599056,5982504.835696302,1007.54,1
2026-09-13T21:26:05.107072+00:00,1789334765.1070724,F_lat_centralus_rep3,r3-sub,F01,load,16,1,1000,6,0.1,3674574,3669788,250,817,494290606,216649299,4548.382,,,1,1.0010285377502441,3550.348332713288,3548.3503876751824,,177/3952FCB8,177/3952FCB8,0.007441,0.008746,1.0,36.0,0.0,4468236.250339516,0.0,4.9948625952634895,182796.9863988579,4431918.604409356,1007.54,1
2026-09-13T21:26:06.108441+00:00,1789334766.1084416,F_lat_centralus_rep3,r3-sub,F01,load,16,1,1000,6,0.1,3677392,3672604,250,817,494290606,216675828,4552.081,,,1,1.0013692378997803,2814.1467635957406,2812.1494983270427,,177/398D6000,177/398D6000,0.000234,0.000242,6.0,36.0,0.0,11641276.323256383,0.0,8.987693709141826,165304.65859643952,3858737.470410212,1007.54,1
2026-09-13T21:26:07.109768+00:00,1789334767.1097684,F_lat_centralus_rep3,r3-sub,F01,load,16,1,1000,6,0.1,3679502,3674712,250,817,494290606,216695666,4554.803,,,1,1.0013267993927002,2107.2041627965064,2105.2068128791634,,177/39B27E38,177/39B27E38,0.188068,0.187414,1.4,36.0,0.0,11592682.835454153,0.0,15.978799338741279,102359.18988901797,2444176.068676428,1007.53,1
2026-09-13T21:26:08.110266+00:00,1789334768.1102662,F_lat_centralus_rep3,r3-sub,F01,load,16,1,1000,6,0.1,3681451,3676659,250,817,494290606,216714024,4557.089,,,1,1.000497817993164,1948.0302354975418,1946.031230638129,,177/39DFDB88,177/39DFDB88,0.170001,0.170323,2.5,36.0,0.0,11413965.922390472,0.0,9.99502429706281,117548.4822504666,2992730.1650751405,1007.53,1
2026-09-13T21:26:09.112113+00:00,1789334769.1121135,F_lat_centralus_rep3,r3-sub,F01,load,16,1,1000,6,0.1,3683183,3678389,250,817,494290606,216730305,4559.325,,,1,1.001847267150879,1728.8064326667065,1726.8101203888004,,177/39FFFFD0,177/39FFFFD0,0.160624,0.166037,1.4,36.0,0.0,2150523.40874982,0.0,5.988936833718383,85926.2712217745,2130501.3947585607,1007.53,1
2026-09-13T21:26:10.114124+00:00,1789334770.1141243,F_lat_centralus_rep3,r3-sub,F01,load,16,1,1000,6,0.1,3683542,3678746,250,817,494290606,216733668,4559.666,,,1,1.0020108222961426,358.2795634655313,356.28357703953947,,177/3A2FDF28,177/3A2FDF28,0.136492,0.136725,1.0,36.0,0.0,10235801.621879831,0.0,8.98193891696318,133681.190880802,3155940.9635451934,1007.53,1
2026-09-13T21:26:11.114997+00:00,1789334771.1149971,F_lat_centralus_rep3,r3-sub,F01,load,16,1,1000,6,0.1,3685554,3680756,250,817,494290606,216752605,4562.467,,,1,1.0008728504180908,2010.2453565001138,2008.2471006785431,,177/3A5AFFD8,177/3A5AFFD8,0.119788,0.120151,1.6,36.0,0.0,4153814.341415424,0.0,17.984302394136208,115231.42020669539,2860667.065555811,1007.53,1
2026-09-13T21:26:12.116269+00:00,1789334772.1162696,F_lat_centralus_rep3,r3-sub,F01,load,16,1,1000,6,0.1,3687375,3682575,250,817,494290606,216769735,4564.61,,,1,1.001272439956665,1818.6858314794051,1816.6883731252267,,177/3A8AE000,177/3A8AE000,0.101221,0.099609,1.8,36.2,0.0,5604388.751819501,0.0,8.98856259380266,133114.61963915487,3159519.700888719,1007.52,1
2026-09-13T21:26:13.116677+00:00,1789334773.116678,F_lat_centralus_rep3,r3-sub,F01,load,16,1,1000,6,0.1,3689393,3684635,263,868,494290606,216895110,4567.367,,,1,1.000408411026001,2017.1761630136389,2059.1590167532686,,177/3AC43DF8,177/3AC43DF8,0.081263,0.079040,9.8,36.0,0.0,5789379.553556623,0.0,22.990610381225814,144579.9519534835,3794712.19769796,1007.52,1
2026-09-13T21:26:14.117163+00:00,1789334774.1171632,F_lat_centralus_rep3,r3-sub,F01,load,16,1,1000,6,0.1,3691807,3687047,263,868,494290606,216917856,4569.923,,,1,1.0004851818084717,2412.829339097723,2410.8303089907654,,177/3AFFFFD0,177/3AFFFFD0,0.061888,0.067703,1.8,36.0,0.0,13272792.282636842,0.0,47.976722566980406,163261.78835027388,3959837.758754953,1007.52,1
2026-09-13T21:26:15.118957+00:00,1789334775.1189573,F_lat_centralus_rep3,r3-sub,F01,load,16,1,1000,6,0.1,3695019,3690257,263,868,494290606,216948101,4573.693,,,1,1.0017940998077393,3206.2476716686947,3204.251253442251,,177/3B529EF8,177/3B529EF8,0.140704,0.136092,2.1,36.0,0.0,13108258.475988433,0.0,18.965973151215817,219557.09266226683,5444957.20332836,1007.51,1
2026-09-13T21:26:16.119868+00:00,1789334776.119869,F_lat_centralus_rep3,r3-sub,F01,load,16,1,1000,6,0.1,3698482,3693718,263,868,494290606,216980712,4577.743,,,1,1.0009117126464844,3459.845614997923,3457.8474367622903,,177/3BB55E68,177/3BB55E68,0.040025,0.037774,3.7,36.0,0.0,6138403.539863482,0.0,11.989069413795864,260342.64232057717,6509450.251883697,1007.51,1
2026-09-13T21:26:17.120858+00:00,1789334777.1208582,F_lat_centralus_rep3,r3-sub,F01,load,16,1,1000,6,0.1,3702640,3697874,263,868,494290606,217019862,4582.605,,,1,1.0009891986846924,4153.890976509681,4151.892952951956,,177/3C220000,177/3C220000,0.025968,0.024590,1.6,36.0,0.0,11977144.224686569,0.0,26.973318029283643,295662.5310132089,7195021.694003958,1007.5,1
2026-09-13T21:26:18.122116+00:00,1789334778.1221163,F_lat_centralus_rep3,r3-sub,F01,load,16,1,1000,6,0.1,3707201,3702433,263,868,494290606,217062798,4588.34,,,1,1.001258134841919,4555.268857536025,4553.271370643881,,177/3C881430,177/3C871D58,-0.003639,-0.000167,2.1,36.0,0.0,15831601.710284907,0.0,40.94848128896668,295491.2321853061,7228550.508748373,1007.49,1
2026-09-13T21:26:19.123176+00:00,1789334779.123176,F_lat_centralus_rep3,r3-sub,F01,load,16,1,1000,6,0.1,3712187,3707417,263,868,494290606,217109724,4594.193,,,1,1.0010597705841064,4980.72157778424,4978.723695081559,,177/3D02B750,177/3CFFFE70,-0.000666,-0.000183,1.9,36.0,0.0,16653071.564620795,0.0,24.97353378351504,354299.5237867279,8439895.646860529,1007.49,1
2026-09-13T21:26:20.124279+00:00,1789334780.1242797,F_lat_centralus_rep3,r3-sub,F01,load,16,1,1000,6,0.1,3717612,3712840,263,868,494290606,217160796,4601.272,,,1,1.0011036396026611,5419.019355631538,5417.0215604773875,,177/3D865FD8,177/3D865FD8,0.016512,0.012159,2.1,36.0,0.0,8428458.019939827,0.0,15.982361233199006,341604.9912032414,7895409.313602289,1007.48,1
2026-09-13T21:26:21.125138+00:00,1789334781.1251385,F_lat_centralus_rep3,r3-sub,F01,load,16,1,1000,6,0.1,3722933,3718159,263,868,494290606,217210851,4608.266,,827773,1,1.0008587837219238,5316.4343327363695,5314.43604883006,105511,177/3DFDFDA0,177/3DFDFDA0,0.074108,0.071949,3.2,36.0,0.0,17335768.324356,0.0,22.98026492255901,328448.9334025107,7896825.3349474715,1007.47,1
2026-09-13T21:26:22.126653+00:00,1789334782.1266532,F_lat_centralus_rep3,r3-sub,F01,load,16,1,1000,6,0.1,3728030,3723250,263,868,494290606,217263976,4614.672,,,1,1.0015146732330322,5089.291386561674,5083.300460856481,,177/3E743EC0,177/3E743EC0,0.034369,0.030515,8.0,36.0,0.0,15852085.270752646,0.0,21.966727585708618,328793.9845524164,7800758.400054087,1007.47,1
2026-09-13T21:26:23.128103+00:00,1789334783.1281035,F_lat_centralus_rep3,r3-sub,F01,load,16,1,1000,6,0.1,3733281,3728496,263,868,494290606,217321079,4621.454,,,1,1.0014503002166748,5243.395502366806,5238.402743366266,,177/3EE5DB88,177/3EE5DB88,0.029317,0.030459,1.8,36.0,0.0,8196496.6191772325,0.0,16.97538060183502,309634.9363846712,7507803.431057186,1007.46,1
2026-09-13T21:26:24.129336+00:00,1789334784.1293366,F_lat_centralus_rep3,r3-sub,F01,load,16,1,1000,6,0.1,3738057,3733270,263,868,494290606,217366045,4627.932,,,1,1.0012331008911133,4770.117963288753,4768.120426453205,,177/3F535FC8,177/3F535FC8,0.038986,0.035220,2.9,36.0,0.0,15668359.33214525,0.0,20.974136773254568,284412.2909505853,7238522.171859536,1007.45,1
2026-09-13T21:26:25.131125+00:00,1789334785.1311255,F_lat_centralus_rep3,r3-sub,F01,load,16,1,1000,6,0.1,3742926,3738137,263,868,494290606,217411860,4633.808,,,1,1.001788854598999,4860.305619939231,4858.309191259856,,177/3FB4DDC0,177/3FB4DDC0,0.103937,0.101056,1.4,36.0,0.0,14465770.839306042,0.0,20.962501133440924,255475.99059928264,6436317.364082644,1007.45,1
2026-09-13T21:26:26.132299+00:00,1789334786.1322997,F_lat_centralus_rep3,r3-sub,F01,load,16,1,1000,6,0.1,3747709,3742918,263,868,494290606,217456879,4639.575,,,1,1.0011742115020752,4777.390333320712,4775.392678989405,,177/40205BA0,177/40205BA0,0.041883,0.038143,2.1,36.0,0.0,15959755.871085858,0.0,21.9741976443771,282085.7716423658,7096746.918141401,1007.44,1
2026-09-13T21:26:27.133438+00:00,1789334787.133438,F_lat_centralus_rep3,r3-sub,F01,load,16,1,1000,6,0.1,3752278,3747485,263,868,494290606,217499882,4645.082,,,1,1.00113844871521,4563.804342809459,4561.806617117706,,177/40841C10,177/40841C10,0.004221,0.010026,2.5,36.0,0.0,6513416.809002165,0.0,17.979531225775936,268716.08052337193,6585056.2511712685,1007.44,1
2026-09-13T21:26:28.134172+00:00,1789334788.1341727,F_lat_centralus_rep3,r3-sub,F01,load,16,1,1000,6,0.1,3756441,3751646,263,868,494290606,217539069,4651.234,,,1,1.000734567642212,4159.944239568207,4157.945707625105,,177/40D71E58,177/40D71E58,0.123454,0.124237,2.5,36.0,0.0,13502785.29084561,0.0,18.986053459475364,229037.75627539528,5472949.748207515,1007.43,1
2026-09-13T21:26:29.136340+00:00,1789334789.1353416,F_lat_centralus_rep3,r3-sub,F01,load,16,1,1000,6,0.1,3760706,3755909,263,868,494290606,217579223,4656.712,,,1,1.001168966293335,4260.0201800006525,4258.022515203465,,177/41343840,177/4131DFE0,-0.005397,-0.000178,1.8,36.0,0.0,14908396.586902242,0.0,18.977815573273716,258964.27948610298,6748707.987838657,1007.43,1
2026-09-13T21:26:30.136493+00:00,1789334790.136493,F_lat_centralus_rep3,r3-sub,F01,load,16,1,1000,6,0.1,3764404,3759605,263,868,494290606,217614016,4661.373,,,1,1.0011513233184814,3693.747302597941,3691.749602596536,,177/41949C50,177/41949C50,0.079055,0.073790,2.3,36.0,0.0,6136934.404316319,0.0,11.98620000843031,225565.30140864794,5747331.962692299,1007.42,1
2026-09-13T21:26:31.137724+00:00,1789334791.137724,F_lat_centralus_rep3,r3-sub,F01,load,16,1,1000,6,0.1,3768581,3763780,263,868,494290606,217653347,4666.986,,,1,1.0012309551239014,4171.864621867489,4169.867080750962,,177/41E7D8F8,177/41E72000,-0.003662,-0.000194,2.0,36.0,0.0,14645651.859800303,0.0,20.97418172353777,233520.54668651999,5996692.340836587,1007.42,1
2026-09-13T21:26:32.138909+00:00,1789334792.1389096,F_lat_centralus_rep3,r3-sub,F01,load,16,1,1000,6,0.1,3772801,3767998,263,868,494290606,217693060,4673.074,,,1,1.001185655593872,4215.00245875659,4213.0048272595495,,177/424FF0A0,177/4240DFD8,0.005063,-0.000203,2.9,36.0,0.0,14368116.362461442,0.0,20.975130718930902,253807.07222505208,6522766.24571325,1007.41,1
2026-09-13T21:26:33.140083+00:00,1789334793.1400833,F_lat_centralus_rep3,r3-sub,F01,load,16,1,1000,6,0.1,3772803,3767998,263,868,494290606,217693060,4673.074,,,1,1.001173734664917,1.9976552827460863,0.0,,177/42A53BF0,177/42A53BF0,0.084814,0.081195,2.7,36.0,0.0,6406816.097854201,0.0,11.985931696476518,227175.3564091677,5501786.362627217,1007.41,1
2026-09-13T21:26:34.141392+00:00,1789334794.1413922,F_lat_centralus_rep3,r3-sub,F01,load,16,1,1000,6,0.1,3776575,3771768,263,868,494290606,217728551,4677.598,,,1,1.0013089179992676,3767.0692152996075,3765.0718297135527,,177/42FFFF40,177/42FFFF40,0.042536,0.042919,2.7,36.0,0.0,14779502.842708953,0.0,20.97254865357682,238820.4036750374,6006335.199747416,1007.4,1
2026-09-13T21:26:35.142415+00:00,1789334795.1424153,F_lat_centralus_rep3,r3-sub,F01,load,16,1,1000,6,0.1,3781069,3776260,263,868,494290606,217770847,4682.639,,,1,1.0010230541229248,4489.407093563442,4487.409137580547,,177/43609BF0,177/43609BF0,0.086230,0.081602,2.7,36.0,0.0,14812366.14774228,0.0,17.9816038460485,260850.13619270257,6376856.131043837,1007.4,1
2026-09-13T21:26:36.143516+00:00,1789334796.1435168,F_lat_centralus_rep3,r3-sub,F01,load,16,1,1000,6,0.1,3785130,3780319,263,868,494290606,217809089,4688.248,,,1,1.0011014938354492,4056.531755278257,4054.5339558420205,,177/43C23FD8,177/43C23FD8,0.054568,0.050397,3.3,36.0,0.0,14749833.149711687,0.0,17.980194926128693,274386.7646701869,6455332.4910553275,1007.39,1
2026-09-13T21:26:37.144890+00:00,1789334797.1448903,F_lat_centralus_rep3,r3-sub,F01,load,16,1,1000,6,0.1,3789257,3784444,263,868,494290606,217847943,4693.62,,,1,1.001373529434204,4121.3392192739875,4119.341962564865,,177/4420FB88,177/4420FB88,0.071842,0.067425,2.1,36.0,0.0,6393266.660061689,0.0,17.97531038210123,252816.74875412643,6244190.420664442,1007.38,1
2026-09-13T21:26:38.145776+00:00,1789334798.1457763,F_lat_centralus_rep3,r3-sub,F01,load,16,1,1000,6,0.1,3793593,3788778,263,868,494290606,217888764,4699.39,,,1,1.0008859634399414,4332.161862973497,4330.163633331904,,177/44847FE8,177/44847FE8,0.039457,0.036157,3.5,36.0,0.0,8749496.266190251,0.0,82.92653012610707,271683.2985302595,6573033.532600607,1007.38,1
2026-09-13T21:26:39.145975+00:00,1789334799.1459758,F_lat_centralus_rep3,r3-sub,F01,load,16,1,1000,6,0.1,3797435,3792618,263,868,494290606,217924902,4704.149,,,1,1.000199556350708,3841.23345746901,3839.233856502082,,177/44E95C90,177/44E95C90,0.009667,0.005035,3.1,36.0,0.0,10786711.443228249,0.0,21.995610636209843,273935.33446432435,6680757.812351003,1007.37,1
2026-09-13T21:26:40.146296+00:00,1789334800.146296,F_lat_centralus_rep3,r3-sub,F01,load,16,1,1000,6,0.1,3801667,3796848,263,868,494290606,217964731,4709.649,,,1,1.0003201961517334,4230.645363635215,4228.646003822533,,177/4543BF50,177/4543BF50,0.087759,0.083610,6.4,36.0,0.0,6035571.43325356,0.0,10.99647896975127,258322.2861980524,5972543.614518572,1007.37,1
2026-09-13T21:26:41.147835+00:00,1789334801.1478057,F_lat_centralus_rep3,r3-sub,F01,load,16,1,1000,6,0.1,3806189,3801368,263,868,494290606,218007305,4715.919,,,1,1.001509666442871,4515.183578867581,4513.186593649152,,177/45A83E10,177/45A83E10,0.057796,0.054349,2.7,36.0,0.0,15165073.796985028,0.0,30.95327088564684,279379.2305508023,6634627.924860902,1007.36,1
2026-09-13T21:26:42.148861+00:00,1789334802.148832,F_lat_centralus_rep3,r3-sub,F01,load,16,1,1000,6,0.1,3810395,3805572,263,868,494290606,218046887,4721.361,,,1,1.0010263919830322,4201.687421715144,4199.68947239431,,177/46101D08,177/46101D08,0.014874,0.010902,4.2,36.0,0.0,14468605.539268838,0.0,22.976417189597793,277473.20372818713,6874978.577104941,1007.36,1
2026-09-13T21:26:43.150168+00:00,1789334803.1501684,F_lat_centralus_rep3,r3-sub,F01,load,16,1,1000,6,0.1,3814779,3809954,263,868,494290606,218088141,4726.845,,,1,1.0013363361358643,4378.1493208543325,4376.151989959782,,177/4664ED88,177/4664BCF0,-0.006163,-0.000181,2.9,36.0,0.0,6553034.942606614,0.0,12.982650814577173,233265.2791781917,5708485.544485845,1007.35,1
2026-09-13T21:26:44.151339+00:00,1789334804.151339,F_lat_centralus_rep3,r3-sub,F01,load,16,1,1000,6,0.1,3819044,3814217,263,868,494290606,218128284,4731.979,,,1,1.0011706352233887,4260.01307863805,4258.015417170927,,177/46CA1FD8,177/46CA1FD8,0.124880,0.120425,3.5,36.0,0.0,14581074.880150428,0.0,19.976614671221803,272626.85340256535,6552150.821459444,1007.35,1
2026-09-13T21:26:45.152744+00:00,1789334805.152745,F_lat_centralus_rep3,r3-sub,F01,load,16,1,1000,6,0.1,3823281,3818452,263,868,494290606,218168177,4737.271,,,1,1.001405954360962,4231.051334924209,4229.0541428850665,,177/47309F98,177/47309F98,0.079512,0.075559,2.9,36.0,0.0,7346087.735911686,0.0,13.98034427400022,268521.4710667418,6751618.532480707,1007.34,1
2026-09-13T21:26:46.153792+00:00,1789334806.153792,F_lat_centralus_rep3,r3-sub,F01,load,16,1,1000,6,0.1,3827581,3822750,263,868,494290606,218208660,4742.695,,,1,1.001046895980835,4295.503055115935,4293.505146718207,,177/4794DFE8,177/4794DFE8,0.050311,0.046004,3.1,36.0,0.0,14951131.720293092,0.0,26.971763369332614,270754.54815174715,6620327.206056167,1007.34,1
2026-09-13T21:26:47.154733+00:00,1789334807.1547334,F_lat_centralus_rep3,r3-sub,F01,load,16,1,1000,6,0.1,3831783,3826950,263,868,494290606,218248214,4748.124,,,1,1.000941514968872,4198.047475461817,4196.049356720521,,177/47F93FD0,177/47F93FD0,0.017909,0.013401,2.5,36.0,2046.073591086578,15437625.244748233,3.996237482590973,25.975543636841323,271360.5100178574,6636950.212027717,1007.33,1
2026-09-13T21:26:48.156243+00:00,1789334808.156243,F_lat_centralus_rep3,r3-sub,F01,load,16,1,1000,6,0.1,3836237,3831402,263,868,494290606,218290152,4753.614,,,1,1.001509666442871,4447.2860814410005,4445.289096222572,,177/48523FF0,177/48523FF0,0.099214,0.094852,3.7,36.0,0.0,14322569.697152527,0.0,15.975881747430627,229528.48854316346,5875527.91267608,1007.32,1
2026-09-13T21:26:49.157597+00:00,1789334809.157597,F_lat_centralus_rep3,r3-sub,F01,load,16,1,1000,6,0.1,3840413,3835576,263,868,494290606,218329465,4758.864,,,1,1.0013539791107178,4170.353428573401,4168.356132870062,,177/48B59E80,177/48B59E80,0.066575,0.063174,2.7,36.0,0.0,6638819.177513814,0.0,13.98106992337826,267618.649938345,6567187.165761385,1007.32,1
2026-09-13T21:26:50.158599+00:00,1789334810.1585996,F_lat_centralus_rep3,r3-sub,F01,load,16,1,1000,6,0.1,3844586,3839747,263,868,494290606,218368743,4764.043,,,1,1.001002550125122,4168.820548437552,4166.822551529603,,177/49113BB8,177/49113BB8,0.117714,0.113478,4.1,36.0,0.0,14493501.538219402,0.0,15.98397526359953,236945.45030914547,6053232.331168993,1007.31,1
2026-09-13T21:26:51.159958+00:00,1789334811.1599584,F_lat_centralus_rep3,r3-sub,F01,load,16,1,1000,6,0.1,3849109,3844268,263,868,494290606,218411305,4769.591,,951009,1,1.0013587474822998,4516.862724145673,4514.865437953258,123236,177/497582D0,177/49743C90,-0.006553,-0.000713,5.2,36.0,0.0,14844214.460974433,0.0,17.97557573173162,269358.0104814211,6869677.842527255,1007.31,1
2026-09-13T21:26:52.161123+00:00,1789334812.161123,F_lat_centralus_rep3,r3-sub,F01,load,16,1,1000,6,0.1,3853257,3848410,263,868,494290606,218467996,4774.189,,,1,1.0011646747589111,4143.174549180806,4137.181529100024,,177/49D61D40,177/49D61D40,0.061319,0.056868,3.6,36.0,0.0,6746446.58395133,0.0,18.977896922477175,236598.43976920305,6118192.295862844,1007.3,1
2026-09-13T21:26:53.162302+00:00,1789334813.1623025,F_lat_centralus_rep3,r3-sub,F01,load,16,1,1000,6,0.1,3853262,3848410,263,868,494290606,218494742,4774.189,,,1,1.0011794567108154,4.9941096638424325,0.0,,177/4A31BB60,177/4A31BB60,0.120301,0.116144,2.7,36.0,0.0,14515487.61072677,0.0,16.979972857064272,238199.05452662866,6022874.280511453,1007.3,1
2026-09-13T21:26:54.163458+00:00,1789334814.163458,F_lat_centralus_rep3,r3-sub,F01,load,16,1,1000,6,0.1,3857766,3852912,263,868,494290606,218537141,4779.681,,,1,1.0011556148529053,4498.801118607071,4496.8034271689685,,177/4A949E68,177/4A949E68,0.086609,0.083365,2.7,36.0,0.0,14720396.890712433,0.0,17.979222942923464,256902.1200942762,6530094.725544282,1007.29,1
2026-09-13T21:26:55.163781+00:00,1789334815.163782,F_lat_centralus_rep3,r3-sub,F01,load,16,1,1000,6,0.1,3861921,3857065,263,868,494290606,218576243,4784.394,,,1,1.00032377243042,4153.655160973405,4151.655808308677,,177/4AF79D58,177/4AF79D58,0.055891,0.052765,2.9,36.0,0.0,11317679.647353861,0.0,14.995144985463558,258009.46364888307,6543268.470064557,1007.29,1
2026-09-13T21:26:56.164788+00:00,1789334816.1647882,F_lat_centralus_rep3,r3-sub,F01,load,16,1,1000,6,0.1,3866082,3861224,263,868,494290606,218615395,4789.492,,,1,1.0010063648223877,4156.816725873968,4154.818736580109,,177/4B519D20,177/4B519D20,0.121567,0.117715,3.1,36.0,0.0,9542268.996156508,0.0,14.984919703943646,232898.61902263295,5944314.850641118,1007.28,1
2026-09-13T21:26:57.166164+00:00,1789334817.1661642,F_lat_centralus_rep3,r3-sub,F01,load,16,1,1000,6,0.1,3870549,3865689,263,868,494290606,218657437,4795.055,,,1,1.0013759136199951,4460.8622388885915,4458.864986934757,,177/4BB43FB8,177/4BB43FB8,0.091907,0.088193,2.9,36.0,0.0,14516730.233154409,0.0,19.972519538341576,255063.05526829878,6539812.782520312,1007.28,1
2026-09-13T21:26:58.167039+00:00,1789334818.167039,F_lat_centralus_rep3,r3-sub,F01,load,16,1,1000,6,0.1,3874722,3869860,263,868,494290606,218696725,4800.18,,,1,1.0008747577667236,4169.352826233042,4167.35457421951,,177/4C101FF0,177/4C101FF0,0.123890,0.128835,7.4,36.0,0.0,15387499.665157447,0.0,17.984268121781632,252607.0300385448,6057166.446606494,1007.27,1
2026-09-13T21:26:59.168515+00:00,1789334819.1685154,F_lat_centralus_rep3,r3-sub,F01,load,16,1,1000,6,0.1,3879274,3874410,263,868,494290606,218739569,4805.907,,,1,1.001476526260376,4545.288761782237,4543.291710480927,,177/4C735FD8,177/4C735FD8,0.111683,0.107556,2.5,36.0,0.0,6503038.093482748,0.0,11.982307807861783,268065.1947005319,6548362.171291635,1007.26,1
2026-09-13T21:27:00.169838+00:00,1789334820.1698382,F_lat_centralus_rep3,r3-sub,F01,load,16,1,1000,6,0.1,3883444,3878578,263,868,494290606,218778853,4811.254,,,1,1.0013227462768555,4164.491434460071,4162.494076457932,,177/4CD73FE0,177/4CD73FE0,0.079723,0.075775,4.5,36.0,0.0,14967465.8402858,0.0,17.976222019252106,267354.3580183302,6574644.413580288,1007.26,1
2026-09-13T21:27:01.170006+00:00,1789334821.1700068,F_lat_centralus_rep3,r3-sub,F01,load,16,1,1000,6,0.1,3887855,3882987,263,868,494290606,218820371,4817.147,,,1,1.0001685619354248,4410.256598612018,4408.256935679072,,177/4D545B80,177/4D545B80,0.055435,0.061262,2.3,36.0,0.0,14317202.664608985,0.0,15.997303463566602,282732.34208921023,6472387.001920138,1007.25,1
2026-09-13T21:27:02.171033+00:00,1789334822.1710339,F_lat_centralus_rep3,r3-sub,F01,load,16,1,1000,6,0.1,3892001,3887131,263,868,494290606,218859370,4822.699,,,1,1.0010271072387695,4141.745982720004,4139.748034826747,,177/4DB7FCA8,177/4DB7FCA8,0.145566,0.140404,2.5,36.0,0.0,15119190.969510876,0.0,23.975374719073827,243043.36839698453,5901625.397833379,1007.25,1
2026-09-13T21:27:03.172198+00:00,1789334823.172198,F_lat_centralus_rep3,r3-sub,F01,load,16,1,1000,6,0.1,3896440,3891568,263,868,494290606,218901127,4828.665,,,1,1.001164197921753,4433.83813485801,4431.840460546291,,177/4E20DD08,177/4E20DD08,0.074858,0.075338,2.3,36.0,0.0,6325052.387155895,0.0,11.986045870307752,308376.9881512779,6768624.980864153,1007.24,1
2026-09-13T21:27:04.173754+00:00,1789334824.1737545,F_lat_centralus_rep3,r3-sub,F01,load,16,1,1000,6,0.1,3900481,3895607,263,868,494290606,218939155,4833.905,,,1,1.001556396484375,4034.720375392303,4032.7234833480607,,177/4E833FE8,177/4E833FE8,0.038468,0.034133,3.1,36.0,0.0,12048064.434870046,0.0,63.90054541576526,262499.4467838752,6500328.910935738,1007.24,1
2026-09-13T21:27:05.174623+00:00,1789334825.174623,F_lat_centralus_rep3,r3-sub,F01,load,16,1,1000,6,0.1,3904632,3899756,263,868,494290606,218978227,4839.114,,,1,1.000868558883667,4147.397740848086,4145.399476458374,,177/4ED5FFF0,177/4ED5FFF0,0.132532,0.128330,2.5,36.0,0.0,15669973.70513158,0.0,21.9809082868364,217581.01807383465,5464263.964990506,1007.23,1
2026-09-13T21:27:06.176058+00:00,1789334826.1760588,F_lat_centralus_rep3,r3-sub,F01,load,16,1,1000,6,0.1,3908457,3903579,263,868,494290606,219014204,4843.537,,,1,1.0014357566833496,3819.5161042261957,3817.5189716226787,,177/4F31DBB0,177/4F31DBB0,0.120255,0.115720,2.9,36.0,0.0,6290616.205740221,0.0,11.98279562110179,240545.63499690263,6064369.041618198,1007.23,1
2026-09-13T21:27:07.177231+00:00,1789334827.1772316,F_lat_centralus_rep3,r3-sub,F01,load,16,1,1000,6,0.1,3912688,3907808,263,868,494290606,219054027,4848.679,,,1,1.0011727809906006,4226.043776193834,4224.046119008207,,177/4F8C10A0,177/4F859B80,0.002660,-0.000204,2.7,36.0,0.0,13672796.803820135,0.0,20.97540044908308,257535.96671384206,6636790.498265036,1007.22,1
2026-09-13T21:27:08.178395+00:00,1789334828.1783955,F_lat_centralus_rep3,r3-sub,F01,load,16,1,1000,6,0.1,3916863,3911981,263,868,494290606,219093350,4853.595,,,1,1.0011639595031738,4170.146118795405,4168.148444007958,,177/4FE95C00,177/4FE95C00,0.075492,0.070604,3.9,36.0,0.0,14499347.346865797,0.0,17.979073087022105,218695.44735574943,5456844.454040378,1007.22,1
2026-09-13T21:27:09.179562+00:00,1789334829.1795626,F_lat_centralus_rep3,r3-sub,F01,load,16,1,1000,6,0.1,3920851,3915967,263,868,494290606,219130914,4858.693,,,1,1.0011670589447021,3983.3511943587337,3981.3535257557455,,177/50423FF0,177/50423FF0,0.085997,0.083659,2.3,36.0,0.0,6840528.6997944135,0.0,12.984845919424156,230197.34612815443,5871435.6884615375,1007.21,1
2026-09-13T21:27:10.180602+00:00,1789334830.1806023,F_lat_centralus_rep3,r3-sub,F01,load,16,1,1000,6,0.1,3924773,3919887,263,868,494290606,219167807,4863.056,,,1,1.001039743423462,3917.9263618316772,3915.9284391586375,,177/509E1EE8,177/5094FD00,0.003449,-0.000200,4.0,36.0,0.0,14104247.20172912,0.0,17.98130405736109,258544.18038876643,6584082.24378749,1007.21,1
2026-09-13T21:27:11.182250+00:00,1789334831.1822505,F_lat_centralus_rep3,r3-sub,F01,load,16,1,1000,6,0.1,3924775,3919887,263,868,494290606,219167807,4863.056,,,1,1.001648187637329,1.9967090488303747,0.0,,177/50F85C90,177/50F85C90,0.107801,0.103882,3.7,36.0,0.0,33094382.248313285,0.0,65.89139861140237,217342.7783197107,5434998.103317206,1007.2,1
2026-09-13T21:27:12.183027+00:00,1789334832.1830277,F_lat_centralus_rep3,r3-sub,F01,load,16,1,1000,6,0.1,3928958,3924068,263,868,494290606,219207171,4868.083,,,1,1.000777244567871,4179.751310998475,4177.75286428033,,177/5152BFB8,177/5152BFB8,0.134563,0.118753,3.1,36.1,0.0,148082279.85238677,0.0,461.64119189129696,250416.36524041087,5977504.017472992,1007.2,1
2026-09-13T21:27:13.184065+00:00,1789334833.184065,F_lat_centralus_rep3,r3-sub,F01,load,16,1,1000,6,0.1,3933348,3928456,263,868,494290606,219248483,4870.991,,,1,1.001037359237671,4385.450712192357,4383.452784760834,,177/51B4DFD0,177/51B4DFD0,0.102673,0.090553,3.9,36.3,0.0,153211688.43967795,0.0,380.605175705077,255721.72470660246,6483723.0499995835,1007.19,1
2026-09-13T21:27:14.185209+00:00,1789334834.1852093,F_lat_centralus_rep3,r3-sub,F01,load,16,1,1000,6,0.1,3936933,3932085,276,919,494290606,219393636,4873.718,,,1,1.0011441707611084,3580.902835677048,3624.8525496993047,,177/52115E78,177/52105C68,-0.002088,-0.000171,11.2,36.2,0.0,19883809.526520308,0.0,70.91885671773234,271108.8052319745,6796000.215261212,1007.19,1
2026-09-13T21:27:15.186011+00:00,1789334835.1860113,F_lat_centralus_rep3,r3-sub,F01,load,16,1,1000,6,0.1,3941440,3936590,276,919,494290606,219436095,4879.249,,,1,1.0008020401000977,4503.388102155768,4501.389704950463,,177/5274BC68,177/5274BC68,0.129371,0.124310,2.9,36.2,0.0,7137699.27895584,0.0,13.988780437137954,229525.91101535424,5891018.167199502,1007.18,1
2026-09-13T21:27:16.187246+00:00,1789334836.1872466,F_lat_centralus_rep3,r3-sub,F01,load,16,1,1000,6,0.1,3945661,3940809,276,919,494290606,219475822,4884.522,,,1,1.0012352466583252,4215.79245645597,4213.794923901383,,177/52DA3D40,177/52DA3D40,0.097853,0.093492,6.8,36.1,0.0,23694763.123032466,0.0,36.954352259860435,267215.9224247735,6661901.907930139,1007.18,1
2026-09-13T21:27:17.188420+00:00,1789334837.18842,F_lat_centralus_rep3,r3-sub,F01,load,16,1,1000,6,0.1,3949916,3945062,276,919,494290606,219515845,4890.302,,,1,1.001173496246338,4250.01262613634,4248.014970377874,,177/5342DED8,177/5342DED8,0.037909,0.033820,3.3,36.1,0.0,23278922.272094905,0.0,32.96132001468842,283403.42714204954,6917266.613594029,1007.17,1
2026-09-13T21:27:18.189497+00:00,1789334838.1894977,F_lat_centralus_rep3,r3-sub,F01,load,16,1,1000,6,0.1,3954311,3949455,276,919,494290606,219557210,4895.195,,,1,1.001077651977539,4390.268818126218,4388.270971110006,,177/53A85C48,177/53A85C48,0.005796,0.002117,4.4,36.1,0.0,6640651.688575658,0.0,14.983852621591188,270893.0715457471,6711320.532156623,1007.16,1
2026-09-13T21:27:19.190460+00:00,1789334839.1904604,F_lat_centralus_rep3,r3-sub,F01,load,16,1,1000,6,0.1,3958580,3953722,276,919,494290606,219597393,4900.647,,,1,1.000962734222412,4264.894040552199,4262.895964168712,,177/53FFFFF0,177/53FFFFF0,0.000428,0.003474,2.9,36.1,0.0,23079220.844266616,0.0,30.970183944042674,242043.9759809944,5802593.64451967,1007.16,1
2026-09-13T21:27:20.192062+00:00,1789334840.1920621,F_lat_centralus_rep3,r3-sub,F01,load,16,1,1000,6,0.1,3962914,3958054,276,919,494290606,219638168,4906.566,,,1,1.0016016960144043,4327.069350267625,4325.0725485369985,,177/54639B90,177/54639B90,0.101692,0.097422,3.3,36.1,0.0,15871155.233917842,0.0,88.85767701287925,265285.0939223837,6565046.790720925,1007.15,1
2026-09-13T21:27:21.193233+00:00,1789334841.1932337,F_lat_centralus_rep3,r3-sub,F01,load,16,1,1000,6,0.1,3967146,3962284,276,919,494290606,219677995,4911.429,,1071086,1,1.001171588897705,4227.047637917345,4225.049978353112,120077,177/54C89FE8,177/54C89FE8,0.116347,0.123013,4.4,36.1,0.0,23508074.20125938,0.0,25.969574335030952,290374.80010802014,6655908.012068913,1007.15,1
2026-09-13T21:27:22.194379+00:00,1789334842.1943798,F_lat_centralus_rep3,r3-sub,F01,load,16,1,1000,6,0.1,3971388,3966520,276,919,494290606,219723890,4917.299,,,1,1.0011460781097412,4237.14390212595,4231.15077072266,,177/55295C30,177/55211BE8,0.002747,-0.000199,4.1,36.1,0.0,6169697.045272678,0.0,16.98053897598801,282018.7844446122,6926240.98682221,1007.14,1
2026-09-13T21:27:23.194654+00:00,1789334843.194655,F_lat_centralus_rep3,r3-sub,F01,load,16,1,1000,6,0.1,3975787,3970914,276,919,494290606,219773477,4922.537,,,1,1.0002751350402832,4397.790013867378,4392.7913891641865,,177/55851BB0,177/55851BB0,0.133004,0.132272,2.9,36.1,0.0,14897149.27223488,0.0,22.993673634678263,240048.95412133788,5504029.648580918,1007.14,1
2026-09-13T21:27:24.194826+00:00,1789334844.1948266,F_lat_centralus_rep3,r3-sub,F01,load,16,1,1000,6,0.1,3979982,3975107,276,919,494290606,219812967,4927.703,,,1,1.0001716613769531,4194.280004119166,4192.2803473829945,,177/55E8BEE8,177/55E8BEE8,0.105439,0.101667,3.5,36.1,0.0,14865928.094313644,0.0,18.996738993626735,274485.88137564884,6589543.829832678,1007.13,1
2026-09-13T21:27:25.195770+00:00,1789334845.19577,F_lat_centralus_rep3,r3-sub,F01,load,16,1,1000,6,0.1,3984406,3979529,276,919,494290606,219854627,4932.416,,,1,1.0009434223175049,4419.830233518116,4417.832118584338,,177/56519EA0,177/56519EA0,0.014799,0.011012,2.7,36.1,0.0,7177612.4801997775,0.0,13.986804536449736,284054.0171008901,6927535.408490325,1007.13,1
2026-09-13T21:27:26.196290+00:00,1789334846.19629,F_lat_centralus_rep3,r3-sub,F01,load,16,1,1000,6,0.1,3988570,3983691,276,919,494290606,219893816,4937.337,,,1,1.0005199909210205,4161.8358831259975,4159.836922567339,,177/56A45000,177/56A43E70,-0.006503,-0.000174,3.5,36.1,0.0,13923256.033271655,0.0,15.991684469264158,232822.93418801686,5672483.360153081,1007.12,1
2026-09-13T21:27:27.197458+00:00,1789334847.1974583,F_lat_centralus_rep3,r3-sub,F01,load,16,1,1000,6,0.1,3992723,3987842,276,919,494290606,219932902,4942.508,,,1,1.0011682510375977,4148.1539148848215,4146.156248660461,,177/570FFD28,177/570FFD28,0.031018,0.027396,2.9,36.1,0.0,23966369.2642396,0.0,32.96149270195018,280637.1453637404,6908869.705797575,1007.12,1
2026-09-13T21:27:28.199181+00:00,1789334848.1991818,F_lat_centralus_rep3,r3-sub,F01,load,16,1,1000,6,0.1,3997243,3992360,276,919,494290606,219975419,4947.839,,,1,1.0017235279083252,4512.223057631583,4510.226498756525,,177/576B3A48,177/57625E78,-0.004481,-0.000169,3.9,36.1,0.0,5242037.202584866,0.0,9.982794375291114,252153.4065666032,6443168.020099331,1007.11,1
2026-09-13T21:27:29.199522+00:00,1789334849.1995223,F_lat_centralus_rep3,r3-sub,F01,load,16,1,1000,6,0.1,4001397,3996512,276,919,494290606,220014549,4953.155,,,1,1.000340461730957,4152.586203313272,4150.586884004984,,177/57C53FE8,177/57C53FE8,0.142297,0.138154,2.7,36.1,0.0,14707824.548595574,0.0,19.993193082875646,234416.19025810037,5484581.7098175,1007.1,1
2026-09-13T21:27:30.199813+00:00,1789334850.1998134,F_lat_centralus_rep3,r3-sub,F01,load,16,1,1000,6,0.1,4005916,4001029,276,919,494290606,220057077,4958.528,,,1,1.000291109085083,4517.6848608934515,4515.685442942183,,177/58315FB8,177/58315FB8,0.017948,0.014245,3.7,36.1,0.0,15691304.118814213,0.0,18.99447053706032,288243.08981784165,7127488.123453441,1007.1,1
2026-09-13T21:27:31.201181+00:00,1789334851.201181,F_lat_centralus_rep3,r3-sub,F01,load,16,1,1000,6,0.1,4010069,4005180,276,919,494290606,220096173,4963.43,,,1,1.0013675689697266,4147.328242588166,4145.330973990724,,177/58857E70,177/5883DC28,-0.002121,0.000027,2.9,36.1,0.0,5104826.797276217,0.0,9.986342987209646,243680.74976809745,6261250.308366587,1007.09,1
2026-09-13T21:27:32.202227+00:00,1789334852.2022269,F_lat_centralus_rep3,r3-sub,F01,load,16,1,1000,6,0.1,4010071,4005180,276,919,494290606,220096173,4963.43,,,1,1.0010459423065186,1.9979103010914592,0.0,,177/58E6BFE8,177/58E6BFE8,0.125533,0.122114,2.7,36.1,0.0,15912700.233614715,0.0,26.9717890647347,242960.87693997961,5702607.401661137,1007.09,1
2026-09-13T21:27:33.203513+00:00,1789334853.2035131,F_lat_centralus_rep3,r3-sub,F01,load,16,1,1000,6,0.1,4014214,4009321,276,919,494290606,220135164,4968.667,,,1,1.001286268234253,4137.67783643542,4135.680405667168,,177/5952DF60,177/5952DF60,0.005318,0.001527,3.3,36.1,0.0,22842682.1835222,0.0,20.97302306665311,296906.09911615093,7132507.681938158,1007.08,1
2026-09-13T21:27:34.204557+00:00,1789334854.2045577,F_lat_centralus_rep3,r3-sub,F01,load,16,1,1000,6,0.1,4018753,4013858,276,919,494290606,220177879,4973.598,,,1,1.001044511795044,4534.2639078663915,4532.265994710248,,177/59A55FB0,177/59A55FB0,0.146807,0.142896,7.4,36.1,0.0,6579495.639199416,0.0,13.985392093000547,219385.84889316536,5439073.823237513,1007.08,1
2026-09-13T21:27:35.205011+00:00,1789334855.205012,F_lat_centralus_rep3,r3-sub,F01,load,16,1,1000,6,0.1,4022906,4018009,276,919,494290606,220216965,4978.067,,,1,1.0004544258117676,4151.113626820393,4149.114535259198,,177/5A0FFE50,177/5A0FFE50,0.037958,0.035525,3.6,36.1,0.0,20908770.514985666,0.0,42.98046856568189,280183.67730499664,7058890.258064301,1007.07,1
2026-09-13T21:27:36.206017+00:00,1789334856.2060177,F_lat_centralus_rep3,r3-sub,F01,load,16,1,1000,6,0.1,4027388,4022489,276,919,494290606,220259144,4983.276,,,1,1.0010056495666504,4477.497206874229,4475.499216152732,,177/5A72FFC0,177/5A72FFC0,0.007557,0.003994,3.5,36.1,0.0,14542559.28156051,0.0,18.980911854219176,256724.82479120034,6531051.051340448,1007.07,1
2026-09-13T21:27:37.207568+00:00,1789334857.2075682,F_lat_centralus_rep3,r3-sub,F01,load,16,1,1000,6,0.1,4031554,4026653,276,919,494290606,220298359,4988.289,,,1,1.0015504360198975,4159.550882485199,4157.553978556977,,177/5AC5DE30,177/5AC5DE30,0.150947,0.146774,2.3,36.1,0.0,14338345.312961057,0.0,23.96284713865693,219427.7912486815,5458979.202013328,1007.06,1
2026-09-13T21:27:38.208742+00:00,1789334858.2087426,F_lat_centralus_rep3,r3-sub,F01,load,16,1,1000,6,0.1,4035720,4030817,276,919,494290606,220337548,4993.011,,,1,1.0011744499206543,4161.112981189409,4159.1153273338205,,177/5B321C40,177/5B321C40,0.019094,0.019926,3.7,36.1,0.0,6865025.371497155,0.0,13.98357698911467,293850.8868492557,7135653.532275203,1007.05,1
2026-09-13T21:27:39.209744+00:00,1789334859.209745,F_lat_centralus_rep3,r3-sub,F01,load,16,1,1000,6,0.1,4040271,4035366,276,919,494290606,220380381,4998.512,,,1,1.001002311706543,4546.44304691095,4544.445049527118,,177/5B8CEF40,177/5B855FF8,0.002842,-0.000196,2.1,36.1,0.0,14837224.476214884,0.0,53.94592936347865,265422.9634565422,6564099.726001713,1007.05,1
2026-09-13T21:27:40.211151+00:00,1789334860.211073,F_lat_centralus_rep3,r3-sub,F01,load,16,1,1000,6,0.1,4044442,4039535,276,919,494290606,220419663,5003.836,,,1,1.0013279914855957,4165.468293572617,4163.470946033143,,177/5BE8DFE8,177/5BE8DFE8,0.137162,0.133213,2.7,36.1,0.0,14766949.61664088,0.0,16.977454085527327,234510.5719571587,5468184.2978108395,1007.04,1
2026-09-13T21:27:41.212274+00:00,1789334861.2122743,F_lat_centralus_rep3,r3-sub,F01,load,16,1,1000,6,0.1,4048860,4043951,276,919,494290606,220461236,5008.612,,,1,1.0012013912200928,4412.6986226178715,4410.701022517093,,177/5C51FB60,177/5C51FB60,0.039038,0.038726,3.3,36.1,0.0,7028484.040982601,0.0,12.98440065505485,283872.9575212122,6946501.534046635,1007.04,1
2026-09-13T21:27:42.213691+00:00,1789334862.2136915,F_lat_centralus_rep3,r3-sub,F01,load,16,1,1000,6,0.1,4053034,4048123,276,919,494290606,220500522,5013.562,,,1,1.0014171600341797,4168.093144976201,4166.095975285269,,177/5CB51BA0,177/5CB51BA0,0.015507,0.011703,3.7,36.1,0.0,15113302.032375231,0.0,24.964621136656692,267673.66358176945,6548844.239673467,1007.03,1
2026-09-13T21:27:43.214867+00:00,1789334863.214867,F_lat_centralus_rep3,r3-sub,F01,load,16,1,1000,6,0.1,4057197,4052284,276,919,494290606,220539700,5018.21,,,1,1.0011756420135498,4158.111549365539,4156.113897888544,,177/5D10BBE8,177/5D10BBE8,0.062209,0.059055,3.1,36.1,0.0,14490995.776546918,0.0,15.981211815961716,242403.02082450732,6058235.68360237,1007.03,1
2026-09-13T21:27:44.216661+00:00,1789334864.216662,F_lat_centralus_rep3,r3-sub,F01,load,16,1,1000,6,0.1,4061755,4056840,276,919,494290606,220582611,5023.717,,,1,1.0017948150634766,4549.833889598633,4547.83747279758,,177/5D73DEA0,177/5D73DEA0,0.027835,0.027994,3.3,36.1,0.0,14903171.56318482,0.0,17.96775120947244,279772.85945749376,6548088.392316494,1007.02,1
2026-09-13T21:27:45.217205+00:00,1789334865.2172055,F_lat_centralus_rep3,r3-sub,F01,load,16,1,1000,6,0.1,4065929,4061012,276,919,494290606,220621912,5029.046,,,1,1.0005435943603516,4171.732269865204,4169.733356463257,,177/5DD5C8F0,177/5DC6DD10,0.003251,-0.000183,3.1,36.1,0.0,6288037.858082669,0.0,11.99348041168722,263532.74508600327,6559266.419766172,1007.02,1
2026-09-13T21:27:46.218228+00:00,1789334866.2182288,F_lat_centralus_rep3,r3-sub,F01,load,16,1,1000,6,0.1,4070406,4065487,276,919,494290606,220664066,5034.282,,,1,1.001023292541504,4472.423402489785,4470.425446982753,,177/5E319FC8,177/5E319FC8,0.068068,0.063414,3.3,36.1,0.0,23094191.88569131,0.0,30.96831035898667,234204.34044523456,5958828.375367384,1007.01,1
2026-09-13T21:27:47.219687+00:00,1789334867.2196872,F_lat_centralus_rep3,r3-sub,F01,load,16,1,1000,6,0.1,4074584,4069663,276,919,494290606,220703390,5039.376,,,1,1.0014584064483643,4171.915651312094,4169.918563877288,,177/5E94BF40,177/5E94BF40,0.038258,0.032476,2.8,36.1,0.0,6265933.721855024,0.0,15.976699478457041,259735.2005087109,6563085.353998563,1007.01,1
2026-09-13T21:27:48.220703+00:00,1789334868.2207038,F_lat_centralus_rep3,r3-sub,F01,load,16,1,1000,6,0.1,4078756,4073833,276,919,494290606,220742639,5044.713,,,1,1.001016616821289,4167.762982045307,4165.765013214029,,177/5EF7FD68,177/5EF7FD68,0.007521,0.003361,3.5,36.1,0.0,15508074.230871096,0.0,20.978672728415976,277221.17229302943,6560640.342669215,1007.0,1
2026-09-13T21:27:49.221714+00:00,1789334869.221714,F_lat_centralus_rep3,r3-sub,F01,load,16,1,1000,6,0.1,4078758,4073833,276,919,494290606,220742639,5044.713,,,1,1.0010101795196533,1.9979816798263967,0.0,,177/5F555C20,177/5F555C20,0.030311,0.026527,2.3,36.1,0.0,14558860.93685211,0.0,16.98284427852437,253076.3474568904,6164210.041261476,1006.99,1
2026-09-13T21:27:50.223113+00:00,1789334870.2231133,F_lat_centralus_rep3,r3-sub,F01,load,16,1,1000,6,0.1,4083372,4078445,276,919,494290606,220786101,5050.489,,,1,1.001399278640747,4607.552749851018,4605.55554449781,,177/5FB87B78,177/5FB87B78,0.010287,0.006609,3.5,36.1,0.0,6777588.2655043015,0.0,13.980437472456492,260467.5333439837,6539293.705991634,1006.99,1
2026-09-13T21:27:51.224494+00:00,1789334871.2244947,F_lat_centralus_rep3,r3-sub,F01,load,16,1,1000,6,0.1,4087535,4082606,276,919,494290606,220825308,5055.363,,1192265,1,1.0013813972473145,4157.25717638017,4155.259935363413,121179,177/60207F38,177/60207F38,0.004986,0.009719,5.9,36.1,0.0,14684355.072324503,0.0,16.976548642436438,277842.18956414826,6868038.510507136,1006.98,1
2026-09-13T21:27:52.225752+00:00,1789334872.2257528,F_lat_centralus_rep3,r3-sub,F01,load,16,1,1000,6,0.1,4091910,4086975,276,919,494290606,220883919,5060.087,,,1,1.001258134841919,4369.502576566567,4363.5101158901325,,177/60733F70,177/60733F70,0.074622,0.070588,9.7,36.1,0.0,23035594.116437808,0.0,28.963559936098388,216960.03502063657,5471631.9492025515,1006.98,1
2026-09-13T21:27:53.226907+00:00,1789334873.2269075,F_lat_centralus_rep3,r3-sub,F01,load,16,1,1000,6,0.1,4096083,4091143,276,919,494290606,220951348,5064.672,,,1,1.0011546611785889,4168.187156105752,4163.192922753121,,177/60D67ED8,177/60D67ED8,0.044904,0.040584,3.1,36.1,0.0,6300564.982211864,0.0,11.986160046314168,260442.27741300792,6548875.26796466,1006.97,1
2026-09-13T21:27:54.228776+00:00,1789334874.2287765,F_lat_centralus_rep3,r3-sub,F01,load,16,1,1000,6,0.1,4100256,4095314,276,919,494290606,220990614,5069.452,,,1,1.0018689632415771,4165.215365588463,4163.219096541931,,177/6130BBB8,177/6130BBB8,0.110352,0.106179,3.5,36.1,0.0,14628148.528108634,0.0,16.96828689551974,241342.93891854704,5955216.918483736,1006.97,1
2026-09-13T21:27:55.229246+00:00,1789334875.2292466,F_lat_centralus_rep3,r3-sub,F01,load,16,1,1000,6,0.1,4104755,4099811,276,919,494290606,221032961,5074.611,,,1,1.0004701614379883,4496.885737735078,4494.886677616058,,177/61945CE8,177/61945CE8,0.078973,0.075119,3.1,36.1,0.0,14701823.76939553,0.0,17.99154107117835,260940.3159258352,6569578.23764881,1006.96,1
2026-09-13T21:27:56.229442+00:00,1789334876.2294428,F_lat_centralus_rep3,r3-sub,F01,load,16,1,1000,6,0.1,4108923,4103977,276,919,494290606,221072218,5079.68,,,1,1.0001962184906006,4167.182321774764,4165.182714134757,,177/61F77EF0,177/61F77EF0,0.046339,0.042689,3.9,36.1,0.0,14488805.028546693,0.0,16.996664940060217,269167.1844213536,6562901.237425231,1006.96,1
2026-09-13T21:27:57.230335+00:00,1789334877.2303355,F_lat_centralus_rep3,r3-sub,F01,load,16,1,1000,6,0.1,4113470,4108522,276,919,494290606,221115019,5085.026,,,1,1.0008926391601562,4542.944789578394,4540.946573264527,,177/62533C90,177/62533C90,0.093421,0.090097,3.5,36.1,0.0,6351322.560763478,0.0,14.98662235400834,254215.07766657264,6055536.590903201,1006.95,1
2026-09-13T21:27:58.231799+00:00,1789334878.2317998,F_lat_centralus_rep3,r3-sub,F01,load,16,1,1000,6,0.1,4117643,4112693,276,919,494290606,221154272,5089.973,,,1,1.0014643669128418,4166.898132245957,4164.901056697313,,177/62B6BEE8,177/62B6BEE8,0.065356,0.061318,3.7,36.1,0.0,15738361.264501913,0.0,19.970755486441202,264566.5774577271,6553219.6819252055,1006.95,1
2026-09-13T21:27:59.233134+00:00,1789334879.233134,F_lat_centralus_rep3,r3-sub,F01,load,16,1,1000,6,0.1,4121811,4116859,276,919,494290606,221193504,5094.692,,,1,1.0013341903686523,4162.44650396438,4160.449168789733,,177/63113D30,177/63113D30,0.123898,0.120113,2.7,36.1,0.0,22800683.547612086,0.0,20.97201933379366,245977.8187633039,5953796.502050049,1006.94,1
2026-09-13T21:28:00.234144+00:00,1789334880.2341444,F_lat_centralus_rep3,r3-sub,F01,load,16,1,1000,6,0.1,4126296,4121342,276,919,494290606,221235732,5099.781,,,1,1.0010104179382324,4480.472849860737,4478.474868656786,,177/63745BF8,177/63745BF8,0.098260,0.094809,3.1,36.1,0.0,6624730.253715695,0.0,12.986877825683298,264589.6538674616,6548551.22637144,1006.94,1
2026-09-13T21:28:01.235255+00:00,1789334881.2352557,F_lat_centralus_rep3,r3-sub,F01,load,16,1,1000,6,0.1,4130598,4125642,276,919,494290606,221276191,5104.984,,,1,1.0011112689971924,4297.2246274974905,4295.226847568389,,177/63FADFE8,177/63FADFE8,0.000653,0.006120,2.5,36.1,0.0,14581939.5426673,0.0,15.98223943281261,297407.50026542257,6945156.063386097,1006.93,1
2026-09-13T21:28:02.236219+00:00,1789334882.2362194,F_lat_centralus_rep3,r3-sub,F01,load,16,1,1000,6,0.1,4134695,4129737,276,919,494290606,221314745,5110.089,,,1,1.0009636878967285,4093.0555718847377,4091.0574974049305,,177/64639B60,177/64639B60,0.023875,0.020331,3.7,36.0,0.0,22886872.198268555,0.0,60.94127163411496,263786.79186136636,6265170.3311808985,1006.93,1
2026-09-13T21:28:03.237018+00:00,1789334883.237018,F_lat_centralus_rep3,r3-sub,F01,load,16,1,1000,6,0.1,4138801,4133841,276,919,494290606,221353378,5115.203,,,1,1.0007987022399902,4102.723145833364,4100.724741963011,,177/64C75DA8,177/64C75DA8,0.009117,0.005535,2.7,36.0,0.0,14725646.593080802,0.0,19.984038703523446,271019.53608944424,6440073.299030364,1006.92,1
2026-09-13T21:28:04.238175+00:00,1789334884.2381752,F_lat_centralus_rep3,r3-sub,F01,load,16,1,1000,6,0.1,4143273,4138311,276,919,494290606,221395479,5120.355,,,1,1.0011570453643799,4466.831673119153,4464.833984535468,,177/65223F88,177/65223F88,0.039378,0.035644,3.5,36.0,0.0,6202359.588589805,0.0,11.986131502108638,236983.79899394093,5995404.045541522,1006.91,1
2026-09-13T21:28:05.238349+00:00,1789334885.2383492,F_lat_centralus_rep3,r3-sub,F01,load,16,1,1000,6,0.1,4143275,4138311,276,919,494290606,221395479,5120.355,,,1,1.0001740455627441,1.999651969447685,0.0,,177/65747BD8,177/65747BD8,0.131312,0.128639,2.1,36.0,0.0,13653687.636251817,0.0,20.996345679200694,215842.43358218312,5458595.955595115,1006.91,1
2026-09-13T21:28:06.238516+00:00,1789334886.2385166,F_lat_centralus_rep3,r3-sub,F01,load,16,1,1000,6,0.1,4147464,4142498,276,919,494290606,221434898,5125.662,,,1,1.0001673698425293,4188.299005055058,4186.299339738727,,177/65D87E70,177/65D87E70,0.025495,0.021682,3.5,36.1,0.0,6818698.755463043,0.0,14.997489872481708,264336.7579984391,6601040.184943716,1006.9,1
2026-09-13T21:28:07.239564+00:00,1789334887.239565,F_lat_centralus_rep3,r3-sub,F01,load,16,1,1000,6,0.1,4151661,4146692,276,919,494290606,221474381,5130.28,,,1,1.0010483264923096,4192.604781335942,4189.607923021906,,177/6631BBC8,177/6631BBC8,0.025895,0.022350,2.7,36.0,0.0,14505113.90481961,0.0,31.966488683047448,228732.21396046062,5897071.94325483,1006.9,1
2026-09-13T21:28:08.240851+00:00,1789334888.2408512,F_lat_centralus_rep3,r3-sub,F01,load,16,1,1000,6,0.1,4155413,4150443,276,919,494290606,221509673,5134.232,,,1,1.001286268234253,3747.1801212420223,3746.181405857896,,177/66849BB0,177/66849BB0,0.106803,0.102432,3.3,36.0,0.0,14006687.642618198,0.0,33.95632306029551,221056.66183790792,5468555.970168338,1006.89,1
2026-09-13T21:28:09.241251+00:00,1789334889.2412512,F_lat_centralus_rep3,r3-sub,F01,load,16,1,1000,6,0.1,4159599,4154627,276,919,494290606,221549118,5139.071,,,1,1.0004000663757324,4184.325991865551,4182.326791678324,,177/66D91DC0,177/66D91DC0,0.167214,0.163823,2.1,36.0,0.0,13372186.237916177,0.0,14.994001404200494,227096.14646773986,5696612.976692464,1006.89,1
2026-09-13T21:28:10.242243+00:00,1789334890.242243,F_lat_centralus_rep3,r3-sub,F01,load,16,1,1000,6,0.1,4163871,4158897,276,919,494290606,221589339,5143.923,,,1,1.0009918212890625,4267.767137696072,4265.769119373181,,177/67407D28,177/67407D28,0.043272,0.040320,7.0,36.1,0.0,7545540.1726193195,0.0,14.985137421685645,267196.9883385924,6688446.256611942,1006.88,1
2026-09-13T21:28:11.243281+00:00,1789334891.2432816,F_lat_centralus_rep3,r3-sub,F01,load,16,1,1000,6,0.1,4168116,4163140,276,919,494290606,221629309,5149.271,,,1,1.0010385513305664,4240.595923461295,4238.597998409016,,177/679B3190,177/67907B68,0.002907,-0.000193,2.1,36.1,0.0,14321126.774732891,0.0,18.98028799664655,248292.13587192105,6320382.957869415,1006.88,1
2026-09-13T21:28:12.243595+00:00,1789334892.2435951,F_lat_centralus_rep3,r3-sub,F01,load,16,1,1000,6,0.1,4172188,4167210,276,919,494290606,221667644,5153.125,,,1,1.0003135204315186,4070.723744934895,4068.72437177923,,177/67F29C78,177/67F29C78,0.139106,0.142126,3.7,36.3,0.0,8168958.864491747,0.0,17.99435840098922,224836.50916062683,5406008.106005812,1006.87,1
2026-09-13T21:28:13.243908+00:00,1789334893.2439086,F_lat_centralus_rep3,r3-sub,F01,load,16,1,1000,6,0.1,4176174,4171238,289,970,494290606,221816926,5157.399,,,1,1.0003135204315186,3984.75069924128,4026.737535510255,,177/6851FF00,177/6851FF00,0.139339,0.135087,10.3,36.1,0.0,9421942.028669428,0.0,27.991224179316568,254380.24659531764,6297966.458838136,1006.87,1
2026-09-13T21:28:14.244996+00:00,1789334894.2449968,F_lat_centralus_rep3,r3-sub,F01,load,16,1,1000,6,0.1,4180290,4175352,289,970,494290606,221855729,5162.743,,,1,1.0010881423950195,4111.526074170467,4109.528248089723,,177/68B4BC98,177/68B4BC98,0.109884,0.106131,3.5,36.1,0.0,16578951.739746999,0.0,28.968478170783172,277435.1110937519,6522904.1514541535,1006.86,1
2026-09-13T21:28:15.246318+00:00,1789334895.246318,F_lat_centralus_rep3,r3-sub,F01,load,16,1,1000,6,0.1,4184495,4179555,289,970,494290606,221895277,5168.37,,,1,1.0013213157653809,4199.451198924913,4197.4538380693,,177/69124EE8,177/69111B88,-0.003533,-0.000167,3.1,36.1,0.0,23013687.651686277,0.0,22.969649839541734,276094.19239086384,6767872.503363218,1006.86,1
2026-09-13T21:28:16.246681+00:00,1789334896.246681,F_lat_centralus_rep3,r3-sub,F01,load,16,1,1000,6,0.1,4189077,4184135,289,970,494290606,221938403,5174.267,,,1,1.0003628730773926,4580.337918683949,4578.338644166845,,177/69755FF8,177/69755FF8,0.125084,0.121650,4.5,36.1,0.0,7284140.781418486,0.0,23.991294205241115,256754.8305844904,5951744.272240079,1006.85,1
2026-09-13T21:28:17.247879+00:00,1789334897.2478797,F_lat_centralus_rep3,r3-sub,F01,load,16,1,1000,6,0.1,4193306,4188362,289,970,494290606,221978202,5180.091,,,1,1.0011987686157227,4223.936477515947,4221.938872182528,,177/69DA3F68,177/69DA3F68,0.088389,0.089405,3.1,36.1,0.0,15092052.121569812,0.0,22.972461334326507,285191.1218336631,6677924.713435375,1006.85,1
2026-09-13T21:28:18.248881+00:00,1789334898.248881,F_lat_centralus_rep3,r3-sub,F01,load,16,1,1000,6,0.1,4197738,4192792,289,970,494290606,222019902,5185.618,,,1,1.0010013580322266,4427.566420801314,4425.568421513949,,177/6A43BC78,177/6A43BC78,0.020760,0.017271,3.3,36.1,0.0,23974456.98492987,0.0,25.97399073574778,280971.64678466425,6952475.083231551,1006.84,1
2026-09-13T21:28:19.250058+00:00,1789334899.2500584,F_lat_centralus_rep3,r3-sub,F01,load,16,1,1000,6,0.1,4201976,4197028,289,970,494290606,222059797,5191.408,,,1,1.0011773109436035,4233.01642344023,4231.018775293255,,177/6A9AC9C8,177/6A97DFE8,-0.000732,-0.000204,2.7,36.1,0.0,5343085.526936528,0.0,9.988240734875484,263905.3014005861,6538319.3650587415,1006.84,1
2026-09-13T21:28:20.250511+00:00,1789334900.2505116,F_lat_centralus_rep3,r3-sub,F01,load,16,1,1000,6,0.1,4206209,4201259,289,970,494290606,222099619,5196.689,,,1,1.000453233718872,4231.082330820348,4229.083236877131,,177/6AFC3BE8,177/6AFC3BE8,0.129109,0.125665,3.5,36.1,0.0,14526024.315978844,0.0,16.992298517350797,225647.7288407025,5664988.436223683,1006.83,1
2026-09-13T21:28:21.251683+00:00,1789334901.2516835,F_lat_centralus_rep3,r3-sub,F01,load,16,1,1000,6,0.1,4210556,4205604,289,970,494290606,222140539,5202.284,,1312232,1,1.0011718273162842,4341.912028879656,4339.914369791144,119967,177/6B63BF98,177/6B63BF98,0.126674,0.123135,6.0,36.1,0.0,15922973.025252553,0.0,19.97659088511459,271712.59975343035,6830501.8313700715,1006.83,1
2026-09-13T21:28:22.252923+00:00,1789334902.2529237,F_lat_centralus_rep3,r3-sub,F01,load,16,1,1000,6,0.1,4214767,4209809,289,970,494290606,222186297,5207.266,,,1,1.0012402534484863,4205.783762185361,4199.791194488113,,177/6BC77E48,177/6BC77E48,0.032407,0.031219,3.1,36.1,0.0,14494151.578521855,0.0,22.9715095061181,275520.2850163805,6606415.370554537,1006.82,1
2026-09-13T21:28:23.254085+00:00,1789334903.254085,F_lat_centralus_rep3,r3-sub,F01,load,16,1,1000,6,0.1,4214772,4209809,289,970,494290606,222194773,5207.266,,,1,1.0011613368988037,4.994200051200534,0.0,,177/6C20BD28,177/6C20BD28,0.118264,0.121033,2.5,36.1,0.0,6455990.420106807,0.0,11.98608012288128,257674.7528016813,5898531.817351742,1006.82,1
2026-09-13T21:28:24.255250+00:00,1789334904.2552507,F_lat_centralus_rep3,r3-sub,F01,load,16,1,1000,6,0.1,4219224,4214259,289,970,494290606,222236656,5212.392,,,1,1.0011656284332275,4446.8166640590225,4444.818992601674,,177/6C840000,177/6C840000,0.085548,0.082619,3.7,36.1,0.0,14548417.950378561,0.0,19.976714573490668,275507.8602045679,6563074.893294973,1006.81,1
2026-09-13T21:28:25.256573+00:00,1789334905.256573,F_lat_centralus_rep3,r3-sub,F01,load,16,1,1000,6,0.1,4223400,4218433,289,970,494290606,222275969,5217.614,,,1,1.0013222694396973,4170.485494481945,4168.48813552865,,177/6CE75C88,177/6CE75C88,0.055720,0.052735,3.3,36.1,0.0,24077219.428556733,0.0,28.96170482279129,267890.7762134362,6558500.894696715,1006.81,1
2026-09-13T21:28:26.257735+00:00,1789334906.2577357,F_lat_centralus_rep3,r3-sub,F01,load,16,1,1000,6,0.1,4227575,4222606,289,970,494290606,222315261,5222.381,,,1,1.0011627674102783,4170.151084223328,4168.153407057233,,177/6D41E000,177/6D41E000,0.122327,0.125807,2.9,36.1,0.0,5298159.472830535,0.0,11.986062996570045,247377.35767046,5968848.61735086,1006.8,1
2026-09-13T21:28:27.258907+00:00,1789334907.2589068,F_lat_centralus_rep3,r3-sub,F01,load,16,1,1000,6,0.1,4232059,4227088,289,970,494290606,222357485,5227.195,,,1,1.0011711120605469,4478.754876148309,4476.757215632632,,177/6DA4FFA8,177/6DA4FFA8,0.086528,0.086722,2.9,36.1,0.0,15804339.347581072,0.0,23.971926188126545,265525.0404227837,6539703.274622692,1006.79,1
2026-09-13T21:28:28.260131+00:00,1789334908.2601314,F_lat_centralus_rep3,r3-sub,F01,load,16,1,1000,6,0.1,4236228,4231255,289,970,494290606,222396750,5232.332,,,1,1.0012245178222656,4163.90122873526,4161.9036747756845,,177/6DFFFBE8,177/6DFFFBE8,0.065318,0.066768,8.4,36.1,0.0,14441196.497513954,0.0,18.976762615967843,238442.02349265615,6018704.988474654,1006.79,1
2026-09-13T21:28:29.261921+00:00,1789334909.261922,F_lat_centralus_rep3,r3-sub,F01,load,16,1,1000,6,0.1,4240752,4235777,289,970,494290606,222439313,5237.831,,,1,1.0017905235290527,4515.914149460209,4513.917724106778,,177/6E633FE0,177/6E633FE0,0.101740,0.102609,2.9,36.1,0.0,6570507.351988451,0.0,12.976764797299452,275998.8176230552,6554242.474634051,1006.78,1
2026-09-13T21:28:30.262546+00:00,1789334910.2625465,F_lat_centralus_rep3,r3-sub,F01,load,16,1,1000,6,0.1,4244919,4239942,289,970,494290606,222478528,5242.946,,,1,1.000624656677246,4164.398680557475,4162.399929090925,,177/6EC5DE60,177/6EC5DE60,0.073404,0.074543,3.7,36.1,0.0,14498975.118379079,0.0,16.989387465677243,273929.8878664469,6532005.738999324,1006.78,1
2026-09-13T21:28:31.263788+00:00,1789334911.2637882,F_lat_centralus_rep3,r3-sub,F01,load,16,1,1000,6,0.1,4249078,4244099,289,970,494290606,222517683,5248.049,,,1,1.001241683959961,4153.842240717493,4151.844721005678,,177/6F213FC8,177/6F213FC8,0.126823,0.123690,2.5,36.1,0.0,14837768.181247726,0.0,17.97767740632721,251016.31706541142,6041980.769392253,1006.77,1
2026-09-13T21:28:32.264810+00:00,1789334912.26481,F_lat_centralus_rep3,r3-sub,F01,load,16,1,1000,6,0.1,4253615,4248634,289,970,494290606,222560408,5253.654,,,1,1.0010218620300293,4532.368544678095,4530.370586315882,,177/6F845ED8,177/6F845ED8,0.096643,0.093620,4.1,36.1,0.0,14660986.494578417,0.0,17.981625259908682,276358.59964035545,6559560.034666876,1006.77,1
2026-09-13T21:28:33.265765+00:00,1789334913.2657654,F_lat_centralus_rep3,r3-sub,F01,load,16,1,1000,6,0.1,4257784,4252801,289,970,494290606,222599648,5258.677,,,1,1.00095534324646,4165.020975339845,4163.022884202719,,177/6FE79FC8,177/6FE79FC8,0.062108,0.059052,2.3,36.1,0.0,7112053.547674768,0.0,12.987592391321176,263154.5970329497,6546835.524895607,1006.76,1
2026-09-13T21:28:34.267290+00:00,1789334914.2672906,F_lat_centralus_rep3,r3-sub,F01,load,16,1,1000,6,0.1,4262268,4257283,289,970,494290606,222641868,5264.46,,,1,1.0015251636505127,4477.171580648087,4475.174626330225,,177/70423D88,177/70423D88,0.131004,0.127440,3.9,36.1,0.0,17675953.278571364,0.0,92.85837578061376,237043.46991609258,5967496.591114674,1006.76,1
2026-09-13T21:28:35.268534+00:00,1789334915.2685344,F_lat_centralus_rep3,r3-sub,F01,load,16,1,1000,6,0.1,4266449,4261462,289,970,494290606,222681239,5269.933,,,1,1.0012438297271729,4175.806008351905,4173.808492920978,,177/70A5BB88,177/70A5BB88,0.100996,0.096782,2.5,36.1,0.0,23956378.34445976,0.0,29.962731463897907,287705.14378949406,6556167.244285241,1006.75,1
2026-09-13T21:28:36.269481+00:00,1789334916.2694817,F_lat_centralus_rep3,r3-sub,F01,load,16,1,1000,6,0.1,4270614,4265625,289,970,494290606,222720447,5274.967,,,1,1.0009472370147705,4161.058491376343,4159.060384057555,,177/7106D7E0,177/70FFFEA0,0.001685,-0.000181,3.5,36.1,0.0,6023606.217228639,0.0,10.98959025333488,285371.6853766438,7054752.477323435,1006.74,1
2026-09-13T21:28:37.271026+00:00,1789334917.2710266,F_lat_centralus_rep3,r3-sub,F01,load,16,1,1000,6,0.1,4275105,4270114,289,970,494290606,222762711,5280.64,,,1,1.0015449523925781,4484.072321738037,4482.075406876431,,177/71633FF8,177/71633FF8,0.132684,0.129604,2.3,36.1,0.0,15164539.508404145,0.0,31.950637785708572,230898.27316043864,5471566.689951209,1006.74,1
2026-09-13T21:28:38.272188+00:00,1789334918.2721887,F_lat_centralus_rep3,r3-sub,F01,load,16,1,1000,6,0.1,4279285,4274292,289,970,494290606,222802064,5285.837,,,1,1.001162052154541,4175.148259968975,4173.1505813756885,,177/71C61C98,177/71C61C98,0.106325,0.102812,3.5,36.1,0.0,14753032.207137683,0.0,16.98026804293602,282881.2772023477,6549018.698711034,1006.73,1
2026-09-13T21:28:39.273215+00:00,1789334919.2732158,F_lat_centralus_rep3,r3-sub,F01,load,16,1,1000,6,0.1,4279287,4274292,289,970,494290606,222802064,5285.837,,,1,1.0010271072387695,1.9979478932561523,0.0,,177/7221BCF8,177/7221BCF8,0.150640,0.150501,2.7,36.1,0.0,6244082.657503003,0.0,12.98666130616499,256647.39560216566,6279687.087934774,1006.73,1
2026-09-13T21:28:40.274535+00:00,1789334920.2745354,F_lat_centralus_rep3,r3-sub,F01,load,16,1,1000,6,0.1,4283838,4278841,289,970,494290606,222844891,5290.921,,,1,1.0013196468353271,4545.002202227276,4543.0048380426015,,177/72851C48,177/72851C48,0.112908,0.114291,3.5,36.1,0.0,14603448.605263202,0.0,16.977595569734934,283911.33730221563,6348219.592105316,1006.72,1
2026-09-13T21:28:41.275710+00:00,1789334921.2757108,F_lat_centralus_rep3,r3-sub,F01,load,16,1,1000,6,0.1,4288015,4283016,289,970,494290606,222884184,5296.018,,,1,1.0011754035949707,4172.096103241686,4170.098451288974,,177/72E87BA8,177/72E87BA8,0.084790,0.088149,3.3,36.1,0.0,22943400.244871326,0.0,21.974171479846085,282385.0835576203,6564984.493625266,1006.72,1
2026-09-13T21:28:42.277161+00:00,1789334922.2771614,F_lat_centralus_rep3,r3-sub,F01,load,16,1,1000,6,0.1,4292193,4287192,289,970,494290606,222923503,5300.36,,,1,1.001450538635254,4171.948427621448,4169.951324496689,,177/7343B9B0,177/7342E000,-0.004673,-0.000157,3.5,36.1,0.0,6462306.175220003,0.0,16.975376560451082,265346.1052226604,6488837.690232426,1006.71,1
2026-09-13T21:28:43.278209+00:00,1789334923.2782097,F_lat_centralus_rep3,r3-sub,F01,load,16,1,1000,6,0.1,4296686,4291683,289,970,494290606,222965798,5305.266,,,1,1.0010483264923096,4488.29480165413,4486.29689611144,,177/73A61FF8,177/73A61FF8,0.126713,0.123670,2.7,36.1,0.0,15515766.411022838,0.0,18.98010265555942,247843.17942906628,6032586.87935721,1006.71,1
2026-09-13T21:28:44.279364+00:00,1789334924.2793648,F_lat_centralus_rep3,r3-sub,F01,load,16,1,1000,6,0.1,4300859,4295854,289,970,494290606,223005094,5309.982,,,1,1.001155138015747,4168.1851708524755,4166.187478462898,,177/7410BE30,177/7410BE30,0.018546,0.015185,3.7,36.1,0.0,23872583.870836686,0.0,23.97230867492437,290277.68920607487,7061541.9444501735,1006.7,1
2026-09-13T21:28:45.280675+00:00,1789334925.2806752,F_lat_centralus_rep3,r3-sub,F01,load,16,1,1000,6,0.1,4305351,4300344,289,970,494290606,223047375,5315.813,,,1,1.0013103485107422,4486.121617219867,4484.124234487356,,177/7465E3A0,177/74633C40,-0.004035,-0.000160,3.3,36.1,0.0,5497819.939829515,0.0,11.984296395066432,241504.54487927997,5897450.284802133,1006.7,1
2026-09-13T21:28:46.280988+00:00,1789334926.2809885,F_lat_centralus_rep3,r3-sub,F01,load,16,1,1000,6,0.1,4309531,4304522,289,970,494290606,223086698,5320.718,,,1,1.0003132820129395,4178.69089130612,4176.691517673916,,177/74C63F50,177/74C63F50,0.131369,0.127728,9.2,36.1,0.0,14986664.947438018,0.0,25.991857218650505,250457.53615891628,6137370.272286943,1006.69,1
2026-09-13T21:28:47.282883+00:00,1789334927.2828834,F_lat_centralus_rep3,r3-sub,F01,load,16,1,1000,6,0.1,4313706,4308695,289,970,494290606,223126000,5325.353,,,1,1.0018949508666992,4167.103543528565,4165.107326262204,,177/7530FFA8,177/7530FFA8,0.018719,0.015544,3.3,36.1,0.0,15707067.87811107,0.0,25.95082446269286,286648.8145803726,7070705.3607484745,1006.69,1
2026-09-13T21:28:48.283398+00:00,1789334928.2833984,F_lat_centralus_rep3,r3-sub,F01,load,16,1,1000,6,0.1,4318197,4313184,289,970,494290606,223168290,5330.545,,,1,1.0005149841308594,4488.688396707323,4486.689426145441,,177/75868080,177/7583BB90,-0.000923,-0.000184,3.7,36.1,0.0,5297495.873691755,0.0,9.994852809412878,257189.55146237405,6365846.689975179,1006.68,1
2026-09-13T21:28:49.284406+00:00,1789334929.284406,F_lat_centralus_rep3,r3-sub,F01,load,16,1,1000,6,0.1,4322378,4317363,289,970,494290606,223207658,5335.584,,,1,1.0010075569152832,4176.791644694691,4174.793657780223,,177/75E73B60,177/75E73B60,0.130089,0.127375,2.9,36.1,0.0,23029084.886270195,0.0,21.97785605914451,242410.75736507776,5678409.679060052,1006.68,1
2026-09-13T21:28:50.285674+00:00,1789334930.285674,F_lat_centralus_rep3,r3-sub,F01,load,16,1,1000,6,0.1,4326867,4321850,289,970,494290606,223249932,5340.982,,,1,1.0012681484222412,4483.314491800812,4481.317024885329,,177/7651FD00,177/7651FD00,0.026229,0.027816,3.3,36.1,0.0,15737354.698468886,0.0,19.97466915482652,295883.77545698744,7062149.146701978,1006.67,1
2026-09-13T21:28:51.285942+00:00,1789334931.2859423,F_lat_centralus_rep3,r3-sub,F01,load,16,1,1000,6,0.1,4331050,4326031,289,970,494290606,223289296,5345.774,,1433353,1,1.0002682209014893,4181.878332823651,4179.878869121609,121121,177/76B55FF8,177/76B55FF8,0.037535,0.037342,5.4,36.1,0.0,14602419.325924477,0.0,16.995441467368416,277314.61842305044,6581168.792973496,1006.66,1
2026-09-13T21:28:52.287194+00:00,1789334932.2871943,F_lat_centralus_rep3,r3-sub,F01,load,16,1,1000,6,0.1,4333153,4328128,289,970,494290606,223328038,5348.21,,,1,1.0012519359588623,2100.370470680822,2094.377972904272,,177/76B578F8,177/76B578F8,0.765379,0.772261,0.6,36.1,0.0,850902.7242819775,0.0,5.992497776550135,668.16350208534,9746.797633558794,1006.66,1
2026-09-13T21:28:53.288400+00:00,1789334933.2884004,F_lat_centralus_rep3,r3-sub,F01,load,16,1,1000,6,0.1,4333158,4328128,289,970,494290606,223354892,5348.21,,,1,1.0012061595916748,4.993976467383267,0.0,,177/76B578F8,177/76B578F8,1.766852,1.773734,0.0,36.1,0.0,8378502.189220604,0.0,4.993976467383267,2601.861739506682,393.52534562980145,1006.66,1
2026-09-13T21:28:54.288631+00:00,1789334934.288631,F_lat_centralus_rep3,r3-sub,F01,drain,0,0,0,0,0,4333160,4328128,289,970,494290606,223354892,5348.21,,,1,1.0002305507659912,1.9995390047508255,0.0,,177/76B578F8,177/76B578F8,2.766760,2.773642,0.6,36.1,0.0,8386674.445782406,0.0,4.998847511877064,446.8969675618095,1570.6378882317733,1006.66,1
2026-09-13T21:28:55.289811+00:00,1789334935.2898116,F_lat_centralus_rep3,r3-sub,F01,drain,0,0,0,0,0,4333163,4328128,289,970,494290606,223354892,5348.21,,,1,1.001180648803711,2.9964622304522517,0.0,,177/76B578F8,177/76B578F8,3.768002,3.774884,0.0,36.1,0.0,7323193.879906345,0.0,29.964622304522514,116.8620269876378,65.92216906994953,1006.66,1
2026-09-13T21:28:56.291649+00:00,1789334936.2916496,F_lat_centralus_rep3,r3-sub,F01,drain,0,0,0,0,0,4333164,4328128,289,970,494290606,223354892,5348.21,,,1,1.001837968826294,0.9981654031056068,0.0,,177/76B578F8,177/76B578F8,4.770161,4.777043,0.6,36.1,0.0,0.0,0.0,0.0,65.87891660497004,59.88992418633641,1006.66,1
2026-09-13T21:28:57.292310+00:00,1789334937.2923105,F_lat_centralus_rep3,r3-sub,F01,drain,0,0,0,0,0,4333166,4328128,289,970,494290606,223354892,5348.21,,,1,1.0006608963012695,1.9986790803883465,0.0,,177/76B578F8,177/76B578F8,5.770434,5.777316,0.4,36.1,0.0,9078927.770217171,0.0,20.98613034407764,407.7305323992227,1486.0178962687357,1006.66,1
2026-09-13T21:28:58.293486+00:00,1789334938.293486,F_lat_centralus_rep3,r3-sub,F01,drain,0,0,0,0,0,4333168,4328128,289,970,494290606,223354892,5348.21,,,1,1.0011756420135498,1.9976514769952145,0.0,,177/76B578F8,177/76B578F8,6.771706,6.778588,0.6,36.0,0.0,8378757.580566936,0.0,7.990605907980858,65.92249874084209,59.92954430985644,1006.66,1
2026-09-13T21:28:59.295061+00:00,1789334939.2950618,F_lat_centralus_rep3,r3-sub,F01,drain,0,0,0,0,0,4333170,4328128,289,970,494290606,223354892,5348.21,,,1,1.0015757083892822,1.9968535411230843,0.0,,177/76B578F8,177/76B578F8,7.773470,7.780352,0.0,36.0,0.0,0.0,0.0,0.0,116.81593215570044,151.76086912535442,1006.66,1
2026-09-13T21:29:00.295830+00:00,1789334940.2958305,F_lat_centralus_rep3,r3-sub,F01,drain,0,0,0,0,0,4333172,4328128,289,970,494290606,223354892,5348.21,,,1,1.0007686614990234,1.9984638577753382,0.0,,177/76B578F8,177/76B578F8,8.774056,8.780938,0.6,36.0,0.0,8382164.952522532,0.0,7.993855431101353,682.475407430278,1684.7050321046102,1006.66,1
2026-09-13T21:29:01.296103+00:00,1789334941.2961035,F_lat_centralus_rep3,r3-sub,F01,drain,0,0,0,0,0,4333174,4328128,289,970,494290606,223354892,5348.21,,,1,1.0002729892730713,1.9994541704594668,0.0,,177/76B578F8,177/76B578F8,9.774393,9.781275,0.0,36.0,0.0,8386318.624974824,0.0,7.997816681837867,0.0,0.0,1006.66,1
2026-09-13T21:29:02.297244+00:00,1789334942.297245,F_lat_centralus_rep3,r3-sub,F01,drain,0,0,0,0,0,4333177,4328128,289,970,494290609,223354942,5348.21,,,1,1.0011415481567383,2.9965792604686916,0.0,,177/76B78C58,177/76B78C58,0.220413,0.227605,4.3,36.0,24547.97730175952,53187.2841538123,2.9965792604686916,4.99429876744782,6974.038798864135,17093.486961466908,1006.66,1
